strategy_id,walk_forward_preset,fold,valid_start,valid_end,date,benchmark_symbol,benchmark_weight_date,asof_status,benchmark_member_count,benchmark_weight_sum,core_member_count,core_weight_sum,reachable_core_member_count,reachable_core_weight_sum,reachable_core_weight_ratio,top_n,top_n_weight_sum,reachable_top_n_member_count,reachable_top_n_weight_sum,reachable_top_n_weight_ratio,panel_overlap_core_member_count,panel_overlap_core_weight_sum,min_amount,min_amount_ratio20,core_top_n,core_cumulative_weight
strong_market_effective_participation_v1,baseline_2y_1y_5fold,1,2021-04-01,2022-03-31,2021-04-01,SH.000300,2021-03-31,available,300,1.00006,60,0.60831,58,0.5992099999999999,0.9850405221022175,20,0.36737999999999993,20,0.36737999999999993,1.0,59,0.60371,0.0,0.0,60,0.6
strong_market_effective_participation_v1,baseline_2y_1y_5fold,1,2021-04-01,2022-03-31,2021-04-02,SH.000300,2021-04-01,available,300,1.0000019999999998,60,0.609741,58,0.600775,0.9852953959140028,20,0.367798,20,0.367798,1.0,59,0.605232,0.0,0.0,60,0.6
strong_market_effective_participation_v1,baseline_2y_1y_5fold,1,2021-04-01,2022-03-31,2021-04-06,SH.000300,2021-04-01,available,300,1.0000019999999998,60,0.609741,58,0.600775,0.9852953959140028,20,0.367798,20,0.367798,1.0,59,0.605232,0.0,0.0,60,0.6
strong_market_effective_participation_v1,baseline_2y_1y_5fold,1,2021-04-01,2022-03-31,2021-04-07,SH.000300,2021-04-01,available,300,1.0000019999999998,60,0.609741,58,0.600775,0.9852953959140028,20,0.367798,20,0.367798,1.0,59,0.605232,0.0,0.0,60,0.6
strong_market_effective_participation_v1,baseline_2y_1y_5fold,1,2021-04-01,2022-03-31,2021-04-08,SH.000300,2021-04-01,available,300,1.0000019999999998,60,0.609741,58,0.600775,0.9852953959140028,20,0.367798,20,0.367798,1.0,59,0.605232,0.0,0.0,60,0.6
strong_market_effective_participation_v1,baseline_2y_1y_5fold,1,2021-04-01,2022-03-31,2021-04-09,SH.000300,2021-04-01,available,300,1.0000019999999998,60,0.609741,58,0.600775,0.9852953959140028,20,0.367798,20,0.367798,1.0,59,0.605232,0.0,0.0,60,0.6
strong_market_effective_participation_v1,baseline_2y_1y_5fold,1,2021-04-01,2022-03-31,2021-04-12,SH.000300,2021-04-01,available,300,1.0000019999999998,60,0.609741,58,0.600775,0.9852953959140028,20,0.367798,20,0.367798,1.0,59,0.605232,0.0,0.0,60,0.6
strong_market_effective_participation_v1,baseline_2y_1y_5fold,1,2021-04-01,2022-03-31,2021-04-13,SH.000300,2021-04-01,available,300,1.0000019999999998,60,0.609741,58,0.600775,0.9852953959140028,20,0.367798,20,0.367798,1.0,59,0.605232,0.0,0.0,60,0.6
strong_market_effective_participation_v1,baseline_2y_1y_5fold,1,2021-04-01,2022-03-31,2021-04-14,SH.000300,2021-04-01,available,300,1.0000019999999998,60,0.609741,58,0.600775,0.9852953959140028,20,0.367798,20,0.367798,1.0,59,0.605232,0.0,0.0,60,0.6
strong_market_effective_participation_v1,baseline_2y_1y_5fold,1,2021-04-01,2022-03-31,2021-04-15,SH.000300,2021-04-01,available,300,1.0000019999999998,60,0.609741,58,0.600775,0.9852953959140028,20,0.367798,20,0.367798,1.0,59,0.605232,0.0,0.0,60,0.6
strong_market_effective_participation_v1,baseline_2y_1y_5fold,1,2021-04-01,2022-03-31,2021-04-16,SH.000300,2021-04-01,available,300,1.0000019999999998,60,0.609741,58,0.600775,0.9852953959140028,20,0.367798,20,0.367798,1.0,59,0.605232,0.0,0.0,60,0.6
strong_market_effective_participation_v1,baseline_2y_1y_5fold,1,2021-04-01,2022-03-31,2021-04-19,SH.000300,2021-04-01,available,300,1.0000019999999998,60,0.609741,58,0.600775,0.9852953959140028,20,0.367798,20,0.367798,1.0,59,0.605232,0.0,0.0,60,0.6
strong_market_effective_participation_v1,baseline_2y_1y_5fold,1,2021-04-01,2022-03-31,2021-04-20,SH.000300,2021-04-01,available,300,1.0000019999999998,60,0.609741,58,0.600775,0.9852953959140028,20,0.367798,20,0.367798,1.0,59,0.605232,0.0,0.0,60,0.6
strong_market_effective_participation_v1,baseline_2y_1y_5fold,1,2021-04-01,2022-03-31,2021-04-21,SH.000300,2021-04-01,available,300,1.0000019999999998,60,0.609741,58,0.600775,0.9852953959140028,20,0.367798,20,0.367798,1.0,59,0.605232,0.0,0.0,60,0.6
strong_market_effective_participation_v1,baseline_2y_1y_5fold,1,2021-04-01,2022-03-31,2021-04-22,SH.000300,2021-04-01,available,300,1.0000019999999998,60,0.609741,58,0.600775,0.9852953959140028,20,0.367798,20,0.367798,1.0,59,0.605232,0.0,0.0,60,0.6
strong_market_effective_participation_v1,baseline_2y_1y_5fold,1,2021-04-01,2022-03-31,2021-04-23,SH.000300,2021-04-01,available,300,1.0000019999999998,60,0.609741,58,0.600775,0.9852953959140028,20,0.367798,20,0.367798,1.0,59,0.605232,0.0,0.0,60,0.6
strong_market_effective_participation_v1,baseline_2y_1y_5fold,1,2021-04-01,2022-03-31,2021-04-26,SH.000300,2021-04-01,available,300,1.0000019999999998,60,0.609741,58,0.600775,0.9852953959140028,20,0.367798,20,0.367798,1.0,59,0.605232,0.0,0.0,60,0.6
strong_market_effective_participation_v1,baseline_2y_1y_5fold,1,2021-04-01,2022-03-31,2021-04-27,SH.000300,2021-04-01,available,300,1.0000019999999998,60,0.609741,58,0.600775,0.9852953959140028,20,0.367798,20,0.367798,1.0,59,0.605232,0.0,0.0,60,0.6
strong_market_effective_participation_v1,baseline_2y_1y_5fold,1,2021-04-01,2022-03-31,2021-04-28,SH.000300,2021-04-01,available,300,1.0000019999999998,60,0.609741,58,0.600775,0.9852953959140028,20,0.367798,20,0.367798,1.0,59,0.605232,0.0,0.0,60,0.6
strong_market_effective_participation_v1,baseline_2y_1y_5fold,1,2021-04-01,2022-03-31,2021-04-29,SH.000300,2021-04-01,available,300,1.0000019999999998,60,0.609741,58,0.600775,0.9852953959140028,20,0.367798,20,0.367798,1.0,59,0.605232,0.0,0.0,60,0.6
strong_market_effective_participation_v1,baseline_2y_1y_5fold,1,2021-04-01,2022-03-31,2021-04-30,SH.000300,2021-04-01,available,300,1.0000019999999998,60,0.609741,58,0.600775,0.9852953959140028,20,0.367798,20,0.367798,1.0,59,0.605232,0.0,0.0,60,0.6
strong_market_effective_participation_v1,baseline_2y_1y_5fold,1,2021-04-01,2022-03-31,2021-05-06,SH.000300,2021-04-30,available,300,0.9999899999999999,60,0.61178,59,0.60735,0.9927588348752819,20,0.3627599999999999,20,0.3627599999999999,1.0,60,0.61178,0.0,0.0,60,0.6
strong_market_effective_participation_v1,baseline_2y_1y_5fold,1,2021-04-01,2022-03-31,2021-05-07,SH.000300,2021-05-06,available,300,0.9999990000000001,60,0.6091660000000001,59,0.6046720000000001,0.9926227005446792,20,0.36013199999999995,20,0.36013199999999995,1.0,60,0.6091660000000001,0.0,0.0,60,0.6
strong_market_effective_participation_v1,baseline_2y_1y_5fold,1,2021-04-01,2022-03-31,2021-05-10,SH.000300,2021-05-06,available,300,0.9999990000000001,60,0.6091660000000001,59,0.6046720000000001,0.9926227005446792,20,0.36013199999999995,20,0.36013199999999995,1.0,60,0.6091660000000001,0.0,0.0,60,0.6
strong_market_effective_participation_v1,baseline_2y_1y_5fold,1,2021-04-01,2022-03-31,2021-05-11,SH.000300,2021-05-06,available,300,0.9999990000000001,60,0.6091660000000001,59,0.6046720000000001,0.9926227005446792,20,0.36013199999999995,20,0.36013199999999995,1.0,60,0.6091660000000001,0.0,0.0,60,0.6
strong_market_effective_participation_v1,baseline_2y_1y_5fold,1,2021-04-01,2022-03-31,2021-05-12,SH.000300,2021-05-06,available,300,0.9999990000000001,60,0.6091660000000001,59,0.6046720000000001,0.9926227005446792,20,0.36013199999999995,20,0.36013199999999995,1.0,60,0.6091660000000001,0.0,0.0,60,0.6
strong_market_effective_participation_v1,baseline_2y_1y_5fold,1,2021-04-01,2022-03-31,2021-05-13,SH.000300,2021-05-06,available,300,0.9999990000000001,60,0.6091660000000001,59,0.6046720000000001,0.9926227005446792,20,0.36013199999999995,20,0.36013199999999995,1.0,60,0.6091660000000001,0.0,0.0,60,0.6
strong_market_effective_participation_v1,baseline_2y_1y_5fold,1,2021-04-01,2022-03-31,2021-05-14,SH.000300,2021-05-06,available,300,0.9999990000000001,60,0.6091660000000001,59,0.6046720000000001,0.9926227005446792,20,0.36013199999999995,20,0.36013199999999995,1.0,60,0.6091660000000001,0.0,0.0,60,0.6
strong_market_effective_participation_v1,baseline_2y_1y_5fold,1,2021-04-01,2022-03-31,2021-05-17,SH.000300,2021-05-06,available,300,0.9999990000000001,60,0.6091660000000001,59,0.6046720000000001,0.9926227005446792,20,0.36013199999999995,20,0.36013199999999995,1.0,60,0.6091660000000001,0.0,0.0,60,0.6
strong_market_effective_participation_v1,baseline_2y_1y_5fold,1,2021-04-01,2022-03-31,2021-05-18,SH.000300,2021-05-06,available,300,0.9999990000000001,60,0.6091660000000001,59,0.6046720000000001,0.9926227005446792,20,0.36013199999999995,20,0.36013199999999995,1.0,60,0.6091660000000001,0.0,0.0,60,0.6
strong_market_effective_participation_v1,baseline_2y_1y_5fold,1,2021-04-01,2022-03-31,2021-05-19,SH.000300,2021-05-06,available,300,0.9999990000000001,60,0.6091660000000001,59,0.6046720000000001,0.9926227005446792,20,0.36013199999999995,20,0.36013199999999995,1.0,60,0.6091660000000001,0.0,0.0,60,0.6
strong_market_effective_participation_v1,baseline_2y_1y_5fold,1,2021-04-01,2022-03-31,2021-05-20,SH.000300,2021-05-06,available,300,0.9999990000000001,60,0.6091660000000001,59,0.6046720000000001,0.9926227005446792,20,0.36013199999999995,20,0.36013199999999995,1.0,60,0.6091660000000001,0.0,0.0,60,0.6
strong_market_effective_participation_v1,baseline_2y_1y_5fold,1,2021-04-01,2022-03-31,2021-05-21,SH.000300,2021-05-06,available,300,0.9999990000000001,60,0.6091660000000001,59,0.6046720000000001,0.9926227005446792,20,0.36013199999999995,20,0.36013199999999995,1.0,60,0.6091660000000001,0.0,0.0,60,0.6
strong_market_effective_participation_v1,baseline_2y_1y_5fold,1,2021-04-01,2022-03-31,2021-05-24,SH.000300,2021-05-06,available,300,0.9999990000000001,60,0.6091660000000001,59,0.6046720000000001,0.9926227005446792,20,0.36013199999999995,20,0.36013199999999995,1.0,60,0.6091660000000001,0.0,0.0,60,0.6
strong_market_effective_participation_v1,baseline_2y_1y_5fold,1,2021-04-01,2022-03-31,2021-05-25,SH.000300,2021-05-06,available,300,0.9999990000000001,60,0.6091660000000001,59,0.6046720000000001,0.9926227005446792,20,0.36013199999999995,20,0.36013199999999995,1.0,60,0.6091660000000001,0.0,0.0,60,0.6
strong_market_effective_participation_v1,baseline_2y_1y_5fold,1,2021-04-01,2022-03-31,2021-05-26,SH.000300,2021-05-06,available,300,0.9999990000000001,60,0.6091660000000001,59,0.6046720000000001,0.9926227005446792,20,0.36013199999999995,20,0.36013199999999995,1.0,60,0.6091660000000001,0.0,0.0,60,0.6
strong_market_effective_participation_v1,baseline_2y_1y_5fold,1,2021-04-01,2022-03-31,2021-05-27,SH.000300,2021-05-06,available,300,0.9999990000000001,60,0.6091660000000001,59,0.6046720000000001,0.9926227005446792,20,0.36013199999999995,20,0.36013199999999995,1.0,60,0.6091660000000001,0.0,0.0,60,0.6
strong_market_effective_participation_v1,baseline_2y_1y_5fold,1,2021-04-01,2022-03-31,2021-05-28,SH.000300,2021-05-06,available,300,0.9999990000000001,60,0.6091660000000001,59,0.6046720000000001,0.9926227005446792,20,0.36013199999999995,20,0.36013199999999995,1.0,60,0.6091660000000001,0.0,0.0,60,0.6
strong_market_effective_participation_v1,baseline_2y_1y_5fold,1,2021-04-01,2022-03-31,2021-05-31,SH.000300,2021-05-06,available,300,0.9999990000000001,60,0.6091660000000001,59,0.6046720000000001,0.9926227005446792,20,0.36013199999999995,20,0.36013199999999995,1.0,60,0.6091660000000001,0.0,0.0,60,0.6
strong_market_effective_participation_v1,baseline_2y_1y_5fold,1,2021-04-01,2022-03-31,2021-06-01,SH.000300,2021-05-31,available,300,0.9999899999999999,60,0.6118,60,0.6118,1.0,20,0.36401999999999995,20,0.36401999999999995,1.0,60,0.6118,0.0,0.0,60,0.6
strong_market_effective_participation_v1,baseline_2y_1y_5fold,1,2021-04-01,2022-03-31,2021-06-02,SH.000300,2021-06-01,available,300,0.999992,60,0.6123569999999999,60,0.6123569999999999,1.0,20,0.36286500000000005,20,0.36286500000000005,1.0,60,0.6123569999999999,0.0,0.0,60,0.6
strong_market_effective_participation_v1,baseline_2y_1y_5fold,1,2021-04-01,2022-03-31,2021-06-03,SH.000300,2021-06-01,available,300,0.999992,60,0.6123569999999999,60,0.6123569999999999,1.0,20,0.36286500000000005,20,0.36286500000000005,1.0,60,0.6123569999999999,0.0,0.0,60,0.6
strong_market_effective_participation_v1,baseline_2y_1y_5fold,1,2021-04-01,2022-03-31,2021-06-04,SH.000300,2021-06-01,available,300,0.999992,60,0.6123569999999999,60,0.6123569999999999,1.0,20,0.36286500000000005,20,0.36286500000000005,1.0,60,0.6123569999999999,0.0,0.0,60,0.6
strong_market_effective_participation_v1,baseline_2y_1y_5fold,1,2021-04-01,2022-03-31,2021-06-07,SH.000300,2021-06-01,available,300,0.999992,60,0.6123569999999999,60,0.6123569999999999,1.0,20,0.36286500000000005,20,0.36286500000000005,1.0,60,0.6123569999999999,0.0,0.0,60,0.6
strong_market_effective_participation_v1,baseline_2y_1y_5fold,1,2021-04-01,2022-03-31,2021-06-08,SH.000300,2021-06-01,available,300,0.999992,60,0.6123569999999999,60,0.6123569999999999,1.0,20,0.36286500000000005,20,0.36286500000000005,1.0,60,0.6123569999999999,0.0,0.0,60,0.6
strong_market_effective_participation_v1,baseline_2y_1y_5fold,1,2021-04-01,2022-03-31,2021-06-09,SH.000300,2021-06-01,available,300,0.999992,60,0.6123569999999999,60,0.6123569999999999,1.0,20,0.36286500000000005,20,0.36286500000000005,1.0,60,0.6123569999999999,0.0,0.0,60,0.6
strong_market_effective_participation_v1,baseline_2y_1y_5fold,1,2021-04-01,2022-03-31,2021-06-10,SH.000300,2021-06-01,available,300,0.999992,60,0.6123569999999999,60,0.6123569999999999,1.0,20,0.36286500000000005,20,0.36286500000000005,1.0,60,0.6123569999999999,0.0,0.0,60,0.6
strong_market_effective_participation_v1,baseline_2y_1y_5fold,1,2021-04-01,2022-03-31,2021-06-11,SH.000300,2021-06-01,available,300,0.999992,60,0.6123569999999999,60,0.6123569999999999,1.0,20,0.36286500000000005,20,0.36286500000000005,1.0,60,0.6123569999999999,0.0,0.0,60,0.6
strong_market_effective_participation_v1,baseline_2y_1y_5fold,1,2021-04-01,2022-03-31,2021-06-15,SH.000300,2021-06-01,available,300,0.999992,60,0.6123569999999999,60,0.6123569999999999,1.0,20,0.36286500000000005,20,0.36286500000000005,1.0,60,0.6123569999999999,0.0,0.0,60,0.6
strong_market_effective_participation_v1,baseline_2y_1y_5fold,1,2021-04-01,2022-03-31,2021-06-16,SH.000300,2021-06-01,available,300,0.999992,60,0.6123569999999999,60,0.6123569999999999,1.0,20,0.36286500000000005,20,0.36286500000000005,1.0,60,0.6123569999999999,0.0,0.0,60,0.6
strong_market_effective_participation_v1,baseline_2y_1y_5fold,1,2021-04-01,2022-03-31,2021-06-17,SH.000300,2021-06-01,available,300,0.999992,60,0.6123569999999999,60,0.6123569999999999,1.0,20,0.36286500000000005,20,0.36286500000000005,1.0,60,0.6123569999999999,0.0,0.0,60,0.6
strong_market_effective_participation_v1,baseline_2y_1y_5fold,1,2021-04-01,2022-03-31,2021-06-18,SH.000300,2021-06-01,available,300,0.999992,60,0.6123569999999999,60,0.6123569999999999,1.0,20,0.36286500000000005,20,0.36286500000000005,1.0,60,0.6123569999999999,0.0,0.0,60,0.6
strong_market_effective_participation_v1,baseline_2y_1y_5fold,1,2021-04-01,2022-03-31,2021-06-21,SH.000300,2021-06-01,available,300,0.999992,60,0.6123569999999999,60,0.6123569999999999,1.0,20,0.36286500000000005,20,0.36286500000000005,1.0,60,0.6123569999999999,0.0,0.0,60,0.6
strong_market_effective_participation_v1,baseline_2y_1y_5fold,1,2021-04-01,2022-03-31,2021-06-22,SH.000300,2021-06-01,available,300,0.999992,60,0.6123569999999999,60,0.6123569999999999,1.0,20,0.36286500000000005,20,0.36286500000000005,1.0,60,0.6123569999999999,0.0,0.0,60,0.6
strong_market_effective_participation_v1,baseline_2y_1y_5fold,1,2021-04-01,2022-03-31,2021-06-23,SH.000300,2021-06-01,available,300,0.999992,60,0.6123569999999999,60,0.6123569999999999,1.0,20,0.36286500000000005,20,0.36286500000000005,1.0,60,0.6123569999999999,0.0,0.0,60,0.6
strong_market_effective_participation_v1,baseline_2y_1y_5fold,1,2021-04-01,2022-03-31,2021-06-24,SH.000300,2021-06-01,available,300,0.999992,60,0.6123569999999999,60,0.6123569999999999,1.0,20,0.36286500000000005,20,0.36286500000000005,1.0,60,0.6123569999999999,0.0,0.0,60,0.6
strong_market_effective_participation_v1,baseline_2y_1y_5fold,1,2021-04-01,2022-03-31,2021-06-25,SH.000300,2021-06-01,available,300,0.999992,60,0.6123569999999999,60,0.6123569999999999,1.0,20,0.36286500000000005,20,0.36286500000000005,1.0,60,0.6123569999999999,0.0,0.0,60,0.6
strong_market_effective_participation_v1,baseline_2y_1y_5fold,1,2021-04-01,2022-03-31,2021-06-28,SH.000300,2021-06-01,available,300,0.999992,60,0.6123569999999999,60,0.6123569999999999,1.0,20,0.36286500000000005,20,0.36286500000000005,1.0,60,0.6123569999999999,0.0,0.0,60,0.6
strong_market_effective_participation_v1,baseline_2y_1y_5fold,1,2021-04-01,2022-03-31,2021-06-29,SH.000300,2021-06-01,available,300,0.999992,60,0.6123569999999999,60,0.6123569999999999,1.0,20,0.36286500000000005,20,0.36286500000000005,1.0,60,0.6123569999999999,0.0,0.0,60,0.6
strong_market_effective_participation_v1,baseline_2y_1y_5fold,1,2021-04-01,2022-03-31,2021-06-30,SH.000300,2021-06-01,available,300,0.999992,60,0.6123569999999999,60,0.6123569999999999,1.0,20,0.36286500000000005,20,0.36286500000000005,1.0,60,0.6123569999999999,0.0,0.0,60,0.6
strong_market_effective_participation_v1,baseline_2y_1y_5fold,1,2021-04-01,2022-03-31,2021-07-01,SH.000300,2021-06-30,available,300,0.9999300000000001,61,0.59707,59,0.58702,0.9831678027701944,20,0.35211000000000003,20,0.35211000000000003,1.0,60,0.59221,0.0,0.0,60,0.6
strong_market_effective_participation_v1,baseline_2y_1y_5fold,1,2021-04-01,2022-03-31,2021-07-02,SH.000300,2021-07-01,available,300,1.000008,60,0.596126,58,0.5860209999999999,0.9830488856382709,20,0.35483700000000007,20,0.35483700000000007,1.0,59,0.5912989999999999,0.0,0.0,60,0.6
strong_market_effective_participation_v1,baseline_2y_1y_5fold,1,2021-04-01,2022-03-31,2021-07-05,SH.000300,2021-07-01,available,300,1.000008,60,0.596126,58,0.5860209999999999,0.9830488856382709,20,0.35483700000000007,20,0.35483700000000007,1.0,59,0.5912989999999999,0.0,0.0,60,0.6
strong_market_effective_participation_v1,baseline_2y_1y_5fold,1,2021-04-01,2022-03-31,2021-07-06,SH.000300,2021-07-01,available,300,1.000008,60,0.596126,58,0.5860209999999999,0.9830488856382709,20,0.35483700000000007,20,0.35483700000000007,1.0,59,0.5912989999999999,0.0,0.0,60,0.6
strong_market_effective_participation_v1,baseline_2y_1y_5fold,1,2021-04-01,2022-03-31,2021-07-07,SH.000300,2021-07-01,available,300,1.000008,60,0.596126,58,0.5860209999999999,0.9830488856382709,20,0.35483700000000007,20,0.35483700000000007,1.0,59,0.5912989999999999,0.0,0.0,60,0.6
strong_market_effective_participation_v1,baseline_2y_1y_5fold,1,2021-04-01,2022-03-31,2021-07-08,SH.000300,2021-07-01,available,300,1.000008,60,0.596126,58,0.5860209999999999,0.9830488856382709,20,0.35483700000000007,20,0.35483700000000007,1.0,59,0.5912989999999999,0.0,0.0,60,0.6
strong_market_effective_participation_v1,baseline_2y_1y_5fold,1,2021-04-01,2022-03-31,2021-07-09,SH.000300,2021-07-01,available,300,1.000008,60,0.596126,58,0.5860209999999999,0.9830488856382709,20,0.35483700000000007,20,0.35483700000000007,1.0,59,0.5912989999999999,0.0,0.0,60,0.6
strong_market_effective_participation_v1,baseline_2y_1y_5fold,1,2021-04-01,2022-03-31,2021-07-12,SH.000300,2021-07-01,available,300,1.000008,60,0.596126,58,0.5860209999999999,0.9830488856382709,20,0.35483700000000007,20,0.35483700000000007,1.0,59,0.5912989999999999,0.0,0.0,60,0.6
strong_market_effective_participation_v1,baseline_2y_1y_5fold,1,2021-04-01,2022-03-31,2021-07-13,SH.000300,2021-07-01,available,300,1.000008,60,0.596126,58,0.5860209999999999,0.9830488856382709,20,0.35483700000000007,20,0.35483700000000007,1.0,59,0.5912989999999999,0.0,0.0,60,0.6
strong_market_effective_participation_v1,baseline_2y_1y_5fold,1,2021-04-01,2022-03-31,2021-07-14,SH.000300,2021-07-01,available,300,1.000008,60,0.596126,58,0.5860209999999999,0.9830488856382709,20,0.35483700000000007,20,0.35483700000000007,1.0,59,0.5912989999999999,0.0,0.0,60,0.6
strong_market_effective_participation_v1,baseline_2y_1y_5fold,1,2021-04-01,2022-03-31,2021-07-15,SH.000300,2021-07-01,available,300,1.000008,60,0.596126,58,0.5860209999999999,0.9830488856382709,20,0.35483700000000007,20,0.35483700000000007,1.0,59,0.5912989999999999,0.0,0.0,60,0.6
strong_market_effective_participation_v1,baseline_2y_1y_5fold,1,2021-04-01,2022-03-31,2021-07-16,SH.000300,2021-07-01,available,300,1.000008,60,0.596126,58,0.5860209999999999,0.9830488856382709,20,0.35483700000000007,20,0.35483700000000007,1.0,59,0.5912989999999999,0.0,0.0,60,0.6
strong_market_effective_participation_v1,baseline_2y_1y_5fold,1,2021-04-01,2022-03-31,2021-07-19,SH.000300,2021-07-01,available,300,1.000008,60,0.596126,58,0.5860209999999999,0.9830488856382709,20,0.35483700000000007,20,0.35483700000000007,1.0,59,0.5912989999999999,0.0,0.0,60,0.6
strong_market_effective_participation_v1,baseline_2y_1y_5fold,1,2021-04-01,2022-03-31,2021-07-20,SH.000300,2021-07-01,available,300,1.000008,60,0.596126,58,0.5860209999999999,0.9830488856382709,20,0.35483700000000007,20,0.35483700000000007,1.0,59,0.5912989999999999,0.0,0.0,60,0.6
strong_market_effective_participation_v1,baseline_2y_1y_5fold,1,2021-04-01,2022-03-31,2021-07-21,SH.000300,2021-07-01,available,300,1.000008,60,0.596126,58,0.5860209999999999,0.9830488856382709,20,0.35483700000000007,20,0.35483700000000007,1.0,59,0.5912989999999999,0.0,0.0,60,0.6
strong_market_effective_participation_v1,baseline_2y_1y_5fold,1,2021-04-01,2022-03-31,2021-07-22,SH.000300,2021-07-01,available,300,1.000008,60,0.596126,58,0.5860209999999999,0.9830488856382709,20,0.35483700000000007,20,0.35483700000000007,1.0,59,0.5912989999999999,0.0,0.0,60,0.6
strong_market_effective_participation_v1,baseline_2y_1y_5fold,1,2021-04-01,2022-03-31,2021-07-23,SH.000300,2021-07-01,available,300,1.000008,60,0.596126,58,0.5860209999999999,0.9830488856382709,20,0.35483700000000007,20,0.35483700000000007,1.0,59,0.5912989999999999,0.0,0.0,60,0.6
strong_market_effective_participation_v1,baseline_2y_1y_5fold,1,2021-04-01,2022-03-31,2021-07-26,SH.000300,2021-07-01,available,300,1.000008,60,0.596126,58,0.5860209999999999,0.9830488856382709,20,0.35483700000000007,20,0.35483700000000007,1.0,59,0.5912989999999999,0.0,0.0,60,0.6
strong_market_effective_participation_v1,baseline_2y_1y_5fold,1,2021-04-01,2022-03-31,2021-07-27,SH.000300,2021-07-01,available,300,1.000008,60,0.596126,58,0.5860209999999999,0.9830488856382709,20,0.35483700000000007,20,0.35483700000000007,1.0,59,0.5912989999999999,0.0,0.0,60,0.6
strong_market_effective_participation_v1,baseline_2y_1y_5fold,1,2021-04-01,2022-03-31,2021-07-28,SH.000300,2021-07-01,available,300,1.000008,60,0.596126,58,0.5860209999999999,0.9830488856382709,20,0.35483700000000007,20,0.35483700000000007,1.0,59,0.5912989999999999,0.0,0.0,60,0.6
strong_market_effective_participation_v1,baseline_2y_1y_5fold,1,2021-04-01,2022-03-31,2021-07-29,SH.000300,2021-07-01,available,300,1.000008,60,0.596126,58,0.5860209999999999,0.9830488856382709,20,0.35483700000000007,20,0.35483700000000007,1.0,59,0.5912989999999999,0.0,0.0,60,0.6
strong_market_effective_participation_v1,baseline_2y_1y_5fold,1,2021-04-01,2022-03-31,2021-07-30,SH.000300,2021-07-01,available,300,1.000008,60,0.596126,58,0.5860209999999999,0.9830488856382709,20,0.35483700000000007,20,0.35483700000000007,1.0,59,0.5912989999999999,0.0,0.0,60,0.6
strong_market_effective_participation_v1,baseline_2y_1y_5fold,1,2021-04-01,2022-03-31,2021-08-02,SH.000300,2021-07-30,available,300,0.9999800000000001,64,0.59924,62,0.58903,0.982961751551966,20,0.33048,20,0.33048,1.0,63,0.5944400000000001,0.0,0.0,60,0.6
strong_market_effective_participation_v1,baseline_2y_1y_5fold,1,2021-04-01,2022-03-31,2021-08-03,SH.000300,2021-08-02,available,300,1.000002,64,0.599285,62,0.5892540000000001,0.9832617202165916,20,0.331992,20,0.331992,1.0,63,0.5946819999999999,0.0,0.0,60,0.6
strong_market_effective_participation_v1,baseline_2y_1y_5fold,1,2021-04-01,2022-03-31,2021-08-04,SH.000300,2021-08-02,available,300,1.000002,64,0.599285,62,0.5892540000000001,0.9832617202165916,20,0.331992,20,0.331992,1.0,63,0.5946819999999999,0.0,0.0,60,0.6
strong_market_effective_participation_v1,baseline_2y_1y_5fold,1,2021-04-01,2022-03-31,2021-08-05,SH.000300,2021-08-02,available,300,1.000002,64,0.599285,62,0.5892540000000001,0.9832617202165916,20,0.331992,20,0.331992,1.0,63,0.5946819999999999,0.0,0.0,60,0.6
strong_market_effective_participation_v1,baseline_2y_1y_5fold,1,2021-04-01,2022-03-31,2021-08-06,SH.000300,2021-08-02,available,300,1.000002,64,0.599285,62,0.5892540000000001,0.9832617202165916,20,0.331992,20,0.331992,1.0,63,0.5946819999999999,0.0,0.0,60,0.6
strong_market_effective_participation_v1,baseline_2y_1y_5fold,1,2021-04-01,2022-03-31,2021-08-09,SH.000300,2021-08-02,available,300,1.000002,64,0.599285,62,0.5892540000000001,0.9832617202165916,20,0.331992,20,0.331992,1.0,63,0.5946819999999999,0.0,0.0,60,0.6
strong_market_effective_participation_v1,baseline_2y_1y_5fold,1,2021-04-01,2022-03-31,2021-08-10,SH.000300,2021-08-02,available,300,1.000002,64,0.599285,62,0.5892540000000001,0.9832617202165916,20,0.331992,20,0.331992,1.0,63,0.5946819999999999,0.0,0.0,60,0.6
strong_market_effective_participation_v1,baseline_2y_1y_5fold,1,2021-04-01,2022-03-31,2021-08-11,SH.000300,2021-08-02,available,300,1.000002,64,0.599285,62,0.5892540000000001,0.9832617202165916,20,0.331992,20,0.331992,1.0,63,0.5946819999999999,0.0,0.0,60,0.6
strong_market_effective_participation_v1,baseline_2y_1y_5fold,1,2021-04-01,2022-03-31,2021-08-12,SH.000300,2021-08-02,available,300,1.000002,64,0.599285,62,0.5892540000000001,0.9832617202165916,20,0.331992,20,0.331992,1.0,63,0.5946819999999999,0.0,0.0,60,0.6
strong_market_effective_participation_v1,baseline_2y_1y_5fold,1,2021-04-01,2022-03-31,2021-08-13,SH.000300,2021-08-02,available,300,1.000002,64,0.599285,62,0.5892540000000001,0.9832617202165916,20,0.331992,20,0.331992,1.0,63,0.5946819999999999,0.0,0.0,60,0.6
strong_market_effective_participation_v1,baseline_2y_1y_5fold,1,2021-04-01,2022-03-31,2021-08-16,SH.000300,2021-08-02,available,300,1.000002,64,0.599285,62,0.5892540000000001,0.9832617202165916,20,0.331992,20,0.331992,1.0,63,0.5946819999999999,0.0,0.0,60,0.6
strong_market_effective_participation_v1,baseline_2y_1y_5fold,1,2021-04-01,2022-03-31,2021-08-17,SH.000300,2021-08-02,available,300,1.000002,64,0.599285,62,0.5892540000000001,0.9832617202165916,20,0.331992,20,0.331992,1.0,63,0.5946819999999999,0.0,0.0,60,0.6
strong_market_effective_participation_v1,baseline_2y_1y_5fold,1,2021-04-01,2022-03-31,2021-08-18,SH.000300,2021-08-02,available,300,1.000002,64,0.599285,62,0.5892540000000001,0.9832617202165916,20,0.331992,20,0.331992,1.0,63,0.5946819999999999,0.0,0.0,60,0.6
strong_market_effective_participation_v1,baseline_2y_1y_5fold,1,2021-04-01,2022-03-31,2021-08-19,SH.000300,2021-08-02,available,300,1.000002,64,0.599285,62,0.5892540000000001,0.9832617202165916,20,0.331992,20,0.331992,1.0,63,0.5946819999999999,0.0,0.0,60,0.6
strong_market_effective_participation_v1,baseline_2y_1y_5fold,1,2021-04-01,2022-03-31,2021-08-20,SH.000300,2021-08-02,available,300,1.000002,64,0.599285,62,0.5892540000000001,0.9832617202165916,20,0.331992,20,0.331992,1.0,63,0.5946819999999999,0.0,0.0,60,0.6
strong_market_effective_participation_v1,baseline_2y_1y_5fold,1,2021-04-01,2022-03-31,2021-08-23,SH.000300,2021-08-02,available,300,1.000002,64,0.599285,62,0.5892540000000001,0.9832617202165916,20,0.331992,20,0.331992,1.0,63,0.5946819999999999,0.0,0.0,60,0.6
strong_market_effective_participation_v1,baseline_2y_1y_5fold,1,2021-04-01,2022-03-31,2021-08-24,SH.000300,2021-08-02,available,300,1.000002,64,0.599285,62,0.5892540000000001,0.9832617202165916,20,0.331992,20,0.331992,1.0,63,0.5946819999999999,0.0,0.0,60,0.6
strong_market_effective_participation_v1,baseline_2y_1y_5fold,1,2021-04-01,2022-03-31,2021-08-25,SH.000300,2021-08-02,available,300,1.000002,64,0.599285,62,0.5892540000000001,0.9832617202165916,20,0.331992,20,0.331992,1.0,63,0.5946819999999999,0.0,0.0,60,0.6
strong_market_effective_participation_v1,baseline_2y_1y_5fold,1,2021-04-01,2022-03-31,2021-08-26,SH.000300,2021-08-02,available,300,1.000002,64,0.599285,62,0.5892540000000001,0.9832617202165916,20,0.331992,20,0.331992,1.0,63,0.5946819999999999,0.0,0.0,60,0.6
strong_market_effective_participation_v1,baseline_2y_1y_5fold,1,2021-04-01,2022-03-31,2021-08-27,SH.000300,2021-08-02,available,300,1.000002,64,0.599285,62,0.5892540000000001,0.9832617202165916,20,0.331992,20,0.331992,1.0,63,0.5946819999999999,0.0,0.0,60,0.6
strong_market_effective_participation_v1,baseline_2y_1y_5fold,1,2021-04-01,2022-03-31,2021-08-30,SH.000300,2021-08-02,available,300,1.000002,64,0.599285,62,0.5892540000000001,0.9832617202165916,20,0.331992,20,0.331992,1.0,63,0.5946819999999999,0.0,0.0,60,0.6
strong_market_effective_participation_v1,baseline_2y_1y_5fold,1,2021-04-01,2022-03-31,2021-08-31,SH.000300,2021-08-02,available,300,1.000002,64,0.599285,62,0.5892540000000001,0.9832617202165916,20,0.331992,20,0.331992,1.0,63,0.5946819999999999,0.0,0.0,60,0.6
strong_market_effective_participation_v1,baseline_2y_1y_5fold,1,2021-04-01,2022-03-31,2021-09-01,SH.000300,2021-08-31,available,300,1.00006,66,0.59661,64,0.58561,0.9815624947620724,20,0.3195400000000001,20,0.3195400000000001,1.0,65,0.59186,0.0,0.0,60,0.6
strong_market_effective_participation_v1,baseline_2y_1y_5fold,1,2021-04-01,2022-03-31,2021-09-02,SH.000300,2021-09-01,available,300,1.000002,66,0.5963419999999999,64,0.5851379999999999,0.9812121232447153,20,0.322507,20,0.322507,1.0,65,0.591516,0.0,0.0,60,0.6
strong_market_effective_participation_v1,baseline_2y_1y_5fold,1,2021-04-01,2022-03-31,2021-09-03,SH.000300,2021-09-01,available,300,1.000002,66,0.5963419999999999,64,0.5851379999999999,0.9812121232447153,20,0.322507,20,0.322507,1.0,65,0.591516,0.0,0.0,60,0.6
strong_market_effective_participation_v1,baseline_2y_1y_5fold,1,2021-04-01,2022-03-31,2021-09-06,SH.000300,2021-09-01,available,300,1.000002,66,0.5963419999999999,64,0.5851379999999999,0.9812121232447153,20,0.322507,20,0.322507,1.0,65,0.591516,0.0,0.0,60,0.6
strong_market_effective_participation_v1,baseline_2y_1y_5fold,1,2021-04-01,2022-03-31,2021-09-07,SH.000300,2021-09-01,available,300,1.000002,66,0.5963419999999999,64,0.5851379999999999,0.9812121232447153,20,0.322507,20,0.322507,1.0,65,0.591516,0.0,0.0,60,0.6
strong_market_effective_participation_v1,baseline_2y_1y_5fold,1,2021-04-01,2022-03-31,2021-09-08,SH.000300,2021-09-01,available,300,1.000002,66,0.5963419999999999,64,0.5851379999999999,0.9812121232447153,20,0.322507,20,0.322507,1.0,65,0.591516,0.0,0.0,60,0.6
strong_market_effective_participation_v1,baseline_2y_1y_5fold,1,2021-04-01,2022-03-31,2021-09-09,SH.000300,2021-09-01,available,300,1.000002,66,0.5963419999999999,64,0.5851379999999999,0.9812121232447153,20,0.322507,20,0.322507,1.0,65,0.591516,0.0,0.0,60,0.6
strong_market_effective_participation_v1,baseline_2y_1y_5fold,1,2021-04-01,2022-03-31,2021-09-10,SH.000300,2021-09-01,available,300,1.000002,66,0.5963419999999999,64,0.5851379999999999,0.9812121232447153,20,0.322507,20,0.322507,1.0,65,0.591516,0.0,0.0,60,0.6
strong_market_effective_participation_v1,baseline_2y_1y_5fold,1,2021-04-01,2022-03-31,2021-09-13,SH.000300,2021-09-01,available,300,1.000002,66,0.5963419999999999,64,0.5851379999999999,0.9812121232447153,20,0.322507,20,0.322507,1.0,65,0.591516,0.0,0.0,60,0.6
strong_market_effective_participation_v1,baseline_2y_1y_5fold,1,2021-04-01,2022-03-31,2021-09-14,SH.000300,2021-09-01,available,300,1.000002,66,0.5963419999999999,64,0.5851379999999999,0.9812121232447153,20,0.322507,20,0.322507,1.0,65,0.591516,0.0,0.0,60,0.6
strong_market_effective_participation_v1,baseline_2y_1y_5fold,1,2021-04-01,2022-03-31,2021-09-15,SH.000300,2021-09-01,available,300,1.000002,66,0.5963419999999999,64,0.5851379999999999,0.9812121232447153,20,0.322507,20,0.322507,1.0,65,0.591516,0.0,0.0,60,0.6
strong_market_effective_participation_v1,baseline_2y_1y_5fold,1,2021-04-01,2022-03-31,2021-09-16,SH.000300,2021-09-01,available,300,1.000002,66,0.5963419999999999,64,0.5851379999999999,0.9812121232447153,20,0.322507,20,0.322507,1.0,65,0.591516,0.0,0.0,60,0.6
strong_market_effective_participation_v1,baseline_2y_1y_5fold,1,2021-04-01,2022-03-31,2021-09-17,SH.000300,2021-09-01,available,300,1.000002,66,0.5963419999999999,64,0.5851379999999999,0.9812121232447153,20,0.322507,20,0.322507,1.0,65,0.591516,0.0,0.0,60,0.6
strong_market_effective_participation_v1,baseline_2y_1y_5fold,1,2021-04-01,2022-03-31,2021-09-22,SH.000300,2021-09-01,available,300,1.000002,66,0.5963419999999999,64,0.5851379999999999,0.9812121232447153,20,0.322507,20,0.322507,1.0,65,0.591516,0.0,0.0,60,0.6
strong_market_effective_participation_v1,baseline_2y_1y_5fold,1,2021-04-01,2022-03-31,2021-09-23,SH.000300,2021-09-01,available,300,1.000002,66,0.5963419999999999,64,0.5851379999999999,0.9812121232447153,20,0.322507,20,0.322507,1.0,65,0.591516,0.0,0.0,60,0.6
strong_market_effective_participation_v1,baseline_2y_1y_5fold,1,2021-04-01,2022-03-31,2021-09-24,SH.000300,2021-09-01,available,300,1.000002,66,0.5963419999999999,64,0.5851379999999999,0.9812121232447153,20,0.322507,20,0.322507,1.0,65,0.591516,0.0,0.0,60,0.6
strong_market_effective_participation_v1,baseline_2y_1y_5fold,1,2021-04-01,2022-03-31,2021-09-27,SH.000300,2021-09-01,available,300,1.000002,66,0.5963419999999999,64,0.5851379999999999,0.9812121232447153,20,0.322507,20,0.322507,1.0,65,0.591516,0.0,0.0,60,0.6
strong_market_effective_participation_v1,baseline_2y_1y_5fold,1,2021-04-01,2022-03-31,2021-09-28,SH.000300,2021-09-01,available,300,1.000002,66,0.5963419999999999,64,0.5851379999999999,0.9812121232447153,20,0.322507,20,0.322507,1.0,65,0.591516,0.0,0.0,60,0.6
strong_market_effective_participation_v1,baseline_2y_1y_5fold,1,2021-04-01,2022-03-31,2021-09-29,SH.000300,2021-09-01,available,300,1.000002,66,0.5963419999999999,64,0.5851379999999999,0.9812121232447153,20,0.322507,20,0.322507,1.0,65,0.591516,0.0,0.0,60,0.6
strong_market_effective_participation_v1,baseline_2y_1y_5fold,1,2021-04-01,2022-03-31,2021-09-30,SH.000300,2021-09-01,available,300,1.000002,66,0.5963419999999999,64,0.5851379999999999,0.9812121232447153,20,0.322507,20,0.322507,1.0,65,0.591516,0.0,0.0,60,0.6
strong_market_effective_participation_v1,baseline_2y_1y_5fold,1,2021-04-01,2022-03-31,2021-10-08,SH.000300,2021-09-30,available,300,0.9999300000000002,65,0.5960799999999999,63,0.5854799999999998,0.9822171520601258,20,0.33232999999999996,20,0.33232999999999996,1.0,64,0.59138,0.0,0.0,60,0.6
strong_market_effective_participation_v1,baseline_2y_1y_5fold,1,2021-04-01,2022-03-31,2021-10-11,SH.000300,2021-10-08,available,300,0.9999979999999999,65,0.5980160000000001,63,0.5872390000000002,0.9819787430436645,20,0.335456,20,0.335456,1.0,64,0.593188,0.0,0.0,60,0.6
strong_market_effective_participation_v1,baseline_2y_1y_5fold,1,2021-04-01,2022-03-31,2021-10-12,SH.000300,2021-10-08,available,300,0.9999979999999999,65,0.5980160000000001,63,0.5872390000000002,0.9819787430436645,20,0.335456,20,0.335456,1.0,64,0.593188,0.0,0.0,60,0.6
strong_market_effective_participation_v1,baseline_2y_1y_5fold,1,2021-04-01,2022-03-31,2021-10-13,SH.000300,2021-10-08,available,300,0.9999979999999999,65,0.5980160000000001,63,0.5872390000000002,0.9819787430436645,20,0.335456,20,0.335456,1.0,64,0.593188,0.0,0.0,60,0.6
strong_market_effective_participation_v1,baseline_2y_1y_5fold,1,2021-04-01,2022-03-31,2021-10-14,SH.000300,2021-10-08,available,300,0.9999979999999999,65,0.5980160000000001,63,0.5872390000000002,0.9819787430436645,20,0.335456,20,0.335456,1.0,64,0.593188,0.0,0.0,60,0.6
strong_market_effective_participation_v1,baseline_2y_1y_5fold,1,2021-04-01,2022-03-31,2021-10-15,SH.000300,2021-10-08,available,300,0.9999979999999999,65,0.5980160000000001,63,0.5872390000000002,0.9819787430436645,20,0.335456,20,0.335456,1.0,64,0.593188,0.0,0.0,60,0.6
strong_market_effective_participation_v1,baseline_2y_1y_5fold,1,2021-04-01,2022-03-31,2021-10-18,SH.000300,2021-10-08,available,300,0.9999979999999999,65,0.5980160000000001,63,0.5872390000000002,0.9819787430436645,20,0.335456,20,0.335456,1.0,64,0.593188,0.0,0.0,60,0.6
strong_market_effective_participation_v1,baseline_2y_1y_5fold,1,2021-04-01,2022-03-31,2021-10-19,SH.000300,2021-10-08,available,300,0.9999979999999999,65,0.5980160000000001,63,0.5872390000000002,0.9819787430436645,20,0.335456,20,0.335456,1.0,64,0.593188,0.0,0.0,60,0.6
strong_market_effective_participation_v1,baseline_2y_1y_5fold,1,2021-04-01,2022-03-31,2021-10-20,SH.000300,2021-10-08,available,300,0.9999979999999999,65,0.5980160000000001,63,0.5872390000000002,0.9819787430436645,20,0.335456,20,0.335456,1.0,64,0.593188,0.0,0.0,60,0.6
strong_market_effective_participation_v1,baseline_2y_1y_5fold,1,2021-04-01,2022-03-31,2021-10-21,SH.000300,2021-10-08,available,300,0.9999979999999999,65,0.5980160000000001,63,0.5872390000000002,0.9819787430436645,20,0.335456,20,0.335456,1.0,64,0.593188,0.0,0.0,60,0.6
strong_market_effective_participation_v1,baseline_2y_1y_5fold,1,2021-04-01,2022-03-31,2021-10-22,SH.000300,2021-10-08,available,300,0.9999979999999999,65,0.5980160000000001,63,0.5872390000000002,0.9819787430436645,20,0.335456,20,0.335456,1.0,64,0.593188,0.0,0.0,60,0.6
strong_market_effective_participation_v1,baseline_2y_1y_5fold,1,2021-04-01,2022-03-31,2021-10-25,SH.000300,2021-10-08,available,300,0.9999979999999999,65,0.5980160000000001,63,0.5872390000000002,0.9819787430436645,20,0.335456,20,0.335456,1.0,64,0.593188,0.0,0.0,60,0.6
strong_market_effective_participation_v1,baseline_2y_1y_5fold,1,2021-04-01,2022-03-31,2021-10-26,SH.000300,2021-10-08,available,300,0.9999979999999999,65,0.5980160000000001,63,0.5872390000000002,0.9819787430436645,20,0.335456,20,0.335456,1.0,64,0.593188,0.0,0.0,60,0.6
strong_market_effective_participation_v1,baseline_2y_1y_5fold,1,2021-04-01,2022-03-31,2021-10-27,SH.000300,2021-10-08,available,300,0.9999979999999999,65,0.5980160000000001,63,0.5872390000000002,0.9819787430436645,20,0.335456,20,0.335456,1.0,64,0.593188,0.0,0.0,60,0.6
strong_market_effective_participation_v1,baseline_2y_1y_5fold,1,2021-04-01,2022-03-31,2021-10-28,SH.000300,2021-10-08,available,300,0.9999979999999999,65,0.5980160000000001,63,0.5872390000000002,0.9819787430436645,20,0.335456,20,0.335456,1.0,64,0.593188,0.0,0.0,60,0.6
strong_market_effective_participation_v1,baseline_2y_1y_5fold,1,2021-04-01,2022-03-31,2021-10-29,SH.000300,2021-10-08,available,300,0.9999979999999999,65,0.5980160000000001,63,0.5872390000000002,0.9819787430436645,20,0.335456,20,0.335456,1.0,64,0.593188,0.0,0.0,60,0.6
strong_market_effective_participation_v1,baseline_2y_1y_5fold,1,2021-04-01,2022-03-31,2021-11-01,SH.000300,2021-10-29,available,300,1.00007,64,0.5997,62,0.5892399999999999,0.9825579456394862,20,0.33807999999999994,20,0.33807999999999994,1.0,63,0.5951899999999999,0.0,0.0,60,0.6
strong_market_effective_participation_v1,baseline_2y_1y_5fold,1,2021-04-01,2022-03-31,2021-11-02,SH.000300,2021-11-01,available,300,0.999994,64,0.597917,62,0.587369,0.9823587554794394,20,0.33777500000000005,20,0.33777500000000005,1.0,63,0.593434,0.0,0.0,60,0.6
strong_market_effective_participation_v1,baseline_2y_1y_5fold,1,2021-04-01,2022-03-31,2021-11-03,SH.000300,2021-11-01,available,300,0.999994,64,0.597917,62,0.587369,0.9823587554794394,20,0.33777500000000005,20,0.33777500000000005,1.0,63,0.593434,0.0,0.0,60,0.6
strong_market_effective_participation_v1,baseline_2y_1y_5fold,1,2021-04-01,2022-03-31,2021-11-04,SH.000300,2021-11-01,available,300,0.999994,64,0.597917,62,0.587369,0.9823587554794394,20,0.33777500000000005,20,0.33777500000000005,1.0,63,0.593434,0.0,0.0,60,0.6
strong_market_effective_participation_v1,baseline_2y_1y_5fold,1,2021-04-01,2022-03-31,2021-11-05,SH.000300,2021-11-01,available,300,0.999994,64,0.597917,62,0.587369,0.9823587554794394,20,0.33777500000000005,20,0.33777500000000005,1.0,63,0.593434,0.0,0.0,60,0.6
strong_market_effective_participation_v1,baseline_2y_1y_5fold,1,2021-04-01,2022-03-31,2021-11-08,SH.000300,2021-11-01,available,300,0.999994,64,0.597917,62,0.587369,0.9823587554794394,20,0.33777500000000005,20,0.33777500000000005,1.0,63,0.593434,0.0,0.0,60,0.6
strong_market_effective_participation_v1,baseline_2y_1y_5fold,1,2021-04-01,2022-03-31,2021-11-09,SH.000300,2021-11-01,available,300,0.999994,64,0.597917,62,0.587369,0.9823587554794394,20,0.33777500000000005,20,0.33777500000000005,1.0,63,0.593434,0.0,0.0,60,0.6
strong_market_effective_participation_v1,baseline_2y_1y_5fold,1,2021-04-01,2022-03-31,2021-11-10,SH.000300,2021-11-01,available,300,0.999994,64,0.597917,62,0.587369,0.9823587554794394,20,0.33777500000000005,20,0.33777500000000005,1.0,63,0.593434,0.0,0.0,60,0.6
strong_market_effective_participation_v1,baseline_2y_1y_5fold,1,2021-04-01,2022-03-31,2021-11-11,SH.000300,2021-11-01,available,300,0.999994,64,0.597917,62,0.587369,0.9823587554794394,20,0.33777500000000005,20,0.33777500000000005,1.0,63,0.593434,0.0,0.0,60,0.6
strong_market_effective_participation_v1,baseline_2y_1y_5fold,1,2021-04-01,2022-03-31,2021-11-12,SH.000300,2021-11-01,available,300,0.999994,64,0.597917,62,0.587369,0.9823587554794394,20,0.33777500000000005,20,0.33777500000000005,1.0,63,0.593434,0.0,0.0,60,0.6
strong_market_effective_participation_v1,baseline_2y_1y_5fold,1,2021-04-01,2022-03-31,2021-11-15,SH.000300,2021-11-01,available,300,0.999994,64,0.597917,62,0.587369,0.9823587554794394,20,0.33777500000000005,20,0.33777500000000005,1.0,63,0.593434,0.0,0.0,60,0.6
strong_market_effective_participation_v1,baseline_2y_1y_5fold,1,2021-04-01,2022-03-31,2021-11-16,SH.000300,2021-11-01,available,300,0.999994,64,0.597917,62,0.587369,0.9823587554794394,20,0.33777500000000005,20,0.33777500000000005,1.0,63,0.593434,0.0,0.0,60,0.6
strong_market_effective_participation_v1,baseline_2y_1y_5fold,1,2021-04-01,2022-03-31,2021-11-17,SH.000300,2021-11-01,available,300,0.999994,64,0.597917,62,0.587369,0.9823587554794394,20,0.33777500000000005,20,0.33777500000000005,1.0,63,0.593434,0.0,0.0,60,0.6
strong_market_effective_participation_v1,baseline_2y_1y_5fold,1,2021-04-01,2022-03-31,2021-11-18,SH.000300,2021-11-01,available,300,0.999994,64,0.597917,62,0.587369,0.9823587554794394,20,0.33777500000000005,20,0.33777500000000005,1.0,63,0.593434,0.0,0.0,60,0.6
strong_market_effective_participation_v1,baseline_2y_1y_5fold,1,2021-04-01,2022-03-31,2021-11-19,SH.000300,2021-11-01,available,300,0.999994,64,0.597917,62,0.587369,0.9823587554794394,20,0.33777500000000005,20,0.33777500000000005,1.0,63,0.593434,0.0,0.0,60,0.6
strong_market_effective_participation_v1,baseline_2y_1y_5fold,1,2021-04-01,2022-03-31,2021-11-22,SH.000300,2021-11-01,available,300,0.999994,64,0.597917,62,0.587369,0.9823587554794394,20,0.33777500000000005,20,0.33777500000000005,1.0,63,0.593434,0.0,0.0,60,0.6
strong_market_effective_participation_v1,baseline_2y_1y_5fold,1,2021-04-01,2022-03-31,2021-11-23,SH.000300,2021-11-01,available,300,0.999994,64,0.597917,62,0.587369,0.9823587554794394,20,0.33777500000000005,20,0.33777500000000005,1.0,63,0.593434,0.0,0.0,60,0.6
strong_market_effective_participation_v1,baseline_2y_1y_5fold,1,2021-04-01,2022-03-31,2021-11-24,SH.000300,2021-11-01,available,300,0.999994,64,0.597917,61,0.580224,0.9704089363573872,20,0.33777500000000005,20,0.33777500000000005,1.0,62,0.5862890000000001,0.0,0.0,60,0.6
strong_market_effective_participation_v1,baseline_2y_1y_5fold,1,2021-04-01,2022-03-31,2021-11-25,SH.000300,2021-11-01,available,300,0.999994,64,0.597917,61,0.580224,0.9704089363573872,20,0.33777500000000005,20,0.33777500000000005,1.0,62,0.5862890000000001,0.0,0.0,60,0.6
strong_market_effective_participation_v1,baseline_2y_1y_5fold,1,2021-04-01,2022-03-31,2021-11-26,SH.000300,2021-11-01,available,300,0.999994,64,0.597917,61,0.580224,0.9704089363573872,20,0.33777500000000005,20,0.33777500000000005,1.0,62,0.5862890000000001,0.0,0.0,60,0.6
strong_market_effective_participation_v1,baseline_2y_1y_5fold,1,2021-04-01,2022-03-31,2021-11-29,SH.000300,2021-11-01,available,300,0.999994,64,0.597917,60,0.568056,0.950058285681792,20,0.33777500000000005,19,0.325607,0.9639760195396342,61,0.574121,0.0,0.0,60,0.6
strong_market_effective_participation_v1,baseline_2y_1y_5fold,1,2021-04-01,2022-03-31,2021-11-30,SH.000300,2021-11-01,available,300,0.999994,64,0.597917,60,0.568056,0.950058285681792,20,0.33777500000000005,19,0.325607,0.9639760195396342,61,0.574121,0.0,0.0,60,0.6
strong_market_effective_participation_v1,baseline_2y_1y_5fold,1,2021-04-01,2022-03-31,2021-12-01,SH.000300,2021-11-30,available,300,1.00001,64,0.5974300000000001,60,0.56883,0.9521282828113751,20,0.33286999999999994,19,0.3216299999999999,0.9662330639589027,61,0.5746099999999998,0.0,0.0,60,0.6
strong_market_effective_participation_v1,baseline_2y_1y_5fold,1,2021-04-01,2022-03-31,2021-12-02,SH.000300,2021-12-01,available,300,0.999997,64,0.595766,61,0.5742389999999998,0.9638666859135966,20,0.333033,19,0.321825,0.9663456774553874,62,0.5800469999999999,0.0,0.0,60,0.6
strong_market_effective_participation_v1,baseline_2y_1y_5fold,1,2021-04-01,2022-03-31,2021-12-03,SH.000300,2021-12-01,available,300,0.999997,64,0.595766,61,0.5742389999999998,0.9638666859135966,20,0.333033,19,0.321825,0.9663456774553874,62,0.5800469999999999,0.0,0.0,60,0.6
strong_market_effective_participation_v1,baseline_2y_1y_5fold,1,2021-04-01,2022-03-31,2021-12-06,SH.000300,2021-12-01,available,300,0.999997,64,0.595766,61,0.5742389999999998,0.9638666859135966,20,0.333033,19,0.321825,0.9663456774553874,62,0.5800469999999999,0.0,0.0,60,0.6
strong_market_effective_participation_v1,baseline_2y_1y_5fold,1,2021-04-01,2022-03-31,2021-12-07,SH.000300,2021-12-01,available,300,0.999997,64,0.595766,61,0.5742389999999998,0.9638666859135966,20,0.333033,19,0.321825,0.9663456774553874,62,0.5800469999999999,0.0,0.0,60,0.6
strong_market_effective_participation_v1,baseline_2y_1y_5fold,1,2021-04-01,2022-03-31,2021-12-08,SH.000300,2021-12-01,available,300,0.999997,64,0.595766,61,0.5742389999999998,0.9638666859135966,20,0.333033,19,0.321825,0.9663456774553874,62,0.5800469999999999,0.0,0.0,60,0.6
strong_market_effective_participation_v1,baseline_2y_1y_5fold,1,2021-04-01,2022-03-31,2021-12-09,SH.000300,2021-12-01,available,300,0.999997,64,0.595766,61,0.5742389999999998,0.9638666859135966,20,0.333033,19,0.321825,0.9663456774553874,62,0.5800469999999999,0.0,0.0,60,0.6
strong_market_effective_participation_v1,baseline_2y_1y_5fold,1,2021-04-01,2022-03-31,2021-12-10,SH.000300,2021-12-01,available,300,0.999997,64,0.595766,61,0.5742389999999998,0.9638666859135966,20,0.333033,19,0.321825,0.9663456774553874,62,0.5800469999999999,0.0,0.0,60,0.6
strong_market_effective_participation_v1,baseline_2y_1y_5fold,1,2021-04-01,2022-03-31,2021-12-13,SH.000300,2021-12-01,available,300,0.999997,64,0.595766,62,0.5854469999999999,0.9826794412571377,20,0.333033,20,0.333033,1.0,63,0.5912549999999998,0.0,0.0,60,0.6
strong_market_effective_participation_v1,baseline_2y_1y_5fold,1,2021-04-01,2022-03-31,2021-12-14,SH.000300,2021-12-01,available,300,0.999997,64,0.595766,62,0.5854469999999999,0.9826794412571377,20,0.333033,20,0.333033,1.0,63,0.5912549999999998,0.0,0.0,60,0.6
strong_market_effective_participation_v1,baseline_2y_1y_5fold,1,2021-04-01,2022-03-31,2021-12-15,SH.000300,2021-12-01,available,300,0.999997,64,0.595766,62,0.5854469999999999,0.9826794412571377,20,0.333033,20,0.333033,1.0,63,0.5912549999999998,0.0,0.0,60,0.6
strong_market_effective_participation_v1,baseline_2y_1y_5fold,1,2021-04-01,2022-03-31,2021-12-16,SH.000300,2021-12-01,available,300,0.999997,64,0.595766,62,0.5854469999999999,0.9826794412571377,20,0.333033,20,0.333033,1.0,63,0.5912549999999998,0.0,0.0,60,0.6
strong_market_effective_participation_v1,baseline_2y_1y_5fold,1,2021-04-01,2022-03-31,2021-12-17,SH.000300,2021-12-01,available,300,0.999997,64,0.595766,62,0.5854469999999999,0.9826794412571377,20,0.333033,20,0.333033,1.0,63,0.5912549999999998,0.0,0.0,60,0.6
strong_market_effective_participation_v1,baseline_2y_1y_5fold,1,2021-04-01,2022-03-31,2021-12-20,SH.000300,2021-12-01,available,300,0.999997,64,0.595766,62,0.5854469999999999,0.9826794412571377,20,0.333033,20,0.333033,1.0,63,0.5912549999999998,0.0,0.0,60,0.6
strong_market_effective_participation_v1,baseline_2y_1y_5fold,1,2021-04-01,2022-03-31,2021-12-21,SH.000300,2021-12-01,available,300,0.999997,64,0.595766,62,0.5854469999999999,0.9826794412571377,20,0.333033,20,0.333033,1.0,63,0.5912549999999998,0.0,0.0,60,0.6
strong_market_effective_participation_v1,baseline_2y_1y_5fold,1,2021-04-01,2022-03-31,2021-12-22,SH.000300,2021-12-01,available,300,0.999997,64,0.595766,62,0.5854469999999999,0.9826794412571377,20,0.333033,20,0.333033,1.0,63,0.5912549999999998,0.0,0.0,60,0.6
strong_market_effective_participation_v1,baseline_2y_1y_5fold,1,2021-04-01,2022-03-31,2021-12-23,SH.000300,2021-12-01,available,300,0.999997,64,0.595766,62,0.5854469999999999,0.9826794412571377,20,0.333033,20,0.333033,1.0,63,0.5912549999999998,0.0,0.0,60,0.6
strong_market_effective_participation_v1,baseline_2y_1y_5fold,1,2021-04-01,2022-03-31,2021-12-24,SH.000300,2021-12-01,available,300,0.999997,64,0.595766,62,0.5854469999999999,0.9826794412571377,20,0.333033,20,0.333033,1.0,63,0.5912549999999998,0.0,0.0,60,0.6
strong_market_effective_participation_v1,baseline_2y_1y_5fold,1,2021-04-01,2022-03-31,2021-12-27,SH.000300,2021-12-01,available,300,0.999997,64,0.595766,62,0.5854469999999999,0.9826794412571377,20,0.333033,20,0.333033,1.0,63,0.5912549999999998,0.0,0.0,60,0.6
strong_market_effective_participation_v1,baseline_2y_1y_5fold,1,2021-04-01,2022-03-31,2021-12-28,SH.000300,2021-12-01,available,300,0.999997,64,0.595766,62,0.5854469999999999,0.9826794412571377,20,0.333033,20,0.333033,1.0,63,0.5912549999999998,0.0,0.0,60,0.6
strong_market_effective_participation_v1,baseline_2y_1y_5fold,1,2021-04-01,2022-03-31,2021-12-29,SH.000300,2021-12-01,available,300,0.999997,64,0.595766,62,0.5854469999999999,0.9826794412571377,20,0.333033,20,0.333033,1.0,63,0.5912549999999998,0.0,0.0,60,0.6
strong_market_effective_participation_v1,baseline_2y_1y_5fold,1,2021-04-01,2022-03-31,2021-12-30,SH.000300,2021-12-01,available,300,0.999997,64,0.595766,62,0.5854469999999999,0.9826794412571377,20,0.333033,20,0.333033,1.0,63,0.5912549999999998,0.0,0.0,60,0.6
strong_market_effective_participation_v1,baseline_2y_1y_5fold,1,2021-04-01,2022-03-31,2021-12-31,SH.000300,2021-12-01,available,300,0.999997,64,0.595766,62,0.5854469999999999,0.9826794412571377,20,0.333033,20,0.333033,1.0,63,0.5912549999999998,0.0,0.0,60,0.6
strong_market_effective_participation_v1,baseline_2y_1y_5fold,1,2021-04-01,2022-03-31,2022-01-04,SH.000300,2021-12-31,available,300,0.9998800000000001,67,0.5971500000000001,64,0.58317,0.9765887967847273,20,0.33770000000000006,20,0.33770000000000006,1.0,65,0.5885100000000001,0.0,0.0,60,0.6
strong_market_effective_participation_v1,baseline_2y_1y_5fold,1,2021-04-01,2022-03-31,2022-01-05,SH.000300,2022-01-04,available,300,1.000005,67,0.5966620000000001,64,0.5825109999999999,0.976283054727802,20,0.33671599999999996,20,0.33671599999999996,1.0,65,0.5879030000000001,0.0,0.0,60,0.6
strong_market_effective_participation_v1,baseline_2y_1y_5fold,1,2021-04-01,2022-03-31,2022-01-06,SH.000300,2022-01-04,available,300,1.000005,67,0.5966620000000001,64,0.5825109999999999,0.976283054727802,20,0.33671599999999996,20,0.33671599999999996,1.0,65,0.5879030000000001,0.0,0.0,60,0.6
strong_market_effective_participation_v1,baseline_2y_1y_5fold,1,2021-04-01,2022-03-31,2022-01-07,SH.000300,2022-01-04,available,300,1.000005,67,0.5966620000000001,64,0.5825109999999999,0.976283054727802,20,0.33671599999999996,20,0.33671599999999996,1.0,65,0.5879030000000001,0.0,0.0,60,0.6
strong_market_effective_participation_v1,baseline_2y_1y_5fold,1,2021-04-01,2022-03-31,2022-01-10,SH.000300,2022-01-04,available,300,1.000005,67,0.5966620000000001,64,0.5825109999999999,0.976283054727802,20,0.33671599999999996,20,0.33671599999999996,1.0,65,0.5879030000000001,0.0,0.0,60,0.6
strong_market_effective_participation_v1,baseline_2y_1y_5fold,1,2021-04-01,2022-03-31,2022-01-11,SH.000300,2022-01-04,available,300,1.000005,67,0.5966620000000001,64,0.5825109999999999,0.976283054727802,20,0.33671599999999996,20,0.33671599999999996,1.0,65,0.5879030000000001,0.0,0.0,60,0.6
strong_market_effective_participation_v1,baseline_2y_1y_5fold,1,2021-04-01,2022-03-31,2022-01-12,SH.000300,2022-01-04,available,300,1.000005,67,0.5966620000000001,64,0.5825109999999999,0.976283054727802,20,0.33671599999999996,20,0.33671599999999996,1.0,65,0.5879030000000001,0.0,0.0,60,0.6
strong_market_effective_participation_v1,baseline_2y_1y_5fold,1,2021-04-01,2022-03-31,2022-01-13,SH.000300,2022-01-04,available,300,1.000005,67,0.5966620000000001,64,0.5825109999999999,0.976283054727802,20,0.33671599999999996,20,0.33671599999999996,1.0,65,0.5879030000000001,0.0,0.0,60,0.6
strong_market_effective_participation_v1,baseline_2y_1y_5fold,1,2021-04-01,2022-03-31,2022-01-14,SH.000300,2022-01-04,available,300,1.000005,67,0.5966620000000001,64,0.5825109999999999,0.976283054727802,20,0.33671599999999996,20,0.33671599999999996,1.0,65,0.5879030000000001,0.0,0.0,60,0.6
strong_market_effective_participation_v1,baseline_2y_1y_5fold,1,2021-04-01,2022-03-31,2022-01-17,SH.000300,2022-01-04,available,300,1.000005,67,0.5966620000000001,64,0.5825109999999999,0.976283054727802,20,0.33671599999999996,20,0.33671599999999996,1.0,65,0.5879030000000001,0.0,0.0,60,0.6
strong_market_effective_participation_v1,baseline_2y_1y_5fold,1,2021-04-01,2022-03-31,2022-01-18,SH.000300,2022-01-04,available,300,1.000005,67,0.5966620000000001,64,0.5825109999999999,0.976283054727802,20,0.33671599999999996,20,0.33671599999999996,1.0,65,0.5879030000000001,0.0,0.0,60,0.6
strong_market_effective_participation_v1,baseline_2y_1y_5fold,1,2021-04-01,2022-03-31,2022-01-19,SH.000300,2022-01-04,available,300,1.000005,67,0.5966620000000001,63,0.5723090000000001,0.9591845969745014,20,0.33671599999999996,19,0.326514,0.9697014694876396,64,0.577701,0.0,0.0,60,0.6
strong_market_effective_participation_v1,baseline_2y_1y_5fold,1,2021-04-01,2022-03-31,2022-01-20,SH.000300,2022-01-04,available,300,1.000005,67,0.5966620000000001,63,0.5723090000000001,0.9591845969745014,20,0.33671599999999996,19,0.326514,0.9697014694876396,64,0.577701,0.0,0.0,60,0.6
strong_market_effective_participation_v1,baseline_2y_1y_5fold,1,2021-04-01,2022-03-31,2022-01-21,SH.000300,2022-01-04,available,300,1.000005,67,0.5966620000000001,63,0.5723090000000001,0.9591845969745014,20,0.33671599999999996,19,0.326514,0.9697014694876396,64,0.577701,0.0,0.0,60,0.6
strong_market_effective_participation_v1,baseline_2y_1y_5fold,1,2021-04-01,2022-03-31,2022-01-24,SH.000300,2022-01-04,available,300,1.000005,67,0.5966620000000001,63,0.5723090000000001,0.9591845969745014,20,0.33671599999999996,19,0.326514,0.9697014694876396,64,0.577701,0.0,0.0,60,0.6
strong_market_effective_participation_v1,baseline_2y_1y_5fold,1,2021-04-01,2022-03-31,2022-01-25,SH.000300,2022-01-04,available,300,1.000005,67,0.5966620000000001,63,0.5723090000000001,0.9591845969745014,20,0.33671599999999996,19,0.326514,0.9697014694876396,64,0.577701,0.0,0.0,60,0.6
strong_market_effective_participation_v1,baseline_2y_1y_5fold,1,2021-04-01,2022-03-31,2022-01-26,SH.000300,2022-01-04,available,300,1.000005,67,0.5966620000000001,63,0.5723090000000001,0.9591845969745014,20,0.33671599999999996,19,0.326514,0.9697014694876396,64,0.577701,0.0,0.0,60,0.6
strong_market_effective_participation_v1,baseline_2y_1y_5fold,1,2021-04-01,2022-03-31,2022-01-27,SH.000300,2022-01-04,available,300,1.000005,67,0.5966620000000001,64,0.5825109999999999,0.976283054727802,20,0.33671599999999996,20,0.33671599999999996,1.0,65,0.5879030000000001,0.0,0.0,60,0.6
strong_market_effective_participation_v1,baseline_2y_1y_5fold,1,2021-04-01,2022-03-31,2022-01-28,SH.000300,2022-01-04,available,300,1.000005,67,0.5966620000000001,64,0.5825109999999999,0.976283054727802,20,0.33671599999999996,20,0.33671599999999996,1.0,65,0.5879030000000001,0.0,0.0,60,0.6
strong_market_effective_participation_v1,baseline_2y_1y_5fold,1,2021-04-01,2022-03-31,2022-02-07,SH.000300,2022-01-28,available,300,1.00007,66,0.59924,63,0.58462,0.9756024297443429,20,0.34425000000000006,20,0.34425000000000006,1.0,64,0.5900299999999999,0.0,0.0,60,0.6
strong_market_effective_participation_v1,baseline_2y_1y_5fold,1,2021-04-01,2022-03-31,2022-02-08,SH.000300,2022-02-07,available,300,0.999994,66,0.597993,63,0.583313,0.975451217656394,20,0.34320100000000003,20,0.34320100000000003,1.0,64,0.5886899999999999,0.0,0.0,60,0.6
strong_market_effective_participation_v1,baseline_2y_1y_5fold,1,2021-04-01,2022-03-31,2022-02-09,SH.000300,2022-02-07,available,300,0.999994,66,0.597993,63,0.583313,0.975451217656394,20,0.34320100000000003,20,0.34320100000000003,1.0,64,0.5886899999999999,0.0,0.0,60,0.6
strong_market_effective_participation_v1,baseline_2y_1y_5fold,1,2021-04-01,2022-03-31,2022-02-10,SH.000300,2022-02-07,available,300,0.999994,66,0.597993,63,0.583313,0.975451217656394,20,0.34320100000000003,20,0.34320100000000003,1.0,64,0.5886899999999999,0.0,0.0,60,0.6
strong_market_effective_participation_v1,baseline_2y_1y_5fold,1,2021-04-01,2022-03-31,2022-02-11,SH.000300,2022-02-07,available,300,0.999994,66,0.597993,63,0.583313,0.975451217656394,20,0.34320100000000003,20,0.34320100000000003,1.0,64,0.5886899999999999,0.0,0.0,60,0.6
strong_market_effective_participation_v1,baseline_2y_1y_5fold,1,2021-04-01,2022-03-31,2022-02-14,SH.000300,2022-02-07,available,300,0.999994,66,0.597993,63,0.583313,0.975451217656394,20,0.34320100000000003,20,0.34320100000000003,1.0,64,0.5886899999999999,0.0,0.0,60,0.6
strong_market_effective_participation_v1,baseline_2y_1y_5fold,1,2021-04-01,2022-03-31,2022-02-15,SH.000300,2022-02-07,available,300,0.999994,66,0.597993,63,0.583313,0.975451217656394,20,0.34320100000000003,20,0.34320100000000003,1.0,64,0.5886899999999999,0.0,0.0,60,0.6
strong_market_effective_participation_v1,baseline_2y_1y_5fold,1,2021-04-01,2022-03-31,2022-02-16,SH.000300,2022-02-07,available,300,0.999994,66,0.597993,63,0.583313,0.975451217656394,20,0.34320100000000003,20,0.34320100000000003,1.0,64,0.5886899999999999,0.0,0.0,60,0.6
strong_market_effective_participation_v1,baseline_2y_1y_5fold,1,2021-04-01,2022-03-31,2022-02-17,SH.000300,2022-02-07,available,300,0.999994,66,0.597993,63,0.583313,0.975451217656394,20,0.34320100000000003,20,0.34320100000000003,1.0,64,0.5886899999999999,0.0,0.0,60,0.6
strong_market_effective_participation_v1,baseline_2y_1y_5fold,1,2021-04-01,2022-03-31,2022-02-18,SH.000300,2022-02-07,available,300,0.999994,66,0.597993,63,0.583313,0.975451217656394,20,0.34320100000000003,20,0.34320100000000003,1.0,64,0.5886899999999999,0.0,0.0,60,0.6
strong_market_effective_participation_v1,baseline_2y_1y_5fold,1,2021-04-01,2022-03-31,2022-02-21,SH.000300,2022-02-07,available,300,0.999994,66,0.597993,63,0.583313,0.975451217656394,20,0.34320100000000003,20,0.34320100000000003,1.0,64,0.5886899999999999,0.0,0.0,60,0.6
strong_market_effective_participation_v1,baseline_2y_1y_5fold,1,2021-04-01,2022-03-31,2022-02-22,SH.000300,2022-02-07,available,300,0.999994,66,0.597993,63,0.583313,0.975451217656394,20,0.34320100000000003,20,0.34320100000000003,1.0,64,0.5886899999999999,0.0,0.0,60,0.6
strong_market_effective_participation_v1,baseline_2y_1y_5fold,1,2021-04-01,2022-03-31,2022-02-23,SH.000300,2022-02-07,available,300,0.999994,66,0.597993,63,0.583313,0.975451217656394,20,0.34320100000000003,20,0.34320100000000003,1.0,64,0.5886899999999999,0.0,0.0,60,0.6
strong_market_effective_participation_v1,baseline_2y_1y_5fold,1,2021-04-01,2022-03-31,2022-02-24,SH.000300,2022-02-07,available,300,0.999994,66,0.597993,63,0.583313,0.975451217656394,20,0.34320100000000003,20,0.34320100000000003,1.0,64,0.5886899999999999,0.0,0.0,60,0.6
strong_market_effective_participation_v1,baseline_2y_1y_5fold,1,2021-04-01,2022-03-31,2022-02-25,SH.000300,2022-02-07,available,300,0.999994,66,0.597993,63,0.583313,0.975451217656394,20,0.34320100000000003,20,0.34320100000000003,1.0,64,0.5886899999999999,0.0,0.0,60,0.6
strong_market_effective_participation_v1,baseline_2y_1y_5fold,1,2021-04-01,2022-03-31,2022-02-28,SH.000300,2022-02-07,available,300,0.999994,66,0.597993,63,0.583313,0.975451217656394,20,0.34320100000000003,20,0.34320100000000003,1.0,64,0.5886899999999999,0.0,0.0,60,0.6
strong_market_effective_participation_v1,baseline_2y_1y_5fold,1,2021-04-01,2022-03-31,2022-03-01,SH.000300,2022-02-28,available,300,0.99995,66,0.5965300000000001,64,0.58634,0.9829178750440043,20,0.33489,20,0.33489,1.0,65,0.59161,0.0,0.0,60,0.6
strong_market_effective_participation_v1,baseline_2y_1y_5fold,1,2021-04-01,2022-03-31,2022-03-02,SH.000300,2022-03-01,available,300,1.000005,66,0.5971120000000001,64,0.587053,0.9831539141735554,20,0.33710200000000007,20,0.33710200000000007,1.0,65,0.592288,0.0,0.0,60,0.6
strong_market_effective_participation_v1,baseline_2y_1y_5fold,1,2021-04-01,2022-03-31,2022-03-03,SH.000300,2022-03-01,available,300,1.000005,66,0.5971120000000001,64,0.587053,0.9831539141735554,20,0.33710200000000007,20,0.33710200000000007,1.0,65,0.592288,0.0,0.0,60,0.6
strong_market_effective_participation_v1,baseline_2y_1y_5fold,1,2021-04-01,2022-03-31,2022-03-04,SH.000300,2022-03-01,available,300,1.000005,66,0.5971120000000001,64,0.587053,0.9831539141735554,20,0.33710200000000007,20,0.33710200000000007,1.0,65,0.592288,0.0,0.0,60,0.6
strong_market_effective_participation_v1,baseline_2y_1y_5fold,1,2021-04-01,2022-03-31,2022-03-07,SH.000300,2022-03-01,available,300,1.000005,66,0.5971120000000001,64,0.587053,0.9831539141735554,20,0.33710200000000007,20,0.33710200000000007,1.0,65,0.592288,0.0,0.0,60,0.6
strong_market_effective_participation_v1,baseline_2y_1y_5fold,1,2021-04-01,2022-03-31,2022-03-08,SH.000300,2022-03-01,available,300,1.000005,66,0.5971120000000001,64,0.587053,0.9831539141735554,20,0.33710200000000007,20,0.33710200000000007,1.0,65,0.592288,0.0,0.0,60,0.6
strong_market_effective_participation_v1,baseline_2y_1y_5fold,1,2021-04-01,2022-03-31,2022-03-09,SH.000300,2022-03-01,available,300,1.000005,66,0.5971120000000001,64,0.587053,0.9831539141735554,20,0.33710200000000007,20,0.33710200000000007,1.0,65,0.592288,0.0,0.0,60,0.6
strong_market_effective_participation_v1,baseline_2y_1y_5fold,1,2021-04-01,2022-03-31,2022-03-10,SH.000300,2022-03-01,available,300,1.000005,66,0.5971120000000001,64,0.587053,0.9831539141735554,20,0.33710200000000007,20,0.33710200000000007,1.0,65,0.592288,0.0,0.0,60,0.6
strong_market_effective_participation_v1,baseline_2y_1y_5fold,1,2021-04-01,2022-03-31,2022-03-11,SH.000300,2022-03-01,available,300,1.000005,66,0.5971120000000001,64,0.587053,0.9831539141735554,20,0.33710200000000007,20,0.33710200000000007,1.0,65,0.592288,0.0,0.0,60,0.6
strong_market_effective_participation_v1,baseline_2y_1y_5fold,1,2021-04-01,2022-03-31,2022-03-14,SH.000300,2022-03-01,available,300,1.000005,66,0.5971120000000001,64,0.587053,0.9831539141735554,20,0.33710200000000007,20,0.33710200000000007,1.0,65,0.592288,0.0,0.0,60,0.6
strong_market_effective_participation_v1,baseline_2y_1y_5fold,1,2021-04-01,2022-03-31,2022-03-15,SH.000300,2022-03-01,available,300,1.000005,66,0.5971120000000001,64,0.587053,0.9831539141735554,20,0.33710200000000007,20,0.33710200000000007,1.0,65,0.592288,0.0,0.0,60,0.6
strong_market_effective_participation_v1,baseline_2y_1y_5fold,1,2021-04-01,2022-03-31,2022-03-16,SH.000300,2022-03-01,available,300,1.000005,66,0.5971120000000001,64,0.587053,0.9831539141735554,20,0.33710200000000007,20,0.33710200000000007,1.0,65,0.592288,0.0,0.0,60,0.6
strong_market_effective_participation_v1,baseline_2y_1y_5fold,1,2021-04-01,2022-03-31,2022-03-17,SH.000300,2022-03-01,available,300,1.000005,66,0.5971120000000001,64,0.587053,0.9831539141735554,20,0.33710200000000007,20,0.33710200000000007,1.0,65,0.592288,0.0,0.0,60,0.6
strong_market_effective_participation_v1,baseline_2y_1y_5fold,1,2021-04-01,2022-03-31,2022-03-18,SH.000300,2022-03-01,available,300,1.000005,66,0.5971120000000001,64,0.587053,0.9831539141735554,20,0.33710200000000007,20,0.33710200000000007,1.0,65,0.592288,0.0,0.0,60,0.6
strong_market_effective_participation_v1,baseline_2y_1y_5fold,1,2021-04-01,2022-03-31,2022-03-21,SH.000300,2022-03-01,available,300,1.000005,66,0.5971120000000001,64,0.587053,0.9831539141735554,20,0.33710200000000007,20,0.33710200000000007,1.0,65,0.592288,0.0,0.0,60,0.6
strong_market_effective_participation_v1,baseline_2y_1y_5fold,1,2021-04-01,2022-03-31,2022-03-22,SH.000300,2022-03-01,available,300,1.000005,66,0.5971120000000001,64,0.587053,0.9831539141735554,20,0.33710200000000007,20,0.33710200000000007,1.0,65,0.592288,0.0,0.0,60,0.6
strong_market_effective_participation_v1,baseline_2y_1y_5fold,1,2021-04-01,2022-03-31,2022-03-23,SH.000300,2022-03-01,available,300,1.000005,66,0.5971120000000001,64,0.587053,0.9831539141735554,20,0.33710200000000007,20,0.33710200000000007,1.0,65,0.592288,0.0,0.0,60,0.6
strong_market_effective_participation_v1,baseline_2y_1y_5fold,1,2021-04-01,2022-03-31,2022-03-24,SH.000300,2022-03-01,available,300,1.000005,66,0.5971120000000001,64,0.587053,0.9831539141735554,20,0.33710200000000007,20,0.33710200000000007,1.0,65,0.592288,0.0,0.0,60,0.6
strong_market_effective_participation_v1,baseline_2y_1y_5fold,1,2021-04-01,2022-03-31,2022-03-25,SH.000300,2022-03-01,available,300,1.000005,66,0.5971120000000001,64,0.587053,0.9831539141735554,20,0.33710200000000007,20,0.33710200000000007,1.0,65,0.592288,0.0,0.0,60,0.6
strong_market_effective_participation_v1,baseline_2y_1y_5fold,1,2021-04-01,2022-03-31,2022-03-28,SH.000300,2022-03-01,available,300,1.000005,66,0.5971120000000001,64,0.587053,0.9831539141735554,20,0.33710200000000007,20,0.33710200000000007,1.0,65,0.592288,0.0,0.0,60,0.6
strong_market_effective_participation_v1,baseline_2y_1y_5fold,1,2021-04-01,2022-03-31,2022-03-29,SH.000300,2022-03-01,available,300,1.000005,66,0.5971120000000001,64,0.587053,0.9831539141735554,20,0.33710200000000007,20,0.33710200000000007,1.0,65,0.592288,0.0,0.0,60,0.6
strong_market_effective_participation_v1,baseline_2y_1y_5fold,1,2021-04-01,2022-03-31,2022-03-30,SH.000300,2022-03-01,available,300,1.000005,66,0.5971120000000001,64,0.587053,0.9831539141735554,20,0.33710200000000007,20,0.33710200000000007,1.0,65,0.592288,0.0,0.0,60,0.6
strong_market_effective_participation_v1,baseline_2y_1y_5fold,1,2021-04-01,2022-03-31,2022-03-31,SH.000300,2022-03-01,available,300,1.000005,66,0.5971120000000001,64,0.587053,0.9831539141735554,20,0.33710200000000007,20,0.33710200000000007,1.0,65,0.592288,0.0,0.0,60,0.6
strong_market_effective_participation_v1,baseline_2y_1y_5fold,2,2022-04-01,2023-03-31,2022-04-01,SH.000300,2022-03-31,available,300,1.0,66,0.59763,61,0.5717200000000001,0.9566454160601043,20,0.33665999999999996,20,0.33665999999999996,1.0,61,0.5717200000000001,0.0,0.0,60,0.6
strong_market_effective_participation_v1,baseline_2y_1y_5fold,2,2022-04-01,2023-03-31,2022-04-06,SH.000300,2022-04-01,available,300,0.999998,66,0.5993280000000001,61,0.573451,0.9568233087724918,20,0.338226,20,0.338226,1.0,61,0.573451,0.0,0.0,60,0.6
strong_market_effective_participation_v1,baseline_2y_1y_5fold,2,2022-04-01,2023-03-31,2022-04-07,SH.000300,2022-04-01,available,300,0.999998,66,0.5993280000000001,61,0.573451,0.9568233087724918,20,0.338226,20,0.338226,1.0,61,0.573451,0.0,0.0,60,0.6
strong_market_effective_participation_v1,baseline_2y_1y_5fold,2,2022-04-01,2023-03-31,2022-04-08,SH.000300,2022-04-01,available,300,0.999998,66,0.5993280000000001,61,0.573451,0.9568233087724918,20,0.338226,20,0.338226,1.0,61,0.573451,0.0,0.0,60,0.6
strong_market_effective_participation_v1,baseline_2y_1y_5fold,2,2022-04-01,2023-03-31,2022-04-11,SH.000300,2022-04-01,available,300,0.999998,66,0.5993280000000001,61,0.573451,0.9568233087724918,20,0.338226,20,0.338226,1.0,61,0.573451,0.0,0.0,60,0.6
strong_market_effective_participation_v1,baseline_2y_1y_5fold,2,2022-04-01,2023-03-31,2022-04-12,SH.000300,2022-04-01,available,300,0.999998,66,0.5993280000000001,61,0.573451,0.9568233087724918,20,0.338226,20,0.338226,1.0,61,0.573451,0.0,0.0,60,0.6
strong_market_effective_participation_v1,baseline_2y_1y_5fold,2,2022-04-01,2023-03-31,2022-04-13,SH.000300,2022-04-01,available,300,0.999998,66,0.5993280000000001,61,0.573451,0.9568233087724918,20,0.338226,20,0.338226,1.0,61,0.573451,0.0,0.0,60,0.6
strong_market_effective_participation_v1,baseline_2y_1y_5fold,2,2022-04-01,2023-03-31,2022-04-14,SH.000300,2022-04-01,available,300,0.999998,66,0.5993280000000001,61,0.573451,0.9568233087724918,20,0.338226,20,0.338226,1.0,61,0.573451,0.0,0.0,60,0.6
strong_market_effective_participation_v1,baseline_2y_1y_5fold,2,2022-04-01,2023-03-31,2022-04-15,SH.000300,2022-04-01,available,300,0.999998,66,0.5993280000000001,61,0.573451,0.9568233087724918,20,0.338226,20,0.338226,1.0,61,0.573451,0.0,0.0,60,0.6
strong_market_effective_participation_v1,baseline_2y_1y_5fold,2,2022-04-01,2023-03-31,2022-04-18,SH.000300,2022-04-01,available,300,0.999998,66,0.5993280000000001,61,0.573451,0.9568233087724918,20,0.338226,20,0.338226,1.0,61,0.573451,0.0,0.0,60,0.6
strong_market_effective_participation_v1,baseline_2y_1y_5fold,2,2022-04-01,2023-03-31,2022-04-19,SH.000300,2022-04-01,available,300,0.999998,66,0.5993280000000001,61,0.573451,0.9568233087724918,20,0.338226,20,0.338226,1.0,61,0.573451,0.0,0.0,60,0.6
strong_market_effective_participation_v1,baseline_2y_1y_5fold,2,2022-04-01,2023-03-31,2022-04-20,SH.000300,2022-04-01,available,300,0.999998,66,0.5993280000000001,61,0.573451,0.9568233087724918,20,0.338226,20,0.338226,1.0,61,0.573451,0.0,0.0,60,0.6
strong_market_effective_participation_v1,baseline_2y_1y_5fold,2,2022-04-01,2023-03-31,2022-04-21,SH.000300,2022-04-01,available,300,0.999998,66,0.5993280000000001,61,0.573451,0.9568233087724918,20,0.338226,20,0.338226,1.0,61,0.573451,0.0,0.0,60,0.6
strong_market_effective_participation_v1,baseline_2y_1y_5fold,2,2022-04-01,2023-03-31,2022-04-22,SH.000300,2022-04-01,available,300,0.999998,66,0.5993280000000001,61,0.573451,0.9568233087724918,20,0.338226,20,0.338226,1.0,61,0.573451,0.0,0.0,60,0.6
strong_market_effective_participation_v1,baseline_2y_1y_5fold,2,2022-04-01,2023-03-31,2022-04-25,SH.000300,2022-04-01,available,300,0.999998,66,0.5993280000000001,61,0.573451,0.9568233087724918,20,0.338226,20,0.338226,1.0,61,0.573451,0.0,0.0,60,0.6
strong_market_effective_participation_v1,baseline_2y_1y_5fold,2,2022-04-01,2023-03-31,2022-04-26,SH.000300,2022-04-01,available,300,0.999998,66,0.5993280000000001,61,0.573451,0.9568233087724918,20,0.338226,20,0.338226,1.0,61,0.573451,0.0,0.0,60,0.6
strong_market_effective_participation_v1,baseline_2y_1y_5fold,2,2022-04-01,2023-03-31,2022-04-27,SH.000300,2022-04-01,available,300,0.999998,66,0.5993280000000001,61,0.573451,0.9568233087724918,20,0.338226,20,0.338226,1.0,61,0.573451,0.0,0.0,60,0.6
strong_market_effective_participation_v1,baseline_2y_1y_5fold,2,2022-04-01,2023-03-31,2022-04-28,SH.000300,2022-04-01,available,300,0.999998,66,0.5993280000000001,61,0.573451,0.9568233087724918,20,0.338226,20,0.338226,1.0,61,0.573451,0.0,0.0,60,0.6
strong_market_effective_participation_v1,baseline_2y_1y_5fold,2,2022-04-01,2023-03-31,2022-04-29,SH.000300,2022-04-01,available,300,0.999998,66,0.5993280000000001,61,0.573451,0.9568233087724918,20,0.338226,20,0.338226,1.0,61,0.573451,0.0,0.0,60,0.6
strong_market_effective_participation_v1,baseline_2y_1y_5fold,2,2022-04-01,2023-03-31,2022-05-05,SH.000300,2022-04-29,available,300,0.9999800000000001,64,0.5986199999999999,59,0.5722700000000001,0.9559820921452676,20,0.3433399999999999,20,0.3433399999999999,1.0,59,0.5722700000000001,0.0,0.0,60,0.6
strong_market_effective_participation_v1,baseline_2y_1y_5fold,2,2022-04-01,2023-03-31,2022-05-06,SH.000300,2022-05-05,available,300,1.000005,64,0.596211,59,0.570197,0.9563677959648512,20,0.340622,20,0.340622,1.0,59,0.570197,0.0,0.0,60,0.6
strong_market_effective_participation_v1,baseline_2y_1y_5fold,2,2022-04-01,2023-03-31,2022-05-09,SH.000300,2022-05-05,available,300,1.000005,64,0.596211,59,0.570197,0.9563677959648512,20,0.340622,20,0.340622,1.0,59,0.570197,0.0,0.0,60,0.6
strong_market_effective_participation_v1,baseline_2y_1y_5fold,2,2022-04-01,2023-03-31,2022-05-10,SH.000300,2022-05-05,available,300,1.000005,64,0.596211,59,0.570197,0.9563677959648512,20,0.340622,20,0.340622,1.0,59,0.570197,0.0,0.0,60,0.6
strong_market_effective_participation_v1,baseline_2y_1y_5fold,2,2022-04-01,2023-03-31,2022-05-11,SH.000300,2022-05-05,available,300,1.000005,64,0.596211,59,0.570197,0.9563677959648512,20,0.340622,20,0.340622,1.0,59,0.570197,0.0,0.0,60,0.6
strong_market_effective_participation_v1,baseline_2y_1y_5fold,2,2022-04-01,2023-03-31,2022-05-12,SH.000300,2022-05-05,available,300,1.000005,64,0.596211,59,0.570197,0.9563677959648512,20,0.340622,20,0.340622,1.0,59,0.570197,0.0,0.0,60,0.6
strong_market_effective_participation_v1,baseline_2y_1y_5fold,2,2022-04-01,2023-03-31,2022-05-13,SH.000300,2022-05-05,available,300,1.000005,64,0.596211,59,0.570197,0.9563677959648512,20,0.340622,20,0.340622,1.0,59,0.570197,0.0,0.0,60,0.6
strong_market_effective_participation_v1,baseline_2y_1y_5fold,2,2022-04-01,2023-03-31,2022-05-16,SH.000300,2022-05-05,available,300,1.000005,64,0.596211,59,0.570197,0.9563677959648512,20,0.340622,20,0.340622,1.0,59,0.570197,0.0,0.0,60,0.6
strong_market_effective_participation_v1,baseline_2y_1y_5fold,2,2022-04-01,2023-03-31,2022-05-17,SH.000300,2022-05-05,available,300,1.000005,64,0.596211,59,0.570197,0.9563677959648512,20,0.340622,20,0.340622,1.0,59,0.570197,0.0,0.0,60,0.6
strong_market_effective_participation_v1,baseline_2y_1y_5fold,2,2022-04-01,2023-03-31,2022-05-18,SH.000300,2022-05-05,available,300,1.000005,64,0.596211,59,0.570197,0.9563677959648512,20,0.340622,20,0.340622,1.0,59,0.570197,0.0,0.0,60,0.6
strong_market_effective_participation_v1,baseline_2y_1y_5fold,2,2022-04-01,2023-03-31,2022-05-19,SH.000300,2022-05-05,available,300,1.000005,64,0.596211,59,0.570197,0.9563677959648512,20,0.340622,20,0.340622,1.0,59,0.570197,0.0,0.0,60,0.6
strong_market_effective_participation_v1,baseline_2y_1y_5fold,2,2022-04-01,2023-03-31,2022-05-20,SH.000300,2022-05-05,available,300,1.000005,64,0.596211,59,0.570197,0.9563677959648512,20,0.340622,20,0.340622,1.0,59,0.570197,0.0,0.0,60,0.6
strong_market_effective_participation_v1,baseline_2y_1y_5fold,2,2022-04-01,2023-03-31,2022-05-23,SH.000300,2022-05-05,available,300,1.000005,64,0.596211,59,0.570197,0.9563677959648512,20,0.340622,20,0.340622,1.0,59,0.570197,0.0,0.0,60,0.6
strong_market_effective_participation_v1,baseline_2y_1y_5fold,2,2022-04-01,2023-03-31,2022-05-24,SH.000300,2022-05-05,available,300,1.000005,64,0.596211,59,0.570197,0.9563677959648512,20,0.340622,20,0.340622,1.0,59,0.570197,0.0,0.0,60,0.6
strong_market_effective_participation_v1,baseline_2y_1y_5fold,2,2022-04-01,2023-03-31,2022-05-25,SH.000300,2022-05-05,available,300,1.000005,64,0.596211,59,0.570197,0.9563677959648512,20,0.340622,20,0.340622,1.0,59,0.570197,0.0,0.0,60,0.6
strong_market_effective_participation_v1,baseline_2y_1y_5fold,2,2022-04-01,2023-03-31,2022-05-26,SH.000300,2022-05-05,available,300,1.000005,64,0.596211,59,0.570197,0.9563677959648512,20,0.340622,20,0.340622,1.0,59,0.570197,0.0,0.0,60,0.6
strong_market_effective_participation_v1,baseline_2y_1y_5fold,2,2022-04-01,2023-03-31,2022-05-27,SH.000300,2022-05-05,available,300,1.000005,64,0.596211,59,0.570197,0.9563677959648512,20,0.340622,20,0.340622,1.0,59,0.570197,0.0,0.0,60,0.6
strong_market_effective_participation_v1,baseline_2y_1y_5fold,2,2022-04-01,2023-03-31,2022-05-30,SH.000300,2022-05-05,available,300,1.000005,64,0.596211,59,0.570197,0.9563677959648512,20,0.340622,20,0.340622,1.0,59,0.570197,0.0,0.0,60,0.6
strong_market_effective_participation_v1,baseline_2y_1y_5fold,2,2022-04-01,2023-03-31,2022-05-31,SH.000300,2022-05-05,available,300,1.000005,64,0.596211,59,0.570197,0.9563677959648512,20,0.340622,20,0.340622,1.0,59,0.570197,0.0,0.0,60,0.6
strong_market_effective_participation_v1,baseline_2y_1y_5fold,2,2022-04-01,2023-03-31,2022-06-01,SH.000300,2022-05-31,available,300,0.9999399999999999,65,0.59609,60,0.57015,0.9564830814138805,20,0.33810999999999997,20,0.33810999999999997,1.0,60,0.57015,0.0,0.0,60,0.6
strong_market_effective_participation_v1,baseline_2y_1y_5fold,2,2022-04-01,2023-03-31,2022-06-02,SH.000300,2022-06-01,available,300,0.9999989999999999,65,0.596509,60,0.570841,0.9569696349929341,20,0.3384290000000001,20,0.3384290000000001,1.0,60,0.570841,0.0,0.0,60,0.6
strong_market_effective_participation_v1,baseline_2y_1y_5fold,2,2022-04-01,2023-03-31,2022-06-06,SH.000300,2022-06-01,available,300,0.9999989999999999,65,0.596509,60,0.570841,0.9569696349929341,20,0.3384290000000001,20,0.3384290000000001,1.0,60,0.570841,0.0,0.0,60,0.6
strong_market_effective_participation_v1,baseline_2y_1y_5fold,2,2022-04-01,2023-03-31,2022-06-07,SH.000300,2022-06-01,available,300,0.9999989999999999,65,0.596509,60,0.570841,0.9569696349929341,20,0.3384290000000001,20,0.3384290000000001,1.0,60,0.570841,0.0,0.0,60,0.6
strong_market_effective_participation_v1,baseline_2y_1y_5fold,2,2022-04-01,2023-03-31,2022-06-08,SH.000300,2022-06-01,available,300,0.9999989999999999,65,0.596509,60,0.570841,0.9569696349929341,20,0.3384290000000001,20,0.3384290000000001,1.0,60,0.570841,0.0,0.0,60,0.6
strong_market_effective_participation_v1,baseline_2y_1y_5fold,2,2022-04-01,2023-03-31,2022-06-09,SH.000300,2022-06-01,available,300,0.9999989999999999,65,0.596509,60,0.570841,0.9569696349929341,20,0.3384290000000001,20,0.3384290000000001,1.0,60,0.570841,0.0,0.0,60,0.6
strong_market_effective_participation_v1,baseline_2y_1y_5fold,2,2022-04-01,2023-03-31,2022-06-10,SH.000300,2022-06-01,available,300,0.9999989999999999,65,0.596509,60,0.570841,0.9569696349929341,20,0.3384290000000001,20,0.3384290000000001,1.0,60,0.570841,0.0,0.0,60,0.6
strong_market_effective_participation_v1,baseline_2y_1y_5fold,2,2022-04-01,2023-03-31,2022-06-13,SH.000300,2022-06-01,available,300,0.9999989999999999,65,0.596509,60,0.570841,0.9569696349929341,20,0.3384290000000001,20,0.3384290000000001,1.0,60,0.570841,0.0,0.0,60,0.6
strong_market_effective_participation_v1,baseline_2y_1y_5fold,2,2022-04-01,2023-03-31,2022-06-14,SH.000300,2022-06-01,available,300,0.9999989999999999,65,0.596509,60,0.570841,0.9569696349929341,20,0.3384290000000001,20,0.3384290000000001,1.0,60,0.570841,0.0,0.0,60,0.6
strong_market_effective_participation_v1,baseline_2y_1y_5fold,2,2022-04-01,2023-03-31,2022-06-15,SH.000300,2022-06-01,available,300,0.9999989999999999,65,0.596509,60,0.570841,0.9569696349929341,20,0.3384290000000001,20,0.3384290000000001,1.0,60,0.570841,0.0,0.0,60,0.6
strong_market_effective_participation_v1,baseline_2y_1y_5fold,2,2022-04-01,2023-03-31,2022-06-16,SH.000300,2022-06-01,available,300,0.9999989999999999,65,0.596509,60,0.570841,0.9569696349929341,20,0.3384290000000001,20,0.3384290000000001,1.0,60,0.570841,0.0,0.0,60,0.6
strong_market_effective_participation_v1,baseline_2y_1y_5fold,2,2022-04-01,2023-03-31,2022-06-17,SH.000300,2022-06-01,available,300,0.9999989999999999,65,0.596509,60,0.570841,0.9569696349929341,20,0.3384290000000001,20,0.3384290000000001,1.0,60,0.570841,0.0,0.0,60,0.6
strong_market_effective_participation_v1,baseline_2y_1y_5fold,2,2022-04-01,2023-03-31,2022-06-20,SH.000300,2022-06-01,available,300,0.9999989999999999,65,0.596509,60,0.570841,0.9569696349929341,20,0.3384290000000001,20,0.3384290000000001,1.0,60,0.570841,0.0,0.0,60,0.6
strong_market_effective_participation_v1,baseline_2y_1y_5fold,2,2022-04-01,2023-03-31,2022-06-21,SH.000300,2022-06-01,available,300,0.9999989999999999,65,0.596509,60,0.570841,0.9569696349929341,20,0.3384290000000001,20,0.3384290000000001,1.0,60,0.570841,0.0,0.0,60,0.6
strong_market_effective_participation_v1,baseline_2y_1y_5fold,2,2022-04-01,2023-03-31,2022-06-22,SH.000300,2022-06-01,available,300,0.9999989999999999,65,0.596509,60,0.570841,0.9569696349929341,20,0.3384290000000001,20,0.3384290000000001,1.0,60,0.570841,0.0,0.0,60,0.6
strong_market_effective_participation_v1,baseline_2y_1y_5fold,2,2022-04-01,2023-03-31,2022-06-23,SH.000300,2022-06-01,available,300,0.9999989999999999,65,0.596509,60,0.570841,0.9569696349929341,20,0.3384290000000001,20,0.3384290000000001,1.0,60,0.570841,0.0,0.0,60,0.6
strong_market_effective_participation_v1,baseline_2y_1y_5fold,2,2022-04-01,2023-03-31,2022-06-24,SH.000300,2022-06-01,available,300,0.9999989999999999,65,0.596509,60,0.570841,0.9569696349929341,20,0.3384290000000001,20,0.3384290000000001,1.0,60,0.570841,0.0,0.0,60,0.6
strong_market_effective_participation_v1,baseline_2y_1y_5fold,2,2022-04-01,2023-03-31,2022-06-27,SH.000300,2022-06-01,available,300,0.9999989999999999,65,0.596509,60,0.570841,0.9569696349929341,20,0.3384290000000001,20,0.3384290000000001,1.0,60,0.570841,0.0,0.0,60,0.6
strong_market_effective_participation_v1,baseline_2y_1y_5fold,2,2022-04-01,2023-03-31,2022-06-28,SH.000300,2022-06-01,available,300,0.9999989999999999,65,0.596509,60,0.570841,0.9569696349929341,20,0.3384290000000001,20,0.3384290000000001,1.0,60,0.570841,0.0,0.0,60,0.6
strong_market_effective_participation_v1,baseline_2y_1y_5fold,2,2022-04-01,2023-03-31,2022-06-29,SH.000300,2022-06-01,available,300,0.9999989999999999,65,0.596509,60,0.570841,0.9569696349929341,20,0.3384290000000001,20,0.3384290000000001,1.0,60,0.570841,0.0,0.0,60,0.6
strong_market_effective_participation_v1,baseline_2y_1y_5fold,2,2022-04-01,2023-03-31,2022-06-30,SH.000300,2022-06-01,available,300,0.9999989999999999,65,0.596509,60,0.570841,0.9569696349929341,20,0.3384290000000001,20,0.3384290000000001,1.0,60,0.570841,0.0,0.0,60,0.6
strong_market_effective_participation_v1,baseline_2y_1y_5fold,2,2022-04-01,2023-03-31,2022-07-01,SH.000300,2022-06-30,available,300,0.9999799999999999,68,0.5994799999999999,63,0.5754099999999999,0.9598485353973443,20,0.33246999999999993,20,0.33246999999999993,1.0,63,0.5754099999999999,0.0,0.0,60,0.6
strong_market_effective_participation_v1,baseline_2y_1y_5fold,2,2022-04-01,2023-03-31,2022-07-04,SH.000300,2022-07-01,available,300,1.000005,68,0.5998279999999999,63,0.5758269999999999,0.9599868629006981,20,0.33110199999999995,20,0.33110199999999995,1.0,63,0.5758269999999999,0.0,0.0,60,0.6
strong_market_effective_participation_v1,baseline_2y_1y_5fold,2,2022-04-01,2023-03-31,2022-07-05,SH.000300,2022-07-01,available,300,1.000005,68,0.5998279999999999,63,0.5758269999999999,0.9599868629006981,20,0.33110199999999995,20,0.33110199999999995,1.0,63,0.5758269999999999,0.0,0.0,60,0.6
strong_market_effective_participation_v1,baseline_2y_1y_5fold,2,2022-04-01,2023-03-31,2022-07-06,SH.000300,2022-07-01,available,300,1.000005,68,0.5998279999999999,63,0.5758269999999999,0.9599868629006981,20,0.33110199999999995,20,0.33110199999999995,1.0,63,0.5758269999999999,0.0,0.0,60,0.6
strong_market_effective_participation_v1,baseline_2y_1y_5fold,2,2022-04-01,2023-03-31,2022-07-07,SH.000300,2022-07-01,available,300,1.000005,68,0.5998279999999999,63,0.5758269999999999,0.9599868629006981,20,0.33110199999999995,20,0.33110199999999995,1.0,63,0.5758269999999999,0.0,0.0,60,0.6
strong_market_effective_participation_v1,baseline_2y_1y_5fold,2,2022-04-01,2023-03-31,2022-07-08,SH.000300,2022-07-01,available,300,1.000005,68,0.5998279999999999,63,0.5758269999999999,0.9599868629006981,20,0.33110199999999995,20,0.33110199999999995,1.0,63,0.5758269999999999,0.0,0.0,60,0.6
strong_market_effective_participation_v1,baseline_2y_1y_5fold,2,2022-04-01,2023-03-31,2022-07-11,SH.000300,2022-07-01,available,300,1.000005,68,0.5998279999999999,63,0.5758269999999999,0.9599868629006981,20,0.33110199999999995,20,0.33110199999999995,1.0,63,0.5758269999999999,0.0,0.0,60,0.6
strong_market_effective_participation_v1,baseline_2y_1y_5fold,2,2022-04-01,2023-03-31,2022-07-12,SH.000300,2022-07-01,available,300,1.000005,68,0.5998279999999999,63,0.5758269999999999,0.9599868629006981,20,0.33110199999999995,20,0.33110199999999995,1.0,63,0.5758269999999999,0.0,0.0,60,0.6
strong_market_effective_participation_v1,baseline_2y_1y_5fold,2,2022-04-01,2023-03-31,2022-07-13,SH.000300,2022-07-01,available,300,1.000005,68,0.5998279999999999,63,0.5758269999999999,0.9599868629006981,20,0.33110199999999995,20,0.33110199999999995,1.0,63,0.5758269999999999,0.0,0.0,60,0.6
strong_market_effective_participation_v1,baseline_2y_1y_5fold,2,2022-04-01,2023-03-31,2022-07-14,SH.000300,2022-07-01,available,300,1.000005,68,0.5998279999999999,63,0.5758269999999999,0.9599868629006981,20,0.33110199999999995,20,0.33110199999999995,1.0,63,0.5758269999999999,0.0,0.0,60,0.6
strong_market_effective_participation_v1,baseline_2y_1y_5fold,2,2022-04-01,2023-03-31,2022-07-15,SH.000300,2022-07-01,available,300,1.000005,68,0.5998279999999999,63,0.5758269999999999,0.9599868629006981,20,0.33110199999999995,20,0.33110199999999995,1.0,63,0.5758269999999999,0.0,0.0,60,0.6
strong_market_effective_participation_v1,baseline_2y_1y_5fold,2,2022-04-01,2023-03-31,2022-07-18,SH.000300,2022-07-01,available,300,1.000005,68,0.5998279999999999,63,0.5758269999999999,0.9599868629006981,20,0.33110199999999995,20,0.33110199999999995,1.0,63,0.5758269999999999,0.0,0.0,60,0.6
strong_market_effective_participation_v1,baseline_2y_1y_5fold,2,2022-04-01,2023-03-31,2022-07-19,SH.000300,2022-07-01,available,300,1.000005,68,0.5998279999999999,63,0.5758269999999999,0.9599868629006981,20,0.33110199999999995,20,0.33110199999999995,1.0,63,0.5758269999999999,0.0,0.0,60,0.6
strong_market_effective_participation_v1,baseline_2y_1y_5fold,2,2022-04-01,2023-03-31,2022-07-20,SH.000300,2022-07-01,available,300,1.000005,68,0.5998279999999999,63,0.5758269999999999,0.9599868629006981,20,0.33110199999999995,20,0.33110199999999995,1.0,63,0.5758269999999999,0.0,0.0,60,0.6
strong_market_effective_participation_v1,baseline_2y_1y_5fold,2,2022-04-01,2023-03-31,2022-07-21,SH.000300,2022-07-01,available,300,1.000005,68,0.5998279999999999,63,0.5758269999999999,0.9599868629006981,20,0.33110199999999995,20,0.33110199999999995,1.0,63,0.5758269999999999,0.0,0.0,60,0.6
strong_market_effective_participation_v1,baseline_2y_1y_5fold,2,2022-04-01,2023-03-31,2022-07-22,SH.000300,2022-07-01,available,300,1.000005,68,0.5998279999999999,63,0.5758269999999999,0.9599868629006981,20,0.33110199999999995,20,0.33110199999999995,1.0,63,0.5758269999999999,0.0,0.0,60,0.6
strong_market_effective_participation_v1,baseline_2y_1y_5fold,2,2022-04-01,2023-03-31,2022-07-25,SH.000300,2022-07-01,available,300,1.000005,68,0.5998279999999999,63,0.5758269999999999,0.9599868629006981,20,0.33110199999999995,20,0.33110199999999995,1.0,63,0.5758269999999999,0.0,0.0,60,0.6
strong_market_effective_participation_v1,baseline_2y_1y_5fold,2,2022-04-01,2023-03-31,2022-07-26,SH.000300,2022-07-01,available,300,1.000005,68,0.5998279999999999,63,0.5758269999999999,0.9599868629006981,20,0.33110199999999995,20,0.33110199999999995,1.0,63,0.5758269999999999,0.0,0.0,60,0.6
strong_market_effective_participation_v1,baseline_2y_1y_5fold,2,2022-04-01,2023-03-31,2022-07-27,SH.000300,2022-07-01,available,300,1.000005,68,0.5998279999999999,63,0.5758269999999999,0.9599868629006981,20,0.33110199999999995,20,0.33110199999999995,1.0,63,0.5758269999999999,0.0,0.0,60,0.6
strong_market_effective_participation_v1,baseline_2y_1y_5fold,2,2022-04-01,2023-03-31,2022-07-28,SH.000300,2022-07-01,available,300,1.000005,68,0.5998279999999999,63,0.5758269999999999,0.9599868629006981,20,0.33110199999999995,20,0.33110199999999995,1.0,63,0.5758269999999999,0.0,0.0,60,0.6
strong_market_effective_participation_v1,baseline_2y_1y_5fold,2,2022-04-01,2023-03-31,2022-07-29,SH.000300,2022-07-01,available,300,1.000005,68,0.5998279999999999,63,0.5758269999999999,0.9599868629006981,20,0.33110199999999995,20,0.33110199999999995,1.0,63,0.5758269999999999,0.0,0.0,60,0.6
strong_market_effective_participation_v1,baseline_2y_1y_5fold,2,2022-04-01,2023-03-31,2022-08-01,SH.000300,2022-07-29,available,300,0.99996,69,0.5994700000000001,64,0.57528,0.959647688791766,20,0.32870000000000005,20,0.32870000000000005,1.0,64,0.57528,0.0,0.0,60,0.6
strong_market_effective_participation_v1,baseline_2y_1y_5fold,2,2022-04-01,2023-03-31,2022-08-02,SH.000300,2022-08-01,available,300,1.000003,69,0.5991310000000001,64,0.5753010000000001,0.9602257269278338,20,0.32857499999999995,20,0.32857499999999995,1.0,64,0.5753010000000001,0.0,0.0,60,0.6
strong_market_effective_participation_v1,baseline_2y_1y_5fold,2,2022-04-01,2023-03-31,2022-08-03,SH.000300,2022-08-01,available,300,1.000003,69,0.5991310000000001,64,0.5753010000000001,0.9602257269278338,20,0.32857499999999995,20,0.32857499999999995,1.0,64,0.5753010000000001,0.0,0.0,60,0.6
strong_market_effective_participation_v1,baseline_2y_1y_5fold,2,2022-04-01,2023-03-31,2022-08-04,SH.000300,2022-08-01,available,300,1.000003,69,0.5991310000000001,64,0.5753010000000001,0.9602257269278338,20,0.32857499999999995,20,0.32857499999999995,1.0,64,0.5753010000000001,0.0,0.0,60,0.6
strong_market_effective_participation_v1,baseline_2y_1y_5fold,2,2022-04-01,2023-03-31,2022-08-05,SH.000300,2022-08-01,available,300,1.000003,69,0.5991310000000001,64,0.5753010000000001,0.9602257269278338,20,0.32857499999999995,20,0.32857499999999995,1.0,64,0.5753010000000001,0.0,0.0,60,0.6
strong_market_effective_participation_v1,baseline_2y_1y_5fold,2,2022-04-01,2023-03-31,2022-08-08,SH.000300,2022-08-01,available,300,1.000003,69,0.5991310000000001,64,0.5753010000000001,0.9602257269278338,20,0.32857499999999995,20,0.32857499999999995,1.0,64,0.5753010000000001,0.0,0.0,60,0.6
strong_market_effective_participation_v1,baseline_2y_1y_5fold,2,2022-04-01,2023-03-31,2022-08-09,SH.000300,2022-08-01,available,300,1.000003,69,0.5991310000000001,64,0.5753010000000001,0.9602257269278338,20,0.32857499999999995,20,0.32857499999999995,1.0,64,0.5753010000000001,0.0,0.0,60,0.6
strong_market_effective_participation_v1,baseline_2y_1y_5fold,2,2022-04-01,2023-03-31,2022-08-10,SH.000300,2022-08-01,available,300,1.000003,69,0.5991310000000001,64,0.5753010000000001,0.9602257269278338,20,0.32857499999999995,20,0.32857499999999995,1.0,64,0.5753010000000001,0.0,0.0,60,0.6
strong_market_effective_participation_v1,baseline_2y_1y_5fold,2,2022-04-01,2023-03-31,2022-08-11,SH.000300,2022-08-01,available,300,1.000003,69,0.5991310000000001,64,0.5753010000000001,0.9602257269278338,20,0.32857499999999995,20,0.32857499999999995,1.0,64,0.5753010000000001,0.0,0.0,60,0.6
strong_market_effective_participation_v1,baseline_2y_1y_5fold,2,2022-04-01,2023-03-31,2022-08-12,SH.000300,2022-08-01,available,300,1.000003,69,0.5991310000000001,64,0.5753010000000001,0.9602257269278338,20,0.32857499999999995,20,0.32857499999999995,1.0,64,0.5753010000000001,0.0,0.0,60,0.6
strong_market_effective_participation_v1,baseline_2y_1y_5fold,2,2022-04-01,2023-03-31,2022-08-15,SH.000300,2022-08-01,available,300,1.000003,69,0.5991310000000001,64,0.5753010000000001,0.9602257269278338,20,0.32857499999999995,20,0.32857499999999995,1.0,64,0.5753010000000001,0.0,0.0,60,0.6
strong_market_effective_participation_v1,baseline_2y_1y_5fold,2,2022-04-01,2023-03-31,2022-08-16,SH.000300,2022-08-01,available,300,1.000003,69,0.5991310000000001,64,0.5753010000000001,0.9602257269278338,20,0.32857499999999995,20,0.32857499999999995,1.0,64,0.5753010000000001,0.0,0.0,60,0.6
strong_market_effective_participation_v1,baseline_2y_1y_5fold,2,2022-04-01,2023-03-31,2022-08-17,SH.000300,2022-08-01,available,300,1.000003,69,0.5991310000000001,64,0.5753010000000001,0.9602257269278338,20,0.32857499999999995,20,0.32857499999999995,1.0,64,0.5753010000000001,0.0,0.0,60,0.6
strong_market_effective_participation_v1,baseline_2y_1y_5fold,2,2022-04-01,2023-03-31,2022-08-18,SH.000300,2022-08-01,available,300,1.000003,69,0.5991310000000001,64,0.5753010000000001,0.9602257269278338,20,0.32857499999999995,20,0.32857499999999995,1.0,64,0.5753010000000001,0.0,0.0,60,0.6
strong_market_effective_participation_v1,baseline_2y_1y_5fold,2,2022-04-01,2023-03-31,2022-08-19,SH.000300,2022-08-01,available,300,1.000003,69,0.5991310000000001,64,0.5753010000000001,0.9602257269278338,20,0.32857499999999995,20,0.32857499999999995,1.0,64,0.5753010000000001,0.0,0.0,60,0.6
strong_market_effective_participation_v1,baseline_2y_1y_5fold,2,2022-04-01,2023-03-31,2022-08-22,SH.000300,2022-08-01,available,300,1.000003,69,0.5991310000000001,64,0.5753010000000001,0.9602257269278338,20,0.32857499999999995,20,0.32857499999999995,1.0,64,0.5753010000000001,0.0,0.0,60,0.6
strong_market_effective_participation_v1,baseline_2y_1y_5fold,2,2022-04-01,2023-03-31,2022-08-23,SH.000300,2022-08-01,available,300,1.000003,69,0.5991310000000001,64,0.5753010000000001,0.9602257269278338,20,0.32857499999999995,20,0.32857499999999995,1.0,64,0.5753010000000001,0.0,0.0,60,0.6
strong_market_effective_participation_v1,baseline_2y_1y_5fold,2,2022-04-01,2023-03-31,2022-08-24,SH.000300,2022-08-01,available,300,1.000003,69,0.5991310000000001,64,0.5753010000000001,0.9602257269278338,20,0.32857499999999995,20,0.32857499999999995,1.0,64,0.5753010000000001,0.0,0.0,60,0.6
strong_market_effective_participation_v1,baseline_2y_1y_5fold,2,2022-04-01,2023-03-31,2022-08-25,SH.000300,2022-08-01,available,300,1.000003,69,0.5991310000000001,64,0.5753010000000001,0.9602257269278338,20,0.32857499999999995,20,0.32857499999999995,1.0,64,0.5753010000000001,0.0,0.0,60,0.6
strong_market_effective_participation_v1,baseline_2y_1y_5fold,2,2022-04-01,2023-03-31,2022-08-26,SH.000300,2022-08-01,available,300,1.000003,69,0.5991310000000001,64,0.5753010000000001,0.9602257269278338,20,0.32857499999999995,20,0.32857499999999995,1.0,64,0.5753010000000001,0.0,0.0,60,0.6
strong_market_effective_participation_v1,baseline_2y_1y_5fold,2,2022-04-01,2023-03-31,2022-08-29,SH.000300,2022-08-01,available,300,1.000003,69,0.5991310000000001,64,0.5753010000000001,0.9602257269278338,20,0.32857499999999995,20,0.32857499999999995,1.0,64,0.5753010000000001,0.0,0.0,60,0.6
strong_market_effective_participation_v1,baseline_2y_1y_5fold,2,2022-04-01,2023-03-31,2022-08-30,SH.000300,2022-08-01,available,300,1.000003,69,0.5991310000000001,64,0.5753010000000001,0.9602257269278338,20,0.32857499999999995,20,0.32857499999999995,1.0,64,0.5753010000000001,0.0,0.0,60,0.6
strong_market_effective_participation_v1,baseline_2y_1y_5fold,2,2022-04-01,2023-03-31,2022-08-31,SH.000300,2022-08-01,available,300,1.000003,69,0.5991310000000001,64,0.5753010000000001,0.9602257269278338,20,0.32857499999999995,20,0.32857499999999995,1.0,64,0.5753010000000001,0.0,0.0,60,0.6
strong_market_effective_participation_v1,baseline_2y_1y_5fold,2,2022-04-01,2023-03-31,2022-09-01,SH.000300,2022-08-31,available,300,1.0000499999999999,68,0.59598,63,0.5714199999999999,0.9587905634417262,20,0.32858000000000004,20,0.32858000000000004,1.0,63,0.5714199999999999,0.0,0.0,60,0.6
strong_market_effective_participation_v1,baseline_2y_1y_5fold,2,2022-04-01,2023-03-31,2022-09-02,SH.000300,2022-09-01,available,300,0.9999959999999999,69,0.599015,64,0.5745659999999999,0.9591846614859393,20,0.32674200000000003,20,0.32674200000000003,1.0,64,0.5745659999999999,0.0,0.0,60,0.6
strong_market_effective_participation_v1,baseline_2y_1y_5fold,2,2022-04-01,2023-03-31,2022-09-05,SH.000300,2022-09-01,available,300,0.9999959999999999,69,0.599015,64,0.5745659999999999,0.9591846614859393,20,0.32674200000000003,20,0.32674200000000003,1.0,64,0.5745659999999999,0.0,0.0,60,0.6
strong_market_effective_participation_v1,baseline_2y_1y_5fold,2,2022-04-01,2023-03-31,2022-09-06,SH.000300,2022-09-01,available,300,0.9999959999999999,69,0.599015,64,0.5745659999999999,0.9591846614859393,20,0.32674200000000003,20,0.32674200000000003,1.0,64,0.5745659999999999,0.0,0.0,60,0.6
strong_market_effective_participation_v1,baseline_2y_1y_5fold,2,2022-04-01,2023-03-31,2022-09-07,SH.000300,2022-09-01,available,300,0.9999959999999999,69,0.599015,64,0.5745659999999999,0.9591846614859393,20,0.32674200000000003,20,0.32674200000000003,1.0,64,0.5745659999999999,0.0,0.0,60,0.6
strong_market_effective_participation_v1,baseline_2y_1y_5fold,2,2022-04-01,2023-03-31,2022-09-08,SH.000300,2022-09-01,available,300,0.9999959999999999,69,0.599015,64,0.5745659999999999,0.9591846614859393,20,0.32674200000000003,20,0.32674200000000003,1.0,64,0.5745659999999999,0.0,0.0,60,0.6
strong_market_effective_participation_v1,baseline_2y_1y_5fold,2,2022-04-01,2023-03-31,2022-09-09,SH.000300,2022-09-01,available,300,0.9999959999999999,69,0.599015,64,0.5745659999999999,0.9591846614859393,20,0.32674200000000003,20,0.32674200000000003,1.0,64,0.5745659999999999,0.0,0.0,60,0.6
strong_market_effective_participation_v1,baseline_2y_1y_5fold,2,2022-04-01,2023-03-31,2022-09-13,SH.000300,2022-09-01,available,300,0.9999959999999999,69,0.599015,64,0.5745659999999999,0.9591846614859393,20,0.32674200000000003,20,0.32674200000000003,1.0,64,0.5745659999999999,0.0,0.0,60,0.6
strong_market_effective_participation_v1,baseline_2y_1y_5fold,2,2022-04-01,2023-03-31,2022-09-14,SH.000300,2022-09-01,available,300,0.9999959999999999,69,0.599015,64,0.5745659999999999,0.9591846614859393,20,0.32674200000000003,20,0.32674200000000003,1.0,64,0.5745659999999999,0.0,0.0,60,0.6
strong_market_effective_participation_v1,baseline_2y_1y_5fold,2,2022-04-01,2023-03-31,2022-09-15,SH.000300,2022-09-01,available,300,0.9999959999999999,69,0.599015,64,0.5745659999999999,0.9591846614859393,20,0.32674200000000003,20,0.32674200000000003,1.0,64,0.5745659999999999,0.0,0.0,60,0.6
strong_market_effective_participation_v1,baseline_2y_1y_5fold,2,2022-04-01,2023-03-31,2022-09-16,SH.000300,2022-09-01,available,300,0.9999959999999999,69,0.599015,64,0.5745659999999999,0.9591846614859393,20,0.32674200000000003,20,0.32674200000000003,1.0,64,0.5745659999999999,0.0,0.0,60,0.6
strong_market_effective_participation_v1,baseline_2y_1y_5fold,2,2022-04-01,2023-03-31,2022-09-19,SH.000300,2022-09-01,available,300,0.9999959999999999,69,0.599015,64,0.5745659999999999,0.9591846614859393,20,0.32674200000000003,20,0.32674200000000003,1.0,64,0.5745659999999999,0.0,0.0,60,0.6
strong_market_effective_participation_v1,baseline_2y_1y_5fold,2,2022-04-01,2023-03-31,2022-09-20,SH.000300,2022-09-01,available,300,0.9999959999999999,69,0.599015,64,0.5745659999999999,0.9591846614859393,20,0.32674200000000003,20,0.32674200000000003,1.0,64,0.5745659999999999,0.0,0.0,60,0.6
strong_market_effective_participation_v1,baseline_2y_1y_5fold,2,2022-04-01,2023-03-31,2022-09-21,SH.000300,2022-09-01,available,300,0.9999959999999999,69,0.599015,64,0.5745659999999999,0.9591846614859393,20,0.32674200000000003,20,0.32674200000000003,1.0,64,0.5745659999999999,0.0,0.0,60,0.6
strong_market_effective_participation_v1,baseline_2y_1y_5fold,2,2022-04-01,2023-03-31,2022-09-22,SH.000300,2022-09-01,available,300,0.9999959999999999,69,0.599015,64,0.5745659999999999,0.9591846614859393,20,0.32674200000000003,20,0.32674200000000003,1.0,64,0.5745659999999999,0.0,0.0,60,0.6
strong_market_effective_participation_v1,baseline_2y_1y_5fold,2,2022-04-01,2023-03-31,2022-09-23,SH.000300,2022-09-01,available,300,0.9999959999999999,69,0.599015,64,0.5745659999999999,0.9591846614859393,20,0.32674200000000003,20,0.32674200000000003,1.0,64,0.5745659999999999,0.0,0.0,60,0.6
strong_market_effective_participation_v1,baseline_2y_1y_5fold,2,2022-04-01,2023-03-31,2022-09-26,SH.000300,2022-09-01,available,300,0.9999959999999999,69,0.599015,64,0.5745659999999999,0.9591846614859393,20,0.32674200000000003,20,0.32674200000000003,1.0,64,0.5745659999999999,0.0,0.0,60,0.6
strong_market_effective_participation_v1,baseline_2y_1y_5fold,2,2022-04-01,2023-03-31,2022-09-27,SH.000300,2022-09-01,available,300,0.9999959999999999,69,0.599015,64,0.5745659999999999,0.9591846614859393,20,0.32674200000000003,20,0.32674200000000003,1.0,64,0.5745659999999999,0.0,0.0,60,0.6
strong_market_effective_participation_v1,baseline_2y_1y_5fold,2,2022-04-01,2023-03-31,2022-09-28,SH.000300,2022-09-01,available,300,0.9999959999999999,69,0.599015,64,0.5745659999999999,0.9591846614859393,20,0.32674200000000003,20,0.32674200000000003,1.0,64,0.5745659999999999,0.0,0.0,60,0.6
strong_market_effective_participation_v1,baseline_2y_1y_5fold,2,2022-04-01,2023-03-31,2022-09-29,SH.000300,2022-09-01,available,300,0.9999959999999999,69,0.599015,64,0.5745659999999999,0.9591846614859393,20,0.32674200000000003,20,0.32674200000000003,1.0,64,0.5745659999999999,0.0,0.0,60,0.6
strong_market_effective_participation_v1,baseline_2y_1y_5fold,2,2022-04-01,2023-03-31,2022-09-30,SH.000300,2022-09-01,available,300,0.9999959999999999,69,0.599015,64,0.5745659999999999,0.9591846614859393,20,0.32674200000000003,20,0.32674200000000003,1.0,64,0.5745659999999999,0.0,0.0,60,0.6
strong_market_effective_participation_v1,baseline_2y_1y_5fold,2,2022-04-01,2023-03-31,2022-10-10,SH.000300,2022-09-30,available,300,1.0,68,0.59978,63,0.57429,0.9575010837307012,20,0.32761999999999997,20,0.32761999999999997,1.0,63,0.57429,0.0,0.0,60,0.6
strong_market_effective_participation_v1,baseline_2y_1y_5fold,2,2022-04-01,2023-03-31,2022-10-11,SH.000300,2022-10-10,available,300,0.9999959999999999,68,0.5997320000000002,63,0.574249,0.9575093541781994,20,0.326227,20,0.326227,1.0,63,0.574249,0.0,0.0,60,0.6
strong_market_effective_participation_v1,baseline_2y_1y_5fold,2,2022-04-01,2023-03-31,2022-10-12,SH.000300,2022-10-10,available,300,0.9999959999999999,68,0.5997320000000002,63,0.574249,0.9575093541781994,20,0.326227,20,0.326227,1.0,63,0.574249,0.0,0.0,60,0.6
strong_market_effective_participation_v1,baseline_2y_1y_5fold,2,2022-04-01,2023-03-31,2022-10-13,SH.000300,2022-10-10,available,300,0.9999959999999999,68,0.5997320000000002,63,0.574249,0.9575093541781994,20,0.326227,20,0.326227,1.0,63,0.574249,0.0,0.0,60,0.6
strong_market_effective_participation_v1,baseline_2y_1y_5fold,2,2022-04-01,2023-03-31,2022-10-14,SH.000300,2022-10-10,available,300,0.9999959999999999,68,0.5997320000000002,63,0.574249,0.9575093541781994,20,0.326227,20,0.326227,1.0,63,0.574249,0.0,0.0,60,0.6
strong_market_effective_participation_v1,baseline_2y_1y_5fold,2,2022-04-01,2023-03-31,2022-10-17,SH.000300,2022-10-10,available,300,0.9999959999999999,68,0.5997320000000002,63,0.574249,0.9575093541781994,20,0.326227,20,0.326227,1.0,63,0.574249,0.0,0.0,60,0.6
strong_market_effective_participation_v1,baseline_2y_1y_5fold,2,2022-04-01,2023-03-31,2022-10-18,SH.000300,2022-10-10,available,300,0.9999959999999999,68,0.5997320000000002,63,0.574249,0.9575093541781994,20,0.326227,20,0.326227,1.0,63,0.574249,0.0,0.0,60,0.6
strong_market_effective_participation_v1,baseline_2y_1y_5fold,2,2022-04-01,2023-03-31,2022-10-19,SH.000300,2022-10-10,available,300,0.9999959999999999,68,0.5997320000000002,63,0.574249,0.9575093541781994,20,0.326227,20,0.326227,1.0,63,0.574249,0.0,0.0,60,0.6
strong_market_effective_participation_v1,baseline_2y_1y_5fold,2,2022-04-01,2023-03-31,2022-10-20,SH.000300,2022-10-10,available,300,0.9999959999999999,68,0.5997320000000002,63,0.574249,0.9575093541781994,20,0.326227,20,0.326227,1.0,63,0.574249,0.0,0.0,60,0.6
strong_market_effective_participation_v1,baseline_2y_1y_5fold,2,2022-04-01,2023-03-31,2022-10-21,SH.000300,2022-10-10,available,300,0.9999959999999999,68,0.5997320000000002,63,0.574249,0.9575093541781994,20,0.326227,20,0.326227,1.0,63,0.574249,0.0,0.0,60,0.6
strong_market_effective_participation_v1,baseline_2y_1y_5fold,2,2022-04-01,2023-03-31,2022-10-24,SH.000300,2022-10-10,available,300,0.9999959999999999,68,0.5997320000000002,63,0.574249,0.9575093541781994,20,0.326227,20,0.326227,1.0,63,0.574249,0.0,0.0,60,0.6
strong_market_effective_participation_v1,baseline_2y_1y_5fold,2,2022-04-01,2023-03-31,2022-10-25,SH.000300,2022-10-10,available,300,0.9999959999999999,68,0.5997320000000002,63,0.574249,0.9575093541781994,20,0.326227,20,0.326227,1.0,63,0.574249,0.0,0.0,60,0.6
strong_market_effective_participation_v1,baseline_2y_1y_5fold,2,2022-04-01,2023-03-31,2022-10-26,SH.000300,2022-10-10,available,300,0.9999959999999999,68,0.5997320000000002,62,0.559007,0.9320946689521318,20,0.326227,19,0.310985,0.9532779322373686,62,0.559007,0.0,0.0,60,0.6
strong_market_effective_participation_v1,baseline_2y_1y_5fold,2,2022-04-01,2023-03-31,2022-10-27,SH.000300,2022-10-10,available,300,0.9999959999999999,68,0.5997320000000002,63,0.574249,0.9575093541781994,20,0.326227,20,0.326227,1.0,63,0.574249,0.0,0.0,60,0.6
strong_market_effective_participation_v1,baseline_2y_1y_5fold,2,2022-04-01,2023-03-31,2022-10-28,SH.000300,2022-10-10,available,300,0.9999959999999999,68,0.5997320000000002,63,0.574249,0.9575093541781994,20,0.326227,20,0.326227,1.0,63,0.574249,0.0,0.0,60,0.6
strong_market_effective_participation_v1,baseline_2y_1y_5fold,2,2022-04-01,2023-03-31,2022-10-31,SH.000300,2022-10-10,available,300,0.9999959999999999,68,0.5997320000000002,63,0.574249,0.9575093541781994,20,0.326227,20,0.326227,1.0,63,0.574249,0.0,0.0,60,0.6
strong_market_effective_participation_v1,baseline_2y_1y_5fold,2,2022-04-01,2023-03-31,2022-11-01,SH.000300,2022-10-31,available,300,1.0000399999999998,73,0.59925,68,0.5741799999999999,0.9581643721318314,20,0.30758,20,0.30758,1.0,68,0.5741799999999999,0.0,0.0,60,0.6
strong_market_effective_participation_v1,baseline_2y_1y_5fold,2,2022-04-01,2023-03-31,2022-11-02,SH.000300,2022-11-01,available,300,0.9999999999999999,72,0.5983299999999999,67,0.573279,0.9581318001771598,20,0.31091299999999994,20,0.31091299999999994,1.0,67,0.573279,0.0,0.0,60,0.6
strong_market_effective_participation_v1,baseline_2y_1y_5fold,2,2022-04-01,2023-03-31,2022-11-03,SH.000300,2022-11-01,available,300,0.9999999999999999,72,0.5983299999999999,67,0.573279,0.9581318001771598,20,0.31091299999999994,20,0.31091299999999994,1.0,67,0.573279,0.0,0.0,60,0.6
strong_market_effective_participation_v1,baseline_2y_1y_5fold,2,2022-04-01,2023-03-31,2022-11-04,SH.000300,2022-11-01,available,300,0.9999999999999999,72,0.5983299999999999,67,0.573279,0.9581318001771598,20,0.31091299999999994,20,0.31091299999999994,1.0,67,0.573279,0.0,0.0,60,0.6
strong_market_effective_participation_v1,baseline_2y_1y_5fold,2,2022-04-01,2023-03-31,2022-11-07,SH.000300,2022-11-01,available,300,0.9999999999999999,72,0.5983299999999999,67,0.573279,0.9581318001771598,20,0.31091299999999994,20,0.31091299999999994,1.0,67,0.573279,0.0,0.0,60,0.6
strong_market_effective_participation_v1,baseline_2y_1y_5fold,2,2022-04-01,2023-03-31,2022-11-08,SH.000300,2022-11-01,available,300,0.9999999999999999,72,0.5983299999999999,67,0.573279,0.9581318001771598,20,0.31091299999999994,20,0.31091299999999994,1.0,67,0.573279,0.0,0.0,60,0.6
strong_market_effective_participation_v1,baseline_2y_1y_5fold,2,2022-04-01,2023-03-31,2022-11-09,SH.000300,2022-11-01,available,300,0.9999999999999999,72,0.5983299999999999,67,0.573279,0.9581318001771598,20,0.31091299999999994,20,0.31091299999999994,1.0,67,0.573279,0.0,0.0,60,0.6
strong_market_effective_participation_v1,baseline_2y_1y_5fold,2,2022-04-01,2023-03-31,2022-11-10,SH.000300,2022-11-01,available,300,0.9999999999999999,72,0.5983299999999999,67,0.573279,0.9581318001771598,20,0.31091299999999994,20,0.31091299999999994,1.0,67,0.573279,0.0,0.0,60,0.6
strong_market_effective_participation_v1,baseline_2y_1y_5fold,2,2022-04-01,2023-03-31,2022-11-11,SH.000300,2022-11-01,available,300,0.9999999999999999,72,0.5983299999999999,67,0.573279,0.9581318001771598,20,0.31091299999999994,20,0.31091299999999994,1.0,67,0.573279,0.0,0.0,60,0.6
strong_market_effective_participation_v1,baseline_2y_1y_5fold,2,2022-04-01,2023-03-31,2022-11-14,SH.000300,2022-11-01,available,300,0.9999999999999999,72,0.5983299999999999,67,0.573279,0.9581318001771598,20,0.31091299999999994,20,0.31091299999999994,1.0,67,0.573279,0.0,0.0,60,0.6
strong_market_effective_participation_v1,baseline_2y_1y_5fold,2,2022-04-01,2023-03-31,2022-11-15,SH.000300,2022-11-01,available,300,0.9999999999999999,72,0.5983299999999999,67,0.573279,0.9581318001771598,20,0.31091299999999994,20,0.31091299999999994,1.0,67,0.573279,0.0,0.0,60,0.6
strong_market_effective_participation_v1,baseline_2y_1y_5fold,2,2022-04-01,2023-03-31,2022-11-16,SH.000300,2022-11-01,available,300,0.9999999999999999,72,0.5983299999999999,67,0.573279,0.9581318001771598,20,0.31091299999999994,20,0.31091299999999994,1.0,67,0.573279,0.0,0.0,60,0.6
strong_market_effective_participation_v1,baseline_2y_1y_5fold,2,2022-04-01,2023-03-31,2022-11-17,SH.000300,2022-11-01,available,300,0.9999999999999999,72,0.5983299999999999,67,0.573279,0.9581318001771598,20,0.31091299999999994,20,0.31091299999999994,1.0,67,0.573279,0.0,0.0,60,0.6
strong_market_effective_participation_v1,baseline_2y_1y_5fold,2,2022-04-01,2023-03-31,2022-11-18,SH.000300,2022-11-01,available,300,0.9999999999999999,72,0.5983299999999999,67,0.573279,0.9581318001771598,20,0.31091299999999994,20,0.31091299999999994,1.0,67,0.573279,0.0,0.0,60,0.6
strong_market_effective_participation_v1,baseline_2y_1y_5fold,2,2022-04-01,2023-03-31,2022-11-21,SH.000300,2022-11-01,available,300,0.9999999999999999,72,0.5983299999999999,67,0.573279,0.9581318001771598,20,0.31091299999999994,20,0.31091299999999994,1.0,67,0.573279,0.0,0.0,60,0.6
strong_market_effective_participation_v1,baseline_2y_1y_5fold,2,2022-04-01,2023-03-31,2022-11-22,SH.000300,2022-11-01,available,300,0.9999999999999999,72,0.5983299999999999,67,0.573279,0.9581318001771598,20,0.31091299999999994,20,0.31091299999999994,1.0,67,0.573279,0.0,0.0,60,0.6
strong_market_effective_participation_v1,baseline_2y_1y_5fold,2,2022-04-01,2023-03-31,2022-11-23,SH.000300,2022-11-01,available,300,0.9999999999999999,72,0.5983299999999999,67,0.573279,0.9581318001771598,20,0.31091299999999994,20,0.31091299999999994,1.0,67,0.573279,0.0,0.0,60,0.6
strong_market_effective_participation_v1,baseline_2y_1y_5fold,2,2022-04-01,2023-03-31,2022-11-24,SH.000300,2022-11-01,available,300,0.9999999999999999,72,0.5983299999999999,67,0.573279,0.9581318001771598,20,0.31091299999999994,20,0.31091299999999994,1.0,67,0.573279,0.0,0.0,60,0.6
strong_market_effective_participation_v1,baseline_2y_1y_5fold,2,2022-04-01,2023-03-31,2022-11-25,SH.000300,2022-11-01,available,300,0.9999999999999999,72,0.5983299999999999,67,0.573279,0.9581318001771598,20,0.31091299999999994,20,0.31091299999999994,1.0,67,0.573279,0.0,0.0,60,0.6
strong_market_effective_participation_v1,baseline_2y_1y_5fold,2,2022-04-01,2023-03-31,2022-11-28,SH.000300,2022-11-01,available,300,0.9999999999999999,72,0.5983299999999999,67,0.573279,0.9581318001771598,20,0.31091299999999994,20,0.31091299999999994,1.0,67,0.573279,0.0,0.0,60,0.6
strong_market_effective_participation_v1,baseline_2y_1y_5fold,2,2022-04-01,2023-03-31,2022-11-29,SH.000300,2022-11-01,available,300,0.9999999999999999,72,0.5983299999999999,67,0.573279,0.9581318001771598,20,0.31091299999999994,20,0.31091299999999994,1.0,67,0.573279,0.0,0.0,60,0.6
strong_market_effective_participation_v1,baseline_2y_1y_5fold,2,2022-04-01,2023-03-31,2022-11-30,SH.000300,2022-11-01,available,300,0.9999999999999999,72,0.5983299999999999,67,0.573279,0.9581318001771598,20,0.31091299999999994,20,0.31091299999999994,1.0,67,0.573279,0.0,0.0,60,0.6
strong_market_effective_participation_v1,baseline_2y_1y_5fold,2,2022-04-01,2023-03-31,2022-12-01,SH.000300,2022-11-30,available,300,0.99994,71,0.59789,65,0.5682400000000001,0.9504089380989815,20,0.31553000000000003,20,0.31553000000000003,1.0,65,0.5682400000000001,0.0,0.0,60,0.6
strong_market_effective_participation_v1,baseline_2y_1y_5fold,2,2022-04-01,2023-03-31,2022-12-02,SH.000300,2022-12-01,available,300,1.0000069999999999,71,0.5992109999999999,65,0.569349,0.9501644662731493,20,0.317353,20,0.317353,1.0,65,0.569349,0.0,0.0,60,0.6
strong_market_effective_participation_v1,baseline_2y_1y_5fold,2,2022-04-01,2023-03-31,2022-12-05,SH.000300,2022-12-01,available,300,1.0000069999999999,71,0.5992109999999999,65,0.569349,0.9501644662731493,20,0.317353,20,0.317353,1.0,65,0.569349,0.0,0.0,60,0.6
strong_market_effective_participation_v1,baseline_2y_1y_5fold,2,2022-04-01,2023-03-31,2022-12-06,SH.000300,2022-12-01,available,300,1.0000069999999999,71,0.5992109999999999,65,0.569349,0.9501644662731493,20,0.317353,20,0.317353,1.0,65,0.569349,0.0,0.0,60,0.6
strong_market_effective_participation_v1,baseline_2y_1y_5fold,2,2022-04-01,2023-03-31,2022-12-07,SH.000300,2022-12-01,available,300,1.0000069999999999,71,0.5992109999999999,65,0.569349,0.9501644662731493,20,0.317353,20,0.317353,1.0,65,0.569349,0.0,0.0,60,0.6
strong_market_effective_participation_v1,baseline_2y_1y_5fold,2,2022-04-01,2023-03-31,2022-12-08,SH.000300,2022-12-01,available,300,1.0000069999999999,71,0.5992109999999999,65,0.569349,0.9501644662731493,20,0.317353,20,0.317353,1.0,65,0.569349,0.0,0.0,60,0.6
strong_market_effective_participation_v1,baseline_2y_1y_5fold,2,2022-04-01,2023-03-31,2022-12-09,SH.000300,2022-12-01,available,300,1.0000069999999999,71,0.5992109999999999,65,0.569349,0.9501644662731493,20,0.317353,20,0.317353,1.0,65,0.569349,0.0,0.0,60,0.6
strong_market_effective_participation_v1,baseline_2y_1y_5fold,2,2022-04-01,2023-03-31,2022-12-12,SH.000300,2022-12-01,available,300,1.0000069999999999,71,0.5992109999999999,65,0.569349,0.9501644662731493,20,0.317353,20,0.317353,1.0,65,0.569349,0.0,0.0,60,0.6
strong_market_effective_participation_v1,baseline_2y_1y_5fold,2,2022-04-01,2023-03-31,2022-12-13,SH.000300,2022-12-01,available,300,1.0000069999999999,71,0.5992109999999999,65,0.569349,0.9501644662731493,20,0.317353,20,0.317353,1.0,65,0.569349,0.0,0.0,60,0.6
strong_market_effective_participation_v1,baseline_2y_1y_5fold,2,2022-04-01,2023-03-31,2022-12-14,SH.000300,2022-12-01,available,300,1.0000069999999999,71,0.5992109999999999,65,0.569349,0.9501644662731493,20,0.317353,20,0.317353,1.0,65,0.569349,0.0,0.0,60,0.6
strong_market_effective_participation_v1,baseline_2y_1y_5fold,2,2022-04-01,2023-03-31,2022-12-15,SH.000300,2022-12-01,available,300,1.0000069999999999,71,0.5992109999999999,65,0.569349,0.9501644662731493,20,0.317353,20,0.317353,1.0,65,0.569349,0.0,0.0,60,0.6
strong_market_effective_participation_v1,baseline_2y_1y_5fold,2,2022-04-01,2023-03-31,2022-12-16,SH.000300,2022-12-01,available,300,1.0000069999999999,71,0.5992109999999999,65,0.569349,0.9501644662731493,20,0.317353,20,0.317353,1.0,65,0.569349,0.0,0.0,60,0.6
strong_market_effective_participation_v1,baseline_2y_1y_5fold,2,2022-04-01,2023-03-31,2022-12-19,SH.000300,2022-12-01,available,300,1.0000069999999999,71,0.5992109999999999,65,0.569349,0.9501644662731493,20,0.317353,20,0.317353,1.0,65,0.569349,0.0,0.0,60,0.6
strong_market_effective_participation_v1,baseline_2y_1y_5fold,2,2022-04-01,2023-03-31,2022-12-20,SH.000300,2022-12-01,available,300,1.0000069999999999,71,0.5992109999999999,65,0.569349,0.9501644662731493,20,0.317353,20,0.317353,1.0,65,0.569349,0.0,0.0,60,0.6
strong_market_effective_participation_v1,baseline_2y_1y_5fold,2,2022-04-01,2023-03-31,2022-12-21,SH.000300,2022-12-01,available,300,1.0000069999999999,71,0.5992109999999999,65,0.569349,0.9501644662731493,20,0.317353,20,0.317353,1.0,65,0.569349,0.0,0.0,60,0.6
strong_market_effective_participation_v1,baseline_2y_1y_5fold,2,2022-04-01,2023-03-31,2022-12-22,SH.000300,2022-12-01,available,300,1.0000069999999999,71,0.5992109999999999,65,0.569349,0.9501644662731493,20,0.317353,20,0.317353,1.0,65,0.569349,0.0,0.0,60,0.6
strong_market_effective_participation_v1,baseline_2y_1y_5fold,2,2022-04-01,2023-03-31,2022-12-23,SH.000300,2022-12-01,available,300,1.0000069999999999,71,0.5992109999999999,65,0.569349,0.9501644662731493,20,0.317353,20,0.317353,1.0,65,0.569349,0.0,0.0,60,0.6
strong_market_effective_participation_v1,baseline_2y_1y_5fold,2,2022-04-01,2023-03-31,2022-12-26,SH.000300,2022-12-01,available,300,1.0000069999999999,71,0.5992109999999999,65,0.569349,0.9501644662731493,20,0.317353,20,0.317353,1.0,65,0.569349,0.0,0.0,60,0.6
strong_market_effective_participation_v1,baseline_2y_1y_5fold,2,2022-04-01,2023-03-31,2022-12-27,SH.000300,2022-12-01,available,300,1.0000069999999999,71,0.5992109999999999,65,0.569349,0.9501644662731493,20,0.317353,20,0.317353,1.0,65,0.569349,0.0,0.0,60,0.6
strong_market_effective_participation_v1,baseline_2y_1y_5fold,2,2022-04-01,2023-03-31,2022-12-28,SH.000300,2022-12-01,available,300,1.0000069999999999,71,0.5992109999999999,65,0.569349,0.9501644662731493,20,0.317353,20,0.317353,1.0,65,0.569349,0.0,0.0,60,0.6
strong_market_effective_participation_v1,baseline_2y_1y_5fold,2,2022-04-01,2023-03-31,2022-12-29,SH.000300,2022-12-01,available,300,1.0000069999999999,71,0.5992109999999999,65,0.569349,0.9501644662731493,20,0.317353,20,0.317353,1.0,65,0.569349,0.0,0.0,60,0.6
strong_market_effective_participation_v1,baseline_2y_1y_5fold,2,2022-04-01,2023-03-31,2022-12-30,SH.000300,2022-12-01,available,300,1.0000069999999999,71,0.5992109999999999,65,0.569349,0.9501644662731493,20,0.317353,20,0.317353,1.0,65,0.569349,0.0,0.0,60,0.6
strong_market_effective_participation_v1,baseline_2y_1y_5fold,2,2022-04-01,2023-03-31,2023-01-03,SH.000300,2022-12-30,available,300,0.99998,70,0.5973800000000001,64,0.56672,0.9486758846965079,20,0.32315,20,0.32315,1.0,64,0.56672,0.0,0.0,60,0.6
strong_market_effective_participation_v1,baseline_2y_1y_5fold,2,2022-04-01,2023-03-31,2023-01-04,SH.000300,2023-01-03,available,300,0.9999910000000001,71,0.599267,64,0.564987,0.942796783403725,20,0.32124199999999997,20,0.32124199999999997,1.0,64,0.564987,0.0,0.0,60,0.6
strong_market_effective_participation_v1,baseline_2y_1y_5fold,2,2022-04-01,2023-03-31,2023-01-05,SH.000300,2023-01-03,available,300,0.9999910000000001,71,0.599267,64,0.564987,0.942796783403725,20,0.32124199999999997,20,0.32124199999999997,1.0,64,0.564987,0.0,0.0,60,0.6
strong_market_effective_participation_v1,baseline_2y_1y_5fold,2,2022-04-01,2023-03-31,2023-01-06,SH.000300,2023-01-03,available,300,0.9999910000000001,71,0.599267,64,0.564987,0.942796783403725,20,0.32124199999999997,20,0.32124199999999997,1.0,64,0.564987,0.0,0.0,60,0.6
strong_market_effective_participation_v1,baseline_2y_1y_5fold,2,2022-04-01,2023-03-31,2023-01-09,SH.000300,2023-01-03,available,300,0.9999910000000001,71,0.599267,64,0.564987,0.942796783403725,20,0.32124199999999997,20,0.32124199999999997,1.0,64,0.564987,0.0,0.0,60,0.6
strong_market_effective_participation_v1,baseline_2y_1y_5fold,2,2022-04-01,2023-03-31,2023-01-10,SH.000300,2023-01-03,available,300,0.9999910000000001,71,0.599267,64,0.564987,0.942796783403725,20,0.32124199999999997,20,0.32124199999999997,1.0,64,0.564987,0.0,0.0,60,0.6
strong_market_effective_participation_v1,baseline_2y_1y_5fold,2,2022-04-01,2023-03-31,2023-01-11,SH.000300,2023-01-03,available,300,0.9999910000000001,71,0.599267,64,0.564987,0.942796783403725,20,0.32124199999999997,20,0.32124199999999997,1.0,64,0.564987,0.0,0.0,60,0.6
strong_market_effective_participation_v1,baseline_2y_1y_5fold,2,2022-04-01,2023-03-31,2023-01-12,SH.000300,2023-01-03,available,300,0.9999910000000001,71,0.599267,64,0.564987,0.942796783403725,20,0.32124199999999997,20,0.32124199999999997,1.0,64,0.564987,0.0,0.0,60,0.6
strong_market_effective_participation_v1,baseline_2y_1y_5fold,2,2022-04-01,2023-03-31,2023-01-13,SH.000300,2023-01-03,available,300,0.9999910000000001,71,0.599267,64,0.564987,0.942796783403725,20,0.32124199999999997,20,0.32124199999999997,1.0,64,0.564987,0.0,0.0,60,0.6
strong_market_effective_participation_v1,baseline_2y_1y_5fold,2,2022-04-01,2023-03-31,2023-01-16,SH.000300,2023-01-03,available,300,0.9999910000000001,71,0.599267,64,0.564987,0.942796783403725,20,0.32124199999999997,20,0.32124199999999997,1.0,64,0.564987,0.0,0.0,60,0.6
strong_market_effective_participation_v1,baseline_2y_1y_5fold,2,2022-04-01,2023-03-31,2023-01-17,SH.000300,2023-01-03,available,300,0.9999910000000001,71,0.599267,64,0.564987,0.942796783403725,20,0.32124199999999997,20,0.32124199999999997,1.0,64,0.564987,0.0,0.0,60,0.6
strong_market_effective_participation_v1,baseline_2y_1y_5fold,2,2022-04-01,2023-03-31,2023-01-18,SH.000300,2023-01-03,available,300,0.9999910000000001,71,0.599267,64,0.564987,0.942796783403725,20,0.32124199999999997,20,0.32124199999999997,1.0,64,0.564987,0.0,0.0,60,0.6
strong_market_effective_participation_v1,baseline_2y_1y_5fold,2,2022-04-01,2023-03-31,2023-01-19,SH.000300,2023-01-03,available,300,0.9999910000000001,71,0.599267,64,0.564987,0.942796783403725,20,0.32124199999999997,20,0.32124199999999997,1.0,64,0.564987,0.0,0.0,60,0.6
strong_market_effective_participation_v1,baseline_2y_1y_5fold,2,2022-04-01,2023-03-31,2023-01-20,SH.000300,2023-01-03,available,300,0.9999910000000001,71,0.599267,64,0.564987,0.942796783403725,20,0.32124199999999997,20,0.32124199999999997,1.0,64,0.564987,0.0,0.0,60,0.6
strong_market_effective_participation_v1,baseline_2y_1y_5fold,2,2022-04-01,2023-03-31,2023-01-30,SH.000300,2023-01-03,available,300,0.9999910000000001,71,0.599267,64,0.564987,0.942796783403725,20,0.32124199999999997,20,0.32124199999999997,1.0,64,0.564987,0.0,0.0,60,0.6
strong_market_effective_participation_v1,baseline_2y_1y_5fold,2,2022-04-01,2023-03-31,2023-01-31,SH.000300,2023-01-03,available,300,0.9999910000000001,71,0.599267,64,0.564987,0.942796783403725,20,0.32124199999999997,20,0.32124199999999997,1.0,64,0.564987,0.0,0.0,60,0.6
strong_market_effective_participation_v1,baseline_2y_1y_5fold,2,2022-04-01,2023-03-31,2023-02-01,SH.000300,2023-01-31,available,300,1.0000799999999999,70,0.59933,63,0.5657800000000001,0.9440208232526321,20,0.32759999999999995,20,0.32759999999999995,1.0,63,0.5657800000000001,0.0,0.0,60,0.6
strong_market_effective_participation_v1,baseline_2y_1y_5fold,2,2022-04-01,2023-03-31,2023-02-02,SH.000300,2023-02-01,available,300,0.9999939999999999,70,0.5981179999999998,63,0.5646959999999998,0.9441213941061796,20,0.32769099999999995,20,0.32769099999999995,1.0,63,0.5646959999999998,0.0,0.0,60,0.6
strong_market_effective_participation_v1,baseline_2y_1y_5fold,2,2022-04-01,2023-03-31,2023-02-03,SH.000300,2023-02-01,available,300,0.9999939999999999,70,0.5981179999999998,63,0.5646959999999998,0.9441213941061796,20,0.32769099999999995,20,0.32769099999999995,1.0,63,0.5646959999999998,0.0,0.0,60,0.6
strong_market_effective_participation_v1,baseline_2y_1y_5fold,2,2022-04-01,2023-03-31,2023-02-06,SH.000300,2023-02-01,available,300,0.9999939999999999,70,0.5981179999999998,63,0.5646959999999998,0.9441213941061796,20,0.32769099999999995,20,0.32769099999999995,1.0,63,0.5646959999999998,0.0,0.0,60,0.6
strong_market_effective_participation_v1,baseline_2y_1y_5fold,2,2022-04-01,2023-03-31,2023-02-07,SH.000300,2023-02-01,available,300,0.9999939999999999,70,0.5981179999999998,63,0.5646959999999998,0.9441213941061796,20,0.32769099999999995,20,0.32769099999999995,1.0,63,0.5646959999999998,0.0,0.0,60,0.6
strong_market_effective_participation_v1,baseline_2y_1y_5fold,2,2022-04-01,2023-03-31,2023-02-08,SH.000300,2023-02-01,available,300,0.9999939999999999,70,0.5981179999999998,63,0.5646959999999998,0.9441213941061796,20,0.32769099999999995,20,0.32769099999999995,1.0,63,0.5646959999999998,0.0,0.0,60,0.6
strong_market_effective_participation_v1,baseline_2y_1y_5fold,2,2022-04-01,2023-03-31,2023-02-09,SH.000300,2023-02-01,available,300,0.9999939999999999,70,0.5981179999999998,63,0.5646959999999998,0.9441213941061796,20,0.32769099999999995,20,0.32769099999999995,1.0,63,0.5646959999999998,0.0,0.0,60,0.6
strong_market_effective_participation_v1,baseline_2y_1y_5fold,2,2022-04-01,2023-03-31,2023-02-10,SH.000300,2023-02-01,available,300,0.9999939999999999,70,0.5981179999999998,63,0.5646959999999998,0.9441213941061796,20,0.32769099999999995,20,0.32769099999999995,1.0,63,0.5646959999999998,0.0,0.0,60,0.6
strong_market_effective_participation_v1,baseline_2y_1y_5fold,2,2022-04-01,2023-03-31,2023-02-13,SH.000300,2023-02-01,available,300,0.9999939999999999,70,0.5981179999999998,63,0.5646959999999998,0.9441213941061796,20,0.32769099999999995,20,0.32769099999999995,1.0,63,0.5646959999999998,0.0,0.0,60,0.6
strong_market_effective_participation_v1,baseline_2y_1y_5fold,2,2022-04-01,2023-03-31,2023-02-14,SH.000300,2023-02-01,available,300,0.9999939999999999,70,0.5981179999999998,63,0.5646959999999998,0.9441213941061796,20,0.32769099999999995,20,0.32769099999999995,1.0,63,0.5646959999999998,0.0,0.0,60,0.6
strong_market_effective_participation_v1,baseline_2y_1y_5fold,2,2022-04-01,2023-03-31,2023-02-15,SH.000300,2023-02-01,available,300,0.9999939999999999,70,0.5981179999999998,63,0.5646959999999998,0.9441213941061796,20,0.32769099999999995,20,0.32769099999999995,1.0,63,0.5646959999999998,0.0,0.0,60,0.6
strong_market_effective_participation_v1,baseline_2y_1y_5fold,2,2022-04-01,2023-03-31,2023-02-16,SH.000300,2023-02-01,available,300,0.9999939999999999,70,0.5981179999999998,63,0.5646959999999998,0.9441213941061796,20,0.32769099999999995,20,0.32769099999999995,1.0,63,0.5646959999999998,0.0,0.0,60,0.6
strong_market_effective_participation_v1,baseline_2y_1y_5fold,2,2022-04-01,2023-03-31,2023-02-17,SH.000300,2023-02-01,available,300,0.9999939999999999,70,0.5981179999999998,63,0.5646959999999998,0.9441213941061796,20,0.32769099999999995,20,0.32769099999999995,1.0,63,0.5646959999999998,0.0,0.0,60,0.6
strong_market_effective_participation_v1,baseline_2y_1y_5fold,2,2022-04-01,2023-03-31,2023-02-20,SH.000300,2023-02-01,available,300,0.9999939999999999,70,0.5981179999999998,63,0.5646959999999998,0.9441213941061796,20,0.32769099999999995,20,0.32769099999999995,1.0,63,0.5646959999999998,0.0,0.0,60,0.6
strong_market_effective_participation_v1,baseline_2y_1y_5fold,2,2022-04-01,2023-03-31,2023-02-21,SH.000300,2023-02-01,available,300,0.9999939999999999,70,0.5981179999999998,63,0.5646959999999998,0.9441213941061796,20,0.32769099999999995,20,0.32769099999999995,1.0,63,0.5646959999999998,0.0,0.0,60,0.6
strong_market_effective_participation_v1,baseline_2y_1y_5fold,2,2022-04-01,2023-03-31,2023-02-22,SH.000300,2023-02-01,available,300,0.9999939999999999,70,0.5981179999999998,63,0.5646959999999998,0.9441213941061796,20,0.32769099999999995,20,0.32769099999999995,1.0,63,0.5646959999999998,0.0,0.0,60,0.6
strong_market_effective_participation_v1,baseline_2y_1y_5fold,2,2022-04-01,2023-03-31,2023-02-23,SH.000300,2023-02-01,available,300,0.9999939999999999,70,0.5981179999999998,63,0.5646959999999998,0.9441213941061796,20,0.32769099999999995,20,0.32769099999999995,1.0,63,0.5646959999999998,0.0,0.0,60,0.6
strong_market_effective_participation_v1,baseline_2y_1y_5fold,2,2022-04-01,2023-03-31,2023-02-24,SH.000300,2023-02-01,available,300,0.9999939999999999,70,0.5981179999999998,63,0.5646959999999998,0.9441213941061796,20,0.32769099999999995,20,0.32769099999999995,1.0,63,0.5646959999999998,0.0,0.0,60,0.6
strong_market_effective_participation_v1,baseline_2y_1y_5fold,2,2022-04-01,2023-03-31,2023-02-27,SH.000300,2023-02-01,available,300,0.9999939999999999,70,0.5981179999999998,63,0.5646959999999998,0.9441213941061796,20,0.32769099999999995,20,0.32769099999999995,1.0,63,0.5646959999999998,0.0,0.0,60,0.6
strong_market_effective_participation_v1,baseline_2y_1y_5fold,2,2022-04-01,2023-03-31,2023-02-28,SH.000300,2023-02-01,available,300,0.9999939999999999,70,0.5981179999999998,63,0.5646959999999998,0.9441213941061796,20,0.32769099999999995,20,0.32769099999999995,1.0,63,0.5646959999999998,0.0,0.0,60,0.6
strong_market_effective_participation_v1,baseline_2y_1y_5fold,2,2022-04-01,2023-03-31,2023-03-01,SH.000300,2023-02-28,available,300,1.00006,72,0.5986,64,0.5601400000000001,0.9357500835282326,20,0.31926000000000004,20,0.31926000000000004,1.0,64,0.5601400000000001,0.0,0.0,60,0.6
strong_market_effective_participation_v1,baseline_2y_1y_5fold,2,2022-04-01,2023-03-31,2023-03-02,SH.000300,2023-03-01,available,300,0.9999959999999999,72,0.5996729999999999,64,0.560318,0.9343725663820116,20,0.320479,20,0.320479,1.0,64,0.560318,0.0,0.0,60,0.6
strong_market_effective_participation_v1,baseline_2y_1y_5fold,2,2022-04-01,2023-03-31,2023-03-03,SH.000300,2023-03-01,available,300,0.9999959999999999,72,0.5996729999999999,64,0.560318,0.9343725663820116,20,0.320479,20,0.320479,1.0,64,0.560318,0.0,0.0,60,0.6
strong_market_effective_participation_v1,baseline_2y_1y_5fold,2,2022-04-01,2023-03-31,2023-03-06,SH.000300,2023-03-01,available,300,0.9999959999999999,72,0.5996729999999999,64,0.560318,0.9343725663820116,20,0.320479,20,0.320479,1.0,64,0.560318,0.0,0.0,60,0.6
strong_market_effective_participation_v1,baseline_2y_1y_5fold,2,2022-04-01,2023-03-31,2023-03-07,SH.000300,2023-03-01,available,300,0.9999959999999999,72,0.5996729999999999,64,0.560318,0.9343725663820116,20,0.320479,20,0.320479,1.0,64,0.560318,0.0,0.0,60,0.6
strong_market_effective_participation_v1,baseline_2y_1y_5fold,2,2022-04-01,2023-03-31,2023-03-08,SH.000300,2023-03-01,available,300,0.9999959999999999,72,0.5996729999999999,64,0.560318,0.9343725663820116,20,0.320479,20,0.320479,1.0,64,0.560318,0.0,0.0,60,0.6
strong_market_effective_participation_v1,baseline_2y_1y_5fold,2,2022-04-01,2023-03-31,2023-03-09,SH.000300,2023-03-01,available,300,0.9999959999999999,72,0.5996729999999999,64,0.560318,0.9343725663820116,20,0.320479,20,0.320479,1.0,64,0.560318,0.0,0.0,60,0.6
strong_market_effective_participation_v1,baseline_2y_1y_5fold,2,2022-04-01,2023-03-31,2023-03-10,SH.000300,2023-03-01,available,300,0.9999959999999999,72,0.5996729999999999,64,0.560318,0.9343725663820116,20,0.320479,20,0.320479,1.0,64,0.560318,0.0,0.0,60,0.6
strong_market_effective_participation_v1,baseline_2y_1y_5fold,2,2022-04-01,2023-03-31,2023-03-13,SH.000300,2023-03-01,available,300,0.9999959999999999,72,0.5996729999999999,64,0.560318,0.9343725663820116,20,0.320479,20,0.320479,1.0,64,0.560318,0.0,0.0,60,0.6
strong_market_effective_participation_v1,baseline_2y_1y_5fold,2,2022-04-01,2023-03-31,2023-03-14,SH.000300,2023-03-01,available,300,0.9999959999999999,72,0.5996729999999999,64,0.560318,0.9343725663820116,20,0.320479,20,0.320479,1.0,64,0.560318,0.0,0.0,60,0.6
strong_market_effective_participation_v1,baseline_2y_1y_5fold,2,2022-04-01,2023-03-31,2023-03-15,SH.000300,2023-03-01,available,300,0.9999959999999999,72,0.5996729999999999,64,0.560318,0.9343725663820116,20,0.320479,20,0.320479,1.0,64,0.560318,0.0,0.0,60,0.6
strong_market_effective_participation_v1,baseline_2y_1y_5fold,2,2022-04-01,2023-03-31,2023-03-16,SH.000300,2023-03-01,available,300,0.9999959999999999,72,0.5996729999999999,64,0.560318,0.9343725663820116,20,0.320479,20,0.320479,1.0,64,0.560318,0.0,0.0,60,0.6
strong_market_effective_participation_v1,baseline_2y_1y_5fold,2,2022-04-01,2023-03-31,2023-03-17,SH.000300,2023-03-01,available,300,0.9999959999999999,72,0.5996729999999999,64,0.560318,0.9343725663820116,20,0.320479,20,0.320479,1.0,64,0.560318,0.0,0.0,60,0.6
strong_market_effective_participation_v1,baseline_2y_1y_5fold,2,2022-04-01,2023-03-31,2023-03-20,SH.000300,2023-03-01,available,300,0.9999959999999999,72,0.5996729999999999,64,0.560318,0.9343725663820116,20,0.320479,20,0.320479,1.0,64,0.560318,0.0,0.0,60,0.6
strong_market_effective_participation_v1,baseline_2y_1y_5fold,2,2022-04-01,2023-03-31,2023-03-21,SH.000300,2023-03-01,available,300,0.9999959999999999,72,0.5996729999999999,64,0.560318,0.9343725663820116,20,0.320479,20,0.320479,1.0,64,0.560318,0.0,0.0,60,0.6
strong_market_effective_participation_v1,baseline_2y_1y_5fold,2,2022-04-01,2023-03-31,2023-03-22,SH.000300,2023-03-01,available,300,0.9999959999999999,72,0.5996729999999999,64,0.560318,0.9343725663820116,20,0.320479,20,0.320479,1.0,64,0.560318,0.0,0.0,60,0.6
strong_market_effective_participation_v1,baseline_2y_1y_5fold,2,2022-04-01,2023-03-31,2023-03-23,SH.000300,2023-03-01,available,300,0.9999959999999999,72,0.5996729999999999,64,0.560318,0.9343725663820116,20,0.320479,20,0.320479,1.0,64,0.560318,0.0,0.0,60,0.6
strong_market_effective_participation_v1,baseline_2y_1y_5fold,2,2022-04-01,2023-03-31,2023-03-24,SH.000300,2023-03-01,available,300,0.9999959999999999,72,0.5996729999999999,64,0.560318,0.9343725663820116,20,0.320479,20,0.320479,1.0,64,0.560318,0.0,0.0,60,0.6
strong_market_effective_participation_v1,baseline_2y_1y_5fold,2,2022-04-01,2023-03-31,2023-03-27,SH.000300,2023-03-01,available,300,0.9999959999999999,72,0.5996729999999999,64,0.560318,0.9343725663820116,20,0.320479,20,0.320479,1.0,64,0.560318,0.0,0.0,60,0.6
strong_market_effective_participation_v1,baseline_2y_1y_5fold,2,2022-04-01,2023-03-31,2023-03-28,SH.000300,2023-03-01,available,300,0.9999959999999999,72,0.5996729999999999,64,0.560318,0.9343725663820116,20,0.320479,20,0.320479,1.0,64,0.560318,0.0,0.0,60,0.6
strong_market_effective_participation_v1,baseline_2y_1y_5fold,2,2022-04-01,2023-03-31,2023-03-29,SH.000300,2023-03-01,available,300,0.9999959999999999,72,0.5996729999999999,64,0.560318,0.9343725663820116,20,0.320479,20,0.320479,1.0,64,0.560318,0.0,0.0,60,0.6
strong_market_effective_participation_v1,baseline_2y_1y_5fold,2,2022-04-01,2023-03-31,2023-03-30,SH.000300,2023-03-01,available,300,0.9999959999999999,72,0.5996729999999999,64,0.560318,0.9343725663820116,20,0.320479,20,0.320479,1.0,64,0.560318,0.0,0.0,60,0.6
strong_market_effective_participation_v1,baseline_2y_1y_5fold,2,2022-04-01,2023-03-31,2023-03-31,SH.000300,2023-03-01,available,300,0.9999959999999999,72,0.5996729999999999,64,0.560318,0.9343725663820116,20,0.320479,20,0.320479,1.0,64,0.560318,0.0,0.0,60,0.6
strong_market_effective_participation_v1,baseline_2y_1y_5fold,3,2023-04-03,2024-03-29,2023-04-03,SH.000300,2023-03-31,available,300,0.99999,73,0.59873,68,0.57194,0.9552552903646051,20,0.31469,20,0.31469,1.0,68,0.57194,0.0,0.0,60,0.6
strong_market_effective_participation_v1,baseline_2y_1y_5fold,3,2023-04-03,2024-03-29,2023-04-04,SH.000300,2023-04-03,available,300,0.999995,73,0.596934,67,0.5665340000000001,0.9490730968582793,20,0.31221799999999994,20,0.31221799999999994,1.0,67,0.5665340000000001,0.0,0.0,60,0.6
strong_market_effective_participation_v1,baseline_2y_1y_5fold,3,2023-04-03,2024-03-29,2023-04-06,SH.000300,2023-04-03,available,300,0.999995,73,0.596934,67,0.5665340000000001,0.9490730968582793,20,0.31221799999999994,20,0.31221799999999994,1.0,67,0.5665340000000001,0.0,0.0,60,0.6
strong_market_effective_participation_v1,baseline_2y_1y_5fold,3,2023-04-03,2024-03-29,2023-04-07,SH.000300,2023-04-03,available,300,0.999995,73,0.596934,67,0.5665340000000001,0.9490730968582793,20,0.31221799999999994,20,0.31221799999999994,1.0,67,0.5665340000000001,0.0,0.0,60,0.6
strong_market_effective_participation_v1,baseline_2y_1y_5fold,3,2023-04-03,2024-03-29,2023-04-10,SH.000300,2023-04-03,available,300,0.999995,73,0.596934,67,0.5665340000000001,0.9490730968582793,20,0.31221799999999994,20,0.31221799999999994,1.0,67,0.5665340000000001,0.0,0.0,60,0.6
strong_market_effective_participation_v1,baseline_2y_1y_5fold,3,2023-04-03,2024-03-29,2023-04-11,SH.000300,2023-04-03,available,300,0.999995,73,0.596934,67,0.5665340000000001,0.9490730968582793,20,0.31221799999999994,20,0.31221799999999994,1.0,67,0.5665340000000001,0.0,0.0,60,0.6
strong_market_effective_participation_v1,baseline_2y_1y_5fold,3,2023-04-03,2024-03-29,2023-04-12,SH.000300,2023-04-03,available,300,0.999995,73,0.596934,67,0.5665340000000001,0.9490730968582793,20,0.31221799999999994,20,0.31221799999999994,1.0,67,0.5665340000000001,0.0,0.0,60,0.6
strong_market_effective_participation_v1,baseline_2y_1y_5fold,3,2023-04-03,2024-03-29,2023-04-13,SH.000300,2023-04-03,available,300,0.999995,73,0.596934,67,0.5665340000000001,0.9490730968582793,20,0.31221799999999994,20,0.31221799999999994,1.0,67,0.5665340000000001,0.0,0.0,60,0.6
strong_market_effective_participation_v1,baseline_2y_1y_5fold,3,2023-04-03,2024-03-29,2023-04-14,SH.000300,2023-04-03,available,300,0.999995,73,0.596934,67,0.5665340000000001,0.9490730968582793,20,0.31221799999999994,20,0.31221799999999994,1.0,67,0.5665340000000001,0.0,0.0,60,0.6
strong_market_effective_participation_v1,baseline_2y_1y_5fold,3,2023-04-03,2024-03-29,2023-04-17,SH.000300,2023-04-03,available,300,0.999995,73,0.596934,67,0.5665340000000001,0.9490730968582793,20,0.31221799999999994,20,0.31221799999999994,1.0,67,0.5665340000000001,0.0,0.0,60,0.6
strong_market_effective_participation_v1,baseline_2y_1y_5fold,3,2023-04-03,2024-03-29,2023-04-18,SH.000300,2023-04-03,available,300,0.999995,73,0.596934,67,0.5665340000000001,0.9490730968582793,20,0.31221799999999994,20,0.31221799999999994,1.0,67,0.5665340000000001,0.0,0.0,60,0.6
strong_market_effective_participation_v1,baseline_2y_1y_5fold,3,2023-04-03,2024-03-29,2023-04-19,SH.000300,2023-04-03,available,300,0.999995,73,0.596934,67,0.5665340000000001,0.9490730968582793,20,0.31221799999999994,20,0.31221799999999994,1.0,67,0.5665340000000001,0.0,0.0,60,0.6
strong_market_effective_participation_v1,baseline_2y_1y_5fold,3,2023-04-03,2024-03-29,2023-04-20,SH.000300,2023-04-03,available,300,0.999995,73,0.596934,67,0.5665340000000001,0.9490730968582793,20,0.31221799999999994,20,0.31221799999999994,1.0,67,0.5665340000000001,0.0,0.0,60,0.6
strong_market_effective_participation_v1,baseline_2y_1y_5fold,3,2023-04-03,2024-03-29,2023-04-21,SH.000300,2023-04-03,available,300,0.999995,73,0.596934,67,0.5665340000000001,0.9490730968582793,20,0.31221799999999994,20,0.31221799999999994,1.0,67,0.5665340000000001,0.0,0.0,60,0.6
strong_market_effective_participation_v1,baseline_2y_1y_5fold,3,2023-04-03,2024-03-29,2023-04-24,SH.000300,2023-04-03,available,300,0.999995,73,0.596934,67,0.5665340000000001,0.9490730968582793,20,0.31221799999999994,20,0.31221799999999994,1.0,67,0.5665340000000001,0.0,0.0,60,0.6
strong_market_effective_participation_v1,baseline_2y_1y_5fold,3,2023-04-03,2024-03-29,2023-04-25,SH.000300,2023-04-03,available,300,0.999995,73,0.596934,67,0.5665340000000001,0.9490730968582793,20,0.31221799999999994,20,0.31221799999999994,1.0,67,0.5665340000000001,0.0,0.0,60,0.6
strong_market_effective_participation_v1,baseline_2y_1y_5fold,3,2023-04-03,2024-03-29,2023-04-26,SH.000300,2023-04-03,available,300,0.999995,73,0.596934,67,0.5665340000000001,0.9490730968582793,20,0.31221799999999994,20,0.31221799999999994,1.0,67,0.5665340000000001,0.0,0.0,60,0.6
strong_market_effective_participation_v1,baseline_2y_1y_5fold,3,2023-04-03,2024-03-29,2023-04-27,SH.000300,2023-04-03,available,300,0.999995,73,0.596934,67,0.5665340000000001,0.9490730968582793,20,0.31221799999999994,20,0.31221799999999994,1.0,67,0.5665340000000001,0.0,0.0,60,0.6
strong_market_effective_participation_v1,baseline_2y_1y_5fold,3,2023-04-03,2024-03-29,2023-04-28,SH.000300,2023-04-03,available,300,0.999995,73,0.596934,67,0.5665340000000001,0.9490730968582793,20,0.31221799999999994,20,0.31221799999999994,1.0,67,0.5665340000000001,0.0,0.0,60,0.6
strong_market_effective_participation_v1,baseline_2y_1y_5fold,3,2023-04-03,2024-03-29,2023-05-04,SH.000300,2023-04-28,available,300,1.00005,72,0.59684,67,0.5682799999999999,0.9521479793579517,20,0.31385,20,0.31385,1.0,67,0.5682799999999999,0.0,0.0,60,0.6
strong_market_effective_participation_v1,baseline_2y_1y_5fold,3,2023-04-03,2024-03-29,2023-05-05,SH.000300,2023-04-28,available,300,1.00005,72,0.59684,67,0.5682799999999999,0.9521479793579517,20,0.31385,20,0.31385,1.0,67,0.5682799999999999,0.0,0.0,60,0.6
strong_market_effective_participation_v1,baseline_2y_1y_5fold,3,2023-04-03,2024-03-29,2023-05-08,SH.000300,2023-04-28,available,300,1.00005,72,0.59684,67,0.5682799999999999,0.9521479793579517,20,0.31385,20,0.31385,1.0,67,0.5682799999999999,0.0,0.0,60,0.6
strong_market_effective_participation_v1,baseline_2y_1y_5fold,3,2023-04-03,2024-03-29,2023-05-09,SH.000300,2023-04-28,available,300,1.00005,72,0.59684,67,0.5682799999999999,0.9521479793579517,20,0.31385,20,0.31385,1.0,67,0.5682799999999999,0.0,0.0,60,0.6
strong_market_effective_participation_v1,baseline_2y_1y_5fold,3,2023-04-03,2024-03-29,2023-05-10,SH.000300,2023-04-28,available,300,1.00005,72,0.59684,67,0.5682799999999999,0.9521479793579517,20,0.31385,20,0.31385,1.0,67,0.5682799999999999,0.0,0.0,60,0.6
strong_market_effective_participation_v1,baseline_2y_1y_5fold,3,2023-04-03,2024-03-29,2023-05-11,SH.000300,2023-04-28,available,300,1.00005,72,0.59684,67,0.5682799999999999,0.9521479793579517,20,0.31385,20,0.31385,1.0,67,0.5682799999999999,0.0,0.0,60,0.6
strong_market_effective_participation_v1,baseline_2y_1y_5fold,3,2023-04-03,2024-03-29,2023-05-12,SH.000300,2023-04-28,available,300,1.00005,72,0.59684,67,0.5682799999999999,0.9521479793579517,20,0.31385,20,0.31385,1.0,67,0.5682799999999999,0.0,0.0,60,0.6
strong_market_effective_participation_v1,baseline_2y_1y_5fold,3,2023-04-03,2024-03-29,2023-05-15,SH.000300,2023-04-28,available,300,1.00005,72,0.59684,67,0.5682799999999999,0.9521479793579517,20,0.31385,20,0.31385,1.0,67,0.5682799999999999,0.0,0.0,60,0.6
strong_market_effective_participation_v1,baseline_2y_1y_5fold,3,2023-04-03,2024-03-29,2023-05-16,SH.000300,2023-04-28,available,300,1.00005,72,0.59684,67,0.5682799999999999,0.9521479793579517,20,0.31385,20,0.31385,1.0,67,0.5682799999999999,0.0,0.0,60,0.6
strong_market_effective_participation_v1,baseline_2y_1y_5fold,3,2023-04-03,2024-03-29,2023-05-17,SH.000300,2023-04-28,available,300,1.00005,72,0.59684,67,0.5682799999999999,0.9521479793579517,20,0.31385,20,0.31385,1.0,67,0.5682799999999999,0.0,0.0,60,0.6
strong_market_effective_participation_v1,baseline_2y_1y_5fold,3,2023-04-03,2024-03-29,2023-05-18,SH.000300,2023-04-28,available,300,1.00005,72,0.59684,67,0.5682799999999999,0.9521479793579517,20,0.31385,20,0.31385,1.0,67,0.5682799999999999,0.0,0.0,60,0.6
strong_market_effective_participation_v1,baseline_2y_1y_5fold,3,2023-04-03,2024-03-29,2023-05-19,SH.000300,2023-04-28,available,300,1.00005,72,0.59684,67,0.5682799999999999,0.9521479793579517,20,0.31385,20,0.31385,1.0,67,0.5682799999999999,0.0,0.0,60,0.6
strong_market_effective_participation_v1,baseline_2y_1y_5fold,3,2023-04-03,2024-03-29,2023-05-22,SH.000300,2023-04-28,available,300,1.00005,72,0.59684,67,0.5682799999999999,0.9521479793579517,20,0.31385,20,0.31385,1.0,67,0.5682799999999999,0.0,0.0,60,0.6
strong_market_effective_participation_v1,baseline_2y_1y_5fold,3,2023-04-03,2024-03-29,2023-05-23,SH.000300,2023-04-28,available,300,1.00005,72,0.59684,67,0.5682799999999999,0.9521479793579517,20,0.31385,20,0.31385,1.0,67,0.5682799999999999,0.0,0.0,60,0.6
strong_market_effective_participation_v1,baseline_2y_1y_5fold,3,2023-04-03,2024-03-29,2023-05-24,SH.000300,2023-04-28,available,300,1.00005,72,0.59684,67,0.5682799999999999,0.9521479793579517,20,0.31385,20,0.31385,1.0,67,0.5682799999999999,0.0,0.0,60,0.6
strong_market_effective_participation_v1,baseline_2y_1y_5fold,3,2023-04-03,2024-03-29,2023-05-25,SH.000300,2023-04-28,available,300,1.00005,72,0.59684,67,0.5682799999999999,0.9521479793579517,20,0.31385,20,0.31385,1.0,67,0.5682799999999999,0.0,0.0,60,0.6
strong_market_effective_participation_v1,baseline_2y_1y_5fold,3,2023-04-03,2024-03-29,2023-05-26,SH.000300,2023-04-28,available,300,1.00005,72,0.59684,67,0.5682799999999999,0.9521479793579517,20,0.31385,20,0.31385,1.0,67,0.5682799999999999,0.0,0.0,60,0.6
strong_market_effective_participation_v1,baseline_2y_1y_5fold,3,2023-04-03,2024-03-29,2023-05-29,SH.000300,2023-04-28,available,300,1.00005,72,0.59684,67,0.5682799999999999,0.9521479793579517,20,0.31385,20,0.31385,1.0,67,0.5682799999999999,0.0,0.0,60,0.6
strong_market_effective_participation_v1,baseline_2y_1y_5fold,3,2023-04-03,2024-03-29,2023-05-30,SH.000300,2023-04-28,available,300,1.00005,72,0.59684,67,0.5682799999999999,0.9521479793579517,20,0.31385,20,0.31385,1.0,67,0.5682799999999999,0.0,0.0,60,0.6
strong_market_effective_participation_v1,baseline_2y_1y_5fold,3,2023-04-03,2024-03-29,2023-05-31,SH.000300,2023-04-28,available,300,1.00005,72,0.59684,67,0.5682799999999999,0.9521479793579517,20,0.31385,20,0.31385,1.0,67,0.5682799999999999,0.0,0.0,60,0.6
strong_market_effective_participation_v1,baseline_2y_1y_5fold,3,2023-04-03,2024-03-29,2023-06-01,SH.000300,2023-05-31,available,300,1.00001,73,0.59622,67,0.5606300000000001,0.9403072691288452,20,0.30939999999999995,19,0.30060999999999993,0.9715901745313509,67,0.5606300000000001,0.0,0.0,60,0.6
strong_market_effective_participation_v1,baseline_2y_1y_5fold,3,2023-04-03,2024-03-29,2023-06-02,SH.000300,2023-06-01,available,300,0.999992,73,0.596929,67,0.5619810000000001,0.9414536737199902,20,0.30988299999999996,19,0.301162,0.9718571202679722,67,0.5619810000000001,0.0,0.0,60,0.6
strong_market_effective_participation_v1,baseline_2y_1y_5fold,3,2023-04-03,2024-03-29,2023-06-05,SH.000300,2023-06-02,available,300,1.000008,73,0.5986210000000001,67,0.564023,0.9422038318067693,20,0.312148,19,0.303565,0.9725034278611427,67,0.564023,0.0,0.0,60,0.6
strong_market_effective_participation_v1,baseline_2y_1y_5fold,3,2023-04-03,2024-03-29,2023-06-06,SH.000300,2023-06-02,available,300,1.000008,73,0.5986210000000001,67,0.564023,0.9422038318067693,20,0.312148,19,0.303565,0.9725034278611427,67,0.564023,0.0,0.0,60,0.6
strong_market_effective_participation_v1,baseline_2y_1y_5fold,3,2023-04-03,2024-03-29,2023-06-07,SH.000300,2023-06-02,available,300,1.000008,73,0.5986210000000001,67,0.564023,0.9422038318067693,20,0.312148,19,0.303565,0.9725034278611427,67,0.564023,0.0,0.0,60,0.6
strong_market_effective_participation_v1,baseline_2y_1y_5fold,3,2023-04-03,2024-03-29,2023-06-08,SH.000300,2023-06-02,available,300,1.000008,73,0.5986210000000001,67,0.564023,0.9422038318067693,20,0.312148,19,0.303565,0.9725034278611427,67,0.564023,0.0,0.0,60,0.6
strong_market_effective_participation_v1,baseline_2y_1y_5fold,3,2023-04-03,2024-03-29,2023-06-09,SH.000300,2023-06-02,available,300,1.000008,73,0.5986210000000001,67,0.564023,0.9422038318067693,20,0.312148,19,0.303565,0.9725034278611427,67,0.564023,0.0,0.0,60,0.6
strong_market_effective_participation_v1,baseline_2y_1y_5fold,3,2023-04-03,2024-03-29,2023-06-12,SH.000300,2023-06-02,available,300,1.000008,73,0.5986210000000001,67,0.564023,0.9422038318067693,20,0.312148,19,0.303565,0.9725034278611427,67,0.564023,0.0,0.0,60,0.6
strong_market_effective_participation_v1,baseline_2y_1y_5fold,3,2023-04-03,2024-03-29,2023-06-13,SH.000300,2023-06-02,available,300,1.000008,73,0.5986210000000001,67,0.564023,0.9422038318067693,20,0.312148,19,0.303565,0.9725034278611427,67,0.564023,0.0,0.0,60,0.6
strong_market_effective_participation_v1,baseline_2y_1y_5fold,3,2023-04-03,2024-03-29,2023-06-14,SH.000300,2023-06-02,available,300,1.000008,73,0.5986210000000001,67,0.564023,0.9422038318067693,20,0.312148,19,0.303565,0.9725034278611427,67,0.564023,0.0,0.0,60,0.6
strong_market_effective_participation_v1,baseline_2y_1y_5fold,3,2023-04-03,2024-03-29,2023-06-15,SH.000300,2023-06-02,available,300,1.000008,73,0.5986210000000001,67,0.564023,0.9422038318067693,20,0.312148,19,0.303565,0.9725034278611427,67,0.564023,0.0,0.0,60,0.6
strong_market_effective_participation_v1,baseline_2y_1y_5fold,3,2023-04-03,2024-03-29,2023-06-16,SH.000300,2023-06-02,available,300,1.000008,73,0.5986210000000001,67,0.564023,0.9422038318067693,20,0.312148,19,0.303565,0.9725034278611427,67,0.564023,0.0,0.0,60,0.6
strong_market_effective_participation_v1,baseline_2y_1y_5fold,3,2023-04-03,2024-03-29,2023-06-19,SH.000300,2023-06-02,available,300,1.000008,73,0.5986210000000001,67,0.564023,0.9422038318067693,20,0.312148,19,0.303565,0.9725034278611427,67,0.564023,0.0,0.0,60,0.6
strong_market_effective_participation_v1,baseline_2y_1y_5fold,3,2023-04-03,2024-03-29,2023-06-20,SH.000300,2023-06-02,available,300,1.000008,73,0.5986210000000001,67,0.564023,0.9422038318067693,20,0.312148,19,0.303565,0.9725034278611427,67,0.564023,0.0,0.0,60,0.6
strong_market_effective_participation_v1,baseline_2y_1y_5fold,3,2023-04-03,2024-03-29,2023-06-21,SH.000300,2023-06-02,available,300,1.000008,73,0.5986210000000001,67,0.564023,0.9422038318067693,20,0.312148,19,0.303565,0.9725034278611427,67,0.564023,0.0,0.0,60,0.6
strong_market_effective_participation_v1,baseline_2y_1y_5fold,3,2023-04-03,2024-03-29,2023-06-26,SH.000300,2023-06-02,available,300,1.000008,73,0.5986210000000001,67,0.564023,0.9422038318067693,20,0.312148,19,0.303565,0.9725034278611427,67,0.564023,0.0,0.0,60,0.6
strong_market_effective_participation_v1,baseline_2y_1y_5fold,3,2023-04-03,2024-03-29,2023-06-27,SH.000300,2023-06-02,available,300,1.000008,73,0.5986210000000001,67,0.564023,0.9422038318067693,20,0.312148,19,0.303565,0.9725034278611427,67,0.564023,0.0,0.0,60,0.6
strong_market_effective_participation_v1,baseline_2y_1y_5fold,3,2023-04-03,2024-03-29,2023-06-28,SH.000300,2023-06-02,available,300,1.000008,73,0.5986210000000001,67,0.564023,0.9422038318067693,20,0.312148,19,0.303565,0.9725034278611427,67,0.564023,0.0,0.0,60,0.6
strong_market_effective_participation_v1,baseline_2y_1y_5fold,3,2023-04-03,2024-03-29,2023-06-29,SH.000300,2023-06-02,available,300,1.000008,73,0.5986210000000001,67,0.564023,0.9422038318067693,20,0.312148,19,0.303565,0.9725034278611427,67,0.564023,0.0,0.0,60,0.6
strong_market_effective_participation_v1,baseline_2y_1y_5fold,3,2023-04-03,2024-03-29,2023-06-30,SH.000300,2023-06-02,available,300,1.000008,73,0.5986210000000001,67,0.564023,0.9422038318067693,20,0.312148,19,0.303565,0.9725034278611427,67,0.564023,0.0,0.0,60,0.6
strong_market_effective_participation_v1,baseline_2y_1y_5fold,3,2023-04-03,2024-03-29,2023-07-03,SH.000300,2023-06-30,available,300,0.99989,74,0.5961599999999999,69,0.56676,0.9506843800322063,20,0.30732,19,0.29889,0.9725693088637252,69,0.56676,0.0,0.0,60,0.6
strong_market_effective_participation_v1,baseline_2y_1y_5fold,3,2023-04-03,2024-03-29,2023-07-04,SH.000300,2023-07-03,available,300,1.0000040000000001,74,0.597479,69,0.5679029999999999,0.9504986786146458,20,0.309056,19,0.300603,0.9726489697659971,69,0.5679029999999999,0.0,0.0,60,0.6
strong_market_effective_participation_v1,baseline_2y_1y_5fold,3,2023-04-03,2024-03-29,2023-07-05,SH.000300,2023-07-03,available,300,1.0000040000000001,74,0.597479,69,0.5679029999999999,0.9504986786146458,20,0.309056,19,0.300603,0.9726489697659971,69,0.5679029999999999,0.0,0.0,60,0.6
strong_market_effective_participation_v1,baseline_2y_1y_5fold,3,2023-04-03,2024-03-29,2023-07-06,SH.000300,2023-07-03,available,300,1.0000040000000001,74,0.597479,69,0.5679029999999999,0.9504986786146458,20,0.309056,19,0.300603,0.9726489697659971,69,0.5679029999999999,0.0,0.0,60,0.6
strong_market_effective_participation_v1,baseline_2y_1y_5fold,3,2023-04-03,2024-03-29,2023-07-07,SH.000300,2023-07-03,available,300,1.0000040000000001,74,0.597479,69,0.5679029999999999,0.9504986786146458,20,0.309056,19,0.300603,0.9726489697659971,69,0.5679029999999999,0.0,0.0,60,0.6
strong_market_effective_participation_v1,baseline_2y_1y_5fold,3,2023-04-03,2024-03-29,2023-07-10,SH.000300,2023-07-03,available,300,1.0000040000000001,74,0.597479,69,0.5679029999999999,0.9504986786146458,20,0.309056,19,0.300603,0.9726489697659971,69,0.5679029999999999,0.0,0.0,60,0.6
strong_market_effective_participation_v1,baseline_2y_1y_5fold,3,2023-04-03,2024-03-29,2023-07-11,SH.000300,2023-07-03,available,300,1.0000040000000001,74,0.597479,69,0.5679029999999999,0.9504986786146458,20,0.309056,19,0.300603,0.9726489697659971,69,0.5679029999999999,0.0,0.0,60,0.6
strong_market_effective_participation_v1,baseline_2y_1y_5fold,3,2023-04-03,2024-03-29,2023-07-12,SH.000300,2023-07-03,available,300,1.0000040000000001,74,0.597479,69,0.5679029999999999,0.9504986786146458,20,0.309056,19,0.300603,0.9726489697659971,69,0.5679029999999999,0.0,0.0,60,0.6
strong_market_effective_participation_v1,baseline_2y_1y_5fold,3,2023-04-03,2024-03-29,2023-07-13,SH.000300,2023-07-03,available,300,1.0000040000000001,74,0.597479,69,0.5679029999999999,0.9504986786146458,20,0.309056,19,0.300603,0.9726489697659971,69,0.5679029999999999,0.0,0.0,60,0.6
strong_market_effective_participation_v1,baseline_2y_1y_5fold,3,2023-04-03,2024-03-29,2023-07-14,SH.000300,2023-07-03,available,300,1.0000040000000001,74,0.597479,69,0.5679029999999999,0.9504986786146458,20,0.309056,19,0.300603,0.9726489697659971,69,0.5679029999999999,0.0,0.0,60,0.6
strong_market_effective_participation_v1,baseline_2y_1y_5fold,3,2023-04-03,2024-03-29,2023-07-17,SH.000300,2023-07-03,available,300,1.0000040000000001,74,0.597479,69,0.5679029999999999,0.9504986786146458,20,0.309056,19,0.300603,0.9726489697659971,69,0.5679029999999999,0.0,0.0,60,0.6
strong_market_effective_participation_v1,baseline_2y_1y_5fold,3,2023-04-03,2024-03-29,2023-07-18,SH.000300,2023-07-03,available,300,1.0000040000000001,74,0.597479,69,0.5679029999999999,0.9504986786146458,20,0.309056,19,0.300603,0.9726489697659971,69,0.5679029999999999,0.0,0.0,60,0.6
strong_market_effective_participation_v1,baseline_2y_1y_5fold,3,2023-04-03,2024-03-29,2023-07-19,SH.000300,2023-07-03,available,300,1.0000040000000001,74,0.597479,69,0.5679029999999999,0.9504986786146458,20,0.309056,19,0.300603,0.9726489697659971,69,0.5679029999999999,0.0,0.0,60,0.6
strong_market_effective_participation_v1,baseline_2y_1y_5fold,3,2023-04-03,2024-03-29,2023-07-20,SH.000300,2023-07-03,available,300,1.0000040000000001,74,0.597479,69,0.5679029999999999,0.9504986786146458,20,0.309056,19,0.300603,0.9726489697659971,69,0.5679029999999999,0.0,0.0,60,0.6
strong_market_effective_participation_v1,baseline_2y_1y_5fold,3,2023-04-03,2024-03-29,2023-07-21,SH.000300,2023-07-03,available,300,1.0000040000000001,74,0.597479,69,0.5679029999999999,0.9504986786146458,20,0.309056,19,0.300603,0.9726489697659971,69,0.5679029999999999,0.0,0.0,60,0.6
strong_market_effective_participation_v1,baseline_2y_1y_5fold,3,2023-04-03,2024-03-29,2023-07-24,SH.000300,2023-07-03,available,300,1.0000040000000001,74,0.597479,69,0.5679029999999999,0.9504986786146458,20,0.309056,19,0.300603,0.9726489697659971,69,0.5679029999999999,0.0,0.0,60,0.6
strong_market_effective_participation_v1,baseline_2y_1y_5fold,3,2023-04-03,2024-03-29,2023-07-25,SH.000300,2023-07-03,available,300,1.0000040000000001,74,0.597479,69,0.5679029999999999,0.9504986786146458,20,0.309056,19,0.300603,0.9726489697659971,69,0.5679029999999999,0.0,0.0,60,0.6
strong_market_effective_participation_v1,baseline_2y_1y_5fold,3,2023-04-03,2024-03-29,2023-07-26,SH.000300,2023-07-03,available,300,1.0000040000000001,74,0.597479,69,0.5679029999999999,0.9504986786146458,20,0.309056,19,0.300603,0.9726489697659971,69,0.5679029999999999,0.0,0.0,60,0.6
strong_market_effective_participation_v1,baseline_2y_1y_5fold,3,2023-04-03,2024-03-29,2023-07-27,SH.000300,2023-07-03,available,300,1.0000040000000001,74,0.597479,69,0.5679029999999999,0.9504986786146458,20,0.309056,19,0.300603,0.9726489697659971,69,0.5679029999999999,0.0,0.0,60,0.6
strong_market_effective_participation_v1,baseline_2y_1y_5fold,3,2023-04-03,2024-03-29,2023-07-28,SH.000300,2023-07-03,available,300,1.0000040000000001,74,0.597479,69,0.5679029999999999,0.9504986786146458,20,0.309056,19,0.300603,0.9726489697659971,69,0.5679029999999999,0.0,0.0,60,0.6
strong_market_effective_participation_v1,baseline_2y_1y_5fold,3,2023-04-03,2024-03-29,2023-07-31,SH.000300,2023-07-03,available,300,1.0000040000000001,74,0.597479,69,0.5679029999999999,0.9504986786146458,20,0.309056,19,0.300603,0.9726489697659971,69,0.5679029999999999,0.0,0.0,60,0.6
strong_market_effective_participation_v1,baseline_2y_1y_5fold,3,2023-04-03,2024-03-29,2023-08-01,SH.000300,2023-07-31,available,300,0.99997,73,0.59876,68,0.56924,0.9506981094261474,20,0.31635,20,0.31635,1.0,68,0.56924,0.0,0.0,60,0.6
strong_market_effective_participation_v1,baseline_2y_1y_5fold,3,2023-04-03,2024-03-29,2023-08-02,SH.000300,2023-08-01,available,300,1.0000010000000001,73,0.597685,68,0.568062,0.9504371031563448,20,0.315235,20,0.315235,1.0,68,0.568062,0.0,0.0,60,0.6
strong_market_effective_participation_v1,baseline_2y_1y_5fold,3,2023-04-03,2024-03-29,2023-08-03,SH.000300,2023-08-01,available,300,1.0000010000000001,73,0.597685,68,0.568062,0.9504371031563448,20,0.315235,20,0.315235,1.0,68,0.568062,0.0,0.0,60,0.6
strong_market_effective_participation_v1,baseline_2y_1y_5fold,3,2023-04-03,2024-03-29,2023-08-04,SH.000300,2023-08-01,available,300,1.0000010000000001,73,0.597685,68,0.568062,0.9504371031563448,20,0.315235,20,0.315235,1.0,68,0.568062,0.0,0.0,60,0.6
strong_market_effective_participation_v1,baseline_2y_1y_5fold,3,2023-04-03,2024-03-29,2023-08-07,SH.000300,2023-08-01,available,300,1.0000010000000001,73,0.597685,68,0.568062,0.9504371031563448,20,0.315235,20,0.315235,1.0,68,0.568062,0.0,0.0,60,0.6
strong_market_effective_participation_v1,baseline_2y_1y_5fold,3,2023-04-03,2024-03-29,2023-08-08,SH.000300,2023-08-01,available,300,1.0000010000000001,73,0.597685,68,0.568062,0.9504371031563448,20,0.315235,20,0.315235,1.0,68,0.568062,0.0,0.0,60,0.6
strong_market_effective_participation_v1,baseline_2y_1y_5fold,3,2023-04-03,2024-03-29,2023-08-09,SH.000300,2023-08-01,available,300,1.0000010000000001,73,0.597685,68,0.568062,0.9504371031563448,20,0.315235,20,0.315235,1.0,68,0.568062,0.0,0.0,60,0.6
strong_market_effective_participation_v1,baseline_2y_1y_5fold,3,2023-04-03,2024-03-29,2023-08-10,SH.000300,2023-08-01,available,300,1.0000010000000001,73,0.597685,68,0.568062,0.9504371031563448,20,0.315235,20,0.315235,1.0,68,0.568062,0.0,0.0,60,0.6
strong_market_effective_participation_v1,baseline_2y_1y_5fold,3,2023-04-03,2024-03-29,2023-08-11,SH.000300,2023-08-01,available,300,1.0000010000000001,73,0.597685,68,0.568062,0.9504371031563448,20,0.315235,20,0.315235,1.0,68,0.568062,0.0,0.0,60,0.6
strong_market_effective_participation_v1,baseline_2y_1y_5fold,3,2023-04-03,2024-03-29,2023-08-14,SH.000300,2023-08-01,available,300,1.0000010000000001,73,0.597685,68,0.568062,0.9504371031563448,20,0.315235,20,0.315235,1.0,68,0.568062,0.0,0.0,60,0.6
strong_market_effective_participation_v1,baseline_2y_1y_5fold,3,2023-04-03,2024-03-29,2023-08-15,SH.000300,2023-08-01,available,300,1.0000010000000001,73,0.597685,68,0.568062,0.9504371031563448,20,0.315235,20,0.315235,1.0,68,0.568062,0.0,0.0,60,0.6
strong_market_effective_participation_v1,baseline_2y_1y_5fold,3,2023-04-03,2024-03-29,2023-08-16,SH.000300,2023-08-01,available,300,1.0000010000000001,73,0.597685,68,0.568062,0.9504371031563448,20,0.315235,20,0.315235,1.0,68,0.568062,0.0,0.0,60,0.6
strong_market_effective_participation_v1,baseline_2y_1y_5fold,3,2023-04-03,2024-03-29,2023-08-17,SH.000300,2023-08-01,available,300,1.0000010000000001,73,0.597685,68,0.568062,0.9504371031563448,20,0.315235,20,0.315235,1.0,68,0.568062,0.0,0.0,60,0.6
strong_market_effective_participation_v1,baseline_2y_1y_5fold,3,2023-04-03,2024-03-29,2023-08-18,SH.000300,2023-08-01,available,300,1.0000010000000001,73,0.597685,68,0.568062,0.9504371031563448,20,0.315235,20,0.315235,1.0,68,0.568062,0.0,0.0,60,0.6
strong_market_effective_participation_v1,baseline_2y_1y_5fold,3,2023-04-03,2024-03-29,2023-08-21,SH.000300,2023-08-01,available,300,1.0000010000000001,73,0.597685,68,0.568062,0.9504371031563448,20,0.315235,20,0.315235,1.0,68,0.568062,0.0,0.0,60,0.6
strong_market_effective_participation_v1,baseline_2y_1y_5fold,3,2023-04-03,2024-03-29,2023-08-22,SH.000300,2023-08-01,available,300,1.0000010000000001,73,0.597685,68,0.568062,0.9504371031563448,20,0.315235,20,0.315235,1.0,68,0.568062,0.0,0.0,60,0.6
strong_market_effective_participation_v1,baseline_2y_1y_5fold,3,2023-04-03,2024-03-29,2023-08-23,SH.000300,2023-08-01,available,300,1.0000010000000001,73,0.597685,68,0.568062,0.9504371031563448,20,0.315235,20,0.315235,1.0,68,0.568062,0.0,0.0,60,0.6
strong_market_effective_participation_v1,baseline_2y_1y_5fold,3,2023-04-03,2024-03-29,2023-08-24,SH.000300,2023-08-01,available,300,1.0000010000000001,73,0.597685,68,0.568062,0.9504371031563448,20,0.315235,20,0.315235,1.0,68,0.568062,0.0,0.0,60,0.6
strong_market_effective_participation_v1,baseline_2y_1y_5fold,3,2023-04-03,2024-03-29,2023-08-25,SH.000300,2023-08-01,available,300,1.0000010000000001,73,0.597685,68,0.568062,0.9504371031563448,20,0.315235,20,0.315235,1.0,68,0.568062,0.0,0.0,60,0.6
strong_market_effective_participation_v1,baseline_2y_1y_5fold,3,2023-04-03,2024-03-29,2023-08-28,SH.000300,2023-08-01,available,300,1.0000010000000001,73,0.597685,68,0.568062,0.9504371031563448,20,0.315235,20,0.315235,1.0,68,0.568062,0.0,0.0,60,0.6
strong_market_effective_participation_v1,baseline_2y_1y_5fold,3,2023-04-03,2024-03-29,2023-08-29,SH.000300,2023-08-01,available,300,1.0000010000000001,73,0.597685,68,0.568062,0.9504371031563448,20,0.315235,20,0.315235,1.0,68,0.568062,0.0,0.0,60,0.6
strong_market_effective_participation_v1,baseline_2y_1y_5fold,3,2023-04-03,2024-03-29,2023-08-30,SH.000300,2023-08-01,available,300,1.0000010000000001,73,0.597685,68,0.568062,0.9504371031563448,20,0.315235,20,0.315235,1.0,68,0.568062,0.0,0.0,60,0.6
strong_market_effective_participation_v1,baseline_2y_1y_5fold,3,2023-04-03,2024-03-29,2023-08-31,SH.000300,2023-08-01,available,300,1.0000010000000001,73,0.597685,68,0.568062,0.9504371031563448,20,0.315235,20,0.315235,1.0,68,0.568062,0.0,0.0,60,0.6
strong_market_effective_participation_v1,baseline_2y_1y_5fold,3,2023-04-03,2024-03-29,2023-09-01,SH.000300,2023-08-31,available,300,0.9999699999999999,72,0.5999099999999999,67,0.5703200000000002,0.9506759347235422,20,0.32032,20,0.32032,1.0,67,0.5703200000000002,0.0,0.0,60,0.6
strong_market_effective_participation_v1,baseline_2y_1y_5fold,3,2023-04-03,2024-03-29,2023-09-04,SH.000300,2023-09-01,available,300,1.000004,71,0.5964029999999998,66,0.566922,0.9505686591113731,20,0.32123799999999997,20,0.32123799999999997,1.0,66,0.566922,0.0,0.0,60,0.6
strong_market_effective_participation_v1,baseline_2y_1y_5fold,3,2023-04-03,2024-03-29,2023-09-05,SH.000300,2023-09-01,available,300,1.000004,71,0.5964029999999998,66,0.566922,0.9505686591113731,20,0.32123799999999997,20,0.32123799999999997,1.0,66,0.566922,0.0,0.0,60,0.6
strong_market_effective_participation_v1,baseline_2y_1y_5fold,3,2023-04-03,2024-03-29,2023-09-06,SH.000300,2023-09-01,available,300,1.000004,71,0.5964029999999998,66,0.566922,0.9505686591113731,20,0.32123799999999997,20,0.32123799999999997,1.0,66,0.566922,0.0,0.0,60,0.6
strong_market_effective_participation_v1,baseline_2y_1y_5fold,3,2023-04-03,2024-03-29,2023-09-07,SH.000300,2023-09-01,available,300,1.000004,71,0.5964029999999998,66,0.566922,0.9505686591113731,20,0.32123799999999997,20,0.32123799999999997,1.0,66,0.566922,0.0,0.0,60,0.6
strong_market_effective_participation_v1,baseline_2y_1y_5fold,3,2023-04-03,2024-03-29,2023-09-08,SH.000300,2023-09-01,available,300,1.000004,71,0.5964029999999998,66,0.566922,0.9505686591113731,20,0.32123799999999997,20,0.32123799999999997,1.0,66,0.566922,0.0,0.0,60,0.6
strong_market_effective_participation_v1,baseline_2y_1y_5fold,3,2023-04-03,2024-03-29,2023-09-11,SH.000300,2023-09-01,available,300,1.000004,71,0.5964029999999998,66,0.566922,0.9505686591113731,20,0.32123799999999997,20,0.32123799999999997,1.0,66,0.566922,0.0,0.0,60,0.6
strong_market_effective_participation_v1,baseline_2y_1y_5fold,3,2023-04-03,2024-03-29,2023-09-12,SH.000300,2023-09-01,available,300,1.000004,71,0.5964029999999998,66,0.566922,0.9505686591113731,20,0.32123799999999997,20,0.32123799999999997,1.0,66,0.566922,0.0,0.0,60,0.6
strong_market_effective_participation_v1,baseline_2y_1y_5fold,3,2023-04-03,2024-03-29,2023-09-13,SH.000300,2023-09-01,available,300,1.000004,71,0.5964029999999998,66,0.566922,0.9505686591113731,20,0.32123799999999997,20,0.32123799999999997,1.0,66,0.566922,0.0,0.0,60,0.6
strong_market_effective_participation_v1,baseline_2y_1y_5fold,3,2023-04-03,2024-03-29,2023-09-14,SH.000300,2023-09-01,available,300,1.000004,71,0.5964029999999998,66,0.566922,0.9505686591113731,20,0.32123799999999997,20,0.32123799999999997,1.0,66,0.566922,0.0,0.0,60,0.6
strong_market_effective_participation_v1,baseline_2y_1y_5fold,3,2023-04-03,2024-03-29,2023-09-15,SH.000300,2023-09-01,available,300,1.000004,71,0.5964029999999998,66,0.566922,0.9505686591113731,20,0.32123799999999997,20,0.32123799999999997,1.0,66,0.566922,0.0,0.0,60,0.6
strong_market_effective_participation_v1,baseline_2y_1y_5fold,3,2023-04-03,2024-03-29,2023-09-18,SH.000300,2023-09-01,available,300,1.000004,71,0.5964029999999998,66,0.566922,0.9505686591113731,20,0.32123799999999997,20,0.32123799999999997,1.0,66,0.566922,0.0,0.0,60,0.6
strong_market_effective_participation_v1,baseline_2y_1y_5fold,3,2023-04-03,2024-03-29,2023-09-19,SH.000300,2023-09-01,available,300,1.000004,71,0.5964029999999998,66,0.566922,0.9505686591113731,20,0.32123799999999997,20,0.32123799999999997,1.0,66,0.566922,0.0,0.0,60,0.6
strong_market_effective_participation_v1,baseline_2y_1y_5fold,3,2023-04-03,2024-03-29,2023-09-20,SH.000300,2023-09-01,available,300,1.000004,71,0.5964029999999998,66,0.566922,0.9505686591113731,20,0.32123799999999997,20,0.32123799999999997,1.0,66,0.566922,0.0,0.0,60,0.6
strong_market_effective_participation_v1,baseline_2y_1y_5fold,3,2023-04-03,2024-03-29,2023-09-21,SH.000300,2023-09-01,available,300,1.000004,71,0.5964029999999998,66,0.566922,0.9505686591113731,20,0.32123799999999997,20,0.32123799999999997,1.0,66,0.566922,0.0,0.0,60,0.6
strong_market_effective_participation_v1,baseline_2y_1y_5fold,3,2023-04-03,2024-03-29,2023-09-22,SH.000300,2023-09-01,available,300,1.000004,71,0.5964029999999998,66,0.566922,0.9505686591113731,20,0.32123799999999997,20,0.32123799999999997,1.0,66,0.566922,0.0,0.0,60,0.6
strong_market_effective_participation_v1,baseline_2y_1y_5fold,3,2023-04-03,2024-03-29,2023-09-25,SH.000300,2023-09-01,available,300,1.000004,71,0.5964029999999998,66,0.566922,0.9505686591113731,20,0.32123799999999997,20,0.32123799999999997,1.0,66,0.566922,0.0,0.0,60,0.6
strong_market_effective_participation_v1,baseline_2y_1y_5fold,3,2023-04-03,2024-03-29,2023-09-26,SH.000300,2023-09-01,available,300,1.000004,71,0.5964029999999998,66,0.566922,0.9505686591113731,20,0.32123799999999997,20,0.32123799999999997,1.0,66,0.566922,0.0,0.0,60,0.6
strong_market_effective_participation_v1,baseline_2y_1y_5fold,3,2023-04-03,2024-03-29,2023-09-27,SH.000300,2023-09-01,available,300,1.000004,71,0.5964029999999998,66,0.566922,0.9505686591113731,20,0.32123799999999997,20,0.32123799999999997,1.0,66,0.566922,0.0,0.0,60,0.6
strong_market_effective_participation_v1,baseline_2y_1y_5fold,3,2023-04-03,2024-03-29,2023-09-28,SH.000300,2023-09-01,available,300,1.000004,71,0.5964029999999998,66,0.566922,0.9505686591113731,20,0.32123799999999997,20,0.32123799999999997,1.0,66,0.566922,0.0,0.0,60,0.6
strong_market_effective_participation_v1,baseline_2y_1y_5fold,3,2023-04-03,2024-03-29,2023-10-09,SH.000300,2023-09-28,available,300,1.00002,71,0.59624,66,0.5654499999999999,0.9483597209177511,20,0.32003000000000004,20,0.32003000000000004,1.0,66,0.5654499999999999,0.0,0.0,60,0.6
strong_market_effective_participation_v1,baseline_2y_1y_5fold,3,2023-04-03,2024-03-29,2023-10-10,SH.000300,2023-10-09,available,300,1.000009,72,0.598447,67,0.568071,0.9492419545924703,20,0.318232,20,0.318232,1.0,67,0.568071,0.0,0.0,60,0.6
strong_market_effective_participation_v1,baseline_2y_1y_5fold,3,2023-04-03,2024-03-29,2023-10-11,SH.000300,2023-10-09,available,300,1.000009,72,0.598447,67,0.568071,0.9492419545924703,20,0.318232,20,0.318232,1.0,67,0.568071,0.0,0.0,60,0.6
strong_market_effective_participation_v1,baseline_2y_1y_5fold,3,2023-04-03,2024-03-29,2023-10-12,SH.000300,2023-10-09,available,300,1.000009,72,0.598447,67,0.568071,0.9492419545924703,20,0.318232,20,0.318232,1.0,67,0.568071,0.0,0.0,60,0.6
strong_market_effective_participation_v1,baseline_2y_1y_5fold,3,2023-04-03,2024-03-29,2023-10-13,SH.000300,2023-10-09,available,300,1.000009,72,0.598447,67,0.568071,0.9492419545924703,20,0.318232,20,0.318232,1.0,67,0.568071,0.0,0.0,60,0.6
strong_market_effective_participation_v1,baseline_2y_1y_5fold,3,2023-04-03,2024-03-29,2023-10-16,SH.000300,2023-10-09,available,300,1.000009,72,0.598447,67,0.568071,0.9492419545924703,20,0.318232,20,0.318232,1.0,67,0.568071,0.0,0.0,60,0.6
strong_market_effective_participation_v1,baseline_2y_1y_5fold,3,2023-04-03,2024-03-29,2023-10-17,SH.000300,2023-10-09,available,300,1.000009,72,0.598447,67,0.568071,0.9492419545924703,20,0.318232,20,0.318232,1.0,67,0.568071,0.0,0.0,60,0.6
strong_market_effective_participation_v1,baseline_2y_1y_5fold,3,2023-04-03,2024-03-29,2023-10-18,SH.000300,2023-10-09,available,300,1.000009,72,0.598447,67,0.568071,0.9492419545924703,20,0.318232,20,0.318232,1.0,67,0.568071,0.0,0.0,60,0.6
strong_market_effective_participation_v1,baseline_2y_1y_5fold,3,2023-04-03,2024-03-29,2023-10-19,SH.000300,2023-10-09,available,300,1.000009,72,0.598447,67,0.568071,0.9492419545924703,20,0.318232,20,0.318232,1.0,67,0.568071,0.0,0.0,60,0.6
strong_market_effective_participation_v1,baseline_2y_1y_5fold,3,2023-04-03,2024-03-29,2023-10-20,SH.000300,2023-10-09,available,300,1.000009,72,0.598447,67,0.568071,0.9492419545924703,20,0.318232,20,0.318232,1.0,67,0.568071,0.0,0.0,60,0.6
strong_market_effective_participation_v1,baseline_2y_1y_5fold,3,2023-04-03,2024-03-29,2023-10-23,SH.000300,2023-10-09,available,300,1.000009,72,0.598447,67,0.568071,0.9492419545924703,20,0.318232,20,0.318232,1.0,67,0.568071,0.0,0.0,60,0.6
strong_market_effective_participation_v1,baseline_2y_1y_5fold,3,2023-04-03,2024-03-29,2023-10-24,SH.000300,2023-10-09,available,300,1.000009,72,0.598447,67,0.568071,0.9492419545924703,20,0.318232,20,0.318232,1.0,67,0.568071,0.0,0.0,60,0.6
strong_market_effective_participation_v1,baseline_2y_1y_5fold,3,2023-04-03,2024-03-29,2023-10-25,SH.000300,2023-10-09,available,300,1.000009,72,0.598447,67,0.568071,0.9492419545924703,20,0.318232,20,0.318232,1.0,67,0.568071,0.0,0.0,60,0.6
strong_market_effective_participation_v1,baseline_2y_1y_5fold,3,2023-04-03,2024-03-29,2023-10-26,SH.000300,2023-10-09,available,300,1.000009,72,0.598447,67,0.568071,0.9492419545924703,20,0.318232,20,0.318232,1.0,67,0.568071,0.0,0.0,60,0.6
strong_market_effective_participation_v1,baseline_2y_1y_5fold,3,2023-04-03,2024-03-29,2023-10-27,SH.000300,2023-10-09,available,300,1.000009,72,0.598447,67,0.568071,0.9492419545924703,20,0.318232,20,0.318232,1.0,67,0.568071,0.0,0.0,60,0.6
strong_market_effective_participation_v1,baseline_2y_1y_5fold,3,2023-04-03,2024-03-29,2023-10-30,SH.000300,2023-10-09,available,300,1.000009,72,0.598447,67,0.568071,0.9492419545924703,20,0.318232,20,0.318232,1.0,67,0.568071,0.0,0.0,60,0.6
strong_market_effective_participation_v1,baseline_2y_1y_5fold,3,2023-04-03,2024-03-29,2023-10-31,SH.000300,2023-10-09,available,300,1.000009,72,0.598447,67,0.568071,0.9492419545924703,20,0.318232,20,0.318232,1.0,67,0.568071,0.0,0.0,60,0.6
strong_market_effective_participation_v1,baseline_2y_1y_5fold,3,2023-04-03,2024-03-29,2023-11-01,SH.000300,2023-10-31,available,300,0.99997,71,0.59641,66,0.5654999999999999,0.9481732365319158,20,0.32047,20,0.32047,1.0,66,0.5654999999999999,0.0,0.0,60,0.6
strong_market_effective_participation_v1,baseline_2y_1y_5fold,3,2023-04-03,2024-03-29,2023-11-02,SH.000300,2023-11-01,available,300,0.9999929999999999,71,0.5985180000000001,66,0.5674890000000001,0.948156947660722,20,0.32363699999999995,20,0.32363699999999995,1.0,66,0.5674890000000001,0.0,0.0,60,0.6
strong_market_effective_participation_v1,baseline_2y_1y_5fold,3,2023-04-03,2024-03-29,2023-11-03,SH.000300,2023-11-01,available,300,0.9999929999999999,71,0.5985180000000001,66,0.5674890000000001,0.948156947660722,20,0.32363699999999995,20,0.32363699999999995,1.0,66,0.5674890000000001,0.0,0.0,60,0.6
strong_market_effective_participation_v1,baseline_2y_1y_5fold,3,2023-04-03,2024-03-29,2023-11-06,SH.000300,2023-11-01,available,300,0.9999929999999999,71,0.5985180000000001,66,0.5674890000000001,0.948156947660722,20,0.32363699999999995,20,0.32363699999999995,1.0,66,0.5674890000000001,0.0,0.0,60,0.6
strong_market_effective_participation_v1,baseline_2y_1y_5fold,3,2023-04-03,2024-03-29,2023-11-07,SH.000300,2023-11-01,available,300,0.9999929999999999,71,0.5985180000000001,66,0.5674890000000001,0.948156947660722,20,0.32363699999999995,20,0.32363699999999995,1.0,66,0.5674890000000001,0.0,0.0,60,0.6
strong_market_effective_participation_v1,baseline_2y_1y_5fold,3,2023-04-03,2024-03-29,2023-11-08,SH.000300,2023-11-01,available,300,0.9999929999999999,71,0.5985180000000001,66,0.5674890000000001,0.948156947660722,20,0.32363699999999995,20,0.32363699999999995,1.0,66,0.5674890000000001,0.0,0.0,60,0.6
strong_market_effective_participation_v1,baseline_2y_1y_5fold,3,2023-04-03,2024-03-29,2023-11-09,SH.000300,2023-11-01,available,300,0.9999929999999999,71,0.5985180000000001,66,0.5674890000000001,0.948156947660722,20,0.32363699999999995,20,0.32363699999999995,1.0,66,0.5674890000000001,0.0,0.0,60,0.6
strong_market_effective_participation_v1,baseline_2y_1y_5fold,3,2023-04-03,2024-03-29,2023-11-10,SH.000300,2023-11-01,available,300,0.9999929999999999,71,0.5985180000000001,66,0.5674890000000001,0.948156947660722,20,0.32363699999999995,20,0.32363699999999995,1.0,66,0.5674890000000001,0.0,0.0,60,0.6
strong_market_effective_participation_v1,baseline_2y_1y_5fold,3,2023-04-03,2024-03-29,2023-11-13,SH.000300,2023-11-01,available,300,0.9999929999999999,71,0.5985180000000001,66,0.5674890000000001,0.948156947660722,20,0.32363699999999995,20,0.32363699999999995,1.0,66,0.5674890000000001,0.0,0.0,60,0.6
strong_market_effective_participation_v1,baseline_2y_1y_5fold,3,2023-04-03,2024-03-29,2023-11-14,SH.000300,2023-11-01,available,300,0.9999929999999999,71,0.5985180000000001,66,0.5674890000000001,0.948156947660722,20,0.32363699999999995,20,0.32363699999999995,1.0,66,0.5674890000000001,0.0,0.0,60,0.6
strong_market_effective_participation_v1,baseline_2y_1y_5fold,3,2023-04-03,2024-03-29,2023-11-15,SH.000300,2023-11-01,available,300,0.9999929999999999,71,0.5985180000000001,66,0.5674890000000001,0.948156947660722,20,0.32363699999999995,20,0.32363699999999995,1.0,66,0.5674890000000001,0.0,0.0,60,0.6
strong_market_effective_participation_v1,baseline_2y_1y_5fold,3,2023-04-03,2024-03-29,2023-11-16,SH.000300,2023-11-01,available,300,0.9999929999999999,71,0.5985180000000001,66,0.5674890000000001,0.948156947660722,20,0.32363699999999995,20,0.32363699999999995,1.0,66,0.5674890000000001,0.0,0.0,60,0.6
strong_market_effective_participation_v1,baseline_2y_1y_5fold,3,2023-04-03,2024-03-29,2023-11-17,SH.000300,2023-11-01,available,300,0.9999929999999999,71,0.5985180000000001,66,0.5674890000000001,0.948156947660722,20,0.32363699999999995,20,0.32363699999999995,1.0,66,0.5674890000000001,0.0,0.0,60,0.6
strong_market_effective_participation_v1,baseline_2y_1y_5fold,3,2023-04-03,2024-03-29,2023-11-20,SH.000300,2023-11-01,available,300,0.9999929999999999,71,0.5985180000000001,66,0.5674890000000001,0.948156947660722,20,0.32363699999999995,20,0.32363699999999995,1.0,66,0.5674890000000001,0.0,0.0,60,0.6
strong_market_effective_participation_v1,baseline_2y_1y_5fold,3,2023-04-03,2024-03-29,2023-11-21,SH.000300,2023-11-01,available,300,0.9999929999999999,71,0.5985180000000001,66,0.5674890000000001,0.948156947660722,20,0.32363699999999995,20,0.32363699999999995,1.0,66,0.5674890000000001,0.0,0.0,60,0.6
strong_market_effective_participation_v1,baseline_2y_1y_5fold,3,2023-04-03,2024-03-29,2023-11-22,SH.000300,2023-11-01,available,300,0.9999929999999999,71,0.5985180000000001,66,0.5674890000000001,0.948156947660722,20,0.32363699999999995,20,0.32363699999999995,1.0,66,0.5674890000000001,0.0,0.0,60,0.6
strong_market_effective_participation_v1,baseline_2y_1y_5fold,3,2023-04-03,2024-03-29,2023-11-23,SH.000300,2023-11-01,available,300,0.9999929999999999,71,0.5985180000000001,66,0.5674890000000001,0.948156947660722,20,0.32363699999999995,20,0.32363699999999995,1.0,66,0.5674890000000001,0.0,0.0,60,0.6
strong_market_effective_participation_v1,baseline_2y_1y_5fold,3,2023-04-03,2024-03-29,2023-11-24,SH.000300,2023-11-01,available,300,0.9999929999999999,71,0.5985180000000001,66,0.5674890000000001,0.948156947660722,20,0.32363699999999995,20,0.32363699999999995,1.0,66,0.5674890000000001,0.0,0.0,60,0.6
strong_market_effective_participation_v1,baseline_2y_1y_5fold,3,2023-04-03,2024-03-29,2023-11-27,SH.000300,2023-11-01,available,300,0.9999929999999999,71,0.5985180000000001,66,0.5674890000000001,0.948156947660722,20,0.32363699999999995,20,0.32363699999999995,1.0,66,0.5674890000000001,0.0,0.0,60,0.6
strong_market_effective_participation_v1,baseline_2y_1y_5fold,3,2023-04-03,2024-03-29,2023-11-28,SH.000300,2023-11-01,available,300,0.9999929999999999,71,0.5985180000000001,66,0.5674890000000001,0.948156947660722,20,0.32363699999999995,20,0.32363699999999995,1.0,66,0.5674890000000001,0.0,0.0,60,0.6
strong_market_effective_participation_v1,baseline_2y_1y_5fold,3,2023-04-03,2024-03-29,2023-11-29,SH.000300,2023-11-01,available,300,0.9999929999999999,71,0.5985180000000001,66,0.5674890000000001,0.948156947660722,20,0.32363699999999995,20,0.32363699999999995,1.0,66,0.5674890000000001,0.0,0.0,60,0.6
strong_market_effective_participation_v1,baseline_2y_1y_5fold,3,2023-04-03,2024-03-29,2023-11-30,SH.000300,2023-11-01,available,300,0.9999929999999999,71,0.5985180000000001,66,0.5674890000000001,0.948156947660722,20,0.32363699999999995,20,0.32363699999999995,1.0,66,0.5674890000000001,0.0,0.0,60,0.6
strong_market_effective_participation_v1,baseline_2y_1y_5fold,3,2023-04-03,2024-03-29,2023-12-01,SH.000300,2023-11-30,available,300,0.99994,71,0.5969699999999999,64,0.5568,0.9327101864415298,20,0.31809,19,0.30878,0.970731553962715,64,0.5568,0.0,0.0,60,0.6
strong_market_effective_participation_v1,baseline_2y_1y_5fold,3,2023-04-03,2024-03-29,2023-12-04,SH.000300,2023-12-01,available,300,0.9999909999999999,72,0.5993029999999999,64,0.555067,0.9261875879146276,20,0.31632299999999997,19,0.30706999999999995,0.9707482541579334,64,0.555067,0.0,0.0,60,0.6
strong_market_effective_participation_v1,baseline_2y_1y_5fold,3,2023-04-03,2024-03-29,2023-12-05,SH.000300,2023-12-01,available,300,0.9999909999999999,72,0.5993029999999999,64,0.555067,0.9261875879146276,20,0.31632299999999997,19,0.30706999999999995,0.9707482541579334,64,0.555067,0.0,0.0,60,0.6
strong_market_effective_participation_v1,baseline_2y_1y_5fold,3,2023-04-03,2024-03-29,2023-12-06,SH.000300,2023-12-01,available,300,0.9999909999999999,72,0.5993029999999999,64,0.555067,0.9261875879146276,20,0.31632299999999997,19,0.30706999999999995,0.9707482541579334,64,0.555067,0.0,0.0,60,0.6
strong_market_effective_participation_v1,baseline_2y_1y_5fold,3,2023-04-03,2024-03-29,2023-12-07,SH.000300,2023-12-01,available,300,0.9999909999999999,72,0.5993029999999999,64,0.555067,0.9261875879146276,20,0.31632299999999997,19,0.30706999999999995,0.9707482541579334,64,0.555067,0.0,0.0,60,0.6
strong_market_effective_participation_v1,baseline_2y_1y_5fold,3,2023-04-03,2024-03-29,2023-12-08,SH.000300,2023-12-01,available,300,0.9999909999999999,72,0.5993029999999999,64,0.555067,0.9261875879146276,20,0.31632299999999997,19,0.30706999999999995,0.9707482541579334,64,0.555067,0.0,0.0,60,0.6
strong_market_effective_participation_v1,baseline_2y_1y_5fold,3,2023-04-03,2024-03-29,2023-12-11,SH.000300,2023-12-01,available,300,0.9999909999999999,72,0.5993029999999999,64,0.555067,0.9261875879146276,20,0.31632299999999997,19,0.30706999999999995,0.9707482541579334,64,0.555067,0.0,0.0,60,0.6
strong_market_effective_participation_v1,baseline_2y_1y_5fold,3,2023-04-03,2024-03-29,2023-12-12,SH.000300,2023-12-01,available,300,0.9999909999999999,72,0.5993029999999999,64,0.555067,0.9261875879146276,20,0.31632299999999997,19,0.30706999999999995,0.9707482541579334,64,0.555067,0.0,0.0,60,0.6
strong_market_effective_participation_v1,baseline_2y_1y_5fold,3,2023-04-03,2024-03-29,2023-12-13,SH.000300,2023-12-01,available,300,0.9999909999999999,72,0.5993029999999999,64,0.555067,0.9261875879146276,20,0.31632299999999997,19,0.30706999999999995,0.9707482541579334,64,0.555067,0.0,0.0,60,0.6
strong_market_effective_participation_v1,baseline_2y_1y_5fold,3,2023-04-03,2024-03-29,2023-12-14,SH.000300,2023-12-01,available,300,0.9999909999999999,72,0.5993029999999999,64,0.555067,0.9261875879146276,20,0.31632299999999997,19,0.30706999999999995,0.9707482541579334,64,0.555067,0.0,0.0,60,0.6
strong_market_effective_participation_v1,baseline_2y_1y_5fold,3,2023-04-03,2024-03-29,2023-12-15,SH.000300,2023-12-01,available,300,0.9999909999999999,72,0.5993029999999999,64,0.555067,0.9261875879146276,20,0.31632299999999997,19,0.30706999999999995,0.9707482541579334,64,0.555067,0.0,0.0,60,0.6
strong_market_effective_participation_v1,baseline_2y_1y_5fold,3,2023-04-03,2024-03-29,2023-12-18,SH.000300,2023-12-01,available,300,0.9999909999999999,72,0.5993029999999999,64,0.555067,0.9261875879146276,20,0.31632299999999997,19,0.30706999999999995,0.9707482541579334,64,0.555067,0.0,0.0,60,0.6
strong_market_effective_participation_v1,baseline_2y_1y_5fold,3,2023-04-03,2024-03-29,2023-12-19,SH.000300,2023-12-01,available,300,0.9999909999999999,72,0.5993029999999999,64,0.555067,0.9261875879146276,20,0.31632299999999997,19,0.30706999999999995,0.9707482541579334,64,0.555067,0.0,0.0,60,0.6
strong_market_effective_participation_v1,baseline_2y_1y_5fold,3,2023-04-03,2024-03-29,2023-12-20,SH.000300,2023-12-01,available,300,0.9999909999999999,72,0.5993029999999999,64,0.555067,0.9261875879146276,20,0.31632299999999997,19,0.30706999999999995,0.9707482541579334,64,0.555067,0.0,0.0,60,0.6
strong_market_effective_participation_v1,baseline_2y_1y_5fold,3,2023-04-03,2024-03-29,2023-12-21,SH.000300,2023-12-01,available,300,0.9999909999999999,72,0.5993029999999999,64,0.555067,0.9261875879146276,20,0.31632299999999997,19,0.30706999999999995,0.9707482541579334,64,0.555067,0.0,0.0,60,0.6
strong_market_effective_participation_v1,baseline_2y_1y_5fold,3,2023-04-03,2024-03-29,2023-12-22,SH.000300,2023-12-01,available,300,0.9999909999999999,72,0.5993029999999999,64,0.555067,0.9261875879146276,20,0.31632299999999997,19,0.30706999999999995,0.9707482541579334,64,0.555067,0.0,0.0,60,0.6
strong_market_effective_participation_v1,baseline_2y_1y_5fold,3,2023-04-03,2024-03-29,2023-12-25,SH.000300,2023-12-01,available,300,0.9999909999999999,72,0.5993029999999999,64,0.555067,0.9261875879146276,20,0.31632299999999997,19,0.30706999999999995,0.9707482541579334,64,0.555067,0.0,0.0,60,0.6
strong_market_effective_participation_v1,baseline_2y_1y_5fold,3,2023-04-03,2024-03-29,2023-12-26,SH.000300,2023-12-01,available,300,0.9999909999999999,72,0.5993029999999999,64,0.555067,0.9261875879146276,20,0.31632299999999997,19,0.30706999999999995,0.9707482541579334,64,0.555067,0.0,0.0,60,0.6
strong_market_effective_participation_v1,baseline_2y_1y_5fold,3,2023-04-03,2024-03-29,2023-12-27,SH.000300,2023-12-01,available,300,0.9999909999999999,72,0.5993029999999999,64,0.555067,0.9261875879146276,20,0.31632299999999997,19,0.30706999999999995,0.9707482541579334,64,0.555067,0.0,0.0,60,0.6
strong_market_effective_participation_v1,baseline_2y_1y_5fold,3,2023-04-03,2024-03-29,2023-12-28,SH.000300,2023-12-01,available,300,0.9999909999999999,72,0.5993029999999999,64,0.555067,0.9261875879146276,20,0.31632299999999997,19,0.30706999999999995,0.9707482541579334,64,0.555067,0.0,0.0,60,0.6
strong_market_effective_participation_v1,baseline_2y_1y_5fold,3,2023-04-03,2024-03-29,2023-12-29,SH.000300,2023-12-01,available,300,0.9999909999999999,72,0.5993029999999999,64,0.555067,0.9261875879146276,20,0.31632299999999997,19,0.30706999999999995,0.9707482541579334,64,0.555067,0.0,0.0,60,0.6
strong_market_effective_participation_v1,baseline_2y_1y_5fold,3,2023-04-03,2024-03-29,2024-01-02,SH.000300,2023-12-29,available,300,1.0001,74,0.5966099999999999,67,0.5578399999999998,0.935016174720504,20,0.3108599999999999,19,0.30177999999999994,0.9707907096442129,67,0.5578399999999998,0.0,0.0,60,0.6
strong_market_effective_participation_v1,baseline_2y_1y_5fold,3,2023-04-03,2024-03-29,2024-01-03,SH.000300,2024-01-02,available,300,1.0,75,0.599155,67,0.555924,0.9278467174604234,20,0.30904000000000004,19,0.299779,0.9700330054361894,67,0.555924,0.0,0.0,60,0.6
strong_market_effective_participation_v1,baseline_2y_1y_5fold,3,2023-04-03,2024-03-29,2024-01-04,SH.000300,2024-01-02,available,300,1.0,75,0.599155,67,0.555924,0.9278467174604234,20,0.30904000000000004,19,0.299779,0.9700330054361894,67,0.555924,0.0,0.0,60,0.6
strong_market_effective_participation_v1,baseline_2y_1y_5fold,3,2023-04-03,2024-03-29,2024-01-05,SH.000300,2024-01-02,available,300,1.0,75,0.599155,67,0.555924,0.9278467174604234,20,0.30904000000000004,19,0.299779,0.9700330054361894,67,0.555924,0.0,0.0,60,0.6
strong_market_effective_participation_v1,baseline_2y_1y_5fold,3,2023-04-03,2024-03-29,2024-01-08,SH.000300,2024-01-02,available,300,1.0,75,0.599155,67,0.555924,0.9278467174604234,20,0.30904000000000004,19,0.299779,0.9700330054361894,67,0.555924,0.0,0.0,60,0.6
strong_market_effective_participation_v1,baseline_2y_1y_5fold,3,2023-04-03,2024-03-29,2024-01-09,SH.000300,2024-01-02,available,300,1.0,75,0.599155,67,0.555924,0.9278467174604234,20,0.30904000000000004,19,0.299779,0.9700330054361894,67,0.555924,0.0,0.0,60,0.6
strong_market_effective_participation_v1,baseline_2y_1y_5fold,3,2023-04-03,2024-03-29,2024-01-10,SH.000300,2024-01-02,available,300,1.0,75,0.599155,67,0.555924,0.9278467174604234,20,0.30904000000000004,19,0.299779,0.9700330054361894,67,0.555924,0.0,0.0,60,0.6
strong_market_effective_participation_v1,baseline_2y_1y_5fold,3,2023-04-03,2024-03-29,2024-01-11,SH.000300,2024-01-02,available,300,1.0,75,0.599155,67,0.555924,0.9278467174604234,20,0.30904000000000004,19,0.299779,0.9700330054361894,67,0.555924,0.0,0.0,60,0.6
strong_market_effective_participation_v1,baseline_2y_1y_5fold,3,2023-04-03,2024-03-29,2024-01-12,SH.000300,2024-01-02,available,300,1.0,75,0.599155,67,0.555924,0.9278467174604234,20,0.30904000000000004,19,0.299779,0.9700330054361894,67,0.555924,0.0,0.0,60,0.6
strong_market_effective_participation_v1,baseline_2y_1y_5fold,3,2023-04-03,2024-03-29,2024-01-15,SH.000300,2024-01-02,available,300,1.0,75,0.599155,67,0.555924,0.9278467174604234,20,0.30904000000000004,19,0.299779,0.9700330054361894,67,0.555924,0.0,0.0,60,0.6
strong_market_effective_participation_v1,baseline_2y_1y_5fold,3,2023-04-03,2024-03-29,2024-01-16,SH.000300,2024-01-02,available,300,1.0,75,0.599155,67,0.555924,0.9278467174604234,20,0.30904000000000004,19,0.299779,0.9700330054361894,67,0.555924,0.0,0.0,60,0.6
strong_market_effective_participation_v1,baseline_2y_1y_5fold,3,2023-04-03,2024-03-29,2024-01-17,SH.000300,2024-01-02,available,300,1.0,75,0.599155,67,0.555924,0.9278467174604234,20,0.30904000000000004,19,0.299779,0.9700330054361894,67,0.555924,0.0,0.0,60,0.6
strong_market_effective_participation_v1,baseline_2y_1y_5fold,3,2023-04-03,2024-03-29,2024-01-18,SH.000300,2024-01-02,available,300,1.0,75,0.599155,67,0.555924,0.9278467174604234,20,0.30904000000000004,19,0.299779,0.9700330054361894,67,0.555924,0.0,0.0,60,0.6
strong_market_effective_participation_v1,baseline_2y_1y_5fold,3,2023-04-03,2024-03-29,2024-01-19,SH.000300,2024-01-02,available,300,1.0,75,0.599155,67,0.555924,0.9278467174604234,20,0.30904000000000004,19,0.299779,0.9700330054361894,67,0.555924,0.0,0.0,60,0.6
strong_market_effective_participation_v1,baseline_2y_1y_5fold,3,2023-04-03,2024-03-29,2024-01-22,SH.000300,2024-01-02,available,300,1.0,75,0.599155,67,0.555924,0.9278467174604234,20,0.30904000000000004,19,0.299779,0.9700330054361894,67,0.555924,0.0,0.0,60,0.6
strong_market_effective_participation_v1,baseline_2y_1y_5fold,3,2023-04-03,2024-03-29,2024-01-23,SH.000300,2024-01-02,available,300,1.0,75,0.599155,67,0.555924,0.9278467174604234,20,0.30904000000000004,19,0.299779,0.9700330054361894,67,0.555924,0.0,0.0,60,0.6
strong_market_effective_participation_v1,baseline_2y_1y_5fold,3,2023-04-03,2024-03-29,2024-01-24,SH.000300,2024-01-02,available,300,1.0,75,0.599155,67,0.555924,0.9278467174604234,20,0.30904000000000004,19,0.299779,0.9700330054361894,67,0.555924,0.0,0.0,60,0.6
strong_market_effective_participation_v1,baseline_2y_1y_5fold,3,2023-04-03,2024-03-29,2024-01-25,SH.000300,2024-01-02,available,300,1.0,75,0.599155,67,0.555924,0.9278467174604234,20,0.30904000000000004,19,0.299779,0.9700330054361894,67,0.555924,0.0,0.0,60,0.6
strong_market_effective_participation_v1,baseline_2y_1y_5fold,3,2023-04-03,2024-03-29,2024-01-26,SH.000300,2024-01-02,available,300,1.0,75,0.599155,67,0.555924,0.9278467174604234,20,0.30904000000000004,19,0.299779,0.9700330054361894,67,0.555924,0.0,0.0,60,0.6
strong_market_effective_participation_v1,baseline_2y_1y_5fold,3,2023-04-03,2024-03-29,2024-01-29,SH.000300,2024-01-02,available,300,1.0,75,0.599155,67,0.555924,0.9278467174604234,20,0.30904000000000004,19,0.299779,0.9700330054361894,67,0.555924,0.0,0.0,60,0.6
strong_market_effective_participation_v1,baseline_2y_1y_5fold,3,2023-04-03,2024-03-29,2024-01-30,SH.000300,2024-01-02,available,300,1.0,75,0.599155,67,0.555924,0.9278467174604234,20,0.30904000000000004,19,0.299779,0.9700330054361894,67,0.555924,0.0,0.0,60,0.6
strong_market_effective_participation_v1,baseline_2y_1y_5fold,3,2023-04-03,2024-03-29,2024-01-31,SH.000300,2024-01-02,available,300,1.0,75,0.599155,67,0.555924,0.9278467174604234,20,0.30904000000000004,19,0.299779,0.9700330054361894,67,0.555924,0.0,0.0,60,0.6
strong_market_effective_participation_v1,baseline_2y_1y_5fold,3,2023-04-03,2024-03-29,2024-02-01,SH.000300,2024-01-31,available,300,1.00003,70,0.59683,63,0.5543899999999999,0.92889097397919,20,0.32004,19,0.30992000000000003,0.9683789526309212,63,0.5543899999999999,0.0,0.0,60,0.6
strong_market_effective_participation_v1,baseline_2y_1y_5fold,3,2023-04-03,2024-03-29,2024-02-02,SH.000300,2024-02-01,available,300,0.999999,70,0.5962919999999999,63,0.554223,0.9294489947877886,20,0.319579,19,0.30949600000000005,0.968449115868064,63,0.554223,0.0,0.0,60,0.6
strong_market_effective_participation_v1,baseline_2y_1y_5fold,3,2023-04-03,2024-03-29,2024-02-05,SH.000300,2024-02-01,available,300,0.999999,70,0.5962919999999999,63,0.554223,0.9294489947877886,20,0.319579,19,0.30949600000000005,0.968449115868064,63,0.554223,0.0,0.0,60,0.6
strong_market_effective_participation_v1,baseline_2y_1y_5fold,3,2023-04-03,2024-03-29,2024-02-06,SH.000300,2024-02-01,available,300,0.999999,70,0.5962919999999999,63,0.554223,0.9294489947877886,20,0.319579,19,0.30949600000000005,0.968449115868064,63,0.554223,0.0,0.0,60,0.6
strong_market_effective_participation_v1,baseline_2y_1y_5fold,3,2023-04-03,2024-03-29,2024-02-07,SH.000300,2024-02-01,available,300,0.999999,70,0.5962919999999999,63,0.554223,0.9294489947877886,20,0.319579,19,0.30949600000000005,0.968449115868064,63,0.554223,0.0,0.0,60,0.6
strong_market_effective_participation_v1,baseline_2y_1y_5fold,3,2023-04-03,2024-03-29,2024-02-08,SH.000300,2024-02-01,available,300,0.999999,70,0.5962919999999999,63,0.554223,0.9294489947877886,20,0.319579,19,0.30949600000000005,0.968449115868064,63,0.554223,0.0,0.0,60,0.6
strong_market_effective_participation_v1,baseline_2y_1y_5fold,3,2023-04-03,2024-03-29,2024-02-19,SH.000300,2024-02-01,available,300,0.999999,70,0.5962919999999999,63,0.554223,0.9294489947877886,20,0.319579,19,0.30949600000000005,0.968449115868064,63,0.554223,0.0,0.0,60,0.6
strong_market_effective_participation_v1,baseline_2y_1y_5fold,3,2023-04-03,2024-03-29,2024-02-20,SH.000300,2024-02-01,available,300,0.999999,70,0.5962919999999999,63,0.554223,0.9294489947877886,20,0.319579,19,0.30949600000000005,0.968449115868064,63,0.554223,0.0,0.0,60,0.6
strong_market_effective_participation_v1,baseline_2y_1y_5fold,3,2023-04-03,2024-03-29,2024-02-21,SH.000300,2024-02-01,available,300,0.999999,70,0.5962919999999999,63,0.554223,0.9294489947877886,20,0.319579,19,0.30949600000000005,0.968449115868064,63,0.554223,0.0,0.0,60,0.6
strong_market_effective_participation_v1,baseline_2y_1y_5fold,3,2023-04-03,2024-03-29,2024-02-22,SH.000300,2024-02-01,available,300,0.999999,70,0.5962919999999999,63,0.554223,0.9294489947877886,20,0.319579,19,0.30949600000000005,0.968449115868064,63,0.554223,0.0,0.0,60,0.6
strong_market_effective_participation_v1,baseline_2y_1y_5fold,3,2023-04-03,2024-03-29,2024-02-23,SH.000300,2024-02-01,available,300,0.999999,70,0.5962919999999999,63,0.554223,0.9294489947877886,20,0.319579,19,0.30949600000000005,0.968449115868064,63,0.554223,0.0,0.0,60,0.6
strong_market_effective_participation_v1,baseline_2y_1y_5fold,3,2023-04-03,2024-03-29,2024-02-26,SH.000300,2024-02-01,available,300,0.999999,70,0.5962919999999999,63,0.554223,0.9294489947877886,20,0.319579,19,0.30949600000000005,0.968449115868064,63,0.554223,0.0,0.0,60,0.6
strong_market_effective_participation_v1,baseline_2y_1y_5fold,3,2023-04-03,2024-03-29,2024-02-27,SH.000300,2024-02-01,available,300,0.999999,70,0.5962919999999999,63,0.554223,0.9294489947877886,20,0.319579,19,0.30949600000000005,0.968449115868064,63,0.554223,0.0,0.0,60,0.6
strong_market_effective_participation_v1,baseline_2y_1y_5fold,3,2023-04-03,2024-03-29,2024-02-28,SH.000300,2024-02-01,available,300,0.999999,70,0.5962919999999999,63,0.554223,0.9294489947877886,20,0.319579,19,0.30949600000000005,0.968449115868064,63,0.554223,0.0,0.0,60,0.6
strong_market_effective_participation_v1,baseline_2y_1y_5fold,3,2023-04-03,2024-03-29,2024-02-29,SH.000300,2024-02-01,available,300,0.999999,70,0.5962919999999999,63,0.554223,0.9294489947877886,20,0.319579,19,0.30949600000000005,0.968449115868064,63,0.554223,0.0,0.0,60,0.6
strong_market_effective_participation_v1,baseline_2y_1y_5fold,3,2023-04-03,2024-03-29,2024-03-01,SH.000300,2024-02-29,available,300,0.9999800000000001,72,0.59718,65,0.5565300000000001,0.9319300713352758,20,0.31309,19,0.30343,0.9691462518764572,65,0.5565300000000001,0.0,0.0,60,0.6
strong_market_effective_participation_v1,baseline_2y_1y_5fold,3,2023-04-03,2024-03-29,2024-03-04,SH.000300,2024-03-01,available,300,0.9999979999999999,72,0.596484,64,0.551967,0.9253676544551068,20,0.3120670000000001,19,0.3023860000000001,0.9689778156613804,64,0.551967,0.0,0.0,60,0.6
strong_market_effective_participation_v1,baseline_2y_1y_5fold,3,2023-04-03,2024-03-29,2024-03-05,SH.000300,2024-03-01,available,300,0.9999979999999999,72,0.596484,64,0.551967,0.9253676544551068,20,0.3120670000000001,19,0.3023860000000001,0.9689778156613804,64,0.551967,0.0,0.0,60,0.6
strong_market_effective_participation_v1,baseline_2y_1y_5fold,3,2023-04-03,2024-03-29,2024-03-06,SH.000300,2024-03-01,available,300,0.9999979999999999,72,0.596484,64,0.551967,0.9253676544551068,20,0.3120670000000001,19,0.3023860000000001,0.9689778156613804,64,0.551967,0.0,0.0,60,0.6
strong_market_effective_participation_v1,baseline_2y_1y_5fold,3,2023-04-03,2024-03-29,2024-03-07,SH.000300,2024-03-01,available,300,0.9999979999999999,72,0.596484,64,0.551967,0.9253676544551068,20,0.3120670000000001,19,0.3023860000000001,0.9689778156613804,64,0.551967,0.0,0.0,60,0.6
strong_market_effective_participation_v1,baseline_2y_1y_5fold,3,2023-04-03,2024-03-29,2024-03-08,SH.000300,2024-03-01,available,300,0.9999979999999999,72,0.596484,64,0.551967,0.9253676544551068,20,0.3120670000000001,19,0.3023860000000001,0.9689778156613804,64,0.551967,0.0,0.0,60,0.6
strong_market_effective_participation_v1,baseline_2y_1y_5fold,3,2023-04-03,2024-03-29,2024-03-11,SH.000300,2024-03-01,available,300,0.9999979999999999,72,0.596484,64,0.551967,0.9253676544551068,20,0.3120670000000001,19,0.3023860000000001,0.9689778156613804,64,0.551967,0.0,0.0,60,0.6
strong_market_effective_participation_v1,baseline_2y_1y_5fold,3,2023-04-03,2024-03-29,2024-03-12,SH.000300,2024-03-01,available,300,0.9999979999999999,72,0.596484,64,0.551967,0.9253676544551068,20,0.3120670000000001,19,0.3023860000000001,0.9689778156613804,64,0.551967,0.0,0.0,60,0.6
strong_market_effective_participation_v1,baseline_2y_1y_5fold,3,2023-04-03,2024-03-29,2024-03-13,SH.000300,2024-03-01,available,300,0.9999979999999999,72,0.596484,64,0.551967,0.9253676544551068,20,0.3120670000000001,19,0.3023860000000001,0.9689778156613804,64,0.551967,0.0,0.0,60,0.6
strong_market_effective_participation_v1,baseline_2y_1y_5fold,3,2023-04-03,2024-03-29,2024-03-14,SH.000300,2024-03-01,available,300,0.9999979999999999,72,0.596484,64,0.551967,0.9253676544551068,20,0.3120670000000001,19,0.3023860000000001,0.9689778156613804,64,0.551967,0.0,0.0,60,0.6
strong_market_effective_participation_v1,baseline_2y_1y_5fold,3,2023-04-03,2024-03-29,2024-03-15,SH.000300,2024-03-01,available,300,0.9999979999999999,72,0.596484,64,0.551967,0.9253676544551068,20,0.3120670000000001,19,0.3023860000000001,0.9689778156613804,64,0.551967,0.0,0.0,60,0.6
strong_market_effective_participation_v1,baseline_2y_1y_5fold,3,2023-04-03,2024-03-29,2024-03-18,SH.000300,2024-03-01,available,300,0.9999979999999999,72,0.596484,64,0.551967,0.9253676544551068,20,0.3120670000000001,19,0.3023860000000001,0.9689778156613804,64,0.551967,0.0,0.0,60,0.6
strong_market_effective_participation_v1,baseline_2y_1y_5fold,3,2023-04-03,2024-03-29,2024-03-19,SH.000300,2024-03-01,available,300,0.9999979999999999,72,0.596484,64,0.551967,0.9253676544551068,20,0.3120670000000001,19,0.3023860000000001,0.9689778156613804,64,0.551967,0.0,0.0,60,0.6
strong_market_effective_participation_v1,baseline_2y_1y_5fold,3,2023-04-03,2024-03-29,2024-03-20,SH.000300,2024-03-01,available,300,0.9999979999999999,72,0.596484,64,0.551967,0.9253676544551068,20,0.3120670000000001,19,0.3023860000000001,0.9689778156613804,64,0.551967,0.0,0.0,60,0.6
strong_market_effective_participation_v1,baseline_2y_1y_5fold,3,2023-04-03,2024-03-29,2024-03-21,SH.000300,2024-03-01,available,300,0.9999979999999999,72,0.596484,64,0.551967,0.9253676544551068,20,0.3120670000000001,19,0.3023860000000001,0.9689778156613804,64,0.551967,0.0,0.0,60,0.6
strong_market_effective_participation_v1,baseline_2y_1y_5fold,3,2023-04-03,2024-03-29,2024-03-22,SH.000300,2024-03-01,available,300,0.9999979999999999,72,0.596484,64,0.551967,0.9253676544551068,20,0.3120670000000001,19,0.3023860000000001,0.9689778156613804,64,0.551967,0.0,0.0,60,0.6
strong_market_effective_participation_v1,baseline_2y_1y_5fold,3,2023-04-03,2024-03-29,2024-03-25,SH.000300,2024-03-01,available,300,0.9999979999999999,72,0.596484,64,0.551967,0.9253676544551068,20,0.3120670000000001,19,0.3023860000000001,0.9689778156613804,64,0.551967,0.0,0.0,60,0.6
strong_market_effective_participation_v1,baseline_2y_1y_5fold,3,2023-04-03,2024-03-29,2024-03-26,SH.000300,2024-03-01,available,300,0.9999979999999999,72,0.596484,64,0.551967,0.9253676544551068,20,0.3120670000000001,19,0.3023860000000001,0.9689778156613804,64,0.551967,0.0,0.0,60,0.6
strong_market_effective_participation_v1,baseline_2y_1y_5fold,3,2023-04-03,2024-03-29,2024-03-27,SH.000300,2024-03-01,available,300,0.9999979999999999,72,0.596484,64,0.551967,0.9253676544551068,20,0.3120670000000001,19,0.3023860000000001,0.9689778156613804,64,0.551967,0.0,0.0,60,0.6
strong_market_effective_participation_v1,baseline_2y_1y_5fold,3,2023-04-03,2024-03-29,2024-03-28,SH.000300,2024-03-01,available,300,0.9999979999999999,72,0.596484,64,0.551967,0.9253676544551068,20,0.3120670000000001,19,0.3023860000000001,0.9689778156613804,64,0.551967,0.0,0.0,60,0.6
strong_market_effective_participation_v1,baseline_2y_1y_5fold,3,2023-04-03,2024-03-29,2024-03-29,SH.000300,2024-03-01,available,300,0.9999979999999999,72,0.596484,64,0.551967,0.9253676544551068,20,0.3120670000000001,19,0.3023860000000001,0.9689778156613804,64,0.551967,0.0,0.0,60,0.6
strong_market_effective_participation_v1,baseline_2y_1y_5fold,4,2024-04-01,2025-03-31,2024-04-01,SH.000300,2024-03-29,available,300,1.0000400000000003,71,0.59896,69,0.58961,0.9843896086550019,20,0.31817,20,0.31817,1.0,69,0.58961,0.0,0.0,60,0.6
strong_market_effective_participation_v1,baseline_2y_1y_5fold,4,2024-04-01,2025-03-31,2024-04-02,SH.000300,2024-04-01,available,300,0.9999979999999999,71,0.598965,69,0.589664,0.9844715467514796,20,0.318349,20,0.318349,1.0,69,0.589664,0.0,0.0,60,0.6
strong_market_effective_participation_v1,baseline_2y_1y_5fold,4,2024-04-01,2025-03-31,2024-04-03,SH.000300,2024-04-01,available,300,0.9999979999999999,71,0.598965,69,0.589664,0.9844715467514796,20,0.318349,20,0.318349,1.0,69,0.589664,0.0,0.0,60,0.6
strong_market_effective_participation_v1,baseline_2y_1y_5fold,4,2024-04-01,2025-03-31,2024-04-08,SH.000300,2024-04-01,available,300,0.9999979999999999,71,0.598965,69,0.589664,0.9844715467514796,20,0.318349,20,0.318349,1.0,69,0.589664,0.0,0.0,60,0.6
strong_market_effective_participation_v1,baseline_2y_1y_5fold,4,2024-04-01,2025-03-31,2024-04-09,SH.000300,2024-04-01,available,300,0.9999979999999999,71,0.598965,69,0.589664,0.9844715467514796,20,0.318349,20,0.318349,1.0,69,0.589664,0.0,0.0,60,0.6
strong_market_effective_participation_v1,baseline_2y_1y_5fold,4,2024-04-01,2025-03-31,2024-04-10,SH.000300,2024-04-01,available,300,0.9999979999999999,71,0.598965,69,0.589664,0.9844715467514796,20,0.318349,20,0.318349,1.0,69,0.589664,0.0,0.0,60,0.6
strong_market_effective_participation_v1,baseline_2y_1y_5fold,4,2024-04-01,2025-03-31,2024-04-11,SH.000300,2024-04-01,available,300,0.9999979999999999,71,0.598965,69,0.589664,0.9844715467514796,20,0.318349,20,0.318349,1.0,69,0.589664,0.0,0.0,60,0.6
strong_market_effective_participation_v1,baseline_2y_1y_5fold,4,2024-04-01,2025-03-31,2024-04-12,SH.000300,2024-04-01,available,300,0.9999979999999999,71,0.598965,69,0.589664,0.9844715467514796,20,0.318349,20,0.318349,1.0,69,0.589664,0.0,0.0,60,0.6
strong_market_effective_participation_v1,baseline_2y_1y_5fold,4,2024-04-01,2025-03-31,2024-04-15,SH.000300,2024-04-01,available,300,0.9999979999999999,71,0.598965,69,0.589664,0.9844715467514796,20,0.318349,20,0.318349,1.0,69,0.589664,0.0,0.0,60,0.6
strong_market_effective_participation_v1,baseline_2y_1y_5fold,4,2024-04-01,2025-03-31,2024-04-16,SH.000300,2024-04-01,available,300,0.9999979999999999,71,0.598965,69,0.589664,0.9844715467514796,20,0.318349,20,0.318349,1.0,69,0.589664,0.0,0.0,60,0.6
strong_market_effective_participation_v1,baseline_2y_1y_5fold,4,2024-04-01,2025-03-31,2024-04-17,SH.000300,2024-04-01,available,300,0.9999979999999999,71,0.598965,69,0.589664,0.9844715467514796,20,0.318349,20,0.318349,1.0,69,0.589664,0.0,0.0,60,0.6
strong_market_effective_participation_v1,baseline_2y_1y_5fold,4,2024-04-01,2025-03-31,2024-04-18,SH.000300,2024-04-01,available,300,0.9999979999999999,71,0.598965,69,0.589664,0.9844715467514796,20,0.318349,20,0.318349,1.0,69,0.589664,0.0,0.0,60,0.6
strong_market_effective_participation_v1,baseline_2y_1y_5fold,4,2024-04-01,2025-03-31,2024-04-19,SH.000300,2024-04-01,available,300,0.9999979999999999,71,0.598965,69,0.589664,0.9844715467514796,20,0.318349,20,0.318349,1.0,69,0.589664,0.0,0.0,60,0.6
strong_market_effective_participation_v1,baseline_2y_1y_5fold,4,2024-04-01,2025-03-31,2024-04-22,SH.000300,2024-04-01,available,300,0.9999979999999999,71,0.598965,69,0.589664,0.9844715467514796,20,0.318349,20,0.318349,1.0,69,0.589664,0.0,0.0,60,0.6
strong_market_effective_participation_v1,baseline_2y_1y_5fold,4,2024-04-01,2025-03-31,2024-04-23,SH.000300,2024-04-01,available,300,0.9999979999999999,71,0.598965,69,0.589664,0.9844715467514796,20,0.318349,20,0.318349,1.0,69,0.589664,0.0,0.0,60,0.6
strong_market_effective_participation_v1,baseline_2y_1y_5fold,4,2024-04-01,2025-03-31,2024-04-24,SH.000300,2024-04-01,available,300,0.9999979999999999,71,0.598965,69,0.589664,0.9844715467514796,20,0.318349,20,0.318349,1.0,69,0.589664,0.0,0.0,60,0.6
strong_market_effective_participation_v1,baseline_2y_1y_5fold,4,2024-04-01,2025-03-31,2024-04-25,SH.000300,2024-04-01,available,300,0.9999979999999999,71,0.598965,69,0.589664,0.9844715467514796,20,0.318349,20,0.318349,1.0,69,0.589664,0.0,0.0,60,0.6
strong_market_effective_participation_v1,baseline_2y_1y_5fold,4,2024-04-01,2025-03-31,2024-04-26,SH.000300,2024-04-01,available,300,0.9999979999999999,71,0.598965,69,0.589664,0.9844715467514796,20,0.318349,20,0.318349,1.0,69,0.589664,0.0,0.0,60,0.6
strong_market_effective_participation_v1,baseline_2y_1y_5fold,4,2024-04-01,2025-03-31,2024-04-29,SH.000300,2024-04-01,available,300,0.9999979999999999,71,0.598965,69,0.589664,0.9844715467514796,20,0.318349,20,0.318349,1.0,69,0.589664,0.0,0.0,60,0.6
strong_market_effective_participation_v1,baseline_2y_1y_5fold,4,2024-04-01,2025-03-31,2024-04-30,SH.000300,2024-04-01,available,300,0.9999979999999999,71,0.598965,69,0.589664,0.9844715467514796,20,0.318349,20,0.318349,1.0,69,0.589664,0.0,0.0,60,0.6
strong_market_effective_participation_v1,baseline_2y_1y_5fold,4,2024-04-01,2025-03-31,2024-05-06,SH.000300,2024-04-30,available,300,1.0000299999999998,70,0.5989400000000001,68,0.5895800000000001,0.9843723912244966,20,0.32333999999999996,20,0.32333999999999996,1.0,68,0.5895800000000001,0.0,0.0,60,0.6
strong_market_effective_participation_v1,baseline_2y_1y_5fold,4,2024-04-01,2025-03-31,2024-05-07,SH.000300,2024-05-06,available,300,0.999992,70,0.5993379999999999,68,0.590008,0.9844328242160518,20,0.324554,20,0.324554,1.0,68,0.590008,0.0,0.0,60,0.6
strong_market_effective_participation_v1,baseline_2y_1y_5fold,4,2024-04-01,2025-03-31,2024-05-08,SH.000300,2024-05-06,available,300,0.999992,70,0.5993379999999999,68,0.590008,0.9844328242160518,20,0.324554,20,0.324554,1.0,68,0.590008,0.0,0.0,60,0.6
strong_market_effective_participation_v1,baseline_2y_1y_5fold,4,2024-04-01,2025-03-31,2024-05-09,SH.000300,2024-05-06,available,300,0.999992,70,0.5993379999999999,68,0.590008,0.9844328242160518,20,0.324554,20,0.324554,1.0,68,0.590008,0.0,0.0,60,0.6
strong_market_effective_participation_v1,baseline_2y_1y_5fold,4,2024-04-01,2025-03-31,2024-05-10,SH.000300,2024-05-06,available,300,0.999992,70,0.5993379999999999,68,0.590008,0.9844328242160518,20,0.324554,20,0.324554,1.0,68,0.590008,0.0,0.0,60,0.6
strong_market_effective_participation_v1,baseline_2y_1y_5fold,4,2024-04-01,2025-03-31,2024-05-13,SH.000300,2024-05-06,available,300,0.999992,70,0.5993379999999999,68,0.590008,0.9844328242160518,20,0.324554,20,0.324554,1.0,68,0.590008,0.0,0.0,60,0.6
strong_market_effective_participation_v1,baseline_2y_1y_5fold,4,2024-04-01,2025-03-31,2024-05-14,SH.000300,2024-05-06,available,300,0.999992,70,0.5993379999999999,68,0.590008,0.9844328242160518,20,0.324554,20,0.324554,1.0,68,0.590008,0.0,0.0,60,0.6
strong_market_effective_participation_v1,baseline_2y_1y_5fold,4,2024-04-01,2025-03-31,2024-05-15,SH.000300,2024-05-06,available,300,0.999992,70,0.5993379999999999,68,0.590008,0.9844328242160518,20,0.324554,20,0.324554,1.0,68,0.590008,0.0,0.0,60,0.6
strong_market_effective_participation_v1,baseline_2y_1y_5fold,4,2024-04-01,2025-03-31,2024-05-16,SH.000300,2024-05-06,available,300,0.999992,70,0.5993379999999999,68,0.590008,0.9844328242160518,20,0.324554,20,0.324554,1.0,68,0.590008,0.0,0.0,60,0.6
strong_market_effective_participation_v1,baseline_2y_1y_5fold,4,2024-04-01,2025-03-31,2024-05-17,SH.000300,2024-05-06,available,300,0.999992,70,0.5993379999999999,68,0.590008,0.9844328242160518,20,0.324554,20,0.324554,1.0,68,0.590008,0.0,0.0,60,0.6
strong_market_effective_participation_v1,baseline_2y_1y_5fold,4,2024-04-01,2025-03-31,2024-05-20,SH.000300,2024-05-06,available,300,0.999992,70,0.5993379999999999,68,0.590008,0.9844328242160518,20,0.324554,20,0.324554,1.0,68,0.590008,0.0,0.0,60,0.6
strong_market_effective_participation_v1,baseline_2y_1y_5fold,4,2024-04-01,2025-03-31,2024-05-21,SH.000300,2024-05-06,available,300,0.999992,70,0.5993379999999999,68,0.590008,0.9844328242160518,20,0.324554,20,0.324554,1.0,68,0.590008,0.0,0.0,60,0.6
strong_market_effective_participation_v1,baseline_2y_1y_5fold,4,2024-04-01,2025-03-31,2024-05-22,SH.000300,2024-05-06,available,300,0.999992,70,0.5993379999999999,68,0.590008,0.9844328242160518,20,0.324554,20,0.324554,1.0,68,0.590008,0.0,0.0,60,0.6
strong_market_effective_participation_v1,baseline_2y_1y_5fold,4,2024-04-01,2025-03-31,2024-05-23,SH.000300,2024-05-06,available,300,0.999992,70,0.5993379999999999,68,0.590008,0.9844328242160518,20,0.324554,20,0.324554,1.0,68,0.590008,0.0,0.0,60,0.6
strong_market_effective_participation_v1,baseline_2y_1y_5fold,4,2024-04-01,2025-03-31,2024-05-24,SH.000300,2024-05-06,available,300,0.999992,70,0.5993379999999999,68,0.590008,0.9844328242160518,20,0.324554,20,0.324554,1.0,68,0.590008,0.0,0.0,60,0.6
strong_market_effective_participation_v1,baseline_2y_1y_5fold,4,2024-04-01,2025-03-31,2024-05-27,SH.000300,2024-05-06,available,300,0.999992,70,0.5993379999999999,68,0.590008,0.9844328242160518,20,0.324554,20,0.324554,1.0,68,0.590008,0.0,0.0,60,0.6
strong_market_effective_participation_v1,baseline_2y_1y_5fold,4,2024-04-01,2025-03-31,2024-05-28,SH.000300,2024-05-06,available,300,0.999992,70,0.5993379999999999,68,0.590008,0.9844328242160518,20,0.324554,20,0.324554,1.0,68,0.590008,0.0,0.0,60,0.6
strong_market_effective_participation_v1,baseline_2y_1y_5fold,4,2024-04-01,2025-03-31,2024-05-29,SH.000300,2024-05-06,available,300,0.999992,70,0.5993379999999999,68,0.590008,0.9844328242160518,20,0.324554,20,0.324554,1.0,68,0.590008,0.0,0.0,60,0.6
strong_market_effective_participation_v1,baseline_2y_1y_5fold,4,2024-04-01,2025-03-31,2024-05-30,SH.000300,2024-05-06,available,300,0.999992,70,0.5993379999999999,68,0.590008,0.9844328242160518,20,0.324554,20,0.324554,1.0,68,0.590008,0.0,0.0,60,0.6
strong_market_effective_participation_v1,baseline_2y_1y_5fold,4,2024-04-01,2025-03-31,2024-05-31,SH.000300,2024-05-06,available,300,0.999992,70,0.5993379999999999,68,0.590008,0.9844328242160518,20,0.324554,20,0.324554,1.0,68,0.590008,0.0,0.0,60,0.6
strong_market_effective_participation_v1,baseline_2y_1y_5fold,4,2024-04-01,2025-03-31,2024-06-03,SH.000300,2024-05-31,available,300,1.00003,70,0.5992,67,0.5851500000000001,0.9765520694259013,20,0.32109000000000004,20,0.32109000000000004,1.0,67,0.5851500000000001,0.0,0.0,60,0.6
strong_market_effective_participation_v1,baseline_2y_1y_5fold,4,2024-04-01,2025-03-31,2024-06-04,SH.000300,2024-06-03,available,300,1.000003,69,0.5966389999999998,66,0.58279,0.9767883091785824,20,0.321909,20,0.321909,1.0,66,0.58279,0.0,0.0,60,0.6
strong_market_effective_participation_v1,baseline_2y_1y_5fold,4,2024-04-01,2025-03-31,2024-06-05,SH.000300,2024-06-03,available,300,1.000003,69,0.5966389999999998,66,0.58279,0.9767883091785824,20,0.321909,20,0.321909,1.0,66,0.58279,0.0,0.0,60,0.6
strong_market_effective_participation_v1,baseline_2y_1y_5fold,4,2024-04-01,2025-03-31,2024-06-06,SH.000300,2024-06-03,available,300,1.000003,69,0.5966389999999998,66,0.58279,0.9767883091785824,20,0.321909,20,0.321909,1.0,66,0.58279,0.0,0.0,60,0.6
strong_market_effective_participation_v1,baseline_2y_1y_5fold,4,2024-04-01,2025-03-31,2024-06-07,SH.000300,2024-06-03,available,300,1.000003,69,0.5966389999999998,66,0.58279,0.9767883091785824,20,0.321909,20,0.321909,1.0,66,0.58279,0.0,0.0,60,0.6
strong_market_effective_participation_v1,baseline_2y_1y_5fold,4,2024-04-01,2025-03-31,2024-06-11,SH.000300,2024-06-03,available,300,1.000003,69,0.5966389999999998,66,0.58279,0.9767883091785824,20,0.321909,20,0.321909,1.0,66,0.58279,0.0,0.0,60,0.6
strong_market_effective_participation_v1,baseline_2y_1y_5fold,4,2024-04-01,2025-03-31,2024-06-12,SH.000300,2024-06-03,available,300,1.000003,69,0.5966389999999998,66,0.58279,0.9767883091785824,20,0.321909,20,0.321909,1.0,66,0.58279,0.0,0.0,60,0.6
strong_market_effective_participation_v1,baseline_2y_1y_5fold,4,2024-04-01,2025-03-31,2024-06-13,SH.000300,2024-06-03,available,300,1.000003,69,0.5966389999999998,66,0.58279,0.9767883091785824,20,0.321909,20,0.321909,1.0,66,0.58279,0.0,0.0,60,0.6
strong_market_effective_participation_v1,baseline_2y_1y_5fold,4,2024-04-01,2025-03-31,2024-06-14,SH.000300,2024-06-03,available,300,1.000003,69,0.5966389999999998,66,0.58279,0.9767883091785824,20,0.321909,20,0.321909,1.0,66,0.58279,0.0,0.0,60,0.6
strong_market_effective_participation_v1,baseline_2y_1y_5fold,4,2024-04-01,2025-03-31,2024-06-17,SH.000300,2024-06-03,available,300,1.000003,69,0.5966389999999998,66,0.58279,0.9767883091785824,20,0.321909,20,0.321909,1.0,66,0.58279,0.0,0.0,60,0.6
strong_market_effective_participation_v1,baseline_2y_1y_5fold,4,2024-04-01,2025-03-31,2024-06-18,SH.000300,2024-06-03,available,300,1.000003,69,0.5966389999999998,66,0.58279,0.9767883091785824,20,0.321909,20,0.321909,1.0,66,0.58279,0.0,0.0,60,0.6
strong_market_effective_participation_v1,baseline_2y_1y_5fold,4,2024-04-01,2025-03-31,2024-06-19,SH.000300,2024-06-03,available,300,1.000003,69,0.5966389999999998,66,0.58279,0.9767883091785824,20,0.321909,20,0.321909,1.0,66,0.58279,0.0,0.0,60,0.6
strong_market_effective_participation_v1,baseline_2y_1y_5fold,4,2024-04-01,2025-03-31,2024-06-20,SH.000300,2024-06-03,available,300,1.000003,69,0.5966389999999998,66,0.58279,0.9767883091785824,20,0.321909,20,0.321909,1.0,66,0.58279,0.0,0.0,60,0.6
strong_market_effective_participation_v1,baseline_2y_1y_5fold,4,2024-04-01,2025-03-31,2024-06-21,SH.000300,2024-06-03,available,300,1.000003,69,0.5966389999999998,66,0.58279,0.9767883091785824,20,0.321909,20,0.321909,1.0,66,0.58279,0.0,0.0,60,0.6
strong_market_effective_participation_v1,baseline_2y_1y_5fold,4,2024-04-01,2025-03-31,2024-06-24,SH.000300,2024-06-03,available,300,1.000003,69,0.5966389999999998,66,0.58279,0.9767883091785824,20,0.321909,20,0.321909,1.0,66,0.58279,0.0,0.0,60,0.6
strong_market_effective_participation_v1,baseline_2y_1y_5fold,4,2024-04-01,2025-03-31,2024-06-25,SH.000300,2024-06-03,available,300,1.000003,69,0.5966389999999998,66,0.58279,0.9767883091785824,20,0.321909,20,0.321909,1.0,66,0.58279,0.0,0.0,60,0.6
strong_market_effective_participation_v1,baseline_2y_1y_5fold,4,2024-04-01,2025-03-31,2024-06-26,SH.000300,2024-06-03,available,300,1.000003,69,0.5966389999999998,66,0.58279,0.9767883091785824,20,0.321909,20,0.321909,1.0,66,0.58279,0.0,0.0,60,0.6
strong_market_effective_participation_v1,baseline_2y_1y_5fold,4,2024-04-01,2025-03-31,2024-06-27,SH.000300,2024-06-03,available,300,1.000003,69,0.5966389999999998,66,0.58279,0.9767883091785824,20,0.321909,20,0.321909,1.0,66,0.58279,0.0,0.0,60,0.6
strong_market_effective_participation_v1,baseline_2y_1y_5fold,4,2024-04-01,2025-03-31,2024-06-28,SH.000300,2024-06-03,available,300,1.000003,69,0.5966389999999998,66,0.58279,0.9767883091785824,20,0.321909,20,0.321909,1.0,66,0.58279,0.0,0.0,60,0.6
strong_market_effective_participation_v1,baseline_2y_1y_5fold,4,2024-04-01,2025-03-31,2024-07-01,SH.000300,2024-06-28,available,300,1.0000200000000001,69,0.5961,66,0.58194,0.976245596376447,20,0.32255,20,0.32255,1.0,66,0.58194,0.0,0.0,60,0.6
strong_market_effective_participation_v1,baseline_2y_1y_5fold,4,2024-04-01,2025-03-31,2024-07-02,SH.000300,2024-07-01,available,300,1.0000040000000001,70,0.598999,67,0.5848270000000001,0.9763405281144044,20,0.32055799999999995,20,0.32055799999999995,1.0,67,0.5848270000000001,0.0,0.0,60,0.6
strong_market_effective_participation_v1,baseline_2y_1y_5fold,4,2024-04-01,2025-03-31,2024-07-03,SH.000300,2024-07-01,available,300,1.0000040000000001,70,0.598999,67,0.5848270000000001,0.9763405281144044,20,0.32055799999999995,20,0.32055799999999995,1.0,67,0.5848270000000001,0.0,0.0,60,0.6
strong_market_effective_participation_v1,baseline_2y_1y_5fold,4,2024-04-01,2025-03-31,2024-07-04,SH.000300,2024-07-01,available,300,1.0000040000000001,70,0.598999,67,0.5848270000000001,0.9763405281144044,20,0.32055799999999995,20,0.32055799999999995,1.0,67,0.5848270000000001,0.0,0.0,60,0.6
strong_market_effective_participation_v1,baseline_2y_1y_5fold,4,2024-04-01,2025-03-31,2024-07-05,SH.000300,2024-07-01,available,300,1.0000040000000001,70,0.598999,67,0.5848270000000001,0.9763405281144044,20,0.32055799999999995,20,0.32055799999999995,1.0,67,0.5848270000000001,0.0,0.0,60,0.6
strong_market_effective_participation_v1,baseline_2y_1y_5fold,4,2024-04-01,2025-03-31,2024-07-08,SH.000300,2024-07-01,available,300,1.0000040000000001,70,0.598999,67,0.5848270000000001,0.9763405281144044,20,0.32055799999999995,20,0.32055799999999995,1.0,67,0.5848270000000001,0.0,0.0,60,0.6
strong_market_effective_participation_v1,baseline_2y_1y_5fold,4,2024-04-01,2025-03-31,2024-07-09,SH.000300,2024-07-01,available,300,1.0000040000000001,70,0.598999,67,0.5848270000000001,0.9763405281144044,20,0.32055799999999995,20,0.32055799999999995,1.0,67,0.5848270000000001,0.0,0.0,60,0.6
strong_market_effective_participation_v1,baseline_2y_1y_5fold,4,2024-04-01,2025-03-31,2024-07-10,SH.000300,2024-07-01,available,300,1.0000040000000001,70,0.598999,67,0.5848270000000001,0.9763405281144044,20,0.32055799999999995,20,0.32055799999999995,1.0,67,0.5848270000000001,0.0,0.0,60,0.6
strong_market_effective_participation_v1,baseline_2y_1y_5fold,4,2024-04-01,2025-03-31,2024-07-11,SH.000300,2024-07-01,available,300,1.0000040000000001,70,0.598999,67,0.5848270000000001,0.9763405281144044,20,0.32055799999999995,20,0.32055799999999995,1.0,67,0.5848270000000001,0.0,0.0,60,0.6
strong_market_effective_participation_v1,baseline_2y_1y_5fold,4,2024-04-01,2025-03-31,2024-07-12,SH.000300,2024-07-01,available,300,1.0000040000000001,70,0.598999,67,0.5848270000000001,0.9763405281144044,20,0.32055799999999995,20,0.32055799999999995,1.0,67,0.5848270000000001,0.0,0.0,60,0.6
strong_market_effective_participation_v1,baseline_2y_1y_5fold,4,2024-04-01,2025-03-31,2024-07-15,SH.000300,2024-07-01,available,300,1.0000040000000001,70,0.598999,67,0.5848270000000001,0.9763405281144044,20,0.32055799999999995,20,0.32055799999999995,1.0,67,0.5848270000000001,0.0,0.0,60,0.6
strong_market_effective_participation_v1,baseline_2y_1y_5fold,4,2024-04-01,2025-03-31,2024-07-16,SH.000300,2024-07-01,available,300,1.0000040000000001,70,0.598999,67,0.5848270000000001,0.9763405281144044,20,0.32055799999999995,20,0.32055799999999995,1.0,67,0.5848270000000001,0.0,0.0,60,0.6
strong_market_effective_participation_v1,baseline_2y_1y_5fold,4,2024-04-01,2025-03-31,2024-07-17,SH.000300,2024-07-01,available,300,1.0000040000000001,70,0.598999,67,0.5848270000000001,0.9763405281144044,20,0.32055799999999995,20,0.32055799999999995,1.0,67,0.5848270000000001,0.0,0.0,60,0.6
strong_market_effective_participation_v1,baseline_2y_1y_5fold,4,2024-04-01,2025-03-31,2024-07-18,SH.000300,2024-07-01,available,300,1.0000040000000001,70,0.598999,67,0.5848270000000001,0.9763405281144044,20,0.32055799999999995,20,0.32055799999999995,1.0,67,0.5848270000000001,0.0,0.0,60,0.6
strong_market_effective_participation_v1,baseline_2y_1y_5fold,4,2024-04-01,2025-03-31,2024-07-19,SH.000300,2024-07-01,available,300,1.0000040000000001,70,0.598999,67,0.5848270000000001,0.9763405281144044,20,0.32055799999999995,20,0.32055799999999995,1.0,67,0.5848270000000001,0.0,0.0,60,0.6
strong_market_effective_participation_v1,baseline_2y_1y_5fold,4,2024-04-01,2025-03-31,2024-07-22,SH.000300,2024-07-01,available,300,1.0000040000000001,70,0.598999,67,0.5848270000000001,0.9763405281144044,20,0.32055799999999995,20,0.32055799999999995,1.0,67,0.5848270000000001,0.0,0.0,60,0.6
strong_market_effective_participation_v1,baseline_2y_1y_5fold,4,2024-04-01,2025-03-31,2024-07-23,SH.000300,2024-07-01,available,300,1.0000040000000001,70,0.598999,67,0.5848270000000001,0.9763405281144044,20,0.32055799999999995,20,0.32055799999999995,1.0,67,0.5848270000000001,0.0,0.0,60,0.6
strong_market_effective_participation_v1,baseline_2y_1y_5fold,4,2024-04-01,2025-03-31,2024-07-24,SH.000300,2024-07-01,available,300,1.0000040000000001,70,0.598999,67,0.5848270000000001,0.9763405281144044,20,0.32055799999999995,20,0.32055799999999995,1.0,67,0.5848270000000001,0.0,0.0,60,0.6
strong_market_effective_participation_v1,baseline_2y_1y_5fold,4,2024-04-01,2025-03-31,2024-07-25,SH.000300,2024-07-01,available,300,1.0000040000000001,70,0.598999,67,0.5848270000000001,0.9763405281144044,20,0.32055799999999995,20,0.32055799999999995,1.0,67,0.5848270000000001,0.0,0.0,60,0.6
strong_market_effective_participation_v1,baseline_2y_1y_5fold,4,2024-04-01,2025-03-31,2024-07-26,SH.000300,2024-07-01,available,300,1.0000040000000001,70,0.598999,67,0.5848270000000001,0.9763405281144044,20,0.32055799999999995,20,0.32055799999999995,1.0,67,0.5848270000000001,0.0,0.0,60,0.6
strong_market_effective_participation_v1,baseline_2y_1y_5fold,4,2024-04-01,2025-03-31,2024-07-29,SH.000300,2024-07-01,available,300,1.0000040000000001,70,0.598999,67,0.5848270000000001,0.9763405281144044,20,0.32055799999999995,20,0.32055799999999995,1.0,67,0.5848270000000001,0.0,0.0,60,0.6
strong_market_effective_participation_v1,baseline_2y_1y_5fold,4,2024-04-01,2025-03-31,2024-07-30,SH.000300,2024-07-01,available,300,1.0000040000000001,70,0.598999,67,0.5848270000000001,0.9763405281144044,20,0.32055799999999995,20,0.32055799999999995,1.0,67,0.5848270000000001,0.0,0.0,60,0.6
strong_market_effective_participation_v1,baseline_2y_1y_5fold,4,2024-04-01,2025-03-31,2024-07-31,SH.000300,2024-07-01,available,300,1.0000040000000001,70,0.598999,67,0.5848270000000001,0.9763405281144044,20,0.32055799999999995,20,0.32055799999999995,1.0,67,0.5848270000000001,0.0,0.0,60,0.6
strong_market_effective_participation_v1,baseline_2y_1y_5fold,4,2024-04-01,2025-03-31,2024-08-01,SH.000300,2024-07-31,available,300,0.9999800000000001,71,0.59968,68,0.5850200000000001,0.9755536286019212,20,0.32169,20,0.32169,1.0,68,0.5850200000000001,0.0,0.0,60,0.6
strong_market_effective_participation_v1,baseline_2y_1y_5fold,4,2024-04-01,2025-03-31,2024-08-02,SH.000300,2024-08-01,available,300,1.0000019999999998,71,0.599414,68,0.58454,0.9751857647635856,20,0.320931,20,0.320931,1.0,68,0.58454,0.0,0.0,60,0.6
strong_market_effective_participation_v1,baseline_2y_1y_5fold,4,2024-04-01,2025-03-31,2024-08-05,SH.000300,2024-08-01,available,300,1.0000019999999998,71,0.599414,68,0.58454,0.9751857647635856,20,0.320931,20,0.320931,1.0,68,0.58454,0.0,0.0,60,0.6
strong_market_effective_participation_v1,baseline_2y_1y_5fold,4,2024-04-01,2025-03-31,2024-08-06,SH.000300,2024-08-01,available,300,1.0000019999999998,71,0.599414,68,0.58454,0.9751857647635856,20,0.320931,20,0.320931,1.0,68,0.58454,0.0,0.0,60,0.6
strong_market_effective_participation_v1,baseline_2y_1y_5fold,4,2024-04-01,2025-03-31,2024-08-07,SH.000300,2024-08-01,available,300,1.0000019999999998,71,0.599414,68,0.58454,0.9751857647635856,20,0.320931,20,0.320931,1.0,68,0.58454,0.0,0.0,60,0.6
strong_market_effective_participation_v1,baseline_2y_1y_5fold,4,2024-04-01,2025-03-31,2024-08-08,SH.000300,2024-08-01,available,300,1.0000019999999998,71,0.599414,68,0.58454,0.9751857647635856,20,0.320931,20,0.320931,1.0,68,0.58454,0.0,0.0,60,0.6
strong_market_effective_participation_v1,baseline_2y_1y_5fold,4,2024-04-01,2025-03-31,2024-08-09,SH.000300,2024-08-01,available,300,1.0000019999999998,71,0.599414,68,0.58454,0.9751857647635856,20,0.320931,20,0.320931,1.0,68,0.58454,0.0,0.0,60,0.6
strong_market_effective_participation_v1,baseline_2y_1y_5fold,4,2024-04-01,2025-03-31,2024-08-12,SH.000300,2024-08-01,available,300,1.0000019999999998,71,0.599414,68,0.58454,0.9751857647635856,20,0.320931,20,0.320931,1.0,68,0.58454,0.0,0.0,60,0.6
strong_market_effective_participation_v1,baseline_2y_1y_5fold,4,2024-04-01,2025-03-31,2024-08-13,SH.000300,2024-08-01,available,300,1.0000019999999998,71,0.599414,68,0.58454,0.9751857647635856,20,0.320931,20,0.320931,1.0,68,0.58454,0.0,0.0,60,0.6
strong_market_effective_participation_v1,baseline_2y_1y_5fold,4,2024-04-01,2025-03-31,2024-08-14,SH.000300,2024-08-01,available,300,1.0000019999999998,71,0.599414,68,0.58454,0.9751857647635856,20,0.320931,20,0.320931,1.0,68,0.58454,0.0,0.0,60,0.6
strong_market_effective_participation_v1,baseline_2y_1y_5fold,4,2024-04-01,2025-03-31,2024-08-15,SH.000300,2024-08-01,available,300,1.0000019999999998,71,0.599414,68,0.58454,0.9751857647635856,20,0.320931,20,0.320931,1.0,68,0.58454,0.0,0.0,60,0.6
strong_market_effective_participation_v1,baseline_2y_1y_5fold,4,2024-04-01,2025-03-31,2024-08-16,SH.000300,2024-08-01,available,300,1.0000019999999998,71,0.599414,68,0.58454,0.9751857647635856,20,0.320931,20,0.320931,1.0,68,0.58454,0.0,0.0,60,0.6
strong_market_effective_participation_v1,baseline_2y_1y_5fold,4,2024-04-01,2025-03-31,2024-08-19,SH.000300,2024-08-01,available,300,1.0000019999999998,71,0.599414,68,0.58454,0.9751857647635856,20,0.320931,20,0.320931,1.0,68,0.58454,0.0,0.0,60,0.6
strong_market_effective_participation_v1,baseline_2y_1y_5fold,4,2024-04-01,2025-03-31,2024-08-20,SH.000300,2024-08-01,available,300,1.0000019999999998,71,0.599414,68,0.58454,0.9751857647635856,20,0.320931,20,0.320931,1.0,68,0.58454,0.0,0.0,60,0.6
strong_market_effective_participation_v1,baseline_2y_1y_5fold,4,2024-04-01,2025-03-31,2024-08-21,SH.000300,2024-08-01,available,300,1.0000019999999998,71,0.599414,68,0.58454,0.9751857647635856,20,0.320931,20,0.320931,1.0,68,0.58454,0.0,0.0,60,0.6
strong_market_effective_participation_v1,baseline_2y_1y_5fold,4,2024-04-01,2025-03-31,2024-08-22,SH.000300,2024-08-01,available,300,1.0000019999999998,71,0.599414,68,0.58454,0.9751857647635856,20,0.320931,20,0.320931,1.0,68,0.58454,0.0,0.0,60,0.6
strong_market_effective_participation_v1,baseline_2y_1y_5fold,4,2024-04-01,2025-03-31,2024-08-23,SH.000300,2024-08-01,available,300,1.0000019999999998,71,0.599414,68,0.58454,0.9751857647635856,20,0.320931,20,0.320931,1.0,68,0.58454,0.0,0.0,60,0.6
strong_market_effective_participation_v1,baseline_2y_1y_5fold,4,2024-04-01,2025-03-31,2024-08-26,SH.000300,2024-08-01,available,300,1.0000019999999998,71,0.599414,68,0.58454,0.9751857647635856,20,0.320931,20,0.320931,1.0,68,0.58454,0.0,0.0,60,0.6
strong_market_effective_participation_v1,baseline_2y_1y_5fold,4,2024-04-01,2025-03-31,2024-08-27,SH.000300,2024-08-01,available,300,1.0000019999999998,71,0.599414,68,0.58454,0.9751857647635856,20,0.320931,20,0.320931,1.0,68,0.58454,0.0,0.0,60,0.6
strong_market_effective_participation_v1,baseline_2y_1y_5fold,4,2024-04-01,2025-03-31,2024-08-28,SH.000300,2024-08-01,available,300,1.0000019999999998,71,0.599414,68,0.58454,0.9751857647635856,20,0.320931,20,0.320931,1.0,68,0.58454,0.0,0.0,60,0.6
strong_market_effective_participation_v1,baseline_2y_1y_5fold,4,2024-04-01,2025-03-31,2024-08-29,SH.000300,2024-08-01,available,300,1.0000019999999998,71,0.599414,68,0.58454,0.9751857647635856,20,0.320931,20,0.320931,1.0,68,0.58454,0.0,0.0,60,0.6
strong_market_effective_participation_v1,baseline_2y_1y_5fold,4,2024-04-01,2025-03-31,2024-08-30,SH.000300,2024-08-01,available,300,1.0000019999999998,71,0.599414,68,0.58454,0.9751857647635856,20,0.320931,20,0.320931,1.0,68,0.58454,0.0,0.0,60,0.6
strong_market_effective_participation_v1,baseline_2y_1y_5fold,4,2024-04-01,2025-03-31,2024-09-02,SH.000300,2024-08-30,available,300,0.99989,68,0.59786,65,0.58304,0.9752115879971901,20,0.33208,20,0.33208,1.0,65,0.58304,0.0,0.0,60,0.6
strong_market_effective_participation_v1,baseline_2y_1y_5fold,4,2024-04-01,2025-03-31,2024-09-03,SH.000300,2024-09-02,available,300,1.000011,68,0.599811,64,0.5801779999999999,0.9672680227605027,20,0.33320199999999994,20,0.33320199999999994,1.0,64,0.5801779999999999,0.0,0.0,60,0.6
strong_market_effective_participation_v1,baseline_2y_1y_5fold,4,2024-04-01,2025-03-31,2024-09-04,SH.000300,2024-09-02,available,300,1.000011,68,0.599811,64,0.5801779999999999,0.9672680227605027,20,0.33320199999999994,20,0.33320199999999994,1.0,64,0.5801779999999999,0.0,0.0,60,0.6
strong_market_effective_participation_v1,baseline_2y_1y_5fold,4,2024-04-01,2025-03-31,2024-09-05,SH.000300,2024-09-02,available,300,1.000011,68,0.599811,64,0.5801779999999999,0.9672680227605027,20,0.33320199999999994,20,0.33320199999999994,1.0,64,0.5801779999999999,0.0,0.0,60,0.6
strong_market_effective_participation_v1,baseline_2y_1y_5fold,4,2024-04-01,2025-03-31,2024-09-06,SH.000300,2024-09-02,available,300,1.000011,68,0.599811,64,0.5801779999999999,0.9672680227605027,20,0.33320199999999994,20,0.33320199999999994,1.0,64,0.5801779999999999,0.0,0.0,60,0.6
strong_market_effective_participation_v1,baseline_2y_1y_5fold,4,2024-04-01,2025-03-31,2024-09-09,SH.000300,2024-09-02,available,300,1.000011,68,0.599811,64,0.5801779999999999,0.9672680227605027,20,0.33320199999999994,20,0.33320199999999994,1.0,64,0.5801779999999999,0.0,0.0,60,0.6
strong_market_effective_participation_v1,baseline_2y_1y_5fold,4,2024-04-01,2025-03-31,2024-09-10,SH.000300,2024-09-02,available,300,1.000011,68,0.599811,64,0.5801779999999999,0.9672680227605027,20,0.33320199999999994,20,0.33320199999999994,1.0,64,0.5801779999999999,0.0,0.0,60,0.6
strong_market_effective_participation_v1,baseline_2y_1y_5fold,4,2024-04-01,2025-03-31,2024-09-11,SH.000300,2024-09-02,available,300,1.000011,68,0.599811,64,0.5801779999999999,0.9672680227605027,20,0.33320199999999994,20,0.33320199999999994,1.0,64,0.5801779999999999,0.0,0.0,60,0.6
strong_market_effective_participation_v1,baseline_2y_1y_5fold,4,2024-04-01,2025-03-31,2024-09-12,SH.000300,2024-09-02,available,300,1.000011,68,0.599811,64,0.5801779999999999,0.9672680227605027,20,0.33320199999999994,20,0.33320199999999994,1.0,64,0.5801779999999999,0.0,0.0,60,0.6
strong_market_effective_participation_v1,baseline_2y_1y_5fold,4,2024-04-01,2025-03-31,2024-09-13,SH.000300,2024-09-02,available,300,1.000011,68,0.599811,64,0.5801779999999999,0.9672680227605027,20,0.33320199999999994,20,0.33320199999999994,1.0,64,0.5801779999999999,0.0,0.0,60,0.6
strong_market_effective_participation_v1,baseline_2y_1y_5fold,4,2024-04-01,2025-03-31,2024-09-18,SH.000300,2024-09-02,available,300,1.000011,68,0.599811,64,0.5801779999999999,0.9672680227605027,20,0.33320199999999994,20,0.33320199999999994,1.0,64,0.5801779999999999,0.0,0.0,60,0.6
strong_market_effective_participation_v1,baseline_2y_1y_5fold,4,2024-04-01,2025-03-31,2024-09-19,SH.000300,2024-09-02,available,300,1.000011,68,0.599811,65,0.5848369999999999,0.9750354695062278,20,0.33320199999999994,20,0.33320199999999994,1.0,65,0.5848369999999999,0.0,0.0,60,0.6
strong_market_effective_participation_v1,baseline_2y_1y_5fold,4,2024-04-01,2025-03-31,2024-09-20,SH.000300,2024-09-02,available,300,1.000011,68,0.599811,65,0.5848369999999999,0.9750354695062278,20,0.33320199999999994,20,0.33320199999999994,1.0,65,0.5848369999999999,0.0,0.0,60,0.6
strong_market_effective_participation_v1,baseline_2y_1y_5fold,4,2024-04-01,2025-03-31,2024-09-23,SH.000300,2024-09-02,available,300,1.000011,68,0.599811,65,0.5848369999999999,0.9750354695062278,20,0.33320199999999994,20,0.33320199999999994,1.0,65,0.5848369999999999,0.0,0.0,60,0.6
strong_market_effective_participation_v1,baseline_2y_1y_5fold,4,2024-04-01,2025-03-31,2024-09-24,SH.000300,2024-09-02,available,300,1.000011,68,0.599811,65,0.5848369999999999,0.9750354695062278,20,0.33320199999999994,20,0.33320199999999994,1.0,65,0.5848369999999999,0.0,0.0,60,0.6
strong_market_effective_participation_v1,baseline_2y_1y_5fold,4,2024-04-01,2025-03-31,2024-09-25,SH.000300,2024-09-02,available,300,1.000011,68,0.599811,65,0.5848369999999999,0.9750354695062278,20,0.33320199999999994,20,0.33320199999999994,1.0,65,0.5848369999999999,0.0,0.0,60,0.6
strong_market_effective_participation_v1,baseline_2y_1y_5fold,4,2024-04-01,2025-03-31,2024-09-26,SH.000300,2024-09-02,available,300,1.000011,68,0.599811,65,0.5848369999999999,0.9750354695062278,20,0.33320199999999994,20,0.33320199999999994,1.0,65,0.5848369999999999,0.0,0.0,60,0.6
strong_market_effective_participation_v1,baseline_2y_1y_5fold,4,2024-04-01,2025-03-31,2024-09-27,SH.000300,2024-09-02,available,300,1.000011,68,0.599811,65,0.5848369999999999,0.9750354695062278,20,0.33320199999999994,20,0.33320199999999994,1.0,65,0.5848369999999999,0.0,0.0,60,0.6
strong_market_effective_participation_v1,baseline_2y_1y_5fold,4,2024-04-01,2025-03-31,2024-09-30,SH.000300,2024-09-02,available,300,1.000011,68,0.599811,65,0.5848369999999999,0.9750354695062278,20,0.33320199999999994,20,0.33320199999999994,1.0,65,0.5848369999999999,0.0,0.0,60,0.6
strong_market_effective_participation_v1,baseline_2y_1y_5fold,4,2024-04-01,2025-03-31,2024-10-08,SH.000300,2024-09-30,available,300,0.99999,69,0.5985199999999999,67,0.5886399999999999,0.9834926151172894,20,0.33472,20,0.33472,1.0,67,0.5886399999999999,0.0,0.0,60,0.6
strong_market_effective_participation_v1,baseline_2y_1y_5fold,4,2024-04-01,2025-03-31,2024-10-09,SH.000300,2024-10-08,available,300,1.00001,70,0.599401,69,0.5937549999999998,0.9905805962953013,20,0.332977,20,0.332977,1.0,69,0.5937549999999998,0.0,0.0,60,0.6
strong_market_effective_participation_v1,baseline_2y_1y_5fold,4,2024-04-01,2025-03-31,2024-10-10,SH.000300,2024-10-08,available,300,1.00001,70,0.599401,69,0.5937549999999998,0.9905805962953013,20,0.332977,20,0.332977,1.0,69,0.5937549999999998,0.0,0.0,60,0.6
strong_market_effective_participation_v1,baseline_2y_1y_5fold,4,2024-04-01,2025-03-31,2024-10-11,SH.000300,2024-10-08,available,300,1.00001,70,0.599401,69,0.5937549999999998,0.9905805962953013,20,0.332977,20,0.332977,1.0,69,0.5937549999999998,0.0,0.0,60,0.6
strong_market_effective_participation_v1,baseline_2y_1y_5fold,4,2024-04-01,2025-03-31,2024-10-14,SH.000300,2024-10-08,available,300,1.00001,70,0.599401,69,0.5937549999999998,0.9905805962953013,20,0.332977,20,0.332977,1.0,69,0.5937549999999998,0.0,0.0,60,0.6
strong_market_effective_participation_v1,baseline_2y_1y_5fold,4,2024-04-01,2025-03-31,2024-10-15,SH.000300,2024-10-08,available,300,1.00001,70,0.599401,69,0.5937549999999998,0.9905805962953013,20,0.332977,20,0.332977,1.0,69,0.5937549999999998,0.0,0.0,60,0.6
strong_market_effective_participation_v1,baseline_2y_1y_5fold,4,2024-04-01,2025-03-31,2024-10-16,SH.000300,2024-10-08,available,300,1.00001,70,0.599401,69,0.5937549999999998,0.9905805962953013,20,0.332977,20,0.332977,1.0,69,0.5937549999999998,0.0,0.0,60,0.6
strong_market_effective_participation_v1,baseline_2y_1y_5fold,4,2024-04-01,2025-03-31,2024-10-17,SH.000300,2024-10-08,available,300,1.00001,70,0.599401,69,0.5937549999999998,0.9905805962953013,20,0.332977,20,0.332977,1.0,69,0.5937549999999998,0.0,0.0,60,0.6
strong_market_effective_participation_v1,baseline_2y_1y_5fold,4,2024-04-01,2025-03-31,2024-10-18,SH.000300,2024-10-08,available,300,1.00001,70,0.599401,69,0.5937549999999998,0.9905805962953013,20,0.332977,20,0.332977,1.0,69,0.5937549999999998,0.0,0.0,60,0.6
strong_market_effective_participation_v1,baseline_2y_1y_5fold,4,2024-04-01,2025-03-31,2024-10-21,SH.000300,2024-10-08,available,300,1.00001,70,0.599401,69,0.5937549999999998,0.9905805962953013,20,0.332977,20,0.332977,1.0,69,0.5937549999999998,0.0,0.0,60,0.6
strong_market_effective_participation_v1,baseline_2y_1y_5fold,4,2024-04-01,2025-03-31,2024-10-22,SH.000300,2024-10-08,available,300,1.00001,70,0.599401,69,0.5937549999999998,0.9905805962953013,20,0.332977,20,0.332977,1.0,69,0.5937549999999998,0.0,0.0,60,0.6
strong_market_effective_participation_v1,baseline_2y_1y_5fold,4,2024-04-01,2025-03-31,2024-10-23,SH.000300,2024-10-08,available,300,1.00001,70,0.599401,69,0.5937549999999998,0.9905805962953013,20,0.332977,20,0.332977,1.0,69,0.5937549999999998,0.0,0.0,60,0.6
strong_market_effective_participation_v1,baseline_2y_1y_5fold,4,2024-04-01,2025-03-31,2024-10-24,SH.000300,2024-10-08,available,300,1.00001,70,0.599401,69,0.5937549999999998,0.9905805962953013,20,0.332977,20,0.332977,1.0,69,0.5937549999999998,0.0,0.0,60,0.6
strong_market_effective_participation_v1,baseline_2y_1y_5fold,4,2024-04-01,2025-03-31,2024-10-25,SH.000300,2024-10-08,available,300,1.00001,70,0.599401,69,0.5937549999999998,0.9905805962953013,20,0.332977,20,0.332977,1.0,69,0.5937549999999998,0.0,0.0,60,0.6
strong_market_effective_participation_v1,baseline_2y_1y_5fold,4,2024-04-01,2025-03-31,2024-10-28,SH.000300,2024-10-08,available,300,1.00001,70,0.599401,69,0.5937549999999998,0.9905805962953013,20,0.332977,20,0.332977,1.0,69,0.5937549999999998,0.0,0.0,60,0.6
strong_market_effective_participation_v1,baseline_2y_1y_5fold,4,2024-04-01,2025-03-31,2024-10-29,SH.000300,2024-10-08,available,300,1.00001,70,0.599401,69,0.5937549999999998,0.9905805962953013,20,0.332977,20,0.332977,1.0,69,0.5937549999999998,0.0,0.0,60,0.6
strong_market_effective_participation_v1,baseline_2y_1y_5fold,4,2024-04-01,2025-03-31,2024-10-30,SH.000300,2024-10-08,available,300,1.00001,70,0.599401,69,0.5937549999999998,0.9905805962953013,20,0.332977,20,0.332977,1.0,69,0.5937549999999998,0.0,0.0,60,0.6
strong_market_effective_participation_v1,baseline_2y_1y_5fold,4,2024-04-01,2025-03-31,2024-10-31,SH.000300,2024-10-08,available,300,1.00001,70,0.599401,69,0.5937549999999998,0.9905805962953013,20,0.332977,20,0.332977,1.0,69,0.5937549999999998,0.0,0.0,60,0.6
strong_market_effective_participation_v1,baseline_2y_1y_5fold,4,2024-04-01,2025-03-31,2024-11-01,SH.000300,2024-10-31,available,300,1.0000499999999999,70,0.59942,68,0.5879300000000001,0.9808314704214075,20,0.32888,20,0.32888,1.0,68,0.5879300000000001,0.0,0.0,60,0.6
strong_market_effective_participation_v1,baseline_2y_1y_5fold,4,2024-04-01,2025-03-31,2024-11-04,SH.000300,2024-11-01,available,300,0.9999999999999999,69,0.5971199999999999,67,0.585723,0.9809133842443732,20,0.33037,20,0.33037,1.0,67,0.585723,0.0,0.0,60,0.6
strong_market_effective_participation_v1,baseline_2y_1y_5fold,4,2024-04-01,2025-03-31,2024-11-05,SH.000300,2024-11-01,available,300,0.9999999999999999,69,0.5971199999999999,67,0.585723,0.9809133842443732,20,0.33037,20,0.33037,1.0,67,0.585723,0.0,0.0,60,0.6
strong_market_effective_participation_v1,baseline_2y_1y_5fold,4,2024-04-01,2025-03-31,2024-11-06,SH.000300,2024-11-01,available,300,0.9999999999999999,69,0.5971199999999999,67,0.585723,0.9809133842443732,20,0.33037,20,0.33037,1.0,67,0.585723,0.0,0.0,60,0.6
strong_market_effective_participation_v1,baseline_2y_1y_5fold,4,2024-04-01,2025-03-31,2024-11-07,SH.000300,2024-11-01,available,300,0.9999999999999999,69,0.5971199999999999,67,0.585723,0.9809133842443732,20,0.33037,20,0.33037,1.0,67,0.585723,0.0,0.0,60,0.6
strong_market_effective_participation_v1,baseline_2y_1y_5fold,4,2024-04-01,2025-03-31,2024-11-08,SH.000300,2024-11-01,available,300,0.9999999999999999,69,0.5971199999999999,67,0.585723,0.9809133842443732,20,0.33037,20,0.33037,1.0,67,0.585723,0.0,0.0,60,0.6
strong_market_effective_participation_v1,baseline_2y_1y_5fold,4,2024-04-01,2025-03-31,2024-11-11,SH.000300,2024-11-01,available,300,0.9999999999999999,69,0.5971199999999999,67,0.585723,0.9809133842443732,20,0.33037,20,0.33037,1.0,67,0.585723,0.0,0.0,60,0.6
strong_market_effective_participation_v1,baseline_2y_1y_5fold,4,2024-04-01,2025-03-31,2024-11-12,SH.000300,2024-11-01,available,300,0.9999999999999999,69,0.5971199999999999,67,0.585723,0.9809133842443732,20,0.33037,20,0.33037,1.0,67,0.585723,0.0,0.0,60,0.6
strong_market_effective_participation_v1,baseline_2y_1y_5fold,4,2024-04-01,2025-03-31,2024-11-13,SH.000300,2024-11-01,available,300,0.9999999999999999,69,0.5971199999999999,67,0.585723,0.9809133842443732,20,0.33037,20,0.33037,1.0,67,0.585723,0.0,0.0,60,0.6
strong_market_effective_participation_v1,baseline_2y_1y_5fold,4,2024-04-01,2025-03-31,2024-11-14,SH.000300,2024-11-01,available,300,0.9999999999999999,69,0.5971199999999999,67,0.585723,0.9809133842443732,20,0.33037,20,0.33037,1.0,67,0.585723,0.0,0.0,60,0.6
strong_market_effective_participation_v1,baseline_2y_1y_5fold,4,2024-04-01,2025-03-31,2024-11-15,SH.000300,2024-11-01,available,300,0.9999999999999999,69,0.5971199999999999,67,0.585723,0.9809133842443732,20,0.33037,20,0.33037,1.0,67,0.585723,0.0,0.0,60,0.6
strong_market_effective_participation_v1,baseline_2y_1y_5fold,4,2024-04-01,2025-03-31,2024-11-18,SH.000300,2024-11-01,available,300,0.9999999999999999,69,0.5971199999999999,67,0.585723,0.9809133842443732,20,0.33037,20,0.33037,1.0,67,0.585723,0.0,0.0,60,0.6
strong_market_effective_participation_v1,baseline_2y_1y_5fold,4,2024-04-01,2025-03-31,2024-11-19,SH.000300,2024-11-01,available,300,0.9999999999999999,69,0.5971199999999999,67,0.585723,0.9809133842443732,20,0.33037,20,0.33037,1.0,67,0.585723,0.0,0.0,60,0.6
strong_market_effective_participation_v1,baseline_2y_1y_5fold,4,2024-04-01,2025-03-31,2024-11-20,SH.000300,2024-11-01,available,300,0.9999999999999999,69,0.5971199999999999,67,0.585723,0.9809133842443732,20,0.33037,20,0.33037,1.0,67,0.585723,0.0,0.0,60,0.6
strong_market_effective_participation_v1,baseline_2y_1y_5fold,4,2024-04-01,2025-03-31,2024-11-21,SH.000300,2024-11-01,available,300,0.9999999999999999,69,0.5971199999999999,67,0.585723,0.9809133842443732,20,0.33037,20,0.33037,1.0,67,0.585723,0.0,0.0,60,0.6
strong_market_effective_participation_v1,baseline_2y_1y_5fold,4,2024-04-01,2025-03-31,2024-11-22,SH.000300,2024-11-01,available,300,0.9999999999999999,69,0.5971199999999999,67,0.585723,0.9809133842443732,20,0.33037,20,0.33037,1.0,67,0.585723,0.0,0.0,60,0.6
strong_market_effective_participation_v1,baseline_2y_1y_5fold,4,2024-04-01,2025-03-31,2024-11-25,SH.000300,2024-11-01,available,300,0.9999999999999999,69,0.5971199999999999,67,0.585723,0.9809133842443732,20,0.33037,20,0.33037,1.0,67,0.585723,0.0,0.0,60,0.6
strong_market_effective_participation_v1,baseline_2y_1y_5fold,4,2024-04-01,2025-03-31,2024-11-26,SH.000300,2024-11-01,available,300,0.9999999999999999,69,0.5971199999999999,67,0.585723,0.9809133842443732,20,0.33037,20,0.33037,1.0,67,0.585723,0.0,0.0,60,0.6
strong_market_effective_participation_v1,baseline_2y_1y_5fold,4,2024-04-01,2025-03-31,2024-11-27,SH.000300,2024-11-01,available,300,0.9999999999999999,69,0.5971199999999999,67,0.585723,0.9809133842443732,20,0.33037,20,0.33037,1.0,67,0.585723,0.0,0.0,60,0.6
strong_market_effective_participation_v1,baseline_2y_1y_5fold,4,2024-04-01,2025-03-31,2024-11-28,SH.000300,2024-11-01,available,300,0.9999999999999999,69,0.5971199999999999,67,0.585723,0.9809133842443732,20,0.33037,20,0.33037,1.0,67,0.585723,0.0,0.0,60,0.6
strong_market_effective_participation_v1,baseline_2y_1y_5fold,4,2024-04-01,2025-03-31,2024-11-29,SH.000300,2024-11-01,available,300,0.9999999999999999,69,0.5971199999999999,67,0.585723,0.9809133842443732,20,0.33037,20,0.33037,1.0,67,0.585723,0.0,0.0,60,0.6
strong_market_effective_participation_v1,baseline_2y_1y_5fold,4,2024-04-01,2025-03-31,2024-12-02,SH.000300,2024-11-29,available,300,1.0000200000000001,71,0.5996400000000001,69,0.5886300000000001,0.9816389833900341,20,0.32796000000000003,20,0.32796000000000003,1.0,69,0.5886300000000001,0.0,0.0,60,0.6
strong_market_effective_participation_v1,baseline_2y_1y_5fold,4,2024-04-01,2025-03-31,2024-12-03,SH.000300,2024-12-02,available,300,1.0000010000000001,71,0.598864,68,0.583538,0.9744082128830587,20,0.327218,20,0.327218,1.0,68,0.583538,0.0,0.0,60,0.6
strong_market_effective_participation_v1,baseline_2y_1y_5fold,4,2024-04-01,2025-03-31,2024-12-04,SH.000300,2024-12-02,available,300,1.0000010000000001,71,0.598864,68,0.583538,0.9744082128830587,20,0.327218,20,0.327218,1.0,68,0.583538,0.0,0.0,60,0.6
strong_market_effective_participation_v1,baseline_2y_1y_5fold,4,2024-04-01,2025-03-31,2024-12-05,SH.000300,2024-12-02,available,300,1.0000010000000001,71,0.598864,68,0.583538,0.9744082128830587,20,0.327218,20,0.327218,1.0,68,0.583538,0.0,0.0,60,0.6
strong_market_effective_participation_v1,baseline_2y_1y_5fold,4,2024-04-01,2025-03-31,2024-12-06,SH.000300,2024-12-02,available,300,1.0000010000000001,71,0.598864,68,0.583538,0.9744082128830587,20,0.327218,20,0.327218,1.0,68,0.583538,0.0,0.0,60,0.6
strong_market_effective_participation_v1,baseline_2y_1y_5fold,4,2024-04-01,2025-03-31,2024-12-09,SH.000300,2024-12-02,available,300,1.0000010000000001,71,0.598864,68,0.583538,0.9744082128830587,20,0.327218,20,0.327218,1.0,68,0.583538,0.0,0.0,60,0.6
strong_market_effective_participation_v1,baseline_2y_1y_5fold,4,2024-04-01,2025-03-31,2024-12-10,SH.000300,2024-12-02,available,300,1.0000010000000001,71,0.598864,68,0.583538,0.9744082128830587,20,0.327218,20,0.327218,1.0,68,0.583538,0.0,0.0,60,0.6
strong_market_effective_participation_v1,baseline_2y_1y_5fold,4,2024-04-01,2025-03-31,2024-12-11,SH.000300,2024-12-02,available,300,1.0000010000000001,71,0.598864,68,0.583538,0.9744082128830587,20,0.327218,20,0.327218,1.0,68,0.583538,0.0,0.0,60,0.6
strong_market_effective_participation_v1,baseline_2y_1y_5fold,4,2024-04-01,2025-03-31,2024-12-12,SH.000300,2024-12-02,available,300,1.0000010000000001,71,0.598864,68,0.583538,0.9744082128830587,20,0.327218,20,0.327218,1.0,68,0.583538,0.0,0.0,60,0.6
strong_market_effective_participation_v1,baseline_2y_1y_5fold,4,2024-04-01,2025-03-31,2024-12-13,SH.000300,2024-12-02,available,300,1.0000010000000001,71,0.598864,68,0.583538,0.9744082128830587,20,0.327218,20,0.327218,1.0,68,0.583538,0.0,0.0,60,0.6
strong_market_effective_participation_v1,baseline_2y_1y_5fold,4,2024-04-01,2025-03-31,2024-12-16,SH.000300,2024-12-02,available,300,1.0000010000000001,71,0.598864,68,0.583538,0.9744082128830587,20,0.327218,20,0.327218,1.0,68,0.583538,0.0,0.0,60,0.6
strong_market_effective_participation_v1,baseline_2y_1y_5fold,4,2024-04-01,2025-03-31,2024-12-17,SH.000300,2024-12-02,available,300,1.0000010000000001,71,0.598864,68,0.583538,0.9744082128830587,20,0.327218,20,0.327218,1.0,68,0.583538,0.0,0.0,60,0.6
strong_market_effective_participation_v1,baseline_2y_1y_5fold,4,2024-04-01,2025-03-31,2024-12-18,SH.000300,2024-12-02,available,300,1.0000010000000001,71,0.598864,68,0.583538,0.9744082128830587,20,0.327218,20,0.327218,1.0,68,0.583538,0.0,0.0,60,0.6
strong_market_effective_participation_v1,baseline_2y_1y_5fold,4,2024-04-01,2025-03-31,2024-12-19,SH.000300,2024-12-02,available,300,1.0000010000000001,71,0.598864,68,0.583538,0.9744082128830587,20,0.327218,20,0.327218,1.0,68,0.583538,0.0,0.0,60,0.6
strong_market_effective_participation_v1,baseline_2y_1y_5fold,4,2024-04-01,2025-03-31,2024-12-20,SH.000300,2024-12-02,available,300,1.0000010000000001,71,0.598864,68,0.583538,0.9744082128830587,20,0.327218,20,0.327218,1.0,68,0.583538,0.0,0.0,60,0.6
strong_market_effective_participation_v1,baseline_2y_1y_5fold,4,2024-04-01,2025-03-31,2024-12-23,SH.000300,2024-12-02,available,300,1.0000010000000001,71,0.598864,68,0.583538,0.9744082128830587,20,0.327218,20,0.327218,1.0,68,0.583538,0.0,0.0,60,0.6
strong_market_effective_participation_v1,baseline_2y_1y_5fold,4,2024-04-01,2025-03-31,2024-12-24,SH.000300,2024-12-02,available,300,1.0000010000000001,71,0.598864,68,0.583538,0.9744082128830587,20,0.327218,20,0.327218,1.0,68,0.583538,0.0,0.0,60,0.6
strong_market_effective_participation_v1,baseline_2y_1y_5fold,4,2024-04-01,2025-03-31,2024-12-25,SH.000300,2024-12-02,available,300,1.0000010000000001,71,0.598864,68,0.583538,0.9744082128830587,20,0.327218,20,0.327218,1.0,68,0.583538,0.0,0.0,60,0.6
strong_market_effective_participation_v1,baseline_2y_1y_5fold,4,2024-04-01,2025-03-31,2024-12-26,SH.000300,2024-12-02,available,300,1.0000010000000001,71,0.598864,68,0.583538,0.9744082128830587,20,0.327218,20,0.327218,1.0,68,0.583538,0.0,0.0,60,0.6
strong_market_effective_participation_v1,baseline_2y_1y_5fold,4,2024-04-01,2025-03-31,2024-12-27,SH.000300,2024-12-02,available,300,1.0000010000000001,71,0.598864,68,0.583538,0.9744082128830587,20,0.327218,20,0.327218,1.0,68,0.583538,0.0,0.0,60,0.6
strong_market_effective_participation_v1,baseline_2y_1y_5fold,4,2024-04-01,2025-03-31,2024-12-30,SH.000300,2024-12-02,available,300,1.0000010000000001,71,0.598864,68,0.583538,0.9744082128830587,20,0.327218,20,0.327218,1.0,68,0.583538,0.0,0.0,60,0.6
strong_market_effective_participation_v1,baseline_2y_1y_5fold,4,2024-04-01,2025-03-31,2024-12-31,SH.000300,2024-12-02,available,300,1.0000010000000001,71,0.598864,68,0.583538,0.9744082128830587,20,0.327218,20,0.327218,1.0,68,0.583538,0.0,0.0,60,0.6
strong_market_effective_participation_v1,baseline_2y_1y_5fold,4,2024-04-01,2025-03-31,2025-01-02,SH.000300,2024-12-31,available,300,1.0000499999999999,71,0.5988800000000001,67,0.57874,0.9663705583756345,20,0.32554,20,0.32554,1.0,67,0.57874,0.0,0.0,60,0.6
strong_market_effective_participation_v1,baseline_2y_1y_5fold,4,2024-04-01,2025-03-31,2025-01-03,SH.000300,2025-01-02,available,300,0.999991,71,0.599465,67,0.579502,0.966698639620328,20,0.32679100000000005,20,0.32679100000000005,1.0,67,0.579502,0.0,0.0,60,0.6
strong_market_effective_participation_v1,baseline_2y_1y_5fold,4,2024-04-01,2025-03-31,2025-01-06,SH.000300,2025-01-02,available,300,0.999991,71,0.599465,67,0.579502,0.966698639620328,20,0.32679100000000005,20,0.32679100000000005,1.0,67,0.579502,0.0,0.0,60,0.6
strong_market_effective_participation_v1,baseline_2y_1y_5fold,4,2024-04-01,2025-03-31,2025-01-07,SH.000300,2025-01-02,available,300,0.999991,71,0.599465,67,0.579502,0.966698639620328,20,0.32679100000000005,20,0.32679100000000005,1.0,67,0.579502,0.0,0.0,60,0.6
strong_market_effective_participation_v1,baseline_2y_1y_5fold,4,2024-04-01,2025-03-31,2025-01-08,SH.000300,2025-01-02,available,300,0.999991,71,0.599465,67,0.579502,0.966698639620328,20,0.32679100000000005,20,0.32679100000000005,1.0,67,0.579502,0.0,0.0,60,0.6
strong_market_effective_participation_v1,baseline_2y_1y_5fold,4,2024-04-01,2025-03-31,2025-01-09,SH.000300,2025-01-02,available,300,0.999991,71,0.599465,67,0.579502,0.966698639620328,20,0.32679100000000005,20,0.32679100000000005,1.0,67,0.579502,0.0,0.0,60,0.6
strong_market_effective_participation_v1,baseline_2y_1y_5fold,4,2024-04-01,2025-03-31,2025-01-10,SH.000300,2025-01-02,available,300,0.999991,71,0.599465,67,0.579502,0.966698639620328,20,0.32679100000000005,20,0.32679100000000005,1.0,67,0.579502,0.0,0.0,60,0.6
strong_market_effective_participation_v1,baseline_2y_1y_5fold,4,2024-04-01,2025-03-31,2025-01-13,SH.000300,2025-01-02,available,300,0.999991,71,0.599465,67,0.579502,0.966698639620328,20,0.32679100000000005,20,0.32679100000000005,1.0,67,0.579502,0.0,0.0,60,0.6
strong_market_effective_participation_v1,baseline_2y_1y_5fold,4,2024-04-01,2025-03-31,2025-01-14,SH.000300,2025-01-02,available,300,0.999991,71,0.599465,67,0.579502,0.966698639620328,20,0.32679100000000005,20,0.32679100000000005,1.0,67,0.579502,0.0,0.0,60,0.6
strong_market_effective_participation_v1,baseline_2y_1y_5fold,4,2024-04-01,2025-03-31,2025-01-15,SH.000300,2025-01-02,available,300,0.999991,71,0.599465,67,0.579502,0.966698639620328,20,0.32679100000000005,20,0.32679100000000005,1.0,67,0.579502,0.0,0.0,60,0.6
strong_market_effective_participation_v1,baseline_2y_1y_5fold,4,2024-04-01,2025-03-31,2025-01-16,SH.000300,2025-01-02,available,300,0.999991,71,0.599465,67,0.579502,0.966698639620328,20,0.32679100000000005,20,0.32679100000000005,1.0,67,0.579502,0.0,0.0,60,0.6
strong_market_effective_participation_v1,baseline_2y_1y_5fold,4,2024-04-01,2025-03-31,2025-01-17,SH.000300,2025-01-02,available,300,0.999991,71,0.599465,67,0.579502,0.966698639620328,20,0.32679100000000005,20,0.32679100000000005,1.0,67,0.579502,0.0,0.0,60,0.6
strong_market_effective_participation_v1,baseline_2y_1y_5fold,4,2024-04-01,2025-03-31,2025-01-20,SH.000300,2025-01-02,available,300,0.999991,71,0.599465,67,0.579502,0.966698639620328,20,0.32679100000000005,20,0.32679100000000005,1.0,67,0.579502,0.0,0.0,60,0.6
strong_market_effective_participation_v1,baseline_2y_1y_5fold,4,2024-04-01,2025-03-31,2025-01-21,SH.000300,2025-01-02,available,300,0.999991,71,0.599465,67,0.579502,0.966698639620328,20,0.32679100000000005,20,0.32679100000000005,1.0,67,0.579502,0.0,0.0,60,0.6
strong_market_effective_participation_v1,baseline_2y_1y_5fold,4,2024-04-01,2025-03-31,2025-01-22,SH.000300,2025-01-02,available,300,0.999991,71,0.599465,67,0.579502,0.966698639620328,20,0.32679100000000005,20,0.32679100000000005,1.0,67,0.579502,0.0,0.0,60,0.6
strong_market_effective_participation_v1,baseline_2y_1y_5fold,4,2024-04-01,2025-03-31,2025-01-23,SH.000300,2025-01-02,available,300,0.999991,71,0.599465,67,0.579502,0.966698639620328,20,0.32679100000000005,20,0.32679100000000005,1.0,67,0.579502,0.0,0.0,60,0.6
strong_market_effective_participation_v1,baseline_2y_1y_5fold,4,2024-04-01,2025-03-31,2025-01-24,SH.000300,2025-01-02,available,300,0.999991,71,0.599465,67,0.579502,0.966698639620328,20,0.32679100000000005,20,0.32679100000000005,1.0,67,0.579502,0.0,0.0,60,0.6
strong_market_effective_participation_v1,baseline_2y_1y_5fold,4,2024-04-01,2025-03-31,2025-01-27,SH.000300,2025-01-02,available,300,0.999991,71,0.599465,67,0.579502,0.966698639620328,20,0.32679100000000005,20,0.32679100000000005,1.0,67,0.579502,0.0,0.0,60,0.6
strong_market_effective_participation_v1,baseline_2y_1y_5fold,4,2024-04-01,2025-03-31,2025-02-05,SH.000300,2025-01-27,available,300,1.00007,71,0.5959999999999999,68,0.58,0.9731543624161075,20,0.32528999999999997,20,0.32528999999999997,1.0,68,0.58,0.0,0.0,60,0.6
strong_market_effective_participation_v1,baseline_2y_1y_5fold,4,2024-04-01,2025-03-31,2025-02-06,SH.000300,2025-02-05,available,300,1.0000049999999998,72,0.598858,68,0.5790369999999999,0.9669020034799567,20,0.32378599999999996,20,0.32378599999999996,1.0,68,0.5790369999999999,0.0,0.0,60,0.6
strong_market_effective_participation_v1,baseline_2y_1y_5fold,4,2024-04-01,2025-03-31,2025-02-07,SH.000300,2025-02-05,available,300,1.0000049999999998,72,0.598858,68,0.5790369999999999,0.9669020034799567,20,0.32378599999999996,20,0.32378599999999996,1.0,68,0.5790369999999999,0.0,0.0,60,0.6
strong_market_effective_participation_v1,baseline_2y_1y_5fold,4,2024-04-01,2025-03-31,2025-02-10,SH.000300,2025-02-05,available,300,1.0000049999999998,72,0.598858,69,0.5830699999999999,0.9736364881157133,20,0.32378599999999996,20,0.32378599999999996,1.0,69,0.5830699999999999,0.0,0.0,60,0.6
strong_market_effective_participation_v1,baseline_2y_1y_5fold,4,2024-04-01,2025-03-31,2025-02-11,SH.000300,2025-02-05,available,300,1.0000049999999998,72,0.598858,69,0.5830699999999999,0.9736364881157133,20,0.32378599999999996,20,0.32378599999999996,1.0,69,0.5830699999999999,0.0,0.0,60,0.6
strong_market_effective_participation_v1,baseline_2y_1y_5fold,4,2024-04-01,2025-03-31,2025-02-12,SH.000300,2025-02-05,available,300,1.0000049999999998,72,0.598858,69,0.5830699999999999,0.9736364881157133,20,0.32378599999999996,20,0.32378599999999996,1.0,69,0.5830699999999999,0.0,0.0,60,0.6
strong_market_effective_participation_v1,baseline_2y_1y_5fold,4,2024-04-01,2025-03-31,2025-02-13,SH.000300,2025-02-05,available,300,1.0000049999999998,72,0.598858,69,0.5830699999999999,0.9736364881157133,20,0.32378599999999996,20,0.32378599999999996,1.0,69,0.5830699999999999,0.0,0.0,60,0.6
strong_market_effective_participation_v1,baseline_2y_1y_5fold,4,2024-04-01,2025-03-31,2025-02-14,SH.000300,2025-02-05,available,300,1.0000049999999998,72,0.598858,69,0.5830699999999999,0.9736364881157133,20,0.32378599999999996,20,0.32378599999999996,1.0,69,0.5830699999999999,0.0,0.0,60,0.6
strong_market_effective_participation_v1,baseline_2y_1y_5fold,4,2024-04-01,2025-03-31,2025-02-17,SH.000300,2025-02-05,available,300,1.0000049999999998,72,0.598858,69,0.5830699999999999,0.9736364881157133,20,0.32378599999999996,20,0.32378599999999996,1.0,69,0.5830699999999999,0.0,0.0,60,0.6
strong_market_effective_participation_v1,baseline_2y_1y_5fold,4,2024-04-01,2025-03-31,2025-02-18,SH.000300,2025-02-05,available,300,1.0000049999999998,72,0.598858,69,0.5830699999999999,0.9736364881157133,20,0.32378599999999996,20,0.32378599999999996,1.0,69,0.5830699999999999,0.0,0.0,60,0.6
strong_market_effective_participation_v1,baseline_2y_1y_5fold,4,2024-04-01,2025-03-31,2025-02-19,SH.000300,2025-02-05,available,300,1.0000049999999998,72,0.598858,69,0.5830699999999999,0.9736364881157133,20,0.32378599999999996,20,0.32378599999999996,1.0,69,0.5830699999999999,0.0,0.0,60,0.6
strong_market_effective_participation_v1,baseline_2y_1y_5fold,4,2024-04-01,2025-03-31,2025-02-20,SH.000300,2025-02-05,available,300,1.0000049999999998,72,0.598858,69,0.5830699999999999,0.9736364881157133,20,0.32378599999999996,20,0.32378599999999996,1.0,69,0.5830699999999999,0.0,0.0,60,0.6
strong_market_effective_participation_v1,baseline_2y_1y_5fold,4,2024-04-01,2025-03-31,2025-02-21,SH.000300,2025-02-05,available,300,1.0000049999999998,72,0.598858,69,0.5830699999999999,0.9736364881157133,20,0.32378599999999996,20,0.32378599999999996,1.0,69,0.5830699999999999,0.0,0.0,60,0.6
strong_market_effective_participation_v1,baseline_2y_1y_5fold,4,2024-04-01,2025-03-31,2025-02-24,SH.000300,2025-02-05,available,300,1.0000049999999998,72,0.598858,69,0.5830699999999999,0.9736364881157133,20,0.32378599999999996,20,0.32378599999999996,1.0,69,0.5830699999999999,0.0,0.0,60,0.6
strong_market_effective_participation_v1,baseline_2y_1y_5fold,4,2024-04-01,2025-03-31,2025-02-25,SH.000300,2025-02-05,available,300,1.0000049999999998,72,0.598858,69,0.5830699999999999,0.9736364881157133,20,0.32378599999999996,20,0.32378599999999996,1.0,69,0.5830699999999999,0.0,0.0,60,0.6
strong_market_effective_participation_v1,baseline_2y_1y_5fold,4,2024-04-01,2025-03-31,2025-02-26,SH.000300,2025-02-05,available,300,1.0000049999999998,72,0.598858,69,0.5830699999999999,0.9736364881157133,20,0.32378599999999996,20,0.32378599999999996,1.0,69,0.5830699999999999,0.0,0.0,60,0.6
strong_market_effective_participation_v1,baseline_2y_1y_5fold,4,2024-04-01,2025-03-31,2025-02-27,SH.000300,2025-02-05,available,300,1.0000049999999998,72,0.598858,69,0.5830699999999999,0.9736364881157133,20,0.32378599999999996,20,0.32378599999999996,1.0,69,0.5830699999999999,0.0,0.0,60,0.6
strong_market_effective_participation_v1,baseline_2y_1y_5fold,4,2024-04-01,2025-03-31,2025-02-28,SH.000300,2025-02-05,available,300,1.0000049999999998,72,0.598858,69,0.5830699999999999,0.9736364881157133,20,0.32378599999999996,20,0.32378599999999996,1.0,69,0.5830699999999999,0.0,0.0,60,0.6
strong_market_effective_participation_v1,baseline_2y_1y_5fold,4,2024-04-01,2025-03-31,2025-03-03,SH.000300,2025-02-28,available,300,1.0,71,0.5992400000000001,68,0.58388,0.9743675322074625,20,0.32628999999999997,20,0.32628999999999997,1.0,68,0.58388,0.0,0.0,60,0.6
strong_market_effective_participation_v1,baseline_2y_1y_5fold,4,2024-04-01,2025-03-31,2025-03-04,SH.000300,2025-03-03,available,300,1.00001,71,0.5975879999999999,68,0.5822529999999999,0.9743385074666827,20,0.325786,20,0.325786,1.0,68,0.5822529999999999,0.0,0.0,60,0.6
strong_market_effective_participation_v1,baseline_2y_1y_5fold,4,2024-04-01,2025-03-31,2025-03-05,SH.000300,2025-03-03,available,300,1.00001,71,0.5975879999999999,68,0.5822529999999999,0.9743385074666827,20,0.325786,20,0.325786,1.0,68,0.5822529999999999,0.0,0.0,60,0.6
strong_market_effective_participation_v1,baseline_2y_1y_5fold,4,2024-04-01,2025-03-31,2025-03-06,SH.000300,2025-03-03,available,300,1.00001,71,0.5975879999999999,68,0.5822529999999999,0.9743385074666827,20,0.325786,20,0.325786,1.0,68,0.5822529999999999,0.0,0.0,60,0.6
strong_market_effective_participation_v1,baseline_2y_1y_5fold,4,2024-04-01,2025-03-31,2025-03-07,SH.000300,2025-03-03,available,300,1.00001,71,0.5975879999999999,68,0.5822529999999999,0.9743385074666827,20,0.325786,20,0.325786,1.0,68,0.5822529999999999,0.0,0.0,60,0.6
strong_market_effective_participation_v1,baseline_2y_1y_5fold,4,2024-04-01,2025-03-31,2025-03-10,SH.000300,2025-03-03,available,300,1.00001,71,0.5975879999999999,68,0.5822529999999999,0.9743385074666827,20,0.325786,20,0.325786,1.0,68,0.5822529999999999,0.0,0.0,60,0.6
strong_market_effective_participation_v1,baseline_2y_1y_5fold,4,2024-04-01,2025-03-31,2025-03-11,SH.000300,2025-03-03,available,300,1.00001,71,0.5975879999999999,68,0.5822529999999999,0.9743385074666827,20,0.325786,20,0.325786,1.0,68,0.5822529999999999,0.0,0.0,60,0.6
strong_market_effective_participation_v1,baseline_2y_1y_5fold,4,2024-04-01,2025-03-31,2025-03-12,SH.000300,2025-03-03,available,300,1.00001,71,0.5975879999999999,68,0.5822529999999999,0.9743385074666827,20,0.325786,20,0.325786,1.0,68,0.5822529999999999,0.0,0.0,60,0.6
strong_market_effective_participation_v1,baseline_2y_1y_5fold,4,2024-04-01,2025-03-31,2025-03-13,SH.000300,2025-03-03,available,300,1.00001,71,0.5975879999999999,68,0.5822529999999999,0.9743385074666827,20,0.325786,20,0.325786,1.0,68,0.5822529999999999,0.0,0.0,60,0.6
strong_market_effective_participation_v1,baseline_2y_1y_5fold,4,2024-04-01,2025-03-31,2025-03-14,SH.000300,2025-03-03,available,300,1.00001,71,0.5975879999999999,68,0.5822529999999999,0.9743385074666827,20,0.325786,20,0.325786,1.0,68,0.5822529999999999,0.0,0.0,60,0.6
strong_market_effective_participation_v1,baseline_2y_1y_5fold,4,2024-04-01,2025-03-31,2025-03-17,SH.000300,2025-03-03,available,300,1.00001,71,0.5975879999999999,68,0.5822529999999999,0.9743385074666827,20,0.325786,20,0.325786,1.0,68,0.5822529999999999,0.0,0.0,60,0.6
strong_market_effective_participation_v1,baseline_2y_1y_5fold,4,2024-04-01,2025-03-31,2025-03-18,SH.000300,2025-03-03,available,300,1.00001,71,0.5975879999999999,68,0.5822529999999999,0.9743385074666827,20,0.325786,20,0.325786,1.0,68,0.5822529999999999,0.0,0.0,60,0.6
strong_market_effective_participation_v1,baseline_2y_1y_5fold,4,2024-04-01,2025-03-31,2025-03-19,SH.000300,2025-03-03,available,300,1.00001,71,0.5975879999999999,68,0.5822529999999999,0.9743385074666827,20,0.325786,20,0.325786,1.0,68,0.5822529999999999,0.0,0.0,60,0.6
strong_market_effective_participation_v1,baseline_2y_1y_5fold,4,2024-04-01,2025-03-31,2025-03-20,SH.000300,2025-03-03,available,300,1.00001,71,0.5975879999999999,68,0.5822529999999999,0.9743385074666827,20,0.325786,20,0.325786,1.0,68,0.5822529999999999,0.0,0.0,60,0.6
strong_market_effective_participation_v1,baseline_2y_1y_5fold,4,2024-04-01,2025-03-31,2025-03-21,SH.000300,2025-03-03,available,300,1.00001,71,0.5975879999999999,68,0.5822529999999999,0.9743385074666827,20,0.325786,20,0.325786,1.0,68,0.5822529999999999,0.0,0.0,60,0.6
strong_market_effective_participation_v1,baseline_2y_1y_5fold,4,2024-04-01,2025-03-31,2025-03-24,SH.000300,2025-03-03,available,300,1.00001,71,0.5975879999999999,68,0.5822529999999999,0.9743385074666827,20,0.325786,20,0.325786,1.0,68,0.5822529999999999,0.0,0.0,60,0.6
strong_market_effective_participation_v1,baseline_2y_1y_5fold,4,2024-04-01,2025-03-31,2025-03-25,SH.000300,2025-03-03,available,300,1.00001,71,0.5975879999999999,68,0.5822529999999999,0.9743385074666827,20,0.325786,20,0.325786,1.0,68,0.5822529999999999,0.0,0.0,60,0.6
strong_market_effective_participation_v1,baseline_2y_1y_5fold,4,2024-04-01,2025-03-31,2025-03-26,SH.000300,2025-03-03,available,300,1.00001,71,0.5975879999999999,68,0.5822529999999999,0.9743385074666827,20,0.325786,20,0.325786,1.0,68,0.5822529999999999,0.0,0.0,60,0.6
strong_market_effective_participation_v1,baseline_2y_1y_5fold,4,2024-04-01,2025-03-31,2025-03-27,SH.000300,2025-03-03,available,300,1.00001,71,0.5975879999999999,68,0.5822529999999999,0.9743385074666827,20,0.325786,20,0.325786,1.0,68,0.5822529999999999,0.0,0.0,60,0.6
strong_market_effective_participation_v1,baseline_2y_1y_5fold,4,2024-04-01,2025-03-31,2025-03-28,SH.000300,2025-03-03,available,300,1.00001,71,0.5975879999999999,68,0.5822529999999999,0.9743385074666827,20,0.325786,20,0.325786,1.0,68,0.5822529999999999,0.0,0.0,60,0.6
strong_market_effective_participation_v1,baseline_2y_1y_5fold,4,2024-04-01,2025-03-31,2025-03-31,SH.000300,2025-03-03,available,300,1.00001,71,0.5975879999999999,68,0.5822529999999999,0.9743385074666827,20,0.325786,20,0.325786,1.0,68,0.5822529999999999,0.0,0.0,60,0.6
strong_market_effective_participation_v1,baseline_2y_1y_5fold,5,2025-04-01,2026-03-31,2025-04-01,SH.000300,2025-03-31,available,300,0.9999799999999999,69,0.59749,64,0.57375,0.9602671174412961,20,0.33343999999999996,20,0.33343999999999996,1.0,64,0.57375,0.0,0.0,60,0.6
strong_market_effective_participation_v1,baseline_2y_1y_5fold,5,2025-04-01,2026-03-31,2025-04-02,SH.000300,2025-04-01,available,300,0.9999959999999999,70,0.599538,65,0.575807,0.9604178550817462,20,0.33066500000000004,20,0.33066500000000004,1.0,65,0.575807,0.0,0.0,60,0.6
strong_market_effective_participation_v1,baseline_2y_1y_5fold,5,2025-04-01,2026-03-31,2025-04-03,SH.000300,2025-04-01,available,300,0.9999959999999999,70,0.599538,65,0.575807,0.9604178550817462,20,0.33066500000000004,20,0.33066500000000004,1.0,65,0.575807,0.0,0.0,60,0.6
strong_market_effective_participation_v1,baseline_2y_1y_5fold,5,2025-04-01,2026-03-31,2025-04-07,SH.000300,2025-04-01,available,300,0.9999959999999999,70,0.599538,65,0.575807,0.9604178550817462,20,0.33066500000000004,20,0.33066500000000004,1.0,65,0.575807,0.0,0.0,60,0.6
strong_market_effective_participation_v1,baseline_2y_1y_5fold,5,2025-04-01,2026-03-31,2025-04-08,SH.000300,2025-04-01,available,300,0.9999959999999999,70,0.599538,65,0.575807,0.9604178550817462,20,0.33066500000000004,20,0.33066500000000004,1.0,65,0.575807,0.0,0.0,60,0.6
strong_market_effective_participation_v1,baseline_2y_1y_5fold,5,2025-04-01,2026-03-31,2025-04-09,SH.000300,2025-04-01,available,300,0.9999959999999999,70,0.599538,65,0.575807,0.9604178550817462,20,0.33066500000000004,20,0.33066500000000004,1.0,65,0.575807,0.0,0.0,60,0.6
strong_market_effective_participation_v1,baseline_2y_1y_5fold,5,2025-04-01,2026-03-31,2025-04-10,SH.000300,2025-04-01,available,300,0.9999959999999999,70,0.599538,65,0.575807,0.9604178550817462,20,0.33066500000000004,20,0.33066500000000004,1.0,65,0.575807,0.0,0.0,60,0.6
strong_market_effective_participation_v1,baseline_2y_1y_5fold,5,2025-04-01,2026-03-31,2025-04-11,SH.000300,2025-04-01,available,300,0.9999959999999999,70,0.599538,65,0.575807,0.9604178550817462,20,0.33066500000000004,20,0.33066500000000004,1.0,65,0.575807,0.0,0.0,60,0.6
strong_market_effective_participation_v1,baseline_2y_1y_5fold,5,2025-04-01,2026-03-31,2025-04-14,SH.000300,2025-04-01,available,300,0.9999959999999999,70,0.599538,65,0.575807,0.9604178550817462,20,0.33066500000000004,20,0.33066500000000004,1.0,65,0.575807,0.0,0.0,60,0.6
strong_market_effective_participation_v1,baseline_2y_1y_5fold,5,2025-04-01,2026-03-31,2025-04-15,SH.000300,2025-04-01,available,300,0.9999959999999999,70,0.599538,65,0.575807,0.9604178550817462,20,0.33066500000000004,20,0.33066500000000004,1.0,65,0.575807,0.0,0.0,60,0.6
strong_market_effective_participation_v1,baseline_2y_1y_5fold,5,2025-04-01,2026-03-31,2025-04-16,SH.000300,2025-04-01,available,300,0.9999959999999999,70,0.599538,65,0.575807,0.9604178550817462,20,0.33066500000000004,20,0.33066500000000004,1.0,65,0.575807,0.0,0.0,60,0.6
strong_market_effective_participation_v1,baseline_2y_1y_5fold,5,2025-04-01,2026-03-31,2025-04-17,SH.000300,2025-04-01,available,300,0.9999959999999999,70,0.599538,65,0.575807,0.9604178550817462,20,0.33066500000000004,20,0.33066500000000004,1.0,65,0.575807,0.0,0.0,60,0.6
strong_market_effective_participation_v1,baseline_2y_1y_5fold,5,2025-04-01,2026-03-31,2025-04-18,SH.000300,2025-04-01,available,300,0.9999959999999999,70,0.599538,65,0.575807,0.9604178550817462,20,0.33066500000000004,20,0.33066500000000004,1.0,65,0.575807,0.0,0.0,60,0.6
strong_market_effective_participation_v1,baseline_2y_1y_5fold,5,2025-04-01,2026-03-31,2025-04-21,SH.000300,2025-04-01,available,300,0.9999959999999999,70,0.599538,65,0.575807,0.9604178550817462,20,0.33066500000000004,20,0.33066500000000004,1.0,65,0.575807,0.0,0.0,60,0.6
strong_market_effective_participation_v1,baseline_2y_1y_5fold,5,2025-04-01,2026-03-31,2025-04-22,SH.000300,2025-04-01,available,300,0.9999959999999999,70,0.599538,65,0.575807,0.9604178550817462,20,0.33066500000000004,20,0.33066500000000004,1.0,65,0.575807,0.0,0.0,60,0.6
strong_market_effective_participation_v1,baseline_2y_1y_5fold,5,2025-04-01,2026-03-31,2025-04-23,SH.000300,2025-04-01,available,300,0.9999959999999999,70,0.599538,65,0.575807,0.9604178550817462,20,0.33066500000000004,20,0.33066500000000004,1.0,65,0.575807,0.0,0.0,60,0.6
strong_market_effective_participation_v1,baseline_2y_1y_5fold,5,2025-04-01,2026-03-31,2025-04-24,SH.000300,2025-04-01,available,300,0.9999959999999999,70,0.599538,65,0.575807,0.9604178550817462,20,0.33066500000000004,20,0.33066500000000004,1.0,65,0.575807,0.0,0.0,60,0.6
strong_market_effective_participation_v1,baseline_2y_1y_5fold,5,2025-04-01,2026-03-31,2025-04-25,SH.000300,2025-04-01,available,300,0.9999959999999999,70,0.599538,65,0.575807,0.9604178550817462,20,0.33066500000000004,20,0.33066500000000004,1.0,65,0.575807,0.0,0.0,60,0.6
strong_market_effective_participation_v1,baseline_2y_1y_5fold,5,2025-04-01,2026-03-31,2025-04-28,SH.000300,2025-04-01,available,300,0.9999959999999999,70,0.599538,65,0.575807,0.9604178550817462,20,0.33066500000000004,20,0.33066500000000004,1.0,65,0.575807,0.0,0.0,60,0.6
strong_market_effective_participation_v1,baseline_2y_1y_5fold,5,2025-04-01,2026-03-31,2025-04-29,SH.000300,2025-04-01,available,300,0.9999959999999999,70,0.599538,65,0.575807,0.9604178550817462,20,0.33066500000000004,20,0.33066500000000004,1.0,65,0.575807,0.0,0.0,60,0.6
strong_market_effective_participation_v1,baseline_2y_1y_5fold,5,2025-04-01,2026-03-31,2025-04-30,SH.000300,2025-04-01,available,300,0.9999959999999999,70,0.599538,65,0.575807,0.9604178550817462,20,0.33066500000000004,20,0.33066500000000004,1.0,65,0.575807,0.0,0.0,60,0.6
strong_market_effective_participation_v1,baseline_2y_1y_5fold,5,2025-04-01,2026-03-31,2025-05-06,SH.000300,2025-04-30,available,300,1.0000200000000001,68,0.59704,63,0.5719900000000001,0.9580430121934881,20,0.33317,20,0.33317,1.0,63,0.5719900000000001,0.0,0.0,60,0.6
strong_market_effective_participation_v1,baseline_2y_1y_5fold,5,2025-04-01,2026-03-31,2025-05-07,SH.000300,2025-05-06,available,300,1.0000049999999998,69,0.5992090000000001,64,0.57428,0.958396819807446,20,0.331183,20,0.331183,1.0,64,0.57428,0.0,0.0,60,0.6
strong_market_effective_participation_v1,baseline_2y_1y_5fold,5,2025-04-01,2026-03-31,2025-05-08,SH.000300,2025-05-06,available,300,1.0000049999999998,69,0.5992090000000001,64,0.57428,0.958396819807446,20,0.331183,20,0.331183,1.0,64,0.57428,0.0,0.0,60,0.6
strong_market_effective_participation_v1,baseline_2y_1y_5fold,5,2025-04-01,2026-03-31,2025-05-09,SH.000300,2025-05-06,available,300,1.0000049999999998,69,0.5992090000000001,64,0.57428,0.958396819807446,20,0.331183,20,0.331183,1.0,64,0.57428,0.0,0.0,60,0.6
strong_market_effective_participation_v1,baseline_2y_1y_5fold,5,2025-04-01,2026-03-31,2025-05-12,SH.000300,2025-05-06,available,300,1.0000049999999998,69,0.5992090000000001,64,0.57428,0.958396819807446,20,0.331183,20,0.331183,1.0,64,0.57428,0.0,0.0,60,0.6
strong_market_effective_participation_v1,baseline_2y_1y_5fold,5,2025-04-01,2026-03-31,2025-05-13,SH.000300,2025-05-06,available,300,1.0000049999999998,69,0.5992090000000001,64,0.57428,0.958396819807446,20,0.331183,20,0.331183,1.0,64,0.57428,0.0,0.0,60,0.6
strong_market_effective_participation_v1,baseline_2y_1y_5fold,5,2025-04-01,2026-03-31,2025-05-14,SH.000300,2025-05-06,available,300,1.0000049999999998,69,0.5992090000000001,64,0.57428,0.958396819807446,20,0.331183,20,0.331183,1.0,64,0.57428,0.0,0.0,60,0.6
strong_market_effective_participation_v1,baseline_2y_1y_5fold,5,2025-04-01,2026-03-31,2025-05-15,SH.000300,2025-05-06,available,300,1.0000049999999998,69,0.5992090000000001,64,0.57428,0.958396819807446,20,0.331183,20,0.331183,1.0,64,0.57428,0.0,0.0,60,0.6
strong_market_effective_participation_v1,baseline_2y_1y_5fold,5,2025-04-01,2026-03-31,2025-05-16,SH.000300,2025-05-06,available,300,1.0000049999999998,69,0.5992090000000001,64,0.57428,0.958396819807446,20,0.331183,20,0.331183,1.0,64,0.57428,0.0,0.0,60,0.6
strong_market_effective_participation_v1,baseline_2y_1y_5fold,5,2025-04-01,2026-03-31,2025-05-19,SH.000300,2025-05-06,available,300,1.0000049999999998,69,0.5992090000000001,64,0.57428,0.958396819807446,20,0.331183,20,0.331183,1.0,64,0.57428,0.0,0.0,60,0.6
strong_market_effective_participation_v1,baseline_2y_1y_5fold,5,2025-04-01,2026-03-31,2025-05-20,SH.000300,2025-05-06,available,300,1.0000049999999998,69,0.5992090000000001,64,0.57428,0.958396819807446,20,0.331183,20,0.331183,1.0,64,0.57428,0.0,0.0,60,0.6
strong_market_effective_participation_v1,baseline_2y_1y_5fold,5,2025-04-01,2026-03-31,2025-05-21,SH.000300,2025-05-06,available,300,1.0000049999999998,69,0.5992090000000001,64,0.57428,0.958396819807446,20,0.331183,20,0.331183,1.0,64,0.57428,0.0,0.0,60,0.6
strong_market_effective_participation_v1,baseline_2y_1y_5fold,5,2025-04-01,2026-03-31,2025-05-22,SH.000300,2025-05-06,available,300,1.0000049999999998,69,0.5992090000000001,64,0.57428,0.958396819807446,20,0.331183,20,0.331183,1.0,64,0.57428,0.0,0.0,60,0.6
strong_market_effective_participation_v1,baseline_2y_1y_5fold,5,2025-04-01,2026-03-31,2025-05-23,SH.000300,2025-05-06,available,300,1.0000049999999998,69,0.5992090000000001,64,0.57428,0.958396819807446,20,0.331183,20,0.331183,1.0,64,0.57428,0.0,0.0,60,0.6
strong_market_effective_participation_v1,baseline_2y_1y_5fold,5,2025-04-01,2026-03-31,2025-05-26,SH.000300,2025-05-06,available,300,1.0000049999999998,69,0.5992090000000001,62,0.5625479999999999,0.9388176746343927,20,0.331183,20,0.331183,1.0,62,0.5625479999999999,0.0,0.0,60,0.6
strong_market_effective_participation_v1,baseline_2y_1y_5fold,5,2025-04-01,2026-03-31,2025-05-27,SH.000300,2025-05-06,available,300,1.0000049999999998,69,0.5992090000000001,62,0.5625479999999999,0.9388176746343927,20,0.331183,20,0.331183,1.0,62,0.5625479999999999,0.0,0.0,60,0.6
strong_market_effective_participation_v1,baseline_2y_1y_5fold,5,2025-04-01,2026-03-31,2025-05-28,SH.000300,2025-05-06,available,300,1.0000049999999998,69,0.5992090000000001,62,0.5625479999999999,0.9388176746343927,20,0.331183,20,0.331183,1.0,62,0.5625479999999999,0.0,0.0,60,0.6
strong_market_effective_participation_v1,baseline_2y_1y_5fold,5,2025-04-01,2026-03-31,2025-05-29,SH.000300,2025-05-06,available,300,1.0000049999999998,69,0.5992090000000001,62,0.5625479999999999,0.9388176746343927,20,0.331183,20,0.331183,1.0,62,0.5625479999999999,0.0,0.0,60,0.6
strong_market_effective_participation_v1,baseline_2y_1y_5fold,5,2025-04-01,2026-03-31,2025-05-30,SH.000300,2025-05-06,available,300,1.0000049999999998,69,0.5992090000000001,62,0.5625479999999999,0.9388176746343927,20,0.331183,20,0.331183,1.0,62,0.5625479999999999,0.0,0.0,60,0.6
strong_market_effective_participation_v1,baseline_2y_1y_5fold,5,2025-04-01,2026-03-31,2025-06-03,SH.000300,2025-05-30,available,300,1.00002,68,0.59764,61,0.5611299999999999,0.9389097115320258,20,0.33637999999999996,20,0.33637999999999996,1.0,61,0.5611299999999999,0.0,0.0,60,0.6
strong_market_effective_participation_v1,baseline_2y_1y_5fold,5,2025-04-01,2026-03-31,2025-06-04,SH.000300,2025-06-03,available,300,0.999996,68,0.5982439999999999,61,0.5612729999999998,0.9382008010109586,20,0.336469,20,0.336469,1.0,61,0.5612729999999998,0.0,0.0,60,0.6
strong_market_effective_participation_v1,baseline_2y_1y_5fold,5,2025-04-01,2026-03-31,2025-06-05,SH.000300,2025-06-03,available,300,0.999996,68,0.5982439999999999,61,0.5612729999999998,0.9382008010109586,20,0.336469,20,0.336469,1.0,61,0.5612729999999998,0.0,0.0,60,0.6
strong_market_effective_participation_v1,baseline_2y_1y_5fold,5,2025-04-01,2026-03-31,2025-06-06,SH.000300,2025-06-03,available,300,0.999996,68,0.5982439999999999,61,0.5612729999999998,0.9382008010109586,20,0.336469,20,0.336469,1.0,61,0.5612729999999998,0.0,0.0,60,0.6
strong_market_effective_participation_v1,baseline_2y_1y_5fold,5,2025-04-01,2026-03-31,2025-06-09,SH.000300,2025-06-03,available,300,0.999996,68,0.5982439999999999,61,0.5612729999999998,0.9382008010109586,20,0.336469,20,0.336469,1.0,61,0.5612729999999998,0.0,0.0,60,0.6
strong_market_effective_participation_v1,baseline_2y_1y_5fold,5,2025-04-01,2026-03-31,2025-06-10,SH.000300,2025-06-03,available,300,0.999996,68,0.5982439999999999,63,0.572004,0.956138298085731,20,0.336469,20,0.336469,1.0,63,0.572004,0.0,0.0,60,0.6
strong_market_effective_participation_v1,baseline_2y_1y_5fold,5,2025-04-01,2026-03-31,2025-06-11,SH.000300,2025-06-03,available,300,0.999996,68,0.5982439999999999,63,0.572004,0.956138298085731,20,0.336469,20,0.336469,1.0,63,0.572004,0.0,0.0,60,0.6
strong_market_effective_participation_v1,baseline_2y_1y_5fold,5,2025-04-01,2026-03-31,2025-06-12,SH.000300,2025-06-03,available,300,0.999996,68,0.5982439999999999,63,0.572004,0.956138298085731,20,0.336469,20,0.336469,1.0,63,0.572004,0.0,0.0,60,0.6
strong_market_effective_participation_v1,baseline_2y_1y_5fold,5,2025-04-01,2026-03-31,2025-06-13,SH.000300,2025-06-03,available,300,0.999996,68,0.5982439999999999,63,0.572004,0.956138298085731,20,0.336469,20,0.336469,1.0,63,0.572004,0.0,0.0,60,0.6
strong_market_effective_participation_v1,baseline_2y_1y_5fold,5,2025-04-01,2026-03-31,2025-06-16,SH.000300,2025-06-03,available,300,0.999996,68,0.5982439999999999,63,0.572004,0.956138298085731,20,0.336469,20,0.336469,1.0,63,0.572004,0.0,0.0,60,0.6
strong_market_effective_participation_v1,baseline_2y_1y_5fold,5,2025-04-01,2026-03-31,2025-06-17,SH.000300,2025-06-03,available,300,0.999996,68,0.5982439999999999,63,0.572004,0.956138298085731,20,0.336469,20,0.336469,1.0,63,0.572004,0.0,0.0,60,0.6
strong_market_effective_participation_v1,baseline_2y_1y_5fold,5,2025-04-01,2026-03-31,2025-06-18,SH.000300,2025-06-03,available,300,0.999996,68,0.5982439999999999,63,0.572004,0.956138298085731,20,0.336469,20,0.336469,1.0,63,0.572004,0.0,0.0,60,0.6
strong_market_effective_participation_v1,baseline_2y_1y_5fold,5,2025-04-01,2026-03-31,2025-06-19,SH.000300,2025-06-03,available,300,0.999996,68,0.5982439999999999,63,0.572004,0.956138298085731,20,0.336469,20,0.336469,1.0,63,0.572004,0.0,0.0,60,0.6
strong_market_effective_participation_v1,baseline_2y_1y_5fold,5,2025-04-01,2026-03-31,2025-06-20,SH.000300,2025-06-03,available,300,0.999996,68,0.5982439999999999,63,0.572004,0.956138298085731,20,0.336469,20,0.336469,1.0,63,0.572004,0.0,0.0,60,0.6
strong_market_effective_participation_v1,baseline_2y_1y_5fold,5,2025-04-01,2026-03-31,2025-06-23,SH.000300,2025-06-03,available,300,0.999996,68,0.5982439999999999,63,0.572004,0.956138298085731,20,0.336469,20,0.336469,1.0,63,0.572004,0.0,0.0,60,0.6
strong_market_effective_participation_v1,baseline_2y_1y_5fold,5,2025-04-01,2026-03-31,2025-06-24,SH.000300,2025-06-03,available,300,0.999996,68,0.5982439999999999,63,0.572004,0.956138298085731,20,0.336469,20,0.336469,1.0,63,0.572004,0.0,0.0,60,0.6
strong_market_effective_participation_v1,baseline_2y_1y_5fold,5,2025-04-01,2026-03-31,2025-06-25,SH.000300,2025-06-03,available,300,0.999996,68,0.5982439999999999,63,0.572004,0.956138298085731,20,0.336469,20,0.336469,1.0,63,0.572004,0.0,0.0,60,0.6
strong_market_effective_participation_v1,baseline_2y_1y_5fold,5,2025-04-01,2026-03-31,2025-06-26,SH.000300,2025-06-03,available,300,0.999996,68,0.5982439999999999,63,0.572004,0.956138298085731,20,0.336469,20,0.336469,1.0,63,0.572004,0.0,0.0,60,0.6
strong_market_effective_participation_v1,baseline_2y_1y_5fold,5,2025-04-01,2026-03-31,2025-06-27,SH.000300,2025-06-03,available,300,0.999996,68,0.5982439999999999,63,0.572004,0.956138298085731,20,0.336469,20,0.336469,1.0,63,0.572004,0.0,0.0,60,0.6
strong_market_effective_participation_v1,baseline_2y_1y_5fold,5,2025-04-01,2026-03-31,2025-06-30,SH.000300,2025-06-03,available,300,0.999996,68,0.5982439999999999,63,0.572004,0.956138298085731,20,0.336469,20,0.336469,1.0,63,0.572004,0.0,0.0,60,0.6
strong_market_effective_participation_v1,baseline_2y_1y_5fold,5,2025-04-01,2026-03-31,2025-07-01,SH.000300,2025-06-30,available,300,1.00001,69,0.5989099999999999,64,0.57271,0.956253861181146,20,0.33169000000000004,20,0.33169000000000004,1.0,64,0.57271,0.0,0.0,60,0.6
strong_market_effective_participation_v1,baseline_2y_1y_5fold,5,2025-04-01,2026-03-31,2025-07-02,SH.000300,2025-07-01,available,300,0.999997,69,0.598728,64,0.572292,0.9558463943560348,20,0.33214399999999994,20,0.33214399999999994,1.0,64,0.572292,0.0,0.0,60,0.6
strong_market_effective_participation_v1,baseline_2y_1y_5fold,5,2025-04-01,2026-03-31,2025-07-03,SH.000300,2025-07-01,available,300,0.999997,69,0.598728,64,0.572292,0.9558463943560348,20,0.33214399999999994,20,0.33214399999999994,1.0,64,0.572292,0.0,0.0,60,0.6
strong_market_effective_participation_v1,baseline_2y_1y_5fold,5,2025-04-01,2026-03-31,2025-07-04,SH.000300,2025-07-01,available,300,0.999997,69,0.598728,64,0.572292,0.9558463943560348,20,0.33214399999999994,20,0.33214399999999994,1.0,64,0.572292,0.0,0.0,60,0.6
strong_market_effective_participation_v1,baseline_2y_1y_5fold,5,2025-04-01,2026-03-31,2025-07-07,SH.000300,2025-07-01,available,300,0.999997,69,0.598728,64,0.572292,0.9558463943560348,20,0.33214399999999994,20,0.33214399999999994,1.0,64,0.572292,0.0,0.0,60,0.6
strong_market_effective_participation_v1,baseline_2y_1y_5fold,5,2025-04-01,2026-03-31,2025-07-08,SH.000300,2025-07-01,available,300,0.999997,69,0.598728,64,0.572292,0.9558463943560348,20,0.33214399999999994,20,0.33214399999999994,1.0,64,0.572292,0.0,0.0,60,0.6
strong_market_effective_participation_v1,baseline_2y_1y_5fold,5,2025-04-01,2026-03-31,2025-07-09,SH.000300,2025-07-01,available,300,0.999997,69,0.598728,64,0.572292,0.9558463943560348,20,0.33214399999999994,20,0.33214399999999994,1.0,64,0.572292,0.0,0.0,60,0.6
strong_market_effective_participation_v1,baseline_2y_1y_5fold,5,2025-04-01,2026-03-31,2025-07-10,SH.000300,2025-07-01,available,300,0.999997,69,0.598728,64,0.572292,0.9558463943560348,20,0.33214399999999994,20,0.33214399999999994,1.0,64,0.572292,0.0,0.0,60,0.6
strong_market_effective_participation_v1,baseline_2y_1y_5fold,5,2025-04-01,2026-03-31,2025-07-11,SH.000300,2025-07-01,available,300,0.999997,69,0.598728,64,0.572292,0.9558463943560348,20,0.33214399999999994,20,0.33214399999999994,1.0,64,0.572292,0.0,0.0,60,0.6
strong_market_effective_participation_v1,baseline_2y_1y_5fold,5,2025-04-01,2026-03-31,2025-07-14,SH.000300,2025-07-01,available,300,0.999997,69,0.598728,64,0.572292,0.9558463943560348,20,0.33214399999999994,20,0.33214399999999994,1.0,64,0.572292,0.0,0.0,60,0.6
strong_market_effective_participation_v1,baseline_2y_1y_5fold,5,2025-04-01,2026-03-31,2025-07-15,SH.000300,2025-07-01,available,300,0.999997,69,0.598728,64,0.572292,0.9558463943560348,20,0.33214399999999994,20,0.33214399999999994,1.0,64,0.572292,0.0,0.0,60,0.6
strong_market_effective_participation_v1,baseline_2y_1y_5fold,5,2025-04-01,2026-03-31,2025-07-16,SH.000300,2025-07-01,available,300,0.999997,69,0.598728,64,0.572292,0.9558463943560348,20,0.33214399999999994,20,0.33214399999999994,1.0,64,0.572292,0.0,0.0,60,0.6
strong_market_effective_participation_v1,baseline_2y_1y_5fold,5,2025-04-01,2026-03-31,2025-07-17,SH.000300,2025-07-01,available,300,0.999997,69,0.598728,64,0.572292,0.9558463943560348,20,0.33214399999999994,20,0.33214399999999994,1.0,64,0.572292,0.0,0.0,60,0.6
strong_market_effective_participation_v1,baseline_2y_1y_5fold,5,2025-04-01,2026-03-31,2025-07-18,SH.000300,2025-07-01,available,300,0.999997,69,0.598728,64,0.572292,0.9558463943560348,20,0.33214399999999994,20,0.33214399999999994,1.0,64,0.572292,0.0,0.0,60,0.6
strong_market_effective_participation_v1,baseline_2y_1y_5fold,5,2025-04-01,2026-03-31,2025-07-21,SH.000300,2025-07-01,available,300,0.999997,69,0.598728,64,0.572292,0.9558463943560348,20,0.33214399999999994,20,0.33214399999999994,1.0,64,0.572292,0.0,0.0,60,0.6
strong_market_effective_participation_v1,baseline_2y_1y_5fold,5,2025-04-01,2026-03-31,2025-07-22,SH.000300,2025-07-01,available,300,0.999997,69,0.598728,64,0.572292,0.9558463943560348,20,0.33214399999999994,20,0.33214399999999994,1.0,64,0.572292,0.0,0.0,60,0.6
strong_market_effective_participation_v1,baseline_2y_1y_5fold,5,2025-04-01,2026-03-31,2025-07-23,SH.000300,2025-07-01,available,300,0.999997,69,0.598728,64,0.572292,0.9558463943560348,20,0.33214399999999994,20,0.33214399999999994,1.0,64,0.572292,0.0,0.0,60,0.6
strong_market_effective_participation_v1,baseline_2y_1y_5fold,5,2025-04-01,2026-03-31,2025-07-24,SH.000300,2025-07-01,available,300,0.999997,69,0.598728,64,0.572292,0.9558463943560348,20,0.33214399999999994,20,0.33214399999999994,1.0,64,0.572292,0.0,0.0,60,0.6
strong_market_effective_participation_v1,baseline_2y_1y_5fold,5,2025-04-01,2026-03-31,2025-07-25,SH.000300,2025-07-01,available,300,0.999997,69,0.598728,64,0.572292,0.9558463943560348,20,0.33214399999999994,20,0.33214399999999994,1.0,64,0.572292,0.0,0.0,60,0.6
strong_market_effective_participation_v1,baseline_2y_1y_5fold,5,2025-04-01,2026-03-31,2025-07-28,SH.000300,2025-07-01,available,300,0.999997,69,0.598728,64,0.572292,0.9558463943560348,20,0.33214399999999994,20,0.33214399999999994,1.0,64,0.572292,0.0,0.0,60,0.6
strong_market_effective_participation_v1,baseline_2y_1y_5fold,5,2025-04-01,2026-03-31,2025-07-29,SH.000300,2025-07-01,available,300,0.999997,69,0.598728,64,0.572292,0.9558463943560348,20,0.33214399999999994,20,0.33214399999999994,1.0,64,0.572292,0.0,0.0,60,0.6
strong_market_effective_participation_v1,baseline_2y_1y_5fold,5,2025-04-01,2026-03-31,2025-07-30,SH.000300,2025-07-01,available,300,0.999997,69,0.598728,64,0.572292,0.9558463943560348,20,0.33214399999999994,20,0.33214399999999994,1.0,64,0.572292,0.0,0.0,60,0.6
strong_market_effective_participation_v1,baseline_2y_1y_5fold,5,2025-04-01,2026-03-31,2025-07-31,SH.000300,2025-07-01,available,300,0.999997,69,0.598728,64,0.572292,0.9558463943560348,20,0.33214399999999994,20,0.33214399999999994,1.0,64,0.572292,0.0,0.0,60,0.6
strong_market_effective_participation_v1,baseline_2y_1y_5fold,5,2025-04-01,2026-03-31,2025-08-01,SH.000300,2025-07-31,available,300,0.99997,70,0.59911,65,0.5746300000000001,0.9591393900953081,20,0.32687,20,0.32687,1.0,65,0.5746300000000001,0.0,0.0,60,0.6
strong_market_effective_participation_v1,baseline_2y_1y_5fold,5,2025-04-01,2026-03-31,2025-08-04,SH.000300,2025-08-01,available,300,1.00001,70,0.5990380000000001,63,0.564583,0.9424827807250957,20,0.327042,20,0.327042,1.0,63,0.564583,0.0,0.0,60,0.6
strong_market_effective_participation_v1,baseline_2y_1y_5fold,5,2025-04-01,2026-03-31,2025-08-05,SH.000300,2025-08-01,available,300,1.00001,70,0.5990380000000001,63,0.564583,0.9424827807250957,20,0.327042,20,0.327042,1.0,63,0.564583,0.0,0.0,60,0.6
strong_market_effective_participation_v1,baseline_2y_1y_5fold,5,2025-04-01,2026-03-31,2025-08-06,SH.000300,2025-08-01,available,300,1.00001,70,0.5990380000000001,63,0.564583,0.9424827807250957,20,0.327042,20,0.327042,1.0,63,0.564583,0.0,0.0,60,0.6
strong_market_effective_participation_v1,baseline_2y_1y_5fold,5,2025-04-01,2026-03-31,2025-08-07,SH.000300,2025-08-01,available,300,1.00001,70,0.5990380000000001,63,0.564583,0.9424827807250957,20,0.327042,20,0.327042,1.0,63,0.564583,0.0,0.0,60,0.6
strong_market_effective_participation_v1,baseline_2y_1y_5fold,5,2025-04-01,2026-03-31,2025-08-08,SH.000300,2025-08-01,available,300,1.00001,70,0.5990380000000001,63,0.564583,0.9424827807250957,20,0.327042,20,0.327042,1.0,63,0.564583,0.0,0.0,60,0.6
strong_market_effective_participation_v1,baseline_2y_1y_5fold,5,2025-04-01,2026-03-31,2025-08-11,SH.000300,2025-08-01,available,300,1.00001,70,0.5990380000000001,63,0.564583,0.9424827807250957,20,0.327042,20,0.327042,1.0,63,0.564583,0.0,0.0,60,0.6
strong_market_effective_participation_v1,baseline_2y_1y_5fold,5,2025-04-01,2026-03-31,2025-08-12,SH.000300,2025-08-01,available,300,1.00001,70,0.5990380000000001,63,0.564583,0.9424827807250957,20,0.327042,20,0.327042,1.0,63,0.564583,0.0,0.0,60,0.6
strong_market_effective_participation_v1,baseline_2y_1y_5fold,5,2025-04-01,2026-03-31,2025-08-13,SH.000300,2025-08-01,available,300,1.00001,70,0.5990380000000001,63,0.564583,0.9424827807250957,20,0.327042,20,0.327042,1.0,63,0.564583,0.0,0.0,60,0.6
strong_market_effective_participation_v1,baseline_2y_1y_5fold,5,2025-04-01,2026-03-31,2025-08-14,SH.000300,2025-08-01,available,300,1.00001,70,0.5990380000000001,63,0.564583,0.9424827807250957,20,0.327042,20,0.327042,1.0,63,0.564583,0.0,0.0,60,0.6
strong_market_effective_participation_v1,baseline_2y_1y_5fold,5,2025-04-01,2026-03-31,2025-08-15,SH.000300,2025-08-01,available,300,1.00001,70,0.5990380000000001,63,0.564583,0.9424827807250957,20,0.327042,20,0.327042,1.0,63,0.564583,0.0,0.0,60,0.6
strong_market_effective_participation_v1,baseline_2y_1y_5fold,5,2025-04-01,2026-03-31,2025-08-18,SH.000300,2025-08-01,available,300,1.00001,70,0.5990380000000001,64,0.570341,0.9520948587568734,20,0.327042,20,0.327042,1.0,64,0.570341,0.0,0.0,60,0.6
strong_market_effective_participation_v1,baseline_2y_1y_5fold,5,2025-04-01,2026-03-31,2025-08-19,SH.000300,2025-08-01,available,300,1.00001,70,0.5990380000000001,64,0.570341,0.9520948587568734,20,0.327042,20,0.327042,1.0,64,0.570341,0.0,0.0,60,0.6
strong_market_effective_participation_v1,baseline_2y_1y_5fold,5,2025-04-01,2026-03-31,2025-08-20,SH.000300,2025-08-01,available,300,1.00001,70,0.5990380000000001,64,0.570341,0.9520948587568734,20,0.327042,20,0.327042,1.0,64,0.570341,0.0,0.0,60,0.6
strong_market_effective_participation_v1,baseline_2y_1y_5fold,5,2025-04-01,2026-03-31,2025-08-21,SH.000300,2025-08-01,available,300,1.00001,70,0.5990380000000001,64,0.570341,0.9520948587568734,20,0.327042,20,0.327042,1.0,64,0.570341,0.0,0.0,60,0.6
strong_market_effective_participation_v1,baseline_2y_1y_5fold,5,2025-04-01,2026-03-31,2025-08-22,SH.000300,2025-08-01,available,300,1.00001,70,0.5990380000000001,64,0.570341,0.9520948587568734,20,0.327042,20,0.327042,1.0,64,0.570341,0.0,0.0,60,0.6
strong_market_effective_participation_v1,baseline_2y_1y_5fold,5,2025-04-01,2026-03-31,2025-08-25,SH.000300,2025-08-01,available,300,1.00001,70,0.5990380000000001,64,0.570341,0.9520948587568734,20,0.327042,20,0.327042,1.0,64,0.570341,0.0,0.0,60,0.6
strong_market_effective_participation_v1,baseline_2y_1y_5fold,5,2025-04-01,2026-03-31,2025-08-26,SH.000300,2025-08-01,available,300,1.00001,70,0.5990380000000001,64,0.570341,0.9520948587568734,20,0.327042,20,0.327042,1.0,64,0.570341,0.0,0.0,60,0.6
strong_market_effective_participation_v1,baseline_2y_1y_5fold,5,2025-04-01,2026-03-31,2025-08-27,SH.000300,2025-08-01,available,300,1.00001,70,0.5990380000000001,64,0.570341,0.9520948587568734,20,0.327042,20,0.327042,1.0,64,0.570341,0.0,0.0,60,0.6
strong_market_effective_participation_v1,baseline_2y_1y_5fold,5,2025-04-01,2026-03-31,2025-08-28,SH.000300,2025-08-01,available,300,1.00001,70,0.5990380000000001,64,0.570341,0.9520948587568734,20,0.327042,20,0.327042,1.0,64,0.570341,0.0,0.0,60,0.6
strong_market_effective_participation_v1,baseline_2y_1y_5fold,5,2025-04-01,2026-03-31,2025-08-29,SH.000300,2025-08-01,available,300,1.00001,70,0.5990380000000001,64,0.570341,0.9520948587568734,20,0.327042,20,0.327042,1.0,64,0.570341,0.0,0.0,60,0.6
strong_market_effective_participation_v1,baseline_2y_1y_5fold,5,2025-04-01,2026-03-31,2025-09-01,SH.000300,2025-08-29,available,300,1.0000099999999998,68,0.59807,63,0.5698500000000001,0.9528148878893776,20,0.32981,20,0.32981,1.0,63,0.5698500000000001,0.0,0.0,60,0.6
strong_market_effective_participation_v1,baseline_2y_1y_5fold,5,2025-04-01,2026-03-31,2025-09-02,SH.000300,2025-09-01,available,300,0.9999959999999999,68,0.597998,65,0.577904,0.9663978809293675,20,0.32976600000000006,20,0.32976600000000006,1.0,65,0.577904,0.0,0.0,60,0.6
strong_market_effective_participation_v1,baseline_2y_1y_5fold,5,2025-04-01,2026-03-31,2025-09-03,SH.000300,2025-09-01,available,300,0.9999959999999999,68,0.597998,65,0.577904,0.9663978809293675,20,0.32976600000000006,20,0.32976600000000006,1.0,65,0.577904,0.0,0.0,60,0.6
strong_market_effective_participation_v1,baseline_2y_1y_5fold,5,2025-04-01,2026-03-31,2025-09-04,SH.000300,2025-09-01,available,300,0.9999959999999999,68,0.597998,65,0.577904,0.9663978809293675,20,0.32976600000000006,20,0.32976600000000006,1.0,65,0.577904,0.0,0.0,60,0.6
strong_market_effective_participation_v1,baseline_2y_1y_5fold,5,2025-04-01,2026-03-31,2025-09-05,SH.000300,2025-09-01,available,300,0.9999959999999999,68,0.597998,65,0.577904,0.9663978809293675,20,0.32976600000000006,20,0.32976600000000006,1.0,65,0.577904,0.0,0.0,60,0.6
strong_market_effective_participation_v1,baseline_2y_1y_5fold,5,2025-04-01,2026-03-31,2025-09-08,SH.000300,2025-09-01,available,300,0.9999959999999999,68,0.597998,65,0.577904,0.9663978809293675,20,0.32976600000000006,20,0.32976600000000006,1.0,65,0.577904,0.0,0.0,60,0.6
strong_market_effective_participation_v1,baseline_2y_1y_5fold,5,2025-04-01,2026-03-31,2025-09-09,SH.000300,2025-09-01,available,300,0.9999959999999999,68,0.597998,66,0.587408,0.9822909106719421,20,0.32976600000000006,20,0.32976600000000006,1.0,66,0.587408,0.0,0.0,60,0.6
strong_market_effective_participation_v1,baseline_2y_1y_5fold,5,2025-04-01,2026-03-31,2025-09-10,SH.000300,2025-09-01,available,300,0.9999959999999999,68,0.597998,66,0.587408,0.9822909106719421,20,0.32976600000000006,20,0.32976600000000006,1.0,66,0.587408,0.0,0.0,60,0.6
strong_market_effective_participation_v1,baseline_2y_1y_5fold,5,2025-04-01,2026-03-31,2025-09-11,SH.000300,2025-09-01,available,300,0.9999959999999999,68,0.597998,66,0.587408,0.9822909106719421,20,0.32976600000000006,20,0.32976600000000006,1.0,66,0.587408,0.0,0.0,60,0.6
strong_market_effective_participation_v1,baseline_2y_1y_5fold,5,2025-04-01,2026-03-31,2025-09-12,SH.000300,2025-09-01,available,300,0.9999959999999999,68,0.597998,66,0.587408,0.9822909106719421,20,0.32976600000000006,20,0.32976600000000006,1.0,66,0.587408,0.0,0.0,60,0.6
strong_market_effective_participation_v1,baseline_2y_1y_5fold,5,2025-04-01,2026-03-31,2025-09-15,SH.000300,2025-09-01,available,300,0.9999959999999999,68,0.597998,66,0.587408,0.9822909106719421,20,0.32976600000000006,20,0.32976600000000006,1.0,66,0.587408,0.0,0.0,60,0.6
strong_market_effective_participation_v1,baseline_2y_1y_5fold,5,2025-04-01,2026-03-31,2025-09-16,SH.000300,2025-09-01,available,300,0.9999959999999999,68,0.597998,66,0.587408,0.9822909106719421,20,0.32976600000000006,20,0.32976600000000006,1.0,66,0.587408,0.0,0.0,60,0.6
strong_market_effective_participation_v1,baseline_2y_1y_5fold,5,2025-04-01,2026-03-31,2025-09-17,SH.000300,2025-09-01,available,300,0.9999959999999999,68,0.597998,66,0.587408,0.9822909106719421,20,0.32976600000000006,20,0.32976600000000006,1.0,66,0.587408,0.0,0.0,60,0.6
strong_market_effective_participation_v1,baseline_2y_1y_5fold,5,2025-04-01,2026-03-31,2025-09-18,SH.000300,2025-09-01,available,300,0.9999959999999999,68,0.597998,66,0.587408,0.9822909106719421,20,0.32976600000000006,20,0.32976600000000006,1.0,66,0.587408,0.0,0.0,60,0.6
strong_market_effective_participation_v1,baseline_2y_1y_5fold,5,2025-04-01,2026-03-31,2025-09-19,SH.000300,2025-09-01,available,300,0.9999959999999999,68,0.597998,66,0.587408,0.9822909106719421,20,0.32976600000000006,20,0.32976600000000006,1.0,66,0.587408,0.0,0.0,60,0.6
strong_market_effective_participation_v1,baseline_2y_1y_5fold,5,2025-04-01,2026-03-31,2025-09-22,SH.000300,2025-09-01,available,300,0.9999959999999999,68,0.597998,66,0.587408,0.9822909106719421,20,0.32976600000000006,20,0.32976600000000006,1.0,66,0.587408,0.0,0.0,60,0.6
strong_market_effective_participation_v1,baseline_2y_1y_5fold,5,2025-04-01,2026-03-31,2025-09-23,SH.000300,2025-09-01,available,300,0.9999959999999999,68,0.597998,66,0.587408,0.9822909106719421,20,0.32976600000000006,20,0.32976600000000006,1.0,66,0.587408,0.0,0.0,60,0.6
strong_market_effective_participation_v1,baseline_2y_1y_5fold,5,2025-04-01,2026-03-31,2025-09-24,SH.000300,2025-09-01,available,300,0.9999959999999999,68,0.597998,66,0.587408,0.9822909106719421,20,0.32976600000000006,20,0.32976600000000006,1.0,66,0.587408,0.0,0.0,60,0.6
strong_market_effective_participation_v1,baseline_2y_1y_5fold,5,2025-04-01,2026-03-31,2025-09-25,SH.000300,2025-09-01,available,300,0.9999959999999999,68,0.597998,66,0.587408,0.9822909106719421,20,0.32976600000000006,20,0.32976600000000006,1.0,66,0.587408,0.0,0.0,60,0.6
strong_market_effective_participation_v1,baseline_2y_1y_5fold,5,2025-04-01,2026-03-31,2025-09-26,SH.000300,2025-09-01,available,300,0.9999959999999999,68,0.597998,66,0.587408,0.9822909106719421,20,0.32976600000000006,20,0.32976600000000006,1.0,66,0.587408,0.0,0.0,60,0.6
strong_market_effective_participation_v1,baseline_2y_1y_5fold,5,2025-04-01,2026-03-31,2025-09-29,SH.000300,2025-09-01,available,300,0.9999959999999999,68,0.597998,66,0.587408,0.9822909106719421,20,0.32976600000000006,20,0.32976600000000006,1.0,66,0.587408,0.0,0.0,60,0.6
strong_market_effective_participation_v1,baseline_2y_1y_5fold,5,2025-04-01,2026-03-31,2025-09-30,SH.000300,2025-09-01,available,300,0.9999959999999999,68,0.597998,66,0.587408,0.9822909106719421,20,0.32976600000000006,20,0.32976600000000006,1.0,66,0.587408,0.0,0.0,60,0.6
strong_market_effective_participation_v1,baseline_2y_1y_5fold,5,2025-04-01,2026-03-31,2025-10-09,SH.000300,2025-09-30,available,300,0.99999,66,0.5989200000000001,64,0.58925,0.9838542710211713,20,0.33319000000000004,20,0.33319000000000004,1.0,64,0.58925,0.0,0.0,60,0.6
strong_market_effective_participation_v1,baseline_2y_1y_5fold,5,2025-04-01,2026-03-31,2025-10-10,SH.000300,2025-10-09,available,300,1.000008,66,0.597315,63,0.583836,0.9774340172270912,20,0.33055199999999996,20,0.33055199999999996,1.0,63,0.583836,0.0,0.0,60,0.6
strong_market_effective_participation_v1,baseline_2y_1y_5fold,5,2025-04-01,2026-03-31,2025-10-13,SH.000300,2025-10-09,available,300,1.000008,66,0.597315,63,0.583836,0.9774340172270912,20,0.33055199999999996,20,0.33055199999999996,1.0,63,0.583836,0.0,0.0,60,0.6
strong_market_effective_participation_v1,baseline_2y_1y_5fold,5,2025-04-01,2026-03-31,2025-10-14,SH.000300,2025-10-09,available,300,1.000008,66,0.597315,63,0.583836,0.9774340172270912,20,0.33055199999999996,20,0.33055199999999996,1.0,63,0.583836,0.0,0.0,60,0.6
strong_market_effective_participation_v1,baseline_2y_1y_5fold,5,2025-04-01,2026-03-31,2025-10-15,SH.000300,2025-10-09,available,300,1.000008,66,0.597315,63,0.583836,0.9774340172270912,20,0.33055199999999996,20,0.33055199999999996,1.0,63,0.583836,0.0,0.0,60,0.6
strong_market_effective_participation_v1,baseline_2y_1y_5fold,5,2025-04-01,2026-03-31,2025-10-16,SH.000300,2025-10-09,available,300,1.000008,66,0.597315,63,0.583836,0.9774340172270912,20,0.33055199999999996,20,0.33055199999999996,1.0,63,0.583836,0.0,0.0,60,0.6
strong_market_effective_participation_v1,baseline_2y_1y_5fold,5,2025-04-01,2026-03-31,2025-10-17,SH.000300,2025-10-09,available,300,1.000008,66,0.597315,63,0.583836,0.9774340172270912,20,0.33055199999999996,20,0.33055199999999996,1.0,63,0.583836,0.0,0.0,60,0.6
strong_market_effective_participation_v1,baseline_2y_1y_5fold,5,2025-04-01,2026-03-31,2025-10-20,SH.000300,2025-10-09,available,300,1.000008,66,0.597315,63,0.583836,0.9774340172270912,20,0.33055199999999996,20,0.33055199999999996,1.0,63,0.583836,0.0,0.0,60,0.6
strong_market_effective_participation_v1,baseline_2y_1y_5fold,5,2025-04-01,2026-03-31,2025-10-21,SH.000300,2025-10-09,available,300,1.000008,66,0.597315,63,0.583836,0.9774340172270912,20,0.33055199999999996,20,0.33055199999999996,1.0,63,0.583836,0.0,0.0,60,0.6
strong_market_effective_participation_v1,baseline_2y_1y_5fold,5,2025-04-01,2026-03-31,2025-10-22,SH.000300,2025-10-09,available,300,1.000008,66,0.597315,63,0.583836,0.9774340172270912,20,0.33055199999999996,20,0.33055199999999996,1.0,63,0.583836,0.0,0.0,60,0.6
strong_market_effective_participation_v1,baseline_2y_1y_5fold,5,2025-04-01,2026-03-31,2025-10-23,SH.000300,2025-10-09,available,300,1.000008,66,0.597315,63,0.583836,0.9774340172270912,20,0.33055199999999996,20,0.33055199999999996,1.0,63,0.583836,0.0,0.0,60,0.6
strong_market_effective_participation_v1,baseline_2y_1y_5fold,5,2025-04-01,2026-03-31,2025-10-24,SH.000300,2025-10-09,available,300,1.000008,66,0.597315,63,0.583836,0.9774340172270912,20,0.33055199999999996,20,0.33055199999999996,1.0,63,0.583836,0.0,0.0,60,0.6
strong_market_effective_participation_v1,baseline_2y_1y_5fold,5,2025-04-01,2026-03-31,2025-10-27,SH.000300,2025-10-09,available,300,1.000008,66,0.597315,63,0.583836,0.9774340172270912,20,0.33055199999999996,20,0.33055199999999996,1.0,63,0.583836,0.0,0.0,60,0.6
strong_market_effective_participation_v1,baseline_2y_1y_5fold,5,2025-04-01,2026-03-31,2025-10-28,SH.000300,2025-10-09,available,300,1.000008,66,0.597315,63,0.583836,0.9774340172270912,20,0.33055199999999996,20,0.33055199999999996,1.0,63,0.583836,0.0,0.0,60,0.6
strong_market_effective_participation_v1,baseline_2y_1y_5fold,5,2025-04-01,2026-03-31,2025-10-29,SH.000300,2025-10-09,available,300,1.000008,66,0.597315,63,0.583836,0.9774340172270912,20,0.33055199999999996,20,0.33055199999999996,1.0,63,0.583836,0.0,0.0,60,0.6
strong_market_effective_participation_v1,baseline_2y_1y_5fold,5,2025-04-01,2026-03-31,2025-10-30,SH.000300,2025-10-09,available,300,1.000008,66,0.597315,63,0.583836,0.9774340172270912,20,0.33055199999999996,20,0.33055199999999996,1.0,63,0.583836,0.0,0.0,60,0.6
strong_market_effective_participation_v1,baseline_2y_1y_5fold,5,2025-04-01,2026-03-31,2025-10-31,SH.000300,2025-10-09,available,300,1.000008,66,0.597315,63,0.583836,0.9774340172270912,20,0.33055199999999996,20,0.33055199999999996,1.0,63,0.583836,0.0,0.0,60,0.6
strong_market_effective_participation_v1,baseline_2y_1y_5fold,5,2025-04-01,2026-03-31,2025-11-03,SH.000300,2025-10-31,available,300,1.00004,66,0.59714,64,0.5872900000000001,0.9835047057641425,20,0.33358999999999994,20,0.33358999999999994,1.0,64,0.5872900000000001,0.0,0.0,60,0.6
strong_market_effective_participation_v1,baseline_2y_1y_5fold,5,2025-04-01,2026-03-31,2025-11-04,SH.000300,2025-11-03,available,300,0.9999909999999999,66,0.5966570000000001,64,0.586127,0.9823516693845875,20,0.33400700000000005,20,0.33400700000000005,1.0,64,0.586127,0.0,0.0,60,0.6
strong_market_effective_participation_v1,baseline_2y_1y_5fold,5,2025-04-01,2026-03-31,2025-11-05,SH.000300,2025-11-03,available,300,0.9999909999999999,66,0.5966570000000001,64,0.586127,0.9823516693845875,20,0.33400700000000005,20,0.33400700000000005,1.0,64,0.586127,0.0,0.0,60,0.6
strong_market_effective_participation_v1,baseline_2y_1y_5fold,5,2025-04-01,2026-03-31,2025-11-06,SH.000300,2025-11-03,available,300,0.9999909999999999,66,0.5966570000000001,64,0.586127,0.9823516693845875,20,0.33400700000000005,20,0.33400700000000005,1.0,64,0.586127,0.0,0.0,60,0.6
strong_market_effective_participation_v1,baseline_2y_1y_5fold,5,2025-04-01,2026-03-31,2025-11-07,SH.000300,2025-11-03,available,300,0.9999909999999999,66,0.5966570000000001,64,0.586127,0.9823516693845875,20,0.33400700000000005,20,0.33400700000000005,1.0,64,0.586127,0.0,0.0,60,0.6
strong_market_effective_participation_v1,baseline_2y_1y_5fold,5,2025-04-01,2026-03-31,2025-11-10,SH.000300,2025-11-03,available,300,0.9999909999999999,66,0.5966570000000001,64,0.586127,0.9823516693845875,20,0.33400700000000005,20,0.33400700000000005,1.0,64,0.586127,0.0,0.0,60,0.6
strong_market_effective_participation_v1,baseline_2y_1y_5fold,5,2025-04-01,2026-03-31,2025-11-11,SH.000300,2025-11-03,available,300,0.9999909999999999,66,0.5966570000000001,64,0.586127,0.9823516693845875,20,0.33400700000000005,20,0.33400700000000005,1.0,64,0.586127,0.0,0.0,60,0.6
strong_market_effective_participation_v1,baseline_2y_1y_5fold,5,2025-04-01,2026-03-31,2025-11-12,SH.000300,2025-11-03,available,300,0.9999909999999999,66,0.5966570000000001,64,0.586127,0.9823516693845875,20,0.33400700000000005,20,0.33400700000000005,1.0,64,0.586127,0.0,0.0,60,0.6
strong_market_effective_participation_v1,baseline_2y_1y_5fold,5,2025-04-01,2026-03-31,2025-11-13,SH.000300,2025-11-03,available,300,0.9999909999999999,66,0.5966570000000001,64,0.586127,0.9823516693845875,20,0.33400700000000005,20,0.33400700000000005,1.0,64,0.586127,0.0,0.0,60,0.6
strong_market_effective_participation_v1,baseline_2y_1y_5fold,5,2025-04-01,2026-03-31,2025-11-14,SH.000300,2025-11-03,available,300,0.9999909999999999,66,0.5966570000000001,64,0.586127,0.9823516693845875,20,0.33400700000000005,20,0.33400700000000005,1.0,64,0.586127,0.0,0.0,60,0.6
strong_market_effective_participation_v1,baseline_2y_1y_5fold,5,2025-04-01,2026-03-31,2025-11-17,SH.000300,2025-11-03,available,300,0.9999909999999999,66,0.5966570000000001,64,0.586127,0.9823516693845875,20,0.33400700000000005,20,0.33400700000000005,1.0,64,0.586127,0.0,0.0,60,0.6
strong_market_effective_participation_v1,baseline_2y_1y_5fold,5,2025-04-01,2026-03-31,2025-11-18,SH.000300,2025-11-03,available,300,0.9999909999999999,66,0.5966570000000001,64,0.586127,0.9823516693845875,20,0.33400700000000005,20,0.33400700000000005,1.0,64,0.586127,0.0,0.0,60,0.6
strong_market_effective_participation_v1,baseline_2y_1y_5fold,5,2025-04-01,2026-03-31,2025-11-19,SH.000300,2025-11-03,available,300,0.9999909999999999,66,0.5966570000000001,64,0.586127,0.9823516693845875,20,0.33400700000000005,20,0.33400700000000005,1.0,64,0.586127,0.0,0.0,60,0.6
strong_market_effective_participation_v1,baseline_2y_1y_5fold,5,2025-04-01,2026-03-31,2025-11-20,SH.000300,2025-11-03,available,300,0.9999909999999999,66,0.5966570000000001,64,0.586127,0.9823516693845875,20,0.33400700000000005,20,0.33400700000000005,1.0,64,0.586127,0.0,0.0,60,0.6
strong_market_effective_participation_v1,baseline_2y_1y_5fold,5,2025-04-01,2026-03-31,2025-11-21,SH.000300,2025-11-03,available,300,0.9999909999999999,66,0.5966570000000001,64,0.586127,0.9823516693845875,20,0.33400700000000005,20,0.33400700000000005,1.0,64,0.586127,0.0,0.0,60,0.6
strong_market_effective_participation_v1,baseline_2y_1y_5fold,5,2025-04-01,2026-03-31,2025-11-24,SH.000300,2025-11-03,available,300,0.9999909999999999,66,0.5966570000000001,64,0.586127,0.9823516693845875,20,0.33400700000000005,20,0.33400700000000005,1.0,64,0.586127,0.0,0.0,60,0.6
strong_market_effective_participation_v1,baseline_2y_1y_5fold,5,2025-04-01,2026-03-31,2025-11-25,SH.000300,2025-11-03,available,300,0.9999909999999999,66,0.5966570000000001,64,0.586127,0.9823516693845875,20,0.33400700000000005,20,0.33400700000000005,1.0,64,0.586127,0.0,0.0,60,0.6
strong_market_effective_participation_v1,baseline_2y_1y_5fold,5,2025-04-01,2026-03-31,2025-11-26,SH.000300,2025-11-03,available,300,0.9999909999999999,66,0.5966570000000001,64,0.586127,0.9823516693845875,20,0.33400700000000005,20,0.33400700000000005,1.0,64,0.586127,0.0,0.0,60,0.6
strong_market_effective_participation_v1,baseline_2y_1y_5fold,5,2025-04-01,2026-03-31,2025-11-27,SH.000300,2025-11-03,available,300,0.9999909999999999,66,0.5966570000000001,64,0.586127,0.9823516693845875,20,0.33400700000000005,20,0.33400700000000005,1.0,64,0.586127,0.0,0.0,60,0.6
strong_market_effective_participation_v1,baseline_2y_1y_5fold,5,2025-04-01,2026-03-31,2025-11-28,SH.000300,2025-11-03,available,300,0.9999909999999999,66,0.5966570000000001,64,0.586127,0.9823516693845875,20,0.33400700000000005,20,0.33400700000000005,1.0,64,0.586127,0.0,0.0,60,0.6
strong_market_effective_participation_v1,baseline_2y_1y_5fold,5,2025-04-01,2026-03-31,2025-12-01,SH.000300,2025-11-28,available,300,0.9999199999999999,66,0.59965,63,0.58465,0.9749854081547569,20,0.33791,20,0.33791,1.0,63,0.58465,0.0,0.0,60,0.6
strong_market_effective_participation_v1,baseline_2y_1y_5fold,5,2025-04-01,2026-03-31,2025-12-02,SH.000300,2025-12-01,available,300,1.000003,66,0.5997649999999999,63,0.5847359999999999,0.974941852225455,20,0.337492,20,0.337492,1.0,63,0.5847359999999999,0.0,0.0,60,0.6
strong_market_effective_participation_v1,baseline_2y_1y_5fold,5,2025-04-01,2026-03-31,2025-12-03,SH.000300,2025-12-01,available,300,1.000003,66,0.5997649999999999,63,0.5847359999999999,0.974941852225455,20,0.337492,20,0.337492,1.0,63,0.5847359999999999,0.0,0.0,60,0.6
strong_market_effective_participation_v1,baseline_2y_1y_5fold,5,2025-04-01,2026-03-31,2025-12-04,SH.000300,2025-12-01,available,300,1.000003,66,0.5997649999999999,63,0.5847359999999999,0.974941852225455,20,0.337492,20,0.337492,1.0,63,0.5847359999999999,0.0,0.0,60,0.6
strong_market_effective_participation_v1,baseline_2y_1y_5fold,5,2025-04-01,2026-03-31,2025-12-05,SH.000300,2025-12-01,available,300,1.000003,66,0.5997649999999999,63,0.5847359999999999,0.974941852225455,20,0.337492,20,0.337492,1.0,63,0.5847359999999999,0.0,0.0,60,0.6
strong_market_effective_participation_v1,baseline_2y_1y_5fold,5,2025-04-01,2026-03-31,2025-12-08,SH.000300,2025-12-01,available,300,1.000003,66,0.5997649999999999,63,0.5847359999999999,0.974941852225455,20,0.337492,20,0.337492,1.0,63,0.5847359999999999,0.0,0.0,60,0.6
strong_market_effective_participation_v1,baseline_2y_1y_5fold,5,2025-04-01,2026-03-31,2025-12-09,SH.000300,2025-12-01,available,300,1.000003,66,0.5997649999999999,63,0.5847359999999999,0.974941852225455,20,0.337492,20,0.337492,1.0,63,0.5847359999999999,0.0,0.0,60,0.6
strong_market_effective_participation_v1,baseline_2y_1y_5fold,5,2025-04-01,2026-03-31,2025-12-10,SH.000300,2025-12-01,available,300,1.000003,66,0.5997649999999999,63,0.5847359999999999,0.974941852225455,20,0.337492,20,0.337492,1.0,63,0.5847359999999999,0.0,0.0,60,0.6
strong_market_effective_participation_v1,baseline_2y_1y_5fold,5,2025-04-01,2026-03-31,2025-12-11,SH.000300,2025-12-01,available,300,1.000003,66,0.5997649999999999,63,0.5847359999999999,0.974941852225455,20,0.337492,20,0.337492,1.0,63,0.5847359999999999,0.0,0.0,60,0.6
strong_market_effective_participation_v1,baseline_2y_1y_5fold,5,2025-04-01,2026-03-31,2025-12-12,SH.000300,2025-12-01,available,300,1.000003,66,0.5997649999999999,63,0.5847359999999999,0.974941852225455,20,0.337492,20,0.337492,1.0,63,0.5847359999999999,0.0,0.0,60,0.6
strong_market_effective_participation_v1,baseline_2y_1y_5fold,5,2025-04-01,2026-03-31,2025-12-15,SH.000300,2025-12-01,available,300,1.000003,66,0.5997649999999999,63,0.5847359999999999,0.974941852225455,20,0.337492,20,0.337492,1.0,63,0.5847359999999999,0.0,0.0,60,0.6
strong_market_effective_participation_v1,baseline_2y_1y_5fold,5,2025-04-01,2026-03-31,2025-12-16,SH.000300,2025-12-01,available,300,1.000003,66,0.5997649999999999,63,0.5847359999999999,0.974941852225455,20,0.337492,20,0.337492,1.0,63,0.5847359999999999,0.0,0.0,60,0.6
strong_market_effective_participation_v1,baseline_2y_1y_5fold,5,2025-04-01,2026-03-31,2025-12-17,SH.000300,2025-12-01,available,300,1.000003,66,0.5997649999999999,63,0.5847359999999999,0.974941852225455,20,0.337492,20,0.337492,1.0,63,0.5847359999999999,0.0,0.0,60,0.6
strong_market_effective_participation_v1,baseline_2y_1y_5fold,5,2025-04-01,2026-03-31,2025-12-18,SH.000300,2025-12-01,available,300,1.000003,66,0.5997649999999999,63,0.5847359999999999,0.974941852225455,20,0.337492,20,0.337492,1.0,63,0.5847359999999999,0.0,0.0,60,0.6
strong_market_effective_participation_v1,baseline_2y_1y_5fold,5,2025-04-01,2026-03-31,2025-12-19,SH.000300,2025-12-01,available,300,1.000003,66,0.5997649999999999,62,0.580031,0.9670971130359393,20,0.337492,20,0.337492,1.0,62,0.580031,0.0,0.0,60,0.6
strong_market_effective_participation_v1,baseline_2y_1y_5fold,5,2025-04-01,2026-03-31,2025-12-22,SH.000300,2025-12-01,available,300,1.000003,66,0.5997649999999999,62,0.580031,0.9670971130359393,20,0.337492,20,0.337492,1.0,62,0.580031,0.0,0.0,60,0.6
strong_market_effective_participation_v1,baseline_2y_1y_5fold,5,2025-04-01,2026-03-31,2025-12-23,SH.000300,2025-12-01,available,300,1.000003,66,0.5997649999999999,62,0.580031,0.9670971130359393,20,0.337492,20,0.337492,1.0,62,0.580031,0.0,0.0,60,0.6
strong_market_effective_participation_v1,baseline_2y_1y_5fold,5,2025-04-01,2026-03-31,2025-12-24,SH.000300,2025-12-01,available,300,1.000003,66,0.5997649999999999,62,0.580031,0.9670971130359393,20,0.337492,20,0.337492,1.0,62,0.580031,0.0,0.0,60,0.6
strong_market_effective_participation_v1,baseline_2y_1y_5fold,5,2025-04-01,2026-03-31,2025-12-25,SH.000300,2025-12-01,available,300,1.000003,66,0.5997649999999999,62,0.580031,0.9670971130359393,20,0.337492,20,0.337492,1.0,62,0.580031,0.0,0.0,60,0.6
strong_market_effective_participation_v1,baseline_2y_1y_5fold,5,2025-04-01,2026-03-31,2025-12-26,SH.000300,2025-12-01,available,300,1.000003,66,0.5997649999999999,62,0.580031,0.9670971130359393,20,0.337492,20,0.337492,1.0,62,0.580031,0.0,0.0,60,0.6
strong_market_effective_participation_v1,baseline_2y_1y_5fold,5,2025-04-01,2026-03-31,2025-12-29,SH.000300,2025-12-01,available,300,1.000003,66,0.5997649999999999,62,0.580031,0.9670971130359393,20,0.337492,20,0.337492,1.0,62,0.580031,0.0,0.0,60,0.6
strong_market_effective_participation_v1,baseline_2y_1y_5fold,5,2025-04-01,2026-03-31,2025-12-30,SH.000300,2025-12-01,available,300,1.000003,66,0.5997649999999999,62,0.580031,0.9670971130359393,20,0.337492,20,0.337492,1.0,62,0.580031,0.0,0.0,60,0.6
strong_market_effective_participation_v1,baseline_2y_1y_5fold,5,2025-04-01,2026-03-31,2025-12-31,SH.000300,2025-12-01,available,300,1.000003,66,0.5997649999999999,62,0.580031,0.9670971130359393,20,0.337492,20,0.337492,1.0,62,0.580031,0.0,0.0,60,0.6
strong_market_effective_participation_v1,baseline_2y_1y_5fold,5,2025-04-01,2026-03-31,2026-01-05,SH.000300,2025-12-31,available,300,0.99997,67,0.59967,63,0.58038,0.9678323077692731,20,0.33671999999999996,20,0.33671999999999996,1.0,63,0.58038,0.0,0.0,60,0.6
strong_market_effective_participation_v1,baseline_2y_1y_5fold,5,2025-04-01,2026-03-31,2026-01-06,SH.000300,2026-01-05,available,300,1.000001,66,0.597788,62,0.579066,0.9686812047080235,20,0.33813400000000005,20,0.33813400000000005,1.0,62,0.579066,0.0,0.0,60,0.6
strong_market_effective_participation_v1,baseline_2y_1y_5fold,5,2025-04-01,2026-03-31,2026-01-07,SH.000300,2026-01-05,available,300,1.000001,66,0.597788,62,0.579066,0.9686812047080235,20,0.33813400000000005,20,0.33813400000000005,1.0,62,0.579066,0.0,0.0,60,0.6
strong_market_effective_participation_v1,baseline_2y_1y_5fold,5,2025-04-01,2026-03-31,2026-01-08,SH.000300,2026-01-05,available,300,1.000001,66,0.597788,62,0.579066,0.9686812047080235,20,0.33813400000000005,20,0.33813400000000005,1.0,62,0.579066,0.0,0.0,60,0.6
strong_market_effective_participation_v1,baseline_2y_1y_5fold,5,2025-04-01,2026-03-31,2026-01-09,SH.000300,2026-01-05,available,300,1.000001,66,0.597788,62,0.579066,0.9686812047080235,20,0.33813400000000005,20,0.33813400000000005,1.0,62,0.579066,0.0,0.0,60,0.6
strong_market_effective_participation_v1,baseline_2y_1y_5fold,5,2025-04-01,2026-03-31,2026-01-12,SH.000300,2026-01-05,available,300,1.000001,66,0.597788,62,0.579066,0.9686812047080235,20,0.33813400000000005,20,0.33813400000000005,1.0,62,0.579066,0.0,0.0,60,0.6
strong_market_effective_participation_v1,baseline_2y_1y_5fold,5,2025-04-01,2026-03-31,2026-01-13,SH.000300,2026-01-05,available,300,1.000001,66,0.597788,62,0.579066,0.9686812047080235,20,0.33813400000000005,20,0.33813400000000005,1.0,62,0.579066,0.0,0.0,60,0.6
strong_market_effective_participation_v1,baseline_2y_1y_5fold,5,2025-04-01,2026-03-31,2026-01-14,SH.000300,2026-01-05,available,300,1.000001,66,0.597788,62,0.579066,0.9686812047080235,20,0.33813400000000005,20,0.33813400000000005,1.0,62,0.579066,0.0,0.0,60,0.6
strong_market_effective_participation_v1,baseline_2y_1y_5fold,5,2025-04-01,2026-03-31,2026-01-15,SH.000300,2026-01-05,available,300,1.000001,66,0.597788,62,0.579066,0.9686812047080235,20,0.33813400000000005,20,0.33813400000000005,1.0,62,0.579066,0.0,0.0,60,0.6
strong_market_effective_participation_v1,baseline_2y_1y_5fold,5,2025-04-01,2026-03-31,2026-01-16,SH.000300,2026-01-05,available,300,1.000001,66,0.597788,62,0.579066,0.9686812047080235,20,0.33813400000000005,20,0.33813400000000005,1.0,62,0.579066,0.0,0.0,60,0.6
strong_market_effective_participation_v1,baseline_2y_1y_5fold,5,2025-04-01,2026-03-31,2026-01-19,SH.000300,2026-01-05,available,300,1.000001,66,0.597788,62,0.579066,0.9686812047080235,20,0.33813400000000005,20,0.33813400000000005,1.0,62,0.579066,0.0,0.0,60,0.6
strong_market_effective_participation_v1,baseline_2y_1y_5fold,5,2025-04-01,2026-03-31,2026-01-20,SH.000300,2026-01-05,available,300,1.000001,66,0.597788,62,0.579066,0.9686812047080235,20,0.33813400000000005,20,0.33813400000000005,1.0,62,0.579066,0.0,0.0,60,0.6
strong_market_effective_participation_v1,baseline_2y_1y_5fold,5,2025-04-01,2026-03-31,2026-01-21,SH.000300,2026-01-05,available,300,1.000001,66,0.597788,62,0.579066,0.9686812047080235,20,0.33813400000000005,20,0.33813400000000005,1.0,62,0.579066,0.0,0.0,60,0.6
strong_market_effective_participation_v1,baseline_2y_1y_5fold,5,2025-04-01,2026-03-31,2026-01-22,SH.000300,2026-01-05,available,300,1.000001,66,0.597788,62,0.579066,0.9686812047080235,20,0.33813400000000005,20,0.33813400000000005,1.0,62,0.579066,0.0,0.0,60,0.6
strong_market_effective_participation_v1,baseline_2y_1y_5fold,5,2025-04-01,2026-03-31,2026-01-23,SH.000300,2026-01-05,available,300,1.000001,66,0.597788,62,0.579066,0.9686812047080235,20,0.33813400000000005,20,0.33813400000000005,1.0,62,0.579066,0.0,0.0,60,0.6
strong_market_effective_participation_v1,baseline_2y_1y_5fold,5,2025-04-01,2026-03-31,2026-01-26,SH.000300,2026-01-05,available,300,1.000001,66,0.597788,62,0.579066,0.9686812047080235,20,0.33813400000000005,20,0.33813400000000005,1.0,62,0.579066,0.0,0.0,60,0.6
strong_market_effective_participation_v1,baseline_2y_1y_5fold,5,2025-04-01,2026-03-31,2026-01-27,SH.000300,2026-01-05,available,300,1.000001,66,0.597788,62,0.579066,0.9686812047080235,20,0.33813400000000005,20,0.33813400000000005,1.0,62,0.579066,0.0,0.0,60,0.6
strong_market_effective_participation_v1,baseline_2y_1y_5fold,5,2025-04-01,2026-03-31,2026-01-28,SH.000300,2026-01-05,available,300,1.000001,66,0.597788,62,0.579066,0.9686812047080235,20,0.33813400000000005,20,0.33813400000000005,1.0,62,0.579066,0.0,0.0,60,0.6
strong_market_effective_participation_v1,baseline_2y_1y_5fold,5,2025-04-01,2026-03-31,2026-01-29,SH.000300,2026-01-05,available,300,1.000001,66,0.597788,62,0.579066,0.9686812047080235,20,0.33813400000000005,20,0.33813400000000005,1.0,62,0.579066,0.0,0.0,60,0.6
strong_market_effective_participation_v1,baseline_2y_1y_5fold,5,2025-04-01,2026-03-31,2026-01-30,SH.000300,2026-01-05,available,300,1.000001,66,0.597788,62,0.579066,0.9686812047080235,20,0.33813400000000005,20,0.33813400000000005,1.0,62,0.579066,0.0,0.0,60,0.6
strong_market_effective_participation_v1,baseline_2y_1y_5fold,5,2025-04-01,2026-03-31,2026-02-02,SH.000300,2026-01-30,available,300,0.99994,68,0.5988300000000001,65,0.58379,0.9748843578311039,20,0.32594000000000006,20,0.32594000000000006,1.0,65,0.58379,0.0,0.0,60,0.6
strong_market_effective_participation_v1,baseline_2y_1y_5fold,5,2025-04-01,2026-03-31,2026-02-03,SH.000300,2026-02-02,available,300,1.0000010000000001,68,0.599506,65,0.583841,0.9738701530927131,20,0.32718800000000003,20,0.32718800000000003,1.0,65,0.583841,0.0,0.0,60,0.6
strong_market_effective_participation_v1,baseline_2y_1y_5fold,5,2025-04-01,2026-03-31,2026-02-04,SH.000300,2026-02-02,available,300,1.0000010000000001,68,0.599506,65,0.583841,0.9738701530927131,20,0.32718800000000003,20,0.32718800000000003,1.0,65,0.583841,0.0,0.0,60,0.6
strong_market_effective_participation_v1,baseline_2y_1y_5fold,5,2025-04-01,2026-03-31,2026-02-05,SH.000300,2026-02-02,available,300,1.0000010000000001,68,0.599506,65,0.583841,0.9738701530927131,20,0.32718800000000003,20,0.32718800000000003,1.0,65,0.583841,0.0,0.0,60,0.6
strong_market_effective_participation_v1,baseline_2y_1y_5fold,5,2025-04-01,2026-03-31,2026-02-06,SH.000300,2026-02-02,available,300,1.0000010000000001,68,0.599506,65,0.583841,0.9738701530927131,20,0.32718800000000003,20,0.32718800000000003,1.0,65,0.583841,0.0,0.0,60,0.6
strong_market_effective_participation_v1,baseline_2y_1y_5fold,5,2025-04-01,2026-03-31,2026-02-09,SH.000300,2026-02-02,available,300,1.0000010000000001,68,0.599506,65,0.583841,0.9738701530927131,20,0.32718800000000003,20,0.32718800000000003,1.0,65,0.583841,0.0,0.0,60,0.6
strong_market_effective_participation_v1,baseline_2y_1y_5fold,5,2025-04-01,2026-03-31,2026-02-10,SH.000300,2026-02-02,available,300,1.0000010000000001,68,0.599506,65,0.583841,0.9738701530927131,20,0.32718800000000003,20,0.32718800000000003,1.0,65,0.583841,0.0,0.0,60,0.6
strong_market_effective_participation_v1,baseline_2y_1y_5fold,5,2025-04-01,2026-03-31,2026-02-11,SH.000300,2026-02-02,available,300,1.0000010000000001,68,0.599506,65,0.583841,0.9738701530927131,20,0.32718800000000003,20,0.32718800000000003,1.0,65,0.583841,0.0,0.0,60,0.6
strong_market_effective_participation_v1,baseline_2y_1y_5fold,5,2025-04-01,2026-03-31,2026-02-12,SH.000300,2026-02-02,available,300,1.0000010000000001,68,0.599506,65,0.583841,0.9738701530927131,20,0.32718800000000003,20,0.32718800000000003,1.0,65,0.583841,0.0,0.0,60,0.6
strong_market_effective_participation_v1,baseline_2y_1y_5fold,5,2025-04-01,2026-03-31,2026-02-13,SH.000300,2026-02-02,available,300,1.0000010000000001,68,0.599506,65,0.583841,0.9738701530927131,20,0.32718800000000003,20,0.32718800000000003,1.0,65,0.583841,0.0,0.0,60,0.6
strong_market_effective_participation_v1,baseline_2y_1y_5fold,5,2025-04-01,2026-03-31,2026-02-24,SH.000300,2026-02-02,available,300,1.0000010000000001,68,0.599506,65,0.583841,0.9738701530927131,20,0.32718800000000003,20,0.32718800000000003,1.0,65,0.583841,0.0,0.0,60,0.6
strong_market_effective_participation_v1,baseline_2y_1y_5fold,5,2025-04-01,2026-03-31,2026-02-25,SH.000300,2026-02-02,available,300,1.0000010000000001,68,0.599506,65,0.583841,0.9738701530927131,20,0.32718800000000003,20,0.32718800000000003,1.0,65,0.583841,0.0,0.0,60,0.6
strong_market_effective_participation_v1,baseline_2y_1y_5fold,5,2025-04-01,2026-03-31,2026-02-26,SH.000300,2026-02-02,available,300,1.0000010000000001,68,0.599506,65,0.583841,0.9738701530927131,20,0.32718800000000003,20,0.32718800000000003,1.0,65,0.583841,0.0,0.0,60,0.6
strong_market_effective_participation_v1,baseline_2y_1y_5fold,5,2025-04-01,2026-03-31,2026-02-27,SH.000300,2026-02-02,available,300,1.0000010000000001,68,0.599506,65,0.583841,0.9738701530927131,20,0.32718800000000003,20,0.32718800000000003,1.0,65,0.583841,0.0,0.0,60,0.6
strong_market_effective_participation_v1,baseline_2y_1y_5fold,5,2025-04-01,2026-03-31,2026-03-02,SH.000300,2026-02-27,available,300,1.00001,69,0.5967899999999999,65,0.5761200000000001,0.9653647011511589,20,0.31415,20,0.31415,1.0,65,0.5761200000000001,0.0,0.0,60,0.6
strong_market_effective_participation_v1,baseline_2y_1y_5fold,5,2025-04-01,2026-03-31,2026-03-03,SH.000300,2026-03-02,available,300,1.0000019999999998,69,0.597018,65,0.57606,0.9648955307880164,20,0.314828,20,0.314828,1.0,65,0.57606,0.0,0.0,60,0.6
strong_market_effective_participation_v1,baseline_2y_1y_5fold,5,2025-04-01,2026-03-31,2026-03-04,SH.000300,2026-03-02,available,300,1.0000019999999998,69,0.597018,65,0.57606,0.9648955307880164,20,0.314828,20,0.314828,1.0,65,0.57606,0.0,0.0,60,0.6
strong_market_effective_participation_v1,baseline_2y_1y_5fold,5,2025-04-01,2026-03-31,2026-03-05,SH.000300,2026-03-02,available,300,1.0000019999999998,69,0.597018,65,0.57606,0.9648955307880164,20,0.314828,20,0.314828,1.0,65,0.57606,0.0,0.0,60,0.6
strong_market_effective_participation_v1,baseline_2y_1y_5fold,5,2025-04-01,2026-03-31,2026-03-06,SH.000300,2026-03-02,available,300,1.0000019999999998,69,0.597018,65,0.57606,0.9648955307880164,20,0.314828,20,0.314828,1.0,65,0.57606,0.0,0.0,60,0.6
strong_market_effective_participation_v1,baseline_2y_1y_5fold,5,2025-04-01,2026-03-31,2026-03-09,SH.000300,2026-03-02,available,300,1.0000019999999998,69,0.597018,65,0.57606,0.9648955307880164,20,0.314828,20,0.314828,1.0,65,0.57606,0.0,0.0,60,0.6
strong_market_effective_participation_v1,baseline_2y_1y_5fold,5,2025-04-01,2026-03-31,2026-03-10,SH.000300,2026-03-02,available,300,1.0000019999999998,69,0.597018,65,0.57606,0.9648955307880164,20,0.314828,20,0.314828,1.0,65,0.57606,0.0,0.0,60,0.6
strong_market_effective_participation_v1,baseline_2y_1y_5fold,5,2025-04-01,2026-03-31,2026-03-11,SH.000300,2026-03-02,available,300,1.0000019999999998,69,0.597018,65,0.57606,0.9648955307880164,20,0.314828,20,0.314828,1.0,65,0.57606,0.0,0.0,60,0.6
strong_market_effective_participation_v1,baseline_2y_1y_5fold,5,2025-04-01,2026-03-31,2026-03-12,SH.000300,2026-03-02,available,300,1.0000019999999998,69,0.597018,65,0.57606,0.9648955307880164,20,0.314828,20,0.314828,1.0,65,0.57606,0.0,0.0,60,0.6
strong_market_effective_participation_v1,baseline_2y_1y_5fold,5,2025-04-01,2026-03-31,2026-03-13,SH.000300,2026-03-02,available,300,1.0000019999999998,69,0.597018,65,0.57606,0.9648955307880164,20,0.314828,20,0.314828,1.0,65,0.57606,0.0,0.0,60,0.6
strong_market_effective_participation_v1,baseline_2y_1y_5fold,5,2025-04-01,2026-03-31,2026-03-16,SH.000300,2026-03-02,available,300,1.0000019999999998,69,0.597018,65,0.57606,0.9648955307880164,20,0.314828,20,0.314828,1.0,65,0.57606,0.0,0.0,60,0.6
strong_market_effective_participation_v1,baseline_2y_1y_5fold,5,2025-04-01,2026-03-31,2026-03-17,SH.000300,2026-03-02,available,300,1.0000019999999998,69,0.597018,65,0.57606,0.9648955307880164,20,0.314828,20,0.314828,1.0,65,0.57606,0.0,0.0,60,0.6
strong_market_effective_participation_v1,baseline_2y_1y_5fold,5,2025-04-01,2026-03-31,2026-03-18,SH.000300,2026-03-02,available,300,1.0000019999999998,69,0.597018,65,0.57606,0.9648955307880164,20,0.314828,20,0.314828,1.0,65,0.57606,0.0,0.0,60,0.6
strong_market_effective_participation_v1,baseline_2y_1y_5fold,5,2025-04-01,2026-03-31,2026-03-19,SH.000300,2026-03-02,available,300,1.0000019999999998,69,0.597018,65,0.57606,0.9648955307880164,20,0.314828,20,0.314828,1.0,65,0.57606,0.0,0.0,60,0.6
strong_market_effective_participation_v1,baseline_2y_1y_5fold,5,2025-04-01,2026-03-31,2026-03-20,SH.000300,2026-03-02,available,300,1.0000019999999998,69,0.597018,65,0.57606,0.9648955307880164,20,0.314828,20,0.314828,1.0,65,0.57606,0.0,0.0,60,0.6
strong_market_effective_participation_v1,baseline_2y_1y_5fold,5,2025-04-01,2026-03-31,2026-03-23,SH.000300,2026-03-02,available,300,1.0000019999999998,69,0.597018,65,0.57606,0.9648955307880164,20,0.314828,20,0.314828,1.0,65,0.57606,0.0,0.0,60,0.6
strong_market_effective_participation_v1,baseline_2y_1y_5fold,5,2025-04-01,2026-03-31,2026-03-24,SH.000300,2026-03-02,available,300,1.0000019999999998,69,0.597018,65,0.57606,0.9648955307880164,20,0.314828,20,0.314828,1.0,65,0.57606,0.0,0.0,60,0.6
strong_market_effective_participation_v1,baseline_2y_1y_5fold,5,2025-04-01,2026-03-31,2026-03-25,SH.000300,2026-03-02,available,300,1.0000019999999998,69,0.597018,65,0.57606,0.9648955307880164,20,0.314828,20,0.314828,1.0,65,0.57606,0.0,0.0,60,0.6
strong_market_effective_participation_v1,baseline_2y_1y_5fold,5,2025-04-01,2026-03-31,2026-03-26,SH.000300,2026-03-02,available,300,1.0000019999999998,69,0.597018,65,0.57606,0.9648955307880164,20,0.314828,20,0.314828,1.0,65,0.57606,0.0,0.0,60,0.6
strong_market_effective_participation_v1,baseline_2y_1y_5fold,5,2025-04-01,2026-03-31,2026-03-27,SH.000300,2026-03-02,available,300,1.0000019999999998,69,0.597018,65,0.57606,0.9648955307880164,20,0.314828,20,0.314828,1.0,65,0.57606,0.0,0.0,60,0.6
strong_market_effective_participation_v1,baseline_2y_1y_5fold,5,2025-04-01,2026-03-31,2026-03-30,SH.000300,2026-03-02,available,300,1.0000019999999998,69,0.597018,65,0.57606,0.9648955307880164,20,0.314828,20,0.314828,1.0,65,0.57606,0.0,0.0,60,0.6
strong_market_effective_participation_v1,baseline_2y_1y_5fold,5,2025-04-01,2026-03-31,2026-03-31,SH.000300,2026-03-02,available,300,1.0000019999999998,69,0.597018,65,0.57606,0.9648955307880164,20,0.314828,20,0.314828,1.0,65,0.57606,0.0,0.0,60,0.6
