strategy_id,walk_forward_preset,fold,valid_start,valid_end,market_context_label,date,benchmark_symbol,benchmark_weight_date,asof_status,benchmark_constituent_count,benchmark_weight_sum,strategy_live_exposure,reported_live_exposure,strategy_live_holding_count,strategy_position_return,benchmark_daily_return,strategy_excess_daily_return,strategy_weight_in_benchmark,strategy_weight_outside_benchmark,benchmark_weight_held_by_strategy,benchmark_weight_missed_by_strategy,benchmark_top_n,benchmark_top_n_weight_total,benchmark_top_n_weight_held,benchmark_top_n_weight_missed,benchmark_top_n_coverage_ratio,constituent_overlap_count,outside_benchmark_count,industry_l1_gap_raw,industry_l1_gap_normalized,top_industry_underweight,top_industry_underweight_value,top_industry_overweight,top_industry_overweight_value
strong_market_effective_participation_v1,baseline_2y_1y_5fold,4,2024-04-01,2025-03-31,mixed_or_unresolved_context,2024-04-01,SH.000300,2024-03-29,available,300,1.0000400000000003,0.0,,0,0.0,0.01644390922351513,-0.01644390922351513,0.0,0.0,0.0,1.0,20,0.31817,0.0,0.31817,0.0,0,0,1.00004,,银行,-0.1256,区域地产,-0.00048
strong_market_effective_participation_v1,baseline_2y_1y_5fold,4,2024-04-01,2025-03-31,mixed_or_unresolved_context,2024-04-02,SH.000300,2024-04-01,available,300,0.9999979999999999,0.0,,0,0.0,-0.004163364064911801,0.004163364064911801,0.0,0.0,0.0,1.0,20,0.318349,0.0,0.318349,0.0,0,0,0.9999979999999999,,银行,-0.12473,区域地产,-0.000476
strong_market_effective_participation_v1,baseline_2y_1y_5fold,4,2024-04-01,2025-03-31,mixed_or_unresolved_context,2024-04-03,SH.000300,2024-04-01,available,300,0.9999979999999999,0.0,,0,0.0,-0.0035970821184801993,0.0035970821184801993,0.0,0.0,0.0,1.0,20,0.318349,0.0,0.318349,0.0,0,0,0.9999979999999999,,银行,-0.12473,区域地产,-0.000476
strong_market_effective_participation_v1,baseline_2y_1y_5fold,4,2024-04-01,2025-03-31,mixed_or_unresolved_context,2024-04-08,SH.000300,2024-04-01,available,300,0.9999979999999999,0.0,,0,0.0,-0.008798138909131725,0.008798138909131725,0.0,0.0,0.0,1.0,20,0.318349,0.0,0.318349,0.0,0,0,0.9999979999999999,,银行,-0.12473,区域地产,-0.000476
strong_market_effective_participation_v1,baseline_2y_1y_5fold,4,2024-04-01,2025-03-31,mixed_or_unresolved_context,2024-04-09,SH.000300,2024-04-01,available,300,0.9999979999999999,0.0,,0,0.0,-0.0008256961155522768,0.0008256961155522768,0.0,0.0,0.0,1.0,20,0.318349,0.0,0.318349,0.0,0,0,0.9999979999999999,,银行,-0.12473,区域地产,-0.000476
strong_market_effective_participation_v1,baseline_2y_1y_5fold,4,2024-04-01,2025-03-31,mixed_or_unresolved_context,2024-04-10,SH.000300,2024-04-01,available,300,0.9999979999999999,0.0,,0,0.0,-0.008144921876105382,0.008144921876105382,0.0,0.0,0.0,1.0,20,0.318349,0.0,0.318349,0.0,0,0,0.9999979999999999,,银行,-0.12473,区域地产,-0.000476
strong_market_effective_participation_v1,baseline_2y_1y_5fold,4,2024-04-01,2025-03-31,mixed_or_unresolved_context,2024-04-11,SH.000300,2024-04-01,available,300,0.9999979999999999,0.0,,0,0.0,-0.0001341052469392423,0.0001341052469392423,0.0,0.0,0.0,1.0,20,0.318349,0.0,0.318349,0.0,0,0,0.9999979999999999,,银行,-0.12473,区域地产,-0.000476
strong_market_effective_participation_v1,baseline_2y_1y_5fold,4,2024-04-01,2025-03-31,mixed_or_unresolved_context,2024-04-12,SH.000300,2024-04-01,available,300,0.9999979999999999,0.0,,0,0.0,-0.008104467730520648,0.008104467730520648,0.0,0.0,0.0,1.0,20,0.318349,0.0,0.318349,0.0,0,0,0.9999979999999999,,银行,-0.12473,区域地产,-0.000476
strong_market_effective_participation_v1,baseline_2y_1y_5fold,4,2024-04-01,2025-03-31,mixed_or_unresolved_context,2024-04-15,SH.000300,2024-04-01,available,300,0.9999979999999999,0.0,,0,0.0,0.02107116553120969,-0.02107116553120969,0.0,0.0,0.0,1.0,20,0.318349,0.0,0.318349,0.0,0,0,0.9999979999999999,,银行,-0.12473,区域地产,-0.000476
strong_market_effective_participation_v1,baseline_2y_1y_5fold,4,2024-04-01,2025-03-31,mixed_or_unresolved_context,2024-04-16,SH.000300,2024-04-01,available,300,0.9999979999999999,0.0,,0,0.0,-0.010698547229140987,0.010698547229140987,0.0,0.0,0.0,1.0,20,0.318349,0.0,0.318349,0.0,0,0,0.9999979999999999,,银行,-0.12473,区域地产,-0.000476
strong_market_effective_participation_v1,baseline_2y_1y_5fold,4,2024-04-01,2025-03-31,mixed_or_unresolved_context,2024-04-17,SH.000300,2024-04-01,available,300,0.9999979999999999,0.0,,0,0.0,0.015462346665299664,-0.015462346665299664,0.0,0.0,0.0,1.0,20,0.318349,0.0,0.318349,0.0,0,0,0.9999979999999999,,银行,-0.12473,区域地产,-0.000476
strong_market_effective_participation_v1,baseline_2y_1y_5fold,4,2024-04-01,2025-03-31,mixed_or_unresolved_context,2024-04-18,SH.000300,2024-04-01,available,300,0.9999979999999999,0.0,,0,0.0,0.0012340831323274237,-0.0012340831323274237,0.0,0.0,0.0,1.0,20,0.318349,0.0,0.318349,0.0,0,0,0.9999979999999999,,银行,-0.12473,区域地产,-0.000476
strong_market_effective_participation_v1,baseline_2y_1y_5fold,4,2024-04-01,2025-03-31,mixed_or_unresolved_context,2024-04-19,SH.000300,2024-04-01,available,300,0.9999979999999999,0.0,,0,0.0,-0.007882794554316841,0.007882794554316841,0.0,0.0,0.0,1.0,20,0.318349,0.0,0.318349,0.0,0,0,0.9999979999999999,,银行,-0.12473,区域地产,-0.000476
strong_market_effective_participation_v1,baseline_2y_1y_5fold,4,2024-04-01,2025-03-31,mixed_or_unresolved_context,2024-04-22,SH.000300,2024-04-01,available,300,0.9999979999999999,0.0,,0,0.0,-0.003038123365879164,0.003038123365879164,0.0,0.0,0.0,1.0,20,0.318349,0.0,0.318349,0.0,0,0,0.9999979999999999,,银行,-0.12473,区域地产,-0.000476
strong_market_effective_participation_v1,baseline_2y_1y_5fold,4,2024-04-01,2025-03-31,mixed_or_unresolved_context,2024-04-23,SH.000300,2024-04-01,available,300,0.9999979999999999,0.0,,0,0.0,-0.0069897193350138,0.0069897193350138,0.0,0.0,0.0,1.0,20,0.318349,0.0,0.318349,0.0,0,0,0.9999979999999999,,银行,-0.12473,区域地产,-0.000476
strong_market_effective_participation_v1,baseline_2y_1y_5fold,4,2024-04-01,2025-03-31,mixed_or_unresolved_context,2024-04-24,SH.000300,2024-04-01,available,300,0.9999979999999999,0.0,,0,0.0,0.004392194443018527,-0.004392194443018527,0.0,0.0,0.0,1.0,20,0.318349,0.0,0.318349,0.0,0,0,0.9999979999999999,,银行,-0.12473,区域地产,-0.000476
strong_market_effective_participation_v1,baseline_2y_1y_5fold,4,2024-04-01,2025-03-31,mixed_or_unresolved_context,2024-04-25,SH.000300,2024-04-01,available,300,0.9999979999999999,0.0,,0,0.0,0.002459095529898203,-0.002459095529898203,0.0,0.0,0.0,1.0,20,0.318349,0.0,0.318349,0.0,0,0,0.9999979999999999,,银行,-0.12473,区域地产,-0.000476
strong_market_effective_participation_v1,baseline_2y_1y_5fold,4,2024-04-01,2025-03-31,mixed_or_unresolved_context,2024-04-26,SH.000300,2024-04-01,available,300,0.9999979999999999,0.0,,0,0.0,0.015293404489162166,-0.015293404489162166,0.0,0.0,0.0,1.0,20,0.318349,0.0,0.318349,0.0,0,0,0.9999979999999999,,银行,-0.12473,区域地产,-0.000476
strong_market_effective_participation_v1,baseline_2y_1y_5fold,4,2024-04-01,2025-03-31,mixed_or_unresolved_context,2024-04-29,SH.000300,2024-04-01,available,300,0.9999979999999999,0.0,,0,0.0,0.011059434696604864,-0.011059434696604864,0.0,0.0,0.0,1.0,20,0.318349,0.0,0.318349,0.0,0,0,0.9999979999999999,,银行,-0.12473,区域地产,-0.000476
strong_market_effective_participation_v1,baseline_2y_1y_5fold,4,2024-04-01,2025-03-31,mixed_or_unresolved_context,2024-04-30,SH.000300,2024-04-01,available,300,0.9999979999999999,0.0,,0,0.0,-0.005386447235168679,0.005386447235168679,0.0,0.0,0.0,1.0,20,0.318349,0.0,0.318349,0.0,0,0,0.9999979999999999,,银行,-0.12473,区域地产,-0.000476
strong_market_effective_participation_v1,baseline_2y_1y_5fold,4,2024-04-01,2025-03-31,mixed_or_unresolved_context,2024-05-06,SH.000300,2024-04-30,available,300,1.0000299999999998,0.0,,0,0.0,0.014840236489392256,-0.014840236489392256,0.0,0.0,0.0,1.0,20,0.32333999999999996,0.0,0.32333999999999996,0.0,0,0,1.00003,,银行,-0.13086,区域地产,-0.00049
strong_market_effective_participation_v1,baseline_2y_1y_5fold,4,2024-04-01,2025-03-31,mixed_or_unresolved_context,2024-05-07,SH.000300,2024-05-06,available,300,0.999992,0.0,,0,0.0,0.000308922107887577,-0.000308922107887577,0.0,0.0,0.0,1.0,20,0.324554,0.0,0.324554,0.0,0,0,0.999992,,银行,-0.128951,区域地产,-0.000473
strong_market_effective_participation_v1,baseline_2y_1y_5fold,4,2024-04-01,2025-03-31,mixed_or_unresolved_context,2024-05-08,SH.000300,2024-05-06,available,300,0.999992,0.0,,0,0.0,-0.007868248515308873,0.007868248515308873,0.0,0.0,0.0,1.0,20,0.324554,0.0,0.324554,0.0,0,0,0.999992,,银行,-0.128951,区域地产,-0.000473
strong_market_effective_participation_v1,baseline_2y_1y_5fold,4,2024-04-01,2025-03-31,mixed_or_unresolved_context,2024-05-09,SH.000300,2024-05-06,available,300,0.999992,0.0,,0,0.0,0.009459481794491742,-0.009459481794491742,0.0,0.0,0.0,1.0,20,0.324554,0.0,0.324554,0.0,0,0,0.999992,,银行,-0.128951,区域地产,-0.000473
strong_market_effective_participation_v1,baseline_2y_1y_5fold,4,2024-04-01,2025-03-31,mixed_or_unresolved_context,2024-05-10,SH.000300,2024-05-06,available,300,0.999992,0.0,,0,0.0,0.00046936057807767106,-0.00046936057807767106,0.0,0.0,0.0,1.0,20,0.324554,0.0,0.324554,0.0,0,0,0.999992,,银行,-0.128951,区域地产,-0.000473
strong_market_effective_participation_v1,baseline_2y_1y_5fold,4,2024-04-01,2025-03-31,mixed_or_unresolved_context,2024-05-13,SH.000300,2024-05-06,available,300,0.999992,0.0,,0,0.0,-0.0004336820973848132,0.0004336820973848132,0.0,0.0,0.0,1.0,20,0.324554,0.0,0.324554,0.0,0,0,0.999992,,银行,-0.128951,区域地产,-0.000473
strong_market_effective_participation_v1,baseline_2y_1y_5fold,4,2024-04-01,2025-03-31,mixed_or_unresolved_context,2024-05-14,SH.000300,2024-05-06,available,300,0.999992,0.0,,0,0.0,-0.0020847602389287845,0.0020847602389287845,0.0,0.0,0.0,1.0,20,0.324554,0.0,0.324554,0.0,0,0,0.999992,,银行,-0.128951,区域地产,-0.000473
strong_market_effective_participation_v1,baseline_2y_1y_5fold,4,2024-04-01,2025-03-31,mixed_or_unresolved_context,2024-05-15,SH.000300,2024-05-06,available,300,0.999992,0.0,,0,0.0,-0.00847404328625534,0.00847404328625534,0.0,0.0,0.0,1.0,20,0.324554,0.0,0.324554,0.0,0,0,0.999992,,银行,-0.128951,区域地产,-0.000473
strong_market_effective_participation_v1,baseline_2y_1y_5fold,4,2024-04-01,2025-03-31,mixed_or_unresolved_context,2024-05-16,SH.000300,2024-05-06,available,300,0.999992,0.0,,0,0.0,0.003943674401416519,-0.003943674401416519,0.0,0.0,0.0,1.0,20,0.324554,0.0,0.324554,0.0,0,0,0.999992,,银行,-0.128951,区域地产,-0.000473
strong_market_effective_participation_v1,baseline_2y_1y_5fold,4,2024-04-01,2025-03-31,mixed_or_unresolved_context,2024-05-17,SH.000300,2024-05-06,available,300,0.999992,0.0,,0,0.0,0.010331395796020049,-0.010331395796020049,0.0,0.0,0.0,1.0,20,0.324554,0.0,0.324554,0.0,0,0,0.999992,,银行,-0.128951,区域地产,-0.000473
strong_market_effective_participation_v1,baseline_2y_1y_5fold,4,2024-04-01,2025-03-31,mixed_or_unresolved_context,2024-05-20,SH.000300,2024-05-06,available,300,0.999992,0.0,,0,0.0,0.003531839574548057,-0.003531839574548057,0.0,0.0,0.0,1.0,20,0.324554,0.0,0.324554,0.0,0,0,0.999992,,银行,-0.128951,区域地产,-0.000473
strong_market_effective_participation_v1,baseline_2y_1y_5fold,4,2024-04-01,2025-03-31,mixed_or_unresolved_context,2024-05-21,SH.000300,2024-05-06,available,300,0.999992,0.0,,0,0.0,-0.004009796909205221,0.004009796909205221,0.0,0.0,0.0,1.0,20,0.324554,0.0,0.324554,0.0,0,0,0.999992,,银行,-0.128951,区域地产,-0.000473
strong_market_effective_participation_v1,baseline_2y_1y_5fold,4,2024-04-01,2025-03-31,mixed_or_unresolved_context,2024-05-22,SH.000300,2024-05-06,available,300,0.999992,0.0,,0,0.0,0.0022550705083566047,-0.0022550705083566047,0.0,0.0,0.0,1.0,20,0.324554,0.0,0.324554,0.0,0,0,0.999992,,银行,-0.128951,区域地产,-0.000473
strong_market_effective_participation_v1,baseline_2y_1y_5fold,4,2024-04-01,2025-03-31,mixed_or_unresolved_context,2024-05-23,SH.000300,2024-05-06,available,300,0.999992,0.0,,0,0.0,-0.011578390261775762,0.011578390261775762,0.0,0.0,0.0,1.0,20,0.324554,0.0,0.324554,0.0,0,0,0.999992,,银行,-0.128951,区域地产,-0.000473
strong_market_effective_participation_v1,baseline_2y_1y_5fold,4,2024-04-01,2025-03-31,mixed_or_unresolved_context,2024-05-24,SH.000300,2024-05-06,available,300,0.999992,0.0,,0,0.0,-0.011068732683652827,0.011068732683652827,0.0,0.0,0.0,1.0,20,0.324554,0.0,0.324554,0.0,0,0,0.999992,,银行,-0.128951,区域地产,-0.000473
strong_market_effective_participation_v1,baseline_2y_1y_5fold,4,2024-04-01,2025-03-31,mixed_or_unresolved_context,2024-05-27,SH.000300,2024-05-06,available,300,0.999992,0.0,,0,0.0,0.0095044259582171,-0.0095044259582171,0.0,0.0,0.0,1.0,20,0.324554,0.0,0.324554,0.0,0,0,0.999992,,银行,-0.128951,区域地产,-0.000473
strong_market_effective_participation_v1,baseline_2y_1y_5fold,4,2024-04-01,2025-03-31,mixed_or_unresolved_context,2024-05-28,SH.000300,2024-05-06,available,300,0.999992,0.0,,0,0.0,-0.007299812141232431,0.007299812141232431,0.0,0.0,0.0,1.0,20,0.324554,0.0,0.324554,0.0,0,0,0.999992,,银行,-0.128951,区域地产,-0.000473
strong_market_effective_participation_v1,baseline_2y_1y_5fold,4,2024-04-01,2025-03-31,mixed_or_unresolved_context,2024-05-29,SH.000300,2024-05-06,available,300,0.999992,0.0,,0,0.0,0.0012052632599739432,-0.0012052632599739432,0.0,0.0,0.0,1.0,20,0.324554,0.0,0.324554,0.0,0,0,0.999992,,银行,-0.128951,区域地产,-0.000473
strong_market_effective_participation_v1,baseline_2y_1y_5fold,4,2024-04-01,2025-03-31,mixed_or_unresolved_context,2024-05-30,SH.000300,2024-05-06,available,300,0.999992,0.0,,0,0.0,-0.005316146029356372,0.005316146029356372,0.0,0.0,0.0,1.0,20,0.324554,0.0,0.324554,0.0,0,0,0.999992,,银行,-0.128951,区域地产,-0.000473
strong_market_effective_participation_v1,baseline_2y_1y_5fold,4,2024-04-01,2025-03-31,mixed_or_unresolved_context,2024-05-31,SH.000300,2024-05-06,available,300,0.999992,0.0,,0,0.0,-0.004003550055504346,0.004003550055504346,0.0,0.0,0.0,1.0,20,0.324554,0.0,0.324554,0.0,0,0,0.999992,,银行,-0.128951,区域地产,-0.000473
strong_market_effective_participation_v1,baseline_2y_1y_5fold,4,2024-04-01,2025-03-31,mixed_or_unresolved_context,2024-06-03,SH.000300,2024-05-31,available,300,1.00003,0.0,,0,0.0,0.0024665355650406173,-0.0024665355650406173,0.0,0.0,0.0,1.0,20,0.32109000000000004,0.0,0.32109000000000004,0.0,0,0,1.00003,,银行,-0.13521,日用化工,-0.0005
strong_market_effective_participation_v1,baseline_2y_1y_5fold,4,2024-04-01,2025-03-31,mixed_or_unresolved_context,2024-06-04,SH.000300,2024-06-03,available,300,1.000003,0.0,,0,0.0,0.007501219087425959,-0.007501219087425959,0.0,0.0,0.0,1.0,20,0.321909,0.0,0.321909,0.0,0,0,1.000003,,银行,-0.133801,日用化工,-0.000492
strong_market_effective_participation_v1,baseline_2y_1y_5fold,4,2024-04-01,2025-03-31,mixed_or_unresolved_context,2024-06-05,SH.000300,2024-06-03,available,300,1.000003,0.0,,0,0.0,-0.005774863303343536,0.005774863303343536,0.0,0.0,0.0,1.0,20,0.321909,0.0,0.321909,0.0,0,0,1.000003,,银行,-0.133801,日用化工,-0.000492
strong_market_effective_participation_v1,baseline_2y_1y_5fold,4,2024-04-01,2025-03-31,mixed_or_unresolved_context,2024-06-06,SH.000300,2024-06-03,available,300,1.000003,0.0,,0,0.0,-0.0007065781311286212,0.0007065781311286212,0.0,0.0,0.0,1.0,20,0.321909,0.0,0.321909,0.0,0,0,1.000003,,银行,-0.133801,日用化工,-0.000492
strong_market_effective_participation_v1,baseline_2y_1y_5fold,4,2024-04-01,2025-03-31,mixed_or_unresolved_context,2024-06-07,SH.000300,2024-06-03,available,300,1.000003,0.0,,0,0.0,-0.005049759899784179,0.005049759899784179,0.0,0.0,0.0,1.0,20,0.321909,0.0,0.321909,0.0,0,0,1.000003,,银行,-0.133801,日用化工,-0.000492
strong_market_effective_participation_v1,baseline_2y_1y_5fold,4,2024-04-01,2025-03-31,mixed_or_unresolved_context,2024-06-11,SH.000300,2024-06-03,available,300,1.000003,0.0,,0,0.0,-0.00873783963000585,0.00873783963000585,0.0,0.0,0.0,1.0,20,0.321909,0.0,0.321909,0.0,0,0,1.000003,,银行,-0.133801,日用化工,-0.000492
strong_market_effective_participation_v1,baseline_2y_1y_5fold,4,2024-04-01,2025-03-31,mixed_or_unresolved_context,2024-06-12,SH.000300,2024-06-03,available,300,1.000003,0.0,,0,0.0,0.0003499977419498812,-0.0003499977419498812,0.0,0.0,0.0,1.0,20,0.321909,0.0,0.321909,0.0,0,0,1.000003,,银行,-0.133801,日用化工,-0.000492
strong_market_effective_participation_v1,baseline_2y_1y_5fold,4,2024-04-01,2025-03-31,mixed_or_unresolved_context,2024-06-13,SH.000300,2024-06-03,available,300,1.000003,0.0,,0,0.0,-0.00507601322754303,0.00507601322754303,0.0,0.0,0.0,1.0,20,0.321909,0.0,0.321909,0.0,0,0,1.000003,,银行,-0.133801,日用化工,-0.000492
strong_market_effective_participation_v1,baseline_2y_1y_5fold,4,2024-04-01,2025-03-31,mixed_or_unresolved_context,2024-06-14,SH.000300,2024-06-03,available,300,1.000003,0.0,,0,0.0,0.004367394282116743,-0.004367394282116743,0.0,0.0,0.0,1.0,20,0.321909,0.0,0.321909,0.0,0,0,1.000003,,银行,-0.133801,日用化工,-0.000492
strong_market_effective_participation_v1,baseline_2y_1y_5fold,4,2024-04-01,2025-03-31,mixed_or_unresolved_context,2024-06-17,SH.000300,2024-06-03,available,300,1.000003,0.0,,0,0.0,-0.0015049992517359723,0.0015049992517359723,0.0,0.0,0.0,1.0,20,0.321909,0.0,0.321909,0.0,0,0,1.000003,,银行,-0.133801,日用化工,-0.000492
strong_market_effective_participation_v1,baseline_2y_1y_5fold,4,2024-04-01,2025-03-31,mixed_or_unresolved_context,2024-06-18,SH.000300,2024-06-03,available,300,1.000003,0.0,,0,0.0,0.002655392794525202,-0.002655392794525202,0.0,0.0,0.0,1.0,20,0.321909,0.0,0.321909,0.0,0,0,1.000003,,银行,-0.133801,日用化工,-0.000492
strong_market_effective_participation_v1,baseline_2y_1y_5fold,4,2024-04-01,2025-03-31,mixed_or_unresolved_context,2024-06-19,SH.000300,2024-06-03,available,300,1.000003,0.0,,0,0.0,-0.004749562132113416,0.004749562132113416,0.0,0.0,0.0,1.0,20,0.321909,0.0,0.321909,0.0,0,0,1.000003,,银行,-0.133801,日用化工,-0.000492
strong_market_effective_participation_v1,baseline_2y_1y_5fold,4,2024-04-01,2025-03-31,mixed_or_unresolved_context,2024-06-20,SH.000300,2024-06-03,available,300,1.000003,0.0,,0,0.0,-0.0072178533475025786,0.0072178533475025786,0.0,0.0,0.0,1.0,20,0.321909,0.0,0.321909,0.0,0,0,1.000003,,银行,-0.133801,日用化工,-0.000492
strong_market_effective_participation_v1,baseline_2y_1y_5fold,4,2024-04-01,2025-03-31,mixed_or_unresolved_context,2024-06-21,SH.000300,2024-06-03,available,300,1.000003,0.0,,0,0.0,-0.0021865223447741222,0.0021865223447741222,0.0,0.0,0.0,1.0,20,0.321909,0.0,0.321909,0.0,0,0,1.000003,,银行,-0.133801,日用化工,-0.000492
strong_market_effective_participation_v1,baseline_2y_1y_5fold,4,2024-04-01,2025-03-31,mixed_or_unresolved_context,2024-06-24,SH.000300,2024-06-03,available,300,1.000003,0.0,,0,0.0,-0.005381019676051757,0.005381019676051757,0.0,0.0,0.0,1.0,20,0.321909,0.0,0.321909,0.0,0,0,1.000003,,银行,-0.133801,日用化工,-0.000492
strong_market_effective_participation_v1,baseline_2y_1y_5fold,4,2024-04-01,2025-03-31,mixed_or_unresolved_context,2024-06-25,SH.000300,2024-06-03,available,300,1.000003,0.0,,0,0.0,-0.005438893698534009,0.005438893698534009,0.0,0.0,0.0,1.0,20,0.321909,0.0,0.321909,0.0,0,0,1.000003,,银行,-0.133801,日用化工,-0.000492
strong_market_effective_participation_v1,baseline_2y_1y_5fold,4,2024-04-01,2025-03-31,mixed_or_unresolved_context,2024-06-26,SH.000300,2024-06-03,available,300,1.000003,0.0,,0,0.0,0.006466352410422482,-0.006466352410422482,0.0,0.0,0.0,1.0,20,0.321909,0.0,0.321909,0.0,0,0,1.000003,,银行,-0.133801,日用化工,-0.000492
strong_market_effective_participation_v1,baseline_2y_1y_5fold,4,2024-04-01,2025-03-31,mixed_or_unresolved_context,2024-06-27,SH.000300,2024-06-03,available,300,1.000003,0.0,,0,0.0,-0.007510933091205874,0.007510933091205874,0.0,0.0,0.0,1.0,20,0.321909,0.0,0.321909,0.0,0,0,1.000003,,银行,-0.133801,日用化工,-0.000492
strong_market_effective_participation_v1,baseline_2y_1y_5fold,4,2024-04-01,2025-03-31,mixed_or_unresolved_context,2024-06-28,SH.000300,2024-06-03,available,300,1.000003,0.0,,0,0.0,0.002182900420367506,-0.002182900420367506,0.0,0.0,0.0,1.0,20,0.321909,0.0,0.321909,0.0,0,0,1.000003,,银行,-0.133801,日用化工,-0.000492
strong_market_effective_participation_v1,baseline_2y_1y_5fold,4,2024-04-01,2025-03-31,mixed_or_unresolved_context,2024-07-01,SH.000300,2024-06-28,available,300,1.0000200000000001,0.0,,0,0.0,0.004772276884500437,-0.004772276884500437,0.0,0.0,0.0,1.0,20,0.32255,0.0,0.32255,0.0,0,0,1.00002,,银行,-0.13144,日用化工,-0.00046
strong_market_effective_participation_v1,baseline_2y_1y_5fold,4,2024-04-01,2025-03-31,mixed_or_unresolved_context,2024-07-02,SH.000300,2024-07-01,available,300,1.0000040000000001,0.0,,0,0.0,-0.0018371677141493237,0.0018371677141493237,0.0,0.0,0.0,1.0,20,0.32055799999999995,0.0,0.32055799999999995,0.0,0,0,1.000004,,银行,-0.13233,日用化工,-0.000457
strong_market_effective_participation_v1,baseline_2y_1y_5fold,4,2024-04-01,2025-03-31,mixed_or_unresolved_context,2024-07-03,SH.000300,2024-07-01,available,300,1.0000040000000001,0.0,,0,0.0,-0.002413740462412828,0.002413740462412828,0.0,0.0,0.0,1.0,20,0.32055799999999995,0.0,0.32055799999999995,0.0,0,0,1.000004,,银行,-0.13233,日用化工,-0.000457
strong_market_effective_participation_v1,baseline_2y_1y_5fold,4,2024-04-01,2025-03-31,mixed_or_unresolved_context,2024-07-04,SH.000300,2024-07-01,available,300,1.0000040000000001,0.0,,0,0.0,-0.005081696940298697,0.005081696940298697,0.0,0.0,0.0,1.0,20,0.32055799999999995,0.0,0.32055799999999995,0.0,0,0,1.000004,,银行,-0.13233,日用化工,-0.000457
strong_market_effective_participation_v1,baseline_2y_1y_5fold,4,2024-04-01,2025-03-31,mixed_or_unresolved_context,2024-07-05,SH.000300,2024-07-01,available,300,1.0000040000000001,0.0,,0,0.0,-0.004280561029191943,0.004280561029191943,0.0,0.0,0.0,1.0,20,0.32055799999999995,0.0,0.32055799999999995,0.0,0,0,1.000004,,银行,-0.13233,日用化工,-0.000457
strong_market_effective_participation_v1,baseline_2y_1y_5fold,4,2024-04-01,2025-03-31,mixed_or_unresolved_context,2024-07-08,SH.000300,2024-07-01,available,300,1.0000040000000001,0.0,,0,0.0,-0.008539634981609145,0.008539634981609145,0.0,0.0,0.0,1.0,20,0.32055799999999995,0.0,0.32055799999999995,0.0,0,0,1.000004,,银行,-0.13233,日用化工,-0.000457
strong_market_effective_participation_v1,baseline_2y_1y_5fold,4,2024-04-01,2025-03-31,mixed_or_unresolved_context,2024-07-09,SH.000300,2024-07-01,available,300,1.0000040000000001,0.0,,0,0.0,0.011185386388222529,-0.011185386388222529,0.0,0.0,0.0,1.0,20,0.32055799999999995,0.0,0.32055799999999995,0.0,0,0,1.000004,,银行,-0.13233,日用化工,-0.000457
strong_market_effective_participation_v1,baseline_2y_1y_5fold,4,2024-04-01,2025-03-31,mixed_or_unresolved_context,2024-07-10,SH.000300,2024-07-01,available,300,1.0000040000000001,0.0,,0,0.0,-0.0031513368470933445,0.0031513368470933445,0.0,0.0,0.0,1.0,20,0.32055799999999995,0.0,0.32055799999999995,0.0,0,0,1.000004,,银行,-0.13233,日用化工,-0.000457
strong_market_effective_participation_v1,baseline_2y_1y_5fold,4,2024-04-01,2025-03-31,mixed_or_unresolved_context,2024-07-11,SH.000300,2024-07-01,available,300,1.0000040000000001,0.0,,0,0.0,0.011432004362826209,-0.011432004362826209,0.0,0.0,0.0,1.0,20,0.32055799999999995,0.0,0.32055799999999995,0.0,0,0,1.000004,,银行,-0.13233,日用化工,-0.000457
strong_market_effective_participation_v1,baseline_2y_1y_5fold,4,2024-04-01,2025-03-31,mixed_or_unresolved_context,2024-07-12,SH.000300,2024-07-01,available,300,1.0000040000000001,0.0,,0,0.0,0.0012196633959695724,-0.0012196633959695724,0.0,0.0,0.0,1.0,20,0.32055799999999995,0.0,0.32055799999999995,0.0,0,0,1.000004,,银行,-0.13233,日用化工,-0.000457
strong_market_effective_participation_v1,baseline_2y_1y_5fold,4,2024-04-01,2025-03-31,mixed_or_unresolved_context,2024-07-15,SH.000300,2024-07-01,available,300,1.0000040000000001,0.0,,0,0.0,0.001108743232346443,-0.001108743232346443,0.0,0.0,0.0,1.0,20,0.32055799999999995,0.0,0.32055799999999995,0.0,0,0,1.000004,,银行,-0.13233,日用化工,-0.000457
strong_market_effective_participation_v1,baseline_2y_1y_5fold,4,2024-04-01,2025-03-31,mixed_or_unresolved_context,2024-07-16,SH.000300,2024-07-01,available,300,1.0000040000000001,0.0,,0,0.0,0.006337288745055902,-0.006337288745055902,0.0,0.0,0.0,1.0,20,0.32055799999999995,0.0,0.32055799999999995,0.0,0,0,1.000004,,银行,-0.13233,日用化工,-0.000457
strong_market_effective_participation_v1,baseline_2y_1y_5fold,4,2024-04-01,2025-03-31,mixed_or_unresolved_context,2024-07-17,SH.000300,2024-07-01,available,300,1.0000040000000001,0.0,,0,0.0,0.0009433207176097191,-0.0009433207176097191,0.0,0.0,0.0,1.0,20,0.32055799999999995,0.0,0.32055799999999995,0.0,0,0,1.000004,,银行,-0.13233,日用化工,-0.000457
strong_market_effective_participation_v1,baseline_2y_1y_5fold,4,2024-04-01,2025-03-31,mixed_or_unresolved_context,2024-07-18,SH.000300,2024-07-01,available,300,1.0000040000000001,0.0,,0,0.0,0.005526076799616142,-0.005526076799616142,0.0,0.0,0.0,1.0,20,0.32055799999999995,0.0,0.32055799999999995,0.0,0,0,1.000004,,银行,-0.13233,日用化工,-0.000457
strong_market_effective_participation_v1,baseline_2y_1y_5fold,4,2024-04-01,2025-03-31,mixed_or_unresolved_context,2024-07-19,SH.000300,2024-07-01,available,300,1.0000040000000001,0.0,,0,0.0,0.00513784710289622,-0.00513784710289622,0.0,0.0,0.0,1.0,20,0.32055799999999995,0.0,0.32055799999999995,0.0,0,0,1.000004,,银行,-0.13233,日用化工,-0.000457
strong_market_effective_participation_v1,baseline_2y_1y_5fold,4,2024-04-01,2025-03-31,mixed_or_unresolved_context,2024-07-22,SH.000300,2024-07-01,available,300,1.0000040000000001,0.0,,0,0.0,-0.006809794801950764,0.006809794801950764,0.0,0.0,0.0,1.0,20,0.32055799999999995,0.0,0.32055799999999995,0.0,0,0,1.000004,,银行,-0.13233,日用化工,-0.000457
strong_market_effective_participation_v1,baseline_2y_1y_5fold,4,2024-04-01,2025-03-31,mixed_or_unresolved_context,2024-07-23,SH.000300,2024-07-01,available,300,1.0000040000000001,0.0,,0,0.0,-0.02134899229569942,0.02134899229569942,0.0,0.0,0.0,1.0,20,0.32055799999999995,0.0,0.32055799999999995,0.0,0,0,1.000004,,银行,-0.13233,日用化工,-0.000457
strong_market_effective_participation_v1,baseline_2y_1y_5fold,4,2024-04-01,2025-03-31,mixed_or_unresolved_context,2024-07-24,SH.000300,2024-07-01,available,300,1.0000040000000001,0.0,,0,0.0,-0.006311266672093252,0.006311266672093252,0.0,0.0,0.0,1.0,20,0.32055799999999995,0.0,0.32055799999999995,0.0,0,0,1.000004,,银行,-0.13233,日用化工,-0.000457
strong_market_effective_participation_v1,baseline_2y_1y_5fold,4,2024-04-01,2025-03-31,mixed_or_unresolved_context,2024-07-25,SH.000300,2024-07-01,available,300,1.0000040000000001,0.0,,0,0.0,-0.00552927443632123,0.00552927443632123,0.0,0.0,0.0,1.0,20,0.32055799999999995,0.0,0.32055799999999995,0.0,0,0,1.000004,,银行,-0.13233,日用化工,-0.000457
strong_market_effective_participation_v1,baseline_2y_1y_5fold,4,2024-04-01,2025-03-31,mixed_or_unresolved_context,2024-07-26,SH.000300,2024-07-01,available,300,1.0000040000000001,0.0,,0,0.0,0.002947691710278866,-0.002947691710278866,0.0,0.0,0.0,1.0,20,0.32055799999999995,0.0,0.32055799999999995,0.0,0,0,1.000004,,银行,-0.13233,日用化工,-0.000457
strong_market_effective_participation_v1,baseline_2y_1y_5fold,4,2024-04-01,2025-03-31,mixed_or_unresolved_context,2024-07-29,SH.000300,2024-07-01,available,300,1.0000040000000001,0.0,,0,0.0,-0.005441015578023678,0.005441015578023678,0.0,0.0,0.0,1.0,20,0.32055799999999995,0.0,0.32055799999999995,0.0,0,0,1.000004,,银行,-0.13233,日用化工,-0.000457
strong_market_effective_participation_v1,baseline_2y_1y_5fold,4,2024-04-01,2025-03-31,mixed_or_unresolved_context,2024-07-30,SH.000300,2024-07-01,available,300,1.0000040000000001,0.0,,0,0.0,-0.006299509841509399,0.006299509841509399,0.0,0.0,0.0,1.0,20,0.32055799999999995,0.0,0.32055799999999995,0.0,0,0,1.000004,,银行,-0.13233,日用化工,-0.000457
strong_market_effective_participation_v1,baseline_2y_1y_5fold,4,2024-04-01,2025-03-31,mixed_or_unresolved_context,2024-07-31,SH.000300,2024-07-01,available,300,1.0000040000000001,0.0,,0,0.0,0.02157666989179008,-0.02157666989179008,0.0,0.0,0.0,1.0,20,0.32055799999999995,0.0,0.32055799999999995,0.0,0,0,1.000004,,银行,-0.13233,日用化工,-0.000457
strong_market_effective_participation_v1,baseline_2y_1y_5fold,4,2024-04-01,2025-03-31,mixed_or_unresolved_context,2024-08-01,SH.000300,2024-07-31,available,300,0.9999800000000001,0.0,,0,0.0,-0.006626807046901884,0.006626807046901884,0.0,0.0,0.0,1.0,20,0.32169,0.0,0.32169,0.0,0,0,0.99998,,银行,-0.13035,日用化工,-0.00046
strong_market_effective_participation_v1,baseline_2y_1y_5fold,4,2024-04-01,2025-03-31,mixed_or_unresolved_context,2024-08-02,SH.000300,2024-08-01,available,300,1.0000019999999998,0.0,,0,0.0,-0.010201007817458141,0.010201007817458141,0.0,0.0,0.0,1.0,20,0.320931,0.0,0.320931,0.0,0,0,1.000002,,银行,-0.131581,日用化工,-0.000458
strong_market_effective_participation_v1,baseline_2y_1y_5fold,4,2024-04-01,2025-03-31,mixed_or_unresolved_context,2024-08-05,SH.000300,2024-08-01,available,300,1.0000019999999998,0.0,,0,0.0,-0.012135126270908403,0.012135126270908403,0.0,0.0,0.0,1.0,20,0.320931,0.0,0.320931,0.0,0,0,1.000002,,银行,-0.131581,日用化工,-0.000458
strong_market_effective_participation_v1,baseline_2y_1y_5fold,4,2024-04-01,2025-03-31,mixed_or_unresolved_context,2024-08-06,SH.000300,2024-08-01,available,300,1.0000019999999998,0.0,,0,0.0,-0.0001016953208188287,0.0001016953208188287,0.0,0.0,0.0,1.0,20,0.320931,0.0,0.320931,0.0,0,0,1.000002,,银行,-0.131581,日用化工,-0.000458
strong_market_effective_participation_v1,baseline_2y_1y_5fold,4,2024-04-01,2025-03-31,mixed_or_unresolved_context,2024-08-07,SH.000300,2024-08-01,available,300,1.0000019999999998,0.0,,0,0.0,-0.0004457101149274445,0.0004457101149274445,0.0,0.0,0.0,1.0,20,0.320931,0.0,0.320931,0.0,0,0,1.000002,,银行,-0.131581,日用化工,-0.000458
strong_market_effective_participation_v1,baseline_2y_1y_5fold,4,2024-04-01,2025-03-31,mixed_or_unresolved_context,2024-08-08,SH.000300,2024-08-01,available,300,1.0000019999999998,0.0,,0,0.0,0.0004339381533389197,-0.0004339381533389197,0.0,0.0,0.0,1.0,20,0.320931,0.0,0.320931,0.0,0,0,1.000002,,银行,-0.131581,日用化工,-0.000458
strong_market_effective_participation_v1,baseline_2y_1y_5fold,4,2024-04-01,2025-03-31,mixed_or_unresolved_context,2024-08-09,SH.000300,2024-08-01,available,300,1.0000019999999998,0.0,,0,0.0,-0.003383249475013006,0.003383249475013006,0.0,0.0,0.0,1.0,20,0.320931,0.0,0.320931,0.0,0,0,1.000002,,银行,-0.131581,日用化工,-0.000458
strong_market_effective_participation_v1,baseline_2y_1y_5fold,4,2024-04-01,2025-03-31,mixed_or_unresolved_context,2024-08-12,SH.000300,2024-08-01,available,300,1.0000019999999998,0.0,,0,0.0,-0.001731884993231514,0.001731884993231514,0.0,0.0,0.0,1.0,20,0.320931,0.0,0.320931,0.0,0,0,1.000002,,银行,-0.131581,日用化工,-0.000458
strong_market_effective_participation_v1,baseline_2y_1y_5fold,4,2024-04-01,2025-03-31,mixed_or_unresolved_context,2024-08-13,SH.000300,2024-08-01,available,300,1.0000019999999998,0.0,,0,0.0,0.0025647501698808917,-0.0025647501698808917,0.0,0.0,0.0,1.0,20,0.320931,0.0,0.320931,0.0,0,0,1.000002,,银行,-0.131581,日用化工,-0.000458
strong_market_effective_participation_v1,baseline_2y_1y_5fold,4,2024-04-01,2025-03-31,mixed_or_unresolved_context,2024-08-14,SH.000300,2024-08-01,available,300,1.0000019999999998,0.0,,0,0.0,-0.007542608992949229,0.007542608992949229,0.0,0.0,0.0,1.0,20,0.320931,0.0,0.320931,0.0,0,0,1.000002,,银行,-0.131581,日用化工,-0.000458
strong_market_effective_participation_v1,baseline_2y_1y_5fold,4,2024-04-01,2025-03-31,mixed_or_unresolved_context,2024-08-15,SH.000300,2024-08-01,available,300,1.0000019999999998,0.0,,0,0.0,0.009884444766774303,-0.009884444766774303,0.0,0.0,0.0,1.0,20,0.320931,0.0,0.320931,0.0,0,0,1.000002,,银行,-0.131581,日用化工,-0.000458
strong_market_effective_participation_v1,baseline_2y_1y_5fold,4,2024-04-01,2025-03-31,mixed_or_unresolved_context,2024-08-16,SH.000300,2024-08-01,available,300,1.0000019999999998,0.0,,0,0.0,0.001101153518155762,-0.001101153518155762,0.0,0.0,0.0,1.0,20,0.320931,0.0,0.320931,0.0,0,0,1.000002,,银行,-0.131581,日用化工,-0.000458
strong_market_effective_participation_v1,baseline_2y_1y_5fold,4,2024-04-01,2025-03-31,mixed_or_unresolved_context,2024-08-19,SH.000300,2024-08-01,available,300,1.0000019999999998,0.0,,0,0.0,0.003389496148707316,-0.003389496148707316,0.0,0.0,0.0,1.0,20,0.320931,0.0,0.320931,0.0,0,0,1.000002,,银行,-0.131581,日用化工,-0.000458
strong_market_effective_participation_v1,baseline_2y_1y_5fold,4,2024-04-01,2025-03-31,mixed_or_unresolved_context,2024-08-20,SH.000300,2024-08-01,available,300,1.0000019999999998,0.0,,0,0.0,-0.007229733956514384,0.007229733956514384,0.0,0.0,0.0,1.0,20,0.320931,0.0,0.320931,0.0,0,0,1.000002,,银行,-0.131581,日用化工,-0.000458
strong_market_effective_participation_v1,baseline_2y_1y_5fold,4,2024-04-01,2025-03-31,mixed_or_unresolved_context,2024-08-21,SH.000300,2024-08-01,available,300,1.0000019999999998,0.0,,0,0.0,-0.003318630539802525,0.003318630539802525,0.0,0.0,0.0,1.0,20,0.320931,0.0,0.320931,0.0,0,0,1.000002,,银行,-0.131581,日用化工,-0.000458
strong_market_effective_participation_v1,baseline_2y_1y_5fold,4,2024-04-01,2025-03-31,mixed_or_unresolved_context,2024-08-22,SH.000300,2024-08-01,available,300,1.0000019999999998,0.0,,0,0.0,-0.0025589768909334287,0.0025589768909334287,0.0,0.0,0.0,1.0,20,0.320931,0.0,0.320931,0.0,0,0,1.000002,,银行,-0.131581,日用化工,-0.000458
strong_market_effective_participation_v1,baseline_2y_1y_5fold,4,2024-04-01,2025-03-31,mixed_or_unresolved_context,2024-08-23,SH.000300,2024-08-01,available,300,1.0000019999999998,0.0,,0,0.0,0.004240690100629774,-0.004240690100629774,0.0,0.0,0.0,1.0,20,0.320931,0.0,0.320931,0.0,0,0,1.000002,,银行,-0.131581,日用化工,-0.000458
strong_market_effective_participation_v1,baseline_2y_1y_5fold,4,2024-04-01,2025-03-31,mixed_or_unresolved_context,2024-08-26,SH.000300,2024-08-01,available,300,1.0000019999999998,0.0,,0,0.0,-0.0008926451450023132,0.0008926451450023132,0.0,0.0,0.0,1.0,20,0.320931,0.0,0.320931,0.0,0,0,1.000002,,银行,-0.131581,日用化工,-0.000458
strong_market_effective_participation_v1,baseline_2y_1y_5fold,4,2024-04-01,2025-03-31,mixed_or_unresolved_context,2024-08-27,SH.000300,2024-08-01,available,300,1.0000019999999998,0.0,,0,0.0,-0.005682536053570386,0.005682536053570386,0.0,0.0,0.0,1.0,20,0.320931,0.0,0.320931,0.0,0,0,1.000002,,银行,-0.131581,日用化工,-0.000458
strong_market_effective_participation_v1,baseline_2y_1y_5fold,4,2024-04-01,2025-03-31,mixed_or_unresolved_context,2024-08-28,SH.000300,2024-08-01,available,300,1.0000019999999998,0.0,,0,0.0,-0.0056968593151062175,0.0056968593151062175,0.0,0.0,0.0,1.0,20,0.320931,0.0,0.320931,0.0,0,0,1.000002,,银行,-0.131581,日用化工,-0.000458
strong_market_effective_participation_v1,baseline_2y_1y_5fold,4,2024-04-01,2025-03-31,mixed_or_unresolved_context,2024-08-29,SH.000300,2024-08-01,available,300,1.0000019999999998,0.0,,0,0.0,-0.0026837060702875615,0.0026837060702875615,0.0,0.0,0.0,1.0,20,0.320931,0.0,0.320931,0.0,0,0,1.000002,,银行,-0.131581,日用化工,-0.000458
strong_market_effective_participation_v1,baseline_2y_1y_5fold,4,2024-04-01,2025-03-31,mixed_or_unresolved_context,2024-08-30,SH.000300,2024-08-01,available,300,1.0000019999999998,0.0,,0,0.0,0.013347855800444286,-0.013347855800444286,0.0,0.0,0.0,1.0,20,0.320931,0.0,0.320931,0.0,0,0,1.000002,,银行,-0.131581,日用化工,-0.000458
strong_market_effective_participation_v1,baseline_2y_1y_5fold,4,2024-04-01,2025-03-31,mixed_or_unresolved_context,2024-09-02,SH.000300,2024-08-30,available,300,0.99989,0.0,,0,0.0,-0.016986659360576528,0.016986659360576528,0.0,0.0,0.0,1.0,20,0.33208,0.0,0.33208,0.0,0,0,0.9998900000000001,,银行,-0.13306,日用化工,-0.00042
strong_market_effective_participation_v1,baseline_2y_1y_5fold,4,2024-04-01,2025-03-31,mixed_or_unresolved_context,2024-09-03,SH.000300,2024-09-02,available,300,1.000011,0.0,,0,0.0,0.002578858870263767,-0.002578858870263767,0.0,0.0,0.0,1.0,20,0.33320199999999994,0.0,0.33320199999999994,0.0,0,0,1.000011,,银行,-0.13581200000000002,日用化工,-0.00041099999999999996
strong_market_effective_participation_v1,baseline_2y_1y_5fold,4,2024-04-01,2025-03-31,mixed_or_unresolved_context,2024-09-04,SH.000300,2024-09-02,available,300,1.000011,0.0,,0,0.0,-0.006497771450741263,0.006497771450741263,0.0,0.0,0.0,1.0,20,0.33320199999999994,0.0,0.33320199999999994,0.0,0,0,1.000011,,银行,-0.13581200000000002,日用化工,-0.00041099999999999996
strong_market_effective_participation_v1,baseline_2y_1y_5fold,4,2024-04-01,2025-03-31,mixed_or_unresolved_context,2024-09-05,SH.000300,2024-09-02,available,300,1.000011,0.0,,0,0.0,0.0017219325002459929,-0.0017219325002459929,0.0,0.0,0.0,1.0,20,0.33320199999999994,0.0,0.33320199999999994,0.0,0,0,1.000011,,银行,-0.13581200000000002,日用化工,-0.00041099999999999996
strong_market_effective_participation_v1,baseline_2y_1y_5fold,4,2024-04-01,2025-03-31,mixed_or_unresolved_context,2024-09-06,SH.000300,2024-09-02,available,300,1.000011,0.0,,0,0.0,-0.008106797308580216,0.008106797308580216,0.0,0.0,0.0,1.0,20,0.33320199999999994,0.0,0.33320199999999994,0.0,0,0,1.000011,,银行,-0.13581200000000002,日用化工,-0.00041099999999999996
strong_market_effective_participation_v1,baseline_2y_1y_5fold,4,2024-04-01,2025-03-31,mixed_or_unresolved_context,2024-09-09,SH.000300,2024-09-02,available,300,1.000011,0.0,,0,0.0,-0.011883578071084866,0.011883578071084866,0.0,0.0,0.0,1.0,20,0.33320199999999994,0.0,0.33320199999999994,0.0,0,0,1.000011,,银行,-0.13581200000000002,日用化工,-0.00041099999999999996
strong_market_effective_participation_v1,baseline_2y_1y_5fold,4,2024-04-01,2025-03-31,mixed_or_unresolved_context,2024-09-10,SH.000300,2024-09-02,available,300,1.000011,0.0,,0,0.0,0.0008800638907595637,-0.0008800638907595637,0.0,0.0,0.0,1.0,20,0.33320199999999994,0.0,0.33320199999999994,0.0,0,0,1.000011,,银行,-0.13581200000000002,日用化工,-0.00041099999999999996
strong_market_effective_participation_v1,baseline_2y_1y_5fold,4,2024-04-01,2025-03-31,mixed_or_unresolved_context,2024-09-11,SH.000300,2024-09-02,available,300,1.000011,0.0,,0,0.0,-0.0030133677122187175,0.0030133677122187175,0.0,0.0,0.0,1.0,20,0.33320199999999994,0.0,0.33320199999999994,0.0,0,0,1.000011,,银行,-0.13581200000000002,日用化工,-0.00041099999999999996
strong_market_effective_participation_v1,baseline_2y_1y_5fold,4,2024-04-01,2025-03-31,mixed_or_unresolved_context,2024-09-12,SH.000300,2024-09-02,available,300,1.000011,0.0,,0,0.0,-0.004287332908575747,0.004287332908575747,0.0,0.0,0.0,1.0,20,0.33320199999999994,0.0,0.33320199999999994,0.0,0,0,1.000011,,银行,-0.13581200000000002,日用化工,-0.00041099999999999996
strong_market_effective_participation_v1,baseline_2y_1y_5fold,4,2024-04-01,2025-03-31,mixed_or_unresolved_context,2024-09-13,SH.000300,2024-09-02,available,300,1.000011,0.0,,0,0.0,-0.0041671000829006655,0.0041671000829006655,0.0,0.0,0.0,1.0,20,0.33320199999999994,0.0,0.33320199999999994,0.0,0,0,1.000011,,银行,-0.13581200000000002,日用化工,-0.00041099999999999996
strong_market_effective_participation_v1,baseline_2y_1y_5fold,4,2024-04-01,2025-03-31,mixed_or_unresolved_context,2024-09-18,SH.000300,2024-09-02,available,300,1.000011,0.0,,0,0.0,0.0037224024689404,-0.0037224024689404,0.0,0.0,0.0,1.0,20,0.33320199999999994,0.0,0.33320199999999994,0.0,0,0,1.000011,,银行,-0.13581200000000002,日用化工,-0.00041099999999999996
strong_market_effective_participation_v1,baseline_2y_1y_5fold,4,2024-04-01,2025-03-31,mixed_or_unresolved_context,2024-09-19,SH.000300,2024-09-02,available,300,1.000011,0.0,,0,0.0,0.007893384126823833,-0.007893384126823833,0.0,0.0,0.0,1.0,20,0.33320199999999994,0.0,0.33320199999999994,0.0,0,0,1.000011,,银行,-0.13581200000000002,日用化工,-0.00041099999999999996
strong_market_effective_participation_v1,baseline_2y_1y_5fold,4,2024-04-01,2025-03-31,mixed_or_unresolved_context,2024-09-20,SH.000300,2024-09-02,available,300,1.000011,0.0,,0,0.0,0.001567564861516102,-0.001567564861516102,0.0,0.0,0.0,1.0,20,0.33320199999999994,0.0,0.33320199999999994,0.0,0,0,1.000011,,银行,-0.13581200000000002,日用化工,-0.00041099999999999996
strong_market_effective_participation_v1,baseline_2y_1y_5fold,4,2024-04-01,2025-03-31,mixed_or_unresolved_context,2024-09-23,SH.000300,2024-09-02,available,300,1.000011,0.0,,0,0.0,0.0036581746614392507,-0.0036581746614392507,0.0,0.0,0.0,1.0,20,0.33320199999999994,0.0,0.33320199999999994,0.0,0,0,1.000011,,银行,-0.13581200000000002,日用化工,-0.00041099999999999996
strong_market_effective_participation_v1,baseline_2y_1y_5fold,4,2024-04-01,2025-03-31,mixed_or_unresolved_context,2024-09-24,SH.000300,2024-09-02,available,300,1.000011,0.0,,0,0.0,0.04331166971700329,-0.04331166971700329,0.0,0.0,0.0,1.0,20,0.33320199999999994,0.0,0.33320199999999994,0.0,0,0,1.000011,,银行,-0.13581200000000002,日用化工,-0.00041099999999999996
strong_market_effective_participation_v1,baseline_2y_1y_5fold,4,2024-04-01,2025-03-31,mixed_or_unresolved_context,2024-09-25,SH.000300,2024-09-02,available,300,1.000011,0.0,,0,0.0,0.014803500093976352,-0.014803500093976352,0.0,0.0,0.0,1.0,20,0.33320199999999994,0.0,0.33320199999999994,0.0,0,0,1.000011,,银行,-0.13581200000000002,日用化工,-0.00041099999999999996
strong_market_effective_participation_v1,baseline_2y_1y_5fold,4,2024-04-01,2025-03-31,mixed_or_unresolved_context,2024-09-26,SH.000300,2024-09-02,available,300,1.000011,0.0,,0,0.0,0.04227215400128759,-0.04227215400128759,0.0,0.0,0.0,1.0,20,0.33320199999999994,0.0,0.33320199999999994,0.0,0,0,1.000011,,银行,-0.13581200000000002,日用化工,-0.00041099999999999996
strong_market_effective_participation_v1,baseline_2y_1y_5fold,4,2024-04-01,2025-03-31,mixed_or_unresolved_context,2024-09-27,SH.000300,2024-09-02,available,300,1.000011,0.0,,0,0.0,0.04466733609377993,-0.04466733609377993,0.0,0.0,0.0,1.0,20,0.33320199999999994,0.0,0.33320199999999994,0.0,0,0,1.000011,,银行,-0.13581200000000002,日用化工,-0.00041099999999999996
strong_market_effective_participation_v1,baseline_2y_1y_5fold,4,2024-04-01,2025-03-31,mixed_or_unresolved_context,2024-09-30,SH.000300,2024-09-02,available,300,1.000011,0.0,,0,0.0,0.08482644288923447,-0.08482644288923447,0.0,0.0,0.0,1.0,20,0.33320199999999994,0.0,0.33320199999999994,0.0,0,0,1.000011,,银行,-0.13581200000000002,日用化工,-0.00041099999999999996
strong_market_effective_participation_v1,baseline_2y_1y_5fold,4,2024-04-01,2025-03-31,mixed_or_unresolved_context,2024-10-08,SH.000300,2024-09-30,available,300,0.99999,0.0,,0,0.0,0.05929788319623697,-0.05929788319623697,0.0,0.0,0.0,1.0,20,0.33472,0.0,0.33472,0.0,0,0,0.99999,,银行,-0.12364,日用化工,-0.0005099999999999999
strong_market_effective_participation_v1,baseline_2y_1y_5fold,4,2024-04-01,2025-03-31,mixed_or_unresolved_context,2024-10-09,SH.000300,2024-10-08,available,300,1.00001,0.0,,0,0.0,-0.07051526044970757,0.07051526044970757,0.0,0.0,0.0,1.0,20,0.332977,0.0,0.332977,0.0,0,0,1.00001,,银行,-0.120175,家居用品,-0.0005099999999999999
strong_market_effective_participation_v1,baseline_2y_1y_5fold,4,2024-04-01,2025-03-31,mixed_or_unresolved_context,2024-10-10,SH.000300,2024-10-08,available,300,1.00001,0.0,,0,0.0,0.010568809751313246,-0.010568809751313246,0.0,0.0,0.0,1.0,20,0.332977,0.0,0.332977,0.0,0,0,1.00001,,银行,-0.120175,家居用品,-0.0005099999999999999
strong_market_effective_participation_v1,baseline_2y_1y_5fold,4,2024-04-01,2025-03-31,mixed_or_unresolved_context,2024-10-11,SH.000300,2024-10-08,available,300,1.00001,0.0,,0,0.0,-0.02767028783402825,0.02767028783402825,0.0,0.0,0.0,1.0,20,0.332977,0.0,0.332977,0.0,0,0,1.00001,,银行,-0.120175,家居用品,-0.0005099999999999999
strong_market_effective_participation_v1,baseline_2y_1y_5fold,4,2024-04-01,2025-03-31,mixed_or_unresolved_context,2024-10-14,SH.000300,2024-10-08,available,300,1.00001,0.0,,0,0.0,0.019080719392257084,-0.019080719392257084,0.0,0.0,0.0,1.0,20,0.332977,0.0,0.332977,0.0,0,0,1.00001,,银行,-0.120175,家居用品,-0.0005099999999999999
strong_market_effective_participation_v1,baseline_2y_1y_5fold,4,2024-04-01,2025-03-31,mixed_or_unresolved_context,2024-10-15,SH.000300,2024-10-08,available,300,1.00001,0.0,,0,0.0,-0.02659453619229868,0.02659453619229868,0.0,0.0,0.0,1.0,20,0.332977,0.0,0.332977,0.0,0,0,1.00001,,银行,-0.120175,家居用品,-0.0005099999999999999
strong_market_effective_participation_v1,baseline_2y_1y_5fold,4,2024-04-01,2025-03-31,mixed_or_unresolved_context,2024-10-16,SH.000300,2024-10-08,available,300,1.00001,0.0,,0,0.0,-0.006327817240189826,0.006327817240189826,0.0,0.0,0.0,1.0,20,0.332977,0.0,0.332977,0.0,0,0,1.00001,,银行,-0.120175,家居用品,-0.0005099999999999999
strong_market_effective_participation_v1,baseline_2y_1y_5fold,4,2024-04-01,2025-03-31,mixed_or_unresolved_context,2024-10-17,SH.000300,2024-10-08,available,300,1.00001,0.0,,0,0.0,-0.011319060755456745,0.011319060755456745,0.0,0.0,0.0,1.0,20,0.332977,0.0,0.332977,0.0,0,0,1.00001,,银行,-0.120175,家居用品,-0.0005099999999999999
strong_market_effective_participation_v1,baseline_2y_1y_5fold,4,2024-04-01,2025-03-31,mixed_or_unresolved_context,2024-10-18,SH.000300,2024-10-08,available,300,1.00001,0.0,,0,0.0,0.03616738204222569,-0.03616738204222569,0.0,0.0,0.0,1.0,20,0.332977,0.0,0.332977,0.0,0,0,1.00001,,银行,-0.120175,家居用品,-0.0005099999999999999
strong_market_effective_participation_v1,baseline_2y_1y_5fold,4,2024-04-01,2025-03-31,mixed_or_unresolved_context,2024-10-21,SH.000300,2024-10-08,available,300,1.00001,0.0,,0,0.0,0.002539978549027655,-0.002539978549027655,0.0,0.0,0.0,1.0,20,0.332977,0.0,0.332977,0.0,0,0,1.00001,,银行,-0.120175,家居用品,-0.0005099999999999999
strong_market_effective_participation_v1,baseline_2y_1y_5fold,4,2024-04-01,2025-03-31,mixed_or_unresolved_context,2024-10-22,SH.000300,2024-10-08,available,300,1.00001,0.0,,0,0.0,0.00573795486887585,-0.00573795486887585,0.0,0.0,0.0,1.0,20,0.332977,0.0,0.332977,0.0,0,0,1.00001,,银行,-0.120175,家居用品,-0.0005099999999999999
strong_market_effective_participation_v1,baseline_2y_1y_5fold,4,2024-04-01,2025-03-31,mixed_or_unresolved_context,2024-10-23,SH.000300,2024-10-08,available,300,1.00001,0.0,,0,0.0,0.00389865025342484,-0.00389865025342484,0.0,0.0,0.0,1.0,20,0.332977,0.0,0.332977,0.0,0,0,1.00001,,银行,-0.120175,家居用品,-0.0005099999999999999
strong_market_effective_participation_v1,baseline_2y_1y_5fold,4,2024-04-01,2025-03-31,mixed_or_unresolved_context,2024-10-24,SH.000300,2024-10-08,available,300,1.00001,0.0,,0,0.0,-0.011169809801143238,0.011169809801143238,0.0,0.0,0.0,1.0,20,0.332977,0.0,0.332977,0.0,0,0,1.00001,,银行,-0.120175,家居用品,-0.0005099999999999999
strong_market_effective_participation_v1,baseline_2y_1y_5fold,4,2024-04-01,2025-03-31,mixed_or_unresolved_context,2024-10-25,SH.000300,2024-10-08,available,300,1.00001,0.0,,0,0.0,0.0070224468862232214,-0.0070224468862232214,0.0,0.0,0.0,1.0,20,0.332977,0.0,0.332977,0.0,0,0,1.00001,,银行,-0.120175,家居用品,-0.0005099999999999999
strong_market_effective_participation_v1,baseline_2y_1y_5fold,4,2024-04-01,2025-03-31,mixed_or_unresolved_context,2024-10-28,SH.000300,2024-10-08,available,300,1.00001,0.0,,0,0.0,0.001956314041481999,-0.001956314041481999,0.0,0.0,0.0,1.0,20,0.332977,0.0,0.332977,0.0,0,0,1.00001,,银行,-0.120175,家居用品,-0.0005099999999999999
strong_market_effective_participation_v1,baseline_2y_1y_5fold,4,2024-04-01,2025-03-31,mixed_or_unresolved_context,2024-10-29,SH.000300,2024-10-08,available,300,1.00001,0.0,,0,0.0,-0.00996680255085558,0.00996680255085558,0.0,0.0,0.0,1.0,20,0.332977,0.0,0.332977,0.0,0,0,1.00001,,银行,-0.120175,家居用品,-0.0005099999999999999
strong_market_effective_participation_v1,baseline_2y_1y_5fold,4,2024-04-01,2025-03-31,mixed_or_unresolved_context,2024-10-30,SH.000300,2024-10-08,available,300,1.00001,0.0,,0,0.0,-0.008968952645458939,0.008968952645458939,0.0,0.0,0.0,1.0,20,0.332977,0.0,0.332977,0.0,0,0,1.00001,,银行,-0.120175,家居用品,-0.0005099999999999999
strong_market_effective_participation_v1,baseline_2y_1y_5fold,4,2024-04-01,2025-03-31,mixed_or_unresolved_context,2024-10-31,SH.000300,2024-10-08,available,300,1.00001,0.0,,0,0.0,0.0004087981591227585,-0.0004087981591227585,0.0,0.0,0.0,1.0,20,0.332977,0.0,0.332977,0.0,0,0,1.00001,,银行,-0.120175,家居用品,-0.0005099999999999999
strong_market_effective_participation_v1,baseline_2y_1y_5fold,4,2024-04-01,2025-03-31,mixed_or_unresolved_context,2024-11-01,SH.000300,2024-10-31,available,300,1.0000499999999999,0.0,,0,0.0,-0.00026214071302277375,0.00026214071302277375,0.0,0.0,0.0,1.0,20,0.32888,0.0,0.32888,0.0,0,0,1.0000499999999999,,银行,-0.12441,日用化工,-0.00043999999999999996
strong_market_effective_participation_v1,baseline_2y_1y_5fold,4,2024-04-01,2025-03-31,mixed_or_unresolved_context,2024-11-04,SH.000300,2024-11-01,available,300,0.9999999999999999,0.0,,0,0.0,0.014071907085310587,-0.014071907085310587,0.0,0.0,0.0,1.0,20,0.33037,0.0,0.33037,0.0,0,0,1.0,,银行,-0.125719,日用化工,-0.000444
strong_market_effective_participation_v1,baseline_2y_1y_5fold,4,2024-04-01,2025-03-31,mixed_or_unresolved_context,2024-11-05,SH.000300,2024-11-01,available,300,0.9999999999999999,0.0,,0,0.0,0.025301919508411208,-0.025301919508411208,0.0,0.0,0.0,1.0,20,0.33037,0.0,0.33037,0.0,0,0,1.0,,银行,-0.125719,日用化工,-0.000444
strong_market_effective_participation_v1,baseline_2y_1y_5fold,4,2024-04-01,2025-03-31,mixed_or_unresolved_context,2024-11-06,SH.000300,2024-11-01,available,300,0.9999999999999999,0.0,,0,0.0,-0.005016602506570544,0.005016602506570544,0.0,0.0,0.0,1.0,20,0.33037,0.0,0.33037,0.0,0,0,1.0,,银行,-0.125719,日用化工,-0.000444
strong_market_effective_participation_v1,baseline_2y_1y_5fold,4,2024-04-01,2025-03-31,mixed_or_unresolved_context,2024-11-07,SH.000300,2024-11-01,available,300,0.9999999999999999,0.0,,0,0.0,0.03017185682904766,-0.03017185682904766,0.0,0.0,0.0,1.0,20,0.33037,0.0,0.33037,0.0,0,0,1.0,,银行,-0.125719,日用化工,-0.000444
strong_market_effective_participation_v1,baseline_2y_1y_5fold,4,2024-04-01,2025-03-31,mixed_or_unresolved_context,2024-11-08,SH.000300,2024-11-01,available,300,0.9999999999999999,0.0,,0,0.0,-0.010046554261041507,0.010046554261041507,0.0,0.0,0.0,1.0,20,0.33037,0.0,0.33037,0.0,0,0,1.0,,银行,-0.125719,日用化工,-0.000444
strong_market_effective_participation_v1,baseline_2y_1y_5fold,4,2024-04-01,2025-03-31,mixed_or_unresolved_context,2024-11-11,SH.000300,2024-11-01,available,300,0.9999999999999999,0.0,,0,0.0,0.0065983601564307826,-0.0065983601564307826,0.0,0.0,0.0,1.0,20,0.33037,0.0,0.33037,0.0,0,0,1.0,,银行,-0.125719,日用化工,-0.000444
strong_market_effective_participation_v1,baseline_2y_1y_5fold,4,2024-04-01,2025-03-31,mixed_or_unresolved_context,2024-11-12,SH.000300,2024-11-01,available,300,0.9999999999999999,0.0,,0,0.0,-0.010987308557222963,0.010987308557222963,0.0,0.0,0.0,1.0,20,0.33037,0.0,0.33037,0.0,0,0,1.0,,银行,-0.125719,日用化工,-0.000444
strong_market_effective_participation_v1,baseline_2y_1y_5fold,4,2024-04-01,2025-03-31,mixed_or_unresolved_context,2024-11-13,SH.000300,2024-11-01,available,300,0.9999999999999999,0.0,,0,0.0,0.006155555664335122,-0.006155555664335122,0.0,0.0,0.0,1.0,20,0.33037,0.0,0.33037,0.0,0,0,1.0,,银行,-0.125719,日用化工,-0.000444
strong_market_effective_participation_v1,baseline_2y_1y_5fold,4,2024-04-01,2025-03-31,mixed_or_unresolved_context,2024-11-14,SH.000300,2024-11-01,available,300,0.9999999999999999,0.0,,0,0.0,-0.017336878388864774,0.017336878388864774,0.0,0.0,0.0,1.0,20,0.33037,0.0,0.33037,0.0,0,0,1.0,,银行,-0.125719,日用化工,-0.000444
strong_market_effective_participation_v1,baseline_2y_1y_5fold,4,2024-04-01,2025-03-31,mixed_or_unresolved_context,2024-11-15,SH.000300,2024-11-01,available,300,0.9999999999999999,0.0,,0,0.0,-0.01752392551774673,0.01752392551774673,0.0,0.0,0.0,1.0,20,0.33037,0.0,0.33037,0.0,0,0,1.0,,银行,-0.125719,日用化工,-0.000444
strong_market_effective_participation_v1,baseline_2y_1y_5fold,4,2024-04-01,2025-03-31,mixed_or_unresolved_context,2024-11-18,SH.000300,2024-11-01,available,300,0.9999999999999999,0.0,,0,0.0,-0.004648725191051195,0.004648725191051195,0.0,0.0,0.0,1.0,20,0.33037,0.0,0.33037,0.0,0,0,1.0,,银行,-0.125719,日用化工,-0.000444
strong_market_effective_participation_v1,baseline_2y_1y_5fold,4,2024-04-01,2025-03-31,mixed_or_unresolved_context,2024-11-19,SH.000300,2024-11-01,available,300,0.9999999999999999,0.0,,0,0.0,0.0067107468142304505,-0.0067107468142304505,0.0,0.0,0.0,1.0,20,0.33037,0.0,0.33037,0.0,0,0,1.0,,银行,-0.125719,日用化工,-0.000444
strong_market_effective_participation_v1,baseline_2y_1y_5fold,4,2024-04-01,2025-03-31,mixed_or_unresolved_context,2024-11-20,SH.000300,2024-11-01,available,300,0.9999999999999999,0.0,,0,0.0,0.0022329005831189797,-0.0022329005831189797,0.0,0.0,0.0,1.0,20,0.33037,0.0,0.33037,0.0,0,0,1.0,,银行,-0.125719,日用化工,-0.000444
strong_market_effective_participation_v1,baseline_2y_1y_5fold,4,2024-04-01,2025-03-31,mixed_or_unresolved_context,2024-11-21,SH.000300,2024-11-01,available,300,0.9999999999999999,0.0,,0,0.0,0.0008856507023737858,-0.0008856507023737858,0.0,0.0,0.0,1.0,20,0.33037,0.0,0.33037,0.0,0,0,1.0,,银行,-0.125719,日用化工,-0.000444
strong_market_effective_participation_v1,baseline_2y_1y_5fold,4,2024-04-01,2025-03-31,mixed_or_unresolved_context,2024-11-22,SH.000300,2024-11-01,available,300,0.9999999999999999,0.0,,0,0.0,-0.030982879201865043,0.030982879201865043,0.0,0.0,0.0,1.0,20,0.33037,0.0,0.33037,0.0,0,0,1.0,,银行,-0.125719,日用化工,-0.000444
strong_market_effective_participation_v1,baseline_2y_1y_5fold,4,2024-04-01,2025-03-31,mixed_or_unresolved_context,2024-11-25,SH.000300,2024-11-01,available,300,0.9999999999999999,0.0,,0,0.0,-0.004555449207129247,0.004555449207129247,0.0,0.0,0.0,1.0,20,0.33037,0.0,0.33037,0.0,0,0,1.0,,银行,-0.125719,日用化工,-0.000444
strong_market_effective_participation_v1,baseline_2y_1y_5fold,4,2024-04-01,2025-03-31,mixed_or_unresolved_context,2024-11-26,SH.000300,2024-11-01,available,300,0.9999999999999999,0.0,,0,0.0,-0.0020555652284640624,0.0020555652284640624,0.0,0.0,0.0,1.0,20,0.33037,0.0,0.33037,0.0,0,0,1.0,,银行,-0.125719,日用化工,-0.000444
strong_market_effective_participation_v1,baseline_2y_1y_5fold,4,2024-04-01,2025-03-31,mixed_or_unresolved_context,2024-11-27,SH.000300,2024-11-01,available,300,0.9999999999999999,0.0,,0,0.0,0.017410642209479743,-0.017410642209479743,0.0,0.0,0.0,1.0,20,0.33037,0.0,0.33037,0.0,0,0,1.0,,银行,-0.125719,日用化工,-0.000444
strong_market_effective_participation_v1,baseline_2y_1y_5fold,4,2024-04-01,2025-03-31,mixed_or_unresolved_context,2024-11-28,SH.000300,2024-11-01,available,300,0.9999999999999999,0.0,,0,0.0,-0.008827654695114373,0.008827654695114373,0.0,0.0,0.0,1.0,20,0.33037,0.0,0.33037,0.0,0,0,1.0,,银行,-0.125719,日用化工,-0.000444
strong_market_effective_participation_v1,baseline_2y_1y_5fold,4,2024-04-01,2025-03-31,mixed_or_unresolved_context,2024-11-29,SH.000300,2024-11-01,available,300,0.9999999999999999,0.0,,0,0.0,0.011369769273475994,-0.011369769273475994,0.0,0.0,0.0,1.0,20,0.33037,0.0,0.33037,0.0,0,0,1.0,,银行,-0.125719,日用化工,-0.000444
strong_market_effective_participation_v1,baseline_2y_1y_5fold,4,2024-04-01,2025-03-31,mixed_or_unresolved_context,2024-12-02,SH.000300,2024-11-29,available,300,1.0000200000000001,0.0,,0,0.0,0.007927834998902039,-0.007927834998902039,0.0,0.0,0.0,1.0,20,0.32796000000000003,0.0,0.32796000000000003,0.0,0,0,1.0000200000000001,,银行,-0.12448000000000001,日用化工,-0.00042
strong_market_effective_participation_v1,baseline_2y_1y_5fold,4,2024-04-01,2025-03-31,mixed_or_unresolved_context,2024-12-03,SH.000300,2024-12-02,available,300,1.0000010000000001,0.0,,0,0.0,0.0010791284897520015,-0.0010791284897520015,0.0,0.0,0.0,1.0,20,0.327218,0.0,0.327218,0.0,0,0,1.000001,,银行,-0.123194,日用化工,-0.00042
strong_market_effective_participation_v1,baseline_2y_1y_5fold,4,2024-04-01,2025-03-31,mixed_or_unresolved_context,2024-12-04,SH.000300,2024-12-02,available,300,1.0000010000000001,0.0,,0,0.0,-0.0053974174382384055,0.0053974174382384055,0.0,0.0,0.0,1.0,20,0.327218,0.0,0.327218,0.0,0,0,1.000001,,银行,-0.123194,日用化工,-0.00042
strong_market_effective_participation_v1,baseline_2y_1y_5fold,4,2024-04-01,2025-03-31,mixed_or_unresolved_context,2024-12-05,SH.000300,2024-12-02,available,300,1.0000010000000001,0.0,,0,0.0,-0.0022821175608563893,0.0022821175608563893,0.0,0.0,0.0,1.0,20,0.327218,0.0,0.327218,0.0,0,0,1.000001,,银行,-0.123194,日用化工,-0.00042
strong_market_effective_participation_v1,baseline_2y_1y_5fold,4,2024-04-01,2025-03-31,mixed_or_unresolved_context,2024-12-06,SH.000300,2024-12-02,available,300,1.0000010000000001,0.0,,0,0.0,0.013145178358777931,-0.013145178358777931,0.0,0.0,0.0,1.0,20,0.327218,0.0,0.327218,0.0,0,0,1.000001,,银行,-0.123194,日用化工,-0.00042
strong_market_effective_participation_v1,baseline_2y_1y_5fold,4,2024-04-01,2025-03-31,mixed_or_unresolved_context,2024-12-09,SH.000300,2024-12-02,available,300,1.0000010000000001,0.0,,0,0.0,-0.0016536039505277156,0.0016536039505277156,0.0,0.0,0.0,1.0,20,0.327218,0.0,0.327218,0.0,0,0,1.000001,,银行,-0.123194,日用化工,-0.00042
strong_market_effective_participation_v1,baseline_2y_1y_5fold,4,2024-04-01,2025-03-31,mixed_or_unresolved_context,2024-12-10,SH.000300,2024-12-02,available,300,1.0000010000000001,0.0,,0,0.0,0.007328750028361863,-0.007328750028361863,0.0,0.0,0.0,1.0,20,0.327218,0.0,0.327218,0.0,0,0,1.000001,,银行,-0.123194,日用化工,-0.00042
strong_market_effective_participation_v1,baseline_2y_1y_5fold,4,2024-04-01,2025-03-31,mixed_or_unresolved_context,2024-12-11,SH.000300,2024-12-02,available,300,1.0000010000000001,0.0,,0,0.0,-0.0017043577499474827,0.0017043577499474827,0.0,0.0,0.0,1.0,20,0.327218,0.0,0.327218,0.0,0,0,1.000001,,银行,-0.123194,日用化工,-0.00042
strong_market_effective_participation_v1,baseline_2y_1y_5fold,4,2024-04-01,2025-03-31,mixed_or_unresolved_context,2024-12-12,SH.000300,2024-12-02,available,300,1.0000010000000001,0.0,,0,0.0,0.00994527217254193,-0.00994527217254193,0.0,0.0,0.0,1.0,20,0.327218,0.0,0.327218,0.0,0,0,1.000001,,银行,-0.123194,日用化工,-0.00042
strong_market_effective_participation_v1,baseline_2y_1y_5fold,4,2024-04-01,2025-03-31,mixed_or_unresolved_context,2024-12-13,SH.000300,2024-12-02,available,300,1.0000010000000001,0.0,,0,0.0,-0.02366141243639075,0.02366141243639075,0.0,0.0,0.0,1.0,20,0.327218,0.0,0.327218,0.0,0,0,1.000001,,银行,-0.123194,日用化工,-0.00042
strong_market_effective_participation_v1,baseline_2y_1y_5fold,4,2024-04-01,2025-03-31,mixed_or_unresolved_context,2024-12-16,SH.000300,2024-12-02,available,300,1.0000010000000001,0.0,,0,0.0,-0.005425635236627757,0.005425635236627757,0.0,0.0,0.0,1.0,20,0.327218,0.0,0.327218,0.0,0,0,1.000001,,银行,-0.123194,日用化工,-0.00042
strong_market_effective_participation_v1,baseline_2y_1y_5fold,4,2024-04-01,2025-03-31,mixed_or_unresolved_context,2024-12-17,SH.000300,2024-12-02,available,300,1.0000010000000001,0.0,,0,0.0,0.00260491226635029,-0.00260491226635029,0.0,0.0,0.0,1.0,20,0.327218,0.0,0.327218,0.0,0,0,1.000001,,银行,-0.123194,日用化工,-0.00042
strong_market_effective_participation_v1,baseline_2y_1y_5fold,4,2024-04-01,2025-03-31,mixed_or_unresolved_context,2024-12-18,SH.000300,2024-12-02,available,300,1.0000010000000001,0.0,,0,0.0,0.005063704255194201,-0.005063704255194201,0.0,0.0,0.0,1.0,20,0.327218,0.0,0.327218,0.0,0,0,1.000001,,银行,-0.123194,日用化工,-0.00042
strong_market_effective_participation_v1,baseline_2y_1y_5fold,4,2024-04-01,2025-03-31,mixed_or_unresolved_context,2024-12-19,SH.000300,2024-12-02,available,300,1.0000010000000001,0.0,,0,0.0,0.0009056569310661455,-0.0009056569310661455,0.0,0.0,0.0,1.0,20,0.327218,0.0,0.327218,0.0,0,0,1.000001,,银行,-0.123194,日用化工,-0.00042
strong_market_effective_participation_v1,baseline_2y_1y_5fold,4,2024-04-01,2025-03-31,mixed_or_unresolved_context,2024-12-20,SH.000300,2024-12-02,available,300,1.0000010000000001,0.0,,0,0.0,-0.004491238030546518,0.004491238030546518,0.0,0.0,0.0,1.0,20,0.327218,0.0,0.327218,0.0,0,0,1.000001,,银行,-0.123194,日用化工,-0.00042
strong_market_effective_participation_v1,baseline_2y_1y_5fold,4,2024-04-01,2025-03-31,mixed_or_unresolved_context,2024-12-23,SH.000300,2024-12-02,available,300,1.0000010000000001,0.0,,0,0.0,0.0014843141348461764,-0.0014843141348461764,0.0,0.0,0.0,1.0,20,0.327218,0.0,0.327218,0.0,0,0,1.000001,,银行,-0.123194,日用化工,-0.00042
strong_market_effective_participation_v1,baseline_2y_1y_5fold,4,2024-04-01,2025-03-31,mixed_or_unresolved_context,2024-12-24,SH.000300,2024-12-02,available,300,1.0000010000000001,0.0,,0,0.0,0.012741606225388002,-0.012741606225388002,0.0,0.0,0.0,1.0,20,0.327218,0.0,0.327218,0.0,0,0,1.000001,,银行,-0.123194,日用化工,-0.00042
strong_market_effective_participation_v1,baseline_2y_1y_5fold,4,2024-04-01,2025-03-31,mixed_or_unresolved_context,2024-12-25,SH.000300,2024-12-02,available,300,1.0000010000000001,0.0,,0,0.0,0.00048698568412697263,-0.00048698568412697263,0.0,0.0,0.0,1.0,20,0.327218,0.0,0.327218,0.0,0,0,1.000001,,银行,-0.123194,日用化工,-0.00042
strong_market_effective_participation_v1,baseline_2y_1y_5fold,4,2024-04-01,2025-03-31,mixed_or_unresolved_context,2024-12-26,SH.000300,2024-12-02,available,300,1.0000010000000001,0.0,,0,0.0,0.0004641675218222119,-0.0004641675218222119,0.0,0.0,0.0,1.0,20,0.327218,0.0,0.327218,0.0,0,0,1.000001,,银行,-0.123194,日用化工,-0.00042
strong_market_effective_participation_v1,baseline_2y_1y_5fold,4,2024-04-01,2025-03-31,mixed_or_unresolved_context,2024-12-27,SH.000300,2024-12-02,available,300,1.0000010000000001,0.0,,0,0.0,-0.001617562972102582,0.001617562972102582,0.0,0.0,0.0,1.0,20,0.327218,0.0,0.327218,0.0,0,0,1.000001,,银行,-0.123194,日用化工,-0.00042
strong_market_effective_participation_v1,baseline_2y_1y_5fold,4,2024-04-01,2025-03-31,mixed_or_unresolved_context,2024-12-30,SH.000300,2024-12-02,available,300,1.0000010000000001,0.0,,0,0.0,0.004526466768650428,-0.004526466768650428,0.0,0.0,0.0,1.0,20,0.327218,0.0,0.327218,0.0,0,0,1.000001,,银行,-0.123194,日用化工,-0.00042
strong_market_effective_participation_v1,baseline_2y_1y_5fold,4,2024-04-01,2025-03-31,mixed_or_unresolved_context,2024-12-31,SH.000300,2024-12-02,available,300,1.0000010000000001,0.0,,0,0.0,-0.016038809217189143,0.016038809217189143,0.0,0.0,0.0,1.0,20,0.327218,0.0,0.327218,0.0,0,0,1.000001,,银行,-0.123194,日用化工,-0.00042
strong_market_effective_participation_v1,baseline_2y_1y_5fold,4,2024-04-01,2025-03-31,mixed_or_unresolved_context,2025-01-02,SH.000300,2024-12-31,available,300,1.0000499999999999,0.0,,0,0.0,-0.02910104678378911,0.02910104678378911,0.0,0.0,0.0,1.0,20,0.32554,0.0,0.32554,0.0,0,0,1.0000499999999999,,银行,-0.13035,特种钢,-0.0005600000000000001
strong_market_effective_participation_v1,baseline_2y_1y_5fold,4,2024-04-01,2025-03-31,mixed_or_unresolved_context,2025-01-03,SH.000300,2025-01-02,available,300,0.999991,0.0,,0,0.0,-0.011841691969427304,0.011841691969427304,0.0,0.0,0.0,1.0,20,0.32679100000000005,0.0,0.32679100000000005,0.0,0,0,0.999991,,银行,-0.131418,特种钢,-0.000568
strong_market_effective_participation_v1,baseline_2y_1y_5fold,4,2024-04-01,2025-03-31,mixed_or_unresolved_context,2025-01-06,SH.000300,2025-01-02,available,300,0.999991,0.0,,0,0.0,-0.0016396656035770896,0.0016396656035770896,0.0,0.0,0.0,1.0,20,0.32679100000000005,0.0,0.32679100000000005,0.0,0,0,0.999991,,银行,-0.131418,特种钢,-0.000568
strong_market_effective_participation_v1,baseline_2y_1y_5fold,4,2024-04-01,2025-03-31,mixed_or_unresolved_context,2025-01-07,SH.000300,2025-01-02,available,300,0.999991,0.0,,0,0.0,0.007200906348418856,-0.007200906348418856,0.0,0.0,0.0,1.0,20,0.32679100000000005,0.0,0.32679100000000005,0.0,0,0,0.999991,,银行,-0.131418,特种钢,-0.000568
strong_market_effective_participation_v1,baseline_2y_1y_5fold,4,2024-04-01,2025-03-31,mixed_or_unresolved_context,2025-01-08,SH.000300,2025-01-02,available,300,0.999991,0.0,,0,0.0,-0.0018150158978533781,0.0018150158978533781,0.0,0.0,0.0,1.0,20,0.32679100000000005,0.0,0.32679100000000005,0.0,0,0,0.999991,,银行,-0.131418,特种钢,-0.000568
strong_market_effective_participation_v1,baseline_2y_1y_5fold,4,2024-04-01,2025-03-31,mixed_or_unresolved_context,2025-01-09,SH.000300,2025-01-02,available,300,0.999991,0.0,,0,0.0,-0.00246488723272853,0.00246488723272853,0.0,0.0,0.0,1.0,20,0.32679100000000005,0.0,0.32679100000000005,0.0,0,0,0.999991,,银行,-0.131418,特种钢,-0.000568
strong_market_effective_participation_v1,baseline_2y_1y_5fold,4,2024-04-01,2025-03-31,mixed_or_unresolved_context,2025-01-10,SH.000300,2025-01-02,available,300,0.999991,0.0,,0,0.0,-0.012540080637480577,0.012540080637480577,0.0,0.0,0.0,1.0,20,0.32679100000000005,0.0,0.32679100000000005,0.0,0,0,0.999991,,银行,-0.131418,特种钢,-0.000568
strong_market_effective_participation_v1,baseline_2y_1y_5fold,4,2024-04-01,2025-03-31,mixed_or_unresolved_context,2025-01-13,SH.000300,2025-01-02,available,300,0.999991,0.0,,0,0.0,-0.0026711462620027104,0.0026711462620027104,0.0,0.0,0.0,1.0,20,0.32679100000000005,0.0,0.32679100000000005,0.0,0,0,0.999991,,银行,-0.131418,特种钢,-0.000568
strong_market_effective_participation_v1,baseline_2y_1y_5fold,4,2024-04-01,2025-03-31,mixed_or_unresolved_context,2025-01-14,SH.000300,2025-01-02,available,300,0.999991,0.0,,0,0.0,0.026334381908980742,-0.026334381908980742,0.0,0.0,0.0,1.0,20,0.32679100000000005,0.0,0.32679100000000005,0.0,0,0,0.999991,,银行,-0.131418,特种钢,-0.000568
strong_market_effective_participation_v1,baseline_2y_1y_5fold,4,2024-04-01,2025-03-31,mixed_or_unresolved_context,2025-01-15,SH.000300,2025-01-02,available,300,0.999991,0.0,,0,0.0,-0.006415323488302649,0.006415323488302649,0.0,0.0,0.0,1.0,20,0.32679100000000005,0.0,0.32679100000000005,0.0,0,0,0.999991,,银行,-0.131418,特种钢,-0.000568
strong_market_effective_participation_v1,baseline_2y_1y_5fold,4,2024-04-01,2025-03-31,mixed_or_unresolved_context,2025-01-16,SH.000300,2025-01-02,available,300,0.999991,0.0,,0,0.0,0.0011459340416171138,-0.0011459340416171138,0.0,0.0,0.0,1.0,20,0.32679100000000005,0.0,0.32679100000000005,0.0,0,0,0.999991,,银行,-0.131418,特种钢,-0.000568
strong_market_effective_participation_v1,baseline_2y_1y_5fold,4,2024-04-01,2025-03-31,mixed_or_unresolved_context,2025-01-17,SH.000300,2025-01-02,available,300,0.999991,0.0,,0,0.0,0.003147053715681025,-0.003147053715681025,0.0,0.0,0.0,1.0,20,0.32679100000000005,0.0,0.32679100000000005,0.0,0,0,0.999991,,银行,-0.131418,特种钢,-0.000568
strong_market_effective_participation_v1,baseline_2y_1y_5fold,4,2024-04-01,2025-03-31,mixed_or_unresolved_context,2025-01-20,SH.000300,2025-01-02,available,300,0.999991,0.0,,0,0.0,0.004548387604463411,-0.004548387604463411,0.0,0.0,0.0,1.0,20,0.32679100000000005,0.0,0.32679100000000005,0.0,0,0,0.999991,,银行,-0.131418,特种钢,-0.000568
strong_market_effective_participation_v1,baseline_2y_1y_5fold,4,2024-04-01,2025-03-31,mixed_or_unresolved_context,2025-01-21,SH.000300,2025-01-02,available,300,0.999991,0.0,,0,0.0,0.0007650769777109989,-0.0007650769777109989,0.0,0.0,0.0,1.0,20,0.32679100000000005,0.0,0.32679100000000005,0.0,0,0,0.999991,,银行,-0.131418,特种钢,-0.000568
strong_market_effective_participation_v1,baseline_2y_1y_5fold,4,2024-04-01,2025-03-31,mixed_or_unresolved_context,2025-01-22,SH.000300,2025-01-02,available,300,0.999991,0.0,,0,0.0,-0.0092861000727964,0.0092861000727964,0.0,0.0,0.0,1.0,20,0.32679100000000005,0.0,0.32679100000000005,0.0,0,0,0.999991,,银行,-0.131418,特种钢,-0.000568
strong_market_effective_participation_v1,baseline_2y_1y_5fold,4,2024-04-01,2025-03-31,mixed_or_unresolved_context,2025-01-23,SH.000300,2025-01-02,available,300,0.999991,0.0,,0,0.0,0.0017698089554438745,-0.0017698089554438745,0.0,0.0,0.0,1.0,20,0.32679100000000005,0.0,0.32679100000000005,0.0,0,0,0.999991,,银行,-0.131418,特种钢,-0.000568
strong_market_effective_participation_v1,baseline_2y_1y_5fold,4,2024-04-01,2025-03-31,mixed_or_unresolved_context,2025-01-24,SH.000300,2025-01-02,available,300,0.999991,0.0,,0,0.0,0.007655623149847246,-0.007655623149847246,0.0,0.0,0.0,1.0,20,0.32679100000000005,0.0,0.32679100000000005,0.0,0,0,0.999991,,银行,-0.131418,特种钢,-0.000568
strong_market_effective_participation_v1,baseline_2y_1y_5fold,4,2024-04-01,2025-03-31,mixed_or_unresolved_context,2025-01-27,SH.000300,2025-01-02,available,300,0.999991,0.0,,0,0.0,-0.004117030102847585,0.004117030102847585,0.0,0.0,0.0,1.0,20,0.32679100000000005,0.0,0.32679100000000005,0.0,0,0,0.999991,,银行,-0.131418,特种钢,-0.000568
strong_market_effective_participation_v1,baseline_2y_1y_5fold,4,2024-04-01,2025-03-31,mixed_or_unresolved_context,2025-02-05,SH.000300,2025-01-27,available,300,1.00007,0.0,,0,0.0,-0.005763567962945526,0.005763567962945526,0.0,0.0,0.0,1.0,20,0.32528999999999997,0.0,0.32528999999999997,0.0,0,0,1.00007,,银行,-0.1351,服饰,-0.00057
strong_market_effective_participation_v1,baseline_2y_1y_5fold,4,2024-04-01,2025-03-31,mixed_or_unresolved_context,2025-02-06,SH.000300,2025-02-05,available,300,1.0000049999999998,0.0,,0,0.0,0.012582079956153791,-0.012582079956153791,0.0,0.0,0.0,1.0,20,0.32378599999999996,0.0,0.32378599999999996,0.0,0,0,1.000005,,银行,-0.133659,服饰,-0.000544
strong_market_effective_participation_v1,baseline_2y_1y_5fold,4,2024-04-01,2025-03-31,mixed_or_unresolved_context,2025-02-07,SH.000300,2025-02-05,available,300,1.0000049999999998,0.0,,0,0.0,0.01297741508211403,-0.01297741508211403,0.0,0.0,0.0,1.0,20,0.32378599999999996,0.0,0.32378599999999996,0.0,0,0,1.000005,,银行,-0.133659,服饰,-0.000544
strong_market_effective_participation_v1,baseline_2y_1y_5fold,4,2024-04-01,2025-03-31,mixed_or_unresolved_context,2025-02-10,SH.000300,2025-02-05,available,300,1.0000049999999998,0.0,,0,0.0,0.002147609628278646,-0.002147609628278646,0.0,0.0,0.0,1.0,20,0.32378599999999996,0.0,0.32378599999999996,0.0,0,0,1.000005,,银行,-0.133659,服饰,-0.000544
strong_market_effective_participation_v1,baseline_2y_1y_5fold,4,2024-04-01,2025-03-31,mixed_or_unresolved_context,2025-02-11,SH.000300,2025-02-05,available,300,1.0000049999999998,0.0,,0,0.0,-0.004593623271623604,0.004593623271623604,0.0,0.0,0.0,1.0,20,0.32378599999999996,0.0,0.32378599999999996,0.0,0,0,1.000005,,银行,-0.133659,服饰,-0.000544
strong_market_effective_participation_v1,baseline_2y_1y_5fold,4,2024-04-01,2025-03-31,mixed_or_unresolved_context,2025-02-12,SH.000300,2025-02-05,available,300,1.0000049999999998,0.0,,0,0.0,0.009456264775413725,-0.009456264775413725,0.0,0.0,0.0,1.0,20,0.32378599999999996,0.0,0.32378599999999996,0.0,0,0,1.000005,,银行,-0.133659,服饰,-0.000544
strong_market_effective_participation_v1,baseline_2y_1y_5fold,4,2024-04-01,2025-03-31,mixed_or_unresolved_context,2025-02-13,SH.000300,2025-02-05,available,300,1.0000049999999998,0.0,,0,0.0,-0.0037552361563933934,0.0037552361563933934,0.0,0.0,0.0,1.0,20,0.32378599999999996,0.0,0.32378599999999996,0.0,0,0,1.000005,,银行,-0.133659,服饰,-0.000544
strong_market_effective_participation_v1,baseline_2y_1y_5fold,4,2024-04-01,2025-03-31,mixed_or_unresolved_context,2025-02-14,SH.000300,2025-02-05,available,300,1.0000049999999998,0.0,,0,0.0,0.008673184572128179,-0.008673184572128179,0.0,0.0,0.0,1.0,20,0.32378599999999996,0.0,0.32378599999999996,0.0,0,0,1.000005,,银行,-0.133659,服饰,-0.000544
strong_market_effective_participation_v1,baseline_2y_1y_5fold,4,2024-04-01,2025-03-31,mixed_or_unresolved_context,2025-02-17,SH.000300,2025-02-05,available,300,1.0000049999999998,0.0,,0,0.0,0.0021299768215872206,-0.0021299768215872206,0.0,0.0,0.0,1.0,20,0.32378599999999996,0.0,0.32378599999999996,0.0,0,0,1.000005,,银行,-0.133659,服饰,-0.000544
strong_market_effective_participation_v1,baseline_2y_1y_5fold,4,2024-04-01,2025-03-31,mixed_or_unresolved_context,2025-02-18,SH.000300,2025-02-05,available,300,1.0000049999999998,0.0,,0,0.0,-0.008770329837361257,0.008770329837361257,0.0,0.0,0.0,1.0,20,0.32378599999999996,0.0,0.32378599999999996,0.0,0,0,1.000005,,银行,-0.133659,服饰,-0.000544
strong_market_effective_participation_v1,baseline_2y_1y_5fold,4,2024-04-01,2025-03-31,mixed_or_unresolved_context,2025-02-19,SH.000300,2025-02-05,available,300,1.0000049999999998,0.0,,0,0.0,0.00699758228165126,-0.00699758228165126,0.0,0.0,0.0,1.0,20,0.32378599999999996,0.0,0.32378599999999996,0.0,0,0,1.000005,,银行,-0.133659,服饰,-0.000544
strong_market_effective_participation_v1,baseline_2y_1y_5fold,4,2024-04-01,2025-03-31,mixed_or_unresolved_context,2025-02-20,SH.000300,2025-02-05,available,300,1.0000049999999998,0.0,,0,0.0,-0.0028577519694631404,0.0028577519694631404,0.0,0.0,0.0,1.0,20,0.32378599999999996,0.0,0.32378599999999996,0.0,0,0,1.000005,,银行,-0.133659,服饰,-0.000544
strong_market_effective_participation_v1,baseline_2y_1y_5fold,4,2024-04-01,2025-03-31,mixed_or_unresolved_context,2025-02-21,SH.000300,2025-02-05,available,300,1.0000049999999998,0.0,,0,0.0,0.012609127236631101,-0.012609127236631101,0.0,0.0,0.0,1.0,20,0.32378599999999996,0.0,0.32378599999999996,0.0,0,0,1.000005,,银行,-0.133659,服饰,-0.000544
strong_market_effective_participation_v1,baseline_2y_1y_5fold,4,2024-04-01,2025-03-31,mixed_or_unresolved_context,2025-02-24,SH.000300,2025-02-05,available,300,1.0000049999999998,0.0,,0,0.0,-0.0021918138767960116,0.0021918138767960116,0.0,0.0,0.0,1.0,20,0.32378599999999996,0.0,0.32378599999999996,0.0,0,0,1.000005,,银行,-0.133659,服饰,-0.000544
strong_market_effective_participation_v1,baseline_2y_1y_5fold,4,2024-04-01,2025-03-31,mixed_or_unresolved_context,2025-02-25,SH.000300,2025-02-05,available,300,1.0000049999999998,0.0,,0,0.0,-0.011101538647562026,0.011101538647562026,0.0,0.0,0.0,1.0,20,0.32378599999999996,0.0,0.32378599999999996,0.0,0,0,1.000005,,银行,-0.133659,服饰,-0.000544
strong_market_effective_participation_v1,baseline_2y_1y_5fold,4,2024-04-01,2025-03-31,mixed_or_unresolved_context,2025-02-26,SH.000300,2025-02-05,available,300,1.0000049999999998,0.0,,0,0.0,0.008734859195292488,-0.008734859195292488,0.0,0.0,0.0,1.0,20,0.32378599999999996,0.0,0.32378599999999996,0.0,0,0,1.000005,,银行,-0.133659,服饰,-0.000544
strong_market_effective_participation_v1,baseline_2y_1y_5fold,4,2024-04-01,2025-03-31,mixed_or_unresolved_context,2025-02-27,SH.000300,2025-02-05,available,300,1.0000049999999998,0.0,,0,0.0,0.002065687863957555,-0.002065687863957555,0.0,0.0,0.0,1.0,20,0.32378599999999996,0.0,0.32378599999999996,0.0,0,0,1.000005,,银行,-0.133659,服饰,-0.000544
strong_market_effective_participation_v1,baseline_2y_1y_5fold,4,2024-04-01,2025-03-31,mixed_or_unresolved_context,2025-02-28,SH.000300,2025-02-05,available,300,1.0000049999999998,0.0,,0,0.0,-0.019674304204509885,0.019674304204509885,0.0,0.0,0.0,1.0,20,0.32378599999999996,0.0,0.32378599999999996,0.0,0,0,1.000005,,银行,-0.133659,服饰,-0.000544
strong_market_effective_participation_v1,baseline_2y_1y_5fold,4,2024-04-01,2025-03-31,mixed_or_unresolved_context,2025-03-03,SH.000300,2025-02-28,available,300,1.0,0.0,,0,0.0,-0.00040616444518715156,0.00040616444518715156,0.0,0.0,0.0,1.0,20,0.32628999999999997,0.0,0.32628999999999997,0.0,0,0,1.0,,银行,-0.13187,服饰,-0.00052
strong_market_effective_participation_v1,baseline_2y_1y_5fold,4,2024-04-01,2025-03-31,mixed_or_unresolved_context,2025-03-04,SH.000300,2025-03-03,available,300,1.00001,0.0,,0,0.0,-0.0008358043137789428,0.0008358043137789428,0.0,0.0,0.0,1.0,20,0.325786,0.0,0.325786,0.0,0,0,1.00001,,银行,-0.131908,服饰,-0.000512
strong_market_effective_participation_v1,baseline_2y_1y_5fold,4,2024-04-01,2025-03-31,mixed_or_unresolved_context,2025-03-05,SH.000300,2025-03-03,available,300,1.00001,0.0,,0,0.0,0.004465641585289948,-0.004465641585289948,0.0,0.0,0.0,1.0,20,0.325786,0.0,0.325786,0.0,0,0,1.00001,,银行,-0.131908,服饰,-0.000512
strong_market_effective_participation_v1,baseline_2y_1y_5fold,4,2024-04-01,2025-03-31,mixed_or_unresolved_context,2025-03-06,SH.000300,2025-03-03,available,300,1.00001,0.0,,0,0.0,0.013752475932526487,-0.013752475932526487,0.0,0.0,0.0,1.0,20,0.325786,0.0,0.325786,0.0,0,0,1.00001,,银行,-0.131908,服饰,-0.000512
strong_market_effective_participation_v1,baseline_2y_1y_5fold,4,2024-04-01,2025-03-31,mixed_or_unresolved_context,2025-03-07,SH.000300,2025-03-03,available,300,1.00001,0.0,,0,0.0,-0.0030913190301902205,0.0030913190301902205,0.0,0.0,0.0,1.0,20,0.325786,0.0,0.325786,0.0,0,0,1.00001,,银行,-0.131908,服饰,-0.000512
strong_market_effective_participation_v1,baseline_2y_1y_5fold,4,2024-04-01,2025-03-31,mixed_or_unresolved_context,2025-03-10,SH.000300,2025-03-03,available,300,1.00001,0.0,,0,0.0,-0.0038564810941148497,0.0038564810941148497,0.0,0.0,0.0,1.0,20,0.325786,0.0,0.325786,0.0,0,0,1.00001,,银行,-0.131908,服饰,-0.000512
strong_market_effective_participation_v1,baseline_2y_1y_5fold,4,2024-04-01,2025-03-31,mixed_or_unresolved_context,2025-03-11,SH.000300,2025-03-03,available,300,1.00001,0.0,,0,0.0,0.0032121767460802086,-0.0032121767460802086,0.0,0.0,0.0,1.0,20,0.325786,0.0,0.325786,0.0,0,0,1.00001,,银行,-0.131908,服饰,-0.000512
strong_market_effective_participation_v1,baseline_2y_1y_5fold,4,2024-04-01,2025-03-31,mixed_or_unresolved_context,2025-03-12,SH.000300,2025-03-03,available,300,1.00001,0.0,,0,0.0,-0.003600225299511317,0.003600225299511317,0.0,0.0,0.0,1.0,20,0.325786,0.0,0.325786,0.0,0,0,1.00001,,银行,-0.131908,服饰,-0.000512
strong_market_effective_participation_v1,baseline_2y_1y_5fold,4,2024-04-01,2025-03-31,mixed_or_unresolved_context,2025-03-13,SH.000300,2025-03-03,available,300,1.00001,0.0,,0,0.0,-0.003984997058995798,0.003984997058995798,0.0,0.0,0.0,1.0,20,0.325786,0.0,0.325786,0.0,0,0,1.00001,,银行,-0.131908,服饰,-0.000512
strong_market_effective_participation_v1,baseline_2y_1y_5fold,4,2024-04-01,2025-03-31,mixed_or_unresolved_context,2025-03-14,SH.000300,2025-03-03,available,300,1.00001,0.0,,0,0.0,0.024281748040433815,-0.024281748040433815,0.0,0.0,0.0,1.0,20,0.325786,0.0,0.325786,0.0,0,0,1.00001,,银行,-0.131908,服饰,-0.000512
strong_market_effective_participation_v1,baseline_2y_1y_5fold,4,2024-04-01,2025-03-31,mixed_or_unresolved_context,2025-03-17,SH.000300,2025-03-03,available,300,1.00001,0.0,,0,0.0,-0.0024385008585918744,0.0024385008585918744,0.0,0.0,0.0,1.0,20,0.325786,0.0,0.325786,0.0,0,0,1.00001,,银行,-0.131908,服饰,-0.000512
strong_market_effective_participation_v1,baseline_2y_1y_5fold,4,2024-04-01,2025-03-31,mixed_or_unresolved_context,2025-03-18,SH.000300,2025-03-03,available,300,1.00001,0.0,,0,0.0,0.0027346945924102695,-0.0027346945924102695,0.0,0.0,0.0,1.0,20,0.325786,0.0,0.325786,0.0,0,0,1.00001,,银行,-0.131908,服饰,-0.000512
strong_market_effective_participation_v1,baseline_2y_1y_5fold,4,2024-04-01,2025-03-31,mixed_or_unresolved_context,2025-03-19,SH.000300,2025-03-03,available,300,1.00001,0.0,,0,0.0,0.0006113201521065204,-0.0006113201521065204,0.0,0.0,0.0,1.0,20,0.325786,0.0,0.325786,0.0,0,0,1.00001,,银行,-0.131908,服饰,-0.000512
strong_market_effective_participation_v1,baseline_2y_1y_5fold,4,2024-04-01,2025-03-31,mixed_or_unresolved_context,2025-03-20,SH.000300,2025-03-03,available,300,1.00001,0.0,,0,0.0,-0.008772695421889964,0.008772695421889964,0.0,0.0,0.0,1.0,20,0.325786,0.0,0.325786,0.0,0,0,1.00001,,银行,-0.131908,服饰,-0.000512
strong_market_effective_participation_v1,baseline_2y_1y_5fold,4,2024-04-01,2025-03-31,mixed_or_unresolved_context,2025-03-21,SH.000300,2025-03-03,available,300,1.00001,0.0,,0,0.0,-0.015167333754298795,0.015167333754298795,0.0,0.0,0.0,1.0,20,0.325786,0.0,0.325786,0.0,0,0,1.00001,,银行,-0.131908,服饰,-0.000512
strong_market_effective_participation_v1,baseline_2y_1y_5fold,4,2024-04-01,2025-03-31,mixed_or_unresolved_context,2025-03-24,SH.000300,2025-03-03,available,300,1.00001,0.0,,0,0.0,0.005147265435410109,-0.005147265435410109,0.0,0.0,0.0,1.0,20,0.325786,0.0,0.325786,0.0,0,0,1.00001,,银行,-0.131908,服饰,-0.000512
strong_market_effective_participation_v1,baseline_2y_1y_5fold,4,2024-04-01,2025-03-31,mixed_or_unresolved_context,2025-03-25,SH.000300,2025-03-03,available,300,1.00001,0.0,,0,0.0,-0.0006480551990545314,0.0006480551990545314,0.0,0.0,0.0,1.0,20,0.325786,0.0,0.325786,0.0,0,0,1.00001,,银行,-0.131908,服饰,-0.000512
strong_market_effective_participation_v1,baseline_2y_1y_5fold,4,2024-04-01,2025-03-31,mixed_or_unresolved_context,2025-03-26,SH.000300,2025-03-03,available,300,1.00001,0.0,,0,0.0,-0.003290695013096645,0.003290695013096645,0.0,0.0,0.0,1.0,20,0.325786,0.0,0.325786,0.0,0,0,1.00001,,银行,-0.131908,服饰,-0.000512
strong_market_effective_participation_v1,baseline_2y_1y_5fold,4,2024-04-01,2025-03-31,mixed_or_unresolved_context,2025-03-27,SH.000300,2025-03-03,available,300,1.00001,0.0,,0,0.0,0.0033296252449379615,-0.0033296252449379615,0.0,0.0,0.0,1.0,20,0.325786,0.0,0.325786,0.0,0,0,1.00001,,银行,-0.131908,服饰,-0.000512
strong_market_effective_participation_v1,baseline_2y_1y_5fold,4,2024-04-01,2025-03-31,mixed_or_unresolved_context,2025-03-28,SH.000300,2025-03-03,available,300,1.00001,0.0,,0,0.0,-0.004384079991659018,0.004384079991659018,0.0,0.0,0.0,1.0,20,0.325786,0.0,0.325786,0.0,0,0,1.00001,,银行,-0.131908,服饰,-0.000512
strong_market_effective_participation_v1,baseline_2y_1y_5fold,4,2024-04-01,2025-03-31,mixed_or_unresolved_context,2025-03-31,SH.000300,2025-03-03,available,300,1.00001,0.0,,0,0.0,-0.00711591067565398,0.00711591067565398,0.0,0.0,0.0,1.0,20,0.325786,0.0,0.325786,0.0,0,0,1.00001,,银行,-0.131908,服饰,-0.000512
strong_market_effective_participation_v1,baseline_2y_1y_5fold,5,2025-04-01,2026-03-31,mixed_or_unresolved_context,2025-04-01,SH.000300,2025-03-31,available,300,0.9999799999999999,0.0,,0,0.0,9.518150083209775e-05,-9.518150083209775e-05,0.0,0.0,0.0,1.0,20,0.33343999999999996,0.0,0.33343999999999996,0.0,0,0,0.99998,,银行,-0.1348,服饰,-0.00047
strong_market_effective_participation_v1,baseline_2y_1y_5fold,5,2025-04-01,2026-03-31,mixed_or_unresolved_context,2025-04-02,SH.000300,2025-04-01,available,300,0.9999959999999999,0.0,,0,0.0,-0.0008462630669190396,0.0008462630669190396,0.0,0.0,0.0,1.0,20,0.33066500000000004,0.0,0.33066500000000004,0.0,0,0,0.999996,,银行,-0.13394899999999998,服饰,-0.00046
strong_market_effective_participation_v1,baseline_2y_1y_5fold,5,2025-04-01,2026-03-31,mixed_or_unresolved_context,2025-04-03,SH.000300,2025-04-01,available,300,0.9999959999999999,0.0,,0,0.0,-0.005892817147608698,0.005892817147608698,0.0,0.0,0.0,1.0,20,0.33066500000000004,0.0,0.33066500000000004,0.0,0,0,0.999996,,银行,-0.13394899999999998,服饰,-0.00046
strong_market_effective_participation_v1,baseline_2y_1y_5fold,5,2025-04-01,2026-03-31,mixed_or_unresolved_context,2025-04-07,SH.000300,2025-04-01,available,300,0.9999959999999999,0.0,,0,0.0,-0.07045448659847209,0.07045448659847209,0.0,0.0,0.0,1.0,20,0.33066500000000004,0.0,0.33066500000000004,0.0,0,0,0.999996,,银行,-0.13394899999999998,服饰,-0.00046
strong_market_effective_participation_v1,baseline_2y_1y_5fold,5,2025-04-01,2026-03-31,mixed_or_unresolved_context,2025-04-08,SH.000300,2025-04-01,available,300,0.9999959999999999,0.0,,0,0.0,0.01708344477132928,-0.01708344477132928,0.0,0.0,0.0,1.0,20,0.33066500000000004,0.0,0.33066500000000004,0.0,0,0,0.999996,,银行,-0.13394899999999998,服饰,-0.00046
strong_market_effective_participation_v1,baseline_2y_1y_5fold,5,2025-04-01,2026-03-31,mixed_or_unresolved_context,2025-04-09,SH.000300,2025-04-01,available,300,0.9999959999999999,0.0,,0,0.0,0.009869177924596517,-0.009869177924596517,0.0,0.0,0.0,1.0,20,0.33066500000000004,0.0,0.33066500000000004,0.0,0,0,0.999996,,银行,-0.13394899999999998,服饰,-0.00046
strong_market_effective_participation_v1,baseline_2y_1y_5fold,5,2025-04-01,2026-03-31,mixed_or_unresolved_context,2025-04-10,SH.000300,2025-04-01,available,300,0.9999959999999999,0.0,,0,0.0,0.013108964709137139,-0.013108964709137139,0.0,0.0,0.0,1.0,20,0.33066500000000004,0.0,0.33066500000000004,0.0,0,0,0.999996,,银行,-0.13394899999999998,服饰,-0.00046
strong_market_effective_participation_v1,baseline_2y_1y_5fold,5,2025-04-01,2026-03-31,mixed_or_unresolved_context,2025-04-11,SH.000300,2025-04-01,available,300,0.9999959999999999,0.0,,0,0.0,0.004123026837156596,-0.004123026837156596,0.0,0.0,0.0,1.0,20,0.33066500000000004,0.0,0.33066500000000004,0.0,0,0,0.999996,,银行,-0.13394899999999998,服饰,-0.00046
strong_market_effective_participation_v1,baseline_2y_1y_5fold,5,2025-04-01,2026-03-31,mixed_or_unresolved_context,2025-04-14,SH.000300,2025-04-01,available,300,0.9999959999999999,0.0,,0,0.0,0.002298347962415903,-0.002298347962415903,0.0,0.0,0.0,1.0,20,0.33066500000000004,0.0,0.33066500000000004,0.0,0,0,0.999996,,银行,-0.13394899999999998,服饰,-0.00046
strong_market_effective_participation_v1,baseline_2y_1y_5fold,5,2025-04-01,2026-03-31,mixed_or_unresolved_context,2025-04-15,SH.000300,2025-04-01,available,300,0.9999959999999999,0.0,,0,0.0,0.0005559782290631698,-0.0005559782290631698,0.0,0.0,0.0,1.0,20,0.33066500000000004,0.0,0.33066500000000004,0.0,0,0,0.999996,,银行,-0.13394899999999998,服饰,-0.00046
strong_market_effective_participation_v1,baseline_2y_1y_5fold,5,2025-04-01,2026-03-31,mixed_or_unresolved_context,2025-04-16,SH.000300,2025-04-01,available,300,0.9999959999999999,0.0,,0,0.0,0.0030814387846529456,-0.0030814387846529456,0.0,0.0,0.0,1.0,20,0.33066500000000004,0.0,0.33066500000000004,0.0,0,0,0.999996,,银行,-0.13394899999999998,服饰,-0.00046
strong_market_effective_participation_v1,baseline_2y_1y_5fold,5,2025-04-01,2026-03-31,mixed_or_unresolved_context,2025-04-17,SH.000300,2025-04-01,available,300,0.9999959999999999,0.0,,0,0.0,-0.00015903223583435544,0.00015903223583435544,0.0,0.0,0.0,1.0,20,0.33066500000000004,0.0,0.33066500000000004,0.0,0,0,0.999996,,银行,-0.13394899999999998,服饰,-0.00046
strong_market_effective_participation_v1,baseline_2y_1y_5fold,5,2025-04-01,2026-03-31,mixed_or_unresolved_context,2025-04-18,SH.000300,2025-04-01,available,300,0.9999959999999999,0.0,,0,0.0,7.952876555461508e-05,-7.952876555461508e-05,0.0,0.0,0.0,1.0,20,0.33066500000000004,0.0,0.33066500000000004,0.0,0,0,0.999996,,银行,-0.13394899999999998,服饰,-0.00046
strong_market_effective_participation_v1,baseline_2y_1y_5fold,5,2025-04-01,2026-03-31,mixed_or_unresolved_context,2025-04-21,SH.000300,2025-04-01,available,300,0.9999959999999999,0.0,,0,0.0,0.0032763245787961193,-0.0032763245787961193,0.0,0.0,0.0,1.0,20,0.33066500000000004,0.0,0.33066500000000004,0.0,0,0,0.999996,,银行,-0.13394899999999998,服饰,-0.00046
strong_market_effective_participation_v1,baseline_2y_1y_5fold,5,2025-04-01,2026-03-31,mixed_or_unresolved_context,2025-04-22,SH.000300,2025-04-01,available,300,0.9999959999999999,0.0,,0,0.0,-0.00024571452727706333,0.00024571452727706333,0.0,0.0,0.0,1.0,20,0.33066500000000004,0.0,0.33066500000000004,0.0,0,0,0.999996,,银行,-0.13394899999999998,服饰,-0.00046
strong_market_effective_participation_v1,baseline_2y_1y_5fold,5,2025-04-01,2026-03-31,mixed_or_unresolved_context,2025-04-23,SH.000300,2025-04-01,available,300,0.9999959999999999,0.0,,0,0.0,0.0007743231279484508,-0.0007743231279484508,0.0,0.0,0.0,1.0,20,0.33066500000000004,0.0,0.33066500000000004,0.0,0,0,0.999996,,银行,-0.13394899999999998,服饰,-0.00046
strong_market_effective_participation_v1,baseline_2y_1y_5fold,5,2025-04-01,2026-03-31,mixed_or_unresolved_context,2025-04-24,SH.000300,2025-04-01,available,300,0.9999959999999999,0.0,,0,0.0,-0.000665455467297571,0.000665455467297571,0.0,0.0,0.0,1.0,20,0.33066500000000004,0.0,0.33066500000000004,0.0,0,0,0.999996,,银行,-0.13394899999999998,服饰,-0.00046
strong_market_effective_participation_v1,baseline_2y_1y_5fold,5,2025-04-01,2026-03-31,mixed_or_unresolved_context,2025-04-25,SH.000300,2025-04-01,available,300,0.9999959999999999,0.0,,0,0.0,0.0006949655952392941,-0.0006949655952392941,0.0,0.0,0.0,1.0,20,0.33066500000000004,0.0,0.33066500000000004,0.0,0,0,0.999996,,银行,-0.13394899999999998,服饰,-0.00046
strong_market_effective_participation_v1,baseline_2y_1y_5fold,5,2025-04-01,2026-03-31,mixed_or_unresolved_context,2025-04-28,SH.000300,2025-04-01,available,300,0.9999959999999999,0.0,,0,0.0,-0.0014180127225051908,0.0014180127225051908,0.0,0.0,0.0,1.0,20,0.33066500000000004,0.0,0.33066500000000004,0.0,0,0,0.999996,,银行,-0.13394899999999998,服饰,-0.00046
strong_market_effective_participation_v1,baseline_2y_1y_5fold,5,2025-04-01,2026-03-31,mixed_or_unresolved_context,2025-04-29,SH.000300,2025-04-01,available,300,0.9999959999999999,0.0,,0,0.0,-0.0017294175512082566,0.0017294175512082566,0.0,0.0,0.0,1.0,20,0.33066500000000004,0.0,0.33066500000000004,0.0,0,0,0.999996,,银行,-0.13394899999999998,服饰,-0.00046
strong_market_effective_participation_v1,baseline_2y_1y_5fold,5,2025-04-01,2026-03-31,mixed_or_unresolved_context,2025-04-30,SH.000300,2025-04-01,available,300,0.9999959999999999,0.0,,0,0.0,-0.001194676669103667,0.001194676669103667,0.0,0.0,0.0,1.0,20,0.33066500000000004,0.0,0.33066500000000004,0.0,0,0,0.999996,,银行,-0.13394899999999998,服饰,-0.00046
strong_market_effective_participation_v1,baseline_2y_1y_5fold,5,2025-04-01,2026-03-31,mixed_or_unresolved_context,2025-05-06,SH.000300,2025-04-30,available,300,1.0000200000000001,0.0,,0,0.0,0.010070095502801912,-0.010070095502801912,0.0,0.0,0.0,1.0,20,0.33317,0.0,0.33317,0.0,0,0,1.00002,,银行,-0.13805,服饰,-0.00039
strong_market_effective_participation_v1,baseline_2y_1y_5fold,5,2025-04-01,2026-03-31,mixed_or_unresolved_context,2025-05-07,SH.000300,2025-05-06,available,300,1.0000049999999998,0.0,,0,0.0,0.006062690689870642,-0.006062690689870642,0.0,0.0,0.0,1.0,20,0.331183,0.0,0.331183,0.0,0,0,1.000005,,银行,-0.13666,服饰,-0.000392
strong_market_effective_participation_v1,baseline_2y_1y_5fold,5,2025-04-01,2026-03-31,mixed_or_unresolved_context,2025-05-08,SH.000300,2025-05-06,available,300,1.0000049999999998,0.0,,0,0.0,0.00555116229907382,-0.00555116229907382,0.0,0.0,0.0,1.0,20,0.331183,0.0,0.331183,0.0,0,0,1.000005,,银行,-0.13666,服饰,-0.000392
strong_market_effective_participation_v1,baseline_2y_1y_5fold,5,2025-04-01,2026-03-31,mixed_or_unresolved_context,2025-05-09,SH.000300,2025-05-06,available,300,1.0000049999999998,0.0,,0,0.0,-0.00174933167224689,0.00174933167224689,0.0,0.0,0.0,1.0,20,0.331183,0.0,0.331183,0.0,0,0,1.000005,,银行,-0.13666,服饰,-0.000392
strong_market_effective_participation_v1,baseline_2y_1y_5fold,5,2025-04-01,2026-03-31,mixed_or_unresolved_context,2025-05-12,SH.000300,2025-05-06,available,300,1.0000049999999998,0.0,,0,0.0,0.011556981508829667,-0.011556981508829667,0.0,0.0,0.0,1.0,20,0.331183,0.0,0.331183,0.0,0,0,1.000005,,银行,-0.13666,服饰,-0.000392
strong_market_effective_participation_v1,baseline_2y_1y_5fold,5,2025-04-01,2026-03-31,mixed_or_unresolved_context,2025-05-13,SH.000300,2025-05-06,available,300,1.0000049999999998,0.0,,0,0.0,0.0014522144342403731,-0.0014522144342403731,0.0,0.0,0.0,1.0,20,0.331183,0.0,0.331183,0.0,0,0,1.000005,,银行,-0.13666,服饰,-0.000392
strong_market_effective_participation_v1,baseline_2y_1y_5fold,5,2025-04-01,2026-03-31,mixed_or_unresolved_context,2025-05-14,SH.000300,2025-05-06,available,300,1.0000049999999998,0.0,,0,0.0,0.012050017195977647,-0.012050017195977647,0.0,0.0,0.0,1.0,20,0.331183,0.0,0.331183,0.0,0,0,1.000005,,银行,-0.13666,服饰,-0.000392
strong_market_effective_participation_v1,baseline_2y_1y_5fold,5,2025-04-01,2026-03-31,mixed_or_unresolved_context,2025-05-15,SH.000300,2025-05-06,available,300,1.0000049999999998,0.0,,0,0.0,-0.00913215375290699,0.00913215375290699,0.0,0.0,0.0,1.0,20,0.331183,0.0,0.331183,0.0,0,0,1.000005,,银行,-0.13666,服饰,-0.000392
strong_market_effective_participation_v1,baseline_2y_1y_5fold,5,2025-04-01,2026-03-31,mixed_or_unresolved_context,2025-05-16,SH.000300,2025-05-06,available,300,1.0000049999999998,0.0,,0,0.0,-0.004635032760032631,0.004635032760032631,0.0,0.0,0.0,1.0,20,0.331183,0.0,0.331183,0.0,0,0,1.000005,,银行,-0.13666,服饰,-0.000392
strong_market_effective_participation_v1,baseline_2y_1y_5fold,5,2025-04-01,2026-03-31,mixed_or_unresolved_context,2025-05-19,SH.000300,2025-05-06,available,300,1.0000049999999998,0.0,,0,0.0,-0.003070126944863749,0.003070126944863749,0.0,0.0,0.0,1.0,20,0.331183,0.0,0.331183,0.0,0,0,1.000005,,银行,-0.13666,服饰,-0.000392
strong_market_effective_participation_v1,baseline_2y_1y_5fold,5,2025-04-01,2026-03-31,mixed_or_unresolved_context,2025-05-20,SH.000300,2025-05-06,available,300,1.0000049999999998,0.0,,0,0.0,0.005421508066492109,-0.005421508066492109,0.0,0.0,0.0,1.0,20,0.331183,0.0,0.331183,0.0,0,0,1.000005,,银行,-0.13666,服饰,-0.000392
strong_market_effective_participation_v1,baseline_2y_1y_5fold,5,2025-04-01,2026-03-31,mixed_or_unresolved_context,2025-05-21,SH.000300,2025-05-06,available,300,1.0000049999999998,0.0,,0,0.0,0.004671422744518594,-0.004671422744518594,0.0,0.0,0.0,1.0,20,0.331183,0.0,0.331183,0.0,0,0,1.000005,,银行,-0.13666,服饰,-0.000392
strong_market_effective_participation_v1,baseline_2y_1y_5fold,5,2025-04-01,2026-03-31,mixed_or_unresolved_context,2025-05-22,SH.000300,2025-05-06,available,300,1.0000049999999998,0.0,,0,0.0,-0.0006408979721069796,0.0006408979721069796,0.0,0.0,0.0,1.0,20,0.331183,0.0,0.331183,0.0,0,0,1.000005,,银行,-0.13666,服饰,-0.000392
strong_market_effective_participation_v1,baseline_2y_1y_5fold,5,2025-04-01,2026-03-31,mixed_or_unresolved_context,2025-05-23,SH.000300,2025-05-06,available,300,1.0000049999999998,0.0,,0,0.0,-0.00807385017897888,0.00807385017897888,0.0,0.0,0.0,1.0,20,0.331183,0.0,0.331183,0.0,0,0,1.000005,,银行,-0.13666,服饰,-0.000392
strong_market_effective_participation_v1,baseline_2y_1y_5fold,5,2025-04-01,2026-03-31,mixed_or_unresolved_context,2025-05-26,SH.000300,2025-05-06,available,300,1.0000049999999998,0.0,,0,0.0,-0.005708000731530771,0.005708000731530771,0.0,0.0,0.0,1.0,20,0.331183,0.0,0.331183,0.0,0,0,1.000005,,银行,-0.13666,服饰,-0.000392
strong_market_effective_participation_v1,baseline_2y_1y_5fold,5,2025-04-01,2026-03-31,mixed_or_unresolved_context,2025-05-27,SH.000300,2025-05-06,available,300,1.0000049999999998,0.0,,0,0.0,-0.0053651320817282855,0.0053651320817282855,0.0,0.0,0.0,1.0,20,0.331183,0.0,0.331183,0.0,0,0,1.000005,,银行,-0.13666,服饰,-0.000392
strong_market_effective_participation_v1,baseline_2y_1y_5fold,5,2025-04-01,2026-03-31,mixed_or_unresolved_context,2025-05-28,SH.000300,2025-05-06,available,300,1.0000049999999998,0.0,,0,0.0,-0.0008230452674897748,0.0008230452674897748,0.0,0.0,0.0,1.0,20,0.331183,0.0,0.331183,0.0,0,0,1.000005,,银行,-0.13666,服饰,-0.000392
strong_market_effective_participation_v1,baseline_2y_1y_5fold,5,2025-04-01,2026-03-31,mixed_or_unresolved_context,2025-05-29,SH.000300,2025-05-06,available,300,1.0000049999999998,0.0,,0,0.0,0.0058546910516548145,-0.0058546910516548145,0.0,0.0,0.0,1.0,20,0.331183,0.0,0.331183,0.0,0,0,1.000005,,银行,-0.13666,服饰,-0.000392
strong_market_effective_participation_v1,baseline_2y_1y_5fold,5,2025-04-01,2026-03-31,mixed_or_unresolved_context,2025-05-30,SH.000300,2025-05-06,available,300,1.0000049999999998,0.0,,0,0.0,-0.004786586155959172,0.004786586155959172,0.0,0.0,0.0,1.0,20,0.331183,0.0,0.331183,0.0,0,0,1.000005,,银行,-0.13666,服饰,-0.000392
strong_market_effective_participation_v1,baseline_2y_1y_5fold,5,2025-04-01,2026-03-31,mixed_or_unresolved_context,2025-06-03,SH.000300,2025-05-30,available,300,1.00002,0.0,,0,0.0,0.0030675246013911472,-0.0030675246013911472,0.0,0.0,0.0,1.0,20,0.33637999999999996,0.0,0.33637999999999996,0.0,0,0,1.00002,,银行,-0.14347,服饰,-0.0004
strong_market_effective_participation_v1,baseline_2y_1y_5fold,5,2025-04-01,2026-03-31,mixed_or_unresolved_context,2025-06-04,SH.000300,2025-06-03,available,300,0.999996,0.0,,0,0.0,0.0043431870633772185,-0.0043431870633772185,0.0,0.0,0.0,1.0,20,0.336469,0.0,0.336469,0.0,0,0,0.999996,,银行,-0.145551,服饰,-0.000397
strong_market_effective_participation_v1,baseline_2y_1y_5fold,5,2025-04-01,2026-03-31,mixed_or_unresolved_context,2025-06-05,SH.000300,2025-06-03,available,300,0.999996,0.0,,0,0.0,0.0022798120318243686,-0.0022798120318243686,0.0,0.0,0.0,1.0,20,0.336469,0.0,0.336469,0.0,0,0,0.999996,,银行,-0.145551,服饰,-0.000397
strong_market_effective_participation_v1,baseline_2y_1y_5fold,5,2025-04-01,2026-03-31,mixed_or_unresolved_context,2025-06-06,SH.000300,2025-06-03,available,300,0.999996,0.0,,0,0.0,-0.0009232610198165458,0.0009232610198165458,0.0,0.0,0.0,1.0,20,0.336469,0.0,0.336469,0.0,0,0,0.999996,,银行,-0.145551,服饰,-0.000397
strong_market_effective_participation_v1,baseline_2y_1y_5fold,5,2025-04-01,2026-03-31,mixed_or_unresolved_context,2025-06-09,SH.000300,2025-06-03,available,300,0.999996,0.0,,0,0.0,0.0029091528608820028,-0.0029091528608820028,0.0,0.0,0.0,1.0,20,0.336469,0.0,0.336469,0.0,0,0,0.999996,,银行,-0.145551,服饰,-0.000397
strong_market_effective_participation_v1,baseline_2y_1y_5fold,5,2025-04-01,2026-03-31,mixed_or_unresolved_context,2025-06-10,SH.000300,2025-06-03,available,300,0.999996,0.0,,0,0.0,-0.005091049482015331,0.005091049482015331,0.0,0.0,0.0,1.0,20,0.336469,0.0,0.336469,0.0,0,0,0.999996,,银行,-0.145551,服饰,-0.000397
strong_market_effective_participation_v1,baseline_2y_1y_5fold,5,2025-04-01,2026-03-31,mixed_or_unresolved_context,2025-06-11,SH.000300,2025-06-03,available,300,0.999996,0.0,,0,0.0,0.007543713959751397,-0.007543713959751397,0.0,0.0,0.0,1.0,20,0.336469,0.0,0.336469,0.0,0,0,0.999996,,银行,-0.145551,服饰,-0.000397
strong_market_effective_participation_v1,baseline_2y_1y_5fold,5,2025-04-01,2026-03-31,mixed_or_unresolved_context,2025-06-12,SH.000300,2025-06-03,available,300,0.999996,0.0,,0,0.0,-0.0006239360350021039,0.0006239360350021039,0.0,0.0,0.0,1.0,20,0.336469,0.0,0.336469,0.0,0,0,0.999996,,银行,-0.145551,服饰,-0.000397
strong_market_effective_participation_v1,baseline_2y_1y_5fold,5,2025-04-01,2026-03-31,mixed_or_unresolved_context,2025-06-13,SH.000300,2025-06-03,available,300,0.999996,0.0,,0,0.0,-0.007199013411438249,0.007199013411438249,0.0,0.0,0.0,1.0,20,0.336469,0.0,0.336469,0.0,0,0,0.999996,,银行,-0.145551,服饰,-0.000397
strong_market_effective_participation_v1,baseline_2y_1y_5fold,5,2025-04-01,2026-03-31,mixed_or_unresolved_context,2025-06-16,SH.000300,2025-06-03,available,300,0.999996,0.0,,0,0.0,0.0024895320611360017,-0.0024895320611360017,0.0,0.0,0.0,1.0,20,0.336469,0.0,0.336469,0.0,0,0,0.999996,,银行,-0.145551,服饰,-0.000397
strong_market_effective_participation_v1,baseline_2y_1y_5fold,5,2025-04-01,2026-03-31,mixed_or_unresolved_context,2025-06-17,SH.000300,2025-06-03,available,300,0.999996,0.0,,0,0.0,-0.000882854045123671,0.000882854045123671,0.0,0.0,0.0,1.0,20,0.336469,0.0,0.336469,0.0,0,0,0.999996,,银行,-0.145551,服饰,-0.000397
strong_market_effective_participation_v1,baseline_2y_1y_5fold,5,2025-04-01,2026-03-31,mixed_or_unresolved_context,2025-06-18,SH.000300,2025-06-03,available,300,0.999996,0.0,,0,0.0,0.0011859300637147019,-0.0011859300637147019,0.0,0.0,0.0,1.0,20,0.336469,0.0,0.336469,0.0,0,0,0.999996,,银行,-0.145551,服饰,-0.000397
strong_market_effective_participation_v1,baseline_2y_1y_5fold,5,2025-04-01,2026-03-31,mixed_or_unresolved_context,2025-06-19,SH.000300,2025-06-03,available,300,0.999996,0.0,,0,0.0,-0.008227160468339045,0.008227160468339045,0.0,0.0,0.0,1.0,20,0.336469,0.0,0.336469,0.0,0,0,0.999996,,银行,-0.145551,服饰,-0.000397
strong_market_effective_participation_v1,baseline_2y_1y_5fold,5,2025-04-01,2026-03-31,mixed_or_unresolved_context,2025-06-20,SH.000300,2025-06-03,available,300,0.999996,0.0,,0,0.0,0.0009237358479763369,-0.0009237358479763369,0.0,0.0,0.0,1.0,20,0.336469,0.0,0.336469,0.0,0,0,0.999996,,银行,-0.145551,服饰,-0.000397
strong_market_effective_participation_v1,baseline_2y_1y_5fold,5,2025-04-01,2026-03-31,mixed_or_unresolved_context,2025-06-23,SH.000300,2025-06-03,available,300,0.999996,0.0,,0,0.0,0.0029272299981282224,-0.0029272299981282224,0.0,0.0,0.0,1.0,20,0.336469,0.0,0.336469,0.0,0,0,0.999996,,银行,-0.145551,服饰,-0.000397
strong_market_effective_participation_v1,baseline_2y_1y_5fold,5,2025-04-01,2026-03-31,mixed_or_unresolved_context,2025-06-24,SH.000300,2025-06-03,available,300,0.999996,0.0,,0,0.0,0.011957282459369223,-0.011957282459369223,0.0,0.0,0.0,1.0,20,0.336469,0.0,0.336469,0.0,0,0,0.999996,,银行,-0.145551,服饰,-0.000397
strong_market_effective_participation_v1,baseline_2y_1y_5fold,5,2025-04-01,2026-03-31,mixed_or_unresolved_context,2025-06-25,SH.000300,2025-06-03,available,300,0.999996,0.0,,0,0.0,0.014354397891409576,-0.014354397891409576,0.0,0.0,0.0,1.0,20,0.336469,0.0,0.336469,0.0,0,0,0.999996,,银行,-0.145551,服饰,-0.000397
strong_market_effective_participation_v1,baseline_2y_1y_5fold,5,2025-04-01,2026-03-31,mixed_or_unresolved_context,2025-06-26,SH.000300,2025-06-03,available,300,0.999996,0.0,,0,0.0,-0.003547917082273866,0.003547917082273866,0.0,0.0,0.0,1.0,20,0.336469,0.0,0.336469,0.0,0,0,0.999996,,银行,-0.145551,服饰,-0.000397
strong_market_effective_participation_v1,baseline_2y_1y_5fold,5,2025-04-01,2026-03-31,mixed_or_unresolved_context,2025-06-27,SH.000300,2025-06-03,available,300,0.999996,0.0,,0,0.0,-0.0061479668121295905,0.0061479668121295905,0.0,0.0,0.0,1.0,20,0.336469,0.0,0.336469,0.0,0,0,0.999996,,银行,-0.145551,服饰,-0.000397
strong_market_effective_participation_v1,baseline_2y_1y_5fold,5,2025-04-01,2026-03-31,mixed_or_unresolved_context,2025-06-30,SH.000300,2025-06-03,available,300,0.999996,0.0,,0,0.0,0.003651421810615618,-0.003651421810615618,0.0,0.0,0.0,1.0,20,0.336469,0.0,0.336469,0.0,0,0,0.999996,,银行,-0.145551,服饰,-0.000397
strong_market_effective_participation_v1,baseline_2y_1y_5fold,5,2025-04-01,2026-03-31,mixed_or_unresolved_context,2025-07-01,SH.000300,2025-06-30,available,300,1.00001,0.0,,0,0.0,0.0016971199772362056,-0.0016971199772362056,0.0,0.0,0.0,1.0,20,0.33169000000000004,0.0,0.33169000000000004,0.0,0,0,1.00001,,银行,-0.15443,服饰,-0.00037999999999999997
strong_market_effective_participation_v1,baseline_2y_1y_5fold,5,2025-04-01,2026-03-31,mixed_or_unresolved_context,2025-07-02,SH.000300,2025-07-01,available,300,0.999997,0.0,,0,0.0,0.0002333390822670811,-0.0002333390822670811,0.0,0.0,0.0,1.0,20,0.33214399999999994,0.0,0.33214399999999994,0.0,0,0,0.999997,,银行,-0.157126,服饰,-0.000375
strong_market_effective_participation_v1,baseline_2y_1y_5fold,5,2025-04-01,2026-03-31,mixed_or_unresolved_context,2025-07-03,SH.000300,2025-07-01,available,300,0.999997,0.0,,0,0.0,0.006184578870496615,-0.006184578870496615,0.0,0.0,0.0,1.0,20,0.33214399999999994,0.0,0.33214399999999994,0.0,0,0,0.999997,,银行,-0.157126,服饰,-0.000375
strong_market_effective_participation_v1,baseline_2y_1y_5fold,5,2025-04-01,2026-03-31,mixed_or_unresolved_context,2025-07-04,SH.000300,2025-07-01,available,300,0.999997,0.0,,0,0.0,0.003560925084486799,-0.003560925084486799,0.0,0.0,0.0,1.0,20,0.33214399999999994,0.0,0.33214399999999994,0.0,0,0,0.999997,,银行,-0.157126,服饰,-0.000375
strong_market_effective_participation_v1,baseline_2y_1y_5fold,5,2025-04-01,2026-03-31,mixed_or_unresolved_context,2025-07-07,SH.000300,2025-07-01,available,300,0.999997,0.0,,0,0.0,-0.004276530560996417,0.004276530560996417,0.0,0.0,0.0,1.0,20,0.33214399999999994,0.0,0.33214399999999994,0.0,0,0,0.999997,,银行,-0.157126,服饰,-0.000375
strong_market_effective_participation_v1,baseline_2y_1y_5fold,5,2025-04-01,2026-03-31,mixed_or_unresolved_context,2025-07-08,SH.000300,2025-07-01,available,300,0.999997,0.0,,0,0.0,0.008393082768204163,-0.008393082768204163,0.0,0.0,0.0,1.0,20,0.33214399999999994,0.0,0.33214399999999994,0.0,0,0,0.999997,,银行,-0.157126,服饰,-0.000375
strong_market_effective_participation_v1,baseline_2y_1y_5fold,5,2025-04-01,2026-03-31,mixed_or_unresolved_context,2025-07-09,SH.000300,2025-07-01,available,300,0.999997,0.0,,0,0.0,-0.0017631832335028852,0.0017631832335028852,0.0,0.0,0.0,1.0,20,0.33214399999999994,0.0,0.33214399999999994,0.0,0,0,0.999997,,银行,-0.157126,服饰,-0.000375
strong_market_effective_participation_v1,baseline_2y_1y_5fold,5,2025-04-01,2026-03-31,mixed_or_unresolved_context,2025-07-10,SH.000300,2025-07-01,available,300,0.999997,0.0,,0,0.0,0.004665029814100219,-0.004665029814100219,0.0,0.0,0.0,1.0,20,0.33214399999999994,0.0,0.33214399999999994,0.0,0,0,0.999997,,银行,-0.157126,服饰,-0.000375
strong_market_effective_participation_v1,baseline_2y_1y_5fold,5,2025-04-01,2026-03-31,mixed_or_unresolved_context,2025-07-11,SH.000300,2025-07-01,available,300,0.999997,0.0,,0,0.0,0.0011945077580659547,-0.0011945077580659547,0.0,0.0,0.0,1.0,20,0.33214399999999994,0.0,0.33214399999999994,0.0,0,0,0.999997,,银行,-0.157126,服饰,-0.000375
strong_market_effective_participation_v1,baseline_2y_1y_5fold,5,2025-04-01,2026-03-31,mixed_or_unresolved_context,2025-07-14,SH.000300,2025-07-01,available,300,0.999997,0.0,,0,0.0,0.0007123624779254989,-0.0007123624779254989,0.0,0.0,0.0,1.0,20,0.33214399999999994,0.0,0.33214399999999994,0.0,0,0,0.999997,,银行,-0.157126,服饰,-0.000375
strong_market_effective_participation_v1,baseline_2y_1y_5fold,5,2025-04-01,2026-03-31,mixed_or_unresolved_context,2025-07-15,SH.000300,2025-07-01,available,300,0.999997,0.0,,0,0.0,0.00034597167014704944,-0.00034597167014704944,0.0,0.0,0.0,1.0,20,0.33214399999999994,0.0,0.33214399999999994,0.0,0,0,0.999997,,银行,-0.157126,服饰,-0.000375
strong_market_effective_participation_v1,baseline_2y_1y_5fold,5,2025-04-01,2026-03-31,mixed_or_unresolved_context,2025-07-16,SH.000300,2025-07-01,available,300,0.999997,0.0,,0,0.0,-0.0029509387767289175,0.0029509387767289175,0.0,0.0,0.0,1.0,20,0.33214399999999994,0.0,0.33214399999999994,0.0,0,0,0.999997,,银行,-0.157126,服饰,-0.000375
strong_market_effective_participation_v1,baseline_2y_1y_5fold,5,2025-04-01,2026-03-31,mixed_or_unresolved_context,2025-07-17,SH.000300,2025-07-01,available,300,0.999997,0.0,,0,0.0,0.006810241565182729,-0.006810241565182729,0.0,0.0,0.0,1.0,20,0.33214399999999994,0.0,0.33214399999999994,0.0,0,0,0.999997,,银行,-0.157126,服饰,-0.000375
strong_market_effective_participation_v1,baseline_2y_1y_5fold,5,2025-04-01,2026-03-31,mixed_or_unresolved_context,2025-07-18,SH.000300,2025-07-01,available,300,0.999997,0.0,,0,0.0,0.005963579039730105,-0.005963579039730105,0.0,0.0,0.0,1.0,20,0.33214399999999994,0.0,0.33214399999999994,0.0,0,0,0.999997,,银行,-0.157126,服饰,-0.000375
strong_market_effective_participation_v1,baseline_2y_1y_5fold,5,2025-04-01,2026-03-31,mixed_or_unresolved_context,2025-07-21,SH.000300,2025-07-01,available,300,0.999997,0.0,,0,0.0,0.00666740584691583,-0.00666740584691583,0.0,0.0,0.0,1.0,20,0.33214399999999994,0.0,0.33214399999999994,0.0,0,0,0.999997,,银行,-0.157126,服饰,-0.000375
strong_market_effective_participation_v1,baseline_2y_1y_5fold,5,2025-04-01,2026-03-31,mixed_or_unresolved_context,2025-07-22,SH.000300,2025-07-01,available,300,0.999997,0.0,,0,0.0,0.008162795763668074,-0.008162795763668074,0.0,0.0,0.0,1.0,20,0.33214399999999994,0.0,0.33214399999999994,0.0,0,0,0.999997,,银行,-0.157126,服饰,-0.000375
strong_market_effective_participation_v1,baseline_2y_1y_5fold,5,2025-04-01,2026-03-31,mixed_or_unresolved_context,2025-07-23,SH.000300,2025-07-01,available,300,0.999997,0.0,,0,0.0,0.00019665158195292243,-0.00019665158195292243,0.0,0.0,0.0,1.0,20,0.33214399999999994,0.0,0.33214399999999994,0.0,0,0,0.999997,,银行,-0.157126,服饰,-0.000375
strong_market_effective_participation_v1,baseline_2y_1y_5fold,5,2025-04-01,2026-03-31,mixed_or_unresolved_context,2025-07-24,SH.000300,2025-07-01,available,300,0.999997,0.0,,0,0.0,0.007104765557300441,-0.007104765557300441,0.0,0.0,0.0,1.0,20,0.33214399999999994,0.0,0.33214399999999994,0.0,0,0,0.999997,,银行,-0.157126,服饰,-0.000375
strong_market_effective_participation_v1,baseline_2y_1y_5fold,5,2025-04-01,2026-03-31,mixed_or_unresolved_context,2025-07-25,SH.000300,2025-07-01,available,300,0.999997,0.0,,0,0.0,-0.005273509052696523,0.005273509052696523,0.0,0.0,0.0,1.0,20,0.33214399999999994,0.0,0.33214399999999994,0.0,0,0,0.999997,,银行,-0.157126,服饰,-0.000375
strong_market_effective_participation_v1,baseline_2y_1y_5fold,5,2025-04-01,2026-03-31,mixed_or_unresolved_context,2025-07-28,SH.000300,2025-07-01,available,300,0.999997,0.0,,0,0.0,0.002098295195727795,-0.002098295195727795,0.0,0.0,0.0,1.0,20,0.33214399999999994,0.0,0.33214399999999994,0.0,0,0,0.999997,,银行,-0.157126,服饰,-0.000375
strong_market_effective_participation_v1,baseline_2y_1y_5fold,5,2025-04-01,2026-03-31,mixed_or_unresolved_context,2025-07-29,SH.000300,2025-07-01,available,300,0.999997,0.0,,0,0.0,0.0039169983219773385,-0.0039169983219773385,0.0,0.0,0.0,1.0,20,0.33214399999999994,0.0,0.33214399999999994,0.0,0,0,0.999997,,银行,-0.157126,服饰,-0.000375
strong_market_effective_participation_v1,baseline_2y_1y_5fold,5,2025-04-01,2026-03-31,mixed_or_unresolved_context,2025-07-30,SH.000300,2025-07-01,available,300,0.999997,0.0,,0,0.0,-0.0001878603667614387,0.0001878603667614387,0.0,0.0,0.0,1.0,20,0.33214399999999994,0.0,0.33214399999999994,0.0,0,0,0.999997,,银行,-0.157126,服饰,-0.000375
strong_market_effective_participation_v1,baseline_2y_1y_5fold,5,2025-04-01,2026-03-31,mixed_or_unresolved_context,2025-07-31,SH.000300,2025-07-01,available,300,0.999997,0.0,,0,0.0,-0.018223470577465872,0.018223470577465872,0.0,0.0,0.0,1.0,20,0.33214399999999994,0.0,0.33214399999999994,0.0,0,0,0.999997,,银行,-0.157126,服饰,-0.000375
strong_market_effective_participation_v1,baseline_2y_1y_5fold,5,2025-04-01,2026-03-31,mixed_or_unresolved_context,2025-08-01,SH.000300,2025-07-31,available,300,0.99997,0.0,,0,0.0,-0.005069204704104213,0.005069204704104213,0.0,0.0,0.0,1.0,20,0.32687,0.0,0.32687,0.0,0,0,0.99997,,银行,-0.14767,服饰,-0.00037
strong_market_effective_participation_v1,baseline_2y_1y_5fold,5,2025-04-01,2026-03-31,mixed_or_unresolved_context,2025-08-04,SH.000300,2025-08-01,available,300,1.00001,0.0,,0,0.0,0.0038890930299659843,-0.0038890930299659843,0.0,0.0,0.0,1.0,20,0.327042,0.0,0.327042,0.0,0,0,1.00001,,银行,-0.148794,服饰,-0.00036700000000000003
strong_market_effective_participation_v1,baseline_2y_1y_5fold,5,2025-04-01,2026-03-31,mixed_or_unresolved_context,2025-08-05,SH.000300,2025-08-01,available,300,1.00001,0.0,,0,0.0,0.008045299334266787,-0.008045299334266787,0.0,0.0,0.0,1.0,20,0.327042,0.0,0.327042,0.0,0,0,1.00001,,银行,-0.148794,服饰,-0.00036700000000000003
strong_market_effective_participation_v1,baseline_2y_1y_5fold,5,2025-04-01,2026-03-31,mixed_or_unresolved_context,2025-08-06,SH.000300,2025-08-01,available,300,1.00001,0.0,,0,0.0,0.002446721661041318,-0.002446721661041318,0.0,0.0,0.0,1.0,20,0.327042,0.0,0.327042,0.0,0,0,1.00001,,银行,-0.148794,服饰,-0.00036700000000000003
strong_market_effective_participation_v1,baseline_2y_1y_5fold,5,2025-04-01,2026-03-31,mixed_or_unresolved_context,2025-08-07,SH.000300,2025-08-01,available,300,1.00001,0.0,,0,0.0,0.0002868610352766421,-0.0002868610352766421,0.0,0.0,0.0,1.0,20,0.327042,0.0,0.327042,0.0,0,0,1.00001,,银行,-0.148794,服饰,-0.00036700000000000003
strong_market_effective_participation_v1,baseline_2y_1y_5fold,5,2025-04-01,2026-03-31,mixed_or_unresolved_context,2025-08-08,SH.000300,2025-08-01,available,300,1.00001,0.0,,0,0.0,-0.002357418699433955,0.002357418699433955,0.0,0.0,0.0,1.0,20,0.327042,0.0,0.327042,0.0,0,0,1.00001,,银行,-0.148794,服饰,-0.00036700000000000003
strong_market_effective_participation_v1,baseline_2y_1y_5fold,5,2025-04-01,2026-03-31,mixed_or_unresolved_context,2025-08-11,SH.000300,2025-08-01,available,300,1.00001,0.0,,0,0.0,0.004272869229251297,-0.004272869229251297,0.0,0.0,0.0,1.0,20,0.327042,0.0,0.327042,0.0,0,0,1.00001,,银行,-0.148794,服饰,-0.00036700000000000003
strong_market_effective_participation_v1,baseline_2y_1y_5fold,5,2025-04-01,2026-03-31,mixed_or_unresolved_context,2025-08-12,SH.000300,2025-08-01,available,300,1.00001,0.0,,0,0.0,0.005171606618298075,-0.005171606618298075,0.0,0.0,0.0,1.0,20,0.327042,0.0,0.327042,0.0,0,0,1.00001,,银行,-0.148794,服饰,-0.00036700000000000003
strong_market_effective_participation_v1,baseline_2y_1y_5fold,5,2025-04-01,2026-03-31,mixed_or_unresolved_context,2025-08-13,SH.000300,2025-08-01,available,300,1.00001,0.0,,0,0.0,0.007903316497057,-0.007903316497057,0.0,0.0,0.0,1.0,20,0.327042,0.0,0.327042,0.0,0,0,1.00001,,银行,-0.148794,服饰,-0.00036700000000000003
strong_market_effective_participation_v1,baseline_2y_1y_5fold,5,2025-04-01,2026-03-31,mixed_or_unresolved_context,2025-08-14,SH.000300,2025-08-01,available,300,1.00001,0.0,,0,0.0,-0.0007829372357286424,0.0007829372357286424,0.0,0.0,0.0,1.0,20,0.327042,0.0,0.327042,0.0,0,0,1.00001,,银行,-0.148794,服饰,-0.00036700000000000003
strong_market_effective_participation_v1,baseline_2y_1y_5fold,5,2025-04-01,2026-03-31,mixed_or_unresolved_context,2025-08-15,SH.000300,2025-08-01,available,300,1.00001,0.0,,0,0.0,0.006958505359055511,-0.006958505359055511,0.0,0.0,0.0,1.0,20,0.327042,0.0,0.327042,0.0,0,0,1.00001,,银行,-0.148794,服饰,-0.00036700000000000003
strong_market_effective_participation_v1,baseline_2y_1y_5fold,5,2025-04-01,2026-03-31,mixed_or_unresolved_context,2025-08-18,SH.000300,2025-08-01,available,300,1.00001,0.0,,0,0.0,0.00881887515318791,-0.00881887515318791,0.0,0.0,0.0,1.0,20,0.327042,0.0,0.327042,0.0,0,0,1.00001,,银行,-0.148794,服饰,-0.00036700000000000003
strong_market_effective_participation_v1,baseline_2y_1y_5fold,5,2025-04-01,2026-03-31,mixed_or_unresolved_context,2025-08-19,SH.000300,2025-08-01,available,300,1.00001,0.0,,0,0.0,-0.0037835453518295648,0.0037835453518295648,0.0,0.0,0.0,1.0,20,0.327042,0.0,0.327042,0.0,0,0,1.00001,,银行,-0.148794,服饰,-0.00036700000000000003
strong_market_effective_participation_v1,baseline_2y_1y_5fold,5,2025-04-01,2026-03-31,mixed_or_unresolved_context,2025-08-20,SH.000300,2025-08-01,available,300,1.00001,0.0,,0,0.0,0.01137243480916883,-0.01137243480916883,0.0,0.0,0.0,1.0,20,0.327042,0.0,0.327042,0.0,0,0,1.00001,,银行,-0.148794,服饰,-0.00036700000000000003
strong_market_effective_participation_v1,baseline_2y_1y_5fold,5,2025-04-01,2026-03-31,mixed_or_unresolved_context,2025-08-21,SH.000300,2025-08-01,available,300,1.00001,0.0,,0,0.0,0.0039027016903123712,-0.0039027016903123712,0.0,0.0,0.0,1.0,20,0.327042,0.0,0.327042,0.0,0,0,1.00001,,银行,-0.148794,服饰,-0.00036700000000000003
strong_market_effective_participation_v1,baseline_2y_1y_5fold,5,2025-04-01,2026-03-31,mixed_or_unresolved_context,2025-08-22,SH.000300,2025-08-01,available,300,1.00001,0.0,,0,0.0,0.020972138980940302,-0.020972138980940302,0.0,0.0,0.0,1.0,20,0.327042,0.0,0.327042,0.0,0,0,1.00001,,银行,-0.148794,服饰,-0.00036700000000000003
strong_market_effective_participation_v1,baseline_2y_1y_5fold,5,2025-04-01,2026-03-31,mixed_or_unresolved_context,2025-08-25,SH.000300,2025-08-01,available,300,1.00001,0.0,,0,0.0,0.020835998172681558,-0.020835998172681558,0.0,0.0,0.0,1.0,20,0.327042,0.0,0.327042,0.0,0,0,1.00001,,银行,-0.148794,服饰,-0.00036700000000000003
strong_market_effective_participation_v1,baseline_2y_1y_5fold,5,2025-04-01,2026-03-31,mixed_or_unresolved_context,2025-08-26,SH.000300,2025-08-01,available,300,1.00001,0.0,,0,0.0,-0.003721007245112151,0.003721007245112151,0.0,0.0,0.0,1.0,20,0.327042,0.0,0.327042,0.0,0,0,1.00001,,银行,-0.148794,服饰,-0.00036700000000000003
strong_market_effective_participation_v1,baseline_2y_1y_5fold,5,2025-04-01,2026-03-31,mixed_or_unresolved_context,2025-08-27,SH.000300,2025-08-01,available,300,1.00001,0.0,,0,0.0,-0.014926144109383532,0.014926144109383532,0.0,0.0,0.0,1.0,20,0.327042,0.0,0.327042,0.0,0,0,1.00001,,银行,-0.148794,服饰,-0.00036700000000000003
strong_market_effective_participation_v1,baseline_2y_1y_5fold,5,2025-04-01,2026-03-31,mixed_or_unresolved_context,2025-08-28,SH.000300,2025-08-01,available,300,1.00001,0.0,,0,0.0,0.017703533638993685,-0.017703533638993685,0.0,0.0,0.0,1.0,20,0.327042,0.0,0.327042,0.0,0,0,1.00001,,银行,-0.148794,服饰,-0.00036700000000000003
strong_market_effective_participation_v1,baseline_2y_1y_5fold,5,2025-04-01,2026-03-31,mixed_or_unresolved_context,2025-08-29,SH.000300,2025-08-01,available,300,1.00001,0.0,,0,0.0,0.007388356953075714,-0.007388356953075714,0.0,0.0,0.0,1.0,20,0.327042,0.0,0.327042,0.0,0,0,1.00001,,银行,-0.148794,服饰,-0.00036700000000000003
strong_market_effective_participation_v1,baseline_2y_1y_5fold,5,2025-04-01,2026-03-31,mixed_or_unresolved_context,2025-09-01,SH.000300,2025-08-29,available,300,1.0000099999999998,0.0,0.0,0,0.0,0.0059932039957657,-0.0059932039957657,0.0,0.0,0.0,1.0,20,0.32981,0.0,0.32981,0.0,0,0,1.00001,,银行,-0.13153,服饰,-0.00034
strong_market_effective_participation_v1,baseline_2y_1y_5fold,5,2025-04-01,2026-03-31,mixed_or_unresolved_context,2025-09-02,SH.000300,2025-09-01,available,300,0.9999959999999999,0.6999999999999975,0.6999999999999998,31,-0.021467641355093513,-0.0073523722785059,-0.014115269076587613,0.48999999999999794,0.20999999999999958,0.15135200000000004,0.848648,20,0.32976600000000006,0.084079,0.24568700000000004,0.2549656423039367,22,9,0.9473899999999976,1.2473900000000002,银行,-0.129252,半导体,0.05500502626811181
strong_market_effective_participation_v1,baseline_2y_1y_5fold,5,2025-04-01,2026-03-31,mixed_or_unresolved_context,2025-09-03,SH.000300,2025-09-01,available,300,0.9999959999999999,0.6999999999999985,0.7000000000000001,33,-0.004649483612879437,-0.006818915698872,0.0021694320859925635,0.48999999999999877,0.20999999999999974,0.13781,0.86219,20,0.32976600000000006,0.054111,0.27565500000000004,0.1640890813485926,24,9,0.8726732981260773,1.0644607326587774,银行,-0.1096590926324671,元器件,0.0766628701709978
strong_market_effective_participation_v1,baseline_2y_1y_5fold,5,2025-04-01,2026-03-31,mixed_or_unresolved_context,2025-09-04,SH.000300,2025-09-01,available,300,0.9999959999999999,0.6075901999999999,0.6075902000000001,23,-0.029460769500073695,-0.0212160553204943,-0.008244714179579397,0.39759019999999984,0.21000000000000002,0.13583299999999998,0.864167,20,0.32976600000000006,0.08685599999999999,0.24291000000000007,0.26338676516075027,17,6,0.9366081999999999,1.2212007090252606,银行,-0.129252,电气设备,0.0863273999999999
strong_market_effective_participation_v1,baseline_2y_1y_5fold,5,2025-04-01,2026-03-31,mixed_or_unresolved_context,2025-09-05,SH.000300,2025-09-01,available,300,0.9999959999999999,0.0,,0,0.0,0.02178818430270235,-0.02178818430270235,0.0,0.0,0.0,1.0,20,0.32976600000000006,0.0,0.32976600000000006,0.0,0,0,0.999996,,银行,-0.129252,服饰,-0.000332
strong_market_effective_participation_v1,baseline_2y_1y_5fold,5,2025-04-01,2026-03-31,mixed_or_unresolved_context,2025-09-08,SH.000300,2025-09-01,available,300,0.9999959999999999,0.0,,0,0.0,0.0016254439143379429,-0.0016254439143379429,0.0,0.0,0.0,1.0,20,0.32976600000000006,0.0,0.32976600000000006,0.0,0,0,0.999996,,银行,-0.129252,服饰,-0.000332
strong_market_effective_participation_v1,baseline_2y_1y_5fold,5,2025-04-01,2026-03-31,mixed_or_unresolved_context,2025-09-09,SH.000300,2025-09-01,available,300,0.9999959999999999,0.0,,0,0.0,-0.007008284145519683,0.007008284145519683,0.0,0.0,0.0,1.0,20,0.32976600000000006,0.0,0.32976600000000006,0.0,0,0,0.999996,,银行,-0.129252,服饰,-0.000332
strong_market_effective_participation_v1,baseline_2y_1y_5fold,5,2025-04-01,2026-03-31,mixed_or_unresolved_context,2025-09-10,SH.000300,2025-09-01,available,300,0.9999959999999999,0.0,,0,0.0,0.0020512774273824252,-0.0020512774273824252,0.0,0.0,0.0,1.0,20,0.32976600000000006,0.0,0.32976600000000006,0.0,0,0,0.999996,,银行,-0.129252,服饰,-0.000332
strong_market_effective_participation_v1,baseline_2y_1y_5fold,5,2025-04-01,2026-03-31,mixed_or_unresolved_context,2025-09-11,SH.000300,2025-09-01,available,300,0.9999959999999999,0.0,,0,0.0,0.023095992225601547,-0.023095992225601547,0.0,0.0,0.0,1.0,20,0.32976600000000006,0.0,0.32976600000000006,0.0,0,0,0.999996,,银行,-0.129252,服饰,-0.000332
strong_market_effective_participation_v1,baseline_2y_1y_5fold,5,2025-04-01,2026-03-31,mixed_or_unresolved_context,2025-09-12,SH.000300,2025-09-01,available,300,0.9999959999999999,0.0,,0,0.0,-0.005723357145841157,0.005723357145841157,0.0,0.0,0.0,1.0,20,0.32976600000000006,0.0,0.32976600000000006,0.0,0,0,0.999996,,银行,-0.129252,服饰,-0.000332
strong_market_effective_participation_v1,baseline_2y_1y_5fold,5,2025-04-01,2026-03-31,mixed_or_unresolved_context,2025-09-15,SH.000300,2025-09-01,available,300,0.9999959999999999,0.0,,0,0.0,0.002445820433436552,-0.002445820433436552,0.0,0.0,0.0,1.0,20,0.32976600000000006,0.0,0.32976600000000006,0.0,0,0,0.999996,,银行,-0.129252,服饰,-0.000332
strong_market_effective_participation_v1,baseline_2y_1y_5fold,5,2025-04-01,2026-03-31,mixed_or_unresolved_context,2025-09-16,SH.000300,2025-09-01,available,300,0.9999959999999999,0.0,,0,0.0,-0.002144246932535676,0.002144246932535676,0.0,0.0,0.0,1.0,20,0.32976600000000006,0.0,0.32976600000000006,0.0,0,0,0.999996,,银行,-0.129252,服饰,-0.000332
strong_market_effective_participation_v1,baseline_2y_1y_5fold,5,2025-04-01,2026-03-31,mixed_or_unresolved_context,2025-09-17,SH.000300,2025-09-01,available,300,0.9999959999999999,0.0,,0,0.0,0.006119371968501319,-0.006119371968501319,0.0,0.0,0.0,1.0,20,0.32976600000000006,0.0,0.32976600000000006,0.0,0,0,0.999996,,银行,-0.129252,服饰,-0.000332
strong_market_effective_participation_v1,baseline_2y_1y_5fold,5,2025-04-01,2026-03-31,mixed_or_unresolved_context,2025-09-18,SH.000300,2025-09-01,available,300,0.9999959999999999,0.0,,0,0.0,-0.011625965168248209,0.011625965168248209,0.0,0.0,0.0,1.0,20,0.32976600000000006,0.0,0.32976600000000006,0.0,0,0,0.999996,,银行,-0.129252,服饰,-0.000332
strong_market_effective_participation_v1,baseline_2y_1y_5fold,5,2025-04-01,2026-03-31,mixed_or_unresolved_context,2025-09-19,SH.000300,2025-09-01,available,300,0.9999959999999999,0.0,,0,0.0,0.0008470224160814777,-0.0008470224160814777,0.0,0.0,0.0,1.0,20,0.32976600000000006,0.0,0.32976600000000006,0.0,0,0,0.999996,,银行,-0.129252,服饰,-0.000332
strong_market_effective_participation_v1,baseline_2y_1y_5fold,5,2025-04-01,2026-03-31,mixed_or_unresolved_context,2025-09-22,SH.000300,2025-09-01,available,300,0.9999959999999999,0.0,,0,0.0,0.004595816895902161,-0.004595816895902161,0.0,0.0,0.0,1.0,20,0.32976600000000006,0.0,0.32976600000000006,0.0,0,0,0.999996,,银行,-0.129252,服饰,-0.000332
strong_market_effective_participation_v1,baseline_2y_1y_5fold,5,2025-04-01,2026-03-31,mixed_or_unresolved_context,2025-09-23,SH.000300,2025-09-01,available,300,0.9999959999999999,0.0,0.0,0,0.0,-0.0006257448685603,0.0006257448685603,0.0,0.0,0.0,1.0,20,0.32976600000000006,0.0,0.32976600000000006,0.0,0,0,0.999996,,银行,-0.129252,服饰,-0.000332
strong_market_effective_participation_v1,baseline_2y_1y_5fold,5,2025-04-01,2026-03-31,mixed_or_unresolved_context,2025-09-24,SH.000300,2025-09-01,available,300,0.9999959999999999,0.5100000000000001,0.5100000000000001,20,0.0037363190171031003,0.0102416489298151,-0.006505329912712,0.3,0.21000000000000013,0.07440000000000001,0.9256,20,0.32976600000000006,0.009566,0.32020000000000004,0.029008448414936647,15,5,1.0067300000000001,1.4337286274509802,银行,-0.129252,元器件,0.09736500000000001
strong_market_effective_participation_v1,baseline_2y_1y_5fold,5,2025-04-01,2026-03-31,mixed_or_unresolved_context,2025-09-25,SH.000300,2025-09-01,available,300,0.9999959999999999,0.6100000000000001,0.6100000000000001,26,0.0020532054029625117,0.0060051641783853,-0.003951958775422789,0.4000000000000001,0.21000000000000002,0.095869,0.904131,20,0.32976600000000006,0.009566,0.32020000000000004,0.029008448414936647,20,6,1.016674,1.3821039999999998,银行,-0.129252,半导体,0.08366
strong_market_effective_participation_v1,baseline_2y_1y_5fold,5,2025-04-01,2026-03-31,mixed_or_unresolved_context,2025-09-26,SH.000300,2025-09-01,available,300,0.9999959999999999,0.6403204,0.6403204000000001,23,-0.016219240461359623,-0.0094568617761222,-0.0067623786852374235,0.43032039999999994,0.21000000000000008,0.12454499999999999,0.875455,20,0.32976600000000006,0.050178,0.27958800000000006,0.15216244245919833,19,4,1.0107583999999998,1.3330012734062509,银行,-0.129252,半导体,0.08116
strong_market_effective_participation_v1,baseline_2y_1y_5fold,5,2025-04-01,2026-03-31,mixed_or_unresolved_context,2025-09-29,SH.000300,2025-09-01,available,300,0.9999959999999999,0.3600000000000001,0.3600000000000001,12,0.006652546248740481,0.0153844463247656,-0.008731900076025118,0.19999999999999998,0.16000000000000011,0.04288,0.95712,20,0.32976600000000006,0.009566,0.32020000000000004,0.029008448414936647,10,2,0.9085880000000001,1.4216699999999998,银行,-0.129252,专用机械,0.079169
strong_market_effective_participation_v1,baseline_2y_1y_5fold,5,2025-04-01,2026-03-31,mixed_or_unresolved_context,2025-09-30,SH.000300,2025-09-01,available,300,0.9999959999999999,0.41010500000000005,0.410105,17,0.004970340646753649,0.0044674841181371,0.0005028565286165493,0.330105,0.08000000000000007,0.08257099999999999,0.917429,20,0.32976600000000006,0.026291000000000002,0.30347500000000005,0.07972623011468738,16,1,0.904319,1.3076540062423037,银行,-0.129252,专用机械,0.079169
strong_market_effective_participation_v1,baseline_2y_1y_5fold,5,2025-04-01,2026-03-31,mixed_or_unresolved_context,2025-10-09,SH.000300,2025-09-30,available,300,0.99999,0.6209214000000001,0.6209214000000001,25,0.0199225206891375,0.0148232267184404,0.0050992939706971,0.46092140000000015,0.15999999999999992,0.10712999999999999,0.89287,20,0.33319000000000004,0.01135,0.32184,0.03406464779855337,23,2,0.9775486,1.245249215965177,银行,-0.11835,半导体,0.10158
strong_market_effective_participation_v1,baseline_2y_1y_5fold,5,2025-04-01,2026-03-31,mixed_or_unresolved_context,2025-10-10,SH.000300,2025-10-09,available,300,1.000008,0.699999999999998,0.7000000000000001,27,-0.0238752590992822,-0.0196730849265736,-0.0042021741727086,0.48999999999999794,0.21000000000000002,0.127079,0.8729210000000001,20,0.33055199999999996,0.034526,0.29602599999999996,0.10444952685205355,24,3,0.9392709754661424,1.1412650660311234,银行,-0.116329,专用机械,0.06875600000000001
strong_market_effective_participation_v1,baseline_2y_1y_5fold,5,2025-04-01,2026-03-31,mixed_or_unresolved_context,2025-10-13,SH.000300,2025-10-09,available,300,1.000008,0.6999999999999997,0.7,24,0.0037009063665928875,-0.004949283382754,0.008650189749346887,0.4899999999999997,0.21000000000000002,0.160994,0.839006,20,0.33055199999999996,0.075811,0.25474099999999994,0.229346668602822,21,3,0.9479208500974298,1.1969195001391857,银行,-0.116329,半导体,0.1291353580463111
strong_market_effective_participation_v1,baseline_2y_1y_5fold,5,2025-04-01,2026-03-31,mixed_or_unresolved_context,2025-10-14,SH.000300,2025-10-09,available,300,1.000008,0.6261738000000001,0.6261738000000001,23,-0.024429102490866036,-0.0119547755976298,-0.012474326893236236,0.41617380000000004,0.21000000000000008,0.136013,0.8639870000000001,20,0.33055199999999996,0.07557,0.25498199999999993,0.22861758513032748,17,6,0.9415758000000001,1.267641943606711,银行,-0.116329,半导体,0.07095700000000002
strong_market_effective_participation_v1,baseline_2y_1y_5fold,5,2025-04-01,2026-03-31,mixed_or_unresolved_context,2025-10-15,SH.000300,2025-10-09,available,300,1.000008,0.671219,0.671219,24,0.009924623941210978,0.0148114367291904,-0.004886812787979422,0.46121900000000005,0.20999999999999996,0.158543,0.841457,20,0.33055199999999996,0.089484,0.24106799999999995,0.2707108110070428,19,5,0.9851466,1.3022660000000001,银行,-0.116329,半导体,0.10295699999999999
strong_market_effective_participation_v1,baseline_2y_1y_5fold,5,2025-04-01,2026-03-31,mixed_or_unresolved_context,2025-10-16,SH.000300,2025-10-09,available,300,1.000008,0.4383346,0.4383346,15,0.0009742723290828168,0.0026333556940618,-0.0016590833649789834,0.2783346,0.16000000000000003,0.071021,0.928979,20,0.33055199999999996,0.021297,0.30925499999999995,0.06442859217309228,13,2,0.8351326,1.1611830216989487,银行,-0.116329,航空,0.070821
strong_market_effective_participation_v1,baseline_2y_1y_5fold,5,2025-04-01,2026-03-31,mixed_or_unresolved_context,2025-10-17,SH.000300,2025-10-09,available,300,1.000008,0.37000000000000005,0.37,11,-0.013116605862706356,-0.0225596632614618,0.009443057398755445,0.16,0.21000000000000005,0.046238,0.953762,20,0.33055199999999996,0.0,0.33055199999999996,0.0,8,3,1.029186,1.2731476756756757,银行,-0.096329,软件服务,0.191287
strong_market_effective_participation_v1,baseline_2y_1y_5fold,5,2025-04-01,2026-03-31,mixed_or_unresolved_context,2025-10-20,SH.000300,2025-10-09,available,300,1.000008,0.19999999999999998,0.1999999999999999,7,0.001922643736386917,0.0053143060942841,-0.003391662357897183,0.12000000000000001,0.07999999999999997,0.033289,0.966711,20,0.33055199999999996,0.0,0.33055199999999996,0.0,6,1,0.815796,1.147502,银行,-0.096329,工程机械,0.0069370000000000005
strong_market_effective_participation_v1,baseline_2y_1y_5fold,5,2025-04-01,2026-03-31,mixed_or_unresolved_context,2025-10-21,SH.000300,2025-10-09,available,300,1.000008,0.0,0.0,0,0.0,0.0153474269647571,-0.0153474269647571,0.0,0.0,0.0,1.0,20,0.33055199999999996,0.0,0.33055199999999996,0.0,0,0,1.000008,,银行,-0.116329,服饰,-0.000322
strong_market_effective_participation_v1,baseline_2y_1y_5fold,5,2025-04-01,2026-03-31,mixed_or_unresolved_context,2025-10-22,SH.000300,2025-10-09,available,300,1.000008,0.250526,0.250526,9,-0.0013539382660015173,-0.0033204061746534,0.0019664679086518824,0.170526,0.08000000000000002,0.062442,0.937558,20,0.33055199999999996,0.038925999999999995,0.29162599999999994,0.11776059439967085,8,1,0.954758,1.4993839331965544,银行,-0.096329,软件服务,0.06128700000000001
strong_market_effective_participation_v1,baseline_2y_1y_5fold,5,2025-04-01,2026-03-31,mixed_or_unresolved_context,2025-10-23,SH.000300,2025-10-09,available,300,1.000008,0.06,0.06,3,-0.0008893578677893,0.0029983212014188,-0.0038876790692081,0.06,0.0,0.015344,0.984656,20,0.33055199999999996,0.0,0.33055199999999996,0.0,3,0,0.9668059999999999,1.652396,银行,-0.096329,石油开采,0.013399000000000001
strong_market_effective_participation_v1,baseline_2y_1y_5fold,5,2025-04-01,2026-03-31,mixed_or_unresolved_context,2025-10-24,SH.000300,2025-10-09,available,300,1.000008,0.06,0.06,3,0.00015891607380409998,0.0117967844318918,-0.0116378683580877,0.06,0.0,0.016727,0.983273,20,0.33055199999999996,0.010230999999999999,0.32032099999999997,0.030951257290834724,3,0,0.995432,1.742774,银行,-0.096329,铝,0.014313000000000001
strong_market_effective_participation_v1,baseline_2y_1y_5fold,5,2025-04-01,2026-03-31,mixed_or_unresolved_context,2025-10-27,SH.000300,2025-10-09,available,300,1.000008,0.1913268,0.1913268,9,0.00701468674112713,0.0118738038226182,-0.00485911708149107,0.1913268,0.0,0.081029,0.918971,20,0.33055199999999996,0.050734999999999995,0.279817,0.15348568455190106,9,0,0.8364832,1.3523256276987856,银行,-0.096329,石油开采,0.013399000000000001
strong_market_effective_participation_v1,baseline_2y_1y_5fold,5,2025-04-01,2026-03-31,mixed_or_unresolved_context,2025-10-28,SH.000300,2025-10-09,available,300,1.000008,0.6999999999999988,0.6999999999999998,26,-0.00021296722427798298,-0.0050996391024635,0.004886671878185517,0.48999999999999894,0.2099999999999999,0.183287,0.816713,20,0.33055199999999996,0.10351,0.22704199999999997,0.3131428640576975,22,4,0.8605908370281831,1.0563034278884553,银行,-0.07777403990438381,软件服务,0.086287
strong_market_effective_participation_v1,baseline_2y_1y_5fold,5,2025-04-01,2026-03-31,mixed_or_unresolved_context,2025-10-29,SH.000300,2025-10-09,available,300,1.000008,0.2650452,0.2650452,10,0.0012110939065311,0.0119075782666981,-0.010696484360167,0.1850452,0.07999999999999999,0.061426999999999995,0.938573,20,0.33055199999999996,0.035879,0.29467299999999996,0.10854268012294588,9,1,0.8988488,1.4093523451999885,银行,-0.096329,软件服务,0.06128700000000001
strong_market_effective_participation_v1,baseline_2y_1y_5fold,5,2025-04-01,2026-03-31,mixed_or_unresolved_context,2025-10-30,SH.000300,2025-10-09,available,300,1.000008,0.0,,0,0.0,-0.007988896003235268,0.007988896003235268,0.0,0.0,0.0,1.0,20,0.33055199999999996,0.0,0.33055199999999996,0.0,0,0,1.000008,,银行,-0.116329,服饰,-0.000322
strong_market_effective_participation_v1,baseline_2y_1y_5fold,5,2025-04-01,2026-03-31,mixed_or_unresolved_context,2025-10-31,SH.000300,2025-10-09,available,300,1.000008,0.0,,0,0.0,-0.014700917851933393,0.014700917851933393,0.0,0.0,0.0,1.0,20,0.33055199999999996,0.0,0.33055199999999996,0.0,0,0,1.000008,,银行,-0.116329,服饰,-0.000322
strong_market_effective_participation_v1,baseline_2y_1y_5fold,5,2025-04-01,2026-03-31,mixed_or_unresolved_context,2025-11-03,SH.000300,2025-10-31,available,300,1.00004,0.0,,0,0.0,0.002743138383035193,-0.002743138383035193,0.0,0.0,0.0,1.0,20,0.33358999999999994,0.0,0.33358999999999994,0.0,0,0,1.00004,,银行,-0.12358,服饰,-0.00035999999999999997
strong_market_effective_participation_v1,baseline_2y_1y_5fold,5,2025-04-01,2026-03-31,mixed_or_unresolved_context,2025-11-04,SH.000300,2025-11-03,available,300,0.9999909999999999,0.0,,0,0.0,-0.007456913224738848,0.007456913224738848,0.0,0.0,0.0,1.0,20,0.33400700000000005,0.0,0.33400700000000005,0.0,0,0,0.999991,,银行,-0.12523399999999998,服饰,-0.000363
strong_market_effective_participation_v1,baseline_2y_1y_5fold,5,2025-04-01,2026-03-31,mixed_or_unresolved_context,2025-11-05,SH.000300,2025-11-03,available,300,0.9999909999999999,0.0,,0,0.0,0.0018533353541041464,-0.0018533353541041464,0.0,0.0,0.0,1.0,20,0.33400700000000005,0.0,0.33400700000000005,0.0,0,0,0.999991,,银行,-0.12523399999999998,服饰,-0.000363
strong_market_effective_participation_v1,baseline_2y_1y_5fold,5,2025-04-01,2026-03-31,mixed_or_unresolved_context,2025-11-06,SH.000300,2025-11-03,available,300,0.9999909999999999,0.0,,0,0.0,0.014293556013709852,-0.014293556013709852,0.0,0.0,0.0,1.0,20,0.33400700000000005,0.0,0.33400700000000005,0.0,0,0,0.999991,,银行,-0.12523399999999998,服饰,-0.000363
strong_market_effective_participation_v1,baseline_2y_1y_5fold,5,2025-04-01,2026-03-31,mixed_or_unresolved_context,2025-11-07,SH.000300,2025-11-03,available,300,0.9999909999999999,0.0,,0,0.0,-0.003112881919290822,0.003112881919290822,0.0,0.0,0.0,1.0,20,0.33400700000000005,0.0,0.33400700000000005,0.0,0,0,0.999991,,银行,-0.12523399999999998,服饰,-0.000363
strong_market_effective_participation_v1,baseline_2y_1y_5fold,5,2025-04-01,2026-03-31,mixed_or_unresolved_context,2025-11-10,SH.000300,2025-11-03,available,300,0.9999909999999999,0.0,0.0,0,0.0,0.0034752574917873,-0.0034752574917873,0.0,0.0,0.0,1.0,20,0.33400700000000005,0.0,0.33400700000000005,0.0,0,0,0.999991,,银行,-0.12523399999999998,服饰,-0.000363
strong_market_effective_participation_v1,baseline_2y_1y_5fold,5,2025-04-01,2026-03-31,mixed_or_unresolved_context,2025-11-11,SH.000300,2025-11-03,available,300,0.9999909999999999,0.3124372,0.3124372000000001,13,-0.001258935484823581,-0.0091330230774965,0.007874087592672918,0.3124372,0.0,0.09562499999999999,0.904375,20,0.33400700000000005,0.051354,0.28265300000000004,0.1537512686859856,13,0,0.9606882,1.5073052719496909,银行,-0.12523399999999998,白酒,0.048023
strong_market_effective_participation_v1,baseline_2y_1y_5fold,5,2025-04-01,2026-03-31,mixed_or_unresolved_context,2025-11-12,SH.000300,2025-11-03,available,300,0.9999909999999999,0.12000000000000001,0.12,6,-0.002251362158728676,-0.0013456086084558,-0.0009057535502728759,0.12000000000000001,0.0,0.026185,0.973815,20,0.33400700000000005,0.0,0.33400700000000005,0.0,6,0,0.902103,1.5061749999999998,银行,-0.12523399999999998,化工原料,0.006395000000000001
strong_market_effective_participation_v1,baseline_2y_1y_5fold,5,2025-04-01,2026-03-31,mixed_or_unresolved_context,2025-11-13,SH.000300,2025-11-03,available,300,0.9999909999999999,0.2725454,0.2725454,9,-0.001979494189335247,0.0120880516411208,-0.014067545830456047,0.1925454,0.07999999999999999,0.06861400000000001,0.931386,20,0.33400700000000005,0.050626,0.28338100000000005,0.15157167364755825,8,1,0.89508,1.3344644609543952,银行,-0.08523399999999998,元器件,0.03354
strong_market_effective_participation_v1,baseline_2y_1y_5fold,5,2025-04-01,2026-03-31,mixed_or_unresolved_context,2025-11-14,SH.000300,2025-11-03,available,300,0.9999909999999999,0.40788740000000007,0.4078874,15,-0.008289673615433263,-0.0157228624839697,0.007433188868536436,0.40788740000000007,0.0,0.162912,0.837088,20,0.33400700000000005,0.11549300000000001,0.21851400000000004,0.34578017825973706,15,0,0.83592,1.301062439886596,银行,-0.12523399999999998,电气设备,0.025582800000000003
strong_market_effective_participation_v1,baseline_2y_1y_5fold,5,2025-04-01,2026-03-31,mixed_or_unresolved_context,2025-11-17,SH.000300,2025-11-03,available,300,0.9999909999999999,0.12000000000000001,0.12,6,0.0025419264800098,-0.0065015319329148,0.0090434584129246,0.12000000000000001,0.0,0.020234000000000002,0.979766,20,0.33400700000000005,0.0,0.33400700000000005,0.0,6,0,0.9644469999999999,1.6339789999999998,银行,-0.10523399999999998,互联网,0.016535
strong_market_effective_participation_v1,baseline_2y_1y_5fold,5,2025-04-01,2026-03-31,mixed_or_unresolved_context,2025-11-18,SH.000300,2025-11-03,available,300,0.9999909999999999,0.23976279999999997,0.2397628,7,-0.0024590128719407,-0.0064940572634052,0.0040350443914644995,0.23976279999999997,0.0,0.094598,0.905402,20,0.33400700000000005,0.07764599999999999,0.25636100000000006,0.2324681818045729,7,0,0.8607302,1.592133,银行,-0.12523399999999998,互联网,0.016535
strong_market_effective_participation_v1,baseline_2y_1y_5fold,5,2025-04-01,2026-03-31,mixed_or_unresolved_context,2025-11-19,SH.000300,2025-11-03,available,300,0.9999909999999999,0.18,0.18,9,0.0005315920242265082,0.0043999921194171,-0.0038684000951905917,0.18,0.0,0.039935,0.960065,20,0.33400700000000005,0.0,0.33400700000000005,0.0,9,0,0.951817,1.621815,银行,-0.12523399999999998,互联网,0.016535
strong_market_effective_participation_v1,baseline_2y_1y_5fold,5,2025-04-01,2026-03-31,mixed_or_unresolved_context,2025-11-20,SH.000300,2025-11-03,available,300,0.9999909999999999,0.0,,0,0.0,-0.005086862425871086,0.005086862425871086,0.0,0.0,0.0,1.0,20,0.33400700000000005,0.0,0.33400700000000005,0.0,0,0,0.999991,,银行,-0.12523399999999998,服饰,-0.000363
strong_market_effective_participation_v1,baseline_2y_1y_5fold,5,2025-04-01,2026-03-31,mixed_or_unresolved_context,2025-11-21,SH.000300,2025-11-03,available,300,0.9999909999999999,0.0,,0,0.0,-0.024390190473061124,0.024390190473061124,0.0,0.0,0.0,1.0,20,0.33400700000000005,0.0,0.33400700000000005,0.0,0,0,0.999991,,银行,-0.12523399999999998,服饰,-0.000363
strong_market_effective_participation_v1,baseline_2y_1y_5fold,5,2025-04-01,2026-03-31,mixed_or_unresolved_context,2025-11-24,SH.000300,2025-11-03,available,300,0.9999909999999999,0.0,,0,0.0,-0.0012484254346473156,0.0012484254346473156,0.0,0.0,0.0,1.0,20,0.33400700000000005,0.0,0.33400700000000005,0.0,0,0,0.999991,,银行,-0.12523399999999998,服饰,-0.000363
strong_market_effective_participation_v1,baseline_2y_1y_5fold,5,2025-04-01,2026-03-31,mixed_or_unresolved_context,2025-11-25,SH.000300,2025-11-03,available,300,0.9999909999999999,0.0,,0,0.0,0.009521026067602634,-0.009521026067602634,0.0,0.0,0.0,1.0,20,0.33400700000000005,0.0,0.33400700000000005,0.0,0,0,0.999991,,银行,-0.12523399999999998,服饰,-0.000363
strong_market_effective_participation_v1,baseline_2y_1y_5fold,5,2025-04-01,2026-03-31,mixed_or_unresolved_context,2025-11-26,SH.000300,2025-11-03,available,300,0.9999909999999999,0.0,,0,0.0,0.006064047746303425,-0.006064047746303425,0.0,0.0,0.0,1.0,20,0.33400700000000005,0.0,0.33400700000000005,0.0,0,0,0.999991,,银行,-0.12523399999999998,服饰,-0.000363
strong_market_effective_participation_v1,baseline_2y_1y_5fold,5,2025-04-01,2026-03-31,mixed_or_unresolved_context,2025-11-27,SH.000300,2025-11-03,available,300,0.9999909999999999,0.0,,0,0.0,-0.0004936216556027384,0.0004936216556027384,0.0,0.0,0.0,1.0,20,0.33400700000000005,0.0,0.33400700000000005,0.0,0,0,0.999991,,银行,-0.12523399999999998,服饰,-0.000363
strong_market_effective_participation_v1,baseline_2y_1y_5fold,5,2025-04-01,2026-03-31,mixed_or_unresolved_context,2025-11-28,SH.000300,2025-11-03,available,300,0.9999909999999999,0.0,,0,0.0,0.002493688266820282,-0.002493688266820282,0.0,0.0,0.0,1.0,20,0.33400700000000005,0.0,0.33400700000000005,0.0,0,0,0.999991,,银行,-0.12523399999999998,服饰,-0.000363
strong_market_effective_participation_v1,baseline_2y_1y_5fold,5,2025-04-01,2026-03-31,mixed_or_unresolved_context,2025-12-01,SH.000300,2025-11-28,available,300,0.9999199999999999,0.0,,0,0.0,0.011008116359523257,-0.011008116359523257,0.0,0.0,0.0,1.0,20,0.33791,0.0,0.33791,0.0,0,0,0.99992,,银行,-0.13109,服饰,-0.00037999999999999997
strong_market_effective_participation_v1,baseline_2y_1y_5fold,5,2025-04-01,2026-03-31,mixed_or_unresolved_context,2025-12-02,SH.000300,2025-12-01,available,300,1.000003,0.0,,0,0.0,-0.004842138844398214,0.004842138844398214,0.0,0.0,0.0,1.0,20,0.337492,0.0,0.337492,0.0,0,0,1.000003,,银行,-0.130541,服饰,-0.000394
strong_market_effective_participation_v1,baseline_2y_1y_5fold,5,2025-04-01,2026-03-31,mixed_or_unresolved_context,2025-12-03,SH.000300,2025-12-01,available,300,1.000003,0.0,,0,0.0,-0.005111619052637795,0.005111619052637795,0.0,0.0,0.0,1.0,20,0.337492,0.0,0.337492,0.0,0,0,1.000003,,银行,-0.130541,服饰,-0.000394
strong_market_effective_participation_v1,baseline_2y_1y_5fold,5,2025-04-01,2026-03-31,mixed_or_unresolved_context,2025-12-04,SH.000300,2025-12-01,available,300,1.000003,0.0,,0,0.0,0.0034252546319284427,-0.0034252546319284427,0.0,0.0,0.0,1.0,20,0.337492,0.0,0.337492,0.0,0,0,1.000003,,银行,-0.130541,服饰,-0.000394
strong_market_effective_participation_v1,baseline_2y_1y_5fold,5,2025-04-01,2026-03-31,mixed_or_unresolved_context,2025-12-05,SH.000300,2025-12-01,available,300,1.000003,0.0,,0,0.0,0.008351350578568173,-0.008351350578568173,0.0,0.0,0.0,1.0,20,0.337492,0.0,0.337492,0.0,0,0,1.000003,,银行,-0.130541,服饰,-0.000394
strong_market_effective_participation_v1,baseline_2y_1y_5fold,5,2025-04-01,2026-03-31,mixed_or_unresolved_context,2025-12-08,SH.000300,2025-12-01,available,300,1.000003,0.0,,0,0.0,0.008116408625510996,-0.008116408625510996,0.0,0.0,0.0,1.0,20,0.337492,0.0,0.337492,0.0,0,0,1.000003,,银行,-0.130541,服饰,-0.000394
strong_market_effective_participation_v1,baseline_2y_1y_5fold,5,2025-04-01,2026-03-31,mixed_or_unresolved_context,2025-12-09,SH.000300,2025-12-01,available,300,1.000003,0.0,,0,0.0,-0.005091145129009544,0.005091145129009544,0.0,0.0,0.0,1.0,20,0.337492,0.0,0.337492,0.0,0,0,1.000003,,银行,-0.130541,服饰,-0.000394
strong_market_effective_participation_v1,baseline_2y_1y_5fold,5,2025-04-01,2026-03-31,mixed_or_unresolved_context,2025-12-10,SH.000300,2025-12-01,available,300,1.000003,0.0,,0,0.0,-0.0013896681759464347,0.0013896681759464347,0.0,0.0,0.0,1.0,20,0.337492,0.0,0.337492,0.0,0,0,1.000003,,银行,-0.130541,服饰,-0.000394
strong_market_effective_participation_v1,baseline_2y_1y_5fold,5,2025-04-01,2026-03-31,mixed_or_unresolved_context,2025-12-11,SH.000300,2025-12-01,available,300,1.000003,0.0,,0,0.0,-0.008634901553411067,0.008634901553411067,0.0,0.0,0.0,1.0,20,0.337492,0.0,0.337492,0.0,0,0,1.000003,,银行,-0.130541,服饰,-0.000394
strong_market_effective_participation_v1,baseline_2y_1y_5fold,5,2025-04-01,2026-03-31,mixed_or_unresolved_context,2025-12-12,SH.000300,2025-12-01,available,300,1.000003,0.0,,0,0.0,0.006320048855712912,-0.006320048855712912,0.0,0.0,0.0,1.0,20,0.337492,0.0,0.337492,0.0,0,0,1.000003,,银行,-0.130541,服饰,-0.000394
strong_market_effective_participation_v1,baseline_2y_1y_5fold,5,2025-04-01,2026-03-31,mixed_or_unresolved_context,2025-12-15,SH.000300,2025-12-01,available,300,1.000003,0.0,,0,0.0,-0.00630655213438247,0.00630655213438247,0.0,0.0,0.0,1.0,20,0.337492,0.0,0.337492,0.0,0,0,1.000003,,银行,-0.130541,服饰,-0.000394
strong_market_effective_participation_v1,baseline_2y_1y_5fold,5,2025-04-01,2026-03-31,mixed_or_unresolved_context,2025-12-16,SH.000300,2025-12-01,available,300,1.000003,0.0,,0,0.0,-0.011974798223222116,0.011974798223222116,0.0,0.0,0.0,1.0,20,0.337492,0.0,0.337492,0.0,0,0,1.000003,,银行,-0.130541,服饰,-0.000394
strong_market_effective_participation_v1,baseline_2y_1y_5fold,5,2025-04-01,2026-03-31,mixed_or_unresolved_context,2025-12-17,SH.000300,2025-12-01,available,300,1.000003,0.0,,0,0.0,0.01830552189525414,-0.01830552189525414,0.0,0.0,0.0,1.0,20,0.337492,0.0,0.337492,0.0,0,0,1.000003,,银行,-0.130541,服饰,-0.000394
strong_market_effective_participation_v1,baseline_2y_1y_5fold,5,2025-04-01,2026-03-31,mixed_or_unresolved_context,2025-12-18,SH.000300,2025-12-01,available,300,1.000003,0.0,,0,0.0,-0.005915002139794123,0.005915002139794123,0.0,0.0,0.0,1.0,20,0.337492,0.0,0.337492,0.0,0,0,1.000003,,银行,-0.130541,服饰,-0.000394
strong_market_effective_participation_v1,baseline_2y_1y_5fold,5,2025-04-01,2026-03-31,mixed_or_unresolved_context,2025-12-19,SH.000300,2025-12-01,available,300,1.000003,0.0,,0,0.0,0.003380344799562618,-0.003380344799562618,0.0,0.0,0.0,1.0,20,0.337492,0.0,0.337492,0.0,0,0,1.000003,,银行,-0.130541,服饰,-0.000394
strong_market_effective_participation_v1,baseline_2y_1y_5fold,5,2025-04-01,2026-03-31,mixed_or_unresolved_context,2025-12-22,SH.000300,2025-12-01,available,300,1.000003,0.0,0.0,0,0.0,0.0095092575161224,-0.0095092575161224,0.0,0.0,0.0,1.0,20,0.337492,0.0,0.337492,0.0,0,0,1.000003,,银行,-0.130541,服饰,-0.000394
strong_market_effective_participation_v1,baseline_2y_1y_5fold,5,2025-04-01,2026-03-31,mixed_or_unresolved_context,2025-12-23,SH.000300,2025-12-01,available,300,1.000003,0.29658140000000005,0.2965814,11,0.0003346782167357612,0.001975444637676,-0.0016407664209402387,0.21658139999999998,0.08000000000000007,0.059018,0.940982,20,0.337492,0.020323,0.31716900000000003,0.060217723679376105,10,1,0.8246544,1.4324669999999997,银行,-0.130541,通信设备,0.024953000000000003
strong_market_effective_participation_v1,baseline_2y_1y_5fold,5,2025-04-01,2026-03-31,mixed_or_unresolved_context,2025-12-24,SH.000300,2025-12-01,available,300,1.000003,0.18320319999999998,0.1832032,7,2.2130800013658923e-05,0.0028848255578666,-0.002862694757852941,0.18320319999999998,0.0,0.070346,0.929654,20,0.337492,0.046224,0.291268,0.1369632465362142,7,0,0.9505062,1.6169490000000002,银行,-0.130541,保险,0.029460799999999995
strong_market_effective_participation_v1,baseline_2y_1y_5fold,5,2025-04-01,2026-03-31,mixed_or_unresolved_context,2025-12-25,SH.000300,2025-12-01,available,300,1.000003,0.18,0.18,6,-0.0009658665351101434,0.0018299288313055,-0.0027957953664156433,0.1,0.07999999999999999,0.019960000000000002,0.98004,20,0.337492,0.0,0.337492,0.0,5,1,0.881185,1.4343510000000002,银行,-0.130541,通信设备,0.024953000000000003
strong_market_effective_participation_v1,baseline_2y_1y_5fold,5,2025-04-01,2026-03-31,mixed_or_unresolved_context,2025-12-26,SH.000300,2025-12-01,available,300,1.000003,0.1266218,0.1266218,5,-0.0003804855413642,0.0031663701335906,-0.0035468556749547997,0.1266218,0.0,0.040297,0.959703,20,0.337492,0.025901,0.311591,0.07674552285683808,5,0,0.9344828,1.7313869999999998,银行,-0.130541,保险,0.029460799999999995
strong_market_effective_participation_v1,baseline_2y_1y_5fold,5,2025-04-01,2026-03-31,mixed_or_unresolved_context,2025-12-29,SH.000300,2025-12-01,available,300,1.000003,0.2032032,0.2032032,8,-0.0040255607867311395,-0.0038370365280724,-0.00018852425865873964,0.2032032,0.0,0.07667700000000001,0.923323,20,0.337492,0.046224,0.291268,0.1369632465362142,8,0,0.9095022,1.562857,银行,-0.130541,小金属,0.02109
strong_market_effective_participation_v1,baseline_2y_1y_5fold,5,2025-04-01,2026-03-31,mixed_or_unresolved_context,2025-12-30,SH.000300,2025-12-01,available,300,1.000003,0.28256440000000005,0.2825644,10,0.0026212494765420905,0.0025671589030407,5.40905735013906e-05,0.2025644,0.08000000000000004,0.06364199999999999,0.936358,20,0.337492,0.034758,0.302734,0.10298910788996479,9,1,0.9165014,1.5019944821541567,银行,-0.10455799999999998,通信设备,0.024953000000000003
strong_market_effective_participation_v1,baseline_2y_1y_5fold,5,2025-04-01,2026-03-31,mixed_or_unresolved_context,2025-12-31,SH.000300,2025-12-01,available,300,1.000003,0.34421460000000004,0.3442146000000001,12,-3.421832231873391e-05,-0.0045879843827936,0.0045537660604748655,0.26421459999999997,0.08000000000000007,0.090855,0.909145,20,0.337492,0.057897000000000004,0.27959500000000004,0.17155073305441315,11,1,0.8084048,1.315957,银行,-0.130541,小金属,0.02109
strong_market_effective_participation_v1,baseline_2y_1y_5fold,5,2025-04-01,2026-03-31,mixed_or_unresolved_context,2026-01-05,SH.000300,2025-12-31,available,300,0.99997,0.218543,0.218543,10,0.006003145717920801,0.0189656885402402,-0.0129625428223194,0.218543,0.0,0.0801,0.9198999999999999,20,0.33671999999999996,0.043930000000000004,0.29278999999999994,0.13046448087431697,10,0,0.8629698,1.4458038866035519,银行,-0.0993398,石油开采,0.01214
strong_market_effective_participation_v1,baseline_2y_1y_5fold,5,2025-04-01,2026-03-31,mixed_or_unresolved_context,2026-01-06,SH.000300,2026-01-05,available,300,1.000001,0.0,0.0,0,0.0,0.0154607598961369,-0.0154607598961369,0.0,0.0,0.0,1.0,20,0.33813400000000005,0.0,0.33813400000000005,0.0,0,0,1.000001,,银行,-0.117647,服饰,-0.000349
strong_market_effective_participation_v1,baseline_2y_1y_5fold,5,2025-04-01,2026-03-31,mixed_or_unresolved_context,2026-01-07,SH.000300,2026-01-05,available,300,1.000001,0.489999999999998,0.49,22,0.0003599658332028165,-0.0029265095424666,0.0032864753756694167,0.489999999999998,0.0,0.16650900000000005,0.833491,20,0.33813400000000005,0.08766100000000002,0.25047300000000006,0.2592492917009233,22,0,0.8091419059385639,1.2319212780724,银行,-0.0932112581277381,保险,0.04941700827504909
strong_market_effective_participation_v1,baseline_2y_1y_5fold,5,2025-04-01,2026-03-31,mixed_or_unresolved_context,2026-01-08,SH.000300,2026-01-05,available,300,1.000001,0.5756944000000002,0.5756944000000002,20,-0.0016251787708654296,-0.0081688707823651,0.00654369201149967,0.36569440000000003,0.21000000000000013,0.108541,0.891459,20,0.33813400000000005,0.047608,0.29052600000000006,0.1407962523733194,17,3,0.9791758,1.2213759596702694,银行,-0.0927314,软件服务,0.09094000000000002
strong_market_effective_participation_v1,baseline_2y_1y_5fold,5,2025-04-01,2026-03-31,mixed_or_unresolved_context,2026-01-09,SH.000300,2026-01-05,available,300,1.000001,0.519333,0.519333,18,0.00366133735335797,0.004489567612635,-0.0008282302592770301,0.359333,0.16000000000000003,0.12300800000000002,0.876992,20,0.33813400000000005,0.055185,0.28294900000000006,0.16320452838223898,16,2,0.8934468,1.220326819657137,银行,-0.0927314,专用机械,0.079059
strong_market_effective_participation_v1,baseline_2y_1y_5fold,5,2025-04-01,2026-03-31,mixed_or_unresolved_context,2026-01-12,SH.000300,2026-01-05,available,300,1.000001,0.6999999999999997,0.7,25,0.015393535367582607,0.0065140830272414,0.008879452340341206,0.48999999999999955,0.2100000000000002,0.15562,0.84438,20,0.33813400000000005,0.06399,0.27414400000000005,0.18924450070090554,22,3,0.76447137427047,0.9791175346721004,银行,-0.117647,软件服务,0.0905214064323824
strong_market_effective_participation_v1,baseline_2y_1y_5fold,5,2025-04-01,2026-03-31,mixed_or_unresolved_context,2026-01-13,SH.000300,2026-01-05,available,300,1.000001,0.6999999999999992,0.7000000000000001,26,-0.012505980014077088,-0.0060314159735445,-0.006474564040532588,0.4899999999999991,0.21000000000000008,0.151708,0.848292,20,0.33813400000000005,0.09089900000000001,0.24723500000000004,0.26882537692157543,21,5,0.9596291830616919,1.213105327000891,银行,-0.117647,软件服务,0.12023592774844102
strong_market_effective_participation_v1,baseline_2y_1y_5fold,5,2025-04-01,2026-03-31,mixed_or_unresolved_context,2026-01-14,SH.000300,2026-01-05,available,300,1.000001,0.6999999999999995,0.7,32,0.00985241177654962,-0.0040117369560787,0.013864148732628319,0.4899999999999996,0.2099999999999999,0.12274800000000001,0.877252,20,0.33813400000000005,0.04412300000000001,0.294011,0.1304896875203322,24,8,0.9521511352926856,1.1514370966376328,银行,-0.117647,软件服务,0.0920928985304855
strong_market_effective_participation_v1,baseline_2y_1y_5fold,5,2025-04-01,2026-03-31,mixed_or_unresolved_context,2026-01-15,SH.000300,2026-01-05,available,300,1.000001,0.5304894000000001,0.5304894000000001,23,0.002063847326596117,0.0020034036774057,6.0443649190417004e-05,0.32048940000000004,0.21000000000000008,0.07725399999999999,0.9227460000000001,20,0.33813400000000005,0.011383,0.32675100000000007,0.03366416864320062,16,7,0.9060324000000001,1.2516357475647957,银行,-0.117647,软件服务,0.04094
strong_market_effective_participation_v1,baseline_2y_1y_5fold,5,2025-04-01,2026-03-31,mixed_or_unresolved_context,2026-01-16,SH.000300,2026-01-05,available,300,1.000001,0.4984362,0.4984362,18,0.0010306479237304081,-0.0041166554068986,0.005147303330629008,0.2884362,0.21000000000000002,0.081775,0.918225,20,0.33813400000000005,0.026909000000000002,0.31122500000000003,0.07958087622066991,13,5,1.0052808,1.4317860069942754,银行,-0.117647,软件服务,0.08494000000000002
strong_market_effective_participation_v1,baseline_2y_1y_5fold,5,2025-04-01,2026-03-31,mixed_or_unresolved_context,2026-01-19,SH.000300,2026-01-05,available,300,1.000001,0.6999999999999995,0.7,29,0.005122967754267697,0.0005473523152581,0.004575615439009597,0.48999999999999944,0.21000000000000008,0.13143000000000002,0.86857,20,0.33813400000000005,0.049556,0.28857800000000006,0.14655728202428622,23,6,0.9844163632280227,1.2101467391614467,银行,-0.117647,半导体,0.11169907388048078
strong_market_effective_participation_v1,baseline_2y_1y_5fold,5,2025-04-01,2026-03-31,mixed_or_unresolved_context,2026-01-20,SH.000300,2026-01-05,available,300,1.000001,0.55,0.55,21,-0.0023469494460164643,-0.0032907660007688,0.0009438165547523357,0.34,0.21000000000000002,0.078574,0.921426,20,0.33813400000000005,0.0,0.33813400000000005,0.0,17,4,0.812129,1.129251,银行,-0.117647,半导体,0.058724
strong_market_effective_participation_v1,baseline_2y_1y_5fold,5,2025-04-01,2026-03-31,mixed_or_unresolved_context,2026-01-21,SH.000300,2026-01-05,available,300,1.000001,0.39,0.39,13,0.0147448220630482,0.000887922557895,0.0138568995051532,0.18,0.21000000000000002,0.041518,0.9584820000000001,20,0.33813400000000005,0.0,0.33813400000000005,0.0,9,4,0.922833,1.5315249999999998,银行,-0.117647,半导体,0.07122399999999998
strong_market_effective_participation_v1,baseline_2y_1y_5fold,5,2025-04-01,2026-03-31,mixed_or_unresolved_context,2026-01-22,SH.000300,2026-01-05,available,300,1.000001,0.4507646,0.4507646,15,0.0062580714192128585,0.0001355050846165,0.006122566334596359,0.24076459999999997,0.21000000000000005,0.063034,0.936966,20,0.33813400000000005,0.022647,0.3154870000000001,0.06697640580361632,11,4,1.0281176,1.5286148870248462,银行,-0.117647,半导体,0.13122399999999998
strong_market_effective_participation_v1,baseline_2y_1y_5fold,5,2025-04-01,2026-03-31,mixed_or_unresolved_context,2026-01-23,SH.000300,2026-01-05,available,300,1.000001,0.39000000000000007,0.39,12,0.0007287487876937351,-0.0044901147614904,0.0052188635491841355,0.18,0.21000000000000008,0.033815,0.966185,20,0.33813400000000005,0.0,0.33813400000000005,0.0,9,3,1.0328950000000001,1.5349268974358974,银行,-0.117647,半导体,0.166224
strong_market_effective_participation_v1,baseline_2y_1y_5fold,5,2025-04-01,2026-03-31,mixed_or_unresolved_context,2026-01-26,SH.000300,2026-01-05,available,300,1.000001,0.5307646,0.5307646,19,-0.0048988643866272105,0.0009484316852736,-0.00584729607190081,0.3207646,0.21000000000000002,0.078729,0.921271,20,0.33813400000000005,0.022647,0.3154870000000001,0.06697640580361632,15,4,0.9335416,1.3292740236447569,银行,-0.117647,半导体,0.07122400000000001
strong_market_effective_participation_v1,baseline_2y_1y_5fold,5,2025-04-01,2026-03-31,mixed_or_unresolved_context,2026-01-27,SH.000300,2026-01-05,available,300,1.000001,0.0,,0,0.0,-0.00026981321277441683,0.00026981321277441683,0.0,0.0,0.0,1.0,20,0.33813400000000005,0.0,0.33813400000000005,0.0,0,0,1.000001,,银行,-0.117647,服饰,-0.000349
strong_market_effective_participation_v1,baseline_2y_1y_5fold,5,2025-04-01,2026-03-31,mixed_or_unresolved_context,2026-01-28,SH.000300,2026-01-05,available,300,1.000001,0.0,0.0,0,0.0,0.0026138568413984,-0.0026138568413984,0.0,0.0,0.0,1.0,20,0.33813400000000005,0.0,0.33813400000000005,0.0,0,0,1.000001,,银行,-0.117647,服饰,-0.000349
strong_market_effective_participation_v1,baseline_2y_1y_5fold,5,2025-04-01,2026-03-31,mixed_or_unresolved_context,2026-01-29,SH.000300,2026-01-05,available,300,1.000001,0.42076460000000004,0.4207646,17,-0.007617427139238158,0.0076049334568322,-0.015222360596070357,0.3407646,0.08000000000000007,0.09682299999999999,0.903177,20,0.33813400000000005,0.032740000000000005,0.30539400000000005,0.09682551887713155,16,1,0.9814636,1.4505689367770005,银行,-0.117647,半导体,0.10622399999999999
strong_market_effective_participation_v1,baseline_2y_1y_5fold,5,2025-04-01,2026-03-31,mixed_or_unresolved_context,2026-01-30,SH.000300,2026-01-05,available,300,1.000001,0.532424,0.532424,17,-0.00017459077661038545,-0.0099981699120925,0.009823579135482114,0.32242400000000004,0.20999999999999996,0.091834,0.908166,20,0.33813400000000005,0.03468,0.30345400000000006,0.10256288926875144,14,3,0.960195,1.4055010000000001,银行,-0.117647,半导体,0.14622400000000002
strong_market_effective_participation_v1,baseline_2y_1y_5fold,5,2025-04-01,2026-03-31,mixed_or_unresolved_context,2026-02-02,SH.000300,2026-01-30,available,300,0.99994,0.36920080000000005,0.3692008,10,-0.024651128858527948,-0.0213244261995522,-0.0033267026589757463,0.20920080000000002,0.16000000000000003,0.08169,0.91831,20,0.32594000000000006,0.05381999999999999,0.2721200000000001,0.16512241516843584,8,2,0.9056608,1.5350599999999999,银行,-0.10962,半导体,0.07991000000000001
strong_market_effective_participation_v1,baseline_2y_1y_5fold,5,2025-04-01,2026-03-31,mixed_or_unresolved_context,2026-02-03,SH.000300,2026-02-02,available,300,1.0000010000000001,0.089214,0.089214,4,0.0033809256176928005,0.011752113556724,-0.008371187939031199,0.089214,0.0,0.035318,0.964682,20,0.32718800000000003,0.01736,0.30982800000000005,0.05305818061787107,4,0,0.919441,1.680609,银行,-0.112279,化工原料,0.004327000000000001
strong_market_effective_participation_v1,baseline_2y_1y_5fold,5,2025-04-01,2026-03-31,mixed_or_unresolved_context,2026-02-04,SH.000300,2026-02-02,available,300,1.0000010000000001,0.0,,0,0.0,0.008276628663272056,-0.008276628663272056,0.0,0.0,0.0,1.0,20,0.32718800000000003,0.0,0.32718800000000003,0.0,0,0,1.000001,,银行,-0.112279,服饰,-0.00034
strong_market_effective_participation_v1,baseline_2y_1y_5fold,5,2025-04-01,2026-03-31,mixed_or_unresolved_context,2026-02-05,SH.000300,2026-02-02,available,300,1.0000010000000001,0.0,,0,0.0,-0.0060144551235666865,0.0060144551235666865,0.0,0.0,0.0,1.0,20,0.32718800000000003,0.0,0.32718800000000003,0.0,0,0,1.000001,,银行,-0.112279,服饰,-0.00034
strong_market_effective_participation_v1,baseline_2y_1y_5fold,5,2025-04-01,2026-03-31,mixed_or_unresolved_context,2026-02-06,SH.000300,2026-02-02,available,300,1.0000010000000001,0.0,,0,0.0,-0.005742524226943102,0.005742524226943102,0.0,0.0,0.0,1.0,20,0.32718800000000003,0.0,0.32718800000000003,0.0,0,0,1.000001,,银行,-0.112279,服饰,-0.00034
strong_market_effective_participation_v1,baseline_2y_1y_5fold,5,2025-04-01,2026-03-31,mixed_or_unresolved_context,2026-02-09,SH.000300,2026-02-02,available,300,1.0000010000000001,0.0,,0,0.0,0.0162503230252391,-0.0162503230252391,0.0,0.0,0.0,1.0,20,0.32718800000000003,0.0,0.32718800000000003,0.0,0,0,1.000001,,银行,-0.112279,服饰,-0.00034
strong_market_effective_participation_v1,baseline_2y_1y_5fold,5,2025-04-01,2026-03-31,mixed_or_unresolved_context,2026-02-10,SH.000300,2026-02-02,available,300,1.0000010000000001,0.0,,0,0.0,0.001110390628642044,-0.001110390628642044,0.0,0.0,0.0,1.0,20,0.32718800000000003,0.0,0.32718800000000003,0.0,0,0,1.000001,,银行,-0.112279,服饰,-0.00034
strong_market_effective_participation_v1,baseline_2y_1y_5fold,5,2025-04-01,2026-03-31,mixed_or_unresolved_context,2026-02-11,SH.000300,2026-02-02,available,300,1.0000010000000001,0.0,,0,0.0,-0.0022183180577017847,0.0022183180577017847,0.0,0.0,0.0,1.0,20,0.32718800000000003,0.0,0.32718800000000003,0.0,0,0,1.000001,,银行,-0.112279,服饰,-0.00034
strong_market_effective_participation_v1,baseline_2y_1y_5fold,5,2025-04-01,2026-03-31,mixed_or_unresolved_context,2026-02-12,SH.000300,2026-02-02,available,300,1.0000010000000001,0.0,,0,0.0,0.001221938894569563,-0.001221938894569563,0.0,0.0,0.0,1.0,20,0.32718800000000003,0.0,0.32718800000000003,0.0,0,0,1.000001,,银行,-0.112279,服饰,-0.00034
strong_market_effective_participation_v1,baseline_2y_1y_5fold,5,2025-04-01,2026-03-31,mixed_or_unresolved_context,2026-02-13,SH.000300,2026-02-02,available,300,1.0000010000000001,0.0,,0,0.0,-0.012537132541454943,0.012537132541454943,0.0,0.0,0.0,1.0,20,0.32718800000000003,0.0,0.32718800000000003,0.0,0,0,1.000001,,银行,-0.112279,服饰,-0.00034
strong_market_effective_participation_v1,baseline_2y_1y_5fold,5,2025-04-01,2026-03-31,mixed_or_unresolved_context,2026-02-24,SH.000300,2026-02-02,available,300,1.0000010000000001,0.0,,0,0.0,0.010112844148905342,-0.010112844148905342,0.0,0.0,0.0,1.0,20,0.32718800000000003,0.0,0.32718800000000003,0.0,0,0,1.000001,,银行,-0.112279,服饰,-0.00034
strong_market_effective_participation_v1,baseline_2y_1y_5fold,5,2025-04-01,2026-03-31,mixed_or_unresolved_context,2026-02-25,SH.000300,2026-02-02,available,300,1.0000010000000001,0.0,,0,0.0,0.006022253661147836,-0.006022253661147836,0.0,0.0,0.0,1.0,20,0.32718800000000003,0.0,0.32718800000000003,0.0,0,0,1.000001,,银行,-0.112279,服饰,-0.00034
strong_market_effective_participation_v1,baseline_2y_1y_5fold,5,2025-04-01,2026-03-31,mixed_or_unresolved_context,2026-02-26,SH.000300,2026-02-02,available,300,1.0000010000000001,0.0,0.0,0,0.0,-0.0019046050478369,0.0019046050478369,0.0,0.0,0.0,1.0,20,0.32718800000000003,0.0,0.32718800000000003,0.0,0,0,1.000001,,银行,-0.112279,服饰,-0.00034
strong_market_effective_participation_v1,baseline_2y_1y_5fold,5,2025-04-01,2026-03-31,mixed_or_unresolved_context,2026-02-27,SH.000300,2026-02-02,available,300,1.0000010000000001,0.35000000000000003,0.35,11,-0.0004262878860056508,-0.0034314461789726,0.0030051582929669493,0.14,0.21000000000000002,0.029211000000000004,0.970789,20,0.32718800000000003,0.0,0.32718800000000003,0.0,7,4,1.006289,1.6259949999999999,银行,-0.112279,汽车配件,0.057168
strong_market_effective_participation_v1,baseline_2y_1y_5fold,5,2025-04-01,2026-03-31,mixed_or_unresolved_context,2026-03-02,SH.000300,2026-02-27,available,300,1.00001,0.29000000000000004,0.29,10,-0.00030659785612144823,0.0038253744175433,-0.004131972273664748,0.08,0.21000000000000002,0.021590000000000005,0.97841,20,0.31415,0.0,0.31415,0.0,4,6,0.9813500000000001,1.63685,银行,-0.10894,软件服务,0.04959000000000001
strong_market_effective_participation_v1,baseline_2y_1y_5fold,5,2025-04-01,2026-03-31,mixed_or_unresolved_context,2026-03-03,SH.000300,2026-03-02,available,300,1.0000019999999998,0.0,0.0,0,0.0,-0.0153891051817953,0.0153891051817953,0.0,0.0,0.0,1.0,20,0.314828,0.0,0.314828,0.0,0,0,1.000002,,银行,-0.109123,服饰,-0.00032300000000000004
strong_market_effective_participation_v1,baseline_2y_1y_5fold,5,2025-04-01,2026-03-31,mixed_or_unresolved_context,2026-03-04,SH.000300,2026-03-02,available,300,1.0000019999999998,0.24000000000000002,0.24,9,0.000129990606419732,-0.0114435447496723,0.011573535356092032,0.16,0.08000000000000002,0.051947,0.948053,20,0.314828,0.010190999999999999,0.304637,0.03237005603059448,8,1,0.982022,1.702472,银行,-0.109123,普钢,0.074618
strong_market_effective_participation_v1,baseline_2y_1y_5fold,5,2025-04-01,2026-03-31,mixed_or_unresolved_context,2026-03-05,SH.000300,2026-03-02,available,300,1.0000019999999998,0.0,,0,0.0,0.00979224876266116,-0.00979224876266116,0.0,0.0,0.0,1.0,20,0.314828,0.0,0.314828,0.0,0,0,1.000002,,银行,-0.109123,服饰,-0.00032300000000000004
strong_market_effective_participation_v1,baseline_2y_1y_5fold,5,2025-04-01,2026-03-31,mixed_or_unresolved_context,2026-03-06,SH.000300,2026-03-02,available,300,1.0000019999999998,0.0,,0,0.0,0.0027432982836634867,-0.0027432982836634867,0.0,0.0,0.0,1.0,20,0.314828,0.0,0.314828,0.0,0,0,1.000002,,银行,-0.109123,服饰,-0.00032300000000000004
strong_market_effective_participation_v1,baseline_2y_1y_5fold,5,2025-04-01,2026-03-31,mixed_or_unresolved_context,2026-03-09,SH.000300,2026-03-02,available,300,1.0000019999999998,0.0,,0,0.0,-0.009651449219386876,0.009651449219386876,0.0,0.0,0.0,1.0,20,0.314828,0.0,0.314828,0.0,0,0,1.000002,,银行,-0.109123,服饰,-0.00032300000000000004
strong_market_effective_participation_v1,baseline_2y_1y_5fold,5,2025-04-01,2026-03-31,mixed_or_unresolved_context,2026-03-10,SH.000300,2026-03-02,available,300,1.0000019999999998,0.0,,0,0.0,0.012848123480649898,-0.012848123480649898,0.0,0.0,0.0,1.0,20,0.314828,0.0,0.314828,0.0,0,0,1.000002,,银行,-0.109123,服饰,-0.00032300000000000004
strong_market_effective_participation_v1,baseline_2y_1y_5fold,5,2025-04-01,2026-03-31,mixed_or_unresolved_context,2026-03-11,SH.000300,2026-03-02,available,300,1.0000019999999998,0.0,0.0,0,0.0,0.0063618239225113,-0.0063618239225113,0.0,0.0,0.0,1.0,20,0.314828,0.0,0.314828,0.0,0,0,1.000002,,银行,-0.109123,服饰,-0.00032300000000000004
strong_market_effective_participation_v1,baseline_2y_1y_5fold,5,2025-04-01,2026-03-31,mixed_or_unresolved_context,2026-03-12,SH.000300,2026-03-02,available,300,1.0000019999999998,0.40276419999999996,0.4027642,12,-0.0036660785678341882,-0.0036008077372727,-6.527083056148816e-05,0.24276419999999987,0.1600000000000001,0.085328,0.914672,20,0.314828,0.045059999999999996,0.269768,0.14312577026185724,10,2,0.9525921999999999,1.4283646145471716,银行,-0.089123,专用机械,0.07857700000000001
strong_market_effective_participation_v1,baseline_2y_1y_5fold,5,2025-04-01,2026-03-31,mixed_or_unresolved_context,2026-03-13,SH.000300,2026-03-02,available,300,1.0000019999999998,0.43276419999999993,0.4327642,12,-0.0131505441914528,-0.0039295497017638,-0.009220994489689001,0.2227641999999999,0.21000000000000002,0.071961,0.9280390000000001,20,0.314828,0.034869,0.279959,0.11075571423126278,9,3,0.9180841999999999,1.3804618255022019,银行,-0.089123,普钢,0.06461800000000001
strong_market_effective_participation_v1,baseline_2y_1y_5fold,5,2025-04-01,2026-03-31,mixed_or_unresolved_context,2026-03-16,SH.000300,2026-03-02,available,300,1.0000019999999998,0.0,,0,0.0,0.000518296731303769,-0.000518296731303769,0.0,0.0,0.0,1.0,20,0.314828,0.0,0.314828,0.0,0,0,1.000002,,银行,-0.109123,服饰,-0.00032300000000000004
strong_market_effective_participation_v1,baseline_2y_1y_5fold,5,2025-04-01,2026-03-31,mixed_or_unresolved_context,2026-03-17,SH.000300,2026-03-02,available,300,1.0000019999999998,0.0,0.0,0,0.0,-0.0073037700468367,0.0073037700468367,0.0,0.0,0.0,1.0,20,0.314828,0.0,0.314828,0.0,0,0,1.000002,,银行,-0.109123,服饰,-0.00032300000000000004
strong_market_effective_participation_v1,baseline_2y_1y_5fold,5,2025-04-01,2026-03-31,mixed_or_unresolved_context,2026-03-18,SH.000300,2026-03-02,available,300,1.0000019999999998,0.16276419999999991,0.1627642,6,0.0005856435653337,0.0045046404913056,-0.0039189969259719,0.16276419999999991,0.0,0.062926,0.937074,20,0.314828,0.045059999999999996,0.269768,0.14312577026185724,6,0,0.8632158000000001,1.5195859999999999,银行,-0.109123,新型电力,0.012989
strong_market_effective_participation_v1,baseline_2y_1y_5fold,5,2025-04-01,2026-03-31,mixed_or_unresolved_context,2026-03-19,SH.000300,2026-03-02,available,300,1.0000019999999998,0.0,,0,0.0,-0.01611736394802432,0.01611736394802432,0.0,0.0,0.0,1.0,20,0.314828,0.0,0.314828,0.0,0,0,1.000002,,银行,-0.109123,服饰,-0.00032300000000000004
strong_market_effective_participation_v1,baseline_2y_1y_5fold,5,2025-04-01,2026-03-31,mixed_or_unresolved_context,2026-03-20,SH.000300,2026-03-02,available,300,1.0000019999999998,0.0,,0,0.0,-0.0035411552937325563,0.0035411552937325563,0.0,0.0,0.0,1.0,20,0.314828,0.0,0.314828,0.0,0,0,1.000002,,银行,-0.109123,服饰,-0.00032300000000000004
strong_market_effective_participation_v1,baseline_2y_1y_5fold,5,2025-04-01,2026-03-31,mixed_or_unresolved_context,2026-03-23,SH.000300,2026-03-02,available,300,1.0000019999999998,0.0,,0,0.0,-0.032629592162942256,0.032629592162942256,0.0,0.0,0.0,1.0,20,0.314828,0.0,0.314828,0.0,0,0,1.000002,,银行,-0.109123,服饰,-0.00032300000000000004
strong_market_effective_participation_v1,baseline_2y_1y_5fold,5,2025-04-01,2026-03-31,mixed_or_unresolved_context,2026-03-24,SH.000300,2026-03-02,available,300,1.0000019999999998,0.0,,0,0.0,0.012838388411045676,-0.012838388411045676,0.0,0.0,0.0,1.0,20,0.314828,0.0,0.314828,0.0,0,0,1.000002,,银行,-0.109123,服饰,-0.00032300000000000004
strong_market_effective_participation_v1,baseline_2y_1y_5fold,5,2025-04-01,2026-03-31,mixed_or_unresolved_context,2026-03-25,SH.000300,2026-03-02,available,300,1.0000019999999998,0.0,,0,0.0,0.014023223799477957,-0.014023223799477957,0.0,0.0,0.0,1.0,20,0.314828,0.0,0.314828,0.0,0,0,1.000002,,银行,-0.109123,服饰,-0.00032300000000000004
strong_market_effective_participation_v1,baseline_2y_1y_5fold,5,2025-04-01,2026-03-31,mixed_or_unresolved_context,2026-03-26,SH.000300,2026-03-02,available,300,1.0000019999999998,0.0,,0,0.0,-0.013210004694246047,0.013210004694246047,0.0,0.0,0.0,1.0,20,0.314828,0.0,0.314828,0.0,0,0,1.000002,,银行,-0.109123,服饰,-0.00032300000000000004
strong_market_effective_participation_v1,baseline_2y_1y_5fold,5,2025-04-01,2026-03-31,mixed_or_unresolved_context,2026-03-27,SH.000300,2026-03-02,available,300,1.0000019999999998,0.0,,0,0.0,0.0055923690070194265,-0.0055923690070194265,0.0,0.0,0.0,1.0,20,0.314828,0.0,0.314828,0.0,0,0,1.000002,,银行,-0.109123,服饰,-0.00032300000000000004
strong_market_effective_participation_v1,baseline_2y_1y_5fold,5,2025-04-01,2026-03-31,mixed_or_unresolved_context,2026-03-30,SH.000300,2026-03-02,available,300,1.0000019999999998,0.0,,0,0.0,-0.002358652947094586,0.002358652947094586,0.0,0.0,0.0,1.0,20,0.314828,0.0,0.314828,0.0,0,0,1.000002,,银行,-0.109123,服饰,-0.00032300000000000004
strong_market_effective_participation_v1,baseline_2y_1y_5fold,5,2025-04-01,2026-03-31,mixed_or_unresolved_context,2026-03-31,SH.000300,2026-03-02,available,300,1.0000019999999998,0.0,,0,0.0,-0.009327797504424473,0.009327797504424473,0.0,0.0,0.0,1.0,20,0.314828,0.0,0.314828,0.0,0,0,1.000002,,银行,-0.109123,服饰,-0.00032300000000000004
