交易日期,账户总资产,股票资产,现金资产,交易动作,股票代码,股票名称,成交价,成交量,收益额,收益率,收益类型,交易原因,折号,成交金额,动量分数,当日排名,策略参数,折年化收益,折Sharpe
2021-08-25 15:00:00,999372.2456299422,207197.94155586188,792174.3040740803,买,SH.600176,中国巨石,16.24,2000,-627.754370057839,-0.0006277543700577981,,调仓买入-满足动量阈值,1,32601.583518530762,0.2919649960222752,12.0,"mom20@q0.6,hold_q=0.4,buy_top=10,hold_top=20,rebalance=20d,min_hold=5d,turnover_penalty=0.01,target_vol=0.18",-0.032600949745115515,-0.2618497239069419
2021-08-25 15:00:00,999372.2456299422,207197.94155586188,792174.3040740803,买,SH.600673,东阳光,5.68,5200,-627.754370057839,-0.0006277543700577981,,调仓买入-满足动量阈值,1,29566.68964518097,0.29977116704805473,11.0,"mom20@q0.6,hold_q=0.4,buy_top=10,hold_top=20,rebalance=20d,min_hold=5d,turnover_penalty=0.01,target_vol=0.18",-0.032600949745115515,-0.2618497239069419
2021-08-25 15:00:00,999372.2456299422,207197.94155586188,792174.3040740803,买,SH.600875,东方电气,14.23,1900,-627.754370057839,-0.0006277543700577981,,调仓买入-新进前N、满足动量阈值,1,27250.15557137913,0.5090137857900319,3.0,"mom20@q0.6,hold_q=0.4,buy_top=10,hold_top=20,rebalance=20d,min_hold=5d,turnover_penalty=0.01,target_vol=0.18",-0.032600949745115515,-0.2618497239069419
2021-08-25 15:00:00,999372.2456299422,207197.94155586188,792174.3040740803,买,SH.605117,德业股份,26.19,500,-627.754370057839,-0.0006277543700577981,,调仓买入-新进前N、满足动量阈值,1,14694.558972054489,0.39160467587672687,7.0,"mom20@q0.6,hold_q=0.4,buy_top=10,hold_top=20,rebalance=20d,min_hold=5d,turnover_penalty=0.01,target_vol=0.18",-0.032600949745115515,-0.2618497239069419
2021-08-25 15:00:00,999372.2456299422,207197.94155586188,792174.3040740803,买,SZ.000792,盐湖股份,41.74,0,-627.754370057839,-0.0006277543700577981,,调仓买入-新进前N、满足动量阈值,1,1655.7170179892203,3.3752620545073384,1.0,"mom20@q0.6,hold_q=0.4,buy_top=10,hold_top=20,rebalance=20d,min_hold=5d,turnover_penalty=0.01,target_vol=0.18",-0.032600949745115515,-0.2618497239069419
2021-08-25 15:00:00,999372.2456299422,207197.94155586188,792174.3040740803,买,SZ.002466,天齐锂业,118.5,100,-627.754370057839,-0.0006277543700577981,,调仓买入-新进前N、满足动量阈值,1,19926.794572250736,0.4488323755960386,4.0,"mom20@q0.6,hold_q=0.4,buy_top=10,hold_top=20,rebalance=20d,min_hold=5d,turnover_penalty=0.01,target_vol=0.18",-0.032600949745115515,-0.2618497239069419
2021-08-25 15:00:00,999372.2456299422,207197.94155586188,792174.3040740803,买,SZ.002594,比亚迪,95.96,200,-627.754370057839,-0.0006277543700577981,,调仓买入-满足动量阈值,1,24430.856332316147,0.26246546507038526,14.0,"mom20@q0.6,hold_q=0.4,buy_top=10,hold_top=20,rebalance=20d,min_hold=5d,turnover_penalty=0.01,target_vol=0.18",-0.032600949745115515,-0.2618497239069419
2021-08-25 15:00:00,999372.2456299422,207197.94155586188,792174.3040740803,买,SZ.002709,天赐材料,67.95,300,-627.754370057839,-0.0006277543700577981,,调仓买入-新进前N、满足动量阈值,1,24483.72665177484,0.38843481814466707,8.0,"mom20@q0.6,hold_q=0.4,buy_top=10,hold_top=20,rebalance=20d,min_hold=5d,turnover_penalty=0.01,target_vol=0.18",-0.032600949745115515,-0.2618497239069419
2021-08-25 15:00:00,999372.2456299422,207197.94155586188,792174.3040740803,买,SZ.002837,英维克,10.47,1700,-627.754370057839,-0.0006277543700577981,,调仓买入-新进前N、满足动量阈值,1,18133.242137088386,0.6207430340557276,2.0,"mom20@q0.6,hold_q=0.4,buy_top=10,hold_top=20,rebalance=20d,min_hold=5d,turnover_penalty=0.01,target_vol=0.18",-0.032600949745115515,-0.2618497239069419
2021-08-25 15:00:00,999372.2456299422,207197.94155586188,792174.3040740803,买,SZ.300390,天华新能,60.92,200,-627.754370057839,-0.0006277543700577981,,调仓买入-新进前N、满足动量阈值,1,14584.768253507844,0.42236749941629714,5.0,"mom20@q0.6,hold_q=0.4,buy_top=10,hold_top=20,rebalance=20d,min_hold=5d,turnover_penalty=0.01,target_vol=0.18",-0.032600949745115515,-0.2618497239069419
2021-09-24 15:00:00,1022026.5991531768,220170.4818717452,801856.1172814316,买,SH.600089,特变电工,17.52,1000,22026.599153176765,0.02202659915317673,,调仓买入-新进前N、满足动量阈值,1,19040.642358088444,0.3676814988290398,8.0,"mom20@q0.6,hold_q=0.4,buy_top=10,hold_top=20,rebalance=20d,min_hold=5d,turnover_penalty=0.01,target_vol=0.18",-0.032600949745115515,-0.2618497239069419
2021-09-24 15:00:00,1022026.5991531768,220170.4818717452,801856.1172814316,买,SH.600150,中国船舶,28.55,600,22026.599153176765,0.02202659915317673,,调仓买入-新进前N、满足动量阈值,1,18888.346844566386,0.39336261591020016,6.0,"mom20@q0.6,hold_q=0.4,buy_top=10,hold_top=20,rebalance=20d,min_hold=5d,turnover_penalty=0.01,target_vol=0.18",-0.032600949745115515,-0.2618497239069419
2021-09-24 15:00:00,1022026.5991531768,220170.4818717452,801856.1172814316,卖,SH.600176,中国巨石,17.39,1800,22026.599153176765,0.02202659915317673,超时卖/调仓卖,调仓卖出-跌出持有排名,1,32601.583518530762,0.07081280788177358,28.0,"mom20@q0.6,hold_q=0.4,buy_top=10,hold_top=20,rebalance=20d,min_hold=5d,turnover_penalty=0.01,target_vol=0.18",-0.032600949745115515,-0.2618497239069419
2021-09-24 15:00:00,1022026.5991531768,220170.4818717452,801856.1172814316,卖,SH.600673,东阳光,9.65,1000,22026.599153176765,0.02202659915317673,超时卖/调仓卖,调仓卖出-权重下调,1,9739.090366113916,0.6989436619718312,1.0,"mom20@q0.6,hold_q=0.4,buy_top=10,hold_top=20,rebalance=20d,min_hold=5d,turnover_penalty=0.01,target_vol=0.18",-0.032600949745115515,-0.2618497239069419
2021-09-24 15:00:00,1022026.5991531768,220170.4818717452,801856.1172814316,卖,SH.600875,东方电气,17.85,300,22026.599153176765,0.02202659915317673,超时卖/调仓卖,调仓卖出-权重下调,1,7128.159695352989,0.2543921293042868,14.0,"mom20@q0.6,hold_q=0.4,buy_top=10,hold_top=20,rebalance=20d,min_hold=5d,turnover_penalty=0.01,target_vol=0.18",-0.032600949745115515,-0.2618497239069419
2021-09-24 15:00:00,1022026.5991531768,220170.4818717452,801856.1172814316,买,SH.601088,中国神华,11.31,1100,22026.599153176765,0.02202659915317673,,调仓买入-新进前N、满足动量阈值,1,12602.329389050508,0.5222072678331091,3.0,"mom20@q0.6,hold_q=0.4,buy_top=10,hold_top=20,rebalance=20d,min_hold=5d,turnover_penalty=0.01,target_vol=0.18",-0.032600949745115515,-0.2618497239069419
2021-09-24 15:00:00,1022026.5991531768,220170.4818717452,801856.1172814316,买,SH.601600,中国铝业,8.38,2500,22026.599153176765,0.02202659915317673,,调仓买入-新进前N、满足动量阈值,1,21312.144347711965,0.369281045751634,7.0,"mom20@q0.6,hold_q=0.4,buy_top=10,hold_top=20,rebalance=20d,min_hold=5d,turnover_penalty=0.01,target_vol=0.18",-0.032600949745115515,-0.2618497239069419
2021-09-24 15:00:00,1022026.5991531768,220170.4818717452,801856.1172814316,买,SH.601857,中国石油,4.32,7100,22026.599153176765,0.02202659915317673,,调仓买入-新进前N、满足动量阈值,1,30736.47672003746,0.5265017667844523,2.0,"mom20@q0.6,hold_q=0.4,buy_top=10,hold_top=20,rebalance=20d,min_hold=5d,turnover_penalty=0.01,target_vol=0.18",-0.032600949745115515,-0.2618497239069419
2021-09-24 15:00:00,1022026.5991531768,220170.4818717452,801856.1172814316,买,SH.601872,招商轮船,4.78,7300,22026.599153176765,0.02202659915317673,,调仓买入-新进前N、满足动量阈值,1,35050.9347374182,0.4268656716417911,5.0,"mom20@q0.6,hold_q=0.4,buy_top=10,hold_top=20,rebalance=20d,min_hold=5d,turnover_penalty=0.01,target_vol=0.18",-0.032600949745115515,-0.2618497239069419
2021-09-24 15:00:00,1022026.5991531768,220170.4818717452,801856.1172814316,卖,SH.605117,德业股份,26.51,500,22026.599153176765,0.02202659915317673,超时卖/调仓卖,调仓卖出-跌出持有排名,1,14694.558972054489,0.012218403970981395,41.0,"mom20@q0.6,hold_q=0.4,buy_top=10,hold_top=20,rebalance=20d,min_hold=5d,turnover_penalty=0.01,target_vol=0.18",-0.032600949745115515,-0.2618497239069419
2021-09-24 15:00:00,1022026.5991531768,220170.4818717452,801856.1172814316,卖,SZ.000792,盐湖股份,31.29,0,22026.599153176765,0.02202659915317673,超时卖/调仓卖,调仓卖出-跌破持有阈值、跌出持有排名,1,1655.7170179892203,-0.2503593675131769,109.0,"mom20@q0.6,hold_q=0.4,buy_top=10,hold_top=20,rebalance=20d,min_hold=5d,turnover_penalty=0.01,target_vol=0.18",-0.032600949745115515,-0.2618497239069419
2021-09-24 15:00:00,1022026.5991531768,220170.4818717452,801856.1172814316,买,SZ.002080,中材科技,40.22,500,22026.599153176765,0.02202659915317673,,调仓买入-新进前N、满足动量阈值,1,23814.283912139177,0.4313167259786477,4.0,"mom20@q0.6,hold_q=0.4,buy_top=10,hold_top=20,rebalance=20d,min_hold=5d,turnover_penalty=0.01,target_vol=0.18",-0.032600949745115515,-0.2618497239069419
2021-09-24 15:00:00,1022026.5991531768,220170.4818717452,801856.1172814316,卖,SZ.002466,天齐锂业,99.83,100,22026.599153176765,0.02202659915317673,超时卖/调仓卖,调仓卖出-跌破持有阈值、跌出持有排名,1,19926.794572250736,-0.1575527426160338,102.0,"mom20@q0.6,hold_q=0.4,buy_top=10,hold_top=20,rebalance=20d,min_hold=5d,turnover_penalty=0.01,target_vol=0.18",-0.032600949745115515,-0.2618497239069419
2021-09-24 15:00:00,1022026.5991531768,220170.4818717452,801856.1172814316,卖,SZ.002594,比亚迪,81.15,300,22026.599153176765,0.02202659915317673,超时卖/调仓卖,调仓卖出-跌破持有阈值、跌出持有排名,1,24430.856332316147,-0.15433513964151724,101.0,"mom20@q0.6,hold_q=0.4,buy_top=10,hold_top=20,rebalance=20d,min_hold=5d,turnover_penalty=0.01,target_vol=0.18",-0.032600949745115515,-0.2618497239069419
2021-09-24 15:00:00,1022026.5991531768,220170.4818717452,801856.1172814316,卖,SZ.002709,天赐材料,73.44,300,22026.599153176765,0.02202659915317673,超时卖/调仓卖,调仓卖出-跌出持有排名,1,24483.72665177484,0.08079470198675498,27.0,"mom20@q0.6,hold_q=0.4,buy_top=10,hold_top=20,rebalance=20d,min_hold=5d,turnover_penalty=0.01,target_vol=0.18",-0.032600949745115515,-0.2618497239069419
2021-09-24 15:00:00,1022026.5991531768,220170.4818717452,801856.1172814316,卖,SZ.002837,英维克,11.15,1600,22026.599153176765,0.02202659915317673,超时卖/调仓卖,调仓卖出-跌出持有排名,1,18133.242137088386,0.06494746895893022,29.0,"mom20@q0.6,hold_q=0.4,buy_top=10,hold_top=20,rebalance=20d,min_hold=5d,turnover_penalty=0.01,target_vol=0.18",-0.032600949745115515,-0.2618497239069419
2021-09-24 15:00:00,1022026.5991531768,220170.4818717452,801856.1172814316,卖,SZ.300390,天华新能,77.52,0,22026.599153176765,0.02202659915317673,超时卖/调仓卖,调仓卖出-权重下调,1,554.1286268928112,0.2724885095206828,12.0,"mom20@q0.6,hold_q=0.4,buy_top=10,hold_top=20,rebalance=20d,min_hold=5d,turnover_penalty=0.01,target_vol=0.18",-0.032600949745115515,-0.2618497239069419
2021-10-29 15:00:00,995507.7570027468,293023.14661816123,702484.6103845856,卖,SH.600089,特变电工,19.02,1000,-4492.242997253197,-0.004492242997253149,超时卖/调仓卖,调仓卖出-跌出持有排名,1,19040.642358088444,0.08561643835616439,27.0,"mom20@q0.6,hold_q=0.4,buy_top=10,hold_top=20,rebalance=20d,min_hold=5d,turnover_penalty=0.01,target_vol=0.18",-0.032600949745115515,-0.2618497239069419
2021-10-29 15:00:00,995507.7570027468,293023.14661816123,702484.6103845856,卖,SH.600150,中国船舶,22.05,800,-4492.242997253197,-0.004492242997253149,超时卖/调仓卖,调仓卖出-跌破持有阈值、跌出持有排名,1,18888.346844566386,-0.22767075306479856,107.0,"mom20@q0.6,hold_q=0.4,buy_top=10,hold_top=20,rebalance=20d,min_hold=5d,turnover_penalty=0.01,target_vol=0.18",-0.032600949745115515,-0.2618497239069419
2021-10-29 15:00:00,995507.7570027468,293023.14661816123,702484.6103845856,买,SH.600406,国电南瑞,25.17,1100,-4492.242997253197,-0.004492242997253149,,调仓买入-满足动量阈值,1,27820.988656088273,0.13737008585630384,13.0,"mom20@q0.6,hold_q=0.4,buy_top=10,hold_top=20,rebalance=20d,min_hold=5d,turnover_penalty=0.01,target_vol=0.18",-0.032600949745115515,-0.2618497239069419
2021-10-29 15:00:00,995507.7570027468,293023.14661816123,702484.6103845856,卖,SH.600673,东阳光,10.04,1900,-4492.242997253197,-0.004492242997253149,超时卖/调仓卖,调仓卖出-跌出持有排名,1,19827.599279067057,0.0404145077720206,35.0,"mom20@q0.6,hold_q=0.4,buy_top=10,hold_top=20,rebalance=20d,min_hold=5d,turnover_penalty=0.01,target_vol=0.18",-0.032600949745115515,-0.2618497239069419
2021-10-29 15:00:00,995507.7570027468,293023.14661816123,702484.6103845856,卖,SH.600875,东方电气,16.71,1200,-4492.242997253197,-0.004492242997253149,超时卖/调仓卖,调仓卖出-跌破持有阈值、跌出持有排名,1,20121.995876026143,-0.06386554621848739,79.0,"mom20@q0.6,hold_q=0.4,buy_top=10,hold_top=20,rebalance=20d,min_hold=5d,turnover_penalty=0.01,target_vol=0.18",-0.032600949745115515,-0.2618497239069419
2021-10-29 15:00:00,995507.7570027468,293023.14661816123,702484.6103845856,卖,SH.601088,中国神华,9.3,1300,-4492.242997253197,-0.004492242997253149,超时卖/调仓卖,调仓卖出-跌破持有阈值、跌出持有排名,1,12602.329389050508,-0.17771883289124668,103.0,"mom20@q0.6,hold_q=0.4,buy_top=10,hold_top=20,rebalance=20d,min_hold=5d,turnover_penalty=0.01,target_vol=0.18",-0.032600949745115515,-0.2618497239069419
2021-10-29 15:00:00,995507.7570027468,293023.14661816123,702484.6103845856,卖,SH.601600,中国铝业,5.65,3700,-4492.242997253197,-0.004492242997253149,超时卖/调仓卖,调仓卖出-跌破持有阈值、跌出持有排名,1,21312.144347711965,-0.3257756563245824,109.0,"mom20@q0.6,hold_q=0.4,buy_top=10,hold_top=20,rebalance=20d,min_hold=5d,turnover_penalty=0.01,target_vol=0.18",-0.032600949745115515,-0.2618497239069419
2021-10-29 15:00:00,995507.7570027468,293023.14661816123,702484.6103845856,卖,SH.601857,中国石油,3.83,8000,-4492.242997253197,-0.004492242997253149,超时卖/调仓卖,调仓卖出-跌破持有阈值、跌出持有排名,1,30736.47672003746,-0.11342592592592593,90.0,"mom20@q0.6,hold_q=0.4,buy_top=10,hold_top=20,rebalance=20d,min_hold=5d,turnover_penalty=0.01,target_vol=0.18",-0.032600949745115515,-0.2618497239069419
2021-10-29 15:00:00,995507.7570027468,293023.14661816123,702484.6103845856,买,SH.601869,长飞光纤,29.38,800,-4492.242997253197,-0.004492242997253149,,调仓买入-调仓纳入持仓,1,24829.708178877077,0.042213550904576014,34.0,"mom20@q0.6,hold_q=0.4,buy_top=10,hold_top=20,rebalance=20d,min_hold=5d,turnover_penalty=0.01,target_vol=0.18",-0.032600949745115515,-0.2618497239069419
2021-10-29 15:00:00,995507.7570027468,293023.14661816123,702484.6103845856,卖,SH.601872,招商轮船,3.72,9400,-4492.242997253197,-0.004492242997253149,超时卖/调仓卖,调仓卖出-跌破持有阈值、跌出持有排名,1,35050.9347374182,-0.22175732217573219,106.0,"mom20@q0.6,hold_q=0.4,buy_top=10,hold_top=20,rebalance=20d,min_hold=5d,turnover_penalty=0.01,target_vol=0.18",-0.032600949745115515,-0.2618497239069419
2021-10-29 15:00:00,995507.7570027468,293023.14661816123,702484.6103845856,买,SH.605117,德业股份,42.09,300,-4492.242997253197,-0.004492242997253149,,调仓买入-新进前N、满足动量阈值,1,16564.93479230942,0.5877027536778574,1.0,"mom20@q0.6,hold_q=0.4,buy_top=10,hold_top=20,rebalance=20d,min_hold=5d,turnover_penalty=0.01,target_vol=0.18",-0.032600949745115515,-0.2618497239069419
2021-10-29 15:00:00,995507.7570027468,293023.14661816123,702484.6103845856,卖,SZ.002080,中材科技,35.6,600,-4492.242997253197,-0.004492242997253149,超时卖/调仓卖,调仓卖出-跌破持有阈值、跌出持有排名,1,23814.283912139177,-0.1148682247637991,91.0,"mom20@q0.6,hold_q=0.4,buy_top=10,hold_top=20,rebalance=20d,min_hold=5d,turnover_penalty=0.01,target_vol=0.18",-0.032600949745115515,-0.2618497239069419
2021-10-29 15:00:00,995507.7570027468,293023.14661816123,702484.6103845856,买,SZ.002594,比亚迪,101.0,300,-4492.242997253197,-0.004492242997253149,,调仓买入-新进前N、满足动量阈值,1,37570.11403408887,0.24460874922982123,6.0,"mom20@q0.6,hold_q=0.4,buy_top=10,hold_top=20,rebalance=20d,min_hold=5d,turnover_penalty=0.01,target_vol=0.18",-0.032600949745115515,-0.2618497239069419
2021-10-29 15:00:00,995507.7570027468,293023.14661816123,702484.6103845856,买,SZ.002714,牧原股份,53.4,500,-4492.242997253197,-0.004492242997253149,,调仓买入-新进前N、满足动量阈值,1,30745.618804553942,0.28057553956834513,4.0,"mom20@q0.6,hold_q=0.4,buy_top=10,hold_top=20,rebalance=20d,min_hold=5d,turnover_penalty=0.01,target_vol=0.18",-0.032600949745115515,-0.2618497239069419
2021-10-29 15:00:00,995507.7570027468,293023.14661816123,702484.6103845856,买,SZ.002837,英维克,15.02,1200,-4492.242997253197,-0.004492242997253149,,调仓买入-新进前N、满足动量阈值,1,19441.00012998431,0.3470852017937218,2.0,"mom20@q0.6,hold_q=0.4,buy_top=10,hold_top=20,rebalance=20d,min_hold=5d,turnover_penalty=0.01,target_vol=0.18",-0.032600949745115515,-0.2618497239069419
2021-10-29 15:00:00,995507.7570027468,293023.14661816123,702484.6103845856,买,SZ.300014,亿纬锂能,111.65,400,-4492.242997253197,-0.004492242997253149,,调仓买入-新进前N、满足动量阈值,1,48046.5317869876,0.2727998176014592,5.0,"mom20@q0.6,hold_q=0.4,buy_top=10,hold_top=20,rebalance=20d,min_hold=5d,turnover_penalty=0.01,target_vol=0.18",-0.032600949745115515,-0.2618497239069419
2021-10-29 15:00:00,995507.7570027468,293023.14661816123,702484.6103845856,买,SZ.300274,阳光电源,113.94,200,-4492.242997253197,-0.004492242997253149,,调仓买入-新进前N、满足动量阈值,1,28453.03220881359,0.1751237623762376,9.0,"mom20@q0.6,hold_q=0.4,buy_top=10,hold_top=20,rebalance=20d,min_hold=5d,turnover_penalty=0.01,target_vol=0.18",-0.032600949745115515,-0.2618497239069419
2021-10-29 15:00:00,995507.7570027468,293023.14661816123,702484.6103845856,卖,SZ.300390,天华新能,78.42,100,-4492.242997253197,-0.004492242997253149,超时卖/调仓卖,调仓卖出-跌出持有排名,1,14030.639626615033,0.011609907120743168,46.0,"mom20@q0.6,hold_q=0.4,buy_top=10,hold_top=20,rebalance=20d,min_hold=5d,turnover_penalty=0.01,target_vol=0.18",-0.032600949745115515,-0.2618497239069419
2021-10-29 15:00:00,995507.7570027468,293023.14661816123,702484.6103845856,买,SZ.300620,光库科技,29.9,700,-4492.242997253197,-0.004492242997253149,,调仓买入-满足动量阈值,1,21243.37014019974,0.11276516561220684,17.0,"mom20@q0.6,hold_q=0.4,buy_top=10,hold_top=20,rebalance=20d,min_hold=5d,turnover_penalty=0.01,target_vol=0.18",-0.032600949745115515,-0.2618497239069419
2021-10-29 15:00:00,995507.7570027468,293023.14661816123,702484.6103845856,买,SZ.300750,宁德时代,334.66,100,-4492.242997253197,-0.004492242997253149,,调仓买入-新进前N、满足动量阈值,1,39630.11902796374,0.30061015895223675,3.0,"mom20@q0.6,hold_q=0.4,buy_top=10,hold_top=20,rebalance=20d,min_hold=5d,turnover_penalty=0.01,target_vol=0.18",-0.032600949745115515,-0.2618497239069419
2021-11-26 15:00:00,1009538.407250551,262524.3217547033,747014.0854958477,买,SH.600105,永鼎股份,5.67,4700,9538.407250551041,0.009538407250551106,,调仓买入-新进前N、满足动量阈值,1,26791.781437516045,0.5039787798408488,3.0,"mom20@q0.6,hold_q=0.4,buy_top=10,hold_top=20,rebalance=20d,min_hold=5d,turnover_penalty=0.01,target_vol=0.18",-0.032600949745115515,-0.2618497239069419
2021-11-26 15:00:00,1009538.407250551,262524.3217547033,747014.0854958477,卖,SH.600406,国电南瑞,29.32,900,9538.407250551041,0.009538407250551106,超时卖/调仓卖,调仓卖出-跌出持有排名,1,27820.988656088273,0.16487882399682152,22.0,"mom20@q0.6,hold_q=0.4,buy_top=10,hold_top=20,rebalance=20d,min_hold=5d,turnover_penalty=0.01,target_vol=0.18",-0.032600949745115515,-0.2618497239069419
2021-11-26 15:00:00,1009538.407250551,262524.3217547033,747014.0854958477,买,SH.600522,中天科技,16.8,1200,9538.407250551041,0.009538407250551106,,调仓买入-新进前N、满足动量阈值,1,20260.67339040298,0.7891373801916932,1.0,"mom20@q0.6,hold_q=0.4,buy_top=10,hold_top=20,rebalance=20d,min_hold=5d,turnover_penalty=0.01,target_vol=0.18",-0.032600949745115515,-0.2618497239069419
2021-11-26 15:00:00,1009538.407250551,262524.3217547033,747014.0854958477,卖,SH.601869,长飞光纤,32.03,700,9538.407250551041,0.009538407250551106,超时卖/调仓卖,调仓卖出-跌出持有排名,1,24829.708178877077,0.09019741320626284,37.0,"mom20@q0.6,hold_q=0.4,buy_top=10,hold_top=20,rebalance=20d,min_hold=5d,turnover_penalty=0.01,target_vol=0.18",-0.032600949745115515,-0.2618497239069419
2021-11-26 15:00:00,1009538.407250551,262524.3217547033,747014.0854958477,卖,SH.605117,德业股份,33.95,400,9538.407250551041,0.009538407250551106,超时卖/调仓卖,调仓卖出-跌破持有阈值、跌出持有排名,1,16564.93479230942,-0.19339510572582563,109.0,"mom20@q0.6,hold_q=0.4,buy_top=10,hold_top=20,rebalance=20d,min_hold=5d,turnover_penalty=0.01,target_vol=0.18",-0.032600949745115515,-0.2618497239069419
2021-11-26 15:00:00,1009538.407250551,262524.3217547033,747014.0854958477,买,SH.688008,澜起科技,75.93,300,9538.407250551041,0.009538407250551106,,调仓买入-满足动量阈值,1,24547.330931493914,0.19349261238604232,16.0,"mom20@q0.6,hold_q=0.4,buy_top=10,hold_top=20,rebalance=20d,min_hold=5d,turnover_penalty=0.01,target_vol=0.18",-0.032600949745115515,-0.2618497239069419
2021-11-26 15:00:00,1009538.407250551,262524.3217547033,747014.0854958477,买,SH.688256,寒武纪,64.48,400,9538.407250551041,0.009538407250551106,,调仓买入-满足动量阈值,1,30871.462607667156,0.27911128744296776,11.0,"mom20@q0.6,hold_q=0.4,buy_top=10,hold_top=20,rebalance=20d,min_hold=5d,turnover_penalty=0.01,target_vol=0.18",-0.032600949745115515,-0.2618497239069419
2021-11-26 15:00:00,1009538.407250551,262524.3217547033,747014.0854958477,买,SZ.000657,中钨高新,14.27,1700,9538.407250551041,0.009538407250551106,,调仓买入-新进前N、满足动量阈值,1,25453.085087726304,0.46961894953656014,5.0,"mom20@q0.6,hold_q=0.4,buy_top=10,hold_top=20,rebalance=20d,min_hold=5d,turnover_penalty=0.01,target_vol=0.18",-0.032600949745115515,-0.2618497239069419
2021-11-26 15:00:00,1009538.407250551,262524.3217547033,747014.0854958477,买,SZ.002463,沪电股份,13.12,2000,9538.407250551041,0.009538407250551106,,调仓买入-新进前N、满足动量阈值,1,27224.180298034942,0.5545023696682465,2.0,"mom20@q0.6,hold_q=0.4,buy_top=10,hold_top=20,rebalance=20d,min_hold=5d,turnover_penalty=0.01,target_vol=0.18",-0.032600949745115515,-0.2618497239069419
2021-11-26 15:00:00,1009538.407250551,262524.3217547033,747014.0854958477,卖,SZ.002594,比亚迪,96.45,300,9538.407250551041,0.009538407250551106,超时卖/调仓卖,调仓卖出-跌破持有阈值、跌出持有排名,1,37570.11403408887,-0.04504950495049498,87.0,"mom20@q0.6,hold_q=0.4,buy_top=10,hold_top=20,rebalance=20d,min_hold=5d,turnover_penalty=0.01,target_vol=0.18",-0.032600949745115515,-0.2618497239069419
2021-11-26 15:00:00,1009538.407250551,262524.3217547033,747014.0854958477,卖,SZ.002714,牧原股份,50.94,600,9538.407250551041,0.009538407250551106,超时卖/调仓卖,调仓卖出-跌破持有阈值、跌出持有排名,1,30745.618804553942,-0.046067415730337125,90.0,"mom20@q0.6,hold_q=0.4,buy_top=10,hold_top=20,rebalance=20d,min_hold=5d,turnover_penalty=0.01,target_vol=0.18",-0.032600949745115515,-0.2618497239069419
2021-11-26 15:00:00,1009538.407250551,262524.3217547033,747014.0854958477,卖,SZ.002837,英维克,14.52,1300,9538.407250551041,0.009538407250551106,超时卖/调仓卖,调仓卖出-跌破持有阈值、跌出持有排名,1,19441.00012998431,-0.03328894806924099,86.0,"mom20@q0.6,hold_q=0.4,buy_top=10,hold_top=20,rebalance=20d,min_hold=5d,turnover_penalty=0.01,target_vol=0.18",-0.032600949745115515,-0.2618497239069419
2021-11-26 15:00:00,1009538.407250551,262524.3217547033,747014.0854958477,卖,SZ.300014,亿纬锂能,146.95,100,9538.407250551041,0.009538407250551106,超时卖/调仓卖,调仓卖出-权重下调,1,23054.007066275917,0.31616659202866093,8.0,"mom20@q0.6,hold_q=0.4,buy_top=10,hold_top=20,rebalance=20d,min_hold=5d,turnover_penalty=0.01,target_vol=0.18",-0.032600949745115515,-0.2618497239069419
2021-11-26 15:00:00,1009538.407250551,262524.3217547033,747014.0854958477,买,SZ.300058,蓝色光标,5.2,4700,9538.407250551041,0.009538407250551106,,调仓买入-新进前N、满足动量阈值,1,24709.881948624865,0.4689265536723164,6.0,"mom20@q0.6,hold_q=0.4,buy_top=10,hold_top=20,rebalance=20d,min_hold=5d,turnover_penalty=0.01,target_vol=0.18",-0.032600949745115515,-0.2618497239069419
2021-11-26 15:00:00,1009538.407250551,262524.3217547033,747014.0854958477,卖,SZ.300274,阳光电源,105.87,200,9538.407250551041,0.009538407250551106,超时卖/调仓卖,调仓卖出-跌破持有阈值、跌出持有排名,1,28453.03220881359,-0.07082675092153756,95.0,"mom20@q0.6,hold_q=0.4,buy_top=10,hold_top=20,rebalance=20d,min_hold=5d,turnover_penalty=0.01,target_vol=0.18",-0.032600949745115515,-0.2618497239069419
2021-11-26 15:00:00,1009538.407250551,262524.3217547033,747014.0854958477,买,SZ.300394,天孚通信,13.95,1800,9538.407250551041,0.009538407250551106,,调仓买入-新进前N、满足动量阈值,1,25162.33456307975,0.2798165137614679,9.0,"mom20@q0.6,hold_q=0.4,buy_top=10,hold_top=20,rebalance=20d,min_hold=5d,turnover_penalty=0.01,target_vol=0.18",-0.032600949745115515,-0.2618497239069419
2021-11-26 15:00:00,1009538.407250551,262524.3217547033,747014.0854958477,卖,SZ.300620,光库科技,34.19,600,9538.407250551041,0.009538407250551106,超时卖/调仓卖,调仓卖出-跌出持有排名,1,21243.37014019974,0.14347826086956528,25.0,"mom20@q0.6,hold_q=0.4,buy_top=10,hold_top=20,rebalance=20d,min_hold=5d,turnover_penalty=0.01,target_vol=0.18",-0.032600949745115515,-0.2618497239069419
2021-11-26 15:00:00,1009538.407250551,262524.3217547033,747014.0854958477,卖,SZ.300750,宁德时代,345.09,100,9538.407250551041,0.009538407250551106,超时卖/调仓卖,调仓卖出-跌出持有排名,1,39630.11902796374,0.031165959481264327,61.0,"mom20@q0.6,hold_q=0.4,buy_top=10,hold_top=20,rebalance=20d,min_hold=5d,turnover_penalty=0.01,target_vol=0.18",-0.032600949745115515,-0.2618497239069419
2021-11-26 15:00:00,1009538.407250551,262524.3217547033,747014.0854958477,买,SZ.300757,罗博特科,43.49,600,9538.407250551041,0.009538407250551106,,调仓买入-新进前N、满足动量阈值,1,30030.66198634202,0.4732384823848239,4.0,"mom20@q0.6,hold_q=0.4,buy_top=10,hold_top=20,rebalance=20d,min_hold=5d,turnover_penalty=0.01,target_vol=0.18",-0.032600949745115515,-0.2618497239069419
2021-12-24 15:00:00,1011620.8468563666,315514.61327363085,696106.2335827358,卖,SH.600105,永鼎股份,5.31,5000,11620.84685636661,0.011620846856366551,超时卖/调仓卖,调仓卖出-跌破持有阈值、跌出持有排名,1,26791.781437516045,-0.0634920634920636,74.0,"mom20@q0.6,hold_q=0.4,buy_top=10,hold_top=20,rebalance=20d,min_hold=5d,turnover_penalty=0.01,target_vol=0.18",-0.032600949745115515,-0.2618497239069419
2021-12-24 15:00:00,1011620.8468563666,315514.61327363085,696106.2335827358,卖,SH.600522,中天科技,15.26,1300,11620.84685636661,0.011620846856366551,超时卖/调仓卖,调仓卖出-跌破持有阈值、跌出持有排名,1,20260.67339040298,-0.09166666666666667,84.0,"mom20@q0.6,hold_q=0.4,buy_top=10,hold_top=20,rebalance=20d,min_hold=5d,turnover_penalty=0.01,target_vol=0.18",-0.032600949745115515,-0.2618497239069419
2021-12-24 15:00:00,1011620.8468563666,315514.61327363085,696106.2335827358,买,SH.600989,宝丰能源,15.71,2000,11620.84685636661,0.011620846856366551,,调仓买入-满足动量阈值,1,31434.83907504018,0.12054208273894451,16.0,"mom20@q0.6,hold_q=0.4,buy_top=10,hold_top=20,rebalance=20d,min_hold=5d,turnover_penalty=0.01,target_vol=0.18",-0.032600949745115515,-0.2618497239069419
2021-12-24 15:00:00,1011620.8468563666,315514.61327363085,696106.2335827358,买,SH.601088,中国神华,11.87,1400,11620.84685636661,0.011620846856366551,,调仓买入-新进前N、满足动量阈值,1,17774.70202664869,0.3001095290251914,3.0,"mom20@q0.6,hold_q=0.4,buy_top=10,hold_top=20,rebalance=20d,min_hold=5d,turnover_penalty=0.01,target_vol=0.18",-0.032600949745115515,-0.2618497239069419
2021-12-24 15:00:00,1011620.8468563666,315514.61327363085,696106.2335827358,买,SH.601600,中国铝业,5.94,4700,11620.84685636661,0.011620846856366551,,调仓买入-新进前N、满足动量阈值,1,28098.326877685606,0.2426778242677825,4.0,"mom20@q0.6,hold_q=0.4,buy_top=10,hold_top=20,rebalance=20d,min_hold=5d,turnover_penalty=0.01,target_vol=0.18",-0.032600949745115515,-0.2618497239069419
2021-12-24 15:00:00,1011620.8468563666,315514.61327363085,696106.2335827358,买,SH.601991,大唐发电,3.28,10700,11620.84685636661,0.011620846856366551,,调仓买入-新进前N、满足动量阈值,1,35174.22981591093,0.37238493723849353,2.0,"mom20@q0.6,hold_q=0.4,buy_top=10,hold_top=20,rebalance=20d,min_hold=5d,turnover_penalty=0.01,target_vol=0.18",-0.032600949745115515,-0.2618497239069419
2021-12-24 15:00:00,1011620.8468563666,315514.61327363085,696106.2335827358,卖,SH.688008,澜起科技,80.36,300,11620.84685636661,0.011620846856366551,超时卖/调仓卖,调仓卖出-跌出持有排名,1,24547.330931493914,0.05834321085210048,29.0,"mom20@q0.6,hold_q=0.4,buy_top=10,hold_top=20,rebalance=20d,min_hold=5d,turnover_penalty=0.01,target_vol=0.18",-0.032600949745115515,-0.2618497239069419
2021-12-24 15:00:00,1011620.8468563666,315514.61327363085,696106.2335827358,卖,SH.688256,寒武纪,60.11,500,11620.84685636661,0.011620846856366551,超时卖/调仓卖,调仓卖出-跌破持有阈值、跌出持有排名,1,30871.462607667156,-0.06777295285359808,76.0,"mom20@q0.6,hold_q=0.4,buy_top=10,hold_top=20,rebalance=20d,min_hold=5d,turnover_penalty=0.01,target_vol=0.18",-0.032600949745115515,-0.2618497239069419
2021-12-24 15:00:00,1011620.8468563666,315514.61327363085,696106.2335827358,买,SZ.000338,潍柴动力,16.23,1900,11620.84685636661,0.011620846856366551,,调仓买入-新进前N、满足动量阈值,1,31029.719442750604,0.19075568598679382,8.0,"mom20@q0.6,hold_q=0.4,buy_top=10,hold_top=20,rebalance=20d,min_hold=5d,turnover_penalty=0.01,target_vol=0.18",-0.032600949745115515,-0.2618497239069419
2021-12-24 15:00:00,1011620.8468563666,315514.61327363085,696106.2335827358,卖,SZ.000657,中钨高新,11.74,2100,11620.84685636661,0.011620846856366551,超时卖/调仓卖,调仓卖出-跌破持有阈值、跌出持有排名,1,25453.085087726304,-0.17729502452697965,101.0,"mom20@q0.6,hold_q=0.4,buy_top=10,hold_top=20,rebalance=20d,min_hold=5d,turnover_penalty=0.01,target_vol=0.18",-0.032600949745115515,-0.2618497239069419
2021-12-24 15:00:00,1011620.8468563666,315514.61327363085,696106.2335827358,买,SZ.002008,大族激光,52.08,800,11620.84685636661,0.011620846856366551,,调仓买入-新进前N、满足动量阈值,1,43653.15890374007,0.21540256709451566,6.0,"mom20@q0.6,hold_q=0.4,buy_top=10,hold_top=20,rebalance=20d,min_hold=5d,turnover_penalty=0.01,target_vol=0.18",-0.032600949745115515,-0.2618497239069419
2021-12-24 15:00:00,1011620.8468563666,315514.61327363085,696106.2335827358,卖,SZ.002463,沪电股份,15.4,0,11620.84685636661,0.011620846856366551,超时卖/调仓卖,调仓卖出-权重下调,1,212.46643965220844,0.1737804878048781,9.0,"mom20@q0.6,hold_q=0.4,buy_top=10,hold_top=20,rebalance=20d,min_hold=5d,turnover_penalty=0.01,target_vol=0.18",-0.032600949745115515,-0.2618497239069419
2021-12-24 15:00:00,1011620.8468563666,315514.61327363085,696106.2335827358,买,SZ.002475,立讯精密,48.64,700,11620.84685636661,0.011620846856366551,,调仓买入-新进前N、满足动量阈值,1,37845.096408683006,0.2401835798062213,5.0,"mom20@q0.6,hold_q=0.4,buy_top=10,hold_top=20,rebalance=20d,min_hold=5d,turnover_penalty=0.01,target_vol=0.18",-0.032600949745115515,-0.2618497239069419
2021-12-24 15:00:00,1011620.8468563666,315514.61327363085,696106.2335827358,卖,SZ.300014,亿纬锂能,113.99,200,11620.84685636661,0.011620846856366551,超时卖/调仓卖,调仓卖出-跌破持有阈值、跌出持有排名,1,24992.524720711688,-0.2242939775433821,105.0,"mom20@q0.6,hold_q=0.4,buy_top=10,hold_top=20,rebalance=20d,min_hold=5d,turnover_penalty=0.01,target_vol=0.18",-0.032600949745115515,-0.2618497239069419
2021-12-24 15:00:00,1011620.8468563666,315514.61327363085,696106.2335827358,买,SZ.300033,同花顺,89.11,400,11620.84685636661,0.011620846856366551,,调仓买入-新进前N、满足动量阈值,1,40525.03518446239,0.20810737527114953,7.0,"mom20@q0.6,hold_q=0.4,buy_top=10,hold_top=20,rebalance=20d,min_hold=5d,turnover_penalty=0.01,target_vol=0.18",-0.032600949745115515,-0.2618497239069419
2021-12-24 15:00:00,1011620.8468563666,315514.61327363085,696106.2335827358,卖,SZ.300058,蓝色光标,7.63,700,11620.84685636661,0.011620846856366551,超时卖/调仓卖,调仓卖出-权重下调,1,5366.518346458592,0.4673076923076922,1.0,"mom20@q0.6,hold_q=0.4,buy_top=10,hold_top=20,rebalance=20d,min_hold=5d,turnover_penalty=0.01,target_vol=0.18",-0.032600949745115515,-0.2618497239069419
2021-12-24 15:00:00,1011620.8468563666,315514.61327363085,696106.2335827358,卖,SZ.300394,天孚通信,14.87,1600,11620.84685636661,0.011620846856366551,超时卖/调仓卖,调仓卖出-跌出持有排名,1,25162.33456307975,0.06594982078853051,27.0,"mom20@q0.6,hold_q=0.4,buy_top=10,hold_top=20,rebalance=20d,min_hold=5d,turnover_penalty=0.01,target_vol=0.18",-0.032600949745115515,-0.2618497239069419
2021-12-24 15:00:00,1011620.8468563666,315514.61327363085,696106.2335827358,卖,SZ.300757,罗博特科,43.04,600,11620.84685636661,0.011620846856366551,超时卖/调仓卖,调仓卖出-跌出持有排名,1,30030.66198634202,-0.010347206254311403,55.0,"mom20@q0.6,hold_q=0.4,buy_top=10,hold_top=20,rebalance=20d,min_hold=5d,turnover_penalty=0.01,target_vol=0.18",-0.032600949745115515,-0.2618497239069419
2022-01-24 15:00:00,980113.9950303613,440547.327425102,539566.6676052593,卖,SH.600989,宝丰能源,14.25,2200,-19886.004969638656,-0.01988600496963866,超时卖/调仓卖,调仓卖出-跌破持有阈值、跌出持有排名,1,31434.83907504018,-0.09293443666454493,76.0,"mom20@q0.6,hold_q=0.4,buy_top=10,hold_top=20,rebalance=20d,min_hold=5d,turnover_penalty=0.01,target_vol=0.18",-0.032600949745115515,-0.2618497239069419
2022-01-24 15:00:00,980113.9950303613,440547.327425102,539566.6676052593,买,SH.601088,中国神华,13.53,1200,-19886.004969638656,-0.01988600496963866,,调仓买入-权重上调,1,17447.787705011942,0.1398483572030329,3.0,"mom20@q0.6,hold_q=0.4,buy_top=10,hold_top=20,rebalance=20d,min_hold=5d,turnover_penalty=0.01,target_vol=0.18",-0.032600949745115515,-0.2618497239069419
2022-01-24 15:00:00,980113.9950303613,440547.327425102,539566.6676052593,买,SH.601318,中国平安,43.32,1400,-19886.004969638656,-0.01988600496963866,,调仓买入-新进前N、满足动量阈值,1,61945.92057204961,0.08272931767058234,10.0,"mom20@q0.6,hold_q=0.4,buy_top=10,hold_top=20,rebalance=20d,min_hold=5d,turnover_penalty=0.01,target_vol=0.18",-0.032600949745115515,-0.2618497239069419
2022-01-24 15:00:00,980113.9950303613,440547.327425102,539566.6676052593,卖,SH.601600,中国铝业,5.21,5300,-19886.004969638656,-0.01988600496963866,超时卖/调仓卖,调仓卖出-跌破持有阈值、跌出持有排名,1,28098.326877685606,-0.12289562289562295,92.0,"mom20@q0.6,hold_q=0.4,buy_top=10,hold_top=20,rebalance=20d,min_hold=5d,turnover_penalty=0.01,target_vol=0.18",-0.032600949745115515,-0.2618497239069419
2022-01-24 15:00:00,980113.9950303613,440547.327425102,539566.6676052593,卖,SH.601991,大唐发电,2.62,13400,-19886.004969638656,-0.01988600496963866,超时卖/调仓卖,调仓卖出-跌破持有阈值、跌出持有排名,1,35174.22981591093,-0.2012195121951219,106.0,"mom20@q0.6,hold_q=0.4,buy_top=10,hold_top=20,rebalance=20d,min_hold=5d,turnover_penalty=0.01,target_vol=0.18",-0.032600949745115515,-0.2618497239069419
2022-01-24 15:00:00,980113.9950303613,440547.327425102,539566.6676052593,买,SH.603019,中科曙光,30.89,1300,-19886.004969638656,-0.01988600496963866,,调仓买入-新进前N、满足动量阈值,1,41653.0322311288,0.18853405155829184,1.0,"mom20@q0.6,hold_q=0.4,buy_top=10,hold_top=20,rebalance=20d,min_hold=5d,turnover_penalty=0.01,target_vol=0.18",-0.032600949745115515,-0.2618497239069419
2022-01-24 15:00:00,980113.9950303613,440547.327425102,539566.6676052593,买,SZ.000333,美的集团,65.93,700,-19886.004969638656,-0.01988600496963866,,调仓买入-满足动量阈值,1,46400.39212674179,0.08064251762006247,11.0,"mom20@q0.6,hold_q=0.4,buy_top=10,hold_top=20,rebalance=20d,min_hold=5d,turnover_penalty=0.01,target_vol=0.18",-0.032600949745115515,-0.2618497239069419
2022-01-24 15:00:00,980113.9950303613,440547.327425102,539566.6676052593,卖,SZ.000338,潍柴动力,14.3,2100,-19886.004969638656,-0.01988600496963866,超时卖/调仓卖,调仓卖出-跌破持有阈值、跌出持有排名,1,31029.719442750604,-0.11891558841651262,87.0,"mom20@q0.6,hold_q=0.4,buy_top=10,hold_top=20,rebalance=20d,min_hold=5d,turnover_penalty=0.01,target_vol=0.18",-0.032600949745115515,-0.2618497239069419
2022-01-24 15:00:00,980113.9950303613,440547.327425102,539566.6676052593,买,SZ.000938,紫光股份,23.57,2100,-19886.004969638656,-0.01988600496963866,,调仓买入-新进前N、满足动量阈值,1,50126.932508010905,0.10709253170502597,5.0,"mom20@q0.6,hold_q=0.4,buy_top=10,hold_top=20,rebalance=20d,min_hold=5d,turnover_penalty=0.01,target_vol=0.18",-0.032600949745115515,-0.2618497239069419
2022-01-24 15:00:00,980113.9950303613,440547.327425102,539566.6676052593,卖,SZ.002008,大族激光,47.36,900,-19886.004969638656,-0.01988600496963866,超时卖/调仓卖,调仓卖出-跌破持有阈值、跌出持有排名,1,43653.15890374007,-0.09062980030721968,72.0,"mom20@q0.6,hold_q=0.4,buy_top=10,hold_top=20,rebalance=20d,min_hold=5d,turnover_penalty=0.01,target_vol=0.18",-0.032600949745115515,-0.2618497239069419
2022-01-24 15:00:00,980113.9950303613,440547.327425102,539566.6676052593,买,SZ.002353,杰瑞股份,41.58,1700,-19886.004969638656,-0.01988600496963866,,调仓买入-新进前N、满足动量阈值,1,73219.40485278876,0.08592321755027421,8.0,"mom20@q0.6,hold_q=0.4,buy_top=10,hold_top=20,rebalance=20d,min_hold=5d,turnover_penalty=0.01,target_vol=0.18",-0.032600949745115515,-0.2618497239069419
2022-01-24 15:00:00,980113.9950303613,440547.327425102,539566.6676052593,买,SZ.002463,沪电股份,16.01,400,-19886.004969638656,-0.01988600496963866,,调仓买入-权重上调,1,7341.375565746537,0.03961038961038965,17.0,"mom20@q0.6,hold_q=0.4,buy_top=10,hold_top=20,rebalance=20d,min_hold=5d,turnover_penalty=0.01,target_vol=0.18",-0.032600949745115515,-0.2618497239069419
2022-01-24 15:00:00,980113.9950303613,440547.327425102,539566.6676052593,卖,SZ.002475,立讯精密,48.39,700,-19886.004969638656,-0.01988600496963866,超时卖/调仓卖,调仓卖出-跌出持有排名,1,37845.096408683006,-0.005139802631578982,38.0,"mom20@q0.6,hold_q=0.4,buy_top=10,hold_top=20,rebalance=20d,min_hold=5d,turnover_penalty=0.01,target_vol=0.18",-0.032600949745115515,-0.2618497239069419
2022-01-24 15:00:00,980113.9950303613,440547.327425102,539566.6676052593,买,SZ.002714,牧原股份,50.11,600,-19886.004969638656,-0.01988600496963866,,调仓买入-调仓纳入持仓,1,31978.848386199916,0.03170681490632066,20.0,"mom20@q0.6,hold_q=0.4,buy_top=10,hold_top=20,rebalance=20d,min_hold=5d,turnover_penalty=0.01,target_vol=0.18",-0.032600949745115515,-0.2618497239069419
2022-01-24 15:00:00,980113.9950303613,440547.327425102,539566.6676052593,卖,SZ.300033,同花顺,82.15,400,-19886.004969638656,-0.01988600496963866,超时卖/调仓卖,调仓卖出-跌破持有阈值、跌出持有排名,1,40525.03518446239,-0.07810571204129724,68.0,"mom20@q0.6,hold_q=0.4,buy_top=10,hold_top=20,rebalance=20d,min_hold=5d,turnover_penalty=0.01,target_vol=0.18",-0.032600949745115515,-0.2618497239069419
2022-01-24 15:00:00,980113.9950303613,440547.327425102,539566.6676052593,卖,SZ.300058,蓝色光标,7.21,2600,-19886.004969638656,-0.01988600496963866,超时卖/调仓卖,调仓卖出-跌破持有阈值、跌出持有排名,1,19343.363602166275,-0.05504587155963303,57.0,"mom20@q0.6,hold_q=0.4,buy_top=10,hold_top=20,rebalance=20d,min_hold=5d,turnover_penalty=0.01,target_vol=0.18",-0.032600949745115515,-0.2618497239069419
2022-01-24 15:00:00,980113.9950303613,440547.327425102,539566.6676052593,买,SZ.300394,天孚通信,15.84,1500,-19886.004969638656,-0.01988600496963866,,调仓买入-满足动量阈值,1,25301.02531687735,0.06523201075991936,14.0,"mom20@q0.6,hold_q=0.4,buy_top=10,hold_top=20,rebalance=20d,min_hold=5d,turnover_penalty=0.01,target_vol=0.18",-0.032600949745115515,-0.2618497239069419
2022-01-24 15:00:00,980113.9950303613,440547.327425102,539566.6676052593,买,SZ.300548,长芯博创,21.48,2200,-19886.004969638656,-0.01988600496963866,,调仓买入-新进前N、满足动量阈值,1,49284.669214888956,0.09928352098259996,6.0,"mom20@q0.6,hold_q=0.4,buy_top=10,hold_top=20,rebalance=20d,min_hold=5d,turnover_penalty=0.01,target_vol=0.18",-0.032600949745115515,-0.2618497239069419
2022-02-28 15:00:00,978212.7979891513,330003.1526072215,648209.6453819298,买,SH.600111,北方稀土,48.49,600,-21787.202010848676,-0.021787202010848716,,调仓买入-新进前N、满足动量阈值,1,33718.90825962282,0.20143706640237857,4.0,"mom20@q0.6,hold_q=0.4,buy_top=10,hold_top=20,rebalance=20d,min_hold=5d,turnover_penalty=0.01,target_vol=0.18",-0.032600949745115515,-0.2618497239069419
2022-02-28 15:00:00,978212.7979891513,330003.1526072215,648209.6453819298,买,SH.600522,中天科技,17.99,1400,-21787.202010848676,-0.021787202010848716,,调仓买入-新进前N、满足动量阈值,1,25957.541452972622,0.3007953723788863,1.0,"mom20@q0.6,hold_q=0.4,buy_top=10,hold_top=20,rebalance=20d,min_hold=5d,turnover_penalty=0.01,target_vol=0.18",-0.032600949745115515,-0.2618497239069419
2022-02-28 15:00:00,978212.7979891513,330003.1526072215,648209.6453819298,买,SH.600673,东阳光,8.09,6300,-21787.202010848676,-0.021787202010848716,,调仓买入-新进前N、满足动量阈值,1,51000.65206292202,0.14427157001414415,10.0,"mom20@q0.6,hold_q=0.4,buy_top=10,hold_top=20,rebalance=20d,min_hold=5d,turnover_penalty=0.01,target_vol=0.18",-0.032600949745115515,-0.2618497239069419
2022-02-28 15:00:00,978212.7979891513,330003.1526072215,648209.6453819298,卖,SH.601088,中国神华,14.65,2400,-21787.202010848676,-0.021787202010848716,超时卖/调仓卖,调仓卖出-调仓移出持仓,1,35222.48973166063,0.08277900960827789,15.0,"mom20@q0.6,hold_q=0.4,buy_top=10,hold_top=20,rebalance=20d,min_hold=5d,turnover_penalty=0.01,target_vol=0.18",-0.032600949745115515,-0.2618497239069419
2022-02-28 15:00:00,978212.7979891513,330003.1526072215,648209.6453819298,卖,SH.601318,中国平安,40.95,1500,-21787.202010848676,-0.021787202010848716,超时卖/调仓卖,调仓卖出-跌破持有阈值、跌出持有排名,1,61945.92057204961,-0.054709141274238204,76.0,"mom20@q0.6,hold_q=0.4,buy_top=10,hold_top=20,rebalance=20d,min_hold=5d,turnover_penalty=0.01,target_vol=0.18",-0.032600949745115515,-0.2618497239069419
2022-02-28 15:00:00,978212.7979891513,330003.1526072215,648209.6453819298,买,SH.601857,中国石油,4.12,5700,-21787.202010848676,-0.021787202010848716,,调仓买入-满足动量阈值,1,23598.549242486497,0.12876712328767126,11.0,"mom20@q0.6,hold_q=0.4,buy_top=10,hold_top=20,rebalance=20d,min_hold=5d,turnover_penalty=0.01,target_vol=0.18",-0.032600949745115515,-0.2618497239069419
2022-02-28 15:00:00,978212.7979891513,330003.1526072215,648209.6453819298,卖,SH.603019,中科曙光,31.99,100,-21787.202010848676,-0.021787202010848716,超时卖/调仓卖,调仓卖出-权重下调,1,3203.8222254710395,0.03561022984784712,26.0,"mom20@q0.6,hold_q=0.4,buy_top=10,hold_top=20,rebalance=20d,min_hold=5d,turnover_penalty=0.01,target_vol=0.18",-0.032600949745115515,-0.2618497239069419
2022-02-28 15:00:00,978212.7979891513,330003.1526072215,648209.6453819298,买,SH.603799,华友钴业,92.3,300,-21787.202010848676,-0.021787202010848716,,调仓买入-新进前N、满足动量阈值,1,32827.94377755389,0.14972595914299935,7.0,"mom20@q0.6,hold_q=0.4,buy_top=10,hold_top=20,rebalance=20d,min_hold=5d,turnover_penalty=0.01,target_vol=0.18",-0.032600949745115515,-0.2618497239069419
2022-02-28 15:00:00,978212.7979891513,330003.1526072215,648209.6453819298,卖,SZ.000333,美的集团,55.57,800,-21787.202010848676,-0.021787202010848716,超时卖/调仓卖,调仓卖出-跌破持有阈值、跌出持有排名,1,46400.39212674179,-0.15713635674199922,105.0,"mom20@q0.6,hold_q=0.4,buy_top=10,hold_top=20,rebalance=20d,min_hold=5d,turnover_penalty=0.01,target_vol=0.18",-0.032600949745115515,-0.2618497239069419
2022-02-28 15:00:00,978212.7979891513,330003.1526072215,648209.6453819298,买,SZ.000792,盐湖股份,34.74,1100,-21787.202010848676,-0.021787202010848716,,调仓买入-新进前N、满足动量阈值,1,40747.16107961014,0.16381909547738704,5.0,"mom20@q0.6,hold_q=0.4,buy_top=10,hold_top=20,rebalance=20d,min_hold=5d,turnover_penalty=0.01,target_vol=0.18",-0.032600949745115515,-0.2618497239069419
2022-02-28 15:00:00,978212.7979891513,330003.1526072215,648209.6453819298,卖,SZ.000938,紫光股份,21.68,2300,-21787.202010848676,-0.021787202010848716,超时卖/调仓卖,调仓卖出-跌破持有阈值、跌出持有排名,1,50126.932508010905,-0.08018667798048373,86.0,"mom20@q0.6,hold_q=0.4,buy_top=10,hold_top=20,rebalance=20d,min_hold=5d,turnover_penalty=0.01,target_vol=0.18",-0.032600949745115515,-0.2618497239069419
2022-02-28 15:00:00,978212.7979891513,330003.1526072215,648209.6453819298,卖,SZ.002353,杰瑞股份,42.69,1700,-21787.202010848676,-0.021787202010848716,超时卖/调仓卖,调仓卖出-跌出持有排名,1,73219.40485278876,0.02669552669552666,31.0,"mom20@q0.6,hold_q=0.4,buy_top=10,hold_top=20,rebalance=20d,min_hold=5d,turnover_penalty=0.01,target_vol=0.18",-0.032600949745115515,-0.2618497239069419
2022-02-28 15:00:00,978212.7979891513,330003.1526072215,648209.6453819298,买,SZ.002460,赣锋锂业,105.99,300,-21787.202010848676,-0.021787202010848716,,调仓买入-满足动量阈值,1,32598.742864536867,0.12551768079006043,13.0,"mom20@q0.6,hold_q=0.4,buy_top=10,hold_top=20,rebalance=20d,min_hold=5d,turnover_penalty=0.01,target_vol=0.18",-0.032600949745115515,-0.2618497239069419
2022-02-28 15:00:00,978212.7979891513,330003.1526072215,648209.6453819298,卖,SZ.002463,沪电股份,15.01,2200,-21787.202010848676,-0.021787202010848716,超时卖/调仓卖,调仓卖出-跌破持有阈值、跌出持有排名,1,34353.08942412927,-0.06246096189881334,80.0,"mom20@q0.6,hold_q=0.4,buy_top=10,hold_top=20,rebalance=20d,min_hold=5d,turnover_penalty=0.01,target_vol=0.18",-0.032600949745115515,-0.2618497239069419
2022-02-28 15:00:00,978212.7979891513,330003.1526072215,648209.6453819298,买,SZ.002466,天齐锂业,96.03,200,-21787.202010848676,-0.021787202010848716,,调仓买入-新进前N、满足动量阈值,1,28686.352041649618,0.146900752418488,9.0,"mom20@q0.6,hold_q=0.4,buy_top=10,hold_top=20,rebalance=20d,min_hold=5d,turnover_penalty=0.01,target_vol=0.18",-0.032600949745115515,-0.2618497239069419
2022-02-28 15:00:00,978212.7979891513,330003.1526072215,648209.6453819298,卖,SZ.002714,牧原股份,53.37,500,-21787.202010848676,-0.021787202010848716,超时卖/调仓卖,调仓卖出-跌出持有排名,1,31978.848386199916,0.06505687487527445,21.0,"mom20@q0.6,hold_q=0.4,buy_top=10,hold_top=20,rebalance=20d,min_hold=5d,turnover_penalty=0.01,target_vol=0.18",-0.032600949745115515,-0.2618497239069419
2022-02-28 15:00:00,978212.7979891513,330003.1526072215,648209.6453819298,买,SZ.300390,天华新能,65.56,400,-21787.202010848676,-0.021787202010848716,,调仓买入-新进前N、满足动量阈值,1,29768.072688227126,0.29847494553376896,2.0,"mom20@q0.6,hold_q=0.4,buy_top=10,hold_top=20,rebalance=20d,min_hold=5d,turnover_penalty=0.01,target_vol=0.18",-0.032600949745115515,-0.2618497239069419
2022-02-28 15:00:00,978212.7979891513,330003.1526072215,648209.6453819298,卖,SZ.300394,天孚通信,15.43,1600,-21787.202010848676,-0.021787202010848716,超时卖/调仓卖,调仓卖出-跌破持有阈值、跌出持有排名,1,25301.02531687735,-0.025883838383838342,62.0,"mom20@q0.6,hold_q=0.4,buy_top=10,hold_top=20,rebalance=20d,min_hold=5d,turnover_penalty=0.01,target_vol=0.18",-0.032600949745115515,-0.2618497239069419
2022-02-28 15:00:00,978212.7979891513,330003.1526072215,648209.6453819298,卖,SZ.300548,长芯博创,22.21,2200,-21787.202010848676,-0.021787202010848716,超时卖/调仓卖,调仓卖出-跌出持有排名,1,49284.669214888956,0.03398510242085662,27.0,"mom20@q0.6,hold_q=0.4,buy_top=10,hold_top=20,rebalance=20d,min_hold=5d,turnover_penalty=0.01,target_vol=0.18",-0.032600949745115515,-0.2618497239069419
2022-03-28 15:00:00,935740.5615956045,270140.956222059,665599.6053735455,卖,SH.600111,北方稀土,38.76,800,-64259.43840439548,-0.06425943840439552,超时卖/调仓卖,调仓卖出-跌破持有阈值、跌出持有排名,1,33718.90825962282,-0.20065992988245007,96.0,"mom20@q0.6,hold_q=0.4,buy_top=10,hold_top=20,rebalance=20d,min_hold=5d,turnover_penalty=0.01,target_vol=0.18",-0.032600949745115515,-0.2618497239069419
2022-03-28 15:00:00,935740.5615956045,270140.956222059,665599.6053735455,卖,SH.600522,中天科技,15.86,1600,-64259.43840439548,-0.06425943840439552,超时卖/调仓卖,调仓卖出-跌破持有阈值、跌出持有排名,1,25957.541452972622,-0.11839911061700936,43.0,"mom20@q0.6,hold_q=0.4,buy_top=10,hold_top=20,rebalance=20d,min_hold=5d,turnover_penalty=0.01,target_vol=0.18",-0.032600949745115515,-0.2618497239069419
2022-03-28 15:00:00,935740.5615956045,270140.956222059,665599.6053735455,卖,SH.600673,东阳光,7.23,7000,-64259.43840439548,-0.06425943840439552,超时卖/调仓卖,调仓卖出-跌破持有阈值、跌出持有排名,1,51000.65206292202,-0.10630407911001227,37.0,"mom20@q0.6,hold_q=0.4,buy_top=10,hold_top=20,rebalance=20d,min_hold=5d,turnover_penalty=0.01,target_vol=0.18",-0.032600949745115515,-0.2618497239069419
2022-03-28 15:00:00,935740.5615956045,270140.956222059,665599.6053735455,买,SH.601088,中国神华,18.63,2900,-64259.43840439548,-0.06425943840439552,,调仓买入-新进前N、满足动量阈值,1,54235.598179262015,0.2716723549488054,1.0,"mom20@q0.6,hold_q=0.4,buy_top=10,hold_top=20,rebalance=20d,min_hold=5d,turnover_penalty=0.01,target_vol=0.18",-0.032600949745115515,-0.2618497239069419
2022-03-28 15:00:00,935740.5615956045,270140.956222059,665599.6053735455,卖,SH.601857,中国石油,3.91,6000,-64259.43840439548,-0.06425943840439552,超时卖/调仓卖,调仓卖出-跌破持有阈值,1,23598.549242486497,-0.050970873786407744,16.0,"mom20@q0.6,hold_q=0.4,buy_top=10,hold_top=20,rebalance=20d,min_hold=5d,turnover_penalty=0.01,target_vol=0.18",-0.032600949745115515,-0.2618497239069419
2022-03-28 15:00:00,935740.5615956045,270140.956222059,665599.6053735455,买,SH.601899,紫金矿业,10.31,6800,-64259.43840439548,-0.06425943840439552,,调仓买入-新进前N,1,70793.32961431296,0.034102306920762215,3.0,"mom20@q0.6,hold_q=0.4,buy_top=10,hold_top=20,rebalance=20d,min_hold=5d,turnover_penalty=0.01,target_vol=0.18",-0.032600949745115515,-0.2618497239069419
2022-03-28 15:00:00,935740.5615956045,270140.956222059,665599.6053735455,卖,SH.603019,中科曙光,28.79,1300,-64259.43840439548,-0.06425943840439552,超时卖/调仓卖,调仓卖出-跌破持有阈值、跌出持有排名,1,38449.210005657755,-0.10003125976867766,33.0,"mom20@q0.6,hold_q=0.4,buy_top=10,hold_top=20,rebalance=20d,min_hold=5d,turnover_penalty=0.01,target_vol=0.18",-0.032600949745115515,-0.2618497239069419
2022-03-28 15:00:00,935740.5615956045,270140.956222059,665599.6053735455,买,SH.603259,XD药明康,107.29,500,-64259.43840439548,-0.06425943840439552,,调仓买入-新进前N、满足动量阈值,1,58592.549462539355,0.07451176765147727,2.0,"mom20@q0.6,hold_q=0.4,buy_top=10,hold_top=20,rebalance=20d,min_hold=5d,turnover_penalty=0.01,target_vol=0.18",-0.032600949745115515,-0.2618497239069419
2022-03-28 15:00:00,935740.5615956045,270140.956222059,665599.6053735455,卖,SH.603799,华友钴业,69.78,400,-64259.43840439548,-0.06425943840439552,超时卖/调仓卖,调仓卖出-跌破持有阈值、跌出持有排名,1,32827.94377755389,-0.24398699891657638,107.0,"mom20@q0.6,hold_q=0.4,buy_top=10,hold_top=20,rebalance=20d,min_hold=5d,turnover_penalty=0.01,target_vol=0.18",-0.032600949745115515,-0.2618497239069419
2022-03-28 15:00:00,935740.5615956045,270140.956222059,665599.6053735455,卖,SZ.000792,盐湖股份,31.21,1300,-64259.43840439548,-0.06425943840439552,超时卖/调仓卖,调仓卖出-跌破持有阈值、跌出持有排名,1,40747.16107961014,-0.10161197466896954,34.0,"mom20@q0.6,hold_q=0.4,buy_top=10,hold_top=20,rebalance=20d,min_hold=5d,turnover_penalty=0.01,target_vol=0.18",-0.032600949745115515,-0.2618497239069419
2022-03-28 15:00:00,935740.5615956045,270140.956222059,665599.6053735455,买,SZ.002428,云南锗业,13.94,7500,-64259.43840439548,-0.06425943840439552,,调仓买入-新进前N,1,105070.6745102048,0.015294974508375692,7.0,"mom20@q0.6,hold_q=0.4,buy_top=10,hold_top=20,rebalance=20d,min_hold=5d,turnover_penalty=0.01,target_vol=0.18",-0.032600949745115515,-0.2618497239069419
2022-03-28 15:00:00,935740.5615956045,270140.956222059,665599.6053735455,卖,SZ.002460,赣锋锂业,86.03,300,-64259.43840439548,-0.06425943840439552,超时卖/调仓卖,调仓卖出-跌破持有阈值、跌出持有排名,1,32598.742864536867,-0.18831965279743368,86.0,"mom20@q0.6,hold_q=0.4,buy_top=10,hold_top=20,rebalance=20d,min_hold=5d,turnover_penalty=0.01,target_vol=0.18",-0.032600949745115515,-0.2618497239069419
2022-03-28 15:00:00,935740.5615956045,270140.956222059,665599.6053735455,卖,SZ.002466,天齐锂业,77.2,300,-64259.43840439548,-0.06425943840439552,超时卖/调仓卖,调仓卖出-跌破持有阈值、跌出持有排名,1,28686.352041649618,-0.19608455690929916,90.0,"mom20@q0.6,hold_q=0.4,buy_top=10,hold_top=20,rebalance=20d,min_hold=5d,turnover_penalty=0.01,target_vol=0.18",-0.032600949745115515,-0.2618497239069419
2022-03-28 15:00:00,935740.5615956045,270140.956222059,665599.6053735455,卖,SZ.300390,天华新能,52.88,500,-64259.43840439548,-0.06425943840439552,超时卖/调仓卖,调仓卖出-跌破持有阈值、跌出持有排名,1,29768.072688227126,-0.19341061622940814,88.0,"mom20@q0.6,hold_q=0.4,buy_top=10,hold_top=20,rebalance=20d,min_hold=5d,turnover_penalty=0.01,target_vol=0.18",-0.032600949745115515,-0.2618497239069419
2022-04-27 15:00:00,876449.1832394514,456026.57495124795,420422.6082882034,买,SH.600900,长江电力,19.24,7800,-123550.81676054862,-0.12355081676054858,,调仓买入-新进前N、满足动量阈值,1,150798.69756472332,0.062396466040861354,6.0,"mom20@q0.6,hold_q=0.4,buy_top=10,hold_top=20,rebalance=20d,min_hold=5d,turnover_penalty=0.01,target_vol=0.18",-0.032600949745115515,-0.2618497239069419
2022-04-27 15:00:00,876449.1832394514,456026.57495124795,420422.6082882034,卖,SH.601088,中国神华,18.38,300,-123550.81676054862,-0.12355081676054858,超时卖/调仓卖,调仓卖出-权重下调,1,7243.92419523634,-0.013419216317766991,15.0,"mom20@q0.6,hold_q=0.4,buy_top=10,hold_top=20,rebalance=20d,min_hold=5d,turnover_penalty=0.01,target_vol=0.18",-0.032600949745115515,-0.2618497239069419
2022-04-27 15:00:00,876449.1832394514,456026.57495124795,420422.6082882034,买,SH.601398,工商银行,3.19,57800,-123550.81676054862,-0.12355081676054858,,调仓买入-新进前N,1,184614.226370177,0.006309148264984188,10.0,"mom20@q0.6,hold_q=0.4,buy_top=10,hold_top=20,rebalance=20d,min_hold=5d,turnover_penalty=0.01,target_vol=0.18",-0.032600949745115515,-0.2618497239069419
2022-04-27 15:00:00,876449.1832394514,456026.57495124795,420422.6082882034,买,SH.601872,招商轮船,4.1,9600,-123550.81676054862,-0.12355081676054858,,调仓买入-新进前N、满足动量阈值,1,39670.40399913175,0.22023809523809512,1.0,"mom20@q0.6,hold_q=0.4,buy_top=10,hold_top=20,rebalance=20d,min_hold=5d,turnover_penalty=0.01,target_vol=0.18",-0.032600949745115515,-0.2618497239069419
2022-04-27 15:00:00,876449.1832394514,456026.57495124795,420422.6082882034,卖,SH.601899,紫金矿业,9.64,7300,-123550.81676054862,-0.12355081676054858,超时卖/调仓卖,调仓卖出-跌破持有阈值、跌出持有排名,1,70793.32961431296,-0.06498545101842867,26.0,"mom20@q0.6,hold_q=0.4,buy_top=10,hold_top=20,rebalance=20d,min_hold=5d,turnover_penalty=0.01,target_vol=0.18",-0.032600949745115515,-0.2618497239069419
2022-04-27 15:00:00,876449.1832394514,456026.57495124795,420422.6082882034,卖,SH.603259,XD药明康,99.97,500,-123550.81676054862,-0.12355081676054858,超时卖/调仓卖,调仓卖出-跌破持有阈值、跌出持有排名,1,58592.549462539355,-0.06822630254450557,27.0,"mom20@q0.6,hold_q=0.4,buy_top=10,hold_top=20,rebalance=20d,min_hold=5d,turnover_penalty=0.01,target_vol=0.18",-0.032600949745115515,-0.2618497239069419
2022-04-27 15:00:00,876449.1832394514,456026.57495124795,420422.6082882034,卖,SZ.002428,云南锗业,9.8,10700,-123550.81676054862,-0.12355081676054858,超时卖/调仓卖,调仓卖出-跌破持有阈值、跌出持有排名,1,105070.6745102048,-0.2969870875179339,104.0,"mom20@q0.6,hold_q=0.4,buy_top=10,hold_top=20,rebalance=20d,min_hold=5d,turnover_penalty=0.01,target_vol=0.18",-0.032600949745115515,-0.2618497239069419
2022-04-27 15:00:00,876449.1832394514,456026.57495124795,420422.6082882034,买,SZ.300442,润泽科技,24.56,3900,-123550.81676054862,-0.12355081676054858,,调仓买入-新进前N、满足动量阈值,1,98236.48181876793,0.17399617590822158,2.0,"mom20@q0.6,hold_q=0.4,buy_top=10,hold_top=20,rebalance=20d,min_hold=5d,turnover_penalty=0.01,target_vol=0.18",-0.032600949745115515,-0.2618497239069419
2022-05-30 15:00:00,902247.3737113941,271733.8723369991,630513.5013743951,买,SH.600549,厦门钨业,18.35,2100,-97752.62628860585,-0.09775262628860582,,调仓买入-新进前N、满足动量阈值,1,39190.30402748718,0.3239538239538242,8.0,"mom20@q0.6,hold_q=0.4,buy_top=10,hold_top=20,rebalance=20d,min_hold=5d,turnover_penalty=0.01,target_vol=0.18",-0.032600949745115515,-0.2618497239069419
2022-05-30 15:00:00,902247.3737113941,271733.8723369991,630513.5013743951,卖,SH.600900,长江电力,20.1,7500,-97752.62628860585,-0.09775262628860582,超时卖/调仓卖,调仓卖出-跌出持有排名,1,150798.69756472332,0.04469854469854484,81.0,"mom20@q0.6,hold_q=0.4,buy_top=10,hold_top=20,rebalance=20d,min_hold=5d,turnover_penalty=0.01,target_vol=0.18",-0.032600949745115515,-0.2618497239069419
2022-05-30 15:00:00,902247.3737113941,271733.8723369991,630513.5013743951,卖,SH.601088,中国神华,23.37,900,-97752.62628860585,-0.09775262628860582,超时卖/调仓卖,调仓卖出-权重下调,1,22365.118290793755,0.27149075081610463,13.0,"mom20@q0.6,hold_q=0.4,buy_top=10,hold_top=20,rebalance=20d,min_hold=5d,turnover_penalty=0.01,target_vol=0.18",-0.032600949745115515,-0.2618497239069419
2022-05-30 15:00:00,902247.3737113941,271733.8723369991,630513.5013743951,卖,SH.601398,工商银行,3.13,58900,-97752.62628860585,-0.09775262628860582,超时卖/调仓卖,调仓卖出-跌破持有阈值、跌出持有排名,1,184614.226370177,-0.018808777429467072,103.0,"mom20@q0.6,hold_q=0.4,buy_top=10,hold_top=20,rebalance=20d,min_hold=5d,turnover_penalty=0.01,target_vol=0.18",-0.032600949745115515,-0.2618497239069419
2022-05-30 15:00:00,902247.3737113941,271733.8723369991,630513.5013743951,卖,SH.601872,招商轮船,5.17,1200,-97752.62628860585,-0.09775262628860582,超时卖/调仓卖,调仓卖出-权重下调,1,6431.287313990834,0.26097560975609757,15.0,"mom20@q0.6,hold_q=0.4,buy_top=10,hold_top=20,rebalance=20d,min_hold=5d,turnover_penalty=0.01,target_vol=0.18",-0.032600949745115515,-0.2618497239069419
2022-05-30 15:00:00,902247.3737113941,271733.8723369991,630513.5013743951,买,SH.605117,德业股份,34.81,700,-97752.62628860585,-0.09775262628860582,,调仓买入-新进前N、满足动量阈值,1,24615.418193348338,0.4595387840670859,3.0,"mom20@q0.6,hold_q=0.4,buy_top=10,hold_top=20,rebalance=20d,min_hold=5d,turnover_penalty=0.01,target_vol=0.18",-0.032600949745115515,-0.2618497239069419
2022-05-30 15:00:00,902247.3737113941,271733.8723369991,630513.5013743951,买,SZ.000657,中钨高新,9.8,2700,-97752.62628860585,-0.09775262628860582,,调仓买入-新进前N、满足动量阈值,1,26590.753200034233,0.4605067064083459,2.0,"mom20@q0.6,hold_q=0.4,buy_top=10,hold_top=20,rebalance=20d,min_hold=5d,turnover_penalty=0.01,target_vol=0.18",-0.032600949745115515,-0.2618497239069419
2022-05-30 15:00:00,902247.3737113941,271733.8723369991,630513.5013743951,买,SZ.002466,天齐锂业,94.27,200,-97752.62628860585,-0.09775262628860582,,调仓买入-新进前N、满足动量阈值,1,28031.483209285798,0.5454098360655737,1.0,"mom20@q0.6,hold_q=0.4,buy_top=10,hold_top=20,rebalance=20d,min_hold=5d,turnover_penalty=0.01,target_vol=0.18",-0.032600949745115515,-0.2618497239069419
2022-05-30 15:00:00,902247.3737113941,271733.8723369991,630513.5013743951,买,SZ.300014,亿纬锂能,77.25,300,-97752.62628860585,-0.09775262628860582,,调仓买入-新进前N、满足动量阈值,1,28319.830461300902,0.3205128205128205,9.0,"mom20@q0.6,hold_q=0.4,buy_top=10,hold_top=20,rebalance=20d,min_hold=5d,turnover_penalty=0.01,target_vol=0.18",-0.032600949745115515,-0.2618497239069419
2022-05-30 15:00:00,902247.3737113941,271733.8723369991,630513.5013743951,买,SZ.300274,阳光电源,51.06,500,-97752.62628860585,-0.09775262628860582,,调仓买入-满足动量阈值,1,29904.92148954973,0.2557796360059028,16.0,"mom20@q0.6,hold_q=0.4,buy_top=10,hold_top=20,rebalance=20d,min_hold=5d,turnover_penalty=0.01,target_vol=0.18",-0.032600949745115515,-0.2618497239069419
2022-05-30 15:00:00,902247.3737113941,271733.8723369991,630513.5013743951,买,SZ.300394,天孚通信,11.03,1700,-97752.62628860585,-0.09775262628860582,,调仓买入-新进前N、满足动量阈值,1,19367.888480680373,0.29156908665105385,10.0,"mom20@q0.6,hold_q=0.4,buy_top=10,hold_top=20,rebalance=20d,min_hold=5d,turnover_penalty=0.01,target_vol=0.18",-0.032600949745115515,-0.2618497239069419
2022-05-30 15:00:00,902247.3737113941,271733.8723369991,630513.5013743951,卖,SZ.300442,润泽科技,22.17,4400,-97752.62628860585,-0.09775262628860582,超时卖/调仓卖,调仓卖出-跌破持有阈值、跌出持有排名,1,98236.48181876793,-0.09731270358306177,108.0,"mom20@q0.6,hold_q=0.4,buy_top=10,hold_top=20,rebalance=20d,min_hold=5d,turnover_penalty=0.01,target_vol=0.18",-0.032600949745115515,-0.2618497239069419
2022-05-30 15:00:00,902247.3737113941,271733.8723369991,630513.5013743951,买,SZ.300604,长川科技,39.22,1200,-97752.62628860585,-0.09775262628860582,,调仓买入-新进前N、满足动量阈值,1,47288.19606680844,0.32859078590785895,7.0,"mom20@q0.6,hold_q=0.4,buy_top=10,hold_top=20,rebalance=20d,min_hold=5d,turnover_penalty=0.01,target_vol=0.18",-0.032600949745115515,-0.2618497239069419
2022-06-28 15:00:00,952887.0853500443,271483.3477055443,681403.7376445,卖,SH.600549,厦门钨业,20.9,1800,-47112.914649955695,-0.047112914649955706,超时卖/调仓卖,调仓卖出-跌出持有排名,1,39190.30402748718,0.1389645776566757,51.0,"mom20@q0.6,hold_q=0.4,buy_top=10,hold_top=20,rebalance=20d,min_hold=5d,turnover_penalty=0.01,target_vol=0.18",-0.032600949745115515,-0.2618497239069419
2022-06-28 15:00:00,952887.0853500443,271483.3477055443,681403.7376445,卖,SH.601088,中国神华,22.25,1100,-47112.914649955695,-0.047112914649955706,超时卖/调仓卖,调仓卖出-跌破持有阈值、跌出持有排名,1,24626.555693231923,-0.047924689773213514,108.0,"mom20@q0.6,hold_q=0.4,buy_top=10,hold_top=20,rebalance=20d,min_hold=5d,turnover_penalty=0.01,target_vol=0.18",-0.032600949745115515,-0.2618497239069419
2022-06-28 15:00:00,952887.0853500443,271483.3477055443,681403.7376445,卖,SH.601872,招商轮船,5.33,6200,-47112.914649955695,-0.047112914649955706,超时卖/调仓卖,调仓卖出-跌出持有排名,1,33239.116685140914,0.030947775628626717,91.0,"mom20@q0.6,hold_q=0.4,buy_top=10,hold_top=20,rebalance=20d,min_hold=5d,turnover_penalty=0.01,target_vol=0.18",-0.032600949745115515,-0.2618497239069419
2022-06-28 15:00:00,952887.0853500443,271483.3477055443,681403.7376445,买,SH.605117,德业股份,49.02,0,-47112.914649955695,-0.047112914649955706,,调仓买入-权重上调,1,859.5001976013442,0.4082160298764723,8.0,"mom20@q0.6,hold_q=0.4,buy_top=10,hold_top=20,rebalance=20d,min_hold=5d,turnover_penalty=0.01,target_vol=0.18",-0.032600949745115515,-0.2618497239069419
2022-06-28 15:00:00,952887.0853500443,271483.3477055443,681403.7376445,买,SZ.000657,中钨高新,11.51,200,-47112.914649955695,-0.047112914649955706,,调仓买入-权重上调,1,3356.382773665942,0.17448979591836733,42.0,"mom20@q0.6,hold_q=0.4,buy_top=10,hold_top=20,rebalance=20d,min_hold=5d,turnover_penalty=0.01,target_vol=0.18",-0.032600949745115515,-0.2618497239069419
2022-06-28 15:00:00,952887.0853500443,271483.3477055443,681403.7376445,买,SZ.002050,三花智控,27.29,1000,-47112.914649955695,-0.047112914649955706,,调仓买入-新进前N、满足动量阈值,1,29380.82283109188,0.7460012795905309,2.0,"mom20@q0.6,hold_q=0.4,buy_top=10,hold_top=20,rebalance=20d,min_hold=5d,turnover_penalty=0.01,target_vol=0.18",-0.032600949745115515,-0.2618497239069419
2022-06-28 15:00:00,952887.0853500443,271483.3477055443,681403.7376445,买,SZ.002466,天齐锂业,124.05,0,-47112.914649955695,-0.047112914649955706,,调仓买入-权重上调,1,3488.456276795244,0.3159011350376577,14.0,"mom20@q0.6,hold_q=0.4,buy_top=10,hold_top=20,rebalance=20d,min_hold=5d,turnover_penalty=0.01,target_vol=0.18",-0.032600949745115515,-0.2618497239069419
2022-06-28 15:00:00,952887.0853500443,271483.3477055443,681403.7376445,买,SZ.002709,天赐材料,64.6,400,-47112.914649955695,-0.047112914649955706,,调仓买入-新进前N、满足动量阈值,1,26613.61435186606,0.7669584245076584,1.0,"mom20@q0.6,hold_q=0.4,buy_top=10,hold_top=20,rebalance=20d,min_hold=5d,turnover_penalty=0.01,target_vol=0.18",-0.032600949745115515,-0.2618497239069419
2022-06-28 15:00:00,952887.0853500443,271483.3477055443,681403.7376445,买,SZ.300014,亿纬锂能,102.53,0,-47112.914649955695,-0.047112914649955706,,调仓买入-权重上调,1,1835.6546808955022,0.32724919093851135,12.0,"mom20@q0.6,hold_q=0.4,buy_top=10,hold_top=20,rebalance=20d,min_hold=5d,turnover_penalty=0.01,target_vol=0.18",-0.032600949745115515,-0.2618497239069419
2022-06-28 15:00:00,952887.0853500443,271483.3477055443,681403.7376445,卖,SZ.300274,阳光电源,66.0,400,-47112.914649955695,-0.047112914649955706,超时卖/调仓卖,调仓卖出-调仓移出持仓,1,29904.92148954973,0.29259694477085785,19.0,"mom20@q0.6,hold_q=0.4,buy_top=10,hold_top=20,rebalance=20d,min_hold=5d,turnover_penalty=0.01,target_vol=0.18",-0.032600949745115515,-0.2618497239069419
2022-06-28 15:00:00,952887.0853500443,271483.3477055443,681403.7376445,买,SZ.300390,天华新能,61.0,400,-47112.914649955695,-0.047112914649955706,,调仓买入-新进前N、满足动量阈值,1,25873.76506458759,0.41827481980934667,7.0,"mom20@q0.6,hold_q=0.4,buy_top=10,hold_top=20,rebalance=20d,min_hold=5d,turnover_penalty=0.01,target_vol=0.18",-0.032600949745115515,-0.2618497239069419
2022-06-28 15:00:00,952887.0853500443,271483.3477055443,681403.7376445,卖,SZ.300394,天孚通信,12.26,1500,-47112.914649955695,-0.047112914649955706,超时卖/调仓卖,调仓卖出-跌出持有排名,1,19367.888480680373,0.11151405258386227,60.0,"mom20@q0.6,hold_q=0.4,buy_top=10,hold_top=20,rebalance=20d,min_hold=5d,turnover_penalty=0.01,target_vol=0.18",-0.032600949745115515,-0.2618497239069419
2022-06-28 15:00:00,952887.0853500443,271483.3477055443,681403.7376445,买,SZ.300450,先导智能,66.92,500,-47112.914649955695,-0.047112914649955706,,调仓买入-新进前N、满足动量阈值,1,35423.1614581911,0.47109254781270615,4.0,"mom20@q0.6,hold_q=0.4,buy_top=10,hold_top=20,rebalance=20d,min_hold=5d,turnover_penalty=0.01,target_vol=0.18",-0.032600949745115515,-0.2618497239069419
2022-06-28 15:00:00,952887.0853500443,271483.3477055443,681403.7376445,卖,SZ.300604,长川科技,45.57,1000,-47112.914649955695,-0.047112914649955706,超时卖/调仓卖,调仓卖出-跌出持有排名,1,47288.19606680844,0.16190719020907696,48.0,"mom20@q0.6,hold_q=0.4,buy_top=10,hold_top=20,rebalance=20d,min_hold=5d,turnover_penalty=0.01,target_vol=0.18",-0.032600949745115515,-0.2618497239069419
2022-06-28 15:00:00,952887.0853500443,271483.3477055443,681403.7376445,买,SZ.300750,宁德时代,281.76,100,-47112.914649955695,-0.047112914649955706,,调仓买入-新进前N、满足动量阈值,1,29608.615642983954,0.38962319984217797,9.0,"mom20@q0.6,hold_q=0.4,buy_top=10,hold_top=20,rebalance=20d,min_hold=5d,turnover_penalty=0.01,target_vol=0.18",-0.032600949745115515,-0.2618497239069419
2022-06-28 15:00:00,952887.0853500443,271483.3477055443,681403.7376445,买,SZ.300757,罗博特科,38.92,500,-47112.914649955695,-0.047112914649955706,,调仓买入-新进前N、满足动量阈值,1,20908.646357855483,0.633235417540915,3.0,"mom20@q0.6,hold_q=0.4,buy_top=10,hold_top=20,rebalance=20d,min_hold=5d,turnover_penalty=0.01,target_vol=0.18",-0.032600949745115515,-0.2618497239069419
2022-07-26 15:00:00,944902.9787431243,266669.16937922605,678233.8093638982,买,SH.600150,中国船舶,22.35,1500,-55097.02125687571,-0.05509702125687577,,调仓买入-新进前N、满足动量阈值,1,34874.89135749997,0.15803108808290167,8.0,"mom20@q0.6,hold_q=0.4,buy_top=10,hold_top=20,rebalance=20d,min_hold=5d,turnover_penalty=0.01,target_vol=0.18",-0.032600949745115515,-0.2618497239069419
2022-07-26 15:00:00,944902.9787431243,266669.16937922605,678233.8093638982,买,SH.600673,东阳光,10.1,3900,-55097.02125687571,-0.05509702125687577,,调仓买入-新进前N、满足动量阈值,1,40194.81590620082,0.18823529411764706,5.0,"mom20@q0.6,hold_q=0.4,buy_top=10,hold_top=20,rebalance=20d,min_hold=5d,turnover_penalty=0.01,target_vol=0.18",-0.032600949745115515,-0.2618497239069419
2022-07-26 15:00:00,944902.9787431243,266669.16937922605,678233.8093638982,买,SH.601872,招商轮船,6.36,3700,-55097.02125687571,-0.05509702125687577,,调仓买入-新进前N、满足动量阈值,1,24022.29250618848,0.1932457786116324,4.0,"mom20@q0.6,hold_q=0.4,buy_top=10,hold_top=20,rebalance=20d,min_hold=5d,turnover_penalty=0.01,target_vol=0.18",-0.032600949745115515,-0.2618497239069419
2022-07-26 15:00:00,944902.9787431243,266669.16937922605,678233.8093638982,买,SH.601991,大唐发电,2.58,15100,-55097.02125687571,-0.05509702125687577,,调仓买入-满足动量阈值,1,39006.116963679146,0.10729613733905574,13.0,"mom20@q0.6,hold_q=0.4,buy_top=10,hold_top=20,rebalance=20d,min_hold=5d,turnover_penalty=0.01,target_vol=0.18",-0.032600949745115515,-0.2618497239069419
2022-07-26 15:00:00,944902.9787431243,266669.16937922605,678233.8093638982,卖,SH.605117,德业股份,57.27,0,-55097.02125687571,-0.05509702125687577,超时卖/调仓卖,调仓卖出-权重下调,1,5377.540838323099,0.16829865361077112,6.0,"mom20@q0.6,hold_q=0.4,buy_top=10,hold_top=20,rebalance=20d,min_hold=5d,turnover_penalty=0.01,target_vol=0.18",-0.032600949745115515,-0.2618497239069419
2022-07-26 15:00:00,944902.9787431243,266669.16937922605,678233.8093638982,买,SH.688048,长光华芯,108.81,200,-55097.02125687571,-0.05509702125687577,,调仓买入-新进前N、满足动量阈值,1,23104.58453432297,0.25011488970588225,3.0,"mom20@q0.6,hold_q=0.4,buy_top=10,hold_top=20,rebalance=20d,min_hold=5d,turnover_penalty=0.01,target_vol=0.18",-0.032600949745115515,-0.2618497239069419
2022-07-26 15:00:00,944902.9787431243,266669.16937922605,678233.8093638982,买,SH.688072,拓荆科技,91.37,200,-55097.02125687571,-0.05509702125687577,,调仓买入-新进前N、满足动量阈值,1,21784.157003795615,0.30082574031890674,1.0,"mom20@q0.6,hold_q=0.4,buy_top=10,hold_top=20,rebalance=20d,min_hold=5d,turnover_penalty=0.01,target_vol=0.18",-0.032600949745115515,-0.2618497239069419
2022-07-26 15:00:00,944902.9787431243,266669.16937922605,678233.8093638982,卖,SZ.000657,中钨高新,12.71,2300,-55097.02125687571,-0.05509702125687577,超时卖/调仓卖,调仓卖出-调仓移出持仓,1,29947.135973700177,0.10425716768027815,14.0,"mom20@q0.6,hold_q=0.4,buy_top=10,hold_top=20,rebalance=20d,min_hold=5d,turnover_penalty=0.01,target_vol=0.18",-0.032600949745115515,-0.2618497239069419
2022-07-26 15:00:00,944902.9787431243,266669.16937922605,678233.8093638982,买,SZ.002028,思源电气,44.29,500,-55097.02125687571,-0.05509702125687577,,调仓买入-新进前N、满足动量阈值,1,24577.704049785447,0.26542857142857135,2.0,"mom20@q0.6,hold_q=0.4,buy_top=10,hold_top=20,rebalance=20d,min_hold=5d,turnover_penalty=0.01,target_vol=0.18",-0.032600949745115515,-0.2618497239069419
2022-07-26 15:00:00,944902.9787431243,266669.16937922605,678233.8093638982,卖,SZ.002050,三花智控,27.85,1000,-55097.02125687571,-0.05509702125687577,超时卖/调仓卖,调仓卖出-跌出持有排名,1,29380.82283109188,0.02052033711982415,27.0,"mom20@q0.6,hold_q=0.4,buy_top=10,hold_top=20,rebalance=20d,min_hold=5d,turnover_penalty=0.01,target_vol=0.18",-0.032600949745115515,-0.2618497239069419
2022-07-26 15:00:00,944902.9787431243,266669.16937922605,678233.8093638982,卖,SZ.002466,天齐锂业,117.21,200,-55097.02125687571,-0.05509702125687577,超时卖/调仓卖,调仓卖出-跌破持有阈值、跌出持有排名,1,31519.93948608104,-0.05513905683192266,64.0,"mom20@q0.6,hold_q=0.4,buy_top=10,hold_top=20,rebalance=20d,min_hold=5d,turnover_penalty=0.01,target_vol=0.18",-0.032600949745115515,-0.2618497239069419
2022-07-26 15:00:00,944902.9787431243,266669.16937922605,678233.8093638982,卖,SZ.002709,天赐材料,53.72,400,-55097.02125687571,-0.05509702125687577,超时卖/调仓卖,调仓卖出-跌破持有阈值、跌出持有排名,1,26613.61435186606,-0.16842105263157892,110.0,"mom20@q0.6,hold_q=0.4,buy_top=10,hold_top=20,rebalance=20d,min_hold=5d,turnover_penalty=0.01,target_vol=0.18",-0.032600949745115515,-0.2618497239069419
2022-07-26 15:00:00,944902.9787431243,266669.16937922605,678233.8093638982,卖,SZ.300014,亿纬锂能,95.63,300,-55097.02125687571,-0.05509702125687577,超时卖/调仓卖,调仓卖出-跌破持有阈值、跌出持有排名,1,30155.485142196405,-0.06729737637764566,74.0,"mom20@q0.6,hold_q=0.4,buy_top=10,hold_top=20,rebalance=20d,min_hold=5d,turnover_penalty=0.01,target_vol=0.18",-0.032600949745115515,-0.2618497239069419
2022-07-26 15:00:00,944902.9787431243,266669.16937922605,678233.8093638982,买,SZ.300274,阳光电源,75.76,200,-55097.02125687571,-0.05509702125687577,,调仓买入-满足动量阈值,1,16996.45012367262,0.14787878787878794,11.0,"mom20@q0.6,hold_q=0.4,buy_top=10,hold_top=20,rebalance=20d,min_hold=5d,turnover_penalty=0.01,target_vol=0.18",-0.032600949745115515,-0.2618497239069419
2022-07-26 15:00:00,944902.9787431243,266669.16937922605,678233.8093638982,卖,SZ.300390,天华新能,59.06,400,-55097.02125687571,-0.05509702125687577,超时卖/调仓卖,调仓卖出-跌破持有阈值、跌出持有排名,1,25873.76506458759,-0.031803278688524506,54.0,"mom20@q0.6,hold_q=0.4,buy_top=10,hold_top=20,rebalance=20d,min_hold=5d,turnover_penalty=0.01,target_vol=0.18",-0.032600949745115515,-0.2618497239069419
2022-07-26 15:00:00,944902.9787431243,266669.16937922605,678233.8093638982,卖,SZ.300450,先导智能,62.25,500,-55097.02125687571,-0.05509702125687577,超时卖/调仓卖,调仓卖出-跌破持有阈值、跌出持有排名,1,35423.1614581911,-0.06978481769276745,76.0,"mom20@q0.6,hold_q=0.4,buy_top=10,hold_top=20,rebalance=20d,min_hold=5d,turnover_penalty=0.01,target_vol=0.18",-0.032600949745115515,-0.2618497239069419
2022-07-26 15:00:00,944902.9787431243,266669.16937922605,678233.8093638982,买,SZ.300548,长芯博创,20.56,1800,-55097.02125687571,-0.05509702125687577,,调仓买入-新进前N、满足动量阈值,1,37560.18204434394,0.15505617977528074,10.0,"mom20@q0.6,hold_q=0.4,buy_top=10,hold_top=20,rebalance=20d,min_hold=5d,turnover_penalty=0.01,target_vol=0.18",-0.032600949745115515,-0.2618497239069419
2022-07-26 15:00:00,944902.9787431243,266669.16937922605,678233.8093638982,卖,SZ.300750,宁德时代,269.54,100,-55097.02125687571,-0.05509702125687577,超时卖/调仓卖,调仓卖出-跌破持有阈值、跌出持有排名,1,29608.615642983954,-0.04337024417944335,60.0,"mom20@q0.6,hold_q=0.4,buy_top=10,hold_top=20,rebalance=20d,min_hold=5d,turnover_penalty=0.01,target_vol=0.18",-0.032600949745115515,-0.2618497239069419
2022-07-26 15:00:00,944902.9787431243,266669.16937922605,678233.8093638982,卖,SZ.300757,罗博特科,40.77,500,-55097.02125687571,-0.05509702125687577,超时卖/调仓卖,调仓卖出-调仓移出持仓,1,20908.646357855483,0.0475334018499487,20.0,"mom20@q0.6,hold_q=0.4,buy_top=10,hold_top=20,rebalance=20d,min_hold=5d,turnover_penalty=0.01,target_vol=0.18",-0.032600949745115515,-0.2618497239069419
2022-08-23 15:00:00,990709.4221082861,284162.2831450896,706547.1389631964,买,SH.600150,中国船舶,27.18,0,-9290.57789171394,-0.009290577891713947,,调仓买入-权重上调,1,916.3450434819739,0.21610738255033546,10.0,"mom20@q0.6,hold_q=0.4,buy_top=10,hold_top=20,rebalance=20d,min_hold=5d,turnover_penalty=0.01,target_vol=0.18",-0.032600949745115515,-0.2618497239069419
2022-08-23 15:00:00,990709.4221082861,284162.2831450896,706547.1389631964,卖,SH.600673,东阳光,12.07,800,-9290.57789171394,-0.009290577891713947,超时卖/调仓卖,调仓卖出-权重下调,1,10155.38700754011,0.19504950495049522,15.0,"mom20@q0.6,hold_q=0.4,buy_top=10,hold_top=20,rebalance=20d,min_hold=5d,turnover_penalty=0.01,target_vol=0.18",-0.032600949745115515,-0.2618497239069419
2022-08-23 15:00:00,990709.4221082861,284162.2831450896,706547.1389631964,买,SH.601872,招商轮船,7.32,500,-9290.57789171394,-0.009290577891713947,,调仓买入-权重上调,1,4108.979943539301,0.15094339622641506,20.0,"mom20@q0.6,hold_q=0.4,buy_top=10,hold_top=20,rebalance=20d,min_hold=5d,turnover_penalty=0.01,target_vol=0.18",-0.032600949745115515,-0.2618497239069419
2022-08-23 15:00:00,990709.4221082861,284162.2831450896,706547.1389631964,卖,SH.601991,大唐发电,3.02,12900,-9290.57789171394,-0.009290577891713947,超时卖/调仓卖,调仓卖出-调仓移出持仓,1,39006.116963679146,0.1705426356589148,17.0,"mom20@q0.6,hold_q=0.4,buy_top=10,hold_top=20,rebalance=20d,min_hold=5d,turnover_penalty=0.01,target_vol=0.18",-0.032600949745115515,-0.2618497239069419
2022-08-23 15:00:00,990709.4221082861,284162.2831450896,706547.1389631964,买,SH.605117,德业股份,81.42,100,-9290.57789171394,-0.009290577891713947,,调仓买入-权重上调,1,12405.2080291754,0.4216867469879517,1.0,"mom20@q0.6,hold_q=0.4,buy_top=10,hold_top=20,rebalance=20d,min_hold=5d,turnover_penalty=0.01,target_vol=0.18",-0.032600949745115515,-0.2618497239069419
2022-08-23 15:00:00,990709.4221082861,284162.2831450896,706547.1389631964,卖,SH.688048,长光华芯,110.73,200,-9290.57789171394,-0.009290577891713947,超时卖/调仓卖,调仓卖出-跌出持有排名,1,23104.58453432297,0.017645437000275654,61.0,"mom20@q0.6,hold_q=0.4,buy_top=10,hold_top=20,rebalance=20d,min_hold=5d,turnover_penalty=0.01,target_vol=0.18",-0.032600949745115515,-0.2618497239069419
2022-08-23 15:00:00,990709.4221082861,284162.2831450896,706547.1389631964,买,SH.688072,拓荆科技,116.62,0,-9290.57789171394,-0.009290577891713947,,调仓买入-权重上调,1,8116.4887420825535,0.2763489110211228,8.0,"mom20@q0.6,hold_q=0.4,buy_top=10,hold_top=20,rebalance=20d,min_hold=5d,turnover_penalty=0.01,target_vol=0.18",-0.032600949745115515,-0.2618497239069419
2022-08-23 15:00:00,990709.4221082861,284162.2831450896,706547.1389631964,卖,SZ.002028,思源电气,44.6,500,-9290.57789171394,-0.009290577891713947,超时卖/调仓卖,调仓卖出-跌出持有排名,1,24577.704049785447,0.006999322646195516,68.0,"mom20@q0.6,hold_q=0.4,buy_top=10,hold_top=20,rebalance=20d,min_hold=5d,turnover_penalty=0.01,target_vol=0.18",-0.032600949745115515,-0.2618497239069419
2022-08-23 15:00:00,990709.4221082861,284162.2831450896,706547.1389631964,买,SZ.002156,通富微电,19.96,1100,-9290.57789171394,-0.009290577891713947,,调仓买入-新进前N、满足动量阈值,1,23078.16255150441,0.3477380148548279,3.0,"mom20@q0.6,hold_q=0.4,buy_top=10,hold_top=20,rebalance=20d,min_hold=5d,turnover_penalty=0.01,target_vol=0.18",-0.032600949745115515,-0.2618497239069419
2022-08-23 15:00:00,990709.4221082861,284162.2831450896,706547.1389631964,买,SZ.002384,东山精密,29.18,900,-9290.57789171394,-0.009290577891713947,,调仓买入-新进前N、满足动量阈值,1,28795.68686137071,0.2900088417329796,7.0,"mom20@q0.6,hold_q=0.4,buy_top=10,hold_top=20,rebalance=20d,min_hold=5d,turnover_penalty=0.01,target_vol=0.18",-0.032600949745115515,-0.2618497239069419
2022-08-23 15:00:00,990709.4221082861,284162.2831450896,706547.1389631964,买,SZ.300274,阳光电源,100.12,100,-9290.57789171394,-0.009290577891713947,,调仓买入-权重上调,1,11587.48091063509,0.3215417106652587,5.0,"mom20@q0.6,hold_q=0.4,buy_top=10,hold_top=20,rebalance=20d,min_hold=5d,turnover_penalty=0.01,target_vol=0.18",-0.032600949745115515,-0.2618497239069419
2022-08-23 15:00:00,990709.4221082861,284162.2831450896,706547.1389631964,买,SZ.300395,菲利华,64.72,400,-9290.57789171394,-0.009290577891713947,,调仓买入-新进前N、满足动量阈值,1,26787.681756314643,0.37614288751860503,2.0,"mom20@q0.6,hold_q=0.4,buy_top=10,hold_top=20,rebalance=20d,min_hold=5d,turnover_penalty=0.01,target_vol=0.18",-0.032600949745115515,-0.2618497239069419
2022-08-23 15:00:00,990709.4221082861,284162.2831450896,706547.1389631964,卖,SZ.300548,长芯博创,21.84,1700,-9290.57789171394,-0.009290577891713947,超时卖/调仓卖,调仓卖出-跌出持有排名,1,37560.18204434394,0.0622568093385214,45.0,"mom20@q0.6,hold_q=0.4,buy_top=10,hold_top=20,rebalance=20d,min_hold=5d,turnover_penalty=0.01,target_vol=0.18",-0.032600949745115515,-0.2618497239069419
2022-08-23 15:00:00,990709.4221082861,284162.2831450896,706547.1389631964,买,SZ.300620,光库科技,29.79,700,-9290.57789171394,-0.009290577891713947,,调仓买入-新进前N、满足动量阈值,1,23216.441122151056,0.3455284552845528,4.0,"mom20@q0.6,hold_q=0.4,buy_top=10,hold_top=20,rebalance=20d,min_hold=5d,turnover_penalty=0.01,target_vol=0.18",-0.032600949745115515,-0.2618497239069419
2022-09-08 15:00:00,1001581.0606536579,270839.9383004828,730741.1223531751,买,SH.600487,亨通光电,18.89,2700,1581.0606536578853,0.0015810606536579286,,调仓买入-满足动量阈值,2,52335.34264603408,0.17038413878562575,7.0,"mom20@q0.6,hold_q=0.4,buy_top=5,hold_top=10,rebalance=20d,min_hold=5d,turnover_penalty=0.01,target_vol=0.18",0.16672406721984,1.3865335159118868
2022-09-08 15:00:00,1001581.0606536579,270839.9383004828,730741.1223531751,买,SH.600875,东方电气,22.44,2900,1581.0606536578853,0.0015810606536579286,,调仓买入-新进前N、满足动量阈值,2,65873.1496577173,0.4338658146964858,2.0,"mom20@q0.6,hold_q=0.4,buy_top=5,hold_top=10,rebalance=20d,min_hold=5d,turnover_penalty=0.01,target_vol=0.18",0.16672406721984,1.3865335159118868
2022-09-08 15:00:00,1001581.0606536579,270839.9383004828,730741.1223531751,买,SH.600938,中国海油,11.8,3800,1581.0606536578853,0.0015810606536579286,,调仓买入-满足动量阈值,2,45080.04456483153,0.17764471057884235,6.0,"mom20@q0.6,hold_q=0.4,buy_top=5,hold_top=10,rebalance=20d,min_hold=5d,turnover_penalty=0.01,target_vol=0.18",0.16672406721984,1.3865335159118868
2022-09-08 15:00:00,1001581.0606536579,270839.9383004828,730741.1223531751,买,SH.601869,长飞光纤,44.15,900,1581.0606536578853,0.0015810606536579286,,调仓买入-新进前N、满足动量阈值,2,43267.26164047432,0.36265432098765427,3.0,"mom20@q0.6,hold_q=0.4,buy_top=5,hold_top=10,rebalance=20d,min_hold=5d,turnover_penalty=0.01,target_vol=0.18",0.16672406721984,1.3865335159118868
2022-09-08 15:00:00,1001581.0606536579,270839.9383004828,730741.1223531751,买,SH.601991,大唐发电,3.83,16600,1581.0606536578853,0.0015810606536579286,,调仓买入-新进前N、满足动量阈值,2,63856.601385690825,0.47307692307692295,1.0,"mom20@q0.6,hold_q=0.4,buy_top=5,hold_top=10,rebalance=20d,min_hold=5d,turnover_penalty=0.01,target_vol=0.18",0.16672406721984,1.3865335159118868
2022-10-14 15:00:00,1005441.705998636,330816.4428870633,674625.2631115727,买,SH.600487,亨通光电,19.2,600,5441.705998635967,0.005441705998636026,,调仓买入-权重上调,2,12004.185275186346,0.0164107993647431,12.0,"mom20@q0.6,hold_q=0.4,buy_top=5,hold_top=10,rebalance=20d,min_hold=5d,turnover_penalty=0.01,target_vol=0.18",0.16672406721984,1.3865335159118868
2022-10-14 15:00:00,1005441.705998636,330816.4428870633,674625.2631115727,卖,SH.600875,东方电气,20.81,3100,5441.705998635967,0.005441705998636026,超时卖/调仓卖,调仓卖出-跌破持有阈值、跌出持有排名,2,65873.1496577173,-0.07263814616755804,51.0,"mom20@q0.6,hold_q=0.4,buy_top=5,hold_top=10,rebalance=20d,min_hold=5d,turnover_penalty=0.01,target_vol=0.18",0.16672406721984,1.3865335159118868
2022-10-14 15:00:00,1005441.705998636,330816.4428870633,674625.2631115727,卖,SH.600938,中国海油,12.52,3600,5441.705998635967,0.005441705998636026,超时卖/调仓卖,调仓卖出-调仓移出持仓,2,45080.04456483153,0.0610169491525423,7.0,"mom20@q0.6,hold_q=0.4,buy_top=5,hold_top=10,rebalance=20d,min_hold=5d,turnover_penalty=0.01,target_vol=0.18",0.16672406721984,1.3865335159118868
2022-10-14 15:00:00,1005441.705998636,330816.4428870633,674625.2631115727,卖,SH.601869,长飞光纤,40.19,1000,5441.705998635967,0.005441705998636026,超时卖/调仓卖,调仓卖出-跌破持有阈值、跌出持有排名,2,43267.26164047432,-0.08969422423556062,59.0,"mom20@q0.6,hold_q=0.4,buy_top=5,hold_top=10,rebalance=20d,min_hold=5d,turnover_penalty=0.01,target_vol=0.18",0.16672406721984,1.3865335159118868
2022-10-14 15:00:00,1005441.705998636,330816.4428870633,674625.2631115727,卖,SH.601991,大唐发电,3.73,17100,5441.705998635967,0.005441705998636026,超时卖/调仓卖,调仓卖出-跌出持有排名,2,63856.601385690825,-0.026109660574412552,22.0,"mom20@q0.6,hold_q=0.4,buy_top=5,hold_top=10,rebalance=20d,min_hold=5d,turnover_penalty=0.01,target_vol=0.18",0.16672406721984,1.3865335159118868
2022-10-14 15:00:00,1005441.705998636,330816.4428870633,674625.2631115727,买,SH.603083,剑桥科技,13.47,3400,5441.705998635967,0.005441705998636026,,调仓买入-新进前N、满足动量阈值,2,46545.43003203028,0.3524096385542168,1.0,"mom20@q0.6,hold_q=0.4,buy_top=5,hold_top=10,rebalance=20d,min_hold=5d,turnover_penalty=0.01,target_vol=0.18",0.16672406721984,1.3865335159118868
2022-10-14 15:00:00,1005441.705998636,330816.4428870633,674625.2631115727,买,SZ.002837,英维克,16.38,2700,5441.705998635967,0.005441705998636026,,调仓买入-新进前N、满足动量阈值,2,45419.33987483901,0.18523878437047747,2.0,"mom20@q0.6,hold_q=0.4,buy_top=5,hold_top=10,rebalance=20d,min_hold=5d,turnover_penalty=0.01,target_vol=0.18",0.16672406721984,1.3865335159118868
2022-10-14 15:00:00,1005441.705998636,330816.4428870633,674625.2631115727,买,SZ.300124,汇川技术,60.98,1800,5441.705998635967,0.005441705998636026,,调仓买入-新进前N、满足动量阈值,2,113562.32468055865,0.07340256997007555,5.0,"mom20@q0.6,hold_q=0.4,buy_top=5,hold_top=10,rebalance=20d,min_hold=5d,turnover_penalty=0.01,target_vol=0.18",0.16672406721984,1.3865335159118868
2022-10-14 15:00:00,1005441.705998636,330816.4428870633,674625.2631115727,买,SZ.300274,阳光电源,91.01,600,5441.705998635967,0.005441705998636026,,调仓买入-新进前N、满足动量阈值,2,59159.35772805379,0.09098537520978178,4.0,"mom20@q0.6,hold_q=0.4,buy_top=5,hold_top=10,rebalance=20d,min_hold=5d,turnover_penalty=0.01,target_vol=0.18",0.16672406721984,1.3865335159118868
2022-11-11 15:00:00,994885.4052158721,275579.86312260624,719305.5420932658,卖,SH.600487,亨通光电,16.59,3800,-5114.594784127898,-0.005114594784127902,超时卖/调仓卖,调仓卖出-跌破持有阈值、跌出持有排名,2,64339.527921220426,-0.13593749999999993,111.0,"mom20@q0.6,hold_q=0.4,buy_top=5,hold_top=10,rebalance=20d,min_hold=5d,turnover_penalty=0.01,target_vol=0.18",0.16672406721984,1.3865335159118868
2022-11-11 15:00:00,994885.4052158721,275579.86312260624,719305.5420932658,卖,SH.603083,剑桥科技,11.52,4000,-5114.594784127898,-0.005114594784127902,超时卖/调仓卖,调仓卖出-跌破持有阈值、跌出持有排名,2,46545.43003203028,-0.14476614699331858,112.0,"mom20@q0.6,hold_q=0.4,buy_top=5,hold_top=10,rebalance=20d,min_hold=5d,turnover_penalty=0.01,target_vol=0.18",0.16672406721984,1.3865335159118868
2022-11-11 15:00:00,994885.4052158721,275579.86312260624,719305.5420932658,买,SH.688008,澜起科技,64.66,900,-5114.594784127898,-0.005114594784127902,,调仓买入-新进前N、满足动量阈值,2,64551.733423705075,0.40840775430189513,1.0,"mom20@q0.6,hold_q=0.4,buy_top=5,hold_top=10,rebalance=20d,min_hold=5d,turnover_penalty=0.01,target_vol=0.18",0.16672406721984,1.3865335159118868
2022-11-11 15:00:00,994885.4052158721,275579.86312260624,719305.5420932658,买,SH.688012,DR中微公,104.4,400,-5114.594784127898,-0.005114594784127902,,调仓买入-新进前N、满足动量阈值,2,51985.33387537897,0.27941176470588247,4.0,"mom20@q0.6,hold_q=0.4,buy_top=5,hold_top=10,rebalance=20d,min_hold=5d,turnover_penalty=0.01,target_vol=0.18",0.16672406721984,1.3865335159118868
2022-11-11 15:00:00,994885.4052158721,275579.86312260624,719305.5420932658,买,SZ.002463,沪电股份,10.78,5600,-5114.594784127898,-0.005114594784127902,,调仓买入-新进前N、满足动量阈值,2,61012.674487406206,0.2362385321100915,5.0,"mom20@q0.6,hold_q=0.4,buy_top=5,hold_top=10,rebalance=20d,min_hold=5d,turnover_penalty=0.01,target_vol=0.18",0.16672406721984,1.3865335159118868
2022-11-11 15:00:00,994885.4052158721,275579.86312260624,719305.5420932658,卖,SZ.002837,英维克,14.66,3000,-5114.594784127898,-0.005114594784127902,超时卖/调仓卖,调仓卖出-跌破持有阈值、跌出持有排名,2,45419.33987483901,-0.10500610500610497,106.0,"mom20@q0.6,hold_q=0.4,buy_top=5,hold_top=10,rebalance=20d,min_hold=5d,turnover_penalty=0.01,target_vol=0.18",0.16672406721984,1.3865335159118868
2022-11-11 15:00:00,994885.4052158721,275579.86312260624,719305.5420932658,买,SZ.300058,蓝色光标,3.98,13900,-5114.594784127898,-0.005114594784127902,,调仓买入-满足动量阈值,2,55471.36056719714,0.19519519519519513,8.0,"mom20@q0.6,hold_q=0.4,buy_top=5,hold_top=10,rebalance=20d,min_hold=5d,turnover_penalty=0.01,target_vol=0.18",0.16672406721984,1.3865335159118868
2022-11-11 15:00:00,994885.4052158721,275579.86312260624,719305.5420932658,卖,SZ.300124,汇川技术,69.98,1600,-5114.594784127898,-0.005114594784127902,超时卖/调仓卖,调仓卖出-跌出持有排名,2,113562.32468055865,0.1475893735651035,13.0,"mom20@q0.6,hold_q=0.4,buy_top=5,hold_top=10,rebalance=20d,min_hold=5d,turnover_penalty=0.01,target_vol=0.18",0.16672406721984,1.3865335159118868
2022-11-11 15:00:00,994885.4052158721,275579.86312260624,719305.5420932658,卖,SZ.300274,阳光电源,84.98,600,-5114.594784127898,-0.005114594784127902,超时卖/调仓卖,调仓卖出-跌破持有阈值、跌出持有排名,2,59159.35772805379,-0.06625645533457858,99.0,"mom20@q0.6,hold_q=0.4,buy_top=5,hold_top=10,rebalance=20d,min_hold=5d,turnover_penalty=0.01,target_vol=0.18",0.16672406721984,1.3865335159118868
2022-11-11 15:00:00,994885.4052158721,275579.86312260624,719305.5420932658,买,SZ.301308,江波龙,67.11,600,-5114.594784127898,-0.005114594784127902,,调仓买入-新进前N、满足动量阈值,2,43975.48607531911,0.3107421874999998,2.0,"mom20@q0.6,hold_q=0.4,buy_top=5,hold_top=10,rebalance=20d,min_hold=5d,turnover_penalty=0.01,target_vol=0.18",0.16672406721984,1.3865335159118868
2022-12-09 15:00:00,1007545.9618681812,374689.0174555969,632856.9444125844,买,SH.600036,招商银行,30.03,1700,7545.961868181243,0.007545961868181239,,调仓买入-新进前N、满足动量阈值,2,53764.35684199697,0.22471451876019577,3.0,"mom20@q0.6,hold_q=0.4,buy_top=5,hold_top=10,rebalance=20d,min_hold=5d,turnover_penalty=0.01,target_vol=0.18",0.16672406721984,1.3865335159118868
2022-12-09 15:00:00,1007545.9618681812,374689.0174555969,632856.9444125844,买,SH.601318,中国平安,40.21,1600,7545.961868181243,0.007545961868181239,,调仓买入-新进前N、满足动量阈值,2,67245.91360488304,0.22070431086824538,5.0,"mom20@q0.6,hold_q=0.4,buy_top=5,hold_top=10,rebalance=20d,min_hold=5d,turnover_penalty=0.01,target_vol=0.18",0.16672406721984,1.3865335159118868
2022-12-09 15:00:00,1007545.9618681812,374689.0174555969,632856.9444125844,卖,SH.688008,澜起科技,67.32,900,7545.961868181243,0.007545961868181239,超时卖/调仓卖,调仓卖出-跌出持有排名,2,64551.733423705075,0.04113826167646151,33.0,"mom20@q0.6,hold_q=0.4,buy_top=5,hold_top=10,rebalance=20d,min_hold=5d,turnover_penalty=0.01,target_vol=0.18",0.16672406721984,1.3865335159118868
2022-12-09 15:00:00,1007545.9618681812,374689.0174555969,632856.9444125844,卖,SH.688012,DR中微公,106.2,400,7545.961868181243,0.007545961868181239,超时卖/调仓卖,调仓卖出-跌出持有排名,2,51985.33387537897,0.01724137931034475,48.0,"mom20@q0.6,hold_q=0.4,buy_top=5,hold_top=10,rebalance=20d,min_hold=5d,turnover_penalty=0.01,target_vol=0.18",0.16672406721984,1.3865335159118868
2022-12-09 15:00:00,1007545.9618681812,374689.0174555969,632856.9444125844,买,SZ.000333,美的集团,44.85,1600,7545.961868181243,0.007545961868181239,,调仓买入-新进前N、满足动量阈值,2,74434.84057871842,0.23963515754560527,2.0,"mom20@q0.6,hold_q=0.4,buy_top=5,hold_top=10,rebalance=20d,min_hold=5d,turnover_penalty=0.01,target_vol=0.18",0.16672406721984,1.3865335159118868
2022-12-09 15:00:00,1007545.9618681812,374689.0174555969,632856.9444125844,买,SZ.000858,五 粮 液,166.5,500,7545.961868181243,0.007545961868181239,,调仓买入-新进前N、满足动量阈值,2,91901.6418384846,0.24953095684802995,1.0,"mom20@q0.6,hold_q=0.4,buy_top=5,hold_top=10,rebalance=20d,min_hold=5d,turnover_penalty=0.01,target_vol=0.18",0.16672406721984,1.3865335159118868
2022-12-09 15:00:00,1007545.9618681812,374689.0174555969,632856.9444125844,买,SZ.002080,中材科技,22.71,3700,7545.961868181243,0.007545961868181239,,调仓买入-新进前N、满足动量阈值,2,84536.05113311866,0.22096774193548385,4.0,"mom20@q0.6,hold_q=0.4,buy_top=5,hold_top=10,rebalance=20d,min_hold=5d,turnover_penalty=0.01,target_vol=0.18",0.16672406721984,1.3865335159118868
2022-12-09 15:00:00,1007545.9618681812,374689.0174555969,632856.9444125844,卖,SZ.002463,沪电股份,10.6,5700,7545.961868181243,0.007545961868181239,超时卖/调仓卖,调仓卖出-跌出持有排名,2,61012.674487406206,-0.016697588126159513,77.0,"mom20@q0.6,hold_q=0.4,buy_top=5,hold_top=10,rebalance=20d,min_hold=5d,turnover_penalty=0.01,target_vol=0.18",0.16672406721984,1.3865335159118868
2022-12-09 15:00:00,1007545.9618681812,374689.0174555969,632856.9444125844,卖,SZ.300058,蓝色光标,3.69,15000,7545.961868181243,0.007545961868181239,超时卖/调仓卖,调仓卖出-跌破持有阈值、跌出持有排名,2,55471.36056719714,-0.07286432160804024,98.0,"mom20@q0.6,hold_q=0.4,buy_top=5,hold_top=10,rebalance=20d,min_hold=5d,turnover_penalty=0.01,target_vol=0.18",0.16672406721984,1.3865335159118868
2022-12-09 15:00:00,1007545.9618681812,374689.0174555969,632856.9444125844,卖,SZ.301308,江波龙,67.94,600,7545.961868181243,0.007545961868181239,超时卖/调仓卖,调仓卖出-跌出持有排名,2,43975.48607531911,0.012367754433020295,52.0,"mom20@q0.6,hold_q=0.4,buy_top=5,hold_top=10,rebalance=20d,min_hold=5d,turnover_penalty=0.01,target_vol=0.18",0.16672406721984,1.3865335159118868
2023-01-09 15:00:00,1018829.9233619823,415537.7416481307,603292.1817138516,买,SH.600036,招商银行,32.08,1600,18829.923361982335,0.018829923361982415,,调仓买入-权重上调,2,53056.04291549831,0.06826506826506806,14.0,"mom20@q0.6,hold_q=0.4,buy_top=5,hold_top=10,rebalance=20d,min_hold=5d,turnover_penalty=0.01,target_vol=0.18",0.16672406721984,1.3865335159118868
2023-01-09 15:00:00,1018829.9233619823,415537.7416481307,603292.1817138516,买,SH.601318,中国平安,43.52,1000,18829.923361982335,0.018829923361982415,,调仓买入-权重上调,2,45273.4511717158,0.08231783138522752,9.0,"mom20@q0.6,hold_q=0.4,buy_top=5,hold_top=10,rebalance=20d,min_hold=5d,turnover_penalty=0.01,target_vol=0.18",0.16672406721984,1.3865335159118868
2023-01-09 15:00:00,1018829.9233619823,415537.7416481307,603292.1817138516,卖,SZ.000333,美的集团,44.66,1600,18829.923361982335,0.018829923361982415,超时卖/调仓卖,调仓卖出-跌出持有排名,2,74434.84057871842,-0.00423634336677825,41.0,"mom20@q0.6,hold_q=0.4,buy_top=5,hold_top=10,rebalance=20d,min_hold=5d,turnover_penalty=0.01,target_vol=0.18",0.16672406721984,1.3865335159118868
2023-01-09 15:00:00,1018829.9233619823,415537.7416481307,603292.1817138516,卖,SZ.000858,五 粮 液,179.11,0,18829.923361982335,0.018829923361982415,超时卖/调仓卖,调仓卖出-权重下调,2,4544.539936428018,0.07573573573573578,10.0,"mom20@q0.6,hold_q=0.4,buy_top=5,hold_top=10,rebalance=20d,min_hold=5d,turnover_penalty=0.01,target_vol=0.18",0.16672406721984,1.3865335159118868
2023-01-09 15:00:00,1018829.9233619823,415537.7416481307,603292.1817138516,买,SZ.000938,紫光股份,23.19,2700,18829.923361982335,0.018829923361982415,,调仓买入-新进前N、满足动量阈值,2,62658.88606152694,0.1898409440738842,1.0,"mom20@q0.6,hold_q=0.4,buy_top=5,hold_top=10,rebalance=20d,min_hold=5d,turnover_penalty=0.01,target_vol=0.18",0.16672406721984,1.3865335159118868
2023-01-09 15:00:00,1018829.9233619823,415537.7416481307,603292.1817138516,卖,SZ.002080,中材科技,21.82,3800,18829.923361982335,0.018829923361982415,超时卖/调仓卖,调仓卖出-跌破持有阈值、跌出持有排名,2,84536.05113311866,-0.039189784236019376,79.0,"mom20@q0.6,hold_q=0.4,buy_top=5,hold_top=10,rebalance=20d,min_hold=5d,turnover_penalty=0.01,target_vol=0.18",0.16672406721984,1.3865335159118868
2023-01-09 15:00:00,1018829.9233619823,415537.7416481307,603292.1817138516,买,SZ.300757,罗博特科,41.7,900,18829.923361982335,0.018829923361982415,,调仓买入-新进前N、满足动量阈值,2,38502.057839223315,0.09048117154811708,5.0,"mom20@q0.6,hold_q=0.4,buy_top=5,hold_top=10,rebalance=20d,min_hold=5d,turnover_penalty=0.01,target_vol=0.18",0.16672406721984,1.3865335159118868
2023-02-13 15:00:00,1042311.257549535,353635.32413160865,688675.9334179263,卖,SH.600036,招商银行,31.0,3400,42311.25754953502,0.04231125754953502,超时卖/调仓卖,调仓卖出-跌破持有阈值、跌出持有排名,2,106820.39975749527,-0.03366583541147128,109.0,"mom20@q0.6,hold_q=0.4,buy_top=5,hold_top=10,rebalance=20d,min_hold=5d,turnover_penalty=0.01,target_vol=0.18",0.16672406721984,1.3865335159118868
2023-02-13 15:00:00,1042311.257549535,353635.32413160865,688675.9334179263,卖,SH.601318,中国平安,41.86,2600,42311.25754953502,0.04231125754953502,超时卖/调仓卖,调仓卖出-跌破持有阈值、跌出持有排名,2,112519.36477659884,-0.038143382352941235,111.0,"mom20@q0.6,hold_q=0.4,buy_top=5,hold_top=10,rebalance=20d,min_hold=5d,turnover_penalty=0.01,target_vol=0.18",0.16672406721984,1.3865335159118868
2023-02-13 15:00:00,1042311.257549535,353635.32413160865,688675.9334179263,买,SH.603083,剑桥科技,15.84,4900,42311.25754953502,0.04231125754953502,,调仓买入-满足动量阈值,2,77629.8981396373,0.42190305206463186,6.0,"mom20@q0.6,hold_q=0.4,buy_top=5,hold_top=10,rebalance=20d,min_hold=5d,turnover_penalty=0.01,target_vol=0.18",0.16672406721984,1.3865335159118868
2023-02-13 15:00:00,1042311.257549535,353635.32413160865,688675.9334179263,买,SH.688256,寒武纪,57.72,1300,42311.25754953502,0.04231125754953502,,调仓买入-新进前N、满足动量阈值,2,77938.94334556012,0.552865213882163,2.0,"mom20@q0.6,hold_q=0.4,buy_top=5,hold_top=10,rebalance=20d,min_hold=5d,turnover_penalty=0.01,target_vol=0.18",0.16672406721984,1.3865335159118868
2023-02-13 15:00:00,1042311.257549535,353635.32413160865,688675.9334179263,卖,SZ.000858,五 粮 液,195.63,400,42311.25754953502,0.04231125754953502,超时卖/调仓卖,调仓卖出-跌出持有排名,2,87357.10190205659,0.09223382279046377,58.0,"mom20@q0.6,hold_q=0.4,buy_top=5,hold_top=10,rebalance=20d,min_hold=5d,turnover_penalty=0.01,target_vol=0.18",0.16672406721984,1.3865335159118868
2023-02-13 15:00:00,1042311.257549535,353635.32413160865,688675.9334179263,卖,SZ.000938,紫光股份,24.99,2500,42311.25754953502,0.04231125754953502,超时卖/调仓卖,调仓卖出-跌出持有排名,2,62658.88606152694,0.07761966364812412,66.0,"mom20@q0.6,hold_q=0.4,buy_top=5,hold_top=10,rebalance=20d,min_hold=5d,turnover_penalty=0.01,target_vol=0.18",0.16672406721984,1.3865335159118868
2023-02-13 15:00:00,1042311.257549535,353635.32413160865,688675.9334179263,买,SZ.002281,光迅科技,22.74,3200,42311.25754953502,0.04231125754953502,,调仓买入-新进前N、满足动量阈值,2,73760.37245800724,0.45675848814862263,4.0,"mom20@q0.6,hold_q=0.4,buy_top=5,hold_top=10,rebalance=20d,min_hold=5d,turnover_penalty=0.01,target_vol=0.18",0.16672406721984,1.3865335159118868
2023-02-13 15:00:00,1042311.257549535,353635.32413160865,688675.9334179263,买,SZ.300394,天孚通信,19.43,2800,42311.25754953502,0.04231125754953502,,调仓买入-新进前N、满足动量阈值,2,55420.65764487238,0.701401050788091,1.0,"mom20@q0.6,hold_q=0.4,buy_top=5,hold_top=10,rebalance=20d,min_hold=5d,turnover_penalty=0.01,target_vol=0.18",0.16672406721984,1.3865335159118868
2023-02-13 15:00:00,1042311.257549535,353635.32413160865,688675.9334179263,买,SZ.300476,胜宏科技,16.6,3200,42311.25754953502,0.04231125754953502,,调仓买入-新进前N、满足动量阈值,2,54530.09067866692,0.5327793167128347,3.0,"mom20@q0.6,hold_q=0.4,buy_top=5,hold_top=10,rebalance=20d,min_hold=5d,turnover_penalty=0.01,target_vol=0.18",0.16672406721984,1.3865335159118868
2023-02-13 15:00:00,1042311.257549535,353635.32413160865,688675.9334179263,卖,SZ.300757,罗博特科,44.77,800,42311.25754953502,0.04231125754953502,超时卖/调仓卖,调仓卖出-跌出持有排名,2,38502.057839223315,0.07362110311750603,68.0,"mom20@q0.6,hold_q=0.4,buy_top=5,hold_top=10,rebalance=20d,min_hold=5d,turnover_penalty=0.01,target_vol=0.18",0.16672406721984,1.3865335159118868
2023-03-13 15:00:00,1064615.6553047975,298750.10287324805,765865.5524315494,买,SH.600118,中国卫星,31.5,2300,64615.65530479746,0.0646156553047974,,调仓买入-新进前N、满足动量阈值,2,75220.44671760999,0.321863197650021,2.0,"mom20@q0.6,hold_q=0.4,buy_top=5,hold_top=10,rebalance=20d,min_hold=5d,turnover_penalty=0.01,target_vol=0.18",0.16672406721984,1.3865335159118868
2023-03-13 15:00:00,1064615.6553047975,298750.10287324805,765865.5524315494,买,SH.603019,中科曙光,33.01,1400,64615.65530479746,0.0646156553047974,,调仓买入-满足动量阈值,2,46242.28410610174,0.22304557243423484,6.0,"mom20@q0.6,hold_q=0.4,buy_top=5,hold_top=10,rebalance=20d,min_hold=5d,turnover_penalty=0.01,target_vol=0.18",0.16672406721984,1.3865335159118868
2023-03-13 15:00:00,1064615.6553047975,298750.10287324805,765865.5524315494,卖,SH.603083,剑桥科技,21.82,1300,64615.65530479746,0.0646156553047974,超时卖/调仓卖,调仓卖出-权重下调,2,28844.734878496514,0.3775252525252526,1.0,"mom20@q0.6,hold_q=0.4,buy_top=5,hold_top=10,rebalance=20d,min_hold=5d,turnover_penalty=0.01,target_vol=0.18",0.16672406721984,1.3865335159118868
2023-03-13 15:00:00,1064615.6553047975,298750.10287324805,765865.5524315494,买,SH.688072,拓荆科技,140.39,400,64615.65530479746,0.0646156553047974,,调仓买入-满足动量阈值,2,60654.29405208172,0.1761896782841823,9.0,"mom20@q0.6,hold_q=0.4,buy_top=5,hold_top=10,rebalance=20d,min_hold=5d,turnover_penalty=0.01,target_vol=0.18",0.16672406721984,1.3865335159118868
2023-03-13 15:00:00,1064615.6553047975,298750.10287324805,765865.5524315494,卖,SH.688256,寒武纪,63.28,400,64615.65530479746,0.0646156553047974,超时卖/调仓卖,调仓卖出-权重下调,2,28223.331636486575,0.09632709632709635,18.0,"mom20@q0.6,hold_q=0.4,buy_top=5,hold_top=10,rebalance=20d,min_hold=5d,turnover_penalty=0.01,target_vol=0.18",0.16672406721984,1.3865335159118868
2023-03-13 15:00:00,1064615.6553047975,298750.10287324805,765865.5524315494,卖,SZ.002281,光迅科技,22.47,3200,64615.65530479746,0.0646156553047974,超时卖/调仓卖,调仓卖出-跌出持有排名,2,73760.37245800724,-0.01187335092348285,57.0,"mom20@q0.6,hold_q=0.4,buy_top=5,hold_top=10,rebalance=20d,min_hold=5d,turnover_penalty=0.01,target_vol=0.18",0.16672406721984,1.3865335159118868
2023-03-13 15:00:00,1064615.6553047975,298750.10287324805,765865.5524315494,卖,SZ.300394,天孚通信,18.53,2900,64615.65530479746,0.0646156553047974,超时卖/调仓卖,调仓卖出-跌破持有阈值、跌出持有排名,2,55420.65764487238,-0.046320123520329326,73.0,"mom20@q0.6,hold_q=0.4,buy_top=5,hold_top=10,rebalance=20d,min_hold=5d,turnover_penalty=0.01,target_vol=0.18",0.16672406721984,1.3865335159118868
2023-03-13 15:00:00,1064615.6553047975,298750.10287324805,765865.5524315494,卖,SZ.300476,胜宏科技,14.06,3800,64615.65530479746,0.0646156553047974,超时卖/调仓卖,调仓卖出-跌破持有阈值、跌出持有排名,2,54530.09067866692,-0.15301204819277114,111.0,"mom20@q0.6,hold_q=0.4,buy_top=5,hold_top=10,rebalance=20d,min_hold=5d,turnover_penalty=0.01,target_vol=0.18",0.16672406721984,1.3865335159118868
2023-04-11 15:00:00,1156355.6753122911,192246.10225848662,964109.5730538045,卖,SH.600118,中国卫星,27.99,2600,156355.67531229113,0.15635567531229122,超时卖/调仓卖,调仓卖出-跌破持有阈值、跌出持有排名,2,75220.44671760999,-0.11142857142857143,115.0,"mom20@q0.6,hold_q=0.4,buy_top=5,hold_top=10,rebalance=20d,min_hold=5d,turnover_penalty=0.01,target_vol=0.18",0.16672406721984,1.3865335159118868
2023-04-11 15:00:00,1156355.6753122911,192246.10225848662,964109.5730538045,卖,SH.603019,中科曙光,40.21,1100,156355.67531229113,0.15635567531229122,超时卖/调仓卖,调仓卖出-跌出持有排名,2,46242.28410610174,0.218115722508331,28.0,"mom20@q0.6,hold_q=0.4,buy_top=5,hold_top=10,rebalance=20d,min_hold=5d,turnover_penalty=0.01,target_vol=0.18",0.16672406721984,1.3865335159118868
2023-04-11 15:00:00,1156355.6753122911,192246.10225848662,964109.5730538045,卖,SH.603083,剑桥科技,45.33,200,156355.67531229113,0.15635567531229122,超时卖/调仓卖,调仓卖出-权重下调,2,11018.800823007998,1.0774518790100824,4.0,"mom20@q0.6,hold_q=0.4,buy_top=5,hold_top=10,rebalance=20d,min_hold=5d,turnover_penalty=0.01,target_vol=0.18",0.16672406721984,1.3865335159118868
2023-04-11 15:00:00,1156355.6753122911,192246.10225848662,964109.5730538045,卖,SH.688072,拓荆科技,154.99,300,156355.67531229113,0.15635567531229122,超时卖/调仓卖,调仓卖出-跌出持有排名,2,60654.29405208172,0.10399601111190271,49.0,"mom20@q0.6,hold_q=0.4,buy_top=5,hold_top=10,rebalance=20d,min_hold=5d,turnover_penalty=0.01,target_vol=0.18",0.16672406721984,1.3865335159118868
2023-04-11 15:00:00,1156355.6753122911,192246.10225848662,964109.5730538045,卖,SH.688256,寒武纪,134.23,100,156355.67531229113,0.15635567531229122,超时卖/调仓卖,调仓卖出-权重下调,2,19121.764988257277,1.1212073324905183,3.0,"mom20@q0.6,hold_q=0.4,buy_top=5,hold_top=10,rebalance=20d,min_hold=5d,turnover_penalty=0.01,target_vol=0.18",0.16672406721984,1.3865335159118868
2023-04-11 15:00:00,1156355.6753122911,192246.10225848662,964109.5730538045,买,SH.688525,佰维存储,94.88,200,156355.67531229113,0.15635567531229122,,调仓买入-新进前N、满足动量阈值,2,25956.30746785466,1.834777412608306,1.0,"mom20@q0.6,hold_q=0.4,buy_top=5,hold_top=10,rebalance=20d,min_hold=5d,turnover_penalty=0.01,target_vol=0.18",0.16672406721984,1.3865335159118868
2023-04-11 15:00:00,1156355.6753122911,192246.10225848662,964109.5730538045,买,SZ.300308,中际旭创,46.71,700,156355.67531229113,0.15635567531229122,,调仓买入-新进前N、满足动量阈值,2,33624.67236555483,1.0659000442282176,5.0,"mom20@q0.6,hold_q=0.4,buy_top=5,hold_top=10,rebalance=20d,min_hold=5d,turnover_penalty=0.01,target_vol=0.18",0.16672406721984,1.3865335159118868
2023-04-11 15:00:00,1156355.6753122911,192246.10225848662,964109.5730538045,买,SZ.300502,新易盛,36.28,1000,156355.67531229113,0.15635567531229122,,调仓买入-新进前N、满足动量阈值,2,38310.51570617003,1.3182108626198081,2.0,"mom20@q0.6,hold_q=0.4,buy_top=5,hold_top=10,rebalance=20d,min_hold=5d,turnover_penalty=0.01,target_vol=0.18",0.16672406721984,1.3865335159118868
2023-05-12 15:00:00,1157308.3405054833,256573.22546484097,900735.1150406423,买,SH.601288,农业银行,2.62,25200,157308.34050548333,0.15730834050548337,,调仓买入-新进前N、满足动量阈值,2,66140.58076678528,0.1541850220264318,5.0,"mom20@q0.6,hold_q=0.4,buy_top=5,hold_top=10,rebalance=20d,min_hold=5d,turnover_penalty=0.01,target_vol=0.18",0.16672406721984,1.3865335159118868
2023-05-12 15:00:00,1157308.3405054833,256573.22546484097,900735.1150406423,买,SH.601857,中国石油,6.15,9000,157308.34050548333,0.15730834050548337,,调仓买入-新进前N、满足动量阈值,2,55887.71456950882,0.18042226487524005,3.0,"mom20@q0.6,hold_q=0.4,buy_top=5,hold_top=10,rebalance=20d,min_hold=5d,turnover_penalty=0.01,target_vol=0.18",0.16672406721984,1.3865335159118868
2023-05-12 15:00:00,1157308.3405054833,256573.22546484097,900735.1150406423,买,SH.603019,中科曙光,44.85,700,157308.34050548333,0.15730834050548337,,调仓买入-满足动量阈值,2,33552.081991983854,0.11539418055210149,11.0,"mom20@q0.6,hold_q=0.4,buy_top=5,hold_top=10,rebalance=20d,min_hold=5d,turnover_penalty=0.01,target_vol=0.18",0.16672406721984,1.3865335159118868
2023-05-12 15:00:00,1157308.3405054833,256573.22546484097,900735.1150406423,卖,SH.603083,剑桥科技,57.75,0,157308.34050548333,0.15730834050548337,超时卖/调仓卖,调仓卖出-权重下调,2,2055.837998060965,0.2739907346128392,2.0,"mom20@q0.6,hold_q=0.4,buy_top=5,hold_top=10,rebalance=20d,min_hold=5d,turnover_penalty=0.01,target_vol=0.18",0.16672406721984,1.3865335159118868
2023-05-12 15:00:00,1157308.3405054833,256573.22546484097,900735.1150406423,卖,SH.688256,寒武纪,130.54,200,157308.34050548333,0.15730834050548337,超时卖/调仓卖,调仓卖出-跌出持有排名,2,30593.846720816266,-0.02749012888326008,40.0,"mom20@q0.6,hold_q=0.4,buy_top=5,hold_top=10,rebalance=20d,min_hold=5d,turnover_penalty=0.01,target_vol=0.18",0.16672406721984,1.3865335159118868
2023-05-12 15:00:00,1157308.3405054833,256573.22546484097,900735.1150406423,卖,SH.688525,佰维存储,66.0,300,157308.34050548333,0.15730834050548337,超时卖/调仓卖,调仓卖出-跌破持有阈值、跌出持有排名,2,25956.30746785466,-0.30438448566610454,115.0,"mom20@q0.6,hold_q=0.4,buy_top=5,hold_top=10,rebalance=20d,min_hold=5d,turnover_penalty=0.01,target_vol=0.18",0.16672406721984,1.3865335159118868
2023-05-12 15:00:00,1157308.3405054833,256573.22546484097,900735.1150406423,买,SZ.300058,蓝色光标,8.69,3400,157308.34050548333,0.15730834050548337,,调仓买入-新进前N、满足动量阈值,2,30407.341029050447,0.4339933993399341,1.0,"mom20@q0.6,hold_q=0.4,buy_top=5,hold_top=10,rebalance=20d,min_hold=5d,turnover_penalty=0.01,target_vol=0.18",0.16672406721984,1.3865335159118868
2023-05-12 15:00:00,1157308.3405054833,256573.22546484097,900735.1150406423,卖,SZ.300308,中际旭创,52.12,600,157308.34050548333,0.15730834050548337,超时卖/调仓卖,调仓卖出-调仓移出持仓,2,33624.67236555483,0.11582102333547417,10.0,"mom20@q0.6,hold_q=0.4,buy_top=5,hold_top=10,rebalance=20d,min_hold=5d,turnover_penalty=0.01,target_vol=0.18",0.16672406721984,1.3865335159118868
2023-05-12 15:00:00,1157308.3405054833,256573.22546484097,900735.1150406423,卖,SZ.300502,新易盛,31.53,1200,157308.34050548333,0.15730834050548337,超时卖/调仓卖,调仓卖出-跌破持有阈值、跌出持有排名,2,38310.51570617003,-0.13092613009922827,70.0,"mom20@q0.6,hold_q=0.4,buy_top=5,hold_top=10,rebalance=20d,min_hold=5d,turnover_penalty=0.01,target_vol=0.18",0.16672406721984,1.3865335159118868
2023-06-09 15:00:00,1176407.1908028463,213079.08478620613,963328.1060166402,卖,SH.601288,农业银行,2.74,24100,176407.19080284634,0.1764071908028464,超时卖/调仓卖,调仓卖出-跌出持有排名,2,66140.58076678528,0.04580152671755733,55.0,"mom20@q0.6,hold_q=0.4,buy_top=5,hold_top=10,rebalance=20d,min_hold=5d,turnover_penalty=0.01,target_vol=0.18",0.16672406721984,1.3865335159118868
2023-06-09 15:00:00,1176407.1908028463,213079.08478620613,963328.1060166402,卖,SH.601857,中国石油,6.51,8500,176407.19080284634,0.1764071908028464,超时卖/调仓卖,调仓卖出-跌出持有排名,2,55887.71456950882,0.05853658536585349,51.0,"mom20@q0.6,hold_q=0.4,buy_top=5,hold_top=10,rebalance=20d,min_hold=5d,turnover_penalty=0.01,target_vol=0.18",0.16672406721984,1.3865335159118868
2023-06-09 15:00:00,1176407.1908028463,213079.08478620613,963328.1060166402,卖,SH.603019,中科曙光,51.45,600,176407.19080284634,0.1764071908028464,超时卖/调仓卖,调仓卖出-跌出持有排名,2,33552.081991983854,0.14715719063545163,29.0,"mom20@q0.6,hold_q=0.4,buy_top=5,hold_top=10,rebalance=20d,min_hold=5d,turnover_penalty=0.01,target_vol=0.18",0.16672406721984,1.3865335159118868
2023-06-09 15:00:00,1176407.1908028463,213079.08478620613,963328.1060166402,卖,SH.603083,剑桥科技,64.42,500,176407.19080284634,0.1764071908028464,超时卖/调仓卖,调仓卖出-跌出持有排名,2,35710.52444007183,0.11549783549783554,33.0,"mom20@q0.6,hold_q=0.4,buy_top=5,hold_top=10,rebalance=20d,min_hold=5d,turnover_penalty=0.01,target_vol=0.18",0.16672406721984,1.3865335159118868
2023-06-09 15:00:00,1176407.1908028463,213079.08478620613,963328.1060166402,买,SZ.001309,德明利,35.69,1400,176407.19080284634,0.1764071908028464,,调仓买入-新进前N、满足动量阈值,2,51096.98977037075,0.4555464926590538,5.0,"mom20@q0.6,hold_q=0.4,buy_top=5,hold_top=10,rebalance=20d,min_hold=5d,turnover_penalty=0.01,target_vol=0.18",0.16672406721984,1.3865335159118868
2023-06-09 15:00:00,1176407.1908028463,213079.08478620613,963328.1060166402,卖,SZ.300058,蓝色光标,7.76,3900,176407.19080284634,0.1764071908028464,超时卖/调仓卖,调仓卖出-跌破持有阈值、跌出持有排名,2,30407.341029050447,-0.10701956271576518,113.0,"mom20@q0.6,hold_q=0.4,buy_top=5,hold_top=10,rebalance=20d,min_hold=5d,turnover_penalty=0.01,target_vol=0.18",0.16672406721984,1.3865335159118868
2023-06-09 15:00:00,1176407.1908028463,213079.08478620613,963328.1060166402,买,SZ.300308,中际旭创,80.55,400,176407.19080284634,0.1764071908028464,,调仓买入-新进前N、满足动量阈值,2,36234.499842469086,0.5454719877206446,3.0,"mom20@q0.6,hold_q=0.4,buy_top=5,hold_top=10,rebalance=20d,min_hold=5d,turnover_penalty=0.01,target_vol=0.18",0.16672406721984,1.3865335159118868
2023-06-09 15:00:00,1176407.1908028463,213079.08478620613,963328.1060166402,买,SZ.300394,天孚通信,38.17,700,176407.19080284634,0.1764071908028464,,调仓买入-新进前N、满足动量阈值,2,29036.45796667793,0.5353982300884956,4.0,"mom20@q0.6,hold_q=0.4,buy_top=5,hold_top=10,rebalance=20d,min_hold=5d,turnover_penalty=0.01,target_vol=0.18",0.16672406721984,1.3865335159118868
2023-06-09 15:00:00,1176407.1908028463,213079.08478620613,963328.1060166402,买,SZ.300476,胜宏科技,22.62,1500,176407.19080284634,0.1764071908028464,,调仓买入-新进前N、满足动量阈值,2,34626.63382759916,0.6656848306332843,1.0,"mom20@q0.6,hold_q=0.4,buy_top=5,hold_top=10,rebalance=20d,min_hold=5d,turnover_penalty=0.01,target_vol=0.18",0.16672406721984,1.3865335159118868
2023-06-09 15:00:00,1176407.1908028463,213079.08478620613,963328.1060166402,买,SZ.300620,光库科技,53.08,500,176407.19080284634,0.1764071908028464,,调仓买入-新进前N、满足动量阈值,2,30132.4011989559,0.5858978189423365,2.0,"mom20@q0.6,hold_q=0.4,buy_top=5,hold_top=10,rebalance=20d,min_hold=5d,turnover_penalty=0.01,target_vol=0.18",0.16672406721984,1.3865335159118868
2023-07-11 15:00:00,1207185.0456216452,238272.90109849253,968912.1445231526,买,SH.601138,工业富联,22.14,1900,207185.04562164517,0.20718504562164508,,调仓买入-新进前N、满足动量阈值,2,43157.642066824825,0.2622576966932726,5.0,"mom20@q0.6,hold_q=0.4,buy_top=5,hold_top=10,rebalance=20d,min_hold=5d,turnover_penalty=0.01,target_vol=0.18",0.16672406721984,1.3865335159118868
2023-07-11 15:00:00,1207185.0456216452,238272.90109849253,968912.1445231526,卖,SZ.001309,德明利,42.65,1100,207185.04562164517,0.20718504562164508,超时卖/调仓卖,调仓卖出-跌出持有排名,2,51096.98977037075,0.19501260857383018,14.0,"mom20@q0.6,hold_q=0.4,buy_top=5,hold_top=10,rebalance=20d,min_hold=5d,turnover_penalty=0.01,target_vol=0.18",0.16672406721984,1.3865335159118868
2023-07-11 15:00:00,1207185.0456216452,238272.90109849253,968912.1445231526,买,SZ.002428,云南锗业,16.28,2900,207185.04562164517,0.20718504562164508,,调仓买入-新进前N、满足动量阈值,2,47542.71452866961,0.5960784313725493,1.0,"mom20@q0.6,hold_q=0.4,buy_top=5,hold_top=10,rebalance=20d,min_hold=5d,turnover_penalty=0.01,target_vol=0.18",0.16672406721984,1.3865335159118868
2023-07-11 15:00:00,1207185.0456216452,238272.90109849253,968912.1445231526,买,SZ.300308,中际旭创,104.48,0,207185.04562164517,0.20718504562164508,,调仓买入-权重上调,2,4762.74543554818,0.29708255741775313,3.0,"mom20@q0.6,hold_q=0.4,buy_top=5,hold_top=10,rebalance=20d,min_hold=5d,turnover_penalty=0.01,target_vol=0.18",0.16672406721984,1.3865335159118868
2023-07-11 15:00:00,1207185.0456216452,238272.90109849253,968912.1445231526,买,SZ.300394,天孚通信,49.45,0,207185.04562164517,0.20718504562164508,,调仓买入-权重上调,2,4514.685752504355,0.2955200419177364,4.0,"mom20@q0.6,hold_q=0.4,buy_top=5,hold_top=10,rebalance=20d,min_hold=5d,turnover_penalty=0.01,target_vol=0.18",0.16672406721984,1.3865335159118868
2023-07-11 15:00:00,1207185.0456216452,238272.90109849253,968912.1445231526,卖,SZ.300476,胜宏科技,20.71,1600,207185.04562164517,0.20718504562164508,超时卖/调仓卖,调仓卖出-跌破持有阈值、跌出持有排名,2,34626.63382759916,-0.08443854995579136,110.0,"mom20@q0.6,hold_q=0.4,buy_top=5,hold_top=10,rebalance=20d,min_hold=5d,turnover_penalty=0.01,target_vol=0.18",0.16672406721984,1.3865335159118868
2023-07-11 15:00:00,1207185.0456216452,238272.90109849253,968912.1445231526,买,SZ.300620,光库科技,64.39,0,207185.04562164517,0.20718504562164508,,调仓买入-权重上调,2,1997.7902343574876,0.2130746043707612,9.0,"mom20@q0.6,hold_q=0.4,buy_top=5,hold_top=10,rebalance=20d,min_hold=5d,turnover_penalty=0.01,target_vol=0.18",0.16672406721984,1.3865335159118868
2023-08-08 15:00:00,1196514.6067601521,466287.23500928946,730227.3717508627,买,SH.600030,中信证券,23.13,3300,196514.60676015215,0.1965146067601522,,调仓买入-新进前N、满足动量阈值,2,78347.20995220251,0.25230102869518145,1.0,"mom20@q0.6,hold_q=0.4,buy_top=5,hold_top=10,rebalance=20d,min_hold=5d,turnover_penalty=0.01,target_vol=0.18",0.16672406721984,1.3865335159118868
2023-08-08 15:00:00,1196514.6067601521,466287.23500928946,730227.3717508627,卖,SH.601138,工业富联,22.63,1900,196514.60676015215,0.1965146067601522,超时卖/调仓卖,调仓卖出-跌出持有排名,2,43157.642066824825,0.02213188798554655,41.0,"mom20@q0.6,hold_q=0.4,buy_top=5,hold_top=10,rebalance=20d,min_hold=5d,turnover_penalty=0.01,target_vol=0.18",0.16672406721984,1.3865335159118868
2023-08-08 15:00:00,1196514.6067601521,466287.23500928946,730227.3717508627,买,SH.603259,XD药明康,70.94,1200,196514.60676015215,0.1965146067601522,,调仓买入-新进前N、满足动量阈值,2,91501.22620853325,0.15858239425118414,3.0,"mom20@q0.6,hold_q=0.4,buy_top=5,hold_top=10,rebalance=20d,min_hold=5d,turnover_penalty=0.01,target_vol=0.18",0.16672406721984,1.3865335159118868
2023-08-08 15:00:00,1196514.6067601521,466287.23500928946,730227.3717508627,买,SH.603799,华友钴业,49.38,2200,196514.60676015215,0.1965146067601522,,调仓买入-满足动量阈值,2,109412.19532982436,0.12201772324471727,7.0,"mom20@q0.6,hold_q=0.4,buy_top=5,hold_top=10,rebalance=20d,min_hold=5d,turnover_penalty=0.01,target_vol=0.18",0.16672406721984,1.3865335159118868
2023-08-08 15:00:00,1196514.6067601521,466287.23500928946,730227.3717508627,卖,SZ.002428,云南锗业,14.24,3300,196514.60676015215,0.1965146067601522,超时卖/调仓卖,调仓卖出-跌破持有阈值、跌出持有排名,2,47542.71452866961,-0.1253071253071254,105.0,"mom20@q0.6,hold_q=0.4,buy_top=5,hold_top=10,rebalance=20d,min_hold=5d,turnover_penalty=0.01,target_vol=0.18",0.16672406721984,1.3865335159118868
2023-08-08 15:00:00,1196514.6067601521,466287.23500928946,730227.3717508627,买,SZ.300033,同花顺,125.51,300,196514.60676015215,0.1965146067601522,,调仓买入-新进前N、满足动量阈值,2,38788.04339198463,0.1347075309646506,4.0,"mom20@q0.6,hold_q=0.4,buy_top=5,hold_top=10,rebalance=20d,min_hold=5d,turnover_penalty=0.01,target_vol=0.18",0.16672406721984,1.3865335159118868
2023-08-08 15:00:00,1196514.6067601521,466287.23500928946,730227.3717508627,买,SZ.300059,东方财富,16.42,4300,196514.60676015215,0.1965146067601522,,调仓买入-新进前N、满足动量阈值,2,71655.91574662697,0.1745350500715308,2.0,"mom20@q0.6,hold_q=0.4,buy_top=5,hold_top=10,rebalance=20d,min_hold=5d,turnover_penalty=0.01,target_vol=0.18",0.16672406721984,1.3865335159118868
2023-08-08 15:00:00,1196514.6067601521,466287.23500928946,730227.3717508627,卖,SZ.300308,中际旭创,94.43,400,196514.60676015215,0.1965146067601522,超时卖/调仓卖,调仓卖出-跌破持有阈值、跌出持有排名,2,40997.24527801726,-0.09619065849923425,98.0,"mom20@q0.6,hold_q=0.4,buy_top=5,hold_top=10,rebalance=20d,min_hold=5d,turnover_penalty=0.01,target_vol=0.18",0.16672406721984,1.3865335159118868
2023-08-08 15:00:00,1196514.6067601521,466287.23500928946,730227.3717508627,卖,SZ.300394,天孚通信,51.85,600,196514.60676015215,0.1965146067601522,超时卖/调仓卖,调仓卖出-跌出持有排名,2,33551.143719182284,0.04853387259858444,22.0,"mom20@q0.6,hold_q=0.4,buy_top=5,hold_top=10,rebalance=20d,min_hold=5d,turnover_penalty=0.01,target_vol=0.18",0.16672406721984,1.3865335159118868
2023-08-08 15:00:00,1196514.6067601521,466287.23500928946,730227.3717508627,卖,SZ.300620,光库科技,51.55,600,196514.60676015215,0.1965146067601522,超时卖/调仓卖,调仓卖出-跌破持有阈值、跌出持有排名,2,32130.191433313386,-0.1994098462494177,114.0,"mom20@q0.6,hold_q=0.4,buy_top=5,hold_top=10,rebalance=20d,min_hold=5d,turnover_penalty=0.01,target_vol=0.18",0.16672406721984,1.3865335159118868
2023-09-05 15:00:00,1167228.584851746,584235.7314016985,582992.8534500474,卖,SH.600030,中信证券,21.1,3700,167228.58485174598,0.16722858485174608,超时卖/调仓卖,调仓卖出-跌破持有阈值、跌出持有排名,2,78347.20995220251,-0.0877648076091655,82.0,"mom20@q0.6,hold_q=0.4,buy_top=5,hold_top=10,rebalance=20d,min_hold=5d,turnover_penalty=0.01,target_vol=0.18",0.16672406721984,1.3865335159118868
2023-09-05 15:00:00,1167228.584851746,584235.7314016985,582992.8534500474,买,SH.601088,中国神华,24.26,5700,167228.58485174598,0.16722858485174608,,调仓买入-新进前N、满足动量阈值,2,139918.2233529714,0.08206958073148973,5.0,"mom20@q0.6,hold_q=0.4,buy_top=5,hold_top=10,rebalance=20d,min_hold=5d,turnover_penalty=0.01,target_vol=0.18",0.16672406721984,1.3865335159118868
2023-09-05 15:00:00,1167228.584851746,584235.7314016985,582992.8534500474,买,SH.601600,中国铝业,6.33,12100,167228.58485174598,0.16722858485174608,,调仓买入-满足动量阈值,2,76626.41305474447,0.06745362563237789,6.0,"mom20@q0.6,hold_q=0.4,buy_top=5,hold_top=10,rebalance=20d,min_hold=5d,turnover_penalty=0.01,target_vol=0.18",0.16672406721984,1.3865335159118868
2023-09-05 15:00:00,1167228.584851746,584235.7314016985,582992.8534500474,买,SH.603256,宏和科技,9.02,6500,167228.58485174598,0.16722858485174608,,调仓买入-新进前N、满足动量阈值,2,59251.34724956678,0.15938303341902293,1.0,"mom20@q0.6,hold_q=0.4,buy_top=5,hold_top=10,rebalance=20d,min_hold=5d,turnover_penalty=0.01,target_vol=0.18",0.16672406721984,1.3865335159118868
2023-09-05 15:00:00,1167228.584851746,584235.7314016985,582992.8534500474,买,SH.603259,XD药明康,78.74,400,167228.58485174598,0.16722858485174608,,调仓买入-权重上调,2,34694.64319003303,0.10995207217366776,3.0,"mom20@q0.6,hold_q=0.4,buy_top=5,hold_top=10,rebalance=20d,min_hold=5d,turnover_penalty=0.01,target_vol=0.18",0.16672406721984,1.3865335159118868
2023-09-05 15:00:00,1167228.584851746,584235.7314016985,582992.8534500474,卖,SH.603799,华友钴业,38.65,2800,167228.58485174598,0.16722858485174608,超时卖/调仓卖,调仓卖出-跌破持有阈值、跌出持有排名,2,109412.19532982436,-0.21729445119481583,116.0,"mom20@q0.6,hold_q=0.4,buy_top=5,hold_top=10,rebalance=20d,min_hold=5d,turnover_penalty=0.01,target_vol=0.18",0.16672406721984,1.3865335159118868
2023-09-05 15:00:00,1167228.584851746,584235.7314016985,582992.8534500474,买,SH.688981,中芯国际,55.63,1700,167228.58485174598,0.16722858485174608,,调仓买入-新进前N、满足动量阈值,2,98540.5524934073,0.12451991105720639,2.0,"mom20@q0.6,hold_q=0.4,buy_top=5,hold_top=10,rebalance=20d,min_hold=5d,turnover_penalty=0.01,target_vol=0.18",0.16672406721984,1.3865335159118868
2023-09-05 15:00:00,1167228.584851746,584235.7314016985,582992.8534500474,卖,SZ.300033,同花顺,108.14,300,167228.58485174598,0.16722858485174608,超时卖/调仓卖,调仓卖出-跌破持有阈值、跌出持有排名,2,38788.04339198463,-0.1383953469843041,100.0,"mom20@q0.6,hold_q=0.4,buy_top=5,hold_top=10,rebalance=20d,min_hold=5d,turnover_penalty=0.01,target_vol=0.18",0.16672406721984,1.3865335159118868
2023-09-05 15:00:00,1167228.584851746,584235.7314016985,582992.8534500474,卖,SZ.300059,东方财富,15.69,4500,167228.58485174598,0.16722858485174608,超时卖/调仓卖,调仓卖出-跌破持有阈值、跌出持有排名,2,71655.91574662697,-0.04445797807551777,55.0,"mom20@q0.6,hold_q=0.4,buy_top=5,hold_top=10,rebalance=20d,min_hold=5d,turnover_penalty=0.01,target_vol=0.18",0.16672406721984,1.3865335159118868
2023-09-21 15:00:00,993280.8077474429,431659.1327541669,561621.6749932759,买,SH.600276,恒瑞医药,43.29,2600,-6719.192252557143,-0.006719192252557127,,调仓买入-满足动量阈值,3,113491.30572015293,0.08659638554216853,10.0,"mom20@q0.6,hold_q=0.4,buy_top=5,hold_top=10,rebalance=20d,min_hold=5d,turnover_penalty=0.01,target_vol=0.18",0.11504032864857394,0.8654499609585041
2023-09-21 15:00:00,993280.8077474429,431659.1327541669,561621.6749932759,买,SH.601088,中国神华,25.66,6000,-6719.192252557143,-0.006719192252557127,,调仓买入-新进前N、满足动量阈值,3,155819.34517820753,0.15015688032272534,3.0,"mom20@q0.6,hold_q=0.4,buy_top=5,hold_top=10,rebalance=20d,min_hold=5d,turnover_penalty=0.01,target_vol=0.18",0.11504032864857394,0.8654499609585041
2023-09-21 15:00:00,993280.8077474429,431659.1327541669,561621.6749932759,买,SH.603256,宏和科技,8.97,4100,-6719.192252557143,-0.006719192252557127,,调仓买入-新进前N、满足动量阈值,3,37593.69185860616,0.23383768913342529,1.0,"mom20@q0.6,hold_q=0.4,buy_top=5,hold_top=10,rebalance=20d,min_hold=5d,turnover_penalty=0.01,target_vol=0.18",0.11504032864857394,0.8654499609585041
2023-09-21 15:00:00,993280.8077474429,431659.1327541669,561621.6749932759,买,SZ.001309,德明利,40.98,1500,-6719.192252557143,-0.006719192252557127,,调仓买入-满足动量阈值,3,62173.974583282514,0.046475995914198265,23.0,"mom20@q0.6,hold_q=0.4,buy_top=5,hold_top=10,rebalance=20d,min_hold=5d,turnover_penalty=0.01,target_vol=0.18",0.11504032864857394,0.8654499609585041
2023-09-21 15:00:00,993280.8077474429,431659.1327541669,561621.6749932759,买,SZ.301308,江波龙,92.11,700,-6719.192252557143,-0.006719192252557127,,调仓买入-新进前N、满足动量阈值,3,65500.836296154346,0.1578881206788183,2.0,"mom20@q0.6,hold_q=0.4,buy_top=5,hold_top=10,rebalance=20d,min_hold=5d,turnover_penalty=0.01,target_vol=0.18",0.11504032864857394,0.8654499609585041
2023-10-27 15:00:00,992830.3142069854,307937.12406768097,684893.1901393044,卖,SH.600276,恒瑞医药,44.8,2500,-7169.6857930145925,-0.00716968579301458,超时卖/调仓卖,调仓卖出-跌出持有排名,3,113491.30572015293,0.03488103488103489,26.0,"mom20@q0.6,hold_q=0.4,buy_top=5,hold_top=10,rebalance=20d,min_hold=5d,turnover_penalty=0.01,target_vol=0.18",0.11504032864857394,0.8654499609585041
2023-10-27 15:00:00,992830.3142069854,307937.12406768097,684893.1901393044,卖,SH.601088,中国神华,24.85,6200,-7169.6857930145925,-0.00716968579301458,超时卖/调仓卖,调仓卖出-跌出持有排名,3,155819.34517820753,-0.03156664068589243,67.0,"mom20@q0.6,hold_q=0.4,buy_top=5,hold_top=10,rebalance=20d,min_hold=5d,turnover_penalty=0.01,target_vol=0.18",0.11504032864857394,0.8654499609585041
2023-10-27 15:00:00,992830.3142069854,307937.12406768097,684893.1901393044,卖,SH.603256,宏和科技,8.09,4600,-7169.6857930145925,-0.00716968579301458,超时卖/调仓卖,调仓卖出-跌破持有阈值、跌出持有排名,3,37593.69185860616,-0.09810479375696779,103.0,"mom20@q0.6,hold_q=0.4,buy_top=5,hold_top=10,rebalance=20d,min_hold=5d,turnover_penalty=0.01,target_vol=0.18",0.11504032864857394,0.8654499609585041
2023-10-27 15:00:00,992830.3142069854,307937.12406768097,684893.1901393044,买,SH.688012,DR中微公,164.96,400,-7169.6857930145925,-0.00716968579301458,,调仓买入-新进前N、满足动量阈值,3,74079.12084060848,0.2092068611640523,3.0,"mom20@q0.6,hold_q=0.4,buy_top=5,hold_top=10,rebalance=20d,min_hold=5d,turnover_penalty=0.01,target_vol=0.18",0.11504032864857394,0.8654499609585041
2023-10-27 15:00:00,992830.3142069854,307937.12406768097,684893.1901393044,买,SH.688072,拓荆科技,166.17,300,-7169.6857930145925,-0.00716968579301458,,调仓买入-满足动量阈值,3,63233.08545956512,0.17285431959345,6.0,"mom20@q0.6,hold_q=0.4,buy_top=5,hold_top=10,rebalance=20d,min_hold=5d,turnover_penalty=0.01,target_vol=0.18",0.11504032864857394,0.8654499609585041
2023-10-27 15:00:00,992830.3142069854,307937.12406768097,684893.1901393044,买,SZ.001309,德明利,48.65,200,-7169.6857930145925,-0.00716968579301458,,调仓买入-权重上调,3,9766.201922932454,0.18716447047340168,5.0,"mom20@q0.6,hold_q=0.4,buy_top=5,hold_top=10,rebalance=20d,min_hold=5d,turnover_penalty=0.01,target_vol=0.18",0.11504032864857394,0.8654499609585041
2023-10-27 15:00:00,992830.3142069854,307937.12406768097,684893.1901393044,买,SZ.300136,信维通信,24.51,1600,-7169.6857930145925,-0.00716968579301458,,调仓买入-新进前N、满足动量阈值,3,41342.67024040717,0.4477259303012404,1.0,"mom20@q0.6,hold_q=0.4,buy_top=5,hold_top=10,rebalance=20d,min_hold=5d,turnover_penalty=0.01,target_vol=0.18",0.11504032864857394,0.8654499609585041
2023-10-27 15:00:00,992830.3142069854,307937.12406768097,684893.1901393044,买,SZ.300857,协创数据,13.19,4500,-7169.6857930145925,-0.00716968579301458,,调仓买入-新进前N、满足动量阈值,3,59565.82707665528,0.22356215213358066,2.0,"mom20@q0.6,hold_q=0.4,buy_top=5,hold_top=10,rebalance=20d,min_hold=5d,turnover_penalty=0.01,target_vol=0.18",0.11504032864857394,0.8654499609585041
2023-10-27 15:00:00,992830.3142069854,307937.12406768097,684893.1901393044,卖,SZ.301308,江波龙,95.71,600,-7169.6857930145925,-0.00716968579301458,超时卖/调仓卖,调仓卖出-跌出持有排名,3,65500.836296154346,0.03908370426663765,25.0,"mom20@q0.6,hold_q=0.4,buy_top=5,hold_top=10,rebalance=20d,min_hold=5d,turnover_penalty=0.01,target_vol=0.18",0.11504032864857394,0.8654499609585041
2023-11-24 15:00:00,1017242.3951827525,211874.33571661255,805368.05946614,卖,SH.688012,DR中微公,160.17,400,17242.395182752516,0.0172423951827525,超时卖/调仓卖,调仓卖出-跌出持有排名,3,74079.12084060848,-0.02903734238603306,82.0,"mom20@q0.6,hold_q=0.4,buy_top=5,hold_top=10,rebalance=20d,min_hold=5d,turnover_penalty=0.01,target_vol=0.18",0.11504032864857394,0.8654499609585041
2023-11-24 15:00:00,1017242.3951827525,211874.33571661255,805368.05946614,买,SH.688048,长光华芯,71.15,600,17242.395182752516,0.0172423951827525,,调仓买入-新进前N、满足动量阈值,3,48455.66678482812,0.2592920353982302,4.0,"mom20@q0.6,hold_q=0.4,buy_top=5,hold_top=10,rebalance=20d,min_hold=5d,turnover_penalty=0.01,target_vol=0.18",0.11504032864857394,0.8654499609585041
2023-11-24 15:00:00,1017242.3951827525,211874.33571661255,805368.05946614,卖,SH.688072,拓荆科技,158.05,400,17242.395182752516,0.0172423951827525,超时卖/调仓卖,调仓卖出-跌破持有阈值、跌出持有排名,3,63233.08545956512,-0.048865619546247685,95.0,"mom20@q0.6,hold_q=0.4,buy_top=5,hold_top=10,rebalance=20d,min_hold=5d,turnover_penalty=0.01,target_vol=0.18",0.11504032864857394,0.8654499609585041
2023-11-24 15:00:00,1017242.3951827525,211874.33571661255,805368.05946614,买,SH.688256,寒武纪,94.35,400,17242.395182752516,0.0172423951827525,,调仓买入-新进前N、满足动量阈值,3,46220.504333212535,0.3057016329919733,3.0,"mom20@q0.6,hold_q=0.4,buy_top=5,hold_top=10,rebalance=20d,min_hold=5d,turnover_penalty=0.01,target_vol=0.18",0.11504032864857394,0.8654499609585041
2023-11-24 15:00:00,1017242.3951827525,211874.33571661255,805368.05946614,卖,SZ.001309,德明利,46.97,1500,17242.395182752516,0.0172423951827525,超时卖/调仓卖,调仓卖出-跌出持有排名,3,71940.17650621496,-0.03453237410071941,88.0,"mom20@q0.6,hold_q=0.4,buy_top=5,hold_top=10,rebalance=20d,min_hold=5d,turnover_penalty=0.01,target_vol=0.18",0.11504032864857394,0.8654499609585041
2023-11-24 15:00:00,1017242.3951827525,211874.33571661255,805368.05946614,卖,SZ.300136,信维通信,22.79,1800,17242.395182752516,0.0172423951827525,超时卖/调仓卖,调仓卖出-跌破持有阈值、跌出持有排名,3,41342.67024040717,-0.07017543859649134,111.0,"mom20@q0.6,hold_q=0.4,buy_top=5,hold_top=10,rebalance=20d,min_hold=5d,turnover_penalty=0.01,target_vol=0.18",0.11504032864857394,0.8654499609585041
2023-11-24 15:00:00,1017242.3951827525,211874.33571661255,805368.05946614,买,SZ.300475,香农芯创,33.59,1200,17242.395182752516,0.0172423951827525,,调仓买入-新进前N、满足动量阈值,3,41282.91378716015,0.2589955022488757,5.0,"mom20@q0.6,hold_q=0.4,buy_top=5,hold_top=10,rebalance=20d,min_hold=5d,turnover_penalty=0.01,target_vol=0.18",0.11504032864857394,0.8654499609585041
2023-11-24 15:00:00,1017242.3951827525,211874.33571661255,805368.05946614,买,SZ.300502,新易盛,29.98,1200,17242.395182752516,0.0172423951827525,,调仓买入-新进前N、满足动量阈值,3,37311.33399871076,0.31954225352112675,2.0,"mom20@q0.6,hold_q=0.4,buy_top=5,hold_top=10,rebalance=20d,min_hold=5d,turnover_penalty=0.01,target_vol=0.18",0.11504032864857394,0.8654499609585041
2023-11-24 15:00:00,1017242.3951827525,211874.33571661255,805368.05946614,卖,SZ.300857,协创数据,23.79,1000,17242.395182752516,0.0172423951827525,超时卖/调仓卖,调仓卖出-权重下调,3,24553.208702565575,0.8036391205458682,1.0,"mom20@q0.6,hold_q=0.4,buy_top=5,hold_top=10,rebalance=20d,min_hold=5d,turnover_penalty=0.01,target_vol=0.18",0.11504032864857394,0.8654499609585041
2023-12-22 15:00:00,1014116.2440202703,275539.1111014213,738577.132918849,买,SH.688041,海光信息,74.94,800,14116.2440202703,0.01411624402027023,,调仓买入-新进前N、满足动量阈值,3,60124.898165788945,0.1883920076117982,2.0,"mom20@q0.6,hold_q=0.4,buy_top=5,hold_top=10,rebalance=20d,min_hold=5d,turnover_penalty=0.01,target_vol=0.18",0.11504032864857394,0.8654499609585041
2023-12-22 15:00:00,1014116.2440202703,275539.1111014213,738577.132918849,卖,SH.688048,长光华芯,61.67,700,14116.2440202703,0.01411624402027023,超时卖/调仓卖,调仓卖出-跌破持有阈值、跌出持有排名,3,48455.66678482812,-0.1332396345748419,112.0,"mom20@q0.6,hold_q=0.4,buy_top=5,hold_top=10,rebalance=20d,min_hold=5d,turnover_penalty=0.01,target_vol=0.18",0.11504032864857394,0.8654499609585041
2023-12-22 15:00:00,1014116.2440202703,275539.1111014213,738577.132918849,卖,SH.688256,寒武纪,97.65,400,14116.2440202703,0.01411624402027023,超时卖/调仓卖,调仓卖出-跌出持有排名,3,46220.504333212535,0.03497615262321152,19.0,"mom20@q0.6,hold_q=0.4,buy_top=5,hold_top=10,rebalance=20d,min_hold=5d,turnover_penalty=0.01,target_vol=0.18",0.11504032864857394,0.8654499609585041
2023-12-22 15:00:00,1014116.2440202703,275539.1111014213,738577.132918849,买,SZ.300308,中际旭创,77.1,700,14116.2440202703,0.01411624402027023,,调仓买入-新进前N、满足动量阈值,3,54550.13058856212,0.17512574302697748,3.0,"mom20@q0.6,hold_q=0.4,buy_top=5,hold_top=10,rebalance=20d,min_hold=5d,turnover_penalty=0.01,target_vol=0.18",0.11504032864857394,0.8654499609585041
2023-12-22 15:00:00,1014116.2440202703,275539.1111014213,738577.132918849,买,SZ.300394,天孚通信,45.72,900,14116.2440202703,0.01411624402027023,,调仓买入-新进前N、满足动量阈值,3,44248.83838550894,0.2661312655774024,1.0,"mom20@q0.6,hold_q=0.4,buy_top=5,hold_top=10,rebalance=20d,min_hold=5d,turnover_penalty=0.01,target_vol=0.18",0.11504032864857394,0.8654499609585041
2023-12-22 15:00:00,1014116.2440202703,275539.1111014213,738577.132918849,卖,SZ.300475,香农芯创,32.6,1200,14116.2440202703,0.01411624402027023,超时卖/调仓卖,调仓卖出-跌出持有排名,3,41282.91378716015,-0.029473057457576668,45.0,"mom20@q0.6,hold_q=0.4,buy_top=5,hold_top=10,rebalance=20d,min_hold=5d,turnover_penalty=0.01,target_vol=0.18",0.11504032864857394,0.8654499609585041
2023-12-22 15:00:00,1014116.2440202703,275539.1111014213,738577.132918849,买,SZ.300502,新易盛,34.46,500,14116.2440202703,0.01411624402027023,,调仓买入-权重上调,3,18437.281858778457,0.14943295530353562,4.0,"mom20@q0.6,hold_q=0.4,buy_top=5,hold_top=10,rebalance=20d,min_hold=5d,turnover_penalty=0.01,target_vol=0.18",0.11504032864857394,0.8654499609585041
2023-12-22 15:00:00,1014116.2440202703,275539.1111014213,738577.132918849,买,SZ.300757,罗博特科,57.02,1000,14116.2440202703,0.01411624402027023,,调仓买入-新进前N、满足动量阈值,3,57031.192716491125,0.1456700823789432,5.0,"mom20@q0.6,hold_q=0.4,buy_top=5,hold_top=10,rebalance=20d,min_hold=5d,turnover_penalty=0.01,target_vol=0.18",0.11504032864857394,0.8654499609585041
2023-12-22 15:00:00,1014116.2440202703,275539.1111014213,738577.132918849,卖,SZ.300857,协创数据,24.83,1400,14116.2440202703,0.01411624402027023,超时卖/调仓卖,调仓卖出-跌出持有排名,3,35012.6183740897,0.04371584699453557,16.0,"mom20@q0.6,hold_q=0.4,buy_top=5,hold_top=10,rebalance=20d,min_hold=5d,turnover_penalty=0.01,target_vol=0.18",0.11504032864857394,0.8654499609585041
2024-01-22 15:00:00,988241.8577801599,612380.5536076465,375861.3041725134,买,SH.600089,特变电工,13.59,12700,-11758.142219840083,-0.011758142219840062,,调仓买入-满足动量阈值,3,173353.25328072076,0.05512422360248448,8.0,"mom20@q0.6,hold_q=0.4,buy_top=5,hold_top=10,rebalance=20d,min_hold=5d,turnover_penalty=0.01,target_vol=0.18",0.11504032864857394,0.8654499609585041
2024-01-22 15:00:00,988241.8577801599,612380.5536076465,375861.3041725134,买,SH.601088,中国神华,27.46,4800,-11758.142219840083,-0.011758142219840062,,调仓买入-新进前N、满足动量阈值,3,132993.30378426285,0.061051004636785144,5.0,"mom20@q0.6,hold_q=0.4,buy_top=5,hold_top=10,rebalance=20d,min_hold=5d,turnover_penalty=0.01,target_vol=0.18",0.11504032864857394,0.8654499609585041
2024-01-22 15:00:00,988241.8577801599,612380.5536076465,375861.3041725134,买,SH.605117,德业股份,25.54,1400,-11758.142219840083,-0.011758142219840062,,调仓买入-新进前N、满足动量阈值,3,37438.1383821041,0.16408386508659967,1.0,"mom20@q0.6,hold_q=0.4,buy_top=5,hold_top=10,rebalance=20d,min_hold=5d,turnover_penalty=0.01,target_vol=0.18",0.11504032864857394,0.8654499609585041
2024-01-22 15:00:00,988241.8577801599,612380.5536076465,375861.3041725134,卖,SH.688041,海光信息,70.02,800,-11758.142219840083,-0.011758142219840062,超时卖/调仓卖,调仓卖出-跌破持有阈值、跌出持有排名,3,60124.898165788945,-0.06565252201761407,54.0,"mom20@q0.6,hold_q=0.4,buy_top=5,hold_top=10,rebalance=20d,min_hold=5d,turnover_penalty=0.01,target_vol=0.18",0.11504032864857394,0.8654499609585041
2024-01-22 15:00:00,988241.8577801599,612380.5536076465,375861.3041725134,买,SZ.000333,美的集团,48.39,4100,-11758.142219840083,-0.011758142219840062,,调仓买入-满足动量阈值,3,200000.0,0.05608904408555215,7.0,"mom20@q0.6,hold_q=0.4,buy_top=5,hold_top=10,rebalance=20d,min_hold=5d,turnover_penalty=0.01,target_vol=0.18",0.11504032864857394,0.8654499609585041
2024-01-22 15:00:00,988241.8577801599,612380.5536076465,375861.3041725134,买,SZ.002466,天齐锂业,53.65,1400,-11758.142219840083,-0.011758142219840062,,调仓买入-调仓纳入持仓,3,75881.98714335375,0.017254455821008596,19.0,"mom20@q0.6,hold_q=0.4,buy_top=5,hold_top=10,rebalance=20d,min_hold=5d,turnover_penalty=0.01,target_vol=0.18",0.11504032864857394,0.8654499609585041
2024-01-22 15:00:00,988241.8577801599,612380.5536076465,375861.3041725134,卖,SZ.300308,中际旭创,77.97,600,-11758.142219840083,-0.011758142219840062,超时卖/调仓卖,调仓卖出-跌出持有排名,3,54550.13058856212,0.011284046692606964,23.0,"mom20@q0.6,hold_q=0.4,buy_top=5,hold_top=10,rebalance=20d,min_hold=5d,turnover_penalty=0.01,target_vol=0.18",0.11504032864857394,0.8654499609585041
2024-01-22 15:00:00,988241.8577801599,612380.5536076465,375861.3041725134,卖,SZ.300394,天孚通信,46.3,900,-11758.142219840083,-0.011758142219840062,超时卖/调仓卖,调仓卖出-跌出持有排名,3,44248.83838550894,0.012685914260717412,22.0,"mom20@q0.6,hold_q=0.4,buy_top=5,hold_top=10,rebalance=20d,min_hold=5d,turnover_penalty=0.01,target_vol=0.18",0.11504032864857394,0.8654499609585041
2024-01-22 15:00:00,988241.8577801599,612380.5536076465,375861.3041725134,卖,SZ.300502,新易盛,37.08,1500,-11758.142219840083,-0.011758142219840062,超时卖/调仓卖,调仓卖出-调仓移出持仓,3,55748.61585748922,0.07603017991874639,4.0,"mom20@q0.6,hold_q=0.4,buy_top=5,hold_top=10,rebalance=20d,min_hold=5d,turnover_penalty=0.01,target_vol=0.18",0.11504032864857394,0.8654499609585041
2024-01-22 15:00:00,988241.8577801599,612380.5536076465,375861.3041725134,卖,SZ.300757,罗博特科,44.06,1200,-11758.142219840083,-0.011758142219840062,超时卖/调仓卖,调仓卖出-跌破持有阈值、跌出持有排名,3,57031.192716491125,-0.22728867064188008,112.0,"mom20@q0.6,hold_q=0.4,buy_top=5,hold_top=10,rebalance=20d,min_hold=5d,turnover_penalty=0.01,target_vol=0.18",0.11504032864857394,0.8654499609585041
2024-02-27 15:00:00,1047032.1192790761,230699.35971129025,816332.7595677859,卖,SH.600089,特变电工,14.38,12000,47032.11927907611,0.047032119279076134,超时卖/调仓卖,调仓卖出-跌出持有排名,3,173353.25328072076,0.058130978660779986,87.0,"mom20@q0.6,hold_q=0.4,buy_top=5,hold_top=10,rebalance=20d,min_hold=5d,turnover_penalty=0.01,target_vol=0.18",0.11504032864857394,0.8654499609585041
2024-02-27 15:00:00,1047032.1192790761,230699.35971129025,816332.7595677859,卖,SH.601088,中国神华,33.08,4000,47032.11927907611,0.047032119279076134,超时卖/调仓卖,调仓卖出-跌出持有排名,3,132993.30378426285,0.20466132556445737,27.0,"mom20@q0.6,hold_q=0.4,buy_top=5,hold_top=10,rebalance=20d,min_hold=5d,turnover_penalty=0.01,target_vol=0.18",0.11504032864857394,0.8654499609585041
2024-02-27 15:00:00,1047032.1192790761,230699.35971129025,816332.7595677859,买,SH.601138,工业富联,17.78,2400,47032.11927907611,0.047032119279076134,,调仓买入-新进前N、满足动量阈值,3,43226.77359828277,0.3836575875486383,5.0,"mom20@q0.6,hold_q=0.4,buy_top=5,hold_top=10,rebalance=20d,min_hold=5d,turnover_penalty=0.01,target_vol=0.18",0.11504032864857394,0.8654499609585041
2024-02-27 15:00:00,1047032.1192790761,230699.35971129025,816332.7595677859,买,SH.601857,中国石油,7.96,7300,47032.11927907611,0.047032119279076134,,调仓买入-满足动量阈值,3,58870.82631521417,0.298531810766721,10.0,"mom20@q0.6,hold_q=0.4,buy_top=5,hold_top=10,rebalance=20d,min_hold=5d,turnover_penalty=0.01,target_vol=0.18",0.11504032864857394,0.8654499609585041
2024-02-27 15:00:00,1047032.1192790761,230699.35971129025,816332.7595677859,买,SH.603019,中科曙光,45.35,1100,47032.11927907611,0.047032119279076134,,调仓买入-新进前N、满足动量阈值,3,52051.43032203904,0.44013972689742786,3.0,"mom20@q0.6,hold_q=0.4,buy_top=5,hold_top=10,rebalance=20d,min_hold=5d,turnover_penalty=0.01,target_vol=0.18",0.11504032864857394,0.8654499609585041
2024-02-27 15:00:00,1047032.1192790761,230699.35971129025,816332.7595677859,卖,SH.605117,德业股份,24.74,1500,47032.11927907611,0.047032119279076134,超时卖/调仓卖,调仓卖出-跌出持有排名,3,37438.1383821041,-0.03132341425215346,111.0,"mom20@q0.6,hold_q=0.4,buy_top=5,hold_top=10,rebalance=20d,min_hold=5d,turnover_penalty=0.01,target_vol=0.18",0.11504032864857394,0.8654499609585041
2024-02-27 15:00:00,1047032.1192790761,230699.35971129025,816332.7595677859,卖,SZ.000333,美的集团,54.97,3600,47032.11927907611,0.047032119279076134,超时卖/调仓卖,调仓卖出-跌出持有排名,3,200000.0,0.13597850795618927,50.0,"mom20@q0.6,hold_q=0.4,buy_top=5,hold_top=10,rebalance=20d,min_hold=5d,turnover_penalty=0.01,target_vol=0.18",0.11504032864857394,0.8654499609585041
2024-02-27 15:00:00,1047032.1192790761,230699.35971129025,816332.7595677859,卖,SZ.002466,天齐锂业,48.04,1500,47032.11927907611,0.047032119279076134,超时卖/调仓卖,调仓卖出-跌破持有阈值、跌出持有排名,3,75881.98714335375,-0.10456663560111834,117.0,"mom20@q0.6,hold_q=0.4,buy_top=5,hold_top=10,rebalance=20d,min_hold=5d,turnover_penalty=0.01,target_vol=0.18",0.11504032864857394,0.8654499609585041
2024-02-27 15:00:00,1047032.1192790761,230699.35971129025,816332.7595677859,买,SZ.300308,中际旭创,114.13,300,47032.11927907611,0.047032119279076134,,调仓买入-新进前N、满足动量阈值,3,34483.45596197016,0.46376811594202905,2.0,"mom20@q0.6,hold_q=0.4,buy_top=5,hold_top=10,rebalance=20d,min_hold=5d,turnover_penalty=0.01,target_vol=0.18",0.11504032864857394,0.8654499609585041
2024-02-27 15:00:00,1047032.1192790761,230699.35971129025,816332.7595677859,买,SZ.300394,天孚通信,66.13,400,47032.11927907611,0.047032119279076134,,调仓买入-新进前N、满足动量阈值,3,31703.9824393262,0.42829373650107994,4.0,"mom20@q0.6,hold_q=0.4,buy_top=5,hold_top=10,rebalance=20d,min_hold=5d,turnover_penalty=0.01,target_vol=0.18",0.11504032864857394,0.8654499609585041
2024-03-26 15:00:00,1073223.2462994545,227087.0737543314,846136.1725451231,卖,SH.601138,工业富联,22.18,100,73223.24629945448,0.07322324629945443,超时卖/调仓卖,调仓卖出-权重下调,3,2815.794338214356,0.24746906636670407,6.0,"mom20@q0.6,hold_q=0.4,buy_top=5,hold_top=10,rebalance=20d,min_hold=5d,turnover_penalty=0.01,target_vol=0.18",0.11504032864857394,0.8654499609585041
2024-03-26 15:00:00,1073223.2462994545,227087.0737543314,846136.1725451231,卖,SH.601857,中国石油,8.29,7100,73223.24629945448,0.07322324629945443,超时卖/调仓卖,调仓卖出-跌出持有排名,3,58870.82631521417,0.041457286432160734,55.0,"mom20@q0.6,hold_q=0.4,buy_top=5,hold_top=10,rebalance=20d,min_hold=5d,turnover_penalty=0.01,target_vol=0.18",0.11504032864857394,0.8654499609585041
2024-03-26 15:00:00,1073223.2462994545,227087.0737543314,846136.1725451231,卖,SH.603019,中科曙光,48.26,1000,73223.24629945448,0.07322324629945443,超时卖/调仓卖,调仓卖出-跌出持有排名,3,52051.43032203904,0.0641675854465269,49.0,"mom20@q0.6,hold_q=0.4,buy_top=5,hold_top=10,rebalance=20d,min_hold=5d,turnover_penalty=0.01,target_vol=0.18",0.11504032864857394,0.8654499609585041
2024-03-26 15:00:00,1073223.2462994545,227087.0737543314,846136.1725451231,买,SZ.001309,德明利,71.13,600,73223.24629945448,0.07322324629945443,,调仓买入-新进前N、满足动量阈值,3,43562.37786099148,0.5234525594345685,2.0,"mom20@q0.6,hold_q=0.4,buy_top=5,hold_top=10,rebalance=20d,min_hold=5d,turnover_penalty=0.01,target_vol=0.18",0.11504032864857394,0.8654499609585041
2024-03-26 15:00:00,1073223.2462994545,227087.0737543314,846136.1725451231,买,SZ.002916,深南电路,65.69,700,73223.24629945448,0.07322324629945443,,调仓买入-新进前N、满足动量阈值,3,48310.64471911902,0.26399846065037513,5.0,"mom20@q0.6,hold_q=0.4,buy_top=5,hold_top=10,rebalance=20d,min_hold=5d,turnover_penalty=0.01,target_vol=0.18",0.11504032864857394,0.8654499609585041
2024-03-26 15:00:00,1073223.2462994545,227087.0737543314,846136.1725451231,卖,SZ.300308,中际旭创,111.66,300,73223.24629945448,0.07322324629945443,超时卖/调仓卖,调仓卖出-跌出持有排名,3,34483.45596197016,-0.021641987207570268,97.0,"mom20@q0.6,hold_q=0.4,buy_top=5,hold_top=10,rebalance=20d,min_hold=5d,turnover_penalty=0.01,target_vol=0.18",0.11504032864857394,0.8654499609585041
2024-03-26 15:00:00,1073223.2462994545,227087.0737543314,846136.1725451231,买,SZ.300394,天孚通信,76.74,100,73223.24629945448,0.07322324629945443,,调仓买入-权重上调,3,14278.285341327108,0.16044155451383646,19.0,"mom20@q0.6,hold_q=0.4,buy_top=5,hold_top=10,rebalance=20d,min_hold=5d,turnover_penalty=0.01,target_vol=0.18",0.11504032864857394,0.8654499609585041
2024-03-26 15:00:00,1073223.2462994545,227087.0737543314,846136.1725451231,买,SZ.300757,罗博特科,94.77,300,73223.24629945448,0.07322324629945443,,调仓买入-新进前N、满足动量阈值,3,33327.24043156631,0.8281249999999998,1.0,"mom20@q0.6,hold_q=0.4,buy_top=5,hold_top=10,rebalance=20d,min_hold=5d,turnover_penalty=0.01,target_vol=0.18",0.11504032864857394,0.8654499609585041
2024-04-25 15:00:00,1060763.0443624381,344057.52861948183,716705.5157429563,买,SH.600176,中国巨石,11.11,5800,60763.044362438144,0.06076304436243807,,调仓买入-满足动量阈值,3,65450.07954152695,0.11546184738955811,8.0,"mom20@q0.6,hold_q=0.4,buy_top=5,hold_top=10,rebalance=20d,min_hold=5d,turnover_penalty=0.01,target_vol=0.18",0.11504032864857394,0.8654499609585041
2024-04-25 15:00:00,1060763.0443624381,344057.52861948183,716705.5157429563,买,SH.600875,东方电气,16.71,5500,60763.044362438144,0.06076304436243807,,调仓买入-新进前N、满足动量阈值,3,92155.95125350103,0.13364993215739496,5.0,"mom20@q0.6,hold_q=0.4,buy_top=5,hold_top=10,rebalance=20d,min_hold=5d,turnover_penalty=0.01,target_vol=0.18",0.11504032864857394,0.8654499609585041
2024-04-25 15:00:00,1060763.0443624381,344057.52861948183,716705.5157429563,卖,SH.601138,工业富联,20.64,1900,60763.044362438144,0.06076304436243807,超时卖/调仓卖,调仓卖出-跌破持有阈值、跌出持有排名,3,40410.979260068416,-0.06943192064923354,78.0,"mom20@q0.6,hold_q=0.4,buy_top=5,hold_top=10,rebalance=20d,min_hold=5d,turnover_penalty=0.01,target_vol=0.18",0.11504032864857394,0.8654499609585041
2024-04-25 15:00:00,1060763.0443624381,344057.52861948183,716705.5157429563,买,SH.601179,中国西电,7.25,7500,60763.044362438144,0.06076304436243807,,调仓买入-新进前N、满足动量阈值,3,55049.56686705753,0.39423076923076916,1.0,"mom20@q0.6,hold_q=0.4,buy_top=5,hold_top=10,rebalance=20d,min_hold=5d,turnover_penalty=0.01,target_vol=0.18",0.11504032864857394,0.8654499609585041
2024-04-25 15:00:00,1060763.0443624381,344057.52861948183,716705.5157429563,买,SH.603993,洛阳钼业,8.18,8700,60763.044362438144,0.06076304436243807,,调仓买入-新进前N、满足动量阈值,3,71953.2443252601,0.15373765867418898,4.0,"mom20@q0.6,hold_q=0.4,buy_top=5,hold_top=10,rebalance=20d,min_hold=5d,turnover_penalty=0.01,target_vol=0.18",0.11504032864857394,0.8654499609585041
2024-04-25 15:00:00,1060763.0443624381,344057.52861948183,716705.5157429563,卖,SZ.001309,德明利,66.4,600,60763.044362438144,0.06076304436243807,超时卖/调仓卖,调仓卖出-跌破持有阈值、跌出持有排名,3,43562.37786099148,-0.06649796147898202,75.0,"mom20@q0.6,hold_q=0.4,buy_top=5,hold_top=10,rebalance=20d,min_hold=5d,turnover_penalty=0.01,target_vol=0.18",0.11504032864857394,0.8654499609585041
2024-04-25 15:00:00,1060763.0443624381,344057.52861948183,716705.5157429563,卖,SZ.002916,深南电路,65.18,700,60763.044362438144,0.06076304436243807,超时卖/调仓卖,调仓卖出-跌出持有排名,3,48310.64471911902,-0.00776373877302472,53.0,"mom20@q0.6,hold_q=0.4,buy_top=5,hold_top=10,rebalance=20d,min_hold=5d,turnover_penalty=0.01,target_vol=0.18",0.11504032864857394,0.8654499609585041
2024-04-25 15:00:00,1060763.0443624381,344057.52861948183,716705.5157429563,卖,SZ.300394,天孚通信,73.12,600,60763.044362438144,0.06076304436243807,超时卖/调仓卖,调仓卖出-跌破持有阈值、跌出持有排名,3,45982.2677806533,-0.04717227000260604,67.0,"mom20@q0.6,hold_q=0.4,buy_top=5,hold_top=10,rebalance=20d,min_hold=5d,turnover_penalty=0.01,target_vol=0.18",0.11504032864857394,0.8654499609585041
2024-04-25 15:00:00,1060763.0443624381,344057.52861948183,716705.5157429563,买,SZ.300476,胜宏科技,26.95,1400,60763.044362438144,0.06076304436243807,,调仓买入-新进前N、满足动量阈值,3,39740.24846034662,0.2402208927749654,2.0,"mom20@q0.6,hold_q=0.4,buy_top=5,hold_top=10,rebalance=20d,min_hold=5d,turnover_penalty=0.01,target_vol=0.18",0.11504032864857394,0.8654499609585041
2024-04-25 15:00:00,1060763.0443624381,344057.52861948183,716705.5157429563,卖,SZ.300757,罗博特科,78.06,400,60763.044362438144,0.06076304436243807,超时卖/调仓卖,调仓卖出-跌破持有阈值、跌出持有排名,3,33327.24043156631,-0.17632162076606517,114.0,"mom20@q0.6,hold_q=0.4,buy_top=5,hold_top=10,rebalance=20d,min_hold=5d,turnover_penalty=0.01,target_vol=0.18",0.11504032864857394,0.8654499609585041
2024-05-28 15:00:00,1050630.9792820045,359297.1202500957,691333.8590319089,卖,SH.600176,中国巨石,11.11,5800,50630.979282004526,0.05063097928200455,超时卖/调仓卖,调仓卖出-跌出持有排名,3,65450.07954152695,0.0,67.0,"mom20@q0.6,hold_q=0.4,buy_top=5,hold_top=10,rebalance=20d,min_hold=5d,turnover_penalty=0.01,target_vol=0.18",0.11504032864857394,0.8654499609585041
2024-05-28 15:00:00,1050630.9792820045,359297.1202500957,691333.8590319089,买,SH.600183,生益科技,18.82,3900,50630.979282004526,0.05063097928200455,,调仓买入-新进前N、满足动量阈值,3,74049.71585899507,0.26563550773369204,2.0,"mom20@q0.6,hold_q=0.4,buy_top=5,hold_top=10,rebalance=20d,min_hold=5d,turnover_penalty=0.01,target_vol=0.18",0.11504032864857394,0.8654499609585041
2024-05-28 15:00:00,1050630.9792820045,359297.1202500957,691333.8590319089,买,SH.600522,中天科技,14.71,5600,50630.979282004526,0.05063097928200455,,调仓买入-新进前N、满足动量阈值,3,83818.61061679214,0.1959349593495936,4.0,"mom20@q0.6,hold_q=0.4,buy_top=5,hold_top=10,rebalance=20d,min_hold=5d,turnover_penalty=0.01,target_vol=0.18",0.11504032864857394,0.8654499609585041
2024-05-28 15:00:00,1050630.9792820045,359297.1202500957,691333.8590319089,卖,SH.600875,东方电气,17.7,5200,50630.979282004526,0.05063097928200455,超时卖/调仓卖,调仓卖出-跌出持有排名,3,92155.95125350103,0.05924596050269293,35.0,"mom20@q0.6,hold_q=0.4,buy_top=5,hold_top=10,rebalance=20d,min_hold=5d,turnover_penalty=0.01,target_vol=0.18",0.11504032864857394,0.8654499609585041
2024-05-28 15:00:00,1050630.9792820045,359297.1202500957,691333.8590319089,卖,SH.601179,中国西电,6.8,8000,50630.979282004526,0.05063097928200455,超时卖/调仓卖,调仓卖出-跌破持有阈值、跌出持有排名,3,55049.56686705753,-0.06206896551724139,103.0,"mom20@q0.6,hold_q=0.4,buy_top=5,hold_top=10,rebalance=20d,min_hold=5d,turnover_penalty=0.01,target_vol=0.18",0.11504032864857394,0.8654499609585041
2024-05-28 15:00:00,1050630.9792820045,359297.1202500957,691333.8590319089,卖,SH.603993,洛阳钼业,7.85,9100,50630.979282004526,0.05063097928200455,超时卖/调仓卖,调仓卖出-跌破持有阈值、跌出持有排名,3,71953.2443252601,-0.04034229828850855,94.0,"mom20@q0.6,hold_q=0.4,buy_top=5,hold_top=10,rebalance=20d,min_hold=5d,turnover_penalty=0.01,target_vol=0.18",0.11504032864857394,0.8654499609585041
2024-05-28 15:00:00,1050630.9792820045,359297.1202500957,691333.8590319089,买,SH.688183,生益电子,15.06,2400,50630.979282004526,0.05063097928200455,,调仓买入-新进前N、满足动量阈值,3,36751.996527419775,0.608974358974359,1.0,"mom20@q0.6,hold_q=0.4,buy_top=5,hold_top=10,rebalance=20d,min_hold=5d,turnover_penalty=0.01,target_vol=0.18",0.11504032864857394,0.8654499609585041
2024-05-28 15:00:00,1050630.9792820045,359297.1202500957,691333.8590319089,买,SZ.000938,紫光股份,21.66,3200,50630.979282004526,0.05063097928200455,,调仓买入-满足动量阈值,3,70533.04312022006,0.12636505460218417,9.0,"mom20@q0.6,hold_q=0.4,buy_top=5,hold_top=10,rebalance=20d,min_hold=5d,turnover_penalty=0.01,target_vol=0.18",0.11504032864857394,0.8654499609585041
2024-05-28 15:00:00,1050630.9792820045,359297.1202500957,691333.8590319089,买,SZ.002938,鹏鼎控股,26.87,2800,50630.979282004526,0.05063097928200455,,调仓买入-新进前N、满足动量阈值,3,76828.85916335949,0.2158371040723981,3.0,"mom20@q0.6,hold_q=0.4,buy_top=5,hold_top=10,rebalance=20d,min_hold=5d,turnover_penalty=0.01,target_vol=0.18",0.11504032864857394,0.8654499609585041
2024-05-28 15:00:00,1050630.9792820045,359297.1202500957,691333.8590319089,卖,SZ.300476,胜宏科技,24.41,1600,50630.979282004526,0.05063097928200455,超时卖/调仓卖,调仓卖出-跌破持有阈值、跌出持有排名,3,39740.24846034662,-0.09424860853432282,114.0,"mom20@q0.6,hold_q=0.4,buy_top=5,hold_top=10,rebalance=20d,min_hold=5d,turnover_penalty=0.01,target_vol=0.18",0.11504032864857394,0.8654499609585041
2024-06-26 15:00:00,1095243.3540544324,346028.58072372514,749214.7733307072,卖,SH.600183,生益科技,19.46,3800,95243.35405443236,0.0952433540544324,超时卖/调仓卖,调仓卖出-跌出持有排名,3,74049.71585899507,0.0340063761955367,36.0,"mom20@q0.6,hold_q=0.4,buy_top=5,hold_top=10,rebalance=20d,min_hold=5d,turnover_penalty=0.01,target_vol=0.18",0.11504032864857394,0.8654499609585041
2024-06-26 15:00:00,1095243.3540544324,346028.58072372514,749214.7733307072,卖,SH.600522,中天科技,14.8,5600,95243.35405443236,0.0952433540544324,超时卖/调仓卖,调仓卖出-跌出持有排名,3,83818.61061679214,0.00611828687967364,52.0,"mom20@q0.6,hold_q=0.4,buy_top=5,hold_top=10,rebalance=20d,min_hold=5d,turnover_penalty=0.01,target_vol=0.18",0.11504032864857394,0.8654499609585041
2024-06-26 15:00:00,1095243.3540544324,346028.58072372514,749214.7733307072,买,SH.688183,生益电子,19.01,0,95243.35405443236,0.0952433540544324,,调仓买入-权重上调,3,1339.6813212774375,0.26228419654714474,3.0,"mom20@q0.6,hold_q=0.4,buy_top=5,hold_top=10,rebalance=20d,min_hold=5d,turnover_penalty=0.01,target_vol=0.18",0.11504032864857394,0.8654499609585041
2024-06-26 15:00:00,1095243.3540544324,346028.58072372514,749214.7733307072,买,SH.688525,佰维存储,62.5,700,95243.35405443236,0.0952433540544324,,调仓买入-新进前N、满足动量阈值,3,49055.237887194955,0.33832976445396135,2.0,"mom20@q0.6,hold_q=0.4,buy_top=5,hold_top=10,rebalance=20d,min_hold=5d,turnover_penalty=0.01,target_vol=0.18",0.11504032864857394,0.8654499609585041
2024-06-26 15:00:00,1095243.3540544324,346028.58072372514,749214.7733307072,卖,SZ.000938,紫光股份,22.4,3100,95243.35405443236,0.0952433540544324,超时卖/调仓卖,调仓卖出-跌出持有排名,3,70533.04312022006,0.03416435826408115,35.0,"mom20@q0.6,hold_q=0.4,buy_top=5,hold_top=10,rebalance=20d,min_hold=5d,turnover_penalty=0.01,target_vol=0.18",0.11504032864857394,0.8654499609585041
2024-06-26 15:00:00,1095243.3540544324,346028.58072372514,749214.7733307072,买,SZ.002384,东山精密,19.13,3800,95243.35405443236,0.0952433540544324,,调仓买入-新进前N、满足动量阈值,3,73542.61717417659,0.26187335092348274,4.0,"mom20@q0.6,hold_q=0.4,buy_top=5,hold_top=10,rebalance=20d,min_hold=5d,turnover_penalty=0.01,target_vol=0.18",0.11504032864857394,0.8654499609585041
2024-06-26 15:00:00,1095243.3540544324,346028.58072372514,749214.7733307072,买,SZ.002594,比亚迪,81.88,1100,95243.35405443236,0.0952433540544324,,调仓买入-满足动量阈值,3,92145.14529996515,0.2262992361839149,8.0,"mom20@q0.6,hold_q=0.4,buy_top=5,hold_top=10,rebalance=20d,min_hold=5d,turnover_penalty=0.01,target_vol=0.18",0.11504032864857394,0.8654499609585041
2024-06-26 15:00:00,1095243.3540544324,346028.58072372514,749214.7733307072,卖,SZ.002938,鹏鼎控股,39.47,300,95243.35405443236,0.0952433540544324,超时卖/调仓卖,调仓卖出-权重下调,3,13725.91543505662,0.4689244510606623,1.0,"mom20@q0.6,hold_q=0.4,buy_top=5,hold_top=10,rebalance=20d,min_hold=5d,turnover_penalty=0.01,target_vol=0.18",0.11504032864857394,0.8654499609585041
2024-07-24 15:00:00,1117417.984925368,256224.74296660675,861193.2419587614,买,SH.605117,德业股份,45.92,1200,117417.9849253681,0.11741798492536804,,调仓买入-新进前N、满足动量阈值,3,55192.106047164874,0.3873111782477341,1.0,"mom20@q0.6,hold_q=0.4,buy_top=5,hold_top=10,rebalance=20d,min_hold=5d,turnover_penalty=0.01,target_vol=0.18",0.11504032864857394,0.8654499609585041
2024-07-24 15:00:00,1117417.984925368,256224.74296660675,861193.2419587614,卖,SH.688183,生益电子,24.36,0,117417.9849253681,0.11741798492536804,超时卖/调仓卖,调仓卖出-权重下调,3,1484.9601790934212,0.2814308258811151,4.0,"mom20@q0.6,hold_q=0.4,buy_top=5,hold_top=10,rebalance=20d,min_hold=5d,turnover_penalty=0.01,target_vol=0.18",0.11504032864857394,0.8654499609585041
2024-07-24 15:00:00,1117417.984925368,256224.74296660675,861193.2419587614,买,SH.688256,寒武纪,174.33,200,117417.9849253681,0.11741798492536804,,调仓买入-新进前N、满足动量阈值,3,40429.62603972192,0.28932771244730415,3.0,"mom20@q0.6,hold_q=0.4,buy_top=5,hold_top=10,rebalance=20d,min_hold=5d,turnover_penalty=0.01,target_vol=0.18",0.11504032864857394,0.8654499609585041
2024-07-24 15:00:00,1117417.984925368,256224.74296660675,861193.2419587614,卖,SH.688525,佰维存储,54.04,900,117417.9849253681,0.11741798492536804,超时卖/调仓卖,调仓卖出-跌破持有阈值、跌出持有排名,3,49055.237887194955,-0.13536000000000004,109.0,"mom20@q0.6,hold_q=0.4,buy_top=5,hold_top=10,rebalance=20d,min_hold=5d,turnover_penalty=0.01,target_vol=0.18",0.11504032864857394,0.8654499609585041
2024-07-24 15:00:00,1117417.984925368,256224.74296660675,861193.2419587614,卖,SZ.002384,东山精密,24.23,1000,117417.9849253681,0.11741798492536804,超时卖/调仓卖,调仓卖出-权重下调,3,24522.947848135398,0.26659696811291167,5.0,"mom20@q0.6,hold_q=0.4,buy_top=5,hold_top=10,rebalance=20d,min_hold=5d,turnover_penalty=0.01,target_vol=0.18",0.11504032864857394,0.8654499609585041
2024-07-24 15:00:00,1117417.984925368,256224.74296660675,861193.2419587614,卖,SZ.002594,比亚迪,80.97,1100,117417.9849253681,0.11741798492536804,超时卖/调仓卖,调仓卖出-跌出持有排名,3,92145.14529996515,-0.011113825109916875,52.0,"mom20@q0.6,hold_q=0.4,buy_top=5,hold_top=10,rebalance=20d,min_hold=5d,turnover_penalty=0.01,target_vol=0.18",0.11504032864857394,0.8654499609585041
2024-07-24 15:00:00,1117417.984925368,256224.74296660675,861193.2419587614,卖,SZ.002938,鹏鼎控股,34.73,1800,117417.9849253681,0.11741798492536804,超时卖/调仓卖,调仓卖出-跌破持有阈值、跌出持有排名,3,63102.94372830287,-0.12009120851279453,106.0,"mom20@q0.6,hold_q=0.4,buy_top=5,hold_top=10,rebalance=20d,min_hold=5d,turnover_penalty=0.01,target_vol=0.18",0.11504032864857394,0.8654499609585041
2024-07-24 15:00:00,1117417.984925368,256224.74296660675,861193.2419587614,买,SZ.300476,胜宏科技,38.89,1200,117417.9849253681,0.11741798492536804,,调仓买入-新进前N、满足动量阈值,3,48052.59597954044,0.31119352663519884,2.0,"mom20@q0.6,hold_q=0.4,buy_top=5,hold_top=10,rebalance=20d,min_hold=5d,turnover_penalty=0.01,target_vol=0.18",0.11504032864857394,0.8654499609585041
2024-08-21 15:00:00,1083375.47850586,748004.813002448,335370.66550341214,买,SH.600105,永鼎股份,3.79,14800,83375.47850586008,0.08337547850586002,,调仓买入-新进前N、满足动量阈值,3,56193.244107811246,0.14848484848484866,1.0,"mom20@q0.6,hold_q=0.4,buy_top=5,hold_top=10,rebalance=20d,min_hold=5d,turnover_penalty=0.01,target_vol=0.18",0.11504032864857394,0.8654499609585041
2024-08-21 15:00:00,1083375.47850586,748004.813002448,335370.66550341214,买,SH.601398,工商银行,5.68,31200,83375.47850586008,0.08337547850586002,,调仓买入-满足动量阈值,3,177519.25941151803,0.04411764705882337,9.0,"mom20@q0.6,hold_q=0.4,buy_top=5,hold_top=10,rebalance=20d,min_hold=5d,turnover_penalty=0.01,target_vol=0.18",0.11504032864857394,0.8654499609585041
2024-08-21 15:00:00,1083375.47850586,748004.813002448,335370.66550341214,买,SH.601868,中国能建,2.17,92100,83375.47850586008,0.08337547850586002,,调仓买入-满足动量阈值,3,200000.0,0.043269230769230616,10.0,"mom20@q0.6,hold_q=0.4,buy_top=5,hold_top=10,rebalance=20d,min_hold=5d,turnover_penalty=0.01,target_vol=0.18",0.11504032864857394,0.8654499609585041
2024-08-21 15:00:00,1083375.47850586,748004.813002448,335370.66550341214,卖,SH.605117,德业股份,42.5,1200,83375.47850586008,0.08337547850586002,超时卖/调仓卖,调仓卖出-跌破持有阈值、跌出持有排名,3,55192.106047164874,-0.07447735191637639,84.0,"mom20@q0.6,hold_q=0.4,buy_top=5,hold_top=10,rebalance=20d,min_hold=5d,turnover_penalty=0.01,target_vol=0.18",0.11504032864857394,0.8654499609585041
2024-08-21 15:00:00,1083375.47850586,748004.813002448,335370.66550341214,卖,SH.688183,生益电子,19.98,1800,83375.47850586008,0.08337547850586002,超时卖/调仓卖,调仓卖出-跌破持有阈值、跌出持有排名,3,36606.71766960379,-0.17980295566502458,116.0,"mom20@q0.6,hold_q=0.4,buy_top=5,hold_top=10,rebalance=20d,min_hold=5d,turnover_penalty=0.01,target_vol=0.18",0.11504032864857394,0.8654499609585041
2024-08-21 15:00:00,1083375.47850586,748004.813002448,335370.66550341214,卖,SH.688256,寒武纪,176.07,200,83375.47850586008,0.08337547850586002,超时卖/调仓卖,调仓卖出-跌出持有排名,3,40429.62603972192,0.009981070383754842,23.0,"mom20@q0.6,hold_q=0.4,buy_top=5,hold_top=10,rebalance=20d,min_hold=5d,turnover_penalty=0.01,target_vol=0.18",0.11504032864857394,0.8654499609585041
2024-08-21 15:00:00,1083375.47850586,748004.813002448,335370.66550341214,买,SZ.000988,华工科技,29.78,4700,83375.47850586008,0.08337547850586002,,调仓买入-新进前N、满足动量阈值,3,142004.71799943433,0.07122302158273386,2.0,"mom20@q0.6,hold_q=0.4,buy_top=5,hold_top=10,rebalance=20d,min_hold=5d,turnover_penalty=0.01,target_vol=0.18",0.11504032864857394,0.8654499609585041
2024-08-21 15:00:00,1083375.47850586,748004.813002448,335370.66550341214,买,SZ.002028,思源电气,64.08,1700,83375.47850586008,0.08337547850586002,,调仓买入-满足动量阈值,3,114721.89939807731,0.05325443786982231,6.0,"mom20@q0.6,hold_q=0.4,buy_top=5,hold_top=10,rebalance=20d,min_hold=5d,turnover_penalty=0.01,target_vol=0.18",0.11504032864857394,0.8654499609585041
2024-08-21 15:00:00,1083375.47850586,748004.813002448,335370.66550341214,卖,SZ.002384,东山精密,22.82,2100,83375.47850586008,0.08337547850586002,超时卖/调仓卖,调仓卖出-跌破持有阈值、跌出持有排名,3,49019.669326041185,-0.058192323565827486,69.0,"mom20@q0.6,hold_q=0.4,buy_top=5,hold_top=10,rebalance=20d,min_hold=5d,turnover_penalty=0.01,target_vol=0.18",0.11504032864857394,0.8654499609585041
2024-08-21 15:00:00,1083375.47850586,748004.813002448,335370.66550341214,卖,SZ.300476,胜宏科技,32.21,1400,83375.47850586008,0.08337547850586002,超时卖/调仓卖,调仓卖出-跌破持有阈值、跌出持有排名,3,48052.59597954044,-0.1717665209565441,115.0,"mom20@q0.6,hold_q=0.4,buy_top=5,hold_top=10,rebalance=20d,min_hold=5d,turnover_penalty=0.01,target_vol=0.18",0.11504032864857394,0.8654499609585041
2024-09-20 15:00:00,1038603.0899174003,615095.3134346517,423507.77648274857,卖,SH.600105,永鼎股份,3.5,16000,38603.08991740027,0.03860308991740036,超时卖/调仓卖,调仓卖出-跌破持有阈值、跌出持有排名,3,56193.244107811246,-0.07651715039577833,80.0,"mom20@q0.6,hold_q=0.4,buy_top=5,hold_top=10,rebalance=20d,min_hold=5d,turnover_penalty=0.01,target_vol=0.18",0.11504032864857394,0.8654499609585041
2024-09-20 15:00:00,1038603.0899174003,615095.3134346517,423507.77648274857,买,SH.600309,万华化学,73.69,1800,38603.08991740027,0.03860308991740036,,调仓买入-新进前N、满足动量阈值,3,138122.54268964316,0.08992752551397709,5.0,"mom20@q0.6,hold_q=0.4,buy_top=5,hold_top=10,rebalance=20d,min_hold=5d,turnover_penalty=0.01,target_vol=0.18",0.11504032864857394,0.8654499609585041
2024-09-20 15:00:00,1038603.0899174003,615095.3134346517,423507.77648274857,买,SH.600406,国电南瑞,25.03,6800,38603.08991740027,0.03860308991740036,,调仓买入-新进前N、满足动量阈值,3,172706.83267627694,0.0992534036012298,4.0,"mom20@q0.6,hold_q=0.4,buy_top=5,hold_top=10,rebalance=20d,min_hold=5d,turnover_penalty=0.01,target_vol=0.18",0.11504032864857394,0.8654499609585041
2024-09-20 15:00:00,1038603.0899174003,615095.3134346517,423507.77648274857,买,SH.600487,亨通光电,14.4,5300,38603.08991740027,0.03860308991740036,,调仓买入-新进前N、满足动量阈值,3,76663.68631897979,0.11627906976744184,3.0,"mom20@q0.6,hold_q=0.4,buy_top=5,hold_top=10,rebalance=20d,min_hold=5d,turnover_penalty=0.01,target_vol=0.18",0.11504032864857394,0.8654499609585041
2024-09-20 15:00:00,1038603.0899174003,615095.3134346517,423507.77648274857,卖,SH.601398,工商银行,5.05,35100,38603.08991740027,0.03860308991740036,超时卖/调仓卖,调仓卖出-跌破持有阈值、跌出持有排名,3,177519.25941151803,-0.1109154929577465,104.0,"mom20@q0.6,hold_q=0.4,buy_top=5,hold_top=10,rebalance=20d,min_hold=5d,turnover_penalty=0.01,target_vol=0.18",0.11504032864857394,0.8654499609585041
2024-09-20 15:00:00,1038603.0899174003,615095.3134346517,423507.77648274857,卖,SH.601868,中国能建,2.01,99500,38603.08991740027,0.03860308991740036,超时卖/调仓卖,调仓卖出-跌破持有阈值、跌出持有排名,3,200000.0,-0.07373271889400923,77.0,"mom20@q0.6,hold_q=0.4,buy_top=5,hold_top=10,rebalance=20d,min_hold=5d,turnover_penalty=0.01,target_vol=0.18",0.11504032864857394,0.8654499609585041
2024-09-20 15:00:00,1038603.0899174003,615095.3134346517,423507.77648274857,卖,SZ.000988,华工科技,28.03,5000,38603.08991740027,0.03860308991740036,超时卖/调仓卖,调仓卖出-跌破持有阈值、跌出持有排名,3,142004.71799943433,-0.05876427132303563,66.0,"mom20@q0.6,hold_q=0.4,buy_top=5,hold_top=10,rebalance=20d,min_hold=5d,turnover_penalty=0.01,target_vol=0.18",0.11504032864857394,0.8654499609585041
2024-09-20 15:00:00,1038603.0899174003,615095.3134346517,423507.77648274857,卖,SZ.002028,思源电气,66.97,1700,38603.08991740027,0.03860308991740036,超时卖/调仓卖,调仓卖出-跌出持有排名,3,114721.89939807731,0.04509987515605496,17.0,"mom20@q0.6,hold_q=0.4,buy_top=5,hold_top=10,rebalance=20d,min_hold=5d,turnover_penalty=0.01,target_vol=0.18",0.11504032864857394,0.8654499609585041
2024-09-20 15:00:00,1038603.0899174003,615095.3134346517,423507.77648274857,买,SZ.002202,金风科技,8.07,13500,38603.08991740027,0.03860308991740036,,调仓买入-新进前N、满足动量阈值,3,109205.66273011522,0.12395543175487478,2.0,"mom20@q0.6,hold_q=0.4,buy_top=5,hold_top=10,rebalance=20d,min_hold=5d,turnover_penalty=0.01,target_vol=0.18",0.11504032864857394,0.8654499609585041
2024-09-20 15:00:00,1038603.0899174003,615095.3134346517,423507.77648274857,买,SZ.300274,阳光电源,76.1,1200,38603.08991740027,0.03860308991740036,,调仓买入-新进前N、满足动量阈值,3,95534.55450154383,0.19316400125431166,1.0,"mom20@q0.6,hold_q=0.4,buy_top=5,hold_top=10,rebalance=20d,min_hold=5d,turnover_penalty=0.01,target_vol=0.18",0.11504032864857394,0.8654499609585041
2024-10-15 15:00:00,993580.037105224,136952.5833012391,856627.4538039849,买,SH.688256,寒武纪,237.62,100,-6419.962894776021,-0.006419962894775977,,调仓买入-新进前N、满足动量阈值,4,31296.98484709526,0.656927689840318,5.0,"mom20@q0.6,hold_q=0.4,buy_top=5,hold_top=10,rebalance=20d,min_hold=5d,turnover_penalty=0.01,target_vol=0.18",0.28334493863104626,2.0430343095309547
2024-10-15 15:00:00,993580.037105224,136952.5833012391,856627.4538039849,买,SZ.300033,同花顺,124.08,100,-6419.962894776021,-0.006419962894775977,,调仓买入-新进前N、满足动量阈值,4,23309.54762467277,0.9004441721550005,3.0,"mom20@q0.6,hold_q=0.4,buy_top=5,hold_top=10,rebalance=20d,min_hold=5d,turnover_penalty=0.01,target_vol=0.18",0.28334493863104626,2.0430343095309547
2024-10-15 15:00:00,993580.037105224,136952.5833012391,856627.4538039849,买,SZ.300059,东方财富,20.0,1200,-6419.962894776021,-0.006419962894775977,,调仓买入-新进前N、满足动量阈值,4,24805.4030112872,0.9230769230769229,2.0,"mom20@q0.6,hold_q=0.4,buy_top=5,hold_top=10,rebalance=20d,min_hold=5d,turnover_penalty=0.01,target_vol=0.18",0.28334493863104626,2.0430343095309547
2024-10-15 15:00:00,993580.037105224,136952.5833012391,856627.4538039849,买,SZ.300757,罗博特科,174.36,100,-6419.962894776021,-0.006419962894775977,,调仓买入-新进前N、满足动量阈值,4,29320.99840470867,1.4183079056865466,1.0,"mom20@q0.6,hold_q=0.4,buy_top=5,hold_top=10,rebalance=20d,min_hold=5d,turnover_penalty=0.01,target_vol=0.18",0.28334493863104626,2.0430343095309547
2024-10-15 15:00:00,993580.037105224,136952.5833012391,856627.4538039849,买,SZ.300857,协创数据,38.03,700,-6419.962894776021,-0.006419962894775977,,调仓买入-满足动量阈值,4,29104.56101626794,0.6259085079093629,7.0,"mom20@q0.6,hold_q=0.4,buy_top=5,hold_top=10,rebalance=20d,min_hold=5d,turnover_penalty=0.01,target_vol=0.18",0.28334493863104626,2.0430343095309547
2024-11-12 15:00:00,1038415.1674180531,222245.2166140814,816169.9508039717,买,SH.603019,中科曙光,83.56,500,38415.16741805314,0.038415167418053064,,调仓买入-新进前N、满足动量阈值,4,49342.714923655476,0.6432645034414946,5.0,"mom20@q0.6,hold_q=0.4,buy_top=5,hold_top=10,rebalance=20d,min_hold=5d,turnover_penalty=0.01,target_vol=0.18",0.28334493863104626,2.0430343095309547
2024-11-12 15:00:00,1038415.1674180531,222245.2166140814,816169.9508039717,买,SH.603083,剑桥科技,56.39,900,38415.16741805314,0.038415167418053064,,调仓买入-新进前N、满足动量阈值,4,55880.01202000608,0.8255098737455486,1.0,"mom20@q0.6,hold_q=0.4,buy_top=5,hold_top=10,rebalance=20d,min_hold=5d,turnover_penalty=0.01,target_vol=0.18",0.28334493863104626,2.0430343095309547
2024-11-12 15:00:00,1038415.1674180531,222245.2166140814,816169.9508039717,卖,SH.688256,寒武纪,282.88,100,38415.16741805314,0.038415167418053064,超时卖/调仓卖,调仓卖出-跌出持有排名,4,31296.98484709526,0.19047218247622255,49.0,"mom20@q0.6,hold_q=0.4,buy_top=5,hold_top=10,rebalance=20d,min_hold=5d,turnover_penalty=0.01,target_vol=0.18",0.28334493863104626,2.0430343095309547
2024-11-12 15:00:00,1038415.1674180531,222245.2166140814,816169.9508039717,买,SZ.002156,通富微电,36.47,1200,38415.16741805314,0.038415167418053064,,调仓买入-新进前N、满足动量阈值,4,44698.32046387017,0.6892079666512274,4.0,"mom20@q0.6,hold_q=0.4,buy_top=5,hold_top=10,rebalance=20d,min_hold=5d,turnover_penalty=0.01,target_vol=0.18",0.28334493863104626,2.0430343095309547
2024-11-12 15:00:00,1038415.1674180531,222245.2166140814,816169.9508039717,买,SZ.002428,云南锗业,24.32,1500,38415.16741805314,0.038415167418053064,,调仓买入-新进前N、满足动量阈值,4,36500.434081551175,0.7777777777777779,3.0,"mom20@q0.6,hold_q=0.4,buy_top=5,hold_top=10,rebalance=20d,min_hold=5d,turnover_penalty=0.01,target_vol=0.18",0.28334493863104626,2.0430343095309547
2024-11-12 15:00:00,1038415.1674180531,222245.2166140814,816169.9508039717,买,SZ.300033,同花顺,221.84,0,38415.16741805314,0.038415167418053064,,调仓买入-权重上调,4,4292.44009912056,0.7878787878787878,2.0,"mom20@q0.6,hold_q=0.4,buy_top=5,hold_top=10,rebalance=20d,min_hold=5d,turnover_penalty=0.01,target_vol=0.18",0.28334493863104626,2.0430343095309547
2024-11-12 15:00:00,1038415.1674180531,222245.2166140814,816169.9508039717,卖,SZ.300059,东方财富,28.19,800,38415.16741805314,0.038415167418053064,超时卖/调仓卖,调仓卖出-跌出持有排名,4,24805.4030112872,0.4095,13.0,"mom20@q0.6,hold_q=0.4,buy_top=5,hold_top=10,rebalance=20d,min_hold=5d,turnover_penalty=0.01,target_vol=0.18",0.28334493863104626,2.0430343095309547
2024-11-12 15:00:00,1038415.1674180531,222245.2166140814,816169.9508039717,卖,SZ.300757,罗博特科,230.95,100,38415.16741805314,0.038415167418053064,超时卖/调仓卖,调仓卖出-跌出持有排名,4,29320.99840470867,0.32455838495067657,22.0,"mom20@q0.6,hold_q=0.4,buy_top=5,hold_top=10,rebalance=20d,min_hold=5d,turnover_penalty=0.01,target_vol=0.18",0.28334493863104626,2.0430343095309547
2024-11-12 15:00:00,1038415.1674180531,222245.2166140814,816169.9508039717,卖,SZ.300857,协创数据,46.29,600,38415.16741805314,0.038415167418053064,超时卖/调仓卖,调仓卖出-跌出持有排名,4,29104.56101626794,0.2171969497764923,44.0,"mom20@q0.6,hold_q=0.4,buy_top=5,hold_top=10,rebalance=20d,min_hold=5d,turnover_penalty=0.01,target_vol=0.18",0.28334493863104626,2.0430343095309547
2024-12-10 15:00:00,1003732.2025389794,223452.6139678317,780279.5885711476,卖,SH.603019,中科曙光,74.6,600,3732.202538979356,0.0037322025389794344,超时卖/调仓卖,调仓卖出-跌破持有阈值、跌出持有排名,4,49342.714923655476,-0.10722833891814276,87.0,"mom20@q0.6,hold_q=0.4,buy_top=5,hold_top=10,rebalance=20d,min_hold=5d,turnover_penalty=0.01,target_vol=0.18",0.28334493863104626,2.0430343095309547
2024-12-10 15:00:00,1003732.2025389794,223452.6139678317,780279.5885711476,卖,SH.603083,剑桥科技,41.6,1300,3732.202538979356,0.0037322025389794344,超时卖/调仓卖,调仓卖出-跌破持有阈值、跌出持有排名,4,55880.01202000608,-0.26228054619613406,119.0,"mom20@q0.6,hold_q=0.4,buy_top=5,hold_top=10,rebalance=20d,min_hold=5d,turnover_penalty=0.01,target_vol=0.18",0.28334493863104626,2.0430343095309547
2024-12-10 15:00:00,1003732.2025389794,223452.6139678317,780279.5885711476,买,SH.603256,宏和科技,9.86,5400,3732.202538979356,0.0037322025389794344,,调仓买入-新进前N、满足动量阈值,4,53478.1708944827,0.15863689776733247,3.0,"mom20@q0.6,hold_q=0.4,buy_top=5,hold_top=10,rebalance=20d,min_hold=5d,turnover_penalty=0.01,target_vol=0.18",0.28334493863104626,2.0430343095309547
2024-12-10 15:00:00,1003732.2025389794,223452.6139678317,780279.5885711476,买,SH.688256,寒武纪,360.36,100,3732.202538979356,0.0037322025389794344,,调仓买入-新进前N、满足动量阈值,4,50182.73130261164,0.27389705882352944,1.0,"mom20@q0.6,hold_q=0.4,buy_top=5,hold_top=10,rebalance=20d,min_hold=5d,turnover_penalty=0.01,target_vol=0.18",0.28334493863104626,2.0430343095309547
2024-12-10 15:00:00,1003732.2025389794,223452.6139678317,780279.5885711476,卖,SZ.002156,通富微电,29.36,1500,3732.202538979356,0.0037322025389794344,超时卖/调仓卖,调仓卖出-跌破持有阈值、跌出持有排名,4,44698.32046387017,-0.19495475733479573,116.0,"mom20@q0.6,hold_q=0.4,buy_top=5,hold_top=10,rebalance=20d,min_hold=5d,turnover_penalty=0.01,target_vol=0.18",0.28334493863104626,2.0430343095309547
2024-12-10 15:00:00,1003732.2025389794,223452.6139678317,780279.5885711476,卖,SZ.002428,云南锗业,23.07,1500,3732.202538979356,0.0037322025389794344,超时卖/调仓卖,调仓卖出-跌破持有阈值、跌出持有排名,4,36500.434081551175,-0.05139802631578949,53.0,"mom20@q0.6,hold_q=0.4,buy_top=5,hold_top=10,rebalance=20d,min_hold=5d,turnover_penalty=0.01,target_vol=0.18",0.28334493863104626,2.0430343095309547
2024-12-10 15:00:00,1003732.2025389794,223452.6139678317,780279.5885711476,买,SZ.300033,同花顺,227.71,0,3732.202538979356,0.0037322025389794344,,调仓买入-权重上调,4,11094.989102576266,0.02646051208077904,18.0,"mom20@q0.6,hold_q=0.4,buy_top=5,hold_top=10,rebalance=20d,min_hold=5d,turnover_penalty=0.01,target_vol=0.18",0.28334493863104626,2.0430343095309547
2024-12-10 15:00:00,1003732.2025389794,223452.6139678317,780279.5885711476,买,SZ.300058,蓝色光标,8.29,3700,3732.202538979356,0.0037322025389794344,,调仓买入-新进前N、满足动量阈值,4,31059.947959483477,0.21732745961820843,2.0,"mom20@q0.6,hold_q=0.4,buy_top=5,hold_top=10,rebalance=20d,min_hold=5d,turnover_penalty=0.01,target_vol=0.18",0.28334493863104626,2.0430343095309547
2024-12-10 15:00:00,1003732.2025389794,223452.6139678317,780279.5885711476,买,SZ.300857,协创数据,50.42,900,3732.202538979356,0.0037322025389794344,,调仓买入-满足动量阈值,4,49203.91754472611,0.0892201339382157,7.0,"mom20@q0.6,hold_q=0.4,buy_top=5,hold_top=10,rebalance=20d,min_hold=5d,turnover_penalty=0.01,target_vol=0.18",0.28334493863104626,2.0430343095309547
2025-01-08 15:00:00,998895.7638655901,239917.28402210475,758978.4798434854,买,SH.600673,东阳光,12.95,4300,-1104.2361344099045,-0.0011042361344099083,,调仓买入-新进前N、满足动量阈值,4,56241.45372738361,0.48169336384439343,2.0,"mom20@q0.6,hold_q=0.4,buy_top=5,hold_top=10,rebalance=20d,min_hold=5d,turnover_penalty=0.01,target_vol=0.18",0.28334493863104626,2.0430343095309547
2025-01-08 15:00:00,998895.7638655901,239917.28402210475,758978.4798434854,卖,SH.603256,宏和科技,8.03,6600,-1104.2361344099045,-0.0011042361344099083,超时卖/调仓卖,调仓卖出-跌破持有阈值、跌出持有排名,4,53478.1708944827,-0.18559837728194728,113.0,"mom20@q0.6,hold_q=0.4,buy_top=5,hold_top=10,rebalance=20d,min_hold=5d,turnover_penalty=0.01,target_vol=0.18",0.28334493863104626,2.0430343095309547
2025-01-08 15:00:00,998895.7638655901,239917.28402210475,758978.4798434854,买,SH.688256,寒武纪,486.24,0,-1104.2361344099045,-0.0011042361344099083,,调仓买入-权重上调,4,4765.732387429924,0.34931734931734937,5.0,"mom20@q0.6,hold_q=0.4,buy_top=5,hold_top=10,rebalance=20d,min_hold=5d,turnover_penalty=0.01,target_vol=0.18",0.28334493863104626,2.0430343095309547
2025-01-08 15:00:00,998895.7638655901,239917.28402210475,758978.4798434854,买,SZ.002916,深南电路,96.98,600,-1104.2361344099045,-0.0011042361344099083,,调仓买入-满足动量阈值,4,67438.13000705294,0.294447410571276,6.0,"mom20@q0.6,hold_q=0.4,buy_top=5,hold_top=10,rebalance=20d,min_hold=5d,turnover_penalty=0.01,target_vol=0.18",0.28334493863104626,2.0430343095309547
2025-01-08 15:00:00,998895.7638655901,239917.28402210475,758978.4798434854,卖,SZ.300033,同花顺,179.08,200,-1104.2361344099045,-0.0011042361344099083,超时卖/调仓卖,调仓卖出-跌破持有阈值、跌出持有排名,4,38696.9768263696,-0.21356110842738574,117.0,"mom20@q0.6,hold_q=0.4,buy_top=5,hold_top=10,rebalance=20d,min_hold=5d,turnover_penalty=0.01,target_vol=0.18",0.28334493863104626,2.0430343095309547
2025-01-08 15:00:00,998895.7638655901,239917.28402210475,758978.4798434854,卖,SZ.300058,蓝色光标,5.89,5200,-1104.2361344099045,-0.0011042361344099083,超时卖/调仓卖,调仓卖出-跌破持有阈值、跌出持有排名,4,31059.947959483477,-0.28950542822677927,119.0,"mom20@q0.6,hold_q=0.4,buy_top=5,hold_top=10,rebalance=20d,min_hold=5d,turnover_penalty=0.01,target_vol=0.18",0.28334493863104626,2.0430343095309547
2025-01-08 15:00:00,998895.7638655901,239917.28402210475,758978.4798434854,买,SZ.300442,润泽科技,48.56,600,-1104.2361344099045,-0.0011042361344099083,,调仓买入-新进前N、满足动量阈值,4,32637.25712142497,0.4002306805074971,3.0,"mom20@q0.6,hold_q=0.4,buy_top=5,hold_top=10,rebalance=20d,min_hold=5d,turnover_penalty=0.01,target_vol=0.18",0.28334493863104626,2.0430343095309547
2025-01-08 15:00:00,998895.7638655901,239917.28402210475,758978.4798434854,买,SZ.300548,长芯博创,50.12,500,-1104.2361344099045,-0.0011042361344099083,,调仓买入-新进前N、满足动量阈值,4,28917.197674005907,1.1510729613733903,1.0,"mom20@q0.6,hold_q=0.4,buy_top=5,hold_top=10,rebalance=20d,min_hold=5d,turnover_penalty=0.01,target_vol=0.18",0.28334493863104626,2.0430343095309547
2025-01-08 15:00:00,998895.7638655901,239917.28402210475,758978.4798434854,卖,SZ.300857,协创数据,52.92,900,-1104.2361344099045,-0.0011042361344099083,超时卖/调仓卖,调仓卖出-跌出持有排名,4,49203.91754472611,0.049583498611662113,27.0,"mom20@q0.6,hold_q=0.4,buy_top=5,hold_top=10,rebalance=20d,min_hold=5d,turnover_penalty=0.01,target_vol=0.18",0.28334493863104626,2.0430343095309547
2025-02-13 15:00:00,1002923.9816666415,234396.87866264177,768527.1030039998,卖,SH.600673,东阳光,11.1,5000,2923.9816666415427,0.0029239816666415397,超时卖/调仓卖,调仓卖出-跌破持有阈值、跌出持有排名,4,56241.45372738361,-0.1428571428571428,119.0,"mom20@q0.6,hold_q=0.4,buy_top=5,hold_top=10,rebalance=20d,min_hold=5d,turnover_penalty=0.01,target_vol=0.18",0.28334493863104626,2.0430343095309547
2025-02-13 15:00:00,1002923.9816666415,234396.87866264177,768527.1030039998,买,SH.601869,长飞光纤,37.61,1100,2923.9816666415427,0.0029239816666415397,,调仓买入-新进前N、满足动量阈值,4,45073.73919369466,0.2893383613301337,4.0,"mom20@q0.6,hold_q=0.4,buy_top=5,hold_top=10,rebalance=20d,min_hold=5d,turnover_penalty=0.01,target_vol=0.18",0.28334493863104626,2.0430343095309547
2025-02-13 15:00:00,1002923.9816666415,234396.87866264177,768527.1030039998,买,SH.688048,长光华芯,62.55,500,2923.9816666415427,0.0029239816666415397,,调仓买入-新进前N、满足动量阈值,4,32394.52181121625,0.8151479976784677,1.0,"mom20@q0.6,hold_q=0.4,buy_top=5,hold_top=10,rebalance=20d,min_hold=5d,turnover_penalty=0.01,target_vol=0.18",0.28334493863104626,2.0430343095309547
2025-02-13 15:00:00,1002923.9816666415,234396.87866264177,768527.1030039998,卖,SH.688256,寒武纪,427.18,100,2923.9816666415427,0.0029239816666415397,超时卖/调仓卖,调仓卖出-跌破持有阈值、跌出持有排名,4,54948.463690041564,-0.12146265218821983,117.0,"mom20@q0.6,hold_q=0.4,buy_top=5,hold_top=10,rebalance=20d,min_hold=5d,turnover_penalty=0.01,target_vol=0.18",0.28334493863104626,2.0430343095309547
2025-02-13 15:00:00,1002923.9816666415,234396.87866264177,768527.1030039998,买,SZ.000977,浪潮信息,60.52,1100,2923.9816666415427,0.0029239816666415397,,调仓买入-满足动量阈值,4,68023.32499978573,0.26531465607359417,7.0,"mom20@q0.6,hold_q=0.4,buy_top=5,hold_top=10,rebalance=20d,min_hold=5d,turnover_penalty=0.01,target_vol=0.18",0.28334493863104626,2.0430343095309547
2025-02-13 15:00:00,1002923.9816666415,234396.87866264177,768527.1030039998,买,SZ.002050,三花智控,32.03,1500,2923.9816666415427,0.0029239816666415397,,调仓买入-新进前N、满足动量阈值,4,49154.70376701244,0.4279982166740972,2.0,"mom20@q0.6,hold_q=0.4,buy_top=5,hold_top=10,rebalance=20d,min_hold=5d,turnover_penalty=0.01,target_vol=0.18",0.28334493863104626,2.0430343095309547
2025-02-13 15:00:00,1002923.9816666415,234396.87866264177,768527.1030039998,卖,SZ.002916,深南电路,104.15,600,2923.9816666415427,0.0029239816666415397,超时卖/调仓卖,调仓卖出-跌出持有排名,4,67438.13000705294,0.07393276964322548,45.0,"mom20@q0.6,hold_q=0.4,buy_top=5,hold_top=10,rebalance=20d,min_hold=5d,turnover_penalty=0.01,target_vol=0.18",0.28334493863104626,2.0430343095309547
2025-02-13 15:00:00,1002923.9816666415,234396.87866264177,768527.1030039998,买,SZ.300433,蓝思科技,27.76,1400,2923.9816666415427,0.0029239816666415397,,调仓买入-新进前N、满足动量阈值,4,39067.214888060975,0.3168880455407972,3.0,"mom20@q0.6,hold_q=0.4,buy_top=5,hold_top=10,rebalance=20d,min_hold=5d,turnover_penalty=0.01,target_vol=0.18",0.28334493863104626,2.0430343095309547
2025-02-13 15:00:00,1002923.9816666415,234396.87866264177,768527.1030039998,卖,SZ.300442,润泽科技,56.08,500,2923.9816666415427,0.0029239816666415397,超时卖/调仓卖,调仓卖出-跌出持有排名,4,32637.25712142497,0.15485996705107086,16.0,"mom20@q0.6,hold_q=0.4,buy_top=5,hold_top=10,rebalance=20d,min_hold=5d,turnover_penalty=0.01,target_vol=0.18",0.28334493863104626,2.0430343095309547
2025-02-13 15:00:00,1002923.9816666415,234396.87866264177,768527.1030039998,卖,SZ.300548,长芯博创,56.82,500,2923.9816666415427,0.0029239816666415397,超时卖/调仓卖,调仓卖出-跌出持有排名,4,28917.197674005907,0.13367916999201923,24.0,"mom20@q0.6,hold_q=0.4,buy_top=5,hold_top=10,rebalance=20d,min_hold=5d,turnover_penalty=0.01,target_vol=0.18",0.28334493863104626,2.0430343095309547
2025-03-13 15:00:00,997114.4641354599,242471.7309749347,754642.7331605251,卖,SH.601869,长飞光纤,36.4,1200,-2885.535864540143,-0.002885535864540101,超时卖/调仓卖,调仓卖出-跌出持有排名,4,45073.73919369466,-0.032172294602499374,78.0,"mom20@q0.6,hold_q=0.4,buy_top=5,hold_top=10,rebalance=20d,min_hold=5d,turnover_penalty=0.01,target_vol=0.18",0.28334493863104626,2.0430343095309547
2025-03-13 15:00:00,997114.4641354599,242471.7309749347,754642.7331605251,卖,SH.688048,长光华芯,61.99,500,-2885.535864540143,-0.002885535864540101,超时卖/调仓卖,调仓卖出-跌出持有排名,4,32394.52181121625,-0.008952837729816032,65.0,"mom20@q0.6,hold_q=0.4,buy_top=5,hold_top=10,rebalance=20d,min_hold=5d,turnover_penalty=0.01,target_vol=0.18",0.28334493863104626,2.0430343095309547
2025-03-13 15:00:00,997114.4641354599,242471.7309749347,754642.7331605251,买,SH.688521,芯原股份,84.8,300,-2885.535864540143,-0.002885535864540101,,调仓买入-新进前N、满足动量阈值,4,31481.398797633676,0.47967195951840846,1.0,"mom20@q0.6,hold_q=0.4,buy_top=5,hold_top=10,rebalance=20d,min_hold=5d,turnover_penalty=0.01,target_vol=0.18",0.28334493863104626,2.0430343095309547
2025-03-13 15:00:00,997114.4641354599,242471.7309749347,754642.7331605251,卖,SZ.000977,浪潮信息,57.64,1100,-2885.535864540143,-0.002885535864540101,超时卖/调仓卖,调仓卖出-跌破持有阈值、跌出持有排名,4,68023.32499978573,-0.047587574355584916,90.0,"mom20@q0.6,hold_q=0.4,buy_top=5,hold_top=10,rebalance=20d,min_hold=5d,turnover_penalty=0.01,target_vol=0.18",0.28334493863104626,2.0430343095309547
2025-03-13 15:00:00,997114.4641354599,242471.7309749347,754642.7331605251,买,SZ.001309,德明利,99.23,400,-2885.535864540143,-0.002885535864540101,,调仓买入-新进前N、满足动量阈值,4,44071.12170033565,0.34951720386236906,4.0,"mom20@q0.6,hold_q=0.4,buy_top=5,hold_top=10,rebalance=20d,min_hold=5d,turnover_penalty=0.01,target_vol=0.18",0.28334493863104626,2.0430343095309547
2025-03-13 15:00:00,997114.4641354599,242471.7309749347,754642.7331605251,卖,SZ.002050,三花智控,29.1,1600,-2885.535864540143,-0.002885535864540101,超时卖/调仓卖,调仓卖出-跌破持有阈值、跌出持有排名,4,49154.70376701244,-0.09147674055572896,114.0,"mom20@q0.6,hold_q=0.4,buy_top=5,hold_top=10,rebalance=20d,min_hold=5d,turnover_penalty=0.01,target_vol=0.18",0.28334493863104626,2.0430343095309547
2025-03-13 15:00:00,997114.4641354599,242471.7309749347,754642.7331605251,买,SZ.300395,菲利华,46.75,1500,-2885.535864540143,-0.002885535864540101,,调仓买入-新进前N、满足动量阈值,4,70634.65312200399,0.3120965478529327,5.0,"mom20@q0.6,hold_q=0.4,buy_top=5,hold_top=10,rebalance=20d,min_hold=5d,turnover_penalty=0.01,target_vol=0.18",0.28334493863104626,2.0430343095309547
2025-03-13 15:00:00,997114.4641354599,242471.7309749347,754642.7331605251,卖,SZ.300433,蓝思科技,25.28,1500,-2885.535864540143,-0.002885535864540101,超时卖/调仓卖,调仓卖出-跌破持有阈值、跌出持有排名,4,39067.214888060975,-0.08933717579250722,113.0,"mom20@q0.6,hold_q=0.4,buy_top=5,hold_top=10,rebalance=20d,min_hold=5d,turnover_penalty=0.01,target_vol=0.18",0.28334493863104626,2.0430343095309547
2025-03-13 15:00:00,997114.4641354599,242471.7309749347,754642.7331605251,买,SZ.300476,胜宏科技,69.45,800,-2885.535864540143,-0.002885535864540101,,调仓买入-新进前N、满足动量阈值,4,57231.50218418019,0.35037915613455195,3.0,"mom20@q0.6,hold_q=0.4,buy_top=5,hold_top=10,rebalance=20d,min_hold=5d,turnover_penalty=0.01,target_vol=0.18",0.28334493863104626,2.0430343095309547
2025-03-13 15:00:00,997114.4641354599,242471.7309749347,754642.7331605251,买,SZ.300857,协创数据,64.9,600,-2885.535864540143,-0.002885535864540101,,调仓买入-新进前N、满足动量阈值,4,39754.740785653834,0.38645588549455256,2.0,"mom20@q0.6,hold_q=0.4,buy_top=5,hold_top=10,rebalance=20d,min_hold=5d,turnover_penalty=0.01,target_vol=0.18",0.28334493863104626,2.0430343095309547
2025-04-11 15:00:00,976595.4626690872,575966.1584578808,400629.3042112064,买,SH.600276,恒瑞医药,47.98,1800,-23404.537330912775,-0.023404537330912745,,调仓买入-新进前N、满足动量阈值,4,90825.99177193109,0.07506161774591069,3.0,"mom20@q0.6,hold_q=0.4,buy_top=5,hold_top=10,rebalance=20d,min_hold=5d,turnover_penalty=0.01,target_vol=0.18",0.28334493863104626,2.0430343095309547
2025-04-11 15:00:00,976595.4626690872,575966.1584578808,400629.3042112064,买,SH.600900,长江电力,28.26,7000,-23404.537330912775,-0.023404537330912745,,调仓买入-新进前N、满足动量阈值,4,200000.0,0.07411630558722937,4.0,"mom20@q0.6,hold_q=0.4,buy_top=5,hold_top=10,rebalance=20d,min_hold=5d,turnover_penalty=0.01,target_vol=0.18",0.28334493863104626,2.0430343095309547
2025-04-11 15:00:00,976595.4626690872,575966.1584578808,400629.3042112064,买,SH.601088,中国神华,34.78,3200,-23404.537330912775,-0.023404537330912745,,调仓买入-满足动量阈值,4,114167.4597120894,0.023543260741612837,9.0,"mom20@q0.6,hold_q=0.4,buy_top=5,hold_top=10,rebalance=20d,min_hold=5d,turnover_penalty=0.01,target_vol=0.18",0.28334493863104626,2.0430343095309547
2025-04-11 15:00:00,976595.4626690872,575966.1584578808,400629.3042112064,卖,SH.688521,芯原股份,96.72,300,-23404.537330912775,-0.023404537330912745,超时卖/调仓卖,调仓卖出-调仓移出持仓,4,31481.398797633676,0.14056603773584908,1.0,"mom20@q0.6,hold_q=0.4,buy_top=5,hold_top=10,rebalance=20d,min_hold=5d,turnover_penalty=0.01,target_vol=0.18",0.28334493863104626,2.0430343095309547
2025-04-11 15:00:00,976595.4626690872,575966.1584578808,400629.3042112064,卖,SZ.001309,德明利,87.01,500,-23404.537330912775,-0.023404537330912745,超时卖/调仓卖,调仓卖出-跌破持有阈值、跌出持有排名,4,44071.12170033565,-0.12314824145923609,70.0,"mom20@q0.6,hold_q=0.4,buy_top=5,hold_top=10,rebalance=20d,min_hold=5d,turnover_penalty=0.01,target_vol=0.18",0.28334493863104626,2.0430343095309547
2025-04-11 15:00:00,976595.4626690872,575966.1584578808,400629.3042112064,买,SZ.002714,牧原股份,39.03,2700,-23404.537330912775,-0.023404537330912745,,调仓买入-新进前N、满足动量阈值,4,106859.8468283813,0.08026570716855796,2.0,"mom20@q0.6,hold_q=0.4,buy_top=5,hold_top=10,rebalance=20d,min_hold=5d,turnover_penalty=0.01,target_vol=0.18",0.28334493863104626,2.0430343095309547
2025-04-11 15:00:00,976595.4626690872,575966.1584578808,400629.3042112064,买,SZ.300395,菲利华,48.36,100,-23404.537330912775,-0.023404537330912745,,调仓买入-权重上调,4,7281.487882601398,0.03443850267379678,8.0,"mom20@q0.6,hold_q=0.4,buy_top=5,hold_top=10,rebalance=20d,min_hold=5d,turnover_penalty=0.01,target_vol=0.18",0.28334493863104626,2.0430343095309547
2025-04-11 15:00:00,976595.4626690872,575966.1584578808,400629.3042112064,卖,SZ.300476,胜宏科技,68.98,800,-23404.537330912775,-0.023404537330912745,超时卖/调仓卖,调仓卖出-跌出持有排名,4,57231.50218418019,-0.006767458603311738,23.0,"mom20@q0.6,hold_q=0.4,buy_top=5,hold_top=10,rebalance=20d,min_hold=5d,turnover_penalty=0.01,target_vol=0.18",0.28334493863104626,2.0430343095309547
2025-04-11 15:00:00,976595.4626690872,575966.1584578808,400629.3042112064,卖,SZ.300857,协创数据,52.46,700,-23404.537330912775,-0.023404537330912745,超时卖/调仓卖,调仓卖出-跌破持有阈值、跌出持有排名,4,39754.740785653834,-0.19167950693374425,101.0,"mom20@q0.6,hold_q=0.4,buy_top=5,hold_top=10,rebalance=20d,min_hold=5d,turnover_penalty=0.01,target_vol=0.18",0.28334493863104626,2.0430343095309547
2025-05-14 15:00:00,980913.2346111613,252656.27767290414,728256.9569382572,买,SH.600105,永鼎股份,7.22,7900,-19086.765388838714,-0.01908676538883869,,调仓买入-新进前N、满足动量阈值,4,57637.847355182865,0.37523809523809515,4.0,"mom20@q0.6,hold_q=0.4,buy_top=5,hold_top=10,rebalance=20d,min_hold=5d,turnover_penalty=0.01,target_vol=0.18",0.28334493863104626,2.0430343095309547
2025-05-14 15:00:00,980913.2346111613,252656.27767290414,728256.9569382572,卖,SH.600276,恒瑞医药,52.5,1700,-19086.765388838714,-0.01908676538883869,超时卖/调仓卖,调仓卖出-跌出持有排名,4,90825.99177193109,0.09420591913297205,42.0,"mom20@q0.6,hold_q=0.4,buy_top=5,hold_top=10,rebalance=20d,min_hold=5d,turnover_penalty=0.01,target_vol=0.18",0.28334493863104626,2.0430343095309547
2025-05-14 15:00:00,980913.2346111613,252656.27767290414,728256.9569382572,卖,SH.600900,长江电力,29.14,6800,-19086.765388838714,-0.01908676538883869,超时卖/调仓卖,调仓卖出-跌出持有排名,4,200000.0,0.03113941967445144,82.0,"mom20@q0.6,hold_q=0.4,buy_top=5,hold_top=10,rebalance=20d,min_hold=5d,turnover_penalty=0.01,target_vol=0.18",0.28334493863104626,2.0430343095309547
2025-05-14 15:00:00,980913.2346111613,252656.27767290414,728256.9569382572,卖,SH.601088,中国神华,36.04,3100,-19086.765388838714,-0.01908676538883869,超时卖/调仓卖,调仓卖出-跌出持有排名,4,114167.4597120894,0.03622771707878081,79.0,"mom20@q0.6,hold_q=0.4,buy_top=5,hold_top=10,rebalance=20d,min_hold=5d,turnover_penalty=0.01,target_vol=0.18",0.28334493863104626,2.0430343095309547
2025-05-14 15:00:00,980913.2346111613,252656.27767290414,728256.9569382572,买,SH.603083,剑桥科技,39.37,1800,-19086.765388838714,-0.01908676538883869,,调仓买入-满足动量阈值,4,73712.36468765877,0.26307346807828025,7.0,"mom20@q0.6,hold_q=0.4,buy_top=5,hold_top=10,rebalance=20d,min_hold=5d,turnover_penalty=0.01,target_vol=0.18",0.28334493863104626,2.0430343095309547
2025-05-14 15:00:00,980913.2346111613,252656.27767290414,728256.9569382572,买,SH.688313,仕佳光子,29.63,1100,-19086.765388838714,-0.01908676538883869,,调仓买入-新进前N、满足动量阈值,4,33221.81322768325,0.9227774172615184,1.0,"mom20@q0.6,hold_q=0.4,buy_top=5,hold_top=10,rebalance=20d,min_hold=5d,turnover_penalty=0.01,target_vol=0.18",0.28334493863104626,2.0430343095309547
2025-05-14 15:00:00,980913.2346111613,252656.27767290414,728256.9569382572,卖,SZ.002714,牧原股份,38.07,2800,-19086.765388838714,-0.01908676538883869,超时卖/调仓卖,调仓卖出-跌出持有排名,4,106859.8468283813,-0.024596464258262896,109.0,"mom20@q0.6,hold_q=0.4,buy_top=5,hold_top=10,rebalance=20d,min_hold=5d,turnover_penalty=0.01,target_vol=0.18",0.28334493863104626,2.0430343095309547
2025-05-14 15:00:00,980913.2346111613,252656.27767290414,728256.9569382572,卖,SZ.300395,菲利华,46.05,1600,-19086.765388838714,-0.01908676538883869,超时卖/调仓卖,调仓卖出-跌破持有阈值、跌出持有排名,4,77916.1410046054,-0.04776674937965264,113.0,"mom20@q0.6,hold_q=0.4,buy_top=5,hold_top=10,rebalance=20d,min_hold=5d,turnover_penalty=0.01,target_vol=0.18",0.28334493863104626,2.0430343095309547
2025-05-14 15:00:00,980913.2346111613,252656.27767290414,728256.9569382572,买,SZ.300502,新易盛,84.57,500,-19086.765388838714,-0.01908676538883869,,调仓买入-新进前N、满足动量阈值,4,48187.02062452929,0.5317877196160115,3.0,"mom20@q0.6,hold_q=0.4,buy_top=5,hold_top=10,rebalance=20d,min_hold=5d,turnover_penalty=0.01,target_vol=0.18",0.28334493863104626,2.0430343095309547
2025-05-14 15:00:00,980913.2346111613,252656.27767290414,728256.9569382572,买,SZ.300548,长芯博创,52.03,800,-19086.765388838714,-0.01908676538883869,,调仓买入-新进前N、满足动量阈值,4,44813.45772506294,0.5891875381795968,2.0,"mom20@q0.6,hold_q=0.4,buy_top=5,hold_top=10,rebalance=20d,min_hold=5d,turnover_penalty=0.01,target_vol=0.18",0.28334493863104626,2.0430343095309547
2025-06-12 15:00:00,1016122.3949700213,288581.1008170491,727541.2941529723,卖,SH.600105,永鼎股份,8.54,100,16122.394970021327,0.016122394970021325,超时卖/调仓卖,调仓卖出-权重下调,4,1227.0919827312084,0.18282548476454297,7.0,"mom20@q0.6,hold_q=0.4,buy_top=5,hold_top=10,rebalance=20d,min_hold=5d,turnover_penalty=0.01,target_vol=0.18",0.28334493863104626,2.0430343095309547
2025-06-12 15:00:00,1016122.3949700213,288581.1008170491,727541.2941529723,卖,SH.603083,剑桥科技,44.5,1600,16122.394970021327,0.016122394970021325,超时卖/调仓卖,调仓卖出-跌出持有排名,4,73712.36468765877,0.13030226060452121,11.0,"mom20@q0.6,hold_q=0.4,buy_top=5,hold_top=10,rebalance=20d,min_hold=5d,turnover_penalty=0.01,target_vol=0.18",0.28334493863104626,2.0430343095309547
2025-06-12 15:00:00,1016122.3949700213,288581.1008170491,727541.2941529723,买,SH.688183,生益电子,41.47,900,16122.394970021327,0.016122394970021325,,调仓买入-新进前N、满足动量阈值,4,40989.47165712841,0.33301189328190284,2.0,"mom20@q0.6,hold_q=0.4,buy_top=5,hold_top=10,rebalance=20d,min_hold=5d,turnover_penalty=0.01,target_vol=0.18",0.28334493863104626,2.0430343095309547
2025-06-12 15:00:00,1016122.3949700213,288581.1008170491,727541.2941529723,买,SH.688313,仕佳光子,34.93,700,16122.394970021327,0.016122394970021325,,调仓买入-权重上调,4,25054.28877726959,0.17887276409044883,9.0,"mom20@q0.6,hold_q=0.4,buy_top=5,hold_top=10,rebalance=20d,min_hold=5d,turnover_penalty=0.01,target_vol=0.18",0.28334493863104626,2.0430343095309547
2025-06-12 15:00:00,1016122.3949700213,288581.1008170491,727541.2941529723,买,SZ.300476,胜宏科技,104.02,400,16122.394970021327,0.016122394970021325,,调仓买入-新进前N、满足动量阈值,4,49680.72911847408,0.31670886075949367,3.0,"mom20@q0.6,hold_q=0.4,buy_top=5,hold_top=10,rebalance=20d,min_hold=5d,turnover_penalty=0.01,target_vol=0.18",0.28334493863104626,2.0430343095309547
2025-06-12 15:00:00,1016122.3949700213,288581.1008170491,727541.2941529723,买,SZ.300502,新易盛,100.81,300,16122.394970021327,0.016122394970021325,,调仓买入-权重上调,4,30458.224729968926,0.19203027078160106,6.0,"mom20@q0.6,hold_q=0.4,buy_top=5,hold_top=10,rebalance=20d,min_hold=5d,turnover_penalty=0.01,target_vol=0.18",0.28334493863104626,2.0430343095309547
2025-06-12 15:00:00,1016122.3949700213,288581.1008170491,727541.2941529723,卖,SZ.300548,长芯博创,56.16,700,16122.394970021327,0.016122394970021325,超时卖/调仓卖,调仓卖出-跌出持有排名,4,44813.45772506294,0.07937728233711305,20.0,"mom20@q0.6,hold_q=0.4,buy_top=5,hold_top=10,rebalance=20d,min_hold=5d,turnover_penalty=0.01,target_vol=0.18",0.28334493863104626,2.0430343095309547
2025-07-10 15:00:00,1065747.9386654082,325361.3590641184,740386.5796012897,卖,SH.600105,永鼎股份,8.79,6400,65747.93866540818,0.06574793866540807,超时卖/调仓卖,调仓卖出-跌出持有排名,4,56410.755372451655,0.02927400468384067,81.0,"mom20@q0.6,hold_q=0.4,buy_top=5,hold_top=10,rebalance=20d,min_hold=5d,turnover_penalty=0.01,target_vol=0.18",0.28334493863104626,2.0430343095309547
2025-07-10 15:00:00,1065747.9386654082,325361.3590641184,740386.5796012897,买,SH.603256,宏和科技,22.03,2200,65747.93866540818,0.06574793866540807,,调仓买入-新进前N、满足动量阈值,4,48900.65534917747,0.9240174672489085,1.0,"mom20@q0.6,hold_q=0.4,buy_top=5,hold_top=10,rebalance=20d,min_hold=5d,turnover_penalty=0.01,target_vol=0.18",0.28334493863104626,2.0430343095309547
2025-07-10 15:00:00,1065747.9386654082,325361.3590641184,740386.5796012897,卖,SH.688183,生益电子,47.91,800,65747.93866540818,0.06574793866540807,超时卖/调仓卖,调仓卖出-跌出持有排名,4,40989.47165712841,0.1552929828791898,19.0,"mom20@q0.6,hold_q=0.4,buy_top=5,hold_top=10,rebalance=20d,min_hold=5d,turnover_penalty=0.01,target_vol=0.18",0.28334493863104626,2.0430343095309547
2025-07-10 15:00:00,1065747.9386654082,325361.3590641184,740386.5796012897,买,SZ.002080,中材科技,24.66,2800,65747.93866540818,0.06574793866540807,,调仓买入-新进前N、满足动量阈值,4,69556.76481204381,0.512883435582822,2.0,"mom20@q0.6,hold_q=0.4,buy_top=5,hold_top=10,rebalance=20d,min_hold=5d,turnover_penalty=0.01,target_vol=0.18",0.28334493863104626,2.0430343095309547
2025-07-10 15:00:00,1065747.9386654082,325361.3590641184,740386.5796012897,买,SZ.002384,东山精密,46.5,1000,65747.93866540818,0.06574793866540807,,调仓买入-新进前N、满足动量阈值,4,49225.66822565816,0.45448858304660633,3.0,"mom20@q0.6,hold_q=0.4,buy_top=5,hold_top=10,rebalance=20d,min_hold=5d,turnover_penalty=0.01,target_vol=0.18",0.28334493863104626,2.0430343095309547
2025-07-10 15:00:00,1065747.9386654082,325361.3590641184,740386.5796012897,买,SZ.300476,胜宏科技,143.13,100,65747.93866540818,0.06574793866540807,,调仓买入-权重上调,4,14865.065746490727,0.37598538742549503,4.0,"mom20@q0.6,hold_q=0.4,buy_top=5,hold_top=10,rebalance=20d,min_hold=5d,turnover_penalty=0.01,target_vol=0.18",0.28334493863104626,2.0430343095309547
2025-07-10 15:00:00,1065747.9386654082,325361.3590641184,740386.5796012897,卖,SZ.300502,新易盛,133.05,0,65747.93866540818,0.06574793866540807,超时卖/调仓卖,调仓卖出-权重下调,4,5584.906586776628,0.319809542704097,7.0,"mom20@q0.6,hold_q=0.4,buy_top=5,hold_top=10,rebalance=20d,min_hold=5d,turnover_penalty=0.01,target_vol=0.18",0.28334493863104626,2.0430343095309547
2025-07-14 15:00:00,1069846.6785476853,326612.66017403937,743234.0183736458,卖,SH.688313,仕佳光子,42.87,1300,69846.67854768527,0.06984667854768523,超时卖/调仓卖,调仓卖出-调仓移出持仓,4,58276.10200495284,0.507914175167077,3.0,"mom20@q0.6,hold_q=0.4,buy_top=5,hold_top=10,rebalance=20d,min_hold=5d,turnover_penalty=0.01,target_vol=0.18",0.28334493863104626,2.0430343095309547
2025-08-07 15:00:00,1146445.503668534,256499.4106860549,889946.0929824791,买,SH.600111,北方稀土,38.81,1200,146445.5036685341,0.14644550366853415,,调仓买入-新进前N、满足动量阈值,4,47895.11155571849,0.43687523139577933,3.0,"mom20@q0.6,hold_q=0.4,buy_top=5,hold_top=10,rebalance=20d,min_hold=5d,turnover_penalty=0.01,target_vol=0.18",0.28334493863104626,2.0430343095309547
2025-08-07 15:00:00,1146445.503668534,256499.4106860549,889946.0929824791,卖,SH.603256,宏和科技,25.89,1800,146445.5036685341,0.14644550366853415,超时卖/调仓卖,调仓卖出-跌出持有排名,4,48900.65534917747,0.17521561507035854,25.0,"mom20@q0.6,hold_q=0.4,buy_top=5,hold_top=10,rebalance=20d,min_hold=5d,turnover_penalty=0.01,target_vol=0.18",0.28334493863104626,2.0430343095309547
2025-08-07 15:00:00,1146445.503668534,256499.4106860549,889946.0929824791,买,SH.688313,仕佳光子,55.85,500,146445.5036685341,0.14644550366853415,,调仓买入-新进前N、满足动量阈值,4,31640.14282675291,0.4678055190538766,1.0,"mom20@q0.6,hold_q=0.4,buy_top=5,hold_top=10,rebalance=20d,min_hold=5d,turnover_penalty=0.01,target_vol=0.18",0.28334493863104626,2.0430343095309547
2025-08-07 15:00:00,1146445.503668534,256499.4106860549,889946.0929824791,卖,SZ.002080,中材科技,26.42,2600,146445.5036685341,0.14644550366853415,超时卖/调仓卖,调仓卖出-跌出持有排名,4,69556.76481204381,0.07137064071370647,54.0,"mom20@q0.6,hold_q=0.4,buy_top=5,hold_top=10,rebalance=20d,min_hold=5d,turnover_penalty=0.01,target_vol=0.18",0.28334493863104626,2.0430343095309547
2025-08-07 15:00:00,1146445.503668534,256499.4106860549,889946.0929824791,卖,SZ.002384,东山精密,52.24,900,146445.5036685341,0.14644550366853415,超时卖/调仓卖,调仓卖出-跌出持有排名,4,49225.66822565816,0.12344086021505385,34.0,"mom20@q0.6,hold_q=0.4,buy_top=5,hold_top=10,rebalance=20d,min_hold=5d,turnover_penalty=0.01,target_vol=0.18",0.28334493863104626,2.0430343095309547
2025-08-07 15:00:00,1146445.503668534,256499.4106860549,889946.0929824791,买,SZ.300308,中际旭创,207.06,200,146445.5036685341,0.14644550366853415,,调仓买入-新进前N、满足动量阈值,4,50137.64038796847,0.4261312762586955,4.0,"mom20@q0.6,hold_q=0.4,buy_top=5,hold_top=10,rebalance=20d,min_hold=5d,turnover_penalty=0.01,target_vol=0.18",0.28334493863104626,2.0430343095309547
2025-08-07 15:00:00,1146445.503668534,256499.4106860549,889946.0929824791,买,SZ.300395,菲利华,75.92,700,146445.5036685341,0.14644550366853415,,调仓买入-新进前N、满足动量阈值,4,53319.943250856406,0.4502387774594079,2.0,"mom20@q0.6,hold_q=0.4,buy_top=5,hold_top=10,rebalance=20d,min_hold=5d,turnover_penalty=0.01,target_vol=0.18",0.28334493863104626,2.0430343095309547
2025-08-07 15:00:00,1146445.503668534,256499.4106860549,889946.0929824791,卖,SZ.300476,胜宏科技,189.71,300,146445.5036685341,0.14644550366853415,超时卖/调仓卖,调仓卖出-跌出持有排名,4,64545.79486496481,0.32543841263187323,12.0,"mom20@q0.6,hold_q=0.4,buy_top=5,hold_top=10,rebalance=20d,min_hold=5d,turnover_penalty=0.01,target_vol=0.18",0.28334493863104626,2.0430343095309547
2025-08-07 15:00:00,1146445.503668534,256499.4106860549,889946.0929824791,卖,SZ.300502,新易盛,183.62,100,146445.5036685341,0.14644550366853415,超时卖/调仓卖,调仓卖出-权重下调,4,32318.677534341325,0.3800826756858322,7.0,"mom20@q0.6,hold_q=0.4,buy_top=5,hold_top=10,rebalance=20d,min_hold=5d,turnover_penalty=0.01,target_vol=0.18",0.28334493863104626,2.0430343095309547
2025-09-04 15:00:00,1229691.449110513,195317.87330597948,1034373.5758045337,卖,SH.600111,北方稀土,49.49,900,229691.4491105131,0.2296914491105131,超时卖/调仓卖,调仓卖出-跌出持有排名,4,47895.11155571849,0.27518680752383395,25.0,"mom20@q0.6,hold_q=0.4,buy_top=5,hold_top=10,rebalance=20d,min_hold=5d,turnover_penalty=0.01,target_vol=0.18",0.28334493863104626,2.0430343095309547
2025-09-04 15:00:00,1229691.449110513,195317.87330597948,1034373.5758045337,买,SH.688256,寒武纪,805.7,0,229691.4491105131,0.2296914491105131,,调仓买入-新进前N、满足动量阈值,4,28580.909873878612,0.7113060470253394,4.0,"mom20@q0.6,hold_q=0.4,buy_top=5,hold_top=10,rebalance=20d,min_hold=5d,turnover_penalty=0.01,target_vol=0.18",0.28334493863104626,2.0430343095309547
2025-09-04 15:00:00,1229691.449110513,195317.87330597948,1034373.5758045337,卖,SH.688313,仕佳光子,70.9,400,229691.4491105131,0.2296914491105131,超时卖/调仓卖,调仓卖出-跌出持有排名,4,31640.14282675291,0.26947179946284705,26.0,"mom20@q0.6,hold_q=0.4,buy_top=5,hold_top=10,rebalance=20d,min_hold=5d,turnover_penalty=0.01,target_vol=0.18",0.28334493863104626,2.0430343095309547
2025-09-04 15:00:00,1229691.449110513,195317.87330597948,1034373.5758045337,卖,SZ.300308,中际旭创,367.74,0,229691.4491105131,0.2296914491105131,超时卖/调仓卖,调仓卖出-权重下调,4,14633.594027225728,0.7760069545059403,1.0,"mom20@q0.6,hold_q=0.4,buy_top=5,hold_top=10,rebalance=20d,min_hold=5d,turnover_penalty=0.01,target_vol=0.18",0.28334493863104626,2.0430343095309547
2025-09-04 15:00:00,1229691.449110513,195317.87330597948,1034373.5758045337,买,SZ.300394,天孚通信,173.16,100,229691.4491105131,0.2296914491105131,,调仓买入-新进前N、满足动量阈值,4,31739.742617143183,0.7060098522167488,5.0,"mom20@q0.6,hold_q=0.4,buy_top=5,hold_top=10,rebalance=20d,min_hold=5d,turnover_penalty=0.01,target_vol=0.18",0.28334493863104626,2.0430343095309547
2025-09-04 15:00:00,1229691.449110513,195317.87330597948,1034373.5758045337,卖,SZ.300395,菲利华,80.23,600,229691.4491105131,0.2296914491105131,超时卖/调仓卖,调仓卖出-跌出持有排名,4,53319.943250856406,0.05677028451001065,79.0,"mom20@q0.6,hold_q=0.4,buy_top=5,hold_top=10,rebalance=20d,min_hold=5d,turnover_penalty=0.01,target_vol=0.18",0.28334493863104626,2.0430343095309547
2025-09-04 15:00:00,1229691.449110513,195317.87330597948,1034373.5758045337,卖,SZ.300502,新易盛,312.1,0,229691.4491105131,0.2296914491105131,超时卖/调仓卖,调仓卖出-权重下调,4,3389.615734411898,0.699705914388411,6.0,"mom20@q0.6,hold_q=0.4,buy_top=5,hold_top=10,rebalance=20d,min_hold=5d,turnover_penalty=0.01,target_vol=0.18",0.28334493863104626,2.0430343095309547
2025-09-04 15:00:00,1229691.449110513,195317.87330597948,1034373.5758045337,买,SZ.300620,光库科技,93.32,200,229691.4491105131,0.2296914491105131,,调仓买入-新进前N、满足动量阈值,4,25658.1190186603,0.7452777258275667,2.0,"mom20@q0.6,hold_q=0.4,buy_top=5,hold_top=10,rebalance=20d,min_hold=5d,turnover_penalty=0.01,target_vol=0.18",0.28334493863104626,2.0430343095309547
2025-10-10 15:00:00,1237904.3206582197,248813.3965009826,989090.9241572372,卖,SH.688256,寒武纪,835.96,0,237904.32065821975,0.23790432065821965,超时卖/调仓卖,调仓卖出-跌出持有排名,4,28580.909873878612,0.03755740350006209,88.0,"mom20@q0.6,hold_q=0.4,buy_top=5,hold_top=10,rebalance=20d,min_hold=5d,turnover_penalty=0.01,target_vol=0.18",0.28334493863104626,2.0430343095309547
2025-10-10 15:00:00,1237904.3206582197,248813.3965009826,989090.9241572372,买,SZ.001309,德明利,197.6,200,237904.32065821975,0.23790432065821965,,调仓买入-新进前N、满足动量阈值,4,41834.769571352386,1.2849213691026824,2.0,"mom20@q0.6,hold_q=0.4,buy_top=5,hold_top=10,rebalance=20d,min_hold=5d,turnover_penalty=0.01,target_vol=0.18",0.28334493863104626,2.0430343095309547
2025-10-10 15:00:00,1237904.3206582197,248813.3965009826,989090.9241572372,买,SZ.002460,赣锋锂业,63.93,700,237904.32065821975,0.23790432065821965,,调仓买入-满足动量阈值,4,49311.624060553055,0.5765721331689273,7.0,"mom20@q0.6,hold_q=0.4,buy_top=5,hold_top=10,rebalance=20d,min_hold=5d,turnover_penalty=0.01,target_vol=0.18",0.28334493863104626,2.0430343095309547
2025-10-10 15:00:00,1237904.3206582197,248813.3965009826,989090.9241572372,买,SZ.002709,天赐材料,34.97,1300,237904.32065821975,0.23790432065821965,,调仓买入-满足动量阈值,4,46907.131560713264,0.5337719298245613,9.0,"mom20@q0.6,hold_q=0.4,buy_top=5,hold_top=10,rebalance=20d,min_hold=5d,turnover_penalty=0.01,target_vol=0.18",0.28334493863104626,2.0430343095309547
2025-10-10 15:00:00,1237904.3206582197,248813.3965009826,989090.9241572372,卖,SZ.300308,中际旭创,388.6,0,237904.32065821975,0.23790432065821965,超时卖/调仓卖,调仓卖出-跌出持有排名,4,35504.046360742745,0.05672485995540333,79.0,"mom20@q0.6,hold_q=0.4,buy_top=5,hold_top=10,rebalance=20d,min_hold=5d,turnover_penalty=0.01,target_vol=0.18",0.28334493863104626,2.0430343095309547
2025-10-10 15:00:00,1237904.3206582197,248813.3965009826,989090.9241572372,卖,SZ.300394,天孚通信,158.2,200,237904.32065821975,0.23790432065821965,超时卖/调仓卖,调仓卖出-跌破持有阈值、跌出持有排名,4,31739.742617143183,-0.08639408639408641,116.0,"mom20@q0.6,hold_q=0.4,buy_top=5,hold_top=10,rebalance=20d,min_hold=5d,turnover_penalty=0.01,target_vol=0.18",0.28334493863104626,2.0430343095309547
2025-10-10 15:00:00,1237904.3206582197,248813.3965009826,989090.9241572372,买,SZ.300475,香农芯创,100.99,200,237904.32065821975,0.23790432065821965,,调仓买入-新进前N、满足动量阈值,4,28531.120514392267,1.5374371859296483,1.0,"mom20@q0.6,hold_q=0.4,buy_top=5,hold_top=10,rebalance=20d,min_hold=5d,turnover_penalty=0.01,target_vol=0.18",0.28334493863104626,2.0430343095309547
2025-10-10 15:00:00,1237904.3206582197,248813.3965009826,989090.9241572372,卖,SZ.300502,新易盛,346.2,100,237904.32065821975,0.23790432065821965,超时卖/调仓卖,调仓卖出-跌出持有排名,4,37352.04549896836,0.10925985261134241,65.0,"mom20@q0.6,hold_q=0.4,buy_top=5,hold_top=10,rebalance=20d,min_hold=5d,turnover_penalty=0.01,target_vol=0.18",0.28334493863104626,2.0430343095309547
2025-10-10 15:00:00,1237904.3206582197,248813.3965009826,989090.9241572372,卖,SZ.300620,光库科技,107.15,200,237904.32065821975,0.23790432065821965,超时卖/调仓卖,调仓卖出-跌出持有排名,4,25658.1190186603,0.14819974282040316,56.0,"mom20@q0.6,hold_q=0.4,buy_top=5,hold_top=10,rebalance=20d,min_hold=5d,turnover_penalty=0.01,target_vol=0.18",0.28334493863104626,2.0430343095309547
2025-10-10 15:00:00,1237904.3206582197,248813.3965009826,989090.9241572372,买,SZ.301308,江波龙,180.01,100,237904.32065821975,0.23790432065821965,,调仓买入-新进前N、满足动量阈值,4,34411.01474006082,1.0719383057090242,3.0,"mom20@q0.6,hold_q=0.4,buy_top=5,hold_top=10,rebalance=20d,min_hold=5d,turnover_penalty=0.01,target_vol=0.18",0.28334493863104626,2.0430343095309547
