symbol,fold,train_start,train_end,valid_start,valid_end,annualized_return,sharpe,max_drawdown,win_rate,turnover_annual,trades,passed_min_samples,selected_params,candidate,strategy_id,strategy_display_name,strategy_category,panel_scope,supports_brief,supports_paper_trade,target_days,live_days,avg_target_holdings,avg_live_holdings,trade_days,first_target_date,first_target_symbols,universe_mode,universe_as_of_date,universe_symbol_count,universe_snapshot_count,universe_source,candidate_summary,selected_candidate,is_selected_candidate,candidate_eligible_for_selection,candidate_governance_reason,quality_explain_rows,quality_selected_rows,financial_pit_announce_coverage,selected_financial_pit_announce_coverage,financial_field_coverage_mean,selected_financial_field_coverage_mean,financial_missing_blocked_ratio,quality_score_mean,selected_quality_score_mean,selected_quality_score_lift,roe_coverage,cash_flow_coverage,profit_growth_coverage,revenue_growth_coverage,low_debt_coverage,selected_quality_roe_component_mean,selected_quality_cash_flow_component_mean,selected_quality_profit_growth_component_mean,selected_quality_revenue_growth_component_mean,selected_quality_low_debt_component_mean,selected_candidate_eligible,selected_candidate_governance_reason,walk_forward_preset,walk_forward_train_years,walk_forward_validate_years,walk_forward_start_date,walk_forward_end_date,walk_forward_expected_folds,walk_forward_actual_folds,walk_forward_fold_generation_warning,status,failure_reason
PORTFOLIO,1,2019-04-01,2021-03-31,2021-04-01,2022-03-31,-0.27032151984031705,-2.393035888615836,-0.32634668632150254,0.3884297520661157,9.795162122584156,242,True,"legacy_mom5@q0.5,top_n=3,target_vol=0.18",legacy_momentum,legacy_momentum,Legacy Momentum,rule_based,portfolio,True,True,243,242,3.0,3.0,242,2021-04-01,"['SH.601919', 'SH.601088', 'SH.600660']",point_in_time,2021-03-31,120,4224,local_history_sqlite_as_of,"legacy_momentum: score=-2.1414, selection_score=-2.1414, eligible=True, ann=-0.2308, sharpe=-1.8963, mdd=-0.2595; legacy_momentum_low_turnover_v1: score=-0.5461, selection_score=-0.5461, eligible=True, ann=-0.0536, sharpe=-0.4498, mdd=-0.1391; ma_kline_baseline_v1: score=-4.0328, selection_score=-4.0328, eligible=True, ann=-0.4350, sharpe=-3.6009, mdd=-0.4289; residual_momentum_reversal_v1: score=-2.7984, selection_score=-2.7984, eligible=True, ann=-0.2716, sharpe=-2.5253, mdd=-0.2746; residual_momentum_reversal_v2: score=-4.1183, selection_score=-4.1183, eligible=True, ann=-0.4176, sharpe=-3.7023, mdd=-0.4145; quality_growth_price_v1: score=-1.4040, selection_score=-1.4040, eligible=True, ann=-0.0944, sharpe=-1.2620, mdd=-0.1895; low_vol_low_turnover_quality_v1: score=-0.4907, selection_score=-0.4907, eligible=True, ann=-0.0466, sharpe=-0.4086, mdd=-0.1177; quality_low_turnover_monthly_v1: score=-0.3501, selection_score=-0.3501, eligible=True, ann=-0.0318, sharpe=-0.2709, mdd=-0.1265; multifactor_volume_price_filter_v1: score=-2.0773, selection_score=-2.0773, eligible=True, ann=-0.1918, sharpe=-1.8723, mdd=-0.2182; core_selection_quality_momentum_v1: score=-1.9029, selection_score=-1.9029, eligible=True, ann=-0.1859, sharpe=-1.6921, mdd=-0.2358; theme_exposure_momentum_v1: score=-2.2918, selection_score=-2.2918, eligible=True, ann=-0.1696, sharpe=-2.1038, mdd=-0.2064",quality_low_turnover_monthly_v1,False,True,eligible,,,,,,,,,,,,,,,,,,,,,,,baseline_2y_1y_5fold,2,1,2019-04-01,2026-03-31,5,5,,ok,
PORTFOLIO,2,2020-04-01,2022-03-31,2022-04-01,2023-03-31,-0.3192858826094672,-3.0109974045234846,-0.32425233377671725,0.41735537190082644,12.130710699683684,242,True,"legacy_mom5@q0.5,top_n=3,target_vol=0.18",legacy_momentum,legacy_momentum,Legacy Momentum,rule_based,portfolio,True,True,243,242,3.0,3.0,242,2022-04-01,"['SZ.000002', 'SZ.002432', 'SH.601919']",point_in_time,2022-03-31,120,4720,local_history_sqlite_as_of,"legacy_momentum: score=-2.1414, selection_score=-2.1414, eligible=True, ann=-0.2308, sharpe=-1.8963, mdd=-0.2595; legacy_momentum_low_turnover_v1: score=-0.5461, selection_score=-0.5461, eligible=True, ann=-0.0536, sharpe=-0.4498, mdd=-0.1391; ma_kline_baseline_v1: score=-4.0328, selection_score=-4.0328, eligible=True, ann=-0.4350, sharpe=-3.6009, mdd=-0.4289; residual_momentum_reversal_v1: score=-2.7984, selection_score=-2.7984, eligible=True, ann=-0.2716, sharpe=-2.5253, mdd=-0.2746; residual_momentum_reversal_v2: score=-4.1183, selection_score=-4.1183, eligible=True, ann=-0.4176, sharpe=-3.7023, mdd=-0.4145; quality_growth_price_v1: score=-1.4040, selection_score=-1.4040, eligible=True, ann=-0.0944, sharpe=-1.2620, mdd=-0.1895; low_vol_low_turnover_quality_v1: score=-0.4907, selection_score=-0.4907, eligible=True, ann=-0.0466, sharpe=-0.4086, mdd=-0.1177; quality_low_turnover_monthly_v1: score=-0.3501, selection_score=-0.3501, eligible=True, ann=-0.0318, sharpe=-0.2709, mdd=-0.1265; multifactor_volume_price_filter_v1: score=-2.0773, selection_score=-2.0773, eligible=True, ann=-0.1918, sharpe=-1.8723, mdd=-0.2182; core_selection_quality_momentum_v1: score=-1.9029, selection_score=-1.9029, eligible=True, ann=-0.1859, sharpe=-1.6921, mdd=-0.2358; theme_exposure_momentum_v1: score=-2.2918, selection_score=-2.2918, eligible=True, ann=-0.1696, sharpe=-2.1038, mdd=-0.2064",quality_low_turnover_monthly_v1,False,True,eligible,,,,,,,,,,,,,,,,,,,,,,,baseline_2y_1y_5fold,2,1,2019-04-01,2026-03-31,5,5,,ok,
PORTFOLIO,3,2021-04-01,2023-03-31,2023-04-03,2024-03-29,-0.23629815272592436,-1.9883840250280675,-0.261492209477481,0.43333333333333335,14.69513201469342,240,True,"legacy_mom5@q0.5,top_n=3,target_vol=0.18",legacy_momentum,legacy_momentum,Legacy Momentum,rule_based,portfolio,True,True,241,240,3.0,3.0,240,2023-04-03,"['SH.688111', 'SH.688012', 'SZ.300033']",point_in_time,2023-03-31,120,5089,local_history_sqlite_as_of,"legacy_momentum: score=-2.1414, selection_score=-2.1414, eligible=True, ann=-0.2308, sharpe=-1.8963, mdd=-0.2595; legacy_momentum_low_turnover_v1: score=-0.5461, selection_score=-0.5461, eligible=True, ann=-0.0536, sharpe=-0.4498, mdd=-0.1391; ma_kline_baseline_v1: score=-4.0328, selection_score=-4.0328, eligible=True, ann=-0.4350, sharpe=-3.6009, mdd=-0.4289; residual_momentum_reversal_v1: score=-2.7984, selection_score=-2.7984, eligible=True, ann=-0.2716, sharpe=-2.5253, mdd=-0.2746; residual_momentum_reversal_v2: score=-4.1183, selection_score=-4.1183, eligible=True, ann=-0.4176, sharpe=-3.7023, mdd=-0.4145; quality_growth_price_v1: score=-1.4040, selection_score=-1.4040, eligible=True, ann=-0.0944, sharpe=-1.2620, mdd=-0.1895; low_vol_low_turnover_quality_v1: score=-0.4907, selection_score=-0.4907, eligible=True, ann=-0.0466, sharpe=-0.4086, mdd=-0.1177; quality_low_turnover_monthly_v1: score=-0.3501, selection_score=-0.3501, eligible=True, ann=-0.0318, sharpe=-0.2709, mdd=-0.1265; multifactor_volume_price_filter_v1: score=-2.0773, selection_score=-2.0773, eligible=True, ann=-0.1918, sharpe=-1.8723, mdd=-0.2182; core_selection_quality_momentum_v1: score=-1.9029, selection_score=-1.9029, eligible=True, ann=-0.1859, sharpe=-1.6921, mdd=-0.2358; theme_exposure_momentum_v1: score=-2.2918, selection_score=-2.2918, eligible=True, ann=-0.1696, sharpe=-2.1038, mdd=-0.2064",quality_low_turnover_monthly_v1,False,True,eligible,,,,,,,,,,,,,,,,,,,,,,,baseline_2y_1y_5fold,2,1,2019-04-01,2026-03-31,5,5,,ok,
PORTFOLIO,4,2022-04-01,2024-03-29,2024-04-01,2025-03-31,-0.25944456520255,-1.7105797532600138,-0.2496714201685496,0.35833333333333334,17.99590365975927,240,True,"legacy_mom5@q0.5,top_n=3,target_vol=0.18",legacy_momentum,legacy_momentum,Legacy Momentum,rule_based,portfolio,True,True,241,240,3.0,3.0,240,2024-04-01,"['SZ.000100', 'SZ.002085', 'SZ.002920']",point_in_time,2024-03-29,120,5347,local_history_sqlite_as_of,"legacy_momentum: score=-2.1414, selection_score=-2.1414, eligible=True, ann=-0.2308, sharpe=-1.8963, mdd=-0.2595; legacy_momentum_low_turnover_v1: score=-0.5461, selection_score=-0.5461, eligible=True, ann=-0.0536, sharpe=-0.4498, mdd=-0.1391; ma_kline_baseline_v1: score=-4.0328, selection_score=-4.0328, eligible=True, ann=-0.4350, sharpe=-3.6009, mdd=-0.4289; residual_momentum_reversal_v1: score=-2.7984, selection_score=-2.7984, eligible=True, ann=-0.2716, sharpe=-2.5253, mdd=-0.2746; residual_momentum_reversal_v2: score=-4.1183, selection_score=-4.1183, eligible=True, ann=-0.4176, sharpe=-3.7023, mdd=-0.4145; quality_growth_price_v1: score=-1.4040, selection_score=-1.4040, eligible=True, ann=-0.0944, sharpe=-1.2620, mdd=-0.1895; low_vol_low_turnover_quality_v1: score=-0.4907, selection_score=-0.4907, eligible=True, ann=-0.0466, sharpe=-0.4086, mdd=-0.1177; quality_low_turnover_monthly_v1: score=-0.3501, selection_score=-0.3501, eligible=True, ann=-0.0318, sharpe=-0.2709, mdd=-0.1265; multifactor_volume_price_filter_v1: score=-2.0773, selection_score=-2.0773, eligible=True, ann=-0.1918, sharpe=-1.8723, mdd=-0.2182; core_selection_quality_momentum_v1: score=-1.9029, selection_score=-1.9029, eligible=True, ann=-0.1859, sharpe=-1.6921, mdd=-0.2358; theme_exposure_momentum_v1: score=-2.2918, selection_score=-2.2918, eligible=True, ann=-0.1696, sharpe=-2.1038, mdd=-0.2064",quality_low_turnover_monthly_v1,False,True,eligible,,,,,,,,,,,,,,,,,,,,,,,baseline_2y_1y_5fold,2,1,2019-04-01,2026-03-31,5,5,,ok,
PORTFOLIO,5,2023-04-03,2025-03-31,2025-04-01,2026-03-31,-0.06840592689419411,-0.3784226990764035,-0.13590369116317735,0.47717842323651455,14.777485494898041,241,True,"legacy_mom5@q0.5,top_n=3,target_vol=0.18",legacy_momentum,legacy_momentum,Legacy Momentum,rule_based,portfolio,True,True,242,241,3.0,3.0,241,2025-04-01,"['SH.600276', 'SH.600126', 'SH.600418']",point_in_time,2025-03-31,120,5390,local_history_sqlite_as_of,"legacy_momentum: score=-2.1414, selection_score=-2.1414, eligible=True, ann=-0.2308, sharpe=-1.8963, mdd=-0.2595; legacy_momentum_low_turnover_v1: score=-0.5461, selection_score=-0.5461, eligible=True, ann=-0.0536, sharpe=-0.4498, mdd=-0.1391; ma_kline_baseline_v1: score=-4.0328, selection_score=-4.0328, eligible=True, ann=-0.4350, sharpe=-3.6009, mdd=-0.4289; residual_momentum_reversal_v1: score=-2.7984, selection_score=-2.7984, eligible=True, ann=-0.2716, sharpe=-2.5253, mdd=-0.2746; residual_momentum_reversal_v2: score=-4.1183, selection_score=-4.1183, eligible=True, ann=-0.4176, sharpe=-3.7023, mdd=-0.4145; quality_growth_price_v1: score=-1.4040, selection_score=-1.4040, eligible=True, ann=-0.0944, sharpe=-1.2620, mdd=-0.1895; low_vol_low_turnover_quality_v1: score=-0.4907, selection_score=-0.4907, eligible=True, ann=-0.0466, sharpe=-0.4086, mdd=-0.1177; quality_low_turnover_monthly_v1: score=-0.3501, selection_score=-0.3501, eligible=True, ann=-0.0318, sharpe=-0.2709, mdd=-0.1265; multifactor_volume_price_filter_v1: score=-2.0773, selection_score=-2.0773, eligible=True, ann=-0.1918, sharpe=-1.8723, mdd=-0.2182; core_selection_quality_momentum_v1: score=-1.9029, selection_score=-1.9029, eligible=True, ann=-0.1859, sharpe=-1.6921, mdd=-0.2358; theme_exposure_momentum_v1: score=-2.2918, selection_score=-2.2918, eligible=True, ann=-0.1696, sharpe=-2.1038, mdd=-0.2064",quality_low_turnover_monthly_v1,False,True,eligible,,,,,,,,,,,,,,,,,,,,,,,baseline_2y_1y_5fold,2,1,2019-04-01,2026-03-31,5,5,,ok,
PORTFOLIO,1,2019-04-01,2021-03-31,2021-04-01,2022-03-31,-0.02783016075577005,-0.21418366322384857,-0.1364945860037664,0.49586776859504134,0.970703572086368,15,True,"mom5@q0.6,hold_q=0.4,buy_top=5,hold_top=10,rebalance=20d,min_hold=5d,turnover_penalty=0.01,target_vol=0.18",legacy_momentum_low_turnover_v1,legacy_momentum_low_turnover_v1,Legacy Momentum Low Turnover,rule_based,portfolio,True,True,243,242,4.979423868312757,4.979338842975206,15,2021-04-01,"['SH.601919', 'SH.601088', 'SH.600660', 'SZ.300274', 'SH.601012']",point_in_time,2021-03-31,120,4224,local_history_sqlite_as_of,"legacy_momentum: score=-2.1414, selection_score=-2.1414, eligible=True, ann=-0.2308, sharpe=-1.8963, mdd=-0.2595; legacy_momentum_low_turnover_v1: score=-0.5461, selection_score=-0.5461, eligible=True, ann=-0.0536, sharpe=-0.4498, mdd=-0.1391; ma_kline_baseline_v1: score=-4.0328, selection_score=-4.0328, eligible=True, ann=-0.4350, sharpe=-3.6009, mdd=-0.4289; residual_momentum_reversal_v1: score=-2.7984, selection_score=-2.7984, eligible=True, ann=-0.2716, sharpe=-2.5253, mdd=-0.2746; residual_momentum_reversal_v2: score=-4.1183, selection_score=-4.1183, eligible=True, ann=-0.4176, sharpe=-3.7023, mdd=-0.4145; quality_growth_price_v1: score=-1.4040, selection_score=-1.4040, eligible=True, ann=-0.0944, sharpe=-1.2620, mdd=-0.1895; low_vol_low_turnover_quality_v1: score=-0.4907, selection_score=-0.4907, eligible=True, ann=-0.0466, sharpe=-0.4086, mdd=-0.1177; quality_low_turnover_monthly_v1: score=-0.3501, selection_score=-0.3501, eligible=True, ann=-0.0318, sharpe=-0.2709, mdd=-0.1265; multifactor_volume_price_filter_v1: score=-2.0773, selection_score=-2.0773, eligible=True, ann=-0.1918, sharpe=-1.8723, mdd=-0.2182; core_selection_quality_momentum_v1: score=-1.9029, selection_score=-1.9029, eligible=True, ann=-0.1859, sharpe=-1.6921, mdd=-0.2358; theme_exposure_momentum_v1: score=-2.2918, selection_score=-2.2918, eligible=True, ann=-0.1696, sharpe=-2.1038, mdd=-0.2064",quality_low_turnover_monthly_v1,False,True,eligible,,,,,,,,,,,,,,,,,,,,,,,baseline_2y_1y_5fold,2,1,2019-04-01,2026-03-31,5,5,,ok,
PORTFOLIO,2,2020-04-01,2022-03-31,2022-04-01,2023-03-31,-0.08047789375138337,-0.767129875120735,-0.14430477390682728,0.4834710743801653,1.1470385346013128,13,True,"mom20@q0.6,hold_q=0.4,buy_top=10,hold_top=20,rebalance=20d,min_hold=5d,turnover_penalty=0.01,target_vol=0.18",legacy_momentum_low_turnover_v1,legacy_momentum_low_turnover_v1,Legacy Momentum Low Turnover,rule_based,portfolio,True,True,243,242,9.753086419753087,9.75206611570248,13,2022-04-01,"['SH.600056', 'SZ.002432', 'SH.600196', 'SZ.002603', 'SZ.300142']",point_in_time,2022-03-31,120,4720,local_history_sqlite_as_of,"legacy_momentum: score=-2.1414, selection_score=-2.1414, eligible=True, ann=-0.2308, sharpe=-1.8963, mdd=-0.2595; legacy_momentum_low_turnover_v1: score=-0.5461, selection_score=-0.5461, eligible=True, ann=-0.0536, sharpe=-0.4498, mdd=-0.1391; ma_kline_baseline_v1: score=-4.0328, selection_score=-4.0328, eligible=True, ann=-0.4350, sharpe=-3.6009, mdd=-0.4289; residual_momentum_reversal_v1: score=-2.7984, selection_score=-2.7984, eligible=True, ann=-0.2716, sharpe=-2.5253, mdd=-0.2746; residual_momentum_reversal_v2: score=-4.1183, selection_score=-4.1183, eligible=True, ann=-0.4176, sharpe=-3.7023, mdd=-0.4145; quality_growth_price_v1: score=-1.4040, selection_score=-1.4040, eligible=True, ann=-0.0944, sharpe=-1.2620, mdd=-0.1895; low_vol_low_turnover_quality_v1: score=-0.4907, selection_score=-0.4907, eligible=True, ann=-0.0466, sharpe=-0.4086, mdd=-0.1177; quality_low_turnover_monthly_v1: score=-0.3501, selection_score=-0.3501, eligible=True, ann=-0.0318, sharpe=-0.2709, mdd=-0.1265; multifactor_volume_price_filter_v1: score=-2.0773, selection_score=-2.0773, eligible=True, ann=-0.1918, sharpe=-1.8723, mdd=-0.2182; core_selection_quality_momentum_v1: score=-1.9029, selection_score=-1.9029, eligible=True, ann=-0.1859, sharpe=-1.6921, mdd=-0.2358; theme_exposure_momentum_v1: score=-2.2918, selection_score=-2.2918, eligible=True, ann=-0.1696, sharpe=-2.1038, mdd=-0.2064",quality_low_turnover_monthly_v1,False,True,eligible,,,,,,,,,,,,,,,,,,,,,,,baseline_2y_1y_5fold,2,1,2019-04-01,2026-03-31,5,5,,ok,
PORTFOLIO,3,2021-04-01,2023-03-31,2023-04-03,2024-03-29,-0.10741656432311508,-0.9473375469084757,-0.19110099906751743,0.4791666666666667,2.4132672811298534,24,True,"mom5@q0.6,hold_q=0.4,buy_top=5,hold_top=10,rebalance=10d,min_hold=5d,turnover_penalty=0.01,target_vol=0.18",legacy_momentum_low_turnover_v1,legacy_momentum_low_turnover_v1,Legacy Momentum Low Turnover,rule_based,portfolio,True,True,241,240,5.0,5.0,24,2023-04-03,"['SH.688111', 'SH.688012', 'SZ.300033', 'SZ.300308', 'SZ.300418']",point_in_time,2023-03-31,120,5089,local_history_sqlite_as_of,"legacy_momentum: score=-2.1414, selection_score=-2.1414, eligible=True, ann=-0.2308, sharpe=-1.8963, mdd=-0.2595; legacy_momentum_low_turnover_v1: score=-0.5461, selection_score=-0.5461, eligible=True, ann=-0.0536, sharpe=-0.4498, mdd=-0.1391; ma_kline_baseline_v1: score=-4.0328, selection_score=-4.0328, eligible=True, ann=-0.4350, sharpe=-3.6009, mdd=-0.4289; residual_momentum_reversal_v1: score=-2.7984, selection_score=-2.7984, eligible=True, ann=-0.2716, sharpe=-2.5253, mdd=-0.2746; residual_momentum_reversal_v2: score=-4.1183, selection_score=-4.1183, eligible=True, ann=-0.4176, sharpe=-3.7023, mdd=-0.4145; quality_growth_price_v1: score=-1.4040, selection_score=-1.4040, eligible=True, ann=-0.0944, sharpe=-1.2620, mdd=-0.1895; low_vol_low_turnover_quality_v1: score=-0.4907, selection_score=-0.4907, eligible=True, ann=-0.0466, sharpe=-0.4086, mdd=-0.1177; quality_low_turnover_monthly_v1: score=-0.3501, selection_score=-0.3501, eligible=True, ann=-0.0318, sharpe=-0.2709, mdd=-0.1265; multifactor_volume_price_filter_v1: score=-2.0773, selection_score=-2.0773, eligible=True, ann=-0.1918, sharpe=-1.8723, mdd=-0.2182; core_selection_quality_momentum_v1: score=-1.9029, selection_score=-1.9029, eligible=True, ann=-0.1859, sharpe=-1.6921, mdd=-0.2358; theme_exposure_momentum_v1: score=-2.2918, selection_score=-2.2918, eligible=True, ann=-0.1696, sharpe=-2.1038, mdd=-0.2064",quality_low_turnover_monthly_v1,False,True,eligible,,,,,,,,,,,,,,,,,,,,,,,baseline_2y_1y_5fold,2,1,2019-04-01,2026-03-31,5,5,,ok,
PORTFOLIO,4,2022-04-01,2024-03-29,2024-04-01,2025-03-31,-0.09830993811361122,-0.7483911945854284,-0.1475073857610424,0.45416666666666666,1.6648466377197395,12,True,"mom5@q0.6,hold_q=0.4,buy_top=5,hold_top=10,rebalance=20d,min_hold=5d,turnover_penalty=0.01,target_vol=0.18",legacy_momentum_low_turnover_v1,legacy_momentum_low_turnover_v1,Legacy Momentum Low Turnover,rule_based,portfolio,True,True,241,240,5.0,5.0,12,2024-04-01,"['SZ.000100', 'SZ.002085', 'SZ.002920', 'SZ.000725', 'SH.600690']",point_in_time,2024-03-29,120,5347,local_history_sqlite_as_of,"legacy_momentum: score=-2.1414, selection_score=-2.1414, eligible=True, ann=-0.2308, sharpe=-1.8963, mdd=-0.2595; legacy_momentum_low_turnover_v1: score=-0.5461, selection_score=-0.5461, eligible=True, ann=-0.0536, sharpe=-0.4498, mdd=-0.1391; ma_kline_baseline_v1: score=-4.0328, selection_score=-4.0328, eligible=True, ann=-0.4350, sharpe=-3.6009, mdd=-0.4289; residual_momentum_reversal_v1: score=-2.7984, selection_score=-2.7984, eligible=True, ann=-0.2716, sharpe=-2.5253, mdd=-0.2746; residual_momentum_reversal_v2: score=-4.1183, selection_score=-4.1183, eligible=True, ann=-0.4176, sharpe=-3.7023, mdd=-0.4145; quality_growth_price_v1: score=-1.4040, selection_score=-1.4040, eligible=True, ann=-0.0944, sharpe=-1.2620, mdd=-0.1895; low_vol_low_turnover_quality_v1: score=-0.4907, selection_score=-0.4907, eligible=True, ann=-0.0466, sharpe=-0.4086, mdd=-0.1177; quality_low_turnover_monthly_v1: score=-0.3501, selection_score=-0.3501, eligible=True, ann=-0.0318, sharpe=-0.2709, mdd=-0.1265; multifactor_volume_price_filter_v1: score=-2.0773, selection_score=-2.0773, eligible=True, ann=-0.1918, sharpe=-1.8723, mdd=-0.2182; core_selection_quality_momentum_v1: score=-1.9029, selection_score=-1.9029, eligible=True, ann=-0.1859, sharpe=-1.6921, mdd=-0.2358; theme_exposure_momentum_v1: score=-2.2918, selection_score=-2.2918, eligible=True, ann=-0.1696, sharpe=-2.1038, mdd=-0.2064",quality_low_turnover_monthly_v1,False,True,eligible,,,,,,,,,,,,,,,,,,,,,,,baseline_2y_1y_5fold,2,1,2019-04-01,2026-03-31,5,5,,ok,
PORTFOLIO,5,2023-04-03,2025-03-31,2025-04-01,2026-03-31,0.046002961515517526,0.42804717972990847,-0.07593323520925177,0.5228215767634855,3.617140847860276,49,True,"mom5@q0.6,hold_q=0.4,buy_top=5,hold_top=10,rebalance=5d,min_hold=10d,turnover_penalty=0.01,target_vol=0.18",legacy_momentum_low_turnover_v1,legacy_momentum_low_turnover_v1,Legacy Momentum Low Turnover,rule_based,portfolio,True,True,242,241,5.0,5.0,49,2025-04-01,"['SH.600276', 'SH.600126', 'SH.600418', 'SH.688521', 'SH.603893']",point_in_time,2025-03-31,120,5390,local_history_sqlite_as_of,"legacy_momentum: score=-2.1414, selection_score=-2.1414, eligible=True, ann=-0.2308, sharpe=-1.8963, mdd=-0.2595; legacy_momentum_low_turnover_v1: score=-0.5461, selection_score=-0.5461, eligible=True, ann=-0.0536, sharpe=-0.4498, mdd=-0.1391; ma_kline_baseline_v1: score=-4.0328, selection_score=-4.0328, eligible=True, ann=-0.4350, sharpe=-3.6009, mdd=-0.4289; residual_momentum_reversal_v1: score=-2.7984, selection_score=-2.7984, eligible=True, ann=-0.2716, sharpe=-2.5253, mdd=-0.2746; residual_momentum_reversal_v2: score=-4.1183, selection_score=-4.1183, eligible=True, ann=-0.4176, sharpe=-3.7023, mdd=-0.4145; quality_growth_price_v1: score=-1.4040, selection_score=-1.4040, eligible=True, ann=-0.0944, sharpe=-1.2620, mdd=-0.1895; low_vol_low_turnover_quality_v1: score=-0.4907, selection_score=-0.4907, eligible=True, ann=-0.0466, sharpe=-0.4086, mdd=-0.1177; quality_low_turnover_monthly_v1: score=-0.3501, selection_score=-0.3501, eligible=True, ann=-0.0318, sharpe=-0.2709, mdd=-0.1265; multifactor_volume_price_filter_v1: score=-2.0773, selection_score=-2.0773, eligible=True, ann=-0.1918, sharpe=-1.8723, mdd=-0.2182; core_selection_quality_momentum_v1: score=-1.9029, selection_score=-1.9029, eligible=True, ann=-0.1859, sharpe=-1.6921, mdd=-0.2358; theme_exposure_momentum_v1: score=-2.2918, selection_score=-2.2918, eligible=True, ann=-0.1696, sharpe=-2.1038, mdd=-0.2064",quality_low_turnover_monthly_v1,False,True,eligible,,,,,,,,,,,,,,,,,,,,,,,baseline_2y_1y_5fold,2,1,2019-04-01,2026-03-31,5,5,,ok,
PORTFOLIO,1,2019-04-01,2021-03-31,2021-04-01,2022-03-31,-0.35212992305316837,-2.8227605166454173,-0.3420081779475824,0.3902439024390244,24.19085451327494,219,True,"ma20>ma60,amount>=1.0,upper_shadow<=1.5,vol@q0.6,target_vol=0.18,top_n=5",ma_kline_baseline_v1,ma_kline_baseline_v1,MA/K-line Baseline,rule_based,portfolio,True,True,205,205,3.6634146341463416,3.6634146341463416,219,2021-04-06,['SZ.300142'],point_in_time,2021-03-31,120,4224,local_history_sqlite_as_of,"legacy_momentum: score=-2.1414, selection_score=-2.1414, eligible=True, ann=-0.2308, sharpe=-1.8963, mdd=-0.2595; legacy_momentum_low_turnover_v1: score=-0.5461, selection_score=-0.5461, eligible=True, ann=-0.0536, sharpe=-0.4498, mdd=-0.1391; ma_kline_baseline_v1: score=-4.0328, selection_score=-4.0328, eligible=True, ann=-0.4350, sharpe=-3.6009, mdd=-0.4289; residual_momentum_reversal_v1: score=-2.7984, selection_score=-2.7984, eligible=True, ann=-0.2716, sharpe=-2.5253, mdd=-0.2746; residual_momentum_reversal_v2: score=-4.1183, selection_score=-4.1183, eligible=True, ann=-0.4176, sharpe=-3.7023, mdd=-0.4145; quality_growth_price_v1: score=-1.4040, selection_score=-1.4040, eligible=True, ann=-0.0944, sharpe=-1.2620, mdd=-0.1895; low_vol_low_turnover_quality_v1: score=-0.4907, selection_score=-0.4907, eligible=True, ann=-0.0466, sharpe=-0.4086, mdd=-0.1177; quality_low_turnover_monthly_v1: score=-0.3501, selection_score=-0.3501, eligible=True, ann=-0.0318, sharpe=-0.2709, mdd=-0.1265; multifactor_volume_price_filter_v1: score=-2.0773, selection_score=-2.0773, eligible=True, ann=-0.1918, sharpe=-1.8723, mdd=-0.2182; core_selection_quality_momentum_v1: score=-1.9029, selection_score=-1.9029, eligible=True, ann=-0.1859, sharpe=-1.6921, mdd=-0.2358; theme_exposure_momentum_v1: score=-2.2918, selection_score=-2.2918, eligible=True, ann=-0.1696, sharpe=-2.1038, mdd=-0.2064",quality_low_turnover_monthly_v1,False,True,eligible,,,,,,,,,,,,,,,,,,,,,,,baseline_2y_1y_5fold,2,1,2019-04-01,2026-03-31,5,5,,ok,
PORTFOLIO,2,2020-04-01,2022-03-31,2022-04-01,2023-03-31,-0.4228029567605863,-3.103901123354726,-0.42986579986952345,0.3486238532110092,35.293971331191244,229,True,"ma20>ma60,amount>=1.0,upper_shadow<=1.5,vol@q0.6,target_vol=0.18,top_n=3",ma_kline_baseline_v1,ma_kline_baseline_v1,MA/K-line Baseline,rule_based,portfolio,True,True,219,218,2.598173515981735,2.596330275229358,229,2022-04-11,"['SZ.300498', 'SH.601288']",point_in_time,2022-03-31,120,4720,local_history_sqlite_as_of,"legacy_momentum: score=-2.1414, selection_score=-2.1414, eligible=True, ann=-0.2308, sharpe=-1.8963, mdd=-0.2595; legacy_momentum_low_turnover_v1: score=-0.5461, selection_score=-0.5461, eligible=True, ann=-0.0536, sharpe=-0.4498, mdd=-0.1391; ma_kline_baseline_v1: score=-4.0328, selection_score=-4.0328, eligible=True, ann=-0.4350, sharpe=-3.6009, mdd=-0.4289; residual_momentum_reversal_v1: score=-2.7984, selection_score=-2.7984, eligible=True, ann=-0.2716, sharpe=-2.5253, mdd=-0.2746; residual_momentum_reversal_v2: score=-4.1183, selection_score=-4.1183, eligible=True, ann=-0.4176, sharpe=-3.7023, mdd=-0.4145; quality_growth_price_v1: score=-1.4040, selection_score=-1.4040, eligible=True, ann=-0.0944, sharpe=-1.2620, mdd=-0.1895; low_vol_low_turnover_quality_v1: score=-0.4907, selection_score=-0.4907, eligible=True, ann=-0.0466, sharpe=-0.4086, mdd=-0.1177; quality_low_turnover_monthly_v1: score=-0.3501, selection_score=-0.3501, eligible=True, ann=-0.0318, sharpe=-0.2709, mdd=-0.1265; multifactor_volume_price_filter_v1: score=-2.0773, selection_score=-2.0773, eligible=True, ann=-0.1918, sharpe=-1.8723, mdd=-0.2182; core_selection_quality_momentum_v1: score=-1.9029, selection_score=-1.9029, eligible=True, ann=-0.1859, sharpe=-1.6921, mdd=-0.2358; theme_exposure_momentum_v1: score=-2.2918, selection_score=-2.2918, eligible=True, ann=-0.1696, sharpe=-2.1038, mdd=-0.2064",quality_low_turnover_monthly_v1,False,True,eligible,,,,,,,,,,,,,,,,,,,,,,,baseline_2y_1y_5fold,2,1,2019-04-01,2026-03-31,5,5,,ok,
PORTFOLIO,3,2021-04-01,2023-03-31,2023-04-03,2024-03-29,-0.45053772426730665,-4.6069897255212915,-0.44808193625561965,0.32524271844660196,54.06250487037936,228,True,"ma20>ma60,amount>=1.2,upper_shadow<=1.5,vol@q0.6,target_vol=0.18,top_n=5",ma_kline_baseline_v1,ma_kline_baseline_v1,MA/K-line Baseline,rule_based,portfolio,True,True,207,206,3.2028985507246377,3.1941747572815533,228,2023-04-03,"['SH.600584', 'SH.600703', 'SH.601225']",point_in_time,2023-03-31,120,5089,local_history_sqlite_as_of,"legacy_momentum: score=-2.1414, selection_score=-2.1414, eligible=True, ann=-0.2308, sharpe=-1.8963, mdd=-0.2595; legacy_momentum_low_turnover_v1: score=-0.5461, selection_score=-0.5461, eligible=True, ann=-0.0536, sharpe=-0.4498, mdd=-0.1391; ma_kline_baseline_v1: score=-4.0328, selection_score=-4.0328, eligible=True, ann=-0.4350, sharpe=-3.6009, mdd=-0.4289; residual_momentum_reversal_v1: score=-2.7984, selection_score=-2.7984, eligible=True, ann=-0.2716, sharpe=-2.5253, mdd=-0.2746; residual_momentum_reversal_v2: score=-4.1183, selection_score=-4.1183, eligible=True, ann=-0.4176, sharpe=-3.7023, mdd=-0.4145; quality_growth_price_v1: score=-1.4040, selection_score=-1.4040, eligible=True, ann=-0.0944, sharpe=-1.2620, mdd=-0.1895; low_vol_low_turnover_quality_v1: score=-0.4907, selection_score=-0.4907, eligible=True, ann=-0.0466, sharpe=-0.4086, mdd=-0.1177; quality_low_turnover_monthly_v1: score=-0.3501, selection_score=-0.3501, eligible=True, ann=-0.0318, sharpe=-0.2709, mdd=-0.1265; multifactor_volume_price_filter_v1: score=-2.0773, selection_score=-2.0773, eligible=True, ann=-0.1918, sharpe=-1.8723, mdd=-0.2182; core_selection_quality_momentum_v1: score=-1.9029, selection_score=-1.9029, eligible=True, ann=-0.1859, sharpe=-1.6921, mdd=-0.2358; theme_exposure_momentum_v1: score=-2.2918, selection_score=-2.2918, eligible=True, ann=-0.1696, sharpe=-2.1038, mdd=-0.2064",quality_low_turnover_monthly_v1,False,True,eligible,,,,,,,,,,,,,,,,,,,,,,,baseline_2y_1y_5fold,2,1,2019-04-01,2026-03-31,5,5,,ok,
PORTFOLIO,4,2022-04-01,2024-03-29,2024-04-01,2025-03-31,-0.4736526839262024,-3.6842193659407036,-0.4597007004284378,0.36318407960199006,52.76195522544876,221,True,"ma20>ma60,amount>=1.2,upper_shadow<=1.5,vol@q0.75,target_vol=0.18,top_n=3",ma_kline_baseline_v1,ma_kline_baseline_v1,MA/K-line Baseline,rule_based,portfolio,True,True,202,201,2.5742574257425743,2.572139303482587,221,2024-04-01,"['SZ.002714', 'SH.600309', 'SZ.000100']",point_in_time,2024-03-29,120,5347,local_history_sqlite_as_of,"legacy_momentum: score=-2.1414, selection_score=-2.1414, eligible=True, ann=-0.2308, sharpe=-1.8963, mdd=-0.2595; legacy_momentum_low_turnover_v1: score=-0.5461, selection_score=-0.5461, eligible=True, ann=-0.0536, sharpe=-0.4498, mdd=-0.1391; ma_kline_baseline_v1: score=-4.0328, selection_score=-4.0328, eligible=True, ann=-0.4350, sharpe=-3.6009, mdd=-0.4289; residual_momentum_reversal_v1: score=-2.7984, selection_score=-2.7984, eligible=True, ann=-0.2716, sharpe=-2.5253, mdd=-0.2746; residual_momentum_reversal_v2: score=-4.1183, selection_score=-4.1183, eligible=True, ann=-0.4176, sharpe=-3.7023, mdd=-0.4145; quality_growth_price_v1: score=-1.4040, selection_score=-1.4040, eligible=True, ann=-0.0944, sharpe=-1.2620, mdd=-0.1895; low_vol_low_turnover_quality_v1: score=-0.4907, selection_score=-0.4907, eligible=True, ann=-0.0466, sharpe=-0.4086, mdd=-0.1177; quality_low_turnover_monthly_v1: score=-0.3501, selection_score=-0.3501, eligible=True, ann=-0.0318, sharpe=-0.2709, mdd=-0.1265; multifactor_volume_price_filter_v1: score=-2.0773, selection_score=-2.0773, eligible=True, ann=-0.1918, sharpe=-1.8723, mdd=-0.2182; core_selection_quality_momentum_v1: score=-1.9029, selection_score=-1.9029, eligible=True, ann=-0.1859, sharpe=-1.6921, mdd=-0.2358; theme_exposure_momentum_v1: score=-2.2918, selection_score=-2.2918, eligible=True, ann=-0.1696, sharpe=-2.1038, mdd=-0.2064",quality_low_turnover_monthly_v1,False,True,eligible,,,,,,,,,,,,,,,,,,,,,,,baseline_2y_1y_5fold,2,1,2019-04-01,2026-03-31,5,5,,ok,
PORTFOLIO,5,2023-04-03,2025-03-31,2025-04-01,2026-03-31,-0.4758180770731396,-3.786739231557043,-0.4646139931772094,0.33653846153846156,52.99765316481301,229,True,"ma20>ma60,amount>=1.2,upper_shadow<=1.5,vol@q0.6,target_vol=0.18,top_n=3",ma_kline_baseline_v1,ma_kline_baseline_v1,MA/K-line Baseline,rule_based,portfolio,True,True,209,208,2.3923444976076556,2.3990384615384617,231,2025-04-01,"['SH.600276', 'SZ.000333', 'SH.601988']",point_in_time,2025-03-31,120,5390,local_history_sqlite_as_of,"legacy_momentum: score=-2.1414, selection_score=-2.1414, eligible=True, ann=-0.2308, sharpe=-1.8963, mdd=-0.2595; legacy_momentum_low_turnover_v1: score=-0.5461, selection_score=-0.5461, eligible=True, ann=-0.0536, sharpe=-0.4498, mdd=-0.1391; ma_kline_baseline_v1: score=-4.0328, selection_score=-4.0328, eligible=True, ann=-0.4350, sharpe=-3.6009, mdd=-0.4289; residual_momentum_reversal_v1: score=-2.7984, selection_score=-2.7984, eligible=True, ann=-0.2716, sharpe=-2.5253, mdd=-0.2746; residual_momentum_reversal_v2: score=-4.1183, selection_score=-4.1183, eligible=True, ann=-0.4176, sharpe=-3.7023, mdd=-0.4145; quality_growth_price_v1: score=-1.4040, selection_score=-1.4040, eligible=True, ann=-0.0944, sharpe=-1.2620, mdd=-0.1895; low_vol_low_turnover_quality_v1: score=-0.4907, selection_score=-0.4907, eligible=True, ann=-0.0466, sharpe=-0.4086, mdd=-0.1177; quality_low_turnover_monthly_v1: score=-0.3501, selection_score=-0.3501, eligible=True, ann=-0.0318, sharpe=-0.2709, mdd=-0.1265; multifactor_volume_price_filter_v1: score=-2.0773, selection_score=-2.0773, eligible=True, ann=-0.1918, sharpe=-1.8723, mdd=-0.2182; core_selection_quality_momentum_v1: score=-1.9029, selection_score=-1.9029, eligible=True, ann=-0.1859, sharpe=-1.6921, mdd=-0.2358; theme_exposure_momentum_v1: score=-2.2918, selection_score=-2.2918, eligible=True, ann=-0.1696, sharpe=-2.1038, mdd=-0.2064",quality_low_turnover_monthly_v1,False,True,eligible,,,,,,,,,,,,,,,,,,,,,,,baseline_2y_1y_5fold,2,1,2019-04-01,2026-03-31,5,5,,ok,
PORTFOLIO,1,2019-04-01,2021-03-31,2021-04-01,2022-03-31,-0.20894061964674482,-1.8890203163177612,-0.23199034351051162,0.3941908713692946,19.085379091175373,242,True,"resid_mom10@q0.6,reversal_mom3<=q0.7,ma60,vol@q0.75,target_vol=0.18,top_n=3,xmarket_overlay=True",residual_momentum_reversal_v1,residual_momentum_reversal_v1,Residual Momentum Reversal V1,factor,portfolio,True,True,242,241,2.9545454545454546,2.954356846473029,242,2021-04-01,"['SZ.300142', 'SZ.002271', 'SH.600900']",point_in_time,2021-03-31,120,4224,local_history_sqlite_as_of,"legacy_momentum: score=-2.1414, selection_score=-2.1414, eligible=True, ann=-0.2308, sharpe=-1.8963, mdd=-0.2595; legacy_momentum_low_turnover_v1: score=-0.5461, selection_score=-0.5461, eligible=True, ann=-0.0536, sharpe=-0.4498, mdd=-0.1391; ma_kline_baseline_v1: score=-4.0328, selection_score=-4.0328, eligible=True, ann=-0.4350, sharpe=-3.6009, mdd=-0.4289; residual_momentum_reversal_v1: score=-2.7984, selection_score=-2.7984, eligible=True, ann=-0.2716, sharpe=-2.5253, mdd=-0.2746; residual_momentum_reversal_v2: score=-4.1183, selection_score=-4.1183, eligible=True, ann=-0.4176, sharpe=-3.7023, mdd=-0.4145; quality_growth_price_v1: score=-1.4040, selection_score=-1.4040, eligible=True, ann=-0.0944, sharpe=-1.2620, mdd=-0.1895; low_vol_low_turnover_quality_v1: score=-0.4907, selection_score=-0.4907, eligible=True, ann=-0.0466, sharpe=-0.4086, mdd=-0.1177; quality_low_turnover_monthly_v1: score=-0.3501, selection_score=-0.3501, eligible=True, ann=-0.0318, sharpe=-0.2709, mdd=-0.1265; multifactor_volume_price_filter_v1: score=-2.0773, selection_score=-2.0773, eligible=True, ann=-0.1918, sharpe=-1.8723, mdd=-0.2182; core_selection_quality_momentum_v1: score=-1.9029, selection_score=-1.9029, eligible=True, ann=-0.1859, sharpe=-1.6921, mdd=-0.2358; theme_exposure_momentum_v1: score=-2.2918, selection_score=-2.2918, eligible=True, ann=-0.1696, sharpe=-2.1038, mdd=-0.2064",quality_low_turnover_monthly_v1,False,True,eligible,,,,,,,,,,,,,,,,,,,,,,,baseline_2y_1y_5fold,2,1,2019-04-01,2026-03-31,5,5,,ok,
PORTFOLIO,2,2020-04-01,2022-03-31,2022-04-01,2023-03-31,-0.18691414244004534,-2.088061483311242,-0.1971123835684846,0.4132231404958678,19.235714457296307,242,True,"resid_mom20@q0.6,reversal_mom3<=q0.7,ma60,vol@q0.75,target_vol=0.18,top_n=3,xmarket_overlay=True",residual_momentum_reversal_v1,residual_momentum_reversal_v1,Residual Momentum Reversal V1,factor,portfolio,True,True,243,242,2.9958847736625516,2.9958677685950414,242,2022-04-01,"['SZ.002821', 'SZ.300122', 'SZ.300498']",point_in_time,2022-03-31,120,4720,local_history_sqlite_as_of,"legacy_momentum: score=-2.1414, selection_score=-2.1414, eligible=True, ann=-0.2308, sharpe=-1.8963, mdd=-0.2595; legacy_momentum_low_turnover_v1: score=-0.5461, selection_score=-0.5461, eligible=True, ann=-0.0536, sharpe=-0.4498, mdd=-0.1391; ma_kline_baseline_v1: score=-4.0328, selection_score=-4.0328, eligible=True, ann=-0.4350, sharpe=-3.6009, mdd=-0.4289; residual_momentum_reversal_v1: score=-2.7984, selection_score=-2.7984, eligible=True, ann=-0.2716, sharpe=-2.5253, mdd=-0.2746; residual_momentum_reversal_v2: score=-4.1183, selection_score=-4.1183, eligible=True, ann=-0.4176, sharpe=-3.7023, mdd=-0.4145; quality_growth_price_v1: score=-1.4040, selection_score=-1.4040, eligible=True, ann=-0.0944, sharpe=-1.2620, mdd=-0.1895; low_vol_low_turnover_quality_v1: score=-0.4907, selection_score=-0.4907, eligible=True, ann=-0.0466, sharpe=-0.4086, mdd=-0.1177; quality_low_turnover_monthly_v1: score=-0.3501, selection_score=-0.3501, eligible=True, ann=-0.0318, sharpe=-0.2709, mdd=-0.1265; multifactor_volume_price_filter_v1: score=-2.0773, selection_score=-2.0773, eligible=True, ann=-0.1918, sharpe=-1.8723, mdd=-0.2182; core_selection_quality_momentum_v1: score=-1.9029, selection_score=-1.9029, eligible=True, ann=-0.1859, sharpe=-1.6921, mdd=-0.2358; theme_exposure_momentum_v1: score=-2.2918, selection_score=-2.2918, eligible=True, ann=-0.1696, sharpe=-2.1038, mdd=-0.2064",quality_low_turnover_monthly_v1,False,True,eligible,,,,,,,,,,,,,,,,,,,,,,,baseline_2y_1y_5fold,2,1,2019-04-01,2026-03-31,5,5,,ok,
PORTFOLIO,3,2021-04-01,2023-03-31,2023-04-03,2024-03-29,-0.3835132235730988,-3.6915771984019576,-0.37633061167304815,0.38493723849372385,37.907065205851005,240,True,"resid_mom10@q0.6,reversal_mom3<=q0.7,ma20,vol@q0.75,target_vol=0.18,top_n=3,xmarket_overlay=True",residual_momentum_reversal_v1,residual_momentum_reversal_v1,Residual Momentum Reversal V1,factor,portfolio,True,True,240,239,2.966666666666667,2.9665271966527196,240,2023-04-03,"['SH.600702', 'SH.603993', 'SZ.000568']",point_in_time,2023-03-31,120,5089,local_history_sqlite_as_of,"legacy_momentum: score=-2.1414, selection_score=-2.1414, eligible=True, ann=-0.2308, sharpe=-1.8963, mdd=-0.2595; legacy_momentum_low_turnover_v1: score=-0.5461, selection_score=-0.5461, eligible=True, ann=-0.0536, sharpe=-0.4498, mdd=-0.1391; ma_kline_baseline_v1: score=-4.0328, selection_score=-4.0328, eligible=True, ann=-0.4350, sharpe=-3.6009, mdd=-0.4289; residual_momentum_reversal_v1: score=-2.7984, selection_score=-2.7984, eligible=True, ann=-0.2716, sharpe=-2.5253, mdd=-0.2746; residual_momentum_reversal_v2: score=-4.1183, selection_score=-4.1183, eligible=True, ann=-0.4176, sharpe=-3.7023, mdd=-0.4145; quality_growth_price_v1: score=-1.4040, selection_score=-1.4040, eligible=True, ann=-0.0944, sharpe=-1.2620, mdd=-0.1895; low_vol_low_turnover_quality_v1: score=-0.4907, selection_score=-0.4907, eligible=True, ann=-0.0466, sharpe=-0.4086, mdd=-0.1177; quality_low_turnover_monthly_v1: score=-0.3501, selection_score=-0.3501, eligible=True, ann=-0.0318, sharpe=-0.2709, mdd=-0.1265; multifactor_volume_price_filter_v1: score=-2.0773, selection_score=-2.0773, eligible=True, ann=-0.1918, sharpe=-1.8723, mdd=-0.2182; core_selection_quality_momentum_v1: score=-1.9029, selection_score=-1.9029, eligible=True, ann=-0.1859, sharpe=-1.6921, mdd=-0.2358; theme_exposure_momentum_v1: score=-2.2918, selection_score=-2.2918, eligible=True, ann=-0.1696, sharpe=-2.1038, mdd=-0.2064",quality_low_turnover_monthly_v1,False,True,eligible,,,,,,,,,,,,,,,,,,,,,,,baseline_2y_1y_5fold,2,1,2019-04-01,2026-03-31,5,5,,ok,
PORTFOLIO,4,2022-04-01,2024-03-29,2024-04-01,2025-03-31,-0.3587733632177731,-3.28160569481091,-0.3485030005737315,0.3761467889908257,36.99940213420813,222,True,"resid_mom10@q0.6,reversal_mom3<=q0.7,ma60,vol@q0.75,target_vol=0.18,top_n=3,xmarket_overlay=True",residual_momentum_reversal_v1,residual_momentum_reversal_v1,Residual Momentum Reversal V1,factor,portfolio,True,True,219,218,2.9315068493150687,2.9311926605504586,222,2024-04-01,"['SZ.002475', 'SH.601088', 'SH.601328']",point_in_time,2024-03-29,120,5347,local_history_sqlite_as_of,"legacy_momentum: score=-2.1414, selection_score=-2.1414, eligible=True, ann=-0.2308, sharpe=-1.8963, mdd=-0.2595; legacy_momentum_low_turnover_v1: score=-0.5461, selection_score=-0.5461, eligible=True, ann=-0.0536, sharpe=-0.4498, mdd=-0.1391; ma_kline_baseline_v1: score=-4.0328, selection_score=-4.0328, eligible=True, ann=-0.4350, sharpe=-3.6009, mdd=-0.4289; residual_momentum_reversal_v1: score=-2.7984, selection_score=-2.7984, eligible=True, ann=-0.2716, sharpe=-2.5253, mdd=-0.2746; residual_momentum_reversal_v2: score=-4.1183, selection_score=-4.1183, eligible=True, ann=-0.4176, sharpe=-3.7023, mdd=-0.4145; quality_growth_price_v1: score=-1.4040, selection_score=-1.4040, eligible=True, ann=-0.0944, sharpe=-1.2620, mdd=-0.1895; low_vol_low_turnover_quality_v1: score=-0.4907, selection_score=-0.4907, eligible=True, ann=-0.0466, sharpe=-0.4086, mdd=-0.1177; quality_low_turnover_monthly_v1: score=-0.3501, selection_score=-0.3501, eligible=True, ann=-0.0318, sharpe=-0.2709, mdd=-0.1265; multifactor_volume_price_filter_v1: score=-2.0773, selection_score=-2.0773, eligible=True, ann=-0.1918, sharpe=-1.8723, mdd=-0.2182; core_selection_quality_momentum_v1: score=-1.9029, selection_score=-1.9029, eligible=True, ann=-0.1859, sharpe=-1.6921, mdd=-0.2358; theme_exposure_momentum_v1: score=-2.2918, selection_score=-2.2918, eligible=True, ann=-0.1696, sharpe=-2.1038, mdd=-0.2064",quality_low_turnover_monthly_v1,False,True,eligible,,,,,,,,,,,,,,,,,,,,,,,baseline_2y_1y_5fold,2,1,2019-04-01,2026-03-31,5,5,,ok,
PORTFOLIO,5,2023-04-03,2025-03-31,2025-04-01,2026-03-31,-0.21982163930230314,-1.6762179835423752,-0.21892033975889102,0.4041666666666667,27.832427012451443,241,True,"resid_mom20@q0.6,reversal_mom3<=q0.7,ma60,vol@q0.75,target_vol=0.18,top_n=3,xmarket_overlay=True",residual_momentum_reversal_v1,residual_momentum_reversal_v1,Residual Momentum Reversal V1,factor,portfolio,True,True,241,240,2.925311203319502,2.925,241,2025-04-01,"['SH.603993', 'SZ.002594', 'SH.600809']",point_in_time,2025-03-31,120,5390,local_history_sqlite_as_of,"legacy_momentum: score=-2.1414, selection_score=-2.1414, eligible=True, ann=-0.2308, sharpe=-1.8963, mdd=-0.2595; legacy_momentum_low_turnover_v1: score=-0.5461, selection_score=-0.5461, eligible=True, ann=-0.0536, sharpe=-0.4498, mdd=-0.1391; ma_kline_baseline_v1: score=-4.0328, selection_score=-4.0328, eligible=True, ann=-0.4350, sharpe=-3.6009, mdd=-0.4289; residual_momentum_reversal_v1: score=-2.7984, selection_score=-2.7984, eligible=True, ann=-0.2716, sharpe=-2.5253, mdd=-0.2746; residual_momentum_reversal_v2: score=-4.1183, selection_score=-4.1183, eligible=True, ann=-0.4176, sharpe=-3.7023, mdd=-0.4145; quality_growth_price_v1: score=-1.4040, selection_score=-1.4040, eligible=True, ann=-0.0944, sharpe=-1.2620, mdd=-0.1895; low_vol_low_turnover_quality_v1: score=-0.4907, selection_score=-0.4907, eligible=True, ann=-0.0466, sharpe=-0.4086, mdd=-0.1177; quality_low_turnover_monthly_v1: score=-0.3501, selection_score=-0.3501, eligible=True, ann=-0.0318, sharpe=-0.2709, mdd=-0.1265; multifactor_volume_price_filter_v1: score=-2.0773, selection_score=-2.0773, eligible=True, ann=-0.1918, sharpe=-1.8723, mdd=-0.2182; core_selection_quality_momentum_v1: score=-1.9029, selection_score=-1.9029, eligible=True, ann=-0.1859, sharpe=-1.6921, mdd=-0.2358; theme_exposure_momentum_v1: score=-2.2918, selection_score=-2.2918, eligible=True, ann=-0.1696, sharpe=-2.1038, mdd=-0.2064",quality_low_turnover_monthly_v1,False,True,eligible,,,,,,,,,,,,,,,,,,,,,,,baseline_2y_1y_5fold,2,1,2019-04-01,2026-03-31,5,5,,ok,
PORTFOLIO,1,2019-04-01,2021-03-31,2021-04-01,2022-03-31,-0.4109742005610987,-3.3383960445969874,-0.39973391553635396,0.34285714285714286,44.76286207859807,236,True,"resid_mom10@q0.6,reversal_mom3<=q0.7,ma60,vol@q0.75,amt>=1.0,upper_shadow<=1.0,gap<=0.05,target_vol=0.18,top_n=3,xmarket_overlay=False",residual_momentum_reversal_v2,residual_momentum_reversal_v2,Residual Momentum Reversal V2,factor,portfolio,True,True,211,210,2.360189573459716,2.3666666666666667,236,2021-04-01,['SH.601668'],point_in_time,2021-03-31,120,4224,local_history_sqlite_as_of,"legacy_momentum: score=-2.1414, selection_score=-2.1414, eligible=True, ann=-0.2308, sharpe=-1.8963, mdd=-0.2595; legacy_momentum_low_turnover_v1: score=-0.5461, selection_score=-0.5461, eligible=True, ann=-0.0536, sharpe=-0.4498, mdd=-0.1391; ma_kline_baseline_v1: score=-4.0328, selection_score=-4.0328, eligible=True, ann=-0.4350, sharpe=-3.6009, mdd=-0.4289; residual_momentum_reversal_v1: score=-2.7984, selection_score=-2.7984, eligible=True, ann=-0.2716, sharpe=-2.5253, mdd=-0.2746; residual_momentum_reversal_v2: score=-4.1183, selection_score=-4.1183, eligible=True, ann=-0.4176, sharpe=-3.7023, mdd=-0.4145; quality_growth_price_v1: score=-1.4040, selection_score=-1.4040, eligible=True, ann=-0.0944, sharpe=-1.2620, mdd=-0.1895; low_vol_low_turnover_quality_v1: score=-0.4907, selection_score=-0.4907, eligible=True, ann=-0.0466, sharpe=-0.4086, mdd=-0.1177; quality_low_turnover_monthly_v1: score=-0.3501, selection_score=-0.3501, eligible=True, ann=-0.0318, sharpe=-0.2709, mdd=-0.1265; multifactor_volume_price_filter_v1: score=-2.0773, selection_score=-2.0773, eligible=True, ann=-0.1918, sharpe=-1.8723, mdd=-0.2182; core_selection_quality_momentum_v1: score=-1.9029, selection_score=-1.9029, eligible=True, ann=-0.1859, sharpe=-1.6921, mdd=-0.2358; theme_exposure_momentum_v1: score=-2.2918, selection_score=-2.2918, eligible=True, ann=-0.1696, sharpe=-2.1038, mdd=-0.2064",quality_low_turnover_monthly_v1,False,True,eligible,,,,,,,,,,,,,,,,,,,,,,,baseline_2y_1y_5fold,2,1,2019-04-01,2026-03-31,5,5,,ok,
PORTFOLIO,2,2020-04-01,2022-03-31,2022-04-01,2023-03-31,-0.36459365332685145,-2.627888573232851,-0.3848332632464271,0.3767441860465116,40.91330672415133,233,True,"resid_mom20@q0.6,reversal_mom3<=q0.7,ma20,vol@q0.6,amt>=1.0,upper_shadow<=1.0,gap<=0.05,target_vol=0.18,top_n=3,xmarket_overlay=False",residual_momentum_reversal_v2,residual_momentum_reversal_v2,Residual Momentum Reversal V2,factor,portfolio,True,True,216,215,2.6435185185185186,2.641860465116279,234,2022-04-06,"['SZ.002594', 'SH.601288']",point_in_time,2022-03-31,120,4720,local_history_sqlite_as_of,"legacy_momentum: score=-2.1414, selection_score=-2.1414, eligible=True, ann=-0.2308, sharpe=-1.8963, mdd=-0.2595; legacy_momentum_low_turnover_v1: score=-0.5461, selection_score=-0.5461, eligible=True, ann=-0.0536, sharpe=-0.4498, mdd=-0.1391; ma_kline_baseline_v1: score=-4.0328, selection_score=-4.0328, eligible=True, ann=-0.4350, sharpe=-3.6009, mdd=-0.4289; residual_momentum_reversal_v1: score=-2.7984, selection_score=-2.7984, eligible=True, ann=-0.2716, sharpe=-2.5253, mdd=-0.2746; residual_momentum_reversal_v2: score=-4.1183, selection_score=-4.1183, eligible=True, ann=-0.4176, sharpe=-3.7023, mdd=-0.4145; quality_growth_price_v1: score=-1.4040, selection_score=-1.4040, eligible=True, ann=-0.0944, sharpe=-1.2620, mdd=-0.1895; low_vol_low_turnover_quality_v1: score=-0.4907, selection_score=-0.4907, eligible=True, ann=-0.0466, sharpe=-0.4086, mdd=-0.1177; quality_low_turnover_monthly_v1: score=-0.3501, selection_score=-0.3501, eligible=True, ann=-0.0318, sharpe=-0.2709, mdd=-0.1265; multifactor_volume_price_filter_v1: score=-2.0773, selection_score=-2.0773, eligible=True, ann=-0.1918, sharpe=-1.8723, mdd=-0.2182; core_selection_quality_momentum_v1: score=-1.9029, selection_score=-1.9029, eligible=True, ann=-0.1859, sharpe=-1.6921, mdd=-0.2358; theme_exposure_momentum_v1: score=-2.2918, selection_score=-2.2918, eligible=True, ann=-0.1696, sharpe=-2.1038, mdd=-0.2064",quality_low_turnover_monthly_v1,False,True,eligible,,,,,,,,,,,,,,,,,,,,,,,baseline_2y_1y_5fold,2,1,2019-04-01,2026-03-31,5,5,,ok,
PORTFOLIO,3,2021-04-01,2023-03-31,2023-04-03,2024-03-29,-0.4701810690569226,-5.613902474341306,-0.45886987055998363,0.31746031746031744,87.51047398478582,174,True,"resid_mom5@q0.6,reversal_mom3<=q0.7,ma60,vol@q0.6,amt>=1.2,upper_shadow<=1.0,gap<=0.03,target_vol=0.18,top_n=3,xmarket_overlay=False",residual_momentum_reversal_v2,residual_momentum_reversal_v2,Residual Momentum Reversal V2,factor,portfolio,True,True,127,126,1.6614173228346456,1.6666666666666667,174,2023-04-07,"['SH.600958', 'SH.600703', 'SZ.000776']",point_in_time,2023-03-31,120,5089,local_history_sqlite_as_of,"legacy_momentum: score=-2.1414, selection_score=-2.1414, eligible=True, ann=-0.2308, sharpe=-1.8963, mdd=-0.2595; legacy_momentum_low_turnover_v1: score=-0.5461, selection_score=-0.5461, eligible=True, ann=-0.0536, sharpe=-0.4498, mdd=-0.1391; ma_kline_baseline_v1: score=-4.0328, selection_score=-4.0328, eligible=True, ann=-0.4350, sharpe=-3.6009, mdd=-0.4289; residual_momentum_reversal_v1: score=-2.7984, selection_score=-2.7984, eligible=True, ann=-0.2716, sharpe=-2.5253, mdd=-0.2746; residual_momentum_reversal_v2: score=-4.1183, selection_score=-4.1183, eligible=True, ann=-0.4176, sharpe=-3.7023, mdd=-0.4145; quality_growth_price_v1: score=-1.4040, selection_score=-1.4040, eligible=True, ann=-0.0944, sharpe=-1.2620, mdd=-0.1895; low_vol_low_turnover_quality_v1: score=-0.4907, selection_score=-0.4907, eligible=True, ann=-0.0466, sharpe=-0.4086, mdd=-0.1177; quality_low_turnover_monthly_v1: score=-0.3501, selection_score=-0.3501, eligible=True, ann=-0.0318, sharpe=-0.2709, mdd=-0.1265; multifactor_volume_price_filter_v1: score=-2.0773, selection_score=-2.0773, eligible=True, ann=-0.1918, sharpe=-1.8723, mdd=-0.2182; core_selection_quality_momentum_v1: score=-1.9029, selection_score=-1.9029, eligible=True, ann=-0.1859, sharpe=-1.6921, mdd=-0.2358; theme_exposure_momentum_v1: score=-2.2918, selection_score=-2.2918, eligible=True, ann=-0.1696, sharpe=-2.1038, mdd=-0.2064",quality_low_turnover_monthly_v1,False,True,eligible,,,,,,,,,,,,,,,,,,,,,,,baseline_2y_1y_5fold,2,1,2019-04-01,2026-03-31,5,5,,ok,
PORTFOLIO,4,2022-04-01,2024-03-29,2024-04-01,2025-03-31,-0.4389502959575272,-3.8467843969075486,-0.4246162022302651,0.4028776978417266,73.70508018539898,180,True,"resid_mom20@q0.6,reversal_mom3<=q0.7,ma20,vol@q0.75,amt>=1.2,upper_shadow<=1.0,gap<=0.03,target_vol=0.18,top_n=3,xmarket_overlay=False",residual_momentum_reversal_v2,residual_momentum_reversal_v2,Residual Momentum Reversal V2,factor,portfolio,True,True,140,139,1.9071428571428573,1.9064748201438848,180,2024-04-03,['SH.601600'],point_in_time,2024-03-29,120,5347,local_history_sqlite_as_of,"legacy_momentum: score=-2.1414, selection_score=-2.1414, eligible=True, ann=-0.2308, sharpe=-1.8963, mdd=-0.2595; legacy_momentum_low_turnover_v1: score=-0.5461, selection_score=-0.5461, eligible=True, ann=-0.0536, sharpe=-0.4498, mdd=-0.1391; ma_kline_baseline_v1: score=-4.0328, selection_score=-4.0328, eligible=True, ann=-0.4350, sharpe=-3.6009, mdd=-0.4289; residual_momentum_reversal_v1: score=-2.7984, selection_score=-2.7984, eligible=True, ann=-0.2716, sharpe=-2.5253, mdd=-0.2746; residual_momentum_reversal_v2: score=-4.1183, selection_score=-4.1183, eligible=True, ann=-0.4176, sharpe=-3.7023, mdd=-0.4145; quality_growth_price_v1: score=-1.4040, selection_score=-1.4040, eligible=True, ann=-0.0944, sharpe=-1.2620, mdd=-0.1895; low_vol_low_turnover_quality_v1: score=-0.4907, selection_score=-0.4907, eligible=True, ann=-0.0466, sharpe=-0.4086, mdd=-0.1177; quality_low_turnover_monthly_v1: score=-0.3501, selection_score=-0.3501, eligible=True, ann=-0.0318, sharpe=-0.2709, mdd=-0.1265; multifactor_volume_price_filter_v1: score=-2.0773, selection_score=-2.0773, eligible=True, ann=-0.1918, sharpe=-1.8723, mdd=-0.2182; core_selection_quality_momentum_v1: score=-1.9029, selection_score=-1.9029, eligible=True, ann=-0.1859, sharpe=-1.6921, mdd=-0.2358; theme_exposure_momentum_v1: score=-2.2918, selection_score=-2.2918, eligible=True, ann=-0.1696, sharpe=-2.1038, mdd=-0.2064",quality_low_turnover_monthly_v1,False,True,eligible,,,,,,,,,,,,,,,,,,,,,,,baseline_2y_1y_5fold,2,1,2019-04-01,2026-03-31,5,5,,ok,
PORTFOLIO,5,2023-04-03,2025-03-31,2025-04-01,2026-03-31,-0.40318584743637653,-3.084415982915755,-0.40429551857948853,0.27692307692307694,86.87645682998104,177,True,"resid_mom5@q0.6,reversal_mom3<=q0.7,ma20,vol@q0.6,amt>=1.2,upper_shadow<=1.5,gap<=0.03,target_vol=0.18,top_n=3,xmarket_overlay=False",residual_momentum_reversal_v2,residual_momentum_reversal_v2,Residual Momentum Reversal V2,factor,portfolio,True,True,130,130,2.0076923076923077,1.9923076923076923,178,2025-04-01,['SH.601988'],point_in_time,2025-03-31,120,5390,local_history_sqlite_as_of,"legacy_momentum: score=-2.1414, selection_score=-2.1414, eligible=True, ann=-0.2308, sharpe=-1.8963, mdd=-0.2595; legacy_momentum_low_turnover_v1: score=-0.5461, selection_score=-0.5461, eligible=True, ann=-0.0536, sharpe=-0.4498, mdd=-0.1391; ma_kline_baseline_v1: score=-4.0328, selection_score=-4.0328, eligible=True, ann=-0.4350, sharpe=-3.6009, mdd=-0.4289; residual_momentum_reversal_v1: score=-2.7984, selection_score=-2.7984, eligible=True, ann=-0.2716, sharpe=-2.5253, mdd=-0.2746; residual_momentum_reversal_v2: score=-4.1183, selection_score=-4.1183, eligible=True, ann=-0.4176, sharpe=-3.7023, mdd=-0.4145; quality_growth_price_v1: score=-1.4040, selection_score=-1.4040, eligible=True, ann=-0.0944, sharpe=-1.2620, mdd=-0.1895; low_vol_low_turnover_quality_v1: score=-0.4907, selection_score=-0.4907, eligible=True, ann=-0.0466, sharpe=-0.4086, mdd=-0.1177; quality_low_turnover_monthly_v1: score=-0.3501, selection_score=-0.3501, eligible=True, ann=-0.0318, sharpe=-0.2709, mdd=-0.1265; multifactor_volume_price_filter_v1: score=-2.0773, selection_score=-2.0773, eligible=True, ann=-0.1918, sharpe=-1.8723, mdd=-0.2182; core_selection_quality_momentum_v1: score=-1.9029, selection_score=-1.9029, eligible=True, ann=-0.1859, sharpe=-1.6921, mdd=-0.2358; theme_exposure_momentum_v1: score=-2.2918, selection_score=-2.2918, eligible=True, ann=-0.1696, sharpe=-2.1038, mdd=-0.2064",quality_low_turnover_monthly_v1,False,True,eligible,,,,,,,,,,,,,,,,,,,,,,,baseline_2y_1y_5fold,2,1,2019-04-01,2026-03-31,5,5,,ok,
PORTFOLIO,1,2019-04-01,2021-03-31,2021-04-01,2022-03-31,-0.23361371708266065,-2.602005791746093,-0.26361543715916225,0.43568464730290457,14.209057806983557,242,True,"quality_growth@q0.7,ma60,vol@q0.75,target_vol=0.18,top_n=10,xmarket_overlay=True",quality_growth_price_v1,quality_growth_price_v1,Quality Growth Price,factor,portfolio,True,True,242,241,8.190082644628099,8.215767634854771,242,2021-04-01,"['SZ.002714', 'SZ.300142', 'SZ.000661']",point_in_time,2021-03-31,120,4224,local_history_sqlite_as_of,"legacy_momentum: score=-2.1414, selection_score=-2.1414, eligible=True, ann=-0.2308, sharpe=-1.8963, mdd=-0.2595; legacy_momentum_low_turnover_v1: score=-0.5461, selection_score=-0.5461, eligible=True, ann=-0.0536, sharpe=-0.4498, mdd=-0.1391; ma_kline_baseline_v1: score=-4.0328, selection_score=-4.0328, eligible=True, ann=-0.4350, sharpe=-3.6009, mdd=-0.4289; residual_momentum_reversal_v1: score=-2.7984, selection_score=-2.7984, eligible=True, ann=-0.2716, sharpe=-2.5253, mdd=-0.2746; residual_momentum_reversal_v2: score=-4.1183, selection_score=-4.1183, eligible=True, ann=-0.4176, sharpe=-3.7023, mdd=-0.4145; quality_growth_price_v1: score=-1.4040, selection_score=-1.4040, eligible=True, ann=-0.0944, sharpe=-1.2620, mdd=-0.1895; low_vol_low_turnover_quality_v1: score=-0.4907, selection_score=-0.4907, eligible=True, ann=-0.0466, sharpe=-0.4086, mdd=-0.1177; quality_low_turnover_monthly_v1: score=-0.3501, selection_score=-0.3501, eligible=True, ann=-0.0318, sharpe=-0.2709, mdd=-0.1265; multifactor_volume_price_filter_v1: score=-2.0773, selection_score=-2.0773, eligible=True, ann=-0.1918, sharpe=-1.8723, mdd=-0.2182; core_selection_quality_momentum_v1: score=-1.9029, selection_score=-1.9029, eligible=True, ann=-0.1859, sharpe=-1.6921, mdd=-0.2358; theme_exposure_momentum_v1: score=-2.2918, selection_score=-2.2918, eligible=True, ann=-0.1696, sharpe=-2.1038, mdd=-0.2064",quality_low_turnover_monthly_v1,False,True,eligible,,,,,,,,,,,,,,,,,,,,,,,baseline_2y_1y_5fold,2,1,2019-04-01,2026-03-31,5,5,,ok,
PORTFOLIO,2,2020-04-01,2022-03-31,2022-04-01,2023-03-31,-0.2137860783240959,-2.547750359194197,-0.20700323080297356,0.42436974789915966,20.756330063737337,241,True,"quality_growth@q0.7,ma20,vol@q0.6,target_vol=0.18,top_n=10,xmarket_overlay=True",quality_growth_price_v1,quality_growth_price_v1,Quality Growth Price,factor,portfolio,True,True,239,238,7.167364016736402,7.15546218487395,241,2022-04-01,"['SZ.000725', 'SZ.002460', 'SH.600309', 'SZ.300124', 'SH.600519']",point_in_time,2022-03-31,120,4720,local_history_sqlite_as_of,"legacy_momentum: score=-2.1414, selection_score=-2.1414, eligible=True, ann=-0.2308, sharpe=-1.8963, mdd=-0.2595; legacy_momentum_low_turnover_v1: score=-0.5461, selection_score=-0.5461, eligible=True, ann=-0.0536, sharpe=-0.4498, mdd=-0.1391; ma_kline_baseline_v1: score=-4.0328, selection_score=-4.0328, eligible=True, ann=-0.4350, sharpe=-3.6009, mdd=-0.4289; residual_momentum_reversal_v1: score=-2.7984, selection_score=-2.7984, eligible=True, ann=-0.2716, sharpe=-2.5253, mdd=-0.2746; residual_momentum_reversal_v2: score=-4.1183, selection_score=-4.1183, eligible=True, ann=-0.4176, sharpe=-3.7023, mdd=-0.4145; quality_growth_price_v1: score=-1.4040, selection_score=-1.4040, eligible=True, ann=-0.0944, sharpe=-1.2620, mdd=-0.1895; low_vol_low_turnover_quality_v1: score=-0.4907, selection_score=-0.4907, eligible=True, ann=-0.0466, sharpe=-0.4086, mdd=-0.1177; quality_low_turnover_monthly_v1: score=-0.3501, selection_score=-0.3501, eligible=True, ann=-0.0318, sharpe=-0.2709, mdd=-0.1265; multifactor_volume_price_filter_v1: score=-2.0773, selection_score=-2.0773, eligible=True, ann=-0.1918, sharpe=-1.8723, mdd=-0.2182; core_selection_quality_momentum_v1: score=-1.9029, selection_score=-1.9029, eligible=True, ann=-0.1859, sharpe=-1.6921, mdd=-0.2358; theme_exposure_momentum_v1: score=-2.2918, selection_score=-2.2918, eligible=True, ann=-0.1696, sharpe=-2.1038, mdd=-0.2064",quality_low_turnover_monthly_v1,False,True,eligible,,,,,,,,,,,,,,,,,,,,,,,baseline_2y_1y_5fold,2,1,2019-04-01,2026-03-31,5,5,,ok,
PORTFOLIO,3,2021-04-01,2023-03-31,2023-04-03,2024-03-29,-0.19475009206376281,-2.080354006452919,-0.2249936714406756,0.4,30.467084062135832,240,True,"quality_growth@q0.7,ma60,vol@q0.75,target_vol=0.18,top_n=10,xmarket_overlay=True",quality_growth_price_v1,quality_growth_price_v1,Quality Growth Price,factor,portfolio,True,True,241,240,7.485477178423237,7.475,240,2023-04-03,"['SH.600089', 'SH.601225', 'SH.601919', 'SZ.000568', 'SH.600702']",point_in_time,2023-03-31,120,5089,local_history_sqlite_as_of,"legacy_momentum: score=-2.1414, selection_score=-2.1414, eligible=True, ann=-0.2308, sharpe=-1.8963, mdd=-0.2595; legacy_momentum_low_turnover_v1: score=-0.5461, selection_score=-0.5461, eligible=True, ann=-0.0536, sharpe=-0.4498, mdd=-0.1391; ma_kline_baseline_v1: score=-4.0328, selection_score=-4.0328, eligible=True, ann=-0.4350, sharpe=-3.6009, mdd=-0.4289; residual_momentum_reversal_v1: score=-2.7984, selection_score=-2.7984, eligible=True, ann=-0.2716, sharpe=-2.5253, mdd=-0.2746; residual_momentum_reversal_v2: score=-4.1183, selection_score=-4.1183, eligible=True, ann=-0.4176, sharpe=-3.7023, mdd=-0.4145; quality_growth_price_v1: score=-1.4040, selection_score=-1.4040, eligible=True, ann=-0.0944, sharpe=-1.2620, mdd=-0.1895; low_vol_low_turnover_quality_v1: score=-0.4907, selection_score=-0.4907, eligible=True, ann=-0.0466, sharpe=-0.4086, mdd=-0.1177; quality_low_turnover_monthly_v1: score=-0.3501, selection_score=-0.3501, eligible=True, ann=-0.0318, sharpe=-0.2709, mdd=-0.1265; multifactor_volume_price_filter_v1: score=-2.0773, selection_score=-2.0773, eligible=True, ann=-0.1918, sharpe=-1.8723, mdd=-0.2182; core_selection_quality_momentum_v1: score=-1.9029, selection_score=-1.9029, eligible=True, ann=-0.1859, sharpe=-1.6921, mdd=-0.2358; theme_exposure_momentum_v1: score=-2.2918, selection_score=-2.2918, eligible=True, ann=-0.1696, sharpe=-2.1038, mdd=-0.2064",quality_low_turnover_monthly_v1,False,True,eligible,,,,,,,,,,,,,,,,,,,,,,,baseline_2y_1y_5fold,2,1,2019-04-01,2026-03-31,5,5,,ok,
PORTFOLIO,4,2022-04-01,2024-03-29,2024-04-01,2025-03-31,-0.16992037796082782,-1.358680447545177,-0.17783591228611828,0.41150442477876104,28.530573771845308,228,True,"quality_growth@q0.7,ma60,vol@q0.6,target_vol=0.18,top_n=5,xmarket_overlay=True",quality_growth_price_v1,quality_growth_price_v1,Quality Growth Price,factor,portfolio,True,True,227,226,4.616740088105727,4.615044247787611,228,2024-04-01,"['SZ.300896', 'SZ.002027', 'SH.601888', 'SH.600519', 'SH.600809']",point_in_time,2024-03-29,120,5347,local_history_sqlite_as_of,"legacy_momentum: score=-2.1414, selection_score=-2.1414, eligible=True, ann=-0.2308, sharpe=-1.8963, mdd=-0.2595; legacy_momentum_low_turnover_v1: score=-0.5461, selection_score=-0.5461, eligible=True, ann=-0.0536, sharpe=-0.4498, mdd=-0.1391; ma_kline_baseline_v1: score=-4.0328, selection_score=-4.0328, eligible=True, ann=-0.4350, sharpe=-3.6009, mdd=-0.4289; residual_momentum_reversal_v1: score=-2.7984, selection_score=-2.7984, eligible=True, ann=-0.2716, sharpe=-2.5253, mdd=-0.2746; residual_momentum_reversal_v2: score=-4.1183, selection_score=-4.1183, eligible=True, ann=-0.4176, sharpe=-3.7023, mdd=-0.4145; quality_growth_price_v1: score=-1.4040, selection_score=-1.4040, eligible=True, ann=-0.0944, sharpe=-1.2620, mdd=-0.1895; low_vol_low_turnover_quality_v1: score=-0.4907, selection_score=-0.4907, eligible=True, ann=-0.0466, sharpe=-0.4086, mdd=-0.1177; quality_low_turnover_monthly_v1: score=-0.3501, selection_score=-0.3501, eligible=True, ann=-0.0318, sharpe=-0.2709, mdd=-0.1265; multifactor_volume_price_filter_v1: score=-2.0773, selection_score=-2.0773, eligible=True, ann=-0.1918, sharpe=-1.8723, mdd=-0.2182; core_selection_quality_momentum_v1: score=-1.9029, selection_score=-1.9029, eligible=True, ann=-0.1859, sharpe=-1.6921, mdd=-0.2358; theme_exposure_momentum_v1: score=-2.2918, selection_score=-2.2918, eligible=True, ann=-0.1696, sharpe=-2.1038, mdd=-0.2064",quality_low_turnover_monthly_v1,False,True,eligible,,,,,,,,,,,,,,,,,,,,,,,baseline_2y_1y_5fold,2,1,2019-04-01,2026-03-31,5,5,,ok,
PORTFOLIO,5,2023-04-03,2025-03-31,2025-04-01,2026-03-31,0.3399994992750086,2.278771769392104,-0.07397168093621165,0.5560165975103735,19.75009179629406,241,True,"quality_growth@q0.7,ma60,vol@q0.75,target_vol=0.18,top_n=5,xmarket_overlay=True",quality_growth_price_v1,quality_growth_price_v1,Quality Growth Price,factor,portfolio,True,True,242,241,4.818181818181818,4.825726141078838,241,2025-04-01,"['SH.603893', 'SZ.002714', 'SH.601336', 'SH.601919', 'SZ.002594']",point_in_time,2025-03-31,120,5390,local_history_sqlite_as_of,"legacy_momentum: score=-2.1414, selection_score=-2.1414, eligible=True, ann=-0.2308, sharpe=-1.8963, mdd=-0.2595; legacy_momentum_low_turnover_v1: score=-0.5461, selection_score=-0.5461, eligible=True, ann=-0.0536, sharpe=-0.4498, mdd=-0.1391; ma_kline_baseline_v1: score=-4.0328, selection_score=-4.0328, eligible=True, ann=-0.4350, sharpe=-3.6009, mdd=-0.4289; residual_momentum_reversal_v1: score=-2.7984, selection_score=-2.7984, eligible=True, ann=-0.2716, sharpe=-2.5253, mdd=-0.2746; residual_momentum_reversal_v2: score=-4.1183, selection_score=-4.1183, eligible=True, ann=-0.4176, sharpe=-3.7023, mdd=-0.4145; quality_growth_price_v1: score=-1.4040, selection_score=-1.4040, eligible=True, ann=-0.0944, sharpe=-1.2620, mdd=-0.1895; low_vol_low_turnover_quality_v1: score=-0.4907, selection_score=-0.4907, eligible=True, ann=-0.0466, sharpe=-0.4086, mdd=-0.1177; quality_low_turnover_monthly_v1: score=-0.3501, selection_score=-0.3501, eligible=True, ann=-0.0318, sharpe=-0.2709, mdd=-0.1265; multifactor_volume_price_filter_v1: score=-2.0773, selection_score=-2.0773, eligible=True, ann=-0.1918, sharpe=-1.8723, mdd=-0.2182; core_selection_quality_momentum_v1: score=-1.9029, selection_score=-1.9029, eligible=True, ann=-0.1859, sharpe=-1.6921, mdd=-0.2358; theme_exposure_momentum_v1: score=-2.2918, selection_score=-2.2918, eligible=True, ann=-0.1696, sharpe=-2.1038, mdd=-0.2064",quality_low_turnover_monthly_v1,False,True,eligible,,,,,,,,,,,,,,,,,,,,,,,baseline_2y_1y_5fold,2,1,2019-04-01,2026-03-31,5,5,,ok,
PORTFOLIO,1,2019-04-01,2021-03-31,2021-04-01,2022-03-31,-0.08339831883307669,-0.7581508615447564,-0.14653593414798194,0.512396694214876,1.279320195633453,7,True,"low_vol_low_turnover_quality@q0.7,vol_window=20,vol_q=0.5,turnover_q=0.5,mom60,buy_top=10,hold_top=20,rebalance=40d,min_hold=20d,max_w=0.1,target_vol=0.18,turnover_penalty=0.02",low_vol_low_turnover_quality_v1,low_vol_low_turnover_quality_v1,Low Vol Low Turnover Quality,factor,portfolio,False,False,243,242,6.695473251028806,6.68595041322314,7,2021-04-01,"['SH.600585', 'SH.600519', 'SZ.300142', 'SZ.300433', 'SZ.002241']",point_in_time,2021-03-31,120,4224,local_history_sqlite_as_of,"legacy_momentum: score=-2.1414, selection_score=-2.1414, eligible=True, ann=-0.2308, sharpe=-1.8963, mdd=-0.2595; legacy_momentum_low_turnover_v1: score=-0.5461, selection_score=-0.5461, eligible=True, ann=-0.0536, sharpe=-0.4498, mdd=-0.1391; ma_kline_baseline_v1: score=-4.0328, selection_score=-4.0328, eligible=True, ann=-0.4350, sharpe=-3.6009, mdd=-0.4289; residual_momentum_reversal_v1: score=-2.7984, selection_score=-2.7984, eligible=True, ann=-0.2716, sharpe=-2.5253, mdd=-0.2746; residual_momentum_reversal_v2: score=-4.1183, selection_score=-4.1183, eligible=True, ann=-0.4176, sharpe=-3.7023, mdd=-0.4145; quality_growth_price_v1: score=-1.4040, selection_score=-1.4040, eligible=True, ann=-0.0944, sharpe=-1.2620, mdd=-0.1895; low_vol_low_turnover_quality_v1: score=-0.4907, selection_score=-0.4907, eligible=True, ann=-0.0466, sharpe=-0.4086, mdd=-0.1177; quality_low_turnover_monthly_v1: score=-0.3501, selection_score=-0.3501, eligible=True, ann=-0.0318, sharpe=-0.2709, mdd=-0.1265; multifactor_volume_price_filter_v1: score=-2.0773, selection_score=-2.0773, eligible=True, ann=-0.1918, sharpe=-1.8723, mdd=-0.2182; core_selection_quality_momentum_v1: score=-1.9029, selection_score=-1.9029, eligible=True, ann=-0.1859, sharpe=-1.6921, mdd=-0.2358; theme_exposure_momentum_v1: score=-2.2918, selection_score=-2.2918, eligible=True, ann=-0.1696, sharpe=-2.1038, mdd=-0.2064",quality_low_turnover_monthly_v1,False,True,eligible,,,,,,,,,,,,,,,,,,,,,,,baseline_2y_1y_5fold,2,1,2019-04-01,2026-03-31,5,5,,ok,
PORTFOLIO,2,2020-04-01,2022-03-31,2022-04-01,2023-03-31,-0.1211189255287356,-1.0605049623590157,-0.1659531678015297,0.4158415841584158,1.8426657204524306,7,True,"low_vol_low_turnover_quality@q0.7,vol_window=20,vol_q=0.5,turnover_q=0.5,mom60,buy_top=10,hold_top=20,rebalance=40d,min_hold=20d,max_w=0.1,target_vol=0.18,turnover_penalty=0.02",low_vol_low_turnover_quality_v1,low_vol_low_turnover_quality_v1,Low Vol Low Turnover Quality,factor,portfolio,False,False,203,202,8.817733990147783,8.811881188118813,7,2022-04-01,"['SH.600111', 'SZ.002049', 'SZ.002129', 'SZ.000725', 'SH.600460']",point_in_time,2022-03-31,120,4720,local_history_sqlite_as_of,"legacy_momentum: score=-2.1414, selection_score=-2.1414, eligible=True, ann=-0.2308, sharpe=-1.8963, mdd=-0.2595; legacy_momentum_low_turnover_v1: score=-0.5461, selection_score=-0.5461, eligible=True, ann=-0.0536, sharpe=-0.4498, mdd=-0.1391; ma_kline_baseline_v1: score=-4.0328, selection_score=-4.0328, eligible=True, ann=-0.4350, sharpe=-3.6009, mdd=-0.4289; residual_momentum_reversal_v1: score=-2.7984, selection_score=-2.7984, eligible=True, ann=-0.2716, sharpe=-2.5253, mdd=-0.2746; residual_momentum_reversal_v2: score=-4.1183, selection_score=-4.1183, eligible=True, ann=-0.4176, sharpe=-3.7023, mdd=-0.4145; quality_growth_price_v1: score=-1.4040, selection_score=-1.4040, eligible=True, ann=-0.0944, sharpe=-1.2620, mdd=-0.1895; low_vol_low_turnover_quality_v1: score=-0.4907, selection_score=-0.4907, eligible=True, ann=-0.0466, sharpe=-0.4086, mdd=-0.1177; quality_low_turnover_monthly_v1: score=-0.3501, selection_score=-0.3501, eligible=True, ann=-0.0318, sharpe=-0.2709, mdd=-0.1265; multifactor_volume_price_filter_v1: score=-2.0773, selection_score=-2.0773, eligible=True, ann=-0.1918, sharpe=-1.8723, mdd=-0.2182; core_selection_quality_momentum_v1: score=-1.9029, selection_score=-1.9029, eligible=True, ann=-0.1859, sharpe=-1.6921, mdd=-0.2358; theme_exposure_momentum_v1: score=-2.2918, selection_score=-2.2918, eligible=True, ann=-0.1696, sharpe=-2.1038, mdd=-0.2064",quality_low_turnover_monthly_v1,False,True,eligible,,,,,,,,,,,,,,,,,,,,,,,baseline_2y_1y_5fold,2,1,2019-04-01,2026-03-31,5,5,,ok,
PORTFOLIO,3,2021-04-01,2023-03-31,2023-04-03,2024-03-29,-0.08558091368900622,-0.9767291186571168,-0.1155466704323096,0.4625,1.29867227181616,6,True,"low_vol_low_turnover_quality@q0.6,vol_window=60,vol_q=0.5,turnover_q=0.5,mom20,buy_top=20,hold_top=40,rebalance=40d,min_hold=20d,max_w=0.1,target_vol=0.18,turnover_penalty=0.02",low_vol_low_turnover_quality_v1,low_vol_low_turnover_quality_v1,Low Vol Low Turnover Quality,factor,portfolio,False,False,241,240,11.037344398340249,11.0,6,2023-04-03,"['SH.600089', 'SH.601088', 'SH.600702']",point_in_time,2023-03-31,120,5089,local_history_sqlite_as_of,"legacy_momentum: score=-2.1414, selection_score=-2.1414, eligible=True, ann=-0.2308, sharpe=-1.8963, mdd=-0.2595; legacy_momentum_low_turnover_v1: score=-0.5461, selection_score=-0.5461, eligible=True, ann=-0.0536, sharpe=-0.4498, mdd=-0.1391; ma_kline_baseline_v1: score=-4.0328, selection_score=-4.0328, eligible=True, ann=-0.4350, sharpe=-3.6009, mdd=-0.4289; residual_momentum_reversal_v1: score=-2.7984, selection_score=-2.7984, eligible=True, ann=-0.2716, sharpe=-2.5253, mdd=-0.2746; residual_momentum_reversal_v2: score=-4.1183, selection_score=-4.1183, eligible=True, ann=-0.4176, sharpe=-3.7023, mdd=-0.4145; quality_growth_price_v1: score=-1.4040, selection_score=-1.4040, eligible=True, ann=-0.0944, sharpe=-1.2620, mdd=-0.1895; low_vol_low_turnover_quality_v1: score=-0.4907, selection_score=-0.4907, eligible=True, ann=-0.0466, sharpe=-0.4086, mdd=-0.1177; quality_low_turnover_monthly_v1: score=-0.3501, selection_score=-0.3501, eligible=True, ann=-0.0318, sharpe=-0.2709, mdd=-0.1265; multifactor_volume_price_filter_v1: score=-2.0773, selection_score=-2.0773, eligible=True, ann=-0.1918, sharpe=-1.8723, mdd=-0.2182; core_selection_quality_momentum_v1: score=-1.9029, selection_score=-1.9029, eligible=True, ann=-0.1859, sharpe=-1.6921, mdd=-0.2358; theme_exposure_momentum_v1: score=-2.2918, selection_score=-2.2918, eligible=True, ann=-0.1696, sharpe=-2.1038, mdd=-0.2064",quality_low_turnover_monthly_v1,False,True,eligible,,,,,,,,,,,,,,,,,,,,,,,baseline_2y_1y_5fold,2,1,2019-04-01,2026-03-31,5,5,,ok,
PORTFOLIO,4,2022-04-01,2024-03-29,2024-04-01,2025-03-31,0.03653593456903592,0.43600754667685976,-0.09940225679862791,0.48,2.4540482747575667,12,True,"low_vol_low_turnover_quality@q0.7,vol_window=60,vol_q=0.5,turnover_q=0.5,mom20,buy_top=20,hold_top=40,rebalance=20d,min_hold=20d,max_w=0.1,target_vol=0.18,turnover_penalty=0.02",low_vol_low_turnover_quality_v1,low_vol_low_turnover_quality_v1,Low Vol Low Turnover Quality,factor,portfolio,False,False,201,200,6.4278606965174125,6.4,12,2024-04-01,"['SH.600919', 'SZ.300760', 'SZ.300015']",point_in_time,2024-03-29,120,5347,local_history_sqlite_as_of,"legacy_momentum: score=-2.1414, selection_score=-2.1414, eligible=True, ann=-0.2308, sharpe=-1.8963, mdd=-0.2595; legacy_momentum_low_turnover_v1: score=-0.5461, selection_score=-0.5461, eligible=True, ann=-0.0536, sharpe=-0.4498, mdd=-0.1391; ma_kline_baseline_v1: score=-4.0328, selection_score=-4.0328, eligible=True, ann=-0.4350, sharpe=-3.6009, mdd=-0.4289; residual_momentum_reversal_v1: score=-2.7984, selection_score=-2.7984, eligible=True, ann=-0.2716, sharpe=-2.5253, mdd=-0.2746; residual_momentum_reversal_v2: score=-4.1183, selection_score=-4.1183, eligible=True, ann=-0.4176, sharpe=-3.7023, mdd=-0.4145; quality_growth_price_v1: score=-1.4040, selection_score=-1.4040, eligible=True, ann=-0.0944, sharpe=-1.2620, mdd=-0.1895; low_vol_low_turnover_quality_v1: score=-0.4907, selection_score=-0.4907, eligible=True, ann=-0.0466, sharpe=-0.4086, mdd=-0.1177; quality_low_turnover_monthly_v1: score=-0.3501, selection_score=-0.3501, eligible=True, ann=-0.0318, sharpe=-0.2709, mdd=-0.1265; multifactor_volume_price_filter_v1: score=-2.0773, selection_score=-2.0773, eligible=True, ann=-0.1918, sharpe=-1.8723, mdd=-0.2182; core_selection_quality_momentum_v1: score=-1.9029, selection_score=-1.9029, eligible=True, ann=-0.1859, sharpe=-1.6921, mdd=-0.2358; theme_exposure_momentum_v1: score=-2.2918, selection_score=-2.2918, eligible=True, ann=-0.1696, sharpe=-2.1038, mdd=-0.2064",quality_low_turnover_monthly_v1,False,True,eligible,,,,,,,,,,,,,,,,,,,,,,,baseline_2y_1y_5fold,2,1,2019-04-01,2026-03-31,5,5,,ok,
PORTFOLIO,5,2023-04-03,2025-03-31,2025-04-01,2026-03-31,0.020746555082201246,0.31641287505855864,-0.06099757027786423,0.5062240663900415,3.3674932150969017,13,True,"low_vol_low_turnover_quality@q0.7,vol_window=60,vol_q=0.5,turnover_q=0.5,mom60,buy_top=10,hold_top=20,rebalance=20d,min_hold=20d,max_w=0.1,target_vol=0.18,turnover_penalty=0.02",low_vol_low_turnover_quality_v1,low_vol_low_turnover_quality_v1,Low Vol Low Turnover Quality,factor,portfolio,False,False,242,241,5.925619834710743,5.921161825726141,13,2025-04-01,"['SH.600809', 'SH.600519', 'SH.603993', 'SZ.000568', 'SZ.002714']",point_in_time,2025-03-31,120,5390,local_history_sqlite_as_of,"legacy_momentum: score=-2.1414, selection_score=-2.1414, eligible=True, ann=-0.2308, sharpe=-1.8963, mdd=-0.2595; legacy_momentum_low_turnover_v1: score=-0.5461, selection_score=-0.5461, eligible=True, ann=-0.0536, sharpe=-0.4498, mdd=-0.1391; ma_kline_baseline_v1: score=-4.0328, selection_score=-4.0328, eligible=True, ann=-0.4350, sharpe=-3.6009, mdd=-0.4289; residual_momentum_reversal_v1: score=-2.7984, selection_score=-2.7984, eligible=True, ann=-0.2716, sharpe=-2.5253, mdd=-0.2746; residual_momentum_reversal_v2: score=-4.1183, selection_score=-4.1183, eligible=True, ann=-0.4176, sharpe=-3.7023, mdd=-0.4145; quality_growth_price_v1: score=-1.4040, selection_score=-1.4040, eligible=True, ann=-0.0944, sharpe=-1.2620, mdd=-0.1895; low_vol_low_turnover_quality_v1: score=-0.4907, selection_score=-0.4907, eligible=True, ann=-0.0466, sharpe=-0.4086, mdd=-0.1177; quality_low_turnover_monthly_v1: score=-0.3501, selection_score=-0.3501, eligible=True, ann=-0.0318, sharpe=-0.2709, mdd=-0.1265; multifactor_volume_price_filter_v1: score=-2.0773, selection_score=-2.0773, eligible=True, ann=-0.1918, sharpe=-1.8723, mdd=-0.2182; core_selection_quality_momentum_v1: score=-1.9029, selection_score=-1.9029, eligible=True, ann=-0.1859, sharpe=-1.6921, mdd=-0.2358; theme_exposure_momentum_v1: score=-2.2918, selection_score=-2.2918, eligible=True, ann=-0.1696, sharpe=-2.1038, mdd=-0.2064",quality_low_turnover_monthly_v1,False,True,eligible,,,,,,,,,,,,,,,,,,,,,,,baseline_2y_1y_5fold,2,1,2019-04-01,2026-03-31,5,5,,ok,
PORTFOLIO,1,2019-04-01,2021-03-31,2021-04-01,2022-03-31,-0.0705609212477476,-0.6082443686362453,-0.1621121784049686,0.512396694214876,1.3165181366297691,13,True,"quality_low_turnover_monthly@q0.6,vol_window=20,vol_q=0.6,turnover_q=0.5,top_n=10,hold_top=20,rebalance=20d,min_hold=20d,max_w=0.1,target_vol=0.18,turnover_penalty=0.02",quality_low_turnover_monthly_v1,quality_low_turnover_monthly_v1,Quality Low Turnover Monthly,factor,portfolio,False,False,243,242,9.670781893004115,9.669421487603305,13,2021-04-01,"['SH.600143', 'SZ.002241', 'SZ.300142', 'SZ.002007', 'SH.603288']",point_in_time,2021-03-31,120,4224,local_history_sqlite_as_of,"legacy_momentum: score=-2.1414, selection_score=-2.1414, eligible=True, ann=-0.2308, sharpe=-1.8963, mdd=-0.2595; legacy_momentum_low_turnover_v1: score=-0.5461, selection_score=-0.5461, eligible=True, ann=-0.0536, sharpe=-0.4498, mdd=-0.1391; ma_kline_baseline_v1: score=-4.0328, selection_score=-4.0328, eligible=True, ann=-0.4350, sharpe=-3.6009, mdd=-0.4289; residual_momentum_reversal_v1: score=-2.7984, selection_score=-2.7984, eligible=True, ann=-0.2716, sharpe=-2.5253, mdd=-0.2746; residual_momentum_reversal_v2: score=-4.1183, selection_score=-4.1183, eligible=True, ann=-0.4176, sharpe=-3.7023, mdd=-0.4145; quality_growth_price_v1: score=-1.4040, selection_score=-1.4040, eligible=True, ann=-0.0944, sharpe=-1.2620, mdd=-0.1895; low_vol_low_turnover_quality_v1: score=-0.4907, selection_score=-0.4907, eligible=True, ann=-0.0466, sharpe=-0.4086, mdd=-0.1177; quality_low_turnover_monthly_v1: score=-0.3501, selection_score=-0.3501, eligible=True, ann=-0.0318, sharpe=-0.2709, mdd=-0.1265; multifactor_volume_price_filter_v1: score=-2.0773, selection_score=-2.0773, eligible=True, ann=-0.1918, sharpe=-1.8723, mdd=-0.2182; core_selection_quality_momentum_v1: score=-1.9029, selection_score=-1.9029, eligible=True, ann=-0.1859, sharpe=-1.6921, mdd=-0.2358; theme_exposure_momentum_v1: score=-2.2918, selection_score=-2.2918, eligible=True, ann=-0.1696, sharpe=-2.1038, mdd=-0.2064",quality_low_turnover_monthly_v1,True,True,eligible,29123.0,2350.0,1.0,1.0,1.0,1.0,0.0,0.5041719603062871,0.6850452246856189,0.18087326437933182,1.0,1.0,1.0,1.0,1.0,0.7336333388386008,0.6220066997588793,0.724529480959351,0.6926164101414095,0.6117035024612081,True,eligible,baseline_2y_1y_5fold,2,1,2019-04-01,2026-03-31,5,5,,ok,
PORTFOLIO,2,2020-04-01,2022-03-31,2022-04-01,2023-03-31,-0.11730951627590125,-0.9624976447675337,-0.155027127961621,0.4256198347107438,1.6088810872509753,7,True,"quality_low_turnover_monthly@q0.7,vol_window=20,vol_q=0.6,turnover_q=0.5,top_n=10,hold_top=20,rebalance=40d,min_hold=20d,max_w=0.1,target_vol=0.18,turnover_penalty=0.02",quality_low_turnover_monthly_v1,quality_low_turnover_monthly_v1,Quality Low Turnover Monthly,factor,portfolio,False,False,243,242,8.189300411522634,8.181818181818182,7,2022-04-01,"['SZ.000725', 'SH.603260', 'SZ.002460', 'SH.600460', 'SH.600111']",point_in_time,2022-03-31,120,4720,local_history_sqlite_as_of,"legacy_momentum: score=-2.1414, selection_score=-2.1414, eligible=True, ann=-0.2308, sharpe=-1.8963, mdd=-0.2595; legacy_momentum_low_turnover_v1: score=-0.5461, selection_score=-0.5461, eligible=True, ann=-0.0536, sharpe=-0.4498, mdd=-0.1391; ma_kline_baseline_v1: score=-4.0328, selection_score=-4.0328, eligible=True, ann=-0.4350, sharpe=-3.6009, mdd=-0.4289; residual_momentum_reversal_v1: score=-2.7984, selection_score=-2.7984, eligible=True, ann=-0.2716, sharpe=-2.5253, mdd=-0.2746; residual_momentum_reversal_v2: score=-4.1183, selection_score=-4.1183, eligible=True, ann=-0.4176, sharpe=-3.7023, mdd=-0.4145; quality_growth_price_v1: score=-1.4040, selection_score=-1.4040, eligible=True, ann=-0.0944, sharpe=-1.2620, mdd=-0.1895; low_vol_low_turnover_quality_v1: score=-0.4907, selection_score=-0.4907, eligible=True, ann=-0.0466, sharpe=-0.4086, mdd=-0.1177; quality_low_turnover_monthly_v1: score=-0.3501, selection_score=-0.3501, eligible=True, ann=-0.0318, sharpe=-0.2709, mdd=-0.1265; multifactor_volume_price_filter_v1: score=-2.0773, selection_score=-2.0773, eligible=True, ann=-0.1918, sharpe=-1.8723, mdd=-0.2182; core_selection_quality_momentum_v1: score=-1.9029, selection_score=-1.9029, eligible=True, ann=-0.1859, sharpe=-1.6921, mdd=-0.2358; theme_exposure_momentum_v1: score=-2.2918, selection_score=-2.2918, eligible=True, ann=-0.1696, sharpe=-2.1038, mdd=-0.2064",quality_low_turnover_monthly_v1,True,True,eligible,29142.0,1990.0,1.0,1.0,1.0,1.0,0.0,0.5041692402717727,0.7491986955948379,0.2450294553230652,1.0,1.0,1.0,1.0,1.0,0.8303502077519536,0.5193492583985302,0.8288126771873897,0.8352403882513741,0.7011679194290781,True,eligible,baseline_2y_1y_5fold,2,1,2019-04-01,2026-03-31,5,5,,ok,
PORTFOLIO,3,2021-04-01,2023-03-31,2023-04-03,2024-03-29,-0.10188810822861383,-1.162783937152871,-0.13063688636734616,0.44583333333333336,1.1571539641155006,6,True,"quality_low_turnover_monthly@q0.6,vol_window=60,vol_q=0.5,turnover_q=0.5,top_n=20,hold_top=40,rebalance=40d,min_hold=20d,max_w=0.1,target_vol=0.18,turnover_penalty=0.02",quality_low_turnover_monthly_v1,quality_low_turnover_monthly_v1,Quality Low Turnover Monthly,factor,portfolio,False,False,241,240,11.037344398340249,11.0,6,2023-04-03,"['SH.600089', 'SH.600702', 'SH.601088']",point_in_time,2023-03-31,120,5089,local_history_sqlite_as_of,"legacy_momentum: score=-2.1414, selection_score=-2.1414, eligible=True, ann=-0.2308, sharpe=-1.8963, mdd=-0.2595; legacy_momentum_low_turnover_v1: score=-0.5461, selection_score=-0.5461, eligible=True, ann=-0.0536, sharpe=-0.4498, mdd=-0.1391; ma_kline_baseline_v1: score=-4.0328, selection_score=-4.0328, eligible=True, ann=-0.4350, sharpe=-3.6009, mdd=-0.4289; residual_momentum_reversal_v1: score=-2.7984, selection_score=-2.7984, eligible=True, ann=-0.2716, sharpe=-2.5253, mdd=-0.2746; residual_momentum_reversal_v2: score=-4.1183, selection_score=-4.1183, eligible=True, ann=-0.4176, sharpe=-3.7023, mdd=-0.4145; quality_growth_price_v1: score=-1.4040, selection_score=-1.4040, eligible=True, ann=-0.0944, sharpe=-1.2620, mdd=-0.1895; low_vol_low_turnover_quality_v1: score=-0.4907, selection_score=-0.4907, eligible=True, ann=-0.0466, sharpe=-0.4086, mdd=-0.1177; quality_low_turnover_monthly_v1: score=-0.3501, selection_score=-0.3501, eligible=True, ann=-0.0318, sharpe=-0.2709, mdd=-0.1265; multifactor_volume_price_filter_v1: score=-2.0773, selection_score=-2.0773, eligible=True, ann=-0.1918, sharpe=-1.8723, mdd=-0.2182; core_selection_quality_momentum_v1: score=-1.9029, selection_score=-1.9029, eligible=True, ann=-0.1859, sharpe=-1.6921, mdd=-0.2358; theme_exposure_momentum_v1: score=-2.2918, selection_score=-2.2918, eligible=True, ann=-0.1696, sharpe=-2.1038, mdd=-0.2064",quality_low_turnover_monthly_v1,True,True,eligible,28915.0,2660.0,1.0,1.0,1.0,1.0,0.0,0.5041673871692893,0.6830103080705966,0.17884292090130727,1.0,1.0,1.0,1.0,1.0,0.7616382474042247,0.5057292259008866,0.698624397127272,0.7712641635601609,0.6530565647311556,True,eligible,baseline_2y_1y_5fold,2,1,2019-04-01,2026-03-31,5,5,,ok,
PORTFOLIO,4,2022-04-01,2024-03-29,2024-04-01,2025-03-31,0.05533592347640526,0.595496253670093,-0.09939974804515672,0.4818181818181818,2.4411323943188763,12,True,"quality_low_turnover_monthly@q0.6,vol_window=60,vol_q=0.6,turnover_q=0.5,top_n=20,hold_top=40,rebalance=20d,min_hold=20d,max_w=0.1,target_vol=0.18,turnover_penalty=0.02",quality_low_turnover_monthly_v1,quality_low_turnover_monthly_v1,Quality Low Turnover Monthly,factor,portfolio,False,False,221,220,12.298642533936652,12.272727272727273,12,2024-04-01,"['SZ.300015', 'SZ.300760', 'SH.600919', 'SZ.002371']",point_in_time,2024-03-29,120,5347,local_history_sqlite_as_of,"legacy_momentum: score=-2.1414, selection_score=-2.1414, eligible=True, ann=-0.2308, sharpe=-1.8963, mdd=-0.2595; legacy_momentum_low_turnover_v1: score=-0.5461, selection_score=-0.5461, eligible=True, ann=-0.0536, sharpe=-0.4498, mdd=-0.1391; ma_kline_baseline_v1: score=-4.0328, selection_score=-4.0328, eligible=True, ann=-0.4350, sharpe=-3.6009, mdd=-0.4289; residual_momentum_reversal_v1: score=-2.7984, selection_score=-2.7984, eligible=True, ann=-0.2716, sharpe=-2.5253, mdd=-0.2746; residual_momentum_reversal_v2: score=-4.1183, selection_score=-4.1183, eligible=True, ann=-0.4176, sharpe=-3.7023, mdd=-0.4145; quality_growth_price_v1: score=-1.4040, selection_score=-1.4040, eligible=True, ann=-0.0944, sharpe=-1.2620, mdd=-0.1895; low_vol_low_turnover_quality_v1: score=-0.4907, selection_score=-0.4907, eligible=True, ann=-0.0466, sharpe=-0.4086, mdd=-0.1177; quality_low_turnover_monthly_v1: score=-0.3501, selection_score=-0.3501, eligible=True, ann=-0.0318, sharpe=-0.2709, mdd=-0.1265; multifactor_volume_price_filter_v1: score=-2.0773, selection_score=-2.0773, eligible=True, ann=-0.1918, sharpe=-1.8723, mdd=-0.2182; core_selection_quality_momentum_v1: score=-1.9029, selection_score=-1.9029, eligible=True, ann=-0.1859, sharpe=-1.6921, mdd=-0.2358; theme_exposure_momentum_v1: score=-2.2918, selection_score=-2.2918, eligible=True, ann=-0.1696, sharpe=-2.1038, mdd=-0.2064",quality_low_turnover_monthly_v1,True,True,eligible,28910.0,2718.0,1.0,1.0,1.0,1.0,0.0,0.5041681079211345,0.6517457109775477,0.1475776030564132,1.0,1.0,1.0,1.0,1.0,0.7084581882789908,0.6034133502554812,0.6830015247452919,0.6116685268662285,0.601166669758411,True,eligible,baseline_2y_1y_5fold,2,1,2019-04-01,2026-03-31,5,5,,ok,
PORTFOLIO,5,2023-04-03,2025-03-31,2025-04-01,2026-03-31,0.0751881271541972,0.7834506267167776,-0.0852591455838172,0.5394190871369294,2.389007075538458,13,True,"quality_low_turnover_monthly@q0.6,vol_window=60,vol_q=0.6,turnover_q=0.5,top_n=20,hold_top=40,rebalance=20d,min_hold=20d,max_w=0.1,target_vol=0.18,turnover_penalty=0.02",quality_low_turnover_monthly_v1,quality_low_turnover_monthly_v1,Quality Low Turnover Monthly,factor,portfolio,False,False,242,241,11.380165289256198,11.356846473029046,13,2025-04-01,"['SH.601127', 'SZ.002714', 'SH.601336', 'SH.601919', 'SH.603993']",point_in_time,2025-03-31,120,5390,local_history_sqlite_as_of,"legacy_momentum: score=-2.1414, selection_score=-2.1414, eligible=True, ann=-0.2308, sharpe=-1.8963, mdd=-0.2595; legacy_momentum_low_turnover_v1: score=-0.5461, selection_score=-0.5461, eligible=True, ann=-0.0536, sharpe=-0.4498, mdd=-0.1391; ma_kline_baseline_v1: score=-4.0328, selection_score=-4.0328, eligible=True, ann=-0.4350, sharpe=-3.6009, mdd=-0.4289; residual_momentum_reversal_v1: score=-2.7984, selection_score=-2.7984, eligible=True, ann=-0.2716, sharpe=-2.5253, mdd=-0.2746; residual_momentum_reversal_v2: score=-4.1183, selection_score=-4.1183, eligible=True, ann=-0.4176, sharpe=-3.7023, mdd=-0.4145; quality_growth_price_v1: score=-1.4040, selection_score=-1.4040, eligible=True, ann=-0.0944, sharpe=-1.2620, mdd=-0.1895; low_vol_low_turnover_quality_v1: score=-0.4907, selection_score=-0.4907, eligible=True, ann=-0.0466, sharpe=-0.4086, mdd=-0.1177; quality_low_turnover_monthly_v1: score=-0.3501, selection_score=-0.3501, eligible=True, ann=-0.0318, sharpe=-0.2709, mdd=-0.1265; multifactor_volume_price_filter_v1: score=-2.0773, selection_score=-2.0773, eligible=True, ann=-0.1918, sharpe=-1.8723, mdd=-0.2182; core_selection_quality_momentum_v1: score=-1.9029, selection_score=-1.9029, eligible=True, ann=-0.1859, sharpe=-1.6921, mdd=-0.2358; theme_exposure_momentum_v1: score=-2.2918, selection_score=-2.2918, eligible=True, ann=-0.1696, sharpe=-2.1038, mdd=-0.2064",quality_low_turnover_monthly_v1,True,True,eligible,28955.0,2754.0,1.0,1.0,1.0,1.0,0.0,0.5041788982904507,0.6424005776334758,0.1382216793430251,1.0,1.0,1.0,1.0,1.0,0.7215959480551326,0.5906887330280142,0.6792835170699127,0.6332203951395804,0.5129618928427568,True,eligible,baseline_2y_1y_5fold,2,1,2019-04-01,2026-03-31,5,5,,ok,
PORTFOLIO,1,2019-04-01,2021-03-31,2021-04-01,2022-03-31,-0.103328899811716,-1.0083807396272044,-0.11712478553267303,0.4375,25.41969044664174,76,True,"quality@q0.7,resid_mom10@q0.6,ma20>ma60,vol@q0.6,amt>=1.2,upper_shadow<=1.5,breakout_required=True,target_vol=0.18,top_n=5,xmarket_overlay=False",multifactor_volume_price_filter_v1,multifactor_volume_price_filter_v1,multifactor_volume_price_filter_v1,generic,portfolio,True,True,48,48,1.2083333333333333,1.2083333333333333,76,2021-04-16,['SZ.300142'],point_in_time,2021-03-31,120,4224,local_history_sqlite_as_of,"legacy_momentum: score=-2.1414, selection_score=-2.1414, eligible=True, ann=-0.2308, sharpe=-1.8963, mdd=-0.2595; legacy_momentum_low_turnover_v1: score=-0.5461, selection_score=-0.5461, eligible=True, ann=-0.0536, sharpe=-0.4498, mdd=-0.1391; ma_kline_baseline_v1: score=-4.0328, selection_score=-4.0328, eligible=True, ann=-0.4350, sharpe=-3.6009, mdd=-0.4289; residual_momentum_reversal_v1: score=-2.7984, selection_score=-2.7984, eligible=True, ann=-0.2716, sharpe=-2.5253, mdd=-0.2746; residual_momentum_reversal_v2: score=-4.1183, selection_score=-4.1183, eligible=True, ann=-0.4176, sharpe=-3.7023, mdd=-0.4145; quality_growth_price_v1: score=-1.4040, selection_score=-1.4040, eligible=True, ann=-0.0944, sharpe=-1.2620, mdd=-0.1895; low_vol_low_turnover_quality_v1: score=-0.4907, selection_score=-0.4907, eligible=True, ann=-0.0466, sharpe=-0.4086, mdd=-0.1177; quality_low_turnover_monthly_v1: score=-0.3501, selection_score=-0.3501, eligible=True, ann=-0.0318, sharpe=-0.2709, mdd=-0.1265; multifactor_volume_price_filter_v1: score=-2.0773, selection_score=-2.0773, eligible=True, ann=-0.1918, sharpe=-1.8723, mdd=-0.2182; core_selection_quality_momentum_v1: score=-1.9029, selection_score=-1.9029, eligible=True, ann=-0.1859, sharpe=-1.6921, mdd=-0.2358; theme_exposure_momentum_v1: score=-2.2918, selection_score=-2.2918, eligible=True, ann=-0.1696, sharpe=-2.1038, mdd=-0.2064",quality_low_turnover_monthly_v1,False,True,eligible,,,,,,,,,,,,,,,,,,,,,,,baseline_2y_1y_5fold,2,1,2019-04-01,2026-03-31,5,5,,ok,
PORTFOLIO,2,2020-04-01,2022-03-31,2022-04-01,2023-03-31,-0.28229937552777506,-3.6985605463890323,-0.2737465551585858,0.2571428571428571,30.985538932157052,100,True,"quality@q0.7,resid_mom10@q0.6,ma20>ma60,vol@q0.75,amt>=1.2,upper_shadow<=1.5,breakout_required=True,target_vol=0.18,top_n=5,xmarket_overlay=False",multifactor_volume_price_filter_v1,multifactor_volume_price_filter_v1,multifactor_volume_price_filter_v1,generic,portfolio,True,True,70,70,2.057142857142857,2.057142857142857,100,2022-04-08,['SH.601899'],point_in_time,2022-03-31,120,4720,local_history_sqlite_as_of,"legacy_momentum: score=-2.1414, selection_score=-2.1414, eligible=True, ann=-0.2308, sharpe=-1.8963, mdd=-0.2595; legacy_momentum_low_turnover_v1: score=-0.5461, selection_score=-0.5461, eligible=True, ann=-0.0536, sharpe=-0.4498, mdd=-0.1391; ma_kline_baseline_v1: score=-4.0328, selection_score=-4.0328, eligible=True, ann=-0.4350, sharpe=-3.6009, mdd=-0.4289; residual_momentum_reversal_v1: score=-2.7984, selection_score=-2.7984, eligible=True, ann=-0.2716, sharpe=-2.5253, mdd=-0.2746; residual_momentum_reversal_v2: score=-4.1183, selection_score=-4.1183, eligible=True, ann=-0.4176, sharpe=-3.7023, mdd=-0.4145; quality_growth_price_v1: score=-1.4040, selection_score=-1.4040, eligible=True, ann=-0.0944, sharpe=-1.2620, mdd=-0.1895; low_vol_low_turnover_quality_v1: score=-0.4907, selection_score=-0.4907, eligible=True, ann=-0.0466, sharpe=-0.4086, mdd=-0.1177; quality_low_turnover_monthly_v1: score=-0.3501, selection_score=-0.3501, eligible=True, ann=-0.0318, sharpe=-0.2709, mdd=-0.1265; multifactor_volume_price_filter_v1: score=-2.0773, selection_score=-2.0773, eligible=True, ann=-0.1918, sharpe=-1.8723, mdd=-0.2182; core_selection_quality_momentum_v1: score=-1.9029, selection_score=-1.9029, eligible=True, ann=-0.1859, sharpe=-1.6921, mdd=-0.2358; theme_exposure_momentum_v1: score=-2.2918, selection_score=-2.2918, eligible=True, ann=-0.1696, sharpe=-2.1038, mdd=-0.2064",quality_low_turnover_monthly_v1,False,True,eligible,,,,,,,,,,,,,,,,,,,,,,,baseline_2y_1y_5fold,2,1,2019-04-01,2026-03-31,5,5,,ok,
PORTFOLIO,3,2021-04-01,2023-03-31,2023-04-03,2024-03-29,-0.23468719275345262,-1.8070518586183202,-0.2661005126461017,0.3853211009174312,69.51435821873099,157,True,"quality@q0.7,resid_mom20@q0.6,ma20>ma60,vol@q0.6,amt>=1.2,upper_shadow<=1.5,breakout_required=False,target_vol=0.18,top_n=10,xmarket_overlay=False",multifactor_volume_price_filter_v1,multifactor_volume_price_filter_v1,multifactor_volume_price_filter_v1,generic,portfolio,True,True,110,109,1.5818181818181818,1.5871559633027523,157,2023-04-06,['SH.601899'],point_in_time,2023-03-31,120,5089,local_history_sqlite_as_of,"legacy_momentum: score=-2.1414, selection_score=-2.1414, eligible=True, ann=-0.2308, sharpe=-1.8963, mdd=-0.2595; legacy_momentum_low_turnover_v1: score=-0.5461, selection_score=-0.5461, eligible=True, ann=-0.0536, sharpe=-0.4498, mdd=-0.1391; ma_kline_baseline_v1: score=-4.0328, selection_score=-4.0328, eligible=True, ann=-0.4350, sharpe=-3.6009, mdd=-0.4289; residual_momentum_reversal_v1: score=-2.7984, selection_score=-2.7984, eligible=True, ann=-0.2716, sharpe=-2.5253, mdd=-0.2746; residual_momentum_reversal_v2: score=-4.1183, selection_score=-4.1183, eligible=True, ann=-0.4176, sharpe=-3.7023, mdd=-0.4145; quality_growth_price_v1: score=-1.4040, selection_score=-1.4040, eligible=True, ann=-0.0944, sharpe=-1.2620, mdd=-0.1895; low_vol_low_turnover_quality_v1: score=-0.4907, selection_score=-0.4907, eligible=True, ann=-0.0466, sharpe=-0.4086, mdd=-0.1177; quality_low_turnover_monthly_v1: score=-0.3501, selection_score=-0.3501, eligible=True, ann=-0.0318, sharpe=-0.2709, mdd=-0.1265; multifactor_volume_price_filter_v1: score=-2.0773, selection_score=-2.0773, eligible=True, ann=-0.1918, sharpe=-1.8723, mdd=-0.2182; core_selection_quality_momentum_v1: score=-1.9029, selection_score=-1.9029, eligible=True, ann=-0.1859, sharpe=-1.6921, mdd=-0.2358; theme_exposure_momentum_v1: score=-2.2918, selection_score=-2.2918, eligible=True, ann=-0.1696, sharpe=-2.1038, mdd=-0.2064",quality_low_turnover_monthly_v1,False,True,eligible,,,,,,,,,,,,,,,,,,,,,,,baseline_2y_1y_5fold,2,1,2019-04-01,2026-03-31,5,5,,ok,
PORTFOLIO,4,2022-04-01,2024-03-29,2024-04-01,2025-03-31,-0.1636204355569716,-1.1768720041330045,-0.19085149945592783,0.42105263157894735,46.46783613379246,90,True,"quality@q0.7,resid_mom20@q0.6,ma20>ma60,vol@q0.6,amt>=1.2,upper_shadow<=1.5,breakout_required=True,target_vol=0.18,top_n=5,xmarket_overlay=False",multifactor_volume_price_filter_v1,multifactor_volume_price_filter_v1,multifactor_volume_price_filter_v1,generic,portfolio,True,True,58,57,1.293103448275862,1.2982456140350878,90,2024-04-01,['SZ.000338'],point_in_time,2024-03-29,120,5347,local_history_sqlite_as_of,"legacy_momentum: score=-2.1414, selection_score=-2.1414, eligible=True, ann=-0.2308, sharpe=-1.8963, mdd=-0.2595; legacy_momentum_low_turnover_v1: score=-0.5461, selection_score=-0.5461, eligible=True, ann=-0.0536, sharpe=-0.4498, mdd=-0.1391; ma_kline_baseline_v1: score=-4.0328, selection_score=-4.0328, eligible=True, ann=-0.4350, sharpe=-3.6009, mdd=-0.4289; residual_momentum_reversal_v1: score=-2.7984, selection_score=-2.7984, eligible=True, ann=-0.2716, sharpe=-2.5253, mdd=-0.2746; residual_momentum_reversal_v2: score=-4.1183, selection_score=-4.1183, eligible=True, ann=-0.4176, sharpe=-3.7023, mdd=-0.4145; quality_growth_price_v1: score=-1.4040, selection_score=-1.4040, eligible=True, ann=-0.0944, sharpe=-1.2620, mdd=-0.1895; low_vol_low_turnover_quality_v1: score=-0.4907, selection_score=-0.4907, eligible=True, ann=-0.0466, sharpe=-0.4086, mdd=-0.1177; quality_low_turnover_monthly_v1: score=-0.3501, selection_score=-0.3501, eligible=True, ann=-0.0318, sharpe=-0.2709, mdd=-0.1265; multifactor_volume_price_filter_v1: score=-2.0773, selection_score=-2.0773, eligible=True, ann=-0.1918, sharpe=-1.8723, mdd=-0.2182; core_selection_quality_momentum_v1: score=-1.9029, selection_score=-1.9029, eligible=True, ann=-0.1859, sharpe=-1.6921, mdd=-0.2358; theme_exposure_momentum_v1: score=-2.2918, selection_score=-2.2918, eligible=True, ann=-0.1696, sharpe=-2.1038, mdd=-0.2064",quality_low_turnover_monthly_v1,False,True,eligible,,,,,,,,,,,,,,,,,,,,,,,baseline_2y_1y_5fold,2,1,2019-04-01,2026-03-31,5,5,,ok,
PORTFOLIO,5,2023-04-03,2025-03-31,2025-04-01,2026-03-31,-0.17512173826138977,-1.6708239871662494,-0.24299837298292248,0.390625,49.13963539759583,100,True,"quality@q0.7,resid_mom20@q0.6,ma20>ma60,vol@q0.6,amt>=1.2,upper_shadow<=1.5,breakout_required=True,target_vol=0.18,top_n=5,xmarket_overlay=False",multifactor_volume_price_filter_v1,multifactor_volume_price_filter_v1,multifactor_volume_price_filter_v1,generic,portfolio,True,True,64,64,1.4375,1.4375,100,2025-04-01,['SH.600276'],point_in_time,2025-03-31,120,5390,local_history_sqlite_as_of,"legacy_momentum: score=-2.1414, selection_score=-2.1414, eligible=True, ann=-0.2308, sharpe=-1.8963, mdd=-0.2595; legacy_momentum_low_turnover_v1: score=-0.5461, selection_score=-0.5461, eligible=True, ann=-0.0536, sharpe=-0.4498, mdd=-0.1391; ma_kline_baseline_v1: score=-4.0328, selection_score=-4.0328, eligible=True, ann=-0.4350, sharpe=-3.6009, mdd=-0.4289; residual_momentum_reversal_v1: score=-2.7984, selection_score=-2.7984, eligible=True, ann=-0.2716, sharpe=-2.5253, mdd=-0.2746; residual_momentum_reversal_v2: score=-4.1183, selection_score=-4.1183, eligible=True, ann=-0.4176, sharpe=-3.7023, mdd=-0.4145; quality_growth_price_v1: score=-1.4040, selection_score=-1.4040, eligible=True, ann=-0.0944, sharpe=-1.2620, mdd=-0.1895; low_vol_low_turnover_quality_v1: score=-0.4907, selection_score=-0.4907, eligible=True, ann=-0.0466, sharpe=-0.4086, mdd=-0.1177; quality_low_turnover_monthly_v1: score=-0.3501, selection_score=-0.3501, eligible=True, ann=-0.0318, sharpe=-0.2709, mdd=-0.1265; multifactor_volume_price_filter_v1: score=-2.0773, selection_score=-2.0773, eligible=True, ann=-0.1918, sharpe=-1.8723, mdd=-0.2182; core_selection_quality_momentum_v1: score=-1.9029, selection_score=-1.9029, eligible=True, ann=-0.1859, sharpe=-1.6921, mdd=-0.2358; theme_exposure_momentum_v1: score=-2.2918, selection_score=-2.2918, eligible=True, ann=-0.1696, sharpe=-2.1038, mdd=-0.2064",quality_low_turnover_monthly_v1,False,True,eligible,,,,,,,,,,,,,,,,,,,,,,,baseline_2y_1y_5fold,2,1,2019-04-01,2026-03-31,5,5,,ok,
PORTFOLIO,1,2019-04-01,2021-03-31,2021-04-01,2022-03-31,-0.4287296690081638,-4.064395128267606,-0.4171914752350885,0.4,10.69677403618653,239,True,"quality@q0.6,resid_mom10@q0.6,ma60,vol@q0.6,top_n=12,target_vol=0.18,xmarket_overlay=False",core_selection_quality_momentum_v1,core_selection_quality_momentum_v1,Core Selection Quality Momentum,core_stock_picking,portfolio,True,True,236,235,6.330508474576271,6.353191489361702,239,2021-04-01,"['SZ.300142', 'SZ.002236']",point_in_time,2021-03-31,120,4224,local_history_sqlite_as_of,"legacy_momentum: score=-2.1414, selection_score=-2.1414, eligible=True, ann=-0.2308, sharpe=-1.8963, mdd=-0.2595; legacy_momentum_low_turnover_v1: score=-0.5461, selection_score=-0.5461, eligible=True, ann=-0.0536, sharpe=-0.4498, mdd=-0.1391; ma_kline_baseline_v1: score=-4.0328, selection_score=-4.0328, eligible=True, ann=-0.4350, sharpe=-3.6009, mdd=-0.4289; residual_momentum_reversal_v1: score=-2.7984, selection_score=-2.7984, eligible=True, ann=-0.2716, sharpe=-2.5253, mdd=-0.2746; residual_momentum_reversal_v2: score=-4.1183, selection_score=-4.1183, eligible=True, ann=-0.4176, sharpe=-3.7023, mdd=-0.4145; quality_growth_price_v1: score=-1.4040, selection_score=-1.4040, eligible=True, ann=-0.0944, sharpe=-1.2620, mdd=-0.1895; low_vol_low_turnover_quality_v1: score=-0.4907, selection_score=-0.4907, eligible=True, ann=-0.0466, sharpe=-0.4086, mdd=-0.1177; quality_low_turnover_monthly_v1: score=-0.3501, selection_score=-0.3501, eligible=True, ann=-0.0318, sharpe=-0.2709, mdd=-0.1265; multifactor_volume_price_filter_v1: score=-2.0773, selection_score=-2.0773, eligible=True, ann=-0.1918, sharpe=-1.8723, mdd=-0.2182; core_selection_quality_momentum_v1: score=-1.9029, selection_score=-1.9029, eligible=True, ann=-0.1859, sharpe=-1.6921, mdd=-0.2358; theme_exposure_momentum_v1: score=-2.2918, selection_score=-2.2918, eligible=True, ann=-0.1696, sharpe=-2.1038, mdd=-0.2064",quality_low_turnover_monthly_v1,False,True,eligible,,,,,,,,,,,,,,,,,,,,,,,baseline_2y_1y_5fold,2,1,2019-04-01,2026-03-31,5,5,,ok,
PORTFOLIO,2,2020-04-01,2022-03-31,2022-04-01,2023-03-31,-0.18434740162581464,-1.5283981677356924,-0.20857449119113558,0.4297520661157025,7.486765162359378,242,True,"quality@q0.7,resid_mom20@q0.6,ma20,vol@q0.75,top_n=8,target_vol=0.18,xmarket_overlay=False",core_selection_quality_momentum_v1,core_selection_quality_momentum_v1,Core Selection Quality Momentum,core_stock_picking,portfolio,True,True,243,242,6.502057613168724,6.4958677685950414,242,2022-04-01,"['SZ.300122', 'SH.601899', 'SH.600884', 'SH.600519', 'SZ.002812']",point_in_time,2022-03-31,120,4720,local_history_sqlite_as_of,"legacy_momentum: score=-2.1414, selection_score=-2.1414, eligible=True, ann=-0.2308, sharpe=-1.8963, mdd=-0.2595; legacy_momentum_low_turnover_v1: score=-0.5461, selection_score=-0.5461, eligible=True, ann=-0.0536, sharpe=-0.4498, mdd=-0.1391; ma_kline_baseline_v1: score=-4.0328, selection_score=-4.0328, eligible=True, ann=-0.4350, sharpe=-3.6009, mdd=-0.4289; residual_momentum_reversal_v1: score=-2.7984, selection_score=-2.7984, eligible=True, ann=-0.2716, sharpe=-2.5253, mdd=-0.2746; residual_momentum_reversal_v2: score=-4.1183, selection_score=-4.1183, eligible=True, ann=-0.4176, sharpe=-3.7023, mdd=-0.4145; quality_growth_price_v1: score=-1.4040, selection_score=-1.4040, eligible=True, ann=-0.0944, sharpe=-1.2620, mdd=-0.1895; low_vol_low_turnover_quality_v1: score=-0.4907, selection_score=-0.4907, eligible=True, ann=-0.0466, sharpe=-0.4086, mdd=-0.1177; quality_low_turnover_monthly_v1: score=-0.3501, selection_score=-0.3501, eligible=True, ann=-0.0318, sharpe=-0.2709, mdd=-0.1265; multifactor_volume_price_filter_v1: score=-2.0773, selection_score=-2.0773, eligible=True, ann=-0.1918, sharpe=-1.8723, mdd=-0.2182; core_selection_quality_momentum_v1: score=-1.9029, selection_score=-1.9029, eligible=True, ann=-0.1859, sharpe=-1.6921, mdd=-0.2358; theme_exposure_momentum_v1: score=-2.2918, selection_score=-2.2918, eligible=True, ann=-0.1696, sharpe=-2.1038, mdd=-0.2064",quality_low_turnover_monthly_v1,False,True,eligible,,,,,,,,,,,,,,,,,,,,,,,baseline_2y_1y_5fold,2,1,2019-04-01,2026-03-31,5,5,,ok,
PORTFOLIO,3,2021-04-01,2023-03-31,2023-04-03,2024-03-29,-0.19622017619523324,-1.9747849869149252,-0.25531889666144814,0.4583333333333333,8.72888857508768,240,True,"quality@q0.6,resid_mom20@q0.6,ma20,vol@q0.75,top_n=12,target_vol=0.18,xmarket_overlay=False",core_selection_quality_momentum_v1,core_selection_quality_momentum_v1,Core Selection Quality Momentum,core_stock_picking,portfolio,True,True,241,240,9.759336099585063,9.75,240,2023-04-03,['SH.600584'],point_in_time,2023-03-31,120,5089,local_history_sqlite_as_of,"legacy_momentum: score=-2.1414, selection_score=-2.1414, eligible=True, ann=-0.2308, sharpe=-1.8963, mdd=-0.2595; legacy_momentum_low_turnover_v1: score=-0.5461, selection_score=-0.5461, eligible=True, ann=-0.0536, sharpe=-0.4498, mdd=-0.1391; ma_kline_baseline_v1: score=-4.0328, selection_score=-4.0328, eligible=True, ann=-0.4350, sharpe=-3.6009, mdd=-0.4289; residual_momentum_reversal_v1: score=-2.7984, selection_score=-2.7984, eligible=True, ann=-0.2716, sharpe=-2.5253, mdd=-0.2746; residual_momentum_reversal_v2: score=-4.1183, selection_score=-4.1183, eligible=True, ann=-0.4176, sharpe=-3.7023, mdd=-0.4145; quality_growth_price_v1: score=-1.4040, selection_score=-1.4040, eligible=True, ann=-0.0944, sharpe=-1.2620, mdd=-0.1895; low_vol_low_turnover_quality_v1: score=-0.4907, selection_score=-0.4907, eligible=True, ann=-0.0466, sharpe=-0.4086, mdd=-0.1177; quality_low_turnover_monthly_v1: score=-0.3501, selection_score=-0.3501, eligible=True, ann=-0.0318, sharpe=-0.2709, mdd=-0.1265; multifactor_volume_price_filter_v1: score=-2.0773, selection_score=-2.0773, eligible=True, ann=-0.1918, sharpe=-1.8723, mdd=-0.2182; core_selection_quality_momentum_v1: score=-1.9029, selection_score=-1.9029, eligible=True, ann=-0.1859, sharpe=-1.6921, mdd=-0.2358; theme_exposure_momentum_v1: score=-2.2918, selection_score=-2.2918, eligible=True, ann=-0.1696, sharpe=-2.1038, mdd=-0.2064",quality_low_turnover_monthly_v1,False,True,eligible,,,,,,,,,,,,,,,,,,,,,,,baseline_2y_1y_5fold,2,1,2019-04-01,2026-03-31,5,5,,ok,
PORTFOLIO,4,2022-04-01,2024-03-29,2024-04-01,2025-03-31,-0.1512874234387862,-1.1734557352205988,-0.19886548867010345,0.4185022026431718,12.394583953835477,230,True,"quality@q0.7,resid_mom20@q0.55,ma20,vol@q0.75,top_n=12,target_vol=0.18,xmarket_overlay=False",core_selection_quality_momentum_v1,core_selection_quality_momentum_v1,Core Selection Quality Momentum,core_stock_picking,portfolio,True,True,228,227,7.824561403508772,7.8061674008810575,230,2024-04-01,"['SZ.300896', 'SZ.002594', 'SH.600809', 'SZ.000858', 'SZ.002027']",point_in_time,2024-03-29,120,5347,local_history_sqlite_as_of,"legacy_momentum: score=-2.1414, selection_score=-2.1414, eligible=True, ann=-0.2308, sharpe=-1.8963, mdd=-0.2595; legacy_momentum_low_turnover_v1: score=-0.5461, selection_score=-0.5461, eligible=True, ann=-0.0536, sharpe=-0.4498, mdd=-0.1391; ma_kline_baseline_v1: score=-4.0328, selection_score=-4.0328, eligible=True, ann=-0.4350, sharpe=-3.6009, mdd=-0.4289; residual_momentum_reversal_v1: score=-2.7984, selection_score=-2.7984, eligible=True, ann=-0.2716, sharpe=-2.5253, mdd=-0.2746; residual_momentum_reversal_v2: score=-4.1183, selection_score=-4.1183, eligible=True, ann=-0.4176, sharpe=-3.7023, mdd=-0.4145; quality_growth_price_v1: score=-1.4040, selection_score=-1.4040, eligible=True, ann=-0.0944, sharpe=-1.2620, mdd=-0.1895; low_vol_low_turnover_quality_v1: score=-0.4907, selection_score=-0.4907, eligible=True, ann=-0.0466, sharpe=-0.4086, mdd=-0.1177; quality_low_turnover_monthly_v1: score=-0.3501, selection_score=-0.3501, eligible=True, ann=-0.0318, sharpe=-0.2709, mdd=-0.1265; multifactor_volume_price_filter_v1: score=-2.0773, selection_score=-2.0773, eligible=True, ann=-0.1918, sharpe=-1.8723, mdd=-0.2182; core_selection_quality_momentum_v1: score=-1.9029, selection_score=-1.9029, eligible=True, ann=-0.1859, sharpe=-1.6921, mdd=-0.2358; theme_exposure_momentum_v1: score=-2.2918, selection_score=-2.2918, eligible=True, ann=-0.1696, sharpe=-2.1038, mdd=-0.2064",quality_low_turnover_monthly_v1,False,True,eligible,,,,,,,,,,,,,,,,,,,,,,,baseline_2y_1y_5fold,2,1,2019-04-01,2026-03-31,5,5,,ok,
PORTFOLIO,5,2023-04-03,2025-03-31,2025-04-01,2026-03-31,0.03104074475658969,0.28054261833716504,-0.09897089167277728,0.4956896551724138,11.990205011032876,235,True,"quality@q0.7,resid_mom20@q0.55,ma60,vol@q0.6,top_n=8,target_vol=0.18,xmarket_overlay=False",core_selection_quality_momentum_v1,core_selection_quality_momentum_v1,Core Selection Quality Momentum,core_stock_picking,portfolio,True,True,233,232,4.918454935622318,4.931034482758621,235,2025-04-01,"['SH.601919', 'SZ.002714', 'SH.601600', 'SH.601899', 'SH.600809']",point_in_time,2025-03-31,120,5390,local_history_sqlite_as_of,"legacy_momentum: score=-2.1414, selection_score=-2.1414, eligible=True, ann=-0.2308, sharpe=-1.8963, mdd=-0.2595; legacy_momentum_low_turnover_v1: score=-0.5461, selection_score=-0.5461, eligible=True, ann=-0.0536, sharpe=-0.4498, mdd=-0.1391; ma_kline_baseline_v1: score=-4.0328, selection_score=-4.0328, eligible=True, ann=-0.4350, sharpe=-3.6009, mdd=-0.4289; residual_momentum_reversal_v1: score=-2.7984, selection_score=-2.7984, eligible=True, ann=-0.2716, sharpe=-2.5253, mdd=-0.2746; residual_momentum_reversal_v2: score=-4.1183, selection_score=-4.1183, eligible=True, ann=-0.4176, sharpe=-3.7023, mdd=-0.4145; quality_growth_price_v1: score=-1.4040, selection_score=-1.4040, eligible=True, ann=-0.0944, sharpe=-1.2620, mdd=-0.1895; low_vol_low_turnover_quality_v1: score=-0.4907, selection_score=-0.4907, eligible=True, ann=-0.0466, sharpe=-0.4086, mdd=-0.1177; quality_low_turnover_monthly_v1: score=-0.3501, selection_score=-0.3501, eligible=True, ann=-0.0318, sharpe=-0.2709, mdd=-0.1265; multifactor_volume_price_filter_v1: score=-2.0773, selection_score=-2.0773, eligible=True, ann=-0.1918, sharpe=-1.8723, mdd=-0.2182; core_selection_quality_momentum_v1: score=-1.9029, selection_score=-1.9029, eligible=True, ann=-0.1859, sharpe=-1.6921, mdd=-0.2358; theme_exposure_momentum_v1: score=-2.2918, selection_score=-2.2918, eligible=True, ann=-0.1696, sharpe=-2.1038, mdd=-0.2064",quality_low_turnover_monthly_v1,False,True,eligible,,,,,,,,,,,,,,,,,,,,,,,baseline_2y_1y_5fold,2,1,2019-04-01,2026-03-31,5,5,,ok,
PORTFOLIO,1,2019-04-01,2021-03-31,2021-04-01,2022-03-31,-0.2923779015467922,-2.822078260503435,-0.2835834280353824,0.2962962962962963,46.75166418271545,129,True,"theme_mom20@q0.7,ma60,vol@q0.6,amt>=1.2,breakout_required=True,xscore>=0.0,top_n=3,target_vol=0.18",theme_exposure_momentum_v1,theme_exposure_momentum_v1,Theme Exposure Momentum,theme_exposure,portfolio,True,True,81,81,1.962962962962963,1.962962962962963,129,2021-04-01,['SH.600690'],point_in_time,2021-03-31,120,4224,local_history_sqlite_as_of,"legacy_momentum: score=-2.1414, selection_score=-2.1414, eligible=True, ann=-0.2308, sharpe=-1.8963, mdd=-0.2595; legacy_momentum_low_turnover_v1: score=-0.5461, selection_score=-0.5461, eligible=True, ann=-0.0536, sharpe=-0.4498, mdd=-0.1391; ma_kline_baseline_v1: score=-4.0328, selection_score=-4.0328, eligible=True, ann=-0.4350, sharpe=-3.6009, mdd=-0.4289; residual_momentum_reversal_v1: score=-2.7984, selection_score=-2.7984, eligible=True, ann=-0.2716, sharpe=-2.5253, mdd=-0.2746; residual_momentum_reversal_v2: score=-4.1183, selection_score=-4.1183, eligible=True, ann=-0.4176, sharpe=-3.7023, mdd=-0.4145; quality_growth_price_v1: score=-1.4040, selection_score=-1.4040, eligible=True, ann=-0.0944, sharpe=-1.2620, mdd=-0.1895; low_vol_low_turnover_quality_v1: score=-0.4907, selection_score=-0.4907, eligible=True, ann=-0.0466, sharpe=-0.4086, mdd=-0.1177; quality_low_turnover_monthly_v1: score=-0.3501, selection_score=-0.3501, eligible=True, ann=-0.0318, sharpe=-0.2709, mdd=-0.1265; multifactor_volume_price_filter_v1: score=-2.0773, selection_score=-2.0773, eligible=True, ann=-0.1918, sharpe=-1.8723, mdd=-0.2182; core_selection_quality_momentum_v1: score=-1.9029, selection_score=-1.9029, eligible=True, ann=-0.1859, sharpe=-1.6921, mdd=-0.2358; theme_exposure_momentum_v1: score=-2.2918, selection_score=-2.2918, eligible=True, ann=-0.1696, sharpe=-2.1038, mdd=-0.2064",quality_low_turnover_monthly_v1,False,True,eligible,,,,,,,,,,,,,,,,,,,,,,,baseline_2y_1y_5fold,2,1,2019-04-01,2026-03-31,5,5,,ok,
PORTFOLIO,2,2020-04-01,2022-03-31,2022-04-01,2023-03-31,-0.39331131706280364,-5.79688397736224,-0.3825366618356636,0.23170731707317074,47.03036308784231,133,True,"theme_mom10@q0.7,ma60,vol@q0.75,amt>=1.2,breakout_required=True,xscore>=0.0,top_n=3,target_vol=0.18",theme_exposure_momentum_v1,theme_exposure_momentum_v1,Theme Exposure Momentum,theme_exposure,portfolio,True,True,83,82,2.2771084337349397,2.268292682926829,133,2022-04-08,"['SH.601668', 'SH.601899']",point_in_time,2022-03-31,120,4720,local_history_sqlite_as_of,"legacy_momentum: score=-2.1414, selection_score=-2.1414, eligible=True, ann=-0.2308, sharpe=-1.8963, mdd=-0.2595; legacy_momentum_low_turnover_v1: score=-0.5461, selection_score=-0.5461, eligible=True, ann=-0.0536, sharpe=-0.4498, mdd=-0.1391; ma_kline_baseline_v1: score=-4.0328, selection_score=-4.0328, eligible=True, ann=-0.4350, sharpe=-3.6009, mdd=-0.4289; residual_momentum_reversal_v1: score=-2.7984, selection_score=-2.7984, eligible=True, ann=-0.2716, sharpe=-2.5253, mdd=-0.2746; residual_momentum_reversal_v2: score=-4.1183, selection_score=-4.1183, eligible=True, ann=-0.4176, sharpe=-3.7023, mdd=-0.4145; quality_growth_price_v1: score=-1.4040, selection_score=-1.4040, eligible=True, ann=-0.0944, sharpe=-1.2620, mdd=-0.1895; low_vol_low_turnover_quality_v1: score=-0.4907, selection_score=-0.4907, eligible=True, ann=-0.0466, sharpe=-0.4086, mdd=-0.1177; quality_low_turnover_monthly_v1: score=-0.3501, selection_score=-0.3501, eligible=True, ann=-0.0318, sharpe=-0.2709, mdd=-0.1265; multifactor_volume_price_filter_v1: score=-2.0773, selection_score=-2.0773, eligible=True, ann=-0.1918, sharpe=-1.8723, mdd=-0.2182; core_selection_quality_momentum_v1: score=-1.9029, selection_score=-1.9029, eligible=True, ann=-0.1859, sharpe=-1.6921, mdd=-0.2358; theme_exposure_momentum_v1: score=-2.2918, selection_score=-2.2918, eligible=True, ann=-0.1696, sharpe=-2.1038, mdd=-0.2064",quality_low_turnover_monthly_v1,False,True,eligible,,,,,,,,,,,,,,,,,,,,,,,baseline_2y_1y_5fold,2,1,2019-04-01,2026-03-31,5,5,,ok,
PORTFOLIO,3,2021-04-01,2023-03-31,2023-04-03,2024-03-29,-0.12965653631023477,-1.5090339083426407,-0.15225805838320572,0.3793103448275862,47.56013132635032,99,True,"theme_mom20@q0.7,ma20,vol@q0.75,amt>=1.0,breakout_required=True,xscore>=0.5,top_n=3,target_vol=0.18",theme_exposure_momentum_v1,theme_exposure_momentum_v1,Theme Exposure Momentum,theme_exposure,portfolio,True,True,58,58,2.2241379310344827,2.2241379310344827,99,2023-04-03,"['SH.600584', 'SH.600703']",point_in_time,2023-03-31,120,5089,local_history_sqlite_as_of,"legacy_momentum: score=-2.1414, selection_score=-2.1414, eligible=True, ann=-0.2308, sharpe=-1.8963, mdd=-0.2595; legacy_momentum_low_turnover_v1: score=-0.5461, selection_score=-0.5461, eligible=True, ann=-0.0536, sharpe=-0.4498, mdd=-0.1391; ma_kline_baseline_v1: score=-4.0328, selection_score=-4.0328, eligible=True, ann=-0.4350, sharpe=-3.6009, mdd=-0.4289; residual_momentum_reversal_v1: score=-2.7984, selection_score=-2.7984, eligible=True, ann=-0.2716, sharpe=-2.5253, mdd=-0.2746; residual_momentum_reversal_v2: score=-4.1183, selection_score=-4.1183, eligible=True, ann=-0.4176, sharpe=-3.7023, mdd=-0.4145; quality_growth_price_v1: score=-1.4040, selection_score=-1.4040, eligible=True, ann=-0.0944, sharpe=-1.2620, mdd=-0.1895; low_vol_low_turnover_quality_v1: score=-0.4907, selection_score=-0.4907, eligible=True, ann=-0.0466, sharpe=-0.4086, mdd=-0.1177; quality_low_turnover_monthly_v1: score=-0.3501, selection_score=-0.3501, eligible=True, ann=-0.0318, sharpe=-0.2709, mdd=-0.1265; multifactor_volume_price_filter_v1: score=-2.0773, selection_score=-2.0773, eligible=True, ann=-0.1918, sharpe=-1.8723, mdd=-0.2182; core_selection_quality_momentum_v1: score=-1.9029, selection_score=-1.9029, eligible=True, ann=-0.1859, sharpe=-1.6921, mdd=-0.2358; theme_exposure_momentum_v1: score=-2.2918, selection_score=-2.2918, eligible=True, ann=-0.1696, sharpe=-2.1038, mdd=-0.2064",quality_low_turnover_monthly_v1,False,True,eligible,,,,,,,,,,,,,,,,,,,,,,,baseline_2y_1y_5fold,2,1,2019-04-01,2026-03-31,5,5,,ok,
PORTFOLIO,4,2022-04-01,2024-03-29,2024-04-01,2025-03-31,0.03207713510122012,0.3519349243894761,-0.0969805242924412,0.5818181818181818,53.0869687549919,95,True,"theme_mom20@q0.7,ma20,vol@q0.75,amt>=1.2,breakout_required=True,xscore>=0.5,top_n=3,target_vol=0.18",theme_exposure_momentum_v1,theme_exposure_momentum_v1,Theme Exposure Momentum,theme_exposure,portfolio,True,True,55,55,2.1454545454545455,2.1454545454545455,95,2024-04-02,"['SH.601857', 'SZ.000338']",point_in_time,2024-03-29,120,5347,local_history_sqlite_as_of,"legacy_momentum: score=-2.1414, selection_score=-2.1414, eligible=True, ann=-0.2308, sharpe=-1.8963, mdd=-0.2595; legacy_momentum_low_turnover_v1: score=-0.5461, selection_score=-0.5461, eligible=True, ann=-0.0536, sharpe=-0.4498, mdd=-0.1391; ma_kline_baseline_v1: score=-4.0328, selection_score=-4.0328, eligible=True, ann=-0.4350, sharpe=-3.6009, mdd=-0.4289; residual_momentum_reversal_v1: score=-2.7984, selection_score=-2.7984, eligible=True, ann=-0.2716, sharpe=-2.5253, mdd=-0.2746; residual_momentum_reversal_v2: score=-4.1183, selection_score=-4.1183, eligible=True, ann=-0.4176, sharpe=-3.7023, mdd=-0.4145; quality_growth_price_v1: score=-1.4040, selection_score=-1.4040, eligible=True, ann=-0.0944, sharpe=-1.2620, mdd=-0.1895; low_vol_low_turnover_quality_v1: score=-0.4907, selection_score=-0.4907, eligible=True, ann=-0.0466, sharpe=-0.4086, mdd=-0.1177; quality_low_turnover_monthly_v1: score=-0.3501, selection_score=-0.3501, eligible=True, ann=-0.0318, sharpe=-0.2709, mdd=-0.1265; multifactor_volume_price_filter_v1: score=-2.0773, selection_score=-2.0773, eligible=True, ann=-0.1918, sharpe=-1.8723, mdd=-0.2182; core_selection_quality_momentum_v1: score=-1.9029, selection_score=-1.9029, eligible=True, ann=-0.1859, sharpe=-1.6921, mdd=-0.2358; theme_exposure_momentum_v1: score=-2.2918, selection_score=-2.2918, eligible=True, ann=-0.1696, sharpe=-2.1038, mdd=-0.2064",quality_low_turnover_monthly_v1,False,True,eligible,,,,,,,,,,,,,,,,,,,,,,,baseline_2y_1y_5fold,2,1,2019-04-01,2026-03-31,5,5,,ok,
PORTFOLIO,5,2023-04-03,2025-03-31,2025-04-01,2026-03-31,-0.06495763665339116,-0.7428935057553676,-0.11677100829488918,0.43478260869565216,55.80589020492744,112,True,"theme_mom20@q0.6,ma20,vol@q0.75,amt>=1.2,breakout_required=True,xscore>=0.5,top_n=3,target_vol=0.18",theme_exposure_momentum_v1,theme_exposure_momentum_v1,Theme Exposure Momentum,theme_exposure,portfolio,True,True,69,69,2.2753623188405796,2.2753623188405796,112,2025-04-02,"['SH.601328', 'SH.600919']",point_in_time,2025-03-31,120,5390,local_history_sqlite_as_of,"legacy_momentum: score=-2.1414, selection_score=-2.1414, eligible=True, ann=-0.2308, sharpe=-1.8963, mdd=-0.2595; legacy_momentum_low_turnover_v1: score=-0.5461, selection_score=-0.5461, eligible=True, ann=-0.0536, sharpe=-0.4498, mdd=-0.1391; ma_kline_baseline_v1: score=-4.0328, selection_score=-4.0328, eligible=True, ann=-0.4350, sharpe=-3.6009, mdd=-0.4289; residual_momentum_reversal_v1: score=-2.7984, selection_score=-2.7984, eligible=True, ann=-0.2716, sharpe=-2.5253, mdd=-0.2746; residual_momentum_reversal_v2: score=-4.1183, selection_score=-4.1183, eligible=True, ann=-0.4176, sharpe=-3.7023, mdd=-0.4145; quality_growth_price_v1: score=-1.4040, selection_score=-1.4040, eligible=True, ann=-0.0944, sharpe=-1.2620, mdd=-0.1895; low_vol_low_turnover_quality_v1: score=-0.4907, selection_score=-0.4907, eligible=True, ann=-0.0466, sharpe=-0.4086, mdd=-0.1177; quality_low_turnover_monthly_v1: score=-0.3501, selection_score=-0.3501, eligible=True, ann=-0.0318, sharpe=-0.2709, mdd=-0.1265; multifactor_volume_price_filter_v1: score=-2.0773, selection_score=-2.0773, eligible=True, ann=-0.1918, sharpe=-1.8723, mdd=-0.2182; core_selection_quality_momentum_v1: score=-1.9029, selection_score=-1.9029, eligible=True, ann=-0.1859, sharpe=-1.6921, mdd=-0.2358; theme_exposure_momentum_v1: score=-2.2918, selection_score=-2.2918, eligible=True, ann=-0.1696, sharpe=-2.1038, mdd=-0.2064",quality_low_turnover_monthly_v1,False,True,eligible,,,,,,,,,,,,,,,,,,,,,,,baseline_2y_1y_5fold,2,1,2019-04-01,2026-03-31,5,5,,ok,
