strategy_id,walk_forward_preset,fold,valid_start,valid_end,market_context_label,date,benchmark_symbol,benchmark_weight_date,asof_status,benchmark_constituent_count,benchmark_weight_sum,strategy_live_exposure,reported_live_exposure,strategy_live_holding_count,strategy_position_return,benchmark_daily_return,strategy_excess_daily_return,strategy_weight_in_benchmark,strategy_weight_outside_benchmark,benchmark_weight_held_by_strategy,benchmark_weight_missed_by_strategy,benchmark_top_n,benchmark_top_n_weight_total,benchmark_top_n_weight_held,benchmark_top_n_weight_missed,benchmark_top_n_coverage_ratio,constituent_overlap_count,outside_benchmark_count,industry_l1_gap_raw,industry_l1_gap_normalized,top_industry_underweight,top_industry_underweight_value,top_industry_overweight,top_industry_overweight_value
price_volume_low_turnover_v1,baseline_2y_1y_5fold,4,2024-04-01,2025-03-31,relative_lag_in_strong_benchmark_context,2024-04-01,SH.000300,2024-03-29,available,300,1.0000400000000003,0.0,0.0,0,0.0,0.01644390922351513,-0.01644390922351513,0.0,0.0,0.0,1.0,20,0.31817,0.0,0.31817,0.0,0,0,1.00004,,银行,-0.1256,区域地产,-0.00048
price_volume_low_turnover_v1,baseline_2y_1y_5fold,4,2024-04-01,2025-03-31,relative_lag_in_strong_benchmark_context,2024-04-02,SH.000300,2024-04-01,available,300,0.9999979999999999,0.5385261348542093,0.5385261348542095,9,0.0019969018884345925,-0.0041633640649118,0.006160265953346393,0.5385261348542093,0.0,0.055328,0.944672,20,0.318349,0.015243,0.303106,0.047881413166053606,9,0,1.1791201348542093,1.6405939999999999,银行,-0.12473,建筑工程,0.1039054412953766
price_volume_low_turnover_v1,baseline_2y_1y_5fold,4,2024-04-01,2025-03-31,relative_lag_in_strong_benchmark_context,2024-04-03,SH.000300,2024-04-01,available,300,0.9999979999999999,0.5385261348542093,0.5385261348542095,9,0.00435522232824598,-0.0035970821184801,0.00795230444672608,0.5385261348542093,0.0,0.055328,0.944672,20,0.318349,0.015243,0.303106,0.047881413166053606,9,0,1.1791201348542093,1.6405939999999999,银行,-0.12473,建筑工程,0.1039054412953766
price_volume_low_turnover_v1,baseline_2y_1y_5fold,4,2024-04-01,2025-03-31,relative_lag_in_strong_benchmark_context,2024-04-08,SH.000300,2024-04-01,available,300,0.9999979999999999,0.5385261348542093,0.5385261348542095,9,-0.005722322810344528,-0.0087981389091317,0.0030758160987871715,0.5385261348542093,0.0,0.055328,0.944672,20,0.318349,0.015243,0.303106,0.047881413166053606,9,0,1.1791201348542093,1.6405939999999999,银行,-0.12473,建筑工程,0.1039054412953766
price_volume_low_turnover_v1,baseline_2y_1y_5fold,4,2024-04-01,2025-03-31,relative_lag_in_strong_benchmark_context,2024-04-09,SH.000300,2024-04-01,available,300,0.9999979999999999,0.5385261348542093,0.5385261348542095,9,-0.007201597842126,-0.0008256961155522,-0.0063759017265738,0.5385261348542093,0.0,0.055328,0.944672,20,0.318349,0.015243,0.303106,0.047881413166053606,9,0,1.1791201348542093,1.6405939999999999,银行,-0.12473,建筑工程,0.1039054412953766
price_volume_low_turnover_v1,baseline_2y_1y_5fold,4,2024-04-01,2025-03-31,relative_lag_in_strong_benchmark_context,2024-04-10,SH.000300,2024-04-01,available,300,0.9999979999999999,0.5385261348542093,0.5385261348542095,9,0.0021077164734422,-0.0081449218761053,0.0102526383495475,0.5385261348542093,0.0,0.055328,0.944672,20,0.318349,0.015243,0.303106,0.047881413166053606,9,0,1.1791201348542093,1.6405939999999999,银行,-0.12473,建筑工程,0.1039054412953766
price_volume_low_turnover_v1,baseline_2y_1y_5fold,4,2024-04-01,2025-03-31,relative_lag_in_strong_benchmark_context,2024-04-11,SH.000300,2024-04-01,available,300,0.9999979999999999,0.5385261348542093,0.5385261348542095,9,0.0053037038095469,-0.0001341052469392,0.0054378090564861,0.5385261348542093,0.0,0.055328,0.944672,20,0.318349,0.015243,0.303106,0.047881413166053606,9,0,1.1791201348542093,1.6405939999999999,银行,-0.12473,建筑工程,0.1039054412953766
price_volume_low_turnover_v1,baseline_2y_1y_5fold,4,2024-04-01,2025-03-31,relative_lag_in_strong_benchmark_context,2024-04-12,SH.000300,2024-04-01,available,300,0.9999979999999999,0.5385261348542093,0.5385261348542095,9,-0.0056135315075938,-0.0081044677305206,0.0024909362229267994,0.5385261348542093,0.0,0.055328,0.944672,20,0.318349,0.015243,0.303106,0.047881413166053606,9,0,1.1791201348542093,1.6405939999999999,银行,-0.12473,建筑工程,0.1039054412953766
price_volume_low_turnover_v1,baseline_2y_1y_5fold,4,2024-04-01,2025-03-31,relative_lag_in_strong_benchmark_context,2024-04-15,SH.000300,2024-04-01,available,300,0.9999979999999999,0.5385261348542093,0.5385261348542095,9,0.0217397362426484,0.0210711655312096,0.0006685707114388005,0.5385261348542093,0.0,0.055328,0.944672,20,0.318349,0.015243,0.303106,0.047881413166053606,9,0,1.1791201348542093,1.6405939999999999,银行,-0.12473,建筑工程,0.1039054412953766
price_volume_low_turnover_v1,baseline_2y_1y_5fold,4,2024-04-01,2025-03-31,relative_lag_in_strong_benchmark_context,2024-04-16,SH.000300,2024-04-01,available,300,0.9999979999999999,0.5385261348542093,0.5385261348542095,9,-0.0102067423871469,-0.0106985472291409,0.0004918048419940008,0.5385261348542093,0.0,0.055328,0.944672,20,0.318349,0.015243,0.303106,0.047881413166053606,9,0,1.1791201348542093,1.6405939999999999,银行,-0.12473,建筑工程,0.1039054412953766
price_volume_low_turnover_v1,baseline_2y_1y_5fold,4,2024-04-01,2025-03-31,relative_lag_in_strong_benchmark_context,2024-04-17,SH.000300,2024-04-01,available,300,0.9999979999999999,0.5385261348542093,0.5385261348542095,9,0.008352733834250399,0.0154623466652996,-0.007109612831049201,0.5385261348542093,0.0,0.055328,0.944672,20,0.318349,0.015243,0.303106,0.047881413166053606,9,0,1.1791201348542093,1.6405939999999999,银行,-0.12473,建筑工程,0.1039054412953766
price_volume_low_turnover_v1,baseline_2y_1y_5fold,4,2024-04-01,2025-03-31,relative_lag_in_strong_benchmark_context,2024-04-18,SH.000300,2024-04-01,available,300,0.9999979999999999,0.5385261348542093,0.5385261348542095,9,-0.0020675002421224,0.0012340831323274,-0.0033015833744498005,0.5385261348542093,0.0,0.055328,0.944672,20,0.318349,0.015243,0.303106,0.047881413166053606,9,0,1.1791201348542093,1.6405939999999999,银行,-0.12473,建筑工程,0.1039054412953766
price_volume_low_turnover_v1,baseline_2y_1y_5fold,4,2024-04-01,2025-03-31,relative_lag_in_strong_benchmark_context,2024-04-19,SH.000300,2024-04-01,available,300,0.9999979999999999,0.5385261348542093,0.5385261348542095,9,-0.0015531619529064616,-0.0078827945543168,0.006329632601410338,0.5385261348542093,0.0,0.055328,0.944672,20,0.318349,0.015243,0.303106,0.047881413166053606,9,0,1.1791201348542093,1.6405939999999999,银行,-0.12473,建筑工程,0.1039054412953766
price_volume_low_turnover_v1,baseline_2y_1y_5fold,4,2024-04-01,2025-03-31,relative_lag_in_strong_benchmark_context,2024-04-22,SH.000300,2024-04-01,available,300,0.9999979999999999,0.5385261348542093,0.5385261348542095,9,-0.003426438584310701,-0.0030381233658791,-0.0003883152184316011,0.5385261348542093,0.0,0.055328,0.944672,20,0.318349,0.015243,0.303106,0.047881413166053606,9,0,1.1791201348542093,1.6405939999999999,银行,-0.12473,建筑工程,0.1039054412953766
price_volume_low_turnover_v1,baseline_2y_1y_5fold,4,2024-04-01,2025-03-31,relative_lag_in_strong_benchmark_context,2024-04-23,SH.000300,2024-04-01,available,300,0.9999979999999999,0.5385261348542093,0.5385261348542095,9,-0.010689179258313301,-0.0069897193350138,-0.0036994599232995015,0.5385261348542093,0.0,0.055328,0.944672,20,0.318349,0.015243,0.303106,0.047881413166053606,9,0,1.1791201348542093,1.6405939999999999,银行,-0.12473,建筑工程,0.1039054412953766
price_volume_low_turnover_v1,baseline_2y_1y_5fold,4,2024-04-01,2025-03-31,relative_lag_in_strong_benchmark_context,2024-04-24,SH.000300,2024-04-01,available,300,0.9999979999999999,0.5385261348542093,0.5385261348542095,9,0.006860558336649499,0.0043921944430185,0.0024683638936309994,0.5385261348542093,0.0,0.055328,0.944672,20,0.318349,0.015243,0.303106,0.047881413166053606,9,0,1.1791201348542093,1.6405939999999999,银行,-0.12473,建筑工程,0.1039054412953766
price_volume_low_turnover_v1,baseline_2y_1y_5fold,4,2024-04-01,2025-03-31,relative_lag_in_strong_benchmark_context,2024-04-25,SH.000300,2024-04-01,available,300,0.9999979999999999,0.5385261348542093,0.5385261348542095,9,-0.0011001024378889002,0.0024590955298982,-0.0035591979677871005,0.5385261348542093,0.0,0.055328,0.944672,20,0.318349,0.015243,0.303106,0.047881413166053606,9,0,1.1791201348542093,1.6405939999999999,银行,-0.12473,建筑工程,0.1039054412953766
price_volume_low_turnover_v1,baseline_2y_1y_5fold,4,2024-04-01,2025-03-31,relative_lag_in_strong_benchmark_context,2024-04-26,SH.000300,2024-04-01,available,300,0.9999979999999999,0.5385261348542093,0.5385261348542095,9,0.0127471532791684,0.0152934044891621,-0.002546251209993699,0.5385261348542093,0.0,0.055328,0.944672,20,0.318349,0.015243,0.303106,0.047881413166053606,9,0,1.1791201348542093,1.6405939999999999,银行,-0.12473,建筑工程,0.1039054412953766
price_volume_low_turnover_v1,baseline_2y_1y_5fold,4,2024-04-01,2025-03-31,relative_lag_in_strong_benchmark_context,2024-04-29,SH.000300,2024-04-01,available,300,0.9999979999999999,0.5385261348542093,0.5385261348542095,9,-0.0021299872096088007,0.0110594346966048,-0.0131894219062136,0.5385261348542093,0.0,0.055328,0.944672,20,0.318349,0.015243,0.303106,0.047881413166053606,9,0,1.1791201348542093,1.6405939999999999,银行,-0.12473,建筑工程,0.1039054412953766
price_volume_low_turnover_v1,baseline_2y_1y_5fold,4,2024-04-01,2025-03-31,relative_lag_in_strong_benchmark_context,2024-04-30,SH.000300,2024-04-01,available,300,0.9999979999999999,0.5385261348542093,0.5385261348542095,9,-0.0051072796820149004,-0.0053864472351686,0.00027916755315369936,0.5385261348542093,0.0,0.055328,0.944672,20,0.318349,0.015243,0.303106,0.047881413166053606,9,0,1.1791201348542093,1.6405939999999999,银行,-0.12473,建筑工程,0.1039054412953766
price_volume_low_turnover_v1,baseline_2y_1y_5fold,4,2024-04-01,2025-03-31,relative_lag_in_strong_benchmark_context,2024-05-06,SH.000300,2024-04-30,available,300,1.0000299999999998,0.5385261348542093,0.5385261348542095,9,0.0083097863356299,0.0148402364893922,-0.0065304501537623,0.5385261348542093,0.0,0.055889999999999995,0.94411,20,0.32333999999999996,0.01584,0.30749999999999994,0.04898868064575989,9,0,1.1811761348542094,1.64265,银行,-0.13086,建筑工程,0.1043344412953766
price_volume_low_turnover_v1,baseline_2y_1y_5fold,4,2024-04-01,2025-03-31,relative_lag_in_strong_benchmark_context,2024-05-07,SH.000300,2024-05-06,available,300,0.999992,0.5385261348542093,0.5385261348542095,9,0.0026276073878438427,0.0003089221078875,0.002318685279956343,0.5385261348542093,0.0,0.055799999999999995,0.9442,20,0.324554,0.015531,0.309023,0.047853361844253955,9,0,1.1787221348542094,1.640196,银行,-0.128951,建筑工程,0.1043434412953766
price_volume_low_turnover_v1,baseline_2y_1y_5fold,4,2024-04-01,2025-03-31,relative_lag_in_strong_benchmark_context,2024-05-08,SH.000300,2024-05-06,available,300,0.999992,0.5385261348542093,0.5385261348542095,9,-0.0016384825304879003,-0.0078682485153088,0.0062297659848209,0.5385261348542093,0.0,0.055799999999999995,0.9442,20,0.324554,0.015531,0.309023,0.047853361844253955,9,0,1.1787221348542094,1.640196,银行,-0.128951,建筑工程,0.1043434412953766
price_volume_low_turnover_v1,baseline_2y_1y_5fold,4,2024-04-01,2025-03-31,relative_lag_in_strong_benchmark_context,2024-05-09,SH.000300,2024-05-06,available,300,0.999992,0.5385261348542093,0.5385261348542095,9,0.01056668102283568,0.0094594817944917,0.0011071992283439788,0.5385261348542093,0.0,0.055799999999999995,0.9442,20,0.324554,0.015531,0.309023,0.047853361844253955,9,0,1.1787221348542094,1.640196,银行,-0.128951,建筑工程,0.1043434412953766
price_volume_low_turnover_v1,baseline_2y_1y_5fold,4,2024-04-01,2025-03-31,relative_lag_in_strong_benchmark_context,2024-05-10,SH.000300,2024-05-06,available,300,0.999992,0.5385261348542093,0.5385261348542095,9,0.0019473584521266,0.0004693605780776,0.001477997874049,0.5385261348542093,0.0,0.055799999999999995,0.9442,20,0.324554,0.015531,0.309023,0.047853361844253955,9,0,1.1787221348542094,1.640196,银行,-0.128951,建筑工程,0.1043434412953766
price_volume_low_turnover_v1,baseline_2y_1y_5fold,4,2024-04-01,2025-03-31,relative_lag_in_strong_benchmark_context,2024-05-13,SH.000300,2024-05-06,available,300,0.999992,0.5385261348542093,0.5385261348542095,9,-0.0010353869834114435,-0.0004336820973848,-0.0006017048860266435,0.5385261348542093,0.0,0.055799999999999995,0.9442,20,0.324554,0.015531,0.309023,0.047853361844253955,9,0,1.1787221348542094,1.640196,银行,-0.128951,建筑工程,0.1043434412953766
price_volume_low_turnover_v1,baseline_2y_1y_5fold,4,2024-04-01,2025-03-31,relative_lag_in_strong_benchmark_context,2024-05-14,SH.000300,2024-05-06,available,300,0.999992,0.5385261348542093,0.5385261348542095,9,-0.0023720226421661003,-0.0020847602389287,-0.00028726240323740044,0.5385261348542093,0.0,0.055799999999999995,0.9442,20,0.324554,0.015531,0.309023,0.047853361844253955,9,0,1.1787221348542094,1.640196,银行,-0.128951,建筑工程,0.1043434412953766
price_volume_low_turnover_v1,baseline_2y_1y_5fold,4,2024-04-01,2025-03-31,relative_lag_in_strong_benchmark_context,2024-05-15,SH.000300,2024-05-06,available,300,0.999992,0.5385261348542093,0.5385261348542095,9,-0.0057652042912202,-0.0084740432862553,0.0027088389950350993,0.5385261348542093,0.0,0.055799999999999995,0.9442,20,0.324554,0.015531,0.309023,0.047853361844253955,9,0,1.1787221348542094,1.640196,银行,-0.128951,建筑工程,0.1043434412953766
price_volume_low_turnover_v1,baseline_2y_1y_5fold,4,2024-04-01,2025-03-31,relative_lag_in_strong_benchmark_context,2024-05-16,SH.000300,2024-05-06,available,300,0.999992,0.5385261348542093,0.5385261348542095,9,0.002441887671119321,0.0039436744014165,-0.0015017867302971792,0.5385261348542093,0.0,0.055799999999999995,0.9442,20,0.324554,0.015531,0.309023,0.047853361844253955,9,0,1.1787221348542094,1.640196,银行,-0.128951,建筑工程,0.1043434412953766
price_volume_low_turnover_v1,baseline_2y_1y_5fold,4,2024-04-01,2025-03-31,relative_lag_in_strong_benchmark_context,2024-05-17,SH.000300,2024-05-06,available,300,0.999992,0.5385261348542093,0.5385261348542095,9,0.0053746675259793,0.01033139579602,-0.0049567282700407,0.5385261348542093,0.0,0.055799999999999995,0.9442,20,0.324554,0.015531,0.309023,0.047853361844253955,9,0,1.1787221348542094,1.640196,银行,-0.128951,建筑工程,0.1043434412953766
price_volume_low_turnover_v1,baseline_2y_1y_5fold,4,2024-04-01,2025-03-31,relative_lag_in_strong_benchmark_context,2024-05-20,SH.000300,2024-05-06,available,300,0.999992,0.5385261348542093,0.5385261348542095,9,0.0033921658944081994,0.003531839574548,-0.0001396736801398007,0.5385261348542093,0.0,0.055799999999999995,0.9442,20,0.324554,0.015531,0.309023,0.047853361844253955,9,0,1.1787221348542094,1.640196,银行,-0.128951,建筑工程,0.1043434412953766
price_volume_low_turnover_v1,baseline_2y_1y_5fold,4,2024-04-01,2025-03-31,relative_lag_in_strong_benchmark_context,2024-05-21,SH.000300,2024-05-06,available,300,0.999992,0.5385261348542093,0.5385261348542095,9,-0.0032269781323025337,-0.0040097969092052,0.0007828187769026666,0.5385261348542093,0.0,0.055799999999999995,0.9442,20,0.324554,0.015531,0.309023,0.047853361844253955,9,0,1.1787221348542094,1.640196,银行,-0.128951,建筑工程,0.1043434412953766
price_volume_low_turnover_v1,baseline_2y_1y_5fold,4,2024-04-01,2025-03-31,relative_lag_in_strong_benchmark_context,2024-05-22,SH.000300,2024-05-06,available,300,0.999992,0.5385261348542093,0.5385261348542095,9,-0.0035110453100968267,0.0022550705083566,-0.005766115818453427,0.5385261348542093,0.0,0.055799999999999995,0.9442,20,0.324554,0.015531,0.309023,0.047853361844253955,9,0,1.1787221348542094,1.640196,银行,-0.128951,建筑工程,0.1043434412953766
price_volume_low_turnover_v1,baseline_2y_1y_5fold,4,2024-04-01,2025-03-31,relative_lag_in_strong_benchmark_context,2024-05-23,SH.000300,2024-05-06,available,300,0.999992,0.5385261348542093,0.5385261348542095,9,-0.010535900006113201,-0.0115783902617757,0.0010424902556624982,0.5385261348542093,0.0,0.055799999999999995,0.9442,20,0.324554,0.015531,0.309023,0.047853361844253955,9,0,1.1787221348542094,1.640196,银行,-0.128951,建筑工程,0.1043434412953766
price_volume_low_turnover_v1,baseline_2y_1y_5fold,4,2024-04-01,2025-03-31,relative_lag_in_strong_benchmark_context,2024-05-24,SH.000300,2024-05-06,available,300,0.999992,0.5385261348542093,0.5385261348542095,9,-0.0031610303347099802,-0.0110687326836528,0.00790770234894282,0.5385261348542093,0.0,0.055799999999999995,0.9442,20,0.324554,0.015531,0.309023,0.047853361844253955,9,0,1.1787221348542094,1.640196,银行,-0.128951,建筑工程,0.1043434412953766
price_volume_low_turnover_v1,baseline_2y_1y_5fold,4,2024-04-01,2025-03-31,relative_lag_in_strong_benchmark_context,2024-05-27,SH.000300,2024-05-06,available,300,0.999992,0.5385261348542093,0.5385261348542095,9,0.0083064026407216,0.0095044259582171,-0.0011980233174954998,0.5385261348542093,0.0,0.055799999999999995,0.9442,20,0.324554,0.015531,0.309023,0.047853361844253955,9,0,1.1787221348542094,1.640196,银行,-0.128951,建筑工程,0.1043434412953766
price_volume_low_turnover_v1,baseline_2y_1y_5fold,4,2024-04-01,2025-03-31,relative_lag_in_strong_benchmark_context,2024-05-28,SH.000300,2024-05-06,available,300,0.999992,0.5385261348542093,0.5385261348542095,9,-0.007198257008837645,-0.0072998121412324,0.00010155513239475545,0.5385261348542093,0.0,0.055799999999999995,0.9442,20,0.324554,0.015531,0.309023,0.047853361844253955,9,0,1.1787221348542094,1.640196,银行,-0.128951,建筑工程,0.1043434412953766
price_volume_low_turnover_v1,baseline_2y_1y_5fold,4,2024-04-01,2025-03-31,relative_lag_in_strong_benchmark_context,2024-05-29,SH.000300,2024-05-06,available,300,0.999992,0.5385261348542093,0.5385261348542095,9,0.00027499761852801616,0.0012052632599739,-0.0009302656414458839,0.5385261348542093,0.0,0.055799999999999995,0.9442,20,0.324554,0.015531,0.309023,0.047853361844253955,9,0,1.1787221348542094,1.640196,银行,-0.128951,建筑工程,0.1043434412953766
price_volume_low_turnover_v1,baseline_2y_1y_5fold,4,2024-04-01,2025-03-31,relative_lag_in_strong_benchmark_context,2024-05-30,SH.000300,2024-05-06,available,300,0.999992,0.5385261348542093,0.5385261348542095,9,-0.006366379124244499,-0.0053161460293563,-0.001050233094888199,0.5385261348542093,0.0,0.055799999999999995,0.9442,20,0.324554,0.015531,0.309023,0.047853361844253955,9,0,1.1787221348542094,1.640196,银行,-0.128951,建筑工程,0.1043434412953766
price_volume_low_turnover_v1,baseline_2y_1y_5fold,4,2024-04-01,2025-03-31,relative_lag_in_strong_benchmark_context,2024-05-31,SH.000300,2024-05-06,available,300,0.999992,0.5385261348542093,0.5385261348542095,9,-0.0035339922309914,-0.0040035500555043,0.0004695578245128996,0.5385261348542093,0.0,0.055799999999999995,0.9442,20,0.324554,0.015531,0.309023,0.047853361844253955,9,0,1.1787221348542094,1.640196,银行,-0.128951,建筑工程,0.1043434412953766
price_volume_low_turnover_v1,baseline_2y_1y_5fold,4,2024-04-01,2025-03-31,relative_lag_in_strong_benchmark_context,2024-06-03,SH.000300,2024-05-31,available,300,1.00003,0.5385261348542093,0.5385261348542095,9,-0.0015404037888324998,0.0024665355650406,-0.0040069393538731,0.5385261348542093,0.0,0.05545,0.94455,20,0.32109000000000004,0.01577,0.30532000000000004,0.04911395558877572,9,0,1.1850361348542093,1.64651,银行,-0.13521,建筑工程,0.1034444412953766
price_volume_low_turnover_v1,baseline_2y_1y_5fold,4,2024-04-01,2025-03-31,relative_lag_in_strong_benchmark_context,2024-06-04,SH.000300,2024-06-03,available,300,1.000003,0.7906703225443384,0.7906703225443386,10,-0.00032484176882340053,0.0075012190874259,-0.0078260608562493,0.7906703225443384,0.0,0.063463,0.936537,20,0.321909,0.014726,0.307183,0.04574584742893178,10,0,1.2513539717796178,1.3847515084736346,白酒,-0.09273500000000001,新型电力,0.1620952736211533
price_volume_low_turnover_v1,baseline_2y_1y_5fold,4,2024-04-01,2025-03-31,relative_lag_in_strong_benchmark_context,2024-06-05,SH.000300,2024-06-03,available,300,1.000003,0.7906703225443384,0.7906703225443386,10,-0.0014693149589462002,-0.0057748633033435,0.0043055483443973,0.7906703225443384,0.0,0.063463,0.936537,20,0.321909,0.014726,0.307183,0.04574584742893178,10,0,1.2513539717796178,1.3847515084736346,白酒,-0.09273500000000001,新型电力,0.1620952736211533
price_volume_low_turnover_v1,baseline_2y_1y_5fold,4,2024-04-01,2025-03-31,relative_lag_in_strong_benchmark_context,2024-06-06,SH.000300,2024-06-03,available,300,1.000003,0.7906703225443384,0.7906703225443386,10,0.005345723251699341,-0.0007065781311286,0.006052301382827941,0.7906703225443384,0.0,0.063463,0.936537,20,0.321909,0.014726,0.307183,0.04574584742893178,10,0,1.2513539717796178,1.3847515084736346,白酒,-0.09273500000000001,新型电力,0.1620952736211533
price_volume_low_turnover_v1,baseline_2y_1y_5fold,4,2024-04-01,2025-03-31,relative_lag_in_strong_benchmark_context,2024-06-07,SH.000300,2024-06-03,available,300,1.000003,0.7906703225443384,0.7906703225443386,10,0.004469798747401206,-0.0050497598997841,0.009519558647185306,0.7906703225443384,0.0,0.063463,0.936537,20,0.321909,0.014726,0.307183,0.04574584742893178,10,0,1.2513539717796178,1.3847515084736346,白酒,-0.09273500000000001,新型电力,0.1620952736211533
price_volume_low_turnover_v1,baseline_2y_1y_5fold,4,2024-04-01,2025-03-31,relative_lag_in_strong_benchmark_context,2024-06-11,SH.000300,2024-06-03,available,300,1.000003,0.7906703225443384,0.7906703225443386,10,-0.008119162028026343,-0.0087378396300058,0.0006186776019794574,0.7906703225443384,0.0,0.063463,0.936537,20,0.321909,0.014726,0.307183,0.04574584742893178,10,0,1.2513539717796178,1.3847515084736346,白酒,-0.09273500000000001,新型电力,0.1620952736211533
price_volume_low_turnover_v1,baseline_2y_1y_5fold,4,2024-04-01,2025-03-31,relative_lag_in_strong_benchmark_context,2024-06-12,SH.000300,2024-06-03,available,300,1.000003,0.7906703225443384,0.7906703225443386,10,0.005231639000089799,0.0003499977419498,0.00488164125814,0.7906703225443384,0.0,0.063463,0.936537,20,0.321909,0.014726,0.307183,0.04574584742893178,10,0,1.2513539717796178,1.3847515084736346,白酒,-0.09273500000000001,新型电力,0.1620952736211533
price_volume_low_turnover_v1,baseline_2y_1y_5fold,4,2024-04-01,2025-03-31,relative_lag_in_strong_benchmark_context,2024-06-13,SH.000300,2024-06-03,available,300,1.000003,0.7906703225443384,0.7906703225443386,10,0.0010159496138860994,-0.005076013227543,0.006091962841429099,0.7906703225443384,0.0,0.063463,0.936537,20,0.321909,0.014726,0.307183,0.04574584742893178,10,0,1.2513539717796178,1.3847515084736346,白酒,-0.09273500000000001,新型电力,0.1620952736211533
price_volume_low_turnover_v1,baseline_2y_1y_5fold,4,2024-04-01,2025-03-31,relative_lag_in_strong_benchmark_context,2024-06-14,SH.000300,2024-06-03,available,300,1.000003,0.7906703225443384,0.7906703225443386,10,-0.007064534813443399,0.0043673942821167,-0.011431929095560098,0.7906703225443384,0.0,0.063463,0.936537,20,0.321909,0.014726,0.307183,0.04574584742893178,10,0,1.2513539717796178,1.3847515084736346,白酒,-0.09273500000000001,新型电力,0.1620952736211533
price_volume_low_turnover_v1,baseline_2y_1y_5fold,4,2024-04-01,2025-03-31,relative_lag_in_strong_benchmark_context,2024-06-17,SH.000300,2024-06-03,available,300,1.000003,0.7906703225443384,0.7906703225443386,10,-0.0033573434851552576,-0.0015049992517359,-0.0018523442334193575,0.7906703225443384,0.0,0.063463,0.936537,20,0.321909,0.014726,0.307183,0.04574584742893178,10,0,1.2513539717796178,1.3847515084736346,白酒,-0.09273500000000001,新型电力,0.1620952736211533
price_volume_low_turnover_v1,baseline_2y_1y_5fold,4,2024-04-01,2025-03-31,relative_lag_in_strong_benchmark_context,2024-06-18,SH.000300,2024-06-03,available,300,1.000003,0.7906703225443384,0.7906703225443386,10,0.001231293535890834,0.0026553927945252,-0.001424099258634366,0.7906703225443384,0.0,0.063463,0.936537,20,0.321909,0.014726,0.307183,0.04574584742893178,10,0,1.2513539717796178,1.3847515084736346,白酒,-0.09273500000000001,新型电力,0.1620952736211533
price_volume_low_turnover_v1,baseline_2y_1y_5fold,4,2024-04-01,2025-03-31,relative_lag_in_strong_benchmark_context,2024-06-19,SH.000300,2024-06-03,available,300,1.000003,0.7906703225443384,0.7906703225443386,10,0.0036233705834583245,-0.0047495621321134,0.008372932715571725,0.7906703225443384,0.0,0.063463,0.936537,20,0.321909,0.014726,0.307183,0.04574584742893178,10,0,1.2513539717796178,1.3847515084736346,白酒,-0.09273500000000001,新型电力,0.1620952736211533
price_volume_low_turnover_v1,baseline_2y_1y_5fold,4,2024-04-01,2025-03-31,relative_lag_in_strong_benchmark_context,2024-06-20,SH.000300,2024-06-03,available,300,1.000003,0.7906703225443384,0.7906703225443386,10,0.007547874594082899,-0.0072178533475025,0.0147657279415854,0.7906703225443384,0.0,0.063463,0.936537,20,0.321909,0.014726,0.307183,0.04574584742893178,10,0,1.2513539717796178,1.3847515084736346,白酒,-0.09273500000000001,新型电力,0.1620952736211533
price_volume_low_turnover_v1,baseline_2y_1y_5fold,4,2024-04-01,2025-03-31,relative_lag_in_strong_benchmark_context,2024-06-21,SH.000300,2024-06-03,available,300,1.000003,0.7906703225443384,0.7906703225443386,10,-0.004618955013072537,-0.0021865223447741,-0.002432432668298437,0.7906703225443384,0.0,0.063463,0.936537,20,0.321909,0.014726,0.307183,0.04574584742893178,10,0,1.2513539717796178,1.3847515084736346,白酒,-0.09273500000000001,新型电力,0.1620952736211533
price_volume_low_turnover_v1,baseline_2y_1y_5fold,4,2024-04-01,2025-03-31,relative_lag_in_strong_benchmark_context,2024-06-24,SH.000300,2024-06-03,available,300,1.000003,0.7906703225443384,0.7906703225443386,10,0.0054870445312231,-0.0053810196760517,0.0108680642072748,0.7906703225443384,0.0,0.063463,0.936537,20,0.321909,0.014726,0.307183,0.04574584742893178,10,0,1.2513539717796178,1.3847515084736346,白酒,-0.09273500000000001,新型电力,0.1620952736211533
price_volume_low_turnover_v1,baseline_2y_1y_5fold,4,2024-04-01,2025-03-31,relative_lag_in_strong_benchmark_context,2024-06-25,SH.000300,2024-06-03,available,300,1.000003,0.7906703225443384,0.7906703225443386,10,-0.0018922516744958,-0.005438893698534,0.0035466420240382,0.7906703225443384,0.0,0.063463,0.936537,20,0.321909,0.014726,0.307183,0.04574584742893178,10,0,1.2513539717796178,1.3847515084736346,白酒,-0.09273500000000001,新型电力,0.1620952736211533
price_volume_low_turnover_v1,baseline_2y_1y_5fold,4,2024-04-01,2025-03-31,relative_lag_in_strong_benchmark_context,2024-06-26,SH.000300,2024-06-03,available,300,1.000003,0.7906703225443384,0.7906703225443386,10,0.001647798055535678,0.0064663524104224,-0.004818554354886722,0.7906703225443384,0.0,0.063463,0.936537,20,0.321909,0.014726,0.307183,0.04574584742893178,10,0,1.2513539717796178,1.3847515084736346,白酒,-0.09273500000000001,新型电力,0.1620952736211533
price_volume_low_turnover_v1,baseline_2y_1y_5fold,4,2024-04-01,2025-03-31,relative_lag_in_strong_benchmark_context,2024-06-27,SH.000300,2024-06-03,available,300,1.000003,0.7906703225443384,0.7906703225443386,10,-0.00040001658979257643,-0.0075109330912058,0.0071109165014132236,0.7906703225443384,0.0,0.063463,0.936537,20,0.321909,0.014726,0.307183,0.04574584742893178,10,0,1.2513539717796178,1.3847515084736346,白酒,-0.09273500000000001,新型电力,0.1620952736211533
price_volume_low_turnover_v1,baseline_2y_1y_5fold,4,2024-04-01,2025-03-31,relative_lag_in_strong_benchmark_context,2024-06-28,SH.000300,2024-06-03,available,300,1.000003,0.7906703225443384,0.7906703225443386,10,0.016484071818792898,0.0021829004203675,0.014301171398425398,0.7906703225443384,0.0,0.063463,0.936537,20,0.321909,0.014726,0.307183,0.04574584742893178,10,0,1.2513539717796178,1.3847515084736346,白酒,-0.09273500000000001,新型电力,0.1620952736211533
price_volume_low_turnover_v1,baseline_2y_1y_5fold,4,2024-04-01,2025-03-31,relative_lag_in_strong_benchmark_context,2024-07-01,SH.000300,2024-06-28,available,300,1.0000200000000001,0.7906703225443384,0.7906703225443386,10,0.0115943934515814,0.0047722768845004,0.006822116567081001,0.7906703225443384,0.0,0.06856999999999999,0.93143,20,0.32255,0.01992,0.30263,0.06175786699736475,10,0,1.2351429717796178,1.3685405084736346,白酒,-0.08395,新型电力,0.1615352736211533
price_volume_low_turnover_v1,baseline_2y_1y_5fold,4,2024-04-01,2025-03-31,relative_lag_in_strong_benchmark_context,2024-07-02,SH.000300,2024-07-01,available,300,1.0000040000000001,0.7906703225443384,0.7906703225443386,10,0.0030937449701097,-0.0018371677141493,0.004930912684259,0.7906703225443384,0.0,0.06933,0.93067,20,0.32055799999999995,0.020214,0.30034399999999994,0.06305879123278783,10,0,1.2323329717796179,1.3657305084736346,白酒,-0.082477,新型电力,0.16129727362115331
price_volume_low_turnover_v1,baseline_2y_1y_5fold,4,2024-04-01,2025-03-31,relative_lag_in_strong_benchmark_context,2024-07-03,SH.000300,2024-07-01,available,300,1.0000040000000001,0.7906703225443384,0.7906703225443386,10,-0.0030031511324969,-0.0024137404624128,-0.0005894106700841,0.7906703225443384,0.0,0.06933,0.93067,20,0.32055799999999995,0.020214,0.30034399999999994,0.06305879123278783,10,0,1.2323329717796179,1.3657305084736346,白酒,-0.082477,新型电力,0.16129727362115331
price_volume_low_turnover_v1,baseline_2y_1y_5fold,4,2024-04-01,2025-03-31,relative_lag_in_strong_benchmark_context,2024-07-04,SH.000300,2024-07-01,available,300,1.0000040000000001,0.7906703225443384,0.7906703225443386,10,0.002420295431375505,-0.0050816969402986,0.007501992371674105,0.7906703225443384,0.0,0.06933,0.93067,20,0.32055799999999995,0.020214,0.30034399999999994,0.06305879123278783,10,0,1.2323329717796179,1.3657305084736346,白酒,-0.082477,新型电力,0.16129727362115331
price_volume_low_turnover_v1,baseline_2y_1y_5fold,4,2024-04-01,2025-03-31,relative_lag_in_strong_benchmark_context,2024-07-05,SH.000300,2024-07-01,available,300,1.0000040000000001,0.7906703225443384,0.7906703225443386,10,-0.004842078833920461,-0.0042805610291919,-0.0005615178047285608,0.7906703225443384,0.0,0.06933,0.93067,20,0.32055799999999995,0.020214,0.30034399999999994,0.06305879123278783,10,0,1.2323329717796179,1.3657305084736346,白酒,-0.082477,新型电力,0.16129727362115331
price_volume_low_turnover_v1,baseline_2y_1y_5fold,4,2024-04-01,2025-03-31,relative_lag_in_strong_benchmark_context,2024-07-08,SH.000300,2024-07-01,available,300,1.0000040000000001,0.7906703225443384,0.7906703225443386,10,0.011624254187762908,-0.0085396349816091,0.020163889169372007,0.7906703225443384,0.0,0.06933,0.93067,20,0.32055799999999995,0.020214,0.30034399999999994,0.06305879123278783,10,0,1.2323329717796179,1.3657305084736346,白酒,-0.082477,新型电力,0.16129727362115331
price_volume_low_turnover_v1,baseline_2y_1y_5fold,4,2024-04-01,2025-03-31,relative_lag_in_strong_benchmark_context,2024-07-09,SH.000300,2024-07-01,available,300,1.0000040000000001,0.7906703225443384,0.7906703225443386,10,0.004263131612261342,0.0111853863882225,-0.006922254775961157,0.7906703225443384,0.0,0.06933,0.93067,20,0.32055799999999995,0.020214,0.30034399999999994,0.06305879123278783,10,0,1.2323329717796179,1.3657305084736346,白酒,-0.082477,新型电力,0.16129727362115331
price_volume_low_turnover_v1,baseline_2y_1y_5fold,4,2024-04-01,2025-03-31,relative_lag_in_strong_benchmark_context,2024-07-10,SH.000300,2024-07-01,available,300,1.0000040000000001,0.7906703225443384,0.7906703225443386,10,-0.0098105242630683,-0.0031513368470933,-0.006659187415975001,0.7906703225443384,0.0,0.06933,0.93067,20,0.32055799999999995,0.020214,0.30034399999999994,0.06305879123278783,10,0,1.2323329717796179,1.3657305084736346,白酒,-0.082477,新型电力,0.16129727362115331
price_volume_low_turnover_v1,baseline_2y_1y_5fold,4,2024-04-01,2025-03-31,relative_lag_in_strong_benchmark_context,2024-07-11,SH.000300,2024-07-01,available,300,1.0000040000000001,0.7906703225443384,0.7906703225443386,10,0.006721570495553743,0.0114320043628262,-0.004710433867272458,0.7906703225443384,0.0,0.06933,0.93067,20,0.32055799999999995,0.020214,0.30034399999999994,0.06305879123278783,10,0,1.2323329717796179,1.3657305084736346,白酒,-0.082477,新型电力,0.16129727362115331
price_volume_low_turnover_v1,baseline_2y_1y_5fold,4,2024-04-01,2025-03-31,relative_lag_in_strong_benchmark_context,2024-07-12,SH.000300,2024-07-01,available,300,1.0000040000000001,0.7906703225443384,0.7906703225443386,10,-0.005736201111435399,0.0012196633959695,-0.0069558645074048985,0.7906703225443384,0.0,0.06933,0.93067,20,0.32055799999999995,0.020214,0.30034399999999994,0.06305879123278783,10,0,1.2323329717796179,1.3657305084736346,白酒,-0.082477,新型电力,0.16129727362115331
price_volume_low_turnover_v1,baseline_2y_1y_5fold,4,2024-04-01,2025-03-31,relative_lag_in_strong_benchmark_context,2024-07-15,SH.000300,2024-07-01,available,300,1.0000040000000001,0.7906703225443384,0.7906703225443386,10,0.01551737126782094,0.0011087432323464,0.01440862803547454,0.7906703225443384,0.0,0.06933,0.93067,20,0.32055799999999995,0.020214,0.30034399999999994,0.06305879123278783,10,0,1.2323329717796179,1.3657305084736346,白酒,-0.082477,新型电力,0.16129727362115331
price_volume_low_turnover_v1,baseline_2y_1y_5fold,4,2024-04-01,2025-03-31,relative_lag_in_strong_benchmark_context,2024-07-16,SH.000300,2024-07-01,available,300,1.0000040000000001,0.7906703225443384,0.7906703225443386,10,0.01002009231126986,0.0063372887450559,0.0036828035662139604,0.7906703225443384,0.0,0.06933,0.93067,20,0.32055799999999995,0.020214,0.30034399999999994,0.06305879123278783,10,0,1.2323329717796179,1.3657305084736346,白酒,-0.082477,新型电力,0.16129727362115331
price_volume_low_turnover_v1,baseline_2y_1y_5fold,4,2024-04-01,2025-03-31,relative_lag_in_strong_benchmark_context,2024-07-17,SH.000300,2024-07-01,available,300,1.0000040000000001,0.7906703225443384,0.7906703225443386,10,-0.008512318532371199,0.0009433207176097,-0.009455639249980899,0.7906703225443384,0.0,0.06933,0.93067,20,0.32055799999999995,0.020214,0.30034399999999994,0.06305879123278783,10,0,1.2323329717796179,1.3657305084736346,白酒,-0.082477,新型电力,0.16129727362115331
price_volume_low_turnover_v1,baseline_2y_1y_5fold,4,2024-04-01,2025-03-31,relative_lag_in_strong_benchmark_context,2024-07-18,SH.000300,2024-07-01,available,300,1.0000040000000001,0.7906703225443384,0.7906703225443386,10,0.008994261168913996,0.0055260767996161,0.0034681843692978952,0.7906703225443384,0.0,0.06933,0.93067,20,0.32055799999999995,0.020214,0.30034399999999994,0.06305879123278783,10,0,1.2323329717796179,1.3657305084736346,白酒,-0.082477,新型电力,0.16129727362115331
price_volume_low_turnover_v1,baseline_2y_1y_5fold,4,2024-04-01,2025-03-31,relative_lag_in_strong_benchmark_context,2024-07-19,SH.000300,2024-07-01,available,300,1.0000040000000001,0.7906703225443384,0.7906703225443386,10,-0.0007796484278391001,0.0051378471028962,-0.0059174955307353,0.7906703225443384,0.0,0.06933,0.93067,20,0.32055799999999995,0.020214,0.30034399999999994,0.06305879123278783,10,0,1.2323329717796179,1.3657305084736346,白酒,-0.082477,新型电力,0.16129727362115331
price_volume_low_turnover_v1,baseline_2y_1y_5fold,4,2024-04-01,2025-03-31,relative_lag_in_strong_benchmark_context,2024-07-22,SH.000300,2024-07-01,available,300,1.0000040000000001,0.7906703225443384,0.7906703225443386,10,-0.010667428753121816,-0.0068097948019507,-0.003857633951171116,0.7906703225443384,0.0,0.06933,0.93067,20,0.32055799999999995,0.020214,0.30034399999999994,0.06305879123278783,10,0,1.2323329717796179,1.3657305084736346,白酒,-0.082477,新型电力,0.16129727362115331
price_volume_low_turnover_v1,baseline_2y_1y_5fold,4,2024-04-01,2025-03-31,relative_lag_in_strong_benchmark_context,2024-07-23,SH.000300,2024-07-01,available,300,1.0000040000000001,0.7906703225443384,0.7906703225443386,10,-0.0036787639442663004,-0.0213489922956994,0.0176702283514331,0.7906703225443384,0.0,0.06933,0.93067,20,0.32055799999999995,0.020214,0.30034399999999994,0.06305879123278783,10,0,1.2323329717796179,1.3657305084736346,白酒,-0.082477,新型电力,0.16129727362115331
price_volume_low_turnover_v1,baseline_2y_1y_5fold,4,2024-04-01,2025-03-31,relative_lag_in_strong_benchmark_context,2024-07-24,SH.000300,2024-07-01,available,300,1.0000040000000001,0.7906703225443384,0.7906703225443386,10,0.012088118266830799,-0.0063112666720932,0.018399384938924,0.7906703225443384,0.0,0.06933,0.93067,20,0.32055799999999995,0.020214,0.30034399999999994,0.06305879123278783,10,0,1.2323329717796179,1.3657305084736346,白酒,-0.082477,新型电力,0.16129727362115331
price_volume_low_turnover_v1,baseline_2y_1y_5fold,4,2024-04-01,2025-03-31,relative_lag_in_strong_benchmark_context,2024-07-25,SH.000300,2024-07-01,available,300,1.0000040000000001,0.7906703225443384,0.7906703225443386,10,-0.0067880667450597,-0.0055292744363212,-0.0012587923087385,0.7906703225443384,0.0,0.06933,0.93067,20,0.32055799999999995,0.020214,0.30034399999999994,0.06305879123278783,10,0,1.2323329717796179,1.3657305084736346,白酒,-0.082477,新型电力,0.16129727362115331
price_volume_low_turnover_v1,baseline_2y_1y_5fold,4,2024-04-01,2025-03-31,relative_lag_in_strong_benchmark_context,2024-07-26,SH.000300,2024-07-01,available,300,1.0000040000000001,0.7906703225443384,0.7906703225443386,10,-0.00969353712463193,0.0029476917102788,-0.01264122883491073,0.7906703225443384,0.0,0.06933,0.93067,20,0.32055799999999995,0.020214,0.30034399999999994,0.06305879123278783,10,0,1.2323329717796179,1.3657305084736346,白酒,-0.082477,新型电力,0.16129727362115331
price_volume_low_turnover_v1,baseline_2y_1y_5fold,4,2024-04-01,2025-03-31,relative_lag_in_strong_benchmark_context,2024-07-29,SH.000300,2024-07-01,available,300,1.0000040000000001,0.7906703225443384,0.7906703225443386,10,-0.0009601983710174713,-0.0054410155780236,0.004480817207006129,0.7906703225443384,0.0,0.06933,0.93067,20,0.32055799999999995,0.020214,0.30034399999999994,0.06305879123278783,10,0,1.2323329717796179,1.3657305084736346,白酒,-0.082477,新型电力,0.16129727362115331
price_volume_low_turnover_v1,baseline_2y_1y_5fold,4,2024-04-01,2025-03-31,relative_lag_in_strong_benchmark_context,2024-07-30,SH.000300,2024-07-01,available,300,1.0000040000000001,0.7906703225443384,0.7906703225443386,10,-0.012167761873435299,-0.0062995098415093,-0.005868252031925999,0.7906703225443384,0.0,0.06933,0.93067,20,0.32055799999999995,0.020214,0.30034399999999994,0.06305879123278783,10,0,1.2323329717796179,1.3657305084736346,白酒,-0.082477,新型电力,0.16129727362115331
price_volume_low_turnover_v1,baseline_2y_1y_5fold,4,2024-04-01,2025-03-31,relative_lag_in_strong_benchmark_context,2024-07-31,SH.000300,2024-07-01,available,300,1.0000040000000001,0.30232282897216234,0.3023228289721624,4,-0.0080388815221627,0.02157666989179,-0.0296155514139527,0.30232282897216234,0.0,0.017763,0.982237,20,0.32055799999999995,0.0,0.32055799999999995,0.0,4,0,1.2118728289721623,1.9095499999999999,银行,-0.13233,新型电力,0.10022670410092831
price_volume_low_turnover_v1,baseline_2y_1y_5fold,4,2024-04-01,2025-03-31,relative_lag_in_strong_benchmark_context,2024-08-01,SH.000300,2024-07-31,available,300,0.9999800000000001,0.30232282897216234,0.3023228289721624,4,0.003119225232745,-0.0066268070469018,0.0097460322796468,0.30232282897216234,0.0,0.018029999999999997,0.98197,20,0.32169,0.0,0.32169,0.0,4,0,1.2110428289721622,1.90872,银行,-0.13035,新型电力,0.09977470410092831
price_volume_low_turnover_v1,baseline_2y_1y_5fold,4,2024-04-01,2025-03-31,relative_lag_in_strong_benchmark_context,2024-08-02,SH.000300,2024-08-01,available,300,1.0000019999999998,0.30232282897216234,0.3023228289721624,4,-0.003649348102121,-0.0102010078174581,0.006551659715337099,0.30232282897216234,0.0,0.018307,0.981693,20,0.320931,0.0,0.320931,0.0,4,0,1.2094588289721624,1.907136,银行,-0.131581,新型电力,0.09965070410092831
price_volume_low_turnover_v1,baseline_2y_1y_5fold,4,2024-04-01,2025-03-31,relative_lag_in_strong_benchmark_context,2024-08-05,SH.000300,2024-08-01,available,300,1.0000019999999998,0.30232282897216234,0.3023228289721624,4,-0.0024368280915316,-0.0121351262709084,0.0096982981793768,0.30232282897216234,0.0,0.018307,0.981693,20,0.320931,0.0,0.320931,0.0,4,0,1.2094588289721624,1.907136,银行,-0.131581,新型电力,0.09965070410092831
price_volume_low_turnover_v1,baseline_2y_1y_5fold,4,2024-04-01,2025-03-31,relative_lag_in_strong_benchmark_context,2024-08-06,SH.000300,2024-08-01,available,300,1.0000019999999998,0.30232282897216234,0.3023228289721624,4,-0.0014582462094146998,-0.0001016953208188,-0.0013565508885958998,0.30232282897216234,0.0,0.018307,0.981693,20,0.320931,0.0,0.320931,0.0,4,0,1.2094588289721624,1.907136,银行,-0.131581,新型电力,0.09965070410092831
price_volume_low_turnover_v1,baseline_2y_1y_5fold,4,2024-04-01,2025-03-31,relative_lag_in_strong_benchmark_context,2024-08-07,SH.000300,2024-08-01,available,300,1.0000019999999998,0.30232282897216234,0.3023228289721624,4,0.0025966069949244,-0.0004457101149274,0.0030423171098517996,0.30232282897216234,0.0,0.018307,0.981693,20,0.320931,0.0,0.320931,0.0,4,0,1.2094588289721624,1.907136,银行,-0.131581,新型电力,0.09965070410092831
price_volume_low_turnover_v1,baseline_2y_1y_5fold,4,2024-04-01,2025-03-31,relative_lag_in_strong_benchmark_context,2024-08-08,SH.000300,2024-08-01,available,300,1.0000019999999998,0.30232282897216234,0.3023228289721624,4,-0.0005913559669009998,0.0004339381533389,-0.0010252941202398998,0.30232282897216234,0.0,0.018307,0.981693,20,0.320931,0.0,0.320931,0.0,4,0,1.2094588289721624,1.907136,银行,-0.131581,新型电力,0.09965070410092831
price_volume_low_turnover_v1,baseline_2y_1y_5fold,4,2024-04-01,2025-03-31,relative_lag_in_strong_benchmark_context,2024-08-09,SH.000300,2024-08-01,available,300,1.0000019999999998,0.30232282897216234,0.3023228289721624,4,-0.0007421588330412999,-0.003383249475013,0.0026410906419717,0.30232282897216234,0.0,0.018307,0.981693,20,0.320931,0.0,0.320931,0.0,4,0,1.2094588289721624,1.907136,银行,-0.131581,新型电力,0.09965070410092831
price_volume_low_turnover_v1,baseline_2y_1y_5fold,4,2024-04-01,2025-03-31,relative_lag_in_strong_benchmark_context,2024-08-12,SH.000300,2024-08-01,available,300,1.0000019999999998,0.30232282897216234,0.3023228289721624,4,-0.0012174911602844001,-0.0017318849932315,0.0005143938329470999,0.30232282897216234,0.0,0.018307,0.981693,20,0.320931,0.0,0.320931,0.0,4,0,1.2094588289721624,1.907136,银行,-0.131581,新型电力,0.09965070410092831
price_volume_low_turnover_v1,baseline_2y_1y_5fold,4,2024-04-01,2025-03-31,relative_lag_in_strong_benchmark_context,2024-08-13,SH.000300,2024-08-01,available,300,1.0000019999999998,0.30232282897216234,0.3023228289721624,4,0.0010397999133361,0.0025647501698808,-0.0015249502565447002,0.30232282897216234,0.0,0.018307,0.981693,20,0.320931,0.0,0.320931,0.0,4,0,1.2094588289721624,1.907136,银行,-0.131581,新型电力,0.09965070410092831
price_volume_low_turnover_v1,baseline_2y_1y_5fold,4,2024-04-01,2025-03-31,relative_lag_in_strong_benchmark_context,2024-08-14,SH.000300,2024-08-01,available,300,1.0000019999999998,0.30232282897216234,0.3023228289721624,4,0.0009883186602556,-0.0075426089929492,0.0085309276532048,0.30232282897216234,0.0,0.018307,0.981693,20,0.320931,0.0,0.320931,0.0,4,0,1.2094588289721624,1.907136,银行,-0.131581,新型电力,0.09965070410092831
price_volume_low_turnover_v1,baseline_2y_1y_5fold,4,2024-04-01,2025-03-31,relative_lag_in_strong_benchmark_context,2024-08-15,SH.000300,2024-08-01,available,300,1.0000019999999998,0.30232282897216234,0.3023228289721624,4,0.003430119866575,0.0098844447667743,-0.0064543249001993,0.30232282897216234,0.0,0.018307,0.981693,20,0.320931,0.0,0.320931,0.0,4,0,1.2094588289721624,1.907136,银行,-0.131581,新型电力,0.09965070410092831
price_volume_low_turnover_v1,baseline_2y_1y_5fold,4,2024-04-01,2025-03-31,relative_lag_in_strong_benchmark_context,2024-08-16,SH.000300,2024-08-01,available,300,1.0000019999999998,0.30232282897216234,0.3023228289721624,4,0.0004572238771853001,0.0011011535181557,-0.0006439296409704,0.30232282897216234,0.0,0.018307,0.981693,20,0.320931,0.0,0.320931,0.0,4,0,1.2094588289721624,1.907136,银行,-0.131581,新型电力,0.09965070410092831
price_volume_low_turnover_v1,baseline_2y_1y_5fold,4,2024-04-01,2025-03-31,relative_lag_in_strong_benchmark_context,2024-08-19,SH.000300,2024-08-01,available,300,1.0000019999999998,0.30232282897216234,0.3023228289721624,4,0.0039408234302883,0.0033894961487073,0.0005513272815810002,0.30232282897216234,0.0,0.018307,0.981693,20,0.320931,0.0,0.320931,0.0,4,0,1.2094588289721624,1.907136,银行,-0.131581,新型电力,0.09965070410092831
price_volume_low_turnover_v1,baseline_2y_1y_5fold,4,2024-04-01,2025-03-31,relative_lag_in_strong_benchmark_context,2024-08-20,SH.000300,2024-08-01,available,300,1.0000019999999998,0.30232282897216234,0.3023228289721624,4,-0.00023041223019450003,-0.0072297339565143,0.0069993217263198005,0.30232282897216234,0.0,0.018307,0.981693,20,0.320931,0.0,0.320931,0.0,4,0,1.2094588289721624,1.907136,银行,-0.131581,新型电力,0.09965070410092831
price_volume_low_turnover_v1,baseline_2y_1y_5fold,4,2024-04-01,2025-03-31,relative_lag_in_strong_benchmark_context,2024-08-21,SH.000300,2024-08-01,available,300,1.0000019999999998,0.30232282897216234,0.3023228289721624,4,-0.0038060185150697,-0.0033186305398025,-0.00048738797526720005,0.30232282897216234,0.0,0.018307,0.981693,20,0.320931,0.0,0.320931,0.0,4,0,1.2094588289721624,1.907136,银行,-0.131581,新型电力,0.09965070410092831
price_volume_low_turnover_v1,baseline_2y_1y_5fold,4,2024-04-01,2025-03-31,relative_lag_in_strong_benchmark_context,2024-08-22,SH.000300,2024-08-01,available,300,1.0000019999999998,0.30232282897216234,0.3023228289721624,4,0.0039467644132651,-0.0025589768909334,0.0065057413041985,0.30232282897216234,0.0,0.018307,0.981693,20,0.320931,0.0,0.320931,0.0,4,0,1.2094588289721624,1.907136,银行,-0.131581,新型电力,0.09965070410092831
price_volume_low_turnover_v1,baseline_2y_1y_5fold,4,2024-04-01,2025-03-31,relative_lag_in_strong_benchmark_context,2024-08-23,SH.000300,2024-08-01,available,300,1.0000019999999998,0.30232282897216234,0.3023228289721624,4,-0.0008646244500836,0.0042406901006297,-0.0051053145507133,0.30232282897216234,0.0,0.018307,0.981693,20,0.320931,0.0,0.320931,0.0,4,0,1.2094588289721624,1.907136,银行,-0.131581,新型电力,0.09965070410092831
price_volume_low_turnover_v1,baseline_2y_1y_5fold,4,2024-04-01,2025-03-31,relative_lag_in_strong_benchmark_context,2024-08-26,SH.000300,2024-08-01,available,300,1.0000019999999998,0.30232282897216234,0.3023228289721624,4,-0.0025418152517534,-0.0008926451450023,-0.0016491701067511,0.30232282897216234,0.0,0.018307,0.981693,20,0.320931,0.0,0.320931,0.0,4,0,1.2094588289721624,1.907136,银行,-0.131581,新型电力,0.09965070410092831
price_volume_low_turnover_v1,baseline_2y_1y_5fold,4,2024-04-01,2025-03-31,relative_lag_in_strong_benchmark_context,2024-08-27,SH.000300,2024-08-01,available,300,1.0000019999999998,0.30232282897216234,0.3023228289721624,4,-0.0018264016897704997,-0.0056825360535703,0.003856134363799801,0.30232282897216234,0.0,0.018307,0.981693,20,0.320931,0.0,0.320931,0.0,4,0,1.2094588289721624,1.907136,银行,-0.131581,新型电力,0.09965070410092831
price_volume_low_turnover_v1,baseline_2y_1y_5fold,4,2024-04-01,2025-03-31,relative_lag_in_strong_benchmark_context,2024-08-28,SH.000300,2024-08-01,available,300,1.0000019999999998,0.30232282897216234,0.3023228289721624,4,-0.0017167048656445,-0.0056968593151062,0.0039801544494617,0.30232282897216234,0.0,0.018307,0.981693,20,0.320931,0.0,0.320931,0.0,4,0,1.2094588289721624,1.907136,银行,-0.131581,新型电力,0.09965070410092831
price_volume_low_turnover_v1,baseline_2y_1y_5fold,4,2024-04-01,2025-03-31,relative_lag_in_strong_benchmark_context,2024-08-29,SH.000300,2024-08-01,available,300,1.0000019999999998,0.30232282897216234,0.3023228289721624,4,-0.0147970158050252,-0.0026837060702875,-0.0121133097347377,0.30232282897216234,0.0,0.018307,0.981693,20,0.320931,0.0,0.320931,0.0,4,0,1.2094588289721624,1.907136,银行,-0.131581,新型电力,0.09965070410092831
price_volume_low_turnover_v1,baseline_2y_1y_5fold,4,2024-04-01,2025-03-31,relative_lag_in_strong_benchmark_context,2024-08-30,SH.000300,2024-08-01,available,300,1.0000019999999998,0.30232282897216234,0.3023228289721624,4,0.0015752401850537001,0.0133478558004442,-0.0117726156153905,0.30232282897216234,0.0,0.018307,0.981693,20,0.320931,0.0,0.320931,0.0,4,0,1.2094588289721624,1.907136,银行,-0.131581,新型电力,0.09965070410092831
price_volume_low_turnover_v1,baseline_2y_1y_5fold,4,2024-04-01,2025-03-31,relative_lag_in_strong_benchmark_context,2024-09-02,SH.000300,2024-08-30,available,300,0.99989,0.30232282897216234,0.3023228289721624,4,-0.0013039977482402001,-0.0169866593605765,0.0156826616123363,0.30232282897216234,0.0,0.018,0.982,20,0.33208,0.0,0.33208,0.0,4,0,1.2126728289721622,1.91035,银行,-0.13306,新型电力,0.09960470410092831
price_volume_low_turnover_v1,baseline_2y_1y_5fold,4,2024-04-01,2025-03-31,relative_lag_in_strong_benchmark_context,2024-09-03,SH.000300,2024-09-02,available,300,1.000011,0.30232282897216234,0.3023228289721624,4,-0.009121914759718,0.0025788588702637,-0.0117007736299817,0.30232282897216234,0.0,0.018219,0.981781,20,0.33320199999999994,0.0,0.33320199999999994,0.0,4,0,1.2136358289721623,1.911313,银行,-0.13581200000000002,新型电力,0.0995987041009283
price_volume_low_turnover_v1,baseline_2y_1y_5fold,4,2024-04-01,2025-03-31,relative_lag_in_strong_benchmark_context,2024-09-04,SH.000300,2024-09-02,available,300,1.000011,0.30232282897216234,0.3023228289721624,4,-0.0040673245734915,-0.0064977714507412,0.0024304468772497,0.30232282897216234,0.0,0.018219,0.981781,20,0.33320199999999994,0.0,0.33320199999999994,0.0,4,0,1.2136358289721623,1.911313,银行,-0.13581200000000002,新型电力,0.0995987041009283
price_volume_low_turnover_v1,baseline_2y_1y_5fold,4,2024-04-01,2025-03-31,relative_lag_in_strong_benchmark_context,2024-09-05,SH.000300,2024-09-02,available,300,1.000011,0.30232282897216234,0.3023228289721624,4,0.0017244257335552998,0.0017219325002459,2.493233309399691e-06,0.30232282897216234,0.0,0.018219,0.981781,20,0.33320199999999994,0.0,0.33320199999999994,0.0,4,0,1.2136358289721623,1.911313,银行,-0.13581200000000002,新型电力,0.0995987041009283
price_volume_low_turnover_v1,baseline_2y_1y_5fold,4,2024-04-01,2025-03-31,relative_lag_in_strong_benchmark_context,2024-09-06,SH.000300,2024-09-02,available,300,1.000011,0.30232282897216234,0.3023228289721624,4,-0.0038312812794282,-0.0081067973085802,0.004275516029152,0.30232282897216234,0.0,0.018219,0.981781,20,0.33320199999999994,0.0,0.33320199999999994,0.0,4,0,1.2136358289721623,1.911313,银行,-0.13581200000000002,新型电力,0.0995987041009283
price_volume_low_turnover_v1,baseline_2y_1y_5fold,4,2024-04-01,2025-03-31,relative_lag_in_strong_benchmark_context,2024-09-09,SH.000300,2024-09-02,available,300,1.000011,0.30232282897216234,0.3023228289721624,4,-0.0036269416639664,-0.0118835780710848,0.0082566364071184,0.30232282897216234,0.0,0.018219,0.981781,20,0.33320199999999994,0.0,0.33320199999999994,0.0,4,0,1.2136358289721623,1.911313,银行,-0.13581200000000002,新型电力,0.0995987041009283
price_volume_low_turnover_v1,baseline_2y_1y_5fold,4,2024-04-01,2025-03-31,relative_lag_in_strong_benchmark_context,2024-09-10,SH.000300,2024-09-02,available,300,1.000011,0.30232282897216234,0.3023228289721624,4,-0.0006320455369344999,0.0008800638907595,-0.0015121094276939998,0.30232282897216234,0.0,0.018219,0.981781,20,0.33320199999999994,0.0,0.33320199999999994,0.0,4,0,1.2136358289721623,1.911313,银行,-0.13581200000000002,新型电力,0.0995987041009283
price_volume_low_turnover_v1,baseline_2y_1y_5fold,4,2024-04-01,2025-03-31,relative_lag_in_strong_benchmark_context,2024-09-11,SH.000300,2024-09-02,available,300,1.000011,0.30232282897216234,0.3023228289721624,4,-0.010076377660864,-0.0030133677122187,-0.0070630099486453,0.30232282897216234,0.0,0.018219,0.981781,20,0.33320199999999994,0.0,0.33320199999999994,0.0,4,0,1.2136358289721623,1.911313,银行,-0.13581200000000002,新型电力,0.0995987041009283
price_volume_low_turnover_v1,baseline_2y_1y_5fold,4,2024-04-01,2025-03-31,relative_lag_in_strong_benchmark_context,2024-09-12,SH.000300,2024-09-02,available,300,1.000011,0.30232282897216234,0.3023228289721624,4,0.0008344380341107996,-0.0042873329085757,0.0051217709426865,0.30232282897216234,0.0,0.018219,0.981781,20,0.33320199999999994,0.0,0.33320199999999994,0.0,4,0,1.2136358289721623,1.911313,银行,-0.13581200000000002,新型电力,0.0995987041009283
price_volume_low_turnover_v1,baseline_2y_1y_5fold,4,2024-04-01,2025-03-31,relative_lag_in_strong_benchmark_context,2024-09-13,SH.000300,2024-09-02,available,300,1.000011,0.30232282897216234,0.3023228289721624,4,-0.0006506785778491001,-0.0041671000829006,0.0035164215050515002,0.30232282897216234,0.0,0.018219,0.981781,20,0.33320199999999994,0.0,0.33320199999999994,0.0,4,0,1.2136358289721623,1.911313,银行,-0.13581200000000002,新型电力,0.0995987041009283
price_volume_low_turnover_v1,baseline_2y_1y_5fold,4,2024-04-01,2025-03-31,relative_lag_in_strong_benchmark_context,2024-09-18,SH.000300,2024-09-02,available,300,1.000011,0.30232282897216234,0.3023228289721624,4,0.0025970817843379,0.0037224024689404,-0.0011253206846025,0.30232282897216234,0.0,0.018219,0.981781,20,0.33320199999999994,0.0,0.33320199999999994,0.0,4,0,1.2136358289721623,1.911313,银行,-0.13581200000000002,新型电力,0.0995987041009283
price_volume_low_turnover_v1,baseline_2y_1y_5fold,4,2024-04-01,2025-03-31,relative_lag_in_strong_benchmark_context,2024-09-19,SH.000300,2024-09-02,available,300,1.000011,0.30232282897216234,0.3023228289721624,4,0.0016382218183508047,0.0078933841268238,-0.006255162308472995,0.30232282897216234,0.0,0.018219,0.981781,20,0.33320199999999994,0.0,0.33320199999999994,0.0,4,0,1.2136358289721623,1.911313,银行,-0.13581200000000002,新型电力,0.0995987041009283
price_volume_low_turnover_v1,baseline_2y_1y_5fold,4,2024-04-01,2025-03-31,relative_lag_in_strong_benchmark_context,2024-09-20,SH.000300,2024-09-02,available,300,1.000011,0.30232282897216234,0.3023228289721624,4,0.0018037247771956,0.0015675648615161,0.0002361599156795,0.30232282897216234,0.0,0.018219,0.981781,20,0.33320199999999994,0.0,0.33320199999999994,0.0,4,0,1.2136358289721623,1.911313,银行,-0.13581200000000002,新型电力,0.0995987041009283
price_volume_low_turnover_v1,baseline_2y_1y_5fold,4,2024-04-01,2025-03-31,relative_lag_in_strong_benchmark_context,2024-09-23,SH.000300,2024-09-02,available,300,1.000011,0.30232282897216234,0.3023228289721624,4,0.0044927211933855,0.0036581746614392,0.0008345465319463002,0.30232282897216234,0.0,0.018219,0.981781,20,0.33320199999999994,0.0,0.33320199999999994,0.0,4,0,1.2136358289721623,1.911313,银行,-0.13581200000000002,新型电力,0.0995987041009283
price_volume_low_turnover_v1,baseline_2y_1y_5fold,4,2024-04-01,2025-03-31,relative_lag_in_strong_benchmark_context,2024-09-24,SH.000300,2024-09-02,available,300,1.000011,0.30232282897216234,0.3023228289721624,4,0.0120191156771147,0.0433116697170032,-0.031292554039888495,0.30232282897216234,0.0,0.018219,0.981781,20,0.33320199999999994,0.0,0.33320199999999994,0.0,4,0,1.2136358289721623,1.911313,银行,-0.13581200000000002,新型电力,0.0995987041009283
price_volume_low_turnover_v1,baseline_2y_1y_5fold,4,2024-04-01,2025-03-31,relative_lag_in_strong_benchmark_context,2024-09-25,SH.000300,2024-09-02,available,300,1.000011,0.30232282897216234,0.3023228289721624,4,0.005183337698994801,0.0148035000939763,-0.009620162394981499,0.30232282897216234,0.0,0.018219,0.981781,20,0.33320199999999994,0.0,0.33320199999999994,0.0,4,0,1.2136358289721623,1.911313,银行,-0.13581200000000002,新型电力,0.0995987041009283
price_volume_low_turnover_v1,baseline_2y_1y_5fold,4,2024-04-01,2025-03-31,relative_lag_in_strong_benchmark_context,2024-09-26,SH.000300,2024-09-02,available,300,1.000011,0.30232282897216234,0.3023228289721624,4,0.0076218424299663,0.0422721540012875,-0.034650311571321195,0.30232282897216234,0.0,0.018219,0.981781,20,0.33320199999999994,0.0,0.33320199999999994,0.0,4,0,1.2136358289721623,1.911313,银行,-0.13581200000000002,新型电力,0.0995987041009283
price_volume_low_turnover_v1,baseline_2y_1y_5fold,4,2024-04-01,2025-03-31,relative_lag_in_strong_benchmark_context,2024-09-27,SH.000300,2024-09-02,available,300,1.000011,0.5586764236738888,0.5586764236738893,10,0.032928051481905106,0.0446673360937799,-0.011739284611874796,0.5586764236738888,0.0,0.038456000000000004,0.961544,20,0.33320199999999994,0.0,0.33320199999999994,0.0,10,0,1.223001205830459,1.659609,银行,-0.13581200000000002,IT设备,0.0666775224289061
price_volume_low_turnover_v1,baseline_2y_1y_5fold,4,2024-04-01,2025-03-31,relative_lag_in_strong_benchmark_context,2024-09-30,SH.000300,2024-09-02,available,300,1.000011,0.5586764236738888,0.5586764236738893,10,0.0481082026563803,0.0848264428892344,-0.036718240232854096,0.5586764236738888,0.0,0.038456000000000004,0.961544,20,0.33320199999999994,0.0,0.33320199999999994,0.0,10,0,1.223001205830459,1.659609,银行,-0.13581200000000002,IT设备,0.0666775224289061
price_volume_low_turnover_v1,baseline_2y_1y_5fold,4,2024-04-01,2025-03-31,relative_lag_in_strong_benchmark_context,2024-10-08,SH.000300,2024-09-30,available,300,0.99999,0.5586764236738888,0.5586764236738893,10,0.039673194230926204,0.0592978831962369,-0.019624688965310694,0.5586764236738888,0.0,0.04151,0.95849,20,0.33472,0.00835,0.32637,0.024946223709369022,10,0,1.2145982058304587,1.63287,银行,-0.12364,IT设备,0.0660975224289061
price_volume_low_turnover_v1,baseline_2y_1y_5fold,4,2024-04-01,2025-03-31,relative_lag_in_strong_benchmark_context,2024-10-09,SH.000300,2024-10-08,available,300,1.00001,0.5586764236738888,0.5586764236738893,10,-0.0429943723664471,-0.0705152604497075,0.027520888083260406,0.5586764236738888,0.0,0.041774,0.958226,20,0.332977,0.008088999999999999,0.324888,0.024292969184057753,10,0,1.2128502058304589,1.6246319999999999,银行,-0.120175,IT设备,0.0657725224289061
price_volume_low_turnover_v1,baseline_2y_1y_5fold,4,2024-04-01,2025-03-31,relative_lag_in_strong_benchmark_context,2024-10-10,SH.000300,2024-10-08,available,300,1.00001,0.5586764236738888,0.5586764236738893,10,-0.005202383504910344,0.0105688097513132,-0.015771193256223545,0.5586764236738888,0.0,0.041774,0.958226,20,0.332977,0.008088999999999999,0.324888,0.024292969184057753,10,0,1.2128502058304589,1.6246319999999999,银行,-0.120175,IT设备,0.0657725224289061
price_volume_low_turnover_v1,baseline_2y_1y_5fold,4,2024-04-01,2025-03-31,relative_lag_in_strong_benchmark_context,2024-10-11,SH.000300,2024-10-08,available,300,1.00001,0.5586764236738888,0.5586764236738893,10,-0.014888230188182687,-0.0276702878340282,0.012782057645845512,0.5586764236738888,0.0,0.041774,0.958226,20,0.332977,0.008088999999999999,0.324888,0.024292969184057753,10,0,1.2128502058304589,1.6246319999999999,银行,-0.120175,IT设备,0.0657725224289061
price_volume_low_turnover_v1,baseline_2y_1y_5fold,4,2024-04-01,2025-03-31,relative_lag_in_strong_benchmark_context,2024-10-14,SH.000300,2024-10-08,available,300,1.00001,0.5586764236738888,0.5586764236738893,10,0.0033029497650813424,0.019080719392257,-0.01577776962717566,0.5586764236738888,0.0,0.041774,0.958226,20,0.332977,0.008088999999999999,0.324888,0.024292969184057753,10,0,1.2128502058304589,1.6246319999999999,银行,-0.120175,IT设备,0.0657725224289061
price_volume_low_turnover_v1,baseline_2y_1y_5fold,4,2024-04-01,2025-03-31,relative_lag_in_strong_benchmark_context,2024-10-15,SH.000300,2024-10-08,available,300,1.00001,0.5586764236738888,0.5586764236738893,10,-0.014635096985846599,-0.0265945361922986,0.011959439206452,0.5586764236738888,0.0,0.041774,0.958226,20,0.332977,0.008088999999999999,0.324888,0.024292969184057753,10,0,1.2128502058304589,1.6246319999999999,银行,-0.120175,IT设备,0.0657725224289061
price_volume_low_turnover_v1,baseline_2y_1y_5fold,4,2024-04-01,2025-03-31,relative_lag_in_strong_benchmark_context,2024-10-16,SH.000300,2024-10-08,available,300,1.00001,0.5586764236738888,0.5586764236738893,10,-0.006859993373291077,-0.0063278172401898,-0.000532176133101277,0.5586764236738888,0.0,0.041774,0.958226,20,0.332977,0.008088999999999999,0.324888,0.024292969184057753,10,0,1.2128502058304589,1.6246319999999999,银行,-0.120175,IT设备,0.0657725224289061
price_volume_low_turnover_v1,baseline_2y_1y_5fold,4,2024-04-01,2025-03-31,relative_lag_in_strong_benchmark_context,2024-10-17,SH.000300,2024-10-08,available,300,1.00001,0.5586764236738888,0.5586764236738893,10,-0.0022284553965711998,-0.0113190607554567,0.0090906053588855,0.5586764236738888,0.0,0.041774,0.958226,20,0.332977,0.008088999999999999,0.324888,0.024292969184057753,10,0,1.2128502058304589,1.6246319999999999,银行,-0.120175,IT设备,0.0657725224289061
price_volume_low_turnover_v1,baseline_2y_1y_5fold,4,2024-04-01,2025-03-31,relative_lag_in_strong_benchmark_context,2024-10-18,SH.000300,2024-10-08,available,300,1.00001,0.5586764236738888,0.5586764236738893,10,0.0212168484267303,0.0361673820422256,-0.014950533615495303,0.5586764236738888,0.0,0.041774,0.958226,20,0.332977,0.008088999999999999,0.324888,0.024292969184057753,10,0,1.2128502058304589,1.6246319999999999,银行,-0.120175,IT设备,0.0657725224289061
price_volume_low_turnover_v1,baseline_2y_1y_5fold,4,2024-04-01,2025-03-31,relative_lag_in_strong_benchmark_context,2024-10-21,SH.000300,2024-10-08,available,300,1.00001,0.5586764236738888,0.5586764236738893,10,0.0009024780054278695,0.0025399785490276,-0.0016375005435997304,0.5586764236738888,0.0,0.041774,0.958226,20,0.332977,0.008088999999999999,0.324888,0.024292969184057753,10,0,1.2128502058304589,1.6246319999999999,银行,-0.120175,IT设备,0.0657725224289061
price_volume_low_turnover_v1,baseline_2y_1y_5fold,4,2024-04-01,2025-03-31,relative_lag_in_strong_benchmark_context,2024-10-22,SH.000300,2024-10-08,available,300,1.00001,0.5586764236738888,0.5586764236738893,10,0.0067216971482041,0.0057379548688758,0.0009837422793282993,0.5586764236738888,0.0,0.041774,0.958226,20,0.332977,0.008088999999999999,0.324888,0.024292969184057753,10,0,1.2128502058304589,1.6246319999999999,银行,-0.120175,IT设备,0.0657725224289061
price_volume_low_turnover_v1,baseline_2y_1y_5fold,4,2024-04-01,2025-03-31,relative_lag_in_strong_benchmark_context,2024-10-23,SH.000300,2024-10-08,available,300,1.00001,0.5586764236738888,0.5586764236738893,10,-0.00248572895138443,0.0038986502534248,-0.006384379204809229,0.5586764236738888,0.0,0.041774,0.958226,20,0.332977,0.008088999999999999,0.324888,0.024292969184057753,10,0,1.2128502058304589,1.6246319999999999,银行,-0.120175,IT设备,0.0657725224289061
price_volume_low_turnover_v1,baseline_2y_1y_5fold,4,2024-04-01,2025-03-31,relative_lag_in_strong_benchmark_context,2024-10-24,SH.000300,2024-10-08,available,300,1.00001,0.5586764236738888,0.5586764236738893,10,-0.004311982877532255,-0.0111698098011432,0.006857826923610945,0.5586764236738888,0.0,0.041774,0.958226,20,0.332977,0.008088999999999999,0.324888,0.024292969184057753,10,0,1.2128502058304589,1.6246319999999999,银行,-0.120175,IT设备,0.0657725224289061
price_volume_low_turnover_v1,baseline_2y_1y_5fold,4,2024-04-01,2025-03-31,relative_lag_in_strong_benchmark_context,2024-10-25,SH.000300,2024-10-08,available,300,1.00001,0.5586764236738888,0.5586764236738893,10,0.0036092979429641,0.0070224468862232,-0.0034131489432590997,0.5586764236738888,0.0,0.041774,0.958226,20,0.332977,0.008088999999999999,0.324888,0.024292969184057753,10,0,1.2128502058304589,1.6246319999999999,银行,-0.120175,IT设备,0.0657725224289061
price_volume_low_turnover_v1,baseline_2y_1y_5fold,4,2024-04-01,2025-03-31,relative_lag_in_strong_benchmark_context,2024-10-28,SH.000300,2024-10-08,available,300,1.00001,0.5586764236738888,0.5586764236738893,10,0.002251039738181581,0.0019563140414819,0.0002947256966996806,0.5586764236738888,0.0,0.041774,0.958226,20,0.332977,0.008088999999999999,0.324888,0.024292969184057753,10,0,1.2128502058304589,1.6246319999999999,银行,-0.120175,IT设备,0.0657725224289061
price_volume_low_turnover_v1,baseline_2y_1y_5fold,4,2024-04-01,2025-03-31,relative_lag_in_strong_benchmark_context,2024-10-29,SH.000300,2024-10-08,available,300,1.00001,0.5586764236738888,0.5586764236738893,10,-0.006871894858307269,-0.0099668025508555,0.0030949076925482315,0.5586764236738888,0.0,0.041774,0.958226,20,0.332977,0.008088999999999999,0.324888,0.024292969184057753,10,0,1.2128502058304589,1.6246319999999999,银行,-0.120175,IT设备,0.0657725224289061
price_volume_low_turnover_v1,baseline_2y_1y_5fold,4,2024-04-01,2025-03-31,relative_lag_in_strong_benchmark_context,2024-10-30,SH.000300,2024-10-08,available,300,1.00001,0.5586764236738888,0.5586764236738893,10,-0.0052195744783187,-0.0089689526454589,0.0037493781671402004,0.5586764236738888,0.0,0.041774,0.958226,20,0.332977,0.008088999999999999,0.324888,0.024292969184057753,10,0,1.2128502058304589,1.6246319999999999,银行,-0.120175,IT设备,0.0657725224289061
price_volume_low_turnover_v1,baseline_2y_1y_5fold,4,2024-04-01,2025-03-31,relative_lag_in_strong_benchmark_context,2024-10-31,SH.000300,2024-10-08,available,300,1.00001,0.5586764236738888,0.5586764236738893,10,-0.001324712518695757,0.0004087981591227,-0.001733510677818457,0.5586764236738888,0.0,0.041774,0.958226,20,0.332977,0.008088999999999999,0.324888,0.024292969184057753,10,0,1.2128502058304589,1.6246319999999999,银行,-0.120175,IT设备,0.0657725224289061
price_volume_low_turnover_v1,baseline_2y_1y_5fold,4,2024-04-01,2025-03-31,relative_lag_in_strong_benchmark_context,2024-11-01,SH.000300,2024-10-31,available,300,1.0000499999999999,0.5586764236738888,0.5586764236738893,10,-0.0005062958982800989,-0.0002621407130227,-0.00024415518525739885,0.5586764236738888,0.0,0.039349999999999996,0.96065,20,0.32888,0.0,0.32888,0.0,10,0,1.2191982058304587,1.6301299999999999,银行,-0.12441,IT设备,0.0646275224289061
price_volume_low_turnover_v1,baseline_2y_1y_5fold,4,2024-04-01,2025-03-31,relative_lag_in_strong_benchmark_context,2024-11-04,SH.000300,2024-11-01,available,300,0.9999999999999999,0.5586764236738888,0.5586764236738893,10,0.012700413883625,0.0140719070853105,-0.0013714932016854996,0.5586764236738888,0.0,0.039652,0.960348,20,0.33037,0.0,0.33037,0.0,10,0,1.2197062058304589,1.63158,银行,-0.125719,IT设备,0.0650565224289061
price_volume_low_turnover_v1,baseline_2y_1y_5fold,4,2024-04-01,2025-03-31,relative_lag_in_strong_benchmark_context,2024-11-05,SH.000300,2024-11-01,available,300,0.9999999999999999,0.5586764236738888,0.5586764236738893,10,0.012322805698545117,0.0253019195084112,-0.012979113809866084,0.5586764236738888,0.0,0.039652,0.960348,20,0.33037,0.0,0.33037,0.0,10,0,1.2197062058304589,1.63158,银行,-0.125719,IT设备,0.0650565224289061
price_volume_low_turnover_v1,baseline_2y_1y_5fold,4,2024-04-01,2025-03-31,relative_lag_in_strong_benchmark_context,2024-11-06,SH.000300,2024-11-01,available,300,0.9999999999999999,0.5586764236738888,0.5586764236738893,10,0.0023183382420144,-0.0050166025065705,0.0073349407485849005,0.5586764236738888,0.0,0.039652,0.960348,20,0.33037,0.0,0.33037,0.0,10,0,1.2197062058304589,1.63158,银行,-0.125719,IT设备,0.0650565224289061
price_volume_low_turnover_v1,baseline_2y_1y_5fold,4,2024-04-01,2025-03-31,relative_lag_in_strong_benchmark_context,2024-11-07,SH.000300,2024-11-01,available,300,0.9999999999999999,0.5586764236738888,0.5586764236738893,10,0.0125160028991499,0.0301718568290476,-0.0176558539298977,0.5586764236738888,0.0,0.039652,0.960348,20,0.33037,0.0,0.33037,0.0,10,0,1.2197062058304589,1.63158,银行,-0.125719,IT设备,0.0650565224289061
price_volume_low_turnover_v1,baseline_2y_1y_5fold,4,2024-04-01,2025-03-31,relative_lag_in_strong_benchmark_context,2024-11-08,SH.000300,2024-11-01,available,300,0.9999999999999999,0.5586764236738888,0.5586764236738893,10,0.0008200399751922997,-0.0100465542610415,0.0108665942362338,0.5586764236738888,0.0,0.039652,0.960348,20,0.33037,0.0,0.33037,0.0,10,0,1.2197062058304589,1.63158,银行,-0.125719,IT设备,0.0650565224289061
price_volume_low_turnover_v1,baseline_2y_1y_5fold,4,2024-04-01,2025-03-31,relative_lag_in_strong_benchmark_context,2024-11-11,SH.000300,2024-11-01,available,300,0.9999999999999999,0.5586764236738888,0.5586764236738893,10,0.0163344489294329,0.0065983601564307,0.0097360887730022,0.5586764236738888,0.0,0.039652,0.960348,20,0.33037,0.0,0.33037,0.0,10,0,1.2197062058304589,1.63158,银行,-0.125719,IT设备,0.0650565224289061
price_volume_low_turnover_v1,baseline_2y_1y_5fold,4,2024-04-01,2025-03-31,relative_lag_in_strong_benchmark_context,2024-11-12,SH.000300,2024-11-01,available,300,0.9999999999999999,0.5586764236738888,0.5586764236738893,10,-0.0086137423599209,-0.0109873085572229,0.002373566197302,0.5586764236738888,0.0,0.039652,0.960348,20,0.33037,0.0,0.33037,0.0,10,0,1.2197062058304589,1.63158,银行,-0.125719,IT设备,0.0650565224289061
price_volume_low_turnover_v1,baseline_2y_1y_5fold,4,2024-04-01,2025-03-31,relative_lag_in_strong_benchmark_context,2024-11-13,SH.000300,2024-11-01,available,300,0.9999999999999999,0.5586764236738888,0.5586764236738893,10,0.0073734849512454,0.0061555556643351,0.0012179292869102997,0.5586764236738888,0.0,0.039652,0.960348,20,0.33037,0.0,0.33037,0.0,10,0,1.2197062058304589,1.63158,银行,-0.125719,IT设备,0.0650565224289061
price_volume_low_turnover_v1,baseline_2y_1y_5fold,4,2024-04-01,2025-03-31,relative_lag_in_strong_benchmark_context,2024-11-14,SH.000300,2024-11-01,available,300,0.9999999999999999,0.5586764236738888,0.5586764236738893,10,-0.0100632618803373,-0.0173368783888647,0.007273616508527401,0.5586764236738888,0.0,0.039652,0.960348,20,0.33037,0.0,0.33037,0.0,10,0,1.2197062058304589,1.63158,银行,-0.125719,IT设备,0.0650565224289061
price_volume_low_turnover_v1,baseline_2y_1y_5fold,4,2024-04-01,2025-03-31,relative_lag_in_strong_benchmark_context,2024-11-15,SH.000300,2024-11-01,available,300,0.9999999999999999,0.5586764236738888,0.5586764236738893,10,-0.008173717714393899,-0.0175239255177467,0.0093502078033528,0.5586764236738888,0.0,0.039652,0.960348,20,0.33037,0.0,0.33037,0.0,10,0,1.2197062058304589,1.63158,银行,-0.125719,IT设备,0.0650565224289061
price_volume_low_turnover_v1,baseline_2y_1y_5fold,4,2024-04-01,2025-03-31,relative_lag_in_strong_benchmark_context,2024-11-18,SH.000300,2024-11-01,available,300,0.9999999999999999,0.5586764236738888,0.5586764236738893,10,-0.016279044064528698,-0.0046487251910511,-0.011630318873477598,0.5586764236738888,0.0,0.039652,0.960348,20,0.33037,0.0,0.33037,0.0,10,0,1.2197062058304589,1.63158,银行,-0.125719,IT设备,0.0650565224289061
price_volume_low_turnover_v1,baseline_2y_1y_5fold,4,2024-04-01,2025-03-31,relative_lag_in_strong_benchmark_context,2024-11-19,SH.000300,2024-11-01,available,300,0.9999999999999999,0.5586764236738888,0.5586764236738893,10,0.0064534213551315995,0.0067107468142304,-0.00025732545909880073,0.5586764236738888,0.0,0.039652,0.960348,20,0.33037,0.0,0.33037,0.0,10,0,1.2197062058304589,1.63158,银行,-0.125719,IT设备,0.0650565224289061
price_volume_low_turnover_v1,baseline_2y_1y_5fold,4,2024-04-01,2025-03-31,relative_lag_in_strong_benchmark_context,2024-11-20,SH.000300,2024-11-01,available,300,0.9999999999999999,0.5586764236738888,0.5586764236738893,10,0.00282164597174828,0.0022329005831189,0.0005887453886293803,0.5586764236738888,0.0,0.039652,0.960348,20,0.33037,0.0,0.33037,0.0,10,0,1.2197062058304589,1.63158,银行,-0.125719,IT设备,0.0650565224289061
price_volume_low_turnover_v1,baseline_2y_1y_5fold,4,2024-04-01,2025-03-31,relative_lag_in_strong_benchmark_context,2024-11-21,SH.000300,2024-11-01,available,300,0.9999999999999999,0.5586764236738888,0.5586764236738893,10,0.0011587335341194007,0.0008856507023737,0.00027308283174570075,0.5586764236738888,0.0,0.039652,0.960348,20,0.33037,0.0,0.33037,0.0,10,0,1.2197062058304589,1.63158,银行,-0.125719,IT设备,0.0650565224289061
price_volume_low_turnover_v1,baseline_2y_1y_5fold,4,2024-04-01,2025-03-31,relative_lag_in_strong_benchmark_context,2024-11-22,SH.000300,2024-11-01,available,300,0.9999999999999999,0.5586764236738888,0.5586764236738893,10,-0.014731223721878739,-0.030982879201865,0.01625165547998626,0.5586764236738888,0.0,0.039652,0.960348,20,0.33037,0.0,0.33037,0.0,10,0,1.2197062058304589,1.63158,银行,-0.125719,IT设备,0.0650565224289061
price_volume_low_turnover_v1,baseline_2y_1y_5fold,4,2024-04-01,2025-03-31,relative_lag_in_strong_benchmark_context,2024-11-25,SH.000300,2024-11-01,available,300,0.9999999999999999,0.5586764236738888,0.5586764236738893,10,-0.006152854578354473,-0.0045554492071292,-0.0015974053712252733,0.5586764236738888,0.0,0.039652,0.960348,20,0.33037,0.0,0.33037,0.0,10,0,1.2197062058304589,1.63158,银行,-0.125719,IT设备,0.0650565224289061
price_volume_low_turnover_v1,baseline_2y_1y_5fold,4,2024-04-01,2025-03-31,relative_lag_in_strong_benchmark_context,2024-11-26,SH.000300,2024-11-01,available,300,0.9999999999999999,0.5586764236738888,0.5586764236738893,10,-0.008718295902461658,-0.002055565228464,-0.006662730673997658,0.5586764236738888,0.0,0.039652,0.960348,20,0.33037,0.0,0.33037,0.0,10,0,1.2197062058304589,1.63158,银行,-0.125719,IT设备,0.0650565224289061
price_volume_low_turnover_v1,baseline_2y_1y_5fold,4,2024-04-01,2025-03-31,relative_lag_in_strong_benchmark_context,2024-11-27,SH.000300,2024-11-01,available,300,0.9999999999999999,0.5586764236738888,0.5586764236738893,10,0.0104525049682543,0.0174106422094797,-0.006958137241225402,0.5586764236738888,0.0,0.039652,0.960348,20,0.33037,0.0,0.33037,0.0,10,0,1.2197062058304589,1.63158,银行,-0.125719,IT设备,0.0650565224289061
price_volume_low_turnover_v1,baseline_2y_1y_5fold,4,2024-04-01,2025-03-31,relative_lag_in_strong_benchmark_context,2024-11-28,SH.000300,2024-11-01,available,300,0.9999999999999999,0.5586764236738888,0.5586764236738893,10,-0.0087940690284928,-0.0088276546951143,3.3585666621500226e-05,0.5586764236738888,0.0,0.039652,0.960348,20,0.33037,0.0,0.33037,0.0,10,0,1.2197062058304589,1.63158,银行,-0.125719,IT设备,0.0650565224289061
price_volume_low_turnover_v1,baseline_2y_1y_5fold,4,2024-04-01,2025-03-31,relative_lag_in_strong_benchmark_context,2024-11-29,SH.000300,2024-11-01,available,300,0.9999999999999999,0.0937320462145466,0.0937320462145466,1,0.0011533025820581,0.0113697692734759,-0.0102164666914178,0.0937320462145466,0.0,0.0065769999999999995,0.993423,20,0.33037,0.0,0.33037,0.0,1,0,0.9062679537854534,1.748562,白酒,-0.078198,日用化工,-0.000444
price_volume_low_turnover_v1,baseline_2y_1y_5fold,4,2024-04-01,2025-03-31,relative_lag_in_strong_benchmark_context,2024-12-02,SH.000300,2024-11-29,available,300,1.0000200000000001,0.0937320462145466,0.0937320462145466,1,-0.0030035683317368,0.007927834998902,-0.010931403330638799,0.0937320462145466,0.0,0.00661,0.99339,20,0.32796000000000003,0.0,0.32796000000000003,0.0,1,0,0.9062879537854535,1.75106,白酒,-0.07737000000000001,日用化工,-0.00042
price_volume_low_turnover_v1,baseline_2y_1y_5fold,4,2024-04-01,2025-03-31,relative_lag_in_strong_benchmark_context,2024-12-03,SH.000300,2024-12-02,available,300,1.0000010000000001,0.0937320462145466,0.0937320462145466,1,0.0014980007385886,0.001079128489752,0.0004188722488366,0.0937320462145466,0.0,0.006348,0.993652,20,0.327218,0.0,0.327218,0.0,1,0,0.9062689537854534,1.7536129999999999,白酒,-0.076887,日用化工,-0.00042
price_volume_low_turnover_v1,baseline_2y_1y_5fold,4,2024-04-01,2025-03-31,relative_lag_in_strong_benchmark_context,2024-12-04,SH.000300,2024-12-02,available,300,1.0000010000000001,0.0937320462145466,0.0937320462145466,1,0.000210633811718,-0.0053974174382384,0.0056080512499564,0.0937320462145466,0.0,0.006348,0.993652,20,0.327218,0.0,0.327218,0.0,1,0,0.9062689537854534,1.7536129999999999,白酒,-0.076887,日用化工,-0.00042
price_volume_low_turnover_v1,baseline_2y_1y_5fold,4,2024-04-01,2025-03-31,relative_lag_in_strong_benchmark_context,2024-12-05,SH.000300,2024-12-02,available,300,1.0000010000000001,0.0937320462145466,0.0937320462145466,1,-0.0003152423078964,-0.0022821175608563,0.0019668752529599,0.0937320462145466,0.0,0.006348,0.993652,20,0.327218,0.0,0.327218,0.0,1,0,0.9062689537854534,1.7536129999999999,白酒,-0.076887,日用化工,-0.00042
price_volume_low_turnover_v1,baseline_2y_1y_5fold,4,2024-04-01,2025-03-31,relative_lag_in_strong_benchmark_context,2024-12-06,SH.000300,2024-12-02,available,300,1.0000010000000001,0.0937320462145466,0.0937320462145466,1,0.0016869659611167,0.0131451783587779,-0.0114582123976612,0.0937320462145466,0.0,0.006348,0.993652,20,0.327218,0.0,0.327218,0.0,1,0,0.9062689537854534,1.7536129999999999,白酒,-0.076887,日用化工,-0.00042
price_volume_low_turnover_v1,baseline_2y_1y_5fold,4,2024-04-01,2025-03-31,relative_lag_in_strong_benchmark_context,2024-12-09,SH.000300,2024-12-02,available,300,1.0000010000000001,0.0937320462145466,0.0937320462145466,1,0.0011392845396243,-0.0016536039505277,0.002792888490152,0.0937320462145466,0.0,0.006348,0.993652,20,0.327218,0.0,0.327218,0.0,1,0,0.9062689537854534,1.7536129999999999,白酒,-0.076887,日用化工,-0.00042
price_volume_low_turnover_v1,baseline_2y_1y_5fold,4,2024-04-01,2025-03-31,relative_lag_in_strong_benchmark_context,2024-12-10,SH.000300,2024-12-02,available,300,1.0000010000000001,0.0937320462145466,0.0937320462145466,1,0.0008186204909567,0.0073287500283618,-0.0065101295374051,0.0937320462145466,0.0,0.006348,0.993652,20,0.327218,0.0,0.327218,0.0,1,0,0.9062689537854534,1.7536129999999999,白酒,-0.076887,日用化工,-0.00042
price_volume_low_turnover_v1,baseline_2y_1y_5fold,4,2024-04-01,2025-03-31,relative_lag_in_strong_benchmark_context,2024-12-11,SH.000300,2024-12-02,available,300,1.0000010000000001,0.0937320462145466,0.0937320462145466,1,-0.0007100912592011,-0.0017043577499474,0.0009942664907463,0.0937320462145466,0.0,0.006348,0.993652,20,0.327218,0.0,0.327218,0.0,1,0,0.9062689537854534,1.7536129999999999,白酒,-0.076887,日用化工,-0.00042
price_volume_low_turnover_v1,baseline_2y_1y_5fold,4,2024-04-01,2025-03-31,relative_lag_in_strong_benchmark_context,2024-12-12,SH.000300,2024-12-02,available,300,1.0000010000000001,0.0937320462145466,0.0937320462145466,1,0.0015332395782095,0.0099452721725419,-0.0084120325943324,0.0937320462145466,0.0,0.006348,0.993652,20,0.327218,0.0,0.327218,0.0,1,0,0.9062689537854534,1.7536129999999999,白酒,-0.076887,日用化工,-0.00042
price_volume_low_turnover_v1,baseline_2y_1y_5fold,4,2024-04-01,2025-03-31,relative_lag_in_strong_benchmark_context,2024-12-13,SH.000300,2024-12-02,available,300,1.0000010000000001,0.0937320462145466,0.0937320462145466,1,-0.0018102755706672,-0.0236614124363907,0.0218511368657235,0.0937320462145466,0.0,0.006348,0.993652,20,0.327218,0.0,0.327218,0.0,1,0,0.9062689537854534,1.7536129999999999,白酒,-0.076887,日用化工,-0.00042
price_volume_low_turnover_v1,baseline_2y_1y_5fold,4,2024-04-01,2025-03-31,relative_lag_in_strong_benchmark_context,2024-12-16,SH.000300,2024-12-02,available,300,1.0000010000000001,0.0937320462145466,0.0937320462145466,1,0.0006153088372946,-0.0054256352366277,0.0060409440739223,0.0937320462145466,0.0,0.006348,0.993652,20,0.327218,0.0,0.327218,0.0,1,0,0.9062689537854534,1.7536129999999999,白酒,-0.076887,日用化工,-0.00042
price_volume_low_turnover_v1,baseline_2y_1y_5fold,4,2024-04-01,2025-03-31,relative_lag_in_strong_benchmark_context,2024-12-17,SH.000300,2024-12-02,available,300,1.0000010000000001,0.0937320462145466,0.0937320462145466,1,0.0007131786125019,0.0026049122663502,-0.0018917336538483002,0.0937320462145466,0.0,0.006348,0.993652,20,0.327218,0.0,0.327218,0.0,1,0,0.9062689537854534,1.7536129999999999,白酒,-0.076887,日用化工,-0.00042
price_volume_low_turnover_v1,baseline_2y_1y_5fold,4,2024-04-01,2025-03-31,relative_lag_in_strong_benchmark_context,2024-12-18,SH.000300,2024-12-02,available,300,1.0000010000000001,0.0937320462145466,0.0937320462145466,1,0.0012133598215475,0.0050637042551942,-0.0038503444336466996,0.0937320462145466,0.0,0.006348,0.993652,20,0.327218,0.0,0.327218,0.0,1,0,0.9062689537854534,1.7536129999999999,白酒,-0.076887,日用化工,-0.00042
price_volume_low_turnover_v1,baseline_2y_1y_5fold,4,2024-04-01,2025-03-31,relative_lag_in_strong_benchmark_context,2024-12-19,SH.000300,2024-12-02,available,300,1.0000010000000001,0.0937320462145466,0.0937320462145466,1,-0.0008983902193087,0.0009056569310661,-0.0018040471503747999,0.0937320462145466,0.0,0.006348,0.993652,20,0.327218,0.0,0.327218,0.0,1,0,0.9062689537854534,1.7536129999999999,白酒,-0.076887,日用化工,-0.00042
price_volume_low_turnover_v1,baseline_2y_1y_5fold,4,2024-04-01,2025-03-31,relative_lag_in_strong_benchmark_context,2024-12-20,SH.000300,2024-12-02,available,300,1.0000010000000001,0.0937320462145466,0.0937320462145466,1,0.0006047228788035,-0.0044912380305465,0.00509596090935,0.0937320462145466,0.0,0.006348,0.993652,20,0.327218,0.0,0.327218,0.0,1,0,0.9062689537854534,1.7536129999999999,白酒,-0.076887,日用化工,-0.00042
price_volume_low_turnover_v1,baseline_2y_1y_5fold,4,2024-04-01,2025-03-31,relative_lag_in_strong_benchmark_context,2024-12-23,SH.000300,2024-12-02,available,300,1.0000010000000001,0.0937320462145466,0.0937320462145466,1,0.0006008464500932,0.0014843141348461,-0.0008834676847529001,0.0937320462145466,0.0,0.006348,0.993652,20,0.327218,0.0,0.327218,0.0,1,0,0.9062689537854534,1.7536129999999999,白酒,-0.076887,日用化工,-0.00042
price_volume_low_turnover_v1,baseline_2y_1y_5fold,4,2024-04-01,2025-03-31,relative_lag_in_strong_benchmark_context,2024-12-24,SH.000300,2024-12-02,available,300,1.0000010000000001,0.0937320462145466,0.0937320462145466,1,0.001492548506601,0.012741606225388,-0.011249057718787,0.0937320462145466,0.0,0.006348,0.993652,20,0.327218,0.0,0.327218,0.0,1,0,0.9062689537854534,1.7536129999999999,白酒,-0.076887,日用化工,-0.00042
price_volume_low_turnover_v1,baseline_2y_1y_5fold,4,2024-04-01,2025-03-31,relative_lag_in_strong_benchmark_context,2024-12-25,SH.000300,2024-12-02,available,300,1.0000010000000001,0.0937320462145466,0.0937320462145466,1,0.0014691543293816,0.0004869856841269,0.0009821686452547,0.0937320462145466,0.0,0.006348,0.993652,20,0.327218,0.0,0.327218,0.0,1,0,0.9062689537854534,1.7536129999999999,白酒,-0.076887,日用化工,-0.00042
price_volume_low_turnover_v1,baseline_2y_1y_5fold,4,2024-04-01,2025-03-31,relative_lag_in_strong_benchmark_context,2024-12-26,SH.000300,2024-12-02,available,300,1.0000010000000001,0.0937320462145466,0.0937320462145466,1,0.0004821607315563,0.0004641675218222,1.799320973409999e-05,0.0937320462145466,0.0,0.006348,0.993652,20,0.327218,0.0,0.327218,0.0,1,0,0.9062689537854534,1.7536129999999999,白酒,-0.076887,日用化工,-0.00042
price_volume_low_turnover_v1,baseline_2y_1y_5fold,4,2024-04-01,2025-03-31,relative_lag_in_strong_benchmark_context,2024-12-27,SH.000300,2024-12-02,available,300,1.0000010000000001,0.0937320462145466,0.0937320462145466,1,-0.0005756318088917,-0.0016175629721025,0.0010419311632108,0.0937320462145466,0.0,0.006348,0.993652,20,0.327218,0.0,0.327218,0.0,1,0,0.9062689537854534,1.7536129999999999,白酒,-0.076887,日用化工,-0.00042
price_volume_low_turnover_v1,baseline_2y_1y_5fold,4,2024-04-01,2025-03-31,relative_lag_in_strong_benchmark_context,2024-12-30,SH.000300,2024-12-02,available,300,1.0000010000000001,0.0937320462145466,0.0937320462145466,1,0.0018340977117161,0.0045264667686504,-0.0026923690569343,0.0937320462145466,0.0,0.006348,0.993652,20,0.327218,0.0,0.327218,0.0,1,0,0.9062689537854534,1.7536129999999999,白酒,-0.076887,日用化工,-0.00042
price_volume_low_turnover_v1,baseline_2y_1y_5fold,4,2024-04-01,2025-03-31,relative_lag_in_strong_benchmark_context,2024-12-31,SH.000300,2024-12-02,available,300,1.0000010000000001,0.0937320462145466,0.0937320462145466,1,-0.0007574306764811,-0.0160388092171891,0.015281378540708001,0.0937320462145466,0.0,0.006348,0.993652,20,0.327218,0.0,0.327218,0.0,1,0,0.9062689537854534,1.7536129999999999,白酒,-0.076887,日用化工,-0.00042
price_volume_low_turnover_v1,baseline_2y_1y_5fold,4,2024-04-01,2025-03-31,relative_lag_in_strong_benchmark_context,2025-01-02,SH.000300,2024-12-31,available,300,1.0000499999999999,0.0937320462145466,0.0937320462145466,1,-0.0009545014889465,-0.0291010467837891,0.0281465452948426,0.0937320462145466,0.0,0.00699,0.99301,20,0.32554,0.0,0.32554,0.0,1,0,0.9063179537854534,1.73935,白酒,-0.0739,特种钢,-0.0005600000000000001
price_volume_low_turnover_v1,baseline_2y_1y_5fold,4,2024-04-01,2025-03-31,relative_lag_in_strong_benchmark_context,2025-01-03,SH.000300,2025-01-02,available,300,0.999991,0.0937320462145466,0.0937320462145466,1,-0.0011571857557351,-0.0118416919694273,0.010684506213692201,0.0937320462145466,0.0,0.00713,0.99287,20,0.32679100000000005,0.0,0.32679100000000005,0.0,1,0,0.9062589537854534,1.737155,白酒,-0.074295,特种钢,-0.000568
price_volume_low_turnover_v1,baseline_2y_1y_5fold,4,2024-04-01,2025-03-31,relative_lag_in_strong_benchmark_context,2025-01-06,SH.000300,2025-01-02,available,300,0.999991,0.0937320462145466,0.0937320462145466,1,0.0003905501925606,-0.001639665603577,0.0020302157961376,0.0937320462145466,0.0,0.00713,0.99287,20,0.32679100000000005,0.0,0.32679100000000005,0.0,1,0,0.9062589537854534,1.737155,白酒,-0.074295,特种钢,-0.000568
price_volume_low_turnover_v1,baseline_2y_1y_5fold,4,2024-04-01,2025-03-31,relative_lag_in_strong_benchmark_context,2025-01-07,SH.000300,2025-01-02,available,300,0.999991,0.0937320462145466,0.0937320462145466,1,0.0008750917177706,0.0072009063484188,-0.006325814630648199,0.0937320462145466,0.0,0.00713,0.99287,20,0.32679100000000005,0.0,0.32679100000000005,0.0,1,0,0.9062589537854534,1.737155,白酒,-0.074295,特种钢,-0.000568
price_volume_low_turnover_v1,baseline_2y_1y_5fold,4,2024-04-01,2025-03-31,relative_lag_in_strong_benchmark_context,2025-01-08,SH.000300,2025-01-02,available,300,0.999991,0.0937320462145466,0.0937320462145466,1,0.0009633303824722,-0.0018150158978533,0.0027783462803255,0.0937320462145466,0.0,0.00713,0.99287,20,0.32679100000000005,0.0,0.32679100000000005,0.0,1,0,0.9062589537854534,1.737155,白酒,-0.074295,特种钢,-0.000568
price_volume_low_turnover_v1,baseline_2y_1y_5fold,4,2024-04-01,2025-03-31,relative_lag_in_strong_benchmark_context,2025-01-09,SH.000300,2025-01-02,available,300,0.999991,0.0937320462145466,0.0937320462145466,1,0.0002860591440932,-0.0024648872327285,0.0027509463768217,0.0937320462145466,0.0,0.00713,0.99287,20,0.32679100000000005,0.0,0.32679100000000005,0.0,1,0,0.9062589537854534,1.737155,白酒,-0.074295,特种钢,-0.000568
price_volume_low_turnover_v1,baseline_2y_1y_5fold,4,2024-04-01,2025-03-31,relative_lag_in_strong_benchmark_context,2025-01-10,SH.000300,2025-01-02,available,300,0.999991,0.0937320462145466,0.0937320462145466,1,-0.0001955289773426,-0.0125400806374805,0.0123445516601379,0.0937320462145466,0.0,0.00713,0.99287,20,0.32679100000000005,0.0,0.32679100000000005,0.0,1,0,0.9062589537854534,1.737155,白酒,-0.074295,特种钢,-0.000568
price_volume_low_turnover_v1,baseline_2y_1y_5fold,4,2024-04-01,2025-03-31,relative_lag_in_strong_benchmark_context,2025-01-13,SH.000300,2025-01-02,available,300,0.999991,0.0937320462145466,0.0937320462145466,1,-0.0004917735897929,-0.0026711462620027,0.0021793726722098,0.0937320462145466,0.0,0.00713,0.99287,20,0.32679100000000005,0.0,0.32679100000000005,0.0,1,0,0.9062589537854534,1.737155,白酒,-0.074295,特种钢,-0.000568
price_volume_low_turnover_v1,baseline_2y_1y_5fold,4,2024-04-01,2025-03-31,relative_lag_in_strong_benchmark_context,2025-01-14,SH.000300,2025-01-02,available,300,0.999991,0.0937320462145466,0.0937320462145466,1,-0.0005932407988262,0.0263343819089807,-0.0269276227078069,0.0937320462145466,0.0,0.00713,0.99287,20,0.32679100000000005,0.0,0.32679100000000005,0.0,1,0,0.9062589537854534,1.737155,白酒,-0.074295,特种钢,-0.000568
price_volume_low_turnover_v1,baseline_2y_1y_5fold,4,2024-04-01,2025-03-31,relative_lag_in_strong_benchmark_context,2025-01-15,SH.000300,2025-01-02,available,300,0.999991,0.0937320462145466,0.0937320462145466,1,0.0017910582079212,-0.0064153234883026,0.0082063816962238,0.0937320462145466,0.0,0.00713,0.99287,20,0.32679100000000005,0.0,0.32679100000000005,0.0,1,0,0.9062589537854534,1.737155,白酒,-0.074295,特种钢,-0.000568
price_volume_low_turnover_v1,baseline_2y_1y_5fold,4,2024-04-01,2025-03-31,relative_lag_in_strong_benchmark_context,2025-01-16,SH.000300,2025-01-02,available,300,0.999991,0.0937320462145466,0.0937320462145466,1,0.0022456636072235,0.0011459340416171,0.0010997295656063999,0.0937320462145466,0.0,0.00713,0.99287,20,0.32679100000000005,0.0,0.32679100000000005,0.0,1,0,0.9062589537854534,1.737155,白酒,-0.074295,特种钢,-0.000568
price_volume_low_turnover_v1,baseline_2y_1y_5fold,4,2024-04-01,2025-03-31,relative_lag_in_strong_benchmark_context,2025-01-17,SH.000300,2025-01-02,available,300,0.999991,0.0937320462145466,0.0937320462145466,1,-0.0006674713362175,0.003147053715681,-0.0038145250518985003,0.0937320462145466,0.0,0.00713,0.99287,20,0.32679100000000005,0.0,0.32679100000000005,0.0,1,0,0.9062589537854534,1.737155,白酒,-0.074295,特种钢,-0.000568
price_volume_low_turnover_v1,baseline_2y_1y_5fold,4,2024-04-01,2025-03-31,relative_lag_in_strong_benchmark_context,2025-01-20,SH.000300,2025-01-02,available,300,0.999991,0.0937320462145466,0.0937320462145466,1,-0.0008643323933718,0.0045483876044634,-0.005412719997835201,0.0937320462145466,0.0,0.00713,0.99287,20,0.32679100000000005,0.0,0.32679100000000005,0.0,1,0,0.9062589537854534,1.737155,白酒,-0.074295,特种钢,-0.000568
price_volume_low_turnover_v1,baseline_2y_1y_5fold,4,2024-04-01,2025-03-31,relative_lag_in_strong_benchmark_context,2025-01-21,SH.000300,2025-01-02,available,300,0.999991,0.0937320462145466,0.0937320462145466,1,-0.0007754460907097,0.0007650769777109,-0.0015405230684206002,0.0937320462145466,0.0,0.00713,0.99287,20,0.32679100000000005,0.0,0.32679100000000005,0.0,1,0,0.9062589537854534,1.737155,白酒,-0.074295,特种钢,-0.000568
price_volume_low_turnover_v1,baseline_2y_1y_5fold,4,2024-04-01,2025-03-31,relative_lag_in_strong_benchmark_context,2025-01-22,SH.000300,2025-01-02,available,300,0.999991,0.0937320462145466,0.0937320462145466,1,-0.0013683510396284,-0.0092861000727964,0.007917749033168,0.0937320462145466,0.0,0.00713,0.99287,20,0.32679100000000005,0.0,0.32679100000000005,0.0,1,0,0.9062589537854534,1.737155,白酒,-0.074295,特种钢,-0.000568
price_volume_low_turnover_v1,baseline_2y_1y_5fold,4,2024-04-01,2025-03-31,relative_lag_in_strong_benchmark_context,2025-01-23,SH.000300,2025-01-02,available,300,0.999991,0.0937320462145466,0.0937320462145466,1,0.0013886229068821,0.0017698089554438,-0.00038118604856169996,0.0937320462145466,0.0,0.00713,0.99287,20,0.32679100000000005,0.0,0.32679100000000005,0.0,1,0,0.9062589537854534,1.737155,白酒,-0.074295,特种钢,-0.000568
price_volume_low_turnover_v1,baseline_2y_1y_5fold,4,2024-04-01,2025-03-31,relative_lag_in_strong_benchmark_context,2025-01-24,SH.000300,2025-01-02,available,300,0.999991,0.0937320462145466,0.0937320462145466,1,0.0017593084795222,0.0076556231498472,-0.005896314670325,0.0937320462145466,0.0,0.00713,0.99287,20,0.32679100000000005,0.0,0.32679100000000005,0.0,1,0,0.9062589537854534,1.737155,白酒,-0.074295,特种钢,-0.000568
price_volume_low_turnover_v1,baseline_2y_1y_5fold,4,2024-04-01,2025-03-31,relative_lag_in_strong_benchmark_context,2025-01-27,SH.000300,2025-01-02,available,300,0.999991,0.280686412900223,0.2806864129002232,4,-0.0011197157903987,-0.0041170301028475,0.0029973143124488004,0.280686412900223,0.0,0.029786000000000003,0.970214,20,0.32679100000000005,0.013746000000000001,0.3130450000000001,0.042063581922390764,4,0,0.994445412900223,1.713759,白酒,-0.074295,铝,0.0514845337310412
price_volume_low_turnover_v1,baseline_2y_1y_5fold,4,2024-04-01,2025-03-31,relative_lag_in_strong_benchmark_context,2025-02-05,SH.000300,2025-01-27,available,300,1.00007,0.280686412900223,0.2806864129002232,4,0.0004126246620991996,-0.0057635679629455,0.0061761926250447,0.280686412900223,0.0,0.03164,0.96836,20,0.32528999999999997,0.01478,0.31050999999999995,0.04543637984567617,4,0,0.985136412900223,1.70445,白酒,-0.07127,铝,0.0509045337310412
price_volume_low_turnover_v1,baseline_2y_1y_5fold,4,2024-04-01,2025-03-31,relative_lag_in_strong_benchmark_context,2025-02-06,SH.000300,2025-02-05,available,300,1.0000049999999998,0.280686412900223,0.2806864129002232,4,0.0030643347732948,0.0125820799561537,-0.009517745182858901,0.280686412900223,0.0,0.031902,0.968098,20,0.32378599999999996,0.014732,0.30905399999999994,0.045499187735109,4,0,0.987181412900223,1.7064949999999999,白酒,-0.070257,铝,0.0508675337310412
price_volume_low_turnover_v1,baseline_2y_1y_5fold,4,2024-04-01,2025-03-31,relative_lag_in_strong_benchmark_context,2025-02-07,SH.000300,2025-02-05,available,300,1.0000049999999998,0.280686412900223,0.2806864129002232,4,-0.00064804649495,0.012977415082114,-0.013625461577064001,0.280686412900223,0.0,0.031902,0.968098,20,0.32378599999999996,0.014732,0.30905399999999994,0.045499187735109,4,0,0.987181412900223,1.7064949999999999,白酒,-0.070257,铝,0.0508675337310412
price_volume_low_turnover_v1,baseline_2y_1y_5fold,4,2024-04-01,2025-03-31,relative_lag_in_strong_benchmark_context,2025-02-10,SH.000300,2025-02-05,available,300,1.0000049999999998,0.280686412900223,0.2806864129002232,4,0.0005475673678504001,0.0021476096282786,-0.0016000422604282001,0.280686412900223,0.0,0.031902,0.968098,20,0.32378599999999996,0.014732,0.30905399999999994,0.045499187735109,4,0,0.987181412900223,1.7064949999999999,白酒,-0.070257,铝,0.0508675337310412
price_volume_low_turnover_v1,baseline_2y_1y_5fold,4,2024-04-01,2025-03-31,relative_lag_in_strong_benchmark_context,2025-02-11,SH.000300,2025-02-05,available,300,1.0000049999999998,0.280686412900223,0.2806864129002232,4,0.0002968841556347,-0.0045936232716236,0.0048905074272583005,0.280686412900223,0.0,0.031902,0.968098,20,0.32378599999999996,0.014732,0.30905399999999994,0.045499187735109,4,0,0.987181412900223,1.7064949999999999,白酒,-0.070257,铝,0.0508675337310412
price_volume_low_turnover_v1,baseline_2y_1y_5fold,4,2024-04-01,2025-03-31,relative_lag_in_strong_benchmark_context,2025-02-12,SH.000300,2025-02-05,available,300,1.0000049999999998,0.280686412900223,0.2806864129002232,4,0.00020083612753609987,0.0094562647754137,-0.0092554286478776,0.280686412900223,0.0,0.031902,0.968098,20,0.32378599999999996,0.014732,0.30905399999999994,0.045499187735109,4,0,0.987181412900223,1.7064949999999999,白酒,-0.070257,铝,0.0508675337310412
price_volume_low_turnover_v1,baseline_2y_1y_5fold,4,2024-04-01,2025-03-31,relative_lag_in_strong_benchmark_context,2025-02-13,SH.000300,2025-02-05,available,300,1.0000049999999998,0.280686412900223,0.2806864129002232,4,-0.0036469344225041004,-0.0037552361563933,0.00010830173388919973,0.280686412900223,0.0,0.031902,0.968098,20,0.32378599999999996,0.014732,0.30905399999999994,0.045499187735109,4,0,0.987181412900223,1.7064949999999999,白酒,-0.070257,铝,0.0508675337310412
price_volume_low_turnover_v1,baseline_2y_1y_5fold,4,2024-04-01,2025-03-31,relative_lag_in_strong_benchmark_context,2025-02-14,SH.000300,2025-02-05,available,300,1.0000049999999998,0.280686412900223,0.2806864129002232,4,0.0031573811751281003,0.0086731845721281,-0.005515803397,0.280686412900223,0.0,0.031902,0.968098,20,0.32378599999999996,0.014732,0.30905399999999994,0.045499187735109,4,0,0.987181412900223,1.7064949999999999,白酒,-0.070257,铝,0.0508675337310412
price_volume_low_turnover_v1,baseline_2y_1y_5fold,4,2024-04-01,2025-03-31,relative_lag_in_strong_benchmark_context,2025-02-17,SH.000300,2025-02-05,available,300,1.0000049999999998,0.280686412900223,0.2806864129002232,4,-0.0022994509053967,0.0021299768215872,-0.0044294277269839,0.280686412900223,0.0,0.031902,0.968098,20,0.32378599999999996,0.014732,0.30905399999999994,0.045499187735109,4,0,0.987181412900223,1.7064949999999999,白酒,-0.070257,铝,0.0508675337310412
price_volume_low_turnover_v1,baseline_2y_1y_5fold,4,2024-04-01,2025-03-31,relative_lag_in_strong_benchmark_context,2025-02-18,SH.000300,2025-02-05,available,300,1.0000049999999998,0.280686412900223,0.2806864129002232,4,0.0006948216168521001,-0.0087703298373612,0.0094651514542133,0.280686412900223,0.0,0.031902,0.968098,20,0.32378599999999996,0.014732,0.30905399999999994,0.045499187735109,4,0,0.987181412900223,1.7064949999999999,白酒,-0.070257,铝,0.0508675337310412
price_volume_low_turnover_v1,baseline_2y_1y_5fold,4,2024-04-01,2025-03-31,relative_lag_in_strong_benchmark_context,2025-02-19,SH.000300,2025-02-05,available,300,1.0000049999999998,0.280686412900223,0.2806864129002232,4,0.0036738740171141,0.0069975822816512,-0.0033237082645371004,0.280686412900223,0.0,0.031902,0.968098,20,0.32378599999999996,0.014732,0.30905399999999994,0.045499187735109,4,0,0.987181412900223,1.7064949999999999,白酒,-0.070257,铝,0.0508675337310412
price_volume_low_turnover_v1,baseline_2y_1y_5fold,4,2024-04-01,2025-03-31,relative_lag_in_strong_benchmark_context,2025-02-20,SH.000300,2025-02-05,available,300,1.0000049999999998,0.280686412900223,0.2806864129002232,4,-0.0010360026281373879,-0.0028577519694631,0.0018217493413257122,0.280686412900223,0.0,0.031902,0.968098,20,0.32378599999999996,0.014732,0.30905399999999994,0.045499187735109,4,0,0.987181412900223,1.7064949999999999,白酒,-0.070257,铝,0.0508675337310412
price_volume_low_turnover_v1,baseline_2y_1y_5fold,4,2024-04-01,2025-03-31,relative_lag_in_strong_benchmark_context,2025-02-21,SH.000300,2025-02-05,available,300,1.0000049999999998,0.280686412900223,0.2806864129002232,4,-0.0003829121366002,0.0126091272366311,-0.0129920393732313,0.280686412900223,0.0,0.031902,0.968098,20,0.32378599999999996,0.014732,0.30905399999999994,0.045499187735109,4,0,0.987181412900223,1.7064949999999999,白酒,-0.070257,铝,0.0508675337310412
price_volume_low_turnover_v1,baseline_2y_1y_5fold,4,2024-04-01,2025-03-31,relative_lag_in_strong_benchmark_context,2025-02-24,SH.000300,2025-02-05,available,300,1.0000049999999998,0.280686412900223,0.2806864129002232,4,-0.0016681900257101586,-0.002191813876796,0.0005236238510858413,0.280686412900223,0.0,0.031902,0.968098,20,0.32378599999999996,0.014732,0.30905399999999994,0.045499187735109,4,0,0.987181412900223,1.7064949999999999,白酒,-0.070257,铝,0.0508675337310412
price_volume_low_turnover_v1,baseline_2y_1y_5fold,4,2024-04-01,2025-03-31,relative_lag_in_strong_benchmark_context,2025-02-25,SH.000300,2025-02-05,available,300,1.0000049999999998,0.280686412900223,0.2806864129002232,4,-0.0030858353439560003,-0.011101538647562,0.008015703303606,0.280686412900223,0.0,0.031902,0.968098,20,0.32378599999999996,0.014732,0.30905399999999994,0.045499187735109,4,0,0.987181412900223,1.7064949999999999,白酒,-0.070257,铝,0.0508675337310412
price_volume_low_turnover_v1,baseline_2y_1y_5fold,4,2024-04-01,2025-03-31,relative_lag_in_strong_benchmark_context,2025-02-26,SH.000300,2025-02-05,available,300,1.0000049999999998,0.280686412900223,0.2806864129002232,4,0.0021661359463326785,0.0087348591952924,-0.006568723248959721,0.280686412900223,0.0,0.031902,0.968098,20,0.32378599999999996,0.014732,0.30905399999999994,0.045499187735109,4,0,0.987181412900223,1.7064949999999999,白酒,-0.070257,铝,0.0508675337310412
price_volume_low_turnover_v1,baseline_2y_1y_5fold,4,2024-04-01,2025-03-31,relative_lag_in_strong_benchmark_context,2025-02-27,SH.000300,2025-02-05,available,300,1.0000049999999998,0.280686412900223,0.2806864129002232,4,0.0025995230953777997,0.0020656878639575,0.0005338352314202999,0.280686412900223,0.0,0.031902,0.968098,20,0.32378599999999996,0.014732,0.30905399999999994,0.045499187735109,4,0,0.987181412900223,1.7064949999999999,白酒,-0.070257,铝,0.0508675337310412
price_volume_low_turnover_v1,baseline_2y_1y_5fold,4,2024-04-01,2025-03-31,relative_lag_in_strong_benchmark_context,2025-02-28,SH.000300,2025-02-05,available,300,1.0000049999999998,0.280686412900223,0.2806864129002232,4,-0.0051402993372276,-0.0196743042045098,0.0145340048672822,0.280686412900223,0.0,0.031902,0.968098,20,0.32378599999999996,0.014732,0.30905399999999994,0.045499187735109,4,0,0.987181412900223,1.7064949999999999,白酒,-0.070257,铝,0.0508675337310412
price_volume_low_turnover_v1,baseline_2y_1y_5fold,4,2024-04-01,2025-03-31,relative_lag_in_strong_benchmark_context,2025-03-03,SH.000300,2025-02-28,available,300,1.0,0.280686412900223,0.2806864129002232,4,0.002449781162248,-0.0004061644451871,0.0028559456074351,0.280686412900223,0.0,0.0318,0.9682,20,0.32628999999999997,0.01481,0.31148,0.045389071071746,4,0,0.990306412900223,1.70962,白酒,-0.07384,铝,0.0514345337310412
price_volume_low_turnover_v1,baseline_2y_1y_5fold,4,2024-04-01,2025-03-31,relative_lag_in_strong_benchmark_context,2025-03-04,SH.000300,2025-03-03,available,300,1.00001,0.280686412900223,0.2806864129002232,4,0.0014010615158131,-0.0008358043137789,0.002236865829592,0.280686412900223,0.0,0.031969,0.968031,20,0.325786,0.014814,0.310972,0.04547156722511096,4,0,0.989816412900223,1.70913,电气设备,-0.073429,铝,0.0512495337310412
price_volume_low_turnover_v1,baseline_2y_1y_5fold,4,2024-04-01,2025-03-31,relative_lag_in_strong_benchmark_context,2025-03-05,SH.000300,2025-03-03,available,300,1.00001,0.280686412900223,0.2806864129002232,4,0.0056956126723944995,0.0044656415852899,0.0012299710871045994,0.280686412900223,0.0,0.031969,0.968031,20,0.325786,0.014814,0.310972,0.04547156722511096,4,0,0.989816412900223,1.70913,电气设备,-0.073429,铝,0.0512495337310412
price_volume_low_turnover_v1,baseline_2y_1y_5fold,4,2024-04-01,2025-03-31,relative_lag_in_strong_benchmark_context,2025-03-06,SH.000300,2025-03-03,available,300,1.00001,0.280686412900223,0.2806864129002232,4,0.0016594281911459,0.0137524759325264,-0.0120930477413805,0.280686412900223,0.0,0.031969,0.968031,20,0.325786,0.014814,0.310972,0.04547156722511096,4,0,0.989816412900223,1.70913,电气设备,-0.073429,铝,0.0512495337310412
price_volume_low_turnover_v1,baseline_2y_1y_5fold,4,2024-04-01,2025-03-31,relative_lag_in_strong_benchmark_context,2025-03-07,SH.000300,2025-03-03,available,300,1.00001,0.280686412900223,0.2806864129002232,4,0.00040347946121769993,-0.0030913190301902,0.0034947984914079,0.280686412900223,0.0,0.031969,0.968031,20,0.325786,0.014814,0.310972,0.04547156722511096,4,0,0.989816412900223,1.70913,电气设备,-0.073429,铝,0.0512495337310412
price_volume_low_turnover_v1,baseline_2y_1y_5fold,4,2024-04-01,2025-03-31,relative_lag_in_strong_benchmark_context,2025-03-10,SH.000300,2025-03-03,available,300,1.00001,0.280686412900223,0.2806864129002232,4,-0.0007484776932733,-0.0038564810941148,0.0031080034008415,0.280686412900223,0.0,0.031969,0.968031,20,0.325786,0.014814,0.310972,0.04547156722511096,4,0,0.989816412900223,1.70913,电气设备,-0.073429,铝,0.0512495337310412
price_volume_low_turnover_v1,baseline_2y_1y_5fold,4,2024-04-01,2025-03-31,relative_lag_in_strong_benchmark_context,2025-03-11,SH.000300,2025-03-03,available,300,1.00001,0.280686412900223,0.2806864129002232,4,0.0014713473468348,0.0032121767460802,-0.0017408293992454,0.280686412900223,0.0,0.031969,0.968031,20,0.325786,0.014814,0.310972,0.04547156722511096,4,0,0.989816412900223,1.70913,电气设备,-0.073429,铝,0.0512495337310412
price_volume_low_turnover_v1,baseline_2y_1y_5fold,4,2024-04-01,2025-03-31,relative_lag_in_strong_benchmark_context,2025-03-12,SH.000300,2025-03-03,available,300,1.00001,0.280686412900223,0.2806864129002232,4,-0.0031483471039477,-0.0036002252995113,0.0004518781955636002,0.280686412900223,0.0,0.031969,0.968031,20,0.325786,0.014814,0.310972,0.04547156722511096,4,0,0.989816412900223,1.70913,电气设备,-0.073429,铝,0.0512495337310412
price_volume_low_turnover_v1,baseline_2y_1y_5fold,4,2024-04-01,2025-03-31,relative_lag_in_strong_benchmark_context,2025-03-13,SH.000300,2025-03-03,available,300,1.00001,0.280686412900223,0.2806864129002232,4,0.0007311813161419998,-0.0039849970589957,0.0047161783751377,0.280686412900223,0.0,0.031969,0.968031,20,0.325786,0.014814,0.310972,0.04547156722511096,4,0,0.989816412900223,1.70913,电气设备,-0.073429,铝,0.0512495337310412
price_volume_low_turnover_v1,baseline_2y_1y_5fold,4,2024-04-01,2025-03-31,relative_lag_in_strong_benchmark_context,2025-03-14,SH.000300,2025-03-03,available,300,1.00001,0.280686412900223,0.2806864129002232,4,0.001505675222279,0.0242817480404338,-0.022776072818154802,0.280686412900223,0.0,0.031969,0.968031,20,0.325786,0.014814,0.310972,0.04547156722511096,4,0,0.989816412900223,1.70913,电气设备,-0.073429,铝,0.0512495337310412
price_volume_low_turnover_v1,baseline_2y_1y_5fold,4,2024-04-01,2025-03-31,relative_lag_in_strong_benchmark_context,2025-03-17,SH.000300,2025-03-03,available,300,1.00001,0.280686412900223,0.2806864129002232,4,-0.0013466934276751,-0.0024385008585918,0.0010918074309167003,0.280686412900223,0.0,0.031969,0.968031,20,0.325786,0.014814,0.310972,0.04547156722511096,4,0,0.989816412900223,1.70913,电气设备,-0.073429,铝,0.0512495337310412
price_volume_low_turnover_v1,baseline_2y_1y_5fold,4,2024-04-01,2025-03-31,relative_lag_in_strong_benchmark_context,2025-03-18,SH.000300,2025-03-03,available,300,1.00001,0.280686412900223,0.2806864129002232,4,0.0005935770250269912,0.0027346945924102,-0.0021411175673832087,0.280686412900223,0.0,0.031969,0.968031,20,0.325786,0.014814,0.310972,0.04547156722511096,4,0,0.989816412900223,1.70913,电气设备,-0.073429,铝,0.0512495337310412
price_volume_low_turnover_v1,baseline_2y_1y_5fold,4,2024-04-01,2025-03-31,relative_lag_in_strong_benchmark_context,2025-03-19,SH.000300,2025-03-03,available,300,1.00001,0.280686412900223,0.2806864129002232,4,0.0035037542678151997,0.0006113201521065,0.0028924341157086997,0.280686412900223,0.0,0.031969,0.968031,20,0.325786,0.014814,0.310972,0.04547156722511096,4,0,0.989816412900223,1.70913,电气设备,-0.073429,铝,0.0512495337310412
price_volume_low_turnover_v1,baseline_2y_1y_5fold,4,2024-04-01,2025-03-31,relative_lag_in_strong_benchmark_context,2025-03-20,SH.000300,2025-03-03,available,300,1.00001,0.280686412900223,0.2806864129002232,4,-0.0005174513009111,-0.0087726954218899,0.0082552441209788,0.280686412900223,0.0,0.031969,0.968031,20,0.325786,0.014814,0.310972,0.04547156722511096,4,0,0.989816412900223,1.70913,电气设备,-0.073429,铝,0.0512495337310412
price_volume_low_turnover_v1,baseline_2y_1y_5fold,4,2024-04-01,2025-03-31,relative_lag_in_strong_benchmark_context,2025-03-21,SH.000300,2025-03-03,available,300,1.00001,0.280686412900223,0.2806864129002232,4,-0.0057854271071357995,-0.0151673337542987,0.0093819066471629,0.280686412900223,0.0,0.031969,0.968031,20,0.325786,0.014814,0.310972,0.04547156722511096,4,0,0.989816412900223,1.70913,电气设备,-0.073429,铝,0.0512495337310412
price_volume_low_turnover_v1,baseline_2y_1y_5fold,4,2024-04-01,2025-03-31,relative_lag_in_strong_benchmark_context,2025-03-24,SH.000300,2025-03-03,available,300,1.00001,0.280686412900223,0.2806864129002232,4,0.0040927484929212995,0.0051472654354101,-0.0010545169424888007,0.280686412900223,0.0,0.031969,0.968031,20,0.325786,0.014814,0.310972,0.04547156722511096,4,0,0.989816412900223,1.70913,电气设备,-0.073429,铝,0.0512495337310412
price_volume_low_turnover_v1,baseline_2y_1y_5fold,4,2024-04-01,2025-03-31,relative_lag_in_strong_benchmark_context,2025-03-25,SH.000300,2025-03-03,available,300,1.00001,0.280686412900223,0.2806864129002232,4,0.00030527423477190007,-0.0006480551990545,0.0009533294338264001,0.280686412900223,0.0,0.031969,0.968031,20,0.325786,0.014814,0.310972,0.04547156722511096,4,0,0.989816412900223,1.70913,电气设备,-0.073429,铝,0.0512495337310412
price_volume_low_turnover_v1,baseline_2y_1y_5fold,4,2024-04-01,2025-03-31,relative_lag_in_strong_benchmark_context,2025-03-26,SH.000300,2025-03-03,available,300,1.00001,0.280686412900223,0.2806864129002232,4,-0.003854722694828659,-0.0032906950130966,-0.0005640276817320592,0.280686412900223,0.0,0.031969,0.968031,20,0.325786,0.014814,0.310972,0.04547156722511096,4,0,0.989816412900223,1.70913,电气设备,-0.073429,铝,0.0512495337310412
price_volume_low_turnover_v1,baseline_2y_1y_5fold,4,2024-04-01,2025-03-31,relative_lag_in_strong_benchmark_context,2025-03-27,SH.000300,2025-03-03,available,300,1.00001,0.280686412900223,0.2806864129002232,4,0.0009485000559780204,0.0033296252449379,-0.0023811251889598794,0.280686412900223,0.0,0.031969,0.968031,20,0.325786,0.014814,0.310972,0.04547156722511096,4,0,0.989816412900223,1.70913,电气设备,-0.073429,铝,0.0512495337310412
price_volume_low_turnover_v1,baseline_2y_1y_5fold,4,2024-04-01,2025-03-31,relative_lag_in_strong_benchmark_context,2025-03-28,SH.000300,2025-03-03,available,300,1.00001,0.280686412900223,0.2806864129002232,4,-0.0009764550260840001,-0.004384079991659,0.0034076249655749995,0.280686412900223,0.0,0.031969,0.968031,20,0.325786,0.014814,0.310972,0.04547156722511096,4,0,0.989816412900223,1.70913,电气设备,-0.073429,铝,0.0512495337310412
price_volume_low_turnover_v1,baseline_2y_1y_5fold,4,2024-04-01,2025-03-31,relative_lag_in_strong_benchmark_context,2025-03-31,SH.000300,2025-03-03,available,300,1.00001,0.280686412900223,0.2806864129002232,4,-0.000926161624006266,-0.0071159106756539,0.006189749051647634,0.280686412900223,0.0,0.031969,0.968031,20,0.325786,0.014814,0.310972,0.04547156722511096,4,0,0.989816412900223,1.70913,电气设备,-0.073429,铝,0.0512495337310412
price_volume_low_turnover_v1,baseline_2y_1y_5fold,5,2025-04-01,2026-03-31,relative_lag_in_strong_benchmark_context,2025-04-01,SH.000300,2025-03-31,available,300,0.9999799999999999,0.0,0.0,0,0.0,9.518150083209775e-05,-9.518150083209775e-05,0.0,0.0,0.0,1.0,20,0.33343999999999996,0.0,0.33343999999999996,0.0,0,0,0.99998,,银行,-0.1348,服饰,-0.00047
price_volume_low_turnover_v1,baseline_2y_1y_5fold,5,2025-04-01,2026-03-31,relative_lag_in_strong_benchmark_context,2025-04-02,SH.000300,2025-04-01,available,300,0.9999959999999999,0.4153464093155562,0.4153464093155563,5,0.0025883305035487,-0.000846263066919,0.0034345935704676997,0.3654134100107934,0.049932999304762804,0.038085,0.961915,20,0.33066500000000004,0.026612000000000004,0.304053,0.08048024435607035,4,1,0.9905904093155562,1.575244,白酒,-0.07576300000000001,石油开采,0.092285
price_volume_low_turnover_v1,baseline_2y_1y_5fold,5,2025-04-01,2026-03-31,relative_lag_in_strong_benchmark_context,2025-04-03,SH.000300,2025-04-01,available,300,0.9999959999999999,0.4153464093155562,0.4153464093155563,5,-0.001605754224378185,-0.0058928171476086,0.004287062923230415,0.3654134100107934,0.049932999304762804,0.038085,0.961915,20,0.33066500000000004,0.026612000000000004,0.304053,0.08048024435607035,4,1,0.9905904093155562,1.575244,白酒,-0.07576300000000001,石油开采,0.092285
price_volume_low_turnover_v1,baseline_2y_1y_5fold,5,2025-04-01,2026-03-31,relative_lag_in_strong_benchmark_context,2025-04-07,SH.000300,2025-04-01,available,300,0.9999959999999999,0.4153464093155562,0.4153464093155563,5,-0.029705247698867503,-0.070454486598472,0.0407492388996045,0.3654134100107934,0.049932999304762804,0.038085,0.961915,20,0.33066500000000004,0.026612000000000004,0.304053,0.08048024435607035,4,1,0.9905904093155562,1.575244,白酒,-0.07576300000000001,石油开采,0.092285
price_volume_low_turnover_v1,baseline_2y_1y_5fold,5,2025-04-01,2026-03-31,relative_lag_in_strong_benchmark_context,2025-04-08,SH.000300,2025-04-01,available,300,0.9999959999999999,0.4153464093155562,0.4153464093155563,5,0.0074641940958443,0.0170834447713292,-0.009619250675484902,0.3654134100107934,0.049932999304762804,0.038085,0.961915,20,0.33066500000000004,0.026612000000000004,0.304053,0.08048024435607035,4,1,0.9905904093155562,1.575244,白酒,-0.07576300000000001,石油开采,0.092285
price_volume_low_turnover_v1,baseline_2y_1y_5fold,5,2025-04-01,2026-03-31,relative_lag_in_strong_benchmark_context,2025-04-09,SH.000300,2025-04-01,available,300,0.9999959999999999,0.4153464093155562,0.4153464093155563,5,-0.0035109727506981996,0.0098691779245965,-0.013380150675294699,0.3654134100107934,0.049932999304762804,0.038085,0.961915,20,0.33066500000000004,0.026612000000000004,0.304053,0.08048024435607035,4,1,0.9905904093155562,1.575244,白酒,-0.07576300000000001,石油开采,0.092285
price_volume_low_turnover_v1,baseline_2y_1y_5fold,5,2025-04-01,2026-03-31,relative_lag_in_strong_benchmark_context,2025-04-10,SH.000300,2025-04-01,available,300,0.9999959999999999,0.4153464093155562,0.4153464093155563,5,0.005177705112311,0.0131089647091371,-0.0079312595968261,0.3654134100107934,0.049932999304762804,0.038085,0.961915,20,0.33066500000000004,0.026612000000000004,0.304053,0.08048024435607035,4,1,0.9905904093155562,1.575244,白酒,-0.07576300000000001,石油开采,0.092285
price_volume_low_turnover_v1,baseline_2y_1y_5fold,5,2025-04-01,2026-03-31,relative_lag_in_strong_benchmark_context,2025-04-11,SH.000300,2025-04-01,available,300,0.9999959999999999,0.4153464093155562,0.4153464093155563,5,-0.00010152506029080001,0.0041230268371565,-0.0042245518974473,0.3654134100107934,0.049932999304762804,0.038085,0.961915,20,0.33066500000000004,0.026612000000000004,0.304053,0.08048024435607035,4,1,0.9905904093155562,1.575244,白酒,-0.07576300000000001,石油开采,0.092285
price_volume_low_turnover_v1,baseline_2y_1y_5fold,5,2025-04-01,2026-03-31,relative_lag_in_strong_benchmark_context,2025-04-14,SH.000300,2025-04-01,available,300,0.9999959999999999,0.4153464093155562,0.4153464093155563,5,0.0071500016591027,0.0022983479624159,0.0048516536966867994,0.3654134100107934,0.049932999304762804,0.038085,0.961915,20,0.33066500000000004,0.026612000000000004,0.304053,0.08048024435607035,4,1,0.9905904093155562,1.575244,白酒,-0.07576300000000001,石油开采,0.092285
price_volume_low_turnover_v1,baseline_2y_1y_5fold,5,2025-04-01,2026-03-31,relative_lag_in_strong_benchmark_context,2025-04-15,SH.000300,2025-04-01,available,300,0.9999959999999999,0.4153464093155562,0.4153464093155563,5,0.004808228380693599,0.0005559782290631,0.004252250151630499,0.3654134100107934,0.049932999304762804,0.038085,0.961915,20,0.33066500000000004,0.026612000000000004,0.304053,0.08048024435607035,4,1,0.9905904093155562,1.575244,白酒,-0.07576300000000001,石油开采,0.092285
price_volume_low_turnover_v1,baseline_2y_1y_5fold,5,2025-04-01,2026-03-31,relative_lag_in_strong_benchmark_context,2025-04-16,SH.000300,2025-04-01,available,300,0.9999959999999999,0.4153464093155562,0.4153464093155563,5,0.0047101804656674,0.0030814387846529,0.0016287416810145,0.3654134100107934,0.049932999304762804,0.038085,0.961915,20,0.33066500000000004,0.026612000000000004,0.304053,0.08048024435607035,4,1,0.9905904093155562,1.575244,白酒,-0.07576300000000001,石油开采,0.092285
price_volume_low_turnover_v1,baseline_2y_1y_5fold,5,2025-04-01,2026-03-31,relative_lag_in_strong_benchmark_context,2025-04-17,SH.000300,2025-04-01,available,300,0.9999959999999999,0.4153464093155562,0.4153464093155563,5,0.00014516894397948655,-0.0001590322358343,0.00030420117981378656,0.3654134100107934,0.049932999304762804,0.038085,0.961915,20,0.33066500000000004,0.026612000000000004,0.304053,0.08048024435607035,4,1,0.9905904093155562,1.575244,白酒,-0.07576300000000001,石油开采,0.092285
price_volume_low_turnover_v1,baseline_2y_1y_5fold,5,2025-04-01,2026-03-31,relative_lag_in_strong_benchmark_context,2025-04-18,SH.000300,2025-04-01,available,300,0.9999959999999999,0.4153464093155562,0.4153464093155563,5,0.0007292344898407556,7.952876555461508e-05,0.0006497057242861405,0.3654134100107934,0.049932999304762804,0.038085,0.961915,20,0.33066500000000004,0.026612000000000004,0.304053,0.08048024435607035,4,1,0.9905904093155562,1.575244,白酒,-0.07576300000000001,石油开采,0.092285
price_volume_low_turnover_v1,baseline_2y_1y_5fold,5,2025-04-01,2026-03-31,relative_lag_in_strong_benchmark_context,2025-04-21,SH.000300,2025-04-01,available,300,0.9999959999999999,0.4153464093155562,0.4153464093155563,5,0.00021518842463469974,0.0032763245787961,-0.0030611361541614006,0.3654134100107934,0.049932999304762804,0.038085,0.961915,20,0.33066500000000004,0.026612000000000004,0.304053,0.08048024435607035,4,1,0.9905904093155562,1.575244,白酒,-0.07576300000000001,石油开采,0.092285
price_volume_low_turnover_v1,baseline_2y_1y_5fold,5,2025-04-01,2026-03-31,relative_lag_in_strong_benchmark_context,2025-04-22,SH.000300,2025-04-01,available,300,0.9999959999999999,0.4153464093155562,0.4153464093155563,5,0.0033916008815292,-0.000245714527277,0.0036373154088062,0.3654134100107934,0.049932999304762804,0.038085,0.961915,20,0.33066500000000004,0.026612000000000004,0.304053,0.08048024435607035,4,1,0.9905904093155562,1.575244,白酒,-0.07576300000000001,石油开采,0.092285
price_volume_low_turnover_v1,baseline_2y_1y_5fold,5,2025-04-01,2026-03-31,relative_lag_in_strong_benchmark_context,2025-04-23,SH.000300,2025-04-01,available,300,0.9999959999999999,0.4153464093155562,0.4153464093155563,5,-0.0010941996363806,0.0007743231279484,-0.001868522764329,0.3654134100107934,0.049932999304762804,0.038085,0.961915,20,0.33066500000000004,0.026612000000000004,0.304053,0.08048024435607035,4,1,0.9905904093155562,1.575244,白酒,-0.07576300000000001,石油开采,0.092285
price_volume_low_turnover_v1,baseline_2y_1y_5fold,5,2025-04-01,2026-03-31,relative_lag_in_strong_benchmark_context,2025-04-24,SH.000300,2025-04-01,available,300,0.9999959999999999,0.4153464093155562,0.4153464093155563,5,0.0033648516151064,-0.0006654554672975,0.0040303070824039,0.3654134100107934,0.049932999304762804,0.038085,0.961915,20,0.33066500000000004,0.026612000000000004,0.304053,0.08048024435607035,4,1,0.9905904093155562,1.575244,白酒,-0.07576300000000001,石油开采,0.092285
price_volume_low_turnover_v1,baseline_2y_1y_5fold,5,2025-04-01,2026-03-31,relative_lag_in_strong_benchmark_context,2025-04-25,SH.000300,2025-04-01,available,300,0.9999959999999999,0.4153464093155562,0.4153464093155563,5,-0.0009265435331649,0.0006949655952392,-0.0016215091284041,0.3654134100107934,0.049932999304762804,0.038085,0.961915,20,0.33066500000000004,0.026612000000000004,0.304053,0.08048024435607035,4,1,0.9905904093155562,1.575244,白酒,-0.07576300000000001,石油开采,0.092285
price_volume_low_turnover_v1,baseline_2y_1y_5fold,5,2025-04-01,2026-03-31,relative_lag_in_strong_benchmark_context,2025-04-28,SH.000300,2025-04-01,available,300,0.9999959999999999,0.4153464093155562,0.4153464093155563,5,0.0048113727531234,-0.0014180127225051,0.0062293854756285,0.3654134100107934,0.049932999304762804,0.038085,0.961915,20,0.33066500000000004,0.026612000000000004,0.304053,0.08048024435607035,4,1,0.9905904093155562,1.575244,白酒,-0.07576300000000001,石油开采,0.092285
price_volume_low_turnover_v1,baseline_2y_1y_5fold,5,2025-04-01,2026-03-31,relative_lag_in_strong_benchmark_context,2025-04-29,SH.000300,2025-04-01,available,300,0.9999959999999999,0.4153464093155562,0.4153464093155563,5,0.0017404664646796077,-0.0017294175512082,0.003469884015887808,0.3654134100107934,0.049932999304762804,0.038085,0.961915,20,0.33066500000000004,0.026612000000000004,0.304053,0.08048024435607035,4,1,0.9905904093155562,1.575244,白酒,-0.07576300000000001,石油开采,0.092285
price_volume_low_turnover_v1,baseline_2y_1y_5fold,5,2025-04-01,2026-03-31,relative_lag_in_strong_benchmark_context,2025-04-30,SH.000300,2025-04-01,available,300,0.9999959999999999,0.4153464093155562,0.4153464093155563,5,-0.0022923871014210997,-0.0011946766691036,-0.0010977104323174997,0.3654134100107934,0.049932999304762804,0.038085,0.961915,20,0.33066500000000004,0.026612000000000004,0.304053,0.08048024435607035,4,1,0.9905904093155562,1.575244,白酒,-0.07576300000000001,石油开采,0.092285
price_volume_low_turnover_v1,baseline_2y_1y_5fold,5,2025-04-01,2026-03-31,relative_lag_in_strong_benchmark_context,2025-05-06,SH.000300,2025-04-30,available,300,1.0000200000000001,0.4153464093155562,0.4153464093155563,5,-0.0026566715955984002,0.0100700955028019,-0.0127267670984003,0.3654134100107934,0.049932999304762804,0.039150000000000004,0.96085,20,0.33317,0.027049999999999998,0.30612,0.08118978299366689,4,1,0.9816264093155562,1.5662800000000001,白酒,-0.07654999999999999,石油开采,0.09239
price_volume_low_turnover_v1,baseline_2y_1y_5fold,5,2025-04-01,2026-03-31,relative_lag_in_strong_benchmark_context,2025-05-07,SH.000300,2025-05-06,available,300,1.0000049999999998,0.4153464093155562,0.4153464093155563,5,0.004531044573006871,0.0060626906898706,-0.001531646116863729,0.3654134100107934,0.049932999304762804,0.038678000000000004,0.961322,20,0.331183,0.026822,0.304361,0.08098845653309499,4,1,0.9847614093155562,1.569415,白酒,-0.07600699999999999,石油开采,0.092487
price_volume_low_turnover_v1,baseline_2y_1y_5fold,5,2025-04-01,2026-03-31,relative_lag_in_strong_benchmark_context,2025-05-08,SH.000300,2025-05-06,available,300,1.0000049999999998,0.4153464093155562,0.4153464093155563,5,0.0015182508993022,0.0055511622990738,-0.0040329113997716,0.3654134100107934,0.049932999304762804,0.038678000000000004,0.961322,20,0.331183,0.026822,0.304361,0.08098845653309499,4,1,0.9847614093155562,1.569415,白酒,-0.07600699999999999,石油开采,0.092487
price_volume_low_turnover_v1,baseline_2y_1y_5fold,5,2025-04-01,2026-03-31,relative_lag_in_strong_benchmark_context,2025-05-09,SH.000300,2025-05-06,available,300,1.0000049999999998,0.4153464093155562,0.4153464093155563,5,0.003786335901923792,-0.0017493316722468,0.005535667574170592,0.3654134100107934,0.049932999304762804,0.038678000000000004,0.961322,20,0.331183,0.026822,0.304361,0.08098845653309499,4,1,0.9847614093155562,1.569415,白酒,-0.07600699999999999,石油开采,0.092487
price_volume_low_turnover_v1,baseline_2y_1y_5fold,5,2025-04-01,2026-03-31,relative_lag_in_strong_benchmark_context,2025-05-12,SH.000300,2025-05-06,available,300,1.0000049999999998,0.4153464093155562,0.4153464093155563,5,0.0027636544202888002,0.0115569815088296,-0.0087933270885408,0.3654134100107934,0.049932999304762804,0.038678000000000004,0.961322,20,0.331183,0.026822,0.304361,0.08098845653309499,4,1,0.9847614093155562,1.569415,白酒,-0.07600699999999999,石油开采,0.092487
price_volume_low_turnover_v1,baseline_2y_1y_5fold,5,2025-04-01,2026-03-31,relative_lag_in_strong_benchmark_context,2025-05-13,SH.000300,2025-05-06,available,300,1.0000049999999998,0.4153464093155562,0.4153464093155563,5,0.0040391147613061,0.0014522144342403,0.0025869003270657994,0.3654134100107934,0.049932999304762804,0.038678000000000004,0.961322,20,0.331183,0.026822,0.304361,0.08098845653309499,4,1,0.9847614093155562,1.569415,白酒,-0.07600699999999999,石油开采,0.092487
price_volume_low_turnover_v1,baseline_2y_1y_5fold,5,2025-04-01,2026-03-31,relative_lag_in_strong_benchmark_context,2025-05-14,SH.000300,2025-05-06,available,300,1.0000049999999998,0.4153464093155562,0.4153464093155563,5,0.0017623554248911819,0.0120500171959776,-0.010287661771086419,0.3654134100107934,0.049932999304762804,0.038678000000000004,0.961322,20,0.331183,0.026822,0.304361,0.08098845653309499,4,1,0.9847614093155562,1.569415,白酒,-0.07600699999999999,石油开采,0.092487
price_volume_low_turnover_v1,baseline_2y_1y_5fold,5,2025-04-01,2026-03-31,relative_lag_in_strong_benchmark_context,2025-05-15,SH.000300,2025-05-06,available,300,1.0000049999999998,0.4153464093155562,0.4153464093155563,5,-0.0031511236331089004,-0.0091321537529069,0.005981030119798,0.3654134100107934,0.049932999304762804,0.038678000000000004,0.961322,20,0.331183,0.026822,0.304361,0.08098845653309499,4,1,0.9847614093155562,1.569415,白酒,-0.07600699999999999,石油开采,0.092487
price_volume_low_turnover_v1,baseline_2y_1y_5fold,5,2025-04-01,2026-03-31,relative_lag_in_strong_benchmark_context,2025-05-16,SH.000300,2025-05-06,available,300,1.0000049999999998,0.4153464093155562,0.4153464093155563,5,-0.002086539926325995,-0.0046350327600326,0.002548492833706605,0.3654134100107934,0.049932999304762804,0.038678000000000004,0.961322,20,0.331183,0.026822,0.304361,0.08098845653309499,4,1,0.9847614093155562,1.569415,白酒,-0.07600699999999999,石油开采,0.092487
price_volume_low_turnover_v1,baseline_2y_1y_5fold,5,2025-04-01,2026-03-31,relative_lag_in_strong_benchmark_context,2025-05-19,SH.000300,2025-05-06,available,300,1.0000049999999998,0.4153464093155562,0.4153464093155563,5,0.0015747136351962,-0.0030701269448637,0.0046448405800599,0.3654134100107934,0.049932999304762804,0.038678000000000004,0.961322,20,0.331183,0.026822,0.304361,0.08098845653309499,4,1,0.9847614093155562,1.569415,白酒,-0.07600699999999999,石油开采,0.092487
price_volume_low_turnover_v1,baseline_2y_1y_5fold,5,2025-04-01,2026-03-31,relative_lag_in_strong_benchmark_context,2025-05-20,SH.000300,2025-05-06,available,300,1.0000049999999998,0.4153464093155562,0.4153464093155563,5,0.0022598522577273,0.0054215080664921,-0.0031616558087648,0.3654134100107934,0.049932999304762804,0.038678000000000004,0.961322,20,0.331183,0.026822,0.304361,0.08098845653309499,4,1,0.9847614093155562,1.569415,白酒,-0.07600699999999999,石油开采,0.092487
price_volume_low_turnover_v1,baseline_2y_1y_5fold,5,2025-04-01,2026-03-31,relative_lag_in_strong_benchmark_context,2025-05-21,SH.000300,2025-05-06,available,300,1.0000049999999998,0.4153464093155562,0.4153464093155563,5,0.0082467131402187,0.0046714227445185,0.0035752903957002,0.3654134100107934,0.049932999304762804,0.038678000000000004,0.961322,20,0.331183,0.026822,0.304361,0.08098845653309499,4,1,0.9847614093155562,1.569415,白酒,-0.07600699999999999,石油开采,0.092487
price_volume_low_turnover_v1,baseline_2y_1y_5fold,5,2025-04-01,2026-03-31,relative_lag_in_strong_benchmark_context,2025-05-22,SH.000300,2025-05-06,available,300,1.0000049999999998,0.4153464093155562,0.4153464093155563,5,0.0038816986619456,-0.0006408979721069,0.0045225966340525,0.3654134100107934,0.049932999304762804,0.038678000000000004,0.961322,20,0.331183,0.026822,0.304361,0.08098845653309499,4,1,0.9847614093155562,1.569415,白酒,-0.07600699999999999,石油开采,0.092487
price_volume_low_turnover_v1,baseline_2y_1y_5fold,5,2025-04-01,2026-03-31,relative_lag_in_strong_benchmark_context,2025-05-23,SH.000300,2025-05-06,available,300,1.0000049999999998,0.4153464093155562,0.4153464093155563,5,-0.0030353362084094993,-0.0080738501789788,0.0050385139705693,0.3654134100107934,0.049932999304762804,0.038678000000000004,0.961322,20,0.331183,0.026822,0.304361,0.08098845653309499,4,1,0.9847614093155562,1.569415,白酒,-0.07600699999999999,石油开采,0.092487
price_volume_low_turnover_v1,baseline_2y_1y_5fold,5,2025-04-01,2026-03-31,relative_lag_in_strong_benchmark_context,2025-05-26,SH.000300,2025-05-06,available,300,1.0000049999999998,0.4153464093155562,0.4153464093155563,5,-0.0025105613866259926,-0.0057080007315307,0.0031974393449047075,0.3654134100107934,0.049932999304762804,0.038678000000000004,0.961322,20,0.331183,0.026822,0.304361,0.08098845653309499,4,1,0.9847614093155562,1.569415,白酒,-0.07600699999999999,石油开采,0.092487
price_volume_low_turnover_v1,baseline_2y_1y_5fold,5,2025-04-01,2026-03-31,relative_lag_in_strong_benchmark_context,2025-05-27,SH.000300,2025-05-06,available,300,1.0000049999999998,0.4153464093155562,0.4153464093155563,5,0.00015019182941969993,-0.0053651320817282,0.005515323911147899,0.3654134100107934,0.049932999304762804,0.038678000000000004,0.961322,20,0.331183,0.026822,0.304361,0.08098845653309499,4,1,0.9847614093155562,1.569415,白酒,-0.07600699999999999,石油开采,0.092487
price_volume_low_turnover_v1,baseline_2y_1y_5fold,5,2025-04-01,2026-03-31,relative_lag_in_strong_benchmark_context,2025-05-28,SH.000300,2025-05-06,available,300,1.0000049999999998,0.4153464093155562,0.4153464093155563,5,-0.0010586347587865997,-0.0008230452674897,-0.00023558949129689967,0.3654134100107934,0.049932999304762804,0.038678000000000004,0.961322,20,0.331183,0.026822,0.304361,0.08098845653309499,4,1,0.9847614093155562,1.569415,白酒,-0.07600699999999999,石油开采,0.092487
price_volume_low_turnover_v1,baseline_2y_1y_5fold,5,2025-04-01,2026-03-31,relative_lag_in_strong_benchmark_context,2025-05-29,SH.000300,2025-05-06,available,300,1.0000049999999998,0.4153464093155562,0.4153464093155563,5,0.0009436499819708998,0.0058546910516548,-0.0049110410696839,0.3654134100107934,0.049932999304762804,0.038678000000000004,0.961322,20,0.331183,0.026822,0.304361,0.08098845653309499,4,1,0.9847614093155562,1.569415,白酒,-0.07600699999999999,石油开采,0.092487
price_volume_low_turnover_v1,baseline_2y_1y_5fold,5,2025-04-01,2026-03-31,relative_lag_in_strong_benchmark_context,2025-05-30,SH.000300,2025-05-06,available,300,1.0000049999999998,0.4153464093155562,0.4153464093155563,5,4.760689313660949e-05,-0.0047865861559591,0.004834193049095709,0.3654134100107934,0.049932999304762804,0.038678000000000004,0.961322,20,0.331183,0.026822,0.304361,0.08098845653309499,4,1,0.9847614093155562,1.569415,白酒,-0.07600699999999999,石油开采,0.092487
price_volume_low_turnover_v1,baseline_2y_1y_5fold,5,2025-04-01,2026-03-31,relative_lag_in_strong_benchmark_context,2025-06-03,SH.000300,2025-05-30,available,300,1.00002,0.4153464093155562,0.4153464093155563,5,-0.004105127530169299,0.0030675246013911,-0.0071726521315604,0.3654134100107934,0.049932999304762804,0.04068,0.95932,20,0.33637999999999996,0.02803,0.30834999999999996,0.08332837861941852,4,1,0.9696264093155562,1.55428,白酒,-0.07311,石油开采,0.09226000000000001
price_volume_low_turnover_v1,baseline_2y_1y_5fold,5,2025-04-01,2026-03-31,relative_lag_in_strong_benchmark_context,2025-06-04,SH.000300,2025-06-03,available,300,0.999996,0.8851468423272075,0.8851468423272078,10,0.001055994020373991,0.0043431870633772,-0.0032871930430032094,0.8851468423272075,0.0,0.07643599999999999,0.923564,20,0.336469,0.04633999999999999,0.290129,0.13772442632159274,10,0,1.1789848423272076,1.293838,白酒,-0.072157,乳制品,0.090382
price_volume_low_turnover_v1,baseline_2y_1y_5fold,5,2025-04-01,2026-03-31,relative_lag_in_strong_benchmark_context,2025-06-05,SH.000300,2025-06-03,available,300,0.999996,0.8851468423272075,0.8851468423272078,10,0.004718549452784101,0.0022798120318243,0.0024387374209598007,0.8851468423272075,0.0,0.07643599999999999,0.923564,20,0.336469,0.04633999999999999,0.290129,0.13772442632159274,10,0,1.1789848423272076,1.293838,白酒,-0.072157,乳制品,0.090382
price_volume_low_turnover_v1,baseline_2y_1y_5fold,5,2025-04-01,2026-03-31,relative_lag_in_strong_benchmark_context,2025-06-06,SH.000300,2025-06-03,available,300,0.999996,0.8851468423272075,0.8851468423272078,10,0.0001912736093964999,-0.0009232610198165,0.0011145346292129998,0.8851468423272075,0.0,0.07643599999999999,0.923564,20,0.336469,0.04633999999999999,0.290129,0.13772442632159274,10,0,1.1789848423272076,1.293838,白酒,-0.072157,乳制品,0.090382
price_volume_low_turnover_v1,baseline_2y_1y_5fold,5,2025-04-01,2026-03-31,relative_lag_in_strong_benchmark_context,2025-06-09,SH.000300,2025-06-03,available,300,0.999996,0.8851468423272075,0.8851468423272078,10,0.006211408293766625,0.002909152860882,0.0033022554328846244,0.8851468423272075,0.0,0.07643599999999999,0.923564,20,0.336469,0.04633999999999999,0.290129,0.13772442632159274,10,0,1.1789848423272076,1.293838,白酒,-0.072157,乳制品,0.090382
price_volume_low_turnover_v1,baseline_2y_1y_5fold,5,2025-04-01,2026-03-31,relative_lag_in_strong_benchmark_context,2025-06-10,SH.000300,2025-06-03,available,300,0.999996,0.8851468423272075,0.8851468423272078,10,-0.002971923097580757,-0.0050910494820153,0.0021191263844345435,0.8851468423272075,0.0,0.07643599999999999,0.923564,20,0.336469,0.04633999999999999,0.290129,0.13772442632159274,10,0,1.1789848423272076,1.293838,白酒,-0.072157,乳制品,0.090382
price_volume_low_turnover_v1,baseline_2y_1y_5fold,5,2025-04-01,2026-03-31,relative_lag_in_strong_benchmark_context,2025-06-11,SH.000300,2025-06-03,available,300,0.999996,0.8851468423272075,0.8851468423272078,10,0.005342970598547177,0.0075437139597513,-0.002200743361204123,0.8851468423272075,0.0,0.07643599999999999,0.923564,20,0.336469,0.04633999999999999,0.290129,0.13772442632159274,10,0,1.1789848423272076,1.293838,白酒,-0.072157,乳制品,0.090382
price_volume_low_turnover_v1,baseline_2y_1y_5fold,5,2025-04-01,2026-03-31,relative_lag_in_strong_benchmark_context,2025-06-12,SH.000300,2025-06-03,available,300,0.999996,0.8851468423272075,0.8851468423272078,10,-0.0006756491083474184,-0.0006239360350021,-5.171307334531842e-05,0.8851468423272075,0.0,0.07643599999999999,0.923564,20,0.336469,0.04633999999999999,0.290129,0.13772442632159274,10,0,1.1789848423272076,1.293838,白酒,-0.072157,乳制品,0.090382
price_volume_low_turnover_v1,baseline_2y_1y_5fold,5,2025-04-01,2026-03-31,relative_lag_in_strong_benchmark_context,2025-06-13,SH.000300,2025-06-03,available,300,0.999996,0.8851468423272075,0.8851468423272078,10,-0.0010892135295994,-0.0071990134114382,0.0061097998818388,0.8851468423272075,0.0,0.07643599999999999,0.923564,20,0.336469,0.04633999999999999,0.290129,0.13772442632159274,10,0,1.1789848423272076,1.293838,白酒,-0.072157,乳制品,0.090382
price_volume_low_turnover_v1,baseline_2y_1y_5fold,5,2025-04-01,2026-03-31,relative_lag_in_strong_benchmark_context,2025-06-16,SH.000300,2025-06-03,available,300,0.999996,0.8851468423272075,0.8851468423272078,10,0.0028836621453021,0.002489532061136,0.0003941300841661002,0.8851468423272075,0.0,0.07643599999999999,0.923564,20,0.336469,0.04633999999999999,0.290129,0.13772442632159274,10,0,1.1789848423272076,1.293838,白酒,-0.072157,乳制品,0.090382
price_volume_low_turnover_v1,baseline_2y_1y_5fold,5,2025-04-01,2026-03-31,relative_lag_in_strong_benchmark_context,2025-06-17,SH.000300,2025-06-03,available,300,0.999996,0.8851468423272075,0.8851468423272078,10,-0.002247628662919354,-0.0008828540451236,-0.0013647746177957542,0.8851468423272075,0.0,0.07643599999999999,0.923564,20,0.336469,0.04633999999999999,0.290129,0.13772442632159274,10,0,1.1789848423272076,1.293838,白酒,-0.072157,乳制品,0.090382
price_volume_low_turnover_v1,baseline_2y_1y_5fold,5,2025-04-01,2026-03-31,relative_lag_in_strong_benchmark_context,2025-06-18,SH.000300,2025-06-03,available,300,0.999996,0.8851468423272075,0.8851468423272078,10,0.0005569860585231007,0.0011859300637147,-0.0006289440051915992,0.8851468423272075,0.0,0.07643599999999999,0.923564,20,0.336469,0.04633999999999999,0.290129,0.13772442632159274,10,0,1.1789848423272076,1.293838,白酒,-0.072157,乳制品,0.090382
price_volume_low_turnover_v1,baseline_2y_1y_5fold,5,2025-04-01,2026-03-31,relative_lag_in_strong_benchmark_context,2025-06-19,SH.000300,2025-06-03,available,300,0.999996,0.8851468423272075,0.8851468423272078,10,-0.00356794341432438,-0.008227160468339,0.00465921705401462,0.8851468423272075,0.0,0.07643599999999999,0.923564,20,0.336469,0.04633999999999999,0.290129,0.13772442632159274,10,0,1.1789848423272076,1.293838,白酒,-0.072157,乳制品,0.090382
price_volume_low_turnover_v1,baseline_2y_1y_5fold,5,2025-04-01,2026-03-31,relative_lag_in_strong_benchmark_context,2025-06-20,SH.000300,2025-06-03,available,300,0.999996,0.8851468423272075,0.8851468423272078,10,0.0018407250752560998,0.0009237358479763,0.0009169892272797998,0.8851468423272075,0.0,0.07643599999999999,0.923564,20,0.336469,0.04633999999999999,0.290129,0.13772442632159274,10,0,1.1789848423272076,1.293838,白酒,-0.072157,乳制品,0.090382
price_volume_low_turnover_v1,baseline_2y_1y_5fold,5,2025-04-01,2026-03-31,relative_lag_in_strong_benchmark_context,2025-06-23,SH.000300,2025-06-03,available,300,0.999996,0.8851468423272075,0.8851468423272078,10,-0.0009419727468823999,0.0029272299981282,-0.0038692027450105996,0.8851468423272075,0.0,0.07643599999999999,0.923564,20,0.336469,0.04633999999999999,0.290129,0.13772442632159274,10,0,1.1789848423272076,1.293838,白酒,-0.072157,乳制品,0.090382
price_volume_low_turnover_v1,baseline_2y_1y_5fold,5,2025-04-01,2026-03-31,relative_lag_in_strong_benchmark_context,2025-06-24,SH.000300,2025-06-03,available,300,0.999996,0.8851468423272075,0.8851468423272078,10,0.0035767386013343,0.0119572824593692,-0.0083805438580349,0.8851468423272075,0.0,0.07643599999999999,0.923564,20,0.336469,0.04633999999999999,0.290129,0.13772442632159274,10,0,1.1789848423272076,1.293838,白酒,-0.072157,乳制品,0.090382
price_volume_low_turnover_v1,baseline_2y_1y_5fold,5,2025-04-01,2026-03-31,relative_lag_in_strong_benchmark_context,2025-06-25,SH.000300,2025-06-03,available,300,0.999996,0.8851468423272075,0.8851468423272078,10,0.0175000674211264,0.0143543978914095,0.003145669529716899,0.8851468423272075,0.0,0.07643599999999999,0.923564,20,0.336469,0.04633999999999999,0.290129,0.13772442632159274,10,0,1.1789848423272076,1.293838,白酒,-0.072157,乳制品,0.090382
price_volume_low_turnover_v1,baseline_2y_1y_5fold,5,2025-04-01,2026-03-31,relative_lag_in_strong_benchmark_context,2025-06-26,SH.000300,2025-06-03,available,300,0.999996,0.8851468423272075,0.8851468423272078,10,0.0022794468148281,-0.0035479170822738,0.0058273638971019,0.8851468423272075,0.0,0.07643599999999999,0.923564,20,0.336469,0.04633999999999999,0.290129,0.13772442632159274,10,0,1.1789848423272076,1.293838,白酒,-0.072157,乳制品,0.090382
price_volume_low_turnover_v1,baseline_2y_1y_5fold,5,2025-04-01,2026-03-31,relative_lag_in_strong_benchmark_context,2025-06-27,SH.000300,2025-06-03,available,300,0.999996,0.8851468423272075,0.8851468423272078,10,-0.0114250938926634,-0.0061479668121295,-0.0052771270805339,0.8851468423272075,0.0,0.07643599999999999,0.923564,20,0.336469,0.04633999999999999,0.290129,0.13772442632159274,10,0,1.1789848423272076,1.293838,白酒,-0.072157,乳制品,0.090382
price_volume_low_turnover_v1,baseline_2y_1y_5fold,5,2025-04-01,2026-03-31,relative_lag_in_strong_benchmark_context,2025-06-30,SH.000300,2025-06-03,available,300,0.999996,0.8851468423272075,0.8851468423272078,10,-0.0009070473967390234,0.0036514218106156,-0.004558469207354624,0.8851468423272075,0.0,0.07643599999999999,0.923564,20,0.336469,0.04633999999999999,0.290129,0.13772442632159274,10,0,1.1789848423272076,1.293838,白酒,-0.072157,乳制品,0.090382
price_volume_low_turnover_v1,baseline_2y_1y_5fold,5,2025-04-01,2026-03-31,relative_lag_in_strong_benchmark_context,2025-07-01,SH.000300,2025-06-30,available,300,1.00001,0.8851468423272075,0.8851468423272078,10,0.005231035882779538,0.0016971199772362,0.003533915905543338,0.8851468423272075,0.0,0.07654000000000002,0.92346,20,0.33169000000000004,0.04678,0.28491000000000005,0.14103530404896136,10,0,1.1581168423272075,1.27297,白酒,-0.06599000000000001,乳制品,0.09154000000000001
price_volume_low_turnover_v1,baseline_2y_1y_5fold,5,2025-04-01,2026-03-31,relative_lag_in_strong_benchmark_context,2025-07-02,SH.000300,2025-07-01,available,300,0.999997,0.8851468423272075,0.8851468423272078,10,-0.0017352823557677,0.000233339082267,-0.0019686214380347,0.8851468423272075,0.0,0.076826,0.9231739999999999,20,0.33214399999999994,0.047078999999999996,0.28506499999999996,0.14174273808950336,10,0,1.1536878423272074,1.268541,白酒,-0.065576,乳制品,0.09162300000000001
price_volume_low_turnover_v1,baseline_2y_1y_5fold,5,2025-04-01,2026-03-31,relative_lag_in_strong_benchmark_context,2025-07-03,SH.000300,2025-07-01,available,300,0.999997,0.8851468423272075,0.8851468423272078,10,0.0022905109005116045,0.0061845788704966,-0.0038940679699849953,0.8851468423272075,0.0,0.076826,0.9231739999999999,20,0.33214399999999994,0.047078999999999996,0.28506499999999996,0.14174273808950336,10,0,1.1536878423272074,1.268541,白酒,-0.065576,乳制品,0.09162300000000001
price_volume_low_turnover_v1,baseline_2y_1y_5fold,5,2025-04-01,2026-03-31,relative_lag_in_strong_benchmark_context,2025-07-04,SH.000300,2025-07-01,available,300,0.999997,0.8851468423272075,0.8851468423272078,10,0.0072797849801746715,0.0035609250844867,0.0037188598956879714,0.8851468423272075,0.0,0.076826,0.9231739999999999,20,0.33214399999999994,0.047078999999999996,0.28506499999999996,0.14174273808950336,10,0,1.1536878423272074,1.268541,白酒,-0.065576,乳制品,0.09162300000000001
price_volume_low_turnover_v1,baseline_2y_1y_5fold,5,2025-04-01,2026-03-31,relative_lag_in_strong_benchmark_context,2025-07-07,SH.000300,2025-07-01,available,300,0.999997,0.8851468423272075,0.8851468423272078,10,-0.0060306368703219,-0.0042765305609964,-0.0017541063093255002,0.8851468423272075,0.0,0.076826,0.9231739999999999,20,0.33214399999999994,0.047078999999999996,0.28506499999999996,0.14174273808950336,10,0,1.1536878423272074,1.268541,白酒,-0.065576,乳制品,0.09162300000000001
price_volume_low_turnover_v1,baseline_2y_1y_5fold,5,2025-04-01,2026-03-31,relative_lag_in_strong_benchmark_context,2025-07-08,SH.000300,2025-07-01,available,300,0.999997,0.8851468423272075,0.8851468423272078,10,0.0019055493072693002,0.0083930827682041,-0.006487533460934801,0.8851468423272075,0.0,0.076826,0.9231739999999999,20,0.33214399999999994,0.047078999999999996,0.28506499999999996,0.14174273808950336,10,0,1.1536878423272074,1.268541,白酒,-0.065576,乳制品,0.09162300000000001
price_volume_low_turnover_v1,baseline_2y_1y_5fold,5,2025-04-01,2026-03-31,relative_lag_in_strong_benchmark_context,2025-07-09,SH.000300,2025-07-01,available,300,0.999997,0.8851468423272075,0.8851468423272078,10,0.0036603448916290994,-0.0017631832335028,0.005423528125131899,0.8851468423272075,0.0,0.076826,0.9231739999999999,20,0.33214399999999994,0.047078999999999996,0.28506499999999996,0.14174273808950336,10,0,1.1536878423272074,1.268541,白酒,-0.065576,乳制品,0.09162300000000001
price_volume_low_turnover_v1,baseline_2y_1y_5fold,5,2025-04-01,2026-03-31,relative_lag_in_strong_benchmark_context,2025-07-10,SH.000300,2025-07-01,available,300,0.999997,0.8851468423272075,0.8851468423272078,10,0.0019813662868488,0.0046650298141002,-0.0026836635272514,0.8851468423272075,0.0,0.076826,0.9231739999999999,20,0.33214399999999994,0.047078999999999996,0.28506499999999996,0.14174273808950336,10,0,1.1536878423272074,1.268541,白酒,-0.065576,乳制品,0.09162300000000001
price_volume_low_turnover_v1,baseline_2y_1y_5fold,5,2025-04-01,2026-03-31,relative_lag_in_strong_benchmark_context,2025-07-11,SH.000300,2025-07-01,available,300,0.999997,0.8851468423272075,0.8851468423272078,10,0.0013726896011531002,0.0011945077580659,0.00017818184308720023,0.8851468423272075,0.0,0.076826,0.9231739999999999,20,0.33214399999999994,0.047078999999999996,0.28506499999999996,0.14174273808950336,10,0,1.1536878423272074,1.268541,白酒,-0.065576,乳制品,0.09162300000000001
price_volume_low_turnover_v1,baseline_2y_1y_5fold,5,2025-04-01,2026-03-31,relative_lag_in_strong_benchmark_context,2025-07-14,SH.000300,2025-07-01,available,300,0.999997,0.8851468423272075,0.8851468423272078,10,0.0010064843864191998,0.0007123624779254,0.0002941219084937998,0.8851468423272075,0.0,0.076826,0.9231739999999999,20,0.33214399999999994,0.047078999999999996,0.28506499999999996,0.14174273808950336,10,0,1.1536878423272074,1.268541,白酒,-0.065576,乳制品,0.09162300000000001
price_volume_low_turnover_v1,baseline_2y_1y_5fold,5,2025-04-01,2026-03-31,relative_lag_in_strong_benchmark_context,2025-07-15,SH.000300,2025-07-01,available,300,0.999997,0.8851468423272075,0.8851468423272078,10,-0.0037977238452510005,0.000345971670147,-0.0041436955153980005,0.8851468423272075,0.0,0.076826,0.9231739999999999,20,0.33214399999999994,0.047078999999999996,0.28506499999999996,0.14174273808950336,10,0,1.1536878423272074,1.268541,白酒,-0.065576,乳制品,0.09162300000000001
price_volume_low_turnover_v1,baseline_2y_1y_5fold,5,2025-04-01,2026-03-31,relative_lag_in_strong_benchmark_context,2025-07-16,SH.000300,2025-07-01,available,300,0.999997,0.8851468423272075,0.8851468423272078,10,-0.0036011180662236,-0.0029509387767289,-0.0006501792894946998,0.8851468423272075,0.0,0.076826,0.9231739999999999,20,0.33214399999999994,0.047078999999999996,0.28506499999999996,0.14174273808950336,10,0,1.1536878423272074,1.268541,白酒,-0.065576,乳制品,0.09162300000000001
price_volume_low_turnover_v1,baseline_2y_1y_5fold,5,2025-04-01,2026-03-31,relative_lag_in_strong_benchmark_context,2025-07-17,SH.000300,2025-07-01,available,300,0.999997,0.8851468423272075,0.8851468423272078,10,0.004664986941343,0.0068102415651827,-0.0021452546238396996,0.8851468423272075,0.0,0.076826,0.9231739999999999,20,0.33214399999999994,0.047078999999999996,0.28506499999999996,0.14174273808950336,10,0,1.1536878423272074,1.268541,白酒,-0.065576,乳制品,0.09162300000000001
price_volume_low_turnover_v1,baseline_2y_1y_5fold,5,2025-04-01,2026-03-31,relative_lag_in_strong_benchmark_context,2025-07-18,SH.000300,2025-07-01,available,300,0.999997,0.8851468423272075,0.8851468423272078,10,0.007573450997675564,0.0059635790397301,0.001609871957945464,0.8851468423272075,0.0,0.076826,0.9231739999999999,20,0.33214399999999994,0.047078999999999996,0.28506499999999996,0.14174273808950336,10,0,1.1536878423272074,1.268541,白酒,-0.065576,乳制品,0.09162300000000001
price_volume_low_turnover_v1,baseline_2y_1y_5fold,5,2025-04-01,2026-03-31,relative_lag_in_strong_benchmark_context,2025-07-21,SH.000300,2025-07-01,available,300,0.999997,0.8851468423272075,0.8851468423272078,10,0.006141664659860857,0.0066674058469158,-0.0005257411870549433,0.8851468423272075,0.0,0.076826,0.9231739999999999,20,0.33214399999999994,0.047078999999999996,0.28506499999999996,0.14174273808950336,10,0,1.1536878423272074,1.268541,白酒,-0.065576,乳制品,0.09162300000000001
price_volume_low_turnover_v1,baseline_2y_1y_5fold,5,2025-04-01,2026-03-31,relative_lag_in_strong_benchmark_context,2025-07-22,SH.000300,2025-07-01,available,300,0.999997,0.8851468423272075,0.8851468423272078,10,-0.001915674081415568,0.008162795763668,-0.010078469845083569,0.8851468423272075,0.0,0.076826,0.9231739999999999,20,0.33214399999999994,0.047078999999999996,0.28506499999999996,0.14174273808950336,10,0,1.1536878423272074,1.268541,白酒,-0.065576,乳制品,0.09162300000000001
price_volume_low_turnover_v1,baseline_2y_1y_5fold,5,2025-04-01,2026-03-31,relative_lag_in_strong_benchmark_context,2025-07-23,SH.000300,2025-07-01,available,300,0.999997,0.8851468423272075,0.8851468423272078,10,0.00026518153664299986,0.0001966515819529,6.852995469009985e-05,0.8851468423272075,0.0,0.076826,0.9231739999999999,20,0.33214399999999994,0.047078999999999996,0.28506499999999996,0.14174273808950336,10,0,1.1536878423272074,1.268541,白酒,-0.065576,乳制品,0.09162300000000001
price_volume_low_turnover_v1,baseline_2y_1y_5fold,5,2025-04-01,2026-03-31,relative_lag_in_strong_benchmark_context,2025-07-24,SH.000300,2025-07-01,available,300,0.999997,0.8851468423272075,0.8851468423272078,10,-0.0018612094981353005,0.0071047655573004,-0.0089659750554357,0.8851468423272075,0.0,0.076826,0.9231739999999999,20,0.33214399999999994,0.047078999999999996,0.28506499999999996,0.14174273808950336,10,0,1.1536878423272074,1.268541,白酒,-0.065576,乳制品,0.09162300000000001
price_volume_low_turnover_v1,baseline_2y_1y_5fold,5,2025-04-01,2026-03-31,relative_lag_in_strong_benchmark_context,2025-07-25,SH.000300,2025-07-01,available,300,0.999997,0.8851468423272075,0.8851468423272078,10,-0.001257255606168618,-0.0052735090526965,0.0040162534465278815,0.8851468423272075,0.0,0.076826,0.9231739999999999,20,0.33214399999999994,0.047078999999999996,0.28506499999999996,0.14174273808950336,10,0,1.1536878423272074,1.268541,白酒,-0.065576,乳制品,0.09162300000000001
price_volume_low_turnover_v1,baseline_2y_1y_5fold,5,2025-04-01,2026-03-31,relative_lag_in_strong_benchmark_context,2025-07-28,SH.000300,2025-07-01,available,300,0.999997,0.8851468423272075,0.8851468423272078,10,0.0092576287970629,0.0020982951957277,0.007159333601335201,0.8851468423272075,0.0,0.076826,0.9231739999999999,20,0.33214399999999994,0.047078999999999996,0.28506499999999996,0.14174273808950336,10,0,1.1536878423272074,1.268541,白酒,-0.065576,乳制品,0.09162300000000001
price_volume_low_turnover_v1,baseline_2y_1y_5fold,5,2025-04-01,2026-03-31,relative_lag_in_strong_benchmark_context,2025-07-29,SH.000300,2025-07-01,available,300,0.999997,0.8851468423272075,0.8851468423272078,10,-0.00537103154323693,0.0039169983219773,-0.00928802986521423,0.8851468423272075,0.0,0.076826,0.9231739999999999,20,0.33214399999999994,0.047078999999999996,0.28506499999999996,0.14174273808950336,10,0,1.1536878423272074,1.268541,白酒,-0.065576,乳制品,0.09162300000000001
price_volume_low_turnover_v1,baseline_2y_1y_5fold,5,2025-04-01,2026-03-31,relative_lag_in_strong_benchmark_context,2025-07-30,SH.000300,2025-07-01,available,300,0.999997,0.5289335789460534,0.5289335789460538,9,-0.0074872866775929515,-0.0001878603667614,-0.007299426310831552,0.44871381998527377,0.08021975896077965,0.068052,0.931948,20,0.33214399999999994,0.05069,0.2814539999999999,0.15261452863818106,7,2,1.0758985789460533,1.546965,银行,-0.157126,证券,0.11016492477601579
price_volume_low_turnover_v1,baseline_2y_1y_5fold,5,2025-04-01,2026-03-31,relative_lag_in_strong_benchmark_context,2025-07-31,SH.000300,2025-07-01,available,300,0.999997,0.5289335789460534,0.5289335789460538,9,-0.011773785119691,-0.0182234705774658,0.006449685457774799,0.44871381998527377,0.08021975896077965,0.068052,0.931948,20,0.33214399999999994,0.05069,0.2814539999999999,0.15261452863818106,7,2,1.0758985789460533,1.546965,银行,-0.157126,证券,0.11016492477601579
price_volume_low_turnover_v1,baseline_2y_1y_5fold,5,2025-04-01,2026-03-31,relative_lag_in_strong_benchmark_context,2025-08-01,SH.000300,2025-07-31,available,300,0.99997,0.5289335789460534,0.5289335789460538,9,-0.0060183097572358,-0.0050692047041042,-0.0009491050531315994,0.44871381998527377,0.08021975896077965,0.07292,0.92708,20,0.32687,0.05407,0.2728,0.16541744424388902,7,2,1.0593901611273722,1.52985,银行,-0.14767,证券,0.10883392477601579
price_volume_low_turnover_v1,baseline_2y_1y_5fold,5,2025-04-01,2026-03-31,relative_lag_in_strong_benchmark_context,2025-08-04,SH.000300,2025-08-01,available,300,1.00001,0.5289335789460534,0.5289335789460538,9,-0.0013401052758126079,0.0038890930299659,-0.0052291983057785076,0.44871381998527377,0.08021975896077965,0.072314,0.927686,20,0.327042,0.053607,0.273435,0.16391472654888364,7,2,1.060754161127372,1.530314,银行,-0.148794,证券,0.10898192477601579
price_volume_low_turnover_v1,baseline_2y_1y_5fold,5,2025-04-01,2026-03-31,relative_lag_in_strong_benchmark_context,2025-08-05,SH.000300,2025-08-01,available,300,1.00001,0.5289335789460534,0.5289335789460538,9,0.0019724707529882,0.0080452993342667,-0.0060728285812785,0.44871381998527377,0.08021975896077965,0.072314,0.927686,20,0.327042,0.053607,0.273435,0.16391472654888364,7,2,1.060754161127372,1.530314,银行,-0.148794,证券,0.10898192477601579
price_volume_low_turnover_v1,baseline_2y_1y_5fold,5,2025-04-01,2026-03-31,relative_lag_in_strong_benchmark_context,2025-08-06,SH.000300,2025-08-01,available,300,1.00001,0.5289335789460534,0.5289335789460538,9,0.0041332267533777675,0.0024467216610413,0.0016865050923364675,0.44871381998527377,0.08021975896077965,0.072314,0.927686,20,0.327042,0.053607,0.273435,0.16391472654888364,7,2,1.060754161127372,1.530314,银行,-0.148794,证券,0.10898192477601579
price_volume_low_turnover_v1,baseline_2y_1y_5fold,5,2025-04-01,2026-03-31,relative_lag_in_strong_benchmark_context,2025-08-07,SH.000300,2025-08-01,available,300,1.00001,0.5289335789460534,0.5289335789460538,9,-0.0025865118846569576,0.0002868610352766,-0.0028733729199335576,0.44871381998527377,0.08021975896077965,0.072314,0.927686,20,0.327042,0.053607,0.273435,0.16391472654888364,7,2,1.060754161127372,1.530314,银行,-0.148794,证券,0.10898192477601579
price_volume_low_turnover_v1,baseline_2y_1y_5fold,5,2025-04-01,2026-03-31,relative_lag_in_strong_benchmark_context,2025-08-08,SH.000300,2025-08-01,available,300,1.00001,0.5289335789460534,0.5289335789460538,9,0.0010006093284760965,-0.0023574186994339,0.0033580280279099967,0.44871381998527377,0.08021975896077965,0.072314,0.927686,20,0.327042,0.053607,0.273435,0.16391472654888364,7,2,1.060754161127372,1.530314,银行,-0.148794,证券,0.10898192477601579
price_volume_low_turnover_v1,baseline_2y_1y_5fold,5,2025-04-01,2026-03-31,relative_lag_in_strong_benchmark_context,2025-08-11,SH.000300,2025-08-01,available,300,1.00001,0.5289335789460534,0.5289335789460538,9,0.003404218958252506,0.0042728692292512,-0.0008686502709986939,0.44871381998527377,0.08021975896077965,0.072314,0.927686,20,0.327042,0.053607,0.273435,0.16391472654888364,7,2,1.060754161127372,1.530314,银行,-0.148794,证券,0.10898192477601579
price_volume_low_turnover_v1,baseline_2y_1y_5fold,5,2025-04-01,2026-03-31,relative_lag_in_strong_benchmark_context,2025-08-12,SH.000300,2025-08-01,available,300,1.00001,0.5289335789460534,0.5289335789460538,9,0.00020256530225675194,0.005171606618298,-0.004969041316041248,0.44871381998527377,0.08021975896077965,0.072314,0.927686,20,0.327042,0.053607,0.273435,0.16391472654888364,7,2,1.060754161127372,1.530314,银行,-0.148794,证券,0.10898192477601579
price_volume_low_turnover_v1,baseline_2y_1y_5fold,5,2025-04-01,2026-03-31,relative_lag_in_strong_benchmark_context,2025-08-13,SH.000300,2025-08-01,available,300,1.00001,0.5289335789460534,0.5289335789460538,9,0.009961322964842735,0.007903316497057,0.002058006467785735,0.44871381998527377,0.08021975896077965,0.072314,0.927686,20,0.327042,0.053607,0.273435,0.16391472654888364,7,2,1.060754161127372,1.530314,银行,-0.148794,证券,0.10898192477601579
price_volume_low_turnover_v1,baseline_2y_1y_5fold,5,2025-04-01,2026-03-31,relative_lag_in_strong_benchmark_context,2025-08-14,SH.000300,2025-08-01,available,300,1.00001,0.5289335789460534,0.5289335789460538,9,0.0013758720567594999,-0.0007829372357286,0.0021588092924881,0.44871381998527377,0.08021975896077965,0.072314,0.927686,20,0.327042,0.053607,0.273435,0.16391472654888364,7,2,1.060754161127372,1.530314,银行,-0.148794,证券,0.10898192477601579
price_volume_low_turnover_v1,baseline_2y_1y_5fold,5,2025-04-01,2026-03-31,relative_lag_in_strong_benchmark_context,2025-08-15,SH.000300,2025-08-01,available,300,1.00001,0.5289335789460534,0.5289335789460538,9,0.004374476552202001,0.0069585053590555,-0.0025840288068534993,0.44871381998527377,0.08021975896077965,0.072314,0.927686,20,0.327042,0.053607,0.273435,0.16391472654888364,7,2,1.060754161127372,1.530314,银行,-0.148794,证券,0.10898192477601579
price_volume_low_turnover_v1,baseline_2y_1y_5fold,5,2025-04-01,2026-03-31,relative_lag_in_strong_benchmark_context,2025-08-18,SH.000300,2025-08-01,available,300,1.00001,0.5289335789460534,0.5289335789460538,9,-0.0004239568693600003,0.0088188751531879,-0.0092428320225479,0.44871381998527377,0.08021975896077965,0.072314,0.927686,20,0.327042,0.053607,0.273435,0.16391472654888364,7,2,1.060754161127372,1.530314,银行,-0.148794,证券,0.10898192477601579
price_volume_low_turnover_v1,baseline_2y_1y_5fold,5,2025-04-01,2026-03-31,relative_lag_in_strong_benchmark_context,2025-08-19,SH.000300,2025-08-01,available,300,1.00001,0.5289335789460534,0.5289335789460538,9,-0.0072248957170947,-0.0037835453518295,-0.0034413503652651997,0.44871381998527377,0.08021975896077965,0.072314,0.927686,20,0.327042,0.053607,0.273435,0.16391472654888364,7,2,1.060754161127372,1.530314,银行,-0.148794,证券,0.10898192477601579
price_volume_low_turnover_v1,baseline_2y_1y_5fold,5,2025-04-01,2026-03-31,relative_lag_in_strong_benchmark_context,2025-08-20,SH.000300,2025-08-01,available,300,1.00001,0.5289335789460534,0.5289335789460538,9,0.012237475413327202,0.0113724348091688,0.0008650406041584013,0.44871381998527377,0.08021975896077965,0.072314,0.927686,20,0.327042,0.053607,0.273435,0.16391472654888364,7,2,1.060754161127372,1.530314,银行,-0.148794,证券,0.10898192477601579
price_volume_low_turnover_v1,baseline_2y_1y_5fold,5,2025-04-01,2026-03-31,relative_lag_in_strong_benchmark_context,2025-08-21,SH.000300,2025-08-01,available,300,1.00001,0.5289335789460534,0.5289335789460538,9,0.0034707769765663097,0.0039027016903123,-0.00043192471374599046,0.44871381998527377,0.08021975896077965,0.072314,0.927686,20,0.327042,0.053607,0.273435,0.16391472654888364,7,2,1.060754161127372,1.530314,银行,-0.148794,证券,0.10898192477601579
price_volume_low_turnover_v1,baseline_2y_1y_5fold,5,2025-04-01,2026-03-31,relative_lag_in_strong_benchmark_context,2025-08-22,SH.000300,2025-08-01,available,300,1.00001,0.5289335789460534,0.5289335789460538,9,0.0182857945107297,0.0209721389809403,-0.0026863444702106,0.44871381998527377,0.08021975896077965,0.072314,0.927686,20,0.327042,0.053607,0.273435,0.16391472654888364,7,2,1.060754161127372,1.530314,银行,-0.148794,证券,0.10898192477601579
price_volume_low_turnover_v1,baseline_2y_1y_5fold,5,2025-04-01,2026-03-31,relative_lag_in_strong_benchmark_context,2025-08-25,SH.000300,2025-08-01,available,300,1.00001,0.5289335789460534,0.5289335789460538,9,0.0081818509286523,0.0208359981726815,-0.012654147244029199,0.44871381998527377,0.08021975896077965,0.072314,0.927686,20,0.327042,0.053607,0.273435,0.16391472654888364,7,2,1.060754161127372,1.530314,银行,-0.148794,证券,0.10898192477601579
price_volume_low_turnover_v1,baseline_2y_1y_5fold,5,2025-04-01,2026-03-31,relative_lag_in_strong_benchmark_context,2025-08-26,SH.000300,2025-08-01,available,300,1.00001,0.5289335789460534,0.5289335789460538,9,0.0021485053420562663,-0.0037210072451121,0.005869512587168366,0.44871381998527377,0.08021975896077965,0.072314,0.927686,20,0.327042,0.053607,0.273435,0.16391472654888364,7,2,1.060754161127372,1.530314,银行,-0.148794,证券,0.10898192477601579
price_volume_low_turnover_v1,baseline_2y_1y_5fold,5,2025-04-01,2026-03-31,relative_lag_in_strong_benchmark_context,2025-08-27,SH.000300,2025-08-01,available,300,1.00001,0.5289335789460534,0.5289335789460538,9,-0.0127758162859825,-0.0149261441093835,0.002150327823400999,0.44871381998527377,0.08021975896077965,0.072314,0.927686,20,0.327042,0.053607,0.273435,0.16391472654888364,7,2,1.060754161127372,1.530314,银行,-0.148794,证券,0.10898192477601579
price_volume_low_turnover_v1,baseline_2y_1y_5fold,5,2025-04-01,2026-03-31,relative_lag_in_strong_benchmark_context,2025-08-28,SH.000300,2025-08-01,available,300,1.00001,0.5289335789460534,0.5289335789460538,9,0.006988473490258201,0.0177035336389936,-0.010715060148735401,0.44871381998527377,0.08021975896077965,0.072314,0.927686,20,0.327042,0.053607,0.273435,0.16391472654888364,7,2,1.060754161127372,1.530314,银行,-0.148794,证券,0.10898192477601579
price_volume_low_turnover_v1,baseline_2y_1y_5fold,5,2025-04-01,2026-03-31,relative_lag_in_strong_benchmark_context,2025-08-29,SH.000300,2025-08-01,available,300,1.00001,0.5289335789460534,0.5289335789460538,9,0.015420947537121699,0.0073883569530757,0.008032590584045998,0.44871381998527377,0.08021975896077965,0.072314,0.927686,20,0.327042,0.053607,0.273435,0.16391472654888364,7,2,1.060754161127372,1.530314,银行,-0.148794,证券,0.10898192477601579
price_volume_low_turnover_v1,baseline_2y_1y_5fold,5,2025-04-01,2026-03-31,relative_lag_in_strong_benchmark_context,2025-09-01,SH.000300,2025-08-29,available,300,1.0000099999999998,0.5289335789460534,0.5289335789460538,9,0.0062165073678248,0.0059932039957657,0.0002233033720590999,0.44871381998527377,0.08021975896077965,0.07355,0.92645,20,0.32981,0.05464,0.27516999999999997,0.1656711439919954,7,2,1.0587301611273723,1.52339,银行,-0.13153,证券,0.10876392477601579
price_volume_low_turnover_v1,baseline_2y_1y_5fold,5,2025-04-01,2026-03-31,relative_lag_in_strong_benchmark_context,2025-09-02,SH.000300,2025-09-01,available,300,0.9999959999999999,0.5289335789460534,0.5289335789460538,9,-0.006085681709021728,-0.0073523722785059,0.0012666905694841716,0.44871381998527377,0.08021975896077965,0.073643,0.926357,20,0.32976600000000006,0.054785,0.27498100000000003,0.16613295488315954,7,2,1.0580681611273721,1.5231919999999999,银行,-0.129252,证券,0.10993092477601579
price_volume_low_turnover_v1,baseline_2y_1y_5fold,5,2025-04-01,2026-03-31,relative_lag_in_strong_benchmark_context,2025-09-03,SH.000300,2025-09-01,available,300,0.9999959999999999,0.5289335789460534,0.5289335789460538,9,-0.0081010758609112,-0.006818915698872,-0.001282160162039199,0.44871381998527377,0.08021975896077965,0.073643,0.926357,20,0.32976600000000006,0.054785,0.27498100000000003,0.16613295488315954,7,2,1.0580681611273721,1.5231919999999999,银行,-0.129252,证券,0.10993092477601579
price_volume_low_turnover_v1,baseline_2y_1y_5fold,5,2025-04-01,2026-03-31,relative_lag_in_strong_benchmark_context,2025-09-04,SH.000300,2025-09-01,available,300,0.9999959999999999,0.5289335789460534,0.5289335789460538,9,-0.013417218858990498,-0.0212160553204943,0.0077988364615038,0.44871381998527377,0.08021975896077965,0.073643,0.926357,20,0.32976600000000006,0.054785,0.27498100000000003,0.16613295488315954,7,2,1.0580681611273721,1.5231919999999999,银行,-0.129252,证券,0.10993092477601579
price_volume_low_turnover_v1,baseline_2y_1y_5fold,5,2025-04-01,2026-03-31,relative_lag_in_strong_benchmark_context,2025-09-05,SH.000300,2025-09-01,available,300,0.9999959999999999,0.5289335789460534,0.5289335789460538,9,0.0156147133684116,0.0217881843027023,-0.006173470934290699,0.44871381998527377,0.08021975896077965,0.073643,0.926357,20,0.32976600000000006,0.054785,0.27498100000000003,0.16613295488315954,7,2,1.0580681611273721,1.5231919999999999,银行,-0.129252,证券,0.10993092477601579
price_volume_low_turnover_v1,baseline_2y_1y_5fold,5,2025-04-01,2026-03-31,relative_lag_in_strong_benchmark_context,2025-09-08,SH.000300,2025-09-01,available,300,0.9999959999999999,0.5289335789460534,0.5289335789460538,9,0.00479728217467908,0.0016254439143379,0.00317183826034118,0.44871381998527377,0.08021975896077965,0.073643,0.926357,20,0.32976600000000006,0.054785,0.27498100000000003,0.16613295488315954,7,2,1.0580681611273721,1.5231919999999999,银行,-0.129252,证券,0.10993092477601579
price_volume_low_turnover_v1,baseline_2y_1y_5fold,5,2025-04-01,2026-03-31,relative_lag_in_strong_benchmark_context,2025-09-09,SH.000300,2025-09-01,available,300,0.9999959999999999,0.5289335789460534,0.5289335789460538,9,-0.0037210075348228008,-0.0070082841455196,0.003287276610696799,0.44871381998527377,0.08021975896077965,0.073643,0.926357,20,0.32976600000000006,0.054785,0.27498100000000003,0.16613295488315954,7,2,1.0580681611273721,1.5231919999999999,银行,-0.129252,证券,0.10993092477601579
price_volume_low_turnover_v1,baseline_2y_1y_5fold,5,2025-04-01,2026-03-31,relative_lag_in_strong_benchmark_context,2025-09-10,SH.000300,2025-09-01,available,300,0.9999959999999999,0.5289335789460534,0.5289335789460538,9,-0.0010972281966592,0.0020512774273824,-0.0031485056240416,0.44871381998527377,0.08021975896077965,0.073643,0.926357,20,0.32976600000000006,0.054785,0.27498100000000003,0.16613295488315954,7,2,1.0580681611273721,1.5231919999999999,银行,-0.129252,证券,0.10993092477601579
price_volume_low_turnover_v1,baseline_2y_1y_5fold,5,2025-04-01,2026-03-31,relative_lag_in_strong_benchmark_context,2025-09-11,SH.000300,2025-09-01,available,300,0.9999959999999999,0.5289335789460534,0.5289335789460538,9,0.015188186207712838,0.0230959922256015,-0.007907806017888661,0.44871381998527377,0.08021975896077965,0.073643,0.926357,20,0.32976600000000006,0.054785,0.27498100000000003,0.16613295488315954,7,2,1.0580681611273721,1.5231919999999999,银行,-0.129252,证券,0.10993092477601579
price_volume_low_turnover_v1,baseline_2y_1y_5fold,5,2025-04-01,2026-03-31,relative_lag_in_strong_benchmark_context,2025-09-12,SH.000300,2025-09-01,available,300,0.9999959999999999,0.5289335789460534,0.5289335789460538,9,0.00024091727701750062,-0.0057233571458411,0.0059642744228586,0.44871381998527377,0.08021975896077965,0.073643,0.926357,20,0.32976600000000006,0.054785,0.27498100000000003,0.16613295488315954,7,2,1.0580681611273721,1.5231919999999999,银行,-0.129252,证券,0.10993092477601579
price_volume_low_turnover_v1,baseline_2y_1y_5fold,5,2025-04-01,2026-03-31,relative_lag_in_strong_benchmark_context,2025-09-15,SH.000300,2025-09-01,available,300,0.9999959999999999,0.5289335789460534,0.5289335789460538,9,0.011084773983495557,0.0024458204334365,0.008638953550059057,0.44871381998527377,0.08021975896077965,0.073643,0.926357,20,0.32976600000000006,0.054785,0.27498100000000003,0.16613295488315954,7,2,1.0580681611273721,1.5231919999999999,银行,-0.129252,证券,0.10993092477601579
price_volume_low_turnover_v1,baseline_2y_1y_5fold,5,2025-04-01,2026-03-31,relative_lag_in_strong_benchmark_context,2025-09-16,SH.000300,2025-09-01,available,300,0.9999959999999999,0.5289335789460534,0.5289335789460538,9,-0.006156057419687868,-0.0021442469325356,-0.0040118104871522675,0.44871381998527377,0.08021975896077965,0.073643,0.926357,20,0.32976600000000006,0.054785,0.27498100000000003,0.16613295488315954,7,2,1.0580681611273721,1.5231919999999999,银行,-0.129252,证券,0.10993092477601579
price_volume_low_turnover_v1,baseline_2y_1y_5fold,5,2025-04-01,2026-03-31,relative_lag_in_strong_benchmark_context,2025-09-17,SH.000300,2025-09-01,available,300,0.9999959999999999,0.5289335789460534,0.5289335789460538,9,0.006181022090746997,0.0061193719685013,6.165012224569697e-05,0.44871381998527377,0.08021975896077965,0.073643,0.926357,20,0.32976600000000006,0.054785,0.27498100000000003,0.16613295488315954,7,2,1.0580681611273721,1.5231919999999999,银行,-0.129252,证券,0.10993092477601579
price_volume_low_turnover_v1,baseline_2y_1y_5fold,5,2025-04-01,2026-03-31,relative_lag_in_strong_benchmark_context,2025-09-18,SH.000300,2025-09-01,available,300,0.9999959999999999,0.5289335789460534,0.5289335789460538,9,-0.0106537188017351,-0.0116259651682482,0.0009722463665131006,0.44871381998527377,0.08021975896077965,0.073643,0.926357,20,0.32976600000000006,0.054785,0.27498100000000003,0.16613295488315954,7,2,1.0580681611273721,1.5231919999999999,银行,-0.129252,证券,0.10993092477601579
price_volume_low_turnover_v1,baseline_2y_1y_5fold,5,2025-04-01,2026-03-31,relative_lag_in_strong_benchmark_context,2025-09-19,SH.000300,2025-09-01,available,300,0.9999959999999999,0.5289335789460534,0.5289335789460538,9,0.0034335723872870997,0.0008470224160814,0.0025865499712056997,0.44871381998527377,0.08021975896077965,0.073643,0.926357,20,0.32976600000000006,0.054785,0.27498100000000003,0.16613295488315954,7,2,1.0580681611273721,1.5231919999999999,银行,-0.129252,证券,0.10993092477601579
price_volume_low_turnover_v1,baseline_2y_1y_5fold,5,2025-04-01,2026-03-31,relative_lag_in_strong_benchmark_context,2025-09-22,SH.000300,2025-09-01,available,300,0.9999959999999999,0.5289335789460534,0.5289335789460538,9,0.002269947387416,0.0045958168959021,-0.0023258695084861,0.44871381998527377,0.08021975896077965,0.073643,0.926357,20,0.32976600000000006,0.054785,0.27498100000000003,0.16613295488315954,7,2,1.0580681611273721,1.5231919999999999,银行,-0.129252,证券,0.10993092477601579
price_volume_low_turnover_v1,baseline_2y_1y_5fold,5,2025-04-01,2026-03-31,relative_lag_in_strong_benchmark_context,2025-09-23,SH.000300,2025-09-01,available,300,0.9999959999999999,0.5289335789460534,0.5289335789460538,9,-0.008735406387850668,-0.0006257448685603,-0.008109661519290368,0.44871381998527377,0.08021975896077965,0.073643,0.926357,20,0.32976600000000006,0.054785,0.27498100000000003,0.16613295488315954,7,2,1.0580681611273721,1.5231919999999999,银行,-0.129252,证券,0.10993092477601579
price_volume_low_turnover_v1,baseline_2y_1y_5fold,5,2025-04-01,2026-03-31,relative_lag_in_strong_benchmark_context,2025-11-26,SH.000300,2025-11-03,available,300,0.9999909999999999,0.0,0.0,0,0.0,0.0060640477463034,-0.0060640477463034,0.0,0.0,0.0,1.0,20,0.33400700000000005,0.0,0.33400700000000005,0.0,0,0,0.999991,,银行,-0.12523399999999998,服饰,-0.000363
price_volume_low_turnover_v1,baseline_2y_1y_5fold,5,2025-04-01,2026-03-31,relative_lag_in_strong_benchmark_context,2025-11-27,SH.000300,2025-11-03,available,300,0.9999909999999999,0.17371955741274953,0.1737195574127495,2,0.0002397383980902,-0.0004936216556027,0.0007333600536929,0.17371955741274953,0.0,0.014459999999999999,0.98554,20,0.33400700000000005,0.011177999999999999,0.32282900000000003,0.03346636447739118,2,0,0.9232425574127495,1.749523,电气设备,-0.088687,银行,0.04848555741274954
price_volume_low_turnover_v1,baseline_2y_1y_5fold,5,2025-04-01,2026-03-31,relative_lag_in_strong_benchmark_context,2025-11-28,SH.000300,2025-11-03,available,300,0.9999909999999999,0.17371955741274953,0.1737195574127495,2,-0.0018075515390885998,0.0024936882668202,-0.0043012398059088,0.17371955741274953,0.0,0.014459999999999999,0.98554,20,0.33400700000000005,0.011177999999999999,0.32282900000000003,0.03346636447739118,2,0,0.9232425574127495,1.749523,电气设备,-0.088687,银行,0.04848555741274954
price_volume_low_turnover_v1,baseline_2y_1y_5fold,5,2025-04-01,2026-03-31,relative_lag_in_strong_benchmark_context,2025-12-01,SH.000300,2025-11-28,available,300,0.9999199999999999,0.17371955741274953,0.1737195574127495,2,-0.0002466091245376,0.0110081163595232,-0.0112547254840608,0.17371955741274953,0.0,0.01541,0.98459,20,0.33791,0.0118,0.32611,0.03492054097244829,2,0,0.9114595574127495,1.7377399999999998,电气设备,-0.08609,银行,0.042629557412749514
price_volume_low_turnover_v1,baseline_2y_1y_5fold,5,2025-04-01,2026-03-31,relative_lag_in_strong_benchmark_context,2025-12-02,SH.000300,2025-12-01,available,300,1.000003,0.17371955741274953,0.1737195574127495,2,-0.0001214490237442,-0.0048421388443982,0.004720689820654,0.17371955741274953,0.0,0.015206,0.984794,20,0.337492,0.011639,0.325853,0.03448674338947293,2,0,0.9126405574127495,1.738921,电气设备,-0.086249,银行,0.043178557412749535
price_volume_low_turnover_v1,baseline_2y_1y_5fold,5,2025-04-01,2026-03-31,relative_lag_in_strong_benchmark_context,2025-12-03,SH.000300,2025-12-01,available,300,1.000003,0.17371955741274953,0.1737195574127495,2,-0.0019542307933498,-0.0051116190526377,0.0031573882592879003,0.17371955741274953,0.0,0.015206,0.984794,20,0.337492,0.011639,0.325853,0.03448674338947293,2,0,0.9126405574127495,1.738921,电气设备,-0.086249,银行,0.043178557412749535
price_volume_low_turnover_v1,baseline_2y_1y_5fold,5,2025-04-01,2026-03-31,relative_lag_in_strong_benchmark_context,2025-12-04,SH.000300,2025-12-01,available,300,1.000003,0.17371955741274953,0.1737195574127495,2,-0.0007446419940681,0.0034252546319284,-0.0041698966259965005,0.17371955741274953,0.0,0.015206,0.984794,20,0.337492,0.011639,0.325853,0.03448674338947293,2,0,0.9126405574127495,1.738921,电气设备,-0.086249,银行,0.043178557412749535
price_volume_low_turnover_v1,baseline_2y_1y_5fold,5,2025-04-01,2026-03-31,relative_lag_in_strong_benchmark_context,2025-12-05,SH.000300,2025-12-01,available,300,1.000003,0.17371955741274953,0.1737195574127495,2,-0.00162295539363,0.0083513505785681,-0.0099743059721981,0.17371955741274953,0.0,0.015206,0.984794,20,0.337492,0.011639,0.325853,0.03448674338947293,2,0,0.9126405574127495,1.738921,电气设备,-0.086249,银行,0.043178557412749535
price_volume_low_turnover_v1,baseline_2y_1y_5fold,5,2025-04-01,2026-03-31,relative_lag_in_strong_benchmark_context,2025-12-08,SH.000300,2025-12-01,available,300,1.000003,0.17371955741274953,0.1737195574127495,2,0.0002537678396308,0.0081164086255109,-0.007862640785880101,0.17371955741274953,0.0,0.015206,0.984794,20,0.337492,0.011639,0.325853,0.03448674338947293,2,0,0.9126405574127495,1.738921,电气设备,-0.086249,银行,0.043178557412749535
price_volume_low_turnover_v1,baseline_2y_1y_5fold,5,2025-04-01,2026-03-31,relative_lag_in_strong_benchmark_context,2025-12-09,SH.000300,2025-12-01,available,300,1.000003,0.17371955741274953,0.1737195574127495,2,0.0015031695416284,-0.0050911451290095,0.0065943146706379,0.17371955741274953,0.0,0.015206,0.984794,20,0.337492,0.011639,0.325853,0.03448674338947293,2,0,0.9126405574127495,1.738921,电气设备,-0.086249,银行,0.043178557412749535
price_volume_low_turnover_v1,baseline_2y_1y_5fold,5,2025-04-01,2026-03-31,relative_lag_in_strong_benchmark_context,2025-12-10,SH.000300,2025-12-01,available,300,1.000003,0.17371955741274953,0.1737195574127495,2,-0.0031113977116922,-0.0013896681759464,-0.0017217295357458001,0.17371955741274953,0.0,0.015206,0.984794,20,0.337492,0.011639,0.325853,0.03448674338947293,2,0,0.9126405574127495,1.738921,电气设备,-0.086249,银行,0.043178557412749535
price_volume_low_turnover_v1,baseline_2y_1y_5fold,5,2025-04-01,2026-03-31,relative_lag_in_strong_benchmark_context,2025-12-11,SH.000300,2025-12-01,available,300,1.000003,0.17371955741274953,0.1737195574127495,2,0.0016696535450106999,-0.008634901553411,0.0103045550984217,0.17371955741274953,0.0,0.015206,0.984794,20,0.337492,0.011639,0.325853,0.03448674338947293,2,0,0.9126405574127495,1.738921,电气设备,-0.086249,银行,0.043178557412749535
price_volume_low_turnover_v1,baseline_2y_1y_5fold,5,2025-04-01,2026-03-31,relative_lag_in_strong_benchmark_context,2025-12-12,SH.000300,2025-12-01,available,300,1.000003,0.17371955741274953,0.1737195574127495,2,-0.0019242726601628002,0.0063200488557129,-0.0082443215158757,0.17371955741274953,0.0,0.015206,0.984794,20,0.337492,0.011639,0.325853,0.03448674338947293,2,0,0.9126405574127495,1.738921,电气设备,-0.086249,银行,0.043178557412749535
price_volume_low_turnover_v1,baseline_2y_1y_5fold,5,2025-04-01,2026-03-31,relative_lag_in_strong_benchmark_context,2025-12-15,SH.000300,2025-12-01,available,300,1.000003,0.17371955741274953,0.1737195574127495,2,1.0230608742399982e-05,-0.0063065521343824,0.0063167827431248,0.17371955741274953,0.0,0.015206,0.984794,20,0.337492,0.011639,0.325853,0.03448674338947293,2,0,0.9126405574127495,1.738921,电气设备,-0.086249,银行,0.043178557412749535
price_volume_low_turnover_v1,baseline_2y_1y_5fold,5,2025-04-01,2026-03-31,relative_lag_in_strong_benchmark_context,2025-12-16,SH.000300,2025-12-01,available,300,1.000003,0.17371955741274953,0.1737195574127495,2,-0.0005188967676584999,-0.0119747982232221,0.0114559014555636,0.17371955741274953,0.0,0.015206,0.984794,20,0.337492,0.011639,0.325853,0.03448674338947293,2,0,0.9126405574127495,1.738921,电气设备,-0.086249,银行,0.043178557412749535
price_volume_low_turnover_v1,baseline_2y_1y_5fold,5,2025-04-01,2026-03-31,relative_lag_in_strong_benchmark_context,2025-12-17,SH.000300,2025-12-01,available,300,1.000003,0.17371955741274953,0.1737195574127495,2,0.0005204945344107,0.0183055218952541,-0.017785027360843402,0.17371955741274953,0.0,0.015206,0.984794,20,0.337492,0.011639,0.325853,0.03448674338947293,2,0,0.9126405574127495,1.738921,电气设备,-0.086249,银行,0.043178557412749535
price_volume_low_turnover_v1,baseline_2y_1y_5fold,5,2025-04-01,2026-03-31,relative_lag_in_strong_benchmark_context,2025-12-18,SH.000300,2025-12-01,available,300,1.000003,0.17371955741274953,0.1737195574127495,2,0.0034874042124663,-0.0059150021397941,0.0094024063522604,0.17371955741274953,0.0,0.015206,0.984794,20,0.337492,0.011639,0.325853,0.03448674338947293,2,0,0.9126405574127495,1.738921,电气设备,-0.086249,银行,0.043178557412749535
price_volume_low_turnover_v1,baseline_2y_1y_5fold,5,2025-04-01,2026-03-31,relative_lag_in_strong_benchmark_context,2025-12-19,SH.000300,2025-12-01,available,300,1.000003,0.17371955741274953,0.1737195574127495,2,-0.0018940511285842,0.0033803447995626,-0.0052743959281468,0.17371955741274953,0.0,0.015206,0.984794,20,0.337492,0.011639,0.325853,0.03448674338947293,2,0,0.9126405574127495,1.738921,电气设备,-0.086249,银行,0.043178557412749535
price_volume_low_turnover_v1,baseline_2y_1y_5fold,5,2025-04-01,2026-03-31,relative_lag_in_strong_benchmark_context,2025-12-22,SH.000300,2025-12-01,available,300,1.000003,0.17371955741274953,0.1737195574127495,2,0.0002571501211664,0.0095092575161224,-0.009252107394956001,0.17371955741274953,0.0,0.015206,0.984794,20,0.337492,0.011639,0.325853,0.03448674338947293,2,0,0.9126405574127495,1.738921,电气设备,-0.086249,银行,0.043178557412749535
price_volume_low_turnover_v1,baseline_2y_1y_5fold,5,2025-04-01,2026-03-31,relative_lag_in_strong_benchmark_context,2025-12-23,SH.000300,2025-12-01,available,300,1.000003,0.17371955741274953,0.1737195574127495,2,0.0007702787052035,0.001975444637676,-0.0012051659324725,0.17371955741274953,0.0,0.015206,0.984794,20,0.337492,0.011639,0.325853,0.03448674338947293,2,0,0.9126405574127495,1.738921,电气设备,-0.086249,银行,0.043178557412749535
price_volume_low_turnover_v1,baseline_2y_1y_5fold,5,2025-04-01,2026-03-31,relative_lag_in_strong_benchmark_context,2025-12-24,SH.000300,2025-12-01,available,300,1.000003,0.17371955741274953,0.1737195574127495,2,-0.000514260296856,0.0028848255578666,-0.0033990858547225996,0.17371955741274953,0.0,0.015206,0.984794,20,0.337492,0.011639,0.325853,0.03448674338947293,2,0,0.9126405574127495,1.738921,电气设备,-0.086249,银行,0.043178557412749535
price_volume_low_turnover_v1,baseline_2y_1y_5fold,5,2025-04-01,2026-03-31,relative_lag_in_strong_benchmark_context,2025-12-25,SH.000300,2025-12-01,available,300,1.000003,0.17371955741274953,0.1737195574127495,2,-0.0008921449637944001,0.0018299288313055,-0.0027220737950999,0.17371955741274953,0.0,0.015206,0.984794,20,0.337492,0.011639,0.325853,0.03448674338947293,2,0,0.9126405574127495,1.738921,电气设备,-0.086249,银行,0.043178557412749535
price_volume_low_turnover_v1,baseline_2y_1y_5fold,5,2025-04-01,2026-03-31,relative_lag_in_strong_benchmark_context,2025-12-26,SH.000300,2025-12-01,available,300,1.000003,0.17371955741274953,0.1737195574127495,2,-0.0011580406865853,0.0031663701335906,-0.0043244108201759,0.17371955741274953,0.0,0.015206,0.984794,20,0.337492,0.011639,0.325853,0.03448674338947293,2,0,0.9126405574127495,1.738921,电气设备,-0.086249,银行,0.043178557412749535
price_volume_low_turnover_v1,baseline_2y_1y_5fold,5,2025-04-01,2026-03-31,relative_lag_in_strong_benchmark_context,2025-12-29,SH.000300,2025-12-01,available,300,1.000003,0.17371955741274953,0.1737195574127495,2,0.0016880977136936,-0.0038370365280724,0.005525134241766,0.17371955741274953,0.0,0.015206,0.984794,20,0.337492,0.011639,0.325853,0.03448674338947293,2,0,0.9126405574127495,1.738921,电气设备,-0.086249,银行,0.043178557412749535
price_volume_low_turnover_v1,baseline_2y_1y_5fold,5,2025-04-01,2026-03-31,relative_lag_in_strong_benchmark_context,2025-12-30,SH.000300,2025-12-01,available,300,1.000003,0.17371955741274953,0.1737195574127495,2,-0.0003839175592905,0.0025671589030407,-0.0029510764623311998,0.17371955741274953,0.0,0.015206,0.984794,20,0.337492,0.011639,0.325853,0.03448674338947293,2,0,0.9126405574127495,1.738921,电气设备,-0.086249,银行,0.043178557412749535
price_volume_low_turnover_v1,baseline_2y_1y_5fold,5,2025-04-01,2026-03-31,relative_lag_in_strong_benchmark_context,2025-12-31,SH.000300,2025-12-01,available,300,1.000003,0.17371955741274953,0.1737195574127495,2,0.0017992094168975,-0.0045879843827936,0.006387193799691099,0.17371955741274953,0.0,0.015206,0.984794,20,0.337492,0.011639,0.325853,0.03448674338947293,2,0,0.9126405574127495,1.738921,电气设备,-0.086249,银行,0.043178557412749535
price_volume_low_turnover_v1,baseline_2y_1y_5fold,5,2025-04-01,2026-03-31,relative_lag_in_strong_benchmark_context,2026-01-05,SH.000300,2025-12-31,available,300,0.99997,0.17371955741274953,0.1737195574127495,2,-0.0021590699910645998,0.0189656885402402,-0.0211247585313048,0.17371955741274953,0.0,0.013399999999999999,0.9866,20,0.33671999999999996,0.01015,0.32656999999999997,0.030143739605607033,2,0,0.9331095574127495,1.75939,电气设备,-0.0785,银行,0.05342955741274952
price_volume_low_turnover_v1,baseline_2y_1y_5fold,5,2025-04-01,2026-03-31,relative_lag_in_strong_benchmark_context,2026-01-06,SH.000300,2026-01-05,available,300,1.000001,0.17371955741274953,0.1737195574127495,2,-0.0012958893245604,0.0154607598961369,-0.0167566492206973,0.17371955741274953,0.0,0.012980000000000002,0.98702,20,0.33813400000000005,0.009827,0.32830700000000007,0.029062442700231266,2,0,0.9384265574127495,1.764707,电气设备,-0.07875,银行,0.056072557412749524
price_volume_low_turnover_v1,baseline_2y_1y_5fold,5,2025-04-01,2026-03-31,relative_lag_in_strong_benchmark_context,2026-01-07,SH.000300,2026-01-05,available,300,1.000001,0.17371955741274953,0.1737195574127495,2,-0.0010366583283927,-0.0029265095424666,0.0018898512140739002,0.17371955741274953,0.0,0.012980000000000002,0.98702,20,0.33813400000000005,0.009827,0.32830700000000007,0.029062442700231266,2,0,0.9384265574127495,1.764707,电气设备,-0.07875,银行,0.056072557412749524
price_volume_low_turnover_v1,baseline_2y_1y_5fold,5,2025-04-01,2026-03-31,relative_lag_in_strong_benchmark_context,2026-01-08,SH.000300,2026-01-05,available,300,1.000001,0.17371955741274953,0.1737195574127495,2,-0.0013045500765362,-0.0081688707823651,0.0068643207058289,0.17371955741274953,0.0,0.012980000000000002,0.98702,20,0.33813400000000005,0.009827,0.32830700000000007,0.029062442700231266,2,0,0.9384265574127495,1.764707,电气设备,-0.07875,银行,0.056072557412749524
price_volume_low_turnover_v1,baseline_2y_1y_5fold,5,2025-04-01,2026-03-31,relative_lag_in_strong_benchmark_context,2026-01-09,SH.000300,2026-01-05,available,300,1.000001,0.17371955741274953,0.1737195574127495,2,-0.0001405717451405,0.004489567612635,-0.0046301393577755,0.17371955741274953,0.0,0.012980000000000002,0.98702,20,0.33813400000000005,0.009827,0.32830700000000007,0.029062442700231266,2,0,0.9384265574127495,1.764707,电气设备,-0.07875,银行,0.056072557412749524
price_volume_low_turnover_v1,baseline_2y_1y_5fold,5,2025-04-01,2026-03-31,relative_lag_in_strong_benchmark_context,2026-01-12,SH.000300,2026-01-05,available,300,1.000001,0.17371955741274953,0.1737195574127495,2,0.0009262238737591,0.0065140830272414,-0.0055878591534822995,0.17371955741274953,0.0,0.012980000000000002,0.98702,20,0.33813400000000005,0.009827,0.32830700000000007,0.029062442700231266,2,0,0.9384265574127495,1.764707,电气设备,-0.07875,银行,0.056072557412749524
price_volume_low_turnover_v1,baseline_2y_1y_5fold,5,2025-04-01,2026-03-31,relative_lag_in_strong_benchmark_context,2026-01-13,SH.000300,2026-01-05,available,300,1.000001,0.17371955741274953,0.1737195574127495,2,0.0011710096090268001,-0.0060314159735445,0.0072024255825713,0.17371955741274953,0.0,0.012980000000000002,0.98702,20,0.33813400000000005,0.009827,0.32830700000000007,0.029062442700231266,2,0,0.9384265574127495,1.764707,电气设备,-0.07875,银行,0.056072557412749524
price_volume_low_turnover_v1,baseline_2y_1y_5fold,5,2025-04-01,2026-03-31,relative_lag_in_strong_benchmark_context,2026-01-14,SH.000300,2026-01-05,available,300,1.000001,0.17371955741274953,0.1737195574127495,2,-0.0025991159283312,-0.0040117369560787,0.0014126210277474998,0.17371955741274953,0.0,0.012980000000000002,0.98702,20,0.33813400000000005,0.009827,0.32830700000000007,0.029062442700231266,2,0,0.9384265574127495,1.764707,电气设备,-0.07875,银行,0.056072557412749524
price_volume_low_turnover_v1,baseline_2y_1y_5fold,5,2025-04-01,2026-03-31,relative_lag_in_strong_benchmark_context,2026-01-15,SH.000300,2026-01-05,available,300,1.000001,0.17371955741274953,0.1737195574127495,2,-0.0006691216984512,0.0020034036774057,-0.0026725253758569,0.17371955741274953,0.0,0.012980000000000002,0.98702,20,0.33813400000000005,0.009827,0.32830700000000007,0.029062442700231266,2,0,0.9384265574127495,1.764707,电气设备,-0.07875,银行,0.056072557412749524
price_volume_low_turnover_v1,baseline_2y_1y_5fold,5,2025-04-01,2026-03-31,relative_lag_in_strong_benchmark_context,2026-01-16,SH.000300,2026-01-05,available,300,1.000001,0.17371955741274953,0.1737195574127495,2,-0.0013187487057794,-0.0041166554068986,0.0027979067011192,0.17371955741274953,0.0,0.012980000000000002,0.98702,20,0.33813400000000005,0.009827,0.32830700000000007,0.029062442700231266,2,0,0.9384265574127495,1.764707,电气设备,-0.07875,银行,0.056072557412749524
price_volume_low_turnover_v1,baseline_2y_1y_5fold,5,2025-04-01,2026-03-31,relative_lag_in_strong_benchmark_context,2026-01-19,SH.000300,2026-01-05,available,300,1.000001,0.17371955741274953,0.1737195574127495,2,-0.0015973191530743,0.0005473523152581,-0.0021446714683324,0.17371955741274953,0.0,0.012980000000000002,0.98702,20,0.33813400000000005,0.009827,0.32830700000000007,0.029062442700231266,2,0,0.9384265574127495,1.764707,电气设备,-0.07875,银行,0.056072557412749524
price_volume_low_turnover_v1,baseline_2y_1y_5fold,5,2025-04-01,2026-03-31,relative_lag_in_strong_benchmark_context,2026-01-20,SH.000300,2026-01-05,available,300,1.000001,0.17371955741274953,0.1737195574127495,2,0.0012330940265167,-0.0032907660007688,0.0045238600272855,0.17371955741274953,0.0,0.012980000000000002,0.98702,20,0.33813400000000005,0.009827,0.32830700000000007,0.029062442700231266,2,0,0.9384265574127495,1.764707,电气设备,-0.07875,银行,0.056072557412749524
price_volume_low_turnover_v1,baseline_2y_1y_5fold,5,2025-04-01,2026-03-31,relative_lag_in_strong_benchmark_context,2026-01-21,SH.000300,2026-01-05,available,300,1.000001,0.17371955741274953,0.1737195574127495,2,-0.0040105467145355,0.000887922557895,-0.0048984692724305,0.17371955741274953,0.0,0.012980000000000002,0.98702,20,0.33813400000000005,0.009827,0.32830700000000007,0.029062442700231266,2,0,0.9384265574127495,1.764707,电气设备,-0.07875,银行,0.056072557412749524
price_volume_low_turnover_v1,baseline_2y_1y_5fold,5,2025-04-01,2026-03-31,relative_lag_in_strong_benchmark_context,2026-01-22,SH.000300,2026-01-05,available,300,1.000001,0.17371955741274953,0.1737195574127495,2,-0.0015033672169980001,0.0001355050846165,-0.0016388723016145,0.17371955741274953,0.0,0.012980000000000002,0.98702,20,0.33813400000000005,0.009827,0.32830700000000007,0.029062442700231266,2,0,0.9384265574127495,1.764707,电气设备,-0.07875,银行,0.056072557412749524
price_volume_low_turnover_v1,baseline_2y_1y_5fold,5,2025-04-01,2026-03-31,relative_lag_in_strong_benchmark_context,2026-01-23,SH.000300,2026-01-05,available,300,1.000001,0.17371955741274953,0.1737195574127495,2,-0.0012425900047161,-0.0044901147614904,0.0032475247567743002,0.17371955741274953,0.0,0.012980000000000002,0.98702,20,0.33813400000000005,0.009827,0.32830700000000007,0.029062442700231266,2,0,0.9384265574127495,1.764707,电气设备,-0.07875,银行,0.056072557412749524
price_volume_low_turnover_v1,baseline_2y_1y_5fold,5,2025-04-01,2026-03-31,relative_lag_in_strong_benchmark_context,2026-01-26,SH.000300,2026-01-05,available,300,1.000001,0.32792300610157343,0.3279230061015736,7,0.001741061159863508,0.0009484316852736,0.0007926294745899079,0.32792300610157343,0.0,0.041698,0.958302,20,0.33813400000000005,0.022647,0.3154870000000001,0.06697640580361632,7,0,1.0031020061015734,1.675179,银行,-0.117647,工程机械,0.059075652451378
price_volume_low_turnover_v1,baseline_2y_1y_5fold,5,2025-04-01,2026-03-31,relative_lag_in_strong_benchmark_context,2026-01-27,SH.000300,2026-01-05,available,300,1.000001,0.32792300610157343,0.3279230061015736,7,0.0034054356873087993,-0.0002698132127744,0.0036752489000831993,0.32792300610157343,0.0,0.041698,0.958302,20,0.33813400000000005,0.022647,0.3154870000000001,0.06697640580361632,7,0,1.0031020061015734,1.675179,银行,-0.117647,工程机械,0.059075652451378
price_volume_low_turnover_v1,baseline_2y_1y_5fold,5,2025-04-01,2026-03-31,relative_lag_in_strong_benchmark_context,2026-01-28,SH.000300,2026-01-05,available,300,1.000001,0.32792300610157343,0.3279230061015736,7,0.0012489787666416,0.0026138568413984,-0.0013648780747568,0.32792300610157343,0.0,0.041698,0.958302,20,0.33813400000000005,0.022647,0.3154870000000001,0.06697640580361632,7,0,1.0031020061015734,1.675179,银行,-0.117647,工程机械,0.059075652451378
price_volume_low_turnover_v1,baseline_2y_1y_5fold,5,2025-04-01,2026-03-31,relative_lag_in_strong_benchmark_context,2026-01-29,SH.000300,2026-01-05,available,300,1.000001,0.32792300610157343,0.3279230061015736,7,-0.0044100003982759,0.0076049334568322,-0.0120149338551081,0.32792300610157343,0.0,0.041698,0.958302,20,0.33813400000000005,0.022647,0.3154870000000001,0.06697640580361632,7,0,1.0031020061015734,1.675179,银行,-0.117647,工程机械,0.059075652451378
price_volume_low_turnover_v1,baseline_2y_1y_5fold,5,2025-04-01,2026-03-31,relative_lag_in_strong_benchmark_context,2026-01-30,SH.000300,2026-01-05,available,300,1.000001,0.32792300610157343,0.3279230061015736,7,-0.004187856720272909,-0.0099981699120925,0.005810313191819591,0.32792300610157343,0.0,0.041698,0.958302,20,0.33813400000000005,0.022647,0.3154870000000001,0.06697640580361632,7,0,1.0031020061015734,1.675179,银行,-0.117647,工程机械,0.059075652451378
price_volume_low_turnover_v1,baseline_2y_1y_5fold,5,2025-04-01,2026-03-31,relative_lag_in_strong_benchmark_context,2026-02-02,SH.000300,2026-01-30,available,300,0.99994,0.32792300610157343,0.3279230061015736,7,-0.0167329715748109,-0.0213244261995522,0.004591454624741302,0.32792300610157343,0.0,0.047290000000000006,0.95271,20,0.32594000000000006,0.02574,0.3002000000000001,0.07897158986316498,7,0,0.9745030061015734,1.64658,银行,-0.10962,工程机械,0.05927865245137799
price_volume_low_turnover_v1,baseline_2y_1y_5fold,5,2025-04-01,2026-03-31,relative_lag_in_strong_benchmark_context,2026-02-03,SH.000300,2026-02-02,available,300,1.0000010000000001,0.32792300610157343,0.3279230061015736,7,0.0161078764660257,0.011752113556724,0.004355762909301701,0.32792300610157343,0.0,0.044833,0.955167,20,0.32718800000000003,0.023988999999999996,0.30319900000000005,0.07331870361993714,7,0,0.9847500061015734,1.6568269999999998,银行,-0.112279,工程机械,0.059239652451377994
price_volume_low_turnover_v1,baseline_2y_1y_5fold,5,2025-04-01,2026-03-31,relative_lag_in_strong_benchmark_context,2026-02-04,SH.000300,2026-02-02,available,300,1.0000010000000001,0.32792300610157343,0.3279230061015736,7,-0.00031810733797800017,0.008276628663272,-0.008594736001249999,0.32792300610157343,0.0,0.044833,0.955167,20,0.32718800000000003,0.023988999999999996,0.30319900000000005,0.07331870361993714,7,0,0.9847500061015734,1.6568269999999998,银行,-0.112279,工程机械,0.059239652451377994
price_volume_low_turnover_v1,baseline_2y_1y_5fold,5,2025-04-01,2026-03-31,relative_lag_in_strong_benchmark_context,2026-02-05,SH.000300,2026-02-02,available,300,1.0000010000000001,0.32792300610157343,0.3279230061015736,7,-0.004958040264665575,-0.0060144551235666,0.0010564148589010244,0.32792300610157343,0.0,0.044833,0.955167,20,0.32718800000000003,0.023988999999999996,0.30319900000000005,0.07331870361993714,7,0,0.9847500061015734,1.6568269999999998,银行,-0.112279,工程机械,0.059239652451377994
price_volume_low_turnover_v1,baseline_2y_1y_5fold,5,2025-04-01,2026-03-31,relative_lag_in_strong_benchmark_context,2026-02-06,SH.000300,2026-02-02,available,300,1.0000010000000001,0.32792300610157343,0.3279230061015736,7,-0.0018538965872001998,-0.0057425242269431,0.0038886276397429006,0.32792300610157343,0.0,0.044833,0.955167,20,0.32718800000000003,0.023988999999999996,0.30319900000000005,0.07331870361993714,7,0,0.9847500061015734,1.6568269999999998,银行,-0.112279,工程机械,0.059239652451377994
price_volume_low_turnover_v1,baseline_2y_1y_5fold,5,2025-04-01,2026-03-31,relative_lag_in_strong_benchmark_context,2026-02-09,SH.000300,2026-02-02,available,300,1.0000010000000001,0.32792300610157343,0.3279230061015736,7,0.009373806345055103,0.0162503230252391,-0.006876516680183997,0.32792300610157343,0.0,0.044833,0.955167,20,0.32718800000000003,0.023988999999999996,0.30319900000000005,0.07331870361993714,7,0,0.9847500061015734,1.6568269999999998,银行,-0.112279,工程机械,0.059239652451377994
price_volume_low_turnover_v1,baseline_2y_1y_5fold,5,2025-04-01,2026-03-31,relative_lag_in_strong_benchmark_context,2026-02-10,SH.000300,2026-02-02,available,300,1.0000010000000001,0.32792300610157343,0.3279230061015736,7,0.0012810331107693464,0.001110390628642,0.00017064248212734644,0.32792300610157343,0.0,0.044833,0.955167,20,0.32718800000000003,0.023988999999999996,0.30319900000000005,0.07331870361993714,7,0,0.9847500061015734,1.6568269999999998,银行,-0.112279,工程机械,0.059239652451377994
price_volume_low_turnover_v1,baseline_2y_1y_5fold,5,2025-04-01,2026-03-31,relative_lag_in_strong_benchmark_context,2026-02-11,SH.000300,2026-02-02,available,300,1.0000010000000001,0.32792300610157343,0.3279230061015736,7,0.0021674056524296,-0.0022183180577017,0.0043857237101313,0.32792300610157343,0.0,0.044833,0.955167,20,0.32718800000000003,0.023988999999999996,0.30319900000000005,0.07331870361993714,7,0,0.9847500061015734,1.6568269999999998,银行,-0.112279,工程机械,0.059239652451377994
price_volume_low_turnover_v1,baseline_2y_1y_5fold,5,2025-04-01,2026-03-31,relative_lag_in_strong_benchmark_context,2026-02-12,SH.000300,2026-02-02,available,300,1.0000010000000001,0.32792300610157343,0.3279230061015736,7,0.0053865990374437995,0.0012219388945695,0.0041646601428743,0.32792300610157343,0.0,0.044833,0.955167,20,0.32718800000000003,0.023988999999999996,0.30319900000000005,0.07331870361993714,7,0,0.9847500061015734,1.6568269999999998,银行,-0.112279,工程机械,0.059239652451377994
price_volume_low_turnover_v1,baseline_2y_1y_5fold,5,2025-04-01,2026-03-31,relative_lag_in_strong_benchmark_context,2026-02-13,SH.000300,2026-02-02,available,300,1.0000010000000001,0.32792300610157343,0.3279230061015736,7,-0.009468854541891999,-0.0125371325414549,0.0030682779995629007,0.32792300610157343,0.0,0.044833,0.955167,20,0.32718800000000003,0.023988999999999996,0.30319900000000005,0.07331870361993714,7,0,0.9847500061015734,1.6568269999999998,银行,-0.112279,工程机械,0.059239652451377994
price_volume_low_turnover_v1,baseline_2y_1y_5fold,5,2025-04-01,2026-03-31,relative_lag_in_strong_benchmark_context,2026-02-24,SH.000300,2026-02-02,available,300,1.0000010000000001,0.32792300610157343,0.3279230061015736,7,0.009305120549067326,0.0101128441489053,-0.0008077235998379742,0.32792300610157343,0.0,0.044833,0.955167,20,0.32718800000000003,0.023988999999999996,0.30319900000000005,0.07331870361993714,7,0,0.9847500061015734,1.6568269999999998,银行,-0.112279,工程机械,0.059239652451377994
price_volume_low_turnover_v1,baseline_2y_1y_5fold,5,2025-04-01,2026-03-31,relative_lag_in_strong_benchmark_context,2026-02-25,SH.000300,2026-02-02,available,300,1.0000010000000001,0.32792300610157343,0.3279230061015736,7,0.00028639142283285054,0.0060222536611478,-0.005735862238314949,0.32792300610157343,0.0,0.044833,0.955167,20,0.32718800000000003,0.023988999999999996,0.30319900000000005,0.07331870361993714,7,0,0.9847500061015734,1.6568269999999998,银行,-0.112279,工程机械,0.059239652451377994
price_volume_low_turnover_v1,baseline_2y_1y_5fold,5,2025-04-01,2026-03-31,relative_lag_in_strong_benchmark_context,2026-02-26,SH.000300,2026-02-02,available,300,1.0000010000000001,0.32792300610157343,0.3279230061015736,7,0.00012741868593463517,-0.0019046050478369,0.0020320237337715353,0.32792300610157343,0.0,0.044833,0.955167,20,0.32718800000000003,0.023988999999999996,0.30319900000000005,0.07331870361993714,7,0,0.9847500061015734,1.6568269999999998,银行,-0.112279,工程机械,0.059239652451377994
price_volume_low_turnover_v1,baseline_2y_1y_5fold,5,2025-04-01,2026-03-31,relative_lag_in_strong_benchmark_context,2026-02-27,SH.000300,2026-02-02,available,300,1.0000010000000001,0.32792300610157343,0.3279230061015736,7,0.00016947046228609993,-0.0034314461789726,0.0036009166412587,0.32792300610157343,0.0,0.044833,0.955167,20,0.32718800000000003,0.023988999999999996,0.30319900000000005,0.07331870361993714,7,0,0.9847500061015734,1.6568269999999998,银行,-0.112279,工程机械,0.059239652451377994
price_volume_low_turnover_v1,baseline_2y_1y_5fold,5,2025-04-01,2026-03-31,relative_lag_in_strong_benchmark_context,2026-03-02,SH.000300,2026-02-27,available,300,1.00001,0.32792300610157343,0.3279230061015736,7,-0.0008727695845510001,0.0038253744175433,-0.0046981440020943,0.32792300610157343,0.0,0.04820000000000001,0.9518,20,0.31415,0.025339999999999998,0.28881,0.08066210409040267,7,0,0.9785930061015734,1.6506699999999999,银行,-0.10894,工程机械,0.05812865245137799
price_volume_low_turnover_v1,baseline_2y_1y_5fold,5,2025-04-01,2026-03-31,relative_lag_in_strong_benchmark_context,2026-03-03,SH.000300,2026-03-02,available,300,1.0000019999999998,0.32792300610157343,0.3279230061015736,7,-0.0144296657224652,-0.0153891051817953,0.0009594394593300994,0.32792300610157343,0.0,0.048685,0.951315,20,0.314828,0.026024,0.288804,0.0826610085507007,7,0,0.9812910061015734,1.653368,银行,-0.109123,工程机械,0.05828065245137799
price_volume_low_turnover_v1,baseline_2y_1y_5fold,5,2025-04-01,2026-03-31,relative_lag_in_strong_benchmark_context,2026-03-04,SH.000300,2026-03-02,available,300,1.0000019999999998,0.32792300610157343,0.3279230061015736,7,-0.004331707494645628,-0.0114435447496723,0.007111837255026672,0.32792300610157343,0.0,0.048685,0.951315,20,0.314828,0.026024,0.288804,0.0826610085507007,7,0,0.9812910061015734,1.653368,银行,-0.109123,工程机械,0.05828065245137799
price_volume_low_turnover_v1,baseline_2y_1y_5fold,5,2025-04-01,2026-03-31,relative_lag_in_strong_benchmark_context,2026-03-05,SH.000300,2026-03-02,available,300,1.0000019999999998,0.32792300610157343,0.3279230061015736,7,0.0032769105356636446,0.0097922487626611,-0.006515338226997456,0.32792300610157343,0.0,0.048685,0.951315,20,0.314828,0.026024,0.288804,0.0826610085507007,7,0,0.9812910061015734,1.653368,银行,-0.109123,工程机械,0.05828065245137799
price_volume_low_turnover_v1,baseline_2y_1y_5fold,5,2025-04-01,2026-03-31,relative_lag_in_strong_benchmark_context,2026-03-06,SH.000300,2026-03-02,available,300,1.0000019999999998,0.32792300610157343,0.3279230061015736,7,0.0035095642285216,0.0027432982836634,0.0007662659448581998,0.32792300610157343,0.0,0.048685,0.951315,20,0.314828,0.026024,0.288804,0.0826610085507007,7,0,0.9812910061015734,1.653368,银行,-0.109123,工程机械,0.05828065245137799
price_volume_low_turnover_v1,baseline_2y_1y_5fold,5,2025-04-01,2026-03-31,relative_lag_in_strong_benchmark_context,2026-03-09,SH.000300,2026-03-02,available,300,1.0000019999999998,0.32792300610157343,0.3279230061015736,7,-0.004396008726018,-0.0096514492193868,0.0052554404933688,0.32792300610157343,0.0,0.048685,0.951315,20,0.314828,0.026024,0.288804,0.0826610085507007,7,0,0.9812910061015734,1.653368,银行,-0.109123,工程机械,0.05828065245137799
price_volume_low_turnover_v1,baseline_2y_1y_5fold,5,2025-04-01,2026-03-31,relative_lag_in_strong_benchmark_context,2026-03-10,SH.000300,2026-03-02,available,300,1.0000019999999998,0.32792300610157343,0.3279230061015736,7,0.004822521872394342,0.0128481234806498,-0.008025601608255458,0.32792300610157343,0.0,0.048685,0.951315,20,0.314828,0.026024,0.288804,0.0826610085507007,7,0,0.9812910061015734,1.653368,银行,-0.109123,工程机械,0.05828065245137799
price_volume_low_turnover_v1,baseline_2y_1y_5fold,5,2025-04-01,2026-03-31,relative_lag_in_strong_benchmark_context,2026-03-11,SH.000300,2026-03-02,available,300,1.0000019999999998,0.32792300610157343,0.3279230061015736,7,-0.0013155591567220002,0.0063618239225113,-0.0076773830792333,0.32792300610157343,0.0,0.048685,0.951315,20,0.314828,0.026024,0.288804,0.0826610085507007,7,0,0.9812910061015734,1.653368,银行,-0.109123,工程机械,0.05828065245137799
price_volume_low_turnover_v1,baseline_2y_1y_5fold,5,2025-04-01,2026-03-31,relative_lag_in_strong_benchmark_context,2026-03-12,SH.000300,2026-03-02,available,300,1.0000019999999998,0.32792300610157343,0.3279230061015736,7,-0.0079939048566159,-0.0036008077372727,-0.004393097119343199,0.32792300610157343,0.0,0.048685,0.951315,20,0.314828,0.026024,0.288804,0.0826610085507007,7,0,0.9812910061015734,1.653368,银行,-0.109123,工程机械,0.05828065245137799
price_volume_low_turnover_v1,baseline_2y_1y_5fold,5,2025-04-01,2026-03-31,relative_lag_in_strong_benchmark_context,2026-03-13,SH.000300,2026-03-02,available,300,1.0000019999999998,0.32792300610157343,0.3279230061015736,7,-0.0062552320819211,-0.0039295497017638,-0.0023256823801572997,0.32792300610157343,0.0,0.048685,0.951315,20,0.314828,0.026024,0.288804,0.0826610085507007,7,0,0.9812910061015734,1.653368,银行,-0.109123,工程机械,0.05828065245137799
price_volume_low_turnover_v1,baseline_2y_1y_5fold,5,2025-04-01,2026-03-31,relative_lag_in_strong_benchmark_context,2026-03-16,SH.000300,2026-03-02,available,300,1.0000019999999998,0.32792300610157343,0.3279230061015736,7,-0.005243327585954876,0.0005182967313037,-0.005761624317258575,0.32792300610157343,0.0,0.048685,0.951315,20,0.314828,0.026024,0.288804,0.0826610085507007,7,0,0.9812910061015734,1.653368,银行,-0.109123,工程机械,0.05828065245137799
price_volume_low_turnover_v1,baseline_2y_1y_5fold,5,2025-04-01,2026-03-31,relative_lag_in_strong_benchmark_context,2026-03-17,SH.000300,2026-03-02,available,300,1.0000019999999998,0.32792300610157343,0.3279230061015736,7,-0.0021292657491684,-0.0073037700468367,0.0051745042976683,0.32792300610157343,0.0,0.048685,0.951315,20,0.314828,0.026024,0.288804,0.0826610085507007,7,0,0.9812910061015734,1.653368,银行,-0.109123,工程机械,0.05828065245137799
price_volume_low_turnover_v1,baseline_2y_1y_5fold,5,2025-04-01,2026-03-31,relative_lag_in_strong_benchmark_context,2026-03-18,SH.000300,2026-03-02,available,300,1.0000019999999998,0.32792300610157343,0.3279230061015736,7,0.0031219367586301635,0.0045046404913056,-0.0013827037326754367,0.32792300610157343,0.0,0.048685,0.951315,20,0.314828,0.026024,0.288804,0.0826610085507007,7,0,0.9812910061015734,1.653368,银行,-0.109123,工程机械,0.05828065245137799
price_volume_low_turnover_v1,baseline_2y_1y_5fold,5,2025-04-01,2026-03-31,relative_lag_in_strong_benchmark_context,2026-03-19,SH.000300,2026-03-02,available,300,1.0000019999999998,0.32792300610157343,0.3279230061015736,7,-0.0161927237874077,-0.0161173639480243,-7.535983938340013e-05,0.32792300610157343,0.0,0.048685,0.951315,20,0.314828,0.026024,0.288804,0.0826610085507007,7,0,0.9812910061015734,1.653368,银行,-0.109123,工程机械,0.05828065245137799
price_volume_low_turnover_v1,baseline_2y_1y_5fold,5,2025-04-01,2026-03-31,relative_lag_in_strong_benchmark_context,2026-03-20,SH.000300,2026-03-02,available,300,1.0000019999999998,0.32792300610157343,0.3279230061015736,7,-0.008484553916703599,-0.0035411552937325,-0.004943398622971099,0.32792300610157343,0.0,0.048685,0.951315,20,0.314828,0.026024,0.288804,0.0826610085507007,7,0,0.9812910061015734,1.653368,银行,-0.109123,工程机械,0.05828065245137799
price_volume_low_turnover_v1,baseline_2y_1y_5fold,5,2025-04-01,2026-03-31,relative_lag_in_strong_benchmark_context,2026-03-23,SH.000300,2026-03-02,available,300,1.0000019999999998,0.32792300610157343,0.3279230061015736,7,-0.0132064961502369,-0.0326295921629422,0.019423096012705303,0.32792300610157343,0.0,0.048685,0.951315,20,0.314828,0.026024,0.288804,0.0826610085507007,7,0,0.9812910061015734,1.653368,银行,-0.109123,工程机械,0.05828065245137799
price_volume_low_turnover_v1,baseline_2y_1y_5fold,5,2025-04-01,2026-03-31,relative_lag_in_strong_benchmark_context,2026-03-24,SH.000300,2026-03-02,available,300,1.0000019999999998,0.32792300610157343,0.3279230061015736,7,0.0085541206736247,0.0128383884110456,-0.0042842677374209,0.32792300610157343,0.0,0.048685,0.951315,20,0.314828,0.026024,0.288804,0.0826610085507007,7,0,0.9812910061015734,1.653368,银行,-0.109123,工程机械,0.05828065245137799
price_volume_low_turnover_v1,baseline_2y_1y_5fold,5,2025-04-01,2026-03-31,relative_lag_in_strong_benchmark_context,2026-03-25,SH.000300,2026-03-02,available,300,1.0000019999999998,0.32792300610157343,0.3279230061015736,7,0.0095081446761009,0.0140232237994779,-0.0045150791233769996,0.32792300610157343,0.0,0.048685,0.951315,20,0.314828,0.026024,0.288804,0.0826610085507007,7,0,0.9812910061015734,1.653368,银行,-0.109123,工程机械,0.05828065245137799
price_volume_low_turnover_v1,baseline_2y_1y_5fold,5,2025-04-01,2026-03-31,relative_lag_in_strong_benchmark_context,2026-03-26,SH.000300,2026-03-02,available,300,1.0000019999999998,0.32792300610157343,0.3279230061015736,7,-0.0072820476169773,-0.013210004694246,0.0059279570772687,0.32792300610157343,0.0,0.048685,0.951315,20,0.314828,0.026024,0.288804,0.0826610085507007,7,0,0.9812910061015734,1.653368,银行,-0.109123,工程机械,0.05828065245137799
price_volume_low_turnover_v1,baseline_2y_1y_5fold,5,2025-04-01,2026-03-31,relative_lag_in_strong_benchmark_context,2026-03-27,SH.000300,2026-03-02,available,300,1.0000019999999998,0.32792300610157343,0.3279230061015736,7,0.0011325222426669676,0.0055923690070194,-0.004459846764352432,0.32792300610157343,0.0,0.048685,0.951315,20,0.314828,0.026024,0.288804,0.0826610085507007,7,0,0.9812910061015734,1.653368,银行,-0.109123,工程机械,0.05828065245137799
price_volume_low_turnover_v1,baseline_2y_1y_5fold,5,2025-04-01,2026-03-31,relative_lag_in_strong_benchmark_context,2026-03-30,SH.000300,2026-03-02,available,300,1.0000019999999998,0.32792300610157343,0.3279230061015736,7,-0.00014898768704969974,-0.0023586529470945,0.0022096652600448003,0.32792300610157343,0.0,0.048685,0.951315,20,0.314828,0.026024,0.288804,0.0826610085507007,7,0,0.9812910061015734,1.653368,银行,-0.109123,工程机械,0.05828065245137799
price_volume_low_turnover_v1,baseline_2y_1y_5fold,5,2025-04-01,2026-03-31,relative_lag_in_strong_benchmark_context,2026-03-31,SH.000300,2026-03-02,available,300,1.0000019999999998,0.2717220316329836,0.2717220316329837,4,-4.8447544585899886e-05,-0.0093277975044244,0.0092793499598385,0.2717220316329836,0.0,0.024073,0.975927,20,0.314828,0.018165,0.296663,0.05769817170010291,4,0,0.9209097501199208,1.57288,半导体,-0.075278,银行,0.0791223528183354
