date,trade_cash_flow,exposure,daily_pnl,buy_amount,sell_amount,trade_cost,account_total_assets,stock_assets,cash_assets,profit,profit_rate,fold,selected_params,strategy_daily_return,fold_start_asset,fold_end_asset,strategy_asset,strategy_profit_rate_continuous,benchmark_daily_return,benchmark_asset,benchmark_profit_rate_continuous,excess_asset,excess_profit_rate
2018-08-21,0.0,0.0,0.0,0.0,0.0,0.0,1000000.0,0.0,1000000.0,0.0,0.0,1,"mom20@q0.6,hold_q=0.4,buy_top=5,hold_top=10,rebalance=20d,min_hold=5d,turnover_penalty=0.01,target_vol=0.18",0.0,1000000.0,1193255.336663864,1000000.0,0.0,0.0,1000000.0,0.0,0.0,0.0
2018-08-22,-308938.94172186445,0.3085532501591655,-8643.103332150189,308553.25015916553,0.0,385.6915626989569,991356.89666785,305886.3925345691,685470.5041332808,-8643.103332150145,-0.0086431033321501,1,"mom20@q0.6,hold_q=0.4,buy_top=5,hold_top=10,rebalance=20d,min_hold=5d,turnover_penalty=0.01,target_vol=0.18",-0.008643103332150015,1000000.0,1193255.336663864,991356.89666785,-0.008643103332150015,-0.005621270647648613,994378.7293523514,-0.005621270647648613,-3021.8326845014235,-0.003021832684501402
2018-08-23,0.0,0.3085532501591655,14455.969671396364,0.0,0.0,0.0,1005812.8663392462,310346.82896088075,695466.0373783654,5812.86633924616,0.0058128663392462,1,"mom20@q0.6,hold_q=0.4,buy_top=5,hold_top=10,rebalance=20d,min_hold=5d,turnover_penalty=0.01,target_vol=0.18",0.014582003433864843,1000000.0,1193255.336663864,1005812.8663392463,0.00581286633924627,0.003651808521894395,998010.0100701909,-0.001989989929809144,7802.856269055395,0.007802856269055414
2018-08-24,0.0,0.3085532501591655,6845.021526230004,0.0,0.0,0.0,1012657.8878654762,312458.88260020845,700199.0052652678,12657.887865476194,0.0126578878654761,1,"mom20@q0.6,hold_q=0.4,buy_top=5,hold_top=10,rebalance=20d,min_hold=5d,turnover_penalty=0.01,target_vol=0.18",0.0068054622835986844,1000000.0,1193255.336663864,1012657.8878654764,0.012657887865476392,0.0015963711171282924,999603.2044248718,-0.00039679557512817265,13054.683440604596,0.013054683440604564
2018-08-27,0.0,0.3085532501591655,24493.45799945807,0.0,0.0,0.0,1037151.3458649344,320016.41867357824,717134.927191356,37151.345864934265,0.0371513458649341,1,"mom20@q0.6,hold_q=0.4,buy_top=5,hold_top=10,rebalance=20d,min_hold=5d,turnover_penalty=0.01,target_vol=0.18",0.024187297894935122,1000000.0,1193255.336663864,1037151.3458649344,0.037151345864934404,0.024430658009881867,1024024.168457758,0.02402416845775801,13127.17740717635,0.013127177407176394
2018-08-28,0.0,0.3085532501591655,-4156.000826678335,0.0,0.0,0.0,1032995.345038256,318734.07111084246,714261.2739274134,32995.34503825591,0.0329953450382558,1,"mom20@q0.6,hold_q=0.4,buy_top=5,hold_top=10,rebalance=20d,min_hold=5d,turnover_penalty=0.01,target_vol=0.18",-0.004007130534273595,1000000.0,1193255.336663864,1032995.345038256,0.032995345038256074,-0.0018787225860616985,1022100.3111238034,0.022100311123803396,10895.033914452652,0.010895033914452679
2018-08-29,0.0,0.3085532501591655,-433.79583821293136,0.0,0.0,0.0,1032561.549200043,318600.2219950564,713961.3272049866,32561.54920004297,0.032561549200043,1,"mom20@q0.6,hold_q=0.4,buy_top=5,hold_top=10,rebalance=20d,min_hold=5d,turnover_penalty=0.01,target_vol=0.18",-0.00041993978026788614,1000000.0,1193255.336663864,1032561.5492000431,0.03256154920004306,-0.0039998000099994435,1018012.1142891501,0.01801211428915006,14549.434910892975,0.014549434910893
2018-08-30,0.0,0.3085532501591655,-5295.853408300457,0.0,0.0,0.0,1027265.6957917424,316966.1692135588,710299.5265781838,27265.69579174253,0.0272656957917425,1,"mom20@q0.6,hold_q=0.4,buy_top=5,hold_top=10,rebalance=20d,min_hold=5d,turnover_penalty=0.01,target_vol=0.18",-0.005128850103321647,1000000.0,1193255.336663864,1027265.6957917425,0.02726569579174254,-0.010476676991764577,1007346.7301940393,0.007346730194039308,19918.965597703238,0.01991896559770323
2018-08-31,0.0,0.3085532501591655,-4070.874203348712,0.0,0.0,0.0,1023194.8215883938,315710.0877471264,707484.7338412674,23194.821588393766,0.0231948215883937,1,"mom20@q0.6,hold_q=0.4,buy_top=5,hold_top=10,rebalance=20d,min_hold=5d,turnover_penalty=0.01,target_vol=0.18",-0.003962825021827543,1000000.0,1193255.336663864,1023194.8215883939,0.02319482158839392,-0.004950628004619428,1002359.731261179,0.0023597312611789434,20835.090327214915,0.020835090327214978
2018-09-03,0.0,0.3085532501591655,6310.34848950043,0.0,0.0,0.0,1029505.1700778942,317657.16628319875,711848.0037946955,29505.170077894232,0.0295051700778943,1,"mom20@q0.6,hold_q=0.4,buy_top=5,hold_top=10,rebalance=20d,min_hold=5d,turnover_penalty=0.01,target_vol=0.18",0.006167299087483924,1000000.0,1193255.336663864,1029505.1700778943,0.029505170077894327,-0.0038026690658269358,998548.0889182815,-0.0014519110817184933,30957.081159612862,0.03095708115961282
2018-09-04,0.0,0.3085532501591655,4613.186744220977,0.0,0.0,0.0,1034118.3568221153,319080.5800467193,715037.776775396,34118.35682211525,0.0341183568221152,1,"mom20@q0.6,hold_q=0.4,buy_top=5,hold_top=10,rebalance=20d,min_hold=5d,turnover_penalty=0.01,target_vol=0.18",0.0044809748200409505,1000000.0,1193255.336663864,1034118.3568221153,0.03411835682211528,0.012667754423779654,1011197.4508890327,0.011197450889032678,22920.90593308257,0.022920905933082603
2018-09-05,0.0,0.3085532501591655,-7787.273868485387,0.0,0.0,0.0,1026331.0829536298,316677.79138471856,709653.2915689112,26331.082953629782,0.0263310829536298,1,"mom20@q0.6,hold_q=0.4,buy_top=5,hold_top=10,rebalance=20d,min_hold=5d,turnover_penalty=0.01,target_vol=0.18",-0.007530350677088848,1000000.0,1193255.336663864,1026331.0829536299,0.026331082953629847,-0.019548738071880956,991429.8167826493,-0.008570183217350702,34901.26617098064,0.03490126617098055
2018-09-06,0.0,0.3085532501591655,2996.7515009595218,0.0,0.0,0.0,1029327.8344545894,317602.44880025904,711725.3856543304,29327.834454589407,0.0293278344545893,1,"mom20@q0.6,hold_q=0.4,buy_top=5,hold_top=10,rebalance=20d,min_hold=5d,turnover_penalty=0.01,target_vol=0.18",0.002919868208936416,1000000.0,1193255.336663864,1029327.8344545895,0.02932783445458953,-0.010690874250334992,980830.5652833933,-0.019169434716606704,48497.26917119627,0.04849726917119623
2018-09-07,0.0,0.3085532501591655,-6797.849255548226,0.0,0.0,0.0,1022529.9851990412,315504.9503183675,707025.0348806735,22529.985199041083,0.022529985199041,1,"mom20@q0.6,hold_q=0.4,buy_top=5,hold_top=10,rebalance=20d,min_hold=5d,turnover_penalty=0.01,target_vol=0.18",-0.006604163443370004,1000000.0,1193255.336663864,1022529.9851990413,0.022529985199041258,0.004523611043004916,985267.461259826,-0.014732538740173995,37262.523939215345,0.03726252393921525
2018-09-10,0.0,0.3085532501591655,-3687.57497060029,0.0,0.0,0.0,1018842.4102284408,314367.1370759833,704475.2731524576,18842.410228440887,0.0188424102284407,1,"mom20@q0.6,hold_q=0.4,buy_top=5,hold_top=10,rebalance=20d,min_hold=5d,turnover_penalty=0.01,target_vol=0.18",-0.0036063245322655035,1000000.0,1193255.336663864,1018842.4102284408,0.018842410228440798,-0.01451349141455427,970967.7904197918,-0.029032209580208135,47874.619808648946,0.04787461980864893
2018-09-11,0.0,0.3085532501591655,12847.916439950966,0.0,0.0,0.0,1031690.3266683918,318331.4034513035,713358.9232170883,31690.32666839182,0.0316903266683918,1,"mom20@q0.6,hold_q=0.4,buy_top=5,hold_top=10,rebalance=20d,min_hold=5d,turnover_penalty=0.01,target_vol=0.18",0.012610307846402158,1000000.0,1193255.336663864,1031690.3266683919,0.03169032666839189,-0.0018142021689933063,969206.2585483897,-0.03079374145161029,62484.06812000228,0.06248406812000218
2018-09-12,0.0,0.3085532501591655,-881.3811982547361,0.0,0.0,0.0,1030808.945470137,318059.4504179528,712749.4950521842,30808.945470137056,0.030808945470137,1,"mom20@q0.6,hold_q=0.4,buy_top=5,hold_top=10,rebalance=20d,min_hold=5d,turnover_penalty=0.01,target_vol=0.18",-0.000854307901772211,1000000.0,1193255.336663864,1030808.945470137,0.030808945470137017,-0.006879204518316029,962538.8904754033,-0.03746110952459669,68270.05499473377,0.06827005499473371
2018-09-13,0.0,0.3085532501591655,10295.29963236708,0.0,0.0,0.0,1041104.2451025042,321236.0985808821,719868.1465216221,41104.24510250415,0.0411042451025041,1,"mom20@q0.6,hold_q=0.4,buy_top=5,hold_top=10,rebalance=20d,min_hold=5d,turnover_penalty=0.01,target_vol=0.18",0.009987592441460302,1000000.0,1193255.336663864,1041104.2451025043,0.04110424510250432,0.010786907055836403,972921.7080245893,-0.027078291975410673,68182.53707791492,0.068182537077915
2018-09-14,0.0,0.3085532501591655,-4078.252806635,0.0,0.0,0.0,1037025.9922958692,319977.74042242416,717048.251873445,37025.99229586916,0.0370259922958691,1,"mom20@q0.6,hold_q=0.4,buy_top=5,hold_top=10,rebalance=20d,min_hold=5d,turnover_penalty=0.01,target_vol=0.18",-0.003917237707770083,1000000.0,1193255.336663864,1037025.9922958694,0.03702599229586934,0.0017055092273610128,974581.0349751251,-0.02541896502487484,62444.95732074429,0.06244495732074418
2018-09-17,0.0,0.3085532501591655,-7220.280274212428,0.0,0.0,0.0,1029805.7120216568,317749.8994767558,712055.8125449009,29805.712021656684,0.0298057120216566,1,"mom20@q0.6,hold_q=0.4,buy_top=5,hold_top=10,rebalance=20d,min_hold=5d,turnover_penalty=0.01,target_vol=0.18",-0.006962487274043583,1000000.0,1193255.336663864,1029805.7120216568,0.029805712021656827,-0.011464826701294561,963407.6323027669,-0.036592367697233064,66398.0797188899,0.06639807971888989
2018-09-18,0.0,0.3085532501591655,3817.2088110452178,0.0,0.0,0.0,1033622.920832702,318927.71166194003,714695.209170762,33622.92083270196,0.0336229208327019,1,"mom20@q0.6,hold_q=0.4,buy_top=5,hold_top=10,rebalance=20d,min_hold=5d,turnover_penalty=0.01,target_vol=0.18",0.0037067271685173875,1000000.0,1193255.336663864,1033622.920832702,0.03362292083270191,0.020128427542653204,982799.5130236122,-0.017200486976387763,50823.40780908975,0.05082340780908967
2018-09-19,107973.06729063192,0.2001172627413477,6826.110313827983,91052.38306823352,199488.37048605128,113.81547883529188,1040449.03114653,208211.8121349308,832237.2190115992,40449.031146529946,0.0404490311465299,1,"mom20@q0.6,hold_q=0.4,buy_top=5,hold_top=10,rebalance=20d,min_hold=5d,turnover_penalty=0.01,target_vol=0.18",0.006604062445063397,1000000.0,1193255.336663864,1040449.03114653,0.04044903114652998,0.013167432855268446,995740.4596215412,-0.00425954037845877,44708.57152498874,0.04470857152498875
2018-09-20,0.0,0.2001172627413477,-4836.363352260534,0.0,0.0,0.0,1035612.6677942694,207243.97233925387,828368.6954550155,35612.66779426939,0.0356126677942694,1,"mom20@q0.6,hold_q=0.4,buy_top=5,hold_top=10,rebalance=20d,min_hold=5d,turnover_penalty=0.01,target_vol=0.18",-0.004648342405519923,1000000.0,1193255.336663864,1035612.6677942694,0.035612667794269415,-0.0007094382456648285,995034.0432567298,-0.004965956743270161,40578.62453753955,0.040578624537539576
2018-09-21,0.0,0.2001172627413477,8650.568368236785,0.0,0.0,0.0,1044263.2361625062,208975.1004022623,835288.1357602439,44263.23616250616,0.0442632361625061,1,"mom20@q0.6,hold_q=0.4,buy_top=5,hold_top=10,rebalance=20d,min_hold=5d,turnover_penalty=0.01,target_vol=0.18",0.008353092461355738,1000000.0,1193255.336663864,1044263.2361625062,0.04426323616250616,0.03031905091340814,1025202.531074805,0.025202531074804968,19060.705087701208,0.01906070508770119
2018-09-25,0.0,0.2001172627413477,-3757.587685889556,0.0,0.0,0.0,1040505.6484766166,208223.14224005147,832282.5062365651,40505.6484766166,0.0405056484766166,1,"mom20@q0.6,hold_q=0.4,buy_top=5,hold_top=10,rebalance=20d,min_hold=5d,turnover_penalty=0.01,target_vol=0.18",-0.0035983146353960604,1000000.0,1193255.336663864,1040505.6484766166,0.04050564847661664,-0.008998706930675504,1015977.033953076,0.015977033953076036,24528.6145235406,0.024528614523540604
2018-09-26,0.0,0.2001172627413477,-1027.1392779590233,0.0,0.0,0.0,1039478.5091986576,208017.5939392922,831460.9152593655,39478.50919865759,0.0394785091986575,1,"mom20@q0.6,hold_q=0.4,buy_top=5,hold_top=10,rebalance=20d,min_hold=5d,turnover_penalty=0.01,target_vol=0.18",-0.0009871539664035867,1000000.0,1193255.336663864,1039478.5091986576,0.039478509198657585,0.011077578554943956,1027231.5993567102,0.027231599356710268,12246.909841947374,0.012246909841947318
2018-09-27,0.0,0.2001172627413477,-7354.012801748633,0.0,0.0,0.0,1032124.496396909,206545.92902724145,825578.5673696676,32124.496396909,0.0321244963969089,1,"mom20@q0.6,hold_q=0.4,buy_top=5,hold_top=10,rebalance=20d,min_hold=5d,turnover_penalty=0.01,target_vol=0.18",-0.0070747136536933874,1000000.0,1193255.336663864,1032124.496396909,0.03212449639690895,-0.0039944516627452575,1023128.3723866354,0.023128372386635343,8996.124010273605,0.00899612401027361
2018-09-28,0.0,0.2001172627413477,591.6949368942921,0.0,0.0,0.0,1032716.1913338032,206664.33739839063,826051.8539354126,32716.191333803232,0.0327161913338032,1,"mom20@q0.6,hold_q=0.4,buy_top=5,hold_top=10,rebalance=20d,min_hold=5d,turnover_penalty=0.01,target_vol=0.18",0.0005732786490000308,1000000.0,1193255.336663864,1032716.1913338032,0.03271619133380321,0.010365525812450871,1033733.6359400599,0.03373363594005996,-1017.4446062566712,-0.0010174446062567455
2018-10-08,0.0,0.2001172627413477,-8147.324640095261,0.0,0.0,0.0,1024568.866693708,205033.91709274965,819534.9496009584,24568.866693708,0.024568866693708,1,"mom20@q0.6,hold_q=0.4,buy_top=5,hold_top=10,rebalance=20d,min_hold=5d,turnover_penalty=0.01,target_vol=0.18",-0.007889219427820282,1000000.0,1193255.336663864,1024568.8666937081,0.024568866693708058,-0.04302866930125293,989253.4531736134,-0.010746546826386538,35315.413520094706,0.035315413520094596
2018-10-09,0.0,0.2001172627413477,-83.87251179490272,0.0,0.0,0.0,1024484.9941819132,205017.13275527,819467.8614266431,24484.99418191309,0.0244849941819131,1,"mom20@q0.6,hold_q=0.4,buy_top=5,hold_top=10,rebalance=20d,min_hold=5d,turnover_penalty=0.01,target_vol=0.18",-8.186127308884572e-05,1000000.0,1193255.336663864,1024484.9941819134,0.02448499418191341,-0.0006715488164331651,988589.1211879821,-0.011410878812017855,35895.87299393129,0.035895872993931266
2018-10-10,0.0,0.2001172627413477,13751.387297426309,0.0,0.0,0.0,1038236.3814793394,207769.02274012708,830467.3587392124,38236.38147933944,0.0382363814793393,1,"mom20@q0.6,hold_q=0.4,buy_top=5,hold_top=10,rebalance=20d,min_hold=5d,turnover_penalty=0.01,target_vol=0.18",0.01342273178769915,1000000.0,1193255.336663864,1038236.3814793398,0.03823638147933983,-0.002155873615330206,986457.8479852105,-0.013542152014789477,51778.53349412931,0.05177853349412931
2018-10-11,0.0,0.2001172627413477,-18144.741325136278,0.0,0.0,0.0,1020091.6401542032,204137.946772991,815953.6933812122,20091.640154203167,0.020091640154203,1,"mom20@q0.6,hold_q=0.4,buy_top=5,hold_top=10,rebalance=20d,min_hold=5d,turnover_penalty=0.01,target_vol=0.18",-0.017476503086207185,1000000.0,1193255.336663864,1020091.6401542035,0.020091640154203505,-0.047991833252072125,939115.9274345064,-0.06088407256549366,80975.71271969716,0.08097571271969717
2018-10-12,0.0,0.2001172627413477,12313.867276104938,0.0,0.0,0.0,1032405.507430308,206602.16418604535,825803.3432442626,32405.507430308036,0.032405507430308,1,"mom20@q0.6,hold_q=0.4,buy_top=5,hold_top=10,rebalance=20d,min_hold=5d,turnover_penalty=0.01,target_vol=0.18",0.012071334369766484,1000000.0,1193255.336663864,1032405.5074303085,0.032405507430308456,0.014922649970711577,953130.0257015316,-0.0468699742984684,79275.48172877694,0.07927548172877685
2018-10-15,0.0,0.2001172627413477,-2496.7440106056365,0.0,0.0,0.0,1029908.7634197024,206102.52260887716,823806.2408108253,29908.763419702416,0.0299087634197023,1,"mom20@q0.6,hold_q=0.4,buy_top=5,hold_top=10,rebalance=20d,min_hold=5d,turnover_penalty=0.01,target_vol=0.18",-0.002418375330852429,1000000.0,1193255.336663864,1029908.7634197029,0.029908763419702833,-0.013965238288974557,939819.3377722333,-0.060180662227766746,90089.42564746959,0.09008942564746958
2018-10-16,0.0,0.2001172627413477,-5690.099675052692,0.0,0.0,0.0,1024218.6637446496,204963.83543718013,819254.8283074696,24218.663744649733,0.0242186637446497,1,"mom20@q0.6,hold_q=0.4,buy_top=5,hold_top=10,rebalance=20d,min_hold=5d,turnover_penalty=0.01,target_vol=0.18",-0.005524858004081312,1000000.0,1193255.336663864,1024218.66374465,0.024218663744649982,-0.008149818484223359,932159.9807614266,-0.06784001923857341,92058.68298322335,0.0920586829832234
2018-10-17,0.0,0.2001172627413477,11617.729254666376,0.0,0.0,0.0,1035836.392999316,207288.74361489405,828547.649384422,35836.3929993161,0.0358363929993161,1,"mom20@q0.6,hold_q=0.4,buy_top=5,hold_top=10,rebalance=20d,min_hold=5d,turnover_penalty=0.01,target_vol=0.18",0.011343016550968477,1000000.0,1193255.336663864,1035836.3929993164,0.0358363929993164,0.005572449910834498,937354.3955631041,-0.06264560443689593,98481.99743621238,0.09848199743621233
2018-10-18,0.0,0.2001172627413477,-14441.346806999436,0.0,0.0,0.0,1021395.0461923168,204398.78082157884,816996.2653707379,21395.046192316688,0.0213950461923166,1,"mom20@q0.6,hold_q=0.4,buy_top=5,hold_top=10,rebalance=20d,min_hold=5d,turnover_penalty=0.01,target_vol=0.18",-0.013941725647602987,1000000.0,1193255.336663864,1021395.0461923174,0.021395046192317357,-0.023686362543093087,915151.8795184344,-0.08484812048156565,106243.16667388298,0.106243166673883
2018-10-19,0.0,0.2001172627413477,16083.280357389816,0.0,0.0,0.0,1037478.3265497064,207617.32286260137,829861.0036871051,37478.32654970652,0.0374783265497065,1,"mom20@q0.6,hold_q=0.4,buy_top=5,hold_top=10,rebalance=20d,min_hold=5d,turnover_penalty=0.01,target_vol=0.18",0.015746385707809063,1000000.0,1193255.336663864,1037478.326549707,0.03747832654970695,0.029746517364726666,942374.4607938919,-0.05762553920610802,95103.86575581506,0.09510386575581498
2018-10-22,0.0,0.2001172627413477,16622.157960548942,0.0,0.0,0.0,1054100.4845102555,210943.70361452072,843156.7808957348,54100.48451025551,0.0541004845102555,1,"mom20@q0.6,hold_q=0.4,buy_top=5,hold_top=10,rebalance=20d,min_hold=5d,turnover_penalty=0.01,target_vol=0.18",0.016021691764712465,1000000.0,1193255.336663864,1054100.484510256,0.05410048451025595,0.04316496275857684,983052.0192986941,-0.016947980701305876,71048.46521156188,0.07104846521156183
2018-10-23,0.0,0.2001172627413477,-1488.1187980614366,0.0,0.0,0.0,1052612.365712194,210645.90535401876,841966.4603581752,52612.365712194005,0.0526123657121939,1,"mom20@q0.6,hold_q=0.4,buy_top=5,hold_top=10,rebalance=20d,min_hold=5d,turnover_penalty=0.01,target_vol=0.18",-0.0014117428271108734,1000000.0,1193255.336663864,1052612.3657121945,0.05261236571219441,-0.026554382359866402,956947.6800985979,-0.043052319901402125,95664.68561359658,0.09566468561359653
2018-10-24,0.0,0.2001172627413477,-2454.2332320601613,0.0,0.0,0.0,1050158.1324801338,210154.77091749,840003.3615626438,50158.13248013379,0.0501581324801339,1,"mom20@q0.6,hold_q=0.4,buy_top=5,hold_top=10,rebalance=20d,min_hold=5d,turnover_penalty=0.01,target_vol=0.18",-0.0023315641275025722,1000000.0,1193255.336663864,1050158.1324801343,0.05015813248013434,0.0014983838187112575,958381.5550178109,-0.04161844498218914,91776.57746232336,0.09177657746232348
2018-10-25,51714.47405975746,0.1480987554881743,4747.412338476132,71000.26857430705,123018.77582748048,88.75033571788381,1054905.54481861,156230.1983452106,898675.3464733993,54905.54481860995,0.0549055448186099,1,"mom20@q0.6,hold_q=0.4,buy_top=5,hold_top=10,rebalance=20d,min_hold=5d,turnover_penalty=0.01,target_vol=0.18",0.00452066426154718,1000000.0,1193255.336663864,1054905.5448186104,0.05490554481861043,0.0019164418794304083,960218.2375663206,-0.03978176243367948,94687.30725228984,0.09468730725228991
2018-10-26,0.0,0.1480987554881743,-1160.2795255529657,0.0,0.0,0.0,1053745.265293057,156058.36239145783,897686.9029015992,53745.26529305708,0.053745265293057,1,"mom20@q0.6,hold_q=0.4,buy_top=5,hold_top=10,rebalance=20d,min_hold=5d,turnover_penalty=0.01,target_vol=0.18",-0.00109988949366302,1000000.0,1193255.336663864,1053745.2652930578,0.053745265293057676,-0.006470881035340992,954004.7795830641,-0.04599522041693582,99740.48570999363,0.0997404857099935
2018-10-29,0.0,0.1480987554881743,-9219.514808044009,0.0,0.0,0.0,1044525.750485013,154692.9637221817,889832.7867628313,44525.750485013006,0.0445257504850129,1,"mom20@q0.6,hold_q=0.4,buy_top=5,hold_top=10,rebalance=20d,min_hold=5d,turnover_penalty=0.01,target_vol=0.18",-0.008749282309211681,1000000.0,1193255.336663864,1044525.7504850136,0.044525750485013615,-0.030485499300487717,924921.4675424228,-0.07507853245757723,119604.28294259077,0.11960428294259084
2018-10-30,0.0,0.1480987554881743,102.69790485428348,0.0,0.0,0.0,1044628.4483898672,154708.17315408186,889920.2752357854,44628.44838986732,0.0446284483898673,1,"mom20@q0.6,hold_q=0.4,buy_top=5,hold_top=10,rebalance=20d,min_hold=5d,turnover_penalty=0.01,target_vol=0.18",9.832012739408036e-05,1000000.0,1193255.336663864,1044628.4483898678,0.04462844838986779,0.010845366587690863,934952.5799227454,-0.06504742007725461,109675.86846712243,0.1096758684671224
2018-10-31,0.0,0.1480987554881743,3275.8717707167666,0.0,0.0,0.0,1047904.320160584,155193.32568646385,892710.9944741202,47904.32016058406,0.0479043201605839,1,"mom20@q0.6,hold_q=0.4,buy_top=5,hold_top=10,rebalance=20d,min_hold=5d,turnover_penalty=0.01,target_vol=0.18",0.003135920504334422,1000000.0,1193255.336663864,1047904.3201605846,0.04790432016058466,0.01400526001041702,948046.8339019737,-0.05195316609802636,99857.48625861097,0.09985748625861102
2018-11-01,0.0,0.1480987554881743,-1939.9682193347403,0.0,0.0,0.0,1045964.3519412492,154906.0188074938,891058.3331337555,45964.35194124933,0.0459643519412493,1,"mom20@q0.6,hold_q=0.4,buy_top=5,hold_top=10,rebalance=20d,min_hold=5d,turnover_penalty=0.01,target_vol=0.18",-0.0018512837307870234,1000000.0,1193255.336663864,1045964.35194125,0.04596435194125004,0.007359329321267483,955023.8227646432,-0.04497617723535674,90940.5291766068,0.09094052917660678
2018-11-02,0.0,0.1480987554881743,8732.662161521637,0.0,0.0,0.0,1054697.014102771,156199.3152057138,898497.6988970572,54697.01410277095,0.0546970141027709,1,"mom20@q0.6,hold_q=0.4,buy_top=5,hold_top=10,rebalance=20d,min_hold=5d,turnover_penalty=0.01,target_vol=0.18",0.008348909927297532,1000000.0,1193255.336663864,1054697.0141027716,0.05469701410277161,0.03563705725158406,989058.0614131335,-0.010941938586866429,65638.95268963813,0.06563895268963804
2018-11-05,0.0,0.1480987554881743,1932.7065695188908,0.0,0.0,0.0,1056629.7206722898,156485.54664338336,900144.1740289065,56629.72067228984,0.0566297206722898,1,"mom20@q0.6,hold_q=0.4,buy_top=5,hold_top=10,rebalance=20d,min_hold=5d,turnover_penalty=0.01,target_vol=0.18",0.001832475624445662,1000000.0,1193255.336663864,1056629.7206722905,0.05662972067229055,-0.008330673960945223,980818.5411750561,-0.01918145882494382,75811.1794972344,0.07581117949723437
2018-11-06,0.0,0.1480987554881743,8023.323011729077,0.0,0.0,0.0,1064653.043684019,157673.79079630008,906979.252887719,64653.04368401901,0.0646530436840189,1,"mom20@q0.6,hold_q=0.4,buy_top=5,hold_top=10,rebalance=20d,min_hold=5d,turnover_penalty=0.01,target_vol=0.18",0.007593315666555522,1000000.0,1193255.336663864,1064653.0436840195,0.06465304368401958,-0.006034620146865954,974899.6738460615,-0.025100326153938535,89753.36983795802,0.08975336983795812
2018-11-07,0.0,0.1480987554881743,-348.0238188694177,0.0,0.0,0.0,1064305.0198651494,157622.24890184525,906682.7709633042,64305.0198651494,0.0643050198651493,1,"mom20@q0.6,hold_q=0.4,buy_top=5,hold_top=10,rebalance=20d,min_hold=5d,turnover_penalty=0.01,target_vol=0.18",-0.0003268894227412833,1000000.0,1193255.336663864,1064305.01986515,0.06430501986515003,-0.006549188289163399,968514.8723189996,-0.031485127681000424,95790.14754615049,0.09579014754615045
2018-11-08,0.0,0.1480987554881743,2558.524072424044,0.0,0.0,0.0,1066863.5439375734,158001.1631328578,908862.3808047156,66863.54393757344,0.0668635439375735,1,"mom20@q0.6,hold_q=0.4,buy_top=5,hold_top=10,rebalance=20d,min_hold=5d,turnover_penalty=0.01,target_vol=0.18",0.002403938743752443,1000000.0,1193255.336663864,1066863.543937574,0.06686354393757399,-0.0028368266028535594,965767.3635639457,-0.03423263643605423,101096.18037362816,0.10109618037362822
2018-11-09,0.0,0.1480987554881743,1171.6107503184603,0.0,0.0,0.0,1068035.154687892,158174.67722689654,909860.4774609954,68035.15468789195,0.0680351546878919,1,"mom20@q0.6,hold_q=0.4,buy_top=5,hold_top=10,rebalance=20d,min_hold=5d,turnover_penalty=0.01,target_vol=0.18",0.0010981823842197702,1000000.0,1193255.336663864,1068035.1546878926,0.06803515468789256,-0.014109319994895397,952141.0427907956,-0.04785895720920441,115894.11189709709,0.11589411189709697
2018-11-12,0.0,0.1480987554881743,2707.798971347031,0.0,0.0,0.0,1070742.953659239,158575.69888466518,912167.2547745738,70742.95365923899,0.070742953659239,1,"mom20@q0.6,hold_q=0.4,buy_top=5,hold_top=10,rebalance=20d,min_hold=5d,turnover_penalty=0.01,target_vol=0.18",0.002535308842093631,1000000.0,1193255.336663864,1070742.9536592397,0.07074295365923966,0.011902356477154985,963473.7648986217,-0.03652623510137831,107269.18876061798,0.10726918876061797
2018-11-13,0.0,0.1480987554881743,-3323.6690305176426,0.0,0.0,0.0,1067419.2846287214,158083.46763759095,909335.8169911304,67419.28462872142,0.0674192846287213,1,"mom20@q0.6,hold_q=0.4,buy_top=5,hold_top=10,rebalance=20d,min_hold=5d,turnover_penalty=0.01,target_vol=0.18",-0.0031040774250804537,1000000.0,1193255.336663864,1067419.2846287221,0.06741928462872204,0.010058842983457827,973165.196218418,-0.026834803781582095,94254.08841030416,0.09425408841030414
2018-11-14,0.0,0.1480987554881743,-3841.239900558064,0.0,0.0,0.0,1063578.0447281634,157514.58478878677,906063.4599393768,63578.0447281634,0.0635780447281633,1,"mom20@q0.6,hold_q=0.4,buy_top=5,hold_top=10,rebalance=20d,min_hold=5d,turnover_penalty=0.01,target_vol=0.18",-0.0035986232925275807,1000000.0,1193255.336663864,1063578.0447281639,0.06357804472816375,-0.010020448634389556,963413.6443569356,-0.03658635564306434,100164.40037122823,0.10016440037122809
2018-11-15,0.0,0.1480987554881743,3648.98662757021,0.0,0.0,0.0,1067227.0313557335,158054.99516712292,909172.0361886106,67227.03135573352,0.0672270313557334,1,"mom20@q0.6,hold_q=0.4,buy_top=5,hold_top=10,rebalance=20d,min_hold=5d,turnover_penalty=0.01,target_vol=0.18",0.0034308593014467093,1000000.0,1193255.336663864,1067227.0313557342,0.06722703135573416,0.01167884578182421,974665.2037334855,-0.02533479626651447,92561.82762224867,0.09256182762224863
2018-11-16,0.0,0.1480987554881743,1903.7152394402303,0.0,0.0,0.0,1069130.7465951738,158336.9330248879,910793.813570286,69130.74659517384,0.0691307465951738,1,"mom20@q0.6,hold_q=0.4,buy_top=5,hold_top=10,rebalance=20d,min_hold=5d,turnover_penalty=0.01,target_vol=0.18",0.0017837959342370535,1000000.0,1193255.336663864,1069130.7465951745,0.06913074659517449,0.004718770528965077,979264.4251724709,-0.02073557482752919,89866.32142270368,0.08986632142270368
2018-11-19,0.0,0.1480987554881743,-3370.7390756504738,0.0,0.0,0.0,1065760.0075195234,157837.7307627087,907922.2767568148,65760.00751952338,0.0657600075195234,1,"mom20@q0.6,hold_q=0.4,buy_top=5,hold_top=10,rebalance=20d,min_hold=5d,turnover_penalty=0.01,target_vol=0.18",-0.0031527847144843246,1000000.0,1193255.336663864,1065760.0075195238,0.06576000751952393,0.011336323200324072,990365.6831948055,-0.009634316805194443,75394.32432471833,0.07539432432471838
2018-11-20,0.0,0.1480987554881743,-9734.402918298529,0.0,0.0,0.0,1056025.604601225,156396.07780508822,899629.5267961364,56025.60460122465,0.0560256046012246,1,"mom20@q0.6,hold_q=0.4,buy_top=5,hold_top=10,rebalance=20d,min_hold=5d,turnover_penalty=0.01,target_vol=0.18",-0.009133766372932839,1000000.0,1193255.336663864,1056025.6046012256,0.05602560460122552,-0.02312572087658593,967462.7628394932,-0.03253723716050683,88562.84176173236,0.08856284176173235
2018-11-21,0.0,0.1480987554881743,2373.321932360668,0.0,0.0,0.0,1058398.9265335854,156747.56382964362,901651.3627039418,58398.92653358541,0.0583989265335853,1,"mom20@q0.6,hold_q=0.4,buy_top=5,hold_top=10,rebalance=20d,min_hold=5d,turnover_penalty=0.01,target_vol=0.18",0.0022474094586530935,1000000.0,1193255.336663864,1058398.9265335863,0.05839892653358625,0.0025105564548955073,969891.6327236108,-0.030108367276389103,88507.2938099755,0.08850729380997535
2018-11-22,-66008.23098517433,0.213580837604239,-3999.575065018325,213580.83760423903,148098.7554881743,266.9760470052988,1054399.351468567,225199.496656023,829199.8548125441,54399.35146856704,0.054399351468567,1,"mom20@q0.6,hold_q=0.4,buy_top=5,hold_top=10,rebalance=20d,min_hold=5d,turnover_penalty=0.01,target_vol=0.18",-0.0037788918381820302,1000000.0,1193255.336663864,1054399.351468568,0.05439935146856789,-0.003737807958493544,966266.3640599402,-0.033733635940059736,88132.98740862776,0.08813298740862763
2018-11-23,0.0,0.213580837604239,-10122.612769850532,0.0,0.0,0.0,1044276.7386987164,223037.50054189493,821239.2381568216,44276.73869871651,0.0442767386987164,1,"mom20@q0.6,hold_q=0.4,buy_top=5,hold_top=10,rebalance=20d,min_hold=5d,turnover_penalty=0.01,target_vol=0.18",-0.00960035944232318,1000000.0,1193255.336663864,1044276.7386987173,0.04427673869871729,-0.02207234253040191,944938.6018968032,-0.05506139810319677,99338.13680191408,0.09933813680191406
2018-11-26,0.0,0.213580837604239,-522.1062994996486,0.0,0.0,0.0,1043754.6323992168,222925.98864112937,820828.6437580875,43754.63239921688,0.0437546323992168,1,"mom20@q0.6,hold_q=0.4,buy_top=5,hold_top=10,rebalance=20d,min_hold=5d,turnover_penalty=0.01,target_vol=0.18",-0.0004999692898935981,1000000.0,1193255.336663864,1043754.6323992177,0.04375463239921773,-0.0007125860511281168,944265.251829919,-0.05573474817008095,99489.38056929864,0.09948938056929868
2018-11-27,0.0,0.213580837604239,10168.228279846682,0.0,0.0,0.0,1053922.8606790637,225097.72735409017,828825.1333249735,53922.86067906371,0.0539228606790638,1,"mom20@q0.6,hold_q=0.4,buy_top=5,hold_top=10,rebalance=20d,min_hold=5d,turnover_penalty=0.01,target_vol=0.18",0.009741971881335632,1000000.0,1193255.336663864,1053922.8606790646,0.05392286067906471,-0.0012733824858972564,943062.8409961974,-0.056937159003802584,110860.01968286722,0.1108600196828673
2018-11-28,0.0,0.213580837604239,17947.004524036274,0.0,0.0,0.0,1071869.8652030998,228930.8636128209,842939.0015902789,71869.86520309979,0.0718698652030997,1,"mom20@q0.6,hold_q=0.4,buy_top=5,hold_top=10,rebalance=20d,min_hold=5d,turnover_penalty=0.01,target_vol=0.18",0.017028764811565456,1000000.0,1193255.336663864,1071869.8652031007,0.07186986520310068,0.013288750621565537,955594.967910661,-0.04440503208933899,116274.89729243971,0.11627489729243967
2018-11-29,0.0,0.213580837604239,-11809.998589871371,0.0,0.0,0.0,1060059.8666132286,226408.4742218913,833651.3923913373,60059.86661322857,0.0600598666132285,1,"mom20@q0.6,hold_q=0.4,buy_top=5,hold_top=10,rebalance=20d,min_hold=5d,turnover_penalty=0.01,target_vol=0.18",-0.01101812726830742,1000000.0,1193255.336663864,1060059.8666132295,0.060059866613229484,-0.012985501410851974,943186.088106654,-0.05681391189334595,116873.7785065755,0.11687377850657543
2018-11-30,0.0,0.213580837604239,8975.599521183683,0.0,0.0,0.0,1069035.4661344122,228325.49028562589,840709.9758487863,69035.46613441221,0.0690354661344121,1,"mom20@q0.6,hold_q=0.4,buy_top=5,hold_top=10,rebalance=20d,min_hold=5d,turnover_penalty=0.01,target_vol=0.18",0.00846706851553547,1000000.0,1193255.336663864,1069035.466134413,0.0690354661344128,0.011167593581183466,953719.2070100554,-0.046280792989944586,115316.25912435749,0.11531625912435739
2018-12-03,0.0,0.213580837604239,9173.207862600384,0.0,0.0,0.0,1078208.673997013,230284.71170443788,847923.9622925748,78208.67399701267,0.0782086739970127,1,"mom20@q0.6,hold_q=0.4,buy_top=5,hold_top=10,rebalance=20d,min_hold=5d,turnover_penalty=0.01,target_vol=0.18",0.00858082650500891,1000000.0,1193255.336663864,1078208.6739970138,0.07820867399701381,0.027818664918413116,980250.4020561228,-0.019749597943877206,97958.27194089105,0.09795827194089102
2018-12-04,0.0,0.213580837604239,-4259.351593564072,0.0,0.0,0.0,1073949.3224034484,229374.99582343348,844574.3265800149,73949.3224034484,0.0739493224034484,1,"mom20@q0.6,hold_q=0.4,buy_top=5,hold_top=10,rebalance=20d,min_hold=5d,turnover_penalty=0.01,target_vol=0.18",-0.00395039633448202,1000000.0,1193255.336663864,1073949.3224034493,0.07394932240344931,0.002073015532283673,982282.4763651125,-0.017717523634887544,91666.84603833687,0.09166684603833686
2018-12-05,0.0,0.213580837604239,-1395.9019070471695,0.0,0.0,0.0,1072553.4204964014,229076.85792491303,843476.5625714883,72553.42049640138,0.0725534204964013,1,"mom20@q0.6,hold_q=0.4,buy_top=5,hold_top=10,rebalance=20d,min_hold=5d,turnover_penalty=0.01,target_vol=0.18",-0.001299783777434782,1000000.0,1193255.336663864,1072553.4204964023,0.07255342049640223,-0.004807648169513179,977560.0078156709,-0.022439992184329127,94993.41268073139,0.09499341268073136
2018-12-06,0.0,0.213580837604239,-4385.704625649271,0.0,0.0,0.0,1068167.715870752,228140.15545748203,840027.56041327,68167.715870752,0.0681677158707521,1,"mom20@q0.6,hold_q=0.4,buy_top=5,hold_top=10,rebalance=20d,min_hold=5d,turnover_penalty=0.01,target_vol=0.18",-0.004089031410313915,1000000.0,1193255.336663864,1068167.7158707527,0.06816771587075277,-0.021626691266912634,956418.6193317607,-0.043581380668239356,111749.09653899202,0.11174909653899212
2018-12-07,0.0,0.213580837604239,5437.155774619071,0.0,0.0,0.0,1073604.8716453712,229301.42774200992,844303.4439033612,73604.8716453712,0.0736048716453712,1,"mom20@q0.6,hold_q=0.4,buy_top=5,hold_top=10,rebalance=20d,min_hold=5d,turnover_penalty=0.01,target_vol=0.18",0.005090170479630007,1000000.0,1193255.336663864,1073604.871645372,0.07360487164537188,-3.4573038687257807e-05,956385.5530338333,-0.043614446966166676,117219.31861153862,0.11721931861153856
2018-12-10,0.0,0.213580837604239,1734.7773659082495,0.0,0.0,0.0,1075339.6490112797,229671.9429448775,845667.7060664019,75339.64901127946,0.0753396490112794,1,"mom20@q0.6,hold_q=0.4,buy_top=5,hold_top=10,rebalance=20d,min_hold=5d,turnover_penalty=0.01,target_vol=0.18",0.0016158434184914139,1000000.0,1193255.336663864,1075339.6490112804,0.07533964901128032,-0.011566652836973002,945323.3733635945,-0.05467662663640549,130016.27564768586,0.1300162756476858
2018-12-11,0.0,0.213580837604239,1532.5513640658685,0.0,0.0,0.0,1076872.2003753453,229999.2665488862,846872.9338264591,76872.2003753453,0.0768722003753452,1,"mom20@q0.6,hold_q=0.4,buy_top=5,hold_top=10,rebalance=20d,min_hold=5d,turnover_penalty=0.01,target_vol=0.18",0.0014251788869448223,1000000.0,1193255.336663864,1076872.200375346,0.07687220037534592,0.0047889187092178265,949850.4501525563,-0.050149549847443686,127021.7502227897,0.1270217502227896
2018-12-12,0.0,0.213580837604239,-2579.262015423108,0.0,0.0,0.0,1074292.938359922,229448.3856072313,844844.5527526907,74292.93835992203,0.074292938359922,1,"mom20@q0.6,hold_q=0.4,buy_top=5,hold_top=10,rebalance=20d,min_hold=5d,turnover_penalty=0.01,target_vol=0.18",-0.0023951421668459982,1000000.0,1193255.336663864,1074292.9383599227,0.07429293835992268,0.0034147514731852624,953093.9533765204,-0.046906046623479525,121198.9849834023,0.1211989849834022
2018-12-13,0.0,0.213580837604239,3329.774296490176,0.0,0.0,0.0,1077622.7126564125,230159.56159050876,847463.1510659035,77622.71265641227,0.0776227126564121,1,"mom20@q0.6,hold_q=0.4,buy_top=5,hold_top=10,rebalance=20d,min_hold=5d,turnover_penalty=0.01,target_vol=0.18",0.003099503103477508,1000000.0,1193255.336663864,1077622.7126564132,0.0776227126564133,0.015479671104298598,967847.5343062846,-0.032152465693715326,109775.17835012858,0.10977517835012862
2018-12-14,0.0,0.213580837604239,-7498.015560416768,0.0,0.0,0.0,1070124.6970959955,228558.1291467453,841566.5679492502,70124.69709599554,0.0701246970959954,1,"mom20@q0.6,hold_q=0.4,buy_top=5,hold_top=10,rebalance=20d,min_hold=5d,turnover_penalty=0.01,target_vol=0.18",-0.006957922724117327,1000000.0,1193255.336663864,1070124.6970959962,0.07012469709599634,-0.01670347145222062,951681.1206468976,-0.04831887935310242,118443.57644909865,0.11844357644909875
2018-12-17,0.0,0.213580837604239,-1698.0191824132717,0.0,0.0,0.0,1068426.6779135822,228195.46478749745,840231.2131260848,68426.67791358219,0.0684266779135822,1,"mom20@q0.6,hold_q=0.4,buy_top=5,hold_top=10,rebalance=20d,min_hold=5d,turnover_penalty=0.01,target_vol=0.18",-0.0015867488966672116,1000000.0,1193255.336663864,1068426.677913583,0.06842667791358292,-0.0014877239087656147,950265.2818901903,-0.04973471810980967,118161.39602339256,0.1181613960233926
2018-12-18,0.0,0.213580837604239,-4018.1203544008654,0.0,0.0,0.0,1064408.5575591817,227337.27127660983,837071.2862825716,64408.55755918147,0.0644085575591815,1,"mom20@q0.6,hold_q=0.4,buy_top=5,hold_top=10,rebalance=20d,min_hold=5d,turnover_penalty=0.01,target_vol=0.18",-0.003760782501469384,1000000.0,1193255.336663864,1064408.5575591824,0.0644085575591824,-0.010366316588637181,940414.531134926,-0.05958546886507399,123994.02642425639,0.12399402642425639
2018-12-19,0.0,0.213580837604239,-6272.362468540796,0.0,0.0,0.0,1058136.1950906406,225997.6148468215,832138.580243819,58136.19509064057,0.0581361950906405,1,"mom20@q0.6,hold_q=0.4,buy_top=5,hold_top=10,rebalance=20d,min_hold=5d,turnover_penalty=0.01,target_vol=0.18",-0.005892814769287824,1000000.0,1193255.336663864,1058136.1950906415,0.05813619509064161,-0.011922913410240876,929202.050110472,-0.07079794988952803,128934.14498016948,0.12893414498016964
2018-12-20,-8055.894571307204,0.2211393619093395,6838.088731965693,170199.2279135583,162640.70360845784,212.74903489194787,1064974.2838226063,235507.73357438695,829466.5502482194,64974.28382260632,0.0649742838226064,1,"mom20@q0.6,hold_q=0.4,buy_top=5,hold_top=10,rebalance=20d,min_hold=5d,turnover_penalty=0.01,target_vol=0.18",0.0064623899680325,1000000.0,1193255.336663864,1064974.2838226072,0.06497428382260728,-0.007670334149647573,922074.7598935871,-0.07792524010641289,142899.52392902016,0.14289952392902017
2018-12-21,0.0,0.2211393619093395,-8783.81510968898,0.0,0.0,0.0,1056190.4687129173,233565.28630590072,822625.1824070166,56190.468712917296,0.0561904687129173,1,"mom20@q0.6,hold_q=0.4,buy_top=5,hold_top=10,rebalance=20d,min_hold=5d,turnover_penalty=0.01,target_vol=0.18",-0.008247912877445751,1000000.0,1193255.336663864,1056190.4687129182,0.05619046871291822,-0.012394781281989453,910645.8449190632,-0.0893541550809368,145544.62379385508,0.14554462379385502
2018-12-24,0.0,0.2211393619093395,7522.506678412278,0.0,0.0,0.0,1063712.9753913295,235228.80863272355,828484.166758606,63712.9753913295,0.0637129753913294,1,"mom20@q0.6,hold_q=0.4,buy_top=5,hold_top=10,rebalance=20d,min_hold=5d,turnover_penalty=0.01,target_vol=0.18",0.007122301233771999,1000000.0,1193255.336663864,1063712.9753913304,0.06371297539133036,0.002904865649963506,913291.1487532506,-0.08670885124674943,150421.82663807983,0.1504218266380798
2018-12-25,0.0,0.2211393619093395,-5543.776332074378,0.0,0.0,0.0,1058169.1990592552,234002.86147208052,824166.3375871746,58169.19905925519,0.0581691990592552,1,"mom20@q0.6,hold_q=0.4,buy_top=5,hold_top=10,rebalance=20d,min_hold=5d,turnover_penalty=0.01,target_vol=0.18",-0.00521172201555109,1000000.0,1193255.336663864,1058169.1990592561,0.058169199059256105,-0.0068856559805146045,907002.5400928868,-0.09299745990711328,151166.65896636934,0.15116665896636938
2018-12-26,0.0,0.2211393619093395,-4476.501934247177,0.0,0.0,0.0,1053692.697125008,233012.9306907552,820679.7664342528,53692.6971250081,0.053692697125008,1,"mom20@q0.6,hold_q=0.4,buy_top=5,hold_top=10,rebalance=20d,min_hold=5d,turnover_penalty=0.01,target_vol=0.18",-0.004230421692699826,1000000.0,1193255.336663864,1053692.697125009,0.053692697125009126,-0.005054221020256655,902418.348789323,-0.09758165121067697,151274.34833568602,0.1512743483356861
2018-12-27,0.0,0.2211393619093395,-5239.351774721063,0.0,0.0,0.0,1048453.3453502868,231854.3037824748,816599.0415678121,48453.34535028692,0.0484533453502868,1,"mom20@q0.6,hold_q=0.4,buy_top=5,hold_top=10,rebalance=20d,min_hold=5d,turnover_penalty=0.01,target_vol=0.18",-0.004972371725662339,1000000.0,1193255.336663864,1048453.3453502877,0.04845334535028778,-0.0038374033570617305,898955.4055882047,-0.10104459441179525,149497.939762083,0.14949793976208303
2018-12-28,0.0,0.2211393619093395,-857.9691232716993,0.0,0.0,0.0,1047595.3762270152,231664.5730380166,815930.8031889987,47595.37622701528,0.0475953762270153,1,"mom20@q0.6,hold_q=0.4,buy_top=5,hold_top=10,rebalance=20d,min_hold=5d,turnover_penalty=0.01,target_vol=0.18",-0.0008183188380070927,1000000.0,1193255.336663864,1047595.3762270161,0.04759537622701604,0.006734637235789265,905009.5441359931,-0.0949904558640069,142585.83209102298,0.14258583209102293
2019-01-02,0.0,0.2211393619093395,-1878.5677981533247,0.0,0.0,0.0,1045716.808428862,231249.14775382957,814467.6606750323,45716.8084288619,0.0457168084288619,1,"mom20@q0.6,hold_q=0.4,buy_top=5,hold_top=10,rebalance=20d,min_hold=5d,turnover_penalty=0.01,target_vol=0.18",-0.0017932188713154495,1000000.0,1193255.336663864,1045716.8084288631,0.045716808428863054,-0.013654858585355312,892651.7667924193,-0.1073482332075808,153065.0416364438,0.15306504163644385
2019-01-03,0.0,0.2211393619093395,-1373.8988075701668,0.0,0.0,0.0,1044342.9096212918,230945.32464819547,813397.5849730964,44342.909621291794,0.0443429096212917,1,"mom20@q0.6,hold_q=0.4,buy_top=5,hold_top=10,rebalance=20d,min_hold=5d,turnover_penalty=0.01,target_vol=0.18",-0.0013138344879761732,1000000.0,1193255.336663864,1044342.9096212928,0.044342909621292836,-0.0015827367201654008,891238.9340627963,-0.1087610659372037,153103.97555849655,0.15310397555849653
2019-01-04,0.0,0.2211393619093395,8042.881620127596,0.0,0.0,0.0,1052385.7912414193,232723.92235758284,819661.8688838364,52385.79124141927,0.0523857912414191,1,"mom20@q0.6,hold_q=0.4,buy_top=5,hold_top=10,rebalance=20d,min_hold=5d,turnover_penalty=0.01,target_vol=0.18",0.00770138002185905,1000000.0,1193255.336663864,1052385.7912414204,0.05238579124142051,0.02395744795671928,912590.7444426076,-0.08740925555739243,139795.0467988128,0.13979504679881294
2019-01-07,0.0,0.2211393619093395,11243.632572392402,0.0,0.0,0.0,1063629.4238138115,235210.3320901848,828419.091723627,63629.423813811736,0.0636294238138117,1,"mom20@q0.6,hold_q=0.4,buy_top=5,hold_top=10,rebalance=20d,min_hold=5d,turnover_penalty=0.01,target_vol=0.18",0.010683945627134595,1000000.0,1193255.336663864,1063629.423813813,0.06362942381381287,0.006070747429896661,918130.8523589802,-0.08186914764101982,145498.57145483268,0.1454985714548327
2019-01-08,0.0,0.2211393619093395,5331.5853903398765,0.0,0.0,0.0,1068961.0092041516,236389.35548136965,832571.6537227819,68961.00920415157,0.0689610092041514,1,"mom20@q0.6,hold_q=0.4,buy_top=5,hold_top=10,rebalance=20d,min_hold=5d,turnover_penalty=0.01,target_vol=0.18",0.005012634354569556,1000000.0,1193255.336663864,1068961.009204153,0.06896100920415305,-0.002160887928494337,916146.8744833394,-0.08385312551666058,152814.1347208136,0.15281413472081362
2019-01-09,0.0,0.2211393619093395,-9071.512992885378,0.0,0.0,0.0,1059889.4962112664,234383.28688657077,825506.2093246956,59889.49621126638,0.0598894962112663,1,"mom20@q0.6,hold_q=0.4,buy_top=5,hold_top=10,rebalance=20d,min_hold=5d,turnover_penalty=0.01,target_vol=0.18",-0.008486289878467113,1000000.0,1193255.336663864,1059889.496211268,0.059889496211267934,0.010099419234176565,925399.4258488271,-0.07460057415117294,134490.0703624409,0.13449007036244087
2019-01-10,0.0,0.2211393619093395,1503.2960826561075,0.0,0.0,0.0,1061392.7922939225,234715.72482305008,826677.0674708722,61392.79229392228,0.0613927922939223,1,"mom20@q0.6,hold_q=0.4,buy_top=5,hold_top=10,rebalance=20d,min_hold=5d,turnover_penalty=0.01,target_vol=0.18",0.0014183517131076684,1000000.0,1193255.336663864,1061392.792293924,0.061392792293923915,-0.0018807983160520347,923658.9361670152,-0.07634106383298478,137733.85612690868,0.1377338561269087
2019-01-11,0.0,0.2211393619093395,-585.4173632324948,0.0,0.0,0.0,1060807.3749306898,234586.26600089425,826221.1089297956,60807.37493068981,0.0608073749306898,1,"mom20@q0.6,hold_q=0.4,buy_top=5,hold_top=10,rebalance=20d,min_hold=5d,turnover_penalty=0.01,target_vol=0.18",-0.0005515558118380781,1000000.0,1193255.336663864,1060807.3749306912,0.060807374930691216,0.007189140459987975,930299.2499962429,-0.06970075000375708,130508.12493444828,0.1305081249344483
2019-01-14,0.0,0.2211393619093395,16.986127521952767,0.0,0.0,0.0,1060824.361058212,234590.02230229572,826234.3387559161,60824.361058211885,0.0608243610582119,1,"mom20@q0.6,hold_q=0.4,buy_top=5,hold_top=10,rebalance=20d,min_hold=5d,turnover_penalty=0.01,target_vol=0.18",1.601245232962789e-05,1000000.0,1193255.336663864,1060824.3610582133,0.060824361058213317,-0.008724368129560123,922182.976868622,-0.07781702313137795,138641.38418959128,0.13864138418959127
2019-01-15,0.0,0.2211393619093395,5515.083387448485,0.0,0.0,0.0,1066339.4444456603,235809.6243234729,830529.8201221875,66339.44444566034,0.0663394444456604,1,"mom20@q0.6,hold_q=0.4,buy_top=5,hold_top=10,rebalance=20d,min_hold=5d,turnover_penalty=0.01,target_vol=0.18",0.0051988657028454455,1000000.0,1193255.336663864,1066339.4444456617,0.06633944444566175,0.019626570353806105,940282.2659432164,-0.0597177340567836,126057.17850244534,0.12605717850244536
2019-01-16,0.0,0.2211393619093395,-3337.112049365277,0.0,0.0,0.0,1063002.3323962952,235071.65749425636,827930.6749020389,63002.332396295154,0.0630023323962951,1,"mom20@q0.6,hold_q=0.4,buy_top=5,hold_top=10,rebalance=20d,min_hold=5d,turnover_penalty=0.01,target_vol=0.18",-0.003129502586392663,1000000.0,1193255.336663864,1063002.3323962966,0.06300233239629649,0.0002109981170017594,940480.6637307806,-0.05951933626921946,122521.66866551596,0.12252166866551595
2019-01-17,0.0,0.2211393619093395,-7067.407563816226,0.0,0.0,0.0,1055934.9248324789,233508.7754952408,822426.1493372382,55934.924832478864,0.0559349248324789,1,"mom20@q0.6,hold_q=0.4,buy_top=5,hold_top=10,rebalance=20d,min_hold=5d,turnover_penalty=0.01,target_vol=0.18",-0.006648534390215732,1000000.0,1193255.336663864,1055934.92483248,0.05593492483248008,-0.005507167628210241,935301.2790645248,-0.06469872093547524,120633.64576795523,0.12063364576795532
2019-01-18,0.0,0.2211393619093395,15153.479440588577,0.0,0.0,0.0,1071088.4042730674,236859.8062694388,834228.5980036285,71088.40427306737,0.0710884042730672,1,"mom20@q0.6,hold_q=0.4,buy_top=5,hold_top=10,rebalance=20d,min_hold=5d,turnover_penalty=0.01,target_vol=0.18",0.014350770188790385,1000000.0,1193255.336663864,1071088.4042730685,0.07108840427306862,0.018239260530561685,952360.4827679502,-0.047639517232049844,118727.92150511837,0.11872792150511846
2019-01-21,-17057.668011494414,0.237701572639892,-288.2581070752309,174813.71657345153,158251.505842899,218.51714571681444,1070800.146165992,254530.87872668257,816269.2674393095,70800.14616599213,0.0708001461659921,1,"mom20@q0.6,hold_q=0.4,buy_top=5,hold_top=10,rebalance=20d,min_hold=5d,turnover_penalty=0.01,target_vol=0.18",-0.000269126344684012,1000000.0,1193255.336663864,1070800.1461659933,0.07080014616599328,0.005514224299832282,957612.0120842292,-0.04238798791577081,113188.13408176415,0.11318813408176409
2019-01-22,0.0,0.237701572639892,-4639.838942657411,0.0,0.0,0.0,1066160.307223335,253427.9817132171,812732.3255101176,66160.30722333468,0.0661603072233347,1,"mom20@q0.6,hold_q=0.4,buy_top=5,hold_top=10,rebalance=20d,min_hold=5d,turnover_penalty=0.01,target_vol=0.18",-0.00433305781594262,1000000.0,1193255.336663864,1066160.3072233363,0.06616030722333632,-0.013284614708504283,944890.5054634546,-0.055109494536545345,121269.80175988167,0.12126980175988167
2019-01-23,0.0,0.237701572639892,448.38318471334463,0.0,0.0,0.0,1066608.690408048,253534.56310136872,813074.1273066793,66608.69040804799,0.066608690408048,1,"mom20@q0.6,hold_q=0.4,buy_top=5,hold_top=10,rebalance=20d,min_hold=5d,turnover_penalty=0.01,target_vol=0.18",0.0004205588800063609,1000000.0,1193255.336663864,1066608.6904080494,0.0666086904080494,-0.0007221663718616211,944208.1373153176,-0.05579186268468239,122400.55309273174,0.12240055309273179
2019-01-24,0.0,0.237701572639892,8651.190767493124,0.0,0.0,0.0,1075259.881175541,255590.9647520096,819668.9164235317,75259.88117554132,0.0752598811755413,1,"mom20@q0.6,hold_q=0.4,buy_top=5,hold_top=10,rebalance=20d,min_hold=5d,turnover_penalty=0.01,target_vol=0.18",0.008110932195933396,1000000.0,1193255.336663864,1075259.8811755425,0.0752598811755425,0.005644609286703517,949537.8233357887,-0.05046217666421127,125722.0578397538,0.12572205783975376
2019-01-25,0.0,0.237701572639892,2792.0812465591453,0.0,0.0,0.0,1078051.9624221004,256254.64685525504,821797.3155668454,78051.96242210036,0.0780519624221003,1,"mom20@q0.6,hold_q=0.4,buy_top=5,hold_top=10,rebalance=20d,min_hold=5d,turnover_penalty=0.01,target_vol=0.18",0.002596657138836722,1000000.0,1193255.336663864,1078051.9624221018,0.07805196242210166,0.00813288674741508,957260.3069153656,-0.04273969308463432,120791.65550673613,0.12079165550673598
2019-01-28,0.0,0.237701572639892,1295.1680923457054,0.0,0.0,0.0,1079347.1305144462,256562.51034763863,822784.6201668076,79347.13051444618,0.0793471305144462,1,"mom20@q0.6,hold_q=0.4,buy_top=5,hold_top=10,rebalance=20d,min_hold=5d,turnover_penalty=0.01,target_vol=0.18",0.0012013967206514486,1000000.0,1193255.336663864,1079347.1305144476,0.07934713051444753,-0.00021667655842250166,957052.8910465487,-0.04294710895345122,122294.23946789885,0.12229423946789875
2019-01-29,0.0,0.237701572639892,1534.9991155750008,0.0,0.0,0.0,1080882.129630021,256927.38205141164,823954.7475786094,80882.12963002105,0.080882129630021,1,"mom20@q0.6,hold_q=0.4,buy_top=5,hold_top=10,rebalance=20d,min_hold=5d,turnover_penalty=0.01,target_vol=0.18",0.0014221551826827383,1000000.0,1193255.336663864,1080882.1296300224,0.08088212963002239,0.003200598031270818,960116.0326454544,-0.03988396735454558,120766.09698456805,0.12076609698456797
2019-01-30,0.0,0.237701572639892,-4553.429637420912,0.0,0.0,0.0,1076328.6999926,255845.0246656916,820483.6753269085,76328.69999260013,0.0763286999926,1,"mom20@q0.6,hold_q=0.4,buy_top=5,hold_top=10,rebalance=20d,min_hold=5d,turnover_penalty=0.01,target_vol=0.18",-0.004212697677756783,1000000.0,1193255.336663864,1076328.699992601,0.07632869999260117,-0.00798066356290128,952453.6696075635,-0.0475463303924365,123875.03038503753,0.12387503038503767
2019-01-31,0.0,0.237701572639892,3998.352634036727,0.0,0.0,0.0,1080327.0526266368,256795.43937477097,823531.6132518658,80327.05262663681,0.0803270526266368,1,"mom20@q0.6,hold_q=0.4,buy_top=5,hold_top=10,rebalance=20d,min_hold=5d,turnover_penalty=0.01,target_vol=0.18",0.003714806298544593,1000000.0,1193255.336663864,1080327.052626638,0.08032705262663797,0.010462429934858353,962418.6493920314,-0.03758135060796863,117908.40323460661,0.1179084032346066
2019-02-01,0.0,0.237701572639892,9197.293035001088,0.0,0.0,0.0,1089524.345661638,258981.65039322068,830542.6952684174,89524.34566163807,0.0895243456616381,1,"mom20@q0.6,hold_q=0.4,buy_top=5,hold_top=10,rebalance=20d,min_hold=5d,turnover_penalty=0.01,target_vol=0.18",0.008513433975979368,1000000.0,1193255.336663864,1089524.3456616392,0.08952434566163925,0.014295843054943802,976177.2353568908,-0.023822764643109173,113347.1103047484,0.11334711030474842
2019-02-11,0.0,0.237701572639892,17121.9732682742,0.0,0.0,0.0,1106646.318929912,263051.5703657876,843594.7485641245,106646.31892991206,0.106646318929912,1,"mom20@q0.6,hold_q=0.4,buy_top=5,hold_top=10,rebalance=20d,min_hold=5d,turnover_penalty=0.01,target_vol=0.18",0.015715090109231333,1000000.0,1193255.336663864,1106646.3189299132,0.10664631892991316,0.0181899365646363,993933.8373438747,-0.006066162656125251,112712.48158603848,0.11271248158603842
2019-02-12,0.0,0.237701572639892,-2234.7944125498043,0.0,0.0,0.0,1104411.5245173625,262520.35621939774,841891.1682979647,104411.52451736249,0.1044115245173624,1,"mom20@q0.6,hold_q=0.4,buy_top=5,hold_top=10,rebalance=20d,min_hold=5d,turnover_penalty=0.01,target_vol=0.18",-0.002019429671722528,1000000.0,1193255.336663864,1104411.5245173636,0.10441152451736357,0.0072191793665148385,1001109.2239941086,0.0011092239941086213,103302.30052325502,0.10330230052325495
2019-02-13,0.0,0.237701572639892,4018.89959852273,0.0,0.0,0.0,1108430.424115885,263475.6549742484,844954.7691416367,108430.42411588503,0.1084304241158851,1,"mom20@q0.6,hold_q=0.4,buy_top=5,hold_top=10,rebalance=20d,min_hold=5d,turnover_penalty=0.01,target_vol=0.18",0.0036389511602379354,1000000.0,1193255.336663864,1108430.4241158862,0.10843042411588621,0.020024982434226013,1021156.4186193323,0.021156418619332262,87274.00549655396,0.08727400549655395
2019-02-14,0.0,0.237701572639892,5087.696160656528,0.0,0.0,0.0,1113518.1202765417,264685.0083527504,848833.1119237912,113518.12027654168,0.1135181202765416,1,"mom20@q0.6,hold_q=0.4,buy_top=5,hold_top=10,rebalance=20d,min_hold=5d,turnover_penalty=0.01,target_vol=0.18",0.004590000463686961,1000000.0,1193255.336663864,1113518.1202765428,0.11351812027654296,0.001504255187619652,1022692.4984594114,0.02269249845941146,90825.62181713141,0.0908256218171315
2019-02-15,0.0,0.237701572639892,587.2224967961363,0.0,0.0,0.0,1114105.3427733378,264824.5920637284,849280.7507096095,114105.34277333783,0.1141053427733378,1,"mom20@q0.6,hold_q=0.4,buy_top=5,hold_top=10,rebalance=20d,min_hold=5d,turnover_penalty=0.01,target_vol=0.18",0.000527357827504682,1000000.0,1193255.336663864,1114105.3427733392,0.11410534277333917,-0.018647086833581183,1003622.2626365867,0.003622262636586715,110483.08013675257,0.11048308013675245
2019-02-18,0.0,0.237701572639892,14854.07302390707,0.0,0.0,0.0,1128959.4157972448,268355.4285816188,860603.9872156259,128959.41579724476,0.1289594157972446,1,"mom20@q0.6,hold_q=0.4,buy_top=5,hold_top=10,rebalance=20d,min_hold=5d,turnover_penalty=0.01,target_vol=0.18",0.013332736549786839,1000000.0,1193255.336663864,1128959.415797246,0.128959415797246,0.032063377961482065,1035801.7825740615,0.035801782574061525,93157.63322318438,0.09315763322318449
2019-02-19,0.0,0.237701572639892,3454.352667111946,0.0,0.0,0.0,1132413.768464357,269176.5336430441,863237.2348213126,132413.76846435666,0.1324137684643567,1,"mom20@q0.6,hold_q=0.4,buy_top=5,hold_top=10,rebalance=20d,min_hold=5d,turnover_penalty=0.01,target_vol=0.18",0.0030597669134746486,1000000.0,1193255.336663864,1132413.768464358,0.13241376846435804,-0.0017819052455924078,1033956.0819442988,0.03395608194429878,98457.68652005924,0.09845768652005926
2019-02-20,0.0,0.237701572639892,4258.414290195216,0.0,0.0,0.0,1136672.182754552,270188.7654167758,866483.4173377762,136672.182754552,0.136672182754552,1,"mom20@q0.6,hold_q=0.4,buy_top=5,hold_top=10,rebalance=20d,min_hold=5d,turnover_penalty=0.01,target_vol=0.18",0.0037604755512377075,1000000.0,1193255.336663864,1136672.1827545532,0.13667218275455317,0.0035818014251614017,1037659.507312161,0.037659507312161056,99012.67544239212,0.09901267544239212
2019-02-21,0.0,0.237701572639892,2289.4530735989933,0.0,0.0,0.0,1138961.635828151,270732.97201285546,868228.6638152954,138961.6358281509,0.1389616358281509,1,"mom20@q0.6,hold_q=0.4,buy_top=5,hold_top=10,rebalance=20d,min_hold=5d,turnover_penalty=0.01,target_vol=0.18",0.002014171815176047,1000000.0,1193255.336663864,1138961.635828152,0.13896163582815202,-0.0026709695735428474,1034887.9503404329,0.034887950340432905,104073.68548771914,0.10407368548771911
2019-02-22,0.0,0.237701572639892,8594.374245264667,0.0,0.0,0.0,1147556.0100734157,272775.8682868107,874780.141786605,147556.0100734157,0.1475560100734156,1,"mom20@q0.6,hold_q=0.4,buy_top=5,hold_top=10,rebalance=20d,min_hold=5d,turnover_penalty=0.01,target_vol=0.18",0.007545797834547452,1000000.0,1193255.336663864,1147556.0100734169,0.1475560100734168,0.022485193350587185,1058157.6060000304,0.05815760600003039,89398.40407338645,0.0893984040733864
2019-02-25,76251.11673080364,0.1610296291043172,7114.781900130556,95550.30119461087,172222.2447301856,119.43787649326362,1154670.791973546,185936.20936908844,968734.5826044576,154670.79197354615,0.1546707919735461,1,"mom20@q0.6,hold_q=0.4,buy_top=5,hold_top=10,rebalance=20d,min_hold=5d,turnover_penalty=0.01,target_vol=0.18",0.006199943042148437,1000000.0,1193255.336663864,1154670.791973547,0.15467079197354705,0.05947524516209679,1121091.7890370195,0.12109178903701956,33579.0029365276,0.03357900293652749
2019-02-26,0.0,0.1610296291043172,1064.3494308374522,0.0,0.0,0.0,1155735.1414043836,186107.6011631736,969627.54024121,155735.14140438358,0.1557351414043835,1,"mom20@q0.6,hold_q=0.4,buy_top=5,hold_top=10,rebalance=20d,min_hold=5d,turnover_penalty=0.01,target_vol=0.18",0.0009217773916481153,1000000.0,1193255.336663864,1155735.1414043845,0.1557351414043846,-0.012009717172367207,1107627.793726422,0.10762779372642184,48107.34767796262,0.048107347677962764
2019-02-27,0.0,0.1610296291043172,-8715.84395359136,0.0,0.0,0.0,1147019.2974507925,184704.09204399565,962315.2054067968,147019.29745079228,0.1470192974507922,1,"mom20@q0.6,hold_q=0.4,buy_top=5,hold_top=10,rebalance=20d,min_hold=5d,turnover_penalty=0.01,target_vol=0.18",-0.007541385254583588,1000000.0,1193255.336663864,1147019.2974507937,0.14701929745079378,-0.0017097774846731584,1105733.99666331,0.10573399666331018,41285.300787483575,0.0412853007874836
2019-02-28,0.0,0.1610296291043172,-3023.073005945627,0.0,0.0,0.0,1143996.2244448466,184217.28771909297,959778.9367257536,143996.22444484662,0.1439962244448467,1,"mom20@q0.6,hold_q=0.4,buy_top=5,hold_top=10,rebalance=20d,min_hold=5d,turnover_penalty=0.01,target_vol=0.18",-0.002635590362485174,1000000.0,1193255.336663864,1143996.2244448478,0.14399622444484783,-0.002452159776423879,1103022.560233268,0.10302256023326795,40973.66421157983,0.040973664211579885
2019-03-01,0.0,0.1610296291043172,5609.842929265968,0.0,0.0,0.0,1149606.0673741126,185120.6386453261,964485.4287287864,149606.06737411255,0.1496060673741126,1,"mom20@q0.6,hold_q=0.4,buy_top=5,hold_top=10,rebalance=20d,min_hold=5d,turnover_penalty=0.01,target_vol=0.18",0.004903725038068352,1000000.0,1193255.336663864,1149606.0673741137,0.14960606737411375,0.021894766676568533,1127172.9818285664,0.1271729818285665,22433.085545547307,0.022433085545547238
2019-03-04,0.0,0.1610296291043172,8372.104520230841,0.0,0.0,0.0,1157978.1718943436,186468.7955310415,971509.376363302,157978.17189434357,0.1579781718943436,1,"mom20@q0.6,hold_q=0.4,buy_top=5,hold_top=10,rebalance=20d,min_hold=5d,turnover_penalty=0.01,target_vol=0.18",0.007282585537630615,1000000.0,1193255.336663864,1157978.171894345,0.15797817189434493,0.011838248824575626,1140516.7360557918,0.14051673605579174,17461.435838553123,0.017461435838553196
2019-03-05,0.0,0.1610296291043172,9144.270696425314,0.0,0.0,0.0,1167122.442590769,187941.29404971635,979181.1485410526,167122.44259076891,0.1671224425907689,1,"mom20@q0.6,hold_q=0.4,buy_top=5,hold_top=10,rebalance=20d,min_hold=5d,turnover_penalty=0.01,target_vol=0.18",0.007896755671539246,1000000.0,1193255.336663864,1167122.4425907703,0.16712244259077025,0.005774755541498644,1147102.941397502,0.14710294139750202,20019.501193268225,0.02001950119326823
2019-03-06,0.0,0.1610296291043172,2262.309385726061,0.0,0.0,0.0,1169384.751976495,188305.59289101904,981079.1590854758,169384.7519764949,0.1693847519764948,1,"mom20@q0.6,hold_q=0.4,buy_top=5,hold_top=10,rebalance=20d,min_hold=5d,turnover_penalty=0.01,target_vol=0.18",0.0019383650790778528,1000000.0,1193255.336663864,1169384.751976496,0.16938475197649616,0.008406686565286758,1156746.2762839494,0.15674627628394933,12638.475692546694,0.012638475692546836
2019-03-07,0.0,0.1610296291043172,-5103.825045226929,0.0,0.0,0.0,1164280.9269312678,187483.7258369728,976797.201094295,164280.92693126784,0.1642809269312679,1,"mom20@q0.6,hold_q=0.4,buy_top=5,hold_top=10,rebalance=20d,min_hold=5d,turnover_penalty=0.01,target_vol=0.18",-0.004364538734236589,1000000.0,1193255.336663864,1164280.926931269,0.16428092693126906,-0.01019726669594534,1144950.6260051404,0.1449506260051403,19330.300926128635,0.01933030092612875
2019-03-08,0.0,0.1610296291043172,-3992.541232682592,0.0,0.0,0.0,1160288.3856985853,186840.80840309025,973447.5772954952,160288.3856985853,0.1602883856985852,1,"mom20@q0.6,hold_q=0.4,buy_top=5,hold_top=10,rebalance=20d,min_hold=5d,turnover_penalty=0.01,target_vol=0.18",-0.0034291906191453725,1000000.0,1193255.336663864,1160288.3856985865,0.1602883856985864,-0.0397153996613151,1099478.4543008732,0.09947845430087332,60809.931397713255,0.06080993139771307
2019-03-11,0.0,0.1610296291043172,9452.69440431973,0.0,0.0,0.0,1169741.0801029052,188362.9722770543,981378.1078258508,169741.08010290517,0.1697410801029051,1,"mom20@q0.6,hold_q=0.4,buy_top=5,hold_top=10,rebalance=20d,min_hold=5d,turnover_penalty=0.01,target_vol=0.18",0.008146849111678955,1000000.0,1193255.336663864,1169741.0801029063,0.16974108010290623,0.019786306793016184,1121233.0723099818,0.1212330723099817,48508.00779292453,0.048508007792924523
2019-03-12,0.0,0.1610296291043172,8114.108110830603,0.0,0.0,0.0,1177855.1882137356,189669.58409665368,988185.604117082,177855.1882137356,0.1778551882137355,1,"mom20@q0.6,hold_q=0.4,buy_top=5,hold_top=10,rebalance=20d,min_hold=5d,turnover_penalty=0.01,target_vol=0.18",0.006936670216041829,1000000.0,1193255.336663864,1177855.1882137368,0.1778551882137367,0.00680974275794588,1128868.381104114,0.12886838110411403,48986.80710962275,0.048986807109622665
2019-03-13,0.0,0.1610296291043172,-10778.378840002826,0.0,0.0,0.0,1167076.809373733,187933.94574970225,979142.8636240308,167076.8093737329,0.1670768093737329,1,"mom20@q0.6,hold_q=0.4,buy_top=5,hold_top=10,rebalance=20d,min_hold=5d,turnover_penalty=0.01,target_vol=0.18",-0.009150852284607658,1000000.0,1193255.336663864,1167076.809373734,0.16707680937373404,-0.008297495572982538,1119501.6007094227,0.11950160070942273,47575.20866431133,0.04757520866431131
2019-03-14,0.0,0.1610296291043172,-5429.161290025544,0.0,0.0,0.0,1161647.648083707,187059.68992082187,974587.9581628854,161647.64808370732,0.1616476480837072,1,"mom20@q0.6,hold_q=0.4,buy_top=5,hold_top=10,rebalance=20d,min_hold=5d,turnover_penalty=0.01,target_vol=0.18",-0.0046519314293796965,1000000.0,1193255.336663864,1161647.648083708,0.1616476480837079,-0.006900829442106904,1111776.1111027612,0.11177611110276131,49871.53698094678,0.049871536980946596
2019-03-15,0.0,0.1610296291043172,7081.659970150374,0.0,0.0,0.0,1168729.3080538576,188200.04699925808,980529.2610545997,168729.30805385765,0.1687293080538576,1,"mom20@q0.6,hold_q=0.4,buy_top=5,hold_top=10,rebalance=20d,min_hold=5d,turnover_penalty=0.01,target_vol=0.18",0.006096220296948562,1000000.0,1193255.336663864,1168729.3080538586,0.16872930805385855,0.012578106200098027,1125760.1490989437,0.12576014909894373,42969.15895491489,0.04296915895491482
2019-03-18,0.0,0.1610296291043172,9112.241895960226,0.0,0.0,0.0,1177841.5499498178,189667.38793207332,988174.1620177444,177841.54994981785,0.1778415499498178,1,"mom20@q0.6,hold_q=0.4,buy_top=5,hold_top=10,rebalance=20d,min_hold=5d,turnover_penalty=0.01,target_vol=0.18",0.007796708641741645,1000000.0,1193255.336663864,1177841.5499498188,0.1778415499498187,0.028501926563613944,1157846.4821968048,0.15784648219680486,19995.067753013922,0.01999506775301385
2019-03-19,0.0,0.1610296291043172,-684.345549979899,0.0,0.0,0.0,1177157.204399838,189557.18802198092,987600.0163778572,177157.2043998381,0.1771572043998381,1,"mom20@q0.6,hold_q=0.4,buy_top=5,hold_top=10,rebalance=20d,min_hold=5d,turnover_penalty=0.01,target_vol=0.18",-0.0005810166486390766,1000000.0,1193255.336663864,1177157.204399839,0.17715720439983906,-0.004618679820860616,1152498.760013828,0.15249876001382812,24658.44438601099,0.024658444386010947
2019-03-20,0.0,0.1610296291043172,-3556.995189049245,0.0,0.0,0.0,1173600.2092107888,188984.4064059625,984615.8028048264,173600.20921078883,0.1736002092107889,1,"mom20@q0.6,hold_q=0.4,buy_top=5,hold_top=10,rebalance=20d,min_hold=5d,turnover_penalty=0.01,target_vol=0.18",-0.0030216823851175745,1000000.0,1193255.336663864,1173600.2092107898,0.17360020921078978,0.00038602385001418327,1152943.6520223054,0.1529436520223053,20656.557188484352,0.02065655718848447
2019-03-21,0.0,0.1610296291043172,8979.87030147683,0.0,0.0,0.0,1182580.0795122655,190430.43159001417,992149.6479222514,182580.0795122655,0.1825800795122654,1,"mom20@q0.6,hold_q=0.4,buy_top=5,hold_top=10,rebalance=20d,min_hold=5d,turnover_penalty=0.01,target_vol=0.18",0.007651558197587116,1000000.0,1193255.336663864,1182580.0795122664,0.1825800795122665,0.00037805310472838194,1153379.5259495291,0.1533795259495292,29200.553562737303,0.02920055356273732
2019-03-22,0.0,0.1610296291043172,-2726.609577034845,0.0,0.0,0.0,1179853.469935231,189991.366661112,989862.1032741189,179853.4699352309,0.179853469935231,1,"mom20@q0.6,hold_q=0.4,buy_top=5,hold_top=10,rebalance=20d,min_hold=5d,turnover_penalty=0.01,target_vol=0.18",-0.0023056447713537542,1000000.0,1193255.336663864,1179853.4699352318,0.17985346993523188,-0.0008053397413008145,1152450.6635804793,0.15245066358047943,27402.80635475251,0.02740280635475245
2019-03-25,-39599.02750952654,0.2002092015163339,3150.3482375508765,162673.1164103008,123493.54399828412,203.341395512876,1183003.8181727815,236848.2498271469,946155.5683456348,183003.81817278173,0.1830038181727817,1,"mom20@q0.6,hold_q=0.4,buy_top=5,hold_top=10,rebalance=20d,min_hold=5d,turnover_penalty=0.01,target_vol=0.18",0.0026701182119874822,1000000.0,1193255.336663864,1183003.8181727827,0.18300381817278266,-0.023728415671135705,1125104.8351945656,0.1251048351945656,57898.98297821707,0.05789898297821705
2019-03-26,0.0,0.2002092015163339,-6609.969791813556,0.0,0.0,0.0,1176393.8483809682,235524.87305308087,940868.9753278872,176393.8483809682,0.1763938483809681,1,"mom20@q0.6,hold_q=0.4,buy_top=5,hold_top=10,rebalance=20d,min_hold=5d,turnover_penalty=0.01,target_vol=0.18",-0.005587445864733365,1000000.0,1193255.336663864,1176393.8483809694,0.17639384838096928,-0.011325654651693995,1112362.286384201,0.11236228638420087,64031.56199676846,0.0640315619967684
2019-03-27,0.0,0.2002092015163339,1778.5081295552332,0.0,0.0,0.0,1178172.3565105232,235880.9467455894,942291.409764934,178172.35651052324,0.1781723565105233,1,"mom20@q0.6,hold_q=0.4,buy_top=5,hold_top=10,rebalance=20d,min_hold=5d,turnover_penalty=0.01,target_vol=0.18",0.001511830525127822,1000000.0,1193255.336663864,1178172.3565105242,0.1781723565105242,0.011606727848580078,1125273.1727112865,0.12527317271128635,52899.18379923771,0.05289918379923786
2019-03-28,0.0,0.1244797433186084,-3814.527703601621,0.0,0.0,0.0,1174357.8288069218,146183.761094084,1028174.0677128378,174357.82880692184,0.1743578288069218,1,"mom20@q0.6,hold_q=0.4,buy_top=5,hold_top=10,rebalance=20d,min_hold=5d,turnover_penalty=0.01,target_vol=0.18",-0.0032376652554463314,1000000.0,1193255.336663864,1174357.8288069228,0.17435782880692274,-0.004004391741175728,1120767.138111915,0.12076713811191508,53590.6906950078,0.05359069069500766
2019-03-29,0.0,0.1244797433186084,7135.6180272431175,0.0,0.0,0.0,1181493.446834165,147072.00099453484,1034421.44583963,181493.4468341649,0.1814934468341649,1,"mom20@q0.6,hold_q=0.4,buy_top=5,hold_top=10,rebalance=20d,min_hold=5d,turnover_penalty=0.01,target_vol=0.18",0.0060761872167127695,1000000.0,1193255.336663864,1181493.446834166,0.18149344683416602,0.038606372706791126,1164035.8919633871,0.16403589196338708,17457.554870778928,0.017457554870778935
2019-04-01,0.0,0.1244797433186084,10528.71868771892,0.0,0.0,0.0,1192022.165521884,148382.61319425594,1043639.552327628,192022.16552188387,0.1920221655218839,1,"mom20@q0.6,hold_q=0.4,buy_top=5,hold_top=10,rebalance=20d,min_hold=5d,turnover_penalty=0.01,target_vol=0.18",0.008911364439583735,1000000.0,1193255.336663864,1192022.1655218853,0.19202216552188522,0.026234783102723425,1194574.1211128319,0.1945741211128318,-2551.9555909466,-0.002551955590946564
2019-04-02,0.0,0.1244797433186084,-616.6987257346501,0.0,0.0,0.0,1191405.466796149,148305.84669517155,1043099.6201009776,191405.46679614903,0.1914054667961491,1,"mom20@q0.6,hold_q=0.4,buy_top=5,hold_top=10,rebalance=20d,min_hold=5d,turnover_penalty=0.01,target_vol=0.18",-0.00051735508245776,1000000.0,1193255.336663864,1191405.4667961502,0.19140546679615023,-0.0006643297692712213,1193780.5299625755,0.19378052996257544,-2375.0631664253306,-0.0023750631664252175
2019-04-03,0.0,0.1244797433186084,3762.524537018838,0.0,0.0,0.0,1195167.991333168,148774.20478376964,1046393.7865493984,195167.991333168,0.1951679913331681,1,"mom20@q0.6,hold_q=0.4,buy_top=5,hold_top=10,rebalance=20d,min_hold=5d,turnover_penalty=0.01,target_vol=0.18",0.0031580554579264675,1000000.0,1193255.336663864,1195167.9913331692,0.1951679913331692,0.012809439753833196,1209072.18974043,0.20907218974043018,-13904.198407260934,-0.013904198407260981
2019-04-04,0.0,0.1244797433186084,-3229.0204383868813,0.0,0.0,0.0,1191938.970894781,148372.25714842867,1043566.7137463522,191938.9708947809,0.1919389708947809,1,"mom20@q0.6,hold_q=0.4,buy_top=5,hold_top=10,rebalance=20d,min_hold=5d,turnover_penalty=0.01,target_vol=0.18",-0.0027017293483447835,1000000.0,1193255.336663864,1191938.970894782,0.19193897089478207,0.009962308809197129,1221117.3402672366,0.22111734026723662,-29178.369372454472,-0.02917836937245455
2019-04-08,0.0,0.2002092015163339,8680.513704528807,0.0,0.0,0.0,1200619.48459931,240375.06833658027,960244.4162627296,200619.48459931,0.2006194845993099,1,"mom20@q0.6,hold_q=0.4,buy_top=5,hold_top=10,rebalance=20d,min_hold=5d,turnover_penalty=0.01,target_vol=0.18",0.007282683020266134,1000000.0,1193255.336663864,1200619.484599311,0.200619484599311,-0.0012308510350226287,1219614.3267250846,0.21961432672508452,-18994.842125773663,-0.018994842125773514
2019-04-09,0.0,0.2002092015163339,7348.322980728901,0.0,0.0,0.0,1207967.807580039,241846.27021303607,966121.5373670026,207967.80758003867,0.2079678075800386,1,"mom20@q0.6,hold_q=0.4,buy_top=5,hold_top=10,rebalance=20d,min_hold=5d,turnover_penalty=0.01,target_vol=0.18",0.006120442883851274,1000000.0,1193255.336663864,1207967.80758004,0.20796780758003997,0.00448581914261692,1225085.2960185176,0.22508529601851768,-17117.488438477507,-0.017117488438477713
2019-04-10,0.0,0.2002092015163339,2572.39804768984,0.0,0.0,0.0,1210540.2056277287,242361.28797214627,968178.9176555824,210540.20562772872,0.2105402056277288,1,"mom20@q0.6,hold_q=0.4,buy_top=5,hold_top=10,rebalance=20d,min_hold=5d,turnover_penalty=0.01,target_vol=0.18",0.0021295253329998154,1000000.0,1193255.336663864,1210540.2056277299,0.2105402056277299,0.002556785418961871,1228217.5762403624,0.22821757624036243,-17677.370612632483,-0.017677370612632526
2019-04-11,0.0,0.2002092015163339,1314.7186182734963,0.0,0.0,0.0,1211854.924246002,242624.50673692944,969230.4175090726,211854.924246002,0.2118549242460019,1,"mom20@q0.6,hold_q=0.4,buy_top=5,hold_top=10,rebalance=20d,min_hold=5d,turnover_penalty=0.01,target_vol=0.18",0.0010860594403732104,1000000.0,1193255.336663864,1211854.9242460034,0.2118549242460035,-0.021603827844879242,1201683.3751672106,0.2016833751672107,10171.5490787928,0.010171549078792808
2019-04-12,0.0,0.2002092015163339,-5563.644373325702,0.0,0.0,0.0,1206291.2798726764,241510.61393942503,964780.6659332511,206291.2798726764,0.2062912798726763,1,"mom20@q0.6,hold_q=0.4,buy_top=5,hold_top=10,rebalance=20d,min_hold=5d,turnover_penalty=0.01,target_vol=0.18",-0.004591015196631076,1000000.0,1193255.336663864,1206291.2798726778,0.2062912798726777,-0.0022413560203923266,1198989.974899674,0.19898997489967396,7301.304973003687,0.007301304973003742
2019-04-15,0.0,0.2002092015163339,-7439.328369809175,0.0,0.0,0.0,1198851.9515028673,240021.19194668776,958830.7595561796,198851.95150286728,0.1988519515028672,1,"mom20@q0.6,hold_q=0.4,buy_top=5,hold_top=10,rebalance=20d,min_hold=5d,turnover_penalty=0.01,target_vol=0.18",-0.00616710780715779,1000000.0,1193255.336663864,1198851.9515028687,0.1988519515028686,-0.0032843439585621415,1195052.079419236,0.19505207941923586,3799.872083632741,0.0037998720836327493
2019-04-16,0.0,0.2002092015163339,5281.375415631233,0.0,0.0,0.0,1204133.3269184984,241078.57190155928,963054.7550169392,204133.3269184984,0.2041333269184984,1,"mom20@q0.6,hold_q=0.4,buy_top=5,hold_top=10,rebalance=20d,min_hold=5d,turnover_penalty=0.01,target_vol=0.18",0.004405360819582871,1000000.0,1193255.336663864,1204133.3269184998,0.20413332691849972,0.027737251982130617,1228199.5400778565,0.22819954007785648,-24066.213159356732,-0.024066213159356753
2019-04-17,0.0,0.2002092015163339,1820.6211503957832,0.0,0.0,0.0,1205953.9480688942,241443.07700834377,964510.8710605504,205953.9480688942,0.2059539480688941,1,"mom20@q0.6,hold_q=0.4,buy_top=5,hold_top=10,rebalance=20d,min_hold=5d,turnover_penalty=0.01,target_vol=0.18",0.0015119763814319676,1000000.0,1193255.336663864,1205953.9480688956,0.20595394806889566,0.0003548885282895764,1228635.4140050805,0.22863541400508036,-22681.46593618486,-0.022681465936184697
2019-04-18,0.0,0.2002092015163339,4966.74701274292,0.0,0.0,0.0,1210920.6950816372,242437.46546189868,968483.2296197384,210920.69508163724,0.2109206950816371,1,"mom20@q0.6,hold_q=0.4,buy_top=5,hold_top=10,rebalance=20d,min_hold=5d,turnover_penalty=0.01,target_vol=0.18",0.004118521292373112,1000000.0,1193255.336663864,1210920.6950816389,0.2109206950816389,-0.0037091044323308564,1224078.2769452755,0.22407827694527538,-13157.581863636617,-0.01315758186363647
2019-04-19,0.0,0.2002092015163339,5832.663213730459,0.0,0.0,0.0,1216753.3582953676,243605.21830663327,973148.1399887344,216753.3582953676,0.2167533582953675,1,"mom20@q0.6,hold_q=0.4,buy_top=5,hold_top=10,rebalance=20d,min_hold=5d,turnover_penalty=0.01,target_vol=0.18",0.004816717756514377,1000000.0,1193255.336663864,1216753.3582953694,0.21675335829536935,0.011917742284041521,1238666.526385403,0.2386665263854031,-21913.168090033578,-0.02191316809003374
2019-04-22,0.0,0.2002092015163339,-5681.329416887305,0.0,0.0,0.0,1211072.0288784802,242467.76388052705,968604.2649979532,211072.0288784802,0.2110720288784802,1,"mom20@q0.6,hold_q=0.4,buy_top=5,hold_top=10,rebalance=20d,min_hold=5d,turnover_penalty=0.01,target_vol=0.18",-0.004669253121969419,1000000.0,1193255.336663864,1211072.028878482,0.21107202887848198,-0.023054838968016744,1210109.269084515,0.210109269084515,962.7597939670086,0.000962759793966983
2019-04-23,-48154.283416643375,0.2478181284569317,-7501.596955806521,209557.36606388952,161948.43912329178,261.9467075798619,1203570.4319226737,298266.571905178,905303.8600174956,203570.4319226737,0.2035704319226736,1,"mom20@q0.6,hold_q=0.4,buy_top=5,hold_top=10,rebalance=20d,min_hold=5d,turnover_penalty=0.01,target_vol=0.18",-0.0061941790223273285,1000000.0,1193255.336663864,1203570.4319226753,0.20357043192267543,-0.0016395030815204992,1208125.2912088744,0.20812529120887446,-4554.859286199091,-0.004554859286199031
2019-04-24,0.0,0.2478181284569317,-898.3927519074186,0.0,0.0,0.0,1202672.0391707665,298043.933894781,904628.1052759856,202672.03917076648,0.2026720391707663,1,"mom20@q0.6,hold_q=0.4,buy_top=5,hold_top=10,rebalance=20d,min_hold=5d,turnover_penalty=0.01,target_vol=0.18",-0.0007464396998122513,1000000.0,1193255.336663864,1202672.039170768,0.20267203917076815,0.0027568978430010382,1211455.9692182832,0.21145596921828314,-8783.930047515081,-0.008783930047514987
2019-04-25,0.0,0.2478181284569317,-5488.638942107824,0.0,0.0,0.0,1197183.4002286587,296683.749664372,900499.6505642866,197183.4002286587,0.1971834002286587,1,"mom20@q0.6,hold_q=0.4,buy_top=5,hold_top=10,rebalance=20d,min_hold=5d,turnover_penalty=0.01,target_vol=0.18",-0.004563703789016493,1000000.0,1193255.336663864,1197183.4002286603,0.19718340022866032,-0.021902736663449218,1184921.7681451314,0.1849217681451314,12261.632083528908,0.012261632083528928
2019-04-26,0.0,0.2478181284569317,-7079.840357757808,0.0,0.0,0.0,1190103.5598709008,294929.2368771386,895174.3229937622,190103.5598709008,0.1901035598709008,1,"mom20@q0.6,hold_q=0.4,buy_top=5,hold_top=10,rebalance=20d,min_hold=5d,turnover_penalty=0.01,target_vol=0.18",-0.005913747514712964,1000000.0,1193255.336663864,1190103.5598709024,0.19010355987090244,-0.01332886839074332,1169128.101844198,0.16912810184419813,20975.45802670438,0.020975458026704308
2019-04-29,0.0,0.2478181284569317,-5390.039303881258,0.0,0.0,0.0,1184713.5205670197,293593.48742454144,891120.033142478,184713.52056701947,0.1847135205670194,1,"mom20@q0.6,hold_q=0.4,buy_top=5,hold_top=10,rebalance=20d,min_hold=5d,turnover_penalty=0.01,target_vol=0.18",-0.00452905065208431,1000000.0,1193255.336663864,1184713.520567021,0.18471352056702117,0.002841142833635013,1172449.7617723541,0.17244976177235416,12263.758794666966,0.012263758794667012
2019-04-30,0.0,0.2478181284569317,2141.8966441966736,0.0,0.0,0.0,1186855.4172112162,294124.28824225446,892731.1289689618,186855.41721121615,0.1868554172112162,1,"mom20@q0.6,hold_q=0.4,buy_top=5,hold_top=10,rebalance=20d,min_hold=5d,turnover_penalty=0.01,target_vol=0.18",0.0018079447959464812,1000000.0,1193255.336663864,1186855.4172112178,0.1868554172112178,0.003302284678476042,1176321.524656938,0.17632152465693784,10533.892554279882,0.010533892554279944
2019-05-06,0.0,0.2478181284569317,-24389.21780005612,0.0,0.0,0.0,1162466.19941116,288080.19793251605,874386.0014786441,162466.19941116008,0.16246619941116,1,"mom20@q0.6,hold_q=0.4,buy_top=5,hold_top=10,rebalance=20d,min_hold=5d,turnover_penalty=0.01,target_vol=0.18",-0.02054944304620021,1000000.0,1193255.336663864,1162466.1994111615,0.16246619941116158,-0.05841495856343004,1107606.751536832,0.10760675153683197,54859.44787432952,0.054859447874329614
2019-05-07,0.0,0.2478181284569317,696.5753510909587,0.0,0.0,0.0,1163162.774762251,288252.8219323526,874909.9528298983,163162.77476225095,0.163162774762251,1,"mom20@q0.6,hold_q=0.4,buy_top=5,hold_top=10,rebalance=20d,min_hold=5d,turnover_penalty=0.01,target_vol=0.18",0.0005992220259338765,1000000.0,1193255.336663864,1163162.7747622523,0.16316277476225238,0.009783912588001042,1118443.479175748,0.11844347917574805,44719.295586504275,0.04471929558650434
2019-05-08,0.0,0.2478181284569317,-4253.727389071664,0.0,0.0,0.0,1158909.047373179,287198.6711718269,871710.3762013525,158909.04737317935,0.1589090473731793,1,"mom20@q0.6,hold_q=0.4,buy_top=5,hold_top=10,rebalance=20d,min_hold=5d,turnover_penalty=0.01,target_vol=0.18",-0.003657035353406446,1000000.0,1193255.336663864,1158909.0473731805,0.15890904737318046,-0.014301187689313988,1102448.4090601662,0.10244840906016628,56460.63831301429,0.05646063831301418
2019-05-09,0.0,0.2478181284569317,-4251.779489837738,0.0,0.0,0.0,1154657.2678833415,286145.0031360437,868512.2647472979,154657.26788334153,0.1546572678833415,1,"mom20@q0.6,hold_q=0.4,buy_top=5,hold_top=10,rebalance=20d,min_hold=5d,turnover_penalty=0.01,target_vol=0.18",-0.003668777545118629,1000000.0,1193255.336663864,1154657.267883343,0.15465726788334289,-0.018476002464921315,1082079.569536922,0.08207956953692208,72577.69834642089,0.0725776983464208
2019-05-10,0.0,0.2478181284569317,17022.110858324428,0.0,0.0,0.0,1171679.378741666,290363.39079134015,881315.9879503258,171679.37874166598,0.1716793787416659,1,"mom20@q0.6,hold_q=0.4,buy_top=5,hold_top=10,rebalance=20d,min_hold=5d,turnover_penalty=0.01,target_vol=0.18",0.014742132866429225,1000000.0,1193255.336663864,1171679.3787416674,0.17167937874166728,0.03632247131705424,1121383.3736641973,0.12138337366419738,50296.005077470094,0.050296005077469896
2019-05-13,0.0,0.2478181284569317,-7362.232102885667,0.0,0.0,0.0,1164317.1466387804,288538.89621033747,875778.2504284428,164317.14663878037,0.1643171466387802,1,"mom20@q0.6,hold_q=0.4,buy_top=5,hold_top=10,rebalance=20d,min_hold=5d,turnover_penalty=0.01,target_vol=0.18",-0.006283486964490548,1000000.0,1193255.336663864,1164317.1466387815,0.1643171466387816,-0.01654492085405246,1102830.174499873,0.10283017449987297,61486.97213890846,0.061486972138908635
2019-05-14,0.0,0.2478181284569317,-1692.270819253037,0.0,0.0,0.0,1162624.8758195273,288119.5208230679,874505.3549964593,162624.8758195273,0.1626248758195272,1,"mom20@q0.6,hold_q=0.4,buy_top=5,hold_top=10,rebalance=20d,min_hold=5d,turnover_penalty=0.01,target_vol=0.18",-0.0014534449004194316,1000000.0,1193255.336663864,1162624.8758195285,0.16262487581952856,-0.006427292278254337,1095741.962635084,0.09574196263508417,66882.91318444442,0.06688291318444439
2019-05-15,0.0,0.2478181284569317,9122.30511407598,0.0,0.0,0.0,1171747.180933603,290380.1934036513,881366.9875299521,171747.18093360332,0.1717471809336033,1,"mom20@q0.6,hold_q=0.4,buy_top=5,hold_top=10,rebalance=20d,min_hold=5d,turnover_penalty=0.01,target_vol=0.18",0.007846301333992667,1000000.0,1193255.336663864,1171747.1809336045,0.17174718093360442,0.022479184670040953,1120373.3485638713,0.12037334856387139,51373.832369733136,0.05137383236973303
2019-05-16,0.0,0.2478181284569317,-457.2131574899021,0.0,0.0,0.0,1171289.9677761134,290266.88769465627,881023.0800814572,171289.96777611342,0.1712899677761135,1,"mom20@q0.6,hold_q=0.4,buy_top=5,hold_top=10,rebalance=20d,min_hold=5d,turnover_penalty=0.01,target_vol=0.18",-0.00039019778748294875,1000000.0,1193255.336663864,1171289.9677761148,0.17128996777611483,0.004526319461027217,1125444.5162550923,0.12544451625509234,45845.45152102248,0.045845451521022484
2019-05-17,0.0,0.2478181284569317,-11719.683096621106,0.0,0.0,0.0,1159570.2846794922,287362.5377635433,872207.7469159489,159570.28467949224,0.1595702846794922,1,"mom20@q0.6,hold_q=0.4,buy_top=5,hold_top=10,rebalance=20d,min_hold=5d,turnover_penalty=0.01,target_vol=0.18",-0.01000579140865765,1000000.0,1193255.336663864,1159570.2846794936,0.15957028467949352,-0.025427622089979507,1096827.1384125182,0.09682713841251811,62743.14626697544,0.06274314626697541
2019-05-20,0.0,0.2478181284569317,-8362.530805554692,0.0,0.0,0.0,1151207.7538739378,285290.15103014733,865917.6028437904,151207.75387393776,0.1512077538739378,1,"mom20@q0.6,hold_q=0.4,buy_top=5,hold_top=10,rebalance=20d,min_hold=5d,turnover_penalty=0.01,target_vol=0.18",-0.007211749831849024,1000000.0,1193255.336663864,1151207.7538739394,0.15120775387393937,-0.008487815038533686,1087517.4725324283,0.08751747253242836,63690.28134151106,0.063690281341511
2019-05-21,0.0,0.2478181284569317,8817.690555505162,0.0,0.0,0.0,1160025.4444294428,287475.3346009249,872550.1098285178,160025.44442944275,0.1600254444294426,1,"mom20@q0.6,hold_q=0.4,buy_top=5,hold_top=10,rebalance=20d,min_hold=5d,turnover_penalty=0.01,target_vol=0.18",0.007659512825406667,1000000.0,1193255.336663864,1160025.4444294444,0.16002544442944444,0.013541416168434406,1102243.9992184339,0.10224399921843386,57781.44521101052,0.057781445211010585
2019-05-22,0.0,0.2478181284569317,-1736.2537038438722,0.0,0.0,0.0,1158289.190725599,287045.05945751193,871244.1312680871,158289.19072559895,0.158289190725599,1,"mom20@q0.6,hold_q=0.4,buy_top=5,hold_top=10,rebalance=20d,min_hold=5d,turnover_penalty=0.01,target_vol=0.18",-0.0014967376036287838,1000000.0,1193255.336663864,1158289.1907256008,0.15828919072560077,-0.004745307872302207,1097013.5120917447,0.09701351209174458,61275.67863385612,0.06127567863385619
2019-05-23,0.0,0.2478181284569317,-9477.031815277653,0.0,0.0,0.0,1148812.1589103213,284696.47916972305,864115.6797405982,148812.1589103213,0.1488121589103213,1,"mom20@q0.6,hold_q=0.4,buy_top=5,hold_top=10,rebalance=20d,min_hold=5d,turnover_penalty=0.01,target_vol=0.18",-0.008181922002864273,1000000.0,1193255.336663864,1148812.1589103232,0.14881215891032307,-0.01792633269212851,1077348.0829062278,0.07734808290622786,71464.07600409538,0.07146407600409521
2019-05-24,30197.697531301463,0.2169156046949619,-14793.176400601142,216915.60469496192,247818.1284569317,271.1445058687024,1134018.98250972,245986.41332666136,888032.5691830588,134018.98250972014,0.1340189825097202,1,"mom20@q0.6,hold_q=0.4,buy_top=5,hold_top=10,rebalance=20d,min_hold=5d,turnover_penalty=0.01,target_vol=0.18",-0.012876932304262123,1000000.0,1193255.336663864,1134018.9825097215,0.13401898250972155,0.0027762586636010944,1080339.0798551103,0.08033907985511024,53679.90265461127,0.05367990265461131
2019-05-27,0.0,0.2169156046949619,8933.31789246343,0.0,0.0,0.0,1142952.3004021836,247924.1893792374,895028.1110229462,142952.30040218355,0.1429523004021835,1,"mom20@q0.6,hold_q=0.4,buy_top=5,hold_top=10,rebalance=20d,min_hold=5d,turnover_penalty=0.01,target_vol=0.18",0.007877573506479774,1000000.0,1193255.336663864,1142952.3004021854,0.14295230040218532,0.012045376762356286,1093352.1711030623,0.09335217110306226,49600.12929912307,0.04960012929912305
2019-05-28,0.0,0.2169156046949619,2743.560391662507,0.0,0.0,0.0,1145695.8607938462,248519.31044061203,897176.5503532342,145695.8607938462,0.1456958607938461,1,"mom20@q0.6,hold_q=0.4,buy_top=5,hold_top=10,rebalance=20d,min_hold=5d,turnover_penalty=0.01,target_vol=0.18",0.0024004154772663266,1000000.0,1193255.336663864,1145695.8607938478,0.1456958607938479,0.009639282964918117,1103891.3020606323,0.10389130206063224,41804.558733215556,0.041804558733215647
2019-05-29,0.0,0.2169156046949619,7092.827663328364,0.0,0.0,0.0,1152788.6884571745,250057.8554422001,902730.8330149744,152788.68845717446,0.1527886884571745,1,"mom20@q0.6,hold_q=0.4,buy_top=5,hold_top=10,rebalance=20d,min_hold=5d,turnover_penalty=0.01,target_vol=0.18",0.006190846895801627,1000000.0,1193255.336663864,1152788.6884571763,0.1527886884571763,-0.0022738041424082978,1101381.2694452384,0.10138126944523851,51407.41901193792,0.051407419011937794
2019-05-30,0.0,0.2169156046949619,-8206.954948304896,0.0,0.0,0.0,1144581.7335088695,248277.6388468842,896304.0946619853,144581.73350886954,0.1445817335088695,1,"mom20@q0.6,hold_q=0.4,buy_top=5,hold_top=10,rebalance=20d,min_hold=5d,turnover_penalty=0.01,target_vol=0.18",-0.007119218839047314,1000000.0,1193255.336663864,1144581.7335088712,0.14458173350887127,-0.006203755004899114,1094548.5698826152,0.09454856988261517,50033.16362625593,0.050033163626256094
2019-05-31,0.0,0.2169156046949619,2610.670463285701,0.0,0.0,0.0,1147192.4039721552,248843.93400908707,898348.4699630681,147192.40397215518,0.1471924039721552,1,"mom20@q0.6,hold_q=0.4,buy_top=5,hold_top=10,rebalance=20d,min_hold=5d,turnover_penalty=0.01,target_vol=0.18",0.0022808947468366814,1000000.0,1193255.336663864,1147192.4039721568,0.14719240397215683,-0.003128106822513521,1091124.705033593,0.09112470503359305,56067.6989385637,0.05606769893856378
2019-06-03,0.0,0.2169156046949619,-5790.945719153408,0.0,0.0,0.0,1141401.4582530018,247587.7875166612,893813.6707363406,141401.4582530018,0.1414014582530018,1,"mom20@q0.6,hold_q=0.4,buy_top=5,hold_top=10,rebalance=20d,min_hold=5d,turnover_penalty=0.01,target_vol=0.18",-0.005047928925524858,1000000.0,1193255.336663864,1141401.4582530034,0.14140145825300343,0.0006116056300777828,1091792.0430463087,0.09179204304630861,49609.41520669474,0.04960941520669482
2019-06-04,0.0,0.2169156046949619,-7895.064820610134,0.0,0.0,0.0,1133506.3934323918,245875.22475699263,887631.1686753992,133506.3934323918,0.1335063934323919,1,"mom20@q0.6,hold_q=0.4,buy_top=5,hold_top=10,rebalance=20d,min_hold=5d,turnover_penalty=0.01,target_vol=0.18",-0.006916992057022564,1000000.0,1193255.336663864,1133506.3934323934,0.13350639343239346,-0.00923455607225765,1081709.8282055529,0.08170982820555284,51796.565226840554,0.05179656522684062
2019-06-05,0.0,0.2169156046949619,-330.8773896802518,0.0,0.0,0.0,1133175.5160427114,245803.45228793027,887372.0637547811,133175.51604271145,0.1331755160427115,1,"mom20@q0.6,hold_q=0.4,buy_top=5,hold_top=10,rebalance=20d,min_hold=5d,turnover_penalty=0.01,target_vol=0.18",-0.00029190606387174967,1000000.0,1193255.336663864,1133175.516042713,0.13317551604271305,-0.00037793840159838776,1081301.0085220875,0.08130100852208755,51874.5075206256,0.0518745075206255
2019-06-06,0.0,0.2169156046949619,-1279.3116467651053,0.0,0.0,0.0,1131896.2043959463,245525.9496284789,886370.2547674675,131896.20439594635,0.1318962043959464,1,"mom20@q0.6,hold_q=0.4,buy_top=5,hold_top=10,rebalance=20d,min_hold=5d,turnover_penalty=0.01,target_vol=0.18",-0.0011289616027292393,1000000.0,1193255.336663864,1131896.204395948,0.13189620439594796,-0.009015570833252329,1071552.4626876896,0.07155246268768956,60343.7417082584,0.0603437417082584
2019-06-10,0.0,0.2169156046949619,1244.5882912231991,0.0,0.0,0.0,1133140.7926871695,245795.92025026583,887344.8724369036,133140.7926871695,0.1331407926871695,1,"mom20@q0.6,hold_q=0.4,buy_top=5,hold_top=10,rebalance=20d,min_hold=5d,turnover_penalty=0.01,target_vol=0.18",0.001099560442370473,1000000.0,1193255.336663864,1133140.7926871711,0.13314079268717105,0.012921215929620589,1085398.223437994,0.08539822343799397,47742.56924917712,0.04774256924917708
2019-06-11,0.0,0.2169156046949619,12666.665520217564,0.0,0.0,0.0,1145807.458207387,248543.51766105264,897263.9405463344,145807.458207387,0.1458074582073869,1,"mom20@q0.6,hold_q=0.4,buy_top=5,hold_top=10,rebalance=20d,min_hold=5d,turnover_penalty=0.01,target_vol=0.18",0.011178368656360238,1000000.0,1193255.336663864,1145807.4582073884,0.1458074582073885,0.03006032004519854,1118025.64141103,0.11802564141102989,27781.816796358442,0.027781816796358605
2019-06-12,0.0,0.2169156046949619,2699.905892167676,0.0,0.0,0.0,1148507.3640995547,249129.1693802717,899378.194719283,148507.36409955472,0.1485073640995546,1,"mom20@q0.6,hold_q=0.4,buy_top=5,hold_top=10,rebalance=20d,min_hold=5d,turnover_penalty=0.01,target_vol=0.18",0.0023563347164730075,1000000.0,1193255.336663864,1148507.364099556,0.148507364099556,-0.00757673528209768,1109554.657087461,0.10955465708746104,38952.70701209502,0.03895270701209497
2019-06-13,0.0,0.2169156046949619,-3759.202561069645,0.0,0.0,0.0,1144748.1615384852,248313.73968356644,896434.4218549188,144748.1615384852,0.1447481615384851,1,"mom20@q0.6,hold_q=0.4,buy_top=5,hold_top=10,rebalance=20d,min_hold=5d,turnover_penalty=0.01,target_vol=0.18",-0.003273120119710149,1000000.0,1193255.336663864,1144748.1615384866,0.14474816153848669,-0.001546964319579569,1107838.2156223233,0.10783821562232343,36909.94591616327,0.036909945916163256
2019-06-14,0.0,0.2169156046949619,-6887.140192098208,0.0,0.0,0.0,1137861.021346387,246819.81150417848,891041.2098422085,137861.021346387,0.1378610213463869,1,"mom20@q0.6,hold_q=0.4,buy_top=5,hold_top=10,rebalance=20d,min_hold=5d,turnover_penalty=0.01,target_vol=0.18",-0.006016292861167116,1000000.0,1193255.336663864,1137861.0213463884,0.13786102134638845,-0.008278635368305642,1098666.826988112,0.09866682698811191,39194.194358276436,0.039194194358276535
2019-06-17,0.0,0.2169156046949619,-1010.482711144464,0.0,0.0,0.0,1136850.5386352425,246600.6220358568,890249.9165993857,136850.5386352425,0.1368505386352425,1,"mom20@q0.6,hold_q=0.4,buy_top=5,hold_top=10,rebalance=20d,min_hold=5d,turnover_penalty=0.01,target_vol=0.18",-0.000888054597343424,1000000.0,1193255.336663864,1136850.538635244,0.13685053863524388,-1.6416407652264375e-05,1098648.7908256059,0.09864879082560596,38201.74780963804,0.03820174780963792
2019-06-18,0.0,0.2169156046949619,-3061.007466473398,0.0,0.0,0.0,1133789.531168769,245936.6417502909,887852.8894184782,133789.5311687691,0.1337895311687691,1,"mom20@q0.6,hold_q=0.4,buy_top=5,hold_top=10,rebalance=20d,min_hold=5d,turnover_penalty=0.01,target_vol=0.18",-0.002692532890161692,1000000.0,1193255.336663864,1133789.5311687705,0.13378953116877046,0.003502224459754455,1102496.505493515,0.10249650549351497,31293.025675255572,0.03129302567525549
2019-06-19,0.0,0.2169156046949619,2251.038235632588,0.0,0.0,0.0,1136040.5694044016,246424.92707036465,889615.642334037,136040.56940440158,0.1360405694044015,1,"mom20@q0.6,hold_q=0.4,buy_top=5,hold_top=10,rebalance=20d,min_hold=5d,turnover_penalty=0.01,target_vol=0.18",0.0019854110253707535,1000000.0,1193255.336663864,1136040.569404403,0.1360405694044029,0.013174756381522768,1117021.6283648722,0.11702162836487218,19018.941039530793,0.019018941039530723
2019-06-20,0.0,0.2169156046949619,1759.961375360887,0.0,0.0,0.0,1137800.530779763,246806.69015634083,890993.8406234218,137800.53077976266,0.1378005307797627,1,"mom20@q0.6,hold_q=0.4,buy_top=5,hold_top=10,rebalance=20d,min_hold=5d,turnover_penalty=0.01,target_vol=0.18",0.00154920644804446,1000000.0,1193255.336663864,1137800.5307797643,0.13780053077976429,0.030296506402148538,1150863.481279967,0.15086348127996696,-13062.950500202598,-0.013062950500202675
2019-06-21,0.0,0.2169156046949619,6333.10140439299,0.0,0.0,0.0,1144133.6321841555,248180.43867706924,895953.1935070863,144133.63218415552,0.1441336321841555,1,"mom20@q0.6,hold_q=0.4,buy_top=5,hold_top=10,rebalance=20d,min_hold=5d,turnover_penalty=0.01,target_vol=0.18",0.00556609109687467,1000000.0,1193255.336663864,1144133.632184157,0.14413363218415687,0.001415690658531199,1152492.7479596597,0.1524927479596596,-8359.115775502753,-0.008359115775502746
2019-06-24,-33834.294529766616,0.2500577247605616,2738.9555382893973,250057.72476056163,216915.60469496192,312.57215595070204,1146872.587722445,286784.3498761322,860088.2378463127,146872.5877224449,0.1468725877224448,1,"mom20@q0.6,hold_q=0.4,buy_top=5,hold_top=10,rebalance=20d,min_hold=5d,turnover_penalty=0.01,target_vol=0.18",0.0023939122679759173,1000000.0,1193255.336663864,1146872.5877224463,0.14687258772244638,0.001911871338622806,1154696.1658124544,0.15469616581245438,-7823.578090008115,-0.007823578090007999
2019-06-25,0.0,0.2500577247605616,3348.5914180114096,0.0,0.0,0.0,1150221.1791404565,287621.69102727296,862599.4881131835,150221.1791404565,0.1502211791404564,1,"mom20@q0.6,hold_q=0.4,buy_top=5,hold_top=10,rebalance=20d,min_hold=5d,turnover_penalty=0.01,target_vol=0.18",0.0029197588763207882,1000000.0,1193255.336663864,1150221.1791404579,0.15022117914045796,-0.010402809487487175,1142684.0815835756,0.14268408158357548,7537.097556882305,0.007537097556882477
2019-06-26,0.0,0.2500577247605616,-6896.757337364328,0.0,0.0,0.0,1143324.421803092,285897.1035792659,857427.3182238262,143324.42180309212,0.143324421803092,1,"mom20@q0.6,hold_q=0.4,buy_top=5,hold_top=10,rebalance=20d,min_hold=5d,turnover_penalty=0.01,target_vol=0.18",-0.005996027079346988,1000000.0,1193255.336663864,1143324.4218030933,0.14332442180309335,-0.0018362090963378597,1140585.8746787312,0.14058587467873118,2738.547124362085,0.0027385471243621673
2019-06-27,0.0,0.2500577247605616,7120.022146627913,0.0,0.0,0.0,1150444.44394972,287677.52011749643,862766.9238322235,150444.4439497199,0.1504444439497199,1,"mom20@q0.6,hold_q=0.4,buy_top=5,hold_top=10,rebalance=20d,min_hold=5d,turnover_penalty=0.01,target_vol=0.18",0.006227473157093266,1000000.0,1193255.336663864,1150444.4439497213,0.15044444394972123,0.010671185690227292,1152757.2783430782,0.15275727834307817,-2312.8343933569267,-0.002312834393356944
2019-06-28,0.0,0.2500577247605616,-1044.9748772214652,0.0,0.0,0.0,1149399.4690724984,287416.2160772665,861983.2529952319,149399.46907249838,0.1493994690724984,1,"mom20@q0.6,hold_q=0.4,buy_top=5,hold_top=10,rebalance=20d,min_hold=5d,turnover_penalty=0.01,target_vol=0.18",-0.0009083227640561686,1000000.0,1193255.336663864,1149399.4690724998,0.1493994690724998,-0.002406892631205637,1149982.7153442656,0.14998271534426566,-583.2462717657909,-0.0005832462717658693
2019-07-01,0.0,0.2500577247605616,9091.844612850056,0.0,0.0,0.0,1158491.3136853485,289689.7020550324,868801.6116303161,158491.3136853485,0.1584913136853485,1,"mom20@q0.6,hold_q=0.4,buy_top=5,hold_top=10,rebalance=20d,min_hold=5d,turnover_penalty=0.01,target_vol=0.18",0.007910082488716164,1000000.0,1193255.336663864,1158491.31368535,0.15849131368534985,0.028811242187479547,1183115.1458674646,0.1831151458674647,-24623.83218211471,-0.024623832182114835
2019-07-02,0.0,0.2500577247605616,1630.613213989361,0.0,0.0,0.0,1160121.926899338,290097.44948528707,870024.4774140508,160121.9268993379,0.1601219268993379,1,"mom20@q0.6,hold_q=0.4,buy_top=5,hold_top=10,rebalance=20d,min_hold=5d,turnover_penalty=0.01,target_vol=0.18",0.0014075316704811325,1000000.0,1193255.336663864,1160121.9268993393,0.16012192689933924,0.0003455451355629524,1183523.96555093,0.18352396555092998,-23402.0386515907,-0.02340203865159074
2019-07-03,0.0,0.2500577247605616,-2283.3791374706307,0.0,0.0,0.0,1157838.5477618673,289526.4728934054,868312.0748684618,157838.5477618673,0.1578385477618673,1,"mom20@q0.6,hold_q=0.4,buy_top=5,hold_top=10,rebalance=20d,min_hold=5d,turnover_penalty=0.01,target_vol=0.18",-0.001968223412148973,1000000.0,1193255.336663864,1157838.5477618687,0.15783854776186867,-0.011084103556615488,1170405.6633550273,0.17040566335502727,-12567.11559315864,-0.012567115593158595
2019-07-04,0.0,0.2500577247605616,-7582.148855742043,0.0,0.0,0.0,1150256.3989061252,287630.49800174264,862625.9009043826,150256.39890612522,0.1502563989061252,1,"mom20@q0.6,hold_q=0.4,buy_top=5,hold_top=10,rebalance=20d,min_hold=5d,turnover_penalty=0.01,target_vol=0.18",-0.00654853724675053,1000000.0,1193255.336663864,1150256.3989061266,0.15025639890612652,-0.005247166453064556,1164264.350021794,0.16426435002179396,-14007.951115667354,-0.014007951115667439
2019-07-05,0.0,0.2500577247605616,5014.911401248359,0.0,0.0,0.0,1155271.3103073735,288884.5153366146,866386.794970759,155271.31030737353,0.1552713103073735,1,"mom20@q0.6,hold_q=0.4,buy_top=5,hold_top=10,rebalance=20d,min_hold=5d,turnover_penalty=0.01,target_vol=0.18",0.0043598204765626924,1000000.0,1193255.336663864,1155271.3103073747,0.15527131030737462,0.005189641372543852,1170306.4644612449,0.17030646446124487,-15035.154153870186,-0.015035154153870245
2019-07-08,0.0,0.2500577247605616,-13930.233448018089,0.0,0.0,0.0,1141341.0768593554,285401.1528552197,855939.9240041357,141341.07685935544,0.1413410768593554,1,"mom20@q0.6,hold_q=0.4,buy_top=5,hold_top=10,rebalance=20d,min_hold=5d,turnover_penalty=0.01,target_vol=0.18",-0.012057975753169026,1000000.0,1193255.336663864,1141341.0768593566,0.1413410768593566,-0.023222541867872204,1143128.973592052,0.143128973592052,-1787.8967326954007,-0.0017878967326954154
2019-07-09,0.0,0.2500577247605616,-1479.2218323521274,0.0,0.0,0.0,1139861.8550270034,285031.26200940565,854830.5930175978,139861.85502700345,0.1398618550270034,1,"mom20@q0.6,hold_q=0.4,buy_top=5,hold_top=10,rebalance=20d,min_hold=5d,turnover_penalty=0.01,target_vol=0.18",-0.0012960383730535874,1000000.0,1193255.336663864,1139861.8550270046,0.13986185502700454,-0.002540240192069443,1140225.1514286143,0.14022515142861436,-363.29640160966665,-0.0003632964016098139
2019-07-10,0.0,0.2500577247605616,-4159.160720187544,0.0,0.0,0.0,1135702.694306816,283991.2317428021,851711.4625640139,135702.69430681597,0.135702694306816,1,"mom20@q0.6,hold_q=0.4,buy_top=5,hold_top=10,rebalance=20d,min_hold=5d,turnover_penalty=0.01,target_vol=0.18",-0.0036488287609983683,1000000.0,1193255.336663864,1135702.6943068171,0.13570269430681714,-0.0016846245712645036,1138304.300121744,0.13830430012174388,-2601.605814926792,-0.002601605814926744
2019-07-11,0.0,0.2500577247605616,4948.781615018576,0.0,0.0,0.0,1140651.4759218344,285228.7128137905,855422.7631080439,140651.47592183435,0.1406514759218342,1,"mom20@q0.6,hold_q=0.4,buy_top=5,hold_top=10,rebalance=20d,min_hold=5d,turnover_penalty=0.01,target_vol=0.18",0.004357462247669419,1000000.0,1193255.336663864,1140651.4759218355,0.14065147592183558,-0.0004014006770995948,1137847.3840049296,0.13784738400492946,2804.091916905949,0.002804091916906115
2019-07-12,0.0,0.2500577247605616,-1440.5219923724353,0.0,0.0,0.0,1139210.953929462,284868.49916191027,854342.4547675517,139210.953929462,0.1392109539294619,1,"mom20@q0.6,hold_q=0.4,buy_top=5,hold_top=10,rebalance=20d,min_hold=5d,turnover_penalty=0.01,target_vol=0.18",-0.001262894076569876,1000000.0,1193255.336663864,1139210.9539294632,0.13921095392946325,0.006210999624856717,1144914.5536801284,0.1449145536801284,-5703.599750665249,-0.005703599750665145
2019-07-15,0.0,0.2500577247605616,3190.625882321198,0.0,0.0,0.0,1142401.5798117833,285666.3398106057,856735.2400011776,142401.57981178327,0.1424015798117832,1,"mom20@q0.6,hold_q=0.4,buy_top=5,hold_top=10,rebalance=20d,min_hold=5d,turnover_penalty=0.01,target_vol=0.18",0.0028007331489536824,1000000.0,1193255.336663864,1142401.5798117847,0.14240157981178458,0.004059095814090252,1149561.8715524625,0.14956187155246248,-7160.291740677785,-0.007160291740677893
2019-07-16,0.0,0.2500577247605616,4102.320350962888,0.0,0.0,0.0,1146503.9001627462,286692.1567038064,859811.7434589397,146503.9001627462,0.1465039001627461,1,"mom20@q0.6,hold_q=0.4,buy_top=5,hold_top=10,rebalance=20d,min_hold=5d,turnover_penalty=0.01,target_vol=0.18",0.0035909617278704342,1000000.0,1193255.336663864,1146503.9001627476,0.1465039001627475,-0.004534293536670564,1144349.4205882791,0.14434942058827915,2154.4795744684525,0.0021544795744683487
2019-07-17,0.0,0.2500577247605616,-694.1131917069082,0.0,0.0,0.0,1145809.7869710391,286518.5883383619,859291.1986326773,145809.78697103914,0.145809786971039,1,"mom20@q0.6,hold_q=0.4,buy_top=5,hold_top=10,rebalance=20d,min_hold=5d,turnover_penalty=0.01,target_vol=0.18",-0.0006054172093165056,1000000.0,1193255.336663864,1145809.7869710403,0.1458097869710404,-0.0005805324612212504,1143685.088602648,0.14368508860264795,2124.698368392419,0.0021246983683924636
2019-07-18,0.0,0.2500577247605616,-4936.263312877794,0.0,0.0,0.0,1140873.5236581615,285284.2375655247,855589.2860926369,140873.52365816152,0.1408735236581615,1,"mom20@q0.6,hold_q=0.4,buy_top=5,hold_top=10,rebalance=20d,min_hold=5d,turnover_penalty=0.01,target_vol=0.18",-0.004308100148041727,1000000.0,1193255.336663864,1140873.523658163,0.14087352365816286,-0.00952521132091333,1132791.2464491304,0.13279124644913032,8082.27720903256,0.00808227720903254
2019-07-19,0.0,0.2500577247605616,9258.226345244491,0.0,0.0,0.0,1150131.7500034058,287599.3285807348,862532.4214226711,150131.75000340585,0.1501317500034058,1,"mom20@q0.6,hold_q=0.4,buy_top=5,hold_top=10,rebalance=20d,min_hold=5d,turnover_penalty=0.01,target_vol=0.18",0.008115033045519526,1000000.0,1193255.336663864,1150131.7500034072,0.15013175000340717,0.01049782401019006,1144683.089594637,0.14468308959463694,5448.6604087702,0.005448660408770234
2019-07-22,-3258.0454434753337,0.2525624661030771,-2636.105451420756,252562.46610307717,250057.72476056163,315.70308262884646,1147495.6445519852,289814.3298305894,857681.3147213957,147495.6445519852,0.1474956445519852,1,"mom20@q0.6,hold_q=0.4,buy_top=5,hold_top=10,rebalance=20d,min_hold=5d,turnover_penalty=0.01,target_vol=0.18",-0.002292003026099221,1000000.0,1193255.336663864,1147495.6445519866,0.1474956445519866,-0.00690133299719542,1136783.250417086,0.13678325041708606,10712.394134900533,0.01071239413490055
2019-07-23,0.0,0.2525624661030771,2898.906880933828,0.0,0.0,0.0,1150394.551432919,290546.48490144126,859848.0665314777,150394.551432919,0.150394551432919,1,"mom20@q0.6,hold_q=0.4,buy_top=5,hold_top=10,rebalance=20d,min_hold=5d,turnover_penalty=0.01,target_vol=0.18",0.002526290095040462,1000000.0,1193255.336663864,1150394.5514329204,0.15039455143292035,0.002176281441052641,1139257.2107074682,0.1392572107074681,11137.340725452174,0.01113734072545225
2019-07-24,0.0,0.2525624661030771,5053.187678186769,0.0,0.0,0.0,1155447.7391111057,291822.73044312577,863625.0086679799,155447.73911110568,0.1554477391111057,1,"mom20@q0.6,hold_q=0.4,buy_top=5,hold_top=10,rebalance=20d,min_hold=5d,turnover_penalty=0.01,target_vol=0.18",0.0043925692032289465,1000000.0,1193255.336663864,1155447.7391111068,0.15544773911110688,0.00789464657472072,1148251.243743706,0.14825124374370602,7196.495367400814,0.007196495367400857
2019-07-25,0.0,0.2525624661030771,4526.908108039625,0.0,0.0,0.0,1159974.6472191454,292966.0575187143,867008.5897004311,159974.64721914544,0.1599746472191454,1,"mom20@q0.6,hold_q=0.4,buy_top=5,hold_top=10,rebalance=20d,min_hold=5d,turnover_penalty=0.01,target_vol=0.18",0.003917882180913157,1000000.0,1193255.336663864,1159974.6472191468,0.15997464721914678,0.008178374430275692,1157642.0723550718,0.15764207235507177,2332.5748640750535,0.00233257486407501
2019-07-26,0.0,0.2525624661030771,-2262.403738872595,0.0,0.0,0.0,1157712.2434802728,292394.6592511038,865317.584229169,157712.24348027282,0.1577122434802729,1,"mom20@q0.6,hold_q=0.4,buy_top=5,hold_top=10,rebalance=20d,min_hold=5d,turnover_penalty=0.01,target_vol=0.18",-0.0019503906781896951,1000000.0,1193255.336663864,1157712.2434802742,0.15771224348027424,0.0019475106918336316,1159896.5926682998,0.1598965926682998,-2184.349188025575,-0.0021843491880255694
2019-07-29,0.0,0.2525624661030771,9804.13675645489,0.0,0.0,0.0,1167516.3802367277,294870.81620832585,872645.5640284019,167516.38023672765,0.1675163802367276,1,"mom20@q0.6,hold_q=0.4,buy_top=5,hold_top=10,rebalance=20d,min_hold=5d,turnover_penalty=0.01,target_vol=0.18",0.008468543726359856,1000000.0,1193255.336663864,1167516.3802367293,0.1675163802367292,-0.0011144024858951163,1158604.001022049,0.15860400102204908,8912.379214680288,0.008912379214680133
2019-07-30,0.0,0.2525624661030771,-1793.9880031434943,0.0,0.0,0.0,1165722.392233584,294417.7221740926,871304.6700594914,165722.39223358408,0.1657223922335839,1,"mom20@q0.6,hold_q=0.4,buy_top=5,hold_top=10,rebalance=20d,min_hold=5d,turnover_penalty=0.01,target_vol=0.18",-0.001536584868111035,1000000.0,1193255.336663864,1165722.3922335857,0.16572239223358576,0.004164212678406054,1163428.674492357,0.16342867449235698,2293.71774122864,0.0022937177412287735
2019-07-31,0.0,0.2525624661030771,-2055.8064026412053,0.0,0.0,0.0,1163666.585830943,293898.502639211,869768.083191732,163666.58583094296,0.1636665858309429,1,"mom20@q0.6,hold_q=0.4,buy_top=5,hold_top=10,rebalance=20d,min_hold=5d,turnover_penalty=0.01,target_vol=0.18",-0.0017635471501084021,1000000.0,1193255.336663864,1163666.5858309448,0.16366658583094473,-0.00903284482936817,1152919.60380563,0.15291960380562997,10746.982025314821,0.010746982025314766
2019-08-01,0.0,0.2525624661030771,2967.867523470531,0.0,0.0,0.0,1166634.4533544136,294648.074580006,871986.3787744076,166634.45335441362,0.1666344533544135,1,"mom20@q0.6,hold_q=0.4,buy_top=5,hold_top=10,rebalance=20d,min_hold=5d,turnover_penalty=0.01,target_vol=0.18",0.002550444912321259,1000000.0,1193255.336663864,1166634.4533544155,0.1666344533544155,-0.008314734470818985,1143333.3834337844,0.14333338343378443,23301.069920631126,0.02330106992063108
2019-08-02,0.0,0.2525624661030771,-6285.502290255326,0.0,0.0,0.0,1160348.9510641582,293060.5926208825,867288.3584432757,160348.95106415823,0.1603489510641582,1,"mom20@q0.6,hold_q=0.4,buy_top=5,hold_top=10,rebalance=20d,min_hold=5d,turnover_penalty=0.01,target_vol=0.18",-0.0053877221542555365,1000000.0,1193255.336663864,1160348.95106416,0.16034895106416003,-0.014731284853041982,1126490.613680429,0.12649061368042913,33858.337383731036,0.033858337383730897
2019-08-05,0.0,0.2525624661030771,-26.40852645647737,0.0,0.0,0.0,1160322.5425377018,293053.9228183146,867268.6197193873,160322.54253770178,0.1603225425377017,1,"mom20@q0.6,hold_q=0.4,buy_top=5,hold_top=10,rebalance=20d,min_hold=5d,turnover_penalty=0.01,target_vol=0.18",-2.275912468596708e-05,1000000.0,1193255.336663864,1160322.5425377034,0.1603225425377035,-0.01914640394509315,1104922.3693505477,0.10492236935054766,55400.17318715574,0.05540017318715584
2019-08-06,0.0,0.2525624661030771,-3610.0715492619074,0.0,0.0,0.0,1156712.47098844,292142.15424502443,864570.3167434154,156712.47098843986,0.1567124709884397,1,"mom20@q0.6,hold_q=0.4,buy_top=5,hold_top=10,rebalance=20d,min_hold=5d,turnover_penalty=0.01,target_vol=0.18",-0.003111265546359432,1000000.0,1193255.336663864,1156712.4709884417,0.15671247098844177,-0.010708193563657487,1093090.646746727,0.09309064674672696,63621.824241714785,0.06362182424171481
2019-08-07,0.0,0.2525624661030771,-8076.42433419442,0.0,0.0,0.0,1148636.0466542454,290102.35259788536,858533.69405636,148636.04665424535,0.1486360466542453,1,"mom20@q0.6,hold_q=0.4,buy_top=5,hold_top=10,rebalance=20d,min_hold=5d,turnover_penalty=0.01,target_vol=0.18",-0.006982222926405601,1000000.0,1193255.336663864,1148636.046654247,0.1486360466542469,-0.0040975379022256675,1088611.6663911138,0.08861166639111384,60024.38026313321,0.06002438026313306
2019-08-08,0.0,0.2525624661030771,4830.652521451091,0.0,0.0,0.0,1153466.6991756964,291322.3941115901,862144.3050641062,153466.69917569635,0.1534666991756963,1,"mom20@q0.6,hold_q=0.4,buy_top=5,hold_top=10,rebalance=20d,min_hold=5d,turnover_penalty=0.01,target_vol=0.18",0.0042055553937401235,1000000.0,1193255.336663864,1153466.6991756982,0.1534666991756981,0.013215773879379222,1102998.512016593,0.10299851201659305,50468.187159105204,0.05046818715910506
2019-08-09,0.0,0.2525624661030771,-6079.442888161912,0.0,0.0,0.0,1147387.2562875345,289786.9550232231,857600.3012643114,147387.2562875345,0.1473872562875344,1,"mom20@q0.6,hold_q=0.4,buy_top=5,hold_top=10,rebalance=20d,min_hold=5d,turnover_penalty=0.01,target_vol=0.18",-0.005270583791024408,1000000.0,1193255.336663864,1147387.2562875364,0.14738725628753646,-0.009745754628279535,1092248.9591631219,0.09224895916312192,55138.29712441447,0.05513829712441454
2019-08-12,0.0,0.2525624661030771,12992.57560667772,0.0,0.0,0.0,1160379.8318942122,293068.39195947634,867311.4399347359,160379.83189421217,0.1603798318942122,1,"mom20@q0.6,hold_q=0.4,buy_top=5,hold_top=10,rebalance=20d,min_hold=5d,turnover_penalty=0.01,target_vol=0.18",0.011323618538972013,1000000.0,1193255.336663864,1160379.831894214,0.160379831894214,0.01804581219915602,1111959.4787549032,0.1119594787549032,48420.35313931084,0.04842035313931081
2019-08-13,0.0,0.2525624661030771,-2369.4156724594995,0.0,0.0,0.0,1158010.4162217528,292469.9664940167,865540.4497277361,158010.41622175276,0.1580104162217528,1,"mom20@q0.6,hold_q=0.4,buy_top=5,hold_top=10,rebalance=20d,min_hold=5d,turnover_penalty=0.01,target_vol=0.18",-0.0020419311050861033,1000000.0,1193255.336663864,1158010.4162217546,0.1580104162217546,-0.009015706523208378,1101934.3784287493,0.1019343784287492,56076.03779300535,0.05607603779300541
2019-08-14,0.0,0.2525624661030771,-1022.1761624088184,0.0,0.0,0.0,1156988.240059344,292211.80316164694,864776.4368976969,156988.2400593439,0.1569882400593438,1,"mom20@q0.6,hold_q=0.4,buy_top=5,hold_top=10,rebalance=20d,min_hold=5d,turnover_penalty=0.01,target_vol=0.18",-0.0008827003177948045,1000000.0,1193255.336663864,1156988.240059346,0.15698824005934586,0.004542044602059647,1106939.4135241155,0.10693941352411551,50048.8265352305,0.05004882653523035
2019-08-15,0.0,0.2525624661030771,3286.884230733603,0.0,0.0,0.0,1160275.1242900777,293041.94674875634,867233.1775413211,160275.12429007748,0.1602751242900775,1,"mom20@q0.6,hold_q=0.4,buy_top=5,hold_top=10,rebalance=20d,min_hold=5d,turnover_penalty=0.01,target_vol=0.18",0.0028408968362245712,1000000.0,1193255.336663864,1160275.1242900796,0.1602751242900795,0.0031501194872909366,1110426.404941908,0.11042640494190814,49848.71934817149,0.049848719348171366
2019-08-16,0.0,0.2525624661030771,372.6557820918808,0.0,0.0,0.0,1160647.7800721694,293136.065612089,867511.7144600804,160647.78007216938,0.1606477800721693,1,"mom20@q0.6,hold_q=0.4,buy_top=5,hold_top=10,rebalance=20d,min_hold=5d,turnover_penalty=0.01,target_vol=0.18",0.00032117880862059245,1000000.0,1193255.336663864,1160647.780072171,0.16064778007217106,0.004477531131564794,1115398.373739347,0.11539837373934714,45249.40633282391,0.04524940633282393
2019-08-19,-4695.018670186553,0.2566040436048023,16680.26507662404,220171.3096964585,216129.7321947333,275.2141371205732,1177328.0451487934,302107.13703451765,875220.9081142757,177328.04514879338,0.1773280451487933,1,"mom20@q0.6,hold_q=0.4,buy_top=5,hold_top=10,rebalance=20d,min_hold=5d,turnover_penalty=0.01,target_vol=0.18",0.014371513359192178,1000000.0,1193255.336663864,1177328.045148795,0.17732804514879508,0.021708430578837534,1139611.921903416,0.13961192190341598,37716.123245378956,0.037716123245379096
2019-08-20,0.0,0.2566040436048023,-806.6493500647358,0.0,0.0,0.0,1176521.3957987288,301900.1475495199,874621.2482492089,176521.3957987288,0.1765213957987288,1,"mom20@q0.6,hold_q=0.4,buy_top=5,hold_top=10,rebalance=20d,min_hold=5d,turnover_penalty=0.01,target_vol=0.18",-0.0006851525820593674,1000000.0,1193255.336663864,1176521.3957987304,0.17652139579873038,-0.0008862886399426673,1138601.8968030897,0.13860189680308954,37919.49899564078,0.037919498995640843
2019-08-21,0.0,0.2566040436048023,8010.179507430423,0.0,0.0,0.0,1184531.575306159,303955.5920011268,880575.9833050321,184531.57530615895,0.1845315753061589,1,"mom20@q0.6,hold_q=0.4,buy_top=5,hold_top=10,rebalance=20d,min_hold=5d,turnover_penalty=0.01,target_vol=0.18",0.006808358552622851,1000000.0,1193255.336663864,1184531.5753061604,0.18453157530616027,-0.0015761419108542007,1136807.2986337603,0.1368072986337603,47724.27667240007,0.04772427667239998
2019-08-22,0.0,0.2566040436048023,-6444.750488886223,0.0,0.0,0.0,1178086.8248172728,302301.8429656546,875784.9818516183,178086.82481727283,0.1780868248172729,1,"mom20@q0.6,hold_q=0.4,buy_top=5,hold_top=10,rebalance=20d,min_hold=5d,turnover_penalty=0.01,target_vol=0.18",-0.005440758712759841,1000000.0,1193255.336663864,1178086.8248172745,0.17808682481727445,0.0031070189541377857,1140339.3804578176,0.1403393804578177,37747.44435945689,0.03774744435945676
2019-08-23,0.0,0.2566040436048023,1809.972515812109,0.0,0.0,0.0,1179896.797333085,302766.2892320256,877130.5081010594,179896.79733308498,0.1798967973330849,1,"mom20@q0.6,hold_q=0.4,buy_top=5,hold_top=10,rebalance=20d,min_hold=5d,turnover_penalty=0.01,target_vol=0.18",0.0015363659771789884,1000000.0,1193255.336663864,1179896.7973330866,0.1798967973330865,0.007209681798650891,1148560.8645333892,0.14856086453338913,31335.932799697388,0.031335932799697375
2019-08-26,0.0,0.2566040436048023,-739.6873922490361,0.0,0.0,0.0,1179157.109940836,302576.4824561709,876580.627484665,179157.10994083597,0.179157109940836,1,"mom20@q0.6,hold_q=0.4,buy_top=5,hold_top=10,rebalance=20d,min_hold=5d,turnover_penalty=0.01,target_vol=0.18",-0.0006269085515960837,1000000.0,1193255.336663864,1179157.1099408376,0.17915710994083756,-0.014381579016242485,1132042.7457051382,0.1320427457051383,47114.36423569941,0.04711436423569926
2019-08-27,0.0,0.2566040436048023,620.8084600916321,0.0,0.0,0.0,1179777.9184009274,302735.7844173345,877042.133983593,179777.91840092745,0.1797779184009273,1,"mom20@q0.6,hold_q=0.4,buy_top=5,hold_top=10,rebalance=20d,min_hold=5d,turnover_penalty=0.01,target_vol=0.18",0.0005264849398420868,1000000.0,1193255.336663864,1179777.918400929,0.17977791840092916,0.013553165104848386,1147385.5079434258,0.14738550794342586,32392.410457503283,0.032392410457503296
2019-08-28,0.0,0.2566040436048023,-113.52442083619276,0.0,0.0,0.0,1179664.3939800914,302706.6535919001,876957.7403881913,179664.39398009144,0.1796643939800914,1,"mom20@q0.6,hold_q=0.4,buy_top=5,hold_top=10,rebalance=20d,min_hold=5d,turnover_penalty=0.01,target_vol=0.18",-9.622524634966823e-05,1000000.0,1193255.336663864,1179664.393980093,0.17966439398009304,-0.0037647860202517647,1143065.847023281,0.14306584702328107,36598.54695681203,0.03659854695681197
2019-08-29,0.0,0.2566040436048023,8909.569921831291,0.0,0.0,0.0,1188573.9639019226,304992.88526062167,883581.0786413009,188573.96390192257,0.1885739639019226,1,"mom20@q0.6,hold_q=0.4,buy_top=5,hold_top=10,rebalance=20d,min_hold=5d,turnover_penalty=0.01,target_vol=0.18",0.007552631042606173,1000000.0,1193255.336663864,1188573.9639019244,0.18857396390192438,-0.003258314092011161,1139341.3794658284,0.13934137946582847,49232.58443609602,0.049232584436095905
2019-08-30,0.0,0.2566040436048023,-6165.927214362883,0.0,0.0,0.0,1182408.0366875597,303410.68340484326,878997.3532827164,182408.03668755968,0.1824080366875597,1,"mom20@q0.6,hold_q=0.4,buy_top=5,hold_top=10,rebalance=20d,min_hold=5d,turnover_penalty=0.01,target_vol=0.18",-0.005187668080933738,1000000.0,1193255.336663864,1182408.0366875615,0.18240803668756156,0.002480086750268562,1142167.0449250746,0.14216704492507448,40240.991762486985,0.04024099176248708
2019-09-02,0.0,0.2566040436048023,10847.299976304284,0.0,0.0,0.0,1193255.336663864,306194.1444409572,887061.1922229069,193255.3366638641,0.193255336663864,1,"mom20@q0.6,hold_q=0.4,buy_top=5,hold_top=10,rebalance=20d,min_hold=5d,turnover_penalty=0.01,target_vol=0.18",0.009173905825853756,1000000.0,1193255.336663864,1193255.336663866,0.19325533666386585,0.012825067967859649,1156815.4149068878,0.15681541490688788,36439.92175697815,0.03643992175697797
2019-09-03,0.0,0.0,0.0,0.0,0.0,0.0,1000000.0,0.0,1000000.0,0.0,0.0,2,"mom20@q0.6,hold_q=0.4,buy_top=10,hold_top=20,rebalance=20d,min_hold=5d,turnover_penalty=0.01,target_vol=0.18",0.0,1000000.0,1281256.5814199988,1193255.336663866,0.19325533666386585,0.001374625810743435,1158405.6032344848,0.15840560323448472,34849.73342938116,0.034849733429381136
2019-09-04,-247623.76996069824,0.2473146266773515,2845.604215963424,247314.6266773516,0.0,309.1432833466895,1002845.6042159634,248018.3862216941,754827.2179942693,2845.6042159633944,0.0028456042159634,2,"mom20@q0.6,hold_q=0.4,buy_top=10,hold_top=20,rebalance=20d,min_hold=5d,turnover_penalty=0.01,target_vol=0.18",0.002845604215963471,1000000.0,1281256.5814199988,1196650.8690805975,0.19665086908059748,0.00840510586177623,1168142.1249605452,0.16814212496054526,28508.744120052317,0.02850874412005222
2019-09-05,0.0,0.2473146266773515,1715.1471507754547,0.0,0.0,0.0,1004560.7513667388,248442.5671989848,756118.1841677541,4560.7513667389285,0.0045607513667389,2,"mom20@q0.6,hold_q=0.4,buy_top=10,hold_top=20,rebalance=20d,min_hold=5d,turnover_penalty=0.01,target_vol=0.18",0.0017102803697448543,1000000.0,1281256.5814199988,1198697.477571424,0.19869747757142409,0.010118373648996482,1179961.8234560287,0.17996182345602874,18735.654115395388,0.01873565411539535
2019-09-06,0.0,0.2473146266773515,-531.2874927236311,0.0,0.0,0.0,1004029.4638740151,248311.17203106356,755718.2918429517,4029.4638740152586,0.0040294638740152,2,"mom20@q0.6,hold_q=0.4,buy_top=10,hold_top=20,rebalance=20d,min_hold=5d,turnover_penalty=0.01,target_vol=0.18",-0.0005288754234135107,1000000.0,1281256.5814199988,1198063.5159354287,0.1980635159354287,0.0059077985998594595,1186932.80026453,0.18693280026452985,11130.71567089879,0.01113071567089885
2019-09-09,0.0,0.2473146266773515,14590.836861078746,0.0,0.0,0.0,1018620.300735094,251919.69940227136,766700.6013328226,18620.300735094,0.018620300735094,2,"mom20@q0.6,hold_q=0.4,buy_top=10,hold_top=20,rebalance=20d,min_hold=5d,turnover_penalty=0.01,target_vol=0.18",0.014532279565562245,1000000.0,1281256.5814199988,1215474.1098863028,0.2154741098863029,0.006189676612190276,1194279.5304585688,0.19427953045856894,21194.579427734017,0.02119457942773395
2019-09-10,0.0,0.2473146266773515,-6529.870697841096,0.0,0.0,0.0,1012090.4300372528,250304.7668683834,761785.6631688694,12090.430037252838,0.0120904300372528,2,"mom20@q0.6,hold_q=0.4,buy_top=10,hold_top=20,rebalance=20d,min_hold=5d,turnover_penalty=0.01,target_vol=0.18",-0.006410505163826796,1000000.0,1281256.5814199988,1207682.3068283792,0.20768230682837907,-0.003443285216275016,1190167.285407241,0.19016728540724093,17515.021421138197,0.017515021421138144
2019-09-11,0.0,0.2473146266773515,-3403.575776811319,0.0,0.0,0.0,1008686.8542604416,249463.01279577325,759223.8414646684,8686.854260441614,0.0086868542604416,2,"mom20@q0.6,hold_q=0.4,buy_top=10,hold_top=20,rebalance=20d,min_hold=5d,turnover_penalty=0.01,target_vol=0.18",-0.0033629166681142797,1000000.0,1281256.5814199988,1203620.9718689593,0.20362097186895922,-0.0073675197700586725,1181398.704402326,0.18139870440232597,22222.267466633348,0.02222226746663325
2019-09-12,0.0,0.2473146266773515,-3833.579858369711,0.0,0.0,0.0,1004853.2744020718,248514.91242426276,756338.3619778091,4853.274402071838,0.0048532744020717,2,"mom20@q0.6,hold_q=0.4,buy_top=10,hold_top=20,rebalance=20d,min_hold=5d,turnover_penalty=0.01,target_vol=0.18",-0.0038005649049333012,1000000.0,1281256.5814199988,1199046.5322444323,0.19904653224443236,0.010757995979746138,1194108.1869147634,0.1941081869147634,4938.3453296688385,0.0049383453296689694
2019-09-16,0.0,0.2473146266773515,2760.828235038044,0.0,0.0,0.0,1007614.10263711,249197.70562853143,758416.3970085785,7614.102637109929,0.0076141026371099,2,"mom20@q0.6,hold_q=0.4,buy_top=10,hold_top=20,rebalance=20d,min_hold=5d,turnover_penalty=0.01,target_vol=0.18",0.0027474938932561255,1000000.0,1281256.5814199988,1202340.9052695038,0.20234090526950377,-0.003690482783620941,1189701.3512091737,0.18970135120917364,12639.554060330149,0.012639554060330127
2019-09-17,0.0,0.2473146266773515,-4293.472338244883,0.0,0.0,0.0,1003320.630298865,248135.86712004888,755184.7631788162,3320.630298865028,0.003320630298865,2,"mom20@q0.6,hold_q=0.4,buy_top=10,hold_top=20,rebalance=20d,min_hold=5d,turnover_penalty=0.01,target_vol=0.18",-0.004261028430436076,1000000.0,1281256.5814199988,1197217.6964890743,0.19721769648907417,-0.016802603519197934,1169711.2710985518,0.16971127109855177,27506.42539052246,0.027506425390522393
2019-09-18,0.0,0.2473146266773515,-1410.020668467457,0.0,0.0,0.0,1001910.6096303976,247787.14838481948,754123.461245578,1910.609630397521,0.0019106096303975,2,"mom20@q0.6,hold_q=0.4,buy_top=10,hold_top=20,rebalance=20d,min_hold=5d,turnover_penalty=0.01,target_vol=0.18",-0.0014053540073698523,1000000.0,1281256.5814199988,1195535.181801619,0.1955351818016191,0.004846808969937388,1175380.638179549,0.17538063817954908,20154.543622069992,0.02015454362207003
2019-09-19,0.0,0.2473146266773515,6364.756434249783,0.0,0.0,0.0,1008275.3660646472,249361.24574624823,758914.120318399,8275.366064647329,0.0082753660646472,2,"mom20@q0.6,hold_q=0.4,buy_top=10,hold_top=20,rebalance=20d,min_hold=5d,turnover_penalty=0.01,target_vol=0.18",0.006352619059097009,1000000.0,1281256.5814199988,1203129.961383353,0.20312996138335304,0.0036572141746460396,1179679.2569101038,0.17967925691010378,23450.70447324915,0.023450704473249262
2019-09-20,0.0,0.2473146266773515,7193.874029971036,0.0,0.0,0.0,1015469.2400946184,251140.39601633445,764328.844078284,15469.240094618406,0.0154692400946183,2,"mom20@q0.6,hold_q=0.4,buy_top=10,hold_top=20,rebalance=20d,min_hold=5d,turnover_penalty=0.01,target_vol=0.18",0.007134830694167649,1000000.0,1281256.5814199988,1211714.0899609039,0.2117140899609038,0.0028717912128795042,1183067.0494341145,0.18306704943411445,28647.04052678938,0.028647040526789347
2019-09-23,0.0,0.2473146266773515,5162.739611039508,0.0,0.0,0.0,1020631.979705658,252417.21703587103,768214.7626697868,20631.979705657926,0.020631979705658,2,"mom20@q0.6,hold_q=0.4,buy_top=10,hold_top=20,rebalance=20d,min_hold=5d,turnover_penalty=0.01,target_vol=0.18",0.005084092562526621,1000000.0,1281256.5814199988,1217874.5565535827,0.21787455655358268,-0.011431402690788128,1169542.9335818307,0.1695429335818306,48331.62297175196,0.048331622971752086
2019-09-24,0.0,0.2473146266773515,-432.16559471814446,0.0,0.0,0.0,1020199.8141109396,252310.33616315047,767889.4779477892,20199.81411093974,0.0201998141109398,2,"mom20@q0.6,hold_q=0.4,buy_top=10,hold_top=20,rebalance=20d,min_hold=5d,turnover_penalty=0.01,target_vol=0.18",-0.00042342940777051474,1000000.0,1281256.5814199988,1217358.8726513626,0.21735887265136267,0.0026782088386032576,1172675.2138036753,0.17267521380367534,44683.6588476873,0.044683658847687324
2019-09-25,0.0,0.2473146266773515,-15662.605642451435,0.0,0.0,0.0,1004537.2084684884,248436.74469589308,756100.4637725952,4537.208468488301,0.0045372084684882,2,"mom20@q0.6,hold_q=0.4,buy_top=10,hold_top=20,rebalance=20d,min_hold=5d,turnover_penalty=0.01,target_vol=0.18",-0.015352488233984385,1000000.0,1281256.5814199988,1198669.384882446,0.1986693848824459,-0.007715812031539926,1163627.0722799203,0.16362707227992024,35042.31260252558,0.03504231260252566
2019-09-26,0.0,0.2473146266773515,-12623.966187977834,0.0,0.0,0.0,991913.2422805104,245314.65321092584,746598.5890695846,-8086.757719489513,-0.0080867577194895,2,"mom20@q0.6,hold_q=0.4,buy_top=10,hold_top=20,rebalance=20d,min_hold=5d,turnover_penalty=0.01,target_vol=0.18",-0.01256694732813779,1000000.0,1281256.5814199988,1183605.769858777,0.18360576985877697,-0.007708642255966236,1154657.087460357,0.154657087460357,28948.68239842006,0.028948682398419967
2019-09-27,0.0,0.2473146266773515,980.6553683809988,0.0,0.0,0.0,992893.8976488914,245557.1836272561,747336.7140216354,-7106.102351108566,-0.0071061023511085,2,"mom20@q0.6,hold_q=0.4,buy_top=10,hold_top=20,rebalance=20d,min_hold=5d,turnover_penalty=0.01,target_vol=0.18",0.000988650344183828,1000000.0,1281256.5814199988,1184775.9421105257,0.18477594211052573,0.002996506245541708,1158117.024634391,0.15811702463439103,26658.917476134608,0.02665891747613469
2019-09-30,0.0,0.2473146266773515,-10420.400542591356,0.0,0.0,0.0,982473.4971063,242980.06615723667,739493.4309490634,-17526.502893699915,-0.0175265028936999,2,"mom20@q0.6,hold_q=0.4,buy_top=10,hold_top=20,rebalance=20d,min_hold=5d,turnover_penalty=0.01,target_vol=0.18",-0.01049497893709117,1000000.0,1281256.5814199988,1172341.7435529034,0.17234174355290333,-0.009894488209414298,1146658.0493890243,0.14665804938902416,25683.694163879147,0.025683694163879167
2019-10-08,0.0,0.2473146266773515,-3293.9186690921724,0.0,0.0,0.0,979179.578437208,242165.4318912846,737014.1465459233,-20820.421562792035,-0.020820421562792,2,"mom20@q0.6,hold_q=0.4,buy_top=10,hold_top=20,rebalance=20d,min_hold=5d,turnover_penalty=0.01,target_vol=0.18",-0.0033526794145528616,1000000.0,1281256.5814199988,1168411.2575224726,0.16841125752247255,0.006068899707172282,1153617.002089188,0.15361700208918805,14794.255433284678,0.014794255433284498
2019-10-09,0.0,0.2473146266773515,6073.70877934261,0.0,0.0,0.0,985253.2872165506,243667.54891059463,741585.7383059559,-14746.712783449446,-0.0147467127834494,2,"mom20@q0.6,hold_q=0.4,buy_top=10,hold_top=20,rebalance=20d,min_hold=5d,turnover_penalty=0.01,target_vol=0.18",0.006202854831834248,1000000.0,1281256.5814199988,1175658.7429367653,0.1756587429367653,0.0014487919784869074,1155288.3531480609,0.1552883531480609,20370.38978870446,0.020370389788704424
2019-10-10,-87946.075664488,0.3344098893834249,7871.556616298475,334409.88938342495,247314.6266773516,418.0123617292812,993124.8438328492,332110.7691700742,661014.0746627748,-6875.156167150941,-0.0068751561671509,2,"mom20@q0.6,hold_q=0.4,buy_top=10,hold_top=20,rebalance=20d,min_hold=5d,turnover_penalty=0.01,target_vol=0.18",0.007989373614308404,1000000.0,1281256.5814199988,1185051.5198770154,0.1850515198770153,0.008170189735743794,1164727.2781927756,0.16472727819277555,20324.241684239823,0.02032424168423974
2019-10-11,0.0,0.3344098893834249,48.59626743156787,0.0,0.0,0.0,993173.4401002806,332127.0202424904,661046.4198577902,-6826.559899719432,-0.0068265598997194,2,"mom20@q0.6,hold_q=0.4,buy_top=10,hold_top=20,rebalance=20d,min_hold=5d,turnover_penalty=0.01,target_vol=0.18",4.893268729833089e-05,1000000.0,1281256.5814199988,1185109.5076324698,0.1851095076324698,0.009572502219561185,1175876.6326484594,0.17587663264845932,9232.874984010356,0.009232874984010486
2019-10-14,0.0,0.3344098893834249,16600.209036845237,0.0,0.0,0.0,1009773.6491371258,337678.2943102436,672095.3548268822,9773.649137125816,0.0097736491371258,2,"mom20@q0.6,hold_q=0.4,buy_top=10,hold_top=20,rebalance=20d,min_hold=5d,turnover_penalty=0.01,target_vol=0.18",0.016714310277134548,1000000.0,1281256.5814199988,1204917.7956554212,0.20491779565542112,0.010611673096047047,1188354.6510754053,0.18835465107540528,16563.144580015913,0.016563144580015843
2019-10-15,0.0,0.3344098893834249,-4265.766193816387,0.0,0.0,0.0,1005507.8829433096,336251.7799092339,669256.1030340756,5507.882943309494,0.0055078829433095,2,"mom20@q0.6,hold_q=0.4,buy_top=10,hold_top=20,rebalance=20d,min_hold=5d,turnover_penalty=0.01,target_vol=0.18",-0.004224477631656787,1000000.0,1281256.5814199988,1199827.6473796896,0.1998276473796896,-0.004297740587467458,1183247.4110591728,0.18324741105917286,16580.236320516793,0.01658023632051675
2019-10-16,0.0,0.3344098893834249,-4100.417808076903,0.0,0.0,0.0,1001407.4651352324,334880.55964360904,666526.9054916236,1407.4651352325454,0.0014074651352324,2,"mom20@q0.6,hold_q=0.4,buy_top=10,hold_top=20,rebalance=20d,min_hold=5d,turnover_penalty=0.01,target_vol=0.18",-0.004077956898830615,1000000.0,1281256.5814199988,1194934.80194765,0.19493480194765,-0.003444903143855149,1179171.2383328567,0.17917123833285675,15763.563614793355,0.015763563614793252
2019-10-17,0.0,0.3344098893834249,-4863.151354644586,0.0,0.0,0.0,996544.313780588,333254.2737370475,663290.0400435405,-3455.6862194120185,-0.003455686219412,2,"mom20@q0.6,hold_q=0.4,buy_top=10,hold_top=20,rebalance=20d,min_hold=5d,turnover_penalty=0.01,target_vol=0.18",-0.0048563162588245445,1000000.0,1281256.5814199988,1189131.8206407165,0.18913182064071643,0.0006449655720945913,1179931.7631851856,0.17993176318518556,9200.057455530856,0.009200057455530875
2019-10-18,0.0,0.3344098893834249,-4012.982762821872,0.0,0.0,0.0,992531.331017766,331912.2926152347,660619.0384025315,-7468.668982233852,-0.0074686689822338,2,"mom20@q0.6,hold_q=0.4,buy_top=10,hold_top=20,rebalance=20d,min_hold=5d,turnover_penalty=0.01,target_vol=0.18",-0.004026898460338324,1000000.0,1281256.5814199988,1184343.3075430389,0.18434330754303896,-0.014225954214031278,1163146.1079464317,0.1631461079464318,21197.199596607126,0.021197199596607152
2019-10-21,0.0,0.3344098893834249,-4668.0024387528,0.0,0.0,0.0,987863.3285790132,330351.2664360498,657512.0621429635,-12136.671420986764,-0.0121366714209867,2,"mom20@q0.6,hold_q=0.4,buy_top=10,hold_top=20,rebalance=20d,min_hold=5d,turnover_penalty=0.01,target_vol=0.18",-0.004703128549066626,1000000.0,1281256.5814199988,1178773.1887214372,0.17877318872143722,0.0029617147966858326,1166591.0149850443,0.16659101498504425,12182.173736392986,0.012182173736392965
2019-10-22,0.0,0.3344098893834249,3075.2205772674743,0.0,0.0,0.0,990938.5491562808,331379.65060912346,659558.8985471574,-9061.450843719183,-0.0090614508437192,2,"mom20@q0.6,hold_q=0.4,buy_top=10,hold_top=20,rebalance=20d,min_hold=5d,turnover_penalty=0.01,target_vol=0.18",0.0031130020604075437,1000000.0,1281256.5814199988,1182442.7120866803,0.18244271208668028,0.0038754496449222575,1171112.0797198375,0.17111207971983755,11330.632366842823,0.01133063236684273
2019-10-23,0.0,0.3344098893834249,-7245.59170438017,0.0,0.0,0.0,983692.9574519006,328956.6530887442,654736.3043631564,-16307.042548099416,-0.0163070425480994,2,"mom20@q0.6,hold_q=0.4,buy_top=10,hold_top=20,rebalance=20d,min_hold=5d,turnover_penalty=0.01,target_vol=0.18",-0.007311847652459735,1000000.0,1281256.5814199988,1173796.8711181413,0.17379687111814124,-0.006365699148844439,1163657.1325507637,0.16365713255076364,10139.738567377673,0.010139738567377599
2019-10-24,0.0,0.3344098893834249,-2202.964238127606,0.0,0.0,0.0,981489.993213773,328219.9600615563,653270.0331522167,-18510.006786226997,-0.0185100067862269,2,"mom20@q0.6,hold_q=0.4,buy_top=10,hold_top=20,rebalance=20d,min_hold=5d,turnover_penalty=0.01,target_vol=0.18",-0.0022394835923538192,1000000.0,1281256.5814199988,1171168.172284516,0.17116817228451597,-0.00010591359517242438,1163533.8854403072,0.16353388544030723,7634.286844208837,0.007634286844208749
2019-10-25,0.0,0.3344098893834249,6143.20571538063,0.0,0.0,0.0,987633.1989291536,330274.3088052964,657358.8901238572,-12366.801070846384,-0.0123668010708464,2,"mom20@q0.6,hold_q=0.4,buy_top=10,hold_top=20,rebalance=20d,min_hold=5d,turnover_penalty=0.01,target_vol=0.18",0.006259060976531616,1000000.0,1281256.5814199988,1178498.5852886178,0.17849858528861784,0.0067481857146178825,1171385.6281845095,0.17138562818450942,7112.957104108296,0.007112957104108419
2019-10-28,0.0,0.3344098893834249,9178.490894065006,0.0,0.0,0.0,996811.6898232186,333343.6869298874,663468.0028933312,-3188.3101767813787,-0.0031883101767813,2,"mom20@q0.6,hold_q=0.4,buy_top=10,hold_top=20,rebalance=20d,min_hold=5d,turnover_penalty=0.01,target_vol=0.18",0.00929342078012052,1000000.0,1281256.5814199988,1189450.8685304816,0.18945086853048165,0.007647319973619338,1180343.5888957353,0.18034358889573543,9107.279634746257,0.009107279634746224
2019-10-29,0.0,0.3344098893834249,-5652.672969922037,0.0,0.0,0.0,991159.0168532964,331453.3771872951,659705.6396660014,-8840.983146703453,-0.0088409831467034,2,"mom20@q0.6,hold_q=0.4,buy_top=10,hold_top=20,rebalance=20d,min_hold=5d,turnover_penalty=0.01,target_vol=0.18",-0.005670753089708103,1000000.0,1281256.5814199988,1182705.7863427063,0.1827057863427064,-0.004166465049826984,1175425.7285858141,0.17542572858581407,7280.057756892173,0.007280057756892333
2019-10-30,0.0,0.3344098893834249,-1300.7719564127283,0.0,0.0,0.0,989858.2448968838,331018.38618123805,658839.8587156457,-10141.755103116157,-0.0101417551031161,2,"mom20@q0.6,hold_q=0.4,buy_top=10,hold_top=20,rebalance=20d,min_hold=5d,turnover_penalty=0.01,target_vol=0.18",-0.0013123746384734458,1000000.0,1281256.5814199988,1181153.6332639346,0.18115363326393474,-0.004859049211938915,1169714.2771256363,0.16971427712563636,11439.356138298288,0.011439356138298384
2019-10-31,0.0,0.3344098893834249,1746.604192069345,0.0,0.0,0.0,991604.8490889532,331602.4678959046,660002.3811930486,-8395.150911046774,-0.0083951509110468,2,"mom20@q0.6,hold_q=0.4,buy_top=10,hold_top=20,rebalance=20d,min_hold=5d,turnover_penalty=0.01,target_vol=0.18",0.0017644993119709795,1000000.0,1281256.5814199988,1183237.7780371609,0.1832377780371608,-0.0011513069132382814,1168367.576991868,0.168367576991868,14870.201045292895,0.014870201045292797
2019-11-01,0.0,0.3344098893834249,4126.454916339446,0.0,0.0,0.0,995731.3040052928,332982.3952280234,662748.9087772693,-4268.69599470729,-0.0042686959947072,2,"mom20@q0.6,hold_q=0.4,buy_top=10,hold_top=20,rebalance=20d,min_hold=5d,turnover_penalty=0.01,target_vol=0.18",0.004161390416889121,1000000.0,1281256.5814199988,1188161.6923875858,0.18816169238758573,0.016888145622949713,1188099.1387732397,0.18809913877323958,62.553614346077666,6.255361434615025e-05
2019-11-04,0.0,0.3344098893834249,4720.521437871792,0.0,0.0,0.0,1000451.8254431644,334560.9842798941,665890.8411632703,451.8254431644455,0.0004518254431644,2,"mom20@q0.6,hold_q=0.4,buy_top=10,hold_top=20,rebalance=20d,min_hold=5d,turnover_penalty=0.01,target_vol=0.18",0.004740758293812375,1000000.0,1281256.5814199988,1193794.4797851623,0.1937944797851623,0.00650998509762446,1195833.6464611539,0.19583364646115387,-2039.1666759916116,-0.002039166675991577
2019-11-05,0.0,0.3344098893834249,5683.106074064068,0.0,0.0,0.0,1006134.9315172284,336461.47115347616,669673.4603637523,6134.931517228484,0.0061349315172285,2,"mom20@q0.6,hold_q=0.4,buy_top=10,hold_top=20,rebalance=20d,min_hold=5d,turnover_penalty=0.01,target_vol=0.18",0.005680539461804246,1000000.0,1281256.5814199988,1200575.876436866,0.20057587643686592,0.006206449277548209,1203255.5273323006,0.20325552733230046,-2679.6508954346646,-0.0026796508954345377
2019-11-06,0.0,0.2897778826435261,-3260.9031061802634,0.0,0.0,0.0,1002874.0284110482,290610.71251113707,712263.3158999111,2874.028411048232,0.0028740284110482,2,"mom20@q0.6,hold_q=0.4,buy_top=10,hold_top=20,rebalance=20d,min_hold=5d,turnover_penalty=0.01,target_vol=0.18",-0.0032410196724437235,1000000.0,1281256.5814199988,1196684.7864030728,0.19668478640307274,-0.0044793532543387915,1197865.7207701432,0.1978657207701433,-1180.9343670704402,-0.001180934367070563
2019-11-07,-15857.37928156821,0.3495311306363172,-420.81500576400725,254200.0669561541,239078.8257032618,317.75008369519264,1002453.2134052842,350388.6050915584,652064.6083137258,2453.213405284216,0.0024532134052841,2,"mom20@q0.6,hold_q=0.4,buy_top=10,hold_top=20,rebalance=20d,min_hold=5d,turnover_penalty=0.01,target_vol=0.18",-0.0004196090374688488,1000000.0,1281256.5814199988,1196182.6466516964,0.1961826466516965,0.0017566400995763232,1199969.9397291562,0.1999699397291561,-3787.2930774597917,-0.003787293077459619
2019-11-08,44553.90072810392,0.3048991238964185,-2135.111261246104,0.0,44632.006739898745,0.0,1000318.1021440382,304996.1129614453,695321.9891825928,318.10214403818827,0.0003181021440381,2,"mom20@q0.6,hold_q=0.4,buy_top=10,hold_top=20,rebalance=20d,min_hold=5d,turnover_penalty=0.01,target_vol=0.18",-0.0021298861958786164,1000000.0,1281256.5814199988,1193634.9137448433,0.19363491374484343,-0.0047270960048898525,1194297.5666210745,0.19429756662107445,-662.6528762311209,-0.000662652876231018
2019-11-11,0.0,0.3048991238964185,-7241.378973892786,0.0,0.0,0.0,993076.7231701452,302788.22285650345,690288.5003136419,-6923.276829854702,-0.0069232768298547,2,"mom20@q0.6,hold_q=0.4,buy_top=10,hold_top=20,rebalance=20d,min_hold=5d,turnover_penalty=0.01,target_vol=0.18",-0.007239076208230277,1000000.0,1281256.5814199988,1184994.0996394402,0.18499409963944013,-0.017626434365883847,1173246.3589496934,0.1732463589496933,11747.740689746803,0.011747740689746822
2019-11-12,0.0,0.3048991238964185,-779.0038125124074,0.0,0.0,0.0,992297.7193576328,302550.70527655643,689747.0140810765,-7702.2806423670845,-0.0077022806423671,2,"mom20@q0.6,hold_q=0.4,buy_top=10,hold_top=20,rebalance=20d,min_hold=5d,turnover_penalty=0.01,target_vol=0.18",-0.000784434670893952,1000000.0,1281256.5814199988,1184064.5491828783,0.1840645491828783,0.00018191228240982404,1173459.786872679,0.17345978687267882,10604.76231019944,0.010604762310199467
2019-11-13,0.0,0.3048991238964185,3384.6976818915764,0.0,0.0,0.0,995682.4170395244,303582.69663441944,692099.720405105,-4317.582960475469,-0.0043175829604754,2,"mom20@q0.6,hold_q=0.4,buy_top=10,hold_top=20,rebalance=20d,min_hold=5d,turnover_penalty=0.01,target_vol=0.18",0.0034109699295516993,1000000.0,1281256.5814199988,1188103.3577547893,0.18810335775478926,-0.0009503828428999439,1172344.550824402,0.17234455082440192,15758.806930387393,0.015758806930387337
2019-11-14,0.0,0.3048991238964185,6197.965733536336,0.0,0.0,0.0,1001880.3827730608,305472.4509565146,696407.9318165462,1880.3827730608173,0.0018803827730609,2,"mom20@q0.6,hold_q=0.4,buy_top=10,hold_top=20,rebalance=20d,min_hold=5d,turnover_penalty=0.01,target_vol=0.18",0.006224842005310149,1000000.0,1281256.5814199988,1195499.1134427912,0.19549911344279125,0.001507700039487414,1174112.0947499727,0.17411209474997258,21387.01869281847,0.02138701869281867
2019-11-15,0.0,0.3048991238964185,-5815.263656320974,0.0,0.0,0.0,996065.1191167398,303699.3821624757,692365.7369542641,-3934.880883260165,-0.0039348808832602,2,"mom20@q0.6,hold_q=0.4,buy_top=10,hold_top=20,rebalance=20d,min_hold=5d,turnover_penalty=0.01,target_vol=0.18",-0.005804349257967467,1000000.0,1281256.5814199988,1188560.0190507788,0.1885600190507788,-0.007365855407003852,1165463.75482843,0.16546375482843012,23096.264222348807,0.023096264222348672
2019-11-18,0.0,0.3048991238964185,2478.801612905462,0.0,0.0,0.0,998543.9207296452,304455.1666025636,694088.7541270817,-1456.079270354705,-0.0014560792703547,2,"mom20@q0.6,hold_q=0.4,buy_top=10,hold_top=20,rebalance=20d,min_hold=5d,turnover_penalty=0.01,target_vol=0.18",0.002488593933600791,1000000.0,1281256.5814199988,1191517.8623039091,0.1915178623039091,0.007954419422814496,1174734.3423564236,0.1747343423564236,16783.519947485533,0.016783519947485503
2019-11-19,0.0,0.3048991238964185,14960.102366550542,0.0,0.0,0.0,1013504.023096196,309016.4887075256,704487.5343886702,13504.023096195888,0.0135040230961958,2,"mom20@q0.6,hold_q=0.4,buy_top=10,hold_top=20,rebalance=20d,min_hold=5d,turnover_penalty=0.01,target_vol=0.18",0.01498191722565334,1000000.0,1281256.5814199988,1209369.0842898337,0.2093690842898337,0.010007855821368317,1186490.9142831366,0.18649091428313658,22878.170006697066,0.02287817000669712
2019-11-20,0.0,0.3048991238964185,384.7470130242396,0.0,0.0,0.0,1013888.7701092202,309133.7977347185,704754.9723745016,13888.770109220177,0.01388877010922,2,"mom20@q0.6,hold_q=0.4,buy_top=10,hold_top=20,rebalance=20d,min_hold=5d,turnover_penalty=0.01,target_vol=0.18",0.0003796206075716846,1000000.0,1281256.5814199988,1209828.1857163901,0.20982818571639017,-0.009926425878633016,1174713.3001668334,0.1747133001668335,35114.8855495567,0.03511488554955666
2019-11-21,0.0,0.3048991238964185,-102.9509848884245,0.0,0.0,0.0,1013785.8191243316,309102.4080696217,704683.4110547099,13785.819124331698,0.0137858191243316,2,"mom20@q0.6,hold_q=0.4,buy_top=10,hold_top=20,rebalance=20d,min_hold=5d,turnover_penalty=0.01,target_vol=0.18",-0.00010154070932011372,1000000.0,1281256.5814199988,1209705.3389042572,0.20970533890425713,-0.004672634127118269,1169224.294710894,0.16922429471089417,40481.04419336305,0.04048104419336296
2019-11-22,0.0,0.3048991238964185,-3859.38310717388,0.0,0.0,0.0,1009926.436017158,307925.6855414638,702000.7504756941,9926.43601715786,0.0099264360171578,2,"mom20@q0.6,hold_q=0.4,buy_top=10,hold_top=20,rebalance=20d,min_hold=5d,turnover_penalty=0.01,target_vol=0.18",-0.0038069018468883664,1000000.0,1281256.5814199988,1205100.1094153917,0.2051001094153917,-0.010180995475113086,1157320.4274570504,0.15732042745705033,47779.68195834127,0.04777968195834137
2019-11-25,0.0,0.3048991238964185,-2785.80590816884,0.0,0.0,0.0,1007140.630108989,307076.2957607176,700064.3343482714,7140.63010898896,0.0071406301089889,2,"mom20@q0.6,hold_q=0.4,buy_top=10,hold_top=20,rebalance=20d,min_hold=5d,turnover_penalty=0.01,target_vol=0.18",-0.002758424583037322,1000000.0,1281256.5814199988,1201775.9316485592,0.20177593164855923,0.007327272727272627,1165800.4298618718,0.16580042986187182,35975.50178668741,0.0359755017866874
2019-11-26,0.0,0.3048991238964185,8168.035577851953,0.0,0.0,0.0,1015308.6656868408,309566.72265235946,705741.9430344815,15308.66568684089,0.0153086656868408,2,"mom20@q0.6,hold_q=0.4,buy_top=10,hold_top=20,rebalance=20d,min_hold=5d,turnover_penalty=0.01,target_vol=0.18",0.008110124180937817,1000000.0,1281256.5814199988,1211522.4836918912,0.2115224836918912,0.0034655163077812468,1169840.5302631764,0.16984053026317647,41681.95342871477,0.041681953428714724
2019-11-27,0.0,0.3048991238964185,7439.864074203568,0.0,0.0,0.0,1022748.5297610444,311835.1306904926,710913.399070552,22748.52976104454,0.0227485297610445,2,"mom20@q0.6,hold_q=0.4,buy_top=10,hold_top=20,rebalance=20d,min_hold=5d,turnover_penalty=0.01,target_vol=0.18",0.007327686964210711,1000000.0,1281256.5814199988,1220400.1412024884,0.22040014120248852,-0.00411907545642598,1165021.868847037,0.16502186884703707,55378.27235545148,0.05537827235545145
2019-11-28,0.0,0.3048991238964185,-513.021145189204,0.0,0.0,0.0,1022235.5086158552,311678.710992784,710556.7976230712,22235.508615855244,0.0222355086158552,2,"mom20@q0.6,hold_q=0.4,buy_top=10,hold_top=20,rebalance=20d,min_hold=5d,turnover_penalty=0.01,target_vol=0.18",-0.0005016102495000174,1000000.0,1281256.5814199988,1219787.97598317,0.21978797598317001,-0.003436869455725744,1161017.840770744,0.1610178407707441,58770.135212426074,0.05877013521242591
2019-11-29,0.0,0.3048991238964185,-766.6384113367706,0.0,0.0,0.0,1021468.8702045184,311444.9636128221,710023.9065916964,21468.87020451855,0.0214688702045184,2,"mom20@q0.6,hold_q=0.4,buy_top=10,hold_top=20,rebalance=20d,min_hold=5d,turnover_penalty=0.01,target_vol=0.18",-0.0007499626112331681,1000000.0,1281256.5814199988,1218873.1806075508,0.2188731806075508,-0.008707246977189831,1150908.5716862294,0.1509085716862295,67964.60892132134,0.06796460892132128
2019-12-02,0.0,0.3048991238964185,2847.2456758988674,0.0,0.0,0.0,1024316.1158804174,312313.0863249215,712003.0295554958,24316.115880417405,0.0243161158804174,2,"mom20@q0.6,hold_q=0.4,buy_top=10,hold_top=20,rebalance=20d,min_hold=5d,turnover_penalty=0.01,target_vol=0.18",0.0027874032767429835,1000000.0,1281256.5814199988,1222270.6717051105,0.2222706717051104,0.00193017418581376,1153130.02570153,0.15313002570153,69140.64600358042,0.06914064600358039
2019-12-03,0.0,0.3048991238964185,4842.70717896838,0.0,0.0,0.0,1029158.8230593858,313789.6235010759,715369.1995583099,29158.82305938576,0.0291588230593857,2,"mom20@q0.6,hold_q=0.4,buy_top=10,hold_top=20,rebalance=20d,min_hold=5d,turnover_penalty=0.01,target_vol=0.18",0.0047277467413524565,1000000.0,1281256.5814199988,1228049.2578903148,0.22804925789031483,0.003918082616017449,1157648.084409239,0.15764808440923894,70401.17348107579,0.07040117348107588
2019-12-04,0.0,0.3048991238964185,1012.7195707459884,0.0,0.0,0.0,1030171.5426301316,314098.4008109491,716073.1418191826,30171.542630131706,0.0301715426301316,2,"mom20@q0.6,hold_q=0.4,buy_top=10,hold_top=20,rebalance=20d,min_hold=5d,turnover_penalty=0.01,target_vol=0.18",0.0009840265156890737,1000000.0,1281256.5814199988,1229257.6909226512,0.22925769092265114,-0.00032977676450041127,1157266.3189695324,0.15726631896953247,71991.37195311883,0.07199137195311867
2019-12-05,20074.671986684705,0.2842289910277902,5866.358148917308,186429.38314116007,207099.51600978835,233.03672892645008,1036037.900779049,294472.0072049789,741565.8935740702,36037.90077904903,0.036037900779049,2,"mom20@q0.6,hold_q=0.4,buy_top=10,hold_top=20,rebalance=20d,min_hold=5d,turnover_penalty=0.01,target_vol=0.18",0.005694544943398494,1000000.0,1281256.5814199988,1236257.7540906284,0.23625775409062832,0.007673086014410968,1166146.1229765664,0.1661461229765664,70111.63111406192,0.07011163111406193
2019-12-06,0.0,0.2842289910277902,2400.467581142654,0.0,0.0,0.0,1038438.3683601916,295154.289683562,743284.0786766297,38438.3683601917,0.0384383683601916,2,"mom20@q0.6,hold_q=0.4,buy_top=10,hold_top=20,rebalance=20d,min_hold=5d,turnover_penalty=0.01,target_vol=0.18",0.0023169688863096116,1000000.0,1281256.5814199988,1239122.1248423152,0.2391221248423152,0.0059365462344302955,1173069.0033517184,0.17306900335171838,66053.1214905968,0.06605312149059683
2019-12-09,0.0,0.2842289910277902,56.860915414538816,0.0,0.0,0.0,1038495.2292756062,295170.4512041792,743324.778071427,38495.22927560622,0.0384952292756062,2,"mom20@q0.6,hold_q=0.4,buy_top=10,hold_top=20,rebalance=20d,min_hold=5d,turnover_penalty=0.01,target_vol=0.18",5.4756177301440445e-05,1000000.0,1281256.5814199988,1239189.9744330812,0.2391899744330812,-0.001778397341116622,1170982.8205552113,0.1709828205552113,68207.15387786995,0.06820715387786991
2019-12-10,0.0,0.2842289910277902,5434.821576738346,0.0,0.0,0.0,1043930.0508523446,296715.1850573516,747214.865794993,43930.05085234461,0.0439300508523445,2,"mom20@q0.6,hold_q=0.4,buy_top=10,hold_top=20,rebalance=20d,min_hold=5d,turnover_penalty=0.01,target_vol=0.18",0.005233362102712302,1000000.0,1281256.5814199988,1245675.1042833403,0.24567510428334027,0.0012655790730211613,1172464.7919077734,0.1724647919077733,73210.31237556692,0.07321031237556697
2019-12-11,0.0,0.2842289910277902,-4607.0359758619015,0.0,0.0,0.0,1039323.0148764828,295405.7318703036,743917.283006179,39323.01487648266,0.0393230148764827,2,"mom20@q0.6,hold_q=0.4,buy_top=10,hold_top=20,rebalance=20d,min_hold=5d,turnover_penalty=0.01,target_vol=0.18",-0.0044131653956127614,1000000.0,1281256.5814199988,1240177.7340189407,0.2401777340189406,0.0006076331024156278,1173177.2203267533,0.17317722032675342,67000.51369218738,0.06700051369218718
2019-12-12,0.0,0.2842289910277902,2013.315288036421,0.0,0.0,0.0,1041336.3301645193,295977.97444324306,745358.355721276,41336.33016451914,0.0413363301645191,2,"mom20@q0.6,hold_q=0.4,buy_top=10,hold_top=20,rebalance=20d,min_hold=5d,turnover_penalty=0.01,target_vol=0.18",0.001937141061266523,1000000.0,1281256.5814199988,1242580.1332307772,0.24258013323077732,-0.0030055729934020947,1169651.1505568647,0.16965115055686475,72928.98267391254,0.07292898267391257
2019-12-13,0.0,0.2842289910277902,7427.29262359403,0.0,0.0,0.0,1048763.622788113,298089.02633171534,750674.5964563978,48763.62278811308,0.0487636227881129,2,"mom20@q0.6,hold_q=0.4,buy_top=10,hold_top=20,rebalance=20d,min_hold=5d,turnover_penalty=0.01,target_vol=0.18",0.0071324627869464585,1000000.0,1281256.5814199988,1251442.7897908448,0.25144278979084467,0.01984055594676959,1192857.6796476918,0.19285767964769174,58585.110143153,0.05858511014315293
2019-12-16,0.0,0.2842289910277902,5982.475064946801,0.0,0.0,0.0,1054746.09785306,299789.4191832741,754956.6786697858,54746.09785305988,0.0547460978530598,2,"mom20@q0.6,hold_q=0.4,buy_top=10,hold_top=20,rebalance=20d,min_hold=5d,turnover_penalty=0.01,target_vol=0.18",0.005704312139510392,1000000.0,1281256.5814199988,1258581.4100885515,0.2585814100885515,0.00487120169748656,1198668.3300016513,0.1986683300016514,59913.080086900154,0.059913080086900106
2019-12-17,0.0,0.2842289910277902,8874.326224339351,0.0,0.0,0.0,1063620.4240773993,302311.7599720695,761308.6641053298,63620.42407739931,0.0636204240773992,2,"mom20@q0.6,hold_q=0.4,buy_top=10,hold_top=20,rebalance=20d,min_hold=5d,turnover_penalty=0.01,target_vol=0.18",0.008413708514686924,1000000.0,1281256.5814199988,1269170.7472150403,0.2691707472150402,0.013604845080312566,1214976.026934001,0.21497602693400086,54194.720281039365,0.05419472028103933
2019-12-18,0.0,0.2842289910277902,-667.3861881610744,0.0,0.0,0.0,1062953.0378892382,302122.06946918264,760830.9684200556,62953.03788923821,0.0629530378892382,2,"mom20@q0.6,hold_q=0.4,buy_top=10,hold_top=20,rebalance=20d,min_hold=5d,turnover_penalty=0.01,target_vol=0.18",-0.000627466503137164,1000000.0,1281256.5814199988,1268374.3850844011,0.26837438508440115,-0.002231678954921046,1212264.5905039585,0.21226459050395863,56109.7945804426,0.05610979458044252
2019-12-19,0.0,0.2842289910277902,-410.8422641783991,0.0,0.0,0.0,1062542.1956250598,302005.2961869636,760536.8994380962,62542.19562505977,0.0625421956250598,2,"mom20@q0.6,hold_q=0.4,buy_top=10,hold_top=20,rebalance=20d,min_hold=5d,turnover_penalty=0.01,target_vol=0.18",-0.00038651026859504167,1000000.0,1281256.5814199988,1267884.1453601432,0.26788414536014327,-0.0013960592940850391,1210572.1972554955,0.21057219725549547,57311.94810464769,0.05731194810464779
2019-12-20,0.0,0.2842289910277902,-5844.040008855636,0.0,0.0,0.0,1056698.1556162045,300344.25059172057,756353.9050244837,56698.155616204254,0.0566981556162042,2,"mom20@q0.6,hold_q=0.4,buy_top=10,hold_top=20,rebalance=20d,min_hold=5d,turnover_penalty=0.01,target_vol=0.18",-0.005500054522933451,1000000.0,1281256.5814199988,1260910.7134318992,0.2609107134318993,-0.002458314192418931,1207596.2304420345,0.20759623044203446,53314.48298986466,0.05331448298986485
2019-12-23,0.0,0.2842289910277902,-3698.5380961446695,0.0,0.0,0.0,1052999.6175200597,299293.0188403755,753706.598679684,52999.61752005946,0.0529996175200595,2,"mom20@q0.6,hold_q=0.4,buy_top=10,hold_top=20,rebalance=20d,min_hold=5d,turnover_penalty=0.01,target_vol=0.18",-0.0035000894782371006,1000000.0,1281256.5814199988,1256497.4131108199,0.25649741311081997,-0.012483664198145505,1192521.0046142498,0.1925210046142498,63976.408496570075,0.06397640849657016
2019-12-24,0.0,0.2842289910277902,20435.95980352444,0.0,0.0,0.0,1073435.577323584,305101.5110760157,768334.0662475682,73435.57732358389,0.0734355773235839,2,"mom20@q0.6,hold_q=0.4,buy_top=10,hold_top=20,rebalance=20d,min_hold=5d,turnover_penalty=0.01,target_vol=0.18",0.019407376283434363,1000000.0,1281256.5814199988,1280882.7312062234,0.2808827312062234,0.0065186156134204865,1200294.5906542602,0.20029459065426014,80588.14055196312,0.08058814055196328
2019-12-25,0.0,0.2842289910277902,9075.337650412965,0.0,0.0,0.0,1082510.914973997,307680.9851396292,774829.9298343679,82510.91497399705,0.0825109149739971,2,"mom20@q0.6,hold_q=0.4,buy_top=10,hold_top=20,rebalance=20d,min_hold=5d,turnover_penalty=0.01,target_vol=0.18",0.008454478165369705,1000000.0,1281256.5814199988,1291711.9262896054,0.2917119262896055,-0.0005234212213496292,1199666.3309936407,0.19966633099364062,92045.59529596474,0.0920455952959649
2019-12-26,0.0,0.2842289910277902,496.6916950681567,0.0,0.0,0.0,1083007.606669065,307822.1593189702,775185.4473500948,83007.60666906508,0.083007606669065,2,"mom20@q0.6,hold_q=0.4,buy_top=10,hold_top=20,rebalance=20d,min_hold=5d,turnover_penalty=0.01,target_vol=0.18",0.0004588329671300073,1000000.0,1281256.5814199988,1292304.6063054223,0.2923046063054222,0.008800086196744106,1210223.4981137163,0.21022349811371632,82081.10819170601,0.08208110819170589
2019-12-27,0.0,0.2842289910277902,-3154.511388651189,0.0,0.0,0.0,1079853.095280414,306925.55572978826,772927.5395506257,79853.09528041398,0.0798530952804139,2,"mom20@q0.6,hold_q=0.4,buy_top=10,hold_top=20,rebalance=20d,min_hold=5d,turnover_penalty=0.01,target_vol=0.18",-0.0029127324399439436,1000000.0,1281256.5814199988,1288540.4687563472,0.2885404687563471,-0.0009836090005189702,1209033.1113883322,0.20903311138833214,79507.35736801499,0.07950735736801495
2019-12-30,0.0,0.2842289910277902,3681.430807698543,0.0,0.0,0.0,1083534.5260881125,307971.925093799,775562.6009943135,83534.5260881125,0.0835345260881124,2,"mom20@q0.6,hold_q=0.4,buy_top=10,hold_top=20,rebalance=20d,min_hold=5d,turnover_penalty=0.01,target_vol=0.18",0.0034091959580322406,1000000.0,1281256.5814199988,1292933.3557141924,0.29293335571419243,0.01481838772957933,1226949.0328107842,0.22694903281078416,65984.3229034082,0.06598432290340828
2019-12-31,0.0,0.2536652075766878,491.8315737022365,0.0,0.0,0.0,1084026.357661815,274979.7710348851,809046.5866269296,84026.35766181466,0.0840263576618147,2,"mom20@q0.6,hold_q=0.4,buy_top=10,hold_top=20,rebalance=20d,min_hold=5d,turnover_penalty=0.01,target_vol=0.18",0.0004539140764421301,1000000.0,1281256.5814199988,1293520.2363642526,0.2935202363642526,0.0036627523807890583,1231443.0433018187,0.23144304330181864,62077.19306243397,0.06207719306243398
2020-01-02,0.0,0.2842289910277902,9737.004070670671,0.0,0.0,0.0,1093763.3617324852,310879.2567283882,782884.1050040971,93763.36173248524,0.0937633617324853,2,"mom20@q0.6,hold_q=0.4,buy_top=10,hold_top=20,rebalance=20d,min_hold=5d,turnover_penalty=0.01,target_vol=0.18",0.008982257674686522,1000000.0,1281256.5814199988,1305138.9684346977,0.3051389684346977,0.013586943255105455,1248174.5900530547,0.24817459005305476,56964.37838164298,0.05696437838164292
2020-01-03,37288.86735316317,0.2465587348514452,5683.854357849326,105155.29162438615,142825.54780073112,131.44411453048272,1099447.2160903346,271078.31463517644,828368.9014551581,99447.21609033458,0.0994472160903345,2,"mom20@q0.6,hold_q=0.4,buy_top=10,hold_top=20,rebalance=20d,min_hold=5d,turnover_penalty=0.01,target_vol=0.18",0.005196603357463303,1000000.0,1281256.5814199988,1311921.2579800216,0.3119212579800217,-0.0017508621852300177,1245989.2083627658,0.24598920836276594,65932.0496172558,0.06593204961725574
2020-01-06,0.0,0.2465587348514452,7123.158796755038,0.0,0.0,0.0,1106570.3748870897,272834.5916562503,833735.7832308394,106570.37488708973,0.1065703748870896,2,"mom20@q0.6,hold_q=0.4,buy_top=10,hold_top=20,rebalance=20d,min_hold=5d,turnover_penalty=0.01,target_vol=0.18",0.006478854730366468,1000000.0,1281256.5814199988,1320421.005228154,0.320421005228154,-0.0037804857453733742,1241278.7639216613,0.24127876392166137,79142.2413064926,0.07914224130649261
2020-01-07,0.0,0.2465587348514452,-3912.720354990901,0.0,0.0,0.0,1102657.654532099,271869.87627569627,830787.7782564026,102657.65453209892,0.1026576545320989,2,"mom20@q0.6,hold_q=0.4,buy_top=10,hold_top=20,rebalance=20d,min_hold=5d,turnover_penalty=0.01,target_vol=0.18",-0.0035358983430132662,1000000.0,1281256.5814199988,1315752.1307836878,0.3157521307836879,0.007490373671082073,1250576.4056934135,0.25057640569341344,65175.725090274354,0.06517572509027447
2020-01-08,0.0,0.2465587348514452,2725.205532291565,0.0,0.0,0.0,1105382.8600643903,272541.79950394825,832841.060560442,105382.86006439036,0.1053828600643902,2,"mom20@q0.6,hold_q=0.4,buy_top=10,hold_top=20,rebalance=20d,min_hold=5d,turnover_penalty=0.01,target_vol=0.18",0.0024714883364662654,1000000.0,1281256.5814199988,1319003.9968286005,0.3190039968286005,-0.011516190210637323,1236174.529932513,0.23617452993251287,82829.46689608763,0.08282946689608761
2020-01-09,0.0,0.2465587348514452,3170.172956118812,0.0,0.0,0.0,1108553.0330205092,273323.4333372692,835229.59968324,108553.03302050916,0.1085530330205091,2,"mom20@q0.6,hold_q=0.4,buy_top=10,hold_top=20,rebalance=20d,min_hold=5d,turnover_penalty=0.01,target_vol=0.18",0.0028679411185497106,1000000.0,1281256.5814199988,1322786.8226266366,0.3227868226266366,0.012657088942494843,1251820.9009063155,0.2518209009063155,70965.92172032106,0.07096592172032112
2020-01-10,0.0,0.2465587348514452,1180.5595551317583,0.0,0.0,0.0,1109733.5925756409,273614.5106075992,836119.0819680416,109733.59257564088,0.1097335925756408,2,"mom20@q0.6,hold_q=0.4,buy_top=10,hold_top=20,rebalance=20d,min_hold=5d,turnover_penalty=0.01,target_vol=0.18",0.0010649554148212115,1000000.0,1281256.5814199988,1324195.531616047,0.324195531616047,-0.00028335618592978395,1251466.1897103675,0.2514661897103674,72729.34190567955,0.07272934190567959
2020-01-13,0.0,0.2465587348514452,12497.769894851584,0.0,0.0,0.0,1122231.3624704925,276695.9449413383,845535.4175291541,122231.36247049247,0.1222313624704924,2,"mom20@q0.6,hold_q=0.4,buy_top=10,hold_top=20,rebalance=20d,min_hold=5d,turnover_penalty=0.01,target_vol=0.18",0.011261955102075394,1000000.0,1281256.5814199988,1339108.5622394758,0.33910856223947583,0.00980017726791238,1263730.7802143279,0.26373078021432783,75377.78202514793,0.075377782025148
2020-01-14,0.0,0.2465587348514452,655.1491625545134,0.0,0.0,0.0,1122886.5116330471,276857.4776899968,846029.0339430503,122886.51163304714,0.122886511633047,2,"mom20@q0.6,hold_q=0.4,buy_top=10,hold_top=20,rebalance=20d,min_hold=5d,turnover_penalty=0.01,target_vol=0.18",0.000583791528613542,1000000.0,1281256.5814199988,1339890.3224740052,0.3398903224740051,-0.0033539565983742303,1259492.2820254592,0.25949228202545926,80398.04044854594,0.08039804044854582
2020-01-15,0.0,0.2465587348514452,-1815.08326536235,0.0,0.0,0.0,1121071.4283676846,276409.95305643894,844661.4753112457,121071.4283676846,0.1210714283676845,2,"mom20@q0.6,hold_q=0.4,buy_top=10,hold_top=20,rebalance=20d,min_hold=5d,turnover_penalty=0.01,target_vol=0.18",-0.0016164440899043564,1000000.0,1281256.5814199988,1337724.464681122,0.33772446468112194,-0.005527591416481292,1252530.3232982107,0.2525303232982108,85194.14138291124,0.08519414138291115
2020-01-16,0.0,0.2465587348514452,3195.618493186784,0.0,0.0,0.0,1124267.0468608716,277197.860709187,847069.1861516846,124267.0468608716,0.1242670468608715,2,"mom20@q0.6,hold_q=0.4,buy_top=10,hold_top=20,rebalance=20d,min_hold=5d,turnover_penalty=0.01,target_vol=0.18",0.0028505039128861043,1000000.0,1281256.5814199988,1341537.653502059,0.3415376535020589,-0.004245535467860773,1247212.6613860773,0.24721266138607723,94324.99211598164,0.09432499211598167
2020-01-17,0.0,0.2465587348514452,559.7202853895285,0.0,0.0,0.0,1124826.767146261,277335.8646346233,847490.9025116377,124826.76714626094,0.1248267671462608,2,"mom20@q0.6,hold_q=0.4,buy_top=10,hold_top=20,rebalance=20d,min_hold=5d,turnover_penalty=0.01,target_vol=0.18",0.0004978535010451424,1000000.0,1281256.5814199988,1342205.542719639,0.3422055427196389,0.0014003239303550519,1248959.163122058,0.248959163122058,93246.37959758099,0.09324637959758086
2020-01-20,0.0,0.2465587348514452,5369.073970235454,0.0,0.0,0.0,1130195.8411164964,278659.65672004834,851536.1843964481,130195.84111649636,0.1301958411164963,2,"mom20@q0.6,hold_q=0.4,buy_top=10,hold_top=20,rebalance=20d,min_hold=5d,turnover_penalty=0.01,target_vol=0.18",0.004773245202776444,1000000.0,1281256.5814199988,1348612.2188875654,0.34861221888756533,0.007456346197816988,1258271.8350292319,0.2582718350292319,90340.38385833357,0.09034038385833343
2020-01-21,0.0,0.2465587348514452,-6083.664993644603,0.0,0.0,0.0,1124112.176122852,277159.6759759554,846952.5001468966,124112.1761228519,0.1241121761228518,2,"mom20@q0.6,hold_q=0.4,buy_top=10,hold_top=20,rebalance=20d,min_hold=5d,turnover_penalty=0.01,target_vol=0.18",-0.005382841426521789,1000000.0,1281256.5814199988,1341352.853167424,0.3413528531674239,-0.01708621707044944,1236772.7293222896,0.23677272932228965,104580.1238451344,0.10458012384513427
2020-01-22,0.0,0.2465587348514452,17126.756176600655,0.0,0.0,0.0,1141238.9322994526,281382.42731096724,859856.5049884854,141238.9322994526,0.1412389322994525,2,"mom20@q0.6,hold_q=0.4,buy_top=10,hold_top=20,rebalance=20d,min_hold=5d,turnover_penalty=0.01,target_vol=0.18",0.01523580701320415,1000000.0,1281256.5814199988,1361789.4463748937,0.36178944637489363,0.004282613609572383,1242069.3490448333,0.24206934904483335,119720.09733006032,0.11972009733006028
2020-01-23,0.0,0.2465587348514452,-8607.778731548588,0.0,0.0,0.0,1132631.153567904,279260.1042770354,853371.0492908685,132631.1535679039,0.1326311535679039,2,"mom20@q0.6,hold_q=0.4,buy_top=10,hold_top=20,rebalance=20d,min_hold=5d,turnover_penalty=0.01,target_vol=0.18",-0.007542486054348929,1000000.0,1281256.5814199988,1351518.1684666516,0.3515181684666515,-0.030985520083834928,1203583.184284489,0.20358318428448885,147934.98418216268,0.14793498418216267
2020-02-03,0.0,0.2465587348514452,-25993.274285480707,0.0,0.0,0.0,1106637.8792824233,272851.23545456066,833786.6438278626,106637.8792824233,0.1066378792824231,2,"mom20@q0.6,hold_q=0.4,buy_top=10,hold_top=20,rebalance=20d,min_hold=5d,turnover_penalty=0.01,target_vol=0.18",-0.022949460822792256,1000000.0,1281256.5814199988,1320501.555208134,0.32050155520813406,-0.07880816204200902,1108731.0056663598,0.10873100566635974,211770.5495417742,0.21177054954177432
2020-02-04,0.0,0.2465587348514452,20212.002972025883,0.0,0.0,0.0,1126849.8822544492,277834.681336157,849015.2009182922,126849.88225444918,0.1268498822544492,2,"mom20@q0.6,hold_q=0.4,buy_top=10,hold_top=20,rebalance=20d,min_hold=5d,turnover_penalty=0.01,target_vol=0.18",0.018264333211810868,1000000.0,1281256.5814199988,1344619.63561917,0.34461963561917,0.02637486579401127,1137973.6371424692,0.13797363714246913,206645.99847670086,0.20664599847670084
2020-02-05,0.0,0.2465587348514452,9984.947389276802,0.0,0.0,0.0,1136834.829643726,280296.55733201536,856538.2723117105,136834.82964372588,0.1368348296437258,2,"mom20@q0.6,hold_q=0.4,buy_top=10,hold_top=20,rebalance=20d,min_hold=5d,turnover_penalty=0.01,target_vol=0.18",0.008860938396958673,1000000.0,1281256.5814199988,1356534.2273777325,0.35653422737773255,0.011329656280047784,1150866.487307049,0.1508664873070491,205667.74007068342,0.20566774007068345
2020-02-06,0.0,0.2465587348514452,5829.53893546527,0.0,0.0,0.0,1142664.3685791912,281733.8810767109,860930.4875024803,142664.36857919116,0.142664368579191,2,"mom20@q0.6,hold_q=0.4,buy_top=10,hold_top=20,rebalance=20d,min_hold=5d,turnover_penalty=0.01,target_vol=0.18",0.005127867992302804,1000000.0,1281256.5814199988,1363490.355822766,0.363490355822766,0.01861027600671794,1172284.4302827152,0.17228443028271534,191205.92554005072,0.19120592554005067
2020-02-07,0.0,0.2465587348514452,-1726.7016303706123,0.0,0.0,0.0,1140937.6669488207,281308.14770726085,859629.5192415598,140937.6669488207,0.1409376669488207,2,"mom20@q0.6,hold_q=0.4,buy_top=10,hold_top=20,rebalance=20d,min_hold=5d,turnover_penalty=0.01,target_vol=0.18",-0.0015111188183083435,1000000.0,1281256.5814199988,1361429.9598875004,0.3614299598875004,2.3078224925532353e-05,1172311.4845264743,0.17231148452647416,189118.47536102613,0.18911847536102622
2020-02-10,65417.20246891468,0.1807255610632335,803.3489449621094,100254.42172254782,166087.5955107595,125.31802715318476,1141741.0158937827,206341.78568631012,935399.2302074726,141741.01589378272,0.1417410158937826,2,"mom20@q0.6,hold_q=0.4,buy_top=10,hold_top=20,rebalance=20d,min_hold=5d,turnover_penalty=0.01,target_vol=0.18",0.0007041129136444724,1000000.0,1281256.5814199988,1362388.5603032797,0.3623885603032797,0.004138599491777972,1177163.212240541,0.17716321224054088,185225.34806273878,0.18522534806273883
2020-02-11,0.0,0.1807255610632335,1284.1606816705794,0.0,0.0,0.0,1143025.1765754533,206573.8663460004,936451.3102294528,143025.17657545325,0.1430251765754533,2,"mom20@q0.6,hold_q=0.4,buy_top=10,hold_top=20,rebalance=20d,min_hold=5d,turnover_penalty=0.01,target_vol=0.18",0.0011247390290740622,1000000.0,1281256.5814199988,1363920.8918898168,0.3639208918898169,0.009307943544577313,1188120.180962829,0.188120180962829,175800.71092698793,0.1758007109269879
2020-02-12,0.0,0.1807255610632335,8171.833338713891,0.0,0.0,0.0,1151197.0099141672,208050.7255110547,943146.2844031124,151197.00991416725,0.1511970099141673,2,"mom20@q0.6,hold_q=0.4,buy_top=10,hold_top=20,rebalance=20d,min_hold=5d,turnover_penalty=0.01,target_vol=0.18",0.007149303012902175,1000000.0,1281256.5814199988,1373671.9756315649,0.37367197563156496,0.008088633408054768,1197730.449551349,0.197730449551349,175941.52608021582,0.17594152608021596
2020-02-13,0.0,0.1807255610632335,-565.7003608273276,0.0,0.0,0.0,1150631.3095533398,207948.4889959505,942682.8205573892,150631.30955333984,0.1506313095533398,2,"mom20@q0.6,hold_q=0.4,buy_top=10,hold_top=20,rebalance=20d,min_hold=5d,turnover_penalty=0.01,target_vol=0.18",-0.0004914018677564247,1000000.0,1281256.5814199988,1372996.950657055,0.37299695065705496,-0.006151444497707215,1190362.67716772,0.19036267716771982,182634.2734893351,0.18263427348933514
2020-02-14,0.0,0.1807255610632335,-1030.9414549940016,0.0,0.0,0.0,1149600.3680983458,207762.17152307337,941838.1965752724,149600.36809834582,0.1496003680983457,2,"mom20@q0.6,hold_q=0.4,buy_top=10,hold_top=20,rebalance=20d,min_hold=5d,turnover_penalty=0.01,target_vol=0.18",-0.0008959789694877873,1000000.0,1281256.5814199988,1371766.7742640954,0.3717667742640953,0.007022869148871624,1198722.4384891696,0.19872243848916948,173044.33577492577,0.17304433577492584
2020-02-17,0.0,0.1807255610632335,10829.657146866326,0.0,0.0,0.0,1160430.0252452125,209719.36738706328,950710.6578581488,160430.02524521225,0.1604300252452122,2,"mom20@q0.6,hold_q=0.4,buy_top=10,hold_top=20,rebalance=20d,min_hold=5d,turnover_penalty=0.01,target_vol=0.18",0.009420366805188873,1000000.0,1281256.5814199988,1384689.3204488338,0.38468932044883375,0.022491492653715195,1225683.4954082922,0.22568349540829225,159005.8250405416,0.1590058250405415
2020-02-18,0.0,0.1807255610632335,6878.032847047795,0.0,0.0,0.0,1167308.05809226,210962.4037323573,956345.6543599028,167308.05809226003,0.1673080580922601,2,"mom20@q0.6,hold_q=0.4,buy_top=10,hold_top=20,rebalance=20d,min_hold=5d,turnover_penalty=0.01,target_vol=0.18",0.005927141402252367,1000000.0,1281256.5814199988,1392896.5698493228,0.39289656984932275,-0.004882989733704157,1219698.495483443,0.2196984954834429,173198.07436587987,0.17319807436587986
2020-02-19,0.0,0.1807255610632335,-3107.2586674768577,0.0,0.0,0.0,1164200.799424783,210400.84266630895,953799.956758474,164200.7994247831,0.1642007994247831,2,"mom20@q0.6,hold_q=0.4,buy_top=10,hold_top=20,rebalance=20d,min_hold=5d,turnover_penalty=0.01,target_vol=0.18",-0.002661901154486279,1000000.0,1281256.5814199988,1389188.8168619608,0.38918881686196083,-0.0015280307380635128,1217834.7586911744,0.2178347586911744,171354.05817078636,0.17135405817078642
2020-02-20,0.0,0.1807255610632335,3844.5878074366815,0.0,0.0,0.0,1168045.3872322198,211095.65795486484,956949.7292773548,168045.3872322198,0.1680453872322198,2,"mom20@q0.6,hold_q=0.4,buy_top=10,hold_top=20,rebalance=20d,min_hold=5d,turnover_penalty=0.01,target_vol=0.18",0.0033023408069605686,1000000.0,1281256.5814199988,1393776.3917804572,0.3937763917804573,0.023041929647447335,1245896.0215231525,0.24589602152315249,147880.37025730475,0.14788037025730483
2020-02-21,0.0,0.1807255610632335,2398.169036686569,0.0,0.0,0.0,1170443.5562689065,211529.0683995445,958914.487869362,170443.55626890645,0.1704435562689064,2,"mom20@q0.6,hold_q=0.4,buy_top=10,hold_top=20,rebalance=20d,min_hold=5d,turnover_penalty=0.01,target_vol=0.18",0.0020531471318672168,1000000.0,1281256.5814199988,1396638.0197817057,0.39663801978170565,0.0011653549386438922,1247347.9326048712,0.2473479326048713,149290.08717683447,0.14929008717683434
2020-02-24,0.0,0.1807255610632335,4932.1977932680165,0.0,0.0,0.0,1175375.7540621744,212420.44261300768,962955.3114491666,175375.75406217435,0.1753757540621743,2,"mom20@q0.6,hold_q=0.4,buy_top=10,hold_top=20,rebalance=20d,min_hold=5d,turnover_penalty=0.01,target_vol=0.18",0.004213956125309171,1000000.0,1281256.5814199988,1402523.3911200042,0.4025233911200041,-0.004012541300256078,1242342.8975095053,0.24234289750950522,160180.49361049896,0.1601804936104989
2020-02-25,0.0,0.1807255610632335,10711.155888187232,0.0,0.0,0.0,1186086.9099503616,214356.2222705361,971730.6876798256,186086.9099503616,0.1860869099503614,2,"mom20@q0.6,hold_q=0.4,buy_top=10,hold_top=20,rebalance=20d,min_hold=5d,turnover_penalty=0.01,target_vol=0.18",0.009112963110876393,1000000.0,1281256.5814199988,1415304.5350454224,0.4153045350454223,-0.002175259627761994,1239640.4791607158,0.23964047916071585,175664.05588470655,0.17566405588470646
2020-02-26,0.0,0.1807255610632335,-14004.236646335952,0.0,0.0,0.0,1172082.6733040258,211825.29874536477,960257.374558661,172082.67330402578,0.1720826733040257,2,"mom20@q0.6,hold_q=0.4,buy_top=10,hold_top=20,rebalance=20d,min_hold=5d,turnover_penalty=0.01,target_vol=0.18",-0.011807091477741616,1000000.0,1281256.5814199988,1398593.9049312784,0.39859390493127833,-0.012325860542939382,1224360.8434911983,0.22436084349119834,174233.06144008017,0.17423306144008
2020-02-27,0.0,0.1807255610632335,-6699.489561168516,0.0,0.0,0.0,1165383.183742857,210614.52973558527,954768.654007272,165383.18374285707,0.165383183742857,2,"mom20@q0.6,hold_q=0.4,buy_top=10,hold_top=20,rebalance=20d,min_hold=5d,turnover_penalty=0.01,target_vol=0.18",-0.005715884820891803,1000000.0,1281256.5814199988,1390599.70325949,0.3905997032594899,0.0029118442826208124,1227925.9916131832,0.22792599161318328,162673.7116463068,0.16267371164630662
2020-02-28,0.0,0.1807255610632335,-13505.642826749696,0.0,0.0,0.0,1151877.5409161076,208173.71485820133,943703.8260579064,151877.5409161076,0.1518775409161075,2,"mom20@q0.6,hold_q=0.4,buy_top=10,hold_top=20,rebalance=20d,min_hold=5d,turnover_penalty=0.01,target_vol=0.18",-0.011589014682169552,1000000.0,1281256.5814199988,1374484.022881395,0.37448402288139504,-0.03545514188911303,1184389.701351208,0.1843897013512079,190094.32153018704,0.19009432153018713
2020-03-02,0.0,0.1807255610632335,4122.138407147612,0.0,0.0,0.0,1155999.679323255,208918.69063461336,947080.9886886416,155999.67932325508,0.1559996793232549,2,"mom20@q0.6,hold_q=0.4,buy_top=10,hold_top=20,rebalance=20d,min_hold=5d,turnover_penalty=0.01,target_vol=0.18",0.0035786255575998016,1000000.0,1281256.5814199988,1379402.7865341909,0.3794027865341909,0.0328980596692936,1223353.8244179566,0.2233538244179567,156048.96211623424,0.1560489621162342
2020-03-03,0.0,0.1807255610632335,3527.6339643583733,0.0,0.0,0.0,1159527.3132876134,209556.22426204773,949971.0890255657,159527.31328761345,0.1595273132876133,2,"mom20@q0.6,hold_q=0.4,buy_top=10,hold_top=20,rebalance=20d,min_hold=5d,turnover_penalty=0.01,target_vol=0.18",0.00305158732087496,1000000.0,1281256.5814199988,1383612.1545879582,0.3836121545879583,0.0053296704646814685,1229873.897163812,0.22987389716381212,153738.25742414617,0.15373825742414615
2020-03-04,0.0,0.1807255610632335,-5899.753883455157,0.0,0.0,0.0,1153627.5594041585,208489.9879313253,945137.5714728328,153627.55940415827,0.1536275594041583,2,"mom20@q0.6,hold_q=0.4,buy_top=10,hold_top=20,rebalance=20d,min_hold=5d,turnover_penalty=0.01,target_vol=0.18",-0.005088068056566364,1000000.0,1281256.5814199988,1376572.2417815223,0.37657224178152227,0.005790250674592379,1236995.1753265285,0.23699517532652847,139577.0664549938,0.1395770664549938
2020-03-05,0.0,0.1807255610632335,2692.936462768256,0.0,0.0,0.0,1156320.4958669266,208976.6703844668,947343.82548246,156320.49586692662,0.1563204958669266,2,"mom20@q0.6,hold_q=0.4,buy_top=10,hold_top=20,rebalance=20d,min_hold=5d,turnover_penalty=0.01,target_vol=0.18",0.002334320501288234,1000000.0,1281256.5814199988,1379785.6025870172,0.3797856025870172,0.022279194663491264,1264554.4316354278,0.2645544316354278,115231.17095158948,0.11523117095158941
2020-03-06,0.0,0.1807255610632335,-2.8915524409786717,0.0,0.0,0.0,1156317.6043144856,208976.1478070295,947341.456507456,156317.60431448556,0.1563176043144856,2,"mom20@q0.6,hold_q=0.4,buy_top=10,hold_top=20,rebalance=20d,min_hold=5d,turnover_penalty=0.01,target_vol=0.18",-2.5006496481294604e-06,1000000.0,1281256.5814199988,1379782.1522266355,0.3797821522266356,-0.016216871536799182,1244047.314866306,0.24404731486630604,135734.83736032946,0.13573483736032954
2020-03-09,-52971.84058676897,0.2331677836310254,-2303.0734211777158,207130.63615692372,154688.41358913193,258.9132951961547,1154014.530893308,269079.0104463901,884935.5204469177,154014.53089330788,0.1540145308933078,2,"mom20@q0.6,hold_q=0.4,buy_top=10,hold_top=20,rebalance=20d,min_hold=5d,turnover_penalty=0.01,target_vol=0.18",-0.0019917308294746805,1000000.0,1281256.5814199988,1377033.9975760868,0.3770339975760868,-0.0341620534926822,1201548.1039484157,0.2015481039484157,175485.89362767106,0.17548589362767109
2020-03-10,0.0,0.2331677836310254,2752.030749870456,0.0,0.0,0.0,1156766.5616431783,269720.6953568218,887045.8662863565,156766.56164317834,0.1567665616431783,2,"mom20@q0.6,hold_q=0.4,buy_top=10,hold_top=20,rebalance=20d,min_hold=5d,turnover_penalty=0.01,target_vol=0.18",0.0023847453183625245,1000000.0,1281256.5814199988,1380317.8729550324,0.3803178729550325,0.021415365524763974,1227279.6957900582,0.22727969579005824,153038.17716497416,0.15303817716497425
2020-03-11,0.0,0.2331677836310254,-6833.286048933655,0.0,0.0,0.0,1149933.2755942447,268127.39319387515,881805.8824003695,149933.2755942447,0.1499332755942446,2,"mom20@q0.6,hold_q=0.4,buy_top=10,hold_top=20,rebalance=20d,min_hold=5d,turnover_penalty=0.01,target_vol=0.18",-0.005907229924788759,1000000.0,1281256.5814199988,1372164.0179101918,0.3721640179101917,-0.013299924315347877,1210956.968722287,0.2109569687222872,161207.0491879047,0.16120704918790452
2020-03-12,0.0,0.2331677836310254,-6616.796209734693,0.0,0.0,0.0,1143316.47938451,266584.56948691315,876731.9098975969,143316.47938451008,0.1433164793845101,2,"mom20@q0.6,hold_q=0.4,buy_top=10,hold_top=20,rebalance=20d,min_hold=5d,turnover_penalty=0.01,target_vol=0.18",-0.005754069692709196,1000000.0,1281256.5814199988,1364268.4905213085,0.3642684905213085,-0.019243228751647634,1187654.2467647623,0.1876542467647624,176614.24375654617,0.1766142437565461
2020-03-13,0.0,0.2331677836310254,5002.528103155531,0.0,0.0,0.0,1148319.0074876654,267750.99787727784,880568.0096103875,148319.0074876654,0.1483190074876654,2,"mom20@q0.6,hold_q=0.4,buy_top=10,hold_top=20,rebalance=20d,min_hold=5d,turnover_penalty=0.01,target_vol=0.18",0.004375453510342409,1000000.0,1281256.5814199988,1370237.7838772095,0.3702377838772095,-0.01407270730034349,1170940.736176032,0.170940736176032,199297.04770117742,0.1992970477011775
2020-03-16,0.0,0.2331677836310254,-11474.44914543388,0.0,0.0,0.0,1136844.5583422317,265075.52600165014,871769.0323405815,136844.55834223167,0.1368445583422317,2,"mom20@q0.6,hold_q=0.4,buy_top=10,hold_top=20,rebalance=20d,min_hold=5d,turnover_penalty=0.01,target_vol=0.18",-0.009992388065175328,1000000.0,1281256.5814199988,1356545.8361991425,0.3565458361991425,-0.04299272715136915,1120598.8005951925,0.12059880059519257,235947.03560395003,0.23594703560394992
2020-03-17,0.0,0.2331677836310254,4508.016917384651,0.0,0.0,0.0,1141352.5752596164,266126.6503148479,875225.9249447684,141352.57525961637,0.1413525752596163,2,"mom20@q0.6,hold_q=0.4,buy_top=10,hold_top=20,rebalance=20d,min_hold=5d,turnover_penalty=0.01,target_vol=0.18",0.003965376694909262,1000000.0,1281256.5814199988,1361925.0514435829,0.3619250514435828,-0.004871453710459717,1115139.8554100965,0.11513985541009641,246785.1960334864,0.24678519603348636
2020-03-18,0.0,0.2331677836310254,-2924.7130996334085,0.0,0.0,0.0,1138427.8621599828,265444.7014436497,872983.1607163331,138427.8621599828,0.1384278621599828,2,"mom20@q0.6,hold_q=0.4,buy_top=10,hold_top=20,rebalance=20d,min_hold=5d,turnover_penalty=0.01,target_vol=0.18",-0.0025624974815239288,1000000.0,1281256.5814199988,1358435.1219292344,0.3584351219292343,-0.01979146449289415,1093069.6045571363,0.0930696045571362,265365.51737209805,0.2653655173720981
2020-03-19,0.0,0.2331677836310254,4341.779488011573,0.0,0.0,0.0,1142769.6416479943,266457.064543884,876312.5771041105,142769.64164799452,0.1427696416479944,2,"mom20@q0.6,hold_q=0.4,buy_top=10,hold_top=20,rebalance=20d,min_hold=5d,turnover_penalty=0.01,target_vol=0.18",0.0038138380413261785,1000000.0,1281256.5814199988,1363615.9734739214,0.3636159734739215,-0.012972119705411678,1078890.1748004742,0.07889017480047422,284725.7986734472,0.2847257986734473
2020-03-20,0.0,0.2331677836310254,-2055.227065454058,0.0,0.0,0.0,1140714.4145825405,265977.85180417355,874736.5627783667,140714.41458254028,0.1407144145825403,2,"mom20@q0.6,hold_q=0.4,buy_top=10,hold_top=20,rebalance=20d,min_hold=5d,turnover_penalty=0.01,target_vol=0.18",-0.0017984613788741832,1000000.0,1281256.5814199988,1361163.5628100126,0.3611635628100125,0.0178680389736674,1098167.826492116,0.0981678264921162,262995.7363178965,0.2629957363178963
2020-03-23,0.0,0.2331677836310254,-11720.196458670913,0.0,0.0,0.0,1128994.2181238695,263245.0795721851,865749.1385516843,128994.2181238695,0.1289942181238694,2,"mom20@q0.6,hold_q=0.4,buy_top=10,hold_top=20,rebalance=20d,min_hold=5d,turnover_penalty=0.01,target_vol=0.18",-0.010274435308999075,1000000.0,1281256.5814199988,1347178.3758389547,0.3471783758389546,-0.0336442918849672,1061220.7475989352,0.061220747598935255,285957.62824001955,0.28595762824001936
2020-03-24,0.0,0.2331677836310254,1409.2016724379005,0.0,0.0,0.0,1130403.419796307,263573.6600028366,866829.7597934707,130403.41979630734,0.1304034197963073,2,"mom20@q0.6,hold_q=0.4,buy_top=10,hold_top=20,rebalance=20d,min_hold=5d,turnover_penalty=0.01,target_vol=0.18",0.001248192107466517,1000000.0,1281256.5814199988,1348859.9132550263,0.3488599132550263,0.026853165869286322,1089717.8843581374,0.08971788435813743,259142.02889688895,0.25914202889688887
2020-03-25,0.0,0.2331677836310254,7030.448975962584,0.0,0.0,0.0,1137433.86877227,265212.9342084928,872220.9345637772,137433.86877226993,0.1374338687722698,2,"mom20@q0.6,hold_q=0.4,buy_top=10,hold_top=20,rebalance=20d,min_hold=5d,turnover_penalty=0.01,target_vol=0.18",0.006219415876528078,1000000.0,1281256.5814199988,1357249.034014737,0.35724903401473695,0.026870908744837996,1118999.5941863428,0.11899959418634287,238249.4398283942,0.23824943982839408
2020-03-26,0.0,0.2331677836310254,-7980.811968041334,0.0,0.0,0.0,1129453.0568042286,263352.06597032864,866100.9908338999,129453.05680422856,0.1294530568042284,2,"mom20@q0.6,hold_q=0.4,buy_top=10,hold_top=20,rebalance=20d,min_hold=5d,turnover_penalty=0.01,target_vol=0.18",-0.007016506354479923,1000000.0,1281256.5814199988,1347725.8875429607,0.34772588754296074,-0.006573503970428551,1111643.845911051,0.11164384591105092,236082.0416319098,0.23608204163190982
2020-03-27,0.0,0.2331677836310254,-1359.2272868067178,0.0,0.0,0.0,1128093.829517422,263035.13795641315,865058.6915610088,128093.829517422,0.1280938295174221,2,"mom20@q0.6,hold_q=0.4,buy_top=10,hold_top=20,rebalance=20d,min_hold=5d,turnover_penalty=0.01,target_vol=0.18",-0.0012034384949582977,1000000.0,1281256.5814199988,1346103.9823292398,0.3461039823292398,0.003247657549248828,1115254.0844393,0.11525408443929996,230849.89788993984,0.23084989788993981
2020-03-30,0.0,0.2331677836310254,-4108.73562834754,0.0,0.0,0.0,1123985.0938890744,262077.11317642548,861907.980712649,123985.0938890744,0.1239850938890743,2,"mom20@q0.6,hold_q=0.4,buy_top=10,hold_top=20,rebalance=20d,min_hold=5d,turnover_penalty=0.01,target_vol=0.18",-0.003642193158795326,1000000.0,1281256.5814199988,1341201.2116137731,0.34120121161377304,-0.009689870244686039,1104447.417071227,0.10444741707122707,236753.79454254615,0.23675379454254597
2020-03-31,0.0,0.2331677836310254,4755.573978242334,0.0,0.0,0.0,1128740.6678673166,263185.9598208256,865554.708046491,128740.66786731665,0.1287406678673166,2,"mom20@q0.6,hold_q=0.4,buy_top=10,hold_top=20,rebalance=20d,min_hold=5d,turnover_penalty=0.01,target_vol=0.18",0.004230993813083117,1000000.0,1281256.5814199988,1346875.8256422104,0.3468758256422104,0.00327970583352144,1108069.6797078133,0.10806967970781334,238806.14593439712,0.23880614593439708
2020-04-01,0.0,0.2331677836310254,-1189.5552502055589,0.0,0.0,0.0,1127551.112617111,262908.59385962854,864642.5187574825,127551.11261711108,0.1275511126171111,2,"mom20@q0.6,hold_q=0.4,buy_top=10,hold_top=20,rebalance=20d,min_hold=5d,turnover_penalty=0.01,target_vol=0.18",-0.0010538782592578455,1000000.0,1281256.5814199988,1345456.382491646,0.3454563824916461,-0.0030058380536927,1104739.0016984046,0.10473900169840444,240717.38079324155,0.24071738079324168
2020-04-02,0.0,0.2331677836310254,10223.346653575933,0.0,0.0,0.0,1137774.459270687,265292.3489401345,872482.1103305526,137774.45927068708,0.1377744592706871,2,"mom20@q0.6,hold_q=0.4,buy_top=10,hold_top=20,rebalance=20d,min_hold=5d,turnover_penalty=0.01,target_vol=0.18",0.009066858734099403,1000000.0,1281256.5814199988,1357655.4454445904,0.3576554454445904,0.016176518606397794,1122609.8327145919,0.12260983271459192,235045.61272999854,0.23504561272999847
2020-04-03,0.0,0.2331677836310254,-4286.945714876617,0.0,0.0,0.0,1133487.5135558106,264292.7713092502,869194.7422465603,133487.51355581055,0.1334875135558104,2,"mom20@q0.6,hold_q=0.4,buy_top=10,hold_top=20,rebalance=20d,min_hold=5d,turnover_penalty=0.01,target_vol=0.18",-0.0037678343716948115,1000000.0,1281256.5814199988,1352540.0245923256,0.3525400245923256,-0.005706206671254543,1116203.98899794,0.11620398899794004,236336.03559438558,0.23633603559438554
2020-04-07,30942.715833680668,0.2017911459381561,9228.83093250853,126337.58107534106,157714.21876821027,157.92197634417633,1142716.344488319,230590.04063655876,912126.3038517602,142716.344488319,0.142716344488319,2,"mom20@q0.6,hold_q=0.4,buy_top=10,hold_top=20,rebalance=20d,min_hold=5d,turnover_penalty=0.01,target_vol=0.18",0.008141978470990852,1000000.0,1281256.5814199988,1363552.3763537097,0.3635523763537096,0.02283732178540454,1141695.0986728382,0.14169509867283825,221857.27768087154,0.22185727768087138
2020-04-08,0.0,0.2017911459381561,3974.241663499205,0.0,0.0,0.0,1146690.5861518185,231392.0074160714,915298.5787357468,146690.58615181828,0.1466905861518181,2,"mom20@q0.6,hold_q=0.4,buy_top=10,hold_top=20,rebalance=20d,min_hold=5d,turnover_penalty=0.01,target_vol=0.18",0.003477889926637001,1000000.0,1281256.5814199988,1368294.6614278723,0.36829466142787215,-0.004655057108703953,1136380.4427877888,0.13638044278778882,231914.21864008345,0.23191421864008332
2020-04-09,0.0,0.2017911459381561,2535.8448361039423,0.0,0.0,0.0,1149226.4309879222,231903.71845147017,917322.712536452,149226.43098792224,0.1492264309879223,2,"mom20@q0.6,hold_q=0.4,buy_top=10,hold_top=20,rebalance=20d,min_hold=5d,turnover_penalty=0.01,target_vol=0.18",0.002211446458816546,1000000.0,1281256.5814199988,1371320.5718115044,0.37132057181150446,0.003298645095414665,1140128.958561916,0.14012895856191587,231191.61324958852,0.2311916132495886
2020-04-10,0.0,0.2017911459381561,-8350.498961594138,0.0,0.0,0.0,1140875.932026328,230218.6616968547,910657.2703294732,140875.93202632805,0.1408759320263279,2,"mom20@q0.6,hold_q=0.4,buy_top=10,hold_top=20,rebalance=20d,min_hold=5d,turnover_penalty=0.01,target_vol=0.18",-0.007266191184287063,1000000.0,1281256.5814199988,1361356.2943617762,0.3613562943617763,-0.006230209264371345,1133025.7165617056,0.13302571656170548,228330.57780007063,0.22833057780007082
2020-04-13,0.0,0.2017911459381561,-1295.5075114099864,0.0,0.0,0.0,1139580.424514918,229957.2397515558,909623.1847633624,139580.42451491812,0.1395804245149181,2,"mom20@q0.6,hold_q=0.4,buy_top=10,hold_top=20,rebalance=20d,min_hold=5d,turnover_penalty=0.01,target_vol=0.18",-0.001135537594442182,1000000.0,1281256.5814199988,1359810.423110098,0.35981042311009803,-0.004223730360449651,1128240.1214434935,0.12824012144349362,231570.3016666046,0.23157030166660442
2020-04-14,0.0,0.2017911459381561,6244.708384272151,0.0,0.0,0.0,1145825.1328991903,231217.3666124677,914607.7662867226,145825.1328991903,0.1458251328991902,2,"mom20@q0.6,hold_q=0.4,buy_top=10,hold_top=20,rebalance=20d,min_hold=5d,turnover_penalty=0.01,target_vol=0.18",0.005479831216766096,1000000.0,1281256.5814199988,1367261.9547155406,0.3672619547155407,0.01930055471776515,1150015.7816421918,0.15001578164219187,217246.17307334882,0.21724617307334881
2020-04-15,0.0,0.2017911459381561,3646.53035459378,0.0,0.0,0.0,1149471.663253784,231953.20415141943,917518.4591023644,149471.66325378395,0.149471663253784,2,"mom20@q0.6,hold_q=0.4,buy_top=10,hold_top=20,rebalance=20d,min_hold=5d,turnover_penalty=0.01,target_vol=0.18",0.0031824492672516413,1000000.0,1281256.5814199988,1371613.1965214661,0.3716131965214662,-0.007407794651959065,1141496.7008852742,0.1414967008852741,230116.49563619192,0.23011649563619208
2020-04-16,0.0,0.2017911459381561,6684.733608876658,0.0,0.0,0.0,1156156.3968626603,233302.12420664597,922854.2726560148,156156.3968626605,0.1561563968626604,2,"mom20@q0.6,hold_q=0.4,buy_top=10,hold_top=20,rebalance=20d,min_hold=5d,turnover_penalty=0.01,target_vol=0.18",0.00581548360222639,1000000.0,1281256.5814199988,1379589.790574434,0.37958979057443387,0.0013219710535741225,1143005.7264815948,0.14300572648159493,236584.06409283914,0.23658406409283894
2020-04-17,0.0,0.2017911459381561,-1522.308415678372,0.0,0.0,0.0,1154634.0884469822,232994.9358469749,921639.1526000074,154634.0884469822,0.1546340884469821,2,"mom20@q0.6,hold_q=0.4,buy_top=10,hold_top=20,rebalance=20d,min_hold=5d,turnover_penalty=0.01,target_vol=0.18",-0.0013166976542352549,1000000.0,1281256.5814199988,1377773.2879333778,0.3777732879333777,0.009759676833982933,1154161.0929914473,0.1541610929914472,223612.19494193047,0.22361219494193052
2020-04-20,0.0,0.2017911459381561,5921.158157497049,0.0,0.0,0.0,1160555.2466044794,234189.7731368573,926365.473467622,160555.24660447938,0.1605552466044792,2,"mom20@q0.6,hold_q=0.4,buy_top=10,hold_top=20,rebalance=20d,min_hold=5d,turnover_penalty=0.01,target_vol=0.18",0.005128168496619789,1000000.0,1281256.5814199988,1384838.741504042,0.38483874150404196,0.0036385040721553796,1158360.51282822,0.15836051282821995,226478.22867582203,0.226478228675822
2020-04-21,0.0,0.2017911459381561,-3786.313765616837,0.0,0.0,0.0,1156768.9328388623,233425.72854321208,923343.2042956504,156768.93283886253,0.1567689328388626,2,"mom20@q0.6,hold_q=0.4,buy_top=10,hold_top=20,rebalance=20d,min_hold=5d,turnover_penalty=0.01,target_vol=0.18",-0.0032625019590364346,1000000.0,1281256.5814199988,1380320.7023969356,0.3803207023969355,-0.011784214705744978,1144710.1438383954,0.1447101438383953,235610.5585585402,0.23561055855854018
2020-04-22,0.0,0.2017911459381561,2303.236328453711,0.0,0.0,0.0,1159072.1691673163,233890.5012412972,925181.667926019,159072.1691673163,0.1590721691673162,2,"mom20@q0.6,hold_q=0.4,buy_top=10,hold_top=20,rebalance=20d,min_hold=5d,turnover_penalty=0.01,target_vol=0.18",0.0019910945592231943,1000000.0,1281256.5814199988,1383069.051437461,0.38306905143746106,0.008227307939759232,1154128.02669352,0.15412802669351988,228941.02474394115,0.22894102474394118
2020-04-23,0.0,0.2017911459381561,-4730.914301555888,0.0,0.0,0.0,1154341.2548657602,232935.8446230509,921405.4102427092,154341.25486576022,0.1543412548657601,2,"mom20@q0.6,hold_q=0.4,buy_top=10,hold_top=20,rebalance=20d,min_hold=5d,turnover_penalty=0.01,target_vol=0.18",-0.004081639113942992,1000000.0,1281256.5814199988,1377423.86269983,0.3774238626998301,-0.0025082174726127615,1151233.222611335,0.1512332226113351,226190.64008849487,0.226190640088495
2020-04-24,0.0,0.2017911459381561,-5903.687533096991,0.0,0.0,0.0,1148437.567332663,231744.5327504865,916693.0345821768,148437.56733266334,0.1484375673326634,2,"mom20@q0.6,hold_q=0.4,buy_top=10,hold_top=20,rebalance=20d,min_hold=5d,turnover_penalty=0.01,target_vol=0.18",-0.0051143346980037085,1000000.0,1281256.5814199988,1370379.256044966,0.3703792560449659,-0.008559305437691789,1141379.4658289864,0.14137946582898642,228999.79021597956,0.2289997902159795
2020-04-27,0.0,0.2017911459381561,3982.829183327724,0.0,0.0,0.0,1152420.396515991,232548.23241546616,919872.164100525,152420.39651599107,0.1524203965159911,2,"mom20@q0.6,hold_q=0.4,buy_top=10,hold_top=20,rebalance=20d,min_hold=5d,turnover_penalty=0.01,target_vol=0.18",0.0034680415345331728,1000000.0,1281256.5814199988,1375131.7882229926,0.37513178822299253,0.006794891716289664,1149135.015706491,0.14913501570649101,225996.7725165016,0.22599677251650152
2020-04-28,0.0,0.2017911459381561,-7562.121070278188,0.0,0.0,0.0,1144858.2754457127,231022.2633389716,913836.0121067412,144858.27544571273,0.1448582754457128,2,"mom20@q0.6,hold_q=0.4,buy_top=10,hold_top=20,rebalance=20d,min_hold=5d,turnover_penalty=0.01,target_vol=0.18",-0.006561946571876254,1000000.0,1281256.5814199988,1366108.2468993845,0.3661082468993846,0.006900755211535214,1157064.915154885,0.15706491515488508,209043.3317444995,0.20904333174449952
2020-04-29,0.0,0.2017911459381561,-3220.704755110948,0.0,0.0,0.0,1141637.5706906018,230372.35363570933,911265.2170548926,141637.57069060183,0.1416375706906019,2,"mom20@q0.6,hold_q=0.4,buy_top=10,hold_top=20,rebalance=20d,min_hold=5d,turnover_penalty=0.01,target_vol=0.18",-0.002813190788927167,1000000.0,1281256.5814199988,1362265.1237625298,0.36226512376252984,0.004645181403686527,1162439.6915816206,0.16243969158162064,199825.4321809092,0.1998254321809092
2020-04-30,0.0,0.2017911459381561,4223.698856174116,0.0,0.0,0.0,1145861.269546776,231224.6586679944,914636.6108787816,145861.26954677608,0.145861269546776,2,"mom20@q0.6,hold_q=0.4,buy_top=10,hold_top=20,rebalance=20d,min_hold=5d,turnover_penalty=0.01,target_vol=0.18",0.003699684527392666,1000000.0,1281256.5814199988,1367305.0749631207,0.3673050749631208,0.011779065587802506,1176132.1449506255,0.17613214495062546,191172.93001249526,0.19117293001249536
2020-05-06,0.0,0.2017911459381561,4791.86977374861,0.0,0.0,0.0,1150653.1393205246,232191.61556082556,918461.5237596992,150653.13932052464,0.1506531393205246,2,"mom20@q0.6,hold_q=0.4,buy_top=10,hold_top=20,rebalance=20d,min_hold=5d,turnover_penalty=0.01,target_vol=0.18",0.004181893481436827,1000000.0,1281256.5814199988,1373022.9991432445,0.37302299914324455,0.006049716555316387,1183247.411059173,0.18324741105917308,189775.5880840714,0.18977558808407147
2020-05-07,0.0,0.2017911459381561,-3003.026343447691,0.0,0.0,0.0,1147650.112977077,231585.6314336988,916064.4815433782,147650.11297707702,0.147650112977077,2,"mom20@q0.6,hold_q=0.4,buy_top=10,hold_top=20,rebalance=20d,min_hold=5d,turnover_penalty=0.01,target_vol=0.18",-0.0026098450009192087,1000000.0,1281256.5814199988,1369439.6219327834,0.36943962193278335,-0.0028859955541442606,1179832.5642914036,0.1798325642914036,189607.05764137977,0.18960705764137975
2020-05-08,-92504.9288549946,0.2936360244956379,1729.5784928467394,273592.9449961471,181748.06643866535,341.99118124518395,1149379.6914699236,337499.2832392513,811880.4082306724,149379.6914699236,0.1493796914699237,2,"mom20@q0.6,hold_q=0.4,buy_top=10,hold_top=20,rebalance=20d,min_hold=5d,turnover_penalty=0.01,target_vol=0.18",0.0015070607960470106,1000000.0,1281256.5814199988,1371503.4506995515,0.3715034506995516,0.009867792473164938,1191474.9071889133,0.19147490718891325,180028.54351063818,0.18002854351063835
2020-05-11,0.0,0.2936360244956379,-3535.8102000130125,0.0,0.0,0.0,1145843.8812699106,336461.0419887484,809382.8392811622,145843.8812699106,0.1458438812699105,2,"mom20@q0.6,hold_q=0.4,buy_top=10,hold_top=20,rebalance=20d,min_hold=5d,turnover_penalty=0.01,target_vol=0.18",-0.003076276905059183,1000000.0,1281256.5814199988,1367284.3263089557,0.3672843263089556,-0.0008678934913034508,1190440.8338719127,0.19044083387191257,176843.492437043,0.176843492437043
2020-05-12,0.0,0.2936360244956379,7576.017237762835,0.0,0.0,0.0,1153419.8985076735,338685.6335719555,814734.264935718,153419.89850767353,0.1534198985076735,2,"mom20@q0.6,hold_q=0.4,buy_top=10,hold_top=20,rebalance=20d,min_hold=5d,turnover_penalty=0.01,target_vol=0.18",0.006611735997897661,1000000.0,1281256.5814199988,1376324.4493085737,0.3763244493085738,1.5150826477627888e-05,1190458.8700344185,0.19045887003441853,185865.5792741552,0.18586557927415526
2020-05-13,0.0,0.2936360244956379,-1145.1893471646422,0.0,0.0,0.0,1152274.7091605088,338349.3647247593,813925.3444357496,152274.70916050882,0.1522747091605087,2,"mom20@q0.6,hold_q=0.4,buy_top=10,hold_top=20,rebalance=20d,min_hold=5d,turnover_penalty=0.01,target_vol=0.18",-0.0009928642193934856,1000000.0,1281256.5814199988,1374957.9460085789,0.3749579460085788,0.002022604690624874,1192866.697728946,0.19286669772894616,182091.24827963277,0.18209124827963263
2020-05-14,0.0,0.2936360244956379,427.5319813647176,0.0,0.0,0.0,1152702.2411418736,338474.903516112,814227.3376257616,152702.24114187364,0.1527022411418737,2,"mom20@q0.6,hold_q=0.4,buy_top=10,hold_top=20,rebalance=20d,min_hold=5d,turnover_penalty=0.01,target_vol=0.18",0.00037103303402052923,1000000.0,1281256.5814199988,1375468.100826937,0.37546810082693693,-0.010843570843570904,1179931.7631851858,0.17993176318518578,195536.33764175116,0.19553633764175116
2020-05-15,0.0,0.2936360244956379,5204.483941344008,0.0,0.0,0.0,1157906.7250832175,340003.1274901996,817903.5975930179,157906.7250832175,0.1579067250832175,2,"mom20@q0.6,hold_q=0.4,buy_top=10,hold_top=20,rebalance=20d,min_hold=5d,turnover_penalty=0.01,target_vol=0.18",0.004515028908235852,1000000.0,1281256.5814199988,1381678.3790645269,0.38167837906452684,-0.0031590586005370014,1176204.289600649,0.17620428960064882,205474.08946387796,0.20547408946387802
2020-05-18,0.0,0.2936360244956379,-6509.475643851231,0.0,0.0,0.0,1151397.2494393664,338091.710940588,813305.5384987784,151397.2494393664,0.1513972494393665,2,"mom20@q0.6,hold_q=0.4,buy_top=10,hold_top=20,rebalance=20d,min_hold=5d,turnover_penalty=0.01,target_vol=0.18",-0.005621761669432623,1000000.0,1281256.5814199988,1373910.9125136181,0.3739109125136182,0.002578702828139212,1179237.3709287115,0.1792373709287114,194673.54158490663,0.1946735415849068
2020-05-19,0.0,0.2936360244956379,11755.945828629996,0.0,0.0,0.0,1163153.1952679963,341543.6801378929,821609.5151301033,163153.19526799629,0.1631531952679963,2,"mom20@q0.6,hold_q=0.4,buy_top=10,hold_top=20,rebalance=20d,min_hold=5d,turnover_penalty=0.01,target_vol=0.18",0.010210156255240355,1000000.0,1281256.5814199988,1387938.757611162,0.3879387576111619,0.008498792987858605,1189259.465227781,0.18925946522778103,198679.29238338093,0.1986792923833809
2020-05-20,0.0,0.2936360244956379,-7872.178773592669,0.0,0.0,0.0,1155281.0164944036,339232.12485869625,816048.8916357073,155281.0164944036,0.1552810164944036,2,"mom20@q0.6,hold_q=0.4,buy_top=10,hold_top=20,rebalance=20d,min_hold=5d,turnover_penalty=0.01,target_vol=0.18",-0.006767963846566971,1000000.0,1281256.5814199988,1378545.2382784006,0.3785452382784007,-0.005315639810426598,1182937.7902694896,0.18293779026948953,195607.448008911,0.19560744800891117
2020-05-21,0.0,0.2936360244956379,-12190.850701224666,0.0,0.0,0.0,1143090.165793179,335652.4519235688,807437.7138696103,143090.16579317907,0.1430901657931791,2,"mom20@q0.6,hold_q=0.4,buy_top=10,hold_top=20,rebalance=20d,min_hold=5d,turnover_penalty=0.01,target_vol=0.18",-0.010552281676207698,1000000.0,1281256.5814199988,1363998.4406206922,0.3639984406206922,-0.005443151844115368,1176498.8802549103,0.17649888025491034,187499.5603657819,0.18749956036578186
2020-05-22,0.0,0.2936360244956379,-6794.033414964212,0.0,0.0,0.0,1136296.1323782147,333657.47896130814,802638.6534169066,136296.13237821474,0.1362961323782148,2,"mom20@q0.6,hold_q=0.4,buy_top=10,hold_top=20,rebalance=20d,min_hold=5d,turnover_penalty=0.01,target_vol=0.18",-0.005943567374013803,1000000.0,1281256.5814199988,1355891.4239908133,0.3558914239908133,-0.022929122591854534,1149522.793200366,0.149522793200366,206368.63079044735,0.20636863079044732
2020-05-25,0.0,0.2936360244956379,-3713.384300159766,0.0,0.0,0.0,1132582.748078055,332567.0955579847,800015.6525200703,132582.74807805498,0.132582748078055,2,"mom20@q0.6,hold_q=0.4,buy_top=10,hold_top=20,rebalance=20d,min_hold=5d,turnover_penalty=0.01,target_vol=0.18",-0.0032679723131573413,1000000.0,1281256.5814199988,1351460.408357564,0.35146040835756387,0.00137550143041687,1151103.96344671,0.15110396344670995,200356.44491085387,0.20035644491085391
2020-05-26,0.0,0.2936360244956379,10134.60389896596,0.0,0.0,0.0,1142717.351977021,335542.9803567151,807174.3716203058,142717.35197702097,0.142717351977021,2,"mom20@q0.6,hold_q=0.4,buy_top=10,hold_top=20,rebalance=20d,min_hold=5d,turnover_penalty=0.01,target_vol=0.18",0.008948223797478727,1000000.0,1281256.5814199988,1363553.5785449792,0.3635535785449793,0.01134666207055024,1164165.1511280108,0.1641651511280109,199388.4274169684,0.19938842741696838
2020-05-27,0.0,0.2936360244956379,-2311.257300797751,0.0,0.0,0.0,1140406.0946762234,334864.3119513224,805541.782724901,140406.09467622335,0.1404060946762233,2,"mom20@q0.6,hold_q=0.4,buy_top=10,hold_top=20,rebalance=20d,min_hold=5d,turnover_penalty=0.01,target_vol=0.18",-0.002022597536301407,1000000.0,1281256.5814199988,1360795.6584363992,0.36079565843639916,-0.007013068165679814,1156000.7815670413,0.15600078156704122,204794.8768693579,0.20479487686935793
2020-05-28,0.0,0.2936360244956379,-4285.00633563553,0.0,0.0,0.0,1136121.0883405877,333606.0797259877,802515.0086145999,136121.08834058768,0.1361210883405876,2,"mom20@q0.6,hold_q=0.4,buy_top=10,hold_top=20,rebalance=20d,min_hold=5d,turnover_penalty=0.01,target_vol=0.18",-0.0037574389997031554,1000000.0,1281256.5814199988,1355682.5517587634,0.3556825517587634,0.0028656051965747498,1159313.4234139442,0.15931342341394417,196369.12834481918,0.19636912834481923
2020-05-29,0.0,0.2936360244956379,1900.9034059172996,0.0,0.0,0.0,1138021.991746505,334164.25344505144,803857.7383014536,138021.99174650502,0.1380219917465051,2,"mom20@q0.6,hold_q=0.4,buy_top=10,hold_top=20,rebalance=20d,min_hold=5d,turnover_penalty=0.01,target_vol=0.18",0.0016731521185773257,1000000.0,1281256.5814199988,1357950.814892357,0.3579508148923569,0.002694061914158219,1162436.685554536,0.16243668555453605,195514.12933782092,0.19551412933782086
2020-06-01,0.0,0.2936360244956379,16549.239967901736,0.0,0.0,0.0,1154571.2317144067,339023.70647765044,815547.5252367563,154571.23171440675,0.1545712317144068,2,"mom20@q0.6,hold_q=0.4,buy_top=10,hold_top=20,rebalance=20d,min_hold=5d,turnover_penalty=0.01,target_vol=0.18",0.014542109105030399,1000000.0,1281256.5814199988,1377698.2838017866,0.3776982838017866,0.026976845219316203,1193795.5600979957,0.1937955600979957,183902.72370379092,0.1839027237037909
2020-06-02,0.0,0.2936360244956379,-1272.903084023836,0.0,0.0,0.0,1153298.328630383,338649.93627648946,814648.3923538935,153298.3286303829,0.1532983286303828,2,"mom20@q0.6,hold_q=0.4,buy_top=10,hold_top=20,rebalance=20d,min_hold=5d,turnover_penalty=0.01,target_vol=0.18",-0.0011024898672850059,1000000.0,1281256.5814199988,1376179.3854037193,0.3761793854037192,0.003079565083825564,1197471.9312220993,0.19747193122209938,178707.45418161992,0.17870745418161982
2020-06-03,0.0,0.2936360244956379,-735.0199370899448,0.0,0.0,0.0,1152563.308693293,338434.10794423736,814129.2007490557,152563.30869329302,0.1525633086932929,2,"mom20@q0.6,hold_q=0.4,buy_top=10,hold_top=20,rebalance=20d,min_hold=5d,turnover_penalty=0.01,target_vol=0.18",-0.0006373198667188884,1000000.0,1281256.5814199988,1375302.3189412323,0.37530231894123234,2.00824888227924e-05,1197495.9794387738,0.19749597943877384,177806.33950245846,0.1778063395024585
2020-06-04,0.0,0.2936360244956379,-1963.875609260272,0.0,0.0,0.0,1150599.4330840327,337857.4433177302,812741.9897663025,150599.43308403273,0.1505994330840327,2,"mom20@q0.6,hold_q=0.4,buy_top=10,hold_top=20,rebalance=20d,min_hold=5d,turnover_penalty=0.01,target_vol=0.18",-0.0017039199447419495,1000000.0,1281256.5814199988,1372958.9138899385,0.3729589138899385,-0.0003664980608236723,1197057.0994844653,0.19705709948446537,175901.81440547318,0.17590181440547314
2020-06-05,-35685.94264139606,0.3286305264045696,13.534059679322183,250893.7036016796,215899.20169274797,313.61712950209954,1150612.967143712,378126.5450803619,772486.4220633502,150612.9671437121,0.1506129671437122,2,"mom20@q0.6,hold_q=0.4,buy_top=10,hold_top=20,rebalance=20d,min_hold=5d,turnover_penalty=0.01,target_vol=0.18",1.1762616328736542e-05,1000000.0,1281256.5814199988,1372975.0634788778,0.37297506347887777,0.004786311049949976,1202786.587107149,0.20278658710714903,170188.47637172882,0.17018847637172874
2020-06-08,0.0,0.3286305264045696,11108.98278189222,0.0,0.0,0.0,1161721.9499256045,381777.2959397944,779944.6539858099,161721.94992560428,0.1617219499256041,2,"mom20@q0.6,hold_q=0.4,buy_top=10,hold_top=20,rebalance=20d,min_hold=5d,turnover_penalty=0.01,target_vol=0.18",0.009654838854692649,1000000.0,1281256.5814199988,1386230.9164682778,0.3862309164682778,0.0051733833177132205,1209009.0631716584,0.20900906317165835,177221.85329661937,0.17722185329661944
2020-06-09,0.0,0.3286305264045696,769.0160087362349,0.0,0.0,0.0,1162490.9659343404,382030.0180755589,780460.9478587816,162490.96593434038,0.1624909659343403,2,"mom20@q0.6,hold_q=0.4,buy_top=10,hold_top=20,rebalance=20d,min_hold=5d,turnover_penalty=0.01,target_vol=0.18",0.0006619621922312469,1000000.0,1281256.5814199988,1387148.5489246817,0.38714854892468176,0.006235781150934372,1216548.179099093,0.21654817909909285,170600.36982558877,0.1706003698255889
2020-06-10,0.0,0.3286305264045696,-919.3473776944908,0.0,0.0,0.0,1161571.618556646,381727.89246287855,779843.7260937674,161571.61855664593,0.161571618556646,2,"mom20@q0.6,hold_q=0.4,buy_top=10,hold_top=20,rebalance=20d,min_hold=5d,turnover_penalty=0.01,target_vol=0.18",-0.0007908425997578128,1000000.0,1281256.5814199988,1386051.5327599999,0.3860515327599998,-0.0018087338122030339,1214347.7672733825,0.21434776727338245,171703.76548661734,0.17170376548661737
2020-06-11,0.0,0.3286305264045696,-2981.703426911089,0.0,0.0,0.0,1158589.915129735,380748.01369611046,777841.9014336244,158589.9151297349,0.1585899151297349,2,"mom20@q0.6,hold_q=0.4,buy_top=10,hold_top=20,rebalance=20d,min_hold=5d,turnover_penalty=0.01,target_vol=0.18",-0.002566956164628098,1000000.0,1281256.5814199988,1382493.5992334893,0.38249359923348925,-0.010849788722457787,1201172.350562878,0.20117235056287797,181321.2486706113,0.18132124867061128
2020-06-12,0.0,0.3286305264045696,-1716.5197348624897,0.0,0.0,0.0,1156873.3953948724,380183.9129120588,776689.4824828136,156873.3953948724,0.1568733953948724,2,"mom20@q0.6,hold_q=0.4,buy_top=10,hold_top=20,rebalance=20d,min_hold=5d,turnover_penalty=0.01,target_vol=0.18",-0.0014815593614676548,1000000.0,1281256.5814199988,1380445.3528993758,0.38044535289937587,0.0018018559115888788,1203336.6900635767,0.20333669006357669,177108.66283579916,0.17710866283579918
2020-06-15,0.0,0.3286305264045696,-3664.941325946383,0.0,0.0,0.0,1153208.454068926,378979.5013148711,774228.9527540549,153208.45406892593,0.153208454068926,2,"mom20@q0.6,hold_q=0.4,buy_top=10,hold_top=20,rebalance=20d,min_hold=5d,turnover_penalty=0.01,target_vol=0.18",-0.00316797096426924,1000000.0,1281256.5814199988,1376072.1421036301,0.37607214210363016,-0.012013249797655834,1188880.7058151586,0.18888070581515848,187191.43628847157,0.18719143628847168
2020-06-16,0.0,0.3286305264045696,6084.358521159726,0.0,0.0,0.0,1159292.8125900857,380979.00725851394,778313.8053315717,159292.81259008567,0.1592928125900856,2,"mom20@q0.6,hold_q=0.4,buy_top=10,hold_top=20,rebalance=20d,min_hold=5d,turnover_penalty=0.01,target_vol=0.18",0.005276026636547693,1000000.0,1281256.5814199988,1383332.3353791803,0.3833323353791802,0.015064513437454963,1206790.6151834417,0.20679061518344177,176541.7201957386,0.17654172019573844
2020-06-17,0.0,0.3286305264045696,-2592.322759556483,0.0,0.0,0.0,1156700.489830529,380127.0908654304,776573.3989650989,156700.48983052932,0.1567004898305293,2,"mom20@q0.6,hold_q=0.4,buy_top=10,hold_top=20,rebalance=20d,min_hold=5d,turnover_penalty=0.01,target_vol=0.18",-0.002236124240057036,1000000.0,1281256.5814199988,1380239.0324119842,0.3802390324119842,0.0007522598933384916,1207698.4353629018,0.20769843536290167,172540.5970490824,0.17254059704908253
2020-06-18,0.0,0.3286305264045696,4168.858399601828,0.0,0.0,0.0,1160869.348230131,381497.1049957976,779372.2432343333,160869.34823013097,0.1608693482301308,2,"mom20@q0.6,hold_q=0.4,buy_top=10,hold_top=20,rebalance=20d,min_hold=5d,turnover_penalty=0.01,target_vol=0.18",0.0036040949547904155,1000000.0,1281256.5814199988,1385213.544945105,0.38521354494510507,0.006668176692992578,1215751.581921752,0.21575158192175214,169461.9630233529,0.16946196302335292
2020-06-19,0.0,0.3286305264045696,11901.05032195016,0.0,0.0,0.0,1172770.3985520813,385408.1534278674,787362.2451242139,172770.39855208131,0.1727703985520812,2,"mom20@q0.6,hold_q=0.4,buy_top=10,hold_top=20,rebalance=20d,min_hold=5d,turnover_penalty=0.01,target_vol=0.18",0.010251843017558215,1000000.0,1281256.5814199988,1399414.5367536778,0.39941453675367766,0.013433455807812411,1232083.3270707761,0.23208332707077606,167331.20968290162,0.1673312096829016
2020-06-22,0.0,0.3286305264045696,1958.794185777812,0.0,0.0,0.0,1174729.192737859,386051.87299225776,788677.3197456012,174729.19273785898,0.1747291927378589,2,"mom20@q0.6,hold_q=0.4,buy_top=10,hold_top=20,rebalance=20d,min_hold=5d,turnover_penalty=0.01,target_vol=0.18",0.0016702281948759445,1000000.0,1281256.5814199988,1401751.878369283,0.40175187836928283,0.0008148905387304062,1233087.3401169335,0.23308734011693355,168664.53825234948,0.16866453825234928
2020-06-23,0.0,0.3286305264045696,4653.16570793468,0.0,0.0,0.0,1179382.358445794,387581.045288304,791801.3131574898,179382.35844579386,0.1793823584457938,2,"mom20@q0.6,hold_q=0.4,buy_top=10,hold_top=20,rebalance=20d,min_hold=5d,turnover_penalty=0.01,target_vol=0.18",0.003961053949030013,1000000.0,1281256.5814199988,1407304.2931826578,0.4073042931826578,0.004812228032325283,1239021.2375813497,0.23902123758134963,168283.05560130812,0.16828305560130818
2020-06-24,0.0,0.3286305264045696,2706.274923184605,0.0,0.0,0.0,1182088.6333689785,388470.4098409056,793618.2235280727,182088.63336897828,0.1820886333689781,2,"mom20@q0.6,hold_q=0.4,buy_top=10,hold_top=20,rebalance=20d,min_hold=5d,turnover_penalty=0.01,target_vol=0.18",0.0022946544043196404,1000000.0,1281256.5814199988,1410533.5701772273,0.41053357017722725,0.004172944279063229,1244191.6041663527,0.24419160416635255,166341.9660108746,0.1663419660108747
2020-06-29,0.0,0.3286305264045696,-1289.3553829864527,0.0,0.0,0.0,1180799.277985992,388046.6883026723,792752.5896833197,180799.2779859919,0.1807992779859919,2,"mom20@q0.6,hold_q=0.4,buy_top=10,hold_top=20,rebalance=20d,min_hold=5d,turnover_penalty=0.01,target_vol=0.18",-0.0010907434067036759,1000000.0,1281256.5814199988,1408995.039985622,0.40899503998562214,-0.007071773548619209,1235392.962890595,0.23539296289059486,173602.07709502708,0.17360207709502729
2020-06-30,0.0,0.3286305264045696,692.1065351351938,0.0,0.0,0.0,1181491.384521127,388274.13563764177,793217.2488834852,181491.38452112695,0.181491384521127,2,"mom20@q0.6,hold_q=0.4,buy_top=10,hold_top=20,rebalance=20d,min_hold=5d,turnover_penalty=0.01,target_vol=0.18",0.0005861339416768363,1000000.0,1281256.5814199988,1409820.899802212,0.4098208998022119,0.01319797942438905,1251697.65379586,0.25169765379585995,158123.2460063519,0.15812324600635197
2020-07-01,0.0,0.3286305264045696,9237.848581042115,0.0,0.0,0.0,1190729.2331021691,391309.97467967536,799419.2584224937,190729.23310216912,0.190729233102169,2,"mom20@q0.6,hold_q=0.4,buy_top=10,hold_top=20,rebalance=20d,min_hold=5d,turnover_penalty=0.01,target_vol=0.18",0.007818803168663235,1000000.0,1281256.5814199988,1420844.0119208333,0.4208440119208332,0.020129876367688482,1276894.1728164963,0.2768941728164964,143949.83910433692,0.14394983910433679
2020-07-02,0.0,0.3286305264045696,6428.1648403650215,0.0,0.0,0.0,1197157.3979425342,393422.4658749799,803734.9320675543,197157.39794253415,0.1971573979425342,2,"mom20@q0.6,hold_q=0.4,buy_top=10,hold_top=20,rebalance=20d,min_hold=5d,turnover_penalty=0.01,target_vol=0.18",0.005398510981054816,1000000.0,1281256.5814199988,1428514.4539215537,0.42851445392155374,0.02073082880940169,1303365.2473208779,0.3033652473208779,125149.20660067583,0.12514920660067586
2020-07-03,0.0,0.3286305264045696,8253.910942879573,0.0,0.0,0.0,1205411.3088854137,396134.9529730348,809276.3559123789,205411.3088854137,0.2054113088854137,2,"mom20@q0.6,hold_q=0.4,buy_top=10,hold_top=20,rebalance=20d,min_hold=5d,turnover_penalty=0.01,target_vol=0.18",0.006894591268503891,1000000.0,1281256.5814199988,1438363.477202493,0.4383634772024929,0.019318056016827345,1328543.7301790086,0.3285437301790086,109819.74702348444,0.1098197470234843
2020-07-06,0.0,0.3286305264045696,16522.284790833626,0.0,0.0,0.0,1221933.5936762474,401564.6801212527,820368.9135549947,221933.5936762474,0.2219335936762474,2,"mom20@q0.6,hold_q=0.4,buy_top=10,hold_top=20,rebalance=20d,min_hold=5d,turnover_penalty=0.01,target_vol=0.18",0.013706761060762851,1000000.0,1281256.5814199988,1458078.7817030353,0.4580787817030354,0.05667707484840245,1403841.7026137402,0.4038417026137402,54237.07908929512,0.054237079089295204
2020-07-07,52948.17894808186,0.274943610924961,3975.759616407752,214928.14314581195,268615.05862542056,268.66017893226496,1225909.3532926552,337055.9442609663,888853.4090316889,225909.3532926552,0.2259093532926552,2,"mom20@q0.6,hold_q=0.4,buy_top=10,hold_top=20,rebalance=20d,min_hold=5d,turnover_penalty=0.01,target_vol=0.18",0.003253662586071071,1000000.0,1281256.5814199988,1462822.8780826067,0.4628228780826067,0.006004166943249567,1412270.6025581288,0.41227060255812886,50552.27552447794,0.05055227552447783
2020-07-08,0.0,0.274943610924961,18651.933699744237,0.0,0.0,0.0,1244561.2869923995,342184.174263107,902377.1127292924,244561.2869923995,0.2445612869923994,2,"mom20@q0.6,hold_q=0.4,buy_top=10,hold_top=20,rebalance=20d,min_hold=5d,turnover_penalty=0.01,target_vol=0.18",0.015214773955062322,1000000.0,1281256.5814199988,1485079.3975089272,0.48507939750892715,0.016148978423330185,1435077.3300467436,0.43507733004674365,50002.067462183535,0.0500020674621835
2020-07-09,0.0,0.274943610924961,13739.188331843354,0.0,0.0,0.0,1258300.4753242428,345961.6763142421,912338.7990100008,258300.47532424284,0.2583004753242428,2,"mom20@q0.6,hold_q=0.4,buy_top=10,hold_top=20,rebalance=20d,min_hold=5d,turnover_penalty=0.01,target_vol=0.18",0.011039382692872746,1000000.0,1281256.5814199988,1501473.7573073292,0.5014737573073291,0.0139861751152075,1455148.5728886419,0.45514857288864174,46325.184418687364,0.04632518441868738
2020-07-10,0.0,0.274943610924961,-6891.423692867042,0.0,0.0,0.0,1251409.0516313757,344066.9233997114,907342.1282316644,251409.05163137568,0.2514090516313756,2,"mom20@q0.6,hold_q=0.4,buy_top=10,hold_top=20,rebalance=20d,min_hold=5d,turnover_penalty=0.01,target_vol=0.18",-0.005476771111519563,1000000.0,1281256.5814199988,1493250.5292086035,0.49325052920860357,-0.018104557745978522,1428803.751521801,0.42880375152180106,64446.77768680244,0.06444677768680251
2020-07-13,0.0,0.274943610924961,12839.444866988564,0.0,0.0,0.0,1264248.4964983645,347597.0467337132,916651.449764651,264248.49649836426,0.2642484964983642,2,"mom20@q0.6,hold_q=0.4,buy_top=10,hold_top=20,rebalance=20d,min_hold=5d,turnover_penalty=0.01,target_vol=0.18",0.010259990408612474,1000000.0,1281256.5814199988,1508571.2653159394,0.5085712653159395,0.021003002232213186,1458812.919904408,0.458812919904408,49758.345411531394,0.04975834541153157
2020-07-14,0.0,0.274943610924961,-4693.355986952141,0.0,0.0,0.0,1259555.1405114122,346306.6384913043,913248.5020201078,259555.14051141217,0.2595551405114122,2,"mom20@q0.6,hold_q=0.4,buy_top=10,hold_top=20,rebalance=20d,min_hold=5d,turnover_penalty=0.01,target_vol=0.18",-0.00371236825667709,1000000.0,1281256.5814199988,1502970.8932376453,0.5029708932376453,-0.009534387260558552,1444904.032585333,0.44490403258533306,58066.86065231217,0.05806686065231226
2020-07-15,0.0,0.274943610924961,-7646.016476940418,0.0,0.0,0.0,1251909.1240344718,344204.41511194257,907704.7089225292,251909.1240344718,0.2519091240344717,2,"mom20@q0.6,hold_q=0.4,buy_top=10,hold_top=20,rebalance=20d,min_hold=5d,turnover_penalty=0.01,target_vol=0.18",-0.00607041028297961,1000000.0,1281256.5814199988,1493847.2432723164,0.49384724327231644,-0.012944458660741454,1426200.5320667936,0.42620053206679365,67646.71120552276,0.06764671120552279
2020-07-16,0.0,0.274943610924961,-20979.391255802715,0.0,0.0,0.0,1230929.7327786689,338436.26552506455,892493.4672536043,230929.73277866887,0.2309297327786688,2,"mom20@q0.6,hold_q=0.4,buy_top=10,hold_top=20,rebalance=20d,min_hold=5d,turnover_penalty=0.01,target_vol=0.18",-0.01675791864843479,1000000.0,1281256.5814199988,1468813.4726963704,0.4688134726963704,-0.048102317013280826,1357596.981948807,0.35759698194880696,111216.49074756354,0.11121649074756346
2020-07-17,0.0,0.274943610924961,1282.1775244260566,0.0,0.0,0.0,1232211.9103030951,338788.7920434771,893423.1182596181,232211.91030309512,0.232211910303095,2,"mom20@q0.6,hold_q=0.4,buy_top=10,hold_top=20,rebalance=20d,min_hold=5d,turnover_penalty=0.01,target_vol=0.18",0.001041633401389852,1000000.0,1281256.5814199988,1470343.4378699425,0.4703434378699425,0.006299474121228776,1366149.129003652,0.3661491290036518,104194.30886629061,0.10419430886629066
2020-07-20,0.0,0.274943610924961,11655.099010329264,0.0,0.0,0.0,1243867.0093134244,341993.287051065,901873.7222623592,243867.00931342435,0.2438670093134243,2,"mom20@q0.6,hold_q=0.4,buy_top=10,hold_top=20,rebalance=20d,min_hold=5d,turnover_penalty=0.01,target_vol=0.18",0.009458680696782462,1000000.0,1281256.5814199988,1484250.9469633636,0.48425094696336357,0.02983695293418709,1406910.8562668145,0.40691085626681445,77340.09069654904,0.07734009069654912
2020-07-21,0.0,0.274943610924961,2306.125058718352,0.0,0.0,0.0,1246173.1343721426,342627.34140195354,903545.7929701892,246173.1343721426,0.2461731343721425,2,"mom20@q0.6,hold_q=0.4,buy_top=10,hold_top=20,rebalance=20d,min_hold=5d,turnover_penalty=0.01,target_vol=0.18",0.001853996481497866,1000000.0,1281256.5814199988,1487002.7429966934,0.48700274299669344,0.0022947246971347646,1410139.329355357,0.410139329355357,76863.41364133637,0.07686341364133642
2020-07-22,0.0,0.274943610924961,1944.4682952210744,0.0,0.0,0.0,1248117.6026673638,343161.96053637075,904955.6421309932,248117.60266736383,0.2481176026673639,2,"mom20@q0.6,hold_q=0.4,buy_top=10,hold_top=20,rebalance=20d,min_hold=5d,turnover_penalty=0.01,target_vol=0.18",0.001560351641026969,1000000.0,1281256.5814199988,1489322.99016694,0.48932299016694003,0.004990364609979814,1417176.4387597125,0.41717643875971255,72146.55140722753,0.07214655140722748
2020-07-23,0.0,0.274943610924961,6421.827272205479,0.0,0.0,0.0,1254539.4299395692,344927.60091532726,909611.829024242,254539.4299395692,0.2545394299395691,2,"mom20@q0.6,hold_q=0.4,buy_top=10,hold_top=20,rebalance=20d,min_hold=5d,turnover_penalty=0.01,target_vol=0.18",0.005145210081550999,1000000.0,1281256.5814199988,1496985.8698306326,0.49698586983063264,-0.0004263487787546927,1416572.2273157674,0.4165722273157675,80413.64251486515,0.08041364251486516
2020-07-24,0.0,0.274943610924961,-17232.455681115516,0.0,0.0,0.0,1237306.9742584536,340189.647325257,897117.3269331965,237306.9742584536,0.2373069742584534,2,"mom20@q0.6,hold_q=0.4,buy_top=10,hold_top=20,rebalance=20d,min_hold=5d,turnover_penalty=0.01,target_vol=0.18",-0.0137360813617039,1000000.0,1281256.5814199988,1476423.150125318,0.476423150125318,-0.04389445807267567,1354392.557076939,0.35439255707693884,122030.59304837906,0.12203059304837915
2020-07-27,0.0,0.274943610924961,6782.937467544492,0.0,0.0,0.0,1244089.9117259982,342054.57264526194,902035.3390807364,244089.91172599816,0.2440899117259982,2,"mom20@q0.6,hold_q=0.4,buy_top=10,hold_top=20,rebalance=20d,min_hold=5d,turnover_penalty=0.01,target_vol=0.18",0.005482016677073709,1000000.0,1281256.5814199988,1484516.9264567227,0.4845169264567226,0.005073697340414851,1361264.3349916579,0.3612643349916578,123252.59146506479,0.12325259146506484
2020-07-28,0.0,0.274943610924961,-1190.6850727826268,0.0,0.0,0.0,1242899.2266532157,341727.2013918766,901172.0252613388,242899.22665321548,0.2428992266532155,2,"mom20@q0.6,hold_q=0.4,buy_top=10,hold_top=20,rebalance=20d,min_hold=5d,turnover_penalty=0.01,target_vol=0.18",-0.0009570731677508437,1000000.0,1281256.5814199988,1483096.1351393391,0.48309613513933924,0.008791087458181135,1373231.328814272,0.3732313288142721,109864.80632506707,0.10986480632506712
2020-07-29,0.0,0.274943610924961,10532.104872083984,0.0,0.0,0.0,1253431.3315252997,344622.9363360477,908808.3951892518,253431.3315252995,0.2534313315252994,2,"mom20@q0.6,hold_q=0.4,buy_top=10,hold_top=20,rebalance=20d,min_hold=5d,turnover_penalty=0.01,target_vol=0.18",0.008473820440329627,1000000.0,1281256.5814199988,1495663.6254842565,0.4956636254842566,0.02424336618318579,1406523.0787729393,0.40652307877293925,89140.54671131726,0.08914054671131733
2020-07-30,0.0,0.274943610924961,-938.907129674228,0.0,0.0,0.0,1252492.4243956252,344364.7898194919,908127.6345761332,252492.42439562525,0.2524924243956252,2,"mom20@q0.6,hold_q=0.4,buy_top=10,hold_top=20,rebalance=20d,min_hold=5d,turnover_penalty=0.01,target_vol=0.18",-0.0007490694592194869,1000000.0,1281256.5814199988,1494543.2695411409,0.4945432695411409,-0.004885648887264726,1399651.30085822,0.3996513008582201,94891.9686829208,0.09489196868292082
2020-07-31,0.0,0.274943610924961,5951.186670166531,0.0,0.0,0.0,1258443.611065792,346001.03057187604,912442.5804939158,258443.61106579192,0.2584436110657919,2,"mom20@q0.6,hold_q=0.4,buy_top=10,hold_top=20,rebalance=20d,min_hold=5d,turnover_penalty=0.01,target_vol=0.18",0.004751475182006359,1000000.0,1281256.5814199988,1501644.5547948002,0.5016445547948003,0.0083545418425095,1411344.746216163,0.411344746216163,90299.8085786372,0.09029980857863729
2020-08-03,0.0,0.274943610924961,7253.304296900424,0.0,0.0,0.0,1265696.9153626922,347995.28024640336,917701.6351162888,265696.9153626922,0.2656969153626922,2,"mom20@q0.6,hold_q=0.4,buy_top=10,hold_top=20,rebalance=20d,min_hold=5d,turnover_penalty=0.01,target_vol=0.18",0.005763710215634932,1000000.0,1281256.5814199988,1510299.5988555236,0.5102995988555237,0.016242638523551456,1434268.7087610657,0.4342687087610657,76030.89009445789,0.07603089009445796
2020-08-04,31026.814746033942,0.2433942736919044,-557.8057038281991,155770.38228826926,187319.71952132584,194.71297786033657,1265139.109658864,307927.6147146418,957211.4949442224,265139.1096588641,0.265139109658864,2,"mom20@q0.6,hold_q=0.4,buy_top=10,hold_top=20,rebalance=20d,min_hold=5d,turnover_penalty=0.01,target_vol=0.18",-0.00044071032887704753,1000000.0,1281256.5814199988,1509633.994222609,0.5096339942226091,0.0009410413492310088,1435618.414921918,0.435618414921918,74015.57930069114,0.07401557930069114
2020-08-05,0.0,0.2433942736919044,6089.710154310373,0.0,0.0,0.0,1271228.8198131744,309409.8152946444,961819.00451853,271228.8198131744,0.2712288198131745,2,"mom20@q0.6,hold_q=0.4,buy_top=10,hold_top=20,rebalance=20d,min_hold=5d,turnover_penalty=0.01,target_vol=0.18",0.004813470793699759,1000000.0,1281256.5814199988,1516900.5733629758,0.5169005733629759,0.00027429959378522106,1436012.2044699616,0.4360122044699615,80888.36889301427,0.08088836889301443
2020-08-06,0.0,0.2433942736919044,1912.708589237514,0.0,0.0,0.0,1273141.5284024118,309875.3576125061,963266.1707899058,273141.52840241184,0.2731415284024119,2,"mom20@q0.6,hold_q=0.4,buy_top=10,hold_top=20,rebalance=20d,min_hold=5d,turnover_penalty=0.01,target_vol=0.18",0.0015046139290002536,1000000.0,1281256.5814199988,1519182.9230945664,0.5191829230945664,-0.003003908220660545,1431698.5556039854,0.4316985556039854,87484.367490581,0.08748436749058097
2020-08-07,0.0,0.2433942736919044,1027.3714512017852,0.0,0.0,0.0,1274168.8998536137,310125.4139406832,964043.4859129305,274168.8998536137,0.2741688998536136,2,"mom20@q0.6,hold_q=0.4,buy_top=10,hold_top=20,rebalance=20d,min_hold=5d,turnover_penalty=0.01,target_vol=0.18",0.0008069577720011267,1000000.0,1281256.5814199988,1520408.839561449,0.5204088395614488,-0.01151223240306043,1415216.5091007464,0.41521650910074626,105192.33046070253,0.10519233046070253
2020-08-10,0.0,0.2433942736919044,4007.166523715112,0.0,0.0,0.0,1278176.066377329,311100.73532628536,967075.3310510436,278176.06637732894,0.2781760663773289,2,"mom20@q0.6,hold_q=0.4,buy_top=10,hold_top=20,rebalance=20d,min_hold=5d,turnover_penalty=0.01,target_vol=0.18",0.0031449257034728006,1000000.0,1281256.5814199988,1525190.412400773,0.5251904124007731,0.0035981843400390012,1420308.7189815575,0.4203087189815575,104881.6934192155,0.1048816934192156
2020-08-11,0.0,0.2433942736919044,-7236.988608065951,0.0,0.0,0.0,1270939.077769263,309339.2937403085,961599.7840289545,270939.07776926295,0.2709390777692628,2,"mom20@q0.6,hold_q=0.4,buy_top=10,hold_top=20,rebalance=20d,min_hold=5d,turnover_penalty=0.01,target_vol=0.18",-0.005661965357071197,1000000.0,1281256.5814199988,1516554.8371228229,0.5165548371228228,-0.009119827635469369,1407355.7482752914,0.4073557482752914,109199.08884753147,0.10919908884753138
2020-08-12,0.0,0.2433942736919044,-10138.699077526317,0.0,0.0,0.0,1260800.3786917366,306871.59244215325,953928.7862495834,260800.3786917366,0.2608003786917365,2,"mom20@q0.6,hold_q=0.4,buy_top=10,hold_top=20,rebalance=20d,min_hold=5d,turnover_penalty=0.01,target_vol=0.18",-0.00797732893328107,1000000.0,1281256.5814199988,1504456.7803417356,0.5044567803417355,-0.007292098304490957,1397093.1718094777,0.3970931718094777,107363.60853225784,0.10736360853225779
2020-08-13,0.0,0.2433942736919044,1175.0576322188067,0.0,0.0,0.0,1261975.4363239554,307157.5947410933,954817.8415828622,261975.43632395545,0.2619754363239555,2,"mom20@q0.6,hold_q=0.4,buy_top=10,hold_top=20,rebalance=20d,min_hold=5d,turnover_penalty=0.01,target_vol=0.18",0.0009319934004445862,1000000.0,1281256.5814199988,1505858.9241322682,0.5058589241322682,-0.0025668941656411537,1393506.981497903,0.39350698149790286,112351.94263436529,0.11235194263436532
2020-08-14,0.0,0.2433942736919044,1734.914402889221,0.0,0.0,0.0,1263710.3507268447,307579.8629721021,956130.4877547426,263710.35072684474,0.2637103507268448,2,"mom20@q0.6,hold_q=0.4,buy_top=10,hold_top=20,rebalance=20d,min_hold=5d,turnover_penalty=0.01,target_vol=0.18",0.0013747608336522887,1000000.0,1281256.5814199988,1507929.120002171,0.5079291200021709,0.014867194022059271,1414224.5201629265,0.41422452016292644,93704.5998392445,0.0937045998392445
2020-08-17,0.0,0.2433942736919044,4619.338415676341,0.0,0.0,0.0,1268329.689142521,308704.1834907228,959625.5056517982,268329.689142521,0.2683296891425211,2,"mom20@q0.6,hold_q=0.4,buy_top=10,hold_top=20,rebalance=20d,min_hold=5d,turnover_penalty=0.01,target_vol=0.18",0.0036553775262024857,1000000.0,1281256.5814199988,1513441.1702185331,0.5134411702185331,0.02350875626776161,1447471.1797153288,0.4474711797153288,65969.99050320429,0.06596999050320429
2020-08-18,0.0,0.2433942736919044,2722.070913093244,0.0,0.0,0.0,1271051.7600556142,309366.7199635529,961685.0400920612,271051.76005561417,0.2710517600556141,2,"mom20@q0.6,hold_q=0.4,buy_top=10,hold_top=20,rebalance=20d,min_hold=5d,turnover_penalty=0.01,target_vol=0.18",0.00214618559858315,1000000.0,1281256.5814199988,1516689.295862359,0.516689295862359,-0.0005129557674294905,1446728.691025506,0.44672869102550594,69960.60483685299,0.06996060483685307
2020-08-19,0.0,0.2433942736919044,-1993.2350612613343,0.0,0.0,0.0,1269058.5249943528,308881.57796352,960176.9470308328,269058.52499435283,0.2690585249943529,2,"mom20@q0.6,hold_q=0.4,buy_top=10,hold_top=20,rebalance=20d,min_hold=5d,turnover_penalty=0.01,target_vol=0.18",-0.0015681777280054376,1000000.0,1281256.5814199988,1514310.8574882834,0.5143108574882833,-0.014976853198580442,1425061.2478018424,0.4250612478018423,89249.60968644102,0.08924960968644102
2020-08-20,0.0,0.2433942736919044,-6559.541793926288,0.0,0.0,0.0,1262498.983200427,307285.02305283566,955213.9601475912,262498.9832004267,0.2624989832004267,2,"mom20@q0.6,hold_q=0.4,buy_top=10,hold_top=20,rebalance=20d,min_hold=5d,turnover_penalty=0.01,target_vol=0.18",-0.0051688252864107165,1000000.0,1281256.5814199988,1506483.6492366116,0.5064836492366116,-0.012979150670368145,1406565.1631521196,0.40656516315211966,99918.48608449195,0.09991848608449194
2020-08-21,0.0,0.2433942736919044,2045.692057306715,0.0,0.0,0.0,1264544.675257733,307782.9327853211,956761.7424724124,264544.6752577333,0.2645446752577334,2,"mom20@q0.6,hold_q=0.4,buy_top=10,hold_top=20,rebalance=20d,min_hold=5d,turnover_penalty=0.01,target_vol=0.18",0.0016203514494090854,1000000.0,1281256.5814199988,1508924.6822011634,0.5089246822011633,0.008482309821228329,1418496.0846497226,0.41849608464972254,90428.59755144082,0.09042859755144073
2020-08-24,0.0,0.2433942736919044,9649.951037240697,0.0,0.0,0.0,1274194.626294974,310131.67560919275,964062.9506857812,274194.626294974,0.2741946262949739,2,"mom20@q0.6,hold_q=0.4,buy_top=10,hold_top=20,rebalance=20d,min_hold=5d,turnover_penalty=0.01,target_vol=0.18",0.0076311665582506905,1000000.0,1281256.5814199988,1520439.5377748958,0.5204395377748958,0.00784302921904545,1429621.390888732,0.42962139088873186,90818.14688616386,0.09081814688616396
2020-08-25,0.0,0.2433942736919044,-1765.6293049666142,0.0,0.0,0.0,1272428.996990007,309701.93154690124,962727.065443106,272428.99699000735,0.2724289969900073,2,"mom20@q0.6,hold_q=0.4,buy_top=10,hold_top=20,rebalance=20d,min_hold=5d,turnover_penalty=0.01,target_vol=0.18",-0.0013856825861060518,1000000.0,1281256.5814199988,1518332.6911841738,0.5183326911841739,0.001282630865145018,1431455.0674101573,0.4314550674101574,86877.62377401651,0.08687762377401653
2020-08-26,0.0,0.2433942736919044,-6817.686402556843,0.0,0.0,0.0,1265611.3105874506,308042.54571669176,957568.7648707588,265611.3105874506,0.2656113105874507,2,"mom20@q0.6,hold_q=0.4,buy_top=10,hold_top=20,rebalance=20d,min_hold=5d,turnover_penalty=0.01,target_vol=0.18",-0.005358009302431799,1000000.0,1281256.5814199988,1510197.4505006229,0.5101974505006228,-0.01172208864015789,1414675.4242255723,0.41467542422557235,95522.0262750506,0.09552202627505046
2020-08-27,0.0,0.2433942736919044,3427.12262395804,0.0,0.0,0.0,1269038.4332114086,308876.6877386031,960161.7454728056,269038.43321140856,0.2690384332114086,2,"mom20@q0.6,hold_q=0.4,buy_top=10,hold_top=20,rebalance=20d,min_hold=5d,turnover_penalty=0.01,target_vol=0.18",0.002707879263790014,1000000.0,1281256.5814199988,1514286.882861062,0.5142868828610621,0.005358967984309793,1422256.6245321871,0.42225662453218704,92030.25832887483,0.09203025832887501
2020-08-28,0.0,0.2433942736919044,6755.60593604032,0.0,0.0,0.0,1275794.039147449,310520.9635387544,965273.0756086946,275794.03914744896,0.2757940391474489,2,"mom20@q0.6,hold_q=0.4,buy_top=10,hold_top=20,rebalance=20d,min_hold=5d,turnover_penalty=0.01,target_vol=0.18",0.00532340531164599,1000000.0,1281256.5814199988,1522348.0456966406,0.5223480456966407,0.023866338360087447,1456200.6823681481,0.45620068236814815,66147.3633284925,0.06614736332849258
2020-08-31,0.0,0.2433942736919044,346.64312669839563,0.0,0.0,0.0,1276140.6822741474,310605.33449080744,965535.34778334,276140.6822741474,0.2761406822741474,2,"mom20@q0.6,hold_q=0.4,buy_top=10,hold_top=20,rebalance=20d,min_hold=5d,turnover_penalty=0.01,target_vol=0.18",0.00027170774910501017,1000000.0,1281256.5814199988,1522761.6794574913,0.5227616794574912,-0.005790346120261747,1447768.7763966753,0.44776877639667534,74992.903060816,0.07499290306081585
2020-09-01,-31370.095229670897,0.2744301726487437,6670.448318481074,129503.0320020226,98467.1330451833,161.87879000252826,1282811.1305926284,352042.0800442651,930769.0505483632,282811.1305926284,0.2828111305926284,2,"mom20@q0.6,hold_q=0.4,buy_top=10,hold_top=20,rebalance=20d,min_hold=5d,turnover_penalty=0.01,target_vol=0.18",0.005227047778614713,1000000.0,1281256.5814199988,1530721.227511459,0.530721227511459,0.005377661319457827,1455554.3865450225,0.45555438654502245,75166.84096643655,0.07516684096643655
2020-09-02,0.0,0.2744301726487437,-2888.9609466835723,0.0,0.0,0.0,1279922.1696459448,351249.26199289126,928672.9076530536,279922.16964594484,0.2799221696459448,2,"mom20@q0.6,hold_q=0.4,buy_top=10,hold_top=20,rebalance=20d,min_hold=5d,turnover_penalty=0.01,target_vol=0.18",-0.0022520547863884577,1000000.0,1281256.5814199988,1527273.9594444153,0.5272739594444154,0.00036554236574071197,1456086.4533389444,0.4560864533389444,71187.50610547094,0.07118750610547098
2020-09-03,0.0,0.2744301726487437,-2236.8411169805117,0.0,0.0,0.0,1277685.3285289644,350635.4052989705,927049.923229994,277685.3285289644,0.2776853285289644,2,"mom20@q0.6,hold_q=0.4,buy_top=10,hold_top=20,rebalance=20d,min_hold=5d,turnover_penalty=0.01,target_vol=0.18",-0.0017476383877303991,1000000.0,1281256.5814199988,1524604.8368443092,0.5246048368443093,-0.00553067885521763,1448033.3067800938,0.4480333067800939,76571.53006421542,0.07657153006421535
2020-09-04,0.0,0.2744301726487437,281.7779078385215,0.0,0.0,0.0,1277967.1064368028,350712.7336588672,927254.3727779356,277967.1064368028,0.2779671064368028,2,"mom20@q0.6,hold_q=0.4,buy_top=10,hold_top=20,rebalance=20d,min_hold=5d,turnover_penalty=0.01,target_vol=0.18",0.0002205377971764566,1000000.0,1281256.5814199988,1524941.0698365916,0.5249410698365915,-0.009731996429387046,1433941.0518088765,0.43394105180887643,91000.01802771515,0.09100001802771507
2020-09-07,0.0,0.2744301726487437,-7111.625296125048,0.0,0.0,0.0,1270855.4811406778,348761.08910103847,922094.3920396394,270855.4811406778,0.2708554811406778,2,"mom20@q0.6,hold_q=0.4,buy_top=10,hold_top=20,rebalance=20d,min_hold=5d,turnover_penalty=0.01,target_vol=0.18",-0.005564795259835331,1000000.0,1281256.5814199988,1516455.0849996365,0.5164550849996365,-0.021141582568518946,1403625.2686636702,0.4036252686636701,112829.81633596634,0.11282981633596645
2020-09-08,0.0,0.2744301726487437,2841.024765634471,0.0,0.0,0.0,1273696.5059063125,349540.7520179709,924155.7538883414,273696.50590631226,0.2736965059063123,2,"mom20@q0.6,hold_q=0.4,buy_top=10,hold_top=20,rebalance=20d,min_hold=5d,turnover_penalty=0.01,target_vol=0.18",0.0022355215111355964,1000000.0,1281256.5814199988,1519845.1529628243,0.5198451529628243,0.0053583245705524085,1411146.3484285988,0.4111463484285989,108698.80453422549,0.10869880453422542
2020-09-09,0.0,0.2744301726487437,-6654.067922941695,0.0,0.0,0.0,1267042.4379833704,347714.67500906147,919327.7629743088,267042.4379833704,0.2670424379833704,2,"mom20@q0.6,hold_q=0.4,buy_top=10,hold_top=20,rebalance=20d,min_hold=5d,turnover_penalty=0.01,target_vol=0.18",-0.005224217772511919,1000000.0,1281256.5814199988,1511905.1509032496,0.5119051509032497,-0.023389620376662368,1378140.1710429406,0.3781401710429406,133764.97986030905,0.1337649798603091
2020-09-10,0.0,0.2744301726487437,-4105.380663174911,0.0,0.0,0.0,1262937.0573201957,346588.0346848776,916349.022635318,262937.0573201957,0.2629370573201957,2,"mom20@q0.6,hold_q=0.4,buy_top=10,hold_top=20,rebalance=20d,min_hold=5d,turnover_penalty=0.01,target_vol=0.18",-0.0032401287755671193,1000000.0,1281256.5814199988,1507006.38351788,0.50700638351788,-0.0005692984541694202,1377355.5979739372,0.37735559797393714,129650.78554394282,0.12965078554394283
2020-09-11,0.0,0.2744301726487437,7627.812914649462,0.0,0.0,0.0,1270564.8702348452,348681.3366999772,921883.533534868,270564.8702348452,0.2705648702348451,2,"mom20@q0.6,hold_q=0.4,buy_top=10,hold_top=20,rebalance=20d,min_hold=5d,turnover_penalty=0.01,target_vol=0.18",0.006039741149756805,1000000.0,1281256.5814199988,1516108.311985359,0.5161083119853591,0.009886555593869861,1390972.9006658343,0.39097290066583423,125135.41131952475,0.12513541131952488
2020-09-14,0.0,0.2744301726487437,5797.179943089372,0.0,0.0,0.0,1276362.0501779346,350272.25779263506,926089.7923852996,276362.0501779346,0.2763620501779344,2,"mom20@q0.6,hold_q=0.4,buy_top=10,hold_top=20,rebalance=20d,min_hold=5d,turnover_penalty=0.01,target_vol=0.18",0.004562679229449973,1000000.0,1281256.5814199988,1523025.8278900513,0.5230258278900513,0.00513692709323843,1398118.227045225,0.39811822704522504,124907.60084482632,0.12490760084482622
2020-09-15,0.0,0.2744301726487437,4894.531242064306,0.0,0.0,0.0,1281256.5814199988,351615.4648464294,929641.1165735694,281256.5814199988,0.2812565814199987,2,"mom20@q0.6,hold_q=0.4,buy_top=10,hold_top=20,rebalance=20d,min_hold=5d,turnover_penalty=0.01,target_vol=0.18",0.003834751465214614,1000000.0,1281256.5814199988,1528866.2534151124,0.5288662534151123,0.0080476451553948,1409369.7864217747,0.4093697864217747,119496.46699333773,0.1194964669933376
2020-09-16,0.0,0.0,0.0,0.0,0.0,0.0,1000000.0,0.0,1000000.0,0.0,0.0,3,"mom20@q0.6,hold_q=0.4,buy_top=5,hold_top=10,rebalance=20d,min_hold=5d,turnover_penalty=0.01,target_vol=0.18",0.0,1000000.0,1259455.104446988,1528866.2534151124,0.5288662534151123,-0.00663754564379071,1400015.0301354206,0.4000150301354206,128851.22327969177,0.12885122327969167
2020-09-17,-230122.95001798405,0.2298356554486731,9282.92649643059,229835.6554486732,0.0,287.2945693108415,1009282.9264964304,231969.20294446216,777313.7235519683,9282.926496430531,0.0092829264964304,3,"mom20@q0.6,hold_q=0.4,buy_top=5,hold_top=10,rebalance=20d,min_hold=5d,turnover_penalty=0.01,target_vol=0.18",0.009282926496430477,1000000.0,1259455.104446988,1543058.6064684377,0.5430586064684377,-0.005292698009172536,1392605.1733726112,0.39260517337261125,150453.43309582653,0.15045343309582648
2020-09-18,0.0,0.2298356554486731,-1797.373187182693,0.0,0.0,0.0,1007485.553309248,231556.10249990015,775929.4508093478,7485.553309247945,0.0074855533092479,3,"mom20@q0.6,hold_q=0.4,buy_top=5,hold_top=10,rebalance=20d,min_hold=5d,turnover_penalty=0.01,target_vol=0.18",-0.00178084176398563,1000000.0,1259455.104446988,1540310.6632577612,0.5403106632577612,0.022531088714812686,1423982.0840785766,0.4239820840785766,116328.57917918451,0.1163285791791846
2020-09-21,0.0,0.2298356554486731,-4469.348293059785,0.0,0.0,0.0,1003016.205016188,230528.88690553635,772487.3181106518,3016.2050161880907,0.0030162050161881,3,"mom20@q0.6,hold_q=0.4,buy_top=5,hold_top=10,rebalance=20d,min_hold=5d,turnover_penalty=0.01,target_vol=0.18",-0.004436141320716347,1000000.0,1259455.104446988,1533477.6274777434,0.5334776274777435,-0.009638828901287422,1410256.5644116446,0.4102565644116445,123221.06306609884,0.12322106306609903
2020-09-22,0.0,0.2298356554486731,-2961.4217572479583,0.0,0.0,0.0,1000054.7832589402,229848.2465948993,770206.5366640409,54.78325894020964,5.478325894014979e-05,3,"mom20@q0.6,hold_q=0.4,buy_top=5,hold_top=10,rebalance=20d,min_hold=5d,turnover_penalty=0.01,target_vol=0.18",-0.002952516362584534,1000000.0,1259455.104446988,1528950.009690958,0.5289500096909581,-0.011866317945701033,1393522.011633324,0.393522011633324,135427.9980576341,0.13542799805763406
2020-09-23,0.0,0.2298356554486731,13657.69484453048,0.0,0.0,0.0,1013712.4781034706,232987.27184140997,780725.2062620607,13712.47810347064,0.0137124781034705,3,"mom20@q0.6,hold_q=0.4,buy_top=5,hold_top=10,rebalance=20d,min_hold=5d,turnover_penalty=0.01,target_vol=0.18",0.013656946672484516,1000000.0,1259455.104446988,1549830.7984382024,0.5498307984382023,0.003574386939789731,1398502.9985120157,0.39850299851201565,151327.79992618668,0.1513277999261866
2020-09-24,0.0,0.2298356554486731,-11728.857743992674,0.0,0.0,0.0,1001983.620359478,230291.56213415516,771692.0582253227,1983.6203594779363,0.0019836203594778,3,"mom20@q0.6,hold_q=0.4,buy_top=5,hold_top=10,rebalance=20d,min_hold=5d,turnover_penalty=0.01,target_vol=0.18",-0.011570201607792985,1000000.0,1259455.104446988,1531898.9436423054,0.5318989436423054,-0.019186085251906126,1371671.2007575177,0.3716712007575178,160227.74288478773,0.16022774288478758
2020-09-25,0.0,0.2298356554486731,-615.552105833903,0.0,0.0,0.0,1001368.068253644,230150.086312448,771217.981941196,1368.0682536440436,0.0013680682536441,3,"mom20@q0.6,hold_q=0.4,buy_top=5,hold_top=10,rebalance=20d,min_hold=5d,turnover_penalty=0.01,target_vol=0.18",-0.0006143335013931717,1000000.0,1259455.104446988,1530957.8468004772,0.5309578468004772,0.0015230973883813004,1373760.3895811094,0.37376038958110946,157197.45721936785,0.15719745721936773
2020-09-28,0.0,0.2298356554486731,1448.0075383671788,0.0,0.0,0.0,1002816.0757920112,230482.8900741232,772333.185717888,2816.075792011223,0.0028160757920112,3,"mom20@q0.6,hold_q=0.4,buy_top=5,hold_top=10,rebalance=20d,min_hold=5d,turnover_penalty=0.01,target_vol=0.18",0.0014460292716267364,1000000.0,1259455.104446988,1533171.6566605773,0.5331716566605773,0.002601739160878802,1377334.5557843468,0.3773345557843468,155837.1008762305,0.15583710087623048
2020-09-29,0.0,0.2298356554486731,1726.9824756843252,0.0,0.0,0.0,1004543.0582676956,230879.8122233705,773663.2460443251,4543.058267695596,0.0045430582676955,3,"mom20@q0.6,hold_q=0.4,buy_top=5,hold_top=10,rebalance=20d,min_hold=5d,turnover_penalty=0.01,target_vol=0.18",0.0017221328191416863,1000000.0,1259455.104446988,1535811.9818878903,0.5358119818878904,0.002158488490607624,1380307.5165707234,0.3803075165707235,155504.46531716688,0.15550446531716688
2020-09-30,0.0,0.2298356554486731,4909.385056618314,0.0,0.0,0.0,1009452.4433243138,232008.1639557083,777444.2793686056,9452.443324313848,0.0094524433243139,3,"mom20@q0.6,hold_q=0.4,buy_top=5,hold_top=10,rebalance=20d,min_hold=5d,turnover_penalty=0.01,target_vol=0.18",0.004887182302652393,1000000.0,1259455.104446988,1543317.7750259743,0.5433177750259743,-0.0009582298880614903,1378984.8646536295,0.37898486465362957,164332.91037234478,0.16433291037234476
2020-10-09,0.0,0.2298356554486731,16947.86463304824,0.0,0.0,0.0,1026400.3079573622,235903.38753210037,790496.9204252618,26400.30795736215,0.0264003079573622,3,"mom20@q0.6,hold_q=0.4,buy_top=5,hold_top=10,rebalance=20d,min_hold=5d,turnover_penalty=0.01,target_vol=0.18",0.016789165993036592,1000000.0,1259455.104446988,1569228.7933308892,0.5692287933308893,0.020434232898809856,1407163.3625418956,0.40716336254189556,162065.4307889936,0.16206543078899371
2020-10-12,0.0,0.2298356554486731,5938.812978490836,0.0,0.0,0.0,1032339.120935853,237268.3385055989,795070.7824302542,32339.12093585299,0.032339120935853,3,"mom20@q0.6,hold_q=0.4,buy_top=5,hold_top=10,rebalance=20d,min_hold=5d,turnover_penalty=0.01,target_vol=0.18",0.005786059232883112,1000000.0,1259455.104446988,1578308.4440790475,0.5783084440790476,0.030338763634499166,1449854.959193181,0.4498549591931811,128453.48488586652,0.1284534848858665
2020-10-13,0.0,0.2298356554486731,1551.3993327587575,0.0,0.0,0.0,1033890.5202686116,237624.9053881061,796265.6148805056,33890.520268611726,0.0338905202686117,3,"mom20@q0.6,hold_q=0.4,buy_top=5,hold_top=10,rebalance=20d,min_hold=5d,turnover_penalty=0.01,target_vol=0.18",0.0015028000986267998,1000000.0,1259455.104446988,1580680.326164473,0.5806803261644731,0.0033256205475249434,1454676.6266364048,0.45467662663640485,126003.6995280683,0.12600369952806822
2020-10-14,0.0,0.2298356554486731,-2219.3541824768754,0.0,0.0,0.0,1031671.1660861349,237114.81866490375,794556.3474212311,31671.16608613485,0.0316711660861348,3,"mom20@q0.6,hold_q=0.4,buy_top=5,hold_top=10,rebalance=20d,min_hold=5d,turnover_penalty=0.01,target_vol=0.18",-0.0021466046345991474,1000000.0,1259455.104446988,1577287.2304505089,0.5772872304505088,-0.006633327822780477,1445027.279695789,0.44502727969578904,132259.9507547198,0.13225995075471975
2020-10-15,0.0,0.2298356554486731,-4371.230874041131,0.0,0.0,0.0,1027299.9352120938,236110.15395185107,791189.7812602427,27299.935212093755,0.0272999352120937,3,"mom20@q0.6,hold_q=0.4,buy_top=5,hold_top=10,rebalance=20d,min_hold=5d,turnover_penalty=0.01,target_vol=0.18",-0.0042370389109780415,1000000.0,1259455.104446988,1570604.2030813012,0.5706042030813012,-0.001739094256412499,1442514.2410533107,0.4425142410533107,128089.96202799049,0.1280899620279905
2020-10-16,0.0,0.2298356554486731,-2448.7029193234025,0.0,0.0,0.0,1024851.2322927704,235547.3547113893,789303.877581381,24851.23229277029,0.0248512322927703,3,"mom20@q0.6,hold_q=0.4,buy_top=5,hold_top=10,rebalance=20d,min_hold=5d,turnover_penalty=0.01,target_vol=0.18",-0.002383629975424628,1000000.0,1259455.104446988,1566860.4638233087,0.5668604638233088,-0.001471219528459411,1440391.9859317923,0.4403919859317924,126468.4778915164,0.12646847789151638
2020-10-19,0.0,0.2298356554486731,-7780.604249647998,0.0,0.0,0.0,1017070.6280431224,233759.09443388472,783311.5336092376,17070.628043122357,0.0170706280431223,3,"mom20@q0.6,hold_q=0.4,buy_top=5,hold_top=10,rebalance=20d,min_hold=5d,turnover_penalty=0.01,target_vol=0.18",-0.007591935301908603,1000000.0,1259455.104446988,1554964.9605548438,0.5549649605548437,-0.007552674636035928,1429513.1739136956,0.4295131739136957,125451.78664114815,0.12545178664114798
2020-10-20,0.0,0.2298356554486731,9904.068427245316,0.0,0.0,0.0,1026974.6964703676,236035.40249246912,790939.2939778985,26974.69647036761,0.0269746964703676,3,"mom20@q0.6,hold_q=0.4,buy_top=5,hold_top=10,rebalance=20d,min_hold=5d,turnover_penalty=0.01,target_vol=0.18",0.009737837426591511,1000000.0,1259455.104446988,1570106.956544773,0.570106956544773,0.00798655869321574,1440930.0647798826,0.4409300647798826,129176.8917648904,0.12917689176489033
2020-10-21,0.0,0.2298356554486731,-5442.499552463966,0.0,0.0,0.0,1021532.1969179036,234784.52204054943,786747.6748773542,21532.19691790361,0.0215321969179036,3,"mom20@q0.6,hold_q=0.4,buy_top=5,hold_top=10,rebalance=20d,min_hold=5d,turnover_penalty=0.01,target_vol=0.18",-0.005299545910108061,1000000.0,1259455.104446988,1561786.102644784,0.5617861026447839,-0.00013351496932290097,1440737.679046487,0.440737679046487,121048.42359829694,0.12104842359829693
2020-10-22,0.0,0.2298356554486731,2647.065425659582,0.0,0.0,0.0,1024179.2623435633,235392.91205767143,788786.3502858918,24179.262343563256,0.0241792623435632,3,"mom20@q0.6,hold_q=0.4,buy_top=5,hold_top=10,rebalance=20d,min_hold=5d,turnover_penalty=0.01,target_vol=0.18",0.0025912696962917536,1000000.0,1259455.104446988,1565833.1116446569,0.5658331116446569,-0.0030983782024399664,1436273.7288262954,0.43627372882629545,129559.38281836151,0.12955938281836143
2020-10-23,-79060.06330106276,0.3082481152492088,-9516.215858036856,261608.4350593514,183195.97525881577,327.01054382418926,1014663.0464855264,312767.97169218387,701895.0747933425,14663.04648552637,0.0146630464855264,3,"mom20@q0.6,hold_q=0.4,buy_top=5,hold_top=10,rebalance=20d,min_hold=5d,turnover_penalty=0.01,target_vol=0.18",-0.009291552961403937,1000000.0,1259455.104446988,1551284.0903590906,0.5512840903590905,-0.01245086835859499,1418390.873701771,0.41839087370177097,132893.21665731957,0.13289321665731957
2020-10-26,0.0,0.3082481152492088,13479.455382219385,0.0,0.0,0.0,1028142.5018677458,316922.9884083388,711219.513459407,28142.50186774577,0.0281425018677456,3,"mom20@q0.6,hold_q=0.4,buy_top=5,hold_top=10,rebalance=20d,min_hold=5d,turnover_penalty=0.01,target_vol=0.18",0.013284661769153772,1000000.0,1259455.104446988,1571892.3748073806,0.5718923748073805,-0.005775152644172166,1410199.4498970425,0.4101994498970425,161692.92491033813,0.16169292491033804
2020-10-27,0.0,0.3082481152492088,2449.638521218954,0.0,0.0,0.0,1030592.1403889648,317678.0848655464,712914.0555234184,30592.140388964675,0.0305921403889646,3,"mom20@q0.6,hold_q=0.4,buy_top=5,hold_top=10,rebalance=20d,min_hold=5d,turnover_penalty=0.01,target_vol=0.18",0.0023825865741071706,1000000.0,1259455.104446988,1575637.544475538,0.5756375444755379,0.0017138325901040474,1412616.2956728227,0.41261629567282276,163021.2488027152,0.16302124880271518
2020-10-28,0.0,0.3082481152492088,10242.344997249858,0.0,0.0,0.0,1040834.4853862146,320835.2684066808,719999.2169795338,40834.48538621457,0.0408344853862145,3,"mom20@q0.6,hold_q=0.4,buy_top=5,hold_top=10,rebalance=20d,min_hold=5d,turnover_penalty=0.01,target_vol=0.18",0.009938310798085492,1000000.0,1259455.104446988,1591296.720097668,0.591296720097668,0.008084217156670848,1424036.1925660938,0.4240361925660938,167260.52753157425,0.16726052753157417
2020-10-29,0.0,0.3082481152492088,1556.8847094245598,0.0,0.0,0.0,1042391.3700956393,321315.17518402124,721076.1949116179,42391.37009563914,0.042391370095639,3,"mom20@q0.6,hold_q=0.4,buy_top=5,hold_top=10,rebalance=20d,min_hold=5d,turnover_penalty=0.01,target_vol=0.18",0.0014958043101800378,1000000.0,1259455.104446988,1593676.9885903655,0.5936769885903654,0.007525431313815778,1434752.6791216377,0.4347526791216376,158924.3094687278,0.15892430946872782
2020-10-30,0.0,0.3082481152492088,4189.642531689036,0.0,0.0,0.0,1046581.0126273282,322606.6245979823,723974.3880293458,46581.01262732816,0.046581012627328,3,"mom20@q0.6,hold_q=0.4,buy_top=5,hold_top=10,rebalance=20d,min_hold=5d,turnover_penalty=0.01,target_vol=0.18",0.0040192605693814,1000000.0,1259455.104446988,1600082.3916709372,0.6000823916709372,-0.01625629593624034,1411428.9149745225,0.4114289149745225,188653.47669641464,0.18865347669641475
2020-11-02,0.0,0.3082481152492088,21502.570667312662,0.0,0.0,0.0,1068083.5832946408,329234.7514791943,738848.8318154465,68083.58329464076,0.0680835832946407,3,"mom20@q0.6,hold_q=0.4,buy_top=5,hold_top=10,rebalance=20d,min_hold=5d,turnover_penalty=0.01,target_vol=0.18",0.020545538671041585,1000000.0,1259455.104446988,1632956.9463258653,0.6329569463258653,0.005430928177572181,1419094.2840394978,0.4190942840394978,213862.6622863675,0.21386266228636752
2020-11-03,0.0,0.3082481152492088,-2328.317068218914,0.0,0.0,0.0,1065755.266226422,328517.05213121336,737238.2140952087,65755.26622642204,0.065755266226422,3,"mom20@q0.6,hold_q=0.4,buy_top=5,hold_top=10,rebalance=20d,min_hold=5d,turnover_penalty=0.01,target_vol=0.18",-0.00217990155886183,1000000.0,1259455.104446988,1629397.2609330155,0.6293972609330154,0.012016954645687417,1436147.4756887546,0.43614747568875467,193249.78524426091,0.19324978524426073
2020-11-04,0.0,0.3082481152492088,1058.321543087828,0.0,0.0,0.0,1066813.5877695098,328843.27775219776,737970.310017312,66813.58776950976,0.0668135877695097,3,"mom20@q0.6,hold_q=0.4,buy_top=5,hold_top=10,rebalance=20d,min_hold=5d,turnover_penalty=0.01,target_vol=0.18",0.000993024924788699,1000000.0,1259455.104446988,1631015.2930255043,0.6310152930255044,0.0075561583737304705,1446999.233463092,0.4469992334630921,184016.05956241232,0.1840160595624123
2020-11-05,0.0,0.3082481152492088,15487.63696722598,0.0,0.0,0.0,1082301.2247367357,333617.3126570092,748683.9120797266,82301.22473673569,0.0823012247367356,3,"mom20@q0.6,hold_q=0.4,buy_top=5,hold_top=10,rebalance=20d,min_hold=5d,turnover_penalty=0.01,target_vol=0.18",0.014517660015567868,1000000.0,1259455.104446988,1654693.8185298406,0.6546938185298405,0.014843175463161051,1468477.2969804443,0.46847729698044427,186216.52154939622,0.18621652154939627
2020-11-06,0.0,0.3082481152492088,3474.9387114845827,0.0,0.0,0.0,1085776.1634482204,334688.4559654308,751087.7074827895,85776.16344822035,0.0857761634482203,3,"mom20@q0.6,hold_q=0.4,buy_top=5,hold_top=10,rebalance=20d,min_hold=5d,turnover_penalty=0.01,target_vol=0.18",0.0032106946126111424,1000000.0,1259455.104446988,1660006.5350585154,0.6600065350585154,0.0001248692455237954,1468660.664632587,0.46866066463258704,191345.87042592838,0.19134587042592832
2020-11-09,0.0,0.3082481152492088,1942.5138282793048,0.0,0.0,0.0,1087718.6772764996,335287.2321918434,752431.4450846561,87718.67727649957,0.0877186772764995,3,"mom20@q0.6,hold_q=0.4,buy_top=5,hold_top=10,rebalance=20d,min_hold=5d,turnover_penalty=0.01,target_vol=0.18",0.0017890555104012051,1000000.0,1259455.104446988,1662976.3788973638,0.6629763788973637,0.01957336892003636,1497407.3016397865,0.4974073016397864,165569.07725757733,0.1655690772575773
2020-11-10,0.0,0.3082481152492088,-2421.7206168002067,0.0,0.0,0.0,1085296.956659699,334540.7413760546,750756.2152836447,85296.95665969932,0.0852969566596992,3,"mom20@q0.6,hold_q=0.4,buy_top=5,hold_top=10,rebalance=20d,min_hold=5d,turnover_penalty=0.01,target_vol=0.18",-0.0022264218381026213,1000000.0,1259455.104446988,1659273.8919711378,0.6592738919711378,-0.005514569343651909,1489149.745239203,0.48914974523920307,170124.14673193474,0.17012414673193477
2020-11-11,0.0,0.3082481152492088,-12481.984783645084,0.0,0.0,0.0,1072814.9718760543,330693.1930919267,742121.7787841277,72814.9718760543,0.0728149718760542,3,"mom20@q0.6,hold_q=0.4,buy_top=5,hold_top=10,rebalance=20d,min_hold=5d,turnover_penalty=0.01,target_vol=0.18",-0.011500985704467004,1000000.0,1259455.104446988,1640190.6066597824,0.6401906066597824,-0.009887199528450519,1474426.2245802816,0.4744262245802817,165764.3820795007,0.16576438207950073
2020-11-12,0.0,0.3082481152492088,8299.647016552426,0.0,0.0,0.0,1081114.6188926068,333251.54364201275,747863.0752505941,81114.61889260681,0.0811146188926068,3,"mom20@q0.6,hold_q=0.4,buy_top=5,hold_top=10,rebalance=20d,min_hold=5d,turnover_penalty=0.01,target_vol=0.18",0.00773632661188417,1000000.0,1259455.104446988,1652879.656898647,0.652879656898647,0.0007258048074374468,1475496.3702222938,0.47549637022229385,177383.2866763533,0.17738328667635317
2020-11-13,0.0,0.3082481152492088,6103.747473264804,0.0,0.0,0.0,1087218.3663658716,335133.0122966037,752085.3540692679,87218.36636587163,0.0872183663658716,3,"mom20@q0.6,hold_q=0.4,buy_top=5,hold_top=10,rebalance=20d,min_hold=5d,turnover_penalty=0.01,target_vol=0.18",0.005645791266347899,1000000.0,1259455.104446988,1662211.4704298896,0.6622114704298896,-0.010514499456041104,1459982.264440201,0.45998226444020096,202229.20598968863,0.20222920598968863
2020-11-16,0.0,0.3082481152492088,-3198.0908601453903,0.0,0.0,0.0,1084020.2755057262,334147.20681656816,749873.0686891581,84020.27550572623,0.0840202755057262,3,"mom20@q0.6,hold_q=0.4,buy_top=5,hold_top=10,rebalance=20d,min_hold=5d,turnover_penalty=0.01,target_vol=0.18",-0.0029415349842142335,1000000.0,1259455.104446988,1657322.017238458,0.657322017238458,0.00974294038317014,1474206.7846031275,0.4742067846031275,183115.2326353304,0.18311523263533047
2020-11-17,0.0,0.3082481152492088,-11704.1745875322,0.0,0.0,0.0,1072316.100918194,330539.4170594137,741776.6838587804,72316.10091819405,0.072316100918194,3,"mom20@q0.6,hold_q=0.4,buy_top=5,hold_top=10,rebalance=20d,min_hold=5d,turnover_penalty=0.01,target_vol=0.18",-0.01079700707818576,1000000.0,1259455.104446988,1639427.8996875011,0.6394278996875011,-0.0019126580032911011,1471387.1311980502,0.4713871311980502,168040.76848945091,0.16804076848945093
2020-11-18,0.0,0.3082481152492088,-5172.575403447259,0.0,0.0,0.0,1067143.5255147468,328944.98044031666,738198.5450744301,67143.52551474678,0.0671435255147467,3,"mom20@q0.6,hold_q=0.4,buy_top=5,hold_top=10,rebalance=20d,min_hold=5d,turnover_penalty=0.01,target_vol=0.18",-0.004823741244786017,1000000.0,1259455.104446988,1631519.7237099258,0.6315197237099257,-0.0006374124324025621,1470449.2507477473,0.47044925074774735,161070.47296217852,0.16107047296217836
2020-11-19,0.0,0.3082481152492088,970.8473562449,0.0,0.0,0.0,1068114.3728709917,329244.24230807385,738870.1305629178,68114.3728709917,0.0681143728709916,3,"mom20@q0.6,hold_q=0.4,buy_top=5,hold_top=10,rebalance=20d,min_hold=5d,turnover_penalty=0.01,target_vol=0.18",0.0009097626823688643,1000000.0,1259455.104446988,1633004.0194701056,0.6330040194701056,0.007424867172151739,1481367.1411179395,0.48136714111793943,151636.87835216615,0.15163687835216622
2020-11-20,99021.01959560324,0.208563780958375,2763.924691818527,162955.70340718192,262640.0376980157,203.6946292589774,1070878.29756281,223346.42668596757,847531.8708768426,70878.29756281013,0.0708782975628101,3,"mom20@q0.6,hold_q=0.4,buy_top=5,hold_top=10,rebalance=20d,min_hold=5d,turnover_penalty=0.01,target_vol=0.18",0.002587667352878187,1000000.0,1259455.104446988,1637229.6906584073,0.6372296906584072,0.0031047140923581296,1485966.3625569246,0.4859663625569246,151263.3281014827,0.15126332810148257
2020-11-23,0.0,0.208563780958375,14019.628407635302,0.0,0.0,0.0,1084897.9259704454,226270.4133942954,858627.51257615,84897.92597044539,0.0848979259704454,3,"mom20@q0.6,hold_q=0.4,buy_top=5,hold_top=10,rebalance=20d,min_hold=5d,turnover_penalty=0.01,target_vol=0.18",0.013091710271412316,1000000.0,1259455.104446988,1658663.8274162612,0.6586638274162613,0.012489657697606127,1504525.5737754174,0.5045255737754175,154138.2536408438,0.15413825364084377
2020-11-24,0.0,0.208563780958375,1312.2494489420824,0.0,0.0,0.0,1086210.1754193874,226544.10110092728,859666.0743184602,86210.17541938741,0.0862101754193873,3,"mom20@q0.6,hold_q=0.4,buy_top=5,hold_top=10,rebalance=20d,min_hold=5d,turnover_penalty=0.01,target_vol=0.18",0.001209560289064271,1000000.0,1259455.104446988,1660670.0813148115,0.6606700813148114,-0.006141821327744212,1495285.046518267,0.495285046518267,165385.03479654458,0.16538503479654443
2020-11-25,0.0,0.208563780958375,-5989.655469732596,0.0,0.0,0.0,1080220.519949655,225294.87590952188,854925.6440401331,80220.51994965505,0.080220519949655,3,"mom20@q0.6,hold_q=0.4,buy_top=5,hold_top=10,rebalance=20d,min_hold=5d,turnover_penalty=0.01,target_vol=0.18",-0.0055142693424131695,1000000.0,1259455.104446988,1651512.6991975545,0.6515126991975544,-0.012783733960022414,1476169.7202891777,0.4761697202891777,175342.97890837677,0.1753429789083767
2020-11-26,0.0,0.208563780958375,-5094.239029659476,0.0,0.0,0.0,1075126.2809199954,224232.40215639037,850893.878763605,75126.28091999539,0.0751262809199952,3,"mom20@q0.6,hold_q=0.4,buy_top=5,hold_top=10,rebalance=20d,min_hold=5d,turnover_penalty=0.01,target_vol=0.18",-0.004715925068611959,1000000.0,1259455.104446988,1643724.2890582776,0.6437242890582777,0.0018103325391491953,1478842.0783671238,0.4788420783671239,164882.21069115377,0.16488221069115383
2020-11-27,0.0,0.208563780958375,-1019.8646874531078,0.0,0.0,0.0,1074106.4162325424,224019.6953211092,850086.7209114332,74106.41623254237,0.0741064162325424,3,"mom20@q0.6,hold_q=0.4,buy_top=5,hold_top=10,rebalance=20d,min_hold=5d,turnover_penalty=0.01,target_vol=0.18",-0.0009485999045435456,1000000.0,1259455.104446988,1642165.0523545812,0.6421650523545812,0.012435995682567036,1497232.9520688958,0.49723295206889584,144932.1002856854,0.14493210028568537
2020-11-30,0.0,0.208563780958375,-1374.788393942873,0.0,0.0,0.0,1072731.6278385995,223732.9642556508,848998.6635829487,72731.6278385995,0.0727316278385994,3,"mom20@q0.6,hold_q=0.4,buy_top=5,hold_top=10,rebalance=20d,min_hold=5d,turnover_penalty=0.01,target_vol=0.18",-0.0012799368602274264,1000000.0,1259455.104446988,1640063.1847734952,0.6400631847734952,-0.004119844923576199,1491064.5844919037,0.4910645844919037,148998.60028159153,0.1489986002815915
2020-12-01,0.0,0.208563780958375,236.77360385286053,0.0,0.0,0.0,1072968.4014424523,223782.34665370148,849186.0547887508,72968.40144245233,0.0729684014424523,3,"mom20@q0.6,hold_q=0.4,buy_top=5,hold_top=10,rebalance=20d,min_hold=5d,turnover_penalty=0.01,target_vol=0.18",0.00022072026004305023,1000000.0,1259455.104446988,1640425.1799461253,0.6404251799461254,0.02154125296104037,1523183.9838876924,0.5231839838876924,117241.1960584328,0.11724119605843297
2020-12-02,0.0,0.208563780958375,0.6528363949396407,0.0,0.0,0.0,1072969.0542788473,223782.4828117284,849186.5714671189,72969.0542788473,0.0729690542788472,3,"mom20@q0.6,hold_q=0.4,buy_top=5,hold_top=10,rebalance=20d,min_hold=5d,turnover_penalty=0.01,target_vol=0.18",6.084395347549787e-07,1000000.0,1259455.104446988,1640426.1780456586,0.6404261780456586,7.89406169210416e-06,1523196.0079960297,0.5231960079960296,117230.17004962894,0.11723017004962899
2020-12-03,0.0,0.208563780958375,-3294.9496336732363,0.0,0.0,0.0,1069674.104645174,223095.27565806205,846578.8289871119,69674.104645174,0.0696741046451741,3,"mom20@q0.6,hold_q=0.4,buy_top=5,hold_top=10,rebalance=20d,min_hold=5d,turnover_penalty=0.01,target_vol=0.18",-0.0030708710754829838,1000000.0,1259455.104446988,1635388.640744033,0.635388640744033,-0.0019892878428462435,1520165.9326950512,0.5201659326950512,115222.70804898185,0.11522270804898183
2020-12-04,0.0,0.208563780958375,8349.918454962704,0.0,0.0,0.0,1078024.0231001368,224836.7662217232,853187.2568784136,78024.02310013678,0.0780240231001367,3,"mom20@q0.6,hold_q=0.4,buy_top=5,hold_top=10,rebalance=20d,min_hold=5d,turnover_penalty=0.01,target_vol=0.18",0.007806039632727746,1000000.0,1259455.104446988,1648154.5492885937,0.6481545492885936,0.001752006106314763,1522829.2726917446,0.5228292726917445,125325.27659684909,0.1253252765968491
2020-12-07,0.0,0.208563780958375,2967.577688790704,0.0,0.0,0.0,1080991.6007889274,225455.6954447851,855535.9053441423,80991.6007889274,0.0809916007889273,3,"mom20@q0.6,hold_q=0.4,buy_top=5,hold_top=10,rebalance=20d,min_hold=5d,turnover_penalty=0.01,target_vol=0.18",0.002752793653203245,1000000.0,1259455.104446988,1652691.5786713734,0.6526915786713734,-0.00862232328974799,1509698.9463875045,0.5096989463875046,142992.63228386897,0.14299263228386883
2020-12-08,0.0,0.208563780958375,8137.860175590695,0.0,0.0,0.0,1089129.460964518,227152.9583319169,861976.5026326012,89129.46096451813,0.0891294609645181,3,"mom20@q0.6,hold_q=0.4,buy_top=5,hold_top=10,rebalance=20d,min_hold=5d,turnover_penalty=0.01,target_vol=0.18",0.007528143761386552,1000000.0,1259455.104446988,1665133.2784688445,0.6651332784688444,-0.0024610532352097314,1505983.4969113048,0.5059834969113048,159149.7815575397,0.15914978155753956
2020-12-09,0.0,0.208563780958375,1032.085799496917,0.0,0.0,0.0,1090161.546764015,227368.21404853335,862793.3327154816,90161.546764015,0.0901615467640148,3,"mom20@q0.6,hold_q=0.4,buy_top=5,hold_top=10,rebalance=20d,min_hold=5d,turnover_penalty=0.01,target_vol=0.18",0.0009476245354551605,1000000.0,1259455.104446988,1666711.1996183244,0.6667111996183244,-0.013409502822422925,1485789.0069589503,0.48578900695895033,180922.1926593741,0.18092219265937404
2020-12-10,0.0,0.208563780958375,2674.214171127257,0.0,0.0,0.0,1092835.7609351424,227925.95826715615,864909.8026679863,92835.7609351424,0.0928357609351424,3,"mom20@q0.6,hold_q=0.4,buy_top=5,hold_top=10,rebalance=20d,min_hold=5d,turnover_penalty=0.01,target_vol=0.18",0.00245304393561252,1000000.0,1259455.104446988,1670799.7154189656,0.6707997154189655,-0.0004390312986829459,1485136.6990816563,0.48513669908165635,185663.01633730927,0.1856630163373092
2020-12-11,0.0,0.208563780958375,-3544.94851334086,0.0,0.0,0.0,1089290.8124218015,227186.61040191105,862104.2020198904,89290.8124218015,0.0892908124218014,3,"mom20@q0.6,hold_q=0.4,buy_top=5,hold_top=10,rebalance=20d,min_hold=5d,turnover_penalty=0.01,target_vol=0.18",-0.0032438072032959786,1000000.0,1259455.104446988,1665379.9632668246,0.6653799632668247,-0.010302538391629978,1469836.021222549,0.46983602122254897,195543.94204427558,0.19554394204427572
2020-12-14,0.0,0.208563780958375,12740.345659584433,0.0,0.0,0.0,1102031.1580813858,229843.78506339056,872187.3730179952,102031.15808138576,0.1020311580813857,3,"mom20@q0.6,hold_q=0.4,buy_top=5,hold_top=10,rebalance=20d,min_hold=5d,turnover_penalty=0.01,target_vol=0.18",0.011696000291472997,1000000.0,1259455.104446988,1684858.2478026068,0.6848582478026068,0.0092460983755418,1483426.2696706876,0.4834262696706877,201431.97813191917,0.20143197813191915
2020-12-15,0.0,0.208563780958375,2915.145908991828,0.0,0.0,0.0,1104946.3039903776,230451.77891621523,874494.5250741623,104946.30399037758,0.1049463039903775,3,"mom20@q0.6,hold_q=0.4,buy_top=5,hold_top=10,rebalance=20d,min_hold=5d,turnover_penalty=0.01,target_vol=0.18",0.00264524817435019,1000000.0,1259455.104446988,1689315.1160066456,0.6893151160066455,0.0020790947629507617,1486510.4534591835,0.48651045345918353,202804.66254746215,0.202804662547462
2020-12-16,0.0,0.208563780958375,23.65292714124879,0.0,0.0,0.0,1104969.956917519,230456.71206013055,874513.2448573884,104969.95691751898,0.104969956917519,3,"mom20@q0.6,hold_q=0.4,buy_top=5,hold_top=10,rebalance=20d,min_hold=5d,turnover_penalty=0.01,target_vol=0.18",2.140640414460826e-05,1000000.0,1259455.104446988,1689351.2781687463,0.6893512781687463,0.0017734727305815934,1489146.7392121179,0.4891467392121178,200204.5389566284,0.20020453895662849
2020-12-17,0.0,0.208563780958375,3642.329079242104,0.0,0.0,0.0,1108612.285996761,231216.3699843919,877395.9160123691,108612.28599676094,0.1086122859967608,3,"mom20@q0.6,hold_q=0.4,buy_top=5,hold_top=10,rebalance=20d,min_hold=5d,turnover_penalty=0.01,target_vol=0.18",0.003296315032313535,1000000.0,1259455.104446988,1694919.9121818321,0.6949199121818321,0.012840466140613183,1508268.0774953756,0.5082680774953756,186651.83468645648,0.18665183468645652
2020-12-18,-34729.51605402722,0.2430229051885763,9042.085655718172,110231.76374293047,75772.63951272919,137.7897046786631,1117654.3716524793,271615.6123956983,846038.759256781,117654.37165247928,0.1176543716524793,3,"mom20@q0.6,hold_q=0.4,buy_top=5,hold_top=10,rebalance=20d,min_hold=5d,turnover_penalty=0.01,target_vol=0.18",0.008156219960694822,1000000.0,1259455.104446988,1708744.0518013488,0.7087440518013488,-0.003489799660387094,1503004.5240707595,0.5030045240707595,205739.52773058927,0.20573952773058934
2020-12-21,0.0,0.2430229051885763,16771.37166468148,0.0,0.0,0.0,1134425.7433171608,275691.43986164656,858734.3034555141,134425.74331716076,0.1344257433171607,3,"mom20@q0.6,hold_q=0.4,buy_top=5,hold_top=10,rebalance=20d,min_hold=5d,turnover_penalty=0.01,target_vol=0.18",0.015005865936787322,1000000.0,1259455.104446988,1734385.2359629625,0.7343852359629626,0.009374056244337403,1517093.7730148924,0.5170937730148923,217291.46294807014,0.21729146294807022
2020-12-22,0.0,0.2430229051885763,-4270.477822688395,0.0,0.0,0.0,1130155.2654944723,274653.6159346335,855501.6495598389,130155.26549447236,0.1301552654944724,3,"mom20@q0.6,hold_q=0.4,buy_top=5,hold_top=10,rebalance=20d,min_hold=5d,turnover_penalty=0.01,target_vol=0.18",-0.0037644401564805863,1000000.0,1259455.104446988,1727856.2465338965,0.7278562465338965,-0.016261660761981656,1492423.3087340093,0.4924233087340093,235432.93779988727,0.23543293779988717
2020-12-23,0.0,0.2430229051885763,8860.183134041627,0.0,0.0,0.0,1139015.4486285138,276806.84338037105,862208.6052481427,139015.44862851384,0.1390154486285137,3,"mom20@q0.6,hold_q=0.4,buy_top=5,hold_top=10,rebalance=20d,min_hold=5d,turnover_penalty=0.01,target_vol=0.18",0.00783979281834779,1000000.0,1259455.104446988,1741402.2815266103,0.7414022815266104,0.008530103106488163,1505153.8334360365,0.5051538334360366,236248.44809057377,0.23624844809057377
2020-12-24,0.0,0.2430229051885763,65.77499277662378,0.0,0.0,0.0,1139081.2236212906,276822.82821020443,862258.3954110863,139081.22362129064,0.1390812236212906,3,"mom20@q0.6,hold_q=0.4,buy_top=5,hold_top=10,rebalance=20d,min_hold=5d,turnover_penalty=0.01,target_vol=0.18",5.774723499674117e-05,1000000.0,1259455.104446988,1741502.8426933857,0.7415028426933856,-0.0014179807953472734,1503019.554206181,0.503019554206181,238483.28848720458,0.23848328848720457
2020-12-25,0.0,0.2430229051885763,17533.097754608963,0.0,0.0,0.0,1156614.3213758997,281083.7725634848,875530.5488124148,156614.32137589948,0.1566143213758994,3,"mom20@q0.6,hold_q=0.4,buy_top=5,hold_top=10,rebalance=20d,min_hold=5d,turnover_penalty=0.01,target_vol=0.18",0.01539231565846455,1000000.0,1259455.104446988,1768308.6041682356,0.7683086041682357,0.008397966408134394,1515641.8619331738,0.5156418619331737,252666.7422350617,0.2526667422350619
2020-12-28,0.0,0.2430229051885763,1181.925140356523,0.0,0.0,0.0,1157796.246516256,281371.00744480966,876425.2390714465,157796.24651625613,0.1577962465162561,3,"mom20@q0.6,hold_q=0.4,buy_top=5,hold_top=10,rebalance=20d,min_hold=5d,turnover_penalty=0.01,target_vol=0.18",0.0010218835427786566,1000000.0,1259455.104446988,1770115.6096293891,0.7701156096293891,0.004442672664274783,1522375.3626020148,0.5223753626020149,247740.24702737434,0.24774024702737418
2020-12-29,0.0,0.2430229051885763,-19718.753283337657,0.0,0.0,0.0,1138077.4932329184,276578.89873519616,861498.5944977223,138077.49323291844,0.1380774932329185,3,"mom20@q0.6,hold_q=0.4,buy_top=5,hold_top=10,rebalance=20d,min_hold=5d,turnover_penalty=0.01,target_vol=0.18",-0.017031281058882408,1000000.0,1259455.104446988,1739968.273175076,0.7399682731750761,-0.004239388201192296,1515921.4224520142,0.5159214224520141,224046.85072306194,0.22404685072306196
2020-12-30,0.0,0.2430229051885763,8399.28455736922,0.0,0.0,0.0,1146476.7777902875,278620.1172698335,867856.6605204539,146476.7777902875,0.1464767777902875,3,"mom20@q0.6,hold_q=0.4,buy_top=5,hold_top=10,rebalance=20d,min_hold=5d,turnover_penalty=0.01,target_vol=0.18",0.007380239577104097,1000000.0,1259455.104446988,1752809.6558876683,0.7528096558876682,0.01403348046972619,1537195.0761276342,0.5371950761276341,215614.5797600341,0.21561457976003418
2020-12-31,0.0,0.2430229051885763,10352.50695103391,0.0,0.0,0.0,1156829.2847413216,281136.01358505874,875693.2711562628,156829.28474132158,0.1568292847413215,3,"mom20@q0.6,hold_q=0.4,buy_top=5,hold_top=10,rebalance=20d,min_hold=5d,turnover_penalty=0.01,target_vol=0.18",0.009029844434343737,1000000.0,1259455.104446988,1768637.2544033495,0.7686372544033495,0.019082036329787888,1566527.8884162726,0.5665278884162726,202109.3659870769,0.20210936598707696
2021-01-04,0.0,0.2430229051885763,23708.885556528185,0.0,0.0,0.0,1180538.1702978497,286897.8158317897,893640.35446606,180538.1702978497,0.1805381702978497,3,"mom20@q0.6,hold_q=0.4,buy_top=5,hold_top=10,rebalance=20d,min_hold=5d,turnover_penalty=0.01,target_vol=0.18",0.020494714189250196,1000000.0,1259455.104446988,1804884.9694368064,0.8048849694368063,0.010828412926549902,1583490.8992530003,0.5834908992530004,221394.07018380612,0.22139407018380597
2021-01-05,0.0,0.2430229051885763,-272.6149405318015,0.0,0.0,0.0,1180265.555357318,286831.5641569439,893433.991200374,180265.5553573179,0.1802655553573178,3,"mom20@q0.6,hold_q=0.4,buy_top=5,hold_top=10,rebalance=20d,min_hold=5d,turnover_penalty=0.01,target_vol=0.18",-0.00023092429147208993,1000000.0,1259455.104446988,1804468.1776540505,0.8044681776540505,0.019133515069138074,1613788.6462357007,0.6137886462357007,190679.53141834983,0.1906795314183498
2021-01-06,0.0,0.2430229051885763,1734.6728272828225,0.0,0.0,0.0,1182000.2281846008,287253.12938698183,894747.098797619,182000.22818460083,0.1820002281846009,3,"mom20@q0.6,hold_q=0.4,buy_top=5,hold_top=10,rebalance=20d,min_hold=5d,turnover_penalty=0.01,target_vol=0.18",0.0014697309596209962,1000000.0,1259455.104446988,1807120.2604003996,0.8071202604003995,0.009157103181329562,1628566.2753821393,0.6285662753821393,178553.9850182603,0.17855398501826025
2021-01-07,0.0,0.2430229051885763,15730.75497881355,0.0,0.0,0.0,1197730.9831634143,291076.0631627428,906654.9200006716,197730.9831634143,0.1977309831634142,3,"mom20@q0.6,hold_q=0.4,buy_top=5,hold_top=10,rebalance=20d,min_hold=5d,turnover_penalty=0.01,target_vol=0.18",0.013308588783416564,1000000.0,1259455.104446988,1831170.4808282491,0.8311704808282492,0.017717948859934163,1657421.1293643734,0.6574211293643735,173749.35146387573,0.1737493514638757
2021-01-08,0.0,0.2430229051885763,-448.00141203710064,0.0,0.0,0.0,1197282.9817513772,290967.1885580609,906315.7931933164,197282.98175137723,0.1972829817513772,3,"mom20@q0.6,hold_q=0.4,buy_top=5,hold_top=10,rebalance=20d,min_hold=5d,turnover_penalty=0.01,target_vol=0.18",-0.0003740417659179318,1000000.0,1259455.104446988,1830485.5465879033,0.8304855465879033,-0.003306333723878452,1651941.1419896872,0.6519411419896872,178544.40459821606,0.17854440459821608
2021-01-11,0.0,0.2430229051885763,-18488.632432357004,0.0,0.0,0.0,1178794.3493190203,286474.0273913858,892320.3219276345,178794.3493190203,0.1787943493190202,3,"mom20@q0.6,hold_q=0.4,buy_top=5,hold_top=10,rebalance=20d,min_hold=5d,turnover_penalty=0.01,target_vol=0.18",-0.015442157546841528,1000000.0,1259455.104446988,1802218.9003902767,0.8022189003902767,-0.009875478352012523,1635627.4330031693,0.6356274330031693,166591.46738710743,0.1665914673871074
2021-01-12,0.0,0.2430229051885763,10402.39744128081,0.0,0.0,0.0,1189196.746760301,289002.04823849205,900194.698521809,189196.74676030103,0.189196746760301,3,"mom20@q0.6,hold_q=0.4,buy_top=5,hold_top=10,rebalance=20d,min_hold=5d,turnover_penalty=0.01,target_vol=0.18",0.008824607487548652,1000000.0,1259455.104446988,1818122.7747928624,0.8181227747928623,0.02852149174073193,1682277.9673244837,0.6822779673244836,135844.80746837868,0.13584480746837868
2021-01-13,0.0,0.2430229051885763,-8109.89830063845,0.0,0.0,0.0,1181086.8484596624,287031.157192687,894055.6912669754,181086.8484596624,0.1810868484596624,3,"mom20@q0.6,hold_q=0.4,buy_top=5,hold_top=10,rebalance=20d,min_hold=5d,turnover_penalty=0.01,target_vol=0.18",-0.006819643866948222,1000000.0,1259455.104446988,1805723.8249623873,0.8057238249623873,-0.003284283506213903,1676752.8895435329,0.6767528895435329,128970.93541885447,0.1289709354188544
2021-01-14,0.0,0.2430229051885763,-6514.87350378825,0.0,0.0,0.0,1174571.9749558745,285447.8937068603,889124.081249014,174571.97495587426,0.1745719749558743,3,"mom20@q0.6,hold_q=0.4,buy_top=5,hold_top=10,rebalance=20d,min_hold=5d,turnover_penalty=0.01,target_vol=0.18",-0.005515998685688861,1000000.0,1259455.104446988,1795763.4547171777,0.7957634547171777,-0.019274036970439057,1644435.0923601803,0.6444350923601803,151328.36235699733,0.15132836235699743
2021-01-15,0.0,0.2430229051885763,8667.173481675118,0.0,0.0,0.0,1183239.1484375494,287554.21538615035,895684.933051399,183239.14843754936,0.1832391484375493,3,"mom20@q0.6,hold_q=0.4,buy_top=5,hold_top=10,rebalance=20d,min_hold=5d,turnover_penalty=0.01,target_vol=0.18",0.007379005856154919,1000000.0,1259455.104446988,1809014.4037658046,0.8090144037658047,-0.0022630638008503956,1640713.6308298118,0.6407136308298118,168300.7729359928,0.16830077293599288
2021-01-18,59955.0202697477,0.1827251594879154,3032.5967233701017,79068.12531235679,139365.87101301772,98.835156640446,1186271.7451609196,216761.6938305368,969510.0513303828,186271.7451609196,0.1862717451609197,3,"mom20@q0.6,hold_q=0.4,buy_top=5,hold_top=10,rebalance=20d,min_hold=5d,turnover_penalty=0.01,target_vol=0.18",0.0025629617878810684,1000000.0,1259455.104446988,1813650.838556383,0.813650838556383,0.011073491044469863,1658882.0585273453,0.6588820585273454,154768.78002903773,0.1547687800290376
2021-01-19,0.0,0.1827251594879154,-7711.8202985281405,0.0,0.0,0.0,1178559.9248623913,215352.55023654609,963207.3746258452,178559.92486239132,0.1785599248623912,3,"mom20@q0.6,hold_q=0.4,buy_top=5,hold_top=10,rebalance=20d,min_hold=5d,turnover_penalty=0.01,target_vol=0.18",-0.006500888459989529,1000000.0,1259455.104446988,1801860.4967495615,0.8018604967495615,-0.014677848408631289,1634533.2391444829,0.6345332391444829,167327.25760507863,0.1673272576050786
2021-01-20,0.0,0.1827251594879154,9542.0356782759,0.0,0.0,0.0,1188101.9605406672,217096.1202276984,971005.8403129688,188101.9605406672,0.188101960540667,3,"mom20@q0.6,hold_q=0.4,buy_top=5,hold_top=10,rebalance=20d,min_hold=5d,turnover_penalty=0.01,target_vol=0.18",0.008096351722963968,1000000.0,1259455.104446988,1816448.9930869604,0.8164489930869605,0.007155835748650086,1646229.6905295097,0.6462296905295097,170219.30255745072,0.17021930255745077
2021-01-21,0.0,0.1827251594879154,4462.639758459577,0.0,0.0,0.0,1192564.600299127,217911.55678930008,974653.0435098268,192564.60029912693,0.192564600299127,3,"mom20@q0.6,hold_q=0.4,buy_top=5,hold_top=10,rebalance=20d,min_hold=5d,turnover_penalty=0.01,target_vol=0.18",0.0037561084037172066,1000000.0,1259455.104446988,1823271.7724148182,0.8232717724148182,0.016167466762105898,1672845.0543339376,0.6728450543339375,150426.7180808806,0.1504267180808807
2021-01-22,0.0,0.1827251594879154,10612.525765981449,0.0,0.0,0.0,1203177.1260651082,219850.7322524586,983326.3938126497,203177.12606510823,0.2031771260651083,3,"mom20@q0.6,hold_q=0.4,buy_top=5,hold_top=10,rebalance=20d,min_hold=5d,turnover_penalty=0.01,target_vol=0.18",0.008898910602678889,1000000.0,1259455.104446988,1839496.9049219256,0.8394969049219256,0.0008643352974049279,1674290.9533614875,0.6742909533614876,165205.95156043814,0.16520595156043805
2021-01-25,0.0,0.1827251594879154,6213.889594931211,0.0,0.0,0.0,1209391.0156600394,220986.1662197327,988404.8494403068,209391.01566003935,0.2093910156600393,3,"mom20@q0.6,hold_q=0.4,buy_top=5,hold_top=10,rebalance=20d,min_hold=5d,turnover_penalty=0.01,target_vol=0.18",0.00516456759384476,1000000.0,1259455.104446988,1848997.1110260633,0.8489971110260632,0.010079392722872393,1691166.7894127704,0.6911667894127704,157830.3216132929,0.1578303216132928
2021-01-26,0.0,0.1827251594879154,-7149.0741970489335,0.0,0.0,0.0,1202241.9414629906,219679.850496886,982562.0909661044,202241.9414629906,0.2022419414629905,3,"mom20@q0.6,hold_q=0.4,buy_top=5,hold_top=10,rebalance=20d,min_hold=5d,turnover_penalty=0.01,target_vol=0.18",-0.00591130089811942,1000000.0,1259455.104446988,1838067.1327430347,0.8380671327430347,-0.020076716341504985,1657213.7134955565,0.6572137134955565,180853.41924747825,0.18085341924747822
2021-01-27,0.0,0.1827251594879154,7117.508213946749,0.0,0.0,0.0,1209359.4496769372,220980.39832043595,988379.0513565012,209359.4496769372,0.2093594496769371,3,"mom20@q0.6,hold_q=0.4,buy_top=5,hold_top=10,rebalance=20d,min_hold=5d,turnover_penalty=0.01,target_vol=0.18",0.005920196233784258,1000000.0,1259455.104446988,1848948.8508597426,0.8489488508597427,0.0027262981659612606,1661731.7722032652,0.6617317722032652,187217.0786564774,0.18721707865647752
2021-01-28,0.0,0.1827251594879154,-8552.347866850647,0.0,0.0,0.0,1200807.1018100863,219417.66919246956,981389.432617617,200807.1018100865,0.2008071018100865,3,"mom20@q0.6,hold_q=0.4,buy_top=5,hold_top=10,rebalance=20d,min_hold=5d,turnover_penalty=0.01,target_vol=0.18",-0.00707179976072092,1000000.0,1259455.104446988,1835873.4548186476,0.8358734548186475,-0.02729015918958022,1616382.8476094548,0.6163828476094548,219490.60720919282,0.21949060720919267
2021-01-29,0.0,0.1827251594879154,-7326.279745065555,0.0,0.0,0.0,1193480.8220650211,218078.97355759935,975401.8485074218,193480.82206502117,0.193480822065021,3,"mom20@q0.6,hold_q=0.4,buy_top=5,hold_top=10,rebalance=20d,min_hold=5d,turnover_penalty=0.01,target_vol=0.18",-0.0061011295936054255,1000000.0,1259455.104446988,1824672.5529533387,0.8246725529533387,-0.004680927035561666,1608816.6774382615,0.6088166774382615,215855.87551507726,0.21585587551507723
2021-02-01,0.0,0.1827251594879154,-7688.396522642287,0.0,0.0,0.0,1185792.4255423788,216674.1100767932,969118.3154655856,185792.4255423788,0.1857924255423788,3,"mom20@q0.6,hold_q=0.4,buy_top=5,hold_top=10,rebalance=20d,min_hold=5d,turnover_penalty=0.01,target_vol=0.18",-0.006441994190857225,1000000.0,1259455.104446988,1812918.0229669968,0.8129180229669968,0.012272116622477292,1628560.2633279704,0.6285602633279703,184357.75963902636,0.18435775963902645
2021-02-02,0.0,0.1827251594879154,11143.11669933461,0.0,0.0,0.0,1196935.5422417135,218710.2378528716,978225.3043888418,196935.5422417135,0.1969355422417134,3,"mom20@q0.6,hold_q=0.4,buy_top=5,hold_top=10,rebalance=20d,min_hold=5d,turnover_penalty=0.01,target_vol=0.18",0.009397189979720055,1000000.0,1259455.104446988,1829954.358046476,0.8299543580464761,0.015401511725563699,1653642.5533194032,0.6536425533194032,176311.80472707283,0.17631180472707286
2021-02-03,0.0,0.1827251594879154,3843.3841005564927,0.0,0.0,0.0,1200778.92634227,219412.52082561908,981366.4055166508,200778.92634226987,0.2007789263422699,3,"mom20@q0.6,hold_q=0.4,buy_top=5,hold_top=10,rebalance=20d,min_hold=5d,turnover_penalty=0.01,target_vol=0.18",0.0032110201133792593,1000000.0,1259455.104446988,1835830.3782967294,0.8358303782967293,-0.0028885184572512435,1648865.976282444,0.648865976282444,186964.40201428533,0.18696440201428532
2021-02-04,0.0,0.1827251594879154,-4424.3310194903015,0.0,0.0,0.0,1196354.5953227796,218604.0842344554,977750.5110883242,196354.5953227796,0.1963545953227796,3,"mom20@q0.6,hold_q=0.4,buy_top=5,hold_top=10,rebalance=20d,min_hold=5d,turnover_penalty=0.01,target_vol=0.18",-0.003684550854808566,1000000.0,1259455.104446988,1829066.1679070925,0.8290661679070925,-0.002050973528768374,1645484.1958126018,0.6454841958126019,183581.97209449066,0.18358197209449068
2021-02-05,0.0,0.1827251594879154,-7590.602397436488,0.0,0.0,0.0,1188763.992925343,217217.0902007745,971546.9027245686,188763.9929253431,0.188763992925343,3,"mom20@q0.6,hold_q=0.4,buy_top=5,hold_top=10,rebalance=20d,min_hold=5d,turnover_penalty=0.01,target_vol=0.18",-0.006344776395821428,1000000.0,1259455.104446988,1817461.15205856,0.81746115205856,0.0017281853140784786,1648327.8974343534,0.6483278974343534,169133.25462420657,0.16913325462420659
2021-02-08,0.0,0.1827251594879154,8197.646644318076,0.0,0.0,0.0,1196961.639569661,218715.00649128304,978246.633078378,196961.6395696611,0.1969616395696611,3,"mom20@q0.6,hold_q=0.4,buy_top=5,hold_top=10,rebalance=20d,min_hold=5d,turnover_penalty=0.01,target_vol=0.18",0.006895941240737891,1000000.0,1259455.104446988,1829994.2573704794,0.8299942573704795,0.014799185178566043,1672721.807223481,0.6727218072234808,157272.4501469985,0.15727245014699864
2021-02-09,0.0,0.1827251594879154,6347.927775236028,0.0,0.0,0.0,1203309.5673448972,219874.9326064308,983434.6347384664,203309.5673448972,0.2033095673448972,3,"mom20@q0.6,hold_q=0.4,buy_top=5,hold_top=10,rebalance=20d,min_hold=5d,turnover_penalty=0.01,target_vol=0.18",0.005303367765000733,1000000.0,1259455.104446988,1839699.3899251546,0.8396993899251546,0.021868755121698724,1709302.1508123765,0.7093021508123765,130397.2391127781,0.13039723911277812
2021-02-10,0.0,0.1827251594879154,1765.705501204452,0.0,0.0,0.0,1205075.2728461018,220197.57142574716,984877.7014203548,205075.27284610175,0.2050752728461018,3,"mom20@q0.6,hold_q=0.4,buy_top=5,hold_top=10,rebalance=20d,min_hold=5d,turnover_penalty=0.01,target_vol=0.18",0.0014673742726907246,1000000.0,1259455.104446988,1842398.9174794154,0.8423989174794155,0.021362057595075923,1745816.3618054176,0.7458163618054177,96582.55567399785,0.09658255567399787
2021-02-18,0.0,0.1827251594879154,5755.793263656722,0.0,0.0,0.0,1210831.0661097583,221249.29966782825,989581.76644193,210831.06610975837,0.2108310661097583,3,"mom20@q0.6,hold_q=0.4,buy_top=5,hold_top=10,rebalance=20d,min_hold=5d,turnover_penalty=0.01,target_vol=0.18",0.004776293558876876,1000000.0,1259455.104446988,1851198.755561854,0.8511987555618541,-0.006773742535797211,1733990.6512557655,0.7339906512557655,117208.10430608853,0.11720810430608863
2021-02-19,0.0,0.1827251594879154,-7734.664552396912,0.0,0.0,0.0,1203096.4015573617,219835.981853906,983260.4197034556,203096.40155736147,0.2030964015573615,3,"mom20@q0.6,hold_q=0.4,buy_top=5,hold_top=10,rebalance=20d,min_hold=5d,turnover_penalty=0.01,target_vol=0.18",-0.006387897344959148,1000000.0,1259455.104446988,1839373.487946209,0.8393734879462091,0.0018133340729979963,1737134.9555859475,0.7371349555859474,102238.53236026154,0.1022385323602617
2021-02-22,-21050.64588640904,0.2033081499296502,-2938.27862638661,167891.89264907566,147308.9022073408,209.86486581134457,1200158.122930975,244001.92759613827,956156.1953348366,200158.12293097493,0.200158122930975,3,"mom20@q0.6,hold_q=0.4,buy_top=5,hold_top=10,rebalance=20d,min_hold=5d,turnover_penalty=0.01,target_vol=0.18",-0.0024422636644771956,1000000.0,1259455.104446988,1834881.2529111954,0.8348812529111953,-0.03140941780703399,1682572.5579787449,0.6825725579787449,152308.69493245054,0.15230869493245036
2021-02-23,0.0,0.2033081499296502,-5545.294990155007,0.0,0.0,0.0,1194612.8279408198,242874.52393087564,951738.3040099442,194612.82794081976,0.1946128279408197,3,"mom20@q0.6,hold_q=0.4,buy_top=5,hold_top=10,rebalance=20d,min_hold=5d,turnover_penalty=0.01,target_vol=0.18",-0.00462047032320434,1000000.0,1259455.104446988,1826403.238535515,0.8264032385355151,-0.0031550757236039617,1677263.914147864,0.677263914147864,149139.32438765094,0.1491393243876511
2021-02-24,0.0,0.2033081499296502,-7507.319022635513,0.0,0.0,0.0,1187105.5089181843,241348.22478945195,945757.2841287324,187105.50891818432,0.1871055089181843,3,"mom20@q0.6,hold_q=0.4,buy_top=5,hold_top=10,rebalance=20d,min_hold=5d,turnover_penalty=0.01,target_vol=0.18",-0.00628431140788599,1000000.0,1259455.104446988,1814925.5518281865,0.8149255518281866,-0.025467455960657248,1634548.2692799035,0.6345482692799036,180377.282548283,0.180377282548283
2021-02-25,0.0,0.2033081499296502,270.80068198828883,0.0,0.0,0.0,1187376.3096001726,241403.2807751067,945973.0288250658,187376.30960017256,0.1873763096001726,3,"mom20@q0.6,hold_q=0.4,buy_top=5,hold_top=10,rebalance=20d,min_hold=5d,turnover_penalty=0.01,target_vol=0.18",0.00022811846120984747,1000000.0,1259455.104446988,1815339.5698522797,0.8153395698522796,0.005883142653795748,1644164.5499225922,0.6441645499225923,171175.0199296875,0.1711750199296873
2021-02-26,0.0,0.2033081499296502,-7074.263682383587,0.0,0.0,0.0,1180302.045917789,239965.0253137268,940337.0206040622,180302.045917789,0.1803020459177891,3,"mom20@q0.6,hold_q=0.4,buy_top=5,hold_top=10,rebalance=20d,min_hold=5d,turnover_penalty=0.01,target_vol=0.18",-0.005957895256277879,1000000.0,1259455.104446988,1804523.9668405235,0.8045239668405235,-0.024279832381398192,1604244.5102430347,0.6042445102430347,200279.45659748884,0.2002794565974888
2021-03-01,0.0,0.2033081499296502,11377.335083188307,0.0,0.0,0.0,1191679.3810009777,242278.1302606195,949401.250740358,191679.38100097748,0.1916793810009773,3,"mom20@q0.6,hold_q=0.4,buy_top=5,hold_top=10,rebalance=20d,min_hold=5d,turnover_penalty=0.01,target_vol=0.18",0.009639341999396311,1000000.0,1259455.104446988,1821918.3905030065,0.8219183905030065,0.015368875497492773,1628899.9443884962,0.6288999443884962,193018.4461145103,0.19301844611451036
2021-03-02,0.0,0.2033081499296502,-7828.123760629761,0.0,0.0,0.0,1183851.2572403476,240686.60890142556,943164.648338922,183851.2572403476,0.1838512572403474,3,"mom20@q0.6,hold_q=0.4,buy_top=5,hold_top=10,rebalance=20d,min_hold=5d,turnover_penalty=0.01,target_vol=0.18",-0.006568984817086232,1000000.0,1259455.104446988,1809950.2362578223,0.8099502362578221,-0.012761175024636473,1608113.267100534,0.608113267100534,201836.96915728832,0.2018369691572881
2021-03-03,0.0,0.2033081499296502,6660.809272894231,0.0,0.0,0.0,1190512.0665132415,242040.8057117319,948471.2608015098,190512.06651324173,0.1905120665132418,3,"mom20@q0.6,hold_q=0.4,buy_top=5,hold_top=10,rebalance=20d,min_hold=5d,turnover_penalty=0.01,target_vol=0.18",0.005626390335911724,1000000.0,1259455.104446988,1820133.7227755843,0.8201337227755843,0.01917515790811697,1638949.0929313246,0.6389490929313246,181184.6298442597,0.18118462984425965
2021-03-04,0.0,0.2033081499296502,-12781.191922659227,0.0,0.0,0.0,1177730.874590583,239442.28522804027,938288.5893625424,177730.87459058268,0.1777308745905828,3,"mom20@q0.6,hold_q=0.4,buy_top=5,hold_top=10,rebalance=20d,min_hold=5d,turnover_penalty=0.01,target_vol=0.18",-0.010735877680007055,1000000.0,1259455.104446988,1800592.9897666099,0.8005929897666098,-0.03145513470684369,1587395.7284355105,0.5873957284355105,213197.26133109932,0.21319726133109929
2021-03-05,0.0,0.2033081499296502,-5719.063769001972,0.0,0.0,0.0,1172011.8108215807,238279.5529538348,933732.257867746,172011.8108215807,0.1720118108215806,3,"mom20@q0.6,hold_q=0.4,buy_top=5,hold_top=10,rebalance=20d,min_hold=5d,turnover_penalty=0.01,target_vol=0.18",-0.004856002243288637,1000000.0,1259455.104446988,1791849.3061690533,0.7918493061690532,-0.0033915893885481108,1582011.933927522,0.582011933927522,209837.37224153127,0.2098373722415312
2021-03-08,0.0,0.2033081499296502,-3028.0434767872,0.0,0.0,0.0,1168983.7673447935,237663.92703666264,931319.840308131,168983.76734479354,0.1689837673447936,3,"mom20@q0.6,hold_q=0.4,buy_top=5,hold_top=10,rebalance=20d,min_hold=5d,turnover_penalty=0.01,target_vol=0.18",-0.002583628807174332,1000000.0,1259455.104446988,1787219.8326835197,0.7872198326835196,-0.034730561678194105,1527067.770880613,0.5270677708806131,260152.06180290668,0.2601520618029065
2021-03-09,0.0,0.2033081499296502,-12529.221986275292,0.0,0.0,0.0,1156454.545358518,235116.6340945751,921337.9112639432,156454.54535851814,0.1564545453585182,3,"mom20@q0.6,hold_q=0.4,buy_top=5,hold_top=10,rebalance=20d,min_hold=5d,turnover_penalty=0.01,target_vol=0.18",-0.010718046166487194,1000000.0,1259455.104446988,1768064.3280071563,0.7680643280071562,-0.021460545430923572,1494296.0636075304,0.4942960636075304,273768.2643996258,0.27376826439962576
2021-03-10,0.0,0.2033081499296502,2084.998020909057,0.0,0.0,0.0,1158539.5433794272,235540.5311848131,922999.012194614,158539.54337942717,0.1585395433794272,3,"mom20@q0.6,hold_q=0.4,buy_top=5,hold_top=10,rebalance=20d,min_hold=5d,turnover_penalty=0.01,target_vol=0.18",0.001802922587210709,1000000.0,1259455.104446988,1771252.0111197617,0.7712520111197618,0.0065600482800241,1504098.717929446,0.5040987179294458,267153.29319031583,0.267153293190316
2021-03-11,0.0,0.2033081499296502,12566.276168326667,0.0,0.0,0.0,1171105.8195477538,238095.35754410064,933010.4620036532,171105.81954775378,0.1711058195477537,3,"mom20@q0.6,hold_q=0.4,buy_top=5,hold_top=10,rebalance=20d,min_hold=5d,turnover_penalty=0.01,target_vol=0.18",0.01084665278810526,1000000.0,1259455.104446988,1790464.166684611,0.7904641666846111,0.02490401929806696,1541556.8214269585,0.5415568214269586,248907.34525765246,0.24890734525765246
2021-03-12,0.0,0.2033081499296502,5180.993553616541,0.0,0.0,0.0,1176286.8131013704,239148.69575828387,937138.1173430864,176286.81310137035,0.1762868131013704,3,"mom20@q0.6,hold_q=0.4,buy_top=5,hold_top=10,rebalance=20d,min_hold=5d,turnover_penalty=0.01,target_vol=0.18",0.004424018280104969,1000000.0,1259455.104446988,1798385.2128878967,0.7983852128878968,0.003541189730549732,1547015.7666120545,0.5470157666120545,251369.44627584214,0.25136944627584223
2021-03-15,0.0,0.2033081499296502,-8093.113324758297,0.0,0.0,0.0,1168193.6997766122,237503.2998610563,930690.399915556,168193.69977661222,0.1681936997766122,3,"mom20@q0.6,hold_q=0.4,buy_top=5,hold_top=10,rebalance=20d,min_hold=5d,turnover_penalty=0.01,target_vol=0.18",-0.006880221077561921,1000000.0,1259455.104446988,1786011.9250406097,0.7860119250406097,-0.021537469055918912,1513696.9624096288,0.5136969624096288,272314.9626309809,0.2723149626309809
2021-03-16,0.0,0.2033081499296502,-1048.184539838407,0.0,0.0,0.0,1167145.5152367738,237290.19540147687,929855.3198352968,167145.51523677376,0.1671455152367738,3,"mom20@q0.6,hold_q=0.4,buy_top=5,hold_top=10,rebalance=20d,min_hold=5d,turnover_penalty=0.01,target_vol=0.18",-0.0008972694682730653,1000000.0,1259455.104446988,1784409.391070299,0.7844093910702992,0.008702145152257756,1526869.373093049,0.5268693730930489,257540.01797725004,0.25754001797725024
2021-03-17,0.0,0.2033081499296502,3501.1113890974348,0.0,0.0,0.0,1170646.6266258713,238001.99988069196,932644.6267451792,170646.6266258713,0.1706466266258712,3,"mom20@q0.6,hold_q=0.4,buy_top=5,hold_top=10,rebalance=20d,min_hold=5d,turnover_penalty=0.01,target_vol=0.18",0.002999721408677436,1000000.0,1259455.104446988,1789762.1221225378,0.7897621221225377,0.004232816732816724,1533332.3313243028,0.5333323313243028,256429.790798235,0.2564297907982349
2021-03-18,0.0,0.2033081499296502,2343.083401968066,0.0,0.0,0.0,1172989.7100278393,238478.3678322769,934511.3421955624,172989.7100278393,0.1729897100278392,3,"mom20@q0.6,hold_q=0.4,buy_top=5,hold_top=10,rebalance=20d,min_hold=5d,turnover_penalty=0.01,target_vol=0.18",0.0020015291964932125,1000000.0,1259455.104446988,1793344.3832647435,0.7933443832647435,0.008020216198837193,1545629.9881261908,0.5456299881261908,247714.39513855265,0.24771439513855276
2021-03-19,0.0,0.2033081499296502,-8281.07320864713,0.0,0.0,0.0,1164708.6368191922,236794.75815879487,927913.8786603974,164708.6368191922,0.1647086368191921,3,"mom20@q0.6,hold_q=0.4,buy_top=5,hold_top=10,rebalance=20d,min_hold=5d,turnover_penalty=0.01,target_vol=0.18",-0.007059800386868265,1000000.0,1259455.104446988,1780683.729893983,0.780683729893983,-0.026193314753479857,1505144.8153547843,0.5051448153547842,275538.91453919886,0.2755389145391989
2021-03-22,-110944.12424022437,0.3135046041523073,7380.383613860089,313504.6041523073,203308.14992965024,391.8807551903842,1172089.0204330522,367455.3043821296,804633.7160509226,172089.0204330522,0.1720890204330523,3,"mom20@q0.6,hold_q=0.4,buy_top=5,hold_top=10,rebalance=20d,min_hold=5d,turnover_penalty=0.01,target_vol=0.18",0.0063366780158991,1000000.0,1259455.104446988,1791967.3493384717,0.7919673493384716,0.0099978230868627,1520192.98693881,0.52019298693881,271774.3623996617,0.2717743623996616
2021-03-23,0.0,0.3135046041523073,-4670.651862156691,0.0,0.0,0.0,1167418.3685708954,365991.0335189509,801427.3350519445,167418.3685708954,0.1674183685708954,3,"mom20@q0.6,hold_q=0.4,buy_top=5,hold_top=10,rebalance=20d,min_hold=5d,turnover_penalty=0.01,target_vol=0.18",-0.003984895157904567,1000000.0,1259455.104446988,1784826.5473249697,0.7848265473249696,-0.009471738034268262,1505794.1172049937,0.5057941172049938,279032.43011997594,0.2790324301199758
2021-03-24,0.0,0.3135046041523073,-10012.204896745809,0.0,0.0,0.0,1157406.1636741497,362852.1611861049,794554.0024880448,157406.16367414966,0.1574061636741497,3,"mom20@q0.6,hold_q=0.4,buy_top=5,hold_top=10,rebalance=20d,min_hold=5d,turnover_penalty=0.01,target_vol=0.18",-0.00857636402363815,1000000.0,1259455.104446988,1769519.2251360575,0.7695192251360574,-0.01608224784149337,1481577.5630138405,0.48157756301384036,287941.662122217,0.28794166212221706
2021-03-25,0.0,0.3135046041523073,-3283.487893842934,0.0,0.0,0.0,1154122.6757803068,361822.7726137068,792299.9031666,154122.6757803068,0.1541226757803067,3,"mom20@q0.6,hold_q=0.4,buy_top=5,hold_top=10,rebalance=20d,min_hold=5d,turnover_penalty=0.01,target_vol=0.18",-0.002836936588811234,1000000.0,1259455.104446988,1764499.211301664,0.764499211301664,-0.00047477118666405804,1480874.1526761134,0.48087415267611333,283625.0586255505,0.28362505862555065
2021-03-26,0.0,0.3135046041523073,7798.159121249534,0.0,0.0,0.0,1161920.8349015564,364267.5314021309,797653.3034994255,161920.83490155637,0.1619208349015564,3,"mom20@q0.6,hold_q=0.4,buy_top=5,hold_top=10,rebalance=20d,min_hold=5d,turnover_penalty=0.01,target_vol=0.18",0.006756785292323597,1000000.0,1259455.104446988,1776421.5536209035,0.7764215536209036,0.022661808438295905,1514433.4390452832,0.5144334390452832,261988.11457562027,0.26198811457562043
2021-03-29,0.0,0.3135046041523073,3524.066061181086,0.0,0.0,0.0,1165444.9009627374,365372.342337648,800072.5586250895,165444.9009627374,0.1654449009627374,3,"mom20@q0.6,hold_q=0.4,buy_top=5,hold_top=10,rebalance=20d,min_hold=5d,turnover_penalty=0.01,target_vol=0.18",0.0030329657196306314,1000000.0,1259455.104446988,1781809.3792966488,0.7818093792966487,0.001764592625233652,1517105.7971232298,0.5171057971232298,264703.58217341895,0.26470358217341894
2021-03-30,0.0,0.3135046041523073,-3140.9027591065988,0.0,0.0,0.0,1162303.9982036308,364387.65486147336,797916.3433421574,162303.9982036308,0.1623039982036307,3,"mom20@q0.6,hold_q=0.4,buy_top=5,hold_top=10,rebalance=20d,min_hold=5d,turnover_penalty=0.01,target_vol=0.18",-0.002695024669559287,1000000.0,1259455.104446988,1777007.3590629923,0.7770073590629922,0.009481105158038128,1531489.6367216245,0.5314896367216246,245517.72234136774,0.2455177223413676
2021-03-31,0.0,0.3135046041523073,-2909.239717949161,0.0,0.0,0.0,1159394.7584856816,363475.5948153135,795919.163670368,159394.7584856816,0.1593947584856816,3,"mom20@q0.6,hold_q=0.4,buy_top=5,hold_top=10,rebalance=20d,min_hold=5d,turnover_penalty=0.01,target_vol=0.18",-0.0025029938143941166,1000000.0,1259455.104446988,1772559.5206351248,0.7725595206351248,-0.0091015618099487,1517550.6891317067,0.5175506891317068,255008.83150341804,0.255008831503418
2021-04-01,0.0,0.3135046041523073,1684.070206678708,0.0,0.0,0.0,1161078.8286923603,364003.5585788231,797075.2701135373,161078.82869236032,0.1610788286923603,3,"mom20@q0.6,hold_q=0.4,buy_top=5,hold_top=10,rebalance=20d,min_hold=5d,turnover_penalty=0.01,target_vol=0.18",0.0014525425394180669,1000000.0,1259455.104446988,1775134.2387424977,0.7751342387424978,0.01236441141281519,1536314.3101919324,0.5363143101919323,238819.92855056538,0.23881992855056544
2021-04-02,0.0,0.3135046041523073,-4631.062089700894,0.0,0.0,0.0,1156447.7666026594,362551.6992915866,793896.0673110727,156447.76660265937,0.1564477666026593,3,"mom20@q0.6,hold_q=0.4,buy_top=5,hold_top=10,rebalance=20d,min_hold=5d,turnover_penalty=0.01,target_vol=0.18",-0.00398858542181546,1000000.0,1259455.104446988,1768053.964196084,0.768053964196084,0.009935861062303708,1551578.9157260281,0.5515789157260282,216475.04847005592,0.21647504847005572
2021-04-06,0.0,0.3135046041523073,1733.917085883583,0.0,0.0,0.0,1158181.683688543,363095.2902812295,795086.3934073136,158181.68368854304,0.158181683688543,3,"mom20@q0.6,hold_q=0.4,buy_top=5,hold_top=10,rebalance=20d,min_hold=5d,turnover_penalty=0.01,target_vol=0.18",0.001499347515692362,1000000.0,1259455.104446988,1770704.8915149113,0.7707048915149113,-0.00411116019188007,1545200.126253135,0.545200126253135,225504.76526177628,0.22550476526177632
2021-04-07,0.0,0.3135046041523073,4424.39693735032,0.0,0.0,0.0,1162606.0806258933,364482.3590916861,798123.7215342072,162606.08062589332,0.1626060806258933,3,"mom20@q0.6,hold_q=0.4,buy_top=5,hold_top=10,rebalance=20d,min_hold=5d,turnover_penalty=0.01,target_vol=0.18",0.0038201233879469054,1000000.0,1259455.104446988,1777469.2026841394,0.7774692026841394,-0.007120151585303769,1534198.0671245821,0.5341980671245821,243271.13555955724,0.24327113555955737
2021-04-08,0.0,0.3135046041523073,-5601.3605527780965,0.0,0.0,0.0,1157004.7200731153,362726.3067688731,794278.4133042422,157004.7200731153,0.1570047200731152,3,"mom20@q0.6,hold_q=0.4,buy_top=5,hold_top=10,rebalance=20d,min_hold=5d,turnover_penalty=0.01,target_vol=0.18",-0.00481793502212069,1000000.0,1259455.104446988,1768905.4715617867,0.7689054715617867,0.0016595672977073317,1536744.172064988,0.5367441720649879,232161.29949679878,0.23216129949679876
2021-04-09,0.0,0.3135046041523073,228.32368857488564,0.0,0.0,0.0,1157233.04376169,362797.8872964784,794435.1564652118,157233.04376169015,0.1572330437616902,3,"mom20@q0.6,hold_q=0.4,buy_top=5,hold_top=10,rebalance=20d,min_hold=5d,turnover_penalty=0.01,target_vol=0.18",0.00019734032594098672,1000000.0,1259455.104446988,1769254.5479441036,0.7692545479441035,-0.015036549750499284,1513636.8418679428,0.5136368418679429,255617.70607616077,0.25561770607616063
2021-04-12,0.0,0.3135046041523073,-763.9700398486632,0.0,0.0,0.0,1156469.0737218414,362558.3791715514,793910.69455029,156469.07372184144,0.1564690737218415,3,"mom20@q0.6,hold_q=0.4,buy_top=5,hold_top=10,rebalance=20d,min_hold=5d,turnover_penalty=0.01,target_vol=0.18",-0.0006601695690999776,1000000.0,1259455.104446988,1768086.539931559,0.7680865399315591,-0.017395051774060977,1487307.0506365239,0.4873070506365238,280779.48929503514,0.28077948929503527
2021-04-13,0.0,0.3135046041523073,-2802.1404988126337,0.0,0.0,0.0,1153666.933223029,361679.895223692,791987.0379993368,153666.9332230289,0.1536669332230289,3,"mom20@q0.6,hold_q=0.4,buy_top=5,hold_top=10,rebalance=20d,min_hold=5d,turnover_penalty=0.01,target_vol=0.18",-0.00242301377744103,1000000.0,1259455.104446988,1763802.4418855968,0.7638024418855969,-0.0016391288969732631,1484869.1626711534,0.48486916267115343,278933.2792144434,0.27893327921444344
2021-04-14,0.0,0.3135046041523073,-2132.0480069007003,0.0,0.0,0.0,1151534.885216128,361011.4883572548,790523.3968588733,151534.88521612808,0.151534885216128,3,"mom20@q0.6,hold_q=0.4,buy_top=5,hold_top=10,rebalance=20d,min_hold=5d,turnover_penalty=0.01,target_vol=0.18",-0.0018480619886923622,1000000.0,1259455.104446988,1760542.8256371852,0.7605428256371853,0.008298175575548017,1497190.8676897157,0.49719086768971565,263351.95794746955,0.2633519579474697
2021-04-15,0.0,0.3135046041523073,-5292.7043913994285,0.0,0.0,0.0,1146242.180824729,359352.201162134,786889.9796625946,146242.18082472868,0.1462421808247287,3,"mom20@q0.6,hold_q=0.4,buy_top=5,hold_top=10,rebalance=20d,min_hold=5d,turnover_penalty=0.01,target_vol=0.18",-0.004596217152731619,1000000.0,1259455.104446988,1752450.988503873,0.752450988503873,-0.006356625567448315,1487673.7859408092,0.4876737859408091,264777.20256306394,0.2647772025630639
2021-04-16,0.0,0.3135046041523073,7041.8524968285055,0.0,0.0,0.0,1153284.033321557,361559.8543416512,791724.178979906,153284.0333215571,0.153284033321557,3,"mom20@q0.6,hold_q=0.4,buy_top=5,hold_top=10,rebalance=20d,min_hold=5d,turnover_penalty=0.01,target_vol=0.18",0.00614342467467166,1000000.0,1259455.104446988,1763217.0391478003,0.7632170391478004,0.00347749127596253,1492847.1585528965,0.4928471585528964,270369.88059490384,0.27036988059490397
2021-04-19,0.0,0.3135046041523073,-1928.9200085609984,0.0,0.0,0.0,1151355.1133129962,360955.1290379258,790399.9842750705,151355.11331299625,0.1513551133129962,3,"mom20@q0.6,hold_q=0.4,buy_top=5,hold_top=10,rebalance=20d,min_hold=5d,turnover_penalty=0.01,target_vol=0.18",-0.0016725454899478853,1000000.0,1259455.104446988,1760267.9784411746,0.7602679784411746,0.02433258560905971,1529171.9898396262,0.5291719898396263,231095.98860154836,0.23109598860154823
2021-04-20,2477.3585243895795,0.3100909988221235,-4248.160271507382,310090.9988221236,313504.6041523073,387.6137485276545,1147106.9530414888,355707.54082443804,791399.4122170508,147106.95304148877,0.1471069530414888,3,"mom20@q0.6,hold_q=0.4,buy_top=5,hold_top=10,rebalance=20d,min_hold=5d,turnover_penalty=0.01,target_vol=0.18",-0.003689704611884226,1000000.0,1259455.104446988,1753773.1095629681,0.7537731095629681,-0.0007175124139477962,1528074.789953855,0.5280747899538552,225698.31960911304,0.2256983196091129
2021-04-21,0.0,0.3100909988221235,614.7990141725783,0.0,0.0,0.0,1147721.7520556613,355898.18446481763,791823.5675908437,147721.7520556613,0.1477217520556613,3,"mom20@q0.6,hold_q=0.4,buy_top=5,hold_top=10,rebalance=20d,min_hold=5d,turnover_penalty=0.01,target_vol=0.18",0.0005359561395232859,1000000.0,1259455.104446988,1754713.0550283692,0.7547130550283692,0.0030255519468385117,1532698.059609515,0.532698059609515,222014.9954188543,0.22201499541885417
2021-04-22,0.0,0.3100909988221235,2395.138598653341,0.0,0.0,0.0,1150116.8906543148,356640.89538519154,793475.9952691232,150116.89065431478,0.1501168906543148,3,"mom20@q0.6,hold_q=0.4,buy_top=5,hold_top=10,rebalance=20d,min_hold=5d,turnover_penalty=0.01,target_vol=0.18",0.0020868634704915845,1000000.0,1259455.104446988,1758374.9016041027,0.7583749016041026,-0.001865163030154493,1529839.3278523418,0.5298393278523419,228535.57375176088,0.2285355737517607
2021-04-23,0.0,0.3100909988221235,5174.479824824906,0.0,0.0,0.0,1155291.3704791395,358245.45500245644,797045.9154766833,155291.37047913973,0.1552913704791396,3,"mom20@q0.6,hold_q=0.4,buy_top=5,hold_top=10,rebalance=20d,min_hold=5d,turnover_penalty=0.01,target_vol=0.18",0.004499090368006664,1000000.0,1259455.104446988,1766285.989187254,0.7662859891872542,0.00907994120929656,1543730.179008911,0.5437301790089109,222555.8101783432,0.22255581017834336
2021-04-26,0.0,0.3100909988221235,-10075.191108965597,0.0,0.0,0.0,1145216.179370174,355121.22892815346,790094.9504420205,145216.17937017395,0.145216179370174,3,"mom20@q0.6,hold_q=0.4,buy_top=5,hold_top=10,rebalance=20d,min_hold=5d,turnover_penalty=0.01,target_vol=0.18",-0.008720909171845537,1000000.0,1259455.104446988,1750882.3695040487,0.7508823695040487,-0.011334936568363041,1526232.0953511773,0.5262320953511772,224650.27415287145,0.22465027415287153
2021-04-27,0.0,0.3100909988221235,-1220.642517071342,0.0,0.0,0.0,1143995.5368531027,354742.7186708301,789252.8181822726,143995.53685310273,0.1439955368531027,3,"mom20@q0.6,hold_q=0.4,buy_top=5,hold_top=10,rebalance=20d,min_hold=5d,turnover_penalty=0.01,target_vol=0.18",-0.0010658620957857412,1000000.0,1259455.104446988,1749016.170352215,0.7490161703522149,0.002615594299265167,1530224.0993191332,0.5302240993191332,218792.07103308174,0.21879207103308174
2021-04-28,0.0,0.3100909988221235,4694.333006130266,0.0,0.0,0.0,1148689.869859233,356198.38908150466,792491.4807777284,148689.86985923303,0.1486898698592329,3,"mom20@q0.6,hold_q=0.4,buy_top=5,hold_top=10,rebalance=20d,min_hold=5d,turnover_penalty=0.01,target_vol=0.18",0.004103453951440628,1000000.0,1259455.104446988,1756193.1776675803,0.7561931776675803,0.005641859770710855,1538857.409105254,0.538857409105254,217335.7685623262,0.21733576856232628
2021-04-29,0.0,0.3100909988221235,12050.73684879646,0.0,0.0,0.0,1160740.6067080295,359935.2141074905,800805.3926005389,160740.60670802952,0.1607406067080294,3,"mom20@q0.6,hold_q=0.4,buy_top=5,hold_top=10,rebalance=20d,min_hold=5d,turnover_penalty=0.01,target_vol=0.18",0.010490853245074039,1000000.0,1259455.104446988,1774617.1425644911,0.7746171425644912,0.008776693415428971,1552363.4887950323,0.5523634887950322,222253.65376945888,0.22225365376945905
2021-04-30,0.0,0.3100909988221235,-880.3313488392068,0.0,0.0,0.0,1159860.2753591903,359662.2312802346,800198.0440789557,159860.2753591903,0.1598602753591902,3,"mom20@q0.6,hold_q=0.4,buy_top=5,hold_top=10,rebalance=20d,min_hold=5d,turnover_penalty=0.01,target_vol=0.18",-0.00075842211752708,1000000.0,1259455.104446988,1773271.2336734275,0.7732712336734275,-0.007877354928284785,1540134.9706160831,0.5401349706160832,233136.26305734436,0.23313626305734436
2021-05-06,0.0,0.3100909988221235,-3690.5636754777615,0.0,0.0,0.0,1156169.7116837124,358517.820703889,797651.8909798234,156169.71168371243,0.1561697116837124,3,"mom20@q0.6,hold_q=0.4,buy_top=5,hold_top=10,rebalance=20d,min_hold=5d,turnover_penalty=0.01,target_vol=0.18",-0.003181903677436426,1000000.0,1259455.104446988,1767628.85541391,0.7676288554139099,-0.012173342780019025,1521386.379691279,0.521386379691279,246242.47572263097,0.24624247572263092
2021-05-07,0.0,0.3100909988221235,-16677.969029747353,0.0,0.0,0.0,1139491.742653965,353346.1326291301,786145.6100248349,139491.74265396502,0.139491742653965,3,"mom20@q0.6,hold_q=0.4,buy_top=5,hold_top=10,rebalance=20d,min_hold=5d,turnover_penalty=0.01,target_vol=0.18",-0.014425191095396861,1000000.0,1259455.104446988,1742130.4713888266,0.7421304713888266,-0.012856838012139549,1501826.1614537127,0.5018261614537127,240304.30993511388,0.24030430993511387
2021-05-10,0.0,0.3100909988221235,-877.805759033458,0.0,0.0,0.0,1138613.9368949316,353073.9329645397,785540.003930392,138613.9368949316,0.1386139368949315,3,"mom20@q0.6,hold_q=0.4,buy_top=5,hold_top=10,rebalance=20d,min_hold=5d,turnover_penalty=0.01,target_vol=0.18",-0.0007703485037889868,1000000.0,1259455.104446988,1740788.423786787,0.740788423786787,-0.000726573993454882,1500734.9736221102,0.5007349736221103,240053.45016467688,0.24005345016467672
2021-05-11,0.0,0.3100909988221235,-1369.2329017414895,0.0,0.0,0.0,1137244.70399319,352649.3461664185,784595.3578267716,137244.70399319008,0.1372447039931901,3,"mom20@q0.6,hold_q=0.4,buy_top=5,hold_top=10,rebalance=20d,min_hold=5d,turnover_penalty=0.01,target_vol=0.18",-0.0012025435991723787,1000000.0,1259455.104446988,1738695.049810249,0.7386950498102489,0.0061373041530961014,1509945.4406084178,0.5099454406084178,228749.60920183104,0.22874960920183107
2021-05-12,0.0,0.3100909988221235,-579.2065447451298,0.0,0.0,0.0,1136665.497448445,352469.73943043425,784195.7580180108,136665.49744844506,0.1366654974484451,3,"mom20@q0.6,hold_q=0.4,buy_top=5,hold_top=10,rebalance=20d,min_hold=5d,turnover_penalty=0.01,target_vol=0.18",-0.0005093068736317097,1000000.0,1259455.104446988,1737809.520470231,0.7378095204702311,0.004278268625101056,1516405.392812587,0.5164053928125871,221404.12765764399,0.22140412765764395
2021-05-13,0.0,0.3100909988221235,-8113.837006101493,0.0,0.0,0.0,1128551.6604423434,349953.7116089323,778597.9488334111,128551.66044234343,0.1285516604423433,3,"mom20@q0.6,hold_q=0.4,buy_top=5,hold_top=10,rebalance=20d,min_hold=5d,turnover_penalty=0.01,target_vol=0.18",-0.007138280368600425,1000000.0,1259455.104446988,1725404.5488858917,0.7254045488858918,-0.010224896175080045,1500900.3051117468,0.5009003051117469,224504.2437741449,0.2245042437741449
2021-05-14,0.0,0.3100909988221235,4682.871332462414,0.0,0.0,0.0,1133234.531774806,351405.8278577711,781828.7039170348,133234.53177480586,0.1332345317748058,3,"mom20@q0.6,hold_q=0.4,buy_top=5,hold_top=10,rebalance=20d,min_hold=5d,turnover_penalty=0.01,target_vol=0.18",0.004149452343747528,1000000.0,1259455.104446988,1732564.0328351788,0.7325640328351788,0.023557121312565377,1536257.1956773307,0.5362571956773308,196306.83715784806,0.19630683715784802
2021-05-17,0.0,0.3100909988221235,8333.587013188466,0.0,0.0,0.0,1141568.1187879944,353989.99817846174,787578.1206095326,141568.11878799438,0.1415681187879944,3,"mom20@q0.6,hold_q=0.4,buy_top=5,hold_top=10,rebalance=20d,min_hold=5d,turnover_penalty=0.01,target_vol=0.18",0.007353806100610649,1000000.0,1259455.104446988,1745304.9727895407,0.7453049727895407,0.014558006022787895,1558622.0371845525,0.5586220371845525,186682.93560498813,0.18668293560498816
2021-05-18,0.0,0.3100909988221235,-538.8044603699511,0.0,0.0,0.0,1141029.3143276244,353822.9197651758,787206.3945624486,141029.3143276244,0.1410293143276244,3,"mom20@q0.6,hold_q=0.4,buy_top=5,hold_top=10,rebalance=20d,min_hold=5d,turnover_penalty=0.01,target_vol=0.18",-0.00047198625426048135,1000000.0,1259455.104446988,1744481.2128328914,0.7444812128328915,0.0005033760913715213,1559406.610253556,0.559406610253556,185074.60257933545,0.1850746025793355
2021-05-19,0.0,0.3100909988221235,-314.9025686742451,0.0,0.0,0.0,1140714.4117589502,353725.271313124,786989.1404458262,140714.4117589502,0.1407144117589502,3,"mom20@q0.6,hold_q=0.4,buy_top=5,hold_top=10,rebalance=20d,min_hold=5d,turnover_penalty=0.01,target_vol=0.18",-0.0002759811380128596,1000000.0,1259455.104446988,1743999.7689225317,0.7439997689225317,-0.002955123756650413,1554798.370733318,0.554798370733318,189201.39818921383,0.18920139818921378
2021-05-20,0.0,0.3100909988221235,-3272.0049819438186,0.0,0.0,0.0,1137442.4067770063,352710.65202012204,784731.7547568843,137442.40677700634,0.1374424067770063,3,"mom20@q0.6,hold_q=0.4,buy_top=5,hold_top=10,rebalance=20d,min_hold=5d,turnover_penalty=0.01,target_vol=0.18",-0.0028683822595864106,1000000.0,1259455.104446988,1738997.3109246315,0.7389973109246315,0.0027338093332327507,1559048.8930305238,0.5590488930305237,179948.41789410776,0.17994841789410776
2021-05-21,32991.553814822255,0.2762115213576655,2617.163925133884,276211.52135766554,310090.9988221236,345.2644016970819,1140059.5707021402,314897.5884620052,825161.9822401351,140059.57070214022,0.1400595707021401,3,"mom20@q0.6,hold_q=0.4,buy_top=5,hold_top=10,rebalance=20d,min_hold=5d,turnover_penalty=0.01,target_vol=0.18",0.0023009199494765653,1000000.0,1259455.104446988,1742998.604529424,0.7429986045294241,-0.010076334111649543,1543339.3954879509,0.5433393954879508,199659.20904147322,0.19965920904147327
2021-05-24,0.0,0.2762115213576655,-2921.727882187344,0.0,0.0,0.0,1137137.8428199529,314090.5735586731,823047.2692612798,137137.84281995287,0.1371378428199527,3,"mom20@q0.6,hold_q=0.4,buy_top=5,hold_top=10,rebalance=20d,min_hold=5d,turnover_penalty=0.01,target_vol=0.18",-0.002562785276551738,1000000.0,1259455.104446988,1738531.6733686859,0.738531673368686,0.004175959019506736,1549784.3175566988,0.5497843175566988,188747.35581198707,0.1887473558119872
2021-05-25,0.0,0.2762115213576655,5626.213605751735,0.0,0.0,0.0,1142764.0564257046,315644.598578201,827119.4578475036,142764.05642570462,0.1427640564257046,3,"mom20@q0.6,hold_q=0.4,buy_top=5,hold_top=10,rebalance=20d,min_hold=5d,turnover_penalty=0.01,target_vol=0.18",0.004947697098708348,1000000.0,1259455.104446988,1747133.4014850247,0.7471334014850248,0.03159483201728608,1598749.4927329272,0.5987494927329271,148383.90875209752,0.14838390875209773
2021-05-26,0.0,0.2762115213576655,-2618.6770029835943,0.0,0.0,0.0,1140145.379422721,314921.2898192626,825224.0896034584,140145.379422721,0.1401453794227209,3,"mom20@q0.6,hold_q=0.4,buy_top=5,hold_top=10,rebalance=20d,min_hold=5d,turnover_penalty=0.01,target_vol=0.18",-0.0022915290240876907,1000000.0,1259455.104446988,1743129.7945865688,0.7431297945865689,0.0003967298927514129,1599383.7644477154,0.5993837644477154,143746.03013885347,0.14374603013885356
2021-05-27,0.0,0.2762115213576655,6485.082034263713,0.0,0.0,0.0,1146630.4614569847,316712.5441940758,829917.917262909,146630.46145698475,0.1466304614569846,3,"mom20@q0.6,hold_q=0.4,buy_top=5,hold_top=10,rebalance=20d,min_hold=5d,turnover_penalty=0.01,target_vol=0.18",0.005687943091561953,1000000.0,1259455.104446988,1753044.6176593835,0.7530446176593835,0.0033154217859296953,1604686.3962244275,0.6046863962244275,148358.22143495595,0.14835822143495592
2021-05-28,0.0,0.2762115213576655,9325.05872543987,0.0,0.0,0.0,1155955.5201824247,319288.23285137914,836667.2873310456,155955.5201824247,0.1559555201824247,3,"mom20@q0.6,hold_q=0.4,buy_top=5,hold_top=10,rebalance=20d,min_hold=5d,turnover_penalty=0.01,target_vol=0.18",0.008132575436371026,1000000.0,1259455.104446988,1767301.3852558227,0.7673013852558226,-0.003210802082338038,1599534.0658019306,0.5995340658019306,167767.31945389207,0.167767319453892
2021-05-31,0.0,0.2762115213576655,12558.17996950995,0.0,0.0,0.0,1168513.7001519343,322756.94684624084,845756.7533056936,168513.70015193452,0.1685137001519345,3,"mom20@q0.6,hold_q=0.4,buy_top=5,hold_top=10,rebalance=20d,min_hold=5d,turnover_penalty=0.01,target_vol=0.18",0.010863895496193265,1000000.0,1259455.104446988,1786501.1628155194,0.7865011628155194,0.0019695212822936625,1602684.3821862813,0.6026843821862813,183816.7806292381,0.18381678062923812
2021-06-01,0.0,0.2762115213576655,-2413.151660040056,0.0,0.0,0.0,1166100.5484918945,322090.4065549544,844010.1419369401,166100.5484918945,0.1661005484918944,3,"mom20@q0.6,hold_q=0.4,buy_top=5,hold_top=10,rebalance=20d,min_hold=5d,turnover_penalty=0.01,target_vol=0.18",-0.002065146227832826,1000000.0,1259455.104446988,1782811.7766781119,0.782811776678112,0.0018962519483005646,1605723.4755685127,0.6057234755685126,177088.30110959918,0.1770883011095994
2021-06-02,0.0,0.2762115213576655,-3867.390575083429,0.0,0.0,0.0,1162233.157916811,321022.1887205263,841210.9691962848,162233.15791681106,0.162233157916811,3,"mom20@q0.6,hold_q=0.4,buy_top=5,hold_top=10,rebalance=20d,min_hold=5d,turnover_penalty=0.01,target_vol=0.18",-0.003316515526971542,1000000.0,1259455.104446988,1776899.0537390911,0.7768990537390912,-0.009680475056536575,1590179.3095155766,0.5901793095155765,186719.74422351457,0.18671974422351467
2021-06-03,0.0,0.2762115213576655,-2949.902645489738,0.0,0.0,0.0,1159283.2552713214,320207.3916229586,839075.8636483628,159283.2552713214,0.1592832552713214,3,"mom20@q0.6,hold_q=0.4,buy_top=5,hold_top=10,rebalance=20d,min_hold=5d,turnover_penalty=0.01,target_vol=0.18",-0.0025381332699000447,1000000.0,1259455.104446988,1772389.0471335421,0.7723890471335422,-0.006555802773928865,1579754.4075872102,0.5797544075872101,192634.63954633195,0.1926346395463321
2021-06-04,0.0,0.2762115213576655,1127.880352393965,0.0,0.0,0.0,1160411.1356237154,320518.92517100275,839892.2104527126,160411.13562371535,0.1604111356237154,3,"mom20@q0.6,hold_q=0.4,buy_top=5,hold_top=10,rebalance=20d,min_hold=5d,turnover_penalty=0.01,target_vol=0.18",0.0009729117946501997,1000000.0,1259455.104446988,1774113.4253422073,0.7741134253422073,0.005135777473745495,1587867.6746877467,0.5878676746877467,186245.75065446063,0.18624575065446058
2021-06-07,0.0,0.2762115213576655,-4638.409898196538,0.0,0.0,0.0,1155772.7257255188,319237.7429163414,836534.9828091774,155772.72572551877,0.1557727257255188,3,"mom20@q0.6,hold_q=0.4,buy_top=5,hold_top=10,rebalance=20d,min_hold=5d,turnover_penalty=0.01,target_vol=0.18",-0.003997212501501424,1000000.0,1259455.104446988,1767021.916979348,0.767021916979348,-0.0008803016879074255,1586469.8720935455,0.5864698720935455,180552.04488580255,0.18055204488580245
2021-06-08,0.0,0.2762115213576655,-4524.785294597624,0.0,0.0,0.0,1151247.940430921,317987.9450863038,833259.9953446172,151247.94043092104,0.151247940430921,3,"mom20@q0.6,hold_q=0.4,buy_top=5,hold_top=10,rebalance=20d,min_hold=5d,turnover_penalty=0.01,target_vol=0.18",-0.003914943824061434,1000000.0,1259455.104446988,1760104.1254384883,0.7601041254384884,-0.00862318881770796,1572789.4428328779,0.5727894428328779,187314.68260561046,0.18731468260561046
2021-06-09,0.0,0.2762115213576655,2152.2904964568047,0.0,0.0,0.0,1153400.230927378,318582.4325187338,834817.7984086442,153400.23092737794,0.1534002309273778,3,"mom20@q0.6,hold_q=0.4,buy_top=5,hold_top=10,rebalance=20d,min_hold=5d,turnover_penalty=0.01,target_vol=0.18",0.001869528205758364,1000000.0,1259455.104446988,1763394.6897460674,0.7633946897460675,0.0008275804071771198,1574091.0525603816,0.5740910525603815,189303.6371856858,0.189303637185686
2021-06-10,0.0,0.2762115213576655,14444.94841549969,0.0,0.0,0.0,1167845.1793428776,322572.29369651194,845272.8856463656,167845.1793428776,0.1678451793428776,3,"mom20@q0.6,hold_q=0.4,buy_top=5,hold_top=10,rebalance=20d,min_hold=5d,turnover_penalty=0.01,target_vol=0.18",0.012523795321148334,1000000.0,1259455.104446988,1785479.083910847,0.785479083910847,0.00668773692100566,1584618.1594096143,0.5846181594096143,200860.9245012328,0.20086092450123272
2021-06-11,0.0,0.2762115213576655,6215.20161249924,0.0,0.0,0.0,1174060.380955377,324289.003989445,849771.3769659318,174060.3809553769,0.1740603809553769,3,"mom20@q0.6,hold_q=0.4,buy_top=5,hold_top=10,rebalance=20d,min_hold=5d,turnover_penalty=0.01,target_vol=0.18",0.005321939690667188,1000000.0,1259455.104446988,1794981.2959143682,0.7949812959143683,-0.008872287995568717,1570558.970736324,0.5705589707363241,224422.32517804415,0.22442232517804417
2021-06-15,0.0,0.2762115213576655,-7241.328534382262,0.0,0.0,0.0,1166819.0524209947,322288.8656183126,844530.1868026821,166819.05242099473,0.1668190524209947,3,"mom20@q0.6,hold_q=0.4,buy_top=5,hold_top=10,rebalance=20d,min_hold=5d,turnover_penalty=0.01,target_vol=0.18",-0.00616776500752847,1000000.0,1259455.104446988,1783910.2730882594,0.7839102730882594,-0.01112791165042959,1553081.9292681806,0.5530819292681806,230828.34382007876,0.23082834382007889
2021-06-16,0.0,0.2762115213576655,-20531.67645323188,0.0,0.0,0.0,1146287.375967763,316617.7800291421,829669.5959386209,146287.3759677629,0.1462873759677629,3,"mom20@q0.6,hold_q=0.4,buy_top=5,hold_top=10,rebalance=20d,min_hold=5d,turnover_penalty=0.01,target_vol=0.18",-0.01759628145480774,1000000.0,1259455.104446988,1752520.0858328755,0.7525200858328756,-0.01665905360626807,1527209.0541535756,0.5272090541535757,225311.0316792999,0.2253110316792999
2021-06-17,0.0,0.2762115213576655,7122.950354959553,0.0,0.0,0.0,1153410.3263227222,318585.2209832406,834825.1053394817,153410.32632272225,0.1534103263227222,3,"mom20@q0.6,hold_q=0.4,buy_top=5,hold_top=10,rebalance=20d,min_hold=5d,turnover_penalty=0.01,target_vol=0.18",0.006213930733508954,1000000.0,1259455.104446988,1763410.1242553242,0.7634101242553242,0.004212192131074044,1533641.9521139862,0.5336419521139864,229768.172141338,0.22976817214133782
2021-06-18,0.0,0.2762115213576655,14197.70985726382,0.0,0.0,0.0,1167608.036179986,322506.79202271014,845101.2441572759,167608.03617998608,0.1676080361799861,3,"mom20@q0.6,hold_q=0.4,buy_top=5,hold_top=10,rebalance=20d,min_hold=5d,turnover_penalty=0.01,target_vol=0.18",0.012309331322295947,1000000.0,1259455.104446988,1785116.523731874,0.785116523731874,0.00011368336048023231,1533816.301684876,0.533816301684876,251300.2220469981,0.251300222046998
2021-06-21,64996.310003507926,0.2105995119335468,-2388.503097865038,166959.4680395245,232571.4774636432,208.69933504940565,1165219.533082121,245394.66496253,919824.868119591,165219.53308212105,0.1652195330821211,3,"mom20@q0.6,hold_q=0.4,buy_top=5,hold_top=10,rebalance=20d,min_hold=5d,turnover_penalty=0.01,target_vol=0.18",-0.002045637768715136,1000000.0,1259455.104446988,1781464.8219493707,0.7814648219493707,-0.0023674808475110387,1530185.020967037,0.5301850209670369,251279.80098233372,0.2512798009823338
2021-06-22,0.0,0.2105995119335468,1288.1116507431443,0.0,0.0,0.0,1166507.6447328643,245665.94064749245,920841.704085372,166507.64473286434,0.1665076447328644,3,"mom20@q0.6,hold_q=0.4,buy_top=5,hold_top=10,rebalance=20d,min_hold=5d,turnover_penalty=0.01,target_vol=0.18",0.0011054669220451618,1000000.0,1259455.104446988,1783434.172382823,0.7834341723828229,0.006241172090939884,1539735.1690138704,0.5397351690138703,243699.00336895254,0.24369900336895256
2021-06-23,0.0,0.2105995119335468,13148.772271611992,0.0,0.0,0.0,1179656.4170044763,248435.06567041928,931221.351334057,179656.4170044763,0.1796564170044763,3,"mom20@q0.6,hold_q=0.4,buy_top=5,hold_top=10,rebalance=20d,min_hold=5d,turnover_penalty=0.01,target_vol=0.18",0.011271912645393067,1000000.0,1259455.104446988,1803536.886582731,0.803536886582731,0.004925656363721664,1547319.3753475698,0.5473193753475698,256217.51123516122,0.25621751123516123
2021-06-24,0.0,0.2105995119335468,-9147.903153967703,0.0,0.0,0.0,1170508.5138505085,246508.5217309783,923999.9921195302,170508.5138505085,0.1705085138505084,3,"mom20@q0.6,hold_q=0.4,buy_top=5,hold_top=10,rebalance=20d,min_hold=5d,turnover_penalty=0.01,target_vol=0.18",-0.007754718257030557,1000000.0,1259455.104446988,1789550.96616112,0.78955096616112,0.001666864177767735,1549898.5465859026,0.5498985465859025,239652.4195752174,0.23965241957521743
2021-06-25,0.0,0.2105995119335468,3197.284760455328,0.0,0.0,0.0,1173705.798610964,247181.8683410428,926523.9302699212,173705.79861096386,0.1737057986109638,3,"mom20@q0.6,hold_q=0.4,buy_top=5,hold_top=10,rebalance=20d,min_hold=5d,turnover_penalty=0.01,target_vol=0.18",0.002731534818091852,1000000.0,1259455.104446988,1794439.1869339389,0.7944391869339389,0.016291793784680708,1575149.1740940565,0.5751491740940564,219290.0128398824,0.21929001283988248
2021-06-28,0.0,0.2105995119335468,4755.250697518561,0.0,0.0,0.0,1178461.0493084826,248183.32181706183,930277.7274914208,178461.04930848256,0.1784610493084826,3,"mom20@q0.6,hold_q=0.4,buy_top=5,hold_top=10,rebalance=20d,min_hold=5d,turnover_penalty=0.01,target_vol=0.18",0.004051484369546499,1000000.0,1259455.104446988,1801709.3292519036,0.8017093292519035,0.002250012881753083,1578693.2800264508,0.5786932800264508,223016.04922545282,0.2230160492254527
2021-06-29,0.0,0.2105995119335468,-22.838017840707494,0.0,0.0,0.0,1178438.2112906417,248178.51214165107,930259.6991489908,178438.2112906417,0.1784382112906417,3,"mom20@q0.6,hold_q=0.4,buy_top=5,hold_top=10,rebalance=20d,min_hold=5d,turnover_penalty=0.01,target_vol=0.18",-1.9379527099627758e-05,1000000.0,1259455.104446988,1801674.4129771315,0.8016744129771316,-0.011657044495559599,1560290.3822163416,0.5602903822163416,241384.03076079,0.24138403076078996
2021-06-30,0.0,0.2105995119335468,6622.598109615794,0.0,0.0,0.0,1185060.8094002577,249573.2280712682,935487.5813289896,185060.80940025765,0.1850608094002577,3,"mom20@q0.6,hold_q=0.4,buy_top=5,hold_top=10,rebalance=20d,min_hold=5d,turnover_penalty=0.01,target_vol=0.18",0.005619809376651741,1000000.0,1259455.104446988,1811799.4797368539,0.811799479736854,0.006454049097011083,1570360.5729487601,0.5703605729487602,241438.90678809374,0.24143890678809377
2021-07-01,0.0,0.2105995119335468,-5320.560966897331,0.0,0.0,0.0,1179740.24843336,248452.7205284269,931287.5279049332,179740.24843336013,0.1797402484333601,3,"mom20@q0.6,hold_q=0.4,buy_top=5,hold_top=10,rebalance=20d,min_hold=5d,turnover_penalty=0.01,target_vol=0.18",-0.004489694473645112,1000000.0,1259455.104446988,1803665.0536253261,0.803665053625326,0.0010757957442897315,1572049.9601701389,0.5720499601701388,231615.09345518728,0.23161509345518727
2021-07-02,0.0,0.2105995119335468,1701.291359243015,0.0,0.0,0.0,1181441.539792603,248811.01165834029,932630.5281342632,181441.53979260332,0.1814415397926032,3,"mom20@q0.6,hold_q=0.4,buy_top=5,hold_top=10,rebalance=20d,min_hold=5d,turnover_penalty=0.01,target_vol=0.18",0.0014420897833251622,1000000.0,1259455.104446988,1806266.1005717,0.8062661005717,-0.028403376127702384,1527398.4338598866,0.5273984338598865,278867.6667118133,0.2788676667118135
2021-07-05,0.0,0.2105995119335468,17602.08565461116,0.0,0.0,0.0,1199043.6254472143,252518.00230621384,946525.6231410004,199043.62544721435,0.1990436254472143,3,"mom20@q0.6,hold_q=0.4,buy_top=5,hold_top=10,rebalance=20d,min_hold=5d,turnover_penalty=0.01,target_vol=0.18",0.014898820687903935,1000000.0,1259455.104446988,1833177.3353187572,0.8331773353187573,0.0009190887048524665,1528802.2485082566,0.5288022485082566,304375.0868105006,0.30437508681050063
2021-07-06,0.0,0.2105995119335468,-2320.279147877144,0.0,0.0,0.0,1196723.3462993372,252029.35265012132,944693.993649216,196723.3462993372,0.1967233462993372,3,"mom20@q0.6,hold_q=0.4,buy_top=5,hold_top=10,rebalance=20d,min_hold=5d,turnover_penalty=0.01,target_vol=0.18",-0.0019351081967611261,1000000.0,1259455.104446988,1829629.9388310653,0.8296299388310653,-0.000528924709828682,1527993.627222579,0.5279936272225789,301636.31160848634,0.30163631160848636
2021-07-07,0.0,0.2105995119335468,9340.467971096328,0.0,0.0,0.0,1206063.8142704335,253996.45064606515,952067.3636243684,206063.8142704335,0.2060638142704334,3,"mom20@q0.6,hold_q=0.4,buy_top=5,hold_top=10,rebalance=20d,min_hold=5d,turnover_penalty=0.01,target_vol=0.18",0.007805035307433483,1000000.0,1259455.104446988,1843910.265103179,0.8439102651031791,0.011290354311345396,1545245.2166593997,0.5452452166593997,298665.04844377935,0.2986650484437794
2021-07-08,0.0,0.2105995119335468,6957.58370502519,0.0,0.0,0.0,1213021.3979754588,255461.71437858028,957559.6835968784,213021.3979754588,0.2130213979754587,3,"mom20@q0.6,hold_q=0.4,buy_top=5,hold_top=10,rebalance=20d,min_hold=5d,turnover_penalty=0.01,target_vol=0.18",0.005768835465173039,1000000.0,1259455.104446988,1854547.480035103,0.854547480035103,-0.010160509990292721,1529544.73719808,0.5295447371980799,325002.742837023,0.325002742837023
2021-07-09,0.0,0.2105995119335468,7934.04814697502,0.0,0.0,0.0,1220955.4461224338,257132.62104599047,963822.8250764431,220955.44612243376,0.2209554461224336,3,"mom20@q0.6,hold_q=0.4,buy_top=5,hold_top=10,rebalance=20d,min_hold=5d,turnover_penalty=0.01,target_vol=0.18",0.00654073222468865,1000000.0,1259455.104446988,1866677.5784999835,0.8666775784999836,-0.0036987103646434205,1523887.3942254197,0.5238873942254196,342790.1842745638,0.342790184274564
2021-07-12,0.0,0.2105995119335468,11583.08376950463,0.0,0.0,0.0,1232538.5298919384,259572.01283453355,972966.5170574049,232538.52989193844,0.2325385298919384,3,"mom20@q0.6,hold_q=0.4,buy_top=5,hold_top=10,rebalance=20d,min_hold=5d,turnover_penalty=0.01,target_vol=0.18",0.00948690126760221,1000000.0,1259455.104446988,1884386.5643856598,0.8843865643856597,0.012480668476202661,1542906.5275878115,0.5429065275878115,341480.0367978483,0.3414800367978481
2021-07-13,0.0,0.2105995119335468,-4702.912484862457,0.0,0.0,0.0,1227835.617407076,258581.58176055533,969254.0356465208,227835.6174070761,0.2278356174070761,3,"mom20@q0.6,hold_q=0.4,buy_top=5,hold_top=10,rebalance=20d,min_hold=5d,turnover_penalty=0.01,target_vol=0.18",-0.0038156312121736535,1000000.0,1259455.104446988,1877196.440194789,0.8771964401947892,0.001829442925861846,1545729.1870199733,0.5457291870199732,331467.2531748158,0.33146725317481596
2021-07-14,0.0,0.2105995119335468,-6018.539414432281,0.0,0.0,0.0,1221817.0779926437,257314.08029732303,964502.9976953206,221817.0779926437,0.2218170779926436,3,"mom20@q0.6,hold_q=0.4,buy_top=5,hold_top=10,rebalance=20d,min_hold=5d,turnover_penalty=0.01,target_vol=0.18",-0.004901746886234015,1000000.0,1259455.104446988,1867994.8983892146,0.8679948983892147,-0.011475856167713627,1527990.621195495,0.527990621195495,340004.27719371975,0.34000427719371973
2021-07-15,0.0,0.2105995119335468,4813.665896224468,0.0,0.0,0.0,1226630.7438888685,258327.83598567912,968302.9079031892,226630.74388886825,0.2266307438888681,3,"mom20@q0.6,hold_q=0.4,buy_top=5,hold_top=10,rebalance=20d,min_hold=5d,turnover_penalty=0.01,target_vol=0.18",0.003939759873166304,1000000.0,1259455.104446988,1875354.349733168,0.875354349733168,0.01345047992461268,1548542.8283708815,0.5485428283708815,326811.5213622865,0.3268115213622864
2021-07-16,0.0,0.2105995119335468,-4506.973948459237,0.0,0.0,0.0,1222123.7699404089,257378.6694718364,964745.1004685723,222123.76994040888,0.2221237699404088,3,"mom20@q0.6,hold_q=0.4,buy_top=5,hold_top=10,rebalance=20d,min_hold=5d,turnover_penalty=0.01,target_vol=0.18",-0.0036742711455045596,1000000.0,1259455.104446988,1868463.789358347,0.8684637893583469,-0.011004647226223185,1531501.660829962,0.5315016608299621,336962.12852838496,0.3369621285283848
2021-07-19,-12067.972371522284,0.2222404005275303,-2640.204616420553,149151.77752608925,137510.88893210576,186.4397219076116,1219483.5653239884,271018.51599434385,948465.0493296444,219483.56532398844,0.2194835653239883,3,"mom20@q0.6,hold_q=0.4,buy_top=5,hold_top=10,rebalance=20d,min_hold=5d,turnover_penalty=0.01,target_vol=0.18",-0.002160341432970503,1000000.0,1259455.104446988,1864427.2696181908,0.8644272696181907,0.003674356251606836,1537128.9435317789,0.537128943531779,327298.32608641195,0.32729832608641174
2021-07-20,0.0,0.2222404005275303,3936.55430868796,0.0,0.0,0.0,1223420.1196326762,271893.377400605,951526.7422320712,223420.11963267624,0.2234201196326761,3,"mom20@q0.6,hold_q=0.4,buy_top=5,hold_top=10,rebalance=20d,min_hold=5d,turnover_penalty=0.01,target_vol=0.18",0.003228050316235187,1000000.0,1259455.104446988,1870445.7346554794,0.8704457346554795,-0.0008800251882764565,1535776.2313438423,0.5357762313438423,334669.5033116371,0.33466950331163714
2021-07-21,0.0,0.2222404005275303,18669.28512619834,0.0,0.0,0.0,1242089.4047588748,276042.44680461404,966046.9579542608,242089.4047588748,0.2420894047588748,3,"mom20@q0.6,hold_q=0.4,buy_top=5,hold_top=10,rebalance=20d,min_hold=5d,turnover_penalty=0.01,target_vol=0.18",0.015259913439876982,1000000.0,1259455.104446988,1898988.5746603091,0.898988574660309,0.006860455784802877,1546312.356274328,0.546312356274328,352676.21838598116,0.35267621838598107
2021-07-22,0.0,0.2222404005275303,6159.116709499524,0.0,0.0,0.0,1248248.5214683742,277411.251369029,970837.2700993452,248248.52146837415,0.2482485214683742,3,"mom20@q0.6,hold_q=0.4,buy_top=5,hold_top=10,rebalance=20d,min_hold=5d,turnover_penalty=0.01,target_vol=0.18",0.004958674219345038,1000000.0,1259455.104446988,1908405.0403483082,0.9084050403483082,0.0014988219376210754,1548630.0031563265,0.5486300031563265,359775.0371919817,0.3597750371919817
2021-07-23,0.0,0.2222404005275303,-6954.89882423913,0.0,0.0,0.0,1241293.622644135,275865.5918687016,965428.0307754334,241293.62264413503,0.2412936226441351,3,"mom20@q0.6,hold_q=0.4,buy_top=5,hold_top=10,rebalance=20d,min_hold=5d,turnover_penalty=0.01,target_vol=0.18",-0.005571726066262661,1000000.0,1259455.104446988,1897771.9302400125,0.8977719302400125,-0.012135682049788987,1529836.3218252575,0.5298363218252575,367935.60841475497,0.3679356084147549
2021-07-26,0.0,0.2222404005275303,9592.10769810014,0.0,0.0,0.0,1250885.7303422352,277997.3457254306,972888.3846168044,250885.7303422352,0.2508857303422351,3,"mom20@q0.6,hold_q=0.4,buy_top=5,hold_top=10,rebalance=20d,min_hold=5d,turnover_penalty=0.01,target_vol=0.18",0.007727509046302483,1000000.0,1259455.104446988,1912436.979998761,0.912436979998761,-0.03221115964497567,1480558.5198322616,0.4805585198322615,431878.4601664995,0.43187846016649956
2021-07-27,0.0,0.2222404005275303,-9247.658126223789,0.0,0.0,0.0,1241638.0722160116,275942.14247951703,965695.9297364946,241638.0722160116,0.2416380722160116,3,"mom20@q0.6,hold_q=0.4,buy_top=5,hold_top=10,rebalance=20d,min_hold=5d,turnover_penalty=0.01,target_vol=0.18",-0.007392888016792276,1000000.0,1259455.104446988,1898298.547566458,0.898298547566458,-0.035325766958357874,1428256.654592456,0.428256654592456,470041.8929740018,0.470041892974002
2021-07-28,0.0,0.2222404005275303,122.84171211826742,0.0,0.0,0.0,1241760.9139281297,275969.44287081965,965791.47105731,241760.9139281297,0.2417609139281298,3,"mom20@q0.6,hold_q=0.4,buy_top=5,hold_top=10,rebalance=20d,min_hold=5d,turnover_penalty=0.01,target_vol=0.18",9.893520089865326e-05,1000000.0,1259455.104446988,1898486.3561146269,0.8984863561146268,0.0019299940437478291,1431013.1814287626,0.43101318142876255,467473.17468586424,0.46747317468586425
2021-07-29,0.0,0.2222404005275303,13252.621938029224,0.0,0.0,0.0,1255013.535866159,278914.7108783672,976098.8249877918,255013.535866159,0.2550135358661589,3,"mom20@q0.6,hold_q=0.4,buy_top=5,hold_top=10,rebalance=20d,min_hold=5d,turnover_penalty=0.01,target_vol=0.18",0.010672442488229628,1000000.0,1259455.104446988,1918747.8425649486,0.9187478425649487,0.018861543373777545,1458004.2986187285,0.4580042986187285,460743.5439462201,0.4607435439462202
2021-07-30,0.0,0.2222404005275303,5330.74967599783,0.0,0.0,0.0,1260344.2855421568,280099.41882147297,980244.866720684,260344.2855421568,0.2603442855421567,3,"mom20@q0.6,hold_q=0.4,buy_top=5,hold_top=10,rebalance=20d,min_hold=5d,turnover_penalty=0.01,target_vol=0.18",0.004247563491272421,1000000.0,1259455.104446988,1926897.8458499853,0.9268978458499852,-0.008061406890750522,1446250.7327190996,0.44625073271909965,480647.11313088564,0.4806471131308856
2021-08-02,0.0,0.2222404005275303,6105.660716409862,0.0,0.0,0.0,1266449.9462585666,281456.34330457303,984993.6029539936,266449.9462585666,0.2664499462585665,3,"mom20@q0.6,hold_q=0.4,buy_top=5,hold_top=10,rebalance=20d,min_hold=5d,turnover_penalty=0.01,target_vol=0.18",0.004844438766811621,1000000.0,1259455.104446988,1936232.5844741066,0.9362325844741066,0.025476131585456363,1483095.606691414,0.48309560669141405,453136.9777826925,0.4531369777826926
2021-08-03,0.0,0.2222404005275303,-17085.82985372159,0.0,0.0,0.0,1249364.116404845,277659.1816345367,971704.9347703082,249364.1164048449,0.249364116404845,3,"mom20@q0.6,hold_q=0.4,buy_top=5,hold_top=10,rebalance=20d,min_hold=5d,turnover_penalty=0.01,target_vol=0.18",-0.013491121306608123,1000000.0,1259455.104446988,1910110.635799159,0.9101106357991591,0.00014593391625838947,1483312.040641484,0.48331204064148414,426798.595157675,0.42679859515767493
2021-08-04,0.0,0.2222404005275303,26206.74945923505,0.0,0.0,0.0,1275570.86586408,283483.3801308818,992087.4857331984,275570.86586408014,0.2755708658640801,3,"mom20@q0.6,hold_q=0.4,buy_top=5,hold_top=10,rebalance=20d,min_hold=5d,turnover_penalty=0.01,target_vol=0.18",0.020976070238552413,1000000.0,1259455.104446988,1950177.2506590881,0.9501772506590882,0.008995918499693945,1496655.7948687095,0.4966557948687096,453521.4557903786,0.4535214557903786
2021-08-05,0.0,0.2222404005275303,990.0930526588742,0.0,0.0,0.0,1276560.958916739,283703.41880746424,992857.5401092748,276560.9589167391,0.276560958916739,3,"mom20@q0.6,hold_q=0.4,buy_top=5,hold_top=10,rebalance=20d,min_hold=5d,turnover_penalty=0.01,target_vol=0.18",0.0007761960383037003,1000000.0,1259455.104446988,1951690.9705150397,0.9516909705150398,-0.006061640740331664,1487583.6051282801,0.48758360512828003,464107.36538675963,0.4641073653867598
2021-08-06,0.0,0.2222404005275303,-1944.6624142380829,0.0,0.0,0.0,1274616.2965025008,283271.2362536331,991345.0602488676,274616.2965025008,0.2746162965025007,3,"mom20@q0.6,hold_q=0.4,buy_top=5,hold_top=10,rebalance=20d,min_hold=5d,turnover_penalty=0.01,target_vol=0.18",-0.0015233604009702306,1000000.0,1259455.104446988,1948717.8417756262,0.9487178417756261,-0.005476218862846105,1479437.271729816,0.4794372717298161,469280.5700458102,0.46928057004581003
2021-08-09,0.0,0.2222404005275303,-8070.129038437573,0.0,0.0,0.0,1266546.1674640633,281477.7275438219,985068.4399202414,266546.16746406327,0.2665461674640632,3,"mom20@q0.6,hold_q=0.4,buy_top=5,hold_top=10,rebalance=20d,min_hold=5d,turnover_penalty=0.01,target_vol=0.18",-0.006331418373185405,1000000.0,1259455.104446988,1936379.6938280538,0.9363796938280537,0.013001948565193766,1498672.8390422775,0.49867283904227744,437706.85478577623,0.4377068547857763
2021-08-10,0.0,0.2222404005275303,-6612.661622293387,0.0,0.0,0.0,1259933.50584177,280008.1269763304,979925.3788654396,259933.50584177,0.25993350584177,3,"mom20@q0.6,hold_q=0.4,buy_top=5,hold_top=10,rebalance=20d,min_hold=5d,turnover_penalty=0.01,target_vol=0.18",-0.005221019013885164,1000000.0,1259455.104446988,1926269.8186284762,0.9262698186284761,0.011551360328629023,1515984.5490207842,0.5159845490207842,410285.269607692,0.41028526960769196
2021-08-11,0.0,0.2222404005275303,5793.873927256624,0.0,0.0,0.0,1265727.3797690263,281295.7598385299,984431.6199304968,265727.37976902653,0.2657273797690265,3,"mom20@q0.6,hold_q=0.4,buy_top=5,hold_top=10,rebalance=20d,min_hold=5d,turnover_penalty=0.01,target_vol=0.18",0.004598555320890041,1000000.0,1259455.104446988,1935127.8769524002,0.9351278769524003,-0.005514410636209388,1507624.787699335,0.507624787699335,427503.0892530652,0.42750308925306535
2021-08-12,0.0,0.2222404005275303,1740.97274945863,0.0,0.0,0.0,1267468.3525184852,281682.6743196771,985785.678198808,267468.3525184852,0.2674683525184851,3,"mom20@q0.6,hold_q=0.4,buy_top=5,hold_top=10,rebalance=20d,min_hold=5d,turnover_penalty=0.01,target_vol=0.18",0.0013754721413836712,1000000.0,1259455.104446988,1937789.5914371633,0.9377895914371632,-0.008372313741441206,1495002.4799723425,0.4950024799723425,442787.1114648208,0.44278711146482075
2021-08-13,0.0,0.2222404005275303,2323.298384559076,0.0,0.0,0.0,1269791.6509030445,282199.0050832065,987592.6458198376,269791.65090304427,0.2697916509030442,3,"mom20@q0.6,hold_q=0.4,buy_top=5,hold_top=10,rebalance=20d,min_hold=5d,turnover_penalty=0.01,target_vol=0.18",0.0018330227969345358,1000000.0,1259455.104446988,1941341.60393393,0.94134160393393,-0.005503332763630353,1486774.983842602,0.4867749838426021,454566.62009132793,0.45456662009132787
2021-08-16,36175.04675962759,0.1856850688669157,-6773.340647142821,105437.69019361498,141993.0218542295,131.79711274201873,1263018.3102559014,234523.64192004263,1028494.6683358588,263018.3102559014,0.2630183102559014,3,"mom20@q0.6,hold_q=0.4,buy_top=5,hold_top=10,rebalance=20d,min_hold=5d,turnover_penalty=0.01,target_vol=0.18",-0.005334214193585263,1000000.0,1259455.104446988,1930986.071995628,0.930986071995628,-0.000992725405278616,1485299.0245442088,0.4852990245442088,445687.0474514193,0.4456870474514192
2021-08-17,0.0,0.1856850688669157,-8400.51811485165,0.0,0.0,0.0,1254617.79214105,232963.79113536864,1021654.0010056812,254617.79214104987,0.2546177921410499,3,"mom20@q0.6,hold_q=0.4,buy_top=5,hold_top=10,rebalance=20d,min_hold=5d,turnover_penalty=0.01,target_vol=0.18",-0.006651145154933924,1000000.0,1259455.104446988,1918142.8033386294,0.9181428033386294,-0.020981285430078933,1454135.541761229,0.45413554176122894,464007.2615774004,0.46400726157740046
2021-08-18,0.0,0.1856850688669157,2109.6327528916563,0.0,0.0,0.0,1256727.4248939415,233355.51843837328,1023371.9064555684,256727.4248939415,0.2567274248939415,3,"mom20@q0.6,hold_q=0.4,buy_top=5,hold_top=10,rebalance=20d,min_hold=5d,turnover_penalty=0.01,target_vol=0.18",0.0016814943691267903,1000000.0,1259455.104446988,1921368.1496616243,0.9213681496616244,0.011750113697440723,1471221.799708413,0.47122179970841294,450146.3499532114,0.45014634995321146
2021-08-19,0.0,0.1856850688669157,5396.990092977803,0.0,0.0,0.0,1262124.4149869191,234357.65891546183,1027766.7560714572,262124.41498691915,0.2621244149869191,3,"mom20@q0.6,hold_q=0.4,buy_top=5,hold_top=10,rebalance=20d,min_hold=5d,turnover_penalty=0.01,target_vol=0.18",0.004294479444047372,1000000.0,1259455.104446988,1929619.4256847936,0.9296194256847936,-0.006558730262512524,1461572.452767797,0.4615724527677971,468046.9729169966,0.4680469729169965
2021-08-20,0.0,0.1856850688669157,5301.642664649973,0.0,0.0,0.0,1267426.0576515691,235342.0947987552,1032083.962852814,267426.05765156914,0.2674260576515692,3,"mom20@q0.6,hold_q=0.4,buy_top=5,hold_top=10,rebalance=20d,min_hold=5d,turnover_penalty=0.01,target_vol=0.18",0.004200570563168249,1000000.0,1259455.104446988,1937724.9282424427,0.9377249282424427,-0.019100642926777045,1433655.4792358659,0.4336554792358658,504069.4490065768,0.5040694490065769
2021-08-23,0.0,0.1856850688669157,6413.4557973790925,0.0,0.0,0.0,1273839.5134489485,236532.97778016643,1037306.5356687818,273839.5134489483,0.2738395134489482,3,"mom20@q0.6,hold_q=0.4,buy_top=5,hold_top=10,rebalance=20d,min_hold=5d,turnover_penalty=0.01,target_vol=0.18",0.005060220877313393,1000000.0,1259455.104446988,1947530.2443788256,0.9475302443788256,0.01396649801751626,1453678.6256444147,0.45367862564441475,493851.61873441096,0.49385161873441086
2021-08-24,0.0,0.1856850688669157,-1857.976277467292,0.0,0.0,0.0,1271981.537171481,236187.97932713185,1035793.5578443492,271981.53717148094,0.2719815371714809,3,"mom20@q0.6,hold_q=0.4,buy_top=5,hold_top=10,rebalance=20d,min_hold=5d,turnover_penalty=0.01,target_vol=0.18",-0.0014585638597730544,1000000.0,1259455.104446988,1944689.6471485598,0.9446896471485597,0.01085841666873466,1469463.2738640953,0.46946327386409537,475226.37328446447,0.4752263732844644
2021-08-25,0.0,0.1856850688669157,1770.4961106180351,0.0,0.0,0.0,1273752.033282099,236516.73401936056,1037235.2992627386,273752.03328209906,0.273752033282099,3,"mom20@q0.6,hold_q=0.4,buy_top=5,hold_top=10,rebalance=20d,min_hold=5d,turnover_penalty=0.01,target_vol=0.18",0.0013919196614717855,1000000.0,1259455.104446988,1947396.4989038866,0.9473964989038866,0.0019986130402851465,1472400.1623254602,0.47240016232546034,474996.3365784264,0.4749963365784262
2021-08-26,0.0,0.1856850688669157,2616.000185216522,0.0,0.0,0.0,1276368.0334673156,237002.48619390835,1039365.5472734072,276368.0334673156,0.2763680334673155,3,"mom20@q0.6,hold_q=0.4,buy_top=5,hold_top=10,rebalance=20d,min_hold=5d,turnover_penalty=0.01,target_vol=0.18",0.0020537750809126454,1000000.0,1259455.104446988,1951396.013305992,0.951396013305992,-0.019711483495843396,1443376.970826505,0.44337697082650496,508019.0424794869,0.508019042479487
2021-08-27,0.0,0.1856850688669157,110.33843416417947,0.0,0.0,0.0,1276478.3719014798,237022.9743936548,1039455.3975078248,276478.3719014798,0.2764783719014798,3,"mom20@q0.6,hold_q=0.4,buy_top=5,hold_top=10,rebalance=20d,min_hold=5d,turnover_penalty=0.01,target_vol=0.18",8.644719334149897e-05,1000000.0,1259455.104446988,1951564.7060144402,0.9515647060144401,0.005296140252956771,1451021.2977018899,0.4510212977018899,500543.4083125503,0.5005434083125502
2021-08-30,0.0,0.1856850688669157,10347.966910602978,0.0,0.0,0.0,1286826.3388120828,238944.43734208267,1047881.9014700002,286826.3388120828,0.2868263388120828,3,"mom20@q0.6,hold_q=0.4,buy_top=5,hold_top=10,rebalance=20d,min_hold=5d,turnover_penalty=0.01,target_vol=0.18",0.008106652755258459,1000000.0,1259455.104446988,1967385.3634155171,0.9673853634155172,-0.0028526799032118078,1446881.9984068032,0.4468819984068033,520503.3650087139,0.5205033650087139
2021-08-31,0.0,0.1856850688669157,4897.259893683427,0.0,0.0,0.0,1291723.5987057665,239853.78538270047,1051869.813323066,291723.59870576626,0.2917235987057662,3,"mom20@q0.6,hold_q=0.4,buy_top=5,hold_top=10,rebalance=20d,min_hold=5d,turnover_penalty=0.01,target_vol=0.18",0.0038056882626482658,1000000.0,1259455.104446988,1974872.6188011735,0.9748726188011736,-0.0015914336822993036,1444579.381660226,0.4445793816602259,530293.2371409475,0.5302932371409477
2021-09-01,0.0,0.1856850688669157,-3124.194081398071,0.0,0.0,0.0,1288599.404624368,239273.66918954244,1049325.7354348255,288599.40462436806,0.288599404624368,3,"mom20@q0.6,hold_q=0.4,buy_top=5,hold_top=10,rebalance=20d,min_hold=5d,turnover_penalty=0.01,target_vol=0.18",-0.00241862429743378,1000000.0,1259455.104446988,1970096.1439010042,0.9700961439010043,0.013286554672559792,1463772.8645935073,0.4637728645935073,506323.27930749697,0.506323279307497
2021-09-02,0.0,0.1856850688669157,7625.868736059706,0.0,0.0,0.0,1296225.273360428,240689.67915096777,1055535.59420946,296225.27336042793,0.296225273360428,3,"mom20@q0.6,hold_q=0.4,buy_top=5,hold_top=10,rebalance=20d,min_hold=5d,turnover_penalty=0.01,target_vol=0.18",0.005917951466292148,1000000.0,1259455.104446988,1981755.07726454,0.9817550772645398,-1.026807900672555e-05,1463757.8344580857,0.4637578344580857,517997.2428064542,0.5179972428064541
2021-09-03,0.0,0.1856850688669157,-9135.35609642502,0.0,0.0,0.0,1287089.9172640028,238993.3799250793,1048096.5373389235,287089.91726400284,0.2870899172640029,3,"mom20@q0.6,hold_q=0.4,buy_top=5,hold_top=10,rebalance=20d,min_hold=5d,turnover_penalty=0.01,target_vol=0.18",-0.007047660838105707,1000000.0,1259455.104446988,1967788.3396157853,0.9677883396157854,-0.005411333200531332,1455836.9530909448,0.45583695309094474,511951.3865248405,0.5119513865248406
2021-09-06,0.0,0.1856850688669157,422.5964982973345,0.0,0.0,0.0,1287512.5137623,239071.8497849685,1048440.6639773316,287512.51376230014,0.2875125137623,3,"mom20@q0.6,hold_q=0.4,buy_top=5,hold_top=10,rebalance=20d,min_hold=5d,turnover_penalty=0.01,target_vol=0.18",0.0003283348681617504,1000000.0,1259455.104446988,1968434.4331408434,0.9684344331408434,0.018721634668990017,1483092.600664329,0.483092600664329,485341.8324765144,0.4853418324765144
2021-09-07,0.0,0.1856850688669157,5314.6498625617605,0.0,0.0,0.0,1292827.163624862,240058.70091070188,1052768.46271416,292827.163624862,0.292827163624862,3,"mom20@q0.6,hold_q=0.4,buy_top=5,hold_top=10,rebalance=20d,min_hold=5d,turnover_penalty=0.01,target_vol=0.18",0.004127843268126208,1000000.0,1259455.104446988,1976559.8219644316,0.9765598219644316,0.011978766572147359,1500858.220732566,0.500858220732566,475701.6012318656,0.47570160123186556
2021-09-08,0.0,0.1856850688669157,-1015.063600680084,0.0,0.0,0.0,1291812.100024182,239870.21875610529,1051941.8812680766,291812.1000241819,0.2918121000241818,3,"mom20@q0.6,hold_q=0.4,buy_top=5,hold_top=10,rebalance=20d,min_hold=5d,turnover_penalty=0.01,target_vol=0.18",-0.0007851502731688331,1000000.0,1259455.104446988,1975007.9254802817,0.9750079254802817,-0.004145945285539465,1494635.7446680567,0.4946357446680567,480372.180812225,0.480372180812225
2021-09-09,0.0,0.1856850688669157,1442.5775359154222,0.0,0.0,0.0,1293254.6775600973,240138.0838652076,1053116.5936948897,293254.6775600973,0.2932546775600972,3,"mom20@q0.6,hold_q=0.4,buy_top=5,hold_top=10,rebalance=20d,min_hold=5d,turnover_penalty=0.01,target_vol=0.18",0.0011167084871619437,1000000.0,1259455.104446988,1977213.4335928778,0.9772134335928777,-0.00042637662329825243,1493998.4669261843,0.4939984669261843,483214.96666669357,0.4832149666666934
2021-09-10,0.0,0.1856850688669157,8998.86929928558,0.0,0.0,0.0,1302253.546859383,241809.03953076983,1060444.507328613,302253.5468593829,0.302253546859383,3,"mom20@q0.6,hold_q=0.4,buy_top=5,hold_top=10,rebalance=20d,min_hold=5d,turnover_penalty=0.01,target_vol=0.18",0.0069583118123826004,1000000.0,1259455.104446988,1990971.5011834486,0.9909715011834486,0.008754509548270617,1507077.6907699911,0.5070776907699912,483893.81041345745,0.48389381041345736
2021-09-13,-5688.561903212518,0.1909309203114382,-1608.865643269299,150630.23290598206,145384.38146145956,188.2877911324776,1300644.6812161135,248333.2859827698,1052311.3952333438,300644.6812161135,0.3006446812161134,3,"mom20@q0.6,hold_q=0.4,buy_top=5,hold_top=10,rebalance=20d,min_hold=5d,turnover_penalty=0.01,target_vol=0.18",-0.0012354473114313258,1000000.0,1259455.104446988,1988511.760795175,0.988511760795175,-0.00436020999218123,1500506.5155637024,0.5005065155637025,488005.24523147265,0.4880052452314725
2021-09-14,0.0,0.1909309203114382,-4339.392048759425,0.0,0.0,0.0,1296305.289167354,247504.76186530804,1048800.527302046,296305.2891673541,0.2963052891673541,3,"mom20@q0.6,hold_q=0.4,buy_top=5,hold_top=10,rebalance=20d,min_hold=5d,turnover_penalty=0.01,target_vol=0.18",-0.0033363393641852035,1000000.0,1259455.104446988,1981877.4107314888,0.9818774107314889,-0.014924894724400284,1478111.6137856375,0.4781116137856376,503765.7969458513,0.5037657969458513
2021-09-15,0.0,0.1909309203114382,1447.90286121419,0.0,0.0,0.0,1297753.192028568,247781.2112911212,1049971.980737447,297753.1920285681,0.2977531920285681,3,"mom20@q0.6,hold_q=0.4,buy_top=5,hold_top=10,rebalance=20d,min_hold=5d,turnover_penalty=0.01,target_vol=0.18",0.001116945887140286,1000000.0,1259455.104446988,1984091.0605542217,0.9840910605542217,-0.010135932123420899,1463129.5747974662,0.4631295747974662,520961.4857567556,0.5209614857567555
2021-09-16,0.0,0.1909309203114382,-11401.914467616783,0.0,0.0,0.0,1286351.2775609514,245604.2332685068,1040747.0442924446,286351.2775609514,0.2863512775609513,3,"mom20@q0.6,hold_q=0.4,buy_top=5,hold_top=10,rebalance=20d,min_hold=5d,turnover_penalty=0.01,target_vol=0.18",-0.008785888208676762,1000000.0,1259455.104446988,1966659.0583003573,0.9666590583003574,-0.012249040539763167,1445207.6413208456,0.44520764132084567,521451.41697951173,0.5214514169795117
2021-09-17,0.0,0.1909309203114382,-3011.243568881814,0.0,0.0,0.0,1283340.0339920698,245029.2937626184,1038310.7402294514,283340.0339920698,0.2833400339920697,3,"mom20@q0.6,hold_q=0.4,buy_top=5,hold_top=10,rebalance=20d,min_hold=5d,turnover_penalty=0.01,target_vol=0.18",-0.002340918551106297,1000000.0,1259455.104446988,1962055.2696270808,0.9620552696270808,0.010033903945753542,1459708.715975528,0.459708715975528,502346.5536515529,0.5023465536515528
2021-09-22,0.0,0.1909309203114382,13951.119672356564,0.0,0.0,0.0,1297291.1536644262,247692.9938810364,1049598.15978339,297291.1536644262,0.2972911536644262,3,"mom20@q0.6,hold_q=0.4,buy_top=5,hold_top=10,rebalance=20d,min_hold=5d,turnover_penalty=0.01,target_vol=0.18",0.01087094558170909,1000000.0,1259455.104446988,1983384.6656915024,0.9833846656915024,-0.007036742628615533,1449437.1214284613,0.4494371214284614,533947.5442630411,0.533947544263041
2021-09-23,0.0,0.1909309203114382,-2468.6700409304294,0.0,0.0,0.0,1294822.4836234958,247221.64843817623,1047600.8351853197,294822.4836234958,0.2948224836234958,3,"mom20@q0.6,hold_q=0.4,buy_top=5,hold_top=10,rebalance=20d,min_hold=5d,turnover_penalty=0.01,target_vol=0.18",-0.0019029421683460779,1000000.0,1259455.104446988,1979610.3993751071,0.9796103993751071,0.006518353218838646,1458885.064554429,0.4588850645544289,520725.3348206782,0.5207253348206782
2021-09-24,0.0,0.1909309203114382,-10994.281786655816,0.0,0.0,0.0,1283828.20183684,245122.5000984868,1038705.7017383532,283828.20183684,0.2838282018368401,3,"mom20@q0.6,hold_q=0.4,buy_top=5,hold_top=10,rebalance=20d,min_hold=5d,turnover_penalty=0.01,target_vol=0.18",-0.008490956811229355,1000000.0,1259455.104446988,1962801.6129709524,0.9628016129709525,-0.0007768070551388284,1457751.7923436463,0.45775179234364627,505049.8206273061,0.5050498206273062
2021-09-27,0.0,0.1909309203114382,-12789.718745163216,0.0,0.0,0.0,1271038.4830916766,242680.54732794827,1028357.9357637285,271038.4830916766,0.2710384830916765,3,"mom20@q0.6,hold_q=0.4,buy_top=5,hold_top=10,rebalance=20d,min_hold=5d,turnover_penalty=0.01,target_vol=0.18",-0.009962173074921199,1000000.0,1259455.104446988,1943247.8435908013,0.9432478435908014,0.005761501867229679,1466150.6320171915,0.46615063201719154,477097.21157360985,0.47709721157360985
2021-09-28,0.0,0.1909309203114382,1450.9736817571038,0.0,0.0,0.0,1272489.4567734338,242957.58306835385,1029531.87370508,272489.45677343383,0.2724894567734337,3,"mom20@q0.6,hold_q=0.4,buy_top=5,hold_top=10,rebalance=20d,min_hold=5d,turnover_penalty=0.01,target_vol=0.18",0.0011415655002260383,1000000.0,1259455.104446988,1945466.1882874332,0.9454661882874333,0.0013244843019906138,1468092.5255136518,0.4680925255136519,477373.66277378146,0.47737366277378146
2021-09-29,0.0,0.1909309203114382,-13034.352326445778,0.0,0.0,0.0,1259455.104446988,240468.92218300205,1018986.182263986,259455.1044469881,0.2594551044469881,3,"mom20@q0.6,hold_q=0.4,buy_top=5,hold_top=10,rebalance=20d,min_hold=5d,turnover_penalty=0.01,target_vol=0.18",-0.010243190823361337,1000000.0,1259455.104446988,1925538.4068804078,0.9255384068804078,-0.01021739085922313,1453092.450362975,0.45309245036297496,472445.9565174328,0.4724459565174328
2021-09-30,0.0,0.0,0.0,0.0,0.0,0.0,1000000.0,0.0,1000000.0,0.0,0.0,4,"mom20@q0.6,hold_q=0.4,buy_top=10,hold_top=20,rebalance=20d,min_hold=5d,turnover_penalty=0.01,target_vol=0.18",0.0,1000000.0,972130.1321658303,1925538.4068804078,0.9255384068804078,0.006712964399567145,1462847.0082515415,0.46284700825154146,462691.3986288663,0.4626913986288663
2021-10-08,-231358.84990319045,0.2310700123877058,-2625.686429496061,231070.01238770585,0.0,288.8375154846323,997374.313570504,230463.294991916,766911.018578588,-2625.68642949604,-0.002625686429496,4,"mom20@q0.6,hold_q=0.4,buy_top=10,hold_top=20,rebalance=20d,min_hold=5d,turnover_penalty=0.01,target_vol=0.18",-0.0026256864294960103,1000000.0,972130.1321658303,1920482.5468159886,0.9204825468159885,0.013061043321729748,1481953.3163993778,0.48195331639937766,438529.23041661084,0.43852923041661085
2021-10-11,0.0,0.2310700123877058,-5475.687327704578,0.0,0.0,0.0,991898.6262427992,229198.02785327204,762700.5983895273,-8101.373757200665,-0.0081013737572006,4,"mom20@q0.6,hold_q=0.4,buy_top=10,hold_top=20,rebalance=20d,min_hold=5d,turnover_penalty=0.01,target_vol=0.18",-0.005490102615639203,1000000.0,972130.1321658303,1909938.9005624244,0.9099389005624245,0.0012677639078770842,1483832.0833270676,0.4838320833270675,426106.8172353569,0.42610681723535704
2021-10-12,0.0,0.2310700123877058,-8066.427899669111,0.0,0.0,0.0,983832.1983431304,227334.118258571,756498.0800845593,-16167.801656869706,-0.0161678016568697,4,"mom20@q0.6,hold_q=0.4,buy_top=10,hold_top=20,rebalance=20d,min_hold=5d,turnover_penalty=0.01,target_vol=0.18",-0.008132310788879216,1000000.0,972130.1321658303,1894406.6838352806,0.8944066838352807,-0.01060534541822733,1468095.531540736,0.468095531540736,426311.1522945445,0.42631115229454464
2021-10-13,0.0,0.2310700123877058,-4684.310143229165,0.0,0.0,0.0,979147.8881999012,226251.71465574717,752896.1735441539,-20852.111800098908,-0.0208521118000989,4,"mom20@q0.6,hold_q=0.4,buy_top=10,hold_top=20,rebalance=20d,min_hold=5d,turnover_penalty=0.01,target_vol=0.18",-0.004761289731234686,1000000.0,972130.1321658303,1885386.8647447533,0.8853868647447534,0.011521671471628858,1485010.4459441146,0.4850104459441147,400376.41880063876,0.4003764188006387
2021-10-14,0.0,0.2310700123877058,-22.533274032764268,0.0,0.0,0.0,979125.3549258685,226246.50789183727,752878.8470340311,-20874.645074131666,-0.0208746450741316,4,"mom20@q0.6,hold_q=0.4,buy_top=10,hold_top=20,rebalance=20d,min_hold=5d,turnover_penalty=0.01,target_vol=0.18",-2.3013146741468482e-05,1000000.0,972130.1321658303,1885343.4760601707,0.8853434760601706,-0.005364253022705934,1477044.4741707093,0.47704447417070917,408299.0018894614,0.40829900188946144
2021-10-15,0.0,0.2310700123877058,4054.517979118688,0.0,0.0,0.0,983179.872904987,227183.3854114984,755996.4874934886,-16820.127095013042,-0.016820127095013,4,"mom20@q0.6,hold_q=0.4,buy_top=10,hold_top=20,rebalance=20d,min_hold=5d,turnover_penalty=0.01,target_vol=0.18",0.00414095902911793,1000000.0,972130.1321658303,1893150.6061503505,0.8931506061503505,0.0037650525784505007,1482605.6242766716,0.48260562427667164,410544.981873679,0.4105449818736788
2021-10-18,0.0,0.2310700123877058,8438.701686703465,0.0,0.0,0.0,991618.5745916904,229133.3163147811,762485.2582769094,-8381.425408309558,-0.0083814254083095,4,"mom20@q0.6,hold_q=0.4,buy_top=10,hold_top=20,rebalance=20d,min_hold=5d,turnover_penalty=0.01,target_vol=0.18",0.008583070015224958,1000000.0,972130.1321658303,1909399.6503523046,0.9093996503523045,-0.011623828341217002,1465372.0710023567,0.4653720710023568,444027.57934994786,0.44402757934994774
2021-10-19,0.0,0.2310700123877058,2257.74205861467,0.0,0.0,0.0,993876.3166503052,229655.01280023347,764221.3038500717,-6123.683349694824,-0.0061236833496948,4,"mom20@q0.6,hold_q=0.4,buy_top=10,hold_top=20,rebalance=20d,min_hold=5d,turnover_penalty=0.01,target_vol=0.18",0.0022768250983442595,1000000.0,972130.1321658303,1913747.0193989966,0.9137470193989965,0.009834289957700859,1479782.9648445107,0.47978296484451066,433964.05455448595,0.43396405455448583
2021-10-20,0.0,0.2310700123877058,-183.9673874158728,0.0,0.0,0.0,993692.3492628892,229612.5034537443,764079.8458091449,-6307.650737110758,-0.0063076507371107,4,"mom20@q0.6,hold_q=0.4,buy_top=10,hold_top=20,rebalance=20d,min_hold=5d,turnover_penalty=0.01,target_vol=0.18",-0.00018510088663337143,1000000.0,972130.1321658303,1913392.7831289137,0.9133927831289137,-0.0025473721844834207,1476013.4068807934,0.4760134068807933,437379.37624812033,0.4373793762481204
2021-10-21,0.0,0.2310700123877058,1809.946893944861,0.0,0.0,0.0,995502.296156834,230030.72790494925,765471.5682518849,-4497.703843165888,-0.0044977038431658,4,"mom20@q0.6,hold_q=0.4,buy_top=10,hold_top=20,rebalance=20d,min_hold=5d,turnover_penalty=0.01,target_vol=0.18",0.0018214358752861592,1000000.0,972130.1321658303,1916877.9053876183,0.9168779053876184,0.003633268026834058,1481376.1591991917,0.48137615919919163,435501.7461884266,0.43550174618842674
2021-10-22,0.0,0.2310700123877058,-6401.370565072392,0.0,0.0,0.0,989100.9255917616,228551.56312917967,760549.3624625821,-10899.074408238288,-0.0108990744082383,4,"mom20@q0.6,hold_q=0.4,buy_top=10,hold_top=20,rebalance=20d,min_hold=5d,turnover_penalty=0.01,target_vol=0.18",-0.006430292114629088,1000000.0,972130.1321658303,1904551.8205078978,0.9045518205078977,0.006434632976326959,1490908.2710835193,0.4909082710835193,413643.54942437843,0.4136435494243784
2021-10-25,0.0,0.2310700123877058,7719.240670530594,0.0,0.0,0.0,996820.1662622924,230335.24816654288,766484.9180957495,-3179.833737707697,-0.0031798337377076,4,"mom20@q0.6,hold_q=0.4,buy_top=10,hold_top=20,rebalance=20d,min_hold=5d,turnover_penalty=0.01,target_vol=0.18",0.007804300320427338,1000000.0,972130.1321658303,1919415.5148909579,0.919415514890958,0.003990136559853141,1496857.198683357,0.4968571986833572,422558.31620760076,0.42255831620760076
2021-10-26,0.0,0.2310700123877058,-3640.5081560043054,0.0,0.0,0.0,993179.658106288,229494.03590183743,763685.6222044507,-6820.341893711942,-0.0068203418937119,4,"mom20@q0.6,hold_q=0.4,buy_top=10,hold_top=20,rebalance=20d,min_hold=5d,turnover_penalty=0.01,target_vol=0.18",-0.0036521212945108683,1000000.0,972130.1321658303,1912405.5766160102,0.9124055766160102,-0.003297506586980248,1491921.30221093,0.4919213022109301,420484.2744050801,0.42048427440508007
2021-10-27,0.0,0.2310700123877058,1005.258503105564,0.0,0.0,0.0,994184.9166093935,229726.32099660285,764458.5956127907,-5815.083390606451,-0.0058150833906064,4,"mom20@q0.6,hold_q=0.4,buy_top=10,hold_top=20,rebalance=20d,min_hold=5d,turnover_penalty=0.01,target_vol=0.18",0.0010121617925826776,1000000.0,972130.1321658303,1914341.240472583,0.914341240472583,-0.013084564082932126,1472400.1623254598,0.47240016232545967,441941.07814712333,0.44194107814712336
2021-10-28,0.0,0.2310700123877058,-7559.904993187757,0.0,0.0,0.0,986625.0116162058,227979.4536561771,758645.5579600288,-13374.988383794203,-0.0133749883837942,4,"mom20@q0.6,hold_q=0.4,buy_top=10,hold_top=20,rebalance=20d,min_hold=5d,turnover_penalty=0.01,target_vol=0.18",-0.007604123606069546,1000000.0,972130.1321658303,1899784.353055833,0.8997843530558329,-0.006945465235925208,1462173.6581846576,0.4621736581846576,437610.69487117534,0.4376106948711753
2021-10-29,0.0,0.2310700123877058,-493.13786320064366,0.0,0.0,0.0,986131.8737530052,227865.50428401848,758266.3694689868,-13868.126246994829,-0.0138681262469948,4,"mom20@q0.6,hold_q=0.4,buy_top=10,hold_top=20,rebalance=20d,min_hold=5d,turnover_penalty=0.01,target_vol=0.18",-0.0004998229898842688,1000000.0,972130.1321658303,1898834.7971603533,0.8988347971603532,0.009175311565867705,1475589.5570619064,0.4755895570619064,423245.24009844684,0.4232452400984468
2021-11-01,0.0,0.2310700123877058,-1174.4567562935908,0.0,0.0,0.0,984957.4169967116,227594.1225467929,757363.2944499187,-15042.583003288368,-0.0150425830032883,4,"mom20@q0.6,hold_q=0.4,buy_top=10,hold_top=20,rebalance=20d,min_hold=5d,turnover_penalty=0.01,target_vol=0.18",-0.0011909733247175147,1000000.0,972130.1321658303,1896573.3355688897,0.8965733355688899,-0.003683203735355467,1470154.6600934844,0.4701546600934845,426418.6754754053,0.42641867547540535
2021-11-02,0.0,0.2310700123877058,-3500.8862187345862,0.0,0.0,0.0,981456.530777977,226785.1727248619,754671.3580531151,-18543.469222023035,-0.0185434692220229,4,"mom20@q0.6,hold_q=0.4,buy_top=10,hold_top=20,rebalance=20d,min_hold=5d,turnover_penalty=0.01,target_vol=0.18",-0.003554352866755872,1000000.0,972130.1321658303,1889832.2446965978,0.8898322446965978,-0.01039526120036216,1454872.018396883,0.45487201839688307,434960.22629971476,0.43496022629971476
2021-11-03,0.0,0.2310700123877058,-600.6067951929527,0.0,0.0,0.0,980855.923982784,226646.39050525657,754209.5334775274,-19144.076017215964,-0.019144076017216,4,"mom20@q0.6,hold_q=0.4,buy_top=10,hold_top=20,rebalance=20d,min_hold=5d,turnover_penalty=0.01,target_vol=0.18",-0.0006119545556610984,1000000.0,972130.1321658303,1888675.7532450205,0.8886757532450205,-0.0038720208270919265,1449238.723640897,0.449238723640897,439437.02960412344,0.43943702960412345
2021-11-04,0.0,0.2310700123877058,5266.034056979591,0.0,0.0,0.0,986121.9580397636,227863.2130600369,758258.7449797267,-13878.041960236384,-0.0138780419602363,4,"mom20@q0.6,hold_q=0.4,buy_top=10,hold_top=20,rebalance=20d,min_hold=5d,turnover_penalty=0.01,target_vol=0.18",0.005368815060622589,1000000.0,972130.1321658303,1898815.704073675,0.8988157040736751,0.009879467591488389,1463556.4306434372,0.4635564306434372,435259.2734302378,0.43525927343023785
2021-11-05,-45325.78177397669,0.2757128490219295,-8186.510780763171,253690.03462098425,209047.1979867606,317.1125432762303,977935.4472590004,269629.3683233139,708306.0789356866,-22064.552740999497,-0.0220645527409995,4,"mom20@q0.6,hold_q=0.4,buy_top=10,hold_top=20,rebalance=20d,min_hold=5d,turnover_penalty=0.01,target_vol=0.18",-0.008301722433031067,1000000.0,972130.1321658303,1883052.263146975,0.883052263146975,-0.005420293546174015,1455623.525167959,0.455623525167959,427428.73797901603,0.42742873797901604
2021-11-08,0.0,0.2757128490219295,4305.183157038772,0.0,0.0,0.0,982240.6304160391,270816.36263710225,711424.267778937,-17759.36958396074,-0.0177593695839607,4,"mom20@q0.6,hold_q=0.4,buy_top=10,hold_top=20,rebalance=20d,min_hold=5d,turnover_penalty=0.01,target_vol=0.18",0.004402318342284772,1000000.0,972130.1321658303,1891342.0586645077,0.8913420586645078,0.0012039608867595586,1457376.0389581083,0.4573760389581083,433966.0197063994,0.4339660197063995
2021-11-09,0.0,0.2757128490219295,4720.004233117606,0.0,0.0,0.0,986960.6346491568,272117.7284516107,714842.906197546,-13039.365350843174,-0.0130393653508431,4,"mom20@q0.6,hold_q=0.4,buy_top=10,hold_top=20,rebalance=20d,min_hold=5d,turnover_penalty=0.01,target_vol=0.18",0.0048053441152382526,1000000.0,972130.1321658303,1900430.6080960138,0.9004306080960138,-0.0002970186750492765,1456943.1710579684,0.45694317105796833,443487.4370380454,0.4434874370380455
2021-11-10,0.0,0.2757128490219295,-449.0519983184932,0.0,0.0,0.0,986511.5826508384,271993.91904579534,714517.6636050431,-13488.41734916158,-0.0134884173491616,4,"mom20@q0.6,hold_q=0.4,buy_top=10,hold_top=20,rebalance=20d,min_hold=5d,turnover_penalty=0.01,target_vol=0.18",-0.00045498471018357023,1000000.0,972130.1321658303,1899565.9412265653,0.8995659412265653,-0.0052715846115121145,1449262.7718575716,0.44926277185757146,450303.1693689937,0.45030316936899384
2021-11-11,0.0,0.2757128490219295,12.467066662918851,0.0,0.0,0.0,986524.0497175012,271997.3563762639,714526.6933412374,-13475.950282498728,-0.0134759502824987,4,"mom20@q0.6,hold_q=0.4,buy_top=10,hold_top=20,rebalance=20d,min_hold=5d,turnover_penalty=0.01,target_vol=0.18",1.2637526899839102e-05,1000000.0,972130.1321658303,1899589.9470422454,0.8995899470422455,0.016066572775601085,1472547.4576525905,0.47254745765259054,427042.48938965495,0.42704248938965494
2021-11-12,0.0,0.2757128490219295,6103.393124462877,0.0,0.0,0.0,992627.4428419642,273680.14028331044,718947.3025586538,-7372.557158035808,-0.0073725571580357,4,"mom20@q0.6,hold_q=0.4,buy_top=10,hold_top=20,rebalance=20d,min_hold=5d,turnover_penalty=0.01,target_vol=0.18",0.006186765671055694,1000000.0,972130.1321658303,1911342.2649156891,0.911342264915689,-0.0020964959733803523,1469460.2678370103,0.46946026783701034,441881.9970786788,0.4418819970786787
2021-11-15,0.0,0.2757128490219295,-10553.828432336308,0.0,0.0,0.0,982073.614409628,270770.31417814235,711303.3002314855,-17926.38559037214,-0.0179263855903721,4,"mom20@q0.6,hold_q=0.4,buy_top=10,hold_top=20,rebalance=20d,min_hold=5d,turnover_penalty=0.01,target_vol=0.18",-0.010632215045475513,1000000.0,972130.1321658303,1891020.4629295992,0.8910204629295992,-0.001227400488505448,1467656.6515864278,0.4676566515864278,423363.8113431714,0.42336381134317147
2021-11-16,0.0,0.2757128490219295,144.9699619407756,0.0,0.0,0.0,982218.5843715686,270810.28425937163,711408.300112197,-17781.415628431365,-0.0177814156284313,4,"mom20@q0.6,hold_q=0.4,buy_top=10,hold_top=20,rebalance=20d,min_hold=5d,turnover_penalty=0.01,target_vol=0.18",0.00014761618662140208,1000000.0,972130.1321658303,1891299.60815916,0.89129960815916,0.00019252905345346072,1467939.2181323522,0.4679392181323523,423360.3900268078,0.4233603900268077
2021-11-17,0.0,0.2757128490219295,10746.089425219358,0.0,0.0,0.0,992964.673796788,273773.11919064325,719191.5546061448,-7035.326203212026,-0.007035326203212,4,"mom20@q0.6,hold_q=0.4,buy_top=10,hold_top=20,rebalance=20d,min_hold=5d,turnover_penalty=0.01,target_vol=0.18",0.010940629302076177,1000000.0,972130.1321658303,1911991.6160711914,0.9119916160711914,0.00049761228017009,1468669.682713838,0.46866968271383813,443321.9333573533,0.44332193335735326
2021-11-18,0.0,0.2757128490219295,2167.8288233785192,0.0,0.0,0.0,995132.5026201664,274370.81745172886,720761.6851684377,-4867.497379833483,-0.0048674973798334,4,"mom20@q0.6,hold_q=0.4,buy_top=10,hold_top=20,rebalance=20d,min_hold=5d,turnover_penalty=0.01,target_vol=0.18",0.002183188264985647,1000000.0,972130.1321658303,1916165.8537301489,0.9161658537301489,-0.009851097579696044,1454201.674357083,0.4542016743570829,461964.17937306594,0.461964179373066
2021-11-19,0.0,0.2757128490219295,3789.7137803371015,0.0,0.0,0.0,998922.2164005036,275415.6902350832,723506.5261654204,-1077.7835994963534,-0.0010777835994963,4,"mom20@q0.6,hold_q=0.4,buy_top=10,hold_top=20,rebalance=20d,min_hold=5d,turnover_penalty=0.01,target_vol=0.18",0.0038082504293237562,1000000.0,972130.1321658303,1923463.0931652724,0.9234630931652723,0.01084004117727333,1469965.2803871734,0.46996528038717345,453497.812778099,0.45349781277809886
2021-11-22,0.0,0.2757128490219295,11287.5032560312,0.0,0.0,0.0,1010209.7196565348,278527.7999161479,731681.919740387,10209.719656534842,0.0102097196565349,4,"mom20@q0.6,hold_q=0.4,buy_top=10,hold_top=20,rebalance=20d,min_hold=5d,turnover_penalty=0.01,target_vol=0.18",0.011299681867827926,1000000.0,972130.1321658303,1945197.6142025483,0.9451976142025482,0.0045684511028492025,1476680.7448935083,0.4766807448935082,468516.86930904,0.46851686930904
2021-11-23,0.0,0.2757128490219295,-1863.152520850384,0.0,0.0,0.0,1008346.5671356844,278014.1048264619,730332.4623092226,8346.567135684425,0.0083465671356843,4,"mom20@q0.6,hold_q=0.4,buy_top=10,hold_top=20,rebalance=20d,min_hold=5d,turnover_penalty=0.01,target_vol=0.18",-0.001844322505116902,1000000.0,972130.1321658303,1941610.0424657748,0.9416100424657747,0.00019338816057334896,1476966.3174665172,0.4769663174665173,464643.7249992576,0.46464372499925743
2021-11-24,0.0,0.2757128490219295,-3748.224274465682,0.0,0.0,0.0,1004598.3428612188,276980.6712329758,727617.6716282429,4598.342861218727,0.0045983428612186,4,"mom20@q0.6,hold_q=0.4,buy_top=10,hold_top=20,rebalance=20d,min_hold=5d,turnover_penalty=0.01,target_vol=0.18",-0.003717198428227708,1000000.0,972130.1321658303,1934392.6926676899,0.93439269266769,0.0006736747840068169,1477961.3124314218,0.4779613124314219,456431.38023626804,0.45643138023626806
2021-11-25,0.0,0.2757128490219295,-1323.7432075249617,0.0,0.0,0.0,1003274.5996536936,276615.6982218556,726658.901431838,3274.599653693731,0.0032745996536938,4,"mom20@q0.6,hold_q=0.4,buy_top=10,hold_top=20,rebalance=20d,min_hold=5d,turnover_penalty=0.01,target_vol=0.18",-0.001317684044505829,1000000.0,972130.1321658303,1931843.7742807528,0.9318437742807528,-0.00411254794921756,1471883.1256669592,0.4718831256669591,459960.64861379354,0.4599606486137937
2021-11-26,0.0,0.2757128490219295,1622.5226318628515,0.0,0.0,0.0,1004897.1222855566,277063.0485592891,727834.0737262676,4897.12228555663,0.0048971222855567,4,"mom20@q0.6,hold_q=0.4,buy_top=10,hold_top=20,rebalance=20d,min_hold=5d,turnover_penalty=0.01,target_vol=0.18",0.001617226861343024,1000000.0,972130.1321658303,1934968.0039244378,0.9349680039244379,-0.007415591736036675,1460968.2413238513,0.4609682413238514,473999.7626005865,0.4739997626005865
2021-11-29,0.0,0.2757128490219295,6651.007842774216,0.0,0.0,0.0,1011548.1301283308,278896.8168804876,732651.3132478433,11548.1301283309,0.0115481301283308,4,"mom20@q0.6,hold_q=0.4,buy_top=10,hold_top=20,rebalance=20d,min_hold=5d,turnover_penalty=0.01,target_vol=0.18",0.006618595769930069,1000000.0,972130.1321658303,1947774.7749701622,0.9477747749701622,-0.001792133132241358,1458349.9917334225,0.4583499917334226,489424.7832367397,0.48942478323673955
2021-11-30,0.0,0.2757128490219295,-2912.273709287065,0.0,0.0,0.0,1008635.8564190436,278093.86559896835,730541.9908200754,8635.856419043732,0.0086358564190436,4,"mom20@q0.6,hold_q=0.4,buy_top=10,hold_top=20,rebalance=20d,min_hold=5d,turnover_penalty=0.01,target_vol=0.18",-0.002879026338487467,1000000.0,972130.1321658303,1942167.0800915817,0.9421670800915818,-0.003996767956598313,1452521.305216957,0.452521305216957,489645.7748746248,0.4896457748746248
2021-12-01,0.0,0.2757128490219295,-4473.379511294334,0.0,0.0,0.0,1004162.4769077494,276860.49738915305,727301.9795185963,4162.476907749428,0.0041624769077495,4,"mom20@q0.6,hold_q=0.4,buy_top=10,hold_top=20,rebalance=20d,min_hold=5d,turnover_penalty=0.01,target_vol=0.18",-0.004435078807505377,1000000.0,972130.1321658303,1933553.4160340328,0.9335534160340329,0.0024461768656238725,1456074.4292306046,0.4560744292306045,477478.98680342827,0.4774789868034284
2021-12-02,0.0,0.2757128490219295,-3723.3874073598863,0.0,0.0,0.0,1000439.0895003896,275833.9116390575,724605.177861332,439.08950038952753,0.0004390895003896,4,"mom20@q0.6,hold_q=0.4,buy_top=10,hold_top=20,rebalance=20d,min_hold=5d,turnover_penalty=0.01,target_vol=0.18",-0.003707953138047615,1000000.0,972130.1321658303,1926383.890577467,0.9263838905774668,0.002541366887909291,1459774.8485713827,0.4597748485713826,466609.04200608423,0.4666090420060842
2021-12-03,21304.674935758983,0.2538215817277193,963.687073086588,182760.8802287711,204652.14752298128,228.4511002859639,1001402.776573476,254177.6366964096,747225.1398770665,1402.7765734761488,0.001402776573476,4,"mom20@q0.6,hold_q=0.4,buy_top=10,hold_top=20,rebalance=20d,min_hold=5d,turnover_penalty=0.01,target_vol=0.18",0.0009632641139278864,1000000.0,972130.1321658303,1928239.5070489089,0.9282395070489089,0.0092377516391553,1473259.8860715707,0.47325988607157066,454979.62097733817,0.45497962097733824
2021-12-06,0.0,0.2538215817277193,-3890.2271065015143,0.0,0.0,0.0,997512.5494669748,253190.21309895732,744322.3363680174,-2487.450533025316,-0.0024874505330253,4,"mom20@q0.6,hold_q=0.4,buy_top=10,hold_top=20,rebalance=20d,min_hold=5d,turnover_penalty=0.01,target_vol=0.18",-0.0038847776314466786,1000000.0,972130.1321658303,1920748.7253438535,0.9207487253438535,-0.0017139289372417599,1470734.823320755,0.4707348233207551,450013.90202309843,0.45001390202309843
2021-12-07,0.0,0.2538215817277193,-5869.409368220736,0.0,0.0,0.0,991643.140098754,251700.43032930803,739942.7097694458,-8356.85990124615,-0.0083568599012461,4,"mom20@q0.6,hold_q=0.4,buy_top=10,hold_top=20,rebalance=20d,min_hold=5d,turnover_penalty=0.01,target_vol=0.18",-0.00588404564068612,1000000.0,972130.1321658303,1909446.9521796408,0.9094469521796407,0.006025401523110485,1479596.5911652835,0.4795965911652835,429850.3610143573,0.42985036101435714
2021-12-08,0.0,0.2538215817277193,6453.780920522443,0.0,0.0,0.0,998096.9210192764,253338.53921067924,744758.3818085971,-1903.0789807236288,-0.0019030789807236,4,"mom20@q0.6,hold_q=0.4,buy_top=10,hold_top=20,rebalance=20d,min_hold=5d,turnover_penalty=0.01,target_vol=0.18",0.006508168775190226,1000000.0,972130.1321658303,1921873.9552116983,0.9218739552116983,0.014999695252026601,1501790.0891287,0.5017900891287002,420083.8660829982,0.4200838660829982
2021-12-09,0.0,0.2538215817277193,409.1854958741853,0.0,0.0,0.0,998506.1065151504,253442.39932046205,745063.7071946885,-1493.8934848494828,-0.0014938934848495,4,"mom20@q0.6,hold_q=0.4,buy_top=10,hold_top=20,rebalance=20d,min_hold=5d,turnover_penalty=0.01,target_vol=0.18",0.00040996569296702923,1000000.0,972130.1321658303,1922661.857599542,0.922661857599542,0.016565484304223554,1526667.9692784003,0.5266679692784002,395993.8883211417,0.3959938883211418
2021-12-10,0.0,0.2538215817277193,2187.6951304040176,0.0,0.0,0.0,1000693.8016455546,253997.68355879927,746696.1180867553,693.8016455546021,0.0006938016455546,4,"mom20@q0.6,hold_q=0.4,buy_top=10,hold_top=20,rebalance=20d,min_hold=5d,turnover_penalty=0.01,target_vol=0.18",0.0021909682035290423,1000000.0,972130.1321658303,1926874.3485956807,0.9268743485956807,-0.00464096056266472,1519582.7634406958,0.5195827634406958,407291.58515498484,0.407291585154985
2021-12-13,0.0,0.2538215817277193,7890.981110703851,0.0,0.0,0.0,1008584.7827562584,256000.58486570165,752584.1978905568,8584.782756258384,0.0085847827562584,4,"mom20@q0.6,hold_q=0.4,buy_top=10,hold_top=20,rebalance=20d,min_hold=5d,turnover_penalty=0.01,target_vol=0.18",0.007885510130799078,1000000.0,972130.1321658303,1942068.7357923088,0.9420687357923088,0.005673455823007156,1528204.0491184797,0.5282040491184796,413864.6866738291,0.41386468667382914
2021-12-14,0.0,0.2538215817277193,-3651.0767991476464,0.0,0.0,0.0,1004933.7059571109,255073.8627775326,749859.8431795782,4933.705957110738,0.0049337059571108,4,"mom20@q0.6,hold_q=0.4,buy_top=10,hold_top=20,rebalance=20d,min_hold=5d,turnover_penalty=0.01,target_vol=0.18",-0.003619999886543823,1000000.0,972130.1321658303,1935038.4471890803,0.9350384471890802,-0.006707580943388858,1517953.4967610028,0.5179534967610029,417084.9504280775,0.41708495042807736
2021-12-15,0.0,0.2538215817277193,323.22211633396466,0.0,0.0,0.0,1005256.9280734448,255155.9035263499,750101.0245470948,5256.928073444753,0.0052569280734446,4,"mom20@q0.6,hold_q=0.4,buy_top=10,hold_top=20,rebalance=20d,min_hold=5d,turnover_penalty=0.01,target_vol=0.18",0.0003216352625232677,1000000.0,972130.1321658303,1935660.8237880345,0.9356608237880344,-0.008673782600946645,1504787.0981317512,0.5047870981317513,430873.7256562833,0.4308737256562831
2021-12-16,0.0,0.2538215817277193,2772.051630994672,0.0,0.0,0.0,1008028.9797044394,255859.51005595984,752169.4696484795,8028.979704439407,0.0080289797044394,4,"mom20@q0.6,hold_q=0.4,buy_top=10,hold_top=20,rebalance=20d,min_hold=5d,turnover_penalty=0.01,target_vol=0.18",0.0027575553608043535,1000000.0,972130.1321658303,1940998.5156693703,0.9409985156693703,0.005759204139115903,1513453.4742158,0.5134534742157999,427545.04145357036,0.4275450414535704
2021-12-17,0.0,0.2538215817277193,-3662.420380956783,0.0,0.0,0.0,1004366.5593234826,254929.90872191355,749436.650601569,4366.559323482565,0.0043665593234825,4,"mom20@q0.6,hold_q=0.4,buy_top=10,hold_top=20,rebalance=20d,min_hold=5d,turnover_penalty=0.01,target_vol=0.18",-0.003633249097690361,1000000.0,972130.1321658303,1933946.384563696,0.9339463845636962,-0.015883672014189276,1489414.275622621,0.48941427562262096,444532.10894107516,0.4445321089410752
2021-12-20,0.0,0.2538215817277193,-12308.25117485514,0.0,0.0,0.0,992058.3081486276,251805.8089404098,740252.4992082177,-7941.691851372481,-0.0079416918513725,4,"mom20@q0.6,hold_q=0.4,buy_top=10,hold_top=20,rebalance=20d,min_hold=5d,turnover_penalty=0.01,target_vol=0.18",-0.012254740125104746,1000000.0,972130.1321658303,1910246.3742049823,0.9102463742049822,-0.015003753965883382,1467067.4702779048,0.46706747027790474,443178.90392707754,0.4431789039270775
2021-12-21,0.0,0.2538215817277193,4150.641447638415,0.0,0.0,0.0,996208.949596266,252859.331317834,743349.6182784319,-3791.050403734087,-0.003791050403734,4,"mom20@q0.6,hold_q=0.4,buy_top=10,hold_top=20,rebalance=20d,min_hold=5d,turnover_penalty=0.01,target_vol=0.18",0.004183868441547833,1000000.0,972130.1321658303,1918238.5937255996,0.9182385937255997,0.00677605615910104,1477008.4018456982,0.47700840184569815,441230.19187990134,0.44123019187990153
2021-12-22,0.0,0.2538215817277193,6660.553003613818,0.0,0.0,0.0,1002869.5025998798,254549.9234163926,748319.5791834872,2869.50259987975,0.0028695025998797,4,"mom20@q0.6,hold_q=0.4,buy_top=10,hold_top=20,rebalance=20d,min_hold=5d,turnover_penalty=0.01,target_vol=0.18",0.0066858995859382375,1000000.0,972130.1321658303,1931063.7443451204,0.9310637443451204,0.0001953804729428743,1477296.9804457915,0.4772969804457916,453766.7638993289,0.4537667638993288
2021-12-23,0.0,0.2538215817277193,253.43510730698847,0.0,0.0,0.0,1003122.9377071868,254614.2507161945,748508.6869909922,3122.937707186677,0.0031229377071866,4,"mom20@q0.6,hold_q=0.4,buy_top=10,hold_top=20,rebalance=20d,min_hold=5d,turnover_penalty=0.01,target_vol=0.18",0.00025270995543280605,1000000.0,972130.1321658303,1931551.7433778916,0.9315517433778917,0.0069773830235326795,1487604.6473178698,0.4876046473178699,443947.0960600218,0.4439470960600218
2021-12-24,0.0,0.2538215817277193,-8760.875327821945,0.0,0.0,0.0,994362.0623793649,252390.55148316745,741971.5108961973,-5637.937620635261,-0.0056379376206352,4,"mom20@q0.6,hold_q=0.4,buy_top=10,hold_top=20,rebalance=20d,min_hold=5d,turnover_penalty=0.01,target_vol=0.18",-0.00873360083645025,1000000.0,972130.1321658303,1914682.3414562796,0.9146823414562797,-0.0055367628931808355,1479368.1331068769,0.47936813310687687,435314.20834940276,0.4353142083494028
2021-12-27,0.0,0.2538215817277193,95.86128776224984,0.0,0.0,0.0,994457.923667127,252414.8831468537,742043.0405202734,-5542.076332872966,-0.0055420763328729,4,"mom20@q0.6,hold_q=0.4,buy_top=10,hold_top=20,rebalance=20d,min_hold=5d,turnover_penalty=0.01,target_vol=0.18",9.640481207906504e-05,1000000.0,972130.1321658303,1914866.9260475987,0.9148669260475988,-0.00041045731447131306,1478760.9156358475,0.47876091563584744,436106.0104117512,0.43610601041175134
2021-12-28,0.0,0.2538215817277193,6820.18636694921,0.0,0.0,0.0,1001278.110034076,254145.99363819056,747132.1163958856,1278.1100340761477,0.0012781100340761,4,"mom20@q0.6,hold_q=0.4,buy_top=10,hold_top=20,rebalance=20d,min_hold=5d,turnover_penalty=0.01,target_vol=0.18",0.006858195007184653,1000000.0,972130.1321658303,1927999.4568392413,0.9279994568392413,0.007448183895335303,1489774.9988727376,0.48977499887273757,438224.4579665037,0.4382244579665038
2021-12-29,0.0,0.2538215817277193,-2041.2046217641,0.0,0.0,0.0,999236.905412312,253627.8918524645,745609.0135598476,-763.0945876878686,-0.0007630945876878,4,"mom20@q0.6,hold_q=0.4,buy_top=10,hold_top=20,rebalance=20d,min_hold=5d,turnover_penalty=0.01,target_vol=0.18",-0.0020385990678399857,1000000.0,972130.1321658303,1924069.0389437329,0.9240690389437329,-0.01462481537381266,1467987.3145657019,0.46798731456570186,456081.724378031,0.4560817243780311
2021-12-30,0.0,0.2538215817277193,1330.7285542423383,0.0,0.0,0.0,1000567.6339665544,253965.65947895253,746601.9744876019,567.6339665544219,0.0005676339665543,4,"mom20@q0.6,hold_q=0.4,buy_top=10,hold_top=20,rebalance=20d,min_hold=5d,turnover_penalty=0.01,target_vol=0.18",0.0013317448014926736,1000000.0,972130.1321658303,1926631.4078840592,0.9266314078840592,0.007787479420413357,1479419.2355673101,0.47941923556731014,447212.1723167491,0.44721217231674903
2021-12-31,-83287.43261212805,0.3363782329109281,4741.993854538814,291751.85616325296,209195.20498004407,364.6898202040662,1005309.6278210932,338164.27613480226,667145.351686291,5309.627821093309,0.0053096278210933,4,"mom20@q0.6,hold_q=0.4,buy_top=10,hold_top=20,rebalance=20d,min_hold=5d,turnover_penalty=0.01,target_vol=0.18",0.004739303664800909,1000000.0,972130.1321658303,1935762.2991761647,0.9357622991761647,0.003832157203784936,1485088.6026483073,0.48508860264830744,450673.69652785733,0.45067369652785727
2022-01-04,0.0,0.3363782329109281,1801.891924799154,0.0,0.0,0.0,1007111.5197458924,338770.3933563626,668341.1263895298,7111.519745892379,0.0071115197458924,4,"mom20@q0.6,hold_q=0.4,buy_top=10,hold_top=20,rebalance=20d,min_hold=5d,turnover_penalty=0.01,target_vol=0.18",0.0017923750802075755,1000000.0,972130.1321658303,1939231.9112824134,0.9392319112824135,-0.004574556156724974,1478294.9814377807,0.4782949814377806,460936.92984463274,0.46093692984463286
2022-01-05,0.0,0.3363782329109281,-12635.659238593204,0.0,0.0,0.0,994475.8605072992,334520.03263002,659955.8278772791,-5524.139492700808,-0.0055241394927008,4,"mom20@q0.6,hold_q=0.4,buy_top=10,hold_top=20,rebalance=20d,min_hold=5d,turnover_penalty=0.01,target_vol=0.18",-0.012546435018220503,1000000.0,972130.1321658303,1914901.464122249,0.914901464122249,-0.010096039465042228,1463370.056964211,0.46337005696421096,451531.4071580381,0.4515314071580381
2022-01-06,0.0,0.3363782329109281,-4004.3564960418894,0.0,0.0,0.0,990471.5040112572,333173.05426793604,657298.4497433213,-9528.49598874268,-0.0095284959887427,4,"mom20@q0.6,hold_q=0.4,buy_top=10,hold_top=20,rebalance=20d,min_hold=5d,turnover_penalty=0.01,target_vol=0.18",-0.004026599996101776,1000000.0,972130.1321658303,1907190.921894279,0.9071909218942791,-0.010248309408971035,1448372.9878406182,0.4483729878406182,458817.93405366084,0.4588179340536609
2022-01-07,0.0,0.3363782329109281,-5531.84802446503,0.0,0.0,0.0,984939.6559867924,331312.26100473467,653627.3949820576,-15060.344013207708,-0.0150603440132076,4,"mom20@q0.6,hold_q=0.4,buy_top=10,hold_top=20,rebalance=20d,min_hold=5d,turnover_penalty=0.01,target_vol=0.18",-0.0055850652967416314,1000000.0,972130.1321658303,1896539.1360621466,0.8965391360621466,0.000859236690652132,1449617.4830535203,0.44961748305352023,446921.6530086263,0.4469216530086264
2022-01-10,0.0,0.3363782329109281,4191.924593074032,0.0,0.0,0.0,989131.5805798664,332722.3331918488,656409.2473880176,-10868.419420133694,-0.0108684194201337,4,"mom20@q0.6,hold_q=0.4,buy_top=10,hold_top=20,rebalance=20d,min_hold=5d,turnover_penalty=0.01,target_vol=0.18",0.004256021744676541,1000000.0,972130.1321658303,1904610.8478648572,0.9046108478648571,0.004495714762658309,1456134.5497722914,0.4561345497722915,448476.29809256573,0.4484762980925656
2022-01-11,0.0,0.3363782329109281,-7450.180257438348,0.0,0.0,0.0,981681.400322428,330216.2547219838,651465.1456004442,-18318.599677572027,-0.0183185996775719,4,"mom20@q0.6,hold_q=0.4,buy_top=10,hold_top=20,rebalance=20d,min_hold=5d,turnover_penalty=0.01,target_vol=0.18",-0.007532041645127663,1000000.0,972130.1321658303,1890265.2396409772,0.8902652396409771,-0.009553988914234979,1442222.6564261324,0.44222265642613245,448042.5832148448,0.4480425832148447
2022-01-12,0.0,0.3363782329109281,4927.785665780813,0.0,0.0,0.0,986609.1859882087,331873.85455640295,654735.3314318059,-13390.814011791255,-0.0133908140117912,4,"mom20@q0.6,hold_q=0.4,buy_top=10,hold_top=20,rebalance=20d,min_hold=5d,turnover_penalty=0.01,target_vol=0.18",0.005019740278426665,1000000.0,972130.1321658303,1899753.8802013127,0.8997538802013128,0.009965046261075416,1456594.4719161899,0.45659447191618985,443159.40828512283,0.4431594082851229
2022-01-13,0.0,0.3363782329109281,-9267.535310499394,0.0,0.0,0.0,977341.6506777094,328756.4574052175,648585.1932724919,-22658.349322290625,-0.0226583493222906,4,"mom20@q0.6,hold_q=0.4,buy_top=10,hold_top=20,rebalance=20d,min_hold=5d,turnover_penalty=0.01,target_vol=0.18",-0.009393319504943376,1000000.0,972130.1321658303,1881908.8850238258,0.8819088850238257,-0.016439724449911042,1432648.460162624,0.4326484601626239,449260.4248612018,0.44926042486120177
2022-01-14,0.0,0.3363782329109281,2454.047973794532,0.0,0.0,0.0,979795.698651504,329581.94572612114,650213.7529253827,-20204.301348496112,-0.0202043013484961,4,"mom20@q0.6,hold_q=0.4,buy_top=10,hold_top=20,rebalance=20d,min_hold=5d,turnover_penalty=0.01,target_vol=0.18",0.002510941769536812,1000000.0,972130.1321658303,1886634.2486496947,0.8866342486496948,-0.008222966394736075,1420867.8400192363,0.4208678400192363,465766.4086304584,0.4657664086304585
2022-01-17,0.0,0.3363782329109281,8444.347338943844,0.0,0.0,0.0,988240.0459904476,332422.4403620812,655817.6056283666,-11759.954009552252,-0.0117599540095522,4,"mom20@q0.6,hold_q=0.4,buy_top=10,hold_top=20,rebalance=20d,min_hold=5d,turnover_penalty=0.01,target_vol=0.18",0.008618477658725698,1000000.0,972130.1321658303,1902894.163771869,0.9028941637718688,0.00857886953559861,1433057.279846089,0.433057279846089,469836.88392577996,0.4698368839257798
2022-01-18,0.0,0.3363782329109281,1487.862467539293,0.0,0.0,0.0,989727.908457987,332922.92490972654,656804.9835482605,-10272.09154201299,-0.010272091542013,4,"mom20@q0.6,hold_q=0.4,buy_top=10,hold_top=20,rebalance=20d,min_hold=5d,turnover_penalty=0.01,target_vol=0.18",0.0015055678765256708,1000000.0,972130.1321658303,1905759.100097272,0.905759100097272,0.00966379151214114,1446906.0466234777,0.44690604662347777,458853.05347379437,0.45885305347379424
2022-01-19,0.0,0.3363782329109281,-2434.473181231941,0.0,0.0,0.0,987293.4352767552,332104.0211229547,655189.4141538003,-12706.564723244868,-0.0127065647232448,4,"mom20@q0.6,hold_q=0.4,buy_top=10,hold_top=20,rebalance=20d,min_hold=5d,turnover_penalty=0.01,target_vol=0.18",-0.0024597398541834625,1000000.0,972130.1321658303,1901071.42848629,0.90107142848629,-0.006849699273894561,1436995.1753265273,0.4369951753265273,464076.2531597626,0.46407625315976264
2022-01-20,0.0,0.3363782329109281,740.0054280836413,0.0,0.0,0.0,988033.4407048388,332352.94284119795,655680.4978636408,-11966.559295161278,-0.0119665592951613,4,"mom20@q0.6,hold_q=0.4,buy_top=10,hold_top=20,rebalance=20d,min_hold=5d,turnover_penalty=0.01,target_vol=0.18",0.0007495293715551465,1000000.0,972130.1321658303,1902496.3373593646,0.9024963373593646,0.009022295298700023,1449960.1701411305,0.44996017014113043,452536.16721823416,0.4525361672182342
2022-01-21,0.0,0.3363782329109281,-9567.279156137534,0.0,0.0,0.0,978466.1615487012,329134.7183848909,649331.4431638103,-21533.83845129877,-0.0215338384512987,4,"mom20@q0.6,hold_q=0.4,buy_top=10,hold_top=20,rebalance=20d,min_hold=5d,turnover_penalty=0.01,target_vol=0.18",-0.009683153182864501,1000000.0,972130.1321658303,1884074.1738948752,0.8840741738948752,-0.009163451511451148,1436673.5304285067,0.43667353042850676,447400.64346636855,0.44740064346636843
2022-01-24,0.0,0.3363782329109281,5386.135573901815,0.0,0.0,0.0,983852.297122603,330946.4971514587,652905.7999711444,-16147.70287739695,-0.0161477028773969,4,"mom20@q0.6,hold_q=0.4,buy_top=10,hold_top=20,rebalance=20d,min_hold=5d,turnover_penalty=0.01,target_vol=0.18",0.005504672297891977,1000000.0,972130.1321658303,1894445.3848070882,0.8944453848070881,0.0015546177167833353,1438907.0085521445,0.4389070085521445,455538.37625494367,0.45553837625494364
2022-01-25,0.0,0.3363782329109281,-13291.9595558984,0.0,0.0,0.0,970560.3375667046,326475.371284122,644084.9662825826,-29439.662433295394,-0.0294396624332954,4,"mom20@q0.6,hold_q=0.4,buy_top=10,hold_top=20,rebalance=20d,min_hold=5d,turnover_penalty=0.01,target_vol=0.18",-0.013510116909593473,1000000.0,972130.1321658303,1868851.2061795045,0.8688512061795046,-0.022622912462343936,1406354.741256216,0.40635474125621607,462496.46492328844,0.46249646492328855
2022-01-26,0.0,0.3363782329109281,7556.133175053548,0.0,0.0,0.0,978116.4707417582,329017.0900091862,649099.380732572,-21883.52925824176,-0.0218835292582417,4,"mom20@q0.6,hold_q=0.4,buy_top=10,hold_top=20,rebalance=20d,min_hold=5d,turnover_penalty=0.01,target_vol=0.18",0.007785330682271274,1000000.0,972130.1321658303,1883400.8308155737,0.8834008308155736,0.007237439750344743,1416533.1489636695,0.41653314896366944,466867.68185190414,0.4668676818519042
2022-01-27,0.0,0.3363782329109281,-8993.523914453928,0.0,0.0,0.0,969122.9468273044,325991.86432720005,643131.0825001043,-30877.053172695683,-0.0308770531726957,4,"mom20@q0.6,hold_q=0.4,buy_top=10,hold_top=20,rebalance=20d,min_hold=5d,turnover_penalty=0.01,target_vol=0.18",-0.009194737215327264,1000000.0,972130.1321658303,1866083.4551050954,0.8660834551050953,-0.019614583930174456,1388748.4406234473,0.3887484406234474,477335.0144816481,0.47733501448164795
2022-01-28,0.0,0.3363782329109281,1836.018926978196,0.0,0.0,0.0,970958.9657542824,326609.4611294479,644349.5046248345,-29041.03424571757,-0.0290410342457175,4,"mom20@q0.6,hold_q=0.4,buy_top=10,hold_top=20,rebalance=20d,min_hold=5d,turnover_penalty=0.01,target_vol=0.18",0.0018945159981906823,1000000.0,972130.1321658303,1869618.7800647507,0.8696187800647508,-0.012145337108323107,1371881.6226534175,0.3718816226534176,497737.1574113332,0.4977371574113332
2022-02-07,35370.70900898753,0.3001256574666343,9618.879231570763,272808.1427596009,309060.7182038948,341.01017844950115,980577.8449858532,294296.5704235946,686281.2745622585,-19422.155014146814,-0.0194221550141467,4,"mom20@q0.6,hold_q=0.4,buy_top=10,hold_top=20,rebalance=20d,min_hold=5d,turnover_penalty=0.01,target_vol=0.18",0.009906576457737737,1000000.0,972130.1321658303,1888140.3014562845,0.8881403014562845,0.015408313740613577,1393020.0051102436,0.3930200051102435,495120.2963460409,0.49512029634604104
2022-02-08,0.0,0.3001256574666343,2312.8975234280897,0.0,0.0,0.0,982890.7425092811,294990.73031346645,687900.0121958149,-17109.257490718737,-0.0171092574907187,4,"mom20@q0.6,hold_q=0.4,buy_top=10,hold_top=20,rebalance=20d,min_hold=5d,turnover_penalty=0.01,target_vol=0.18",0.002358708730015646,1000000.0,972130.1321658303,1892593.8744688237,0.8925938744688238,-0.005463855902669068,1385408.7445327858,0.38540874453278584,507185.1299360378,0.5071851299360379
2022-02-09,0.0,0.3001256574666343,5692.669320085686,0.0,0.0,0.0,988583.411829367,296699.2464358973,691884.1653934697,-11416.588170632953,-0.0114165881706329,4,"mom20@q0.6,hold_q=0.4,buy_top=10,hold_top=20,rebalance=20d,min_hold=5d,turnover_penalty=0.01,target_vol=0.18",0.005791762068643402,1000000.0,972130.1321658303,1903555.3278823192,0.9035553278823192,0.00939296167958048,1398421.8357807382,0.3984218357807381,505133.49210158107,0.5051334921015811
2022-02-10,0.0,0.3001256574666343,9195.678319215718,0.0,0.0,0.0,997779.0901485828,299459.1054373036,698319.9847112792,-2220.9098514172947,-0.0022209098514173,4,"mom20@q0.6,hold_q=0.4,buy_top=10,hold_top=20,rebalance=20d,min_hold=5d,turnover_penalty=0.01,target_vol=0.18",0.009301873983702746,1000000.0,972130.1321658303,1921261.9596632866,0.9212619596632865,-0.0026224941208842223,1394754.482737887,0.39475448273788705,526507.4769253996,0.5265074769253995
2022-02-11,0.0,0.3001256574666343,-7097.247404466854,0.0,0.0,0.0,990681.842744116,297329.0393938346,693352.8033502812,-9318.157255884144,-0.0093181572558841,4,"mom20@q0.6,hold_q=0.4,buy_top=10,hold_top=20,rebalance=20d,min_hold=5d,turnover_penalty=0.01,target_vol=0.18",-0.007113044835816318,1000000.0,972130.1321658303,1907595.9372028532,0.9075959372028533,-0.00828904320388979,1383193.3025716539,0.38319330257165385,524402.6346311993,0.5244026346311994
2022-02-14,0.0,0.3001256574666343,-6254.039088959466,0.0,0.0,0.0,984427.8036551564,295452.0418004386,688975.7618547177,-15572.1963448436,-0.0155721963448436,4,"mom20@q0.6,hold_q=0.4,buy_top=10,hold_top=20,rebalance=20d,min_hold=5d,turnover_penalty=0.01,target_vol=0.18",-0.006312863342318176,1000000.0,972130.1321658303,1895553.5447389302,0.8955535447389302,-0.010803233798409195,1368250.3419355785,0.3682503419355785,527303.2028033517,0.5273032028033517
2022-02-15,0.0,0.3001256574666343,-4568.948616515453,0.0,0.0,0.0,979858.8550386408,294080.7830929756,685778.0719456653,-20141.144961359096,-0.0201411449613591,4,"mom20@q0.6,hold_q=0.4,buy_top=10,hold_top=20,rebalance=20d,min_hold=5d,turnover_penalty=0.01,target_vol=0.18",-0.004641222646852516,1000000.0,972130.1321658303,1886755.8586987662,0.8867558586987663,0.010635610070105939,1382802.5190506945,0.3828025190506945,503953.3396480717,0.5039533396480718
2022-02-16,0.0,0.3001256574666343,3418.4753901772515,0.0,0.0,0.0,983277.3304288182,295106.75526698615,688170.5751618322,-16722.66957118176,-0.0167226695711817,4,"mom20@q0.6,hold_q=0.4,buy_top=10,hold_top=20,rebalance=20d,min_hold=5d,turnover_penalty=0.01,target_vol=0.18",0.0034887426618628314,1000000.0,972130.1321658303,1893338.2643555284,0.8933382643555283,0.003889045890306697,1388180.3015045144,0.38818030150451444,505157.962851014,0.5051579628510139
2022-02-17,0.0,0.3001256574666343,1258.140632361849,0.0,0.0,0.0,984535.47106118,295484.3555514592,689051.1155097208,-15464.528938820004,-0.0154645289388199,4,"mom20@q0.6,hold_q=0.4,buy_top=10,hold_top=20,rebalance=20d,min_hold=5d,turnover_penalty=0.01,target_vol=0.18",0.0012795379222392267,1000000.0,972130.1321658303,1895760.8624643977,0.8957608624643978,0.0024188012533592484,1391538.0337576822,0.39153803375768215,504222.8287067155,0.5042228287067156
2022-02-18,0.0,0.3001256574666343,6512.937208698589,0.0,0.0,0.0,991048.4082698786,297439.0551132588,693609.3531566198,-8951.591730121407,-0.0089515917301213,4,"mom20@q0.6,hold_q=0.4,buy_top=10,hold_top=20,rebalance=20d,min_hold=5d,turnover_penalty=0.01,target_vol=0.18",0.006615238759938968,1000000.0,972130.1321658303,1908301.7732013476,0.9083017732013476,0.00476976384484451,1398175.3415598255,0.3981753415598255,510126.4316415221,0.5101264316415222
2022-02-21,0.0,0.3001256574666343,10621.598601765056,0.0,0.0,0.0,1001670.0068716436,300626.8693769602,701043.1374946835,1670.006871643709,0.0016700068716437,4,"mom20@q0.6,hold_q=0.4,buy_top=10,hold_top=20,rebalance=20d,min_hold=5d,turnover_penalty=0.01,target_vol=0.18",0.010717537622917606,1000000.0,972130.1321658303,1928754.0692515136,0.9287540692515135,-0.0036398895778329,1393086.137706099,0.393086137706099,535667.9315454145,0.5356679315454145
2022-02-22,0.0,0.3001256574666343,-4391.651007713478,0.0,0.0,0.0,997278.3558639302,299308.82223090617,697969.533633024,-2721.644136069808,-0.0027216441360697,4,"mom20@q0.6,hold_q=0.4,buy_top=10,hold_top=20,rebalance=20d,min_hold=5d,turnover_penalty=0.01,target_vol=0.18",-0.004384329147908872,1000000.0,972130.1321658303,1920297.7765665464,0.9202977765665463,-0.0129814362871713,1375001.8787669258,0.3750018787669258,545295.8977996206,0.5452958977996205
2022-02-23,0.0,0.3001256574666343,-4417.732242413702,0.0,0.0,0.0,992860.6236215164,297982.9474371402,694877.6761843762,-7139.376378483488,-0.0071393763784834,4,"mom20@q0.6,hold_q=0.4,buy_top=10,hold_top=20,rebalance=20d,min_hold=5d,turnover_penalty=0.01,target_vol=0.18",-0.004429788550446179,1000000.0,972130.1321658303,1911791.2634624646,0.9117912634624645,0.01069051080528638,1389701.3512091727,0.3897013512091727,522089.9122532918,0.5220899122532918
2022-02-24,0.0,0.3001256574666343,-6211.777256808757,0.0,0.0,0.0,986648.8463647076,296118.63370390417,690530.2126608035,-13351.153635292314,-0.0133511536352922,4,"mom20@q0.6,hold_q=0.4,buy_top=10,hold_top=20,rebalance=20d,min_hold=5d,turnover_penalty=0.01,target_vol=0.18",-0.006256444367942593,1000000.0,972130.1321658303,1899830.2477794928,0.8998302477794928,-0.02027449411103066,1361525.8593479912,0.3615258593479911,538304.3884315016,0.5383043884315017
2022-02-25,0.0,0.3001256574666343,-2598.370724669228,0.0,0.0,0.0,984050.4756400384,295338.7959818208,688711.6796582177,-15949.524359961506,-0.0159495243599615,4,"mom20@q0.6,hold_q=0.4,buy_top=10,hold_top=20,rebalance=20d,min_hold=5d,turnover_penalty=0.01,target_vol=0.18",-0.002633531407088552,1000000.0,972130.1321658303,1894826.9851538287,0.8948269851538289,0.0097365608965585,1374782.438789772,0.374782438789772,520044.54636405664,0.5200445463640568
2022-02-28,0.0,0.3001256574666343,186.7527885871615,0.0,0.0,0.0,984237.2284286256,295394.84528527927,688842.3831433465,-15762.771571374264,-0.0157627715713742,4,"mom20@q0.6,hold_q=0.4,buy_top=10,hold_top=20,rebalance=20d,min_hold=5d,turnover_penalty=0.01,target_vol=0.18",0.0001897796842846855,1000000.0,972130.1321658303,1895186.5848208452,0.8951865848208451,0.001799528580362031,1377256.399080154,0.37725639908015407,517930.18574069114,0.517930185740691
2022-03-01,0.0,0.3001256574666343,12632.179854092516,0.0,0.0,0.0,996869.4082827182,299186.08656922553,697683.3217134926,-3130.5917172818445,-0.0031305917172818,4,"mom20@q0.6,hold_q=0.4,buy_top=10,hold_top=20,rebalance=20d,min_hold=5d,turnover_penalty=0.01,target_vol=0.18",0.01283448693996303,1000000.0,972130.1321658303,1919510.3322925214,0.9195103322925213,0.008302685713662106,1388691.3261088466,0.3886913261088465,530819.0061836748,0.5308190061836748
2022-03-02,0.0,0.3001256574666343,-748.7843941123062,0.0,0.0,0.0,996120.623888606,298961.3571606418,697159.266727964,-3879.376111394144,-0.0038793761113941,4,"mom20@q0.6,hold_q=0.4,buy_top=10,hold_top=20,rebalance=20d,min_hold=5d,turnover_penalty=0.01,target_vol=0.18",-0.000751135893920285,1000000.0,972130.1321658303,1918068.5191831857,0.9180685191831857,-0.008894536213468696,1376339.5608194415,0.37633956081944153,541728.9583637442,0.5417289583637441
2022-03-03,0.0,0.3001256574666343,-8641.794374094574,0.0,0.0,0.0,987478.8295145112,296367.73294242524,691111.096572086,-12521.17048548872,-0.0125211704854887,4,"mom20@q0.6,hold_q=0.4,buy_top=10,hold_top=20,rebalance=20d,min_hold=5d,turnover_penalty=0.01,target_vol=0.18",-0.00867544970644163,1000000.0,972130.1321658303,1901428.4122115031,0.901428412211503,-0.005890446861486098,1368232.3057730733,0.3682323057730734,533196.1064384298,0.5331961064384296
2022-03-04,0.0,0.3001256574666343,1743.1983722230736,0.0,0.0,0.0,989222.0278867343,296890.9114999834,692331.116386751,-10777.972113265656,-0.0107779721132657,4,"mom20@q0.6,hold_q=0.4,buy_top=10,hold_top=20,rebalance=20d,min_hold=5d,turnover_penalty=0.01,target_vol=0.18",0.0017653020197712088,1000000.0,972130.1321658303,1904785.0076280304,0.9047850076280304,-0.0121275235465097,1351639.0362677153,0.3516390362677153,553145.9713603151,0.5531459713603151
2022-03-07,-74890.03114618882,0.3740935684754766,-2065.1074841295213,350521.32720401767,276553.41619517544,438.1516590050221,987156.9204026049,369289.0549986725,617867.8654039324,-12843.079597395146,-0.0128430795973951,4,"mom20@q0.6,hold_q=0.4,buy_top=10,hold_top=20,rebalance=20d,min_hold=5d,turnover_penalty=0.01,target_vol=0.18",-0.0020876076612862393,1000000.0,972130.1321658303,1900808.563853003,0.900808563853003,-0.031947567292274215,1308457.4572016879,0.3084574572016878,592351.1066513152,0.5923511066513152
2022-03-08,0.0,0.3740935684754766,-21732.03514458222,0.0,0.0,0.0,965424.8852580228,361159.2404212012,604265.6448368215,-34575.114741977304,-0.0345751147419772,4,"mom20@q0.6,hold_q=0.4,buy_top=10,hold_top=20,rebalance=20d,min_hold=5d,turnover_penalty=0.01,target_vol=0.18",-0.022014772621680834,1000000.0,972130.1321658303,1858962.6955224355,0.8589626955224354,-0.02007682446620307,1282187.786511955,0.2821877865119551,576774.9090104804,0.5767749090104803
2022-03-09,0.0,0.3740935684754766,-9584.388340083717,0.0,0.0,0.0,955840.4969179388,357573.7823854046,598266.7145325344,-44159.50308206107,-0.044159503082061,4,"mom20@q0.6,hold_q=0.4,buy_top=10,hold_top=20,rebalance=20d,min_hold=5d,turnover_penalty=0.01,target_vol=0.18",-0.009927637547402224,1000000.0,972130.1321658303,1840507.587667147,0.8405075876671468,-0.009152738671024174,1270452.2567748323,0.2704522567748322,570055.3308923147,0.5700553308923146
2022-03-10,0.0,0.3740935684754766,2657.225317944506,0.0,0.0,0.0,958497.7222358836,358567.8332868378,599929.8889490457,-41502.27776411653,-0.0415022777641165,4,"mom20@q0.6,hold_q=0.4,buy_top=10,hold_top=20,rebalance=20d,min_hold=5d,turnover_penalty=0.01,target_vol=0.18",0.0027799882161436695,1000000.0,972130.1321658303,1845624.1770725846,0.8456241770725845,0.01573225123333377,1290439.3308583696,0.2904393308583695,555184.846214215,0.555184846214215
2022-03-11,0.0,0.3740935684754766,3587.503589516916,0.0,0.0,0.0,962085.2258254004,359909.8953065588,602175.3305188415,-37914.77417459968,-0.0379147741745996,4,"mom20@q0.6,hold_q=0.4,buy_top=10,hold_top=20,rebalance=20d,min_hold=5d,turnover_penalty=0.01,target_vol=0.18",0.0037428399737333695,1000000.0,972130.1321658303,1852532.0530190205,0.8525320530190206,0.0031867015775104424,1294551.5759096975,0.2945515759096975,557980.477109323,0.5579804771093231
2022-03-14,0.0,0.3740935684754766,-17890.31207901327,0.0,0.0,0.0,944194.9137463872,353217.2446197808,590977.6691266063,-55805.08625361288,-0.0558050862536129,4,"mom20@q0.6,hold_q=0.4,buy_top=10,hold_top=20,rebalance=20d,min_hold=5d,turnover_penalty=0.01,target_vol=0.18",-0.01859535059761941,1000000.0,972130.1321658303,1818083.5699998043,0.8180835699998044,-0.030595469195545455,1254944.1630469076,0.2549441630469076,563139.4069528966,0.5631394069528968
2022-03-15,0.0,0.3740935684754766,-28534.002740920245,0.0,0.0,0.0,915660.9110054668,342542.8577115409,573118.053293926,-84339.08899453317,-0.0843390889945331,4,"mom20@q0.6,hold_q=0.4,buy_top=10,hold_top=20,rebalance=20d,min_hold=5d,turnover_penalty=0.01,target_vol=0.18",-0.030220458006602557,1000000.0,972130.1321658303,1763140.251820131,0.7631402518201309,-0.04573915626287506,1197544.075872122,0.19754407587212208,565596.1759480089,0.5655961759480088
2022-03-16,0.0,0.3740935684754766,17390.820296903763,0.0,0.0,0.0,933051.7313023706,349048.65173512534,584003.0795672452,-66948.26869762945,-0.0669482686976294,4,"mom20@q0.6,hold_q=0.4,buy_top=10,hold_top=20,rebalance=20d,min_hold=5d,turnover_penalty=0.01,target_vol=0.18",0.018992642459540132,1000000.0,972130.1321658303,1796626.9442289742,0.7966269442289742,0.04324252411636098,1249328.9044534275,0.24932890445342748,547298.0397755466,0.5472980397755467
2022-03-17,0.0,0.3740935684754766,7092.797520057349,0.0,0.0,0.0,940144.528822428,351702.02166987763,588442.5071525504,-59855.47117757204,-0.059855471177572,4,"mom20@q0.6,hold_q=0.4,buy_top=10,hold_top=20,rebalance=20d,min_hold=5d,turnover_penalty=0.01,target_vol=0.18",0.00760171947825139,1000000.0,972130.1321658303,1810284.3982660708,0.8102843982660708,0.01963869800388829,1273864.097515517,0.2738640975155169,536420.3007505538,0.5364203007505539
2022-03-18,0.0,0.3740935684754766,3648.1019068942046,0.0,0.0,0.0,943792.6307293222,353066.7531303899,590725.8775989322,-56207.3692706778,-0.0562073692706778,4,"mom20@q0.6,hold_q=0.4,buy_top=10,hold_top=20,rebalance=20d,min_hold=5d,turnover_penalty=0.01,target_vol=0.18",0.0038803628538515156,1000000.0,972130.1321658303,1817308.9586000093,0.8173089586000093,0.006654553177431133,1282341.0938932542,0.28234109389325424,534967.8647067552,0.5349678647067551
2022-03-21,0.0,0.3740935684754766,9116.964064959868,0.0,0.0,0.0,952909.594794282,356477.3507511134,596432.2440431686,-47090.40520571801,-0.047090405205718,4,"mom20@q0.6,hold_q=0.4,buy_top=10,hold_top=20,rebalance=20d,min_hold=5d,turnover_penalty=0.01,target_vol=0.18",0.009659922919629693,1000000.0,972130.1321658303,1834864.0230612378,0.8348640230612379,-0.0016760824210599878,1280191.784527977,0.2801917845279771,554672.2385332608,0.5546722385332608
2022-03-22,0.0,0.3740935684754766,3279.863222190032,0.0,0.0,0.0,956189.458016472,357704.326488014,598485.1315284581,-43810.541983527946,-0.0438105419835279,4,"mom20@q0.6,hold_q=0.4,buy_top=10,hold_top=20,rebalance=20d,min_hold=5d,turnover_penalty=0.01,target_vol=0.18",0.0034419458468126773,1000000.0,972130.1321658303,1841179.5256648795,0.8411795256648795,-0.0008100968594070279,1279154.705183892,0.27915470518389207,562024.8204809874,0.5620248204809875
2022-03-23,0.0,0.3740935684754766,-1176.0142940530516,0.0,0.0,0.0,955013.443722419,357264.3871041734,597749.0566182456,-44986.55627758103,-0.044986556277581,4,"mom20@q0.6,hold_q=0.4,buy_top=10,hold_top=20,rebalance=20d,min_hold=5d,turnover_penalty=0.01,target_vol=0.18",-0.0012298967366703994,1000000.0,972130.1321658303,1838915.06497464,0.83891506497464,0.004986722440251112,1285533.4946567854,0.28553349465678535,553381.5703178546,0.5533815703178546
2022-03-24,0.0,0.3740935684754766,1375.5049435763146,0.0,0.0,0.0,956388.9486659954,357778.9546569716,598609.9940090238,-43611.05133400462,-0.0436110513340046,4,"mom20@q0.6,hold_q=0.4,buy_top=10,hold_top=20,rebalance=20d,min_hold=5d,turnover_penalty=0.01,target_vol=0.18",0.0014402990372732738,1000000.0,972130.1321658303,1841563.65257235,0.8415636525723502,-0.0058949800304920474,1277955.300377255,0.277955300377255,563608.352195095,0.5636083521950952
2022-03-25,0.0,0.3740935684754766,-4350.431102698855,0.0,0.0,0.0,952038.5175632964,356151.4863613563,595887.0312019403,-47961.48243670352,-0.0479614824367035,4,"mom20@q0.6,hold_q=0.4,buy_top=10,hold_top=20,rebalance=20d,min_hold=5d,turnover_penalty=0.01,target_vol=0.18",-0.0045488094658215905,1000000.0,972130.1321658303,1833186.730397616,0.8331867303976161,-0.018050906661711497,1254887.0485323058,0.2548870485323058,578299.6818653103,0.5782996818653103
2022-03-28,0.0,0.3740935684754766,9099.65205596392,0.0,0.0,0.0,961138.1696192604,359555.607670857,601582.5619484034,-38861.83038073965,-0.0388618303807396,4,"mom20@q0.6,hold_q=0.4,buy_top=10,hold_top=20,rebalance=20d,min_hold=5d,turnover_penalty=0.01,target_vol=0.18",0.0095580713259944,1000000.0,972130.1321658303,1850708.4599206229,0.8507084599206229,-0.006252140939066675,1247041.3178422723,0.24704131784227235,603667.1420783505,0.6036671420783506
2022-03-29,0.0,0.3740935684754766,1011.7299448052122,0.0,0.0,0.0,962149.8995640656,359934.0893362427,602215.810227823,-37850.10043593438,-0.0378501004359344,4,"mom20@q0.6,hold_q=0.4,buy_top=10,hold_top=20,rebalance=20d,min_hold=5d,turnover_penalty=0.01,target_vol=0.18",0.0010526373593153782,1000000.0,972130.1321658303,1852656.5847867364,0.8526565847867364,-0.003454285555879566,1242733.6810304648,0.24273368103046478,609922.9037562716,0.6099229037562717
2022-03-30,0.0,0.3740935684754766,683.3835784360081,0.0,0.0,0.0,962833.2831425016,360189.7387377373,602643.5444047642,-37166.7168574984,-0.0371667168574983,4,"mom20@q0.6,hold_q=0.4,buy_top=10,hold_top=20,rebalance=20d,min_hold=5d,turnover_penalty=0.01,target_vol=0.18",0.0007102672657821607,1000000.0,972130.1321658303,1853972.4661136463,0.8539724661136463,0.029016917666068398,1278793.9819337758,0.2787939819337759,575178.4841798705,0.5751784841798704
2022-03-31,0.0,0.3740935684754766,-4844.610257238158,0.0,0.0,0.0,957988.6728852636,358377.40119873424,599611.2716865293,-42011.32711473655,-0.0420113271147365,4,"mom20@q0.6,hold_q=0.4,buy_top=10,hold_top=20,rebalance=20d,min_hold=5d,turnover_penalty=0.01,target_vol=0.18",-0.005031619016561351,1000000.0,972130.1321658303,1844643.9829969676,0.8446439829969676,-0.0074046214240379715,1269324.9966182183,0.2693249966182183,575318.9863787494,0.5753189863787493
2022-04-01,0.0,0.3740935684754766,2285.043494055183,0.0,0.0,0.0,960273.7163793186,359232.22127354704,601041.4951057716,-39726.28362068138,-0.0397262836206814,4,"mom20@q0.6,hold_q=0.4,buy_top=10,hold_top=20,rebalance=20d,min_hold=5d,turnover_penalty=0.01,target_vol=0.18",0.0023852510564377205,1000000.0,972130.1321658303,1849043.9220061628,0.8490439220061627,0.012684128262208105,1285425.2776817507,0.28542527768175074,563618.6443244121,0.563618644324412
2022-04-06,121587.29894274964,0.2518396511095717,-1420.354883069096,150891.35592164643,273145.27328755136,188.61419490205805,958853.3614962496,241477.2960244555,717376.065471794,-41146.63850375044,-0.0411466385037504,4,"mom20@q0.6,hold_q=0.4,buy_top=10,hold_top=20,rebalance=20d,min_hold=5d,turnover_penalty=0.01,target_vol=0.18",-0.0014791146095557428,1000000.0,972130.1321658303,1846308.9741274132,0.8463089741274132,-0.002881089575693996,1281721.8523138883,0.28172185231388824,564587.121813525,0.564587121813525
2022-04-07,0.0,0.2518396511095717,-478.9924018036862,0.0,0.0,0.0,958374.3690944458,241356.66674510116,717017.7023493447,-41625.63090555416,-0.0416256309055541,4,"mom20@q0.6,hold_q=0.4,buy_top=10,hold_top=20,rebalance=20d,min_hold=5d,turnover_penalty=0.01,target_vol=0.18",-0.0004995470851312245,1000000.0,972130.1321658303,1845386.6558611363,0.8453866558611363,-0.012838192802731796,1265266.860054408,0.2652668600544079,580119.7958067283,0.5801197958067283
2022-04-08,0.0,0.2518396511095717,-1102.5039825268848,0.0,0.0,0.0,957271.865111919,241079.01252679463,716192.8525851243,-42728.134888081,-0.042728134888081,4,"mom20@q0.6,hold_q=0.4,buy_top=10,hold_top=20,rebalance=20d,min_hold=5d,turnover_penalty=0.01,target_vol=0.18",-0.001150389678689523,1000000.0,972130.1321658303,1843263.7420990423,0.8432637420990423,0.005148369010002263,1271780.9207460948,0.27178092074609483,571482.8213529475,0.5714828213529475
2022-04-11,0.0,0.2518396511095717,-8803.301448199365,0.0,0.0,0.0,948468.5636637196,238861.9921614677,709606.5715022519,-51531.43633628043,-0.0515314363362804,4,"mom20@q0.6,hold_q=0.4,buy_top=10,hold_top=20,rebalance=20d,min_hold=5d,turnover_penalty=0.01,target_vol=0.18",-0.009196239614929214,1000000.0,972130.1321658303,1826312.6470531884,0.8263126470531885,-0.030892721655868982,1232492.1467542408,0.2324921467542409,593820.5002989476,0.5938205002989476
2022-04-12,0.0,0.2518396511095717,4189.099253791336,0.0,0.0,0.0,952657.662917511,239916.97345600592,712740.689461505,-47342.33708248904,-0.047342337082489,4,"mom20@q0.6,hold_q=0.4,buy_top=10,hold_top=20,rebalance=20d,min_hold=5d,turnover_penalty=0.01,target_vol=0.18",0.0044166980480722096,1000000.0,972130.1321658303,1834378.918556598,0.834378918556598,0.019487472165109487,1256510.3031578301,0.2565103031578302,577868.6153987679,0.5778686153987678
2022-04-13,0.0,0.2518396511095717,2282.977158716116,0.0,0.0,0.0,954940.640076227,240491.91762714807,714448.7224490789,-45059.35992377298,-0.0450593599237729,4,"mom20@q0.6,hold_q=0.4,buy_top=10,hold_top=20,rebalance=20d,min_hold=5d,turnover_penalty=0.01,target_vol=0.18",0.0023964297434238002,1000000.0,972130.1321658303,1838774.8787577364,0.8387748787577365,-0.009624470989026301,1244417.0561976752,0.2444170561976753,594357.8225600612,0.5943578225600612
2022-04-14,0.0,0.2518396511095717,3112.7681661692677,0.0,0.0,0.0,958053.4082423964,241275.83607610117,716777.5721662951,-41946.59175760369,-0.0419465917576037,4,"mom20@q0.6,hold_q=0.4,buy_top=10,hold_top=20,rebalance=20d,min_hold=5d,turnover_penalty=0.01,target_vol=0.18",0.003259645715697035,1000000.0,972130.1321658303,1844768.6334134105,0.8447686334134106,0.012520109958596315,1259997.2945756225,0.2599972945756226,584771.338837788,0.584771338837788
2022-04-15,0.0,0.2518396511095717,-9122.25054268466,0.0,0.0,0.0,948931.1576997116,238978.4916820973,709952.6660176143,-51068.84230028838,-0.0510688423002884,4,"mom20@q0.6,hold_q=0.4,buy_top=10,hold_top=20,rebalance=20d,min_hold=5d,turnover_penalty=0.01,target_vol=0.18",-0.00952165136536609,1000000.0,972130.1321658303,1827203.3896362851,0.8272033896362851,-0.0006727789348620616,1259149.5949378489,0.25914959493784884,568053.7946984363,0.5680537946984363
2022-04-18,0.0,0.2518396511095717,-4413.380262774589,0.0,0.0,0.0,944517.7774369372,237867.0275365063,706650.7499004308,-55482.22256306291,-0.0554822225630629,4,"mom20@q0.6,hold_q=0.4,buy_top=10,hold_top=20,rebalance=20d,min_hold=5d,turnover_penalty=0.01,target_vol=0.18",-0.004650896144534622,1000000.0,972130.1321658303,1818705.2564361452,0.8187052564361452,-0.005340495374515086,1252425.1123502608,0.25242511235026077,566280.1440858843,0.5662801440858845
2022-04-19,0.0,0.2518396511095717,1445.7889045667653,0.0,0.0,0.0,945963.566341504,238231.1345098105,707732.4318316934,-54036.43365849613,-0.054036433658496,4,"mom20@q0.6,hold_q=0.4,buy_top=10,hold_top=20,rebalance=20d,min_hold=5d,turnover_penalty=0.01,target_vol=0.18",0.0015307164556395136,1000000.0,972130.1321658303,1821489.17850013,0.8214891785001301,-0.0075557198335246545,1242962.1390888717,0.24296213908887165,578527.0394112584,0.5785270394112585
2022-04-20,0.0,0.2518396511095717,-12239.27595026562,0.0,0.0,0.0,933724.2903912382,235148.79952466185,698575.4908665763,-66275.70960876183,-0.0662757096087618,4,"mom20@q0.6,hold_q=0.4,buy_top=10,hold_top=20,rebalance=20d,min_hold=5d,turnover_penalty=0.01,target_vol=0.18",-0.012938422139872618,1000000.0,972130.1321658303,1797921.9825854858,0.7979219825854857,-0.015504607124718794,1223690.4994513986,0.22369049945139863,574231.4831340872,0.5742314831340871
2022-04-21,0.0,0.2518396511095717,-6784.565058411701,0.0,0.0,0.0,926939.7253328264,233440.1770274212,693499.5483054053,-73060.27466717351,-0.0730602746671734,4,"mom20@q0.6,hold_q=0.4,buy_top=10,hold_top=20,rebalance=20d,min_hold=5d,turnover_penalty=0.01,target_vol=0.18",-0.007266133191810797,1000000.0,972130.1321658303,1784858.0419915349,0.784858041991535,-0.018414116178923523,1201157.3204274557,0.2011573204274557,583700.7215640792,0.5837007215640793
2022-04-22,0.0,0.2518396511095717,6703.793107870081,0.0,0.0,0.0,933643.5184406966,235128.457944818,698515.0604958787,-66356.48155930336,-0.0663564815593034,4,"mom20@q0.6,hold_q=0.4,buy_top=10,hold_top=20,rebalance=20d,min_hold=5d,turnover_penalty=0.01,target_vol=0.18",0.007232178020489144,1000000.0,972130.1321658303,1797766.4530925194,0.7977664530925195,0.00435954482548051,1206393.8196083133,0.20639381960831327,591372.6334842062,0.5913726334842062
2022-04-25,0.0,0.2518396511095717,-17361.593744043843,0.0,0.0,0.0,916281.9246966528,230756.12023361187,685525.8044630409,-83718.0753033472,-0.0837180753033471,4,"mom20@q0.6,hold_q=0.4,buy_top=10,hold_top=20,rebalance=20d,min_hold=5d,turnover_penalty=0.01,target_vol=0.18",-0.01859552752322413,1000000.0,972130.1321658303,1764336.0375337084,0.7643360375337085,-0.04942129197034828,1146772.278418227,0.14677227841822704,617563.7591154813,0.6175637591154814
2022-04-26,0.0,0.2518396511095717,-4931.377016877488,0.0,0.0,0.0,911350.5476797752,229514.20396619168,681836.3437135837,-88649.45232022472,-0.0886494523202247,4,"mom20@q0.6,hold_q=0.4,buy_top=10,hold_top=20,rebalance=20d,min_hold=5d,turnover_penalty=0.01,target_vol=0.18",-0.0053819429194897905,1000000.0,972130.1321658303,1754840.4816889032,0.7548404816889032,-0.008070963666246378,1137516.721025655,0.13751672102565515,617323.7606632481,0.617323760663248
2022-04-27,0.0,0.2518396511095717,13857.139791477726,0.0,0.0,0.0,925207.687471253,233003.981216654,692203.706254599,-74792.31252874702,-0.0747923125287469,4,"mom20@q0.6,hold_q=0.4,buy_top=10,hold_top=20,rebalance=20d,min_hold=5d,turnover_penalty=0.01,target_vol=0.18",0.015205060036181495,1000000.0,972130.1321658303,1781522.9365669044,0.7815229365669045,0.02944409796729497,1171009.8747989705,0.17100987479897056,610513.0617679339,0.610513061767934
2022-04-28,0.0,0.2518396511095717,-4059.643808671589,0.0,0.0,0.0,921148.0436625814,231981.601936249,689166.4417263323,-78851.95633741864,-0.0788519563374186,4,"mom20@q0.6,hold_q=0.4,buy_top=10,hold_top=20,rebalance=20d,min_hold=5d,turnover_penalty=0.01,target_vol=0.18",-0.0043878189336789,1000000.0,972130.1321658303,1773705.9364950529,0.7737059364950529,0.006563916684208193,1178696.2860535362,0.17869628605353616,595009.6504415167,0.5950096504415168
2022-04-29,0.0,0.2518396511095717,8692.477917230623,0.0,0.0,0.0,929840.521579812,234170.71254220203,695669.80903761,-70159.47842018795,-0.0701594784201879,4,"mom20@q0.6,hold_q=0.4,buy_top=10,hold_top=20,rebalance=20d,min_hold=5d,turnover_penalty=0.01,target_vol=0.18",0.009436569916241089,1000000.0,972130.1321658303,1790443.6365756404,0.7904436365756404,0.024260987322467287,1207292.6217065202,0.2072926217065203,583151.0148691202,0.5831510148691201
2022-05-05,0.0,0.2518396511095717,-7683.811530403016,0.0,0.0,0.0,922156.710049409,232235.6241271936,689921.0859222154,-77843.28995059105,-0.077843289950591,4,"mom20@q0.6,hold_q=0.4,buy_top=10,hold_top=20,rebalance=20d,min_hold=5d,turnover_penalty=0.01,target_vol=0.18",-0.008263579992564996,1000000.0,972130.1321658303,1775648.1623626186,0.7756481623626186,-0.001501404298547837,1205479.987374685,0.2054799873746851,570168.1749879336,0.5701681749879335
2022-05-06,0.0,0.2518396511095717,-6375.419360291806,0.0,0.0,0.0,915781.2906891172,230630.0407398205,685151.2499492967,-84218.70931088284,-0.0842187093108828,4,"mom20@q0.6,hold_q=0.4,buy_top=10,hold_top=20,rebalance=20d,min_hold=5d,turnover_penalty=0.01,target_vol=0.18",-0.006913596453633319,1000000.0,972130.1321658303,1763372.047524408,0.7633720475244079,-0.02528296523124718,1175001.8787669267,0.17500187876692674,588370.1687574813,0.5883701687574812
2022-05-09,-4316.695101871606,0.2555940383959103,-3127.521719284722,189625.99776137376,185871.61047503515,237.0324972017172,912653.7689698325,233268.8624682476,679384.9065015849,-87346.23103016755,-0.0873462310301675,4,"mom20@q0.6,hold_q=0.4,buy_top=10,hold_top=20,rebalance=20d,min_hold=5d,turnover_penalty=0.01,target_vol=0.18",-0.0034151404391885576,1000000.0,972130.1321658303,1757349.8843355726,0.7573498843355726,-0.00802799821941147,1165568.9657763809,0.1655689657763808,591780.9185591917,0.5917809185591918
2022-05-10,0.0,0.2555940383959103,-14819.925776555056,0.0,0.0,0.0,897833.8431932774,229480.97779029023,668352.8654029871,-102166.15680672265,-0.1021661568067225,4,"mom20@q0.6,hold_q=0.4,buy_top=10,hold_top=20,rebalance=20d,min_hold=5d,turnover_penalty=0.01,target_vol=0.18",-0.01623827817342305,1000000.0,972130.1321658303,1728813.5480656987,0.7288135480656988,0.01094278699348017,1178323.5386950828,0.17832353869508277,550490.0093706159,0.550490009370616
2022-05-11,0.0,0.2555940383959103,10712.193656340884,0.0,0.0,0.0,908546.0368496184,232218.95062699344,676327.0862226249,-91453.96315038168,-0.0914539631503816,4,"mom20@q0.6,hold_q=0.4,buy_top=10,hold_top=20,rebalance=20d,min_hold=5d,turnover_penalty=0.01,target_vol=0.18",0.011931153784804582,1000000.0,972130.1321658303,1749440.2883729243,0.7494402883729243,0.014426498837971646,1195322.621856822,0.19532262185682203,554117.6665161024,0.5541176665161023
2022-05-12,0.0,0.2555940383959103,-174.66220588488022,0.0,0.0,0.0,908371.3746437334,232174.30800843617,676197.0666352971,-91628.62535626662,-0.0916286253562665,4,"mom20@q0.6,hold_q=0.4,buy_top=10,hold_top=20,rebalance=20d,min_hold=5d,turnover_penalty=0.01,target_vol=0.18",-0.0001922436495245261,1000000.0,972130.1321658303,1749103.9695872623,0.7491039695872623,-0.004446210410369189,1190007.9659717723,0.19000796597177239,559096.0036154899,0.55909600361549
2022-05-13,0.0,0.2555940383959103,25861.80801592301,0.0,0.0,0.0,934233.1826596564,238784.43195944568,695448.7507002107,-65766.81734034361,-0.0657668173403436,4,"mom20@q0.6,hold_q=0.4,buy_top=10,hold_top=20,rebalance=20d,min_hold=5d,turnover_penalty=0.01,target_vol=0.18",0.028470522891659966,1000000.0,972130.1321658303,1798901.8741932898,0.7989018741932898,0.007542804023502381,1198983.962845504,0.19898396284550413,599917.9113477857,0.5999179113477857
2022-05-16,0.0,0.2555940383959103,3356.779082430867,0.0,0.0,0.0,937589.9617420872,239642.40468112708,697947.5570609602,-62410.03825791273,-0.0624100382579126,4,"mom20@q0.6,hold_q=0.4,buy_top=10,hold_top=20,rebalance=20d,min_hold=5d,turnover_penalty=0.01,target_vol=0.18",0.0035930848365655077,1000000.0,972130.1321658303,1805365.481239923,0.8053654812399231,-0.008037908037908048,1189346.6400132254,0.18934664001322532,616018.8412266977,0.6160188412266978
2022-05-17,0.0,0.2555940383959103,1588.1172084693992,0.0,0.0,0.0,939178.0789505568,240048.31797188584,699129.7609786708,-60821.92104944331,-0.0608219210494432,4,"mom20@q0.6,hold_q=0.4,buy_top=10,hold_top=20,rebalance=20d,min_hold=5d,turnover_penalty=0.01,target_vol=0.18",0.0016938291505583791,1000000.0,972130.1321658303,1808423.4619194593,0.8084234619194592,0.012473019355295323,1204181.3836742656,0.20418138367426564,604242.0782451937,0.6042420782451936
2022-05-18,0.0,0.2555940383959103,-6351.430627829717,0.0,0.0,0.0,932826.648322727,238424.93016812732,694401.7181545997,-67173.35167727305,-0.067173351677273,4,"mom20@q0.6,hold_q=0.4,buy_top=10,hold_top=20,rebalance=20d,min_hold=5d,turnover_penalty=0.01,target_vol=0.18",-0.006762754338268784,1000000.0,972130.1321658303,1796193.5383069364,0.7961935383069363,-0.0034898611794133005,1199978.9578104084,0.19997895781040853,596214.580496528,0.5962145804965278
2022-05-19,0.0,0.2555940383959103,1028.953537840512,0.0,0.0,0.0,933855.6018605676,238687.92455818577,695167.6773023817,-66144.39813943254,-0.0661443981394325,4,"mom20@q0.6,hold_q=0.4,buy_top=10,hold_top=20,rebalance=20d,min_hold=5d,turnover_penalty=0.01,target_vol=0.18",0.0011030490388441727,1000000.0,972130.1321658303,1798174.827862944,0.7981748278629439,0.0019263961361855042,1202290.5926382383,0.20229059263823834,595884.2352247057,0.5958842352247056
2022-05-20,0.0,0.2555940383959103,5505.936150879263,0.0,0.0,0.0,939361.5380114468,240095.20901413905,699266.3289973077,-60638.46198855329,-0.0606384619885532,4,"mom20@q0.6,hold_q=0.4,buy_top=10,hold_top=20,rebalance=20d,min_hold=5d,turnover_penalty=0.01,target_vol=0.18",0.00589591810544321,1000000.0,972130.1321658303,1808776.7193872933,0.8087767193872932,0.019501950195019546,1225737.60389581,0.22573760389580988,583039.1154914834,0.5830391154914834
2022-05-23,0.0,0.2555940383959103,-351.9962641073489,0.0,0.0,0.0,939009.5417473394,240005.2408674956,699004.3008798438,-60990.45825266058,-0.0609904582526605,4,"mom20@q0.6,hold_q=0.4,buy_top=10,hold_top=20,rebalance=20d,min_hold=5d,turnover_penalty=0.01,target_vol=0.18",-0.00037471862521920585,1000000.0,972130.1321658303,1808098.937061676,0.808098937061676,-0.00579262311163431,1218637.367922684,0.21863736792268385,589461.5691389921,0.5894615691389922
2022-05-24,0.0,0.2555940383959103,6539.451911439666,0.0,0.0,0.0,945548.9936587792,241676.68579043628,703872.3078683428,-54451.00634122093,-0.0544510063412209,4,"mom20@q0.6,hold_q=0.4,buy_top=10,hold_top=20,rebalance=20d,min_hold=5d,turnover_penalty=0.01,target_vol=0.18",0.006964201768675293,1000000.0,972130.1321658303,1820690.9028771007,0.8206909028771008,-0.023391827290711875,1190131.2130822288,0.1901312130822288,630559.689794872,0.630559689794872
2022-05-25,0.0,0.2555940383959103,8549.232997442734,0.0,0.0,0.0,954098.2266562218,243861.81877744023,710236.4078787816,-45901.773343778215,-0.0459017733437782,4,"mom20@q0.6,hold_q=0.4,buy_top=10,hold_top=20,rebalance=20d,min_hold=5d,turnover_penalty=0.01,target_vol=0.18",0.00904155475261148,1000000.0,972130.1321658303,1837152.7793630457,0.8371527793630458,0.006069484611595843,1197354.6961658113,0.19735469616581125,639798.0831972344,0.6397980831972345
2022-05-26,0.0,0.2555940383959103,2888.103080605853,0.0,0.0,0.0,956986.3297368276,244600.000707116,712386.3290297117,-43013.67026317236,-0.0430136702631723,4,"mom20@q0.6,hold_q=0.4,buy_top=10,hold_top=20,rebalance=20d,min_hold=5d,turnover_penalty=0.01,target_vol=0.18",0.0030270500457041383,1000000.0,972130.1321658303,1842713.9327677821,0.8427139327677822,0.002475409095245462,1200318.638870935,0.20031863887093504,642395.2938968472,0.6423952938968471
2022-05-27,0.0,0.2555940383959103,6622.47843580324,0.0,0.0,0.0,963608.8081726308,246292.66671471277,717316.1414579181,-36391.19182736916,-0.0363911918273691,4,"mom20@q0.6,hold_q=0.4,buy_top=10,hold_top=20,rebalance=20d,min_hold=5d,turnover_penalty=0.01,target_vol=0.18",0.006920139013505411,1000000.0,972130.1321658303,1855465.7693446586,0.8554657693446586,0.002068599362891499,1202801.6172425703,0.20280161724257018,652664.1521020883,0.6526641521020884
2022-05-30,0.0,0.2555940383959103,-4021.6840524054046,0.0,0.0,0.0,959587.1241202254,245264.748246606,714322.3758736195,-40412.87587977457,-0.0404128758797746,4,"mom20@q0.6,hold_q=0.4,buy_top=10,hold_top=20,rebalance=20d,min_hold=5d,turnover_penalty=0.01,target_vol=0.18",-0.00417356505907418,1000000.0,972130.1321658303,1847721.8622414134,0.8477218622414135,0.006927748481743379,1211134.324320261,0.2111343243202608,636587.5379211525,0.6365875379211527
2022-05-31,0.0,0.2555940383959103,505.5627317578844,0.0,0.0,0.0,960092.6868519834,245393.9670668785,714698.719785105,-39907.313148016576,-0.0399073131480165,4,"mom20@q0.6,hold_q=0.4,buy_top=10,hold_top=20,rebalance=20d,min_hold=5d,turnover_penalty=0.01,target_vol=0.18",0.0005268544346315185,1000000.0,972130.1321658303,1848695.3426985012,0.8486953426985011,0.015512457123568524,1229921.993597161,0.22992199359716103,618773.3491013402,0.6187733491013401
2022-06-01,0.0,0.2555940383959103,14451.640499235618,0.0,0.0,0.0,974544.327351219,249087.72022352403,725456.607127695,-25455.67264878098,-0.025455672648781,4,"mom20@q0.6,hold_q=0.4,buy_top=10,hold_top=20,rebalance=20d,min_hold=5d,turnover_penalty=0.01,target_vol=0.18",0.015052338901383244,1000000.0,972130.1321658303,1876522.531522208,0.8765225315222078,-0.0020383622712342175,1227414.9670088515,0.22741496700885144,649107.5645133564,0.6491075645133564
2022-06-02,0.0,0.2555940383959103,-3680.9776135625953,0.0,0.0,0.0,970863.3497376564,248146.88429002865,722716.4654476278,-29136.65026234358,-0.0291366502623435,4,"mom20@q0.6,hold_q=0.4,buy_top=10,hold_top=20,rebalance=20d,min_hold=5d,turnover_penalty=0.01,target_vol=0.18",-0.0037771269199907698,1000000.0,972130.1321658303,1869434.6677524261,0.8694346677524261,0.0015649567249056417,1229335.8183157216,0.22933581831572147,640098.8494367045,0.6400988494367046
2022-06-06,0.0,0.2555940383959103,7581.875298550101,0.0,0.0,0.0,978445.2250362064,250084.76641619924,728360.4586200073,-21554.77496379346,-0.0215547749637934,4,"mom20@q0.6,hold_q=0.4,buy_top=10,hold_top=20,rebalance=20d,min_hold=5d,turnover_penalty=0.01,target_vol=0.18",0.0078094155069288185,1000000.0,972130.1321658303,1884033.8598359623,0.8840338598359623,0.018711013627349615,1252337.9375648163,0.25233793756481626,631695.922271146,0.631695922271146
2022-06-07,-80253.70666330436,0.3350649718686144,-1201.3386301461644,307282.4413924794,227811.5079197752,384.10305174059926,977243.8864060604,327440.195307422,649803.6910986383,-22756.11359393969,-0.0227561135939396,4,"mom20@q0.6,hold_q=0.4,buy_top=10,hold_top=20,rebalance=20d,min_hold=5d,turnover_penalty=0.01,target_vol=0.18",-0.0012278036617753285,1000000.0,972130.1321658303,1881720.636163947,0.8817206361639469,0.0031300331965944395,1256257.7968827488,0.25625779688274886,625462.8392811981,0.6254628392811981
2022-06-08,0.0,0.3350649718686144,-572.102354264205,0.0,0.0,0.0,976671.784051796,327248.50384818454,649423.2802036116,-23328.215948203928,-0.0233282159482038,4,"mom20@q0.6,hold_q=0.4,buy_top=10,hold_top=20,rebalance=20d,min_hold=5d,turnover_penalty=0.01,target_vol=0.18",-0.0005854243369773915,1000000.0,972130.1321658303,1880619.031108144,0.8806190311081439,0.009734083409705052,1268486.3150616977,0.26848631506169784,612132.7160464462,0.612132716046446
2022-06-09,0.0,0.3350649718686144,-11847.34001025045,0.0,0.0,0.0,964824.4440415456,323278.8752009321,641545.5688406136,-35175.555958454264,-0.0351755559584542,4,"mom20@q0.6,hold_q=0.4,buy_top=10,hold_top=20,rebalance=20d,min_hold=5d,turnover_penalty=0.01,target_vol=0.18",-0.012130318704509646,1000000.0,972130.1321658303,1857806.5228990358,0.8578065228990359,-0.010460186596079057,1255217.7115115796,0.2552177115115797,602588.8113874563,0.6025888113874562
2022-06-10,0.0,0.3350649718686144,12369.21998557699,0.0,0.0,0.0,977193.6640271228,327423.3675474361,649770.2964796865,-22806.335972877336,-0.0228063359728772,4,"mom20@q0.6,hold_q=0.4,buy_top=10,hold_top=20,rebalance=20d,min_hold=5d,turnover_penalty=0.01,target_vol=0.18",0.012820176833169494,1000000.0,972130.1321658303,1881623.9310444174,0.8816239310444174,0.015164033556291479,1274251.8750093929,0.27425187500939296,607372.0560350246,0.6073720560350244
2022-06-13,0.0,0.3350649718686144,2638.661493112004,0.0,0.0,0.0,979832.3255202346,328307.4905863965,651524.8349338381,-20167.674479765352,-0.0201676744797653,4,"mom20@q0.6,hold_q=0.4,buy_top=10,hold_top=20,rebalance=20d,min_hold=5d,turnover_penalty=0.01,target_vol=0.18",0.0027002441688350753,1000000.0,972130.1321658303,1886704.7750921606,0.8867047750921606,-0.011710336660383569,1259329.9565629077,0.2593299565629077,627374.8185292529,0.6273748185292529
2022-06-14,0.0,0.3350649718686144,-4483.7641265061975,0.0,0.0,0.0,975348.5613937284,326805.1382854832,648543.4231082452,-24651.43860627152,-0.0246514386062715,4,"mom20@q0.6,hold_q=0.4,buy_top=10,hold_top=20,rebalance=20d,min_hold=5d,turnover_penalty=0.01,target_vol=0.18",-0.004576052462981983,1000000.0,972130.1321658303,1878071.1150591802,0.8780711150591802,0.007867568954611048,1269237.8218327737,0.2692378218327738,608833.2932264064,0.6088332932264064
2022-06-15,0.0,0.3350649718686144,-5897.594787803088,0.0,0.0,0.0,969450.9666059254,324829.06085381546,644621.9057521098,-30549.03339407465,-0.0305490333940746,4,"mom20@q0.6,hold_q=0.4,buy_top=10,hold_top=20,rebalance=20d,min_hold=5d,turnover_penalty=0.01,target_vol=0.18",-0.006046653495213716,1000000.0,972130.1321658303,1866715.0697870478,0.8667150697870478,0.013241566820058281,1286044.5192611176,0.2860445192611176,580670.5505259302,0.5806705505259302
2022-06-16,0.0,0.3350649718686144,4956.419202553677,0.0,0.0,0.0,974407.385808479,326489.7833144882,647917.6024939909,-25592.61419152096,-0.0255926141915209,4,"mom20@q0.6,hold_q=0.4,buy_top=10,hold_top=20,rebalance=20d,min_hold=5d,turnover_penalty=0.01,target_vol=0.18",0.005112604322739855,1000000.0,972130.1321658303,1876258.8453221647,0.8762588453221647,-0.00658217669965544,1277579.5469917175,0.2775795469917175,598679.2983304472,0.5986792983304472
2022-06-17,0.0,0.3350649718686144,6928.91045863699,0.0,0.0,0.0,981336.296267116,328811.41850239155,652524.8777647245,-18663.703732883907,-0.0186637037328839,4,"mom20@q0.6,hold_q=0.4,buy_top=10,hold_top=20,rebalance=20d,min_hold=5d,turnover_penalty=0.01,target_vol=0.18",0.007110896899542585,1000000.0,972130.1321658303,1889600.7285281054,0.8896007285281053,0.013877451141866226,1295309.0947349425,0.2953090947349426,594291.6337931629,0.5942916337931627
2022-06-20,0.0,0.3350649718686144,6955.194181621449,0.0,0.0,0.0,988291.4904487376,331141.86044519726,657149.6300035403,-11708.509551262485,-0.0117085095512624,4,"mom20@q0.6,hold_q=0.4,buy_top=10,hold_top=20,rebalance=20d,min_hold=5d,turnover_penalty=0.01,target_vol=0.18",0.007087472671782669,1000000.0,972130.1321658303,1902993.2220521288,0.9029932220521288,0.004963982696842173,1301738.9866682691,0.30173898666826915,601254.2353838596,0.6012542353838597
2022-06-21,0.0,0.3350649718686144,-8027.333286141804,0.0,0.0,0.0,980264.1571625957,328452.1822434962,651811.9749190995,-19735.842837404343,-0.0197358428374043,4,"mom20@q0.6,hold_q=0.4,buy_top=10,hold_top=20,rebalance=20d,min_hold=5d,turnover_penalty=0.01,target_vol=0.18",-0.008122434892662178,1000000.0,972130.1321658303,1887536.283504833,0.887536283504833,-0.0011222903961040087,1300278.0575052972,0.30027805750529724,587258.2259995358,0.5872582259995358
2022-06-22,0.0,0.3350649718686144,2623.4789343638413,0.0,0.0,0.0,982887.6360969596,329331.21813883673,653556.4179581229,-17112.363903040416,-0.0171123639030403,4,"mom20@q0.6,hold_q=0.4,buy_top=10,hold_top=20,rebalance=20d,min_hold=5d,turnover_penalty=0.01,target_vol=0.18",0.0026762979296903744,1000000.0,972130.1321658303,1892587.8929525926,0.8925878929525926,-0.012703528089939575,1283759.9386770467,0.28375993867704663,608827.9542755459,0.6088279542755459
2022-06-23,0.0,0.3350649718686144,10793.154978037086,0.0,0.0,0.0,993680.7910749966,332947.62630792626,660733.1647670703,-6319.208925003419,-0.0063192089250033,4,"mom20@q0.6,hold_q=0.4,buy_top=10,hold_top=20,rebalance=20d,min_hold=5d,turnover_penalty=0.01,target_vol=0.18",0.01098106699245549,1000000.0,972130.1321658303,1913370.527394215,0.9133705273942152,0.017154417859701843,1305782.093096658,0.30578209309665794,607588.4342975572,0.6075884342975573
2022-06-24,0.0,0.3350649718686144,129.65927990305522,0.0,0.0,0.0,993810.4503548996,332991.0705908995,660819.3797640002,-6189.549645100371,-0.0061895496451003,4,"mom20@q0.6,hold_q=0.4,buy_top=10,hold_top=20,rebalance=20d,min_hold=5d,turnover_penalty=0.01,target_vol=0.18",0.00013048383451463863,1000000.0,972130.1321658303,1913620.1913174768,0.9136201913174768,0.01171533283608217,1321079.7649286813,0.3210797649286814,592540.4263887955,0.5925404263887954
2022-06-27,0.0,0.3350649718686144,7019.654011297367,0.0,0.0,0.0,1000830.104366197,335343.1107647223,665486.9936014747,830.104366197018,0.0008301043661971,4,"mom20@q0.6,hold_q=0.4,buy_top=10,hold_top=20,rebalance=20d,min_hold=5d,turnover_penalty=0.01,target_vol=0.18",0.007063373109822413,1000000.0,972130.1321658303,1927136.8047192418,0.9271368047192419,0.01126111264070695,1335956.5929689019,0.3359565929689019,591180.21175034,0.59118021175034
2022-06-28,0.0,0.3350649718686144,7469.750728948454,0.0,0.0,0.0,1008299.8550951456,337845.96258258296,670453.8925125626,8299.855095145525,0.0082998550951456,4,"mom20@q0.6,hold_q=0.4,buy_top=10,hold_top=20,rebalance=20d,min_hold=5d,turnover_penalty=0.01,target_vol=0.18",0.007463555199190397,1000000.0,972130.1321658303,1941520.0966376553,0.9415200966376553,0.010408931970676827,1349862.4742608925,0.34986247426089245,591657.6223767628,0.5916576223767629
2022-06-29,0.0,0.3350649718686144,-14053.834722170255,0.0,0.0,0.0,994246.0203729752,333137.0148467528,661109.0055262225,-5753.979627024732,-0.0057539796270247,4,"mom20@q0.6,hold_q=0.4,buy_top=10,hold_top=20,rebalance=20d,min_hold=5d,turnover_penalty=0.01,target_vol=0.18",-0.013938150096078683,1000000.0,972130.1321658303,1914458.8981161665,0.9144588981161665,-0.015401334366621389,1329072.7909458454,0.3290727909458455,585386.107170321,0.585386107170321
2022-06-30,0.0,0.3350649718686144,6001.566649538836,0.0,0.0,0.0,1000247.587022514,335147.92960734817,665099.6574151659,247.5870225140825,0.000247587022514,4,"mom20@q0.6,hold_q=0.4,buy_top=10,hold_top=20,rebalance=20d,min_hold=5d,turnover_penalty=0.01,target_vol=0.18",0.006036299393270328,1000000.0,972130.1321658303,1926015.145201306,0.9260151452013061,0.014396022943166997,1348206.153337441,0.348206153337441,577808.9918638652,0.5778089918638651
2022-07-01,0.0,0.3350649718686144,-713.8873113896785,0.0,0.0,0.0,999533.6997111244,334908.73097544,664624.9687356844,-466.3002888755873,-0.0004663002888756,4,"mom20@q0.6,hold_q=0.4,buy_top=10,hold_top=20,rebalance=20d,min_hold=5d,turnover_penalty=0.01,target_vol=0.18",-0.0007137106059057485,1000000.0,972130.1321658303,1924640.527765041,0.9246405277650409,-0.004078028811529966,1342708.129800249,0.3427081298002488,581932.3979647921,0.5819323979647921
2022-07-04,0.0,0.3350649718686144,6001.145368019571,0.0,0.0,0.0,1005534.845079144,336919.5045793549,668615.340499789,5534.845079143997,0.0055348450791439,4,"mom20@q0.6,hold_q=0.4,buy_top=10,hold_top=20,rebalance=20d,min_hold=5d,turnover_penalty=0.01,target_vol=0.18",0.006003945009311895,1000000.0,972130.1321658303,1936195.9636564353,0.9361959636564352,0.006561861947916858,1351518.7951843438,0.3515187951843439,584677.1684720914,0.5846771684720913
2022-07-05,30789.72244250956,0.3034866162312523,2560.102643277341,244457.02416238864,276035.37979975075,305.5712802029858,1008094.9477224211,305943.3245240988,702151.6231983225,8094.947722421261,0.0080949477224212,4,"mom20@q0.6,hold_q=0.4,buy_top=10,hold_top=20,rebalance=20d,min_hold=5d,turnover_penalty=0.01,target_vol=0.18",0.0025460108675554594,1000000.0,972130.1321658303,1941125.5396216216,0.9411255396216216,-0.001443495706211828,1349567.8836066306,0.3495678836066307,591557.656014991,0.5915576560149909
2022-07-06,0.0,0.3034866162312523,-7756.020105701883,0.0,0.0,0.0,1000338.9276167194,303589.4762267978,696749.4513899216,338.92761671938933,0.0003389276167193,4,"mom20@q0.6,hold_q=0.4,buy_top=10,hold_top=20,rebalance=20d,min_hold=5d,turnover_penalty=0.01,target_vol=0.18",-0.007693739685160517,1000000.0,972130.1321658303,1926191.025023556,0.9261910250235561,-0.014605059761133576,1329857.3640148493,0.3298573640148492,596333.6610087068,0.5963336610087069
2022-07-07,0.0,0.3034866162312523,5297.49548596221,0.0,0.0,0.0,1005636.4231026816,305197.1952063328,700439.2278963488,5636.4231026816415,0.0056364231026815,4,"mom20@q0.6,hold_q=0.4,buy_top=10,hold_top=20,rebalance=20d,min_hold=5d,turnover_penalty=0.01,target_vol=0.18",0.0052957006267699835,1000000.0,972130.1321658303,1936391.556042052,0.9363915560420522,0.0044078056587182335,1335719.1168292419,0.33571911682924194,600672.4392128102,0.6006724392128102
2022-07-08,0.0,0.3034866162312523,-6141.924298421976,0.0,0.0,0.0,999494.4988042596,303333.2033838562,696161.2954204035,-505.501195740304,-0.0005055011957403,4,"mom20@q0.6,hold_q=0.4,buy_top=10,hold_top=20,rebalance=20d,min_hold=5d,turnover_penalty=0.01,target_vol=0.18",-0.006107499845194986,1000000.0,972130.1321658303,1924565.0449132884,0.9245650449132885,-0.003305974834982739,1331303.2630423992,0.3313032630423991,593261.7818708892,0.5932617818708894
2022-07-11,0.0,0.3034866162312523,-6558.773262099881,0.0,0.0,0.0,992935.7255421598,301342.70347991347,691593.0220622462,-7064.274457840249,-0.0070642744578403,4,"mom20@q0.6,hold_q=0.4,buy_top=10,hold_top=20,rebalance=20d,min_hold=5d,turnover_penalty=0.01,target_vol=0.18",-0.006562090406646903,1000000.0,972130.1321658303,1911935.875095095,0.911935875095095,-0.01674501781528992,1309010.5661852006,0.3090105661852005,602925.3089098944,0.6029253089098945
2022-07-12,0.0,0.3034866162312523,-8771.452920317972,0.0,0.0,0.0,984164.272621842,298680.68491369445,685483.5877081475,-15835.727378158132,-0.015835727378158,4,"mom20@q0.6,hold_q=0.4,buy_top=10,hold_top=20,rebalance=20d,min_hold=5d,turnover_penalty=0.01,target_vol=0.18",-0.008833857715743298,1000000.0,972130.1321658303,1895046.1056128799,0.8950461056128798,-0.009415287671484585,1296685.855139554,0.2966858551395539,598360.2504733258,0.5983602504733259
2022-07-13,0.0,0.3034866162312523,4871.067013146607,0.0,0.0,0.0,989035.3396349885,300158.98855895,688876.3510760384,-10964.660365011545,-0.0109646603650115,4,"mom20@q0.6,hold_q=0.4,buy_top=10,hold_top=20,rebalance=20d,min_hold=5d,turnover_penalty=0.01,target_vol=0.18",0.00494944507604389,1000000.0,972130.1321658303,1904425.5322291816,0.9044255322291817,0.0018174989915662465,1299042.5803736483,0.2990425803736483,605382.9518555333,0.6053829518555334
2022-07-14,0.0,0.3034866162312523,5894.368194023565,0.0,0.0,0.0,994929.707829012,301947.8504169753,692981.8574120366,-5070.292170988047,-0.005070292170988,4,"mom20@q0.6,hold_q=0.4,buy_top=10,hold_top=20,rebalance=20d,min_hold=5d,turnover_penalty=0.01,target_vol=0.18",0.005959714438716457,1000000.0,972130.1321658303,1915775.3645710682,0.9157753645710682,0.00014115599820430091,1299225.9480257907,0.29922594802579083,616549.4165452775,0.6165494165452774
2022-07-15,0.0,0.3034866162312523,-4032.52470138412,0.0,0.0,0.0,990897.1831276278,300724.0331404833,690173.1499871445,-9102.816872372176,-0.0091028168723721,4,"mom20@q0.6,hold_q=0.4,buy_top=10,hold_top=20,rebalance=20d,min_hold=5d,turnover_penalty=0.01,target_vol=0.18",-0.0040530749757018425,1000000.0,972130.1321658303,1908010.5833818594,0.9080105833818592,-0.017014995129648547,1277119.6248478189,0.27711962484781894,630890.9585340405,0.6308909585340403
2022-07-18,0.0,0.3034866162312523,-1747.8773008499545,0.0,0.0,0.0,989149.305826778,300193.57577286096,688955.730053917,-10850.694173222058,-0.010850694173222,4,"mom20@q0.6,hold_q=0.4,buy_top=10,hold_top=20,rebalance=20d,min_hold=5d,turnover_penalty=0.01,target_vol=0.18",-0.0017639340696607997,1000000.0,972130.1321658303,1904644.9785085586,0.9046449785085586,0.010370645846916604,1290364.1801812625,0.29036418018126264,614280.798327296,0.614280798327296
2022-07-19,0.0,0.3034866162312523,-2556.7448721664964,0.0,0.0,0.0,986592.5609546114,299417.63792304054,687174.9230315709,-13407.4390453886,-0.0134074390453885,4,"mom20@q0.6,hold_q=0.4,buy_top=10,hold_top=20,rebalance=20d,min_hold=5d,turnover_penalty=0.01,target_vol=0.18",-0.0025847916559266215,1000000.0,972130.1321658303,1899721.8680606072,0.8997218680606072,-0.0054163104326292455,1283375.1672102557,0.2833751672102558,616346.7008503515,0.6163467008503514
2022-07-20,0.0,0.3034866162312523,1383.0782746054858,0.0,0.0,0.0,987975.6392292168,299837.38366858347,688138.2555606334,-12024.360770783154,-0.0120243607707831,4,"mom20@q0.6,hold_q=0.4,buy_top=10,hold_top=20,rebalance=20d,min_hold=5d,turnover_penalty=0.01,target_vol=0.18",0.001401873812293175,1000000.0,972130.1321658303,1902385.0383980821,0.902385038398082,0.003386940370174285,1287721.8823741595,0.28772188237415963,614663.1560239226,0.6146631560239224
2022-07-21,0.0,0.3034866162312523,-7219.6169793985455,0.0,0.0,0.0,980756.0222498184,297646.3265410201,683109.6957087982,-19243.97775018169,-0.0192439777501817,4,"mom20@q0.6,hold_q=0.4,buy_top=10,hold_top=20,rebalance=20d,min_hold=5d,turnover_penalty=0.01,target_vol=0.18",-0.007307484813118381,1000000.0,972130.1321658303,1888483.3886212844,0.8884833886212844,-0.011144311125636075,1273371.109073692,0.2733711090736921,615112.2795475924,0.6151122795475923
2022-07-22,0.0,0.3034866162312523,-293.70266042179094,0.0,0.0,0.0,980462.3195893966,297557.19171443064,682905.127874966,-19537.68041060341,-0.0195376804106034,4,"mom20@q0.6,hold_q=0.4,buy_top=10,hold_top=20,rebalance=20d,min_hold=5d,turnover_penalty=0.01,target_vol=0.18",-0.00029946556917193057,1000000.0,972130.1321658303,1887917.8528684392,0.8879178528684393,0.000512268475894917,1274023.4169509858,0.27402341695098587,613894.4359174534,0.6138944359174534
2022-07-25,0.0,0.3034866162312523,-3923.5316810132535,0.0,0.0,0.0,976538.7879083832,296366.45236088376,680172.3355474996,-23461.212091616704,-0.0234612120916166,4,"mom20@q0.6,hold_q=0.4,buy_top=10,hold_top=20,rebalance=20d,min_hold=5d,turnover_penalty=0.01,target_vol=0.18",-0.004001715927906879,1000000.0,972130.1321658303,1880362.941926036,0.8803629419260359,-0.006037897896055466,1266330.9936422522,0.2663309936422522,614031.9482837839,0.6140319482837837
2022-07-26,0.0,0.3034866162312523,2792.981279250397,0.0,0.0,0.0,979331.7691876338,297214.0847985207,682117.684389113,-20668.23081236624,-0.0206682308123662,4,"mom20@q0.6,hold_q=0.4,buy_top=10,hold_top=20,rebalance=20d,min_hold=5d,turnover_penalty=0.01,target_vol=0.18",0.002860082276130438,1000000.0,972130.1321658303,1885740.934648931,0.8857409346489311,0.00791427703292924,1276353.0879413215,0.27635308794132163,609387.8467076095,0.6093878467076095
2022-07-27,0.0,0.3034866162312523,3680.913581280597,0.0,0.0,0.0,983012.6827689144,298331.19280594325,684681.4899629711,-16987.317231085734,-0.0169873172310857,4,"mom20@q0.6,hold_q=0.4,buy_top=10,hold_top=20,rebalance=20d,min_hold=5d,turnover_penalty=0.01,target_vol=0.18",0.0037585971343847557,1000000.0,972130.1321658303,1892828.6751220946,0.8928286751220946,-0.004931723653903153,1270058.467226789,0.27005846722678917,622770.2078953055,0.6227702078953055
2022-07-28,0.0,0.3034866162312523,-3957.61495053012,0.0,0.0,0.0,979055.0678183842,297130.1096362606,681924.9581821235,-20944.932181615848,-0.0209449321816158,4,"mom20@q0.6,hold_q=0.4,buy_top=10,hold_top=20,rebalance=20d,min_hold=5d,turnover_penalty=0.01,target_vol=0.18",-0.004026005991481729,1000000.0,972130.1321658303,1885208.1355352046,0.8852081355352046,0.00014911101433368046,1270247.8469331004,0.27024784693310044,614960.2886021042,0.6149602886021042
2022-07-29,0.0,0.3034866162312523,47.62887867516562,0.0,0.0,0.0,979102.6966970592,297144.5643634846,681958.1323335747,-20897.30330294068,-0.0208973033029407,4,"mom20@q0.6,hold_q=0.4,buy_top=10,hold_top=20,rebalance=20d,min_hold=5d,turnover_penalty=0.01,target_vol=0.18",4.8647803622792196e-05,1000000.0,972130.1321658303,1885299.8467703704,0.8852998467703703,-0.013150577304900657,1253543.354425623,0.25354335442562315,631756.4923447473,0.6317564923447472
2022-08-01,0.0,0.3034866162312523,5116.9952676195735,0.0,0.0,0.0,984219.6919646788,298697.50394252583,685522.1880221531,-15780.308035321068,-0.015780308035321,4,"mom20@q0.6,hold_q=0.4,buy_top=10,hold_top=20,rebalance=20d,min_hold=5d,turnover_penalty=0.01,target_vol=0.18",0.005226208940983801,1000000.0,972130.1321658303,1895152.817685997,0.8951528176859971,0.004455528644397022,1259128.55274826,0.2591285527482601,636024.264937737,0.636024264937737
2022-08-02,26233.388273473465,0.2765162716059997,227.84960954522808,229919.4162282945,256889.76085354708,287.3992702853682,984447.541574224,272215.7637877969,712231.7777864272,-15552.458425775869,-0.0155524584257759,4,"mom20@q0.6,hold_q=0.4,buy_top=10,hold_top=20,rebalance=20d,min_hold=5d,turnover_penalty=0.01,target_vol=0.18",0.0002315027949606474,1000000.0,972130.1321658303,1895591.5508601689,0.8955915508601688,-0.019495401892720365,1234581.3355778335,0.23458133557783345,661010.2152823354,0.6610102152823354
2022-08-03,0.0,0.2765162716059997,-11669.925863974488,0.0,0.0,0.0,972777.6157102496,268988.8393979722,703788.7763122774,-27222.384289750364,-0.0272223842897503,4,"mom20@q0.6,hold_q=0.4,buy_top=10,hold_top=20,rebalance=20d,min_hold=5d,turnover_penalty=0.01,target_vol=0.18",-0.011854289203986457,1000000.0,972130.1321658303,1873120.6604036393,0.8731206604036392,-0.009749161192300071,1222545.2031322801,0.2225452031322801,650575.4572713592,0.6505754572713591
2022-08-04,0.0,0.2765162716059997,-2361.218383305277,0.0,0.0,0.0,970416.3973269444,268335.9240941731,702080.4732327713,-29583.602673055604,-0.0295836026730555,4,"mom20@q0.6,hold_q=0.4,buy_top=10,hold_top=20,rebalance=20d,min_hold=5d,turnover_penalty=0.01,target_vol=0.18",-0.002427295144513897,1000000.0,972130.1321658303,1868574.043719553,0.8685740437195528,0.008497705914462417,1232934.0327356348,0.23293403273563484,635640.0109839181,0.635640010983918
2022-08-05,0.0,0.2765162716059997,6079.126234666326,0.0,0.0,0.0,976495.5235616108,270016.90141520527,706478.6221464055,-23504.47643838928,-0.0235044764383892,4,"mom20@q0.6,hold_q=0.4,buy_top=10,hold_top=20,rebalance=20d,min_hold=5d,turnover_penalty=0.01,target_vol=0.18",0.006264451272063987,1000000.0,972130.1321658303,1880279.6347646776,0.8802796347646775,0.013499807389419471,1249578.4047014262,0.24957840470142623,630701.2300632515,0.6307012300632513
2022-08-08,0.0,0.2765162716059997,6268.141901252929,0.0,0.0,0.0,982763.6654628636,271750.14464363706,711013.5208192265,-17236.33453713637,-0.0172363345371363,4,"mom20@q0.6,hold_q=0.4,buy_top=10,hold_top=20,rebalance=20d,min_hold=5d,turnover_penalty=0.01,target_vol=0.18",0.006419017547966588,1000000.0,972130.1321658303,1892349.1827353162,0.8923491827353163,-0.0021265795987885916,1246921.0767589014,0.2469210767589014,645428.1059764149,0.6454281059764149
2022-08-09,0.0,0.2765162716059997,3415.712065656238,0.0,0.0,0.0,986179.3775285198,272694.64460891194,713484.7329196079,-13820.622471480165,-0.0138206224714801,4,"mom20@q0.6,hold_q=0.4,buy_top=10,hold_top=20,rebalance=20d,min_hold=5d,turnover_penalty=0.01,target_vol=0.18",0.0034756189974194385,1000000.0,972130.1321658303,1898926.2675045824,0.8989262675045824,0.0019816444756237672,1249392.0310221994,0.24939203102219953,649534.236482383,0.6495342364823828
2022-08-10,0.0,0.2765162716059997,6260.961737619329,0.0,0.0,0.0,992440.3392661392,274425.90240526624,718014.4368608729,-7559.660733860801,-0.0075596607338608,4,"mom20@q0.6,hold_q=0.4,buy_top=10,hold_top=20,rebalance=20d,min_hold=5d,turnover_penalty=0.01,target_vol=0.18",0.006348704789700621,1000000.0,972130.1321658303,1910981.989794377,0.910981989794377,-0.0111998922115637,1235398.9749447643,0.23539897494476425,675583.0148496127,0.6755830148496127
2022-08-11,0.0,0.2765162716059997,-492.9971639756696,0.0,0.0,0.0,991947.3421021636,274289.5806675714,717657.7614345922,-8052.657897836412,-0.0080526578978363,4,"mom20@q0.6,hold_q=0.4,buy_top=10,hold_top=20,rebalance=20d,min_hold=5d,turnover_penalty=0.01,target_vol=0.18",-0.0004967524439203341,1000000.0,972130.1321658303,1910032.704820659,0.9100327048206591,0.02039058431920271,1260589.481911232,0.260589481911232,649443.222909427,0.6494432229094271
2022-08-12,0.0,0.2765162716059997,-4934.899627247479,0.0,0.0,0.0,987012.442474916,272925.0006218951,714087.441853021,-12987.557525083888,-0.0129875575250838,4,"mom20@q0.6,hold_q=0.4,buy_top=10,hold_top=20,rebalance=20d,min_hold=5d,turnover_penalty=0.01,target_vol=0.18",-0.004974961288559343,1000000.0,972130.1321658303,1900530.366054294,0.900530366054294,-0.0005699242167716001,1259871.0414380832,0.25987104143808315,640659.3246162108,0.6406593246162109
2022-08-15,0.0,0.2765162716059997,6995.271856715104,0.0,0.0,0.0,994007.7143316312,274859.3071145843,719148.407217047,-5992.2856683688005,-0.0059922856683688,4,"mom20@q0.6,hold_q=0.4,buy_top=10,hold_top=20,rebalance=20d,min_hold=5d,turnover_penalty=0.01,target_vol=0.18",0.007087318817556865,1000000.0,972130.1321658303,1914000.0306809687,0.9140000306809686,-0.0013051310499503366,1258226.744622969,0.25822674462296913,655773.2860579996,0.6557732860579994
2022-08-16,0.0,0.2765162716059997,3217.262302362974,0.0,0.0,0.0,997224.976633994,275748.93249121227,721476.0441427819,-2775.0233660058584,-0.0027750233660058,4,"mom20@q0.6,hold_q=0.4,buy_top=10,hold_top=20,rebalance=20d,min_hold=5d,turnover_penalty=0.01,target_vol=0.18",0.003236657277379429,1000000.0,972130.1321658303,1920194.9928091767,0.9201949928091766,-0.0018730528850748884,1255870.0193888748,0.25587001938887477,664324.9734203019,0.6643249734203018
2022-08-17,0.0,0.2765162716059997,5165.959582397467,0.0,0.0,0.0,1002390.9362163916,277177.4043742041,725213.5318421875,2390.936216391623,0.0023909362163916,4,"mom20@q0.6,hold_q=0.4,buy_top=10,hold_top=20,rebalance=20d,min_hold=5d,turnover_penalty=0.01,target_vol=0.18",0.00518033513343652,1000000.0,972130.1321658303,1930142.2463934748,0.9301422463934748,0.009363690328016316,1267629.597342672,0.2676295973426721,662512.6490508027,0.6625126490508026
2022-08-18,0.0,0.2765162716059997,10175.153015748194,0.0,0.0,0.0,1012566.0892321398,279990.9997491393,732575.0894830005,12566.089232139757,0.0125660892321397,4,"mom20@q0.6,hold_q=0.4,buy_top=10,hold_top=20,rebalance=20d,min_hold=5d,turnover_penalty=0.01,target_vol=0.18",0.010150882902189018,1000000.0,972130.1321658303,1949734.894321183,0.949734894321183,-0.008740893914099157,1256549.3815099276,0.25654938150992757,693185.5128112554,0.6931855128112554
2022-08-19,0.0,0.2765162716059997,-10897.854428450044,0.0,0.0,0.0,1001668.2348036898,276977.5656740794,724690.6691296103,1668.2348036897602,0.0016682348036898,4,"mom20@q0.6,hold_q=0.4,buy_top=10,hold_top=20,rebalance=20d,min_hold=5d,turnover_penalty=0.01,target_vol=0.18",-0.010762610504479908,1000000.0,972130.1321658303,1928750.6570666109,0.9287506570666109,-0.0069448099327769075,1247822.8848841928,0.2478228848841928,680927.772182418,0.6809277721824181
2022-08-22,0.0,0.2765162716059997,4560.558549958228,0.0,0.0,0.0,1006228.793353648,278238.63432075473,727990.1590328934,6228.793353648041,0.006228793353648,4,"mom20@q0.6,hold_q=0.4,buy_top=10,hold_top=20,rebalance=20d,min_hold=5d,turnover_penalty=0.01,target_vol=0.18",0.004552963138390931,1000000.0,972130.1321658303,1937532.1877113825,0.9375321877113825,0.007306549877501345,1256940.1650308867,0.2569401650308867,680592.0226804959,0.6805920226804958
2022-08-23,0.0,0.2765162716059997,476.32064352998486,0.0,0.0,0.0,1006705.113997178,278370.3447291925,728334.7692679854,6705.113997177919,0.0067051139971778,4,"mom20@q0.6,hold_q=0.4,buy_top=10,hold_top=20,rebalance=20d,min_hold=5d,turnover_penalty=0.01,target_vol=0.18",0.0004733721064993368,1000000.0,972130.1321658303,1938449.3614044897,0.9384493614044898,-0.004859616396422184,1250831.917995581,0.2508319179955809,687617.4434089088,0.6876174434089088
2022-08-24,0.0,0.2765162716059997,-14269.020564811086,0.0,0.0,0.0,992436.0934323668,274424.72836314165,718011.3650692252,-7563.906567633152,-0.0075639065676331,4,"mom20@q0.6,hold_q=0.4,buy_top=10,hold_top=20,rebalance=20d,min_hold=5d,turnover_penalty=0.01,target_vol=0.18",-0.014173982397045037,1000000.0,972130.1321658303,1910973.8142783793,0.9109738142783794,-0.018903746142828304,1227186.5089504456,0.22718650895044568,683787.3053279337,0.6837873053279337
2022-08-25,0.0,0.2765162716059997,-1901.6078953640172,0.0,0.0,0.0,990534.4855370028,273898.9028378591,716635.5826991438,-9465.51446299709,-0.009465514462997,4,"mom20@q0.6,hold_q=0.4,buy_top=10,hold_top=20,rebalance=20d,min_hold=5d,turnover_penalty=0.01,target_vol=0.18",-0.001916101105097101,1000000.0,972130.1321658303,1907312.195241029,0.907312195241029,0.008284301958152218,1237352.8925495616,0.2373528925495616,669959.3026914673,0.6699593026914674
2022-08-26,0.0,0.2765162716059997,-9400.449160355874,0.0,0.0,0.0,981134.036376647,271299.5256846157,709834.5106920312,-18865.963623353047,-0.018865963623353,4,"mom20@q0.6,hold_q=0.4,buy_top=10,hold_top=20,rebalance=20d,min_hold=5d,turnover_penalty=0.01,target_vol=0.18",-0.009490279538586166,1000000.0,972130.1321658303,1889211.2693408371,0.8892112693408372,-0.0021111499815364976,1234740.6550133016,0.23474065501330155,654470.6143275355,0.6544706143275356
2022-08-29,0.0,0.2765162716059997,8040.1080326027395,0.0,0.0,0.0,989174.1444092498,273522.7463811005,715651.3980281493,-10825.85559075023,-0.0108258555907502,4,"mom20@q0.6,hold_q=0.4,buy_top=10,hold_top=20,rebalance=20d,min_hold=5d,turnover_penalty=0.01,target_vol=0.18",0.008194709116702503,1000000.0,972130.1321658303,1904692.8061530816,0.9046928061530817,-0.00438947791262434,1229320.7881803014,0.22932078818030144,675372.0179727802,0.6753720179727802
2022-08-30,-13058.003613954352,0.2889160802293563,-6768.132571574921,226631.5518962434,214231.7432728869,283.28943987030425,982406.0118376748,283832.8941338956,698573.1177037791,-17593.98816232523,-0.0175939881623252,4,"mom20@q0.6,hold_q=0.4,buy_top=10,hold_top=20,rebalance=20d,min_hold=5d,turnover_penalty=0.01,target_vol=0.18",-0.006842205298054016,1000000.0,972130.1321658303,1891660.5069436557,0.8916605069436556,-0.0033573622332205844,1225193.5129935518,0.22519351299355184,666466.9939501039,0.6664669939501038
2022-08-31,0.0,0.2889160802293563,-9646.032785525338,0.0,0.0,0.0,972759.9790521496,281046.00015173777,691713.9789004116,-27240.020947850546,-0.0272400209478504,4,"mom20@q0.6,hold_q=0.4,buy_top=10,hold_top=20,rebalance=20d,min_hold=5d,turnover_penalty=0.01,target_vol=0.18",-0.0098187843613472,1000000.0,972130.1321658303,1873086.7003410992,0.8730867003410991,0.0007483211843593018,1226110.3512542646,0.2261103512542646,646976.3490868346,0.6469763490868345
2022-09-01,0.0,0.2889160802293563,45.77504449020989,0.0,0.0,0.0,972805.7540966396,281059.2252981642,691746.5287984755,-27194.245903360308,-0.0271942459033602,4,"mom20@q0.6,hold_q=0.4,buy_top=10,hold_top=20,rebalance=20d,min_hold=5d,turnover_penalty=0.01,target_vol=0.18",4.7056874743711674e-05,1000000.0,972130.1321658303,1873174.8419473413,0.8731748419473413,-0.008605387806337239,1215559.1961883572,0.21555919618835717,657615.6457589841,0.6576156457589841
2022-09-02,0.0,0.2889160802293563,6706.905769466018,0.0,0.0,0.0,979512.6598661058,282996.958223546,696515.7016425598,-20487.340133894235,-0.0204873401338941,4,"mom20@q0.6,hold_q=0.4,buy_top=10,hold_top=20,rebalance=20d,min_hold=5d,turnover_penalty=0.01,target_vol=0.18",0.006894393604501614,1000000.0,972130.1321658303,1886089.2465977764,0.8860892465977763,-0.004978064860747589,1209508.0636676534,0.2095080636676534,676581.1829301231,0.6765811829301229
2022-09-05,0.0,0.2889160802293563,15331.278184624634,0.0,0.0,0.0,994843.9380507304,287426.4110215536,707417.5270291768,-5156.061949269613,-0.0051560619492696,4,"mom20@q0.6,hold_q=0.4,buy_top=10,hold_top=20,rebalance=20d,min_hold=5d,turnover_penalty=0.01,target_vol=0.18",0.015651944903622095,1000000.0,972130.1321658303,1915610.211568839,0.9156102115688389,-0.002033000216223768,1207049.1335126928,0.20704913351269272,708561.0780561462,0.7085610780561462
2022-09-06,0.0,0.2889160802293563,7066.116065483849,0.0,0.0,0.0,1001910.0541162142,289467.92557763885,712442.1285385753,1910.05411621416,0.0019100541162142,4,"mom20@q0.6,hold_q=0.4,buy_top=10,hold_top=20,rebalance=20d,min_hold=5d,turnover_penalty=0.01,target_vol=0.18",0.00710273822377494,1000000.0,972130.1321658303,1929216.2894404025,0.9292162894404026,0.009177099339298778,1218126.3433183532,0.21812634331835312,711089.9461220494,0.7110899461220495
2022-09-07,0.0,0.2889160802293563,2670.2483564573604,0.0,0.0,0.0,1004580.3024726716,290239.40326602536,714340.8992066463,4580.30247267161,0.0045803024726716,4,"mom20@q0.6,hold_q=0.4,buy_top=10,hold_top=20,rebalance=20d,min_hold=5d,turnover_penalty=0.01,target_vol=0.18",0.002665157760905812,1000000.0,972130.1321658303,1934357.9552066706,0.9343579552066705,0.0006662915691906246,1218937.9706311151,0.2189379706311152,715419.9845755554,0.7154199845755553
2022-09-08,0.0,0.2889160802293563,252.69671932342797,0.0,0.0,0.0,1004832.999191995,290312.4114116591,714520.5877803359,4832.999191995012,0.004832999191995,4,"mom20@q0.6,hold_q=0.4,buy_top=10,hold_top=20,rebalance=20d,min_hold=5d,turnover_penalty=0.01,target_vol=0.18",0.0002515445691115836,1000000.0,972130.1321658303,1934844.5324450205,0.9348445324450205,-0.004266358896961364,1213737.543775269,0.2137375437752691,721106.9886697514,0.7211069886697514
2022-09-09,0.0,0.2889160802293563,-1643.295046633294,0.0,0.0,0.0,1003189.7041453616,289837.6370481255,713352.0670972362,3189.7041453616694,0.0031897041453616,4,"mom20@q0.6,hold_q=0.4,buy_top=10,hold_top=20,rebalance=20d,min_hold=5d,turnover_penalty=0.01,target_vol=0.18",-0.0016353912022742945,1000000.0,972130.1321658303,1931680.3047188916,0.9316803047188915,0.013896594083731229,1230604.361745299,0.23060436174529908,701075.9429735926,0.7010759429735924
2022-09-13,0.0,0.2889160802293563,-1061.5106561457428,0.0,0.0,0.0,1002128.193489216,289530.9495502302,712597.2439389857,2128.193489215919,0.0021281934892158,4,"mom20@q0.6,hold_q=0.4,buy_top=10,hold_top=20,rebalance=20d,min_hold=5d,turnover_penalty=0.01,target_vol=0.18",-0.0010581355169009266,1000000.0,972130.1321658303,1929636.3251811704,0.9296363251811703,0.004230798355558063,1235810.8006553138,0.23581080065531368,693825.5245258566,0.6938255245258567
2022-09-14,0.0,0.2889160802293563,3246.736612601766,0.0,0.0,0.0,1005374.9301018176,290468.98396588024,714905.9461359375,5374.930101817707,0.0053749301018177,4,"mom20@q0.6,hold_q=0.4,buy_top=10,hold_top=20,rebalance=20d,min_hold=5d,turnover_penalty=0.01,target_vol=0.18",0.003239841602796334,1000000.0,972130.1321658303,1935888.0412257593,0.9358880412257593,-0.01112838138604888,1222058.226744623,0.22205822674462294,713829.8144811364,0.7138298144811364
2022-09-15,0.0,0.2889160802293563,-10530.159175709465,0.0,0.0,0.0,994844.7709261082,287426.65165264305,707418.1192734651,-5155.229073891765,-0.0051552290738917,4,"mom20@q0.6,hold_q=0.4,buy_top=10,hold_top=20,rebalance=20d,min_hold=5d,turnover_penalty=0.01,target_vol=0.18",-0.010473862894754049,1000000.0,972130.1321658303,1915611.8153023666,0.9156118153023667,-0.009406301040990273,1210563.1791742442,0.21056317917424416,705048.6361281225,0.7050486361281225
2022-09-16,0.0,0.2889160802293563,-7388.15504103537,0.0,0.0,0.0,987456.6158850729,285292.0948580604,702164.5210270125,-12543.384114927148,-0.0125433841149271,4,"mom20@q0.6,hold_q=0.4,buy_top=10,hold_top=20,rebalance=20d,min_hold=5d,turnover_penalty=0.01,target_vol=0.18",-0.007426440040648408,1000000.0,972130.1321658303,1901385.639014866,0.901385639014866,-0.02345100220504981,1182174.2593900769,0.1821742593900768,719211.3796247891,0.7192113796247892
2022-09-19,0.0,0.2889160802293563,1874.48137185464,0.0,0.0,0.0,989331.0972569276,285833.66266847955,703497.4345884479,-10668.902743072482,-0.0106689027430725,4,"mom20@q0.6,hold_q=0.4,buy_top=10,hold_top=20,rebalance=20d,min_hold=5d,turnover_penalty=0.01,target_vol=0.18",0.001898292382369382,1000000.0,972130.1321658303,1904995.0248893546,0.9049950248893546,-0.0011900281741712426,1180767.4387146225,0.18076743871462253,724227.5861747321,0.724227586174732
2022-09-20,0.0,0.2889160802293563,3392.929674358764,0.0,0.0,0.0,992724.0269312864,286813.9346104892,705910.0923207972,-7275.973068713676,-0.0072759730687136,4,"mom20@q0.6,hold_q=0.4,buy_top=10,hold_top=20,rebalance=20d,min_hold=5d,turnover_penalty=0.01,target_vol=0.18",0.003429518877720694,1000000.0,972130.1321658303,1911528.2412891765,0.9115282412891765,0.0012321792260692188,1182222.3558234258,0.18222235582342572,729305.8854657507,0.7293058854657508
2022-09-21,0.0,0.2889160802293563,1429.230970444995,0.0,0.0,0.0,994153.2579017312,287226.86242021254,706926.3954815187,-5846.742098268704,-0.0058467420982687,4,"mom20@q0.6,hold_q=0.4,buy_top=10,hold_top=20,rebalance=20d,min_hold=5d,turnover_penalty=0.01,target_vol=0.18",0.0014397062342319522,1000000.0,972130.1321658303,1914280.280415071,0.9142802804150709,-0.007401775815949807,1173471.8109810166,0.17347181098101672,740808.4694340543,0.7408084694340542
2022-09-22,0.0,0.2889160802293563,5742.70058688721,0.0,0.0,0.0,999895.9584886184,288886.0209637068,711009.9375249117,-104.04151138151065,-0.0001040415113815,4,"mom20@q0.6,hold_q=0.4,buy_top=10,hold_top=20,rebalance=20d,min_hold=5d,turnover_penalty=0.01,target_vol=0.18",0.005776474141429455,1000000.0,972130.1321658303,1925338.0709543368,0.9253380709543368,-0.008809523199606484,1163134.0838380952,0.16313408383809525,762203.9871162416,0.7622039871162416
2022-09-23,0.0,0.2889160802293563,-7870.26338599658,0.0,0.0,0.0,992025.695102622,286612.17531585204,705413.5197867699,-7974.304897378082,-0.007974304897378,4,"mom20@q0.6,hold_q=0.4,buy_top=10,hold_top=20,rebalance=20d,min_hold=5d,turnover_penalty=0.01,target_vol=0.18",-0.00787108230529554,1000000.0,972130.1321658303,1910183.5765323362,0.9101835765323363,-0.0034424475491944273,1159130.0557618022,0.15913005576180228,751053.5207705339,0.751053520770534
2022-09-26,0.0,0.2889160802293563,-2989.522847735334,0.0,0.0,0.0,989036.1722548866,285748.45409292827,703287.7181619583,-10963.827745113404,-0.0109638277451133,4,"mom20@q0.6,hold_q=0.4,buy_top=10,hold_top=20,rebalance=20d,min_hold=5d,turnover_penalty=0.01,target_vol=0.18",-0.0030135538449195254,1000000.0,972130.1321658303,1904427.1354707752,0.9044271354707751,-0.005015534151793899,1153316.3993807582,0.15331639938075825,751110.736090017,0.7511107360900169
2022-09-27,0.0,0.2889160802293563,-193.0330725554648,0.0,0.0,0.0,988843.1391823312,285692.6837342509,703150.4554480803,-11156.860817668845,-0.0111568608176688,4,"mom20@q0.6,hold_q=0.4,buy_top=10,hold_top=20,rebalance=20d,min_hold=5d,turnover_penalty=0.01,target_vol=0.18",-0.00019517291477355592,1000000.0,972130.1321658303,1904055.4428757716,0.9040554428757714,0.014496908785721185,1170035.9220236575,0.17003592202365758,734019.5208521141,0.7340195208521139
2022-09-28,1006.9144973116564,0.2874324408508746,-8619.492255510619,158042.8374192242,159526.47679770587,197.55354677403025,980223.6469268204,281748.0754159219,698475.5715108986,-19776.35307317949,-0.0197763530731794,4,"mom20@q0.6,hold_q=0.4,buy_top=10,hold_top=20,rebalance=20d,min_hold=5d,turnover_penalty=0.01,target_vol=0.18",-0.008716743752338885,1000000.0,972130.1321658303,1887458.2794899773,0.8874582794899772,-0.0163373840659764,1150920.5957945683,0.1509205957945683,736537.683695409,0.736537683695409
2022-09-29,0.0,0.2874324408508746,588.3286533318336,0.0,0.0,0.0,980811.9755801524,281917.1801567716,698894.7954233808,-19188.024419847643,-0.0191880244198476,4,"mom20@q0.6,hold_q=0.4,buy_top=10,hold_top=20,rebalance=20d,min_hold=5d,turnover_penalty=0.01,target_vol=0.18",0.0006001983885783879,1000000.0,972130.1321658303,1888591.128907836,0.8885911289078361,-0.00041005978514963015,1150448.6495423324,0.1504486495423325,738142.4793655036,0.7381424793655036
2022-09-30,0.0,0.2874324408508746,-10962.993242877052,0.0,0.0,0.0,969848.9823372752,278766.0602499398,691082.9220873355,-30151.017662724717,-0.0301510176627247,4,"mom20@q0.6,hold_q=0.4,buy_top=10,hold_top=20,rebalance=20d,min_hold=5d,turnover_penalty=0.01,target_vol=0.18",-0.011177466747785747,1000000.0,972130.1321658303,1867481.4643643056,0.8674814643643056,-0.005813740809063717,1143760.2392797559,0.1437602392797559,723721.2250845497,0.7237212250845497
2022-10-10,0.0,0.2874324408508746,-19429.15294712061,0.0,0.0,0.0,950419.8293901548,273181.49139468395,677238.3379954707,-49580.170609845314,-0.0495801706098453,4,"mom20@q0.6,hold_q=0.4,buy_top=10,hold_top=20,rebalance=20d,min_hold=5d,turnover_penalty=0.01,target_vol=0.18",-0.02003317351563061,1000000.0,972130.1321658303,1830069.8841514715,0.8300698841514715,-0.022063712748594533,1118524.6419070235,0.11852464190702361,711545.242244448,0.7115452422444479
2022-10-11,0.0,0.2874324408508746,-1818.5606962463607,0.0,0.0,0.0,948601.2686939084,272658.7780549264,675942.4906389819,-51398.73130609165,-0.0513987313060916,4,"mom20@q0.6,hold_q=0.4,buy_top=10,hold_top=20,rebalance=20d,min_hold=5d,turnover_penalty=0.01,target_vol=0.18",-0.0019134288237792063,1000000.0,972130.1321658303,1826568.1756856057,0.8265681756856058,0.0018140577380985068,1120553.710188929,0.12055371018892891,706014.4654966767,0.7060144654966769
2022-10-12,0.0,0.2874324408508746,10452.914705291678,0.0,0.0,0.0,959054.1833992,275663.2848426744,683390.8985565256,-40945.816600800026,-0.0409458166007999,4,"mom20@q0.6,hold_q=0.4,buy_top=10,hold_top=20,rebalance=20d,min_hold=5d,turnover_penalty=0.01,target_vol=0.18",0.011019292352079324,1000000.0,972130.1321658303,1846695.6644144896,0.8466956644144896,0.015189031276742426,1137573.8355402583,0.13757383554025826,709121.8288742313,0.7091218288742314
2022-10-13,0.0,0.2874324408508746,3963.2461319703457,0.0,0.0,0.0,963017.4295311704,276802.4503520794,686214.9791790908,-36982.57046882971,-0.0369825704688296,4,"mom20@q0.6,hold_q=0.4,buy_top=10,hold_top=20,rebalance=20d,min_hold=5d,turnover_penalty=0.01,target_vol=0.18",0.004132452785851282,1000000.0,972130.1321658303,1854327.0470575187,0.8543270470575188,-0.008360837246420005,1128062.7658455204,0.12806276584552045,726264.2812119983,0.7262642812119984
2022-10-14,0.0,0.2874324408508746,-1694.610310129328,0.0,0.0,0.0,961322.8192210408,276315.36437434785,685007.4548466931,-38677.18077895907,-0.0386771807789591,4,"mom20@q0.6,hold_q=0.4,buy_top=10,hold_top=20,rebalance=20d,min_hold=5d,turnover_penalty=0.01,target_vol=0.18",-0.0017596880992637454,1000000.0,972130.1321658303,1851064.0098206687,0.8510640098206688,0.023929628770981592,1155056.8890625706,0.15505688906257054,696007.1207580981,0.6960071207580982
2022-10-17,0.0,0.2874324408508746,6309.152225370221,0.0,0.0,0.0,967631.9714464112,278128.81939818576,689503.1520482255,-32368.02855358878,-0.0323680285535887,4,"mom20@q0.6,hold_q=0.4,buy_top=10,hold_top=20,rebalance=20d,min_hold=5d,turnover_penalty=0.01,target_vol=0.18",0.00656299018313411,1000000.0,972130.1321658303,1863212.5247454748,0.8632125247454747,0.0010253821109860173,1156241.2637337865,0.15624126373378644,706971.2610116883,0.7069712610116883
2022-10-18,0.0,0.2874324408508746,8266.556837069562,0.0,0.0,0.0,975898.5282834808,280504.89600729715,695393.6322761837,-24101.47171651921,-0.0241014717165192,4,"mom20@q0.6,hold_q=0.4,buy_top=10,hold_top=20,rebalance=20d,min_hold=5d,turnover_penalty=0.01,target_vol=0.18",0.008543079477534077,1000000.0,972130.1321658303,1879130.097427912,0.8791300974279121,-0.002116259057146741,1153794.357687163,0.15379435768716299,725335.7397407491,0.7253357397407492
2022-10-19,0.0,0.2874324408508746,-3768.39611765033,0.0,0.0,0.0,972130.1321658303,279421.736713108,692708.3954527224,-27869.86783416953,-0.0278698678341695,4,"mom20@q0.6,hold_q=0.4,buy_top=10,hold_top=20,rebalance=20d,min_hold=5d,turnover_penalty=0.01,target_vol=0.18",-0.0038614630603847067,1000000.0,972130.1321658303,1871873.9059710372,0.8718739059710372,-0.016085371795105496,1135235.14646867,0.13523514646867008,736638.7595023671,0.7366387595023671
2022-10-20,0.0,0.0,0.0,0.0,0.0,0.0,1000000.0,0.0,1000000.0,0.0,0.0,5,"mom5@q0.6,hold_q=0.4,buy_top=5,hold_top=10,rebalance=20d,min_hold=5d,turnover_penalty=0.01,target_vol=0.18",0.0,1000000.0,996807.6039455336,1871873.9059710372,0.8718739059710372,-0.005719536187982155,1128742.1279665732,0.12874212796657325,743131.778004464,0.743131778004464
2022-10-21,-193577.78778650335,0.193336117639454,-4547.304612897742,193336.11763945408,0.0,241.6701470493176,995452.6953871024,192456.95941987247,802995.7359672298,-4547.304612897686,-0.0045473046128976,5,"mom5@q0.6,hold_q=0.4,buy_top=5,hold_top=10,rebalance=20d,min_hold=5d,turnover_penalty=0.01,target_vol=0.18",-0.00454730461289754,1000000.0,996807.6039455336,1863361.9251236527,0.8633619251236526,-0.0032064512520872945,1125122.8713570712,0.12512287135707112,738239.0537665815,0.7382390537665815
2022-10-24,0.0,0.193336117639454,846.2454073410129,0.0,0.0,0.0,996298.9407944432,192620.569221498,803678.3715729453,-3701.059205556754,-0.0037010592055567,5,"mom5@q0.6,hold_q=0.4,buy_top=5,hold_top=10,rebalance=20d,min_hold=5d,turnover_penalty=0.01,target_vol=0.18",0.0008501111215653001,1000000.0,996807.6039455336,1864945.9898197015,0.8649459898197016,-0.0292608118325679,1092200.8627297734,0.09220086272977346,772745.1270899281,0.7727451270899282
2022-10-25,0.0,0.193336117639454,996.5129425732952,0.0,0.0,0.0,997295.4537370164,192813.23116499253,804482.222572024,-2704.5462629834656,-0.0027045462629834,5,"mom5@q0.6,hold_q=0.4,buy_top=5,hold_top=10,rebalance=20d,min_hold=5d,turnover_penalty=0.01,target_vol=0.18",0.001000214796754273,1000000.0,996807.6039455336,1866811.3363938667,0.8668113363938668,-0.0016293413552707081,1090421.2946958656,0.09042129469586557,776390.0416980011,0.7763900416980012
2022-10-26,0.0,0.193336117639454,-198.3562748935691,0.0,0.0,0.0,997097.097462123,192774.8817328952,804322.2157292278,-2902.902537876973,-0.0029029025378769,5,"mom5@q0.6,hold_q=0.4,buy_top=5,hold_top=10,rebalance=20d,min_hold=5d,turnover_penalty=0.01,target_vol=0.18",-0.00019889419344099046,1000000.0,996807.6039455336,1866440.0384588083,0.8664400384588082,0.008118650842878772,1099274.044459141,0.09927404445914112,767165.9939996672,0.7671659939996671
2022-10-27,0.0,0.193336117639454,-646.0478794119333,0.0,0.0,0.0,996451.0495827112,192649.9773440805,803801.0722386306,-3548.9504172889283,-0.0035489504172889,5,"mom5@q0.6,hold_q=0.4,buy_top=5,hold_top=10,rebalance=20d,min_hold=5d,turnover_penalty=0.01,target_vol=0.18",-0.0006479287534345568,1000000.0,996807.6039455336,1865230.7182913292,0.8652307182913292,-0.007044217780087014,1091530.518689974,0.09153051868997397,773700.1996013552,0.7737001996013553
2022-10-28,0.0,0.193336117639454,2308.121149491777,0.0,0.0,0.0,998759.1707322028,193096.2205261648,805662.9502060381,-1240.8292677971767,-0.0012408292677972,5,"mom5@q0.6,hold_q=0.4,buy_top=5,hold_top=10,rebalance=20d,min_hold=5d,turnover_penalty=0.01,target_vol=0.18",0.0023163417314460144,1000000.0,996807.6039455336,1869551.2300428825,0.8695512300428825,-0.024733279355794613,1064533.3894458394,0.06453338944583953,805017.840597043,0.805017840597043
2022-10-31,0.0,0.193336117639454,-1951.5667866693284,0.0,0.0,0.0,996807.6039455336,192718.912180316,804088.6917652175,-3192.396054466488,-0.0031923960544665,5,"mom5@q0.6,hold_q=0.4,buy_top=5,hold_top=10,rebalance=20d,min_hold=5d,turnover_penalty=0.01,target_vol=0.18",-0.001953991356333118,1000000.0,996807.6039455336,1865898.143099157,0.8658981430991568,-0.009214052347564339,1054724.7230697554,0.0547247230697554,811173.4200294015,0.8111734200294014
