strategy_id,walk_forward_preset,fold,valid_start,valid_end,market_context_label,benchmark_return_bucket,benchmark_trend_bucket,universe_as_of_date,date,symbol,name,industry,target_weight,live_weight,selected,rank,score,low_vol_rank_component,ret,position_ret,held_days
strong_market_effective_participation_v1,baseline_2y_1y_5fold,1,2021-04-01,2022-03-31,risk_context_pressure,weak_down,mostly_below_trend,2021-03-31,2021-05-28,SH.600030,中信证券,证券,0.02,0.0,1.0,8.0,0.6328571428571428,0.6428571428571428,0.010030864197530853,0.0,0
strong_market_effective_participation_v1,baseline_2y_1y_5fold,1,2021-04-01,2022-03-31,risk_context_pressure,weak_down,mostly_below_trend,2021-03-31,2021-05-28,SH.600570,恒生电子,软件服务,0.02,0.0,1.0,12.0,0.5107142857142857,0.4285714285714286,-0.014514093395035843,-0.0,0
strong_market_effective_participation_v1,baseline_2y_1y_5fold,1,2021-04-01,2022-03-31,risk_context_pressure,weak_down,mostly_below_trend,2021-03-31,2021-05-28,SH.600763,通策医疗,医疗保健,0.02,0.0,1.0,4.0,0.7353571428571428,0.7857142857142857,-0.02177858439201441,-0.0,0
strong_market_effective_participation_v1,baseline_2y_1y_5fold,1,2021-04-01,2022-03-31,risk_context_pressure,weak_down,mostly_below_trend,2021-03-31,2021-05-28,SH.601628,中国人寿,保险,0.02,0.0,1.0,9.0,0.5964285714285714,0.5714285714285714,0.006858710562414272,0.0,0
strong_market_effective_participation_v1,baseline_2y_1y_5fold,1,2021-04-01,2022-03-31,risk_context_pressure,weak_down,mostly_below_trend,2021-03-31,2021-05-28,SH.601688,华泰证券,证券,0.02,0.0,1.0,11.0,0.5167857142857143,0.8571428571428572,0.01723113487819372,0.0,0
strong_market_effective_participation_v1,baseline_2y_1y_5fold,1,2021-04-01,2022-03-31,risk_context_pressure,weak_down,mostly_below_trend,2021-03-31,2021-05-28,SH.603259,XD药明康,化学制药,0.02,0.0,1.0,6.0,0.6489285714285713,0.5,-0.029432624113475137,-0.0,0
strong_market_effective_participation_v1,baseline_2y_1y_5fold,1,2021-04-01,2022-03-31,risk_context_pressure,weak_down,mostly_below_trend,2021-03-31,2021-05-28,SH.603288,海天味业,食品,0.02,0.0,1.0,13.0,0.48642857142857143,0.7142857142857143,-0.015795956814723455,-0.0,0
strong_market_effective_participation_v1,baseline_2y_1y_5fold,1,2021-04-01,2022-03-31,risk_context_pressure,weak_down,mostly_below_trend,2021-03-31,2021-05-28,SH.603799,华友钴业,小金属,0.02,0.0,1.0,3.0,0.7828571428571427,0.0,0.0814688569462445,0.0,0
strong_market_effective_participation_v1,baseline_2y_1y_5fold,1,2021-04-01,2022-03-31,risk_context_pressure,weak_down,mostly_below_trend,2021-03-31,2021-05-28,SZ.000776,广发证券,证券,0.02,0.0,1.0,10.0,0.5939285714285714,0.9285714285714286,0.03989703989704019,0.0,0
strong_market_effective_participation_v1,baseline_2y_1y_5fold,1,2021-04-01,2022-03-31,risk_context_pressure,weak_down,mostly_below_trend,2021-03-31,2021-05-28,SZ.002460,赣锋锂业,小金属,0.02,0.0,1.0,2.0,0.8057142857142857,0.2142857142857143,0.02598187311178246,0.0,0
strong_market_effective_participation_v1,baseline_2y_1y_5fold,1,2021-04-01,2022-03-31,risk_context_pressure,weak_down,mostly_below_trend,2021-03-31,2021-05-28,SZ.002812,恩捷股份,电气设备,0.02,0.0,1.0,1.0,0.8417857142857144,0.0714285714285714,0.09995329285380627,0.0,0
strong_market_effective_participation_v1,baseline_2y_1y_5fold,1,2021-04-01,2022-03-31,risk_context_pressure,weak_down,mostly_below_trend,2021-03-31,2021-05-28,SZ.300347,泰格医药,医疗保健,0.02,0.0,1.0,5.0,0.6832142857142857,0.1428571428571429,-0.037211387581259636,-0.0,0
strong_market_effective_participation_v1,baseline_2y_1y_5fold,1,2021-04-01,2022-03-31,risk_context_pressure,weak_down,mostly_below_trend,2021-03-31,2021-05-28,SZ.300450,先导智能,专用机械,0.08,0.0,1.0,14.0,0.46482142857142855,0.2857142857142857,0.0536756126021003,0.0,0
strong_market_effective_participation_v1,baseline_2y_1y_5fold,1,2021-04-01,2022-03-31,risk_context_pressure,weak_down,mostly_below_trend,2021-03-31,2021-05-28,SZ.300750,宁德时代,电气设备,0.08,0.0,1.0,7.0,0.6376785714285713,0.3571428571428571,0.06666666666666687,0.0,0
strong_market_effective_participation_v1,baseline_2y_1y_5fold,1,2021-04-01,2022-03-31,risk_context_pressure,weak_down,mostly_below_trend,2021-03-31,2021-05-31,SH.600030,中信证券,证券,0.0,0.02,0.0,,0.13249999999999998,0.0,-0.002673796791443639,-5.347593582887278e-05,1
strong_market_effective_participation_v1,baseline_2y_1y_5fold,1,2021-04-01,2022-03-31,risk_context_pressure,weak_down,mostly_below_trend,2021-03-31,2021-05-31,SH.600570,恒生电子,软件服务,0.0,0.02,0.0,,0.13249999999999998,0.0,0.0019210245464245101,3.8420490928490204e-05,1
strong_market_effective_participation_v1,baseline_2y_1y_5fold,1,2021-04-01,2022-03-31,risk_context_pressure,weak_down,mostly_below_trend,2021-03-31,2021-05-31,SH.600763,通策医疗,医疗保健,0.0,0.02,0.0,,0.13249999999999998,0.0,0.0018552875695732052,3.71057513914641e-05,1
strong_market_effective_participation_v1,baseline_2y_1y_5fold,1,2021-04-01,2022-03-31,risk_context_pressure,weak_down,mostly_below_trend,2021-03-31,2021-05-31,SH.601628,中国人寿,保险,0.0,0.02,0.0,,0.13249999999999998,0.0,-0.008174386920981047,-0.00016348773841962094,1
strong_market_effective_participation_v1,baseline_2y_1y_5fold,1,2021-04-01,2022-03-31,risk_context_pressure,weak_down,mostly_below_trend,2021-03-31,2021-05-31,SH.601688,华泰证券,证券,0.0,0.02,0.0,14.0,0.5559090909090908,0.9545454545454546,0.0029205607476636697,5.8411214953273395e-05,1
strong_market_effective_participation_v1,baseline_2y_1y_5fold,1,2021-04-01,2022-03-31,risk_context_pressure,weak_down,mostly_below_trend,2021-03-31,2021-05-31,SH.603259,XD药明康,化学制药,0.0,0.02,0.0,,0.13249999999999998,0.0,0.018146388990378792,0.00036292777980757586,1
strong_market_effective_participation_v1,baseline_2y_1y_5fold,1,2021-04-01,2022-03-31,risk_context_pressure,weak_down,mostly_below_trend,2021-03-31,2021-05-31,SH.603288,海天味业,食品,0.0,0.02,0.0,,0.13249999999999998,0.0,0.010527865714495821,0.00021055731428991644,1
strong_market_effective_participation_v1,baseline_2y_1y_5fold,1,2021-04-01,2022-03-31,risk_context_pressure,weak_down,mostly_below_trend,2021-03-31,2021-05-31,SH.603799,华友钴业,小金属,0.0,0.02,0.0,3.0,0.7995454545454544,0.045454545454545414,0.0457814240858907,0.000915628481717814,1
strong_market_effective_participation_v1,baseline_2y_1y_5fold,1,2021-04-01,2022-03-31,risk_context_pressure,weak_down,mostly_below_trend,2021-03-31,2021-05-31,SZ.000776,广发证券,证券,0.0,0.02,0.0,16.0,0.5349999999999999,0.8181818181818181,-0.00990099009901002,-0.00019801980198020042,1
strong_market_effective_participation_v1,baseline_2y_1y_5fold,1,2021-04-01,2022-03-31,risk_context_pressure,weak_down,mostly_below_trend,2021-03-31,2021-05-31,SZ.002460,赣锋锂业,小金属,0.0,0.02,0.0,2.0,0.8452272727272727,0.2272727272727273,0.08615177519771144,0.001723035503954229,1
strong_market_effective_participation_v1,baseline_2y_1y_5fold,1,2021-04-01,2022-03-31,risk_context_pressure,weak_down,mostly_below_trend,2021-03-31,2021-05-31,SZ.002812,恩捷股份,电气设备,0.0,0.02,0.0,1.0,0.8697727272727274,0.18181818181818177,0.07764634516226887,0.0015529269032453774,1
strong_market_effective_participation_v1,baseline_2y_1y_5fold,1,2021-04-01,2022-03-31,risk_context_pressure,weak_down,mostly_below_trend,2021-03-31,2021-05-31,SZ.300347,泰格医药,医疗保健,0.0,0.02,0.0,11.0,0.5927272727272727,0.5,0.018568102444703083,0.0003713620488940617,1
strong_market_effective_participation_v1,baseline_2y_1y_5fold,1,2021-04-01,2022-03-31,risk_context_pressure,weak_down,mostly_below_trend,2021-03-31,2021-05-31,SZ.300450,先导智能,专用机械,0.0,0.08,0.0,13.0,0.5597727272727272,0.4545454545454546,0.06090808416389826,0.004872646733111861,1
strong_market_effective_participation_v1,baseline_2y_1y_5fold,1,2021-04-01,2022-03-31,risk_context_pressure,weak_down,mostly_below_trend,2021-03-31,2021-05-31,SZ.300750,宁德时代,电气设备,0.0,0.08,0.0,10.0,0.6006818181818182,0.6363636363636364,0.05981445312499978,0.004785156249999982,1
strong_market_effective_participation_v1,baseline_2y_1y_5fold,1,2021-04-01,2022-03-31,risk_context_pressure,weak_down,mostly_below_trend,2021-03-31,2021-06-03,SH.600036,招商银行,银行,0.0634644,0.0,1.0,9.0,0.5054545454545455,0.7272727272727273,-0.022577283779089963,-0.0,0
strong_market_effective_participation_v1,baseline_2y_1y_5fold,1,2021-04-01,2022-03-31,risk_context_pressure,weak_down,mostly_below_trend,2021-03-31,2021-06-03,SH.600111,北方稀土,小金属,0.02,0.0,1.0,6.0,0.6170454545454546,0.18181818181818177,0.03702010968921399,0.0,0
strong_market_effective_participation_v1,baseline_2y_1y_5fold,1,2021-04-01,2022-03-31,risk_context_pressure,weak_down,mostly_below_trend,2021-03-31,2021-06-03,SH.600436,片仔癀,中成药,0.02,0.0,1.0,1.0,0.8695454545454545,0.5454545454545454,0.04665763559631109,0.0,0
strong_market_effective_participation_v1,baseline_2y_1y_5fold,1,2021-04-01,2022-03-31,risk_context_pressure,weak_down,mostly_below_trend,2021-03-31,2021-06-03,SH.600763,通策医疗,医疗保健,0.02,0.0,1.0,3.0,0.785681818181818,0.4545454545454546,0.017587249244297887,0.0,0
strong_market_effective_participation_v1,baseline_2y_1y_5fold,1,2021-04-01,2022-03-31,risk_context_pressure,weak_down,mostly_below_trend,2021-03-31,2021-06-03,SH.600809,山西汾酒,白酒,0.02,0.0,1.0,2.0,0.8338636363636364,0.8181818181818181,0.038085808580858194,0.0,0
strong_market_effective_participation_v1,baseline_2y_1y_5fold,1,2021-04-01,2022-03-31,risk_context_pressure,weak_down,mostly_below_trend,2021-03-31,2021-06-03,SH.601088,中国神华,煤炭开采,0.02,0.0,1.0,8.0,0.565,0.9090909090909091,0.014384920634920695,0.0,0
strong_market_effective_participation_v1,baseline_2y_1y_5fold,1,2021-04-01,2022-03-31,risk_context_pressure,weak_down,mostly_below_trend,2021-03-31,2021-06-03,SZ.000063,中兴通讯,通信设备,0.02,0.0,1.0,5.0,0.6263636363636362,0.6363636363636364,0.06636304489264822,0.0,0
strong_market_effective_participation_v1,baseline_2y_1y_5fold,1,2021-04-01,2022-03-31,risk_context_pressure,weak_down,mostly_below_trend,2021-03-31,2021-06-03,SZ.000799,酒鬼酒,白酒,0.07,0.0,1.0,4.0,0.7757954545454544,0.0,0.04746175243393602,0.0,0
strong_market_effective_participation_v1,baseline_2y_1y_5fold,1,2021-04-01,2022-03-31,risk_context_pressure,weak_down,mostly_below_trend,2021-03-31,2021-06-03,SZ.002271,东方雨虹,其他建材,0.02,0.0,1.0,7.0,0.5652272727272727,0.36363636363636365,-0.026192075218267385,-0.0,0
strong_market_effective_participation_v1,baseline_2y_1y_5fold,1,2021-04-01,2022-03-31,risk_context_pressure,weak_down,mostly_below_trend,2021-03-31,2021-06-03,SZ.300274,阳光电源,电气设备,0.07,0.0,1.0,10.0,0.41397727272727275,0.09090909090909094,-0.05631545201966226,-0.0,0
strong_market_effective_participation_v1,baseline_2y_1y_5fold,1,2021-04-01,2022-03-31,risk_context_pressure,weak_down,mostly_below_trend,2021-03-31,2021-06-03,SZ.300450,先导智能,专用机械,0.07,0.0,1.0,11.0,0.37579545454545454,0.2727272727272727,-0.01641320032513305,-0.0,0
strong_market_effective_participation_v1,baseline_2y_1y_5fold,1,2021-04-01,2022-03-31,risk_context_pressure,weak_down,mostly_below_trend,2021-03-31,2021-06-04,SH.600036,招商银行,银行,0.0,0.0634644,0.0,18.0,0.5136904761904761,0.8571428571428572,0.022210376687988642,0.0014095682302771866,1
strong_market_effective_participation_v1,baseline_2y_1y_5fold,1,2021-04-01,2022-03-31,risk_context_pressure,weak_down,mostly_below_trend,2021-03-31,2021-06-04,SH.600111,北方稀土,小金属,0.0,0.02,0.0,,0.13,0.0,-0.008373732921992172,-0.00016747465843984345,1
strong_market_effective_participation_v1,baseline_2y_1y_5fold,1,2021-04-01,2022-03-31,risk_context_pressure,weak_down,mostly_below_trend,2021-03-31,2021-06-04,SH.600436,片仔癀,中成药,0.0,0.02,0.0,,0.13,0.0,0.002065858575802215,4.1317171516044305e-05,1
strong_market_effective_participation_v1,baseline_2y_1y_5fold,1,2021-04-01,2022-03-31,risk_context_pressure,weak_down,mostly_below_trend,2021-03-31,2021-06-04,SH.600763,通策医疗,医疗保健,0.0,0.02,0.0,,0.13,0.0,0.0008101539292466597,1.6203078584933195e-05,1
strong_market_effective_participation_v1,baseline_2y_1y_5fold,1,2021-04-01,2022-03-31,risk_context_pressure,weak_down,mostly_below_trend,2021-03-31,2021-06-04,SH.600809,山西汾酒,白酒,0.0,0.02,0.0,,0.13,0.0,0.015663084716305287,0.00031326169432610573,1
strong_market_effective_participation_v1,baseline_2y_1y_5fold,1,2021-04-01,2022-03-31,risk_context_pressure,weak_down,mostly_below_trend,2021-03-31,2021-06-04,SH.601088,中国神华,煤炭开采,0.0,0.02,0.0,,0.13,0.0,-0.008312958435207851,-0.00016625916870415702,1
strong_market_effective_participation_v1,baseline_2y_1y_5fold,1,2021-04-01,2022-03-31,risk_context_pressure,weak_down,mostly_below_trend,2021-03-31,2021-06-04,SZ.000063,中兴通讯,通信设备,0.0,0.02,0.0,,0.13,0.0,0.006711409395973256,0.0001342281879194651,1
strong_market_effective_participation_v1,baseline_2y_1y_5fold,1,2021-04-01,2022-03-31,risk_context_pressure,weak_down,mostly_below_trend,2021-03-31,2021-06-04,SZ.000799,酒鬼酒,白酒,0.0,0.07,0.0,4.0,0.7423809523809525,0.1428571428571429,0.0489626556016598,0.0034273858921161863,1
strong_market_effective_participation_v1,baseline_2y_1y_5fold,1,2021-04-01,2022-03-31,risk_context_pressure,weak_down,mostly_below_trend,2021-03-31,2021-06-04,SZ.002271,东方雨虹,其他建材,0.0,0.02,0.0,,0.13,0.0,-0.008620689655172376,-0.0001724137931034475,1
strong_market_effective_participation_v1,baseline_2y_1y_5fold,1,2021-04-01,2022-03-31,risk_context_pressure,weak_down,mostly_below_trend,2021-03-31,2021-06-04,SZ.300274,阳光电源,电气设备,0.0,0.07,0.0,21.0,0.43,0.19047619047619047,-0.028422602196806812,-0.001989582153776477,1
strong_market_effective_participation_v1,baseline_2y_1y_5fold,1,2021-04-01,2022-03-31,risk_context_pressure,weak_down,mostly_below_trend,2021-03-31,2021-06-04,SZ.300450,先导智能,专用机械,0.0,0.07,0.0,,0.13,0.0,0.03498385360602807,0.0024488697524219652,1
strong_market_effective_participation_v1,baseline_2y_1y_5fold,1,2021-04-01,2022-03-31,risk_context_pressure,weak_down,mostly_below_trend,2021-03-31,2021-06-07,SH.600436,片仔癀,中成药,0.02,0.0,1.0,3.0,0.8350000000000001,0.5625,0.0391952309985093,0.0,0
strong_market_effective_participation_v1,baseline_2y_1y_5fold,1,2021-04-01,2022-03-31,risk_context_pressure,weak_down,mostly_below_trend,2021-03-31,2021-06-07,SH.600809,山西汾酒,白酒,0.02,0.0,1.0,1.0,0.92125,0.8125,0.04108931552587625,0.0,0
strong_market_effective_participation_v1,baseline_2y_1y_5fold,1,2021-04-01,2022-03-31,risk_context_pressure,weak_down,mostly_below_trend,2021-03-31,2021-06-07,SH.603986,兆易创新,半导体,0.02,0.0,1.0,7.0,0.6574999999999999,0.375,0.008904781938017026,0.0,0
strong_market_effective_participation_v1,baseline_2y_1y_5fold,1,2021-04-01,2022-03-31,risk_context_pressure,weak_down,mostly_below_trend,2021-03-31,2021-06-07,SZ.000063,中兴通讯,通信设备,0.02,0.0,1.0,10.0,0.6,0.75,0.019393939393939297,0.0,0
strong_market_effective_participation_v1,baseline_2y_1y_5fold,1,2021-04-01,2022-03-31,risk_context_pressure,weak_down,mostly_below_trend,2021-03-31,2021-06-07,SZ.000538,云南白药,中成药,0.02,0.0,1.0,9.0,0.62375,0.4375,-0.019363934286687035,-0.0,0
strong_market_effective_participation_v1,baseline_2y_1y_5fold,1,2021-04-01,2022-03-31,risk_context_pressure,weak_down,mostly_below_trend,2021-03-31,2021-06-07,SZ.000568,泸州老窖,白酒,0.02,0.0,1.0,2.0,0.845,0.625,0.012947067238912702,0.0,0
strong_market_effective_participation_v1,baseline_2y_1y_5fold,1,2021-04-01,2022-03-31,risk_context_pressure,weak_down,mostly_below_trend,2021-03-31,2021-06-07,SZ.000799,酒鬼酒,白酒,0.0525,0.0,1.0,5.0,0.7474999999999998,0.0625,0.028125000000000178,0.0,0
strong_market_effective_participation_v1,baseline_2y_1y_5fold,1,2021-04-01,2022-03-31,risk_context_pressure,weak_down,mostly_below_trend,2021-03-31,2021-06-07,SZ.000858,五 粮 液,白酒,0.054770400000000004,0.0,1.0,6.0,0.68875,0.6875,-0.007580082461148163,-0.0,0
strong_market_effective_participation_v1,baseline_2y_1y_5fold,1,2021-04-01,2022-03-31,risk_context_pressure,weak_down,mostly_below_trend,2021-03-31,2021-06-07,SZ.002027,分众传媒,广告包装,0.02,0.0,1.0,15.0,0.3374999999999999,0.5,0.019095477386934734,0.0,0
strong_market_effective_participation_v1,baseline_2y_1y_5fold,1,2021-04-01,2022-03-31,risk_context_pressure,weak_down,mostly_below_trend,2021-03-31,2021-06-07,SZ.002049,紫光国微,半导体,0.02,0.0,1.0,8.0,0.6399999999999999,0.25,0.04373111782477346,0.0,0
strong_market_effective_participation_v1,baseline_2y_1y_5fold,1,2021-04-01,2022-03-31,risk_context_pressure,weak_down,mostly_below_trend,2021-03-31,2021-06-07,SZ.002415,海康威视,IT设备,0.0212112,0.0,1.0,13.0,0.46499999999999997,0.9375,-0.011943717277486776,-0.0,0
strong_market_effective_participation_v1,baseline_2y_1y_5fold,1,2021-04-01,2022-03-31,risk_context_pressure,weak_down,mostly_below_trend,2021-03-31,2021-06-07,SZ.300015,爱尔眼科,医疗保健,0.02,0.0,1.0,4.0,0.7537499999999999,0.875,-0.015373782419903614,-0.0,0
strong_market_effective_participation_v1,baseline_2y_1y_5fold,1,2021-04-01,2022-03-31,risk_context_pressure,weak_down,mostly_below_trend,2021-03-31,2021-06-07,SZ.300124,汇川技术,电器仪表,0.02,0.0,1.0,12.0,0.5175,0.1875,-0.028543307086614234,-0.0,0
strong_market_effective_participation_v1,baseline_2y_1y_5fold,1,2021-04-01,2022-03-31,risk_context_pressure,weak_down,mostly_below_trend,2021-03-31,2021-06-07,SZ.300274,阳光电源,电气设备,0.0525,0.0,1.0,16.0,0.3225,0.0,-0.03473193473193481,-0.0,0
strong_market_effective_participation_v1,baseline_2y_1y_5fold,1,2021-04-01,2022-03-31,risk_context_pressure,weak_down,mostly_below_trend,2021-03-31,2021-06-07,SZ.300450,先导智能,专用机械,0.0525,0.0,1.0,11.0,0.5212499999999999,0.3125,0.021840873634945357,0.0,0
strong_market_effective_participation_v1,baseline_2y_1y_5fold,1,2021-04-01,2022-03-31,risk_context_pressure,weak_down,mostly_below_trend,2021-03-31,2021-06-07,SZ.300750,宁德时代,电气设备,0.0525,0.0,1.0,14.0,0.43374999999999997,0.125,-0.057171282478424734,-0.0,0
strong_market_effective_participation_v1,baseline_2y_1y_5fold,1,2021-04-01,2022-03-31,risk_context_pressure,weak_down,mostly_below_trend,2021-03-31,2021-06-08,SH.600028,中国石化,石油加工,0.019777315499845412,0.0,1.0,23.0,0.35804347826086946,0.9565217391304348,-0.0066225165562914245,-0.0,0
strong_market_effective_participation_v1,baseline_2y_1y_5fold,1,2021-04-01,2022-03-31,risk_context_pressure,weak_down,mostly_below_trend,2021-03-31,2021-06-08,SH.600436,片仔癀,中成药,0.019777315499845412,0.02,1.0,6.0,0.748695652173913,0.08695652173913049,-0.09890530140064047,-0.0019781060280128094,1
strong_market_effective_participation_v1,baseline_2y_1y_5fold,1,2021-04-01,2022-03-31,risk_context_pressure,weak_down,mostly_below_trend,2021-03-31,2021-06-08,SH.600519,贵州茅台,白酒,0.07910926199938165,0.0,1.0,13.0,0.6286956521739131,0.8695652173913043,-0.03522677234698379,-0.0,0
strong_market_effective_participation_v1,baseline_2y_1y_5fold,1,2021-04-01,2022-03-31,risk_context_pressure,weak_down,mostly_below_trend,2021-03-31,2021-06-08,SH.600584,长电科技,半导体,0.019777315499845412,0.0,1.0,19.0,0.46543478260869564,0.4347826086956522,-0.030032467532467466,-0.0,0
strong_market_effective_participation_v1,baseline_2y_1y_5fold,1,2021-04-01,2022-03-31,risk_context_pressure,weak_down,mostly_below_trend,2021-03-31,2021-06-08,SH.600703,三安光电,半导体,0.019777315499845412,0.0,1.0,10.0,0.6596739130434783,0.4782608695652174,0.014991482112436172,0.0,0
strong_market_effective_participation_v1,baseline_2y_1y_5fold,1,2021-04-01,2022-03-31,risk_context_pressure,weak_down,mostly_below_trend,2021-03-31,2021-06-08,SH.600760,中航沈飞,航空,0.019777315499845412,0.0,1.0,12.0,0.6298913043478261,0.34782608695652173,0.020394736842105132,0.0,0
strong_market_effective_participation_v1,baseline_2y_1y_5fold,1,2021-04-01,2022-03-31,risk_context_pressure,weak_down,mostly_below_trend,2021-03-31,2021-06-08,SH.600809,山西汾酒,白酒,0.019777315499845412,0.02,1.0,1.0,0.8031521739130434,0.5652173913043479,-0.07322255407003542,-0.0014644510814007083,1
strong_market_effective_participation_v1,baseline_2y_1y_5fold,1,2021-04-01,2022-03-31,risk_context_pressure,weak_down,mostly_below_trend,2021-03-31,2021-06-08,SH.600893,航发动力,航空,0.019777315499845412,0.0,1.0,9.0,0.7042391304347826,0.04347826086956519,0.059615384615384626,0.0,0
strong_market_effective_participation_v1,baseline_2y_1y_5fold,1,2021-04-01,2022-03-31,risk_context_pressure,weak_down,mostly_below_trend,2021-03-31,2021-06-08,SH.601633,长城汽车,汽车整车,0.019777315499845412,0.0,1.0,5.0,0.7547826086956523,0.3913043478260869,0.04032469232783442,0.0,0
strong_market_effective_participation_v1,baseline_2y_1y_5fold,1,2021-04-01,2022-03-31,risk_context_pressure,weak_down,mostly_below_trend,2021-03-31,2021-06-08,SH.603986,兆易创新,半导体,0.019777315499845412,0.02,1.0,11.0,0.6430434782608697,0.6521739130434783,-0.025714087149906084,-0.0005142817429981217,1
strong_market_effective_participation_v1,baseline_2y_1y_5fold,1,2021-04-01,2022-03-31,risk_context_pressure,weak_down,mostly_below_trend,2021-03-31,2021-06-08,SZ.000001,平安银行,银行,0.02051580046060964,0.0,1.0,20.0,0.4645652173913043,0.9130434782608696,0.009465020576131744,0.0,0
strong_market_effective_participation_v1,baseline_2y_1y_5fold,1,2021-04-01,2022-03-31,risk_context_pressure,weak_down,mostly_below_trend,2021-03-31,2021-06-08,SZ.000063,中兴通讯,通信设备,0.0,0.02,0.0,,0.12625,0.0,-0.012485136741974046,-0.0002497027348394809,1
strong_market_effective_participation_v1,baseline_2y_1y_5fold,1,2021-04-01,2022-03-31,risk_context_pressure,weak_down,mostly_below_trend,2021-03-31,2021-06-08,SZ.000538,云南白药,中成药,0.0,0.02,0.0,,0.12625,0.0,-0.05940675865487888,-0.0011881351730975776,1
strong_market_effective_participation_v1,baseline_2y_1y_5fold,1,2021-04-01,2022-03-31,risk_context_pressure,weak_down,mostly_below_trend,2021-03-31,2021-06-08,SZ.000568,泸州老窖,白酒,0.019777315499845412,0.02,1.0,8.0,0.717717391304348,0.5217391304347826,-0.07485347080008486,-0.0014970694160016972,1
strong_market_effective_participation_v1,baseline_2y_1y_5fold,1,2021-04-01,2022-03-31,risk_context_pressure,weak_down,mostly_below_trend,2021-03-31,2021-06-08,SZ.000768,中航西飞,航空,0.019777315499845412,0.0,1.0,17.0,0.508804347826087,0.6956521739130435,0.016448598130841097,0.0,0
strong_market_effective_participation_v1,baseline_2y_1y_5fold,1,2021-04-01,2022-03-31,risk_context_pressure,weak_down,mostly_below_trend,2021-03-31,2021-06-08,SZ.000799,酒鬼酒,白酒,0.0,0.0525,0.0,,0.12625,0.0,-0.09999615251433203,-0.005249798007002432,1
strong_market_effective_participation_v1,baseline_2y_1y_5fold,1,2021-04-01,2022-03-31,risk_context_pressure,weak_down,mostly_below_trend,2021-03-31,2021-06-08,SZ.000858,五 粮 液,白酒,0.05416057404263666,0.054770400000000004,1.0,14.0,0.6122826086956523,0.782608695652174,-0.04780927423220749,-0.002618533073407697,1
strong_market_effective_participation_v1,baseline_2y_1y_5fold,1,2021-04-01,2022-03-31,risk_context_pressure,weak_down,mostly_below_trend,2021-03-31,2021-06-08,SZ.002027,分众传媒,广告包装,0.0,0.02,0.0,,0.12625,0.0,-0.012820512820512886,-0.0002564102564102577,1
strong_market_effective_participation_v1,baseline_2y_1y_5fold,1,2021-04-01,2022-03-31,risk_context_pressure,weak_down,mostly_below_trend,2021-03-31,2021-06-08,SZ.002049,紫光国微,半导体,0.0,0.02,0.0,,0.12625,0.0,-0.0044865764527101115,-8.973152905420223e-05,1
strong_market_effective_participation_v1,baseline_2y_1y_5fold,1,2021-04-01,2022-03-31,risk_context_pressure,weak_down,mostly_below_trend,2021-03-31,2021-06-08,SZ.002074,国轩高科,电气设备,0.07,0.0,1.0,22.0,0.4105978260869565,0.6086956521739131,-0.032122169562927794,-0.0,0
strong_market_effective_participation_v1,baseline_2y_1y_5fold,1,2021-04-01,2022-03-31,risk_context_pressure,weak_down,mostly_below_trend,2021-03-31,2021-06-08,SZ.002241,歌尔股份,元器件,0.019777315499845412,0.0,1.0,18.0,0.49326086956521736,0.30434782608695654,-0.01601281024819856,-0.0,0
strong_market_effective_participation_v1,baseline_2y_1y_5fold,1,2021-04-01,2022-03-31,risk_context_pressure,weak_down,mostly_below_trend,2021-03-31,2021-06-08,SZ.002304,洋河股份,白酒,0.019777315499845412,0.0,1.0,3.0,0.7711956521739131,0.21739130434782605,-0.05714039472550192,-0.0,0
strong_market_effective_participation_v1,baseline_2y_1y_5fold,1,2021-04-01,2022-03-31,risk_context_pressure,weak_down,mostly_below_trend,2021-03-31,2021-06-08,SZ.002415,海康威视,IT设备,0.0,0.0212112,0.0,,0.12625,0.0,-0.012088094055307419,-0.0002564029806259367,1
strong_market_effective_participation_v1,baseline_2y_1y_5fold,1,2021-04-01,2022-03-31,risk_context_pressure,weak_down,mostly_below_trend,2021-03-31,2021-06-08,SZ.002460,赣锋锂业,小金属,0.019777315499845412,0.0,1.0,15.0,0.6061956521739131,0.17391304347826086,-0.058661417322834586,-0.0,0
strong_market_effective_participation_v1,baseline_2y_1y_5fold,1,2021-04-01,2022-03-31,risk_context_pressure,weak_down,mostly_below_trend,2021-03-31,2021-06-08,SZ.002466,天齐锂业,小金属,0.07,0.0,1.0,21.0,0.4297282608695652,0.13043478260869568,-0.06630118211409963,-0.0,0
strong_market_effective_participation_v1,baseline_2y_1y_5fold,1,2021-04-01,2022-03-31,risk_context_pressure,weak_down,mostly_below_trend,2021-03-31,2021-06-08,SZ.002594,比亚迪,汽车整车,0.019777315499845412,0.0,1.0,2.0,0.7795652173913044,0.26086956521739135,0.06545836616758605,0.0,0
strong_market_effective_participation_v1,baseline_2y_1y_5fold,1,2021-04-01,2022-03-31,risk_context_pressure,weak_down,mostly_below_trend,2021-03-31,2021-06-08,SZ.002812,恩捷股份,电气设备,0.019777315499845412,0.0,1.0,7.0,0.7403260869565217,0.0,-0.029169054441260722,-0.0,0
strong_market_effective_participation_v1,baseline_2y_1y_5fold,1,2021-04-01,2022-03-31,risk_context_pressure,weak_down,mostly_below_trend,2021-03-31,2021-06-08,SZ.300015,爱尔眼科,医疗保健,0.019777315499845412,0.02,1.0,4.0,0.762391304347826,0.8260869565217391,0.0,0.0,1
strong_market_effective_participation_v1,baseline_2y_1y_5fold,1,2021-04-01,2022-03-31,risk_context_pressure,weak_down,mostly_below_trend,2021-03-31,2021-06-08,SZ.300124,汇川技术,电器仪表,0.0,0.02,0.0,,0.12625,0.0,0.022458628841607542,0.00044917257683215085,1
strong_market_effective_participation_v1,baseline_2y_1y_5fold,1,2021-04-01,2022-03-31,risk_context_pressure,weak_down,mostly_below_trend,2021-03-31,2021-06-08,SZ.300274,阳光电源,电气设备,0.0,0.0525,0.0,,0.12625,0.0,0.0063994204298478685,0.0003359695725670131,1
strong_market_effective_participation_v1,baseline_2y_1y_5fold,1,2021-04-01,2022-03-31,risk_context_pressure,weak_down,mostly_below_trend,2021-03-31,2021-06-08,SZ.300450,先导智能,专用机械,0.0,0.0525,0.0,,0.12625,0.0,-0.026123833757421666,-0.0013715012722646375,1
strong_market_effective_participation_v1,baseline_2y_1y_5fold,1,2021-04-01,2022-03-31,risk_context_pressure,weak_down,mostly_below_trend,2021-03-31,2021-06-08,SZ.300750,宁德时代,电气设备,0.0,0.0525,0.0,,0.12625,0.0,0.005128834355828005,0.00026926380368097024,1
strong_market_effective_participation_v1,baseline_2y_1y_5fold,1,2021-04-01,2022-03-31,risk_context_pressure,weak_down,mostly_below_trend,2021-03-31,2021-06-08,SZ.300782,卓胜微,半导体,0.07,0.0,1.0,16.0,0.5914673913043479,0.7391304347826086,0.018863419293218886,0.0,0
strong_market_effective_participation_v1,baseline_2y_1y_5fold,1,2021-04-01,2022-03-31,risk_context_pressure,weak_down,mostly_below_trend,2021-03-31,2021-06-09,SH.600028,中国石化,石油加工,0.02,0.019777315499845412,1.0,14.0,0.4264285714285713,0.9285714285714286,0.02222222222222192,0.00043949589999655876,1
strong_market_effective_participation_v1,baseline_2y_1y_5fold,1,2021-04-01,2022-03-31,risk_context_pressure,weak_down,mostly_below_trend,2021-03-31,2021-06-09,SH.600309,万华化学,化工原料,0.02,0.0,1.0,12.0,0.5003571428571428,0.1428571428571429,0.03367549072573395,0.0,0
strong_market_effective_participation_v1,baseline_2y_1y_5fold,1,2021-04-01,2022-03-31,risk_context_pressure,weak_down,mostly_below_trend,2021-03-31,2021-06-09,SH.600436,片仔癀,中成药,0.02,0.019777315499845412,1.0,5.0,0.7292857142857141,0.0,0.037480106100795885,0.000741255883323121,1
strong_market_effective_participation_v1,baseline_2y_1y_5fold,1,2021-04-01,2022-03-31,risk_context_pressure,weak_down,mostly_below_trend,2021-03-31,2021-06-09,SH.600519,贵州茅台,白酒,0.0,0.07910926199938165,0.0,,0.135,0.0,0.0038795070743953275,0.00030690494157679455,1
strong_market_effective_participation_v1,baseline_2y_1y_5fold,1,2021-04-01,2022-03-31,risk_context_pressure,weak_down,mostly_below_trend,2021-03-31,2021-06-09,SH.600584,长电科技,半导体,0.0,0.019777315499845412,0.0,,0.135,0.0,-0.012273361227336244,-0.0002427341372365988,1
strong_market_effective_participation_v1,baseline_2y_1y_5fold,1,2021-04-01,2022-03-31,risk_context_pressure,weak_down,mostly_below_trend,2021-03-31,2021-06-09,SH.600660,福耀玻璃,汽车配件,0.02,0.0,1.0,10.0,0.6428571428571428,0.6428571428571428,0.045040014889261126,0.0,0
strong_market_effective_participation_v1,baseline_2y_1y_5fold,1,2021-04-01,2022-03-31,risk_context_pressure,weak_down,mostly_below_trend,2021-03-31,2021-06-09,SH.600703,三安光电,半导体,0.02,0.019777315499845412,1.0,8.0,0.6917857142857143,0.3571428571428571,0.00805639476334341,0.00015933386102594504,1
strong_market_effective_participation_v1,baseline_2y_1y_5fold,1,2021-04-01,2022-03-31,risk_context_pressure,weak_down,mostly_below_trend,2021-03-31,2021-06-09,SH.600760,中航沈飞,航空,0.0,0.019777315499845412,0.0,,0.135,0.0,0.022437137330754586,0.0004437463439036928,1
strong_market_effective_participation_v1,baseline_2y_1y_5fold,1,2021-04-01,2022-03-31,risk_context_pressure,weak_down,mostly_below_trend,2021-03-31,2021-06-09,SH.600763,通策医疗,医疗保健,0.02,0.0,1.0,2.0,0.7525000000000001,0.4285714285714286,0.04525714910004641,0.0,0
strong_market_effective_participation_v1,baseline_2y_1y_5fold,1,2021-04-01,2022-03-31,risk_context_pressure,weak_down,mostly_below_trend,2021-03-31,2021-06-09,SH.600809,山西汾酒,白酒,0.02,0.019777315499845412,1.0,4.0,0.7439285714285714,0.5,0.007872653343714786,0.00015569994899956025,1
strong_market_effective_participation_v1,baseline_2y_1y_5fold,1,2021-04-01,2022-03-31,risk_context_pressure,weak_down,mostly_below_trend,2021-03-31,2021-06-09,SH.600887,伊利股份,乳制品,0.0218934,0.0,1.0,13.0,0.4685714285714286,0.7142857142857143,0.05176967776016905,0.0,0
strong_market_effective_participation_v1,baseline_2y_1y_5fold,1,2021-04-01,2022-03-31,risk_context_pressure,weak_down,mostly_below_trend,2021-03-31,2021-06-09,SH.600893,航发动力,航空,0.0,0.019777315499845412,0.0,,0.135,0.0,0.011978221415607893,0.0002368970640634822,1
strong_market_effective_participation_v1,baseline_2y_1y_5fold,1,2021-04-01,2022-03-31,risk_context_pressure,weak_down,mostly_below_trend,2021-03-31,2021-06-09,SH.601633,长城汽车,汽车整车,0.0,0.019777315499845412,0.0,,0.135,0.0,0.009312861817266871,0.0001841834063665506,1
strong_market_effective_participation_v1,baseline_2y_1y_5fold,1,2021-04-01,2022-03-31,risk_context_pressure,weak_down,mostly_below_trend,2021-03-31,2021-06-09,SH.603986,兆易创新,半导体,0.0,0.019777315499845412,0.0,,0.135,0.0,0.003566588201726173,7.053754012356482e-05,1
strong_market_effective_participation_v1,baseline_2y_1y_5fold,1,2021-04-01,2022-03-31,risk_context_pressure,weak_down,mostly_below_trend,2021-03-31,2021-06-09,SZ.000001,平安银行,银行,0.0,0.02051580046060964,0.0,,0.135,0.0,0.004891969017529529,0.00010036266022312041,1
strong_market_effective_participation_v1,baseline_2y_1y_5fold,1,2021-04-01,2022-03-31,risk_context_pressure,weak_down,mostly_below_trend,2021-03-31,2021-06-09,SZ.000568,泸州老窖,白酒,0.0,0.019777315499845412,0.0,,0.135,0.0,0.0006869704602703308,1.358643153184035e-05,1
strong_market_effective_participation_v1,baseline_2y_1y_5fold,1,2021-04-01,2022-03-31,risk_context_pressure,weak_down,mostly_below_trend,2021-03-31,2021-06-09,SZ.000768,中航西飞,航空,0.0,0.019777315499845412,0.0,,0.135,0.0,0.0044133872747333935,8.728495255540524e-05,1
strong_market_effective_participation_v1,baseline_2y_1y_5fold,1,2021-04-01,2022-03-31,risk_context_pressure,weak_down,mostly_below_trend,2021-03-31,2021-06-09,SZ.000858,五 粮 液,白酒,0.0,0.05416057404263666,0.0,,0.135,0.0,-0.004866588353750534,-0.00026357721886833906,1
strong_market_effective_participation_v1,baseline_2y_1y_5fold,1,2021-04-01,2022-03-31,risk_context_pressure,weak_down,mostly_below_trend,2021-03-31,2021-06-09,SZ.002049,紫光国微,半导体,0.02,0.0,1.0,3.0,0.749642857142857,0.2857142857142857,0.04528603619975291,0.0,0
strong_market_effective_participation_v1,baseline_2y_1y_5fold,1,2021-04-01,2022-03-31,risk_context_pressure,weak_down,mostly_below_trend,2021-03-31,2021-06-09,SZ.002074,国轩高科,电气设备,0.0,0.07,0.0,,0.135,0.0,-0.0057127312295973676,-0.00039989118607181576,1
strong_market_effective_participation_v1,baseline_2y_1y_5fold,1,2021-04-01,2022-03-31,risk_context_pressure,weak_down,mostly_below_trend,2021-03-31,2021-06-09,SZ.002129,TCL中环,电气设备,0.02,0.0,1.0,11.0,0.5114285714285713,0.7857142857142857,0.014142807864780949,0.0,0
strong_market_effective_participation_v1,baseline_2y_1y_5fold,1,2021-04-01,2022-03-31,risk_context_pressure,weak_down,mostly_below_trend,2021-03-31,2021-06-09,SZ.002241,歌尔股份,元器件,0.0,0.019777315499845412,0.0,,0.135,0.0,0.021969080553295495,0.0004344894373440434,1
strong_market_effective_participation_v1,baseline_2y_1y_5fold,1,2021-04-01,2022-03-31,risk_context_pressure,weak_down,mostly_below_trend,2021-03-31,2021-06-09,SZ.002304,洋河股份,白酒,0.02,0.019777315499845412,1.0,1.0,0.7675,0.0714285714285714,0.0425045703839122,0.000840626298668017,1
strong_market_effective_participation_v1,baseline_2y_1y_5fold,1,2021-04-01,2022-03-31,risk_context_pressure,weak_down,mostly_below_trend,2021-03-31,2021-06-09,SZ.002460,赣锋锂业,小金属,0.0,0.019777315499845412,0.0,,0.135,0.0,-0.004600585529067391,-9.098723149238902e-05,1
strong_market_effective_participation_v1,baseline_2y_1y_5fold,1,2021-04-01,2022-03-31,risk_context_pressure,weak_down,mostly_below_trend,2021-03-31,2021-06-09,SZ.002466,天齐锂业,小金属,0.0,0.07,0.0,,0.135,0.0,-0.011743119266055091,-0.0008220183486238564,1
strong_market_effective_participation_v1,baseline_2y_1y_5fold,1,2021-04-01,2022-03-31,risk_context_pressure,weak_down,mostly_below_trend,2021-03-31,2021-06-09,SZ.002594,比亚迪,汽车整车,0.02,0.019777315499845412,1.0,6.0,0.725,0.2142857142857143,-0.003993885903062044,-7.898834157524306e-05,1
strong_market_effective_participation_v1,baseline_2y_1y_5fold,1,2021-04-01,2022-03-31,risk_context_pressure,weak_down,mostly_below_trend,2021-03-31,2021-06-09,SZ.002812,恩捷股份,电气设备,0.0,0.019777315499845412,0.0,,0.135,0.0,0.003482675166755156,6.887796555639345e-05,1
strong_market_effective_participation_v1,baseline_2y_1y_5fold,1,2021-04-01,2022-03-31,risk_context_pressure,weak_down,mostly_below_trend,2021-03-31,2021-06-09,SZ.300015,爱尔眼科,医疗保健,0.02,0.019777315499845412,1.0,7.0,0.7085714285714285,0.8571428571428572,0.023361144219308683,0.00046202071966265764,1
strong_market_effective_participation_v1,baseline_2y_1y_5fold,1,2021-04-01,2022-03-31,risk_context_pressure,weak_down,mostly_below_trend,2021-03-31,2021-06-09,SZ.300782,卓胜微,半导体,0.08,0.07,1.0,9.0,0.6521428571428574,0.5714285714285714,0.06163580970236704,0.004314506679165693,1
strong_market_effective_participation_v1,baseline_2y_1y_5fold,1,2021-04-01,2022-03-31,risk_context_pressure,weak_down,mostly_below_trend,2021-03-31,2021-06-10,SH.600028,中国石化,石油加工,0.0,0.02,0.0,,0.1273109243697479,0.0,-0.004347826086956275,-8.69565217391255e-05,1
strong_market_effective_participation_v1,baseline_2y_1y_5fold,1,2021-04-01,2022-03-31,risk_context_pressure,weak_down,mostly_below_trend,2021-03-31,2021-06-10,SH.600309,万华化学,化工原料,0.0,0.02,0.0,,0.1273109243697479,0.0,-0.0055749128919861946,-0.00011149825783972389,1
strong_market_effective_participation_v1,baseline_2y_1y_5fold,1,2021-04-01,2022-03-31,risk_context_pressure,weak_down,mostly_below_trend,2021-03-31,2021-06-10,SH.600436,片仔癀,中成药,0.02,0.02,1.0,7.0,0.7137449762513701,0.13043478260869568,0.04026794160509284,0.0008053588321018568,1
strong_market_effective_participation_v1,baseline_2y_1y_5fold,1,2021-04-01,2022-03-31,risk_context_pressure,weak_down,mostly_below_trend,2021-03-31,2021-06-10,SH.600588,用友网络,软件服务,0.02,0.0,1.0,21.0,0.4595761782974059,0.17391304347826086,0.03976435935198808,0.0,0
strong_market_effective_participation_v1,baseline_2y_1y_5fold,1,2021-04-01,2022-03-31,risk_context_pressure,weak_down,mostly_below_trend,2021-03-31,2021-06-10,SH.600660,福耀玻璃,汽车配件,0.02,0.02,1.0,17.0,0.5473145780051151,0.782608695652174,0.0010685663401603929,2.1371326803207857e-05,1
strong_market_effective_participation_v1,baseline_2y_1y_5fold,1,2021-04-01,2022-03-31,risk_context_pressure,weak_down,mostly_below_trend,2021-03-31,2021-06-10,SH.600703,三安光电,半导体,0.0,0.02,0.0,,0.1273109243697479,0.0,-0.013986013986013957,-0.0002797202797202791,1
strong_market_effective_participation_v1,baseline_2y_1y_5fold,1,2021-04-01,2022-03-31,risk_context_pressure,weak_down,mostly_below_trend,2021-03-31,2021-06-10,SH.600763,通策医疗,医疗保健,0.0,0.02,0.0,,0.1273109243697479,0.0,0.010138489678599427,0.00020276979357198855,1
strong_market_effective_participation_v1,baseline_2y_1y_5fold,1,2021-04-01,2022-03-31,risk_context_pressure,weak_down,mostly_below_trend,2021-03-31,2021-06-10,SH.600809,山西汾酒,白酒,0.02,0.02,1.0,5.0,0.7482645232005845,0.5652173913043479,0.045729613733905605,0.0009145922746781122,1
strong_market_effective_participation_v1,baseline_2y_1y_5fold,1,2021-04-01,2022-03-31,risk_context_pressure,weak_down,mostly_below_trend,2021-03-31,2021-06-10,SH.600887,伊利股份,乳制品,0.0,0.0218934,0.0,,0.1273109243697479,0.0,-0.01029633350075354,-0.00022542174786539758,1
strong_market_effective_participation_v1,baseline_2y_1y_5fold,1,2021-04-01,2022-03-31,risk_context_pressure,weak_down,mostly_below_trend,2021-03-31,2021-06-10,SH.601012,隆基绿能,电气设备,0.023860799999999998,0.0,1.0,14.0,0.5608695652173914,0.6521739130434783,0.06723640856672164,0.0,0
strong_market_effective_participation_v1,baseline_2y_1y_5fold,1,2021-04-01,2022-03-31,risk_context_pressure,weak_down,mostly_below_trend,2021-03-31,2021-06-10,SH.601633,长城汽车,汽车整车,0.02,0.0,1.0,4.0,0.7928827183047132,0.5217391304347826,0.058852867830424094,0.0,0
strong_market_effective_participation_v1,baseline_2y_1y_5fold,1,2021-04-01,2022-03-31,risk_context_pressure,weak_down,mostly_below_trend,2021-03-31,2021-06-10,SH.603259,XD药明康,化学制药,0.020131200000000002,0.0,1.0,11.0,0.6185239313116551,0.8260869565217391,0.02694179749091652,0.0,0
strong_market_effective_participation_v1,baseline_2y_1y_5fold,1,2021-04-01,2022-03-31,risk_context_pressure,weak_down,mostly_below_trend,2021-03-31,2021-06-10,SH.603501,豪威集团,半导体,0.02,0.0,1.0,20.0,0.49191815856777493,0.6086956521739131,0.012030662218752264,0.0,0
strong_market_effective_participation_v1,baseline_2y_1y_5fold,1,2021-04-01,2022-03-31,risk_context_pressure,weak_down,mostly_below_trend,2021-03-31,2021-06-10,SH.603799,华友钴业,小金属,0.02,0.0,1.0,8.0,0.7028790646693459,0.0,0.04166666666666674,0.0,0
strong_market_effective_participation_v1,baseline_2y_1y_5fold,1,2021-04-01,2022-03-31,risk_context_pressure,weak_down,mostly_below_trend,2021-03-31,2021-06-10,SZ.002049,紫光国微,半导体,0.0,0.02,0.0,,0.1273109243697479,0.0,-0.010361613351877685,-0.0002072322670375537,1
strong_market_effective_participation_v1,baseline_2y_1y_5fold,1,2021-04-01,2022-03-31,risk_context_pressure,weak_down,mostly_below_trend,2021-03-31,2021-06-10,SZ.002129,TCL中环,电气设备,0.02,0.02,1.0,16.0,0.5570551698940446,0.8695652173913043,0.022789115646258518,0.0004557823129251704,1
strong_market_effective_participation_v1,baseline_2y_1y_5fold,1,2021-04-01,2022-03-31,risk_context_pressure,weak_down,mostly_below_trend,2021-03-31,2021-06-10,SZ.002230,科大讯飞,软件服务,0.02,0.0,1.0,12.0,0.5765290464011692,0.4782608695652174,0.037869822485207205,0.0,0
strong_market_effective_participation_v1,baseline_2y_1y_5fold,1,2021-04-01,2022-03-31,risk_context_pressure,weak_down,mostly_below_trend,2021-03-31,2021-06-10,SZ.002271,东方雨虹,其他建材,0.02,0.0,1.0,19.0,0.5312239678480087,0.30434782608695654,0.03301071552022128,0.0,0
strong_market_effective_participation_v1,baseline_2y_1y_5fold,1,2021-04-01,2022-03-31,risk_context_pressure,weak_down,mostly_below_trend,2021-03-31,2021-06-10,SZ.002304,洋河股份,白酒,0.02,0.02,1.0,6.0,0.7413956887102667,0.21739130434782605,0.029153879877246824,0.0005830775975449365,1
strong_market_effective_participation_v1,baseline_2y_1y_5fold,1,2021-04-01,2022-03-31,risk_context_pressure,weak_down,mostly_below_trend,2021-03-31,2021-06-10,SZ.002371,北方华创,半导体,0.02,0.0,1.0,2.0,0.80583850931677,0.4347826086956522,0.051419093254699844,0.0,0
strong_market_effective_participation_v1,baseline_2y_1y_5fold,1,2021-04-01,2022-03-31,risk_context_pressure,weak_down,mostly_below_trend,2021-03-31,2021-06-10,SZ.002415,海康威视,IT设备,0.0212112,0.0,1.0,22.0,0.39582754841066853,0.9565217391304348,0.02717119519919975,0.0,0
strong_market_effective_participation_v1,baseline_2y_1y_5fold,1,2021-04-01,2022-03-31,risk_context_pressure,weak_down,mostly_below_trend,2021-03-31,2021-06-10,SZ.002594,比亚迪,汽车整车,0.02,0.02,1.0,3.0,0.7977420533430762,0.34782608695652173,0.059950495049505115,0.0011990099009901024,1
strong_market_effective_participation_v1,baseline_2y_1y_5fold,1,2021-04-01,2022-03-31,risk_context_pressure,weak_down,mostly_below_trend,2021-03-31,2021-06-10,SZ.002812,恩捷股份,电气设备,0.02,0.0,1.0,1.0,0.8175739861161857,0.04347826086956519,0.055882352941176494,0.0,0
strong_market_effective_participation_v1,baseline_2y_1y_5fold,1,2021-04-01,2022-03-31,risk_context_pressure,weak_down,mostly_below_trend,2021-03-31,2021-06-10,SZ.300015,爱尔眼科,医疗保健,0.0,0.02,0.0,,0.1273109243697479,0.0,0.01339389704169558,0.0002678779408339116,1
strong_market_effective_participation_v1,baseline_2y_1y_5fold,1,2021-04-01,2022-03-31,risk_context_pressure,weak_down,mostly_below_trend,2021-03-31,2021-06-10,SZ.300059,东方财富,证券,0.023178600000000004,0.0,1.0,9.0,0.6392181220314213,0.08695652173913049,0.02927631578947376,0.0,0
strong_market_effective_participation_v1,baseline_2y_1y_5fold,1,2021-04-01,2022-03-31,risk_context_pressure,weak_down,mostly_below_trend,2021-03-31,2021-06-10,SZ.300124,汇川技术,电器仪表,0.02,0.0,1.0,15.0,0.5592254293021556,0.3913043478260869,0.03125,0.0,0
strong_market_effective_participation_v1,baseline_2y_1y_5fold,1,2021-04-01,2022-03-31,risk_context_pressure,weak_down,mostly_below_trend,2021-03-31,2021-06-10,SZ.300450,先导智能,专用机械,0.0525,0.0,1.0,13.0,0.5664413591523565,0.6956521739130435,0.019696705595258823,0.0,0
strong_market_effective_participation_v1,baseline_2y_1y_5fold,1,2021-04-01,2022-03-31,risk_context_pressure,weak_down,mostly_below_trend,2021-03-31,2021-06-10,SZ.300750,宁德时代,电气设备,0.0525,0.0,1.0,18.0,0.5412239678480087,0.26086956521739135,0.06170457043750144,0.0,0
strong_market_effective_participation_v1,baseline_2y_1y_5fold,1,2021-04-01,2022-03-31,risk_context_pressure,weak_down,mostly_below_trend,2021-03-31,2021-06-10,SZ.300760,迈瑞医疗,医疗保健,0.0525,0.0,1.0,23.0,0.3664413591523565,0.9130434782608696,0.014843733689638539,0.0,0
strong_market_effective_participation_v1,baseline_2y_1y_5fold,1,2021-04-01,2022-03-31,risk_context_pressure,weak_down,mostly_below_trend,2021-03-31,2021-06-10,SZ.300782,卓胜微,半导体,0.0525,0.08,1.0,10.0,0.6264413591523565,0.7391304347826086,0.02207505518763786,0.0017660044150110289,1
strong_market_effective_participation_v1,baseline_2y_1y_5fold,1,2021-04-01,2022-03-31,risk_context_pressure,weak_down,mostly_below_trend,2021-03-31,2021-06-11,SH.600436,片仔癀,中成药,0.0,0.02,0.0,,0.12478991596638656,0.0,-0.0061197404640188635,-0.00012239480928037728,1
strong_market_effective_participation_v1,baseline_2y_1y_5fold,1,2021-04-01,2022-03-31,risk_context_pressure,weak_down,mostly_below_trend,2021-03-31,2021-06-11,SH.600519,贵州茅台,白酒,0.07919559898742769,0.0,1.0,17.0,0.5791999999999999,0.88,-0.026656481183660263,-0.0,0
strong_market_effective_participation_v1,baseline_2y_1y_5fold,1,2021-04-01,2022-03-31,risk_context_pressure,weak_down,mostly_below_trend,2021-03-31,2021-06-11,SH.600570,恒生电子,软件服务,0.019798899746856922,0.0,1.0,25.0,0.38346890756302526,0.6799999999999999,-0.013039568345323604,-0.0,0
strong_market_effective_participation_v1,baseline_2y_1y_5fold,1,2021-04-01,2022-03-31,risk_context_pressure,weak_down,mostly_below_trend,2021-03-31,2021-06-11,SH.600588,用友网络,软件服务,0.0,0.02,0.0,,0.12478991596638656,0.0,0.009065155807365555,0.0001813031161473111,1
strong_market_effective_participation_v1,baseline_2y_1y_5fold,1,2021-04-01,2022-03-31,risk_context_pressure,weak_down,mostly_below_trend,2021-03-31,2021-06-11,SH.600660,福耀玻璃,汽车配件,0.019798899746856922,0.02,1.0,11.0,0.6264268907563025,0.72,0.03166696317381268,0.0006333392634762536,1
strong_market_effective_participation_v1,baseline_2y_1y_5fold,1,2021-04-01,2022-03-31,risk_context_pressure,weak_down,mostly_below_trend,2021-03-31,2021-06-11,SH.600703,三安光电,半导体,0.019798899746856922,0.0,1.0,16.0,0.5967058823529411,0.12,-0.06720702465383321,-0.0,0
strong_market_effective_participation_v1,baseline_2y_1y_5fold,1,2021-04-01,2022-03-31,risk_context_pressure,weak_down,mostly_below_trend,2021-03-31,2021-06-11,SH.600760,中航沈飞,航空,0.019798899746856922,0.0,1.0,18.0,0.5511798319327731,0.56,-0.0509986182640374,-0.0,0
strong_market_effective_participation_v1,baseline_2y_1y_5fold,1,2021-04-01,2022-03-31,risk_context_pressure,weak_down,mostly_below_trend,2021-03-31,2021-06-11,SH.600809,山西汾酒,白酒,0.019798899746856922,0.02,1.0,7.0,0.7167529411764706,0.52,-0.03500851613962375,-0.0007001703227924749,1
strong_market_effective_participation_v1,baseline_2y_1y_5fold,1,2021-04-01,2022-03-31,risk_context_pressure,weak_down,mostly_below_trend,2021-03-31,2021-06-11,SH.600893,航发动力,航空,0.019798899746856922,0.0,1.0,12.0,0.6125848739495798,0.0,-0.07269155206286837,-0.0,0
strong_market_effective_participation_v1,baseline_2y_1y_5fold,1,2021-04-01,2022-03-31,risk_context_pressure,weak_down,mostly_below_trend,2021-03-31,2021-06-11,SH.601012,隆基绿能,电气设备,0.02362087935399018,0.023860799999999998,1.0,4.0,0.7917579831932773,0.36,0.05643994211287984,0.0013467021707670032,1
strong_market_effective_participation_v1,baseline_2y_1y_5fold,1,2021-04-01,2022-03-31,risk_context_pressure,weak_down,mostly_below_trend,2021-03-31,2021-06-11,SH.601633,长城汽车,汽车整车,0.019798899746856922,0.02,1.0,2.0,0.8499428571428571,0.4,0.04333490343853019,0.0008666980687706039,1
strong_market_effective_participation_v1,baseline_2y_1y_5fold,1,2021-04-01,2022-03-31,risk_context_pressure,weak_down,mostly_below_trend,2021-03-31,2021-06-11,SH.601888,中国中免,旅游服务,0.028865013929940172,0.0,1.0,24.0,0.39107899159663867,0.76,-0.007847891277994123,-0.0,0
strong_market_effective_participation_v1,baseline_2y_1y_5fold,1,2021-04-01,2022-03-31,risk_context_pressure,weak_down,mostly_below_trend,2021-03-31,2021-06-11,SH.603259,XD药明康,化学制药,0.0,0.020131200000000002,0.0,,0.12478991596638656,0.0,-0.025233644859813054,-0.0005079835514018685,1
strong_market_effective_participation_v1,baseline_2y_1y_5fold,1,2021-04-01,2022-03-31,risk_context_pressure,weak_down,mostly_below_trend,2021-03-31,2021-06-11,SH.603501,豪威集团,半导体,0.0,0.02,0.0,,0.12478991596638656,0.0,0.01507872497106999,0.0003015744994213998,1
strong_market_effective_participation_v1,baseline_2y_1y_5fold,1,2021-04-01,2022-03-31,risk_context_pressure,weak_down,mostly_below_trend,2021-03-31,2021-06-11,SH.603799,华友钴业,小金属,0.0,0.02,0.0,,0.12478991596638656,0.0,-0.019100000000000117,-0.00038200000000000235,1
strong_market_effective_participation_v1,baseline_2y_1y_5fold,1,2021-04-01,2022-03-31,risk_context_pressure,weak_down,mostly_below_trend,2021-03-31,2021-06-11,SZ.000001,平安银行,银行,0.020538190663404562,0.0,1.0,22.0,0.4227159663865546,0.92,-0.03429752066115721,-0.0,0
strong_market_effective_participation_v1,baseline_2y_1y_5fold,1,2021-04-01,2022-03-31,risk_context_pressure,weak_down,mostly_below_trend,2021-03-31,2021-06-11,SZ.000568,泸州老窖,白酒,0.019798899746856922,0.0,1.0,10.0,0.6297949579831934,0.43999999999999995,-0.03171984552510243,-0.0,0
strong_market_effective_participation_v1,baseline_2y_1y_5fold,1,2021-04-01,2022-03-31,risk_context_pressure,weak_down,mostly_below_trend,2021-03-31,2021-06-11,SZ.000768,中航西飞,航空,0.019798899746856922,0.0,1.0,23.0,0.4185008403361345,0.64,-0.04934210526315774,-0.0,0
strong_market_effective_participation_v1,baseline_2y_1y_5fold,1,2021-04-01,2022-03-31,risk_context_pressure,weak_down,mostly_below_trend,2021-03-31,2021-06-11,SZ.000963,华东医药,化学制药,0.019798899746856922,0.0,1.0,20.0,0.4962218487394958,0.48,0.04086956521739138,0.0,0
strong_market_effective_participation_v1,baseline_2y_1y_5fold,1,2021-04-01,2022-03-31,risk_context_pressure,weak_down,mostly_below_trend,2021-03-31,2021-06-11,SZ.002129,TCL中环,电气设备,0.019798899746856922,0.02,1.0,13.0,0.6052638655462185,0.84,-0.014965081476554731,-0.00029930162953109465,1
strong_market_effective_participation_v1,baseline_2y_1y_5fold,1,2021-04-01,2022-03-31,risk_context_pressure,weak_down,mostly_below_trend,2021-03-31,2021-06-11,SZ.002230,科大讯飞,软件服务,0.019798899746856922,0.02,1.0,15.0,0.5981109243697479,0.19999999999999996,-0.060107509366346235,-0.0012021501873269247,1
strong_market_effective_participation_v1,baseline_2y_1y_5fold,1,2021-04-01,2022-03-31,risk_context_pressure,weak_down,mostly_below_trend,2021-03-31,2021-06-11,SZ.002271,东方雨虹,其他建材,0.0,0.02,0.0,,0.12478991596638656,0.0,-0.02141542579889577,-0.0004283085159779154,1
strong_market_effective_participation_v1,baseline_2y_1y_5fold,1,2021-04-01,2022-03-31,risk_context_pressure,weak_down,mostly_below_trend,2021-03-31,2021-06-11,SZ.002304,洋河股份,白酒,0.0,0.02,0.0,,0.12478991596638656,0.0,-0.09997870074547388,-0.001999574014909478,1
strong_market_effective_participation_v1,baseline_2y_1y_5fold,1,2021-04-01,2022-03-31,risk_context_pressure,weak_down,mostly_below_trend,2021-03-31,2021-06-11,SZ.002371,北方华创,半导体,0.0,0.02,0.0,,0.12478991596638656,0.0,-0.03996494303242759,-0.0007992988606485518,1
strong_market_effective_participation_v1,baseline_2y_1y_5fold,1,2021-04-01,2022-03-31,risk_context_pressure,weak_down,mostly_below_trend,2021-03-31,2021-06-11,SZ.002415,海康威视,IT设备,0.020997921115526577,0.0212112,1.0,19.0,0.504436974789916,0.96,0.006166828951639003,0.00013080584225900522,1
strong_market_effective_participation_v1,baseline_2y_1y_5fold,1,2021-04-01,2022-03-31,risk_context_pressure,weak_down,mostly_below_trend,2021-03-31,2021-06-11,SZ.002594,比亚迪,汽车整车,0.019798899746856922,0.02,1.0,3.0,0.8408739495798319,0.24,0.060296109476437376,0.0012059221895287476,1
strong_market_effective_participation_v1,baseline_2y_1y_5fold,1,2021-04-01,2022-03-31,risk_context_pressure,weak_down,mostly_below_trend,2021-03-31,2021-06-11,SZ.002812,恩捷股份,电气设备,0.019798899746856922,0.02,1.0,1.0,0.8865478991596639,0.040000000000000036,0.0652367688022284,0.0013047353760445679,1
strong_market_effective_participation_v1,baseline_2y_1y_5fold,1,2021-04-01,2022-03-31,risk_context_pressure,weak_down,mostly_below_trend,2021-03-31,2021-06-11,SZ.300014,亿纬锂能,电气设备,0.019798899746856922,0.0,1.0,5.0,0.7406319327731095,0.07999999999999996,0.05602485678221192,0.0,0
strong_market_effective_participation_v1,baseline_2y_1y_5fold,1,2021-04-01,2022-03-31,risk_context_pressure,weak_down,mostly_below_trend,2021-03-31,2021-06-11,SZ.300059,东方财富,证券,0.0,0.023178600000000004,0.0,,0.12478991596638656,0.0,0.0025567273889424147,5.926136145734066e-05,1
strong_market_effective_participation_v1,baseline_2y_1y_5fold,1,2021-04-01,2022-03-31,risk_context_pressure,weak_down,mostly_below_trend,2021-03-31,2021-06-11,SZ.300124,汇川技术,电器仪表,0.019798899746856922,0.02,1.0,14.0,0.6035899159663866,0.31999999999999995,-0.02711323763955331,-0.0005422647527910662,1
strong_market_effective_participation_v1,baseline_2y_1y_5fold,1,2021-04-01,2022-03-31,risk_context_pressure,weak_down,mostly_below_trend,2021-03-31,2021-06-11,SZ.300450,先导智能,专用机械,0.0525,0.0525,1.0,6.0,0.7327899159663867,0.28,0.08444444444444432,0.0044333333333333265,1
strong_market_effective_participation_v1,baseline_2y_1y_5fold,1,2021-04-01,2022-03-31,risk_context_pressure,weak_down,mostly_below_trend,2021-03-31,2021-06-11,SZ.300750,宁德时代,电气设备,0.0525,0.0525,1.0,9.0,0.6535899159663866,0.16000000000000003,0.039919011573062324,0.002095748107585772,1
strong_market_effective_participation_v1,baseline_2y_1y_5fold,1,2021-04-01,2022-03-31,risk_context_pressure,weak_down,mostly_below_trend,2021-03-31,2021-06-11,SZ.300760,迈瑞医疗,医疗保健,0.0525,0.0525,1.0,21.0,0.44638991596638666,0.8,-0.03312075704587536,-0.0017388397449084564,1
strong_market_effective_participation_v1,baseline_2y_1y_5fold,1,2021-04-01,2022-03-31,risk_context_pressure,weak_down,mostly_below_trend,2021-03-31,2021-06-11,SZ.300782,卓胜微,半导体,0.0525,0.0525,1.0,8.0,0.6711899159663867,0.6,0.030237580993520474,0.0015874730021598249,1
strong_market_effective_participation_v1,baseline_2y_1y_5fold,1,2021-04-01,2022-03-31,risk_context_pressure,weak_down,mostly_below_trend,2021-03-31,2021-06-15,SH.600519,贵州茅台,白酒,0.0,0.07919559898742769,0.0,,0.13739495798319326,0.0,0.006512729425695696,0.0005157795079110166,1
strong_market_effective_participation_v1,baseline_2y_1y_5fold,1,2021-04-01,2022-03-31,risk_context_pressure,weak_down,mostly_below_trend,2021-03-31,2021-06-15,SH.600570,恒生电子,软件服务,0.0,0.019798899746856922,0.0,11.0,0.47906162464985996,0.5833333333333333,0.03189066059225509,0.0006313999919270994,1
strong_market_effective_participation_v1,baseline_2y_1y_5fold,1,2021-04-01,2022-03-31,risk_context_pressure,weak_down,mostly_below_trend,2021-03-31,2021-06-15,SH.600660,福耀玻璃,汽车配件,0.0,0.019798899746856922,0.0,,0.13739495798319326,0.0,-0.005690636316606601,-0.00011266833792831723,1
strong_market_effective_participation_v1,baseline_2y_1y_5fold,1,2021-04-01,2022-03-31,risk_context_pressure,weak_down,mostly_below_trend,2021-03-31,2021-06-15,SH.600703,三安光电,半导体,0.0,0.019798899746856922,0.0,,0.13739495798319326,0.0,0.011585807385952274,0.00022938623892086352,1
strong_market_effective_participation_v1,baseline_2y_1y_5fold,1,2021-04-01,2022-03-31,risk_context_pressure,weak_down,mostly_below_trend,2021-03-31,2021-06-15,SH.600760,中航沈飞,航空,0.0,0.019798899746856922,0.0,,0.13739495798319326,0.0,0.0010589013898081312,2.096508245861865e-05,1
strong_market_effective_participation_v1,baseline_2y_1y_5fold,1,2021-04-01,2022-03-31,risk_context_pressure,weak_down,mostly_below_trend,2021-03-31,2021-06-15,SH.600809,山西汾酒,白酒,0.0,0.019798899746856922,0.0,,0.13739495798319326,0.0,0.03349282296650724,0.0006631210441531039,1
strong_market_effective_participation_v1,baseline_2y_1y_5fold,1,2021-04-01,2022-03-31,risk_context_pressure,weak_down,mostly_below_trend,2021-03-31,2021-06-15,SH.600893,航发动力,航空,0.0,0.019798899746856922,0.0,,0.13739495798319326,0.0,-0.005585516178736483,-0.00011058707485725099,1
strong_market_effective_participation_v1,baseline_2y_1y_5fold,1,2021-04-01,2022-03-31,risk_context_pressure,weak_down,mostly_below_trend,2021-03-31,2021-06-15,SH.601012,隆基绿能,电气设备,0.0,0.02362087935399018,0.0,7.0,0.6683333333333333,0.41666666666666663,-0.031872146118721356,-0.0007528481182230635,1
strong_market_effective_participation_v1,baseline_2y_1y_5fold,1,2021-04-01,2022-03-31,risk_context_pressure,weak_down,mostly_below_trend,2021-03-31,2021-06-15,SH.601633,长城汽车,汽车整车,0.0,0.019798899746856922,0.0,,0.13739495798319326,0.0,-0.005643340857787726,-0.00011173193988068073,1
strong_market_effective_participation_v1,baseline_2y_1y_5fold,1,2021-04-01,2022-03-31,risk_context_pressure,weak_down,mostly_below_trend,2021-03-31,2021-06-15,SH.601888,中国中免,旅游服务,0.0,0.028865013929940172,0.0,,0.13739495798319326,0.0,-0.04282958199356912,-0.0012362764808578875,1
strong_market_effective_participation_v1,baseline_2y_1y_5fold,1,2021-04-01,2022-03-31,risk_context_pressure,weak_down,mostly_below_trend,2021-03-31,2021-06-15,SZ.000001,平安银行,银行,0.0,0.020538190663404562,0.0,,0.13739495798319326,0.0,-0.006418485237483895,-0.00013182407357769174,1
strong_market_effective_participation_v1,baseline_2y_1y_5fold,1,2021-04-01,2022-03-31,risk_context_pressure,weak_down,mostly_below_trend,2021-03-31,2021-06-15,SZ.000568,泸州老窖,白酒,0.0,0.019798899746856922,0.0,,0.13739495798319326,0.0,-0.032487899322361846,-0.0006432246616694231,1
strong_market_effective_participation_v1,baseline_2y_1y_5fold,1,2021-04-01,2022-03-31,risk_context_pressure,weak_down,mostly_below_trend,2021-03-31,2021-06-15,SZ.000768,中航西飞,航空,0.0,0.019798899746856922,0.0,,0.13739495798319326,0.0,-0.01191849288735125,-0.0002359730458102947,1
strong_market_effective_participation_v1,baseline_2y_1y_5fold,1,2021-04-01,2022-03-31,risk_context_pressure,weak_down,mostly_below_trend,2021-03-31,2021-06-15,SZ.000963,华东医药,化学制药,0.0,0.019798899746856922,0.0,,0.13739495798319326,0.0,-0.05137844611528819,-0.0010172367037858813,1
strong_market_effective_participation_v1,baseline_2y_1y_5fold,1,2021-04-01,2022-03-31,risk_context_pressure,weak_down,mostly_below_trend,2021-03-31,2021-06-15,SZ.002129,TCL中环,电气设备,0.0,0.019798899746856922,0.0,,0.13739495798319326,0.0,-0.0013504388926401933,-2.6737204249639667e-05,1
strong_market_effective_participation_v1,baseline_2y_1y_5fold,1,2021-04-01,2022-03-31,risk_context_pressure,weak_down,mostly_below_trend,2021-03-31,2021-06-15,SZ.002230,科大讯飞,软件服务,0.0,0.019798899746856922,0.0,6.0,0.6832913165266105,0.16666666666666663,0.03206239168110914,0.0006348000785387391,1
strong_market_effective_participation_v1,baseline_2y_1y_5fold,1,2021-04-01,2022-03-31,risk_context_pressure,weak_down,mostly_below_trend,2021-03-31,2021-06-15,SZ.002415,海康威视,IT设备,0.0,0.020997921115526577,0.0,,0.13739495798319326,0.0,-0.020645161290322567,-0.00043350546819151615,1
strong_market_effective_participation_v1,baseline_2y_1y_5fold,1,2021-04-01,2022-03-31,risk_context_pressure,weak_down,mostly_below_trend,2021-03-31,2021-06-15,SZ.002594,比亚迪,汽车整车,0.0,0.019798899746856922,0.0,,0.13739495798319326,0.0,0.023345960708307523,0.00046222433555784145,1
strong_market_effective_participation_v1,baseline_2y_1y_5fold,1,2021-04-01,2022-03-31,risk_context_pressure,weak_down,mostly_below_trend,2021-03-31,2021-06-15,SZ.002812,恩捷股份,电气设备,0.0,0.019798899746856922,0.0,2.0,0.8082072829131652,0.0,-0.0038177919564876817,-7.558808020085635e-05,1
strong_market_effective_participation_v1,baseline_2y_1y_5fold,1,2021-04-01,2022-03-31,risk_context_pressure,weak_down,mostly_below_trend,2021-03-31,2021-06-15,SZ.300014,亿纬锂能,电气设备,0.0,0.019798899746856922,0.0,,0.13739495798319326,0.0,-0.0024825303420376033,-4.9151369360532934e-05,1
strong_market_effective_participation_v1,baseline_2y_1y_5fold,1,2021-04-01,2022-03-31,risk_context_pressure,weak_down,mostly_below_trend,2021-03-31,2021-06-15,SZ.300124,汇川技术,电器仪表,0.0,0.019798899746856922,0.0,8.0,0.6207703081232493,0.6666666666666667,0.041803278688524514,0.0008276589238440173,1
strong_market_effective_participation_v1,baseline_2y_1y_5fold,1,2021-04-01,2022-03-31,risk_context_pressure,weak_down,mostly_below_trend,2021-03-31,2021-06-15,SZ.300450,先导智能,专用机械,0.0,0.0525,0.0,5.0,0.7057282913165266,0.33333333333333337,0.0017339218158889391,9.10308953341693e-05,1
strong_market_effective_participation_v1,baseline_2y_1y_5fold,1,2021-04-01,2022-03-31,risk_context_pressure,weak_down,mostly_below_trend,2021-03-31,2021-06-15,SZ.300750,宁德时代,电气设备,0.0,0.0525,0.0,,0.13739495798319326,0.0,-0.015443161201823208,-0.0008107659630957184,1
strong_market_effective_participation_v1,baseline_2y_1y_5fold,1,2021-04-01,2022-03-31,risk_context_pressure,weak_down,mostly_below_trend,2021-03-31,2021-06-15,SZ.300760,迈瑞医疗,医疗保健,0.0,0.0525,0.0,,0.13739495798319326,0.0,-0.00819148936170222,-0.00043005319148936653,1
strong_market_effective_participation_v1,baseline_2y_1y_5fold,1,2021-04-01,2022-03-31,risk_context_pressure,weak_down,mostly_below_trend,2021-03-31,2021-06-15,SZ.300782,卓胜微,半导体,0.0,0.0525,0.0,,0.13739495798319326,0.0,0.002725366876310309,0.00014308176100629122,1
strong_market_effective_participation_v1,baseline_2y_1y_5fold,5,2025-04-01,2026-03-31,mixed_or_unresolved_context,strong_up,mostly_above_trend,2025-03-31,2025-09-01,SH.600126,杭钢股份,普钢,0.023333333333333334,0.0,1.0,44.0,0.3833916336098088,0.25531914893617025,0.02641878669275921,0.0,0
strong_market_effective_participation_v1,baseline_2y_1y_5fold,5,2025-04-01,2026-03-31,mixed_or_unresolved_context,strong_up,mostly_above_trend,2025-03-31,2025-09-01,SH.600276,恒瑞医药,化学制药,0.022212334697892994,0.0,1.0,23.0,0.5966498377208798,0.7021276595744681,0.03200966329457944,0.0,0
strong_market_effective_participation_v1,baseline_2y_1y_5fold,5,2025-04-01,2026-03-31,mixed_or_unresolved_context,strong_up,mostly_above_trend,2025-03-31,2025-09-01,SH.600584,长电科技,半导体,0.019919589900361395,0.0,1.0,17.0,0.6403516047601876,0.6170212765957447,0.03132832080200476,0.0,0
strong_market_effective_participation_v1,baseline_2y_1y_5fold,5,2025-04-01,2026-03-31,mixed_or_unresolved_context,strong_up,mostly_above_trend,2025-03-31,2025-09-01,SH.601138,工业富联,通信设备,0.019919589900361395,0.0,1.0,1.0,0.9047782185358817,0.021276595744680882,0.03325283299275483,0.0,0
strong_market_effective_participation_v1,baseline_2y_1y_5fold,5,2025-04-01,2026-03-31,mixed_or_unresolved_context,strong_up,mostly_above_trend,2025-03-31,2025-09-01,SH.601689,拓普集团,汽车配件,0.019919589900361395,0.0,1.0,24.0,0.5616552470248829,0.34042553191489366,-0.017569078421977413,-0.0,0
strong_market_effective_participation_v1,baseline_2y_1y_5fold,5,2025-04-01,2026-03-31,mixed_or_unresolved_context,strong_up,mostly_above_trend,2025-03-31,2025-09-01,SH.601899,紫金矿业,铜,0.028558716040148133,0.0,1.0,9.0,0.7489686260367833,0.574468085106383,0.05632582322357016,0.0,0
strong_market_effective_participation_v1,baseline_2y_1y_5fold,5,2025-04-01,2026-03-31,mixed_or_unresolved_context,strong_up,mostly_above_trend,2025-03-31,2025-09-01,SH.601933,永辉超市,超市连锁,0.023333333333333334,0.0,1.0,47.0,0.37190227190768116,0.6595744680851063,0.055984555984555984,0.0,0
strong_market_effective_participation_v1,baseline_2y_1y_5fold,5,2025-04-01,2026-03-31,mixed_or_unresolved_context,strong_up,mostly_above_trend,2025-03-31,2025-09-01,SH.603019,中科曙光,IT设备,0.019919589900361395,0.0,1.0,11.0,0.7393112152902992,0.1063829787234043,0.04112994350282473,0.0,0
strong_market_effective_participation_v1,baseline_2y_1y_5fold,5,2025-04-01,2026-03-31,mixed_or_unresolved_context,strong_up,mostly_above_trend,2025-03-31,2025-09-01,SH.603259,XD药明康,化学制药,0.019919589900361395,0.0,1.0,7.0,0.7638946988820771,0.12765957446808507,0.08015488867376575,0.0,0
strong_market_effective_participation_v1,baseline_2y_1y_5fold,5,2025-04-01,2026-03-31,mixed_or_unresolved_context,strong_up,mostly_above_trend,2025-03-31,2025-09-01,SH.603799,华友钴业,小金属,0.019919589900361395,0.0,1.0,14.0,0.7003137396321674,0.5106382978723405,0.04516129032258065,0.0,0
strong_market_effective_participation_v1,baseline_2y_1y_5fold,5,2025-04-01,2026-03-31,mixed_or_unresolved_context,strong_up,mostly_above_trend,2025-03-31,2025-09-01,SH.603893,瑞芯微,半导体,0.023333333333333334,0.0,1.0,16.0,0.676583122971511,0.06382978723404253,-0.0499796995533901,-0.0,0
strong_market_effective_participation_v1,baseline_2y_1y_5fold,5,2025-04-01,2026-03-31,mixed_or_unresolved_context,strong_up,mostly_above_trend,2025-03-31,2025-09-01,SH.603986,兆易创新,半导体,0.019919589900361395,0.0,1.0,6.0,0.7980670753696358,0.17021276595744683,0.10001258019876724,0.0,0
strong_market_effective_participation_v1,baseline_2y_1y_5fold,5,2025-04-01,2026-03-31,mixed_or_unresolved_context,strong_up,mostly_above_trend,2025-03-31,2025-09-01,SH.603993,洛阳钼业,小金属,0.019919589900361395,0.0,1.0,2.0,0.8309087630724846,0.23404255319148937,0.09466019417475735,0.0,0
strong_market_effective_participation_v1,baseline_2y_1y_5fold,5,2025-04-01,2026-03-31,mixed_or_unresolved_context,strong_up,mostly_above_trend,2025-03-31,2025-09-01,SH.688008,澜起科技,半导体,0.019919589900361395,0.0,1.0,3.0,0.8252470248827983,0.21276595744680848,0.010740439381611067,0.0,0
strong_market_effective_participation_v1,baseline_2y_1y_5fold,5,2025-04-01,2026-03-31,mixed_or_unresolved_context,strong_up,mostly_above_trend,2025-03-31,2025-09-01,SH.688012,DR中微公,半导体,0.019919589900361395,0.0,1.0,22.0,0.6087486476739993,0.3191489361702128,0.04216276789466322,0.0,0
strong_market_effective_participation_v1,baseline_2y_1y_5fold,5,2025-04-01,2026-03-31,mixed_or_unresolved_context,strong_up,mostly_above_trend,2025-03-31,2025-09-01,SZ.000063,中兴通讯,通信设备,0.019919589900361395,0.0,1.0,5.0,0.817151099891814,0.08510638297872342,0.05633802816901423,0.0,0
strong_market_effective_participation_v1,baseline_2y_1y_5fold,5,2025-04-01,2026-03-31,mixed_or_unresolved_context,strong_up,mostly_above_trend,2025-03-31,2025-09-01,SZ.000938,紫光股份,IT设备,0.019919589900361395,0.0,1.0,25.0,0.5590912369275153,0.5319148936170213,0.042652329749103934,0.0,0
strong_market_effective_participation_v1,baseline_2y_1y_5fold,5,2025-04-01,2026-03-31,mixed_or_unresolved_context,strong_up,mostly_above_trend,2025-03-31,2025-09-01,SZ.000977,浪潮信息,IT设备,0.019919589900361395,0.0,1.0,19.0,0.6334944103858636,0.3829787234042553,0.026507818317200282,0.0,0
strong_market_effective_participation_v1,baseline_2y_1y_5fold,5,2025-04-01,2026-03-31,mixed_or_unresolved_context,strong_up,mostly_above_trend,2025-03-31,2025-09-01,SZ.000988,华工科技,专用机械,0.023333333333333334,0.0,1.0,10.0,0.7467958889289579,0.276595744680851,0.09997076878105826,0.0,0
strong_market_effective_participation_v1,baseline_2y_1y_5fold,5,2025-04-01,2026-03-31,mixed_or_unresolved_context,strong_up,mostly_above_trend,2025-03-31,2025-09-01,SZ.002065,东华软件,软件服务,0.023333333333333334,0.0,1.0,43.0,0.3897746123332131,0.6808510638297872,-0.019486271036315173,-0.0,0
strong_market_effective_participation_v1,baseline_2y_1y_5fold,5,2025-04-01,2026-03-31,mixed_or_unresolved_context,strong_up,mostly_above_trend,2025-03-31,2025-09-01,SZ.002085,万丰奥威,汽车配件,0.023333333333333334,0.0,1.0,46.0,0.3719022719076812,0.5957446808510638,0.0031796502384737746,0.0,0
strong_market_effective_participation_v1,baseline_2y_1y_5fold,5,2025-04-01,2026-03-31,mixed_or_unresolved_context,strong_up,mostly_above_trend,2025-03-31,2025-09-01,SZ.002156,通富微电,半导体,0.023333333333333334,0.0,1.0,18.0,0.6348809953119365,0.36170212765957444,0.054094892716832765,0.0,0
strong_market_effective_participation_v1,baseline_2y_1y_5fold,5,2025-04-01,2026-03-31,mixed_or_unresolved_context,strong_up,mostly_above_trend,2025-03-31,2025-09-01,SZ.002241,歌尔股份,元器件,0.019919589900361395,0.0,1.0,4.0,0.8245041471330687,0.2978723404255319,-0.028322440087146017,-0.0,0
strong_market_effective_participation_v1,baseline_2y_1y_5fold,5,2025-04-01,2026-03-31,mixed_or_unresolved_context,strong_up,mostly_above_trend,2025-03-31,2025-09-01,SZ.002281,光迅科技,通信设备,0.023333333333333334,0.0,1.0,12.0,0.7280724846736387,0.19148936170212771,0.07975549410566152,0.0,0
strong_market_effective_participation_v1,baseline_2y_1y_5fold,5,2025-04-01,2026-03-31,mixed_or_unresolved_context,strong_up,mostly_above_trend,2025-03-31,2025-09-01,SZ.002475,立讯精密,元器件,0.019919589900361395,0.0,1.0,13.0,0.7222142084385141,0.6382978723404256,-0.015441496302740276,-0.0,0
strong_market_effective_participation_v1,baseline_2y_1y_5fold,5,2025-04-01,2026-03-31,mixed_or_unresolved_context,strong_up,mostly_above_trend,2025-03-31,2025-09-01,SZ.002625,光启技术,航空,0.023333333333333334,0.0,1.0,29.0,0.5025405697800216,0.14893617021276595,-0.024659550975340228,-0.0,0
strong_market_effective_participation_v1,baseline_2y_1y_5fold,5,2025-04-01,2026-03-31,mixed_or_unresolved_context,strong_up,mostly_above_trend,2025-03-31,2025-09-01,SZ.300014,亿纬锂能,电气设备,0.019919589900361395,0.0,1.0,21.0,0.6147601875225387,0.46808510638297873,-0.023080958209477087,-0.0,0
strong_market_effective_participation_v1,baseline_2y_1y_5fold,5,2025-04-01,2026-03-31,mixed_or_unresolved_context,strong_up,mostly_above_trend,2025-03-31,2025-09-01,SZ.300033,同花顺,软件服务,0.019919589900361395,0.0,1.0,15.0,0.6781319870176704,0.04255319148936165,-0.03807426054122076,-0.0,0
strong_market_effective_participation_v1,baseline_2y_1y_5fold,5,2025-04-01,2026-03-31,mixed_or_unresolved_context,strong_up,mostly_above_trend,2025-03-31,2025-09-01,SZ.300433,蓝思科技,元器件,0.019919589900361395,0.0,1.0,8.0,0.7637342228633249,0.4893617021276596,0.03953712632594053,0.0,0
strong_market_effective_participation_v1,baseline_2y_1y_5fold,5,2025-04-01,2026-03-31,mixed_or_unresolved_context,strong_up,mostly_above_trend,2025-03-31,2025-09-01,SZ.300442,润泽科技,软件服务,0.019919589900361395,0.0,1.0,26.0,0.537836278398846,0.42553191489361697,-0.013227064609123373,-0.0,0
strong_market_effective_participation_v1,baseline_2y_1y_5fold,5,2025-04-01,2026-03-31,mixed_or_unresolved_context,strong_up,mostly_above_trend,2025-03-31,2025-09-01,SZ.300750,宁德时代,电气设备,0.06075674115509228,0.0,1.0,20.0,0.6323512441399206,0.44680851063829785,-0.0071199947743157965,-0.0,0
strong_market_effective_participation_v1,baseline_2y_1y_5fold,5,2025-04-01,2026-03-31,mixed_or_unresolved_context,strong_up,mostly_above_trend,2025-03-31,2025-09-02,SH.600126,杭钢股份,普钢,0.0,0.023333333333333334,0.0,,0.10169491525423728,0.0,-0.058150619637750145,-0.0013568477915475035,1
strong_market_effective_participation_v1,baseline_2y_1y_5fold,5,2025-04-01,2026-03-31,mixed_or_unresolved_context,strong_up,mostly_above_trend,2025-03-31,2025-09-02,SH.600276,恒瑞医药,化学制药,0.0224158534610471,0.022212334697892994,1.0,17.0,0.6352895480225988,0.7291666666666667,0.007607900512070387,0.00016898923252237893,1
strong_market_effective_participation_v1,baseline_2y_1y_5fold,5,2025-04-01,2026-03-31,mixed_or_unresolved_context,strong_up,mostly_above_trend,2025-03-31,2025-09-02,SH.600584,长电科技,半导体,0.01959290736753295,0.019919589900361395,1.0,24.0,0.571271186440678,0.5,-0.05176184690157948,-0.0010310747627647553,1
strong_market_effective_participation_v1,baseline_2y_1y_5fold,5,2025-04-01,2026-03-31,mixed_or_unresolved_context,strong_up,mostly_above_trend,2025-03-31,2025-09-02,SH.601100,恒立液压,工程机械,0.01959290736753295,0.0,1.0,20.0,0.6276836158192091,0.625,0.023329682365826887,0.0,0
strong_market_effective_participation_v1,baseline_2y_1y_5fold,5,2025-04-01,2026-03-31,mixed_or_unresolved_context,strong_up,mostly_above_trend,2025-03-31,2025-09-02,SH.601127,赛力斯,汽车整车,0.01959290736753295,0.0,1.0,28.0,0.5340324858757062,0.7708333333333334,0.0211967475154633,0.0,0
strong_market_effective_participation_v1,baseline_2y_1y_5fold,5,2025-04-01,2026-03-31,mixed_or_unresolved_context,strong_up,mostly_above_trend,2025-03-31,2025-09-02,SH.601138,工业富联,通信设备,0.01959290736753295,0.019919589900361395,1.0,1.0,0.9126624293785311,0.04166666666666663,-0.031283710895361305,-0.0006231586915970647,1
strong_market_effective_participation_v1,baseline_2y_1y_5fold,5,2025-04-01,2026-03-31,mixed_or_unresolved_context,strong_up,mostly_above_trend,2025-03-31,2025-09-02,SH.601288,农业银行,银行,0.01959290736753295,0.0,1.0,30.0,0.5185381355932203,0.9166666666666666,0.019858156028369045,0.0,0
strong_market_effective_participation_v1,baseline_2y_1y_5fold,5,2025-04-01,2026-03-31,mixed_or_unresolved_context,strong_up,mostly_above_trend,2025-03-31,2025-09-02,SH.601689,拓普集团,汽车配件,0.01959290736753295,0.019919589900361395,1.0,10.0,0.736518361581921,0.29166666666666663,0.09998374248089736,0.0019916351469228175,1
strong_market_effective_participation_v1,baseline_2y_1y_5fold,5,2025-04-01,2026-03-31,mixed_or_unresolved_context,strong_up,mostly_above_trend,2025-03-31,2025-09-02,SH.601899,紫金矿业,铜,0.029492223814978975,0.028558716040148133,1.0,7.0,0.7770833333333332,0.6875,0.0012305168170632097,3.5141980361135115e-05,1
strong_market_effective_participation_v1,baseline_2y_1y_5fold,5,2025-04-01,2026-03-31,mixed_or_unresolved_context,strong_up,mostly_above_trend,2025-03-31,2025-09-02,SH.601933,永辉超市,超市连锁,0.0,0.023333333333333334,0.0,,0.10169491525423728,0.0,-0.029250457038391242,-0.000682510664229129,1
strong_market_effective_participation_v1,baseline_2y_1y_5fold,5,2025-04-01,2026-03-31,mixed_or_unresolved_context,strong_up,mostly_above_trend,2025-03-31,2025-09-02,SH.603019,中科曙光,IT设备,0.0,0.019919589900361395,0.0,,0.10169491525423728,0.0,-0.023008465378771437,-0.0004583191945817903,1
strong_market_effective_participation_v1,baseline_2y_1y_5fold,5,2025-04-01,2026-03-31,mixed_or_unresolved_context,strong_up,mostly_above_trend,2025-03-31,2025-09-02,SH.603259,XD药明康,化学制药,0.0,0.019919589900361395,0.0,,0.10169491525423728,0.0,0.0037641154328731385,7.497963576045423e-05,1
strong_market_effective_participation_v1,baseline_2y_1y_5fold,5,2025-04-01,2026-03-31,mixed_or_unresolved_context,strong_up,mostly_above_trend,2025-03-31,2025-09-02,SH.603501,豪威集团,半导体,0.01959290736753295,0.0,1.0,25.0,0.5703248587570622,0.6041666666666667,-0.05027548209366384,-0.0,0
strong_market_effective_participation_v1,baseline_2y_1y_5fold,5,2025-04-01,2026-03-31,mixed_or_unresolved_context,strong_up,mostly_above_trend,2025-03-31,2025-09-02,SH.603799,华友钴业,小金属,0.01959290736753295,0.019919589900361395,1.0,12.0,0.703524011299435,0.47916666666666663,-0.04858622062923135,-0.0009678175897427671,1
strong_market_effective_participation_v1,baseline_2y_1y_5fold,5,2025-04-01,2026-03-31,mixed_or_unresolved_context,strong_up,mostly_above_trend,2025-03-31,2025-09-02,SH.603893,瑞芯微,半导体,0.023333333333333334,0.023333333333333334,1.0,15.0,0.6625282485875708,0.08333333333333337,-0.08974742510363698,-0.00209410658575153,1
strong_market_effective_participation_v1,baseline_2y_1y_5fold,5,2025-04-01,2026-03-31,mixed_or_unresolved_context,strong_up,mostly_above_trend,2025-03-31,2025-09-02,SH.603986,兆易创新,半导体,0.0,0.019919589900361395,0.0,,0.10169491525423728,0.0,0.006404391582799596,0.00012757285389069435,1
strong_market_effective_participation_v1,baseline_2y_1y_5fold,5,2025-04-01,2026-03-31,mixed_or_unresolved_context,strong_up,mostly_above_trend,2025-03-31,2025-09-02,SH.603993,洛阳钼业,小金属,0.01959290736753295,0.019919589900361395,1.0,2.0,0.8850282485875706,0.375,0.02143385070214343,0.00042695351597227027,1
strong_market_effective_participation_v1,baseline_2y_1y_5fold,5,2025-04-01,2026-03-31,mixed_or_unresolved_context,strong_up,mostly_above_trend,2025-03-31,2025-09-02,SH.688008,澜起科技,半导体,0.01959290736753295,0.019919589900361395,1.0,3.0,0.8212005649717515,0.20833333333333337,-0.0710030590887134,-0.0014143518187182988,1
strong_market_effective_participation_v1,baseline_2y_1y_5fold,5,2025-04-01,2026-03-31,mixed_or_unresolved_context,strong_up,mostly_above_trend,2025-03-31,2025-09-02,SH.688012,DR中微公,半导体,0.01959290736753295,0.019919589900361395,1.0,23.0,0.5746963276836159,0.33333333333333337,-0.04789426523297491,-0.0009540341220199968,1
strong_market_effective_participation_v1,baseline_2y_1y_5fold,5,2025-04-01,2026-03-31,mixed_or_unresolved_context,strong_up,mostly_above_trend,2025-03-31,2025-09-02,SZ.000063,中兴通讯,通信设备,0.01959290736753295,0.019919589900361395,1.0,4.0,0.8130367231638416,0.125,-0.06604166666666667,-0.001315522916336367,1
strong_market_effective_participation_v1,baseline_2y_1y_5fold,5,2025-04-01,2026-03-31,mixed_or_unresolved_context,strong_up,mostly_above_trend,2025-03-31,2025-09-02,SZ.000938,紫光股份,IT设备,0.0,0.019919589900361395,0.0,37.0,0.45243644067796607,0.45833333333333337,-0.05775180474389818,-0.0011503922665041975,1
strong_market_effective_participation_v1,baseline_2y_1y_5fold,5,2025-04-01,2026-03-31,mixed_or_unresolved_context,strong_up,mostly_above_trend,2025-03-31,2025-09-02,SZ.000977,浪潮信息,IT设备,0.01959290736753295,0.019919589900361395,1.0,26.0,0.5665254237288134,0.3125,-0.07427825330044979,-0.001479592344260125,1
strong_market_effective_participation_v1,baseline_2y_1y_5fold,5,2025-04-01,2026-03-31,mixed_or_unresolved_context,strong_up,mostly_above_trend,2025-03-31,2025-09-02,SZ.000988,华工科技,专用机械,0.0,0.023333333333333334,0.0,,0.10169491525423728,0.0,-0.01328727079457881,-0.00031003631854017224,1
strong_market_effective_participation_v1,baseline_2y_1y_5fold,5,2025-04-01,2026-03-31,mixed_or_unresolved_context,strong_up,mostly_above_trend,2025-03-31,2025-09-02,SZ.002050,三花智控,家用电器,0.01959290736753295,0.0,1.0,16.0,0.6365677966101696,0.7083333333333333,0.03480714957666975,0.0,0
strong_market_effective_participation_v1,baseline_2y_1y_5fold,5,2025-04-01,2026-03-31,mixed_or_unresolved_context,strong_up,mostly_above_trend,2025-03-31,2025-09-02,SZ.002065,东华软件,软件服务,0.023333333333333334,0.023333333333333334,1.0,47.0,0.30919491525423726,0.5833333333333333,-0.05149051490514911,-0.0012014453477868126,1
strong_market_effective_participation_v1,baseline_2y_1y_5fold,5,2025-04-01,2026-03-31,mixed_or_unresolved_context,strong_up,mostly_above_trend,2025-03-31,2025-09-02,SZ.002085,万丰奥威,汽车配件,0.0,0.023333333333333334,0.0,,0.10169491525423728,0.0,-0.0179609086106709,-0.00041908786758232104,1
strong_market_effective_participation_v1,baseline_2y_1y_5fold,5,2025-04-01,2026-03-31,mixed_or_unresolved_context,strong_up,mostly_above_trend,2025-03-31,2025-09-02,SZ.002156,通富微电,半导体,0.0,0.023333333333333334,0.0,,0.10169491525423728,0.0,-0.021215596330275255,-0.000495030581039756,1
strong_market_effective_participation_v1,baseline_2y_1y_5fold,5,2025-04-01,2026-03-31,mixed_or_unresolved_context,strong_up,mostly_above_trend,2025-03-31,2025-09-02,SZ.002195,岩山科技,软件服务,0.023333333333333334,0.0,1.0,18.0,0.634611581920904,0.22916666666666663,-0.06869369369369382,-0.0,0
strong_market_effective_participation_v1,baseline_2y_1y_5fold,5,2025-04-01,2026-03-31,mixed_or_unresolved_context,strong_up,mostly_above_trend,2025-03-31,2025-09-02,SZ.002241,歌尔股份,元器件,0.01959290736753295,0.019919589900361395,1.0,5.0,0.8074858757062146,0.27083333333333337,-0.06838565022421506,-0.0013622141075359212,1
strong_market_effective_participation_v1,baseline_2y_1y_5fold,5,2025-04-01,2026-03-31,mixed_or_unresolved_context,strong_up,mostly_above_trend,2025-03-31,2025-09-02,SZ.002261,拓维信息,软件服务,0.023333333333333334,0.0,1.0,42.0,0.41169491525423735,0.14583333333333337,-0.0757575757575758,-0.0,0
strong_market_effective_participation_v1,baseline_2y_1y_5fold,5,2025-04-01,2026-03-31,mixed_or_unresolved_context,strong_up,mostly_above_trend,2025-03-31,2025-09-02,SZ.002281,光迅科技,通信设备,0.023333333333333334,0.023333333333333334,1.0,13.0,0.6950282485875706,0.10416666666666663,-0.10001347890551293,-0.0023336478411286354,1
strong_market_effective_participation_v1,baseline_2y_1y_5fold,5,2025-04-01,2026-03-31,mixed_or_unresolved_context,strong_up,mostly_above_trend,2025-03-31,2025-09-02,SZ.002384,东山精密,元器件,0.023333333333333334,0.0,1.0,19.0,0.6308615819209039,0.02083333333333337,-0.07497820401046207,-0.0,0
strong_market_effective_participation_v1,baseline_2y_1y_5fold,5,2025-04-01,2026-03-31,mixed_or_unresolved_context,strong_up,mostly_above_trend,2025-03-31,2025-09-02,SZ.002475,立讯精密,元器件,0.01959290736753295,0.019919589900361395,1.0,11.0,0.7248305084745764,0.6458333333333333,-0.03247183565275036,-0.000646825649514721,1
strong_market_effective_participation_v1,baseline_2y_1y_5fold,5,2025-04-01,2026-03-31,mixed_or_unresolved_context,strong_up,mostly_above_trend,2025-03-31,2025-09-02,SZ.002600,领益智造,元器件,0.01959290736753295,0.0,1.0,8.0,0.7742655367231638,0.0,-0.08104658583280155,-0.0,0
strong_market_effective_participation_v1,baseline_2y_1y_5fold,5,2025-04-01,2026-03-31,mixed_or_unresolved_context,strong_up,mostly_above_trend,2025-03-31,2025-09-02,SZ.002625,光启技术,航空,0.023333333333333334,0.023333333333333334,1.0,29.0,0.5262782485875707,0.25,-0.021886792452830206,-0.0005106918238993715,1
strong_market_effective_participation_v1,baseline_2y_1y_5fold,5,2025-04-01,2026-03-31,mixed_or_unresolved_context,strong_up,mostly_above_trend,2025-03-31,2025-09-02,SZ.002916,深南电路,元器件,0.01959290736753295,0.0,1.0,6.0,0.7918926553672316,0.0625,-0.10001000600360221,-0.0,0
strong_market_effective_participation_v1,baseline_2y_1y_5fold,5,2025-04-01,2026-03-31,mixed_or_unresolved_context,strong_up,mostly_above_trend,2025-03-31,2025-09-02,SZ.300014,亿纬锂能,电气设备,0.01959290736753295,0.019919589900361395,1.0,14.0,0.6798163841807909,0.5416666666666667,0.022194379810273945,0.0004421029439135177,1
strong_market_effective_participation_v1,baseline_2y_1y_5fold,5,2025-04-01,2026-03-31,mixed_or_unresolved_context,strong_up,mostly_above_trend,2025-03-31,2025-09-02,SZ.300033,同花顺,软件服务,0.0,0.019919589900361395,0.0,,0.10169491525423728,0.0,-0.03384414081175635,-0.0006741614055002707,1
strong_market_effective_participation_v1,baseline_2y_1y_5fold,5,2025-04-01,2026-03-31,mixed_or_unresolved_context,strong_up,mostly_above_trend,2025-03-31,2025-09-02,SZ.300059,东方财富,证券,0.026640868005781904,0.0,1.0,21.0,0.6053319209039549,0.4375,-0.029278494248867304,-0.0,0
strong_market_effective_participation_v1,baseline_2y_1y_5fold,5,2025-04-01,2026-03-31,mixed_or_unresolved_context,strong_up,mostly_above_trend,2025-03-31,2025-09-02,SZ.300124,汇川技术,电器仪表,0.01959290736753295,0.0,1.0,22.0,0.5924929378531075,0.8958333333333334,-0.013175230566534912,-0.0,0
strong_market_effective_participation_v1,baseline_2y_1y_5fold,5,2025-04-01,2026-03-31,mixed_or_unresolved_context,strong_up,mostly_above_trend,2025-03-31,2025-09-02,SZ.300339,润和软件,软件服务,0.023333333333333334,0.0,1.0,46.0,0.35752824858757065,0.1875,-0.07439759036144589,-0.0,0
strong_market_effective_participation_v1,baseline_2y_1y_5fold,5,2025-04-01,2026-03-31,mixed_or_unresolved_context,strong_up,mostly_above_trend,2025-03-31,2025-09-02,SZ.300433,蓝思科技,元器件,0.01959290736753295,0.019919589900361395,1.0,9.0,0.7413559322033899,0.41666666666666663,-0.07142857142857151,-0.0014228278500258156,1
strong_market_effective_participation_v1,baseline_2y_1y_5fold,5,2025-04-01,2026-03-31,mixed_or_unresolved_context,strong_up,mostly_above_trend,2025-03-31,2025-09-02,SZ.300442,润泽科技,软件服务,0.0,0.019919589900361395,0.0,33.0,0.4900564971751412,0.35416666666666663,-0.08059804090049827,-0.0016054799215104798,1
strong_market_effective_participation_v1,baseline_2y_1y_5fold,5,2025-04-01,2026-03-31,mixed_or_unresolved_context,strong_up,mostly_above_trend,2025-03-31,2025-09-02,SZ.300458,全志科技,半导体,0.023333333333333334,0.0,1.0,27.0,0.5529449152542373,0.16666666666666663,-0.08114285714285707,-0.0,0
strong_market_effective_participation_v1,baseline_2y_1y_5fold,5,2025-04-01,2026-03-31,mixed_or_unresolved_context,strong_up,mostly_above_trend,2025-03-31,2025-09-02,SZ.300750,宁德时代,电气设备,0.0,0.06075674115509228,0.0,,0.10169491525423728,0.0,-0.003717105263157827,-0.0002258392023199113,1
strong_market_effective_participation_v1,baseline_2y_1y_5fold,5,2025-04-01,2026-03-31,mixed_or_unresolved_context,strong_up,mostly_above_trend,2025-03-31,2025-09-03,SH.600276,恒瑞医药,化学制药,0.022881600000000002,0.0224158534610471,1.0,10.0,0.6593294030950627,0.6956521739130435,0.04515754319732834,0.0010122448709722165,1
strong_market_effective_participation_v1,baseline_2y_1y_5fold,5,2025-04-01,2026-03-31,mixed_or_unresolved_context,strong_up,mostly_above_trend,2025-03-31,2025-09-03,SH.600580,卧龙电驱,电气设备,0.035,0.0,1.0,6.0,0.7322697126013263,0.08695652173913049,0.08246225319396072,0.0,0
strong_market_effective_participation_v1,baseline_2y_1y_5fold,5,2025-04-01,2026-03-31,mixed_or_unresolved_context,strong_up,mostly_above_trend,2025-03-31,2025-09-03,SH.600584,长电科技,半导体,0.0,0.01959290736753295,0.0,,0.12966101694915255,0.0,-0.017170681701691337,-0.0003364235760186314,1
strong_market_effective_participation_v1,baseline_2y_1y_5fold,5,2025-04-01,2026-03-31,mixed_or_unresolved_context,strong_up,mostly_above_trend,2025-03-31,2025-09-03,SH.601012,隆基绿能,电气设备,0.02,0.0,1.0,14.0,0.5893588798820928,0.782608695652174,0.0262843488649942,0.0,0
strong_market_effective_participation_v1,baseline_2y_1y_5fold,5,2025-04-01,2026-03-31,mixed_or_unresolved_context,strong_up,mostly_above_trend,2025-03-31,2025-09-03,SH.601100,恒立液压,工程机械,0.0,0.01959290736753295,0.0,,0.12966101694915255,0.0,0.0,0.0,1
strong_market_effective_participation_v1,baseline_2y_1y_5fold,5,2025-04-01,2026-03-31,mixed_or_unresolved_context,strong_up,mostly_above_trend,2025-03-31,2025-09-03,SH.601127,赛力斯,汽车整车,0.0,0.01959290736753295,0.0,,0.12966101694915255,0.0,0.004899959167006918,9.600444606386046e-05,1
strong_market_effective_participation_v1,baseline_2y_1y_5fold,5,2025-04-01,2026-03-31,mixed_or_unresolved_context,strong_up,mostly_above_trend,2025-03-31,2025-09-03,SH.601138,工业富联,通信设备,0.0,0.01959290736753295,0.0,,0.12966101694915255,0.0,0.006681514476614581,0.0001309102942151399,1
strong_market_effective_participation_v1,baseline_2y_1y_5fold,5,2025-04-01,2026-03-31,mixed_or_unresolved_context,strong_up,mostly_above_trend,2025-03-31,2025-09-03,SH.601288,农业银行,银行,0.0,0.01959290736753295,0.0,,0.12966101694915255,0.0,-0.0055632823365786566,-0.00010900087548001789,1
strong_market_effective_participation_v1,baseline_2y_1y_5fold,5,2025-04-01,2026-03-31,mixed_or_unresolved_context,strong_up,mostly_above_trend,2025-03-31,2025-09-03,SH.601600,中国铝业,铝,0.02,0.0,1.0,20.0,0.4148415622697126,0.7391304347826086,-0.003831417624521105,-0.0,0
strong_market_effective_participation_v1,baseline_2y_1y_5fold,5,2025-04-01,2026-03-31,mixed_or_unresolved_context,strong_up,mostly_above_trend,2025-03-31,2025-09-03,SH.601689,拓普集团,汽车配件,0.02,0.01959290736753295,1.0,11.0,0.6496904937361828,0.30434782608695654,-0.03931421814957137,-0.0007702798344315345,1
strong_market_effective_participation_v1,baseline_2y_1y_5fold,5,2025-04-01,2026-03-31,mixed_or_unresolved_context,strong_up,mostly_above_trend,2025-03-31,2025-09-03,SH.601899,紫金矿业,铜,0.0,0.029492223814978975,0.0,,0.12966101694915255,0.0,0.02171241294551418,0.0006403473421523511,1
strong_market_effective_participation_v1,baseline_2y_1y_5fold,5,2025-04-01,2026-03-31,mixed_or_unresolved_context,strong_up,mostly_above_trend,2025-03-31,2025-09-03,SH.603501,豪威集团,半导体,0.0,0.01959290736753295,0.0,,0.12966101694915255,0.0,-0.013778100072516342,-0.00026995303842141175,1
strong_market_effective_participation_v1,baseline_2y_1y_5fold,5,2025-04-01,2026-03-31,mixed_or_unresolved_context,strong_up,mostly_above_trend,2025-03-31,2025-09-03,SH.603799,华友钴业,小金属,0.0,0.01959290736753295,0.0,,0.12966101694915255,0.0,-0.005860192549183796,-0.0001148182097720649,1
strong_market_effective_participation_v1,baseline_2y_1y_5fold,5,2025-04-01,2026-03-31,mixed_or_unresolved_context,strong_up,mostly_above_trend,2025-03-31,2025-09-03,SH.603893,瑞芯微,半导体,0.035,0.023333333333333334,1.0,15.0,0.50792188651437,0.0,-0.03014226020000943,-0.0007033194046668867,1
strong_market_effective_participation_v1,baseline_2y_1y_5fold,5,2025-04-01,2026-03-31,mixed_or_unresolved_context,strong_up,mostly_above_trend,2025-03-31,2025-09-03,SH.603986,兆易创新,半导体,0.02,0.0,1.0,5.0,0.7371186440677965,0.34782608695652173,-0.027897727272727213,-0.0,0
strong_market_effective_participation_v1,baseline_2y_1y_5fold,5,2025-04-01,2026-03-31,mixed_or_unresolved_context,strong_up,mostly_above_trend,2025-03-31,2025-09-03,SH.603993,洛阳钼业,小金属,0.02,0.01959290736753295,1.0,3.0,0.8137730287398675,0.4782608695652174,-0.01230101302460207,-0.0002410126087178447,1
strong_market_effective_participation_v1,baseline_2y_1y_5fold,5,2025-04-01,2026-03-31,mixed_or_unresolved_context,strong_up,mostly_above_trend,2025-03-31,2025-09-03,SH.688008,澜起科技,半导体,0.02,0.01959290736753295,1.0,12.0,0.6474207811348562,0.26086956521739135,-0.025216637781629192,-0.0004940672481760924,1
strong_market_effective_participation_v1,baseline_2y_1y_5fold,5,2025-04-01,2026-03-31,mixed_or_unresolved_context,strong_up,mostly_above_trend,2025-03-31,2025-09-03,SH.688012,DR中微公,半导体,0.0,0.01959290736753295,0.0,,0.12966101694915255,0.0,-0.002399887064138073,-4.702076494019788e-05,1
strong_market_effective_participation_v1,baseline_2y_1y_5fold,5,2025-04-01,2026-03-31,mixed_or_unresolved_context,strong_up,mostly_above_trend,2025-03-31,2025-09-03,SZ.000063,中兴通讯,通信设备,0.0,0.01959290736753295,0.0,,0.12966101694915255,0.0,-0.019852777158153034,-0.0003889736238479665,1
strong_market_effective_participation_v1,baseline_2y_1y_5fold,5,2025-04-01,2026-03-31,mixed_or_unresolved_context,strong_up,mostly_above_trend,2025-03-31,2025-09-03,SZ.000333,美的集团,家用电器,0.027298799999999998,0.0,1.0,19.0,0.42354458364038317,0.9565217391304348,-0.007090336134453756,-0.0,0
strong_market_effective_participation_v1,baseline_2y_1y_5fold,5,2025-04-01,2026-03-31,mixed_or_unresolved_context,strong_up,mostly_above_trend,2025-03-31,2025-09-03,SZ.000858,五 粮 液,白酒,0.02,0.0,1.0,23.0,0.37417833456153277,0.9130434782608696,-0.015090230242688407,-0.0,0
strong_market_effective_participation_v1,baseline_2y_1y_5fold,5,2025-04-01,2026-03-31,mixed_or_unresolved_context,strong_up,mostly_above_trend,2025-03-31,2025-09-03,SZ.000977,浪潮信息,IT设备,0.0,0.01959290736753295,0.0,,0.12966101694915255,0.0,-0.01833568406205921,-0.0003592493593482764,1
strong_market_effective_participation_v1,baseline_2y_1y_5fold,5,2025-04-01,2026-03-31,mixed_or_unresolved_context,strong_up,mostly_above_trend,2025-03-31,2025-09-03,SZ.000988,华工科技,专用机械,0.035,0.0,1.0,7.0,0.6914001473839352,0.3913043478260869,-0.030433611634796742,-0.0,0
strong_market_effective_participation_v1,baseline_2y_1y_5fold,5,2025-04-01,2026-03-31,mixed_or_unresolved_context,strong_up,mostly_above_trend,2025-03-31,2025-09-03,SZ.002050,三花智控,家用电器,0.02,0.01959290736753295,1.0,18.0,0.4825350036845984,0.6521739130434783,-0.05303030303030298,-0.0010390178149449283,1
strong_market_effective_participation_v1,baseline_2y_1y_5fold,5,2025-04-01,2026-03-31,mixed_or_unresolved_context,strong_up,mostly_above_trend,2025-03-31,2025-09-03,SZ.002065,东华软件,软件服务,0.0,0.023333333333333334,0.0,,0.12966101694915255,0.0,-0.027619047619047543,-0.0006444444444444427,1
strong_market_effective_participation_v1,baseline_2y_1y_5fold,5,2025-04-01,2026-03-31,mixed_or_unresolved_context,strong_up,mostly_above_trend,2025-03-31,2025-09-03,SZ.002156,通富微电,半导体,0.035,0.0,1.0,13.0,0.6105305821665438,0.5652173913043479,0.03573520796719398,0.0,0
strong_market_effective_participation_v1,baseline_2y_1y_5fold,5,2025-04-01,2026-03-31,mixed_or_unresolved_context,strong_up,mostly_above_trend,2025-03-31,2025-09-03,SZ.002195,岩山科技,软件服务,0.035,0.023333333333333334,1.0,9.0,0.6618349299926308,0.17391304347826086,0.09068923821039898,0.0021160822249093095,1
strong_market_effective_participation_v1,baseline_2y_1y_5fold,5,2025-04-01,2026-03-31,mixed_or_unresolved_context,strong_up,mostly_above_trend,2025-03-31,2025-09-03,SZ.002230,科大讯飞,软件服务,0.02,0.0,1.0,21.0,0.40835666912306556,0.8260869565217391,-0.04307116104868913,-0.0,0
strong_market_effective_participation_v1,baseline_2y_1y_5fold,5,2025-04-01,2026-03-31,mixed_or_unresolved_context,strong_up,mostly_above_trend,2025-03-31,2025-09-03,SZ.002241,歌尔股份,元器件,0.0,0.01959290736753295,0.0,,0.12966101694915255,0.0,-0.02196149217809873,-0.00043028948189828786,1
strong_market_effective_participation_v1,baseline_2y_1y_5fold,5,2025-04-01,2026-03-31,mixed_or_unresolved_context,strong_up,mostly_above_trend,2025-03-31,2025-09-03,SZ.002261,拓维信息,软件服务,0.0,0.023333333333333334,0.0,,0.12966101694915255,0.0,-0.0393971443680593,-0.0009192667019213837,1
strong_market_effective_participation_v1,baseline_2y_1y_5fold,5,2025-04-01,2026-03-31,mixed_or_unresolved_context,strong_up,mostly_above_trend,2025-03-31,2025-09-03,SZ.002281,光迅科技,通信设备,0.0,0.023333333333333334,0.0,,0.12966101694915255,0.0,-0.019769357495881268,-0.0004612850082372296,1
strong_market_effective_participation_v1,baseline_2y_1y_5fold,5,2025-04-01,2026-03-31,mixed_or_unresolved_context,strong_up,mostly_above_trend,2025-03-31,2025-09-03,SZ.002384,东山精密,元器件,0.0,0.023333333333333334,0.0,,0.12966101694915255,0.0,0.015394282123782688,0.0003591999162215961,1
strong_market_effective_participation_v1,baseline_2y_1y_5fold,5,2025-04-01,2026-03-31,mixed_or_unresolved_context,strong_up,mostly_above_trend,2025-03-31,2025-09-03,SZ.002475,立讯精密,元器件,0.0,0.01959290736753295,0.0,,0.12966101694915255,0.0,-0.013242009132420018,-0.0002594494582915308,1
strong_market_effective_participation_v1,baseline_2y_1y_5fold,5,2025-04-01,2026-03-31,mixed_or_unresolved_context,strong_up,mostly_above_trend,2025-03-31,2025-09-03,SZ.002600,领益智造,元器件,0.0,0.01959290736753295,0.0,,0.12966101694915255,0.0,-0.033333333333333326,-0.0006530969122510983,1
strong_market_effective_participation_v1,baseline_2y_1y_5fold,5,2025-04-01,2026-03-31,mixed_or_unresolved_context,strong_up,mostly_above_trend,2025-03-31,2025-09-03,SZ.002625,光启技术,航空,0.035,0.023333333333333334,1.0,22.0,0.39053058216654385,0.21739130434782605,-0.06018518518518523,-0.0014043209876543222,1
strong_market_effective_participation_v1,baseline_2y_1y_5fold,5,2025-04-01,2026-03-31,mixed_or_unresolved_context,strong_up,mostly_above_trend,2025-03-31,2025-09-03,SZ.002916,深南电路,元器件,0.02,0.01959290736753295,1.0,4.0,0.7454089904200444,0.13043478260869568,0.031963977986547265,0.000626267259788283,1
strong_market_effective_participation_v1,baseline_2y_1y_5fold,5,2025-04-01,2026-03-31,mixed_or_unresolved_context,strong_up,mostly_above_trend,2025-03-31,2025-09-03,SZ.300014,亿纬锂能,电气设备,0.02,0.01959290736753295,1.0,2.0,0.8217317612380249,0.4347826086956522,0.12081947119593783,0.0023672047073363257,1
strong_market_effective_participation_v1,baseline_2y_1y_5fold,5,2025-04-01,2026-03-31,mixed_or_unresolved_context,strong_up,mostly_above_trend,2025-03-31,2025-09-03,SZ.300059,东方财富,证券,0.0271944,0.026640868005781904,1.0,16.0,0.4896978629329402,0.5217391304347826,-0.04380610412926389,-0.001167032637955257,1
strong_market_effective_participation_v1,baseline_2y_1y_5fold,5,2025-04-01,2026-03-31,mixed_or_unresolved_context,strong_up,mostly_above_trend,2025-03-31,2025-09-03,SZ.300124,汇川技术,电器仪表,0.02,0.01959290736753295,1.0,17.0,0.4890935887988209,0.8695652173913043,-0.02443257676902555,-0.0004787052133856551,1
strong_market_effective_participation_v1,baseline_2y_1y_5fold,5,2025-04-01,2026-03-31,mixed_or_unresolved_context,strong_up,mostly_above_trend,2025-03-31,2025-09-03,SZ.300274,阳光电源,电气设备,0.02,0.0,1.0,1.0,0.8812011790714813,0.04347826086956519,0.15303562468640242,0.0,0
strong_market_effective_participation_v1,baseline_2y_1y_5fold,5,2025-04-01,2026-03-31,mixed_or_unresolved_context,strong_up,mostly_above_trend,2025-03-31,2025-09-03,SZ.300339,润和软件,软件服务,0.0,0.023333333333333334,0.0,,0.12966101694915255,0.0,-0.030914415880247237,-0.0007213363705391023,1
strong_market_effective_participation_v1,baseline_2y_1y_5fold,5,2025-04-01,2026-03-31,mixed_or_unresolved_context,strong_up,mostly_above_trend,2025-03-31,2025-09-03,SZ.300433,蓝思科技,元器件,0.0,0.01959290736753295,0.0,,0.12966101694915255,0.0,-0.0066600066600066565,-0.00013048889355666294,1
strong_market_effective_participation_v1,baseline_2y_1y_5fold,5,2025-04-01,2026-03-31,mixed_or_unresolved_context,strong_up,mostly_above_trend,2025-03-31,2025-09-03,SZ.300458,全志科技,半导体,0.0,0.023333333333333334,0.0,,0.12966101694915255,0.0,0.006218905472636704,0.0001451077943615231,1
strong_market_effective_participation_v1,baseline_2y_1y_5fold,5,2025-04-01,2026-03-31,mixed_or_unresolved_context,strong_up,mostly_above_trend,2025-03-31,2025-09-03,SZ.300750,宁德时代,电气设备,0.060215399999999995,0.0,1.0,8.0,0.6904347826086956,0.6086956521739131,0.020239706804899837,0.0,0
strong_market_effective_participation_v1,baseline_2y_1y_5fold,5,2025-04-01,2026-03-31,mixed_or_unresolved_context,strong_up,mostly_above_trend,2025-03-31,2025-09-04,SH.600276,恒瑞医药,化学制药,0.0,0.022881600000000002,0.0,12.0,0.6823728813559321,0.675,-0.046262850791886634,-0.0010585680466796332,1
strong_market_effective_participation_v1,baseline_2y_1y_5fold,5,2025-04-01,2026-03-31,mixed_or_unresolved_context,strong_up,mostly_above_trend,2025-03-31,2025-09-04,SH.600580,卧龙电驱,电气设备,0.0,0.035,0.0,,0.11059322033898306,0.0,-0.06115879828326187,-0.0021405579399141656,1
strong_market_effective_participation_v1,baseline_2y_1y_5fold,5,2025-04-01,2026-03-31,mixed_or_unresolved_context,strong_up,mostly_above_trend,2025-03-31,2025-09-04,SH.601012,隆基绿能,电气设备,0.0,0.02,0.0,,0.11059322033898306,0.0,0.012805587892898762,0.00025611175785797527,1
strong_market_effective_participation_v1,baseline_2y_1y_5fold,5,2025-04-01,2026-03-31,mixed_or_unresolved_context,strong_up,mostly_above_trend,2025-03-31,2025-09-04,SH.601600,中国铝业,铝,0.0,0.02,0.0,37.0,0.3648983050847458,0.75,-0.04743589743589749,-0.0009487179487179498,1
strong_market_effective_participation_v1,baseline_2y_1y_5fold,5,2025-04-01,2026-03-31,mixed_or_unresolved_context,strong_up,mostly_above_trend,2025-03-31,2025-09-04,SH.601689,拓普集团,汽车配件,0.0,0.02,0.0,13.0,0.6748135593220339,0.4,-0.04953846153846153,-0.0009907692307692306,1
strong_market_effective_participation_v1,baseline_2y_1y_5fold,5,2025-04-01,2026-03-31,mixed_or_unresolved_context,strong_up,mostly_above_trend,2025-03-31,2025-09-04,SH.603893,瑞芯微,半导体,0.0,0.035,0.0,22.0,0.5830932203389829,0.07499999999999996,-0.05692985428668251,-0.0019925449000338883,1
strong_market_effective_participation_v1,baseline_2y_1y_5fold,5,2025-04-01,2026-03-31,mixed_or_unresolved_context,strong_up,mostly_above_trend,2025-03-31,2025-09-04,SH.603986,兆易创新,半导体,0.0,0.02,0.0,10.0,0.7192372881355932,0.19999999999999996,-0.1000058448769654,-0.002000116897539308,1
strong_market_effective_participation_v1,baseline_2y_1y_5fold,5,2025-04-01,2026-03-31,mixed_or_unresolved_context,strong_up,mostly_above_trend,2025-03-31,2025-09-04,SH.603993,洛阳钼业,小金属,0.0,0.02,0.0,2.0,0.8921525423728813,0.375,-0.08864468864468866,-0.0017728937728937733,1
strong_market_effective_participation_v1,baseline_2y_1y_5fold,5,2025-04-01,2026-03-31,mixed_or_unresolved_context,strong_up,mostly_above_trend,2025-03-31,2025-09-04,SH.688008,澜起科技,半导体,0.0,0.02,0.0,17.0,0.6359915254237287,0.275,-0.0856965063561207,-0.001713930127122414,1
strong_market_effective_participation_v1,baseline_2y_1y_5fold,5,2025-04-01,2026-03-31,mixed_or_unresolved_context,strong_up,mostly_above_trend,2025-03-31,2025-09-04,SZ.000333,美的集团,家用电器,0.0,0.027298799999999998,0.0,35.0,0.39691525423728824,0.975,-0.00039672044432692566,-1.0829992065591878e-05,1
strong_market_effective_participation_v1,baseline_2y_1y_5fold,5,2025-04-01,2026-03-31,mixed_or_unresolved_context,strong_up,mostly_above_trend,2025-03-31,2025-09-04,SZ.000858,五 粮 液,白酒,0.0,0.02,0.0,,0.11059322033898306,0.0,-0.008766387616490179,-0.00017532775232980357,1
strong_market_effective_participation_v1,baseline_2y_1y_5fold,5,2025-04-01,2026-03-31,mixed_or_unresolved_context,strong_up,mostly_above_trend,2025-03-31,2025-09-04,SZ.000988,华工科技,专用机械,0.0,0.035,0.0,11.0,0.691593220338983,0.32499999999999996,-0.10000000000000009,-0.0035000000000000035,1
strong_market_effective_participation_v1,baseline_2y_1y_5fold,5,2025-04-01,2026-03-31,mixed_or_unresolved_context,strong_up,mostly_above_trend,2025-03-31,2025-09-04,SZ.002050,三花智控,家用电器,0.0,0.02,0.0,33.0,0.4194830508474577,0.625,-0.046720000000000095,-0.0009344000000000019,1
strong_market_effective_participation_v1,baseline_2y_1y_5fold,5,2025-04-01,2026-03-31,mixed_or_unresolved_context,strong_up,mostly_above_trend,2025-03-31,2025-09-04,SZ.002156,通富微电,半导体,0.0,0.035,0.0,21.0,0.590093220338983,0.42500000000000004,-0.10011312217194568,-0.003503959276018099,1
strong_market_effective_participation_v1,baseline_2y_1y_5fold,5,2025-04-01,2026-03-31,mixed_or_unresolved_context,strong_up,mostly_above_trend,2025-03-31,2025-09-04,SZ.002195,岩山科技,软件服务,0.0,0.035,0.0,16.0,0.6375932203389831,0.09999999999999998,-0.0997782705099779,-0.0034922394678492267,1
strong_market_effective_participation_v1,baseline_2y_1y_5fold,5,2025-04-01,2026-03-31,mixed_or_unresolved_context,strong_up,mostly_above_trend,2025-03-31,2025-09-04,SZ.002230,科大讯飞,软件服务,0.0,0.02,0.0,38.0,0.3547796610169492,0.825,-0.03718199608610584,-0.0007436399217221169,1
strong_market_effective_participation_v1,baseline_2y_1y_5fold,5,2025-04-01,2026-03-31,mixed_or_unresolved_context,strong_up,mostly_above_trend,2025-03-31,2025-09-04,SZ.002625,光启技术,航空,0.0,0.035,0.0,40.0,0.3235932203389831,0.25,-0.061986863711001594,-0.002169540229885056,1
strong_market_effective_participation_v1,baseline_2y_1y_5fold,5,2025-04-01,2026-03-31,mixed_or_unresolved_context,strong_up,mostly_above_trend,2025-03-31,2025-09-04,SZ.002916,深南电路,元器件,0.0,0.02,0.0,3.0,0.817271186440678,0.0,-0.09071320836026708,-0.0018142641672053417,1
strong_market_effective_participation_v1,baseline_2y_1y_5fold,5,2025-04-01,2026-03-31,mixed_or_unresolved_context,strong_up,mostly_above_trend,2025-03-31,2025-09-04,SZ.300014,亿纬锂能,电气设备,0.0,0.02,0.0,,0.11059322033898306,0.0,0.04514919543821261,0.0009029839087642522,1
strong_market_effective_participation_v1,baseline_2y_1y_5fold,5,2025-04-01,2026-03-31,mixed_or_unresolved_context,strong_up,mostly_above_trend,2025-03-31,2025-09-04,SZ.300059,东方财富,证券,0.0,0.0271944,0.0,,0.11059322033898306,0.0,-0.015771686068343782,-0.00042890153961696817,1
strong_market_effective_participation_v1,baseline_2y_1y_5fold,5,2025-04-01,2026-03-31,mixed_or_unresolved_context,strong_up,mostly_above_trend,2025-03-31,2025-09-04,SZ.300124,汇川技术,电器仪表,0.0,0.02,0.0,27.0,0.5070338983050846,0.875,-0.022581086629259506,-0.00045162173258519013,1
strong_market_effective_participation_v1,baseline_2y_1y_5fold,5,2025-04-01,2026-03-31,mixed_or_unresolved_context,strong_up,mostly_above_trend,2025-03-31,2025-09-04,SZ.300274,阳光电源,电气设备,0.0,0.02,0.0,,0.11059322033898306,0.0,0.009573542210617791,0.00019147084421235585,1
strong_market_effective_participation_v1,baseline_2y_1y_5fold,5,2025-04-01,2026-03-31,mixed_or_unresolved_context,strong_up,mostly_above_trend,2025-03-31,2025-09-04,SZ.300750,宁德时代,电气设备,0.0,0.060215399999999995,0.0,5.0,0.775,0.575,-0.016084142394822143,-0.0009685130679611732,1
strong_market_effective_participation_v1,baseline_2y_1y_5fold,5,2025-04-01,2026-03-31,mixed_or_unresolved_context,strong_up,mostly_above_trend,2025-03-31,2025-09-23,SH.601138,工业富联,通信设备,0.02,0.0,1.0,1.0,0.9380000000000001,0.44999999999999996,0.005248226950354873,0.0,0
strong_market_effective_participation_v1,baseline_2y_1y_5fold,5,2025-04-01,2026-03-31,mixed_or_unresolved_context,strong_up,mostly_above_trend,2025-03-31,2025-09-23,SH.603019,中科曙光,IT设备,0.02,0.0,1.0,11.0,0.6224999999999998,0.30000000000000004,-0.02365756105863326,-0.0,0
strong_market_effective_participation_v1,baseline_2y_1y_5fold,5,2025-04-01,2026-03-31,mixed_or_unresolved_context,strong_up,mostly_above_trend,2025-03-31,2025-09-23,SH.603501,豪威集团,半导体,0.02,0.0,1.0,16.0,0.44300000000000006,0.95,-0.022623197320757127,-0.0,0
strong_market_effective_participation_v1,baseline_2y_1y_5fold,5,2025-04-01,2026-03-31,mixed_or_unresolved_context,strong_up,mostly_above_trend,2025-03-31,2025-09-23,SH.603893,瑞芯微,半导体,0.042,0.0,1.0,17.0,0.41350000000000003,0.35,-0.022054025838444402,-0.0,0
strong_market_effective_participation_v1,baseline_2y_1y_5fold,5,2025-04-01,2026-03-31,mixed_or_unresolved_context,strong_up,mostly_above_trend,2025-03-31,2025-09-23,SH.688008,澜起科技,半导体,0.02,0.0,1.0,10.0,0.639,0.75,0.008141112618724522,0.0,0
strong_market_effective_participation_v1,baseline_2y_1y_5fold,5,2025-04-01,2026-03-31,mixed_or_unresolved_context,strong_up,mostly_above_trend,2025-03-31,2025-09-23,SH.688012,DR中微公,半导体,0.02,0.0,1.0,9.0,0.6875,0.4,0.09119251753702251,0.0,0
strong_market_effective_participation_v1,baseline_2y_1y_5fold,5,2025-04-01,2026-03-31,mixed_or_unresolved_context,strong_up,mostly_above_trend,2025-03-31,2025-09-23,SH.688981,中芯国际,半导体,0.02,0.0,1.0,8.0,0.6994999999999999,0.0,-0.0031802668321438965,-0.0,0
strong_market_effective_participation_v1,baseline_2y_1y_5fold,5,2025-04-01,2026-03-31,mixed_or_unresolved_context,strong_up,mostly_above_trend,2025-03-31,2025-09-23,SZ.000938,紫光股份,IT设备,0.02,0.0,1.0,19.0,0.3910000000000001,0.8,-0.03380374138496878,-0.0,0
strong_market_effective_participation_v1,baseline_2y_1y_5fold,5,2025-04-01,2026-03-31,mixed_or_unresolved_context,strong_up,mostly_above_trend,2025-03-31,2025-09-23,SZ.000988,华工科技,专用机械,0.042,0.0,1.0,5.0,0.7304999999999999,0.5,-0.04439631835408764,-0.0,0
strong_market_effective_participation_v1,baseline_2y_1y_5fold,5,2025-04-01,2026-03-31,mixed_or_unresolved_context,strong_up,mostly_above_trend,2025-03-31,2025-09-23,SZ.002050,三花智控,家用电器,0.02,0.0,1.0,6.0,0.715,0.55,0.04794042355131478,0.0,0
strong_market_effective_participation_v1,baseline_2y_1y_5fold,5,2025-04-01,2026-03-31,mixed_or_unresolved_context,strong_up,mostly_above_trend,2025-03-31,2025-09-23,SZ.002065,东华软件,软件服务,0.042,0.0,1.0,20.0,0.34349999999999997,0.65,0.07413945278022949,0.0,0
strong_market_effective_participation_v1,baseline_2y_1y_5fold,5,2025-04-01,2026-03-31,mixed_or_unresolved_context,strong_up,mostly_above_trend,2025-03-31,2025-09-23,SZ.002241,歌尔股份,元器件,0.02,0.0,1.0,14.0,0.49750000000000005,0.85,-0.028173022196926634,-0.0,0
strong_market_effective_participation_v1,baseline_2y_1y_5fold,5,2025-04-01,2026-03-31,mixed_or_unresolved_context,strong_up,mostly_above_trend,2025-03-31,2025-09-23,SZ.002281,光迅科技,通信设备,0.042,0.0,1.0,15.0,0.45649999999999996,0.25,-0.049012933968686334,-0.0,0
strong_market_effective_participation_v1,baseline_2y_1y_5fold,5,2025-04-01,2026-03-31,mixed_or_unresolved_context,strong_up,mostly_above_trend,2025-03-31,2025-09-23,SZ.002384,东山精密,元器件,0.042,0.0,1.0,12.0,0.5405,0.050000000000000044,-0.04351087771942985,-0.0,0
strong_market_effective_participation_v1,baseline_2y_1y_5fold,5,2025-04-01,2026-03-31,mixed_or_unresolved_context,strong_up,mostly_above_trend,2025-03-31,2025-09-23,SZ.002463,沪电股份,元器件,0.02,0.0,1.0,7.0,0.7149999999999999,0.19999999999999996,-0.026979765176117887,-0.0,0
strong_market_effective_participation_v1,baseline_2y_1y_5fold,5,2025-04-01,2026-03-31,mixed_or_unresolved_context,strong_up,mostly_above_trend,2025-03-31,2025-09-23,SZ.002475,立讯精密,元器件,0.02,0.0,1.0,3.0,0.836,0.7,0.07793273174733395,0.0,0
strong_market_effective_participation_v1,baseline_2y_1y_5fold,5,2025-04-01,2026-03-31,mixed_or_unresolved_context,strong_up,mostly_above_trend,2025-03-31,2025-09-23,SZ.002916,深南电路,元器件,0.02,0.0,1.0,4.0,0.7464999999999999,0.09999999999999998,0.01918063314711338,0.0,0
strong_market_effective_participation_v1,baseline_2y_1y_5fold,5,2025-04-01,2026-03-31,mixed_or_unresolved_context,strong_up,mostly_above_trend,2025-03-31,2025-09-23,SZ.300274,阳光电源,电气设备,0.02,0.0,1.0,2.0,0.8955,0.15000000000000002,0.04598119944618517,0.0,0
strong_market_effective_participation_v1,baseline_2y_1y_5fold,5,2025-04-01,2026-03-31,mixed_or_unresolved_context,strong_up,mostly_above_trend,2025-03-31,2025-09-23,SZ.300418,昆仑万维,互联网,0.02,0.0,1.0,18.0,0.403,0.9,0.01688159437280179,0.0,0
strong_market_effective_participation_v1,baseline_2y_1y_5fold,5,2025-04-01,2026-03-31,mixed_or_unresolved_context,strong_up,mostly_above_trend,2025-03-31,2025-09-23,SZ.300433,蓝思科技,元器件,0.02,0.0,1.0,13.0,0.5165,0.6,-0.029046898638426466,-0.0,0
strong_market_effective_participation_v1,baseline_2y_1y_5fold,5,2025-04-01,2026-03-31,mixed_or_unresolved_context,strong_up,mostly_above_trend,2025-03-31,2025-09-24,SH.600031,三一重工,工程机械,0.02,0.0,1.0,20.0,0.5094230769230769,0.8846153846153846,0.02866389274156278,0.0,0
strong_market_effective_participation_v1,baseline_2y_1y_5fold,5,2025-04-01,2026-03-31,mixed_or_unresolved_context,strong_up,mostly_above_trend,2025-03-31,2025-09-24,SH.600580,卧龙电驱,电气设备,0.035,0.0,1.0,8.0,0.6970192307692308,0.07692307692307687,-0.05360863799962112,-0.0,0
strong_market_effective_participation_v1,baseline_2y_1y_5fold,5,2025-04-01,2026-03-31,mixed_or_unresolved_context,strong_up,mostly_above_trend,2025-03-31,2025-09-24,SH.600584,长电科技,半导体,0.02,0.0,1.0,13.0,0.6230769230769232,0.6538461538461539,0.05102040816326525,0.0,0
strong_market_effective_participation_v1,baseline_2y_1y_5fold,5,2025-04-01,2026-03-31,mixed_or_unresolved_context,strong_up,mostly_above_trend,2025-03-31,2025-09-24,SH.601012,隆基绿能,电气设备,0.02,0.0,1.0,16.0,0.5417307692307692,0.8076923076923077,0.06813996316758741,0.0,0
strong_market_effective_participation_v1,baseline_2y_1y_5fold,5,2025-04-01,2026-03-31,mixed_or_unresolved_context,strong_up,mostly_above_trend,2025-03-31,2025-09-24,SH.601138,工业富联,通信设备,0.0,0.02,0.0,,0.12625,0.0,-0.031607168054184065,-0.0006321433610836813,1
strong_market_effective_participation_v1,baseline_2y_1y_5fold,5,2025-04-01,2026-03-31,mixed_or_unresolved_context,strong_up,mostly_above_trend,2025-03-31,2025-09-24,SH.603019,中科曙光,IT设备,0.0,0.02,0.0,,0.12625,0.0,0.02457944739823925,0.0004915889479647851,1
strong_market_effective_participation_v1,baseline_2y_1y_5fold,5,2025-04-01,2026-03-31,mixed_or_unresolved_context,strong_up,mostly_above_trend,2025-03-31,2025-09-24,SH.603501,豪威集团,半导体,0.02,0.02,1.0,14.0,0.596153846153846,0.7307692307692308,0.03916083916083912,0.0007832167832167824,1
strong_market_effective_participation_v1,baseline_2y_1y_5fold,5,2025-04-01,2026-03-31,mixed_or_unresolved_context,strong_up,mostly_above_trend,2025-03-31,2025-09-24,SH.603799,华友钴业,小金属,0.02,0.0,1.0,10.0,0.6686538461538462,0.5769230769230769,0.057926829268292845,0.0,0
strong_market_effective_participation_v1,baseline_2y_1y_5fold,5,2025-04-01,2026-03-31,mixed_or_unresolved_context,strong_up,mostly_above_trend,2025-03-31,2025-09-24,SH.603893,瑞芯微,半导体,0.0,0.042,0.0,,0.12625,0.0,-0.0035584022773774704,-0.00014945289564985377,1
strong_market_effective_participation_v1,baseline_2y_1y_5fold,5,2025-04-01,2026-03-31,mixed_or_unresolved_context,strong_up,mostly_above_trend,2025-03-31,2025-09-24,SH.688008,澜起科技,半导体,0.02,0.02,1.0,5.0,0.7849999999999999,0.34615384615384615,0.07560763201646736,0.0015121526403293474,1
strong_market_effective_participation_v1,baseline_2y_1y_5fold,5,2025-04-01,2026-03-31,mixed_or_unresolved_context,strong_up,mostly_above_trend,2025-03-31,2025-09-24,SH.688012,DR中微公,半导体,0.02,0.02,1.0,3.0,0.796923076923077,0.15384615384615385,0.03750000000000009,0.0007500000000000018,1
strong_market_effective_participation_v1,baseline_2y_1y_5fold,5,2025-04-01,2026-03-31,mixed_or_unresolved_context,strong_up,mostly_above_trend,2025-03-31,2025-09-24,SH.688981,中芯国际,半导体,0.02,0.02,1.0,4.0,0.7867307692307692,0.038461538461538436,0.05034627655435364,0.0010069255310870729,1
strong_market_effective_participation_v1,baseline_2y_1y_5fold,5,2025-04-01,2026-03-31,mixed_or_unresolved_context,strong_up,mostly_above_trend,2025-03-31,2025-09-24,SZ.000725,京东方Ａ,元器件,0.02,0.0,1.0,19.0,0.5140384615384616,0.9615384615384616,0.012019230769230616,0.0,0
strong_market_effective_participation_v1,baseline_2y_1y_5fold,5,2025-04-01,2026-03-31,mixed_or_unresolved_context,strong_up,mostly_above_trend,2025-03-31,2025-09-24,SZ.000938,紫光股份,IT设备,0.02,0.02,1.0,18.0,0.5259615384615384,0.42307692307692313,0.03600543478260865,0.0007201086956521729,1
strong_market_effective_participation_v1,baseline_2y_1y_5fold,5,2025-04-01,2026-03-31,mixed_or_unresolved_context,strong_up,mostly_above_trend,2025-03-31,2025-09-24,SZ.000977,浪潮信息,IT设备,0.02,0.0,1.0,17.0,0.5326923076923076,0.5384615384615384,0.029481834425253206,0.0,0
strong_market_effective_participation_v1,baseline_2y_1y_5fold,5,2025-04-01,2026-03-31,mixed_or_unresolved_context,strong_up,mostly_above_trend,2025-03-31,2025-09-24,SZ.000988,华工科技,专用机械,0.0,0.042,0.0,,0.12625,0.0,0.006232294617563694,0.0002617563739376752,1
strong_market_effective_participation_v1,baseline_2y_1y_5fold,5,2025-04-01,2026-03-31,mixed_or_unresolved_context,strong_up,mostly_above_trend,2025-03-31,2025-09-24,SZ.002050,三花智控,家用电器,0.02,0.02,1.0,9.0,0.6775,0.1923076923076923,-0.010659560293138082,-0.00021319120586276165,1
strong_market_effective_participation_v1,baseline_2y_1y_5fold,5,2025-04-01,2026-03-31,mixed_or_unresolved_context,strong_up,mostly_above_trend,2025-03-31,2025-09-24,SZ.002065,东华软件,软件服务,0.035,0.042,1.0,25.0,0.29471153846153847,0.2692307692307693,-0.06080525883319643,-0.0025538208709942503,1
strong_market_effective_participation_v1,baseline_2y_1y_5fold,5,2025-04-01,2026-03-31,mixed_or_unresolved_context,strong_up,mostly_above_trend,2025-03-31,2025-09-24,SZ.002085,万丰奥威,汽车配件,0.035,0.0,1.0,23.0,0.42240384615384613,0.7692307692307692,0.04474393530997278,0.0,0
strong_market_effective_participation_v1,baseline_2y_1y_5fold,5,2025-04-01,2026-03-31,mixed_or_unresolved_context,strong_up,mostly_above_trend,2025-03-31,2025-09-24,SZ.002230,科大讯飞,软件服务,0.02,0.0,1.0,22.0,0.4805769230769231,0.6923076923076923,0.06582768635043568,0.0,0
strong_market_effective_participation_v1,baseline_2y_1y_5fold,5,2025-04-01,2026-03-31,mixed_or_unresolved_context,strong_up,mostly_above_trend,2025-03-31,2025-09-24,SZ.002241,歌尔股份,元器件,0.0,0.02,0.0,,0.12625,0.0,0.019033674963396807,0.0003806734992679362,1
strong_market_effective_participation_v1,baseline_2y_1y_5fold,5,2025-04-01,2026-03-31,mixed_or_unresolved_context,strong_up,mostly_above_trend,2025-03-31,2025-09-24,SZ.002281,光迅科技,通信设备,0.0,0.042,0.0,,0.12625,0.0,-0.015032211882605506,-0.0006313528990694313,1
strong_market_effective_participation_v1,baseline_2y_1y_5fold,5,2025-04-01,2026-03-31,mixed_or_unresolved_context,strong_up,mostly_above_trend,2025-03-31,2025-09-24,SZ.002371,北方华创,半导体,0.02,0.0,1.0,6.0,0.7611538461538461,0.46153846153846156,0.10000000000000009,0.0,0
strong_market_effective_participation_v1,baseline_2y_1y_5fold,5,2025-04-01,2026-03-31,mixed_or_unresolved_context,strong_up,mostly_above_trend,2025-03-31,2025-09-24,SZ.002384,东山精密,元器件,0.0,0.042,0.0,,0.12625,0.0,-0.021568627450980427,-0.000905882352941178,1
strong_market_effective_participation_v1,baseline_2y_1y_5fold,5,2025-04-01,2026-03-31,mixed_or_unresolved_context,strong_up,mostly_above_trend,2025-03-31,2025-09-24,SZ.002415,海康威视,IT设备,0.02,0.0,1.0,24.0,0.4111538461538462,0.9230769230769231,0.022449653350940846,0.0,0
strong_market_effective_participation_v1,baseline_2y_1y_5fold,5,2025-04-01,2026-03-31,mixed_or_unresolved_context,strong_up,mostly_above_trend,2025-03-31,2025-09-24,SZ.002463,沪电股份,元器件,0.0,0.02,0.0,,0.12625,0.0,-0.04428754813863933,-0.0008857509627727867,1
strong_market_effective_participation_v1,baseline_2y_1y_5fold,5,2025-04-01,2026-03-31,mixed_or_unresolved_context,strong_up,mostly_above_trend,2025-03-31,2025-09-24,SZ.002475,立讯精密,元器件,0.02,0.02,1.0,1.0,0.8961538461538461,0.3846153846153846,0.06849315068493134,0.0013698630136986267,1
strong_market_effective_participation_v1,baseline_2y_1y_5fold,5,2025-04-01,2026-03-31,mixed_or_unresolved_context,strong_up,mostly_above_trend,2025-03-31,2025-09-24,SZ.002600,领益智造,元器件,0.02,0.0,1.0,11.0,0.6426923076923076,0.23076923076923073,0.028966425279789654,0.0,0
strong_market_effective_participation_v1,baseline_2y_1y_5fold,5,2025-04-01,2026-03-31,mixed_or_unresolved_context,strong_up,mostly_above_trend,2025-03-31,2025-09-24,SZ.002916,深南电路,元器件,0.0,0.02,0.0,,0.12625,0.0,-0.03805042938059555,-0.000761008587611911,1
strong_market_effective_participation_v1,baseline_2y_1y_5fold,5,2025-04-01,2026-03-31,mixed_or_unresolved_context,strong_up,mostly_above_trend,2025-03-31,2025-09-24,SZ.300115,长盈精密,元器件,0.035,0.0,1.0,7.0,0.7085576923076924,0.0,0.08933954508084407,0.0,0
strong_market_effective_participation_v1,baseline_2y_1y_5fold,5,2025-04-01,2026-03-31,mixed_or_unresolved_context,strong_up,mostly_above_trend,2025-03-31,2025-09-24,SZ.300124,汇川技术,电器仪表,0.02,0.0,1.0,12.0,0.6236538461538461,0.5,0.045157384987893456,0.0,0
strong_market_effective_participation_v1,baseline_2y_1y_5fold,5,2025-04-01,2026-03-31,mixed_or_unresolved_context,strong_up,mostly_above_trend,2025-03-31,2025-09-24,SZ.300251,光线传媒,影视音像,0.035,0.0,1.0,26.0,0.25240384615384615,0.8461538461538461,0.032440782698249127,0.0,0
strong_market_effective_participation_v1,baseline_2y_1y_5fold,5,2025-04-01,2026-03-31,mixed_or_unresolved_context,strong_up,mostly_above_trend,2025-03-31,2025-09-24,SZ.300274,阳光电源,电气设备,0.02,0.02,1.0,2.0,0.8961538461538461,0.11538461538461542,0.0742650132367284,0.0014853002647345682,1
strong_market_effective_participation_v1,baseline_2y_1y_5fold,5,2025-04-01,2026-03-31,mixed_or_unresolved_context,strong_up,mostly_above_trend,2025-03-31,2025-09-24,SZ.300418,昆仑万维,互联网,0.02,0.02,1.0,15.0,0.5809615384615385,0.6153846153846154,0.04703712243486269,0.0009407424486972538,1
strong_market_effective_participation_v1,baseline_2y_1y_5fold,5,2025-04-01,2026-03-31,mixed_or_unresolved_context,strong_up,mostly_above_trend,2025-03-31,2025-09-24,SZ.300433,蓝思科技,元器件,0.0,0.02,0.0,,0.12625,0.0,0.03832969772514794,0.0007665939545029588,1
strong_market_effective_participation_v1,baseline_2y_1y_5fold,5,2025-04-01,2026-03-31,mixed_or_unresolved_context,strong_up,mostly_above_trend,2025-03-31,2025-09-24,SZ.300458,全志科技,半导体,0.035,0.0,1.0,21.0,0.4870192307692308,0.3076923076923077,0.04250604351329579,0.0,0
strong_market_effective_participation_v1,baseline_2y_1y_5fold,5,2025-04-01,2026-03-31,mixed_or_unresolved_context,strong_up,mostly_above_trend,2025-03-31,2025-09-25,SH.600031,三一重工,工程机械,0.0,0.02,0.0,,0.1275,0.0,-0.004494382022472099,-8.988764044944198e-05,1
strong_market_effective_participation_v1,baseline_2y_1y_5fold,5,2025-04-01,2026-03-31,mixed_or_unresolved_context,strong_up,mostly_above_trend,2025-03-31,2025-09-25,SH.600580,卧龙电驱,电气设备,0.0,0.035,0.0,,0.1275,0.0,-0.039231385108086436,-0.0013730984787830255,1
strong_market_effective_participation_v1,baseline_2y_1y_5fold,5,2025-04-01,2026-03-31,mixed_or_unresolved_context,strong_up,mostly_above_trend,2025-03-31,2025-09-25,SH.600584,长电科技,半导体,0.02,0.02,1.0,12.0,0.5991304347826087,0.6086956521739131,0.03932038834951457,0.0007864077669902914,1
strong_market_effective_participation_v1,baseline_2y_1y_5fold,5,2025-04-01,2026-03-31,mixed_or_unresolved_context,strong_up,mostly_above_trend,2025-03-31,2025-09-25,SH.601012,隆基绿能,电气设备,0.02,0.02,1.0,15.0,0.5689130434782608,0.8260869565217391,0.020689655172414056,0.00041379310344828116,1
strong_market_effective_participation_v1,baseline_2y_1y_5fold,5,2025-04-01,2026-03-31,mixed_or_unresolved_context,strong_up,mostly_above_trend,2025-03-31,2025-09-25,SH.601127,赛力斯,汽车整车,0.02,0.0,1.0,20.0,0.48,0.9130434782608696,0.03697244506452746,0.0,0
strong_market_effective_participation_v1,baseline_2y_1y_5fold,5,2025-04-01,2026-03-31,mixed_or_unresolved_context,strong_up,mostly_above_trend,2025-03-31,2025-09-25,SH.601899,紫金矿业,铜,0.030105,0.0,1.0,9.0,0.6844565217391304,0.6956521739130435,0.051677593521018084,0.0,0
strong_market_effective_participation_v1,baseline_2y_1y_5fold,5,2025-04-01,2026-03-31,mixed_or_unresolved_context,strong_up,mostly_above_trend,2025-03-31,2025-09-25,SH.603019,中科曙光,IT设备,0.02,0.0,1.0,6.0,0.7274999999999999,0.21739130434782605,0.06763079540621009,0.0,0
strong_market_effective_participation_v1,baseline_2y_1y_5fold,5,2025-04-01,2026-03-31,mixed_or_unresolved_context,strong_up,mostly_above_trend,2025-03-31,2025-09-25,SH.603501,豪威集团,半导体,0.02,0.02,1.0,14.0,0.5702173913043479,0.782608695652174,0.013930013458950175,0.0002786002691790035,1
strong_market_effective_participation_v1,baseline_2y_1y_5fold,5,2025-04-01,2026-03-31,mixed_or_unresolved_context,strong_up,mostly_above_trend,2025-03-31,2025-09-25,SH.603799,华友钴业,小金属,0.0,0.02,0.0,,0.1275,0.0,0.0016210374639769043,3.2420749279538084e-05,1
strong_market_effective_participation_v1,baseline_2y_1y_5fold,5,2025-04-01,2026-03-31,mixed_or_unresolved_context,strong_up,mostly_above_trend,2025-03-31,2025-09-25,SH.603993,洛阳钼业,小金属,0.02,0.0,1.0,7.0,0.7072826086956522,0.34782608695652173,0.09904912836767044,0.0,0
strong_market_effective_participation_v1,baseline_2y_1y_5fold,5,2025-04-01,2026-03-31,mixed_or_unresolved_context,strong_up,mostly_above_trend,2025-03-31,2025-09-25,SH.688008,澜起科技,半导体,0.0,0.02,0.0,,0.1275,0.0,0.005446783453554982,0.00010893566907109964,1
strong_market_effective_participation_v1,baseline_2y_1y_5fold,5,2025-04-01,2026-03-31,mixed_or_unresolved_context,strong_up,mostly_above_trend,2025-03-31,2025-09-25,SH.688012,DR中微公,半导体,0.0,0.02,0.0,,0.1275,0.0,-0.008605851979345935,-0.0001721170395869187,1
strong_market_effective_participation_v1,baseline_2y_1y_5fold,5,2025-04-01,2026-03-31,mixed_or_unresolved_context,strong_up,mostly_above_trend,2025-03-31,2025-09-25,SH.688041,海光信息,半导体,0.02,0.0,1.0,4.0,0.7723913043478261,0.0,0.030897687483166125,0.0,0
strong_market_effective_participation_v1,baseline_2y_1y_5fold,5,2025-04-01,2026-03-31,mixed_or_unresolved_context,strong_up,mostly_above_trend,2025-03-31,2025-09-25,SH.688981,中芯国际,半导体,0.0,0.02,0.0,,0.1275,0.0,-0.006445399318417366,-0.00012890798636834734,1
strong_market_effective_participation_v1,baseline_2y_1y_5fold,5,2025-04-01,2026-03-31,mixed_or_unresolved_context,strong_up,mostly_above_trend,2025-03-31,2025-09-25,SZ.000725,京东方Ａ,元器件,0.0,0.02,0.0,,0.1275,0.0,-0.009501187648456089,-0.00019002375296912178,1
strong_market_effective_participation_v1,baseline_2y_1y_5fold,5,2025-04-01,2026-03-31,mixed_or_unresolved_context,strong_up,mostly_above_trend,2025-03-31,2025-09-25,SZ.000938,紫光股份,IT设备,0.02,0.02,1.0,19.0,0.5175,0.4347826086956522,0.03311475409836073,0.0006622950819672146,1
strong_market_effective_participation_v1,baseline_2y_1y_5fold,5,2025-04-01,2026-03-31,mixed_or_unresolved_context,strong_up,mostly_above_trend,2025-03-31,2025-09-25,SZ.000977,浪潮信息,IT设备,0.02,0.02,1.0,13.0,0.5936956521739128,0.3913043478260869,0.09994214636968457,0.0019988429273936916,1
strong_market_effective_participation_v1,baseline_2y_1y_5fold,5,2025-04-01,2026-03-31,mixed_or_unresolved_context,strong_up,mostly_above_trend,2025-03-31,2025-09-25,SZ.000988,华工科技,专用机械,0.0525,0.0,1.0,5.0,0.7370652173913045,0.17391304347826086,0.10000000000000009,0.0,0
strong_market_effective_participation_v1,baseline_2y_1y_5fold,5,2025-04-01,2026-03-31,mixed_or_unresolved_context,strong_up,mostly_above_trend,2025-03-31,2025-09-25,SZ.002049,紫光国微,半导体,0.02,0.0,1.0,17.0,0.5306521739130435,0.8695652173913043,0.027020418144027225,0.0,0
strong_market_effective_participation_v1,baseline_2y_1y_5fold,5,2025-04-01,2026-03-31,mixed_or_unresolved_context,strong_up,mostly_above_trend,2025-03-31,2025-09-25,SZ.002050,三花智控,家用电器,0.02,0.02,1.0,10.0,0.638804347826087,0.26086956521739135,-0.011223344556677839,-0.00022446689113355677,1
strong_market_effective_participation_v1,baseline_2y_1y_5fold,5,2025-04-01,2026-03-31,mixed_or_unresolved_context,strong_up,mostly_above_trend,2025-03-31,2025-09-25,SZ.002065,东华软件,软件服务,0.0,0.035,0.0,,0.1275,0.0,-0.03237095363079612,-0.0011329833770778643,1
strong_market_effective_participation_v1,baseline_2y_1y_5fold,5,2025-04-01,2026-03-31,mixed_or_unresolved_context,strong_up,mostly_above_trend,2025-03-31,2025-09-25,SZ.002085,万丰奥威,汽车配件,0.0525,0.035,1.0,23.0,0.2918478260869566,0.7391304347826086,-0.03353973168214641,-0.0011738906088751245,1
strong_market_effective_participation_v1,baseline_2y_1y_5fold,5,2025-04-01,2026-03-31,mixed_or_unresolved_context,strong_up,mostly_above_trend,2025-03-31,2025-09-25,SZ.002156,通富微电,半导体,0.0525,0.0,1.0,11.0,0.6066304347826088,0.30434782608695654,0.028632025450689325,0.0,0
strong_market_effective_participation_v1,baseline_2y_1y_5fold,5,2025-04-01,2026-03-31,mixed_or_unresolved_context,strong_up,mostly_above_trend,2025-03-31,2025-09-25,SZ.002230,科大讯飞,软件服务,0.02,0.02,1.0,21.0,0.4729347826086956,0.6521739130434783,0.02034514078110794,0.0004069028156221588,1
strong_market_effective_participation_v1,baseline_2y_1y_5fold,5,2025-04-01,2026-03-31,mixed_or_unresolved_context,strong_up,mostly_above_trend,2025-03-31,2025-09-25,SZ.002241,歌尔股份,元器件,0.02,0.0,1.0,16.0,0.5317391304347826,0.5217391304347826,0.02787356321839085,0.0,0
strong_market_effective_participation_v1,baseline_2y_1y_5fold,5,2025-04-01,2026-03-31,mixed_or_unresolved_context,strong_up,mostly_above_trend,2025-03-31,2025-09-25,SZ.002371,北方华创,半导体,0.02,0.02,1.0,8.0,0.6933695652173912,0.5652173913043479,-0.015260050360336952,-0.00030520100720673906,1
strong_market_effective_participation_v1,baseline_2y_1y_5fold,5,2025-04-01,2026-03-31,mixed_or_unresolved_context,strong_up,mostly_above_trend,2025-03-31,2025-09-25,SZ.002384,东山精密,元器件,0.0525,0.0,1.0,18.0,0.5292391304347825,0.04347826086956519,-0.010153640614562365,-0.0,0
strong_market_effective_participation_v1,baseline_2y_1y_5fold,5,2025-04-01,2026-03-31,mixed_or_unresolved_context,strong_up,mostly_above_trend,2025-03-31,2025-09-25,SZ.002415,海康威视,IT设备,0.02,0.02,1.0,22.0,0.4009782608695652,0.9565217391304348,0.008718114304165248,0.00017436228608330495,1
strong_market_effective_participation_v1,baseline_2y_1y_5fold,5,2025-04-01,2026-03-31,mixed_or_unresolved_context,strong_up,mostly_above_trend,2025-03-31,2025-09-25,SZ.002475,立讯精密,元器件,0.0,0.02,0.0,,0.1275,0.0,-0.020797720797720798,-0.00041595441595441594,1
strong_market_effective_participation_v1,baseline_2y_1y_5fold,5,2025-04-01,2026-03-31,mixed_or_unresolved_context,strong_up,mostly_above_trend,2025-03-31,2025-09-25,SZ.002600,领益智造,元器件,0.0,0.02,0.0,,0.1275,0.0,0.01855406269993587,0.0003710812539987174,1
strong_market_effective_participation_v1,baseline_2y_1y_5fold,5,2025-04-01,2026-03-31,mixed_or_unresolved_context,strong_up,mostly_above_trend,2025-03-31,2025-09-25,SZ.300014,亿纬锂能,电气设备,0.02,0.0,1.0,2.0,0.8381521739130434,0.13043478260869568,0.06471050563269576,0.0,0
strong_market_effective_participation_v1,baseline_2y_1y_5fold,5,2025-04-01,2026-03-31,mixed_or_unresolved_context,strong_up,mostly_above_trend,2025-03-31,2025-09-25,SZ.300115,长盈精密,元器件,0.0,0.035,0.0,,0.1275,0.0,-0.008553459119496898,-0.00029937106918239147,1
strong_market_effective_participation_v1,baseline_2y_1y_5fold,5,2025-04-01,2026-03-31,mixed_or_unresolved_context,strong_up,mostly_above_trend,2025-03-31,2025-09-25,SZ.300124,汇川技术,电器仪表,0.0,0.02,0.0,,0.1275,0.0,-0.004865052704737471,-9.730105409474943e-05,1
strong_market_effective_participation_v1,baseline_2y_1y_5fold,5,2025-04-01,2026-03-31,mixed_or_unresolved_context,strong_up,mostly_above_trend,2025-03-31,2025-09-25,SZ.300251,光线传媒,影视音像,0.0,0.035,0.0,,0.1275,0.0,-0.0014962593516210099,-5.2369077306735354e-05,1
strong_market_effective_participation_v1,baseline_2y_1y_5fold,5,2025-04-01,2026-03-31,mixed_or_unresolved_context,strong_up,mostly_above_trend,2025-03-31,2025-09-25,SZ.300274,阳光电源,电气设备,0.02,0.02,1.0,1.0,0.8813043478260869,0.08695652173913049,0.036575875486381415,0.0007315175097276283,1
strong_market_effective_participation_v1,baseline_2y_1y_5fold,5,2025-04-01,2026-03-31,mixed_or_unresolved_context,strong_up,mostly_above_trend,2025-03-31,2025-09-25,SZ.300418,昆仑万维,互联网,0.0,0.02,0.0,,0.1275,0.0,0.07399251266240925,0.001479850253248185,1
strong_market_effective_participation_v1,baseline_2y_1y_5fold,5,2025-04-01,2026-03-31,mixed_or_unresolved_context,strong_up,mostly_above_trend,2025-03-31,2025-09-25,SZ.300458,全志科技,半导体,0.0,0.035,0.0,,0.1275,0.0,0.007536231884057942,0.000263768115942028,1
strong_market_effective_participation_v1,baseline_2y_1y_5fold,5,2025-04-01,2026-03-31,mixed_or_unresolved_context,strong_up,mostly_above_trend,2025-03-31,2025-09-25,SZ.300750,宁德时代,电气设备,0.060215399999999995,0.0,1.0,3.0,0.7886956521739129,0.4782608695652174,0.034006264311847056,0.0,0
strong_market_effective_participation_v1,baseline_2y_1y_5fold,5,2025-04-01,2026-03-31,mixed_or_unresolved_context,strong_up,mostly_above_trend,2025-03-31,2025-09-26,SH.600031,三一重工,工程机械,0.02,0.0,1.0,11.0,0.4966666666666667,0.9166666666666666,0.005869074492099502,0.0,0
strong_market_effective_participation_v1,baseline_2y_1y_5fold,5,2025-04-01,2026-03-31,mixed_or_unresolved_context,strong_up,mostly_above_trend,2025-03-31,2025-09-26,SH.600584,长电科技,半导体,0.02,0.02,1.0,9.0,0.5775,0.5833333333333333,-0.03412585871293594,-0.0006825171742587189,1
strong_market_effective_participation_v1,baseline_2y_1y_5fold,5,2025-04-01,2026-03-31,mixed_or_unresolved_context,strong_up,mostly_above_trend,2025-03-31,2025-09-26,SH.601012,隆基绿能,电气设备,0.0,0.02,0.0,,0.13875,0.0,-0.014639639639639768,-0.0002927927927927954,1
strong_market_effective_participation_v1,baseline_2y_1y_5fold,5,2025-04-01,2026-03-31,mixed_or_unresolved_context,strong_up,mostly_above_trend,2025-03-31,2025-09-26,SH.601127,赛力斯,汽车整车,0.02,0.02,1.0,7.0,0.5966666666666667,0.8333333333333334,0.057652203161789206,0.0011530440632357842,1
strong_market_effective_participation_v1,baseline_2y_1y_5fold,5,2025-04-01,2026-03-31,mixed_or_unresolved_context,strong_up,mostly_above_trend,2025-03-31,2025-09-26,SH.601727,上海电气,电气设备,0.08,0.0,1.0,10.0,0.5570833333333333,0.41666666666666663,-0.032786885245901676,-0.0,0
strong_market_effective_participation_v1,baseline_2y_1y_5fold,5,2025-04-01,2026-03-31,mixed_or_unresolved_context,strong_up,mostly_above_trend,2025-03-31,2025-09-26,SH.601899,紫金矿业,铜,0.0,0.030105,0.0,,0.13875,0.0,0.0047671433810045905,0.00014351485148514319,1
strong_market_effective_participation_v1,baseline_2y_1y_5fold,5,2025-04-01,2026-03-31,mixed_or_unresolved_context,strong_up,mostly_above_trend,2025-03-31,2025-09-26,SH.603019,中科曙光,IT设备,0.0,0.02,0.0,,0.13875,0.0,-0.04031872509960166,-0.0008063745019920332,1
strong_market_effective_participation_v1,baseline_2y_1y_5fold,5,2025-04-01,2026-03-31,mixed_or_unresolved_context,strong_up,mostly_above_trend,2025-03-31,2025-09-26,SH.603501,豪威集团,半导体,0.0,0.02,0.0,,0.13875,0.0,0.0023893276697417587,4.778655339483518e-05,1
strong_market_effective_participation_v1,baseline_2y_1y_5fold,5,2025-04-01,2026-03-31,mixed_or_unresolved_context,strong_up,mostly_above_trend,2025-03-31,2025-09-26,SH.603799,华友钴业,小金属,0.02,0.0,1.0,3.0,0.7816666666666667,0.5,0.027333213450818183,0.0,0
strong_market_effective_participation_v1,baseline_2y_1y_5fold,5,2025-04-01,2026-03-31,mixed_or_unresolved_context,strong_up,mostly_above_trend,2025-03-31,2025-09-26,SH.603993,洛阳钼业,小金属,0.0,0.02,0.0,,0.13875,0.0,-0.005046863734679108,-0.00010093727469358216,1
strong_market_effective_participation_v1,baseline_2y_1y_5fold,5,2025-04-01,2026-03-31,mixed_or_unresolved_context,strong_up,mostly_above_trend,2025-03-31,2025-09-26,SH.688041,海光信息,半导体,0.0,0.02,0.0,,0.13875,0.0,-0.03292027470886827,-0.0006584054941773654,1
strong_market_effective_participation_v1,baseline_2y_1y_5fold,5,2025-04-01,2026-03-31,mixed_or_unresolved_context,strong_up,mostly_above_trend,2025-03-31,2025-09-26,SZ.000938,紫光股份,IT设备,0.0,0.02,0.0,,0.13875,0.0,-0.050142811805775955,-0.0010028562361155192,1
strong_market_effective_participation_v1,baseline_2y_1y_5fold,5,2025-04-01,2026-03-31,mixed_or_unresolved_context,strong_up,mostly_above_trend,2025-03-31,2025-09-26,SZ.000977,浪潮信息,IT设备,0.02,0.02,1.0,5.0,0.6958333333333334,0.16666666666666663,-0.05338593030900729,-0.0010677186061801458,1
strong_market_effective_participation_v1,baseline_2y_1y_5fold,5,2025-04-01,2026-03-31,mixed_or_unresolved_context,strong_up,mostly_above_trend,2025-03-31,2025-09-26,SZ.000988,华工科技,专用机械,0.08,0.0525,1.0,4.0,0.7604166666666667,0.0,-0.056101556101556094,-0.002945331695331695,1
strong_market_effective_participation_v1,baseline_2y_1y_5fold,5,2025-04-01,2026-03-31,mixed_or_unresolved_context,strong_up,mostly_above_trend,2025-03-31,2025-09-26,SZ.002049,紫光国微,半导体,0.02,0.02,1.0,2.0,0.7883333333333332,0.75,0.059523809523809534,0.0011904761904761908,1
strong_market_effective_participation_v1,baseline_2y_1y_5fold,5,2025-04-01,2026-03-31,mixed_or_unresolved_context,strong_up,mostly_above_trend,2025-03-31,2025-09-26,SZ.002050,三花智控,家用电器,0.0,0.02,0.0,,0.13875,0.0,-0.021112372304199822,-0.00042224744608399645,1
strong_market_effective_participation_v1,baseline_2y_1y_5fold,5,2025-04-01,2026-03-31,mixed_or_unresolved_context,strong_up,mostly_above_trend,2025-03-31,2025-09-26,SZ.002085,万丰奥威,汽车配件,0.0,0.0525,0.0,,0.13875,0.0,-0.012279765082754857,-0.00064468766684463,1
strong_market_effective_participation_v1,baseline_2y_1y_5fold,5,2025-04-01,2026-03-31,mixed_or_unresolved_context,strong_up,mostly_above_trend,2025-03-31,2025-09-26,SZ.002156,通富微电,半导体,0.0,0.0525,0.0,,0.13875,0.0,-0.02809278350515454,-0.0014748711340206132,1
strong_market_effective_participation_v1,baseline_2y_1y_5fold,5,2025-04-01,2026-03-31,mixed_or_unresolved_context,strong_up,mostly_above_trend,2025-03-31,2025-09-26,SZ.002230,科大讯飞,软件服务,0.02,0.02,1.0,12.0,0.38750000000000007,0.6666666666666667,-0.03507210254584292,-0.0007014420509168584,1
strong_market_effective_participation_v1,baseline_2y_1y_5fold,5,2025-04-01,2026-03-31,mixed_or_unresolved_context,strong_up,mostly_above_trend,2025-03-31,2025-09-26,SZ.002241,歌尔股份,元器件,0.0,0.02,0.0,,0.13875,0.0,-0.02264467430807937,-0.00045289348616158744,1
strong_market_effective_participation_v1,baseline_2y_1y_5fold,5,2025-04-01,2026-03-31,mixed_or_unresolved_context,strong_up,mostly_above_trend,2025-03-31,2025-09-26,SZ.002371,北方华创,半导体,0.0,0.02,0.0,,0.13875,0.0,-0.0018736911716079607,-3.7473823432159215e-05,1
strong_market_effective_participation_v1,baseline_2y_1y_5fold,5,2025-04-01,2026-03-31,mixed_or_unresolved_context,strong_up,mostly_above_trend,2025-03-31,2025-09-26,SZ.002384,东山精密,元器件,0.0,0.0525,0.0,,0.13875,0.0,-0.07436901066270762,-0.00390437305979215,1
strong_market_effective_participation_v1,baseline_2y_1y_5fold,5,2025-04-01,2026-03-31,mixed_or_unresolved_context,strong_up,mostly_above_trend,2025-03-31,2025-09-26,SZ.002415,海康威视,IT设备,0.0,0.02,0.0,,0.13875,0.0,-0.018565941101152394,-0.0003713188220230479,1
strong_market_effective_participation_v1,baseline_2y_1y_5fold,5,2025-04-01,2026-03-31,mixed_or_unresolved_context,strong_up,mostly_above_trend,2025-03-31,2025-09-26,SZ.002475,立讯精密,元器件,0.02,0.0,1.0,1.0,0.8533333333333334,0.08333333333333337,-0.06531859179517008,-0.0,0
strong_market_effective_participation_v1,baseline_2y_1y_5fold,5,2025-04-01,2026-03-31,mixed_or_unresolved_context,strong_up,mostly_above_trend,2025-03-31,2025-09-26,SZ.300014,亿纬锂能,电气设备,0.0,0.02,0.0,,0.13875,0.0,-0.04933562992125995,-0.000986712598425199,1
strong_market_effective_participation_v1,baseline_2y_1y_5fold,5,2025-04-01,2026-03-31,mixed_or_unresolved_context,strong_up,mostly_above_trend,2025-03-31,2025-09-26,SZ.300124,汇川技术,电器仪表,0.02,0.0,1.0,6.0,0.6058333333333334,0.33333333333333337,-0.050867186590618174,-0.0,0
strong_market_effective_participation_v1,baseline_2y_1y_5fold,5,2025-04-01,2026-03-31,mixed_or_unresolved_context,strong_up,mostly_above_trend,2025-03-31,2025-09-26,SZ.300274,阳光电源,电气设备,0.0,0.02,0.0,,0.13875,0.0,-0.014639639639639657,-0.00029279279279279316,1
strong_market_effective_participation_v1,baseline_2y_1y_5fold,5,2025-04-01,2026-03-31,mixed_or_unresolved_context,strong_up,mostly_above_trend,2025-03-31,2025-09-26,SZ.300418,昆仑万维,互联网,0.02,0.0,1.0,8.0,0.5941666666666667,0.25,-0.0748410908345295,-0.0,0
strong_market_effective_participation_v1,baseline_2y_1y_5fold,5,2025-04-01,2026-03-31,mixed_or_unresolved_context,strong_up,mostly_above_trend,2025-03-31,2025-09-26,SZ.300750,宁德时代,电气设备,0.0,0.060215399999999995,0.0,,0.13875,0.0,-0.03169148529973287,-0.0019083154639175344,1
strong_market_effective_participation_v1,baseline_2y_1y_5fold,5,2025-04-01,2026-03-31,mixed_or_unresolved_context,strong_up,mostly_above_trend,2025-03-31,2025-09-29,SH.600031,三一重工,工程机械,0.02,0.02,1.0,12.0,0.5676470588235294,0.8823529411764706,0.03096947935368033,0.0006193895870736066,1
strong_market_effective_participation_v1,baseline_2y_1y_5fold,5,2025-04-01,2026-03-31,mixed_or_unresolved_context,strong_up,mostly_above_trend,2025-03-31,2025-09-29,SH.600584,长电科技,半导体,0.0,0.02,0.0,,0.13125,0.0,-0.010646019840309662,-0.00021292039680619325,1
strong_market_effective_participation_v1,baseline_2y_1y_5fold,5,2025-04-01,2026-03-31,mixed_or_unresolved_context,strong_up,mostly_above_trend,2025-03-31,2025-09-29,SH.601127,赛力斯,汽车整车,0.02,0.02,1.0,14.0,0.5051470588235294,0.8235294117647058,0.012530212441165256,0.00025060424882330514,1
strong_market_effective_participation_v1,baseline_2y_1y_5fold,5,2025-04-01,2026-03-31,mixed_or_unresolved_context,strong_up,mostly_above_trend,2025-03-31,2025-09-29,SH.601600,中国铝业,铝,0.02,0.0,1.0,15.0,0.47441176470588237,0.7647058823529411,0.06955380577427839,0.0,0
strong_market_effective_participation_v1,baseline_2y_1y_5fold,5,2025-04-01,2026-03-31,mixed_or_unresolved_context,strong_up,mostly_above_trend,2025-03-31,2025-09-29,SH.601688,华泰证券,证券,0.02,0.0,1.0,16.0,0.46602941176470586,0.6470588235294117,0.10005053057099556,0.0,0
strong_market_effective_participation_v1,baseline_2y_1y_5fold,5,2025-04-01,2026-03-31,mixed_or_unresolved_context,strong_up,mostly_above_trend,2025-03-31,2025-09-29,SH.601727,上海电气,电气设备,0.0,0.08,0.0,,0.13125,0.0,-0.01906779661016944,-0.0015254237288135552,1
strong_market_effective_participation_v1,baseline_2y_1y_5fold,5,2025-04-01,2026-03-31,mixed_or_unresolved_context,strong_up,mostly_above_trend,2025-03-31,2025-09-29,SH.601899,紫金矿业,铜,0.030105,0.0,1.0,5.0,0.7164705882352942,0.7058823529411764,0.050000000000000266,0.0,0
strong_market_effective_participation_v1,baseline_2y_1y_5fold,5,2025-04-01,2026-03-31,mixed_or_unresolved_context,strong_up,mostly_above_trend,2025-03-31,2025-09-29,SH.603799,华友钴业,小金属,0.02,0.02,1.0,10.0,0.6839705882352941,0.5882352941176471,0.054612287764747025,0.0010922457552949405,1
strong_market_effective_participation_v1,baseline_2y_1y_5fold,5,2025-04-01,2026-03-31,mixed_or_unresolved_context,strong_up,mostly_above_trend,2025-03-31,2025-09-29,SH.603993,洛阳钼业,小金属,0.02,0.0,1.0,8.0,0.6845588235294118,0.47058823529411764,0.06811594202898541,0.0,0
strong_market_effective_participation_v1,baseline_2y_1y_5fold,5,2025-04-01,2026-03-31,mixed_or_unresolved_context,strong_up,mostly_above_trend,2025-03-31,2025-09-29,SH.688008,澜起科技,半导体,0.02,0.0,1.0,6.0,0.7042647058823529,0.3529411764705882,0.07926371149511624,0.0,0
strong_market_effective_participation_v1,baseline_2y_1y_5fold,5,2025-04-01,2026-03-31,mixed_or_unresolved_context,strong_up,mostly_above_trend,2025-03-31,2025-09-29,SH.688012,DR中微公,半导体,0.02,0.0,1.0,3.0,0.7576470588235296,0.2941176470588235,0.05168965517241375,0.0,0
strong_market_effective_participation_v1,baseline_2y_1y_5fold,5,2025-04-01,2026-03-31,mixed_or_unresolved_context,strong_up,mostly_above_trend,2025-03-31,2025-09-29,SZ.000977,浪潮信息,IT设备,0.02,0.02,1.0,13.0,0.5383823529411763,0.4117647058823529,0.00847339908320599,0.0001694679816641198,1
strong_market_effective_participation_v1,baseline_2y_1y_5fold,5,2025-04-01,2026-03-31,mixed_or_unresolved_context,strong_up,mostly_above_trend,2025-03-31,2025-09-29,SZ.000988,华工科技,专用机械,0.08,0.08,1.0,9.0,0.6841911764705882,0.05882352941176472,0.07537960954446854,0.006030368763557483,1
strong_market_effective_participation_v1,baseline_2y_1y_5fold,5,2025-04-01,2026-03-31,mixed_or_unresolved_context,strong_up,mostly_above_trend,2025-03-31,2025-09-29,SZ.002049,紫光国微,半导体,0.0,0.02,0.0,,0.13125,0.0,-0.017977528089887618,-0.00035955056179775235,1
strong_market_effective_participation_v1,baseline_2y_1y_5fold,5,2025-04-01,2026-03-31,mixed_or_unresolved_context,strong_up,mostly_above_trend,2025-03-31,2025-09-29,SZ.002050,三花智控,家用电器,0.02,0.0,1.0,4.0,0.7502941176470589,0.11764705882352944,0.08070500927643787,0.0,0
strong_market_effective_participation_v1,baseline_2y_1y_5fold,5,2025-04-01,2026-03-31,mixed_or_unresolved_context,strong_up,mostly_above_trend,2025-03-31,2025-09-29,SZ.002230,科大讯飞,软件服务,0.0,0.02,0.0,,0.13125,0.0,-0.004612546125461248,-9.225092250922495e-05,1
strong_market_effective_participation_v1,baseline_2y_1y_5fold,5,2025-04-01,2026-03-31,mixed_or_unresolved_context,strong_up,mostly_above_trend,2025-03-31,2025-09-29,SZ.002371,北方华创,半导体,0.02,0.0,1.0,7.0,0.6950000000000001,0.5294117647058824,0.013692579505300229,0.0,0
strong_market_effective_participation_v1,baseline_2y_1y_5fold,5,2025-04-01,2026-03-31,mixed_or_unresolved_context,strong_up,mostly_above_trend,2025-03-31,2025-09-29,SZ.002415,海康威视,IT设备,0.02,0.0,1.0,17.0,0.39558823529411763,0.9411764705882353,0.0182648401826484,0.0,0
strong_market_effective_participation_v1,baseline_2y_1y_5fold,5,2025-04-01,2026-03-31,mixed_or_unresolved_context,strong_up,mostly_above_trend,2025-03-31,2025-09-29,SZ.002475,立讯精密,元器件,0.02,0.02,1.0,2.0,0.7975000000000001,0.23529411764705888,0.008560311284046662,0.00017120622568093325,1
strong_market_effective_participation_v1,baseline_2y_1y_5fold,5,2025-04-01,2026-03-31,mixed_or_unresolved_context,strong_up,mostly_above_trend,2025-03-31,2025-09-29,SZ.002600,领益智造,元器件,0.02,0.0,1.0,11.0,0.6177941176470588,0.17647058823529416,0.0999320190346702,0.0,0
strong_market_effective_participation_v1,baseline_2y_1y_5fold,5,2025-04-01,2026-03-31,mixed_or_unresolved_context,strong_up,mostly_above_trend,2025-03-31,2025-09-29,SZ.300014,亿纬锂能,电气设备,0.02,0.0,1.0,1.0,0.8723529411764706,0.0,0.08295586903067176,0.0,0
strong_market_effective_participation_v1,baseline_2y_1y_5fold,5,2025-04-01,2026-03-31,mixed_or_unresolved_context,strong_up,mostly_above_trend,2025-03-31,2025-09-29,SZ.300124,汇川技术,电器仪表,0.0,0.02,0.0,,0.13125,0.0,0.022810890360559055,0.0004562178072111811,1
strong_market_effective_participation_v1,baseline_2y_1y_5fold,5,2025-04-01,2026-03-31,mixed_or_unresolved_context,strong_up,mostly_above_trend,2025-03-31,2025-09-29,SZ.300418,昆仑万维,互联网,0.0,0.02,0.0,,0.13125,0.0,0.0026595744680852906,5.3191489361705813e-05,1
strong_market_effective_participation_v1,baseline_2y_1y_5fold,5,2025-04-01,2026-03-31,mixed_or_unresolved_context,strong_up,mostly_above_trend,2025-03-31,2025-09-30,SH.600031,三一重工,工程机械,0.02,0.02,1.0,18.0,0.5323,0.88,0.011754462342185468,0.00023508924684370936,1
strong_market_effective_participation_v1,baseline_2y_1y_5fold,5,2025-04-01,2026-03-31,mixed_or_unresolved_context,strong_up,mostly_above_trend,2025-03-31,2025-09-30,SH.600584,长电科技,半导体,0.02,0.0,1.0,12.0,0.6517999999999999,0.56,0.0782587429689412,0.0,0
strong_market_effective_participation_v1,baseline_2y_1y_5fold,5,2025-04-01,2026-03-31,mixed_or_unresolved_context,strong_up,mostly_above_trend,2025-03-31,2025-09-30,SH.601012,隆基绿能,电气设备,0.02,0.0,1.0,17.0,0.5349999999999999,0.72,0.023890784982935287,0.0,0
strong_market_effective_participation_v1,baseline_2y_1y_5fold,5,2025-04-01,2026-03-31,mixed_or_unresolved_context,strong_up,mostly_above_trend,2025-03-31,2025-09-30,SH.601127,赛力斯,汽车整车,0.02,0.02,1.0,14.0,0.6088999999999999,0.6799999999999999,0.07776870406432557,0.0015553740812865114,1
strong_market_effective_participation_v1,baseline_2y_1y_5fold,5,2025-04-01,2026-03-31,mixed_or_unresolved_context,strong_up,mostly_above_trend,2025-03-31,2025-09-30,SH.601360,三六零,互联网,0.02,0.0,1.0,25.0,0.3915,0.76,0.026335211586967278,0.0,0
strong_market_effective_participation_v1,baseline_2y_1y_5fold,5,2025-04-01,2026-03-31,mixed_or_unresolved_context,strong_up,mostly_above_trend,2025-03-31,2025-09-30,SH.601600,中国铝业,铝,0.02,0.02,1.0,22.0,0.4551,0.64,0.01104294478527601,0.0002208588957055202,1
strong_market_effective_participation_v1,baseline_2y_1y_5fold,5,2025-04-01,2026-03-31,mixed_or_unresolved_context,strong_up,mostly_above_trend,2025-03-31,2025-09-30,SH.601688,华泰证券,证券,0.0,0.02,0.0,,0.1225,0.0,0.0,0.0,1
strong_market_effective_participation_v1,baseline_2y_1y_5fold,5,2025-04-01,2026-03-31,mixed_or_unresolved_context,strong_up,mostly_above_trend,2025-03-31,2025-09-30,SH.601899,紫金矿业,铜,0.0,0.030105,0.0,,0.1225,0.0,0.031151942221550044,0.000937829220579764,1
strong_market_effective_participation_v1,baseline_2y_1y_5fold,5,2025-04-01,2026-03-31,mixed_or_unresolved_context,strong_up,mostly_above_trend,2025-03-31,2025-09-30,SH.603259,XD药明康,化学制药,0.020921400000000003,0.0,1.0,19.0,0.5288,0.4,0.06421582597131192,0.0,0
strong_market_effective_participation_v1,baseline_2y_1y_5fold,5,2025-04-01,2026-03-31,mixed_or_unresolved_context,strong_up,mostly_above_trend,2025-03-31,2025-09-30,SH.603799,华友钴业,小金属,0.02,0.02,1.0,2.0,0.8479999999999999,0.43999999999999995,0.09377593360995862,0.0018755186721991725,1
strong_market_effective_participation_v1,baseline_2y_1y_5fold,5,2025-04-01,2026-03-31,mixed_or_unresolved_context,strong_up,mostly_above_trend,2025-03-31,2025-09-30,SH.603986,兆易创新,半导体,0.02,0.0,1.0,4.0,0.7983999999999999,0.12,0.08202708872317754,0.0,0
strong_market_effective_participation_v1,baseline_2y_1y_5fold,5,2025-04-01,2026-03-31,mixed_or_unresolved_context,strong_up,mostly_above_trend,2025-03-31,2025-09-30,SH.603993,洛阳钼业,小金属,0.02,0.02,1.0,5.0,0.7837,0.19999999999999996,0.0651289009497964,0.001302578018995928,1
strong_market_effective_participation_v1,baseline_2y_1y_5fold,5,2025-04-01,2026-03-31,mixed_or_unresolved_context,strong_up,mostly_above_trend,2025-03-31,2025-09-30,SH.688008,澜起科技,半导体,0.02,0.02,1.0,3.0,0.8395999999999999,0.28,0.07761921336581978,0.0015523842673163958,1
strong_market_effective_participation_v1,baseline_2y_1y_5fold,5,2025-04-01,2026-03-31,mixed_or_unresolved_context,strong_up,mostly_above_trend,2025-03-31,2025-09-30,SH.688012,DR中微公,半导体,0.0,0.02,0.0,,0.1225,0.0,-0.01967277615659535,-0.000393455523131907,1
strong_market_effective_participation_v1,baseline_2y_1y_5fold,5,2025-04-01,2026-03-31,mixed_or_unresolved_context,strong_up,mostly_above_trend,2025-03-31,2025-09-30,SZ.000725,京东方Ａ,元器件,0.02,0.0,1.0,23.0,0.43339999999999995,0.96,0.009708737864077666,0.0,0
strong_market_effective_participation_v1,baseline_2y_1y_5fold,5,2025-04-01,2026-03-31,mixed_or_unresolved_context,strong_up,mostly_above_trend,2025-03-31,2025-09-30,SZ.000977,浪潮信息,IT设备,0.02,0.02,1.0,13.0,0.6178,0.36,0.02506887052341611,0.0005013774104683222,1
strong_market_effective_participation_v1,baseline_2y_1y_5fold,5,2025-04-01,2026-03-31,mixed_or_unresolved_context,strong_up,mostly_above_trend,2025-03-31,2025-09-30,SZ.000988,华工科技,专用机械,0.08,0.08,1.0,7.0,0.7265,0.040000000000000036,-0.06727181038830055,-0.005381744831064044,1
strong_market_effective_participation_v1,baseline_2y_1y_5fold,5,2025-04-01,2026-03-31,mixed_or_unresolved_context,strong_up,mostly_above_trend,2025-03-31,2025-09-30,SZ.002049,紫光国微,半导体,0.02,0.0,1.0,10.0,0.6853,0.8,0.03329519450800911,0.0,0
strong_market_effective_participation_v1,baseline_2y_1y_5fold,5,2025-04-01,2026-03-31,mixed_or_unresolved_context,strong_up,mostly_above_trend,2025-03-31,2025-09-30,SZ.002050,三花智控,家用电器,0.02,0.02,1.0,6.0,0.7323000000000001,0.07999999999999996,0.03927038626609436,0.0007854077253218872,1
strong_market_effective_participation_v1,baseline_2y_1y_5fold,5,2025-04-01,2026-03-31,mixed_or_unresolved_context,strong_up,mostly_above_trend,2025-03-31,2025-09-30,SZ.002156,通富微电,半导体,0.08,0.0,1.0,15.0,0.5937,0.24,0.05212152959664751,0.0,0
strong_market_effective_participation_v1,baseline_2y_1y_5fold,5,2025-04-01,2026-03-31,mixed_or_unresolved_context,strong_up,mostly_above_trend,2025-03-31,2025-09-30,SZ.002230,科大讯飞,软件服务,0.02,0.0,1.0,21.0,0.4738,0.6,0.038924930491195386,0.0,0
strong_market_effective_participation_v1,baseline_2y_1y_5fold,5,2025-04-01,2026-03-31,mixed_or_unresolved_context,strong_up,mostly_above_trend,2025-03-31,2025-09-30,SZ.002241,歌尔股份,元器件,0.02,0.0,1.0,11.0,0.6572000000000002,0.48,0.06082036775106059,0.0,0
strong_market_effective_participation_v1,baseline_2y_1y_5fold,5,2025-04-01,2026-03-31,mixed_or_unresolved_context,strong_up,mostly_above_trend,2025-03-31,2025-09-30,SZ.002371,北方华创,半导体,0.02,0.02,1.0,8.0,0.7062999999999999,0.52,-0.014466230936819091,-0.00028932461873638183,1
strong_market_effective_participation_v1,baseline_2y_1y_5fold,5,2025-04-01,2026-03-31,mixed_or_unresolved_context,strong_up,mostly_above_trend,2025-03-31,2025-09-30,SZ.002415,海康威视,IT设备,0.02,0.02,1.0,20.0,0.4807,0.92,0.009609224855861687,0.00019218449711723375,1
strong_market_effective_participation_v1,baseline_2y_1y_5fold,5,2025-04-01,2026-03-31,mixed_or_unresolved_context,strong_up,mostly_above_trend,2025-03-31,2025-09-30,SZ.002475,立讯精密,元器件,0.0,0.02,0.0,,0.1225,0.0,-0.0016975308641975495,-3.395061728395099e-05,1
strong_market_effective_participation_v1,baseline_2y_1y_5fold,5,2025-04-01,2026-03-31,mixed_or_unresolved_context,strong_up,mostly_above_trend,2025-03-31,2025-09-30,SZ.002600,领益智造,元器件,0.02,0.02,1.0,9.0,0.6972000000000002,0.16000000000000003,0.00803461063040789,0.00016069221260815782,1
strong_market_effective_participation_v1,baseline_2y_1y_5fold,5,2025-04-01,2026-03-31,mixed_or_unresolved_context,strong_up,mostly_above_trend,2025-03-31,2025-09-30,SZ.300014,亿纬锂能,电气设备,0.02,0.02,1.0,1.0,0.8609,0.0,0.08747609942638612,0.0017495219885277225,1
strong_market_effective_participation_v1,baseline_2y_1y_5fold,5,2025-04-01,2026-03-31,mixed_or_unresolved_context,strong_up,mostly_above_trend,2025-03-31,2025-09-30,SZ.300418,昆仑万维,互联网,0.02,0.0,1.0,16.0,0.5562,0.31999999999999995,0.07404951370468615,0.0,0
strong_market_effective_participation_v1,baseline_2y_1y_5fold,5,2025-04-01,2026-03-31,mixed_or_unresolved_context,strong_up,mostly_above_trend,2025-03-31,2025-09-30,SZ.300760,迈瑞医疗,医疗保健,0.02,0.0,1.0,24.0,0.3981,0.84,0.027991631799163308,0.0,0
strong_market_effective_participation_v1,baseline_2y_1y_5fold,5,2025-04-01,2026-03-31,mixed_or_unresolved_context,strong_up,mostly_above_trend,2025-03-31,2025-10-09,SH.600031,三一重工,工程机械,0.01962708537782139,0.02,1.0,17.0,0.6175757575757576,0.7878787878787878,0.0,0.0,1
strong_market_effective_participation_v1,baseline_2y_1y_5fold,5,2025-04-01,2026-03-31,mixed_or_unresolved_context,strong_up,mostly_above_trend,2025-03-31,2025-10-09,SH.600584,长电科技,半导体,0.01962708537782139,0.02,1.0,5.0,0.7789393939393939,0.33333333333333337,0.06600136085280095,0.001320027217056019,1
strong_market_effective_participation_v1,baseline_2y_1y_5fold,5,2025-04-01,2026-03-31,mixed_or_unresolved_context,strong_up,mostly_above_trend,2025-03-31,2025-10-09,SH.600588,用友网络,软件服务,0.01962708537782139,0.0,1.0,22.0,0.5262878787878789,0.303030303030303,0.04737516005121645,0.0,0
strong_market_effective_participation_v1,baseline_2y_1y_5fold,5,2025-04-01,2026-03-31,mixed_or_unresolved_context,strong_up,mostly_above_trend,2025-03-31,2025-10-09,SH.601012,隆基绿能,电气设备,0.01962708537782139,0.02,1.0,16.0,0.6352272727272726,0.5757575757575757,0.04888888888888876,0.0009777777777777751,1
strong_market_effective_participation_v1,baseline_2y_1y_5fold,5,2025-04-01,2026-03-31,mixed_or_unresolved_context,strong_up,mostly_above_trend,2025-03-31,2025-10-09,SH.601100,恒立液压,工程机械,0.01962708537782139,0.0,1.0,12.0,0.6745454545454547,0.1515151515151515,0.08593505273050006,0.0,0
strong_market_effective_participation_v1,baseline_2y_1y_5fold,5,2025-04-01,2026-03-31,mixed_or_unresolved_context,strong_up,mostly_above_trend,2025-03-31,2025-10-09,SH.601127,赛力斯,汽车整车,0.01962708537782139,0.02,1.0,24.0,0.5031060606060606,0.4545454545454546,-0.06743603194031589,-0.0013487206388063178,1
strong_market_effective_participation_v1,baseline_2y_1y_5fold,5,2025-04-01,2026-03-31,mixed_or_unresolved_context,strong_up,mostly_above_trend,2025-03-31,2025-10-09,SH.601360,三六零,互联网,0.01962708537782139,0.02,1.0,23.0,0.5112878787878788,0.6060606060606061,0.027409372236958385,0.0005481874447391677,1
strong_market_effective_participation_v1,baseline_2y_1y_5fold,5,2025-04-01,2026-03-31,mixed_or_unresolved_context,strong_up,mostly_above_trend,2025-03-31,2025-10-09,SH.601600,中国铝业,铝,0.01962708537782139,0.02,1.0,14.0,0.6438636363636363,0.5151515151515151,0.05339805825242738,0.0010679611650485476,1
strong_market_effective_participation_v1,baseline_2y_1y_5fold,5,2025-04-01,2026-03-31,mixed_or_unresolved_context,strong_up,mostly_above_trend,2025-03-31,2025-10-09,SH.601688,华泰证券,证券,0.01962708537782139,0.0,1.0,20.0,0.576590909090909,0.5454545454545454,0.02893890675241151,0.0,0
strong_market_effective_participation_v1,baseline_2y_1y_5fold,5,2025-04-01,2026-03-31,mixed_or_unresolved_context,strong_up,mostly_above_trend,2025-03-31,2025-10-09,SH.601727,上海电气,电气设备,0.07,0.0,1.0,18.0,0.6173863636363638,0.24242424242424243,0.09957627118644075,0.0,0
strong_market_effective_participation_v1,baseline_2y_1y_5fold,5,2025-04-01,2026-03-31,mixed_or_unresolved_context,strong_up,mostly_above_trend,2025-03-31,2025-10-09,SH.601899,紫金矿业,铜,0.034710500490677136,0.0,1.0,1.0,0.8963636363636365,0.3939393939393939,0.0998641304347827,0.0,0
strong_market_effective_participation_v1,baseline_2y_1y_5fold,5,2025-04-01,2026-03-31,mixed_or_unresolved_context,strong_up,mostly_above_trend,2025-03-31,2025-10-09,SH.603259,XD药明康,化学制药,0.0,0.020921400000000003,0.0,,0.11374999999999999,0.0,0.007319467999642892,0.00015313351780772884,1
strong_market_effective_participation_v1,baseline_2y_1y_5fold,5,2025-04-01,2026-03-31,mixed_or_unresolved_context,strong_up,mostly_above_trend,2025-03-31,2025-10-09,SH.603501,豪威集团,半导体,0.01962708537782139,0.0,1.0,13.0,0.6634848484848485,0.6363636363636364,-0.0076073294965930405,-0.0,0
strong_market_effective_participation_v1,baseline_2y_1y_5fold,5,2025-04-01,2026-03-31,mixed_or_unresolved_context,strong_up,mostly_above_trend,2025-03-31,2025-10-09,SH.603799,华友钴业,小金属,0.01962708537782139,0.02,1.0,3.0,0.8768939393939394,0.2727272727272727,0.06661608497723814,0.0013323216995447629,1
strong_market_effective_participation_v1,baseline_2y_1y_5fold,5,2025-04-01,2026-03-31,mixed_or_unresolved_context,strong_up,mostly_above_trend,2025-03-31,2025-10-09,SH.603986,兆易创新,半导体,0.0,0.02,0.0,,0.11374999999999999,0.0,0.05714955461790927,0.0011429910923581854,1
strong_market_effective_participation_v1,baseline_2y_1y_5fold,5,2025-04-01,2026-03-31,mixed_or_unresolved_context,strong_up,mostly_above_trend,2025-03-31,2025-10-09,SH.603993,洛阳钼业,小金属,0.01962708537782139,0.02,1.0,2.0,0.8795454545454545,0.06060606060606055,0.10000000000000009,0.0020000000000000018,1
strong_market_effective_participation_v1,baseline_2y_1y_5fold,5,2025-04-01,2026-03-31,mixed_or_unresolved_context,strong_up,mostly_above_trend,2025-03-31,2025-10-09,SH.688008,澜起科技,半导体,0.0,0.02,0.0,,0.11374999999999999,0.0,0.014728682170542573,0.00029457364341085147,1
strong_market_effective_participation_v1,baseline_2y_1y_5fold,5,2025-04-01,2026-03-31,mixed_or_unresolved_context,strong_up,mostly_above_trend,2025-03-31,2025-10-09,SZ.000063,中兴通讯,通信设备,0.01962708537782139,0.0,1.0,9.0,0.7607575757575757,0.21212121212121215,0.0950920245398772,0.0,0
strong_market_effective_participation_v1,baseline_2y_1y_5fold,5,2025-04-01,2026-03-31,mixed_or_unresolved_context,strong_up,mostly_above_trend,2025-03-31,2025-10-09,SZ.000066,中国长城,IT设备,0.07,0.0,1.0,30.0,0.4107196969696969,0.6666666666666667,0.030696576151121535,0.0,0
strong_market_effective_participation_v1,baseline_2y_1y_5fold,5,2025-04-01,2026-03-31,mixed_or_unresolved_context,strong_up,mostly_above_trend,2025-03-31,2025-10-09,SZ.000100,TCL科技,元器件,0.01962708537782139,0.0,1.0,21.0,0.5367424242424242,0.9090909090909091,0.046403712296984034,0.0,0
strong_market_effective_participation_v1,baseline_2y_1y_5fold,5,2025-04-01,2026-03-31,mixed_or_unresolved_context,strong_up,mostly_above_trend,2025-03-31,2025-10-09,SZ.000725,京东方Ａ,元器件,0.01962708537782139,0.02,1.0,19.0,0.586969696969697,0.9393939393939394,0.028846153846153966,0.0005769230769230794,1
strong_market_effective_participation_v1,baseline_2y_1y_5fold,5,2025-04-01,2026-03-31,mixed_or_unresolved_context,strong_up,mostly_above_trend,2025-03-31,2025-10-09,SZ.000977,浪潮信息,IT设备,0.0,0.02,0.0,,0.11374999999999999,0.0,0.02069336199946248,0.00041386723998924956,1
strong_market_effective_participation_v1,baseline_2y_1y_5fold,5,2025-04-01,2026-03-31,mixed_or_unresolved_context,strong_up,mostly_above_trend,2025-03-31,2025-10-09,SZ.000988,华工科技,专用机械,0.07,0.08,1.0,15.0,0.6410227272727275,0.0,-0.044009515570934354,-0.0035207612456747486,1
strong_market_effective_participation_v1,baseline_2y_1y_5fold,5,2025-04-01,2026-03-31,mixed_or_unresolved_context,strong_up,mostly_above_trend,2025-03-31,2025-10-09,SZ.002049,紫光国微,半导体,0.0,0.02,0.0,,0.11374999999999999,0.0,0.027350238068873933,0.0005470047613774787,1
strong_market_effective_participation_v1,baseline_2y_1y_5fold,5,2025-04-01,2026-03-31,mixed_or_unresolved_context,strong_up,mostly_above_trend,2025-03-31,2025-10-09,SZ.002050,三花智控,家用电器,0.01962708537782139,0.02,1.0,6.0,0.7678787878787879,0.030303030303030276,0.019822424117282633,0.00039644848234565266,1
strong_market_effective_participation_v1,baseline_2y_1y_5fold,5,2025-04-01,2026-03-31,mixed_or_unresolved_context,strong_up,mostly_above_trend,2025-03-31,2025-10-09,SZ.002156,通富微电,半导体,0.0,0.08,0.0,,0.11374999999999999,0.0,0.10007468259895425,0.00800597460791634,1
strong_market_effective_participation_v1,baseline_2y_1y_5fold,5,2025-04-01,2026-03-31,mixed_or_unresolved_context,strong_up,mostly_above_trend,2025-03-31,2025-10-09,SZ.002230,科大讯飞,软件服务,0.01962708537782139,0.02,1.0,10.0,0.6768939393939393,0.4242424242424242,0.06404995539696712,0.0012809991079393425,1
strong_market_effective_participation_v1,baseline_2y_1y_5fold,5,2025-04-01,2026-03-31,mixed_or_unresolved_context,strong_up,mostly_above_trend,2025-03-31,2025-10-09,SZ.002241,歌尔股份,元器件,0.01962708537782139,0.02,1.0,8.0,0.7634848484848485,0.36363636363636365,0.05573333333333341,0.0011146666666666683,1
strong_market_effective_participation_v1,baseline_2y_1y_5fold,5,2025-04-01,2026-03-31,mixed_or_unresolved_context,strong_up,mostly_above_trend,2025-03-31,2025-10-09,SZ.002371,北方华创,半导体,0.0,0.02,0.0,,0.11374999999999999,0.0,0.012578477318949455,0.0002515695463789891,1
strong_market_effective_participation_v1,baseline_2y_1y_5fold,5,2025-04-01,2026-03-31,mixed_or_unresolved_context,strong_up,mostly_above_trend,2025-03-31,2025-10-09,SZ.002415,海康威视,IT设备,0.0,0.02,0.0,,0.11374999999999999,0.0,0.0840736040609138,0.001681472081218276,1
strong_market_effective_participation_v1,baseline_2y_1y_5fold,5,2025-04-01,2026-03-31,mixed_or_unresolved_context,strong_up,mostly_above_trend,2025-03-31,2025-10-09,SZ.002475,立讯精密,元器件,0.023493621197252207,0.0,1.0,4.0,0.8241666666666665,0.09090909090909094,0.00942958726232801,0.0,0
strong_market_effective_participation_v1,baseline_2y_1y_5fold,5,2025-04-01,2026-03-31,mixed_or_unresolved_context,strong_up,mostly_above_trend,2025-03-31,2025-10-09,SZ.002600,领益智造,元器件,0.0,0.02,0.0,,0.11374999999999999,0.0,0.05334150827713069,0.0010668301655426139,1
strong_market_effective_participation_v1,baseline_2y_1y_5fold,5,2025-04-01,2026-03-31,mixed_or_unresolved_context,strong_up,mostly_above_trend,2025-03-31,2025-10-09,SZ.300014,亿纬锂能,电气设备,0.0,0.02,0.0,,0.11374999999999999,0.0,-0.008021978021978016,-0.0001604395604395603,1
strong_market_effective_participation_v1,baseline_2y_1y_5fold,5,2025-04-01,2026-03-31,mixed_or_unresolved_context,strong_up,mostly_above_trend,2025-03-31,2025-10-09,SZ.300033,同花顺,软件服务,0.01962708537782139,0.0,1.0,26.0,0.4627272727272727,0.48484848484848486,0.022917395163676524,0.0,0
strong_market_effective_participation_v1,baseline_2y_1y_5fold,5,2025-04-01,2026-03-31,mixed_or_unresolved_context,strong_up,mostly_above_trend,2025-03-31,2025-10-09,SZ.300124,汇川技术,电器仪表,0.01962708537782139,0.0,1.0,7.0,0.7652272727272728,0.18181818181818177,0.060725363874970295,0.0,0
strong_market_effective_participation_v1,baseline_2y_1y_5fold,5,2025-04-01,2026-03-31,mixed_or_unresolved_context,strong_up,mostly_above_trend,2025-03-31,2025-10-09,SZ.300418,昆仑万维,互联网,0.01962708537782139,0.02,1.0,11.0,0.6756060606060605,0.12121212121212122,0.02860670919942354,0.0005721341839884708,1
strong_market_effective_participation_v1,baseline_2y_1y_5fold,5,2025-04-01,2026-03-31,mixed_or_unresolved_context,strong_up,mostly_above_trend,2025-03-31,2025-10-09,SZ.300760,迈瑞医疗,医疗保健,0.01962708537782139,0.02,1.0,25.0,0.4887121212121212,0.7272727272727273,0.01037893280149782,0.00020757865602995642,1
strong_market_effective_participation_v1,baseline_2y_1y_5fold,5,2025-04-01,2026-03-31,mixed_or_unresolved_context,strong_up,mostly_above_trend,2025-03-31,2025-10-10,SH.600031,三一重工,工程机械,0.0,0.01962708537782139,0.0,,0.1175,0.0,-0.012048192771084154,-0.0002364709081665192,1
strong_market_effective_participation_v1,baseline_2y_1y_5fold,5,2025-04-01,2026-03-31,mixed_or_unresolved_context,strong_up,mostly_above_trend,2025-03-31,2025-10-10,SH.600584,长电科技,半导体,0.0197397654351873,0.01962708537782139,1.0,11.0,0.6845000000000001,0.5,-0.06872340425531909,-0.0013488401227736817,1
strong_market_effective_participation_v1,baseline_2y_1y_5fold,5,2025-04-01,2026-03-31,mixed_or_unresolved_context,strong_up,mostly_above_trend,2025-03-31,2025-10-10,SH.600588,用友网络,软件服务,0.0,0.01962708537782139,0.0,28.0,0.371,0.4,-0.06479217603911969,-0.0012716815709346355,1
strong_market_effective_participation_v1,baseline_2y_1y_5fold,5,2025-04-01,2026-03-31,mixed_or_unresolved_context,strong_up,mostly_above_trend,2025-03-31,2025-10-10,SH.601012,隆基绿能,电气设备,0.0,0.01962708537782139,0.0,23.0,0.5156666666666666,0.8,-0.025423728813559365,-0.0004989936960463074,1
strong_market_effective_participation_v1,baseline_2y_1y_5fold,5,2025-04-01,2026-03-31,mixed_or_unresolved_context,strong_up,mostly_above_trend,2025-03-31,2025-10-10,SH.601100,恒立液压,工程机械,0.0197397654351873,0.01962708537782139,1.0,19.0,0.5523333333333335,0.43333333333333335,-0.05509615384615396,-0.0010813769155280462,1
strong_market_effective_participation_v1,baseline_2y_1y_5fold,5,2025-04-01,2026-03-31,mixed_or_unresolved_context,strong_up,mostly_above_trend,2025-03-31,2025-10-10,SH.601127,赛力斯,汽车整车,0.0,0.01962708537782139,0.0,,0.1175,0.0,0.047937499999999966,0.0009408734052993123,1
strong_market_effective_participation_v1,baseline_2y_1y_5fold,5,2025-04-01,2026-03-31,mixed_or_unresolved_context,strong_up,mostly_above_trend,2025-03-31,2025-10-10,SH.601360,三六零,互联网,0.0,0.01962708537782139,0.0,26.0,0.3901666666666667,0.8333333333333334,-0.04647160068846812,-0.0009121020743565871,1
strong_market_effective_participation_v1,baseline_2y_1y_5fold,5,2025-04-01,2026-03-31,mixed_or_unresolved_context,strong_up,mostly_above_trend,2025-03-31,2025-10-10,SH.601600,中国铝业,铝,0.0,0.01962708537782139,0.0,,0.1175,0.0,-0.006912442396313501,-0.00013567109708171736,1
strong_market_effective_participation_v1,baseline_2y_1y_5fold,5,2025-04-01,2026-03-31,mixed_or_unresolved_context,strong_up,mostly_above_trend,2025-03-31,2025-10-10,SH.601688,华泰证券,证券,0.0197397654351873,0.01962708537782139,1.0,18.0,0.5528333333333334,0.7333333333333334,0.03571428571428581,0.0007009673349221944,1
strong_market_effective_participation_v1,baseline_2y_1y_5fold,5,2025-04-01,2026-03-31,mixed_or_unresolved_context,strong_up,mostly_above_trend,2025-03-31,2025-10-10,SH.601727,上海电气,电气设备,0.07,0.07,1.0,13.0,0.6475,0.5333333333333333,0.007707129094412402,0.0005394990366088682,1
strong_market_effective_participation_v1,baseline_2y_1y_5fold,5,2025-04-01,2026-03-31,mixed_or_unresolved_context,strong_up,mostly_above_trend,2025-03-31,2025-10-10,SH.601899,紫金矿业,铜,0.03783580060258655,0.034710500490677136,1.0,1.0,0.8761666666666669,0.6333333333333333,-0.04663372452130954,-0.0016186799178790172,1
strong_market_effective_participation_v1,baseline_2y_1y_5fold,5,2025-04-01,2026-03-31,mixed_or_unresolved_context,strong_up,mostly_above_trend,2025-03-31,2025-10-10,SH.603259,XD药明康,化学制药,0.02002204408091048,0.0,1.0,22.0,0.519,0.6666666666666667,-0.07204253433761632,-0.0,0
strong_market_effective_participation_v1,baseline_2y_1y_5fold,5,2025-04-01,2026-03-31,mixed_or_unresolved_context,strong_up,mostly_above_trend,2025-03-31,2025-10-10,SH.603501,豪威集团,半导体,0.0197397654351873,0.01962708537782139,1.0,20.0,0.5366666666666667,0.9,-0.05465937874950011,-0.0010728042934151148,1
strong_market_effective_participation_v1,baseline_2y_1y_5fold,5,2025-04-01,2026-03-31,mixed_or_unresolved_context,strong_up,mostly_above_trend,2025-03-31,2025-10-10,SH.603799,华友钴业,小金属,0.0197397654351873,0.01962708537782139,1.0,3.0,0.8553333333333334,0.23333333333333328,-0.07739365485844374,-0.0015190118716083166,1
strong_market_effective_participation_v1,baseline_2y_1y_5fold,5,2025-04-01,2026-03-31,mixed_or_unresolved_context,strong_up,mostly_above_trend,2025-03-31,2025-10-10,SH.603986,兆易创新,半导体,0.0197397654351873,0.0,1.0,5.0,0.8233333333333333,0.19999999999999996,-0.046432214288882,-0.0,0
strong_market_effective_participation_v1,baseline_2y_1y_5fold,5,2025-04-01,2026-03-31,mixed_or_unresolved_context,strong_up,mostly_above_trend,2025-03-31,2025-10-10,SH.603993,洛阳钼业,小金属,0.0,0.01962708537782139,0.0,,0.1175,0.0,-0.031847133757961776,-0.0006250664133064136,1
strong_market_effective_participation_v1,baseline_2y_1y_5fold,5,2025-04-01,2026-03-31,mixed_or_unresolved_context,strong_up,mostly_above_trend,2025-03-31,2025-10-10,SH.688008,澜起科技,半导体,0.0197397654351873,0.0,1.0,2.0,0.8561666666666667,0.4666666666666667,-0.0446906035141329,-0.0,0
strong_market_effective_participation_v1,baseline_2y_1y_5fold,5,2025-04-01,2026-03-31,mixed_or_unresolved_context,strong_up,mostly_above_trend,2025-03-31,2025-10-10,SH.688012,DR中微公,半导体,0.0197397654351873,0.0,1.0,4.0,0.8355,0.1333333333333333,-0.08182131553382854,-0.0,0
strong_market_effective_participation_v1,baseline_2y_1y_5fold,5,2025-04-01,2026-03-31,mixed_or_unresolved_context,strong_up,mostly_above_trend,2025-03-31,2025-10-10,SZ.000063,中兴通讯,通信设备,0.0,0.01962708537782139,0.0,,0.1175,0.0,0.040416166466586745,0.00079325154988394,1
strong_market_effective_participation_v1,baseline_2y_1y_5fold,5,2025-04-01,2026-03-31,mixed_or_unresolved_context,strong_up,mostly_above_trend,2025-03-31,2025-10-10,SZ.000066,中国长城,IT设备,0.07,0.07,1.0,30.0,0.3075,0.8666666666666667,-0.04295532646048106,-0.0030068728522336745,1
strong_market_effective_participation_v1,baseline_2y_1y_5fold,5,2025-04-01,2026-03-31,mixed_or_unresolved_context,strong_up,mostly_above_trend,2025-03-31,2025-10-10,SZ.000100,TCL科技,元器件,0.0,0.01962708537782139,0.0,,0.1175,0.0,-0.03325942350332578,-0.0006527855447168945,1
strong_market_effective_participation_v1,baseline_2y_1y_5fold,5,2025-04-01,2026-03-31,mixed_or_unresolved_context,strong_up,mostly_above_trend,2025-03-31,2025-10-10,SZ.000725,京东方Ａ,元器件,0.0,0.01962708537782139,0.0,25.0,0.4391666666666667,0.9333333333333333,-0.02570093457943934,-0.000504434437280458,1
strong_market_effective_participation_v1,baseline_2y_1y_5fold,5,2025-04-01,2026-03-31,mixed_or_unresolved_context,strong_up,mostly_above_trend,2025-03-31,2025-10-10,SZ.000977,浪潮信息,IT设备,0.0197397654351873,0.0,1.0,15.0,0.6243333333333334,0.30000000000000004,-0.08293838862559244,-0.0,0
strong_market_effective_participation_v1,baseline_2y_1y_5fold,5,2025-04-01,2026-03-31,mixed_or_unresolved_context,strong_up,mostly_above_trend,2025-03-31,2025-10-10,SZ.000988,华工科技,专用机械,0.0,0.07,0.0,,0.1175,0.0,-0.0358556724352449,-0.0025098970704671435,1
strong_market_effective_participation_v1,baseline_2y_1y_5fold,5,2025-04-01,2026-03-31,mixed_or_unresolved_context,strong_up,mostly_above_trend,2025-03-31,2025-10-10,SZ.002049,紫光国微,半导体,0.0197397654351873,0.0,1.0,14.0,0.6275,0.7666666666666666,-0.07048932959689591,-0.0,0
strong_market_effective_participation_v1,baseline_2y_1y_5fold,5,2025-04-01,2026-03-31,mixed_or_unresolved_context,strong_up,mostly_above_trend,2025-03-31,2025-10-10,SZ.002050,三花智控,家用电器,0.0197397654351873,0.01962708537782139,1.0,9.0,0.7304999999999999,0.06666666666666665,-0.07795100222717144,-0.0015299509759994392,1
strong_market_effective_participation_v1,baseline_2y_1y_5fold,5,2025-04-01,2026-03-31,mixed_or_unresolved_context,strong_up,mostly_above_trend,2025-03-31,2025-10-10,SZ.002230,科大讯飞,软件服务,0.0197397654351873,0.01962708537782139,1.0,21.0,0.5223333333333333,0.5666666666666667,-0.06153588195841719,-0.0012077700089973933,1
strong_market_effective_participation_v1,baseline_2y_1y_5fold,5,2025-04-01,2026-03-31,mixed_or_unresolved_context,strong_up,mostly_above_trend,2025-03-31,2025-10-10,SZ.002241,歌尔股份,元器件,0.0197397654351873,0.01962708537782139,1.0,17.0,0.6101666666666666,0.2666666666666667,-0.09396312200050527,-0.0018442222178705644,1
strong_market_effective_participation_v1,baseline_2y_1y_5fold,5,2025-04-01,2026-03-31,mixed_or_unresolved_context,strong_up,mostly_above_trend,2025-03-31,2025-10-10,SZ.002371,北方华创,半导体,0.0197397654351873,0.0,1.0,10.0,0.7193333333333333,0.7,-0.043990830695339045,-0.0,0
strong_market_effective_participation_v1,baseline_2y_1y_5fold,5,2025-04-01,2026-03-31,mixed_or_unresolved_context,strong_up,mostly_above_trend,2025-03-31,2025-10-10,SZ.002475,立讯精密,元器件,0.0,0.023493621197252207,0.0,,0.1175,0.0,-0.06891271056661563,-0.0016190091177279472,1
strong_market_effective_participation_v1,baseline_2y_1y_5fold,5,2025-04-01,2026-03-31,mixed_or_unresolved_context,strong_up,mostly_above_trend,2025-03-31,2025-10-10,SZ.002600,领益智造,元器件,0.0197397654351873,0.0,1.0,12.0,0.6818333333333334,0.09999999999999998,-0.06635622817229347,-0.0,0
strong_market_effective_participation_v1,baseline_2y_1y_5fold,5,2025-04-01,2026-03-31,mixed_or_unresolved_context,strong_up,mostly_above_trend,2025-03-31,2025-10-10,SZ.002916,深南电路,元器件,0.0197397654351873,0.0,1.0,8.0,0.7373333333333334,0.0,-0.09026437263953024,-0.0,0
strong_market_effective_participation_v1,baseline_2y_1y_5fold,5,2025-04-01,2026-03-31,mixed_or_unresolved_context,strong_up,mostly_above_trend,2025-03-31,2025-10-10,SZ.300033,同花顺,软件服务,0.0,0.01962708537782139,0.0,,0.1175,0.0,-0.03710326329906133,-0.0007282289165664637,1
strong_market_effective_participation_v1,baseline_2y_1y_5fold,5,2025-04-01,2026-03-31,mixed_or_unresolved_context,strong_up,mostly_above_trend,2025-03-31,2025-10-10,SZ.300124,汇川技术,电器仪表,0.0197397654351873,0.01962708537782139,1.0,16.0,0.6103333333333334,0.33333333333333337,-0.051512765718141895,-0.0010110454507976819,1
strong_market_effective_participation_v1,baseline_2y_1y_5fold,5,2025-04-01,2026-03-31,mixed_or_unresolved_context,strong_up,mostly_above_trend,2025-03-31,2025-10-10,SZ.300274,阳光电源,电气设备,0.0197397654351873,0.0,1.0,6.0,0.7991666666666667,0.033333333333333326,-0.07785260242935355,-0.0,0
strong_market_effective_participation_v1,baseline_2y_1y_5fold,5,2025-04-01,2026-03-31,mixed_or_unresolved_context,strong_up,mostly_above_trend,2025-03-31,2025-10-10,SZ.300418,昆仑万维,互联网,0.0,0.01962708537782139,0.0,24.0,0.47200000000000003,0.16666666666666663,-0.07242897158863537,-0.0014215696091979463,1
strong_market_effective_participation_v1,baseline_2y_1y_5fold,5,2025-04-01,2026-03-31,mixed_or_unresolved_context,strong_up,mostly_above_trend,2025-03-31,2025-10-10,SZ.300458,全志科技,半导体,0.07,0.0,1.0,29.0,0.3675,0.6,-0.07751196172248798,-0.0,0
strong_market_effective_participation_v1,baseline_2y_1y_5fold,5,2025-04-01,2026-03-31,mixed_or_unresolved_context,strong_up,mostly_above_trend,2025-03-31,2025-10-10,SZ.300750,宁德时代,电气设备,0.07682637748313155,0.0,1.0,7.0,0.7579999999999999,0.3666666666666667,-0.06816462953475322,-0.0,0
strong_market_effective_participation_v1,baseline_2y_1y_5fold,5,2025-04-01,2026-03-31,mixed_or_unresolved_context,strong_up,mostly_above_trend,2025-03-31,2025-10-10,SZ.300760,迈瑞医疗,医疗保健,0.0,0.01962708537782139,0.0,,0.1175,0.0,-0.025136964228166248,-0.0004933653430454611,1
strong_market_effective_participation_v1,baseline_2y_1y_5fold,5,2025-04-01,2026-03-31,mixed_or_unresolved_context,strong_up,mostly_above_trend,2025-03-31,2025-10-13,SH.600031,三一重工,工程机械,0.02,0.0,1.0,15.0,0.5283695652173913,0.9130434782608696,-0.003919860627177862,-0.0,0
strong_market_effective_participation_v1,baseline_2y_1y_5fold,5,2025-04-01,2026-03-31,mixed_or_unresolved_context,strong_up,mostly_above_trend,2025-03-31,2025-10-13,SH.600309,万华化学,化工原料,0.02,0.0,1.0,21.0,0.3729347826086956,0.8695652173913043,-0.020375018455632832,-0.0,0
strong_market_effective_participation_v1,baseline_2y_1y_5fold,5,2025-04-01,2026-03-31,mixed_or_unresolved_context,strong_up,mostly_above_trend,2025-03-31,2025-10-13,SH.600584,长电科技,半导体,0.02,0.0197397654351873,1.0,10.0,0.6476086956521739,0.3913043478260869,-0.0036554717843272355,-7.21581555775652e-05,1
strong_market_effective_participation_v1,baseline_2y_1y_5fold,5,2025-04-01,2026-03-31,mixed_or_unresolved_context,strong_up,mostly_above_trend,2025-03-31,2025-10-13,SH.601012,隆基绿能,电气设备,0.02,0.0,1.0,18.0,0.43326086956521737,0.6956521739130435,-0.014673913043478204,-0.0,0
strong_market_effective_participation_v1,baseline_2y_1y_5fold,5,2025-04-01,2026-03-31,mixed_or_unresolved_context,strong_up,mostly_above_trend,2025-03-31,2025-10-13,SH.601088,中国神华,煤炭开采,0.02,0.0,1.0,19.0,0.4302173913043478,0.9565217391304348,0.00452602464168983,0.0,0
strong_market_effective_participation_v1,baseline_2y_1y_5fold,5,2025-04-01,2026-03-31,mixed_or_unresolved_context,strong_up,mostly_above_trend,2025-03-31,2025-10-13,SH.601100,恒立液压,工程机械,0.02,0.0197397654351873,1.0,17.0,0.5052173913043478,0.30434782608695654,-0.03327566907499724,-0.0006568539022393614,1
strong_market_effective_participation_v1,baseline_2y_1y_5fold,5,2025-04-01,2026-03-31,mixed_or_unresolved_context,strong_up,mostly_above_trend,2025-03-31,2025-10-13,SH.601600,中国铝业,铝,0.02,0.0,1.0,13.0,0.5370652173913043,0.7391304347826086,-0.0058004640371229765,-0.0,0
strong_market_effective_participation_v1,baseline_2y_1y_5fold,5,2025-04-01,2026-03-31,mixed_or_unresolved_context,strong_up,mostly_above_trend,2025-03-31,2025-10-13,SH.601688,华泰证券,证券,0.0,0.0197397654351873,0.0,,0.13,0.0,-0.03146551724137936,-0.0006211219296416703,1
strong_market_effective_participation_v1,baseline_2y_1y_5fold,5,2025-04-01,2026-03-31,mixed_or_unresolved_context,strong_up,mostly_above_trend,2025-03-31,2025-10-13,SH.601727,上海电气,电气设备,0.035,0.07,1.0,11.0,0.638695652173913,0.4347826086956522,0.029636711281070705,0.0020745697896749496,1
strong_market_effective_participation_v1,baseline_2y_1y_5fold,5,2025-04-01,2026-03-31,mixed_or_unresolved_context,strong_up,mostly_above_trend,2025-03-31,2025-10-13,SH.601899,紫金矿业,铜,0.0383346,0.03783580060258655,1.0,3.0,0.8609782608695653,0.5217391304347826,0.013929381276320152,0.0005270292924882519,1
strong_market_effective_participation_v1,baseline_2y_1y_5fold,5,2025-04-01,2026-03-31,mixed_or_unresolved_context,strong_up,mostly_above_trend,2025-03-31,2025-10-13,SH.603259,XD药明康,化学制药,0.0,0.02002204408091048,0.0,,0.13,0.0,-0.04765087853323147,-0.0009540679904864713,1
strong_market_effective_participation_v1,baseline_2y_1y_5fold,5,2025-04-01,2026-03-31,mixed_or_unresolved_context,strong_up,mostly_above_trend,2025-03-31,2025-10-13,SH.603501,豪威集团,半导体,0.0,0.0197397654351873,0.0,,0.13,0.0,-0.024679170779861925,-0.0004871610423294028,1
strong_market_effective_participation_v1,baseline_2y_1y_5fold,5,2025-04-01,2026-03-31,mixed_or_unresolved_context,strong_up,mostly_above_trend,2025-03-31,2025-10-13,SH.603799,华友钴业,小金属,0.02,0.0197397654351873,1.0,2.0,0.8994565217391304,0.13043478260869568,0.08681572860447195,0.0017137221187371568,1
strong_market_effective_participation_v1,baseline_2y_1y_5fold,5,2025-04-01,2026-03-31,mixed_or_unresolved_context,strong_up,mostly_above_trend,2025-03-31,2025-10-13,SH.603986,兆易创新,半导体,0.0,0.0197397654351873,0.0,,0.13,0.0,-0.03334573528043905,-0.0006582369926997164,1
strong_market_effective_participation_v1,baseline_2y_1y_5fold,5,2025-04-01,2026-03-31,mixed_or_unresolved_context,strong_up,mostly_above_trend,2025-03-31,2025-10-13,SH.603993,洛阳钼业,小金属,0.02,0.0,1.0,1.0,0.9088043478260871,0.17391304347826086,0.031100478468899517,0.0,0
strong_market_effective_participation_v1,baseline_2y_1y_5fold,5,2025-04-01,2026-03-31,mixed_or_unresolved_context,strong_up,mostly_above_trend,2025-03-31,2025-10-13,SH.688008,澜起科技,半导体,0.0,0.0197397654351873,0.0,,0.13,0.0,-0.013394642143142677,-0.00026440709399391094,1
strong_market_effective_participation_v1,baseline_2y_1y_5fold,5,2025-04-01,2026-03-31,mixed_or_unresolved_context,strong_up,mostly_above_trend,2025-03-31,2025-10-13,SH.688012,DR中微公,半导体,0.02,0.0197397654351873,1.0,4.0,0.8326086956521739,0.04347826086956519,0.0071672354948806305,0.0001414795474876922,1
strong_market_effective_participation_v1,baseline_2y_1y_5fold,5,2025-04-01,2026-03-31,mixed_or_unresolved_context,strong_up,mostly_above_trend,2025-03-31,2025-10-13,SH.688981,中芯国际,半导体,0.02,0.0,1.0,7.0,0.7280434782608696,0.0,0.06658851113716291,0.0,0
strong_market_effective_participation_v1,baseline_2y_1y_5fold,5,2025-04-01,2026-03-31,mixed_or_unresolved_context,strong_up,mostly_above_trend,2025-03-31,2025-10-13,SZ.000063,中兴通讯,通信设备,0.02,0.0,1.0,5.0,0.8020652173913043,0.4782608695652174,0.032115384615384546,0.0,0
strong_market_effective_participation_v1,baseline_2y_1y_5fold,5,2025-04-01,2026-03-31,mixed_or_unresolved_context,strong_up,mostly_above_trend,2025-03-31,2025-10-13,SZ.000066,中国长城,IT设备,0.035,0.07,1.0,20.0,0.42391304347826086,0.6521739130434783,0.053261520047875655,0.003728306403351296,1
strong_market_effective_participation_v1,baseline_2y_1y_5fold,5,2025-04-01,2026-03-31,mixed_or_unresolved_context,strong_up,mostly_above_trend,2025-03-31,2025-10-13,SZ.000977,浪潮信息,IT设备,0.0,0.0197397654351873,0.0,,0.13,0.0,0.011771461383864645,0.00023236588654685337,1
strong_market_effective_participation_v1,baseline_2y_1y_5fold,5,2025-04-01,2026-03-31,mixed_or_unresolved_context,strong_up,mostly_above_trend,2025-03-31,2025-10-13,SZ.002049,紫光国微,半导体,0.02,0.0197397654351873,1.0,9.0,0.6607608695652174,0.6086956521739131,0.022959183673469497,0.0004532089002976697,1
strong_market_effective_participation_v1,baseline_2y_1y_5fold,5,2025-04-01,2026-03-31,mixed_or_unresolved_context,strong_up,mostly_above_trend,2025-03-31,2025-10-13,SZ.002050,三花智控,家用电器,0.0,0.0197397654351873,0.0,,0.13,0.0,-0.05226174791392202,-0.0010316346450537097,1
strong_market_effective_participation_v1,baseline_2y_1y_5fold,5,2025-04-01,2026-03-31,mixed_or_unresolved_context,strong_up,mostly_above_trend,2025-03-31,2025-10-13,SZ.002156,通富微电,半导体,0.035,0.0,1.0,6.0,0.7334782608695652,0.21739130434782605,0.030043859649122373,0.0,0
strong_market_effective_participation_v1,baseline_2y_1y_5fold,5,2025-04-01,2026-03-31,mixed_or_unresolved_context,strong_up,mostly_above_trend,2025-03-31,2025-10-13,SZ.002230,科大讯飞,软件服务,0.0,0.0197397654351873,0.0,,0.13,0.0,-0.009826692871180986,-0.00019397661228073986,1
strong_market_effective_participation_v1,baseline_2y_1y_5fold,5,2025-04-01,2026-03-31,mixed_or_unresolved_context,strong_up,mostly_above_trend,2025-03-31,2025-10-13,SZ.002241,歌尔股份,元器件,0.02,0.0197397654351873,1.0,14.0,0.5334782608695652,0.08695652173913049,-0.06802341789796484,-0.0013427663134055474,1
strong_market_effective_participation_v1,baseline_2y_1y_5fold,5,2025-04-01,2026-03-31,mixed_or_unresolved_context,strong_up,mostly_above_trend,2025-03-31,2025-10-13,SZ.002371,北方华创,半导体,0.0,0.0197397654351873,0.0,,0.13,0.0,-0.004795615437314327,-9.466432384994797e-05,1
strong_market_effective_participation_v1,baseline_2y_1y_5fold,5,2025-04-01,2026-03-31,mixed_or_unresolved_context,strong_up,mostly_above_trend,2025-03-31,2025-10-13,SZ.002415,海康威视,IT设备,0.02,0.0,1.0,12.0,0.628695652173913,0.8260869565217391,-0.016219404305514495,-0.0,0
strong_market_effective_participation_v1,baseline_2y_1y_5fold,5,2025-04-01,2026-03-31,mixed_or_unresolved_context,strong_up,mostly_above_trend,2025-03-31,2025-10-13,SZ.002600,领益智造,元器件,0.0,0.0197397654351873,0.0,,0.13,0.0,-0.04613466334164573,-0.000910687432795421,1
strong_market_effective_participation_v1,baseline_2y_1y_5fold,5,2025-04-01,2026-03-31,mixed_or_unresolved_context,strong_up,mostly_above_trend,2025-03-31,2025-10-13,SZ.002625,光启技术,航空,0.035,0.0,1.0,22.0,0.3378260869565217,0.782608695652174,0.008163265306122325,0.0,0
strong_market_effective_participation_v1,baseline_2y_1y_5fold,5,2025-04-01,2026-03-31,mixed_or_unresolved_context,strong_up,mostly_above_trend,2025-03-31,2025-10-13,SZ.002916,深南电路,元器件,0.0,0.0197397654351873,0.0,,0.13,0.0,-0.011301259283177267,-0.0002230842073721522,1
strong_market_effective_participation_v1,baseline_2y_1y_5fold,5,2025-04-01,2026-03-31,mixed_or_unresolved_context,strong_up,mostly_above_trend,2025-03-31,2025-10-13,SZ.300124,汇川技术,电器仪表,0.0,0.0197397654351873,0.0,,0.13,0.0,-0.033440056919245786,-0.0006600988797252239,1
strong_market_effective_participation_v1,baseline_2y_1y_5fold,5,2025-04-01,2026-03-31,mixed_or_unresolved_context,strong_up,mostly_above_trend,2025-03-31,2025-10-13,SZ.300274,阳光电源,电气设备,0.0,0.0197397654351873,0.0,,0.13,0.0,-0.03617253617253624,-0.0007140373792416931,1
strong_market_effective_participation_v1,baseline_2y_1y_5fold,5,2025-04-01,2026-03-31,mixed_or_unresolved_context,strong_up,mostly_above_trend,2025-03-31,2025-10-13,SZ.300339,润和软件,软件服务,0.035,0.0,1.0,23.0,0.2639130434782609,0.5652173913043479,0.039084022038567534,0.0,0
strong_market_effective_participation_v1,baseline_2y_1y_5fold,5,2025-04-01,2026-03-31,mixed_or_unresolved_context,strong_up,mostly_above_trend,2025-03-31,2025-10-13,SZ.300458,全志科技,半导体,0.035,0.07,1.0,16.0,0.5117391304347826,0.26086956521739135,0.07448132780082983,0.0052136929460580884,1
strong_market_effective_participation_v1,baseline_2y_1y_5fold,5,2025-04-01,2026-03-31,mixed_or_unresolved_context,strong_up,mostly_above_trend,2025-03-31,2025-10-13,SZ.300750,宁德时代,电气设备,0.0778392,0.07682637748313155,1.0,8.0,0.7008695652173912,0.34782608695652173,-0.019505170833878704,-0.0014985116173565332,1
strong_market_effective_participation_v1,baseline_2y_1y_5fold,5,2025-04-01,2026-03-31,mixed_or_unresolved_context,strong_up,mostly_above_trend,2025-03-31,2025-10-14,SH.600031,三一重工,工程机械,0.0,0.02,0.0,,0.1275,0.0,0.007433318758198526,0.00014866637516397052,1
strong_market_effective_participation_v1,baseline_2y_1y_5fold,5,2025-04-01,2026-03-31,mixed_or_unresolved_context,strong_up,mostly_above_trend,2025-03-31,2025-10-14,SH.600309,万华化学,化工原料,0.0,0.02,0.0,,0.1275,0.0,-0.023813112283345816,-0.00047626224566691636,1
strong_market_effective_participation_v1,baseline_2y_1y_5fold,5,2025-04-01,2026-03-31,mixed_or_unresolved_context,strong_up,mostly_above_trend,2025-03-31,2025-10-14,SH.600584,长电科技,半导体,0.02,0.02,1.0,16.0,0.5825,0.29166666666666663,-0.06466406787434076,-0.0012932813574868152,1
strong_market_effective_participation_v1,baseline_2y_1y_5fold,5,2025-04-01,2026-03-31,mixed_or_unresolved_context,strong_up,mostly_above_trend,2025-03-31,2025-10-14,SH.600588,用友网络,软件服务,0.02,0.0,1.0,20.0,0.39416666666666667,0.33333333333333337,-0.02791878172588813,-0.0,0
strong_market_effective_participation_v1,baseline_2y_1y_5fold,5,2025-04-01,2026-03-31,mixed_or_unresolved_context,strong_up,mostly_above_trend,2025-03-31,2025-10-14,SH.601012,隆基绿能,电气设备,0.02,0.02,1.0,14.0,0.6150000000000001,0.7916666666666666,0.06343077771649219,0.0012686155543298438,1
strong_market_effective_participation_v1,baseline_2y_1y_5fold,5,2025-04-01,2026-03-31,mixed_or_unresolved_context,strong_up,mostly_above_trend,2025-03-31,2025-10-14,SH.601088,中国神华,煤炭开采,0.02,0.02,1.0,19.0,0.4791666666666666,0.9583333333333334,0.017521902377972465,0.0003504380475594493,1
strong_market_effective_participation_v1,baseline_2y_1y_5fold,5,2025-04-01,2026-03-31,mixed_or_unresolved_context,strong_up,mostly_above_trend,2025-03-31,2025-10-14,SH.601100,恒立液压,工程机械,0.02,0.02,1.0,17.0,0.4925,0.41666666666666663,-0.031052631578947554,-0.0006210526315789511,1
strong_market_effective_participation_v1,baseline_2y_1y_5fold,5,2025-04-01,2026-03-31,mixed_or_unresolved_context,strong_up,mostly_above_trend,2025-03-31,2025-10-14,SH.601600,中国铝业,铝,0.0,0.02,0.0,,0.1275,0.0,0.008168028004667649,0.00016336056009335297,1
strong_market_effective_participation_v1,baseline_2y_1y_5fold,5,2025-04-01,2026-03-31,mixed_or_unresolved_context,strong_up,mostly_above_trend,2025-03-31,2025-10-14,SH.601727,上海电气,电气设备,0.042,0.035,1.0,15.0,0.61,0.375,-0.05849582172701939,-0.002047353760445679,1
strong_market_effective_participation_v1,baseline_2y_1y_5fold,5,2025-04-01,2026-03-31,mixed_or_unresolved_context,strong_up,mostly_above_trend,2025-03-31,2025-10-14,SH.601899,紫金矿业,铜,0.0383346,0.0383346,1.0,2.0,0.8483333333333333,0.6666666666666667,-0.057507987220447254,-0.0022045456869009576,1
strong_market_effective_participation_v1,baseline_2y_1y_5fold,5,2025-04-01,2026-03-31,mixed_or_unresolved_context,strong_up,mostly_above_trend,2025-03-31,2025-10-14,SH.603799,华友钴业,小金属,0.02,0.02,1.0,3.0,0.8466666666666667,0.20833333333333337,-0.07534052213393871,-0.0015068104426787744,1
strong_market_effective_participation_v1,baseline_2y_1y_5fold,5,2025-04-01,2026-03-31,mixed_or_unresolved_context,strong_up,mostly_above_trend,2025-03-31,2025-10-14,SH.603986,兆易创新,半导体,0.02,0.0,1.0,6.0,0.7524999999999998,0.125,-0.057012268462833804,-0.0,0
strong_market_effective_participation_v1,baseline_2y_1y_5fold,5,2025-04-01,2026-03-31,mixed_or_unresolved_context,strong_up,mostly_above_trend,2025-03-31,2025-10-14,SH.603993,洛阳钼业,小金属,0.02,0.02,1.0,1.0,0.8925,0.25,-0.0713457076566123,-0.001426914153132246,1
strong_market_effective_participation_v1,baseline_2y_1y_5fold,5,2025-04-01,2026-03-31,mixed_or_unresolved_context,strong_up,mostly_above_trend,2025-03-31,2025-10-14,SH.688008,澜起科技,半导体,0.02,0.0,1.0,4.0,0.8283333333333333,0.5833333333333333,-0.007092198581560405,-0.0,0
strong_market_effective_participation_v1,baseline_2y_1y_5fold,5,2025-04-01,2026-03-31,mixed_or_unresolved_context,strong_up,mostly_above_trend,2025-03-31,2025-10-14,SH.688012,DR中微公,半导体,0.02,0.02,1.0,5.0,0.7949999999999999,0.04166666666666663,-0.0731955269400204,-0.001463910538800408,1
strong_market_effective_participation_v1,baseline_2y_1y_5fold,5,2025-04-01,2026-03-31,mixed_or_unresolved_context,strong_up,mostly_above_trend,2025-03-31,2025-10-14,SH.688111,金山办公,软件服务,0.02,0.0,1.0,18.0,0.48000000000000004,0.625,-0.035903015231582236,-0.0,0
strong_market_effective_participation_v1,baseline_2y_1y_5fold,5,2025-04-01,2026-03-31,mixed_or_unresolved_context,strong_up,mostly_above_trend,2025-03-31,2025-10-14,SH.688981,中芯国际,半导体,0.02,0.02,1.0,8.0,0.6775,0.08333333333333337,-0.06792701692679703,-0.0013585403385359407,1
strong_market_effective_participation_v1,baseline_2y_1y_5fold,5,2025-04-01,2026-03-31,mixed_or_unresolved_context,strong_up,mostly_above_trend,2025-03-31,2025-10-14,SZ.000063,中兴通讯,通信设备,0.02,0.02,1.0,7.0,0.7499999999999999,0.5,-0.06465436929383261,-0.0012930873858766523,1
strong_market_effective_participation_v1,baseline_2y_1y_5fold,5,2025-04-01,2026-03-31,mixed_or_unresolved_context,strong_up,mostly_above_trend,2025-03-31,2025-10-14,SZ.000066,中国长城,IT设备,0.042,0.035,1.0,21.0,0.375,0.8333333333333334,-0.040909090909091006,-0.0014318181818181854,1
strong_market_effective_participation_v1,baseline_2y_1y_5fold,5,2025-04-01,2026-03-31,mixed_or_unresolved_context,strong_up,mostly_above_trend,2025-03-31,2025-10-14,SZ.002049,紫光国微,半导体,0.02,0.02,1.0,12.0,0.6541666666666667,0.75,-0.049081840852414516,-0.0009816368170482903,1
strong_market_effective_participation_v1,baseline_2y_1y_5fold,5,2025-04-01,2026-03-31,mixed_or_unresolved_context,strong_up,mostly_above_trend,2025-03-31,2025-10-14,SZ.002085,万丰奥威,汽车配件,0.042,0.0,1.0,24.0,0.2191666666666667,0.9166666666666666,-0.008724100327153539,-0.0,0
strong_market_effective_participation_v1,baseline_2y_1y_5fold,5,2025-04-01,2026-03-31,mixed_or_unresolved_context,strong_up,mostly_above_trend,2025-03-31,2025-10-14,SZ.002156,通富微电,半导体,0.042,0.035,1.0,9.0,0.6741666666666666,0.16666666666666663,-0.09985096870342758,-0.0034947839046199657,1
strong_market_effective_participation_v1,baseline_2y_1y_5fold,5,2025-04-01,2026-03-31,mixed_or_unresolved_context,strong_up,mostly_above_trend,2025-03-31,2025-10-14,SZ.002230,科大讯飞,软件服务,0.02,0.0,1.0,22.0,0.36333333333333345,0.7083333333333333,-0.04547094911584271,-0.0,0
strong_market_effective_participation_v1,baseline_2y_1y_5fold,5,2025-04-01,2026-03-31,mixed_or_unresolved_context,strong_up,mostly_above_trend,2025-03-31,2025-10-14,SZ.002241,歌尔股份,元器件,0.0,0.02,0.0,,0.1275,0.0,-0.04217768471432837,-0.0008435536942865674,1
strong_market_effective_participation_v1,baseline_2y_1y_5fold,5,2025-04-01,2026-03-31,mixed_or_unresolved_context,strong_up,mostly_above_trend,2025-03-31,2025-10-14,SZ.002371,北方华创,半导体,0.02,0.0,1.0,11.0,0.6566666666666667,0.5416666666666667,-0.07755851307939421,-0.0,0
strong_market_effective_participation_v1,baseline_2y_1y_5fold,5,2025-04-01,2026-03-31,mixed_or_unresolved_context,strong_up,mostly_above_trend,2025-03-31,2025-10-14,SZ.002415,海康威视,IT设备,0.0,0.02,0.0,,0.1275,0.0,-0.00329736211031173,-6.59472422062346e-05,1
strong_market_effective_participation_v1,baseline_2y_1y_5fold,5,2025-04-01,2026-03-31,mixed_or_unresolved_context,strong_up,mostly_above_trend,2025-03-31,2025-10-14,SZ.002625,光启技术,航空,0.042,0.035,1.0,23.0,0.3308333333333333,0.875,-0.013157894736842035,-0.0004605263157894713,1
strong_market_effective_participation_v1,baseline_2y_1y_5fold,5,2025-04-01,2026-03-31,mixed_or_unresolved_context,strong_up,mostly_above_trend,2025-03-31,2025-10-14,SZ.300339,润和软件,软件服务,0.0,0.035,0.0,,0.1275,0.0,-0.043082021541010596,-0.001507870753935371,1
strong_market_effective_participation_v1,baseline_2y_1y_5fold,5,2025-04-01,2026-03-31,mixed_or_unresolved_context,strong_up,mostly_above_trend,2025-03-31,2025-10-14,SZ.300458,全志科技,半导体,0.0,0.035,0.0,,0.1275,0.0,-0.012936860397760208,-0.00045279011392160734,1
strong_market_effective_participation_v1,baseline_2y_1y_5fold,5,2025-04-01,2026-03-31,mixed_or_unresolved_context,strong_up,mostly_above_trend,2025-03-31,2025-10-14,SZ.300502,新易盛,通信设备,0.0250452,0.0,1.0,13.0,0.6516666666666666,0.0,-0.09208261617900193,-0.0,0
strong_market_effective_participation_v1,baseline_2y_1y_5fold,5,2025-04-01,2026-03-31,mixed_or_unresolved_context,strong_up,mostly_above_trend,2025-03-31,2025-10-14,SZ.300750,宁德时代,电气设备,0.0778392,0.0778392,1.0,10.0,0.6708333333333334,0.45833333333333337,-0.044058744993324406,-0.003429497463284377,1
strong_market_effective_participation_v1,baseline_2y_1y_5fold,5,2025-04-01,2026-03-31,mixed_or_unresolved_context,strong_up,mostly_above_trend,2025-03-31,2025-10-15,SH.600031,三一重工,工程机械,0.02,0.0,1.0,7.0,0.6911666666666667,0.7333333333333334,0.032115622915442454,0.0,0
strong_market_effective_participation_v1,baseline_2y_1y_5fold,5,2025-04-01,2026-03-31,mixed_or_unresolved_context,strong_up,mostly_above_trend,2025-03-31,2025-10-15,SH.600584,长电科技,半导体,0.0,0.02,0.0,,0.135,0.0,0.027702868350085952,0.000554057367001719,1
strong_market_effective_participation_v1,baseline_2y_1y_5fold,5,2025-04-01,2026-03-31,mixed_or_unresolved_context,strong_up,mostly_above_trend,2025-03-31,2025-10-15,SH.600588,用友网络,软件服务,0.0,0.02,0.0,,0.135,0.0,-0.0032637075718016106,-6.527415143603221e-05,1
strong_market_effective_participation_v1,baseline_2y_1y_5fold,5,2025-04-01,2026-03-31,mixed_or_unresolved_context,strong_up,mostly_above_trend,2025-03-31,2025-10-15,SH.601012,隆基绿能,电气设备,0.02,0.02,1.0,6.0,0.721,0.4666666666666667,0.022821576763485396,0.00045643153526970793,1
strong_market_effective_participation_v1,baseline_2y_1y_5fold,5,2025-04-01,2026-03-31,mixed_or_unresolved_context,strong_up,mostly_above_trend,2025-03-31,2025-10-15,SH.601088,中国神华,煤炭开采,0.02,0.02,1.0,11.0,0.4793333333333333,0.8666666666666667,0.005166051660516535,0.00010332103321033071,1
strong_market_effective_participation_v1,baseline_2y_1y_5fold,5,2025-04-01,2026-03-31,mixed_or_unresolved_context,strong_up,mostly_above_trend,2025-03-31,2025-10-15,SH.601100,恒立液压,工程机械,0.02,0.02,1.0,9.0,0.6403333333333333,0.19999999999999996,0.06909288430200977,0.0013818576860401954,1
strong_market_effective_participation_v1,baseline_2y_1y_5fold,5,2025-04-01,2026-03-31,mixed_or_unresolved_context,strong_up,mostly_above_trend,2025-03-31,2025-10-15,SH.601336,新华保险,保险,0.02,0.0,1.0,10.0,0.5325,0.6666666666666667,0.036183206106870314,0.0,0
strong_market_effective_participation_v1,baseline_2y_1y_5fold,5,2025-04-01,2026-03-31,mixed_or_unresolved_context,strong_up,mostly_above_trend,2025-03-31,2025-10-15,SH.601600,中国铝业,铝,0.02,0.0,1.0,5.0,0.7280000000000001,0.5333333333333333,0.02662037037037024,0.0,0
strong_market_effective_participation_v1,baseline_2y_1y_5fold,5,2025-04-01,2026-03-31,mixed_or_unresolved_context,strong_up,mostly_above_trend,2025-03-31,2025-10-15,SH.601727,上海电气,电气设备,0.0,0.042,0.0,,0.135,0.0,-0.012820512820512886,-0.0005384615384615413,1
strong_market_effective_participation_v1,baseline_2y_1y_5fold,5,2025-04-01,2026-03-31,mixed_or_unresolved_context,strong_up,mostly_above_trend,2025-03-31,2025-10-15,SH.601881,中国银河,证券,0.02,0.0,1.0,13.0,0.4286666666666667,0.8,0.012921348314606673,0.0,0
strong_market_effective_participation_v1,baseline_2y_1y_5fold,5,2025-04-01,2026-03-31,mixed_or_unresolved_context,strong_up,mostly_above_trend,2025-03-31,2025-10-15,SH.601899,紫金矿业,铜,0.0383346,0.0383346,1.0,2.0,0.848,0.2666666666666667,0.050169491525423604,0.0019232273898305038,1
strong_market_effective_participation_v1,baseline_2y_1y_5fold,5,2025-04-01,2026-03-31,mixed_or_unresolved_context,strong_up,mostly_above_trend,2025-03-31,2025-10-15,SH.603799,华友钴业,小金属,0.0,0.02,0.0,,0.135,0.0,0.0026085622218812166,5.217124443762433e-05,1
strong_market_effective_participation_v1,baseline_2y_1y_5fold,5,2025-04-01,2026-03-31,mixed_or_unresolved_context,strong_up,mostly_above_trend,2025-03-31,2025-10-15,SH.603986,兆易创新,半导体,0.0,0.02,0.0,,0.135,0.0,0.03066326530612251,0.0006132653061224502,1
strong_market_effective_participation_v1,baseline_2y_1y_5fold,5,2025-04-01,2026-03-31,mixed_or_unresolved_context,strong_up,mostly_above_trend,2025-03-31,2025-10-15,SH.603993,洛阳钼业,小金属,0.02,0.02,1.0,1.0,0.8848333333333334,0.0,0.01873828856964388,0.0003747657713928776,1
strong_market_effective_participation_v1,baseline_2y_1y_5fold,5,2025-04-01,2026-03-31,mixed_or_unresolved_context,strong_up,mostly_above_trend,2025-03-31,2025-10-15,SH.688008,澜起科技,半导体,0.0,0.02,0.0,,0.135,0.0,-0.016666666666666607,-0.00033333333333333213,1
strong_market_effective_participation_v1,baseline_2y_1y_5fold,5,2025-04-01,2026-03-31,mixed_or_unresolved_context,strong_up,mostly_above_trend,2025-03-31,2025-10-15,SH.688012,DR中微公,半导体,0.0,0.02,0.0,,0.135,0.0,0.001828153564899404,3.6563071297988084e-05,1
strong_market_effective_participation_v1,baseline_2y_1y_5fold,5,2025-04-01,2026-03-31,mixed_or_unresolved_context,strong_up,mostly_above_trend,2025-03-31,2025-10-15,SH.688111,金山办公,软件服务,0.02,0.02,1.0,12.0,0.4745,0.4,0.008963404804127162,0.00017926809608254324,1
strong_market_effective_participation_v1,baseline_2y_1y_5fold,5,2025-04-01,2026-03-31,mixed_or_unresolved_context,strong_up,mostly_above_trend,2025-03-31,2025-10-15,SH.688981,中芯国际,半导体,0.0,0.02,0.0,,0.135,0.0,0.018553459119496907,0.00037106918238993813,1
strong_market_effective_participation_v1,baseline_2y_1y_5fold,5,2025-04-01,2026-03-31,mixed_or_unresolved_context,strong_up,mostly_above_trend,2025-03-31,2025-10-15,SZ.000063,中兴通讯,通信设备,0.02,0.02,1.0,4.0,0.7816666666666668,0.33333333333333337,0.003984063745019917,7.968127490039834e-05,1
strong_market_effective_participation_v1,baseline_2y_1y_5fold,5,2025-04-01,2026-03-31,mixed_or_unresolved_context,strong_up,mostly_above_trend,2025-03-31,2025-10-15,SZ.000066,中国长城,IT设备,0.0,0.042,0.0,,0.135,0.0,-0.00414691943127965,-0.0001741706161137453,1
strong_market_effective_participation_v1,baseline_2y_1y_5fold,5,2025-04-01,2026-03-31,mixed_or_unresolved_context,strong_up,mostly_above_trend,2025-03-31,2025-10-15,SZ.000625,长安汽车,汽车整车,0.02,0.0,1.0,14.0,0.42283333333333334,0.9333333333333333,0.02392344497607657,0.0,0
strong_market_effective_participation_v1,baseline_2y_1y_5fold,5,2025-04-01,2026-03-31,mixed_or_unresolved_context,strong_up,mostly_above_trend,2025-03-31,2025-10-15,SZ.002049,紫光国微,半导体,0.0,0.02,0.0,,0.135,0.0,0.019549409941590268,0.00039098819883180534,1
strong_market_effective_participation_v1,baseline_2y_1y_5fold,5,2025-04-01,2026-03-31,mixed_or_unresolved_context,strong_up,mostly_above_trend,2025-03-31,2025-10-15,SZ.002085,万丰奥威,汽车配件,0.0,0.042,0.0,,0.135,0.0,-0.008800880088008944,-0.0003696369636963757,1
strong_market_effective_participation_v1,baseline_2y_1y_5fold,5,2025-04-01,2026-03-31,mixed_or_unresolved_context,strong_up,mostly_above_trend,2025-03-31,2025-10-15,SZ.002156,通富微电,半导体,0.08,0.042,1.0,8.0,0.6896666666666667,0.06666666666666665,0.00473036896877943,0.00019867549668873608,1
strong_market_effective_participation_v1,baseline_2y_1y_5fold,5,2025-04-01,2026-03-31,mixed_or_unresolved_context,strong_up,mostly_above_trend,2025-03-31,2025-10-15,SZ.002230,科大讯飞,软件服务,0.0,0.02,0.0,,0.135,0.0,0.029867674858222948,0.0005973534971644589,1
strong_market_effective_participation_v1,baseline_2y_1y_5fold,5,2025-04-01,2026-03-31,mixed_or_unresolved_context,strong_up,mostly_above_trend,2025-03-31,2025-10-15,SZ.002371,北方华创,半导体,0.0,0.02,0.0,,0.135,0.0,0.025820895522387977,0.0005164179104477595,1
strong_market_effective_participation_v1,baseline_2y_1y_5fold,5,2025-04-01,2026-03-31,mixed_or_unresolved_context,strong_up,mostly_above_trend,2025-03-31,2025-10-15,SZ.002625,光启技术,航空,0.08,0.042,1.0,15.0,0.41900000000000004,0.6,0.015179487179487028,0.0006375384615384552,1
strong_market_effective_participation_v1,baseline_2y_1y_5fold,5,2025-04-01,2026-03-31,mixed_or_unresolved_context,strong_up,mostly_above_trend,2025-03-31,2025-10-15,SZ.300274,阳光电源,电气设备,0.02,0.0,1.0,3.0,0.8135,0.1333333333333333,0.08305315115530454,0.0,0
strong_market_effective_participation_v1,baseline_2y_1y_5fold,5,2025-04-01,2026-03-31,mixed_or_unresolved_context,strong_up,mostly_above_trend,2025-03-31,2025-10-15,SZ.300502,新易盛,通信设备,0.0,0.0250452,0.0,,0.135,0.0,0.019241706161137406,0.0004819123791469186,1
strong_market_effective_participation_v1,baseline_2y_1y_5fold,5,2025-04-01,2026-03-31,mixed_or_unresolved_context,strong_up,mostly_above_trend,2025-03-31,2025-10-15,SZ.300750,宁德时代,电气设备,0.0,0.0778392,0.0,,0.135,0.0,0.03156424581005579,0.0024569356424580945,1
strong_market_effective_participation_v1,baseline_2y_1y_5fold,5,2025-04-01,2026-03-31,mixed_or_unresolved_context,strong_up,mostly_above_trend,2025-03-31,2025-10-16,SH.600031,三一重工,工程机械,0.0,0.02,0.0,,0.14125,0.0,0.004688832054560832,9.377664109121664e-05,1
strong_market_effective_participation_v1,baseline_2y_1y_5fold,5,2025-04-01,2026-03-31,mixed_or_unresolved_context,strong_up,mostly_above_trend,2025-03-31,2025-10-16,SH.601012,隆基绿能,电气设备,0.02,0.02,1.0,3.0,0.8359090909090908,0.5454545454545454,0.026876267748478844,0.0005375253549695769,1
strong_market_effective_participation_v1,baseline_2y_1y_5fold,5,2025-04-01,2026-03-31,mixed_or_unresolved_context,strong_up,mostly_above_trend,2025-03-31,2025-10-16,SH.601088,中国神华,煤炭开采,0.02,0.02,1.0,5.0,0.6427272727272727,0.9090909090909091,0.028144884973078765,0.0005628976994615753,1
strong_market_effective_participation_v1,baseline_2y_1y_5fold,5,2025-04-01,2026-03-31,mixed_or_unresolved_context,strong_up,mostly_above_trend,2025-03-31,2025-10-16,SH.601100,恒立液压,工程机械,0.0,0.02,0.0,,0.14125,0.0,-0.04481251905294159,-0.0008962503810588319,1
strong_market_effective_participation_v1,baseline_2y_1y_5fold,5,2025-04-01,2026-03-31,mixed_or_unresolved_context,strong_up,mostly_above_trend,2025-03-31,2025-10-16,SH.601288,农业银行,银行,0.02,0.0,1.0,7.0,0.5465909090909091,0.6363636363636364,0.030261348005502064,0.0,0
strong_market_effective_participation_v1,baseline_2y_1y_5fold,5,2025-04-01,2026-03-31,mixed_or_unresolved_context,strong_up,mostly_above_trend,2025-03-31,2025-10-16,SH.601336,新华保险,保险,0.0,0.02,0.0,,0.14125,0.0,0.011197878296743458,0.00022395756593486917,1
strong_market_effective_participation_v1,baseline_2y_1y_5fold,5,2025-04-01,2026-03-31,mixed_or_unresolved_context,strong_up,mostly_above_trend,2025-03-31,2025-10-16,SH.601600,中国铝业,铝,0.0,0.02,0.0,,0.14125,0.0,-0.016910935738444044,-0.0003382187147688809,1
strong_market_effective_participation_v1,baseline_2y_1y_5fold,5,2025-04-01,2026-03-31,mixed_or_unresolved_context,strong_up,mostly_above_trend,2025-03-31,2025-10-16,SH.601601,中国太保,保险,0.02,0.0,1.0,9.0,0.45113636363636367,0.8181818181818181,0.02168021680216814,0.0,0
strong_market_effective_participation_v1,baseline_2y_1y_5fold,5,2025-04-01,2026-03-31,mixed_or_unresolved_context,strong_up,mostly_above_trend,2025-03-31,2025-10-16,SH.601881,中国银河,证券,0.02,0.02,1.0,6.0,0.5679545454545454,0.7272727272727273,0.009428729894620291,0.00018857459789240583,1
strong_market_effective_participation_v1,baseline_2y_1y_5fold,5,2025-04-01,2026-03-31,mixed_or_unresolved_context,strong_up,mostly_above_trend,2025-03-31,2025-10-16,SH.601899,紫金矿业,铜,0.0,0.0383346,0.0,,0.14125,0.0,-0.016462233699160778,-0.0006310731439638488,1
strong_market_effective_participation_v1,baseline_2y_1y_5fold,5,2025-04-01,2026-03-31,mixed_or_unresolved_context,strong_up,mostly_above_trend,2025-03-31,2025-10-16,SH.603986,兆易创新,半导体,0.02,0.0,1.0,4.0,0.8252272727272727,0.0,0.0302955299242611,0.0,0
strong_market_effective_participation_v1,baseline_2y_1y_5fold,5,2025-04-01,2026-03-31,mixed_or_unresolved_context,strong_up,mostly_above_trend,2025-03-31,2025-10-16,SH.603993,洛阳钼业,小金属,0.0,0.02,0.0,,0.14125,0.0,-0.03740036787247081,-0.0007480073574494162,1
strong_market_effective_participation_v1,baseline_2y_1y_5fold,5,2025-04-01,2026-03-31,mixed_or_unresolved_context,strong_up,mostly_above_trend,2025-03-31,2025-10-16,SH.688111,金山办公,软件服务,0.0,0.02,0.0,,0.14125,0.0,-0.02358354903652571,-0.0004716709807305142,1
strong_market_effective_participation_v1,baseline_2y_1y_5fold,5,2025-04-01,2026-03-31,mixed_or_unresolved_context,strong_up,mostly_above_trend,2025-03-31,2025-10-16,SZ.000063,中兴通讯,通信设备,0.02,0.02,1.0,1.0,0.8877272727272727,0.18181818181818177,0.07202380952380949,0.0014404761904761897,1
strong_market_effective_participation_v1,baseline_2y_1y_5fold,5,2025-04-01,2026-03-31,mixed_or_unresolved_context,strong_up,mostly_above_trend,2025-03-31,2025-10-16,SZ.000158,常山北明,软件服务,0.07,0.0,1.0,10.0,0.4503409090909091,0.4545454545454546,0.09982094897045668,0.0,0
strong_market_effective_participation_v1,baseline_2y_1y_5fold,5,2025-04-01,2026-03-31,mixed_or_unresolved_context,strong_up,mostly_above_trend,2025-03-31,2025-10-16,SZ.000625,长安汽车,汽车整车,0.0,0.02,0.0,,0.14125,0.0,0.03816199376947038,0.0007632398753894076,1
strong_market_effective_participation_v1,baseline_2y_1y_5fold,5,2025-04-01,2026-03-31,mixed_or_unresolved_context,strong_up,mostly_above_trend,2025-03-31,2025-10-16,SZ.002156,通富微电,半导体,0.0,0.08,0.0,,0.14125,0.0,0.008003766478342778,0.0006403013182674222,1
strong_market_effective_participation_v1,baseline_2y_1y_5fold,5,2025-04-01,2026-03-31,mixed_or_unresolved_context,strong_up,mostly_above_trend,2025-03-31,2025-10-16,SZ.002261,拓维信息,软件服务,0.07,0.0,1.0,11.0,0.3612499999999999,0.2727272727272727,0.056189640035118504,0.0,0
strong_market_effective_participation_v1,baseline_2y_1y_5fold,5,2025-04-01,2026-03-31,mixed_or_unresolved_context,strong_up,mostly_above_trend,2025-03-31,2025-10-16,SZ.002625,光启技术,航空,0.0,0.08,0.0,,0.14125,0.0,-0.024045261669023987,-0.001923620933521919,1
strong_market_effective_participation_v1,baseline_2y_1y_5fold,5,2025-04-01,2026-03-31,mixed_or_unresolved_context,strong_up,mostly_above_trend,2025-03-31,2025-10-16,SZ.300274,阳光电源,电气设备,0.02,0.02,1.0,2.0,0.8781818181818181,0.09090909090909094,0.07661822985468958,0.0015323645970937915,1
strong_market_effective_participation_v1,baseline_2y_1y_5fold,5,2025-04-01,2026-03-31,mixed_or_unresolved_context,strong_up,mostly_above_trend,2025-03-31,2025-10-16,SZ.300339,润和软件,软件服务,0.07,0.0,1.0,8.0,0.48670454545454545,0.36363636363636365,0.04864214506703335,0.0,0
strong_market_effective_participation_v1,baseline_2y_1y_5fold,5,2025-04-01,2026-03-31,mixed_or_unresolved_context,strong_up,mostly_above_trend,2025-03-31,2025-10-17,SH.600031,三一重工,工程机械,0.02,0.0,1.0,4.0,0.6696428571428571,0.4285714285714286,-0.04539669070852781,-0.0,0
strong_market_effective_participation_v1,baseline_2y_1y_5fold,5,2025-04-01,2026-03-31,mixed_or_unresolved_context,strong_up,mostly_above_trend,2025-03-31,2025-10-17,SH.601012,隆基绿能,电气设备,0.0,0.02,0.0,,0.14375,0.0,-0.02716049382716057,-0.0005432098765432114,1
strong_market_effective_participation_v1,baseline_2y_1y_5fold,5,2025-04-01,2026-03-31,mixed_or_unresolved_context,strong_up,mostly_above_trend,2025-03-31,2025-10-17,SH.601088,中国神华,煤炭开采,0.0,0.02,0.0,,0.14375,0.0,-0.0026184241847178047,-5.23684836943561e-05,1
strong_market_effective_participation_v1,baseline_2y_1y_5fold,5,2025-04-01,2026-03-31,mixed_or_unresolved_context,strong_up,mostly_above_trend,2025-03-31,2025-10-17,SH.601288,农业银行,银行,0.02,0.02,1.0,5.0,0.6632142857142855,0.7142857142857143,0.01735647530040052,0.0003471295060080104,1
strong_market_effective_participation_v1,baseline_2y_1y_5fold,5,2025-04-01,2026-03-31,mixed_or_unresolved_context,strong_up,mostly_above_trend,2025-03-31,2025-10-17,SH.601336,新华保险,保险,0.02,0.0,1.0,6.0,0.5585714285714286,0.5714285714285714,-0.02433338190295775,-0.0,0
strong_market_effective_participation_v1,baseline_2y_1y_5fold,5,2025-04-01,2026-03-31,mixed_or_unresolved_context,strong_up,mostly_above_trend,2025-03-31,2025-10-17,SH.601601,中国太保,保险,0.0,0.02,0.0,,0.14375,0.0,-0.025198938992042508,-0.0005039787798408502,1
strong_market_effective_participation_v1,baseline_2y_1y_5fold,5,2025-04-01,2026-03-31,mixed_or_unresolved_context,strong_up,mostly_above_trend,2025-03-31,2025-10-17,SH.601881,中国银河,证券,0.02,0.02,1.0,7.0,0.4560714285714285,0.8571428571428572,-0.01813186813186829,-0.0003626373626373658,1
strong_market_effective_participation_v1,baseline_2y_1y_5fold,5,2025-04-01,2026-03-31,mixed_or_unresolved_context,strong_up,mostly_above_trend,2025-03-31,2025-10-17,SH.603986,兆易创新,半导体,0.0,0.02,0.0,,0.14375,0.0,-0.033248450487675885,-0.0006649690097535177,1
strong_market_effective_participation_v1,baseline_2y_1y_5fold,5,2025-04-01,2026-03-31,mixed_or_unresolved_context,strong_up,mostly_above_trend,2025-03-31,2025-10-17,SZ.000063,中兴通讯,通信设备,0.02,0.02,1.0,2.0,0.7892857142857141,0.2857142857142857,-0.09994447529150474,-0.001998889505830095,1
strong_market_effective_participation_v1,baseline_2y_1y_5fold,5,2025-04-01,2026-03-31,mixed_or_unresolved_context,strong_up,mostly_above_trend,2025-03-31,2025-10-17,SZ.000158,常山北明,软件服务,0.0,0.07,0.0,,0.14375,0.0,-0.0069190069190071535,-0.0004843304843305008,1
strong_market_effective_participation_v1,baseline_2y_1y_5fold,5,2025-04-01,2026-03-31,mixed_or_unresolved_context,strong_up,mostly_above_trend,2025-03-31,2025-10-17,SZ.002156,通富微电,半导体,0.08,0.0,1.0,3.0,0.7066071428571429,0.1428571428571429,-0.09458197104156929,-0.0,0
strong_market_effective_participation_v1,baseline_2y_1y_5fold,5,2025-04-01,2026-03-31,mixed_or_unresolved_context,strong_up,mostly_above_trend,2025-03-31,2025-10-17,SZ.002261,拓维信息,软件服务,0.0,0.07,0.0,,0.14375,0.0,-0.047104461069548464,-0.003297312274868393,1
strong_market_effective_participation_v1,baseline_2y_1y_5fold,5,2025-04-01,2026-03-31,mixed_or_unresolved_context,strong_up,mostly_above_trend,2025-03-31,2025-10-17,SZ.300274,阳光电源,电气设备,0.02,0.02,1.0,1.0,0.8428571428571427,0.0,-0.10914110429447854,-0.0021828220858895707,1
strong_market_effective_participation_v1,baseline_2y_1y_5fold,5,2025-04-01,2026-03-31,mixed_or_unresolved_context,strong_up,mostly_above_trend,2025-03-31,2025-10-17,SZ.300339,润和软件,软件服务,0.0,0.07,0.0,,0.14375,0.0,-0.04818882150467141,-0.003373217505326999,1
strong_market_effective_participation_v1,baseline_2y_1y_5fold,5,2025-04-01,2026-03-31,mixed_or_unresolved_context,strong_up,mostly_above_trend,2025-03-31,2025-10-20,SH.600031,三一重工,工程机械,0.0,0.02,0.0,,0.145,0.0,-0.0004444444444443585,-8.88888888888717e-06,1
strong_market_effective_participation_v1,baseline_2y_1y_5fold,5,2025-04-01,2026-03-31,mixed_or_unresolved_context,strong_up,mostly_above_trend,2025-03-31,2025-10-20,SH.601288,农业银行,银行,0.0,0.02,0.0,2.0,0.7766666666666666,0.6666666666666667,0.01706036745406836,0.00034120734908136717,1
strong_market_effective_participation_v1,baseline_2y_1y_5fold,5,2025-04-01,2026-03-31,mixed_or_unresolved_context,strong_up,mostly_above_trend,2025-03-31,2025-10-20,SH.601336,新华保险,保险,0.0,0.02,0.0,5.0,0.61,0.5,0.0044802867383513245,8.960573476702649e-05,1
strong_market_effective_participation_v1,baseline_2y_1y_5fold,5,2025-04-01,2026-03-31,mixed_or_unresolved_context,strong_up,mostly_above_trend,2025-03-31,2025-10-20,SH.601881,中国银河,证券,0.0,0.02,0.0,,0.145,0.0,-0.006155567991046107,-0.00012311135982092213,1
strong_market_effective_participation_v1,baseline_2y_1y_5fold,5,2025-04-01,2026-03-31,mixed_or_unresolved_context,strong_up,mostly_above_trend,2025-03-31,2025-10-20,SZ.000063,中兴通讯,通信设备,0.0,0.02,0.0,,0.145,0.0,-0.0006169031462061048,-1.2338062924122096e-05,1
strong_market_effective_participation_v1,baseline_2y_1y_5fold,5,2025-04-01,2026-03-31,mixed_or_unresolved_context,strong_up,mostly_above_trend,2025-03-31,2025-10-20,SZ.002156,通富微电,半导体,0.0,0.08,0.0,,0.145,0.0,0.012896569512509615,0.001031725561000769,1
strong_market_effective_participation_v1,baseline_2y_1y_5fold,5,2025-04-01,2026-03-31,mixed_or_unresolved_context,strong_up,mostly_above_trend,2025-03-31,2025-10-20,SZ.300274,阳光电源,电气设备,0.0,0.02,0.0,,0.145,0.0,0.03022217015859341,0.0006044434031718682,1
strong_market_effective_participation_v1,baseline_2y_1y_5fold,5,2025-04-01,2026-03-31,mixed_or_unresolved_context,strong_up,mostly_above_trend,2025-03-31,2025-10-21,SH.601088,中国神华,煤炭开采,0.02,0.0,1.0,4.0,0.7055555555555554,0.8888888888888888,-0.010182334833057083,-0.0,0
strong_market_effective_participation_v1,baseline_2y_1y_5fold,5,2025-04-01,2026-03-31,mixed_or_unresolved_context,strong_up,mostly_above_trend,2025-03-31,2025-10-21,SH.601138,工业富联,通信设备,0.02,0.0,1.0,1.0,0.9016666666666667,0.0,0.09571382533032535,0.0,0
strong_market_effective_participation_v1,baseline_2y_1y_5fold,5,2025-04-01,2026-03-31,mixed_or_unresolved_context,strong_up,mostly_above_trend,2025-03-31,2025-10-21,SH.601288,农业银行,银行,0.02,0.0,1.0,5.0,0.6791666666666667,0.6666666666666667,0.01677419354838694,0.0,0
strong_market_effective_participation_v1,baseline_2y_1y_5fold,5,2025-04-01,2026-03-31,mixed_or_unresolved_context,strong_up,mostly_above_trend,2025-03-31,2025-10-21,SH.601336,新华保险,保险,0.02,0.0,1.0,6.0,0.6469444444444443,0.5555555555555556,0.015462384775497995,0.0,0
strong_market_effective_participation_v1,baseline_2y_1y_5fold,5,2025-04-01,2026-03-31,mixed_or_unresolved_context,strong_up,mostly_above_trend,2025-03-31,2025-10-21,SH.601857,中国石油,石油开采,0.02,0.0,1.0,8.0,0.5272222222222221,0.7777777777777778,0.016241299303944468,0.0,0
strong_market_effective_participation_v1,baseline_2y_1y_5fold,5,2025-04-01,2026-03-31,mixed_or_unresolved_context,strong_up,mostly_above_trend,2025-03-31,2025-10-21,SZ.000158,常山北明,软件服务,0.08,0.0,1.0,9.0,0.34124999999999994,0.4444444444444444,-0.019896538002387554,-0.0,0
strong_market_effective_participation_v1,baseline_2y_1y_5fold,5,2025-04-01,2026-03-31,mixed_or_unresolved_context,strong_up,mostly_above_trend,2025-03-31,2025-10-21,SZ.002463,沪电股份,元器件,0.02,0.0,1.0,7.0,0.5808333333333334,0.33333333333333337,0.04630321135175497,0.0,0
strong_market_effective_participation_v1,baseline_2y_1y_5fold,5,2025-04-01,2026-03-31,mixed_or_unresolved_context,strong_up,mostly_above_trend,2025-03-31,2025-10-21,SZ.300308,中际旭创,通信设备,0.0254808,0.0,1.0,2.0,0.8155555555555555,0.2222222222222222,0.09553349875930506,0.0,0
strong_market_effective_participation_v1,baseline_2y_1y_5fold,5,2025-04-01,2026-03-31,mixed_or_unresolved_context,strong_up,mostly_above_trend,2025-03-31,2025-10-21,SZ.300502,新易盛,通信设备,0.0250452,0.0,1.0,3.0,0.7530555555555555,0.11111111111111116,0.10988944235208353,0.0,0
strong_market_effective_participation_v1,baseline_2y_1y_5fold,5,2025-04-01,2026-03-31,mixed_or_unresolved_context,strong_up,mostly_above_trend,2025-03-31,2025-10-22,SH.601088,中国神华,煤炭开采,0.0,0.02,0.0,,0.1475,0.0,0.008133971291865993,0.00016267942583731988,1
strong_market_effective_participation_v1,baseline_2y_1y_5fold,5,2025-04-01,2026-03-31,mixed_or_unresolved_context,strong_up,mostly_above_trend,2025-03-31,2025-10-22,SH.601138,工业富联,通信设备,0.0,0.02,0.0,,0.1475,0.0,-0.03735294117647081,-0.0007470588235294162,1
strong_market_effective_participation_v1,baseline_2y_1y_5fold,5,2025-04-01,2026-03-31,mixed_or_unresolved_context,strong_up,mostly_above_trend,2025-03-31,2025-10-22,SH.601288,农业银行,银行,0.02,0.02,1.0,2.0,0.7533333333333333,0.33333333333333337,0.026649746192893398,0.000532994923857868,1
strong_market_effective_participation_v1,baseline_2y_1y_5fold,5,2025-04-01,2026-03-31,mixed_or_unresolved_context,strong_up,mostly_above_trend,2025-03-31,2025-10-22,SH.601336,新华保险,保险,0.0,0.02,0.0,,0.1475,0.0,0.00556368960468534,0.0001112737920937068,1
strong_market_effective_participation_v1,baseline_2y_1y_5fold,5,2025-04-01,2026-03-31,mixed_or_unresolved_context,strong_up,mostly_above_trend,2025-03-31,2025-10-22,SH.601857,中国石油,石油开采,0.02,0.02,1.0,3.0,0.7241666666666666,0.6666666666666667,0.01598173515981749,0.0003196347031963498,1
strong_market_effective_participation_v1,baseline_2y_1y_5fold,5,2025-04-01,2026-03-31,mixed_or_unresolved_context,strong_up,mostly_above_trend,2025-03-31,2025-10-22,SZ.000158,常山北明,软件服务,0.0,0.08,0.0,,0.1475,0.0,-0.02111246447421844,-0.0016889971579374752,1
strong_market_effective_participation_v1,baseline_2y_1y_5fold,5,2025-04-01,2026-03-31,mixed_or_unresolved_context,strong_up,mostly_above_trend,2025-03-31,2025-10-22,SZ.002463,沪电股份,元器件,0.0,0.02,0.0,,0.1475,0.0,-0.001427551748750866,-2.855103497501732e-05,1
strong_market_effective_participation_v1,baseline_2y_1y_5fold,5,2025-04-01,2026-03-31,mixed_or_unresolved_context,strong_up,mostly_above_trend,2025-03-31,2025-10-22,SZ.300308,中际旭创,通信设备,0.0,0.0254808,0.0,,0.1475,0.0,0.006342015855039795,0.00016159963759909804,1
strong_market_effective_participation_v1,baseline_2y_1y_5fold,5,2025-04-01,2026-03-31,mixed_or_unresolved_context,strong_up,mostly_above_trend,2025-03-31,2025-10-22,SZ.300394,天孚通信,通信设备,0.02,0.0,1.0,1.0,0.795,0.0,0.0707646176911545,0.0,0
strong_market_effective_participation_v1,baseline_2y_1y_5fold,5,2025-04-01,2026-03-31,mixed_or_unresolved_context,strong_up,mostly_above_trend,2025-03-31,2025-10-22,SZ.300502,新易盛,通信设备,0.0,0.0250452,0.0,,0.1475,0.0,-0.00708773466148549,-0.00017751373214383638,1
strong_market_effective_participation_v1,baseline_2y_1y_5fold,5,2025-04-01,2026-03-31,mixed_or_unresolved_context,strong_up,mostly_above_trend,2025-03-31,2025-10-23,SH.601288,农业银行,银行,0.0,0.02,0.0,,0.1475,0.0,-0.012360939431396711,-0.00024721878862793423,1
strong_market_effective_participation_v1,baseline_2y_1y_5fold,5,2025-04-01,2026-03-31,mixed_or_unresolved_context,strong_up,mostly_above_trend,2025-03-31,2025-10-23,SH.601398,工商银行,银行,0.02,0.0,1.0,3.0,0.5399999999999999,0.6666666666666667,0.010309278350515427,0.0,0
strong_market_effective_participation_v1,baseline_2y_1y_5fold,5,2025-04-01,2026-03-31,mixed_or_unresolved_context,strong_up,mostly_above_trend,2025-03-31,2025-10-23,SH.601600,中国铝业,铝,0.02,0.0,1.0,1.0,0.9483333333333334,0.0,0.03314285714285714,0.0,0
strong_market_effective_participation_v1,baseline_2y_1y_5fold,5,2025-04-01,2026-03-31,mixed_or_unresolved_context,strong_up,mostly_above_trend,2025-03-31,2025-10-23,SH.601857,中国石油,石油开采,0.02,0.02,1.0,2.0,0.7841666666666667,0.33333333333333337,0.03146067415730336,0.0006292134831460672,1
strong_market_effective_participation_v1,baseline_2y_1y_5fold,5,2025-04-01,2026-03-31,mixed_or_unresolved_context,strong_up,mostly_above_trend,2025-03-31,2025-10-23,SZ.300394,天孚通信,通信设备,0.0,0.02,0.0,,0.1475,0.0,-0.06356762811537398,-0.0012713525623074796,1
strong_market_effective_participation_v1,baseline_2y_1y_5fold,5,2025-04-01,2026-03-31,mixed_or_unresolved_context,strong_up,mostly_above_trend,2025-03-31,2025-10-24,SH.600030,中信证券,证券,0.0208008,0.0,1.0,9.0,0.4527777777777777,0.6666666666666667,0.01185636856368566,0.0,0
strong_market_effective_participation_v1,baseline_2y_1y_5fold,5,2025-04-01,2026-03-31,mixed_or_unresolved_context,strong_up,mostly_above_trend,2025-03-31,2025-10-24,SH.601288,农业银行,银行,0.02,0.0,1.0,8.0,0.5722222222222222,0.7777777777777778,0.0,0.0,0
strong_market_effective_participation_v1,baseline_2y_1y_5fold,5,2025-04-01,2026-03-31,mixed_or_unresolved_context,strong_up,mostly_above_trend,2025-03-31,2025-10-24,SH.601398,工商银行,银行,0.0,0.02,0.0,,0.13999999999999999,0.0,0.0,0.0,1
strong_market_effective_participation_v1,baseline_2y_1y_5fold,5,2025-04-01,2026-03-31,mixed_or_unresolved_context,strong_up,mostly_above_trend,2025-03-31,2025-10-24,SH.601600,中国铝业,铝,0.0,0.02,0.0,,0.13999999999999999,0.0,0.021017699115044364,0.00042035398230088727,1
strong_market_effective_participation_v1,baseline_2y_1y_5fold,5,2025-04-01,2026-03-31,mixed_or_unresolved_context,strong_up,mostly_above_trend,2025-03-31,2025-10-24,SH.601857,中国石油,石油开采,0.02,0.02,1.0,7.0,0.5888888888888889,0.8888888888888888,-0.013071895424836555,-0.00026143790849673113,1
strong_market_effective_participation_v1,baseline_2y_1y_5fold,5,2025-04-01,2026-03-31,mixed_or_unresolved_context,strong_up,mostly_above_trend,2025-03-31,2025-10-24,SH.603986,兆易创新,半导体,0.02,0.0,1.0,6.0,0.6649999999999999,0.33333333333333337,0.06822574410514126,0.0,0
strong_market_effective_participation_v1,baseline_2y_1y_5fold,5,2025-04-01,2026-03-31,mixed_or_unresolved_context,strong_up,mostly_above_trend,2025-03-31,2025-10-24,SH.603993,洛阳钼业,小金属,0.02,0.0,1.0,2.0,0.8202777777777777,0.2222222222222222,0.05534591194968552,0.0,0
strong_market_effective_participation_v1,baseline_2y_1y_5fold,5,2025-04-01,2026-03-31,mixed_or_unresolved_context,strong_up,mostly_above_trend,2025-03-31,2025-10-24,SH.688008,澜起科技,半导体,0.02,0.0,1.0,5.0,0.6786111111111109,0.5555555555555556,0.07059082246005,0.0,0
strong_market_effective_participation_v1,baseline_2y_1y_5fold,5,2025-04-01,2026-03-31,mixed_or_unresolved_context,strong_up,mostly_above_trend,2025-03-31,2025-10-24,SH.688256,寒武纪,半导体,0.02,0.0,1.0,4.0,0.703611111111111,0.4444444444444444,0.09014225462863679,0.0,0
strong_market_effective_participation_v1,baseline_2y_1y_5fold,5,2025-04-01,2026-03-31,mixed_or_unresolved_context,strong_up,mostly_above_trend,2025-03-31,2025-10-24,SZ.300308,中际旭创,通信设备,0.0254808,0.0,1.0,1.0,0.8822222222222222,0.0,0.12048630012701866,0.0,0
strong_market_effective_participation_v1,baseline_2y_1y_5fold,5,2025-04-01,2026-03-31,mixed_or_unresolved_context,strong_up,mostly_above_trend,2025-03-31,2025-10-24,SZ.300502,新易盛,通信设备,0.0250452,0.0,1.0,3.0,0.7263888888888889,0.11111111111111116,0.07249252357948022,0.0,0
strong_market_effective_participation_v1,baseline_2y_1y_5fold,5,2025-04-01,2026-03-31,mixed_or_unresolved_context,strong_up,mostly_above_trend,2025-03-31,2025-10-27,SH.600030,中信证券,证券,0.0,0.0208008,0.0,,0.1175,0.0,0.00401740877134249,8.356531637094087e-05,1
strong_market_effective_participation_v1,baseline_2y_1y_5fold,5,2025-04-01,2026-03-31,mixed_or_unresolved_context,strong_up,mostly_above_trend,2025-03-31,2025-10-27,SH.600031,三一重工,工程机械,0.01927748004780815,0.0,1.0,22.0,0.5390322580645162,0.6451612903225806,-0.01658664338716731,-0.0,0
strong_market_effective_participation_v1,baseline_2y_1y_5fold,5,2025-04-01,2026-03-31,mixed_or_unresolved_context,strong_up,mostly_above_trend,2025-03-31,2025-10-27,SH.600150,中国船舶,船舶,0.01927748004780815,0.0,1.0,24.0,0.5149193548387097,0.7741935483870968,0.023236282194848856,0.0,0
strong_market_effective_participation_v1,baseline_2y_1y_5fold,5,2025-04-01,2026-03-31,mixed_or_unresolved_context,strong_up,mostly_above_trend,2025-03-31,2025-10-27,SH.601088,中国神华,煤炭开采,0.01927748004780815,0.0,1.0,13.0,0.638467741935484,0.9032258064516129,0.004470588235294226,0.0,0
strong_market_effective_participation_v1,baseline_2y_1y_5fold,5,2025-04-01,2026-03-31,mixed_or_unresolved_context,strong_up,mostly_above_trend,2025-03-31,2025-10-27,SH.601138,工业富联,通信设备,0.01927748004780815,0.0,1.0,4.0,0.805483870967742,0.09677419354838712,0.08193308550185896,0.0,0
strong_market_effective_participation_v1,baseline_2y_1y_5fold,5,2025-04-01,2026-03-31,mixed_or_unresolved_context,strong_up,mostly_above_trend,2025-03-31,2025-10-27,SH.601288,农业银行,银行,0.01927748004780815,0.02,1.0,8.0,0.7011290322580646,0.7419354838709677,0.023779724655819567,0.00047559449311639134,1
strong_market_effective_participation_v1,baseline_2y_1y_5fold,5,2025-04-01,2026-03-31,mixed_or_unresolved_context,strong_up,mostly_above_trend,2025-03-31,2025-10-27,SH.601336,新华保险,保险,0.01927748004780815,0.0,1.0,14.0,0.6349193548387096,0.6774193548387097,0.016574585635358963,0.0,0
strong_market_effective_participation_v1,baseline_2y_1y_5fold,5,2025-04-01,2026-03-31,mixed_or_unresolved_context,strong_up,mostly_above_trend,2025-03-31,2025-10-27,SH.601398,工商银行,银行,0.01927748004780815,0.0,1.0,23.0,0.5345967741935485,0.8709677419354839,0.008928571428571397,0.0,0
strong_market_effective_participation_v1,baseline_2y_1y_5fold,5,2025-04-01,2026-03-31,mixed_or_unresolved_context,strong_up,mostly_above_trend,2025-03-31,2025-10-27,SH.601600,中国铝业,铝,0.01927748004780815,0.0,1.0,7.0,0.7529032258064515,0.6129032258064516,0.018418201516793076,0.0,0
strong_market_effective_participation_v1,baseline_2y_1y_5fold,5,2025-04-01,2026-03-31,mixed_or_unresolved_context,strong_up,mostly_above_trend,2025-03-31,2025-10-27,SH.601688,华泰证券,证券,0.01927748004780815,0.0,1.0,16.0,0.6030645161290322,0.5483870967741935,0.029816513761467878,0.0,0
strong_market_effective_participation_v1,baseline_2y_1y_5fold,5,2025-04-01,2026-03-31,mixed_or_unresolved_context,strong_up,mostly_above_trend,2025-03-31,2025-10-27,SH.601857,中国石油,石油开采,0.01927748004780815,0.02,1.0,15.0,0.6200806451612901,0.8387096774193549,0.012141280353200834,0.00024282560706401668,1
strong_market_effective_participation_v1,baseline_2y_1y_5fold,5,2025-04-01,2026-03-31,mixed_or_unresolved_context,strong_up,mostly_above_trend,2025-03-31,2025-10-27,SH.601985,中国核电,新型电力,0.01927748004780815,0.0,1.0,18.0,0.6010483870967742,0.7096774193548387,0.041804180418042014,0.0,0
strong_market_effective_participation_v1,baseline_2y_1y_5fold,5,2025-04-01,2026-03-31,mixed_or_unresolved_context,strong_up,mostly_above_trend,2025-03-31,2025-10-27,SH.603986,兆易创新,半导体,0.01927748004780815,0.02,1.0,3.0,0.8291935483870968,0.12903225806451613,0.10000904649900488,0.0020001809299800975,1
strong_market_effective_participation_v1,baseline_2y_1y_5fold,5,2025-04-01,2026-03-31,mixed_or_unresolved_context,strong_up,mostly_above_trend,2025-03-31,2025-10-27,SH.603993,洛阳钼业,小金属,0.0,0.02,0.0,,0.1175,0.0,0.030393325387365833,0.0006078665077473166,1
strong_market_effective_participation_v1,baseline_2y_1y_5fold,5,2025-04-01,2026-03-31,mixed_or_unresolved_context,strong_up,mostly_above_trend,2025-03-31,2025-10-27,SH.688008,澜起科技,半导体,0.01927748004780815,0.02,1.0,5.0,0.7941935483870968,0.32258064516129037,0.03396097226977046,0.0006792194453954093,1
strong_market_effective_participation_v1,baseline_2y_1y_5fold,5,2025-04-01,2026-03-31,mixed_or_unresolved_context,strong_up,mostly_above_trend,2025-03-31,2025-10-27,SH.688012,DR中微公,半导体,0.01927748004780815,0.0,1.0,9.0,0.7008870967741936,0.25806451612903225,0.0497938584020472,0.0,0
strong_market_effective_participation_v1,baseline_2y_1y_5fold,5,2025-04-01,2026-03-31,mixed_or_unresolved_context,strong_up,mostly_above_trend,2025-03-31,2025-10-27,SH.688256,寒武纪,半导体,0.01927748004780815,0.02,1.0,6.0,0.789274193548387,0.3548387096774194,0.003724590163934449,7.449180327868898e-05,1
strong_market_effective_participation_v1,baseline_2y_1y_5fold,5,2025-04-01,2026-03-31,mixed_or_unresolved_context,strong_up,mostly_above_trend,2025-03-31,2025-10-27,SZ.000158,常山北明,软件服务,0.0525,0.0,1.0,31.0,0.26201612903225807,0.4838709677419355,0.03611349957007737,0.0,0
strong_market_effective_participation_v1,baseline_2y_1y_5fold,5,2025-04-01,2026-03-31,mixed_or_unresolved_context,strong_up,mostly_above_trend,2025-03-31,2025-10-27,SZ.002050,三花智控,家用电器,0.01927748004780815,0.0,1.0,12.0,0.6625,0.16129032258064513,-0.0002056343820687756,-0.0,0
strong_market_effective_participation_v1,baseline_2y_1y_5fold,5,2025-04-01,2026-03-31,mixed_or_unresolved_context,strong_up,mostly_above_trend,2025-03-31,2025-10-27,SZ.002156,通富微电,半导体,0.0525,0.0,1.0,17.0,0.6020161290322582,0.0,0.049188156638013236,0.0,0
strong_market_effective_participation_v1,baseline_2y_1y_5fold,5,2025-04-01,2026-03-31,mixed_or_unresolved_context,strong_up,mostly_above_trend,2025-03-31,2025-10-27,SZ.002371,北方华创,半导体,0.01927748004780815,0.0,1.0,19.0,0.5999193548387096,0.4193548387096774,0.03447444551591139,0.0,0
strong_market_effective_participation_v1,baseline_2y_1y_5fold,5,2025-04-01,2026-03-31,mixed_or_unresolved_context,strong_up,mostly_above_trend,2025-03-31,2025-10-27,SZ.002463,沪电股份,元器件,0.01927748004780815,0.0,1.0,20.0,0.575483870967742,0.29032258064516125,0.06018328546026552,0.0,0
strong_market_effective_participation_v1,baseline_2y_1y_5fold,5,2025-04-01,2026-03-31,mixed_or_unresolved_context,strong_up,mostly_above_trend,2025-03-31,2025-10-27,SZ.300308,中际旭创,通信设备,0.024560280680109497,0.0254808,1.0,1.0,0.8775000000000001,0.06451612903225812,0.030242914979757174,0.0007706136680161967,1
strong_market_effective_participation_v1,baseline_2y_1y_5fold,5,2025-04-01,2026-03-31,mixed_or_unresolved_context,strong_up,mostly_above_trend,2025-03-31,2025-10-27,SZ.300339,润和软件,软件服务,0.0525,0.0,1.0,30.0,0.3084677419354839,0.4516129032258065,0.031143635125935987,0.0,0
strong_market_effective_participation_v1,baseline_2y_1y_5fold,5,2025-04-01,2026-03-31,mixed_or_unresolved_context,strong_up,mostly_above_trend,2025-03-31,2025-10-27,SZ.300394,天孚通信,通信设备,0.01927748004780815,0.0,1.0,11.0,0.6674193548387098,0.19354838709677424,0.06775280898876401,0.0,0
strong_market_effective_participation_v1,baseline_2y_1y_5fold,5,2025-04-01,2026-03-31,mixed_or_unresolved_context,strong_up,mostly_above_trend,2025-03-31,2025-10-27,SZ.300476,胜宏科技,元器件,0.0525,0.0,1.0,21.0,0.5445967741935483,0.22580645161290325,0.10143051330183184,0.0,0
strong_market_effective_participation_v1,baseline_2y_1y_5fold,5,2025-04-01,2026-03-31,mixed_or_unresolved_context,strong_up,mostly_above_trend,2025-03-31,2025-10-27,SZ.300502,新易盛,通信设备,0.02414041716466823,0.0250452,1.0,2.0,0.8549999999999999,0.032258064516129004,0.08306298093680442,0.0020803289701584542,1
strong_market_effective_participation_v1,baseline_2y_1y_5fold,5,2025-04-01,2026-03-31,mixed_or_unresolved_context,strong_up,mostly_above_trend,2025-03-31,2025-10-27,SZ.300750,宁德时代,电气设备,0.0750271812468674,0.0,1.0,10.0,0.6870967741935484,0.5161290322580645,0.0010628094460429782,0.0,0
strong_market_effective_participation_v1,baseline_2y_1y_5fold,5,2025-04-01,2026-03-31,mixed_or_unresolved_context,strong_up,mostly_above_trend,2025-03-31,2025-10-28,SH.600031,三一重工,工程机械,0.02,0.01927748004780815,1.0,8.0,0.566,0.7,-0.025743453173546316,-0.0004962689049147225,1
strong_market_effective_participation_v1,baseline_2y_1y_5fold,5,2025-04-01,2026-03-31,mixed_or_unresolved_context,strong_up,mostly_above_trend,2025-03-31,2025-10-28,SH.600150,中国船舶,船舶,0.0,0.01927748004780815,0.0,,0.13999999999999999,0.0,0.0019151846785225857,3.691993442808701e-05,1
strong_market_effective_participation_v1,baseline_2y_1y_5fold,5,2025-04-01,2026-03-31,mixed_or_unresolved_context,strong_up,mostly_above_trend,2025-03-31,2025-10-28,SH.601088,中国神华,煤炭开采,0.0,0.01927748004780815,0.0,,0.13999999999999999,0.0,-0.0023424689622862926,-4.515689868308387e-05,1
strong_market_effective_participation_v1,baseline_2y_1y_5fold,5,2025-04-01,2026-03-31,mixed_or_unresolved_context,strong_up,mostly_above_trend,2025-03-31,2025-10-28,SH.601138,工业富联,通信设备,0.02,0.01927748004780815,1.0,3.0,0.7810000000000001,0.30000000000000004,0.01690489279824048,0.0003258837336284165,1
strong_market_effective_participation_v1,baseline_2y_1y_5fold,5,2025-04-01,2026-03-31,mixed_or_unresolved_context,strong_up,mostly_above_trend,2025-03-31,2025-10-28,SH.601288,农业银行,银行,0.0,0.01927748004780815,0.0,,0.13999999999999999,0.0,0.01589242053789741,0.0003063658198306938,1
strong_market_effective_participation_v1,baseline_2y_1y_5fold,5,2025-04-01,2026-03-31,mixed_or_unresolved_context,strong_up,mostly_above_trend,2025-03-31,2025-10-28,SH.601336,新华保险,保险,0.0,0.01927748004780815,0.0,,0.13999999999999999,0.0,-0.012871853546911005,-0.00024813689992888546,1
strong_market_effective_participation_v1,baseline_2y_1y_5fold,5,2025-04-01,2026-03-31,mixed_or_unresolved_context,strong_up,mostly_above_trend,2025-03-31,2025-10-28,SH.601398,工商银行,银行,0.0,0.01927748004780815,0.0,,0.13999999999999999,0.0,0.010113780025284624,0.00019496819264534494,1
strong_market_effective_participation_v1,baseline_2y_1y_5fold,5,2025-04-01,2026-03-31,mixed_or_unresolved_context,strong_up,mostly_above_trend,2025-03-31,2025-10-28,SH.601600,中国铝业,铝,0.0,0.01927748004780815,0.0,,0.13999999999999999,0.0,-0.014893617021276673,-0.0002871114049673569,1
strong_market_effective_participation_v1,baseline_2y_1y_5fold,5,2025-04-01,2026-03-31,mixed_or_unresolved_context,strong_up,mostly_above_trend,2025-03-31,2025-10-28,SH.601658,邮储银行,银行,0.02,0.0,1.0,9.0,0.466,0.9,0.009983361064891838,0.0,0
strong_market_effective_participation_v1,baseline_2y_1y_5fold,5,2025-04-01,2026-03-31,mixed_or_unresolved_context,strong_up,mostly_above_trend,2025-03-31,2025-10-28,SH.601688,华泰证券,证券,0.0,0.01927748004780815,0.0,,0.13999999999999999,0.0,-0.012026726057906556,-0.000231844971621748,1
strong_market_effective_participation_v1,baseline_2y_1y_5fold,5,2025-04-01,2026-03-31,mixed_or_unresolved_context,strong_up,mostly_above_trend,2025-03-31,2025-10-28,SH.601857,中国石油,石油开采,0.0,0.01927748004780815,0.0,,0.13999999999999999,0.0,-0.005452562704471142,-0.00010511166874486529,1
strong_market_effective_participation_v1,baseline_2y_1y_5fold,5,2025-04-01,2026-03-31,mixed_or_unresolved_context,strong_up,mostly_above_trend,2025-03-31,2025-10-28,SH.601985,中国核电,新型电力,0.02,0.01927748004780815,1.0,7.0,0.6045,0.8,-0.008447729672650506,-0.00016285094021379698,1
strong_market_effective_participation_v1,baseline_2y_1y_5fold,5,2025-04-01,2026-03-31,mixed_or_unresolved_context,strong_up,mostly_above_trend,2025-03-31,2025-10-28,SH.603799,华友钴业,小金属,0.02,0.0,1.0,5.0,0.713,0.0,-0.06462585034013613,-0.0,0
strong_market_effective_participation_v1,baseline_2y_1y_5fold,5,2025-04-01,2026-03-31,mixed_or_unresolved_context,strong_up,mostly_above_trend,2025-03-31,2025-10-28,SH.603986,兆易创新,半导体,0.02,0.01927748004780815,1.0,2.0,0.8225,0.4,0.015461162054360544,0.00029805224301886386,1
strong_market_effective_participation_v1,baseline_2y_1y_5fold,5,2025-04-01,2026-03-31,mixed_or_unresolved_context,strong_up,mostly_above_trend,2025-03-31,2025-10-28,SH.688008,澜起科技,半导体,0.0,0.01927748004780815,0.0,,0.13999999999999999,0.0,-0.01092642871333005,-0.0002106340115150181,1
strong_market_effective_participation_v1,baseline_2y_1y_5fold,5,2025-04-01,2026-03-31,mixed_or_unresolved_context,strong_up,mostly_above_trend,2025-03-31,2025-10-28,SH.688012,DR中微公,半导体,0.0,0.01927748004780815,0.0,,0.13999999999999999,0.0,0.0004401259437316618,8.484519098809843e-06,1
strong_market_effective_participation_v1,baseline_2y_1y_5fold,5,2025-04-01,2026-03-31,mixed_or_unresolved_context,strong_up,mostly_above_trend,2025-03-31,2025-10-28,SH.688256,寒武纪,半导体,0.02,0.01927748004780815,1.0,6.0,0.7015000000000002,0.5,-0.03403715995505274,-0.0006561506719175837,1
strong_market_effective_participation_v1,baseline_2y_1y_5fold,5,2025-04-01,2026-03-31,mixed_or_unresolved_context,strong_up,mostly_above_trend,2025-03-31,2025-10-28,SZ.000158,常山北明,软件服务,0.0,0.0525,0.0,,0.13999999999999999,0.0,-0.009958506224066466,-0.0005228215767634894,1
strong_market_effective_participation_v1,baseline_2y_1y_5fold,5,2025-04-01,2026-03-31,mixed_or_unresolved_context,strong_up,mostly_above_trend,2025-03-31,2025-10-28,SZ.002050,三花智控,家用电器,0.02,0.01927748004780815,1.0,4.0,0.7475,0.19999999999999996,0.08206499382969978,0.0015820062811755366,1
strong_market_effective_participation_v1,baseline_2y_1y_5fold,5,2025-04-01,2026-03-31,mixed_or_unresolved_context,strong_up,mostly_above_trend,2025-03-31,2025-10-28,SZ.002156,通富微电,半导体,0.0,0.0525,0.0,,0.13999999999999999,0.0,0.004551661356395176,0.00023896222121074672,1
strong_market_effective_participation_v1,baseline_2y_1y_5fold,5,2025-04-01,2026-03-31,mixed_or_unresolved_context,strong_up,mostly_above_trend,2025-03-31,2025-10-28,SZ.002371,北方华创,半导体,0.0,0.01927748004780815,0.0,,0.13999999999999999,0.0,-0.0072244232113727325,-0.00013926867431415994,1
strong_market_effective_participation_v1,baseline_2y_1y_5fold,5,2025-04-01,2026-03-31,mixed_or_unresolved_context,strong_up,mostly_above_trend,2025-03-31,2025-10-28,SZ.002463,沪电股份,元器件,0.0,0.01927748004780815,0.0,,0.13999999999999999,0.0,0.03212488711134043,0.0006192868703269543,1
strong_market_effective_participation_v1,baseline_2y_1y_5fold,5,2025-04-01,2026-03-31,mixed_or_unresolved_context,strong_up,mostly_above_trend,2025-03-31,2025-10-28,SZ.300308,中际旭创,通信设备,0.0,0.024560280680109497,0.0,,0.13999999999999999,0.0,0.007977364718827262,0.00019592631658200033,1
strong_market_effective_participation_v1,baseline_2y_1y_5fold,5,2025-04-01,2026-03-31,mixed_or_unresolved_context,strong_up,mostly_above_trend,2025-03-31,2025-10-28,SZ.300339,润和软件,软件服务,0.08,0.0525,1.0,10.0,0.338,0.6,0.014853936293117709,0.0007798316553886797,1
strong_market_effective_participation_v1,baseline_2y_1y_5fold,5,2025-04-01,2026-03-31,mixed_or_unresolved_context,strong_up,mostly_above_trend,2025-03-31,2025-10-28,SZ.300394,天孚通信,通信设备,0.0,0.01927748004780815,0.0,,0.13999999999999999,0.0,-0.004998421551089094,-9.635697172165427e-05,1
strong_market_effective_participation_v1,baseline_2y_1y_5fold,5,2025-04-01,2026-03-31,mixed_or_unresolved_context,strong_up,mostly_above_trend,2025-03-31,2025-10-28,SZ.300476,胜宏科技,元器件,0.0,0.0525,0.0,,0.13999999999999999,0.0,-0.039139633286318753,-0.0020548307475317345,1
strong_market_effective_participation_v1,baseline_2y_1y_5fold,5,2025-04-01,2026-03-31,mixed_or_unresolved_context,strong_up,mostly_above_trend,2025-03-31,2025-10-28,SZ.300502,新易盛,通信设备,0.0250452,0.02414041716466823,1.0,1.0,0.8399999999999999,0.09999999999999998,0.016511944547592527,0.00039860522957875267,1
strong_market_effective_participation_v1,baseline_2y_1y_5fold,5,2025-04-01,2026-03-31,mixed_or_unresolved_context,strong_up,mostly_above_trend,2025-03-31,2025-10-28,SZ.300750,宁德时代,电气设备,0.0,0.0750271812468674,0.0,,0.13999999999999999,0.0,0.0007768398156300371,5.828410164705785e-05,1
strong_market_effective_participation_v1,baseline_2y_1y_5fold,5,2025-04-01,2026-03-31,mixed_or_unresolved_context,strong_up,mostly_above_trend,2025-03-31,2025-10-29,SH.600031,三一重工,工程机械,0.0,0.02,0.0,,0.13,0.0,0.0077448747152619735,0.00015489749430523949,1
strong_market_effective_participation_v1,baseline_2y_1y_5fold,5,2025-04-01,2026-03-31,mixed_or_unresolved_context,strong_up,mostly_above_trend,2025-03-31,2025-10-29,SH.601138,工业富联,通信设备,0.0,0.02,0.0,4.0,0.8068421052631578,0.0,0.09203946479253977,0.0018407892958507955,1
strong_market_effective_participation_v1,baseline_2y_1y_5fold,5,2025-04-01,2026-03-31,mixed_or_unresolved_context,strong_up,mostly_above_trend,2025-03-31,2025-10-29,SH.601658,邮储银行,银行,0.0,0.02,0.0,,0.13,0.0,-0.021416803953871577,-0.00042833607907743153,1
strong_market_effective_participation_v1,baseline_2y_1y_5fold,5,2025-04-01,2026-03-31,mixed_or_unresolved_context,strong_up,mostly_above_trend,2025-03-31,2025-10-29,SH.601985,中国核电,新型电力,0.0,0.02,0.0,11.0,0.5931578947368421,0.8947368421052632,0.012779552715654896,0.0002555910543130979,1
strong_market_effective_participation_v1,baseline_2y_1y_5fold,5,2025-04-01,2026-03-31,mixed_or_unresolved_context,strong_up,mostly_above_trend,2025-03-31,2025-10-29,SH.603799,华友钴业,小金属,0.0,0.02,0.0,,0.13,0.0,0.0380165289256198,0.000760330578512396,1
strong_market_effective_participation_v1,baseline_2y_1y_5fold,5,2025-04-01,2026-03-31,mixed_or_unresolved_context,strong_up,mostly_above_trend,2025-03-31,2025-10-29,SH.603986,兆易创新,半导体,0.0,0.02,0.0,6.0,0.7797368421052631,0.26315789473684215,-0.02348653573597881,-0.0004697307147195762,1
strong_market_effective_participation_v1,baseline_2y_1y_5fold,5,2025-04-01,2026-03-31,mixed_or_unresolved_context,strong_up,mostly_above_trend,2025-03-31,2025-10-29,SH.688256,寒武纪,半导体,0.0,0.02,0.0,,0.13,0.0,-0.011889786146167203,-0.00023779572292334405,1
strong_market_effective_participation_v1,baseline_2y_1y_5fold,5,2025-04-01,2026-03-31,mixed_or_unresolved_context,strong_up,mostly_above_trend,2025-03-31,2025-10-29,SZ.002050,三花智控,家用电器,0.0,0.02,0.0,7.0,0.6817105263157894,0.21052631578947367,0.007222961414180107,0.00014445922828360214,1
strong_market_effective_participation_v1,baseline_2y_1y_5fold,5,2025-04-01,2026-03-31,mixed_or_unresolved_context,strong_up,mostly_above_trend,2025-03-31,2025-10-29,SZ.300339,润和软件,软件服务,0.0,0.08,0.0,,0.13,0.0,-0.0066677508537975605,-0.0005334200683038048,1
strong_market_effective_participation_v1,baseline_2y_1y_5fold,5,2025-04-01,2026-03-31,mixed_or_unresolved_context,strong_up,mostly_above_trend,2025-03-31,2025-10-29,SZ.300502,新易盛,通信设备,0.0,0.0250452,0.0,2.0,0.8196052631578948,0.052631578947368474,-0.0110077443865374,-0.00027569115970970645,1
strong_market_effective_participation_v1,baseline_2y_1y_5fold,5,2025-04-01,2026-03-31,mixed_or_unresolved_context,strong_up,mostly_above_trend,2025-03-31,2025-11-10,SH.600309,万华化学,化工原料,0.02,0.0,1.0,10.0,0.5663461538461539,0.46153846153846156,0.039681323732189355,0.0,0
strong_market_effective_participation_v1,baseline_2y_1y_5fold,5,2025-04-01,2026-03-31,mixed_or_unresolved_context,strong_up,mostly_above_trend,2025-03-31,2025-11-10,SH.600519,贵州茅台,白酒,0.06549300000000001,0.0,1.0,11.0,0.5307692307692308,0.7692307692307692,0.020211674910871835,0.0,0
strong_market_effective_participation_v1,baseline_2y_1y_5fold,5,2025-04-01,2026-03-31,mixed_or_unresolved_context,strong_up,mostly_above_trend,2025-03-31,2025-11-10,SH.600690,海尔智家,家用电器,0.02,0.0,1.0,9.0,0.6126923076923075,0.6923076923076923,0.018796992481202812,0.0,0
strong_market_effective_participation_v1,baseline_2y_1y_5fold,5,2025-04-01,2026-03-31,mixed_or_unresolved_context,strong_up,mostly_above_trend,2025-03-31,2025-11-10,SH.600809,山西汾酒,白酒,0.02,0.0,1.0,7.0,0.6492307692307692,0.5384615384615384,0.06354890432923588,0.0,0
strong_market_effective_participation_v1,baseline_2y_1y_5fold,5,2025-04-01,2026-03-31,mixed_or_unresolved_context,strong_up,mostly_above_trend,2025-03-31,2025-11-10,SH.600887,伊利股份,乳制品,0.02,0.0,1.0,12.0,0.5088461538461538,0.8461538461538461,0.035910589959692096,0.0,0
strong_market_effective_participation_v1,baseline_2y_1y_5fold,5,2025-04-01,2026-03-31,mixed_or_unresolved_context,strong_up,mostly_above_trend,2025-03-31,2025-11-10,SH.601360,三六零,互联网,0.02,0.0,1.0,3.0,0.8023076923076924,0.15384615384615385,0.04442649434571888,0.0,0
strong_market_effective_participation_v1,baseline_2y_1y_5fold,5,2025-04-01,2026-03-31,mixed_or_unresolved_context,strong_up,mostly_above_trend,2025-03-31,2025-11-10,SH.601600,中国铝业,铝,0.02,0.0,1.0,1.0,0.858653846153846,0.23076923076923073,0.032558139534883734,0.0,0
strong_market_effective_participation_v1,baseline_2y_1y_5fold,5,2025-04-01,2026-03-31,mixed_or_unresolved_context,strong_up,mostly_above_trend,2025-03-31,2025-11-10,SZ.000100,TCL科技,元器件,0.02,0.0,1.0,13.0,0.49903846153846154,0.6153846153846154,0.03023255813953485,0.0,0
strong_market_effective_participation_v1,baseline_2y_1y_5fold,5,2025-04-01,2026-03-31,mixed_or_unresolved_context,strong_up,mostly_above_trend,2025-03-31,2025-11-10,SZ.000333,美的集团,家用电器,0.0269442,0.0,1.0,8.0,0.6144230769230767,0.9230769230769231,0.01482939632545932,0.0,0
strong_market_effective_participation_v1,baseline_2y_1y_5fold,5,2025-04-01,2026-03-31,mixed_or_unresolved_context,strong_up,mostly_above_trend,2025-03-31,2025-11-10,SZ.000338,潍柴动力,汽车配件,0.02,0.0,1.0,2.0,0.8119230769230769,0.3846153846153846,0.002736726874657869,0.0,0
strong_market_effective_participation_v1,baseline_2y_1y_5fold,5,2025-04-01,2026-03-31,mixed_or_unresolved_context,strong_up,mostly_above_trend,2025-03-31,2025-11-10,SZ.000568,泸州老窖,白酒,0.02,0.0,1.0,4.0,0.7563461538461537,0.3076923076923077,0.08233953665020888,0.0,0
strong_market_effective_participation_v1,baseline_2y_1y_5fold,5,2025-04-01,2026-03-31,mixed_or_unresolved_context,strong_up,mostly_above_trend,2025-03-31,2025-11-10,SZ.002050,三花智控,家用电器,0.02,0.0,1.0,6.0,0.6776923076923076,0.0,-0.06009913258983901,-0.0,0
strong_market_effective_participation_v1,baseline_2y_1y_5fold,5,2025-04-01,2026-03-31,mixed_or_unresolved_context,strong_up,mostly_above_trend,2025-03-31,2025-11-10,SZ.300014,亿纬锂能,电气设备,0.02,0.0,1.0,5.0,0.696730769230769,0.07692307692307687,-0.04028842852237624,-0.0,0
strong_market_effective_participation_v1,baseline_2y_1y_5fold,5,2025-04-01,2026-03-31,mixed_or_unresolved_context,strong_up,mostly_above_trend,2025-03-31,2025-11-11,SH.600309,万华化学,化工原料,0.02,0.02,1.0,5.0,0.605,0.6666666666666667,0.0013262599469496816,2.6525198938993633e-05,1
strong_market_effective_participation_v1,baseline_2y_1y_5fold,5,2025-04-01,2026-03-31,mixed_or_unresolved_context,strong_up,mostly_above_trend,2025-03-31,2025-11-11,SH.600519,贵州茅台,白酒,0.0,0.06549300000000001,0.0,,0.14375,0.0,-0.0022635574095603017,-0.00014824716542433287,1
strong_market_effective_participation_v1,baseline_2y_1y_5fold,5,2025-04-01,2026-03-31,mixed_or_unresolved_context,strong_up,mostly_above_trend,2025-03-31,2025-11-11,SH.600690,海尔智家,家用电器,0.0,0.02,0.0,,0.14375,0.0,-0.00811808118081181,-0.00016236162361623618,1
strong_market_effective_participation_v1,baseline_2y_1y_5fold,5,2025-04-01,2026-03-31,mixed_or_unresolved_context,strong_up,mostly_above_trend,2025-03-31,2025-11-11,SH.600809,山西汾酒,白酒,0.02,0.02,1.0,6.0,0.4766666666666667,0.8333333333333334,0.002864465551032591,5.7289311020651826e-05,1
strong_market_effective_participation_v1,baseline_2y_1y_5fold,5,2025-04-01,2026-03-31,mixed_or_unresolved_context,strong_up,mostly_above_trend,2025-03-31,2025-11-11,SH.600887,伊利股份,乳制品,0.0,0.02,0.0,,0.14375,0.0,0.0028298549699328213,5.659709939865643e-05,1
strong_market_effective_participation_v1,baseline_2y_1y_5fold,5,2025-04-01,2026-03-31,mixed_or_unresolved_context,strong_up,mostly_above_trend,2025-03-31,2025-11-11,SH.601012,隆基绿能,电气设备,0.02,0.0,1.0,2.0,0.8566666666666666,0.16666666666666663,-0.015789473684210464,-0.0,0
strong_market_effective_participation_v1,baseline_2y_1y_5fold,5,2025-04-01,2026-03-31,mixed_or_unresolved_context,strong_up,mostly_above_trend,2025-03-31,2025-11-11,SH.601360,三六零,互联网,0.0,0.02,0.0,,0.14375,0.0,0.005413766434648082,0.00010827532869296165,1
strong_market_effective_participation_v1,baseline_2y_1y_5fold,5,2025-04-01,2026-03-31,mixed_or_unresolved_context,strong_up,mostly_above_trend,2025-03-31,2025-11-11,SH.601600,中国铝业,铝,0.0,0.02,0.0,,0.14375,0.0,-0.0108108108108107,-0.00021621621621621402,1
strong_market_effective_participation_v1,baseline_2y_1y_5fold,5,2025-04-01,2026-03-31,mixed_or_unresolved_context,strong_up,mostly_above_trend,2025-03-31,2025-11-11,SH.688012,DR中微公,半导体,0.02,0.0,1.0,3.0,0.7441666666666666,0.0,-0.03264545081060577,-0.0,0
strong_market_effective_participation_v1,baseline_2y_1y_5fold,5,2025-04-01,2026-03-31,mixed_or_unresolved_context,strong_up,mostly_above_trend,2025-03-31,2025-11-11,SZ.000100,TCL科技,元器件,0.0,0.02,0.0,,0.14375,0.0,-0.006772009029345272,-0.00013544018058690545,1
strong_market_effective_participation_v1,baseline_2y_1y_5fold,5,2025-04-01,2026-03-31,mixed_or_unresolved_context,strong_up,mostly_above_trend,2025-03-31,2025-11-11,SZ.000333,美的集团,家用电器,0.0,0.0269442,0.0,,0.14375,0.0,-0.0012931591878961868,-3.4843139790512436e-05,1
strong_market_effective_participation_v1,baseline_2y_1y_5fold,5,2025-04-01,2026-03-31,mixed_or_unresolved_context,strong_up,mostly_above_trend,2025-03-31,2025-11-11,SZ.000338,潍柴动力,汽车配件,0.02,0.02,1.0,1.0,0.8641666666666667,0.33333333333333337,-0.0010917030567685337,-2.1834061135370676e-05,1
strong_market_effective_participation_v1,baseline_2y_1y_5fold,5,2025-04-01,2026-03-31,mixed_or_unresolved_context,strong_up,mostly_above_trend,2025-03-31,2025-11-11,SZ.000568,泸州老窖,白酒,0.02,0.02,1.0,4.0,0.6458333333333333,0.5,-0.005965330900414179,-0.00011930661800828357,1
strong_market_effective_participation_v1,baseline_2y_1y_5fold,5,2025-04-01,2026-03-31,mixed_or_unresolved_context,strong_up,mostly_above_trend,2025-03-31,2025-11-11,SZ.002050,三花智控,家用电器,0.0,0.02,0.0,,0.14375,0.0,-0.035376840254888964,-0.0007075368050977793,1
strong_market_effective_participation_v1,baseline_2y_1y_5fold,5,2025-04-01,2026-03-31,mixed_or_unresolved_context,strong_up,mostly_above_trend,2025-03-31,2025-11-11,SZ.300014,亿纬锂能,电气设备,0.0,0.02,0.0,,0.14375,0.0,0.00190816935003002,3.81633870006004e-05,1
strong_market_effective_participation_v1,baseline_2y_1y_5fold,5,2025-04-01,2026-03-31,mixed_or_unresolved_context,strong_up,mostly_above_trend,2025-03-31,2025-11-12,SH.600309,万华化学,化工原料,0.0,0.02,0.0,,0.14125,0.0,-0.0026490066225166586,-5.2980132450333176e-05,1
strong_market_effective_participation_v1,baseline_2y_1y_5fold,5,2025-04-01,2026-03-31,mixed_or_unresolved_context,strong_up,mostly_above_trend,2025-03-31,2025-11-12,SH.600809,山西汾酒,白酒,0.0,0.02,0.0,,0.14125,0.0,-0.005211465223491696,-0.00010422930446983391,1
strong_market_effective_participation_v1,baseline_2y_1y_5fold,5,2025-04-01,2026-03-31,mixed_or_unresolved_context,strong_up,mostly_above_trend,2025-03-31,2025-11-12,SH.600941,中国移动,电信运营,0.02,0.0,1.0,9.0,0.42999999999999994,0.8888888888888888,0.007328385899814327,0.0,0
strong_market_effective_participation_v1,baseline_2y_1y_5fold,5,2025-04-01,2026-03-31,mixed_or_unresolved_context,strong_up,mostly_above_trend,2025-03-31,2025-11-12,SH.601012,隆基绿能,电气设备,0.02,0.02,1.0,4.0,0.6969444444444444,0.2222222222222222,-0.07352941176470595,-0.0014705882352941191,1
strong_market_effective_participation_v1,baseline_2y_1y_5fold,5,2025-04-01,2026-03-31,mixed_or_unresolved_context,strong_up,mostly_above_trend,2025-03-31,2025-11-12,SH.601288,农业银行,银行,0.02,0.0,1.0,2.0,0.7572222222222224,0.4444444444444444,0.034939759036144435,0.0,0
strong_market_effective_participation_v1,baseline_2y_1y_5fold,5,2025-04-01,2026-03-31,mixed_or_unresolved_context,strong_up,mostly_above_trend,2025-03-31,2025-11-12,SH.601318,中国平安,保险,0.0456012,0.0,1.0,5.0,0.6444444444444444,0.6666666666666667,0.014020270270270307,0.0,0
strong_market_effective_participation_v1,baseline_2y_1y_5fold,5,2025-04-01,2026-03-31,mixed_or_unresolved_context,strong_up,mostly_above_trend,2025-03-31,2025-11-12,SH.601336,新华保险,保险,0.02,0.0,1.0,8.0,0.5580555555555556,0.33333333333333337,0.03562378894022955,0.0,0
strong_market_effective_participation_v1,baseline_2y_1y_5fold,5,2025-04-01,2026-03-31,mixed_or_unresolved_context,strong_up,mostly_above_trend,2025-03-31,2025-11-12,SH.601600,中国铝业,铝,0.02,0.0,1.0,1.0,0.9338888888888889,0.11111111111111116,0.06648451730418947,0.0,0
strong_market_effective_participation_v1,baseline_2y_1y_5fold,5,2025-04-01,2026-03-31,mixed_or_unresolved_context,strong_up,mostly_above_trend,2025-03-31,2025-11-12,SH.601988,中国银行,银行,0.02,0.0,1.0,6.0,0.6252777777777777,0.7777777777777778,0.014084507042253502,0.0,0
strong_market_effective_participation_v1,baseline_2y_1y_5fold,5,2025-04-01,2026-03-31,mixed_or_unresolved_context,strong_up,mostly_above_trend,2025-03-31,2025-11-12,SH.688012,DR中微公,半导体,0.0,0.02,0.0,,0.14125,0.0,-0.010944135903299679,-0.00021888271806599357,1
strong_market_effective_participation_v1,baseline_2y_1y_5fold,5,2025-04-01,2026-03-31,mixed_or_unresolved_context,strong_up,mostly_above_trend,2025-03-31,2025-11-12,SZ.000333,美的集团,家用电器,0.0269442,0.0,1.0,3.0,0.7063888888888888,0.5555555555555556,0.029263239673701813,0.0,0
strong_market_effective_participation_v1,baseline_2y_1y_5fold,5,2025-04-01,2026-03-31,mixed_or_unresolved_context,strong_up,mostly_above_trend,2025-03-31,2025-11-12,SZ.000338,潍柴动力,汽车配件,0.0,0.02,0.0,,0.14125,0.0,-0.021857923497267895,-0.0004371584699453579,1
strong_market_effective_participation_v1,baseline_2y_1y_5fold,5,2025-04-01,2026-03-31,mixed_or_unresolved_context,strong_up,mostly_above_trend,2025-03-31,2025-11-12,SZ.000568,泸州老窖,白酒,0.0,0.02,0.0,,0.14125,0.0,0.001623835074837876,3.247670149675752e-05,1
strong_market_effective_participation_v1,baseline_2y_1y_5fold,5,2025-04-01,2026-03-31,mixed_or_unresolved_context,strong_up,mostly_above_trend,2025-03-31,2025-11-12,SZ.002384,东山精密,元器件,0.08,0.0,1.0,7.0,0.5990277777777776,0.0,-0.005138339920948587,-0.0,0
strong_market_effective_participation_v1,baseline_2y_1y_5fold,5,2025-04-01,2026-03-31,mixed_or_unresolved_context,strong_up,mostly_above_trend,2025-03-31,2025-11-13,SH.600309,万华化学,化工原料,0.02,0.0,1.0,7.0,0.6666666666666667,0.6,0.013870444149328476,0.0,0
strong_market_effective_participation_v1,baseline_2y_1y_5fold,5,2025-04-01,2026-03-31,mixed_or_unresolved_context,strong_up,mostly_above_trend,2025-03-31,2025-11-13,SH.600887,伊利股份,乳制品,0.02,0.0,1.0,14.0,0.4555,0.8,0.0035112359550562022,0.0,0
strong_market_effective_participation_v1,baseline_2y_1y_5fold,5,2025-04-01,2026-03-31,mixed_or_unresolved_context,strong_up,mostly_above_trend,2025-03-31,2025-11-13,SH.600900,长江电力,水力发电,0.025167600000000002,0.0,1.0,15.0,0.42066666666666663,0.9333333333333333,-0.005941978329255471,-0.0,0
strong_market_effective_participation_v1,baseline_2y_1y_5fold,5,2025-04-01,2026-03-31,mixed_or_unresolved_context,strong_up,mostly_above_trend,2025-03-31,2025-11-13,SH.600941,中国移动,电信运营,0.0,0.02,0.0,,0.13249999999999998,0.0,-0.011603278386591809,-0.00023206556773183617,1
strong_market_effective_participation_v1,baseline_2y_1y_5fold,5,2025-04-01,2026-03-31,mixed_or_unresolved_context,strong_up,mostly_above_trend,2025-03-31,2025-11-13,SH.601012,隆基绿能,电气设备,0.02,0.02,1.0,8.0,0.6585,0.2666666666666667,0.024531024531024626,0.0004906204906204926,1
strong_market_effective_participation_v1,baseline_2y_1y_5fold,5,2025-04-01,2026-03-31,mixed_or_unresolved_context,strong_up,mostly_above_trend,2025-03-31,2025-11-13,SH.601288,农业银行,银行,0.0,0.02,0.0,,0.13249999999999998,0.0,-0.0034924330616996624,-6.984866123399325e-05,1
strong_market_effective_participation_v1,baseline_2y_1y_5fold,5,2025-04-01,2026-03-31,mixed_or_unresolved_context,strong_up,mostly_above_trend,2025-03-31,2025-11-13,SH.601318,中国平安,保险,0.0456012,0.0456012,1.0,11.0,0.5748333333333333,0.8666666666666667,0.014159586873230046,0.000645694152923538,1
strong_market_effective_participation_v1,baseline_2y_1y_5fold,5,2025-04-01,2026-03-31,mixed_or_unresolved_context,strong_up,mostly_above_trend,2025-03-31,2025-11-13,SH.601336,新华保险,保险,0.0,0.02,0.0,,0.13249999999999998,0.0,-0.0014392630972943632,-2.8785261945887266e-05,1
strong_market_effective_participation_v1,baseline_2y_1y_5fold,5,2025-04-01,2026-03-31,mixed_or_unresolved_context,strong_up,mostly_above_trend,2025-03-31,2025-11-13,SH.601600,中国铝业,铝,0.02,0.02,1.0,1.0,0.897,0.19999999999999996,0.03928266438941064,0.0007856532877882127,1
strong_market_effective_participation_v1,baseline_2y_1y_5fold,5,2025-04-01,2026-03-31,mixed_or_unresolved_context,strong_up,mostly_above_trend,2025-03-31,2025-11-13,SH.601857,中国石油,石油开采,0.02,0.0,1.0,6.0,0.7283333333333334,0.6666666666666667,-0.002012072434607548,-0.0,0
strong_market_effective_participation_v1,baseline_2y_1y_5fold,5,2025-04-01,2026-03-31,mixed_or_unresolved_context,strong_up,mostly_above_trend,2025-03-31,2025-11-13,SH.601899,紫金矿业,铜,0.0359046,0.0,1.0,12.0,0.5483333333333333,0.5333333333333333,0.04170905391658186,0.0,0
strong_market_effective_participation_v1,baseline_2y_1y_5fold,5,2025-04-01,2026-03-31,mixed_or_unresolved_context,strong_up,mostly_above_trend,2025-03-31,2025-11-13,SH.601988,中国银行,银行,0.0,0.02,0.0,,0.13249999999999998,0.0,-0.00347222222222221,-6.94444444444442e-05,1
strong_market_effective_participation_v1,baseline_2y_1y_5fold,5,2025-04-01,2026-03-31,mixed_or_unresolved_context,strong_up,mostly_above_trend,2025-03-31,2025-11-13,SH.603799,华友钴业,小金属,0.02,0.0,1.0,9.0,0.6195000000000002,0.1333333333333333,0.08042939719240283,0.0,0
strong_market_effective_participation_v1,baseline_2y_1y_5fold,5,2025-04-01,2026-03-31,mixed_or_unresolved_context,strong_up,mostly_above_trend,2025-03-31,2025-11-13,SH.603986,兆易创新,半导体,0.02,0.0,1.0,3.0,0.7689999999999999,0.0,0.08591885441527447,0.0,0
strong_market_effective_participation_v1,baseline_2y_1y_5fold,5,2025-04-01,2026-03-31,mixed_or_unresolved_context,strong_up,mostly_above_trend,2025-03-31,2025-11-13,SH.603993,洛阳钼业,小金属,0.02,0.0,1.0,5.0,0.7334999999999999,0.33333333333333337,0.047263681592039974,0.0,0
strong_market_effective_participation_v1,baseline_2y_1y_5fold,5,2025-04-01,2026-03-31,mixed_or_unresolved_context,strong_up,mostly_above_trend,2025-03-31,2025-11-13,SZ.000333,美的集团,家用电器,0.0269442,0.0269442,1.0,10.0,0.6031666666666666,0.7333333333333334,0.0013838218643855704,3.728597307837769e-05,1
strong_market_effective_participation_v1,baseline_2y_1y_5fold,5,2025-04-01,2026-03-31,mixed_or_unresolved_context,strong_up,mostly_above_trend,2025-03-31,2025-11-13,SZ.000568,泸州老窖,白酒,0.02,0.0,1.0,13.0,0.518,0.4666666666666667,0.010220624515401289,0.0,0
strong_market_effective_participation_v1,baseline_2y_1y_5fold,5,2025-04-01,2026-03-31,mixed_or_unresolved_context,strong_up,mostly_above_trend,2025-03-31,2025-11-13,SZ.002384,东山精密,元器件,0.0,0.08,0.0,,0.13249999999999998,0.0,-0.044232551979870305,-0.0035386041583896246,1
strong_market_effective_participation_v1,baseline_2y_1y_5fold,5,2025-04-01,2026-03-31,mixed_or_unresolved_context,strong_up,mostly_above_trend,2025-03-31,2025-11-13,SZ.300014,亿纬锂能,电气设备,0.02,0.0,1.0,4.0,0.7551666666666667,0.06666666666666665,0.0918520369907525,0.0,0
strong_market_effective_participation_v1,baseline_2y_1y_5fold,5,2025-04-01,2026-03-31,mixed_or_unresolved_context,strong_up,mostly_above_trend,2025-03-31,2025-11-13,SZ.300750,宁德时代,电气设备,0.0742698,0.0,1.0,2.0,0.8693333333333334,0.4,0.07562503235157103,0.0,0
strong_market_effective_participation_v1,baseline_2y_1y_5fold,5,2025-04-01,2026-03-31,mixed_or_unresolved_context,strong_up,mostly_above_trend,2025-03-31,2025-11-14,SH.600309,万华化学,化工原料,0.02,0.02,1.0,5.0,0.6099999999999999,0.6666666666666667,-0.042351913840780075,-0.0008470382768156015,1
strong_market_effective_participation_v1,baseline_2y_1y_5fold,5,2025-04-01,2026-03-31,mixed_or_unresolved_context,strong_up,mostly_above_trend,2025-03-31,2025-11-14,SH.600887,伊利股份,乳制品,0.0,0.02,0.0,,0.14375,0.0,-0.008047585724282658,-0.00016095171448565315,1
strong_market_effective_participation_v1,baseline_2y_1y_5fold,5,2025-04-01,2026-03-31,mixed_or_unresolved_context,strong_up,mostly_above_trend,2025-03-31,2025-11-14,SH.600900,长江电力,水力发电,0.0,0.025167600000000002,0.0,,0.14375,0.0,-0.0035161744022503827,-8.849367088607674e-05,1
strong_market_effective_participation_v1,baseline_2y_1y_5fold,5,2025-04-01,2026-03-31,mixed_or_unresolved_context,strong_up,mostly_above_trend,2025-03-31,2025-11-14,SH.601012,隆基绿能,电气设备,0.0,0.02,0.0,,0.14375,0.0,0.027230046948356623,0.0005446009389671325,1
strong_market_effective_participation_v1,baseline_2y_1y_5fold,5,2025-04-01,2026-03-31,mixed_or_unresolved_context,strong_up,mostly_above_trend,2025-03-31,2025-11-14,SH.601318,中国平安,保险,0.0,0.0456012,0.0,,0.14375,0.0,-0.0037779237844940416,-0.0001722778580814697,1
strong_market_effective_participation_v1,baseline_2y_1y_5fold,5,2025-04-01,2026-03-31,mixed_or_unresolved_context,strong_up,mostly_above_trend,2025-03-31,2025-11-14,SH.601360,三六零,互联网,0.02,0.0,1.0,3.0,0.7074999999999999,0.16666666666666663,-0.06326219512195119,-0.0,0
strong_market_effective_participation_v1,baseline_2y_1y_5fold,5,2025-04-01,2026-03-31,mixed_or_unresolved_context,strong_up,mostly_above_trend,2025-03-31,2025-11-14,SH.601600,中国铝业,铝,0.02,0.02,1.0,1.0,0.9299999999999999,0.0,-0.04190632703368935,-0.000838126540673787,1
strong_market_effective_participation_v1,baseline_2y_1y_5fold,5,2025-04-01,2026-03-31,mixed_or_unresolved_context,strong_up,mostly_above_trend,2025-03-31,2025-11-14,SH.601857,中国石油,石油开采,0.0,0.02,0.0,,0.14375,0.0,-0.010080645161290258,-0.00020161290322580518,1
strong_market_effective_participation_v1,baseline_2y_1y_5fold,5,2025-04-01,2026-03-31,mixed_or_unresolved_context,strong_up,mostly_above_trend,2025-03-31,2025-11-14,SH.601899,紫金矿业,铜,0.0,0.0359046,0.0,,0.14375,0.0,-0.02278645833333337,-0.0008181386718750013,1
strong_market_effective_participation_v1,baseline_2y_1y_5fold,5,2025-04-01,2026-03-31,mixed_or_unresolved_context,strong_up,mostly_above_trend,2025-03-31,2025-11-14,SH.601988,中国银行,银行,0.02,0.0,1.0,6.0,0.5525,0.8333333333333334,0.013937282229965264,0.0,0
strong_market_effective_participation_v1,baseline_2y_1y_5fold,5,2025-04-01,2026-03-31,mixed_or_unresolved_context,strong_up,mostly_above_trend,2025-03-31,2025-11-14,SH.603799,华友钴业,小金属,0.02,0.02,1.0,4.0,0.6708333333333335,0.33333333333333337,0.0029043106083765924,5.808621216753185e-05,1
strong_market_effective_participation_v1,baseline_2y_1y_5fold,5,2025-04-01,2026-03-31,mixed_or_unresolved_context,strong_up,mostly_above_trend,2025-03-31,2025-11-14,SH.603986,兆易创新,半导体,0.0,0.02,0.0,,0.14375,0.0,-0.09547252747252744,-0.0019094505494505487,1
strong_market_effective_participation_v1,baseline_2y_1y_5fold,5,2025-04-01,2026-03-31,mixed_or_unresolved_context,strong_up,mostly_above_trend,2025-03-31,2025-11-14,SH.603993,洛阳钼业,小金属,0.0,0.02,0.0,,0.14375,0.0,-0.0035629453681709222,-7.125890736341845e-05,1
strong_market_effective_participation_v1,baseline_2y_1y_5fold,5,2025-04-01,2026-03-31,mixed_or_unresolved_context,strong_up,mostly_above_trend,2025-03-31,2025-11-14,SZ.000333,美的集团,家用电器,0.0,0.0269442,0.0,,0.14375,0.0,-0.004648241206030024,-0.00012524314070351417,1
strong_market_effective_participation_v1,baseline_2y_1y_5fold,5,2025-04-01,2026-03-31,mixed_or_unresolved_context,strong_up,mostly_above_trend,2025-03-31,2025-11-14,SZ.000338,潍柴动力,汽车配件,0.02,0.0,1.0,2.0,0.7216666666666668,0.5,-0.053888888888888875,-0.0,0
strong_market_effective_participation_v1,baseline_2y_1y_5fold,5,2025-04-01,2026-03-31,mixed_or_unresolved_context,strong_up,mostly_above_trend,2025-03-31,2025-11-14,SZ.000568,泸州老窖,白酒,0.0,0.02,0.0,,0.14375,0.0,-0.02581635500976842,-0.0005163271001953684,1
strong_market_effective_participation_v1,baseline_2y_1y_5fold,5,2025-04-01,2026-03-31,mixed_or_unresolved_context,strong_up,mostly_above_trend,2025-03-31,2025-11-14,SZ.300014,亿纬锂能,电气设备,0.0,0.02,0.0,,0.14375,0.0,-0.054595398878333645,-0.0010919079775666728,1
strong_market_effective_participation_v1,baseline_2y_1y_5fold,5,2025-04-01,2026-03-31,mixed_or_unresolved_context,strong_up,mostly_above_trend,2025-03-31,2025-11-14,SZ.300750,宁德时代,电气设备,0.0,0.0742698,0.0,,0.14375,0.0,-0.027622714148219485,-0.0020515334552454315,1
strong_market_effective_participation_v1,baseline_2y_1y_5fold,5,2025-04-01,2026-03-31,mixed_or_unresolved_context,strong_up,mostly_above_trend,2025-03-31,2025-11-17,SH.600309,万华化学,化工原料,0.02,0.02,1.0,6.0,0.5664285714285714,0.7142857142857143,0.008814589665653516,0.00017629179331307032,1
strong_market_effective_participation_v1,baseline_2y_1y_5fold,5,2025-04-01,2026-03-31,mixed_or_unresolved_context,strong_up,mostly_above_trend,2025-03-31,2025-11-17,SH.600519,贵州茅台,白酒,0.06549300000000001,0.0,1.0,7.0,0.42321428571428565,0.8571428571428572,0.009886035974186358,0.0,0
strong_market_effective_participation_v1,baseline_2y_1y_5fold,5,2025-04-01,2026-03-31,mixed_or_unresolved_context,strong_up,mostly_above_trend,2025-03-31,2025-11-17,SH.601360,三六零,互联网,0.02,0.02,1.0,3.0,0.7992857142857143,0.0,0.10008136696501224,0.0020016273393002448,1
strong_market_effective_participation_v1,baseline_2y_1y_5fold,5,2025-04-01,2026-03-31,mixed_or_unresolved_context,strong_up,mostly_above_trend,2025-03-31,2025-11-17,SH.601600,中国铝业,铝,0.02,0.02,1.0,1.0,0.8875,0.1428571428571429,-0.04288164665523153,-0.0008576329331046307,1
strong_market_effective_participation_v1,baseline_2y_1y_5fold,5,2025-04-01,2026-03-31,mixed_or_unresolved_context,strong_up,mostly_above_trend,2025-03-31,2025-11-17,SH.601988,中国银行,银行,0.0,0.02,0.0,,0.1425,0.0,-0.0085910652920963,-0.000171821305841926,1
strong_market_effective_participation_v1,baseline_2y_1y_5fold,5,2025-04-01,2026-03-31,mixed_or_unresolved_context,strong_up,mostly_above_trend,2025-03-31,2025-11-17,SH.603799,华友钴业,小金属,0.02,0.02,1.0,2.0,0.8182142857142857,0.2857142857142857,0.030330742264898625,0.0006066148452979725,1
strong_market_effective_participation_v1,baseline_2y_1y_5fold,5,2025-04-01,2026-03-31,mixed_or_unresolved_context,strong_up,mostly_above_trend,2025-03-31,2025-11-17,SZ.000338,潍柴动力,汽车配件,0.02,0.02,1.0,5.0,0.6385714285714285,0.4285714285714286,0.039342337052260534,0.0007868467410452107,1
strong_market_effective_participation_v1,baseline_2y_1y_5fold,5,2025-04-01,2026-03-31,mixed_or_unresolved_context,strong_up,mostly_above_trend,2025-03-31,2025-11-17,SZ.300750,宁德时代,电气设备,0.0742698,0.0,1.0,4.0,0.6942857142857143,0.5714285714285714,-0.03300999703058505,-0.0,0
strong_market_effective_participation_v1,baseline_2y_1y_5fold,5,2025-04-01,2026-03-31,mixed_or_unresolved_context,strong_up,mostly_above_trend,2025-03-31,2025-11-18,SH.600309,万华化学,化工原料,0.0,0.02,0.0,,0.13999999999999999,0.0,-0.01476348297680008,-0.0002952696595360016,1
strong_market_effective_participation_v1,baseline_2y_1y_5fold,5,2025-04-01,2026-03-31,mixed_or_unresolved_context,strong_up,mostly_above_trend,2025-03-31,2025-11-18,SH.600519,贵州茅台,白酒,0.0,0.06549300000000001,0.0,,0.13999999999999999,0.0,0.003399048266485627,0.0002226138681169432,1
strong_market_effective_participation_v1,baseline_2y_1y_5fold,5,2025-04-01,2026-03-31,mixed_or_unresolved_context,strong_up,mostly_above_trend,2025-03-31,2025-11-18,SH.600887,伊利股份,乳制品,0.02,0.0,1.0,4.0,0.7422222222222221,0.6666666666666667,0.03325166258312917,0.0,0
strong_market_effective_participation_v1,baseline_2y_1y_5fold,5,2025-04-01,2026-03-31,mixed_or_unresolved_context,strong_up,mostly_above_trend,2025-03-31,2025-11-18,SH.600941,中国移动,电信运营,0.02,0.0,1.0,8.0,0.4988888888888888,0.8888888888888888,0.01097149287321808,0.0,0
strong_market_effective_participation_v1,baseline_2y_1y_5fold,5,2025-04-01,2026-03-31,mixed_or_unresolved_context,strong_up,mostly_above_trend,2025-03-31,2025-11-18,SH.601360,三六零,互联网,0.02,0.02,1.0,1.0,0.84,0.0,0.03698224852071008,0.0007396449704142016,1
strong_market_effective_participation_v1,baseline_2y_1y_5fold,5,2025-04-01,2026-03-31,mixed_or_unresolved_context,strong_up,mostly_above_trend,2025-03-31,2025-11-18,SH.601600,中国铝业,铝,0.02,0.02,1.0,2.0,0.8225,0.11111111111111116,-0.03673835125448033,-0.0007347670250896066,1
strong_market_effective_participation_v1,baseline_2y_1y_5fold,5,2025-04-01,2026-03-31,mixed_or_unresolved_context,strong_up,mostly_above_trend,2025-03-31,2025-11-18,SH.601688,华泰证券,证券,0.02,0.0,1.0,9.0,0.4925,0.4444444444444444,0.024491682070240328,0.0,0
strong_market_effective_participation_v1,baseline_2y_1y_5fold,5,2025-04-01,2026-03-31,mixed_or_unresolved_context,strong_up,mostly_above_trend,2025-03-31,2025-11-18,SH.601919,中远海控,水运,0.02,0.0,1.0,7.0,0.5452777777777778,0.7777777777777778,-0.007294429708222694,-0.0,0
strong_market_effective_participation_v1,baseline_2y_1y_5fold,5,2025-04-01,2026-03-31,mixed_or_unresolved_context,strong_up,mostly_above_trend,2025-03-31,2025-11-18,SH.603799,华友钴业,小金属,0.02,0.02,1.0,5.0,0.7183333333333334,0.2222222222222222,-0.04881656804733725,-0.000976331360946745,1
strong_market_effective_participation_v1,baseline_2y_1y_5fold,5,2025-04-01,2026-03-31,mixed_or_unresolved_context,strong_up,mostly_above_trend,2025-03-31,2025-11-18,SH.688012,DR中微公,半导体,0.02,0.0,1.0,3.0,0.7794444444444445,0.33333333333333337,0.036929460580912954,0.0,0
strong_market_effective_participation_v1,baseline_2y_1y_5fold,5,2025-04-01,2026-03-31,mixed_or_unresolved_context,strong_up,mostly_above_trend,2025-03-31,2025-11-18,SZ.000338,潍柴动力,汽车配件,0.0,0.02,0.0,,0.13999999999999999,0.0,-0.01581920903954792,-0.00031638418079095844,1
strong_market_effective_participation_v1,baseline_2y_1y_5fold,5,2025-04-01,2026-03-31,mixed_or_unresolved_context,strong_up,mostly_above_trend,2025-03-31,2025-11-18,SZ.002371,北方华创,半导体,0.02,0.0,1.0,6.0,0.6508333333333333,0.5555555555555556,0.05670360387341522,0.0,0
strong_market_effective_participation_v1,baseline_2y_1y_5fold,5,2025-04-01,2026-03-31,mixed_or_unresolved_context,strong_up,mostly_above_trend,2025-03-31,2025-11-18,SZ.300750,宁德时代,电气设备,0.0,0.0742698,0.0,,0.13999999999999999,0.0,-0.014790930958595516,-0.0010985194841086972,1
strong_market_effective_participation_v1,baseline_2y_1y_5fold,5,2025-04-01,2026-03-31,mixed_or_unresolved_context,strong_up,mostly_above_trend,2025-03-31,2025-11-19,SH.600887,伊利股份,乳制品,0.0,0.02,0.0,,0.1475,0.0,0.00203252032520318,4.06504065040636e-05,1
strong_market_effective_participation_v1,baseline_2y_1y_5fold,5,2025-04-01,2026-03-31,mixed_or_unresolved_context,strong_up,mostly_above_trend,2025-03-31,2025-11-19,SH.600941,中国移动,电信运营,0.0,0.02,0.0,,0.1475,0.0,0.0007420461923755006,1.4840923847510013e-05,1
strong_market_effective_participation_v1,baseline_2y_1y_5fold,5,2025-04-01,2026-03-31,mixed_or_unresolved_context,strong_up,mostly_above_trend,2025-03-31,2025-11-19,SH.601360,三六零,互联网,0.0,0.02,0.0,1.0,0.8683333333333333,0.0,-0.02781740370898711,-0.0005563480741797422,1
strong_market_effective_participation_v1,baseline_2y_1y_5fold,5,2025-04-01,2026-03-31,mixed_or_unresolved_context,strong_up,mostly_above_trend,2025-03-31,2025-11-19,SH.601600,中国铝业,铝,0.0,0.02,0.0,,0.1475,0.0,0.021395348837209394,0.0004279069767441879,1
strong_market_effective_participation_v1,baseline_2y_1y_5fold,5,2025-04-01,2026-03-31,mixed_or_unresolved_context,strong_up,mostly_above_trend,2025-03-31,2025-11-19,SH.601688,华泰证券,证券,0.0,0.02,0.0,,0.1475,0.0,-0.0004510599909787194,-9.021199819574389e-06,1
strong_market_effective_participation_v1,baseline_2y_1y_5fold,5,2025-04-01,2026-03-31,mixed_or_unresolved_context,strong_up,mostly_above_trend,2025-03-31,2025-11-19,SH.601919,中远海控,水运,0.0,0.02,0.0,,0.1475,0.0,0.01870407481629921,0.00037408149632598423,1
strong_market_effective_participation_v1,baseline_2y_1y_5fold,5,2025-04-01,2026-03-31,mixed_or_unresolved_context,strong_up,mostly_above_trend,2025-03-31,2025-11-19,SH.603799,华友钴业,小金属,0.0,0.02,0.0,,0.1475,0.0,0.02628304821150862,0.0005256609642301724,1
strong_market_effective_participation_v1,baseline_2y_1y_5fold,5,2025-04-01,2026-03-31,mixed_or_unresolved_context,strong_up,mostly_above_trend,2025-03-31,2025-11-19,SH.688012,DR中微公,半导体,0.0,0.02,0.0,,0.1475,0.0,-0.004601840736294549,-9.203681472589098e-05,1
strong_market_effective_participation_v1,baseline_2y_1y_5fold,5,2025-04-01,2026-03-31,mixed_or_unresolved_context,strong_up,mostly_above_trend,2025-03-31,2025-11-19,SZ.002371,北方华创,半导体,0.0,0.02,0.0,,0.1475,0.0,-0.009707132735002233,-0.00019414265470004465,1
strong_market_effective_participation_v1,baseline_2y_1y_5fold,5,2025-04-01,2026-03-31,mixed_or_unresolved_context,strong_up,mostly_above_trend,2025-03-31,2025-12-22,SH.601336,新华保险,保险,0.02,0.0,1.0,3.0,0.7259893048128342,0.8181818181818181,0.006183249016301184,0.0,0
strong_market_effective_participation_v1,baseline_2y_1y_5fold,5,2025-04-01,2026-03-31,mixed_or_unresolved_context,strong_up,mostly_above_trend,2025-03-31,2025-12-22,SH.601899,紫金矿业,铜,0.0365814,0.0,1.0,1.0,0.8490909090909091,0.5454545454545454,0.045308483290488644,0.0,0
strong_market_effective_participation_v1,baseline_2y_1y_5fold,5,2025-04-01,2026-03-31,mixed_or_unresolved_context,strong_up,mostly_above_trend,2025-03-31,2025-12-22,SH.603799,华友钴业,小金属,0.02,0.0,1.0,2.0,0.8328495034377386,0.4545454545454546,0.02982263380944894,0.0,0
strong_market_effective_participation_v1,baseline_2y_1y_5fold,5,2025-04-01,2026-03-31,mixed_or_unresolved_context,strong_up,mostly_above_trend,2025-03-31,2025-12-22,SH.603986,兆易创新,半导体,0.02,0.0,1.0,6.0,0.692436974789916,0.2727272727272727,0.029732172589315597,0.0,0
strong_market_effective_participation_v1,baseline_2y_1y_5fold,5,2025-04-01,2026-03-31,mixed_or_unresolved_context,strong_up,mostly_above_trend,2025-03-31,2025-12-22,SZ.000100,TCL科技,元器件,0.02,0.0,1.0,10.0,0.48305576776165005,0.7272727272727273,-0.021786492374727406,-0.0,0
strong_market_effective_participation_v1,baseline_2y_1y_5fold,5,2025-04-01,2026-03-31,mixed_or_unresolved_context,strong_up,mostly_above_trend,2025-03-31,2025-12-22,SZ.000651,格力电器,家用电器,0.02,0.0,1.0,11.0,0.42404889228418635,0.9090909090909091,-0.006319883325230702,-0.0,0
strong_market_effective_participation_v1,baseline_2y_1y_5fold,5,2025-04-01,2026-03-31,mixed_or_unresolved_context,strong_up,mostly_above_trend,2025-03-31,2025-12-22,SZ.002050,三花智控,家用电器,0.02,0.0,1.0,9.0,0.5062796027501909,0.18181818181818177,0.04485852311939276,0.0,0
strong_market_effective_participation_v1,baseline_2y_1y_5fold,5,2025-04-01,2026-03-31,mixed_or_unresolved_context,strong_up,mostly_above_trend,2025-03-31,2025-12-22,SZ.002281,光迅科技,通信设备,0.08,0.0,1.0,7.0,0.6368372803666921,0.09090909090909094,0.025700934579439227,0.0,0
strong_market_effective_participation_v1,baseline_2y_1y_5fold,5,2025-04-01,2026-03-31,mixed_or_unresolved_context,strong_up,mostly_above_trend,2025-03-31,2025-12-22,SZ.002371,北方华创,半导体,0.02,0.0,1.0,8.0,0.6192971734148204,0.6363636363636364,0.03778213935230612,0.0,0
strong_market_effective_participation_v1,baseline_2y_1y_5fold,5,2025-04-01,2026-03-31,mixed_or_unresolved_context,strong_up,mostly_above_trend,2025-03-31,2025-12-22,SZ.002600,领益智造,元器件,0.02,0.0,1.0,4.0,0.7191291061879298,0.36363636363636365,0.03976531942633632,0.0,0
strong_market_effective_participation_v1,baseline_2y_1y_5fold,5,2025-04-01,2026-03-31,mixed_or_unresolved_context,strong_up,mostly_above_trend,2025-03-31,2025-12-22,SZ.002916,深南电路,元器件,0.02,0.0,1.0,5.0,0.7161955691367456,0.0,0.062279670975323054,0.0,0
strong_market_effective_participation_v1,baseline_2y_1y_5fold,5,2025-04-01,2026-03-31,mixed_or_unresolved_context,strong_up,mostly_above_trend,2025-03-31,2025-12-23,SH.600887,伊利股份,乳制品,0.02,0.0,1.0,7.0,0.4781512605042016,0.8571428571428572,-0.005841924398625409,-0.0,0
strong_market_effective_participation_v1,baseline_2y_1y_5fold,5,2025-04-01,2026-03-31,mixed_or_unresolved_context,strong_up,mostly_above_trend,2025-03-31,2025-12-23,SH.601318,中国平安,保险,0.046621800000000005,0.0,1.0,1.0,0.9114285714285715,0.4285714285714286,0.01386051940472699,0.0,0
strong_market_effective_participation_v1,baseline_2y_1y_5fold,5,2025-04-01,2026-03-31,mixed_or_unresolved_context,strong_up,mostly_above_trend,2025-03-31,2025-12-23,SH.601336,新华保险,保险,0.02,0.02,1.0,3.0,0.7473949579831933,0.5714285714285714,0.01550279329608939,0.00031005586592178783,1
strong_market_effective_participation_v1,baseline_2y_1y_5fold,5,2025-04-01,2026-03-31,mixed_or_unresolved_context,strong_up,mostly_above_trend,2025-03-31,2025-12-23,SH.601857,中国石油,石油开采,0.02,0.0,1.0,6.0,0.5670588235294116,0.7142857142857143,0.017489711934156382,0.0,0
strong_market_effective_participation_v1,baseline_2y_1y_5fold,5,2025-04-01,2026-03-31,mixed_or_unresolved_context,strong_up,mostly_above_trend,2025-03-31,2025-12-23,SH.601899,紫金矿业,铜,0.0365814,0.0365814,1.0,2.0,0.791764705882353,0.1428571428571429,-0.013525976022133346,-0.0004947991392560688,1
strong_market_effective_participation_v1,baseline_2y_1y_5fold,5,2025-04-01,2026-03-31,mixed_or_unresolved_context,strong_up,mostly_above_trend,2025-03-31,2025-12-23,SH.603799,华友钴业,小金属,0.0,0.02,0.0,,0.14243697478991596,0.0,0.0032007315957931493,6.401463191586298e-05,1
strong_market_effective_participation_v1,baseline_2y_1y_5fold,5,2025-04-01,2026-03-31,mixed_or_unresolved_context,strong_up,mostly_above_trend,2025-03-31,2025-12-23,SH.603986,兆易创新,半导体,0.0,0.02,0.0,,0.14243697478991596,0.0,0.004250207890603264,8.500415781206527e-05,1
strong_market_effective_participation_v1,baseline_2y_1y_5fold,5,2025-04-01,2026-03-31,mixed_or_unresolved_context,strong_up,mostly_above_trend,2025-03-31,2025-12-23,SZ.000100,TCL科技,元器件,0.0,0.02,0.0,,0.14243697478991596,0.0,0.0,0.0,1
strong_market_effective_participation_v1,baseline_2y_1y_5fold,5,2025-04-01,2026-03-31,mixed_or_unresolved_context,strong_up,mostly_above_trend,2025-03-31,2025-12-23,SZ.000651,格力电器,家用电器,0.0,0.02,0.0,,0.14243697478991596,0.0,0.0004892367906066397,9.784735812132795e-06,1
strong_market_effective_participation_v1,baseline_2y_1y_5fold,5,2025-04-01,2026-03-31,mixed_or_unresolved_context,strong_up,mostly_above_trend,2025-03-31,2025-12-23,SZ.002050,三花智控,家用电器,0.0,0.02,0.0,,0.14243697478991596,0.0,-0.011889035667107084,-0.0002377807133421417,1
strong_market_effective_participation_v1,baseline_2y_1y_5fold,5,2025-04-01,2026-03-31,mixed_or_unresolved_context,strong_up,mostly_above_trend,2025-03-31,2025-12-23,SZ.002281,光迅科技,通信设备,0.0,0.08,0.0,,0.14243697478991596,0.0,0.007118451025057038,0.000569476082004563,1
strong_market_effective_participation_v1,baseline_2y_1y_5fold,5,2025-04-01,2026-03-31,mixed_or_unresolved_context,strong_up,mostly_above_trend,2025-03-31,2025-12-23,SZ.002371,北方华创,半导体,0.02,0.02,1.0,4.0,0.6721008403361344,0.2857142857142857,0.034644315495379274,0.0006928863099075855,1
strong_market_effective_participation_v1,baseline_2y_1y_5fold,5,2025-04-01,2026-03-31,mixed_or_unresolved_context,strong_up,mostly_above_trend,2025-03-31,2025-12-23,SZ.002600,领益智造,元器件,0.02,0.02,1.0,5.0,0.6591596638655461,0.0,-0.026959247648902562,-0.0005391849529780512,1
strong_market_effective_participation_v1,baseline_2y_1y_5fold,5,2025-04-01,2026-03-31,mixed_or_unresolved_context,strong_up,mostly_above_trend,2025-03-31,2025-12-23,SZ.002916,深南电路,元器件,0.0,0.02,0.0,,0.14243697478991596,0.0,-0.006238938053097276,-0.0001247787610619455,1
strong_market_effective_participation_v1,baseline_2y_1y_5fold,5,2025-04-01,2026-03-31,mixed_or_unresolved_context,strong_up,mostly_above_trend,2025-03-31,2025-12-24,SH.600309,万华化学,化工原料,0.02,0.0,1.0,1.0,0.9174789915966386,0.6666666666666667,0.030347593582887633,0.0,0
strong_market_effective_participation_v1,baseline_2y_1y_5fold,5,2025-04-01,2026-03-31,mixed_or_unresolved_context,strong_up,mostly_above_trend,2025-03-31,2025-12-24,SH.600887,伊利股份,乳制品,0.0,0.02,0.0,,0.1449579831932773,0.0,-0.001728309713100784,-3.456619426201568e-05,1
strong_market_effective_participation_v1,baseline_2y_1y_5fold,5,2025-04-01,2026-03-31,mixed_or_unresolved_context,strong_up,mostly_above_trend,2025-03-31,2025-12-24,SH.601318,中国平安,保险,0.0,0.046621800000000005,0.0,,0.1449579831932773,0.0,-0.006619657504676857,-0.0003086203482515435,1
strong_market_effective_participation_v1,baseline_2y_1y_5fold,5,2025-04-01,2026-03-31,mixed_or_unresolved_context,strong_up,mostly_above_trend,2025-03-31,2025-12-24,SH.601336,新华保险,保险,0.02,0.02,1.0,4.0,0.6591036414565826,0.8333333333333334,-0.02049236693714751,-0.0004098473387429502,1
strong_market_effective_participation_v1,baseline_2y_1y_5fold,5,2025-04-01,2026-03-31,mixed_or_unresolved_context,strong_up,mostly_above_trend,2025-03-31,2025-12-24,SH.601688,华泰证券,证券,0.02,0.0,1.0,2.0,0.7249579831932772,0.5,0.018103448275861966,0.0,0
strong_market_effective_participation_v1,baseline_2y_1y_5fold,5,2025-04-01,2026-03-31,mixed_or_unresolved_context,strong_up,mostly_above_trend,2025-03-31,2025-12-24,SH.601857,中国石油,石油开采,0.0,0.02,0.0,,0.1449579831932773,0.0,-0.004044489383215444,-8.088978766430888e-05,1
strong_market_effective_participation_v1,baseline_2y_1y_5fold,5,2025-04-01,2026-03-31,mixed_or_unresolved_context,strong_up,mostly_above_trend,2025-03-31,2025-12-24,SH.601899,紫金矿业,铜,0.0,0.0365814,0.0,,0.1449579831932773,0.0,0.006855718292302804,0.00025079177313804576,1
strong_market_effective_participation_v1,baseline_2y_1y_5fold,5,2025-04-01,2026-03-31,mixed_or_unresolved_context,strong_up,mostly_above_trend,2025-03-31,2025-12-24,SH.603986,兆易创新,半导体,0.02,0.0,1.0,3.0,0.67,0.33333333333333337,0.030913607507590424,0.0,0
strong_market_effective_participation_v1,baseline_2y_1y_5fold,5,2025-04-01,2026-03-31,mixed_or_unresolved_context,strong_up,mostly_above_trend,2025-03-31,2025-12-24,SZ.002281,光迅科技,通信设备,0.08,0.0,1.0,5.0,0.5582913165266107,0.16666666666666663,0.0053717839977383,0.0,0
strong_market_effective_participation_v1,baseline_2y_1y_5fold,5,2025-04-01,2026-03-31,mixed_or_unresolved_context,strong_up,mostly_above_trend,2025-03-31,2025-12-24,SZ.002371,北方华创,半导体,0.0,0.02,0.0,,0.1449579831932773,0.0,-0.0006647002617258257,-1.3294005234516515e-05,1
strong_market_effective_participation_v1,baseline_2y_1y_5fold,5,2025-04-01,2026-03-31,mixed_or_unresolved_context,strong_up,mostly_above_trend,2025-03-31,2025-12-24,SZ.002600,领益智造,元器件,0.0,0.02,0.0,,0.1449579831932773,0.0,0.030927835051546282,0.0006185567010309256,1
strong_market_effective_participation_v1,baseline_2y_1y_5fold,5,2025-04-01,2026-03-31,mixed_or_unresolved_context,strong_up,mostly_above_trend,2025-03-31,2025-12-24,SZ.002916,深南电路,元器件,0.02,0.0,1.0,6.0,0.5199159663865546,0.0,0.02092702257446888,0.0,0
strong_market_effective_participation_v1,baseline_2y_1y_5fold,5,2025-04-01,2026-03-31,mixed_or_unresolved_context,strong_up,mostly_above_trend,2025-03-31,2025-12-25,SH.600309,万华化学,化工原料,0.0,0.02,0.0,,0.1449579831932773,0.0,-0.004671078240560567,-9.342156481121134e-05,1
strong_market_effective_participation_v1,baseline_2y_1y_5fold,5,2025-04-01,2026-03-31,mixed_or_unresolved_context,strong_up,mostly_above_trend,2025-03-31,2025-12-25,SH.601318,中国平安,保险,0.046621800000000005,0.0,1.0,1.0,0.9079999999999999,0.8,0.02564102564102555,0.0,0
strong_market_effective_participation_v1,baseline_2y_1y_5fold,5,2025-04-01,2026-03-31,mixed_or_unresolved_context,strong_up,mostly_above_trend,2025-03-31,2025-12-25,SH.601336,新华保险,保险,0.0,0.02,0.0,,0.1449579831932773,0.0,0.008845829823083351,0.00017691659646166703,1
strong_market_effective_participation_v1,baseline_2y_1y_5fold,5,2025-04-01,2026-03-31,mixed_or_unresolved_context,strong_up,mostly_above_trend,2025-03-31,2025-12-25,SH.601601,中国太保,保险,0.02,0.0,1.0,2.0,0.8854789915966387,0.6,0.027469879518072116,0.0,0
strong_market_effective_participation_v1,baseline_2y_1y_5fold,5,2025-04-01,2026-03-31,mixed_or_unresolved_context,strong_up,mostly_above_trend,2025-03-31,2025-12-25,SH.601688,华泰证券,证券,0.0,0.02,0.0,,0.1449579831932773,0.0,0.002540220152413397,5.080440304826794e-05,1
strong_market_effective_participation_v1,baseline_2y_1y_5fold,5,2025-04-01,2026-03-31,mixed_or_unresolved_context,strong_up,mostly_above_trend,2025-03-31,2025-12-25,SH.603799,华友钴业,小金属,0.02,0.0,1.0,3.0,0.6124369747899161,0.4,-0.025927581582476433,-0.0,0
strong_market_effective_participation_v1,baseline_2y_1y_5fold,5,2025-04-01,2026-03-31,mixed_or_unresolved_context,strong_up,mostly_above_trend,2025-03-31,2025-12-25,SH.603986,兆易创新,半导体,0.0,0.02,0.0,,0.1449579831932773,0.0,-0.009370816599732379,-0.00018741633199464758,1
strong_market_effective_participation_v1,baseline_2y_1y_5fold,5,2025-04-01,2026-03-31,mixed_or_unresolved_context,strong_up,mostly_above_trend,2025-03-31,2025-12-25,SZ.002050,三花智控,家用电器,0.02,0.0,1.0,4.0,0.5949579831932773,0.0,0.05501330967169493,0.0,0
strong_market_effective_participation_v1,baseline_2y_1y_5fold,5,2025-04-01,2026-03-31,mixed_or_unresolved_context,strong_up,mostly_above_trend,2025-03-31,2025-12-25,SZ.002281,光迅科技,通信设备,0.0,0.08,0.0,,0.1449579831932773,0.0,-0.00618672665916753,-0.0004949381327334024,1
strong_market_effective_participation_v1,baseline_2y_1y_5fold,5,2025-04-01,2026-03-31,mixed_or_unresolved_context,strong_up,mostly_above_trend,2025-03-31,2025-12-25,SZ.002600,领益智造,元器件,0.02,0.0,1.0,5.0,0.5539159663865546,0.19999999999999996,-0.010000000000000009,-0.0,0
strong_market_effective_participation_v1,baseline_2y_1y_5fold,5,2025-04-01,2026-03-31,mixed_or_unresolved_context,strong_up,mostly_above_trend,2025-03-31,2025-12-25,SZ.002916,深南电路,元器件,0.0,0.02,0.0,,0.1449579831932773,0.0,-0.02089057525404492,-0.00041781150508089836,1
strong_market_effective_participation_v1,baseline_2y_1y_5fold,5,2025-04-01,2026-03-31,mixed_or_unresolved_context,strong_up,mostly_above_trend,2025-03-31,2025-12-26,SH.601318,中国平安,保险,0.046621800000000005,0.046621800000000005,1.0,2.0,0.8224999999999999,0.875,0.005084745762711895,0.00023706000000000147,1
strong_market_effective_participation_v1,baseline_2y_1y_5fold,5,2025-04-01,2026-03-31,mixed_or_unresolved_context,strong_up,mostly_above_trend,2025-03-31,2025-12-26,SH.601600,中国铝业,铝,0.02,0.0,1.0,3.0,0.8023529411764706,0.0,0.08029197080291972,0.0,0
strong_market_effective_participation_v1,baseline_2y_1y_5fold,5,2025-04-01,2026-03-31,mixed_or_unresolved_context,strong_up,mostly_above_trend,2025-03-31,2025-12-26,SH.601601,中国太保,保险,0.0,0.02,0.0,,0.1411764705882353,0.0,-0.007270168855534553,-0.00014540337711069107,1
strong_market_effective_participation_v1,baseline_2y_1y_5fold,5,2025-04-01,2026-03-31,mixed_or_unresolved_context,strong_up,mostly_above_trend,2025-03-31,2025-12-26,SH.601688,华泰证券,证券,0.02,0.0,1.0,5.0,0.6398949579831932,0.75,0.00886824324324298,0.0,0
strong_market_effective_participation_v1,baseline_2y_1y_5fold,5,2025-04-01,2026-03-31,mixed_or_unresolved_context,strong_up,mostly_above_trend,2025-03-31,2025-12-26,SH.601899,紫金矿业,铜,0.0365814,0.0,1.0,4.0,0.7949789915966387,0.375,0.04683109584764278,0.0,0
strong_market_effective_participation_v1,baseline_2y_1y_5fold,5,2025-04-01,2026-03-31,mixed_or_unresolved_context,strong_up,mostly_above_trend,2025-03-31,2025-12-26,SH.603799,华友钴业,小金属,0.02,0.02,1.0,6.0,0.542373949579832,0.5,0.009637448370812152,0.00019274896741624303,1
strong_market_effective_participation_v1,baseline_2y_1y_5fold,5,2025-04-01,2026-03-31,mixed_or_unresolved_context,strong_up,mostly_above_trend,2025-03-31,2025-12-26,SH.603986,兆易创新,半导体,0.02,0.0,1.0,7.0,0.5149369747899158,0.25,0.022387387387387436,0.0,0
strong_market_effective_participation_v1,baseline_2y_1y_5fold,5,2025-04-01,2026-03-31,mixed_or_unresolved_context,strong_up,mostly_above_trend,2025-03-31,2025-12-26,SH.603993,洛阳钼业,小金属,0.02,0.0,1.0,1.0,0.8624159663865545,0.125,0.05614973262032086,0.0,0
strong_market_effective_participation_v1,baseline_2y_1y_5fold,5,2025-04-01,2026-03-31,mixed_or_unresolved_context,strong_up,mostly_above_trend,2025-03-31,2025-12-26,SZ.002050,三花智控,家用电器,0.0,0.02,0.0,,0.1411764705882353,0.0,-0.005466778805719219,-0.00010933557611438438,1
strong_market_effective_participation_v1,baseline_2y_1y_5fold,5,2025-04-01,2026-03-31,mixed_or_unresolved_context,strong_up,mostly_above_trend,2025-03-31,2025-12-26,SZ.002371,北方华创,半导体,0.02,0.0,1.0,8.0,0.47995798319327726,0.625,-0.029987320371935744,-0.0,0
strong_market_effective_participation_v1,baseline_2y_1y_5fold,5,2025-04-01,2026-03-31,mixed_or_unresolved_context,strong_up,mostly_above_trend,2025-03-31,2025-12-26,SZ.002600,领益智造,元器件,0.0,0.02,0.0,,0.1411764705882353,0.0,-0.02777777777777779,-0.0005555555555555558,1
strong_market_effective_participation_v1,baseline_2y_1y_5fold,5,2025-04-01,2026-03-31,mixed_or_unresolved_context,strong_up,mostly_above_trend,2025-03-31,2025-12-29,SH.601166,兴业银行,银行,0.025983,0.0,1.0,10.0,0.48347899159663876,0.9,0.013245033112582849,0.0,0
strong_market_effective_participation_v1,baseline_2y_1y_5fold,5,2025-04-01,2026-03-31,mixed_or_unresolved_context,strong_up,mostly_above_trend,2025-03-31,2025-12-29,SH.601318,中国平安,保险,0.0,0.046621800000000005,0.0,,0.13991596638655462,0.0,-0.017987633501967415,-0.0008386158516020245,1
strong_market_effective_participation_v1,baseline_2y_1y_5fold,5,2025-04-01,2026-03-31,mixed_or_unresolved_context,strong_up,mostly_above_trend,2025-03-31,2025-12-29,SH.601600,中国铝业,铝,0.02,0.02,1.0,2.0,0.8343529411764707,0.19999999999999996,-0.032939189189189255,-0.0006587837837837851,1
strong_market_effective_participation_v1,baseline_2y_1y_5fold,5,2025-04-01,2026-03-31,mixed_or_unresolved_context,strong_up,mostly_above_trend,2025-03-31,2025-12-29,SH.601688,华泰证券,证券,0.0,0.02,0.0,,0.13991596638655462,0.0,-0.011720385098367592,-0.00023440770196735185,1
strong_market_effective_participation_v1,baseline_2y_1y_5fold,5,2025-04-01,2026-03-31,mixed_or_unresolved_context,strong_up,mostly_above_trend,2025-03-31,2025-12-29,SH.601857,中国石油,石油开采,0.02,0.0,1.0,5.0,0.6299159663865548,0.8,0.02131979695431485,0.0,0
strong_market_effective_participation_v1,baseline_2y_1y_5fold,5,2025-04-01,2026-03-31,mixed_or_unresolved_context,strong_up,mostly_above_trend,2025-03-31,2025-12-29,SH.601899,紫金矿业,铜,0.0365814,0.0365814,1.0,3.0,0.8259999999999998,0.6,-0.026245153593796644,-0.0009600844616761125,1
strong_market_effective_participation_v1,baseline_2y_1y_5fold,5,2025-04-01,2026-03-31,mixed_or_unresolved_context,strong_up,mostly_above_trend,2025-03-31,2025-12-29,SH.603799,华友钴业,小金属,0.02,0.02,1.0,6.0,0.624873949579832,0.5,-0.013333333333333308,-0.0002666666666666662,1
strong_market_effective_participation_v1,baseline_2y_1y_5fold,5,2025-04-01,2026-03-31,mixed_or_unresolved_context,strong_up,mostly_above_trend,2025-03-31,2025-12-29,SH.603986,兆易创新,半导体,0.0,0.02,0.0,,0.13991596638655462,0.0,0.004229633872318006,8.459267744636012e-05,1
strong_market_effective_participation_v1,baseline_2y_1y_5fold,5,2025-04-01,2026-03-31,mixed_or_unresolved_context,strong_up,mostly_above_trend,2025-03-31,2025-12-29,SH.603993,洛阳钼业,小金属,0.02,0.02,1.0,1.0,0.838436974789916,0.4,-0.04405063291139244,-0.0008810126582278488,1
strong_market_effective_participation_v1,baseline_2y_1y_5fold,5,2025-04-01,2026-03-31,mixed_or_unresolved_context,strong_up,mostly_above_trend,2025-03-31,2025-12-29,SZ.000725,京东方Ａ,元器件,0.02,0.0,1.0,9.0,0.5029579831932773,0.7,0.022277227722772297,0.0,0
strong_market_effective_participation_v1,baseline_2y_1y_5fold,5,2025-04-01,2026-03-31,mixed_or_unresolved_context,strong_up,mostly_above_trend,2025-03-31,2025-12-29,SZ.002281,光迅科技,通信设备,0.08,0.0,1.0,8.0,0.5259159663865547,0.30000000000000004,0.017241379310344973,0.0,0
strong_market_effective_participation_v1,baseline_2y_1y_5fold,5,2025-04-01,2026-03-31,mixed_or_unresolved_context,strong_up,mostly_above_trend,2025-03-31,2025-12-29,SZ.002371,北方华创,半导体,0.0,0.02,0.0,,0.13991596638655462,0.0,-0.013529117012701208,-0.0002705823402540242,1
strong_market_effective_participation_v1,baseline_2y_1y_5fold,5,2025-04-01,2026-03-31,mixed_or_unresolved_context,strong_up,mostly_above_trend,2025-03-31,2025-12-29,SZ.002463,沪电股份,元器件,0.02,0.0,1.0,7.0,0.6113949579831932,0.09999999999999998,0.06910002786291436,0.0,0
strong_market_effective_participation_v1,baseline_2y_1y_5fold,5,2025-04-01,2026-03-31,mixed_or_unresolved_context,strong_up,mostly_above_trend,2025-03-31,2025-12-29,SZ.002916,深南电路,元器件,0.02,0.0,1.0,4.0,0.7018319327731093,0.0,0.05917052364098363,0.0,0
strong_market_effective_participation_v1,baseline_2y_1y_5fold,5,2025-04-01,2026-03-31,mixed_or_unresolved_context,strong_up,mostly_above_trend,2025-03-31,2025-12-30,SH.600580,卧龙电驱,电气设备,0.08,0.0,1.0,10.0,0.4806214689265537,0.08333333333333337,0.0707659115426107,0.0,0
strong_market_effective_participation_v1,baseline_2y_1y_5fold,5,2025-04-01,2026-03-31,mixed_or_unresolved_context,strong_up,mostly_above_trend,2025-03-31,2025-12-30,SH.601100,恒立液压,工程机械,0.02,0.0,1.0,7.0,0.6762429378531073,0.75,0.04399260628465784,0.0,0
strong_market_effective_participation_v1,baseline_2y_1y_5fold,5,2025-04-01,2026-03-31,mixed_or_unresolved_context,strong_up,mostly_above_trend,2025-03-31,2025-12-30,SH.601166,兴业银行,银行,0.0,0.025983,0.0,,0.13728813559322034,0.0,-0.015406162464986162,-0.0004002983193277354,1
strong_market_effective_participation_v1,baseline_2y_1y_5fold,5,2025-04-01,2026-03-31,mixed_or_unresolved_context,strong_up,mostly_above_trend,2025-03-31,2025-12-30,SH.601318,中国平安,保险,0.046621800000000005,0.0,1.0,2.0,0.8516666666666667,0.8333333333333334,-0.015455065827132186,-0.0,0
strong_market_effective_participation_v1,baseline_2y_1y_5fold,5,2025-04-01,2026-03-31,mixed_or_unresolved_context,strong_up,mostly_above_trend,2025-03-31,2025-12-30,SH.601600,中国铝业,铝,0.02,0.02,1.0,1.0,0.8537853107344633,0.25,0.0471615720524019,0.000943231441048038,1
strong_market_effective_participation_v1,baseline_2y_1y_5fold,5,2025-04-01,2026-03-31,mixed_or_unresolved_context,strong_up,mostly_above_trend,2025-03-31,2025-12-30,SH.601857,中国石油,石油开采,0.02,0.02,1.0,8.0,0.6456214689265536,0.9166666666666666,0.01888667992047699,0.0003777335984095398,1
strong_market_effective_participation_v1,baseline_2y_1y_5fold,5,2025-04-01,2026-03-31,mixed_or_unresolved_context,strong_up,mostly_above_trend,2025-03-31,2025-12-30,SH.601899,紫金矿业,铜,0.0365814,0.0365814,1.0,5.0,0.6957909604519773,0.6666666666666667,0.023583460949464063,0.0008627160183767246,1
strong_market_effective_participation_v1,baseline_2y_1y_5fold,5,2025-04-01,2026-03-31,mixed_or_unresolved_context,strong_up,mostly_above_trend,2025-03-31,2025-12-30,SH.603799,华友钴业,小金属,0.02,0.02,1.0,6.0,0.6779943502824859,0.5833333333333333,0.04468673218673214,0.0008937346437346427,1
strong_market_effective_participation_v1,baseline_2y_1y_5fold,5,2025-04-01,2026-03-31,mixed_or_unresolved_context,strong_up,mostly_above_trend,2025-03-31,2025-12-30,SH.603986,兆易创新,半导体,0.02,0.0,1.0,11.0,0.4707062146892656,0.5,-0.033826174702759615,-0.0,0
strong_market_effective_participation_v1,baseline_2y_1y_5fold,5,2025-04-01,2026-03-31,mixed_or_unresolved_context,strong_up,mostly_above_trend,2025-03-31,2025-12-30,SH.603993,洛阳钼业,小金属,0.02,0.02,1.0,3.0,0.796497175141243,0.33333333333333337,0.033898305084745894,0.0006779661016949179,1
strong_market_effective_participation_v1,baseline_2y_1y_5fold,5,2025-04-01,2026-03-31,mixed_or_unresolved_context,strong_up,mostly_above_trend,2025-03-31,2025-12-30,SH.688256,寒武纪,半导体,0.0210114,0.0,1.0,9.0,0.5099152542372881,0.41666666666666663,0.042178873757821034,0.0,0
strong_market_effective_participation_v1,baseline_2y_1y_5fold,5,2025-04-01,2026-03-31,mixed_or_unresolved_context,strong_up,mostly_above_trend,2025-03-31,2025-12-30,SZ.000725,京东方Ａ,元器件,0.0,0.02,0.0,,0.13728813559322034,0.0,0.009685230024213176,0.00019370460048426352,1
strong_market_effective_participation_v1,baseline_2y_1y_5fold,5,2025-04-01,2026-03-31,mixed_or_unresolved_context,strong_up,mostly_above_trend,2025-03-31,2025-12-30,SZ.002050,三花智控,家用电器,0.02,0.0,1.0,4.0,0.7197457627118645,0.0,0.0999371464487746,0.0,0
strong_market_effective_participation_v1,baseline_2y_1y_5fold,5,2025-04-01,2026-03-31,mixed_or_unresolved_context,strong_up,mostly_above_trend,2025-03-31,2025-12-30,SZ.002281,光迅科技,通信设备,0.0,0.08,0.0,,0.13728813559322034,0.0,-0.00494350282485867,-0.0003954802259886936,1
strong_market_effective_participation_v1,baseline_2y_1y_5fold,5,2025-04-01,2026-03-31,mixed_or_unresolved_context,strong_up,mostly_above_trend,2025-03-31,2025-12-30,SZ.002463,沪电股份,元器件,0.02,0.02,1.0,12.0,0.44887005649717515,0.16666666666666663,-0.028016679697680402,-0.0005603335939536081,1
strong_market_effective_participation_v1,baseline_2y_1y_5fold,5,2025-04-01,2026-03-31,mixed_or_unresolved_context,strong_up,mostly_above_trend,2025-03-31,2025-12-30,SZ.002916,深南电路,元器件,0.0,0.02,0.0,,0.13728813559322034,0.0,0.001413760603204528,2.827521206409056e-05,1
strong_market_effective_participation_v1,baseline_2y_1y_5fold,5,2025-04-01,2026-03-31,mixed_or_unresolved_context,strong_up,mostly_above_trend,2025-03-31,2025-12-31,SH.600580,卧龙电驱,电气设备,0.0,0.08,0.0,,0.13855932203389829,0.0,-0.010679024783397106,-0.0008543219826717685,1
strong_market_effective_participation_v1,baseline_2y_1y_5fold,5,2025-04-01,2026-03-31,mixed_or_unresolved_context,strong_up,mostly_above_trend,2025-03-31,2025-12-31,SH.601100,恒立液压,工程机械,0.02,0.02,1.0,6.0,0.6291186440677967,0.6,-0.02700070821529743,-0.0005400141643059486,1
strong_market_effective_participation_v1,baseline_2y_1y_5fold,5,2025-04-01,2026-03-31,mixed_or_unresolved_context,strong_up,mostly_above_trend,2025-03-31,2025-12-31,SH.601318,中国平安,保险,0.0,0.046621800000000005,0.0,,0.13855932203389829,0.0,-0.005813953488371992,-0.0002710569767441814,1
strong_market_effective_participation_v1,baseline_2y_1y_5fold,5,2025-04-01,2026-03-31,mixed_or_unresolved_context,strong_up,mostly_above_trend,2025-03-31,2025-12-31,SH.601398,工商银行,银行,0.020950200000000002,0.0,1.0,8.0,0.4929152542372882,0.9,0.010191082802547768,0.0,0
strong_market_effective_participation_v1,baseline_2y_1y_5fold,5,2025-04-01,2026-03-31,mixed_or_unresolved_context,strong_up,mostly_above_trend,2025-03-31,2025-12-31,SH.601600,中国铝业,铝,0.02,0.02,1.0,2.0,0.8516610169491525,0.09999999999999998,0.019182652210175233,0.00038365304420350465,1
strong_market_effective_participation_v1,baseline_2y_1y_5fold,5,2025-04-01,2026-03-31,mixed_or_unresolved_context,strong_up,mostly_above_trend,2025-03-31,2025-12-31,SH.601857,中国石油,石油开采,0.02,0.02,1.0,4.0,0.7747457627118646,0.8,0.01560975609756099,0.0003121951219512198,1
strong_market_effective_participation_v1,baseline_2y_1y_5fold,5,2025-04-01,2026-03-31,mixed_or_unresolved_context,strong_up,mostly_above_trend,2025-03-31,2025-12-31,SH.601899,紫金矿业,铜,0.0365814,0.0365814,1.0,1.0,0.8819999999999999,0.5,0.03141831238779158,0.001149325852782759,1
strong_market_effective_participation_v1,baseline_2y_1y_5fold,5,2025-04-01,2026-03-31,mixed_or_unresolved_context,strong_up,mostly_above_trend,2025-03-31,2025-12-31,SH.603799,华友钴业,小金属,0.0,0.02,0.0,,0.13855932203389829,0.0,0.003380861384683298,6.761722769366596e-05,1
strong_market_effective_participation_v1,baseline_2y_1y_5fold,5,2025-04-01,2026-03-31,mixed_or_unresolved_context,strong_up,mostly_above_trend,2025-03-31,2025-12-31,SH.603986,兆易创新,半导体,0.02,0.02,1.0,9.0,0.47583050847457625,0.4,-0.02710925438198164,-0.0005421850876396328,1
strong_market_effective_participation_v1,baseline_2y_1y_5fold,5,2025-04-01,2026-03-31,mixed_or_unresolved_context,strong_up,mostly_above_trend,2025-03-31,2025-12-31,SH.603993,洛阳钼业,小金属,0.02,0.02,1.0,3.0,0.8092881355932203,0.30000000000000004,0.024590163934426146,0.000491803278688523,1
strong_market_effective_participation_v1,baseline_2y_1y_5fold,5,2025-04-01,2026-03-31,mixed_or_unresolved_context,strong_up,mostly_above_trend,2025-03-31,2025-12-31,SH.688256,寒武纪,半导体,0.0210114,0.0210114,1.0,10.0,0.46945762711864414,0.19999999999999996,-0.04255544568441871,-0.0008941494914535954,1
strong_market_effective_participation_v1,baseline_2y_1y_5fold,5,2025-04-01,2026-03-31,mixed_or_unresolved_context,strong_up,mostly_above_trend,2025-03-31,2025-12-31,SZ.002050,三花智控,家用电器,0.02,0.02,1.0,5.0,0.7662033898305085,0.0,0.05352380952380953,0.0010704761904761907,1
strong_market_effective_participation_v1,baseline_2y_1y_5fold,5,2025-04-01,2026-03-31,mixed_or_unresolved_context,strong_up,mostly_above_trend,2025-03-31,2025-12-31,SZ.002371,北方华创,半导体,0.02,0.0,1.0,7.0,0.5643728813559322,0.7,0.00017429193899776152,0.0,0
strong_market_effective_participation_v1,baseline_2y_1y_5fold,5,2025-04-01,2026-03-31,mixed_or_unresolved_context,strong_up,mostly_above_trend,2025-03-31,2025-12-31,SZ.002463,沪电股份,元器件,0.0,0.02,0.0,,0.13855932203389829,0.0,-0.020378066764981995,-0.0004075613352996399,1
strong_market_effective_participation_v1,baseline_2y_1y_5fold,5,2025-04-01,2026-03-31,mixed_or_unresolved_context,strong_up,mostly_above_trend,2025-03-31,2026-01-05,SH.601100,恒立液压,工程机械,0.0,0.02,0.0,15.0,0.5110737628384687,0.5,0.03266308798107542,0.0006532617596215084,1
strong_market_effective_participation_v1,baseline_2y_1y_5fold,5,2025-04-01,2026-03-31,mixed_or_unresolved_context,strong_up,mostly_above_trend,2025-03-31,2026-01-05,SH.601398,工商银行,银行,0.0,0.020950200000000002,0.0,,0.12857142857142856,0.0,-0.013871374527112179,-0.0002906080706179056,1
strong_market_effective_participation_v1,baseline_2y_1y_5fold,5,2025-04-01,2026-03-31,mixed_or_unresolved_context,strong_up,mostly_above_trend,2025-03-31,2026-01-05,SH.601600,中国铝业,铝,0.0,0.02,0.0,3.0,0.8464145658263306,0.11111111111111116,0.06546644844517169,0.0013093289689034338,1
strong_market_effective_participation_v1,baseline_2y_1y_5fold,5,2025-04-01,2026-03-31,mixed_or_unresolved_context,strong_up,mostly_above_trend,2025-03-31,2026-01-05,SH.601857,中国石油,石油开采,0.0,0.02,0.0,10.0,0.6003454715219421,0.8333333333333334,-0.032660902977905804,-0.000653218059558116,1
strong_market_effective_participation_v1,baseline_2y_1y_5fold,5,2025-04-01,2026-03-31,mixed_or_unresolved_context,strong_up,mostly_above_trend,2025-03-31,2026-01-05,SH.601899,紫金矿业,铜,0.0,0.0365814,0.0,,0.12857142857142856,0.0,0.026979982593559715,0.0009869655352480453,1
strong_market_effective_participation_v1,baseline_2y_1y_5fold,5,2025-04-01,2026-03-31,mixed_or_unresolved_context,strong_up,mostly_above_trend,2025-03-31,2026-01-05,SH.603986,兆易创新,半导体,0.0,0.02,0.0,11.0,0.5904295051353874,0.16666666666666663,0.10002333722287049,0.00200046674445741,1
strong_market_effective_participation_v1,baseline_2y_1y_5fold,5,2025-04-01,2026-03-31,mixed_or_unresolved_context,strong_up,mostly_above_trend,2025-03-31,2026-01-05,SH.603993,洛阳钼业,小金属,0.0,0.02,0.0,7.0,0.6999159663865547,0.33333333333333337,0.02200000000000002,0.0004400000000000004,1
strong_market_effective_participation_v1,baseline_2y_1y_5fold,5,2025-04-01,2026-03-31,mixed_or_unresolved_context,strong_up,mostly_above_trend,2025-03-31,2026-01-05,SH.688256,寒武纪,半导体,0.0,0.0210114,0.0,,0.12857142857142856,0.0,0.02541403858212532,0.0005339845302644679,1
strong_market_effective_participation_v1,baseline_2y_1y_5fold,5,2025-04-01,2026-03-31,mixed_or_unresolved_context,strong_up,mostly_above_trend,2025-03-31,2026-01-05,SZ.002050,三花智控,家用电器,0.0,0.02,0.0,5.0,0.7409430438842205,0.2222222222222222,0.01753751581992402,0.00035075031639848043,1
strong_market_effective_participation_v1,baseline_2y_1y_5fold,5,2025-04-01,2026-03-31,mixed_or_unresolved_context,strong_up,mostly_above_trend,2025-03-31,2026-01-05,SZ.002371,北方华创,半导体,0.0,0.02,0.0,13.0,0.5224369747899159,0.7222222222222222,0.033610699660189924,0.0006722139932037985,1
strong_market_effective_participation_v1,baseline_2y_1y_5fold,5,2025-04-01,2026-03-31,mixed_or_unresolved_context,strong_up,mostly_above_trend,2025-03-31,2026-01-06,SH.600030,中信证券,证券,0.019628739624164167,0.0,1.0,16.0,0.5837090698348306,0.8275862068965517,0.029321513808387323,0.0,0
strong_market_effective_participation_v1,baseline_2y_1y_5fold,5,2025-04-01,2026-03-31,mixed_or_unresolved_context,strong_up,mostly_above_trend,2025-03-31,2026-01-06,SH.600309,万华化学,化工原料,0.019614813106858295,0.0,1.0,6.0,0.7817096493769924,0.5517241379310345,0.07267554635975704,0.0,0
strong_market_effective_participation_v1,baseline_2y_1y_5fold,5,2025-04-01,2026-03-31,mixed_or_unresolved_context,strong_up,mostly_above_trend,2025-03-31,2026-01-06,SH.601166,兴业银行,银行,0.024435741872261926,0.0,1.0,21.0,0.5103680092726746,0.8620689655172413,0.019477434679334937,0.0,0
strong_market_effective_participation_v1,baseline_2y_1y_5fold,5,2025-04-01,2026-03-31,mixed_or_unresolved_context,strong_up,mostly_above_trend,2025-03-31,2026-01-06,SH.601211,国泰海通,证券,0.019614813106858295,0.0,1.0,10.0,0.7103911909591424,0.6896551724137931,0.06497849976110848,0.0,0
strong_market_effective_participation_v1,baseline_2y_1y_5fold,5,2025-04-01,2026-03-31,mixed_or_unresolved_context,strong_up,mostly_above_trend,2025-03-31,2026-01-06,SH.601318,中国平安,保险,0.05288938206133271,0.0,1.0,3.0,0.8774789915966386,0.6206896551724138,0.02708678828081812,0.0,0
strong_market_effective_participation_v1,baseline_2y_1y_5fold,5,2025-04-01,2026-03-31,mixed_or_unresolved_context,strong_up,mostly_above_trend,2025-03-31,2026-01-06,SH.601336,新华保险,保险,0.019614813106858295,0.0,1.0,4.0,0.8512431179368299,0.3448275862068966,0.06483921982076968,0.0,0
strong_market_effective_participation_v1,baseline_2y_1y_5fold,5,2025-04-01,2026-03-31,mixed_or_unresolved_context,strong_up,mostly_above_trend,2025-03-31,2026-01-06,SH.601600,中国铝业,铝,0.019614813106858295,0.0,1.0,1.0,0.8987597797739786,0.06896551724137934,0.07296466973886329,0.0,0
strong_market_effective_participation_v1,baseline_2y_1y_5fold,5,2025-04-01,2026-03-31,mixed_or_unresolved_context,strong_up,mostly_above_trend,2025-03-31,2026-01-06,SH.601601,中国太保,保险,0.019614813106858295,0.0,1.0,2.0,0.8883685888148362,0.4482758620689655,0.050821127385707765,0.0,0
strong_market_effective_participation_v1,baseline_2y_1y_5fold,5,2025-04-01,2026-03-31,mixed_or_unresolved_context,strong_up,mostly_above_trend,2025-03-31,2026-01-06,SH.601688,华泰证券,证券,0.019614813106858295,0.0,1.0,12.0,0.6612576064908723,0.5172413793103448,0.04969199178644734,0.0,0
strong_market_effective_participation_v1,baseline_2y_1y_5fold,5,2025-04-01,2026-03-31,mixed_or_unresolved_context,strong_up,mostly_above_trend,2025-03-31,2026-01-06,SH.601857,中国石油,石油开采,0.019614813106858295,0.0,1.0,18.0,0.5789742103738047,0.7931034482758621,0.019860973187686204,0.0,0
strong_market_effective_participation_v1,baseline_2y_1y_5fold,5,2025-04-01,2026-03-31,mixed_or_unresolved_context,strong_up,mostly_above_trend,2025-03-31,2026-01-06,SH.601899,紫金矿业,铜,0.03997950051879179,0.0,1.0,5.0,0.8032338452622428,0.3793103448275862,0.062146892655367214,0.0,0
strong_market_effective_participation_v1,baseline_2y_1y_5fold,5,2025-04-01,2026-03-31,mixed_or_unresolved_context,strong_up,mostly_above_trend,2025-03-31,2026-01-06,SH.603799,华友钴业,小金属,0.019614813106858295,0.0,1.0,11.0,0.6741698058533756,0.27586206896551724,0.0807352941176469,0.0,0
strong_market_effective_participation_v1,baseline_2y_1y_5fold,5,2025-04-01,2026-03-31,mixed_or_unresolved_context,strong_up,mostly_above_trend,2025-03-31,2026-01-06,SH.603986,兆易创新,半导体,0.019614813106858295,0.0,1.0,9.0,0.7262764416111271,0.10344827586206895,0.06406992532247102,0.0,0
strong_market_effective_participation_v1,baseline_2y_1y_5fold,5,2025-04-01,2026-03-31,mixed_or_unresolved_context,strong_up,mostly_above_trend,2025-03-31,2026-01-06,SH.603993,洛阳钼业,小金属,0.019614813106858295,0.0,1.0,8.0,0.7446595189800058,0.24137931034482762,0.06066536203522488,0.0,0
strong_market_effective_participation_v1,baseline_2y_1y_5fold,5,2025-04-01,2026-03-31,mixed_or_unresolved_context,strong_up,mostly_above_trend,2025-03-31,2026-01-06,SH.688012,DR中微公,半导体,0.019614813106858295,0.0,1.0,7.0,0.7739090118806143,0.03448275862068961,0.05890855362477132,0.0,0
strong_market_effective_participation_v1,baseline_2y_1y_5fold,5,2025-04-01,2026-03-31,mixed_or_unresolved_context,strong_up,mostly_above_trend,2025-03-31,2026-01-06,SH.688981,中芯国际,半导体,0.019614813106858295,0.0,1.0,20.0,0.5536018545349174,0.4137931034482759,0.014544055405925516,0.0,0
strong_market_effective_participation_v1,baseline_2y_1y_5fold,5,2025-04-01,2026-03-31,mixed_or_unresolved_context,strong_up,mostly_above_trend,2025-03-31,2026-01-06,SZ.000100,TCL科技,元器件,0.019614813106858295,0.0,1.0,15.0,0.6118864097363083,0.5862068965517242,0.08351648351648344,0.0,0
strong_market_effective_participation_v1,baseline_2y_1y_5fold,5,2025-04-01,2026-03-31,mixed_or_unresolved_context,strong_up,mostly_above_trend,2025-03-31,2026-01-06,SZ.000725,京东方Ａ,元器件,0.019614813106858295,0.0,1.0,19.0,0.5736482179078528,0.7241379310344828,0.06382978723404253,0.0,0
strong_market_effective_participation_v1,baseline_2y_1y_5fold,5,2025-04-01,2026-03-31,mixed_or_unresolved_context,strong_up,mostly_above_trend,2025-03-31,2026-01-06,SZ.002916,深南电路,元器件,0.019614813106858295,0.0,1.0,14.0,0.6190437554332077,0.0,-0.03337183400709498,-0.0,0
strong_market_effective_participation_v1,baseline_2y_1y_5fold,5,2025-04-01,2026-03-31,mixed_or_unresolved_context,strong_up,mostly_above_trend,2025-03-31,2026-01-06,SZ.300033,同花顺,软件服务,0.019614813106858295,0.0,1.0,22.0,0.4964995653433787,0.1724137931034483,0.12011080666044371,0.0,0
strong_market_effective_participation_v1,baseline_2y_1y_5fold,5,2025-04-01,2026-03-31,mixed_or_unresolved_context,strong_up,mostly_above_trend,2025-03-31,2026-01-06,SZ.300433,蓝思科技,元器件,0.019614813106858295,0.0,1.0,17.0,0.5827296435815704,0.2068965517241379,0.0589887640449438,0.0,0
strong_market_effective_participation_v1,baseline_2y_1y_5fold,5,2025-04-01,2026-03-31,mixed_or_unresolved_context,strong_up,mostly_above_trend,2025-03-31,2026-01-06,SZ.300442,润泽科技,软件服务,0.019614813106858295,0.0,1.0,13.0,0.6314807302231237,0.31034482758620685,0.02929094481157346,0.0,0
strong_market_effective_participation_v1,baseline_2y_1y_5fold,5,2025-04-01,2026-03-31,mixed_or_unresolved_context,strong_up,mostly_above_trend,2025-03-31,2026-01-07,SH.600030,中信证券,证券,0.020014200000000003,0.019628739624164167,1.0,14.0,0.5569579831932773,0.85,-0.022855250082808976,-0.0004486197529206139,1
strong_market_effective_participation_v1,baseline_2y_1y_5fold,5,2025-04-01,2026-03-31,mixed_or_unresolved_context,strong_up,mostly_above_trend,2025-03-31,2026-01-07,SH.600309,万华化学,化工原料,0.0,0.019614813106858295,0.0,,0.12983193277310925,0.0,-0.012296564195298343,-0.00024119480854726237,1
strong_market_effective_participation_v1,baseline_2y_1y_5fold,5,2025-04-01,2026-03-31,mixed_or_unresolved_context,strong_up,mostly_above_trend,2025-03-31,2026-01-07,SH.600418,江淮汽车,汽车整车,0.07,0.0,1.0,19.0,0.40983193277310925,0.7,0.02328358208955228,0.0,0
strong_market_effective_participation_v1,baseline_2y_1y_5fold,5,2025-04-01,2026-03-31,mixed_or_unresolved_context,strong_up,mostly_above_trend,2025-03-31,2026-01-07,SH.600887,伊利股份,乳制品,0.02,0.0,1.0,17.0,0.4329159663865546,0.95,-0.006988120195667413,-0.0,0
strong_market_effective_participation_v1,baseline_2y_1y_5fold,5,2025-04-01,2026-03-31,mixed_or_unresolved_context,strong_up,mostly_above_trend,2025-03-31,2026-01-07,SH.601100,恒立液压,工程机械,0.02,0.0,1.0,8.0,0.6587058823529413,0.4,0.05745257452574526,0.0,0
strong_market_effective_participation_v1,baseline_2y_1y_5fold,5,2025-04-01,2026-03-31,mixed_or_unresolved_context,strong_up,mostly_above_trend,2025-03-31,2026-01-07,SH.601166,兴业银行,银行,0.0249156,0.024435741872261926,1.0,16.0,0.4894789915966387,0.9,-0.010251630941286338,-0.0002505062074509665,1
strong_market_effective_participation_v1,baseline_2y_1y_5fold,5,2025-04-01,2026-03-31,mixed_or_unresolved_context,strong_up,mostly_above_trend,2025-03-31,2026-01-07,SH.601211,国泰海通,证券,0.0,0.019614813106858295,0.0,,0.12983193277310925,0.0,-0.003140421713773045,-6.15987849923779e-05,1
strong_market_effective_participation_v1,baseline_2y_1y_5fold,5,2025-04-01,2026-03-31,mixed_or_unresolved_context,strong_up,mostly_above_trend,2025-03-31,2026-01-07,SH.601318,中国平安,保险,0.0,0.05288938206133271,0.0,,0.12983193277310925,0.0,-0.011706135629709236,-0.0006191302797814713,1
strong_market_effective_participation_v1,baseline_2y_1y_5fold,5,2025-04-01,2026-03-31,mixed_or_unresolved_context,strong_up,mostly_above_trend,2025-03-31,2026-01-07,SH.601336,新华保险,保险,0.02,0.019614813106858295,1.0,2.0,0.8772268907563024,0.25,0.01881188118811883,0.0003689915336933742,1
strong_market_effective_participation_v1,baseline_2y_1y_5fold,5,2025-04-01,2026-03-31,mixed_or_unresolved_context,strong_up,mostly_above_trend,2025-03-31,2026-01-07,SH.601600,中国铝业,铝,0.0,0.019614813106858295,0.0,,0.12983193277310925,0.0,0.005726556907659219,0.00011232534348952397,1
strong_market_effective_participation_v1,baseline_2y_1y_5fold,5,2025-04-01,2026-03-31,mixed_or_unresolved_context,strong_up,mostly_above_trend,2025-03-31,2026-01-07,SH.601601,中国太保,保险,0.02,0.019614813106858295,1.0,1.0,0.9063529411764706,0.35,0.0114044350580782,0.00022369586225350652,1
strong_market_effective_participation_v1,baseline_2y_1y_5fold,5,2025-04-01,2026-03-31,mixed_or_unresolved_context,strong_up,mostly_above_trend,2025-03-31,2026-01-07,SH.601688,华泰证券,证券,0.02,0.019614813106858295,1.0,7.0,0.6588319327731091,0.44999999999999996,-0.013302034428794851,-0.00026091691926180555,1
strong_market_effective_participation_v1,baseline_2y_1y_5fold,5,2025-04-01,2026-03-31,mixed_or_unresolved_context,strong_up,mostly_above_trend,2025-03-31,2026-01-07,SH.601857,中国石油,石油开采,0.02,0.019614813106858295,1.0,13.0,0.5723109243697481,0.65,-0.036027263875365256,-0.0007066680476667567,1
strong_market_effective_participation_v1,baseline_2y_1y_5fold,5,2025-04-01,2026-03-31,mixed_or_unresolved_context,strong_up,mostly_above_trend,2025-03-31,2026-01-07,SH.601899,紫金矿业,铜,0.040764600000000005,0.03997950051879179,1.0,5.0,0.7710000000000001,0.19999999999999996,-0.023404255319149025,-0.000935690437673854,1
strong_market_effective_participation_v1,baseline_2y_1y_5fold,5,2025-04-01,2026-03-31,mixed_or_unresolved_context,strong_up,mostly_above_trend,2025-03-31,2026-01-07,SH.603799,华友钴业,小金属,0.0,0.019614813106858295,0.0,,0.12983193277310925,0.0,0.050346985984487835,0.000987546720579343,1
strong_market_effective_participation_v1,baseline_2y_1y_5fold,5,2025-04-01,2026-03-31,mixed_or_unresolved_context,strong_up,mostly_above_trend,2025-03-31,2026-01-07,SH.603986,兆易创新,半导体,0.02,0.019614813106858295,1.0,3.0,0.8293949579831933,0.050000000000000044,0.04673418932929274,0.0009166823893946083,1
strong_market_effective_participation_v1,baseline_2y_1y_5fold,5,2025-04-01,2026-03-31,mixed_or_unresolved_context,strong_up,mostly_above_trend,2025-03-31,2026-01-07,SH.603993,洛阳钼业,小金属,0.0,0.019614813106858295,0.0,,0.12983193277310925,0.0,0.013376383763837651,0.00026237526757328923,1
strong_market_effective_participation_v1,baseline_2y_1y_5fold,5,2025-04-01,2026-03-31,mixed_or_unresolved_context,strong_up,mostly_above_trend,2025-03-31,2026-01-07,SH.688012,DR中微公,半导体,0.0,0.019614813106858295,0.0,,0.12983193277310925,0.0,0.06876573543240205,0.0013488270486622296,1
strong_market_effective_participation_v1,baseline_2y_1y_5fold,5,2025-04-01,2026-03-31,mixed_or_unresolved_context,strong_up,mostly_above_trend,2025-03-31,2026-01-07,SH.688111,金山办公,软件服务,0.02,0.0,1.0,15.0,0.5267478991596639,0.55,-0.016926489804600875,-0.0,0
strong_market_effective_participation_v1,baseline_2y_1y_5fold,5,2025-04-01,2026-03-31,mixed_or_unresolved_context,strong_up,mostly_above_trend,2025-03-31,2026-01-07,SH.688981,中芯国际,半导体,0.0,0.019614813106858295,0.0,,0.12983193277310925,0.0,-0.014108009708737934,-0.0002767259737466369,1
strong_market_effective_participation_v1,baseline_2y_1y_5fold,5,2025-04-01,2026-03-31,mixed_or_unresolved_context,strong_up,mostly_above_trend,2025-03-31,2026-01-07,SZ.000100,TCL科技,元器件,0.02,0.019614813106858295,1.0,9.0,0.6497899159663865,0.30000000000000004,-0.04462474645030423,-0.0008753060615636556,1
strong_market_effective_participation_v1,baseline_2y_1y_5fold,5,2025-04-01,2026-03-31,mixed_or_unresolved_context,strong_up,mostly_above_trend,2025-03-31,2026-01-07,SZ.000338,潍柴动力,汽车配件,0.02,0.0,1.0,11.0,0.6172689075630253,0.75,0.009060022650056565,0.0,0
strong_market_effective_participation_v1,baseline_2y_1y_5fold,5,2025-04-01,2026-03-31,mixed_or_unresolved_context,strong_up,mostly_above_trend,2025-03-31,2026-01-07,SZ.000725,京东方Ａ,元器件,0.02,0.019614813106858295,1.0,12.0,0.590873949579832,0.6,-0.03111111111111109,-0.0006102386299911465,1
strong_market_effective_participation_v1,baseline_2y_1y_5fold,5,2025-04-01,2026-03-31,mixed_or_unresolved_context,strong_up,mostly_above_trend,2025-03-31,2026-01-07,SZ.000988,华工科技,专用机械,0.07,0.0,1.0,20.0,0.3528319327731093,0.09999999999999998,0.036039406409776875,0.0,0
strong_market_effective_participation_v1,baseline_2y_1y_5fold,5,2025-04-01,2026-03-31,mixed_or_unresolved_context,strong_up,mostly_above_trend,2025-03-31,2026-01-07,SZ.002195,岩山科技,软件服务,0.07,0.0,1.0,10.0,0.6328319327731092,0.0,0.10023310023310006,0.0,0
strong_market_effective_participation_v1,baseline_2y_1y_5fold,5,2025-04-01,2026-03-31,mixed_or_unresolved_context,strong_up,mostly_above_trend,2025-03-31,2026-01-07,SZ.002371,北方华创,半导体,0.02,0.0,1.0,6.0,0.7524369747899159,0.5,0.060600448587361244,0.0,0
strong_market_effective_participation_v1,baseline_2y_1y_5fold,5,2025-04-01,2026-03-31,mixed_or_unresolved_context,strong_up,mostly_above_trend,2025-03-31,2026-01-07,SZ.002916,深南电路,元器件,0.0,0.019614813106858295,0.0,,0.12983193277310925,0.0,0.042546835659113214,0.0008345482297417197,1
strong_market_effective_participation_v1,baseline_2y_1y_5fold,5,2025-04-01,2026-03-31,mixed_or_unresolved_context,strong_up,mostly_above_trend,2025-03-31,2026-01-07,SZ.300033,同花顺,软件服务,0.0,0.019614813106858295,0.0,,0.12983193277310925,0.0,-0.023387096774193483,-0.00045873353233781366,1
strong_market_effective_participation_v1,baseline_2y_1y_5fold,5,2025-04-01,2026-03-31,mixed_or_unresolved_context,strong_up,mostly_above_trend,2025-03-31,2026-01-07,SZ.300251,光线传媒,影视音像,0.02,0.0,1.0,18.0,0.4146638655462186,0.8,-0.010625737898465104,-0.0,0
strong_market_effective_participation_v1,baseline_2y_1y_5fold,5,2025-04-01,2026-03-31,mixed_or_unresolved_context,strong_up,mostly_above_trend,2025-03-31,2026-01-07,SZ.300433,蓝思科技,元器件,0.0,0.019614813106858295,0.0,,0.12983193277310925,0.0,0.0023577954612437058,4.624771731649404e-05,1
strong_market_effective_participation_v1,baseline_2y_1y_5fold,5,2025-04-01,2026-03-31,mixed_or_unresolved_context,strong_up,mostly_above_trend,2025-03-31,2026-01-07,SZ.300442,润泽科技,软件服务,0.02,0.019614813106858295,1.0,4.0,0.7761848739495797,0.15000000000000002,0.051188617039736206,0.0010040551564329675,1
strong_market_effective_participation_v1,baseline_2y_1y_5fold,5,2025-04-01,2026-03-31,mixed_or_unresolved_context,strong_up,mostly_above_trend,2025-03-31,2026-01-08,SH.600030,中信证券,证券,0.0,0.020014200000000003,0.0,,0.13109243697478992,0.0,-0.032542372881356085,-0.000651309559322037,1
strong_market_effective_participation_v1,baseline_2y_1y_5fold,5,2025-04-01,2026-03-31,mixed_or_unresolved_context,strong_up,mostly_above_trend,2025-03-31,2026-01-08,SH.600150,中国船舶,船舶,0.02,0.0,1.0,13.0,0.5815406162464986,0.6666666666666667,0.04090513489991299,0.0,0
strong_market_effective_participation_v1,baseline_2y_1y_5fold,5,2025-04-01,2026-03-31,mixed_or_unresolved_context,strong_up,mostly_above_trend,2025-03-31,2026-01-08,SH.600309,万华化学,化工原料,0.02,0.0,1.0,2.0,0.8534640522875817,0.4444444444444444,-0.027340412547296578,-0.0,0
strong_market_effective_participation_v1,baseline_2y_1y_5fold,5,2025-04-01,2026-03-31,mixed_or_unresolved_context,strong_up,mostly_above_trend,2025-03-31,2026-01-08,SH.600418,江淮汽车,汽车整车,0.08,0.07,1.0,18.0,0.23775910364145655,0.7777777777777778,-0.028588098016335994,-0.0020011668611435197,1
strong_market_effective_participation_v1,baseline_2y_1y_5fold,5,2025-04-01,2026-03-31,mixed_or_unresolved_context,strong_up,mostly_above_trend,2025-03-31,2026-01-08,SH.600887,伊利股份,乳制品,0.0,0.02,0.0,,0.13109243697478992,0.0,-0.0408163265306124,-0.0008163265306122481,1
strong_market_effective_participation_v1,baseline_2y_1y_5fold,5,2025-04-01,2026-03-31,mixed_or_unresolved_context,strong_up,mostly_above_trend,2025-03-31,2026-01-08,SH.601088,中国神华,煤炭开采,0.02,0.0,1.0,15.0,0.5128664799253034,0.9444444444444444,0.004604944255938159,0.0,0
strong_market_effective_participation_v1,baseline_2y_1y_5fold,5,2025-04-01,2026-03-31,mixed_or_unresolved_context,strong_up,mostly_above_trend,2025-03-31,2026-01-08,SH.601100,恒立液压,工程机械,0.02,0.02,1.0,10.0,0.622483660130719,0.33333333333333337,-0.035451905005979834,-0.0007090381001195967,1
strong_market_effective_participation_v1,baseline_2y_1y_5fold,5,2025-04-01,2026-03-31,mixed_or_unresolved_context,strong_up,mostly_above_trend,2025-03-31,2026-01-08,SH.601166,兴业银行,银行,0.0249156,0.0249156,1.0,16.0,0.43970121381886085,0.8888888888888888,-0.015065913370997941,-0.0003753762711864363,1
strong_market_effective_participation_v1,baseline_2y_1y_5fold,5,2025-04-01,2026-03-31,mixed_or_unresolved_context,strong_up,mostly_above_trend,2025-03-31,2026-01-08,SH.601211,国泰海通,证券,0.02,0.0,1.0,7.0,0.6791036414565826,0.6111111111111112,-0.04050405040504046,-0.0,0
strong_market_effective_participation_v1,baseline_2y_1y_5fold,5,2025-04-01,2026-03-31,mixed_or_unresolved_context,strong_up,mostly_above_trend,2025-03-31,2026-01-08,SH.601318,中国平安,保险,0.053928000000000004,0.0,1.0,1.0,0.9222222222222223,0.5,-0.04179714091218523,-0.0,0
strong_market_effective_participation_v1,baseline_2y_1y_5fold,5,2025-04-01,2026-03-31,mixed_or_unresolved_context,strong_up,mostly_above_trend,2025-03-31,2026-01-08,SH.601336,新华保险,保险,0.0,0.02,0.0,,0.13109243697478992,0.0,-0.01056851311953344,-0.00021137026239066882,1
strong_market_effective_participation_v1,baseline_2y_1y_5fold,5,2025-04-01,2026-03-31,mixed_or_unresolved_context,strong_up,mostly_above_trend,2025-03-31,2026-01-08,SH.601601,中国太保,保险,0.0,0.02,0.0,,0.13109243697478992,0.0,-0.019628314888285425,-0.00039256629776570853,1
strong_market_effective_participation_v1,baseline_2y_1y_5fold,5,2025-04-01,2026-03-31,mixed_or_unresolved_context,strong_up,mostly_above_trend,2025-03-31,2026-01-08,SH.601688,华泰证券,证券,0.02,0.02,1.0,9.0,0.6431652661064425,0.2777777777777778,-0.05035685963520997,-0.0010071371927041993,1
strong_market_effective_participation_v1,baseline_2y_1y_5fold,5,2025-04-01,2026-03-31,mixed_or_unresolved_context,strong_up,mostly_above_trend,2025-03-31,2026-01-08,SH.601857,中国石油,石油开采,0.0,0.02,0.0,,0.13109243697478992,0.0,-0.010101010101009722,-0.00020202020202019443,1
strong_market_effective_participation_v1,baseline_2y_1y_5fold,5,2025-04-01,2026-03-31,mixed_or_unresolved_context,strong_up,mostly_above_trend,2025-03-31,2026-01-08,SH.601899,紫金矿业,铜,0.0,0.040764600000000005,0.0,,0.13109243697478992,0.0,-0.011437908496732097,-0.0004662617647058853,1
strong_market_effective_participation_v1,baseline_2y_1y_5fold,5,2025-04-01,2026-03-31,mixed_or_unresolved_context,strong_up,mostly_above_trend,2025-03-31,2026-01-08,SH.603501,豪威集团,半导体,0.02,0.0,1.0,11.0,0.6000466853408031,0.7222222222222222,0.018066707844348384,0.0,0
strong_market_effective_participation_v1,baseline_2y_1y_5fold,5,2025-04-01,2026-03-31,mixed_or_unresolved_context,strong_up,mostly_above_trend,2025-03-31,2026-01-08,SH.603799,华友钴业,小金属,0.02,0.0,1.0,3.0,0.8086367880485527,0.11111111111111116,-0.020339422204948776,-0.0,0
strong_market_effective_participation_v1,baseline_2y_1y_5fold,5,2025-04-01,2026-03-31,mixed_or_unresolved_context,strong_up,mostly_above_trend,2025-03-31,2026-01-08,SH.603986,兆易创新,半导体,0.0,0.02,0.0,,0.13109243697478992,0.0,-0.014285714285714235,-0.0002857142857142847,1
strong_market_effective_participation_v1,baseline_2y_1y_5fold,5,2025-04-01,2026-03-31,mixed_or_unresolved_context,strong_up,mostly_above_trend,2025-03-31,2026-01-08,SH.688041,海光信息,半导体,0.02,0.0,1.0,6.0,0.7354715219421102,0.16666666666666663,0.08498316498316494,0.0,0
strong_market_effective_participation_v1,baseline_2y_1y_5fold,5,2025-04-01,2026-03-31,mixed_or_unresolved_context,strong_up,mostly_above_trend,2025-03-31,2026-01-08,SH.688111,金山办公,软件服务,0.0,0.02,0.0,,0.13109243697478992,0.0,0.0061823802163833985,0.00012364760432766796,1
strong_market_effective_participation_v1,baseline_2y_1y_5fold,5,2025-04-01,2026-03-31,mixed_or_unresolved_context,strong_up,mostly_above_trend,2025-03-31,2026-01-08,SH.688256,寒武纪,半导体,0.0204894,0.0,1.0,8.0,0.6638468720821662,0.2222222222222222,0.03521449873824256,0.0,0
strong_market_effective_participation_v1,baseline_2y_1y_5fold,5,2025-04-01,2026-03-31,mixed_or_unresolved_context,strong_up,mostly_above_trend,2025-03-31,2026-01-08,SZ.000100,TCL科技,元器件,0.02,0.02,1.0,12.0,0.5961157796451915,0.38888888888888884,-0.014861995753715607,-0.00029723991507431215,1
strong_market_effective_participation_v1,baseline_2y_1y_5fold,5,2025-04-01,2026-03-31,mixed_or_unresolved_context,strong_up,mostly_above_trend,2025-03-31,2026-01-08,SZ.000338,潍柴动力,汽车配件,0.0,0.02,0.0,,0.13109243697478992,0.0,-0.013468013468013629,-0.0002693602693602726,1
strong_market_effective_participation_v1,baseline_2y_1y_5fold,5,2025-04-01,2026-03-31,mixed_or_unresolved_context,strong_up,mostly_above_trend,2025-03-31,2026-01-08,SZ.000725,京东方Ａ,元器件,0.0,0.02,0.0,,0.13109243697478992,0.0,-0.002293577981651529,-4.587155963303058e-05,1
strong_market_effective_participation_v1,baseline_2y_1y_5fold,5,2025-04-01,2026-03-31,mixed_or_unresolved_context,strong_up,mostly_above_trend,2025-03-31,2026-01-08,SZ.000988,华工科技,专用机械,0.08,0.07,1.0,17.0,0.34775910364145657,0.05555555555555558,-0.009388541165142095,-0.0006571978815599467,1
strong_market_effective_participation_v1,baseline_2y_1y_5fold,5,2025-04-01,2026-03-31,mixed_or_unresolved_context,strong_up,mostly_above_trend,2025-03-31,2026-01-08,SZ.002050,三花智控,家用电器,0.02,0.0,1.0,4.0,0.8025676937441643,0.0,-0.0247533632286997,-0.0,0
strong_market_effective_participation_v1,baseline_2y_1y_5fold,5,2025-04-01,2026-03-31,mixed_or_unresolved_context,strong_up,mostly_above_trend,2025-03-31,2026-01-08,SZ.002195,岩山科技,软件服务,0.0,0.07,0.0,,0.13109243697478992,0.0,0.09957627118644075,0.006970338983050853,1
strong_market_effective_participation_v1,baseline_2y_1y_5fold,5,2025-04-01,2026-03-31,mixed_or_unresolved_context,strong_up,mostly_above_trend,2025-03-31,2026-01-08,SZ.002371,北方华创,半导体,0.02,0.02,1.0,5.0,0.7973949579831932,0.5555555555555556,-0.01697644639323259,-0.00033952892786465183,1
strong_market_effective_participation_v1,baseline_2y_1y_5fold,5,2025-04-01,2026-03-31,mixed_or_unresolved_context,strong_up,mostly_above_trend,2025-03-31,2026-01-08,SZ.300251,光线传媒,影视音像,0.02,0.02,1.0,14.0,0.5455182072829131,0.8333333333333334,0.013126491646777927,0.00026252983293555853,1
strong_market_effective_participation_v1,baseline_2y_1y_5fold,5,2025-04-01,2026-03-31,mixed_or_unresolved_context,strong_up,mostly_above_trend,2025-03-31,2026-01-08,SZ.300442,润泽科技,软件服务,0.0,0.02,0.0,,0.13109243697478992,0.0,-0.012710465500164969,-0.0002542093100032994,1
strong_market_effective_participation_v1,baseline_2y_1y_5fold,5,2025-04-01,2026-03-31,mixed_or_unresolved_context,strong_up,mostly_above_trend,2025-03-31,2026-01-09,SH.600150,中国船舶,船舶,0.0,0.02,0.0,,0.11974789915966387,0.0,-0.003065774804905219,-6.131549609810439e-05,1
strong_market_effective_participation_v1,baseline_2y_1y_5fold,5,2025-04-01,2026-03-31,mixed_or_unresolved_context,strong_up,mostly_above_trend,2025-03-31,2026-01-09,SH.600309,万华化学,化工原料,0.019790703216191217,0.02,1.0,7.0,0.7484033613445378,0.6071428571428572,-0.0042665328146568315,-8.533065629313663e-05,1
strong_market_effective_participation_v1,baseline_2y_1y_5fold,5,2025-04-01,2026-03-31,mixed_or_unresolved_context,strong_up,mostly_above_trend,2025-03-31,2026-01-09,SH.600418,江淮汽车,汽车整车,0.0,0.08,0.0,,0.11974789915966387,0.0,0.011611611611611616,0.0009289289289289293,1
strong_market_effective_participation_v1,baseline_2y_1y_5fold,5,2025-04-01,2026-03-31,mixed_or_unresolved_context,strong_up,mostly_above_trend,2025-03-31,2026-01-09,SH.600580,卧龙电驱,电气设备,0.07,0.0,1.0,28.0,0.29260504201680676,0.1428571428571429,0.02269353128313889,0.0,0
strong_market_effective_participation_v1,baseline_2y_1y_5fold,5,2025-04-01,2026-03-31,mixed_or_unresolved_context,strong_up,mostly_above_trend,2025-03-31,2026-01-09,SH.601088,中国神华,煤炭开采,0.019790703216191217,0.02,1.0,19.0,0.5347899159663865,0.9642857142857143,0.024125452352231624,0.0004825090470446325,1
strong_market_effective_participation_v1,baseline_2y_1y_5fold,5,2025-04-01,2026-03-31,mixed_or_unresolved_context,strong_up,mostly_above_trend,2025-03-31,2026-01-09,SH.601100,恒立液压,工程机械,0.0,0.02,0.0,,0.11974789915966387,0.0,0.020281640244442567,0.0004056328048888513,1
strong_market_effective_participation_v1,baseline_2y_1y_5fold,5,2025-04-01,2026-03-31,mixed_or_unresolved_context,strong_up,mostly_above_trend,2025-03-31,2026-01-09,SH.601166,兴业银行,银行,0.0,0.0249156,0.0,,0.11974789915966387,0.0,-0.003824091778202754,-9.527954110898853e-05,1
strong_market_effective_participation_v1,baseline_2y_1y_5fold,5,2025-04-01,2026-03-31,mixed_or_unresolved_context,strong_up,mostly_above_trend,2025-03-31,2026-01-09,SH.601211,国泰海通,证券,0.019790703216191217,0.02,1.0,23.0,0.47243697478991586,0.7857142857142857,-0.011726078799249584,-0.00023452157598499168,1
strong_market_effective_participation_v1,baseline_2y_1y_5fold,5,2025-04-01,2026-03-31,mixed_or_unresolved_context,strong_up,mostly_above_trend,2025-03-31,2026-01-09,SH.601318,中国平安,保险,0.053363652152138,0.053928000000000004,1.0,4.0,0.7935714285714286,0.6428571428571428,-0.019607843137254832,-0.0010574117647058788,1
strong_market_effective_participation_v1,baseline_2y_1y_5fold,5,2025-04-01,2026-03-31,mixed_or_unresolved_context,strong_up,mostly_above_trend,2025-03-31,2026-01-09,SH.601360,三六零,互联网,0.019790703216191217,0.0,1.0,18.0,0.5398739495798318,0.4285714285714286,0.06304728546409821,0.0,0
strong_market_effective_participation_v1,baseline_2y_1y_5fold,5,2025-04-01,2026-03-31,mixed_or_unresolved_context,strong_up,mostly_above_trend,2025-03-31,2026-01-09,SH.601600,中国铝业,铝,0.019790703216191217,0.0,1.0,1.0,0.8982773109243698,0.1071428571428571,0.029304029304029422,0.0,0
strong_market_effective_participation_v1,baseline_2y_1y_5fold,5,2025-04-01,2026-03-31,mixed_or_unresolved_context,strong_up,mostly_above_trend,2025-03-31,2026-01-09,SH.601601,中国太保,保险,0.019790703216191217,0.0,1.0,3.0,0.8302100840336135,0.5714285714285714,-0.009584664536741228,-0.0,0
strong_market_effective_participation_v1,baseline_2y_1y_5fold,5,2025-04-01,2026-03-31,mixed_or_unresolved_context,strong_up,mostly_above_trend,2025-03-31,2026-01-09,SH.601688,华泰证券,证券,0.0,0.02,0.0,,0.11974789915966387,0.0,0.0,0.0,1
strong_market_effective_participation_v1,baseline_2y_1y_5fold,5,2025-04-01,2026-03-31,mixed_or_unresolved_context,strong_up,mostly_above_trend,2025-03-31,2026-01-09,SH.601857,中国石油,石油开采,0.019790703216191217,0.0,1.0,20.0,0.5250840336134454,0.8571428571428572,0.0071428571428568954,0.0,0
strong_market_effective_participation_v1,baseline_2y_1y_5fold,5,2025-04-01,2026-03-31,mixed_or_unresolved_context,strong_up,mostly_above_trend,2025-03-31,2026-01-09,SH.601899,紫金矿业,铜,0.04033800501633743,0.0,1.0,5.0,0.7853361344537815,0.4642857142857143,0.025344352617080013,0.0,0
strong_market_effective_participation_v1,baseline_2y_1y_5fold,5,2025-04-01,2026-03-31,mixed_or_unresolved_context,strong_up,mostly_above_trend,2025-03-31,2026-01-09,SH.603501,豪威集团,半导体,0.0,0.02,0.0,,0.11974789915966387,0.0,-0.002578492340361005,-5.15698468072201e-05,1
strong_market_effective_participation_v1,baseline_2y_1y_5fold,5,2025-04-01,2026-03-31,mixed_or_unresolved_context,strong_up,mostly_above_trend,2025-03-31,2026-01-09,SH.603799,华友钴业,小金属,0.019790703216191217,0.02,1.0,9.0,0.7264705882352942,0.1785714285714286,0.00436392488759596,8.72784977519192e-05,1
strong_market_effective_participation_v1,baseline_2y_1y_5fold,5,2025-04-01,2026-03-31,mixed_or_unresolved_context,strong_up,mostly_above_trend,2025-03-31,2026-01-09,SH.603986,兆易创新,半导体,0.019790703216191217,0.0,1.0,8.0,0.7284453781512604,0.0357142857142857,-0.03362318840579703,-0.0,0
strong_market_effective_participation_v1,baseline_2y_1y_5fold,5,2025-04-01,2026-03-31,mixed_or_unresolved_context,strong_up,mostly_above_trend,2025-03-31,2026-01-09,SH.603993,洛阳钼业,小金属,0.019790703216191217,0.0,1.0,2.0,0.8938235294117649,0.3928571428571429,0.050738007380073835,0.0,0
strong_market_effective_participation_v1,baseline_2y_1y_5fold,5,2025-04-01,2026-03-31,mixed_or_unresolved_context,strong_up,mostly_above_trend,2025-03-31,2026-01-09,SH.688012,DR中微公,半导体,0.019790703216191217,0.0,1.0,10.0,0.7194537815126051,0.0,-0.026598820400138723,-0.0,0
strong_market_effective_participation_v1,baseline_2y_1y_5fold,5,2025-04-01,2026-03-31,mixed_or_unresolved_context,strong_up,mostly_above_trend,2025-03-31,2026-01-09,SH.688041,海光信息,半导体,0.019790703216191217,0.02,1.0,16.0,0.5906302521008403,0.25,0.020150612380006594,0.00040301224760013187,1
strong_market_effective_participation_v1,baseline_2y_1y_5fold,5,2025-04-01,2026-03-31,mixed_or_unresolved_context,strong_up,mostly_above_trend,2025-03-31,2026-01-09,SH.688111,金山办公,软件服务,0.019790703216191217,0.0,1.0,12.0,0.6299579831932773,0.6785714285714286,0.04915514592933956,0.0,0
strong_market_effective_participation_v1,baseline_2y_1y_5fold,5,2025-04-01,2026-03-31,mixed_or_unresolved_context,strong_up,mostly_above_trend,2025-03-31,2026-01-09,SH.688256,寒武纪,半导体,0.020274981723891417,0.0204894,1.0,14.0,0.605672268907563,0.2857142857142857,0.032548476454293596,0.0006668987534626033,1
strong_market_effective_participation_v1,baseline_2y_1y_5fold,5,2025-04-01,2026-03-31,mixed_or_unresolved_context,strong_up,mostly_above_trend,2025-03-31,2026-01-09,SZ.000100,TCL科技,元器件,0.019790703216191217,0.02,1.0,17.0,0.5832352941176471,0.5357142857142857,0.02586206896551735,0.000517241379310347,1
strong_market_effective_participation_v1,baseline_2y_1y_5fold,5,2025-04-01,2026-03-31,mixed_or_unresolved_context,strong_up,mostly_above_trend,2025-03-31,2026-01-09,SZ.000338,潍柴动力,汽车配件,0.019790703216191217,0.0,1.0,11.0,0.6592857142857141,0.8214285714285714,0.04323094425483509,0.0,0
strong_market_effective_participation_v1,baseline_2y_1y_5fold,5,2025-04-01,2026-03-31,mixed_or_unresolved_context,strong_up,mostly_above_trend,2025-03-31,2026-01-09,SZ.000988,华工科技,专用机械,0.0,0.08,0.0,,0.11974789915966387,0.0,0.008869987849331684,0.0007095990279465347,1
strong_market_effective_participation_v1,baseline_2y_1y_5fold,5,2025-04-01,2026-03-31,mixed_or_unresolved_context,strong_up,mostly_above_trend,2025-03-31,2026-01-09,SZ.002050,三花智控,家用电器,0.019790703216191217,0.02,1.0,6.0,0.7708403361344538,0.0714285714285714,0.05094721353687692,0.0010189442707375384,1
strong_market_effective_participation_v1,baseline_2y_1y_5fold,5,2025-04-01,2026-03-31,mixed_or_unresolved_context,strong_up,mostly_above_trend,2025-03-31,2026-01-09,SZ.002230,科大讯飞,软件服务,0.019790703216191217,0.0,1.0,13.0,0.6254621848739496,0.7142857142857143,0.04100355738625727,0.0,0
strong_market_effective_participation_v1,baseline_2y_1y_5fold,5,2025-04-01,2026-03-31,mixed_or_unresolved_context,strong_up,mostly_above_trend,2025-03-31,2026-01-09,SZ.002261,拓维信息,软件服务,0.07,0.0,1.0,22.0,0.48760504201680677,0.3214285714285714,0.02691632533645416,0.0,0
strong_market_effective_participation_v1,baseline_2y_1y_5fold,5,2025-04-01,2026-03-31,mixed_or_unresolved_context,strong_up,mostly_above_trend,2025-03-31,2026-01-09,SZ.002281,光迅科技,通信设备,0.07,0.0,1.0,26.0,0.406890756302521,0.2142857142857143,0.01848194130925518,0.0,0
strong_market_effective_participation_v1,baseline_2y_1y_5fold,5,2025-04-01,2026-03-31,mixed_or_unresolved_context,strong_up,mostly_above_trend,2025-03-31,2026-01-09,SZ.002371,北方华创,半导体,0.0,0.02,0.0,,0.11974789915966387,0.0,-0.01809856514101893,-0.0003619713028203786,1
strong_market_effective_participation_v1,baseline_2y_1y_5fold,5,2025-04-01,2026-03-31,mixed_or_unresolved_context,strong_up,mostly_above_trend,2025-03-31,2026-01-09,SZ.002600,领益智造,元器件,0.019790703216191217,0.0,1.0,21.0,0.5231092436974789,0.5,0.013998782714546687,0.0,0
strong_market_effective_participation_v1,baseline_2y_1y_5fold,5,2025-04-01,2026-03-31,mixed_or_unresolved_context,strong_up,mostly_above_trend,2025-03-31,2026-01-09,SZ.002625,光启技术,航空,0.019790703216191217,0.0,1.0,15.0,0.5967226890756302,0.3571428571428571,0.10005955926146504,0.0,0
strong_market_effective_participation_v1,baseline_2y_1y_5fold,5,2025-04-01,2026-03-31,mixed_or_unresolved_context,strong_up,mostly_above_trend,2025-03-31,2026-01-09,SZ.300251,光线传媒,影视音像,0.0,0.02,0.0,25.0,0.4266386554621849,0.8928571428571429,0.019434628975264934,0.00038869257950529867,1
strong_market_effective_participation_v1,baseline_2y_1y_5fold,5,2025-04-01,2026-03-31,mixed_or_unresolved_context,strong_up,mostly_above_trend,2025-03-31,2026-01-12,SH.600126,杭钢股份,普钢,0.042,0.0,1.0,37.0,0.3660595048830343,0.8378378378378378,0.05383734249713612,0.0,0
strong_market_effective_participation_v1,baseline_2y_1y_5fold,5,2025-04-01,2026-03-31,mixed_or_unresolved_context,strong_up,mostly_above_trend,2025-03-31,2026-01-12,SH.600309,万华化学,化工原料,0.019459185549688233,0.019790703216191217,1.0,13.0,0.6780331592096299,0.6486486486486487,-0.015248897290485064,-0.0003017864006501723,1
strong_market_effective_participation_v1,baseline_2y_1y_5fold,5,2025-04-01,2026-03-31,mixed_or_unresolved_context,strong_up,mostly_above_trend,2025-03-31,2026-01-12,SH.600570,恒生电子,软件服务,0.019459185549688233,0.0,1.0,16.0,0.6265273677038382,0.7837837837837838,0.06909788867562372,0.0,0
strong_market_effective_participation_v1,baseline_2y_1y_5fold,5,2025-04-01,2026-03-31,mixed_or_unresolved_context,strong_up,mostly_above_trend,2025-03-31,2026-01-12,SH.600580,卧龙电驱,电气设备,0.0,0.07,0.0,,0.11092436974789917,0.0,0.008502695976773111,0.0005951887183741179,1
strong_market_effective_participation_v1,baseline_2y_1y_5fold,5,2025-04-01,2026-03-31,mixed_or_unresolved_context,strong_up,mostly_above_trend,2025-03-31,2026-01-12,SH.600584,长电科技,半导体,0.019459185549688233,0.0,1.0,17.0,0.6241835112423347,0.6756756756756757,0.060709082078678867,0.0,0
strong_market_effective_participation_v1,baseline_2y_1y_5fold,5,2025-04-01,2026-03-31,mixed_or_unresolved_context,strong_up,mostly_above_trend,2025-03-31,2026-01-12,SH.600588,用友网络,软件服务,0.019459185549688233,0.0,1.0,11.0,0.7059913695207813,0.32432432432432434,0.10027472527472514,0.0,0
strong_market_effective_participation_v1,baseline_2y_1y_5fold,5,2025-04-01,2026-03-31,mixed_or_unresolved_context,strong_up,mostly_above_trend,2025-03-31,2026-01-12,SH.601088,中国神华,煤炭开采,0.0,0.019790703216191217,0.0,36.0,0.36848512377924136,0.9189189189189189,-0.013898704358068392,-0.000275065133040115,1
strong_market_effective_participation_v1,baseline_2y_1y_5fold,5,2025-04-01,2026-03-31,mixed_or_unresolved_context,strong_up,mostly_above_trend,2025-03-31,2026-01-12,SH.601211,国泰海通,证券,0.0,0.019790703216191217,0.0,,0.11092436974789917,0.0,0.0,0.0,1
strong_market_effective_participation_v1,baseline_2y_1y_5fold,5,2025-04-01,2026-03-31,mixed_or_unresolved_context,strong_up,mostly_above_trend,2025-03-31,2026-01-12,SH.601318,中国平安,保险,0.05246974791617936,0.053363652152138,1.0,14.0,0.6416216216216216,0.6216216216216216,-0.021014492753623215,-0.0011214100814579738,1
strong_market_effective_participation_v1,baseline_2y_1y_5fold,5,2025-04-01,2026-03-31,mixed_or_unresolved_context,strong_up,mostly_above_trend,2025-03-31,2026-01-12,SH.601360,三六零,互联网,0.019459185549688233,0.019790703216191217,1.0,5.0,0.7672496025437201,0.18918918918918914,0.09967051070840194,0.001972549496836191,1
strong_market_effective_participation_v1,baseline_2y_1y_5fold,5,2025-04-01,2026-03-31,mixed_or_unresolved_context,strong_up,mostly_above_trend,2025-03-31,2026-01-12,SH.601600,中国铝业,铝,0.019459185549688233,0.019790703216191217,1.0,1.0,0.8908335225982283,0.1351351351351351,-0.014234875444839923,-0.0002817181952482748,1
strong_market_effective_participation_v1,baseline_2y_1y_5fold,5,2025-04-01,2026-03-31,mixed_or_unresolved_context,strong_up,mostly_above_trend,2025-03-31,2026-01-12,SH.601601,中国太保,保险,0.019459185549688233,0.019790703216191217,1.0,10.0,0.729561662502839,0.4864864864864865,-0.02408602150537631,-0.00047667930327170173,1
strong_market_effective_participation_v1,baseline_2y_1y_5fold,5,2025-04-01,2026-03-31,mixed_or_unresolved_context,strong_up,mostly_above_trend,2025-03-31,2026-01-12,SH.601857,中国石油,石油开采,0.0,0.019790703216191217,0.0,,0.11092436974789917,0.0,-0.0010131712259371373,-2.0051371039706502e-05,1
strong_market_effective_participation_v1,baseline_2y_1y_5fold,5,2025-04-01,2026-03-31,mixed_or_unresolved_context,strong_up,mostly_above_trend,2025-03-31,2026-01-12,SH.601899,紫金矿业,铜,0.03966229576294105,0.04033800501633743,1.0,6.0,0.7630660913013855,0.43243243243243246,0.0010746910263299547,4.3350892011110535e-05,1
strong_market_effective_participation_v1,baseline_2y_1y_5fold,5,2025-04-01,2026-03-31,mixed_or_unresolved_context,strong_up,mostly_above_trend,2025-03-31,2026-01-12,SH.603799,华友钴业,小金属,0.019459185549688233,0.019790703216191217,1.0,12.0,0.6953395412218941,0.2432432432432432,-0.014219881500987519,-0.00028142145455545167,1
strong_market_effective_participation_v1,baseline_2y_1y_5fold,5,2025-04-01,2026-03-31,mixed_or_unresolved_context,strong_up,mostly_above_trend,2025-03-31,2026-01-12,SH.603986,兆易创新,半导体,0.019459185549688233,0.019790703216191217,1.0,4.0,0.7789280036338859,0.05405405405405406,0.047110577884422966,0.0009323514652538764,1
strong_market_effective_participation_v1,baseline_2y_1y_5fold,5,2025-04-01,2026-03-31,mixed_or_unresolved_context,strong_up,mostly_above_trend,2025-03-31,2026-01-12,SH.603993,洛阳钼业,小金属,0.019459185549688233,0.019790703216191217,1.0,2.0,0.8809084714967068,0.4054054054054054,-0.003950834064969211,-7.818978443622398e-05,1
strong_market_effective_participation_v1,baseline_2y_1y_5fold,5,2025-04-01,2026-03-31,mixed_or_unresolved_context,strong_up,mostly_above_trend,2025-03-31,2026-01-12,SH.688012,DR中微公,半导体,0.0,0.019790703216191217,0.0,,0.11092436974789917,0.0,0.04755257217535935,0.0009410988430890493,1
strong_market_effective_participation_v1,baseline_2y_1y_5fold,5,2025-04-01,2026-03-31,mixed_or_unresolved_context,strong_up,mostly_above_trend,2025-03-31,2026-01-12,SH.688041,海光信息,半导体,0.0,0.019790703216191217,0.0,,0.11092436974789917,0.0,-0.0020279862096937995,-4.0135273202578515e-05,1
strong_market_effective_participation_v1,baseline_2y_1y_5fold,5,2025-04-01,2026-03-31,mixed_or_unresolved_context,strong_up,mostly_above_trend,2025-03-31,2026-01-12,SH.688111,金山办公,软件服务,0.019459185549688233,0.019790703216191217,1.0,3.0,0.8324596865773335,0.21621621621621623,0.11270863836017564,0.002230583211687261,1
strong_market_effective_participation_v1,baseline_2y_1y_5fold,5,2025-04-01,2026-03-31,mixed_or_unresolved_context,strong_up,mostly_above_trend,2025-03-31,2026-01-12,SH.688256,寒武纪,半导体,0.019935351820089105,0.020274981723891417,1.0,20.0,0.5929775153304565,0.3783783783783784,0.012736418511066327,0.0002582306525397021,1
strong_market_effective_participation_v1,baseline_2y_1y_5fold,5,2025-04-01,2026-03-31,mixed_or_unresolved_context,strong_up,mostly_above_trend,2025-03-31,2026-01-12,SZ.000066,中国长城,IT设备,0.042,0.0,1.0,33.0,0.4098432886668181,0.45945945945945943,0.09993381866313711,0.0,0
strong_market_effective_participation_v1,baseline_2y_1y_5fold,5,2025-04-01,2026-03-31,mixed_or_unresolved_context,strong_up,mostly_above_trend,2025-03-31,2026-01-12,SZ.000100,TCL科技,元器件,0.0,0.019790703216191217,0.0,,0.11092436974789917,0.0,0.0021008403361344463,4.1577107597040224e-05,1
strong_market_effective_participation_v1,baseline_2y_1y_5fold,5,2025-04-01,2026-03-31,mixed_or_unresolved_context,strong_up,mostly_above_trend,2025-03-31,2026-01-12,SZ.000338,潍柴动力,汽车配件,0.0,0.019790703216191217,0.0,,0.11092436974789917,0.0,0.0272628135223556,0.0005395502512593043,1
strong_market_effective_participation_v1,baseline_2y_1y_5fold,5,2025-04-01,2026-03-31,mixed_or_unresolved_context,strong_up,mostly_above_trend,2025-03-31,2026-01-12,SZ.002050,三花智控,家用电器,0.019459185549688233,0.019790703216191217,1.0,8.0,0.7540722234839882,0.08108108108108103,-0.0024501225061251963,-4.848964736203441e-05,1
strong_market_effective_participation_v1,baseline_2y_1y_5fold,5,2025-04-01,2026-03-31,mixed_or_unresolved_context,strong_up,mostly_above_trend,2025-03-31,2026-01-12,SZ.002230,科大讯飞,软件服务,0.019459185549688233,0.019790703216191217,1.0,7.0,0.75479445832387,0.5135135135135135,0.07194244604316546,0.001423791598287138,1
strong_market_effective_participation_v1,baseline_2y_1y_5fold,5,2025-04-01,2026-03-31,mixed_or_unresolved_context,strong_up,mostly_above_trend,2025-03-31,2026-01-12,SZ.002261,拓维信息,软件服务,0.042,0.07,1.0,24.0,0.520654099477629,0.29729729729729726,0.05071225071225083,0.0035498575498575584,1
strong_market_effective_participation_v1,baseline_2y_1y_5fold,5,2025-04-01,2026-03-31,mixed_or_unresolved_context,strong_up,mostly_above_trend,2025-03-31,2026-01-12,SZ.002281,光迅科技,通信设备,0.042,0.07,1.0,28.0,0.4795730183965478,0.2702702702702703,0.043357805790275705,0.0030350464053193,1
strong_market_effective_participation_v1,baseline_2y_1y_5fold,5,2025-04-01,2026-03-31,mixed_or_unresolved_context,strong_up,mostly_above_trend,2025-03-31,2026-01-12,SZ.002600,领益智造,元器件,0.019459185549688233,0.019790703216191217,1.0,15.0,0.6407585736997502,0.10810810810810811,0.10024009603841533,0.0019838219910587825,1
strong_market_effective_participation_v1,baseline_2y_1y_5fold,5,2025-04-01,2026-03-31,mixed_or_unresolved_context,strong_up,mostly_above_trend,2025-03-31,2026-01-12,SZ.002625,光启技术,航空,0.019459185549688233,0.019790703216191217,1.0,19.0,0.5948035430388372,0.3513513513513513,0.03898213318895527,0.0007714838286766515,1
strong_market_effective_participation_v1,baseline_2y_1y_5fold,5,2025-04-01,2026-03-31,mixed_or_unresolved_context,strong_up,mostly_above_trend,2025-03-31,2026-01-12,SZ.300033,同花顺,软件服务,0.019459185549688233,0.0,1.0,9.0,0.7335453100158981,0.0,0.10621484814398197,0.0,0
strong_market_effective_participation_v1,baseline_2y_1y_5fold,5,2025-04-01,2026-03-31,mixed_or_unresolved_context,strong_up,mostly_above_trend,2025-03-31,2026-01-12,SZ.300115,长盈精密,元器件,0.042,0.0,1.0,32.0,0.4190324778560073,0.027027027027026973,0.021807553956834758,0.0,0
strong_market_effective_participation_v1,baseline_2y_1y_5fold,5,2025-04-01,2026-03-31,mixed_or_unresolved_context,strong_up,mostly_above_trend,2025-03-31,2026-01-12,SZ.300251,光线传媒,影视音像,0.019459185549688233,0.0,1.0,21.0,0.5877946854417442,0.7027027027027026,0.08030040439052577,0.0,0
strong_market_effective_participation_v1,baseline_2y_1y_5fold,5,2025-04-01,2026-03-31,mixed_or_unresolved_context,strong_up,mostly_above_trend,2025-03-31,2026-01-12,SZ.300308,中际旭创,通信设备,0.04712645015609047,0.0,1.0,18.0,0.5980195321371792,0.16216216216216217,0.015037722908093354,0.0,0
strong_market_effective_participation_v1,baseline_2y_1y_5fold,5,2025-04-01,2026-03-31,mixed_or_unresolved_context,strong_up,mostly_above_trend,2025-03-31,2026-01-13,SH.600050,中国联通,电信运营,0.019550966176828513,0.0,1.0,28.0,0.4122478991596638,0.96875,-0.021857923497267784,-0.0,0
strong_market_effective_participation_v1,baseline_2y_1y_5fold,5,2025-04-01,2026-03-31,mixed_or_unresolved_context,strong_up,mostly_above_trend,2025-03-31,2026-01-13,SH.600126,杭钢股份,普钢,0.0,0.042,0.0,,0.12100840336134454,0.0,-0.035869565217391264,-0.001506521739130433,1
strong_market_effective_participation_v1,baseline_2y_1y_5fold,5,2025-04-01,2026-03-31,mixed_or_unresolved_context,strong_up,mostly_above_trend,2025-03-31,2026-01-13,SH.600150,中国船舶,船舶,0.019550966176828513,0.0,1.0,20.0,0.5273739495798319,0.84375,-0.00802434975096844,-0.0,0
strong_market_effective_participation_v1,baseline_2y_1y_5fold,5,2025-04-01,2026-03-31,mixed_or_unresolved_context,strong_up,mostly_above_trend,2025-03-31,2026-01-13,SH.600309,万华化学,化工原料,0.0,0.019459185549688233,0.0,,0.12100840336134454,0.0,0.007934476580496508,0.00015439845201953734,1
strong_market_effective_participation_v1,baseline_2y_1y_5fold,5,2025-04-01,2026-03-31,mixed_or_unresolved_context,strong_up,mostly_above_trend,2025-03-31,2026-01-13,SH.600570,恒生电子,软件服务,0.019550966176828513,0.019459185549688233,1.0,5.0,0.7633508403361344,0.75,-0.015858767205266355,-0.0003085986936365887,1
strong_market_effective_participation_v1,baseline_2y_1y_5fold,5,2025-04-01,2026-03-31,mixed_or_unresolved_context,strong_up,mostly_above_trend,2025-03-31,2026-01-13,SH.600580,卧龙电驱,电气设备,0.02625,0.0,1.0,30.0,0.3878834033613445,0.0625,-0.03557474809788208,-0.0,0
strong_market_effective_participation_v1,baseline_2y_1y_5fold,5,2025-04-01,2026-03-31,mixed_or_unresolved_context,strong_up,mostly_above_trend,2025-03-31,2026-01-13,SH.600584,长电科技,半导体,0.019550966176828513,0.019459185549688233,1.0,6.0,0.7214968487394958,0.53125,-0.03388278388278376,-0.0006593313785150752,1
strong_market_effective_participation_v1,baseline_2y_1y_5fold,5,2025-04-01,2026-03-31,mixed_or_unresolved_context,strong_up,mostly_above_trend,2025-03-31,2026-01-13,SH.600588,用友网络,软件服务,0.0,0.019459185549688233,0.0,,0.12100840336134454,0.0,0.07865168539325862,0.0015304977398631233,1
strong_market_effective_participation_v1,baseline_2y_1y_5fold,5,2025-04-01,2026-03-31,mixed_or_unresolved_context,strong_up,mostly_above_trend,2025-03-31,2026-01-13,SH.601318,中国平安,保险,0.0,0.05246974791617936,0.0,,0.12100840336134454,0.0,0.009622501850481191,0.0005048902464177175,1
strong_market_effective_participation_v1,baseline_2y_1y_5fold,5,2025-04-01,2026-03-31,mixed_or_unresolved_context,strong_up,mostly_above_trend,2025-03-31,2026-01-13,SH.601336,新华保险,保险,0.019550966176828513,0.0,1.0,4.0,0.8527888655462185,0.34375,0.04259305520859358,0.0,0
strong_market_effective_participation_v1,baseline_2y_1y_5fold,5,2025-04-01,2026-03-31,mixed_or_unresolved_context,strong_up,mostly_above_trend,2025-03-31,2026-01-13,SH.601360,三六零,互联网,0.019550966176828513,0.019459185549688233,1.0,2.0,0.8952048319327731,0.125,-0.014232209737827684,-0.0002769472100704686,1
strong_market_effective_participation_v1,baseline_2y_1y_5fold,5,2025-04-01,2026-03-31,mixed_or_unresolved_context,strong_up,mostly_above_trend,2025-03-31,2026-01-13,SH.601600,中国铝业,铝,0.0,0.019459185549688233,0.0,,0.12100840336134454,0.0,0.008664259927797957,0.0001685994415857488,1
strong_market_effective_participation_v1,baseline_2y_1y_5fold,5,2025-04-01,2026-03-31,mixed_or_unresolved_context,strong_up,mostly_above_trend,2025-03-31,2026-01-13,SH.601601,中国太保,保险,0.0,0.019459185549688233,0.0,,0.12100840336134454,0.0,0.011679153812252041,0.00022726682109596116,1
strong_market_effective_participation_v1,baseline_2y_1y_5fold,5,2025-04-01,2026-03-31,mixed_or_unresolved_context,strong_up,mostly_above_trend,2025-03-31,2026-01-13,SH.601727,上海电气,电气设备,0.02625,0.0,1.0,32.0,0.2653834033613445,0.8125,-0.034810126582278444,-0.0,0
strong_market_effective_participation_v1,baseline_2y_1y_5fold,5,2025-04-01,2026-03-31,mixed_or_unresolved_context,strong_up,mostly_above_trend,2025-03-31,2026-01-13,SH.601857,中国石油,石油开采,0.019550966176828513,0.0,1.0,11.0,0.6785819327731091,0.90625,0.022312373225152227,0.0,0
strong_market_effective_participation_v1,baseline_2y_1y_5fold,5,2025-04-01,2026-03-31,mixed_or_unresolved_context,strong_up,mostly_above_trend,2025-03-31,2026-01-13,SH.601899,紫金矿业,铜,0.03984936579059718,0.03966229576294105,1.0,3.0,0.8793749999999999,0.375,0.02630166398282352,0.0010431843759442405,1
strong_market_effective_participation_v1,baseline_2y_1y_5fold,5,2025-04-01,2026-03-31,mixed_or_unresolved_context,strong_up,mostly_above_trend,2025-03-31,2026-01-13,SH.603259,XD药明康,化学制药,0.019550966176828513,0.0,1.0,8.0,0.698686974789916,0.71875,0.059991892987433904,0.0,0
strong_market_effective_participation_v1,baseline_2y_1y_5fold,5,2025-04-01,2026-03-31,mixed_or_unresolved_context,strong_up,mostly_above_trend,2025-03-31,2026-01-13,SH.603501,豪威集团,半导体,0.019550966176828513,0.0,1.0,25.0,0.4741859243697479,0.9375,-0.03871209284912025,-0.0,0
strong_market_effective_participation_v1,baseline_2y_1y_5fold,5,2025-04-01,2026-03-31,mixed_or_unresolved_context,strong_up,mostly_above_trend,2025-03-31,2026-01-13,SH.603799,华友钴业,小金属,0.0,0.019459185549688233,0.0,,0.12100840336134454,0.0,0.003606250834780278,7.017470413270751e-05,1
strong_market_effective_participation_v1,baseline_2y_1y_5fold,5,2025-04-01,2026-03-31,mixed_or_unresolved_context,strong_up,mostly_above_trend,2025-03-31,2026-01-13,SH.603893,瑞芯微,半导体,0.019550966176828513,0.0,1.0,26.0,0.4426838235294117,0.5,-0.055837563451776484,-0.0,0
strong_market_effective_participation_v1,baseline_2y_1y_5fold,5,2025-04-01,2026-03-31,mixed_or_unresolved_context,strong_up,mostly_above_trend,2025-03-31,2026-01-13,SH.603986,兆易创新,半导体,0.0,0.019459185549688233,0.0,,0.12100840336134454,0.0,0.0063781843180690245,0.00012411427211541685,1
strong_market_effective_participation_v1,baseline_2y_1y_5fold,5,2025-04-01,2026-03-31,mixed_or_unresolved_context,strong_up,mostly_above_trend,2025-03-31,2026-01-13,SH.603993,洛阳钼业,小金属,0.0,0.019459185549688233,0.0,,0.12100840336134454,0.0,0.004847950639047971,9.433717102096412e-05,1
strong_market_effective_participation_v1,baseline_2y_1y_5fold,5,2025-04-01,2026-03-31,mixed_or_unresolved_context,strong_up,mostly_above_trend,2025-03-31,2026-01-13,SH.688041,海光信息,半导体,0.019550966176828513,0.0,1.0,14.0,0.6505409663865546,0.3125,-0.04259296890875863,-0.0,0
strong_market_effective_participation_v1,baseline_2y_1y_5fold,5,2025-04-01,2026-03-31,mixed_or_unresolved_context,strong_up,mostly_above_trend,2025-03-31,2026-01-13,SH.688111,金山办公,软件服务,0.019550966176828513,0.019459185549688233,1.0,1.0,0.8959768907563025,0.1875,-0.02157951525040125,-0.00041991979132988485,1
strong_market_effective_participation_v1,baseline_2y_1y_5fold,5,2025-04-01,2026-03-31,mixed_or_unresolved_context,strong_up,mostly_above_trend,2025-03-31,2026-01-13,SH.688256,寒武纪,半导体,0.020029378319175506,0.019935351820089105,1.0,15.0,0.6137289915966387,0.21875,-0.06748389062179228,-0.0013453151017338407,1
strong_market_effective_participation_v1,baseline_2y_1y_5fold,5,2025-04-01,2026-03-31,mixed_or_unresolved_context,strong_up,mostly_above_trend,2025-03-31,2026-01-13,SH.688981,中芯国际,半导体,0.019550966176828513,0.0,1.0,19.0,0.5530829831932772,0.4375,-0.031568228105906315,-0.0,0
strong_market_effective_participation_v1,baseline_2y_1y_5fold,5,2025-04-01,2026-03-31,mixed_or_unresolved_context,strong_up,mostly_above_trend,2025-03-31,2026-01-13,SZ.000066,中国长城,IT设备,0.0,0.042,0.0,,0.12100840336134454,0.0,-0.028880866425992857,-0.0012129963898917001,1
strong_market_effective_participation_v1,baseline_2y_1y_5fold,5,2025-04-01,2026-03-31,mixed_or_unresolved_context,strong_up,mostly_above_trend,2025-03-31,2026-01-13,SZ.000100,TCL科技,元器件,0.019550966176828513,0.0,1.0,16.0,0.5885399159663866,0.46875,-0.002096436058700135,-0.0,0
strong_market_effective_participation_v1,baseline_2y_1y_5fold,5,2025-04-01,2026-03-31,mixed_or_unresolved_context,strong_up,mostly_above_trend,2025-03-31,2026-01-13,SZ.000338,潍柴动力,汽车配件,0.019550966176828513,0.0,1.0,7.0,0.7066439075630253,0.875,0.00849256900212314,0.0,0
strong_market_effective_participation_v1,baseline_2y_1y_5fold,5,2025-04-01,2026-03-31,mixed_or_unresolved_context,strong_up,mostly_above_trend,2025-03-31,2026-01-13,SZ.000977,浪潮信息,IT设备,0.019550966176828513,0.0,1.0,17.0,0.58780987394958,0.65625,-0.04394517450897273,-0.0,0
strong_market_effective_participation_v1,baseline_2y_1y_5fold,5,2025-04-01,2026-03-31,mixed_or_unresolved_context,strong_up,mostly_above_trend,2025-03-31,2026-01-13,SZ.000988,华工科技,专用机械,0.02625,0.0,1.0,31.0,0.27225840336134455,0.28125,-0.05121517486662708,-0.0,0
strong_market_effective_participation_v1,baseline_2y_1y_5fold,5,2025-04-01,2026-03-31,mixed_or_unresolved_context,strong_up,mostly_above_trend,2025-03-31,2026-01-13,SZ.002050,三花智控,家用电器,0.0,0.019459185549688233,0.0,,0.12100840336134454,0.0,0.002631578947368318,5.120838302549335e-05,1
strong_market_effective_participation_v1,baseline_2y_1y_5fold,5,2025-04-01,2026-03-31,mixed_or_unresolved_context,strong_up,mostly_above_trend,2025-03-31,2026-01-13,SZ.002065,东华软件,软件服务,0.02625,0.0,1.0,27.0,0.4266334033613446,0.6875,-0.018339768339768248,-0.0,0
strong_market_effective_participation_v1,baseline_2y_1y_5fold,5,2025-04-01,2026-03-31,mixed_or_unresolved_context,strong_up,mostly_above_trend,2025-03-31,2026-01-13,SZ.002156,通富微电,半导体,0.02625,0.0,1.0,23.0,0.4841334033613445,0.5625,-0.04590629436819682,-0.0,0
strong_market_effective_participation_v1,baseline_2y_1y_5fold,5,2025-04-01,2026-03-31,mixed_or_unresolved_context,strong_up,mostly_above_trend,2025-03-31,2026-01-13,SZ.002230,科大讯飞,软件服务,0.0,0.019459185549688233,0.0,,0.12100840336134454,0.0,0.021644295302013505,0.0004211803583741261,1
strong_market_effective_participation_v1,baseline_2y_1y_5fold,5,2025-04-01,2026-03-31,mixed_or_unresolved_context,strong_up,mostly_above_trend,2025-03-31,2026-01-13,SZ.002261,拓维信息,软件服务,0.02625,0.042,1.0,24.0,0.48038340336134455,0.15625,-0.06290672451193058,-0.0026420824295010845,1
strong_market_effective_participation_v1,baseline_2y_1y_5fold,5,2025-04-01,2026-03-31,mixed_or_unresolved_context,strong_up,mostly_above_trend,2025-03-31,2026-01-13,SZ.002281,光迅科技,通信设备,0.02625,0.042,1.0,29.0,0.40413340336134457,0.09375,-0.06917153478491755,-0.0029052044609665373,1
strong_market_effective_participation_v1,baseline_2y_1y_5fold,5,2025-04-01,2026-03-31,mixed_or_unresolved_context,strong_up,mostly_above_trend,2025-03-31,2026-01-13,SZ.002371,北方华创,半导体,0.019550966176828513,0.0,1.0,9.0,0.6917699579831932,0.59375,-0.023214107801135975,-0.0,0
strong_market_effective_participation_v1,baseline_2y_1y_5fold,5,2025-04-01,2026-03-31,mixed_or_unresolved_context,strong_up,mostly_above_trend,2025-03-31,2026-01-13,SZ.002600,领益智造,元器件,0.019550966176828513,0.019459185549688233,1.0,13.0,0.6577678571428571,0.03125,-0.07801418439716312,-0.0015180924896919898,1
strong_market_effective_participation_v1,baseline_2y_1y_5fold,5,2025-04-01,2026-03-31,mixed_or_unresolved_context,strong_up,mostly_above_trend,2025-03-31,2026-01-13,SZ.002625,光启技术,航空,0.019550966176828513,0.019459185549688233,1.0,18.0,0.5840808823529412,0.25,-0.0585374326906376,-0.0011390907643295028,1
strong_market_effective_participation_v1,baseline_2y_1y_5fold,5,2025-04-01,2026-03-31,mixed_or_unresolved_context,strong_up,mostly_above_trend,2025-03-31,2026-01-13,SZ.300033,同花顺,软件服务,0.0,0.019459185549688233,0.0,,0.12100840336134454,0.0,-0.00015252815415511822,-2.968073653255896e-06,1
strong_market_effective_participation_v1,baseline_2y_1y_5fold,5,2025-04-01,2026-03-31,mixed_or_unresolved_context,strong_up,mostly_above_trend,2025-03-31,2026-01-13,SZ.300115,长盈精密,元器件,0.02625,0.042,1.0,21.0,0.5235084033613445,0.0,-0.045544554455445585,-0.0019128712871287147,1
strong_market_effective_participation_v1,baseline_2y_1y_5fold,5,2025-04-01,2026-03-31,mixed_or_unresolved_context,strong_up,mostly_above_trend,2025-03-31,2026-01-13,SZ.300124,汇川技术,电器仪表,0.019550966176828513,0.0,1.0,22.0,0.5186029411764707,0.78125,-0.031168831168831068,-0.0,0
strong_market_effective_participation_v1,baseline_2y_1y_5fold,5,2025-04-01,2026-03-31,mixed_or_unresolved_context,strong_up,mostly_above_trend,2025-03-31,2026-01-13,SZ.300251,光线传媒,影视音像,0.019550966176828513,0.019459185549688233,1.0,12.0,0.672016806722689,0.625,-0.028342245989304682,-0.000551517023600787,1
strong_market_effective_participation_v1,baseline_2y_1y_5fold,5,2025-04-01,2026-03-31,mixed_or_unresolved_context,strong_up,mostly_above_trend,2025-03-31,2026-01-13,SZ.300308,中际旭创,通信设备,0.0,0.04712645015609047,0.0,,0.12100840336134454,0.0,-0.010490396472794261,-0.000494375146492766,1
strong_market_effective_participation_v1,baseline_2y_1y_5fold,5,2025-04-01,2026-03-31,mixed_or_unresolved_context,strong_up,mostly_above_trend,2025-03-31,2026-01-13,SZ.301236,软通动力,软件服务,0.019550966176828513,0.0,1.0,10.0,0.6914128151260505,0.40625,-0.03511674940246379,-0.0,0
strong_market_effective_participation_v1,baseline_2y_1y_5fold,5,2025-04-01,2026-03-31,mixed_or_unresolved_context,strong_up,mostly_above_trend,2025-03-31,2026-01-14,SH.600050,中国联通,电信运营,0.0,0.019550966176828513,0.0,,0.13109243697478992,0.0,-0.005586592178770999,-0.00010922327473088651,1
strong_market_effective_participation_v1,baseline_2y_1y_5fold,5,2025-04-01,2026-03-31,mixed_or_unresolved_context,strong_up,mostly_above_trend,2025-03-31,2026-01-14,SH.600150,中国船舶,船舶,0.0,0.019550966176828513,0.0,,0.13109243697478992,0.0,-0.0033472803347281976,-6.544256460863422e-05,1
strong_market_effective_participation_v1,baseline_2y_1y_5fold,5,2025-04-01,2026-03-31,mixed_or_unresolved_context,strong_up,mostly_above_trend,2025-03-31,2026-01-14,SH.600570,恒生电子,软件服务,0.0,0.019550966176828513,0.0,,0.13109243697478992,0.0,0.06810580723624216,0.001331534333721373,1
strong_market_effective_participation_v1,baseline_2y_1y_5fold,5,2025-04-01,2026-03-31,mixed_or_unresolved_context,strong_up,mostly_above_trend,2025-03-31,2026-01-14,SH.600580,卧龙电驱,电气设备,0.0,0.02625,0.0,,0.13109243697478992,0.0,-0.016417910447761086,-0.0004309701492537285,1
strong_market_effective_participation_v1,baseline_2y_1y_5fold,5,2025-04-01,2026-03-31,mixed_or_unresolved_context,strong_up,mostly_above_trend,2025-03-31,2026-01-14,SH.600584,长电科技,半导体,0.0,0.019550966176828513,0.0,,0.13109243697478992,0.0,-0.005213270142180204,-0.00010192446822043514,1
strong_market_effective_participation_v1,baseline_2y_1y_5fold,5,2025-04-01,2026-03-31,mixed_or_unresolved_context,strong_up,mostly_above_trend,2025-03-31,2026-01-14,SH.600839,四川长虹,家用电器,0.03,0.0,1.0,21.0,0.4319620021921812,0.6086956521739131,0.02929292929292915,0.0,0
strong_market_effective_participation_v1,baseline_2y_1y_5fold,5,2025-04-01,2026-03-31,mixed_or_unresolved_context,strong_up,mostly_above_trend,2025-03-31,2026-01-14,SH.601088,中国神华,煤炭开采,0.02,0.0,1.0,23.0,0.38739495798319323,0.9565217391304348,-0.0038186157517898778,-0.0,0
strong_market_effective_participation_v1,baseline_2y_1y_5fold,5,2025-04-01,2026-03-31,mixed_or_unresolved_context,strong_up,mostly_above_trend,2025-03-31,2026-01-14,SH.601100,恒立液压,工程机械,0.02,0.0,1.0,11.0,0.5862696382900986,0.6521739130434783,-0.05062764984620505,-0.0,0
strong_market_effective_participation_v1,baseline_2y_1y_5fold,5,2025-04-01,2026-03-31,mixed_or_unresolved_context,strong_up,mostly_above_trend,2025-03-31,2026-01-14,SH.601211,国泰海通,证券,0.02,0.0,1.0,19.0,0.46704420898794297,0.8260869565217391,-0.01936702881435992,-0.0,0
strong_market_effective_participation_v1,baseline_2y_1y_5fold,5,2025-04-01,2026-03-31,mixed_or_unresolved_context,strong_up,mostly_above_trend,2025-03-31,2026-01-14,SH.601336,新华保险,保险,0.0,0.019550966176828513,0.0,,0.13109243697478992,0.0,-0.008026835988978132,-0.0001569323989274613,1
strong_market_effective_participation_v1,baseline_2y_1y_5fold,5,2025-04-01,2026-03-31,mixed_or_unresolved_context,strong_up,mostly_above_trend,2025-03-31,2026-01-14,SH.601360,三六零,互联网,0.02,0.019550966176828513,1.0,2.0,0.8568797953964195,0.3913043478260869,0.033434650455927084,0.0006536797201979144,1
strong_market_effective_participation_v1,baseline_2y_1y_5fold,5,2025-04-01,2026-03-31,mixed_or_unresolved_context,strong_up,mostly_above_trend,2025-03-31,2026-01-14,SH.601600,中国铝业,铝,0.02,0.0,1.0,1.0,0.9059188892948484,0.34782608695652173,-0.024337866857551904,-0.0,0
strong_market_effective_participation_v1,baseline_2y_1y_5fold,5,2025-04-01,2026-03-31,mixed_or_unresolved_context,strong_up,mostly_above_trend,2025-03-31,2026-01-14,SH.601601,中国太保,保险,0.02,0.0,1.0,6.0,0.7177420533430763,0.6956521739130435,-0.013504683075582724,-0.0,0
strong_market_effective_participation_v1,baseline_2y_1y_5fold,5,2025-04-01,2026-03-31,mixed_or_unresolved_context,strong_up,mostly_above_trend,2025-03-31,2026-01-14,SH.601689,拓普集团,汽车配件,0.02,0.0,1.0,17.0,0.514877603215199,0.7391304347826086,-0.02011416145691769,-0.0,0
strong_market_effective_participation_v1,baseline_2y_1y_5fold,5,2025-04-01,2026-03-31,mixed_or_unresolved_context,strong_up,mostly_above_trend,2025-03-31,2026-01-14,SH.601727,上海电气,电气设备,0.0,0.02625,0.0,,0.13109243697478992,0.0,0.013114754098360493,0.0003442622950819629,1
strong_market_effective_participation_v1,baseline_2y_1y_5fold,5,2025-04-01,2026-03-31,mixed_or_unresolved_context,strong_up,mostly_above_trend,2025-03-31,2026-01-14,SH.601857,中国石油,石油开采,0.02,0.019550966176828513,1.0,12.0,0.5806138107416879,0.8695652173913043,-0.022817460317460347,-0.000446103394907794,1
strong_market_effective_participation_v1,baseline_2y_1y_5fold,5,2025-04-01,2026-03-31,mixed_or_unresolved_context,strong_up,mostly_above_trend,2025-03-31,2026-01-14,SH.601899,紫金矿业,铜,0.0,0.03984936579059718,0.0,,0.13109243697478992,0.0,0.0067991631799162455,0.0002709423406264424,1
strong_market_effective_participation_v1,baseline_2y_1y_5fold,5,2025-04-01,2026-03-31,mixed_or_unresolved_context,strong_up,mostly_above_trend,2025-03-31,2026-01-14,SH.603259,XD药明康,化学制药,0.0,0.019550966176828513,0.0,,0.13109243697478992,0.0,-0.01147227533460804,-0.00022429406703818578,1
strong_market_effective_participation_v1,baseline_2y_1y_5fold,5,2025-04-01,2026-03-31,mixed_or_unresolved_context,strong_up,mostly_above_trend,2025-03-31,2026-01-14,SH.603501,豪威集团,半导体,0.0,0.019550966176828513,0.0,,0.13109243697478992,0.0,-0.0052188814457079236,-0.00010203417462591351,1
strong_market_effective_participation_v1,baseline_2y_1y_5fold,5,2025-04-01,2026-03-31,mixed_or_unresolved_context,strong_up,mostly_above_trend,2025-03-31,2026-01-14,SH.603893,瑞芯微,半导体,0.02,0.019550966176828513,1.0,16.0,0.5430544391669712,0.782608695652174,0.031129032258064404,0.0006086026567948209,1
strong_market_effective_participation_v1,baseline_2y_1y_5fold,5,2025-04-01,2026-03-31,mixed_or_unresolved_context,strong_up,mostly_above_trend,2025-03-31,2026-01-14,SH.603986,兆易创新,半导体,0.02,0.0,1.0,3.0,0.7663500182681767,0.04347826086956519,-0.03984819734345346,-0.0,0
strong_market_effective_participation_v1,baseline_2y_1y_5fold,5,2025-04-01,2026-03-31,mixed_or_unresolved_context,strong_up,mostly_above_trend,2025-03-31,2026-01-14,SH.688041,海光信息,半导体,0.02,0.019550966176828513,1.0,5.0,0.7201753744976251,0.4782608695652174,0.06762321178418307,0.0013220991263610746,1
strong_market_effective_participation_v1,baseline_2y_1y_5fold,5,2025-04-01,2026-03-31,mixed_or_unresolved_context,strong_up,mostly_above_trend,2025-03-31,2026-01-14,SH.688111,金山办公,软件服务,0.0,0.019550966176828513,0.0,,0.13109243697478992,0.0,-0.010032545254041292,-0.0001961459529292627,1
strong_market_effective_participation_v1,baseline_2y_1y_5fold,5,2025-04-01,2026-03-31,mixed_or_unresolved_context,strong_up,mostly_above_trend,2025-03-31,2026-01-14,SH.688256,寒武纪,半导体,0.0204894,0.020029378319175506,1.0,9.0,0.6069565217391304,0.5217391304347826,0.022036943661271735,0.0004413862815899682,1
strong_market_effective_participation_v1,baseline_2y_1y_5fold,5,2025-04-01,2026-03-31,mixed_or_unresolved_context,strong_up,mostly_above_trend,2025-03-31,2026-01-14,SH.688521,芯原股份,半导体,0.03,0.0,1.0,8.0,0.6258750456704422,0.17391304347826086,0.058799438333723364,0.0,0
strong_market_effective_participation_v1,baseline_2y_1y_5fold,5,2025-04-01,2026-03-31,mixed_or_unresolved_context,strong_up,mostly_above_trend,2025-03-31,2026-01-14,SH.688981,中芯国际,半导体,0.0,0.019550966176828513,0.0,,0.13109243697478992,0.0,0.006956240394726088,0.00013600122067517796,1
strong_market_effective_participation_v1,baseline_2y_1y_5fold,5,2025-04-01,2026-03-31,mixed_or_unresolved_context,strong_up,mostly_above_trend,2025-03-31,2026-01-14,SZ.000100,TCL科技,元器件,0.0,0.019550966176828513,0.0,,0.13109243697478992,0.0,0.04201680672268915,0.0008214691670936365,1
strong_market_effective_participation_v1,baseline_2y_1y_5fold,5,2025-04-01,2026-03-31,mixed_or_unresolved_context,strong_up,mostly_above_trend,2025-03-31,2026-01-14,SZ.000338,潍柴动力,汽车配件,0.02,0.019550966176828513,1.0,4.0,0.764355133357691,0.9130434782608696,0.020526315789473726,0.0004013093057349019,1
strong_market_effective_participation_v1,baseline_2y_1y_5fold,5,2025-04-01,2026-03-31,mixed_or_unresolved_context,strong_up,mostly_above_trend,2025-03-31,2026-01-14,SZ.000977,浪潮信息,IT设备,0.0,0.019550966176828513,0.0,,0.13109243697478992,0.0,0.027933786579958708,0.000546132516615519,1
strong_market_effective_participation_v1,baseline_2y_1y_5fold,5,2025-04-01,2026-03-31,mixed_or_unresolved_context,strong_up,mostly_above_trend,2025-03-31,2026-01-14,SZ.000988,华工科技,专用机械,0.03,0.02625,1.0,22.0,0.38761417610522475,0.5652173913043479,0.02823941022116716,0.0007412845183056379,1
strong_market_effective_participation_v1,baseline_2y_1y_5fold,5,2025-04-01,2026-03-31,mixed_or_unresolved_context,strong_up,mostly_above_trend,2025-03-31,2026-01-14,SZ.002050,三花智控,家用电器,0.02,0.0,1.0,7.0,0.7161782974059189,0.30434782608695654,-0.04006999125109345,-0.0,0
strong_market_effective_participation_v1,baseline_2y_1y_5fold,5,2025-04-01,2026-03-31,mixed_or_unresolved_context,strong_up,mostly_above_trend,2025-03-31,2026-01-14,SZ.002065,东华软件,软件服务,0.0,0.02625,0.0,,0.13109243697478992,0.0,0.07079646017699126,0.0018584070796460205,1
strong_market_effective_participation_v1,baseline_2y_1y_5fold,5,2025-04-01,2026-03-31,mixed_or_unresolved_context,strong_up,mostly_above_trend,2025-03-31,2026-01-14,SZ.002156,通富微电,半导体,0.0,0.02625,0.0,,0.13109243697478992,0.0,0.014880952380952328,0.0003906249999999986,1
strong_market_effective_participation_v1,baseline_2y_1y_5fold,5,2025-04-01,2026-03-31,mixed_or_unresolved_context,strong_up,mostly_above_trend,2025-03-31,2026-01-14,SZ.002261,拓维信息,软件服务,0.03,0.02625,1.0,18.0,0.5041359152356595,0.4347826086956522,0.03240740740740744,0.0008506944444444453,1
strong_market_effective_participation_v1,baseline_2y_1y_5fold,5,2025-04-01,2026-03-31,mixed_or_unresolved_context,strong_up,mostly_above_trend,2025-03-31,2026-01-14,SZ.002281,光迅科技,通信设备,0.03,0.02625,1.0,10.0,0.5945706978443551,0.0,0.09998573669947208,0.002624625588361142,1
strong_market_effective_participation_v1,baseline_2y_1y_5fold,5,2025-04-01,2026-03-31,mixed_or_unresolved_context,strong_up,mostly_above_trend,2025-03-31,2026-01-14,SZ.002371,北方华创,半导体,0.0,0.019550966176828513,0.0,,0.13109243697478992,0.0,0.006323949408404861,0.00012363932098769813,1
strong_market_effective_participation_v1,baseline_2y_1y_5fold,5,2025-04-01,2026-03-31,mixed_or_unresolved_context,strong_up,mostly_above_trend,2025-03-31,2026-01-14,SZ.002463,沪电股份,元器件,0.02,0.0,1.0,14.0,0.554702228717574,0.26086956521739135,0.06019585253456228,0.0,0
strong_market_effective_participation_v1,baseline_2y_1y_5fold,5,2025-04-01,2026-03-31,mixed_or_unresolved_context,strong_up,mostly_above_trend,2025-03-31,2026-01-14,SZ.002600,领益智造,元器件,0.02,0.019550966176828513,1.0,13.0,0.5707051516258677,0.08695652173913049,-0.03372781065088759,-0.0006594112852539798,1
strong_market_effective_participation_v1,baseline_2y_1y_5fold,5,2025-04-01,2026-03-31,mixed_or_unresolved_context,strong_up,mostly_above_trend,2025-03-31,2026-01-14,SZ.002625,光启技术,航空,0.0,0.019550966176828513,0.0,,0.13109243697478992,0.0,-0.030258302583025753,-0.0005915790503689793,1
strong_market_effective_participation_v1,baseline_2y_1y_5fold,5,2025-04-01,2026-03-31,mixed_or_unresolved_context,strong_up,mostly_above_trend,2025-03-31,2026-01-14,SZ.300115,长盈精密,元器件,0.03,0.02625,1.0,20.0,0.44761417610522475,0.13043478260869568,-0.04126325495620098,-0.0010831604426002756,1
strong_market_effective_participation_v1,baseline_2y_1y_5fold,5,2025-04-01,2026-03-31,mixed_or_unresolved_context,strong_up,mostly_above_trend,2025-03-31,2026-01-14,SZ.300124,汇川技术,电器仪表,0.0,0.019550966176828513,0.0,,0.13109243697478992,0.0,-0.004851270266819752,-9.48470209012468e-05,1
strong_market_effective_participation_v1,baseline_2y_1y_5fold,5,2025-04-01,2026-03-31,mixed_or_unresolved_context,strong_up,mostly_above_trend,2025-03-31,2026-01-14,SZ.300251,光线传媒,影视音像,0.0,0.019550966176828513,0.0,,0.13109243697478992,0.0,0.005503577325261411,0.00010760025413774618,1
strong_market_effective_participation_v1,baseline_2y_1y_5fold,5,2025-04-01,2026-03-31,mixed_or_unresolved_context,strong_up,mostly_above_trend,2025-03-31,2026-01-14,SZ.300339,润和软件,软件服务,0.03,0.0,1.0,15.0,0.5441359152356594,0.21739130434782605,0.06980961015412523,0.0,0
strong_market_effective_participation_v1,baseline_2y_1y_5fold,5,2025-04-01,2026-03-31,mixed_or_unresolved_context,strong_up,mostly_above_trend,2025-03-31,2026-01-14,SZ.301236,软通动力,软件服务,0.0,0.019550966176828513,0.0,,0.13109243697478992,0.0,0.02762957317073167,0.0005401848505411834,1
strong_market_effective_participation_v1,baseline_2y_1y_5fold,5,2025-04-01,2026-03-31,mixed_or_unresolved_context,strong_up,mostly_above_trend,2025-03-31,2026-01-15,SH.600126,杭钢股份,普钢,0.042,0.0,1.0,15.0,0.5127777777777778,0.38888888888888884,-0.03441084462982269,-0.0,0
strong_market_effective_participation_v1,baseline_2y_1y_5fold,5,2025-04-01,2026-03-31,mixed_or_unresolved_context,strong_up,mostly_above_trend,2025-03-31,2026-01-15,SH.600309,万华化学,化工原料,0.02,0.0,1.0,6.0,0.648611111111111,0.5555555555555556,0.021336760925449783,0.0,0
strong_market_effective_participation_v1,baseline_2y_1y_5fold,5,2025-04-01,2026-03-31,mixed_or_unresolved_context,strong_up,mostly_above_trend,2025-03-31,2026-01-15,SH.600584,长电科技,半导体,0.02,0.0,1.0,3.0,0.7505555555555555,0.5,0.04787994282991903,0.0,0
strong_market_effective_participation_v1,baseline_2y_1y_5fold,5,2025-04-01,2026-03-31,mixed_or_unresolved_context,strong_up,mostly_above_trend,2025-03-31,2026-01-15,SH.600839,四川长虹,家用电器,0.0,0.03,0.0,,0.135,0.0,0.05004906771344464,0.0015014720314033391,1
strong_market_effective_participation_v1,baseline_2y_1y_5fold,5,2025-04-01,2026-03-31,mixed_or_unresolved_context,strong_up,mostly_above_trend,2025-03-31,2026-01-15,SH.601088,中国神华,煤炭开采,0.0,0.02,0.0,,0.135,0.0,-0.004312410158121671,-8.624820316243343e-05,1
strong_market_effective_participation_v1,baseline_2y_1y_5fold,5,2025-04-01,2026-03-31,mixed_or_unresolved_context,strong_up,mostly_above_trend,2025-03-31,2026-01-15,SH.601100,恒立液压,工程机械,0.0,0.02,0.0,,0.135,0.0,-0.013660245183887976,-0.0002732049036777595,1
strong_market_effective_participation_v1,baseline_2y_1y_5fold,5,2025-04-01,2026-03-31,mixed_or_unresolved_context,strong_up,mostly_above_trend,2025-03-31,2026-01-15,SH.601211,国泰海通,证券,0.0,0.02,0.0,,0.135,0.0,-0.018786127167630062,-0.00037572254335260124,1
strong_market_effective_participation_v1,baseline_2y_1y_5fold,5,2025-04-01,2026-03-31,mixed_or_unresolved_context,strong_up,mostly_above_trend,2025-03-31,2026-01-15,SH.601360,三六零,互联网,0.0,0.02,0.0,,0.135,0.0,0.014705882352941346,0.0002941176470588269,1
strong_market_effective_participation_v1,baseline_2y_1y_5fold,5,2025-04-01,2026-03-31,mixed_or_unresolved_context,strong_up,mostly_above_trend,2025-03-31,2026-01-15,SH.601600,中国铝业,铝,0.0,0.02,0.0,,0.135,0.0,0.00807043286867204,0.0001614086573734408,1
strong_market_effective_participation_v1,baseline_2y_1y_5fold,5,2025-04-01,2026-03-31,mixed_or_unresolved_context,strong_up,mostly_above_trend,2025-03-31,2026-01-15,SH.601601,中国太保,保险,0.0,0.02,0.0,,0.135,0.0,-0.00816957385736361,-0.0001633914771472722,1
strong_market_effective_participation_v1,baseline_2y_1y_5fold,5,2025-04-01,2026-03-31,mixed_or_unresolved_context,strong_up,mostly_above_trend,2025-03-31,2026-01-15,SH.601689,拓普集团,汽车配件,0.0,0.02,0.0,,0.135,0.0,0.004160887656033507,8.321775312067014e-05,1
strong_market_effective_participation_v1,baseline_2y_1y_5fold,5,2025-04-01,2026-03-31,mixed_or_unresolved_context,strong_up,mostly_above_trend,2025-03-31,2026-01-15,SH.601857,中国石油,石油开采,0.02,0.02,1.0,13.0,0.5227777777777777,0.9444444444444444,0.012182741116751439,0.0002436548223350288,1
strong_market_effective_participation_v1,baseline_2y_1y_5fold,5,2025-04-01,2026-03-31,mixed_or_unresolved_context,strong_up,mostly_above_trend,2025-03-31,2026-01-15,SH.603799,华友钴业,小金属,0.02,0.0,1.0,2.0,0.8825,0.2222222222222222,0.07055961070559613,0.0,0
strong_market_effective_participation_v1,baseline_2y_1y_5fold,5,2025-04-01,2026-03-31,mixed_or_unresolved_context,strong_up,mostly_above_trend,2025-03-31,2026-01-15,SH.603893,瑞芯微,半导体,0.0,0.02,0.0,,0.135,0.0,-0.0005214036185411386,-1.0428072370822772e-05,1
strong_market_effective_participation_v1,baseline_2y_1y_5fold,5,2025-04-01,2026-03-31,mixed_or_unresolved_context,strong_up,mostly_above_trend,2025-03-31,2026-01-15,SH.603986,兆易创新,半导体,0.0,0.02,0.0,,0.135,0.0,0.007747035573122618,0.00015494071146245238,1
strong_market_effective_participation_v1,baseline_2y_1y_5fold,5,2025-04-01,2026-03-31,mixed_or_unresolved_context,strong_up,mostly_above_trend,2025-03-31,2026-01-15,SH.603993,洛阳钼业,小金属,0.02,0.0,1.0,1.0,0.9202777777777776,0.4444444444444444,0.032188841201716833,0.0,0
strong_market_effective_participation_v1,baseline_2y_1y_5fold,5,2025-04-01,2026-03-31,mixed_or_unresolved_context,strong_up,mostly_above_trend,2025-03-31,2026-01-15,SH.688041,海光信息,半导体,0.02,0.02,1.0,5.0,0.6797222222222221,0.16666666666666663,-0.005964214711729698,-0.00011928429423459397,1
strong_market_effective_participation_v1,baseline_2y_1y_5fold,5,2025-04-01,2026-03-31,mixed_or_unresolved_context,strong_up,mostly_above_trend,2025-03-31,2026-01-15,SH.688256,寒武纪,半导体,0.0,0.0204894,0.0,,0.135,0.0,-0.016760242370337353,-0.00034340731002279016,1
strong_market_effective_participation_v1,baseline_2y_1y_5fold,5,2025-04-01,2026-03-31,mixed_or_unresolved_context,strong_up,mostly_above_trend,2025-03-31,2026-01-15,SH.688521,芯原股份,半导体,0.0,0.03,0.0,,0.135,0.0,0.0026523733215448875,7.957119964634662e-05,1
strong_market_effective_participation_v1,baseline_2y_1y_5fold,5,2025-04-01,2026-03-31,mixed_or_unresolved_context,strong_up,mostly_above_trend,2025-03-31,2026-01-15,SZ.000066,中国长城,IT设备,0.042,0.0,1.0,18.0,0.405,0.2777777777777778,-0.023297491039426355,-0.0,0
strong_market_effective_participation_v1,baseline_2y_1y_5fold,5,2025-04-01,2026-03-31,mixed_or_unresolved_context,strong_up,mostly_above_trend,2025-03-31,2026-01-15,SZ.000338,潍柴动力,汽车配件,0.02,0.02,1.0,4.0,0.7408333333333333,0.8888888888888888,0.04177411036616796,0.0008354822073233592,1
strong_market_effective_participation_v1,baseline_2y_1y_5fold,5,2025-04-01,2026-03-31,mixed_or_unresolved_context,strong_up,mostly_above_trend,2025-03-31,2026-01-15,SZ.000988,华工科技,专用机械,0.0,0.03,0.0,,0.135,0.0,0.01057236602260292,0.0003171709806780876,1
strong_market_effective_participation_v1,baseline_2y_1y_5fold,5,2025-04-01,2026-03-31,mixed_or_unresolved_context,strong_up,mostly_above_trend,2025-03-31,2026-01-15,SZ.002050,三花智控,家用电器,0.0,0.02,0.0,,0.135,0.0,-0.0027434546804672166,-5.4869093609344335e-05,1
strong_market_effective_participation_v1,baseline_2y_1y_5fold,5,2025-04-01,2026-03-31,mixed_or_unresolved_context,strong_up,mostly_above_trend,2025-03-31,2026-01-15,SZ.002065,东华软件,软件服务,0.042,0.0,1.0,11.0,0.5372222222222222,0.6666666666666667,-0.03489439853076226,-0.0,0
strong_market_effective_participation_v1,baseline_2y_1y_5fold,5,2025-04-01,2026-03-31,mixed_or_unresolved_context,strong_up,mostly_above_trend,2025-03-31,2026-01-15,SZ.002156,通富微电,半导体,0.042,0.0,1.0,14.0,0.5138888888888888,0.7222222222222222,0.04105571847507328,0.0,0
strong_market_effective_participation_v1,baseline_2y_1y_5fold,5,2025-04-01,2026-03-31,mixed_or_unresolved_context,strong_up,mostly_above_trend,2025-03-31,2026-01-15,SZ.002261,拓维信息,软件服务,0.042,0.03,1.0,17.0,0.4361111111111111,0.11111111111111116,-0.010369955156950605,-0.00031109865470851813,1
strong_market_effective_participation_v1,baseline_2y_1y_5fold,5,2025-04-01,2026-03-31,mixed_or_unresolved_context,strong_up,mostly_above_trend,2025-03-31,2026-01-15,SZ.002281,光迅科技,通信设备,0.0,0.03,0.0,,0.135,0.0,0.017894190871369453,0.0005368257261410836,1
strong_market_effective_participation_v1,baseline_2y_1y_5fold,5,2025-04-01,2026-03-31,mixed_or_unresolved_context,strong_up,mostly_above_trend,2025-03-31,2026-01-15,SZ.002371,北方华创,半导体,0.02,0.0,1.0,8.0,0.6427777777777778,0.6111111111111112,0.02722481248733022,0.0,0
strong_market_effective_participation_v1,baseline_2y_1y_5fold,5,2025-04-01,2026-03-31,mixed_or_unresolved_context,strong_up,mostly_above_trend,2025-03-31,2026-01-15,SZ.002463,沪电股份,元器件,0.02,0.02,1.0,16.0,0.4777777777777777,0.0,0.028932355338223248,0.000578647106764465,1
strong_market_effective_participation_v1,baseline_2y_1y_5fold,5,2025-04-01,2026-03-31,mixed_or_unresolved_context,strong_up,mostly_above_trend,2025-03-31,2026-01-15,SZ.002600,领益智造,元器件,0.0,0.02,0.0,,0.135,0.0,-0.011635027556644029,-0.0002327005511328806,1
strong_market_effective_participation_v1,baseline_2y_1y_5fold,5,2025-04-01,2026-03-31,mixed_or_unresolved_context,strong_up,mostly_above_trend,2025-03-31,2026-01-15,SZ.300115,长盈精密,元器件,0.0,0.03,0.0,,0.135,0.0,-0.004568405866794967,-0.000137052176003849,1
strong_market_effective_participation_v1,baseline_2y_1y_5fold,5,2025-04-01,2026-03-31,mixed_or_unresolved_context,strong_up,mostly_above_trend,2025-03-31,2026-01-15,SZ.300124,汇川技术,电器仪表,0.02,0.0,1.0,10.0,0.5377777777777779,0.8333333333333334,0.0370750481077613,0.0,0
strong_market_effective_participation_v1,baseline_2y_1y_5fold,5,2025-04-01,2026-03-31,mixed_or_unresolved_context,strong_up,mostly_above_trend,2025-03-31,2026-01-15,SZ.300251,光线传媒,影视音像,0.02,0.0,1.0,12.0,0.5255555555555556,0.7777777777777778,-0.029556650246305383,-0.0,0
strong_market_effective_participation_v1,baseline_2y_1y_5fold,5,2025-04-01,2026-03-31,mixed_or_unresolved_context,strong_up,mostly_above_trend,2025-03-31,2026-01-15,SZ.300308,中际旭创,通信设备,0.048436200000000006,0.0,1.0,9.0,0.6299999999999999,0.05555555555555558,0.05399662731871846,0.0,0
strong_market_effective_participation_v1,baseline_2y_1y_5fold,5,2025-04-01,2026-03-31,mixed_or_unresolved_context,strong_up,mostly_above_trend,2025-03-31,2026-01-15,SZ.300339,润和软件,软件服务,0.0,0.03,0.0,,0.135,0.0,-0.020508474576271363,-0.0006152542372881408,1
strong_market_effective_participation_v1,baseline_2y_1y_5fold,5,2025-04-01,2026-03-31,mixed_or_unresolved_context,strong_up,mostly_above_trend,2025-03-31,2026-01-15,SZ.301236,软通动力,软件服务,0.02,0.0,1.0,7.0,0.6458333333333334,0.33333333333333337,-0.01909883181902472,-0.0,0
strong_market_effective_participation_v1,baseline_2y_1y_5fold,5,2025-04-01,2026-03-31,mixed_or_unresolved_context,strong_up,mostly_above_trend,2025-03-31,2026-01-16,SH.600126,杭钢股份,普钢,0.0,0.042,0.0,,0.12125,0.0,-0.04211663066954652,-0.001768898488120954,1
strong_market_effective_participation_v1,baseline_2y_1y_5fold,5,2025-04-01,2026-03-31,mixed_or_unresolved_context,strong_up,mostly_above_trend,2025-03-31,2026-01-16,SH.600309,万华化学,化工原料,0.01924584564674682,0.02,1.0,14.0,0.6078333333333333,0.8,-0.009312861817266538,-0.00018625723634533076,1
strong_market_effective_participation_v1,baseline_2y_1y_5fold,5,2025-04-01,2026-03-31,mixed_or_unresolved_context,strong_up,mostly_above_trend,2025-03-31,2026-01-16,SH.600418,江淮汽车,汽车整车,0.035,0.0,1.0,30.0,0.23391666666666666,0.9333333333333333,0.03464930701385982,0.0,0
strong_market_effective_participation_v1,baseline_2y_1y_5fold,5,2025-04-01,2026-03-31,mixed_or_unresolved_context,strong_up,mostly_above_trend,2025-03-31,2026-01-16,SH.600570,恒生电子,软件服务,0.01924584564674682,0.0,1.0,11.0,0.6433333333333333,0.5,-0.030373831775700855,-0.0,0
strong_market_effective_participation_v1,baseline_2y_1y_5fold,5,2025-04-01,2026-03-31,mixed_or_unresolved_context,strong_up,mostly_above_trend,2025-03-31,2026-01-16,SH.600584,长电科技,半导体,0.01924584564674682,0.02,1.0,5.0,0.7905,0.19999999999999996,0.10002273243919069,0.0020004546487838136,1
strong_market_effective_participation_v1,baseline_2y_1y_5fold,5,2025-04-01,2026-03-31,mixed_or_unresolved_context,strong_up,mostly_above_trend,2025-03-31,2026-01-16,SH.601100,恒立液压,工程机械,0.01924584564674682,0.0,1.0,9.0,0.6596666666666666,0.33333333333333337,0.0546875,0.0,0
strong_market_effective_participation_v1,baseline_2y_1y_5fold,5,2025-04-01,2026-03-31,mixed_or_unresolved_context,strong_up,mostly_above_trend,2025-03-31,2026-01-16,SH.601600,中国铝业,铝,0.01924584564674682,0.0,1.0,1.0,0.8885000000000001,0.1333333333333333,-0.03493449781659397,-0.0,0
strong_market_effective_participation_v1,baseline_2y_1y_5fold,5,2025-04-01,2026-03-31,mixed_or_unresolved_context,strong_up,mostly_above_trend,2025-03-31,2026-01-16,SH.601601,中国太保,保险,0.01924584564674682,0.0,1.0,12.0,0.6261666666666666,0.6666666666666667,-0.016251113089937652,-0.0,0
strong_market_effective_participation_v1,baseline_2y_1y_5fold,5,2025-04-01,2026-03-31,mixed_or_unresolved_context,strong_up,mostly_above_trend,2025-03-31,2026-01-16,SH.601689,拓普集团,汽车配件,0.01924584564674682,0.0,1.0,18.0,0.5533333333333335,0.6333333333333333,0.03162983425414345,0.0,0
strong_market_effective_participation_v1,baseline_2y_1y_5fold,5,2025-04-01,2026-03-31,mixed_or_unresolved_context,strong_up,mostly_above_trend,2025-03-31,2026-01-16,SH.601857,中国石油,石油开采,0.0,0.02,0.0,28.0,0.45750000000000013,0.9,-0.017051153460380997,-0.0003410230692076199,1
strong_market_effective_participation_v1,baseline_2y_1y_5fold,5,2025-04-01,2026-03-31,mixed_or_unresolved_context,strong_up,mostly_above_trend,2025-03-31,2026-01-16,SH.601899,紫金矿业,铜,0.039227459972568775,0.0,1.0,2.0,0.8381666666666666,0.5666666666666667,-0.020392156862745092,-0.0,0
strong_market_effective_participation_v1,baseline_2y_1y_5fold,5,2025-04-01,2026-03-31,mixed_or_unresolved_context,strong_up,mostly_above_trend,2025-03-31,2026-01-16,SH.603501,豪威集团,半导体,0.01924584564674682,0.0,1.0,24.0,0.4883333333333333,0.9666666666666667,0.018370047481902407,0.0,0
strong_market_effective_participation_v1,baseline_2y_1y_5fold,5,2025-04-01,2026-03-31,mixed_or_unresolved_context,strong_up,mostly_above_trend,2025-03-31,2026-01-16,SH.603799,华友钴业,小金属,0.01924584564674682,0.02,1.0,4.0,0.802,0.23333333333333328,-0.019823232323232465,-0.0003964646464646493,1
strong_market_effective_participation_v1,baseline_2y_1y_5fold,5,2025-04-01,2026-03-31,mixed_or_unresolved_context,strong_up,mostly_above_trend,2025-03-31,2026-01-16,SH.603893,瑞芯微,半导体,0.01924584564674682,0.0,1.0,25.0,0.48083333333333333,0.7333333333333334,0.004225572538995248,0.0,0
strong_market_effective_participation_v1,baseline_2y_1y_5fold,5,2025-04-01,2026-03-31,mixed_or_unresolved_context,strong_up,mostly_above_trend,2025-03-31,2026-01-16,SH.603993,洛阳钼业,小金属,0.0,0.02,0.0,,0.12125,0.0,0.008316008316008316,0.00016632016632016635,1
strong_market_effective_participation_v1,baseline_2y_1y_5fold,5,2025-04-01,2026-03-31,mixed_or_unresolved_context,strong_up,mostly_above_trend,2025-03-31,2026-01-16,SH.688008,澜起科技,半导体,0.01924584564674682,0.0,1.0,8.0,0.6869999999999998,0.4,0.054659763313609666,0.0,0
strong_market_effective_participation_v1,baseline_2y_1y_5fold,5,2025-04-01,2026-03-31,mixed_or_unresolved_context,strong_up,mostly_above_trend,2025-03-31,2026-01-16,SH.688041,海光信息,半导体,0.01924584564674682,0.02,1.0,17.0,0.5716666666666667,0.2666666666666667,-0.022679999999999922,-0.00045359999999999845,1
strong_market_effective_participation_v1,baseline_2y_1y_5fold,5,2025-04-01,2026-03-31,mixed_or_unresolved_context,strong_up,mostly_above_trend,2025-03-31,2026-01-16,SH.688521,芯原股份,半导体,0.035,0.0,1.0,22.0,0.50525,0.06666666666666665,-0.01901350234224297,-0.0,0
strong_market_effective_participation_v1,baseline_2y_1y_5fold,5,2025-04-01,2026-03-31,mixed_or_unresolved_context,strong_up,mostly_above_trend,2025-03-31,2026-01-16,SZ.000066,中国长城,IT设备,0.0,0.042,0.0,,0.12125,0.0,0.013455657492354778,0.0005651376146789007,1
strong_market_effective_participation_v1,baseline_2y_1y_5fold,5,2025-04-01,2026-03-31,mixed_or_unresolved_context,strong_up,mostly_above_trend,2025-03-31,2026-01-16,SZ.000100,TCL科技,元器件,0.01924584564674682,0.0,1.0,23.0,0.5021666666666668,0.4666666666666667,-0.024242424242424288,-0.0,0
strong_market_effective_participation_v1,baseline_2y_1y_5fold,5,2025-04-01,2026-03-31,mixed_or_unresolved_context,strong_up,mostly_above_trend,2025-03-31,2026-01-16,SZ.000338,潍柴动力,汽车配件,0.01924584564674682,0.02,1.0,3.0,0.8183333333333332,0.8666666666666667,0.036633663366336666,0.0007326732673267333,1
strong_market_effective_participation_v1,baseline_2y_1y_5fold,5,2025-04-01,2026-03-31,mixed_or_unresolved_context,strong_up,mostly_above_trend,2025-03-31,2026-01-16,SZ.000725,京东方Ａ,元器件,0.01924584564674682,0.0,1.0,19.0,0.536,0.8333333333333334,-0.015452538631346657,-0.0,0
strong_market_effective_participation_v1,baseline_2y_1y_5fold,5,2025-04-01,2026-03-31,mixed_or_unresolved_context,strong_up,mostly_above_trend,2025-03-31,2026-01-16,SZ.002050,三花智控,家用电器,0.01924584564674682,0.0,1.0,7.0,0.7100000000000001,0.09999999999999998,0.05257373145264688,0.0,0
strong_market_effective_participation_v1,baseline_2y_1y_5fold,5,2025-04-01,2026-03-31,mixed_or_unresolved_context,strong_up,mostly_above_trend,2025-03-31,2026-01-16,SZ.002065,东华软件,软件服务,0.035,0.042,1.0,26.0,0.4665833333333333,0.5333333333333333,-0.033301617507136005,-0.0013986679352997124,1
strong_market_effective_participation_v1,baseline_2y_1y_5fold,5,2025-04-01,2026-03-31,mixed_or_unresolved_context,strong_up,mostly_above_trend,2025-03-31,2026-01-16,SZ.002085,万丰奥威,汽车配件,0.035,0.0,1.0,29.0,0.44725000000000004,0.7666666666666666,-0.017929438982070445,-0.0,0
strong_market_effective_participation_v1,baseline_2y_1y_5fold,5,2025-04-01,2026-03-31,mixed_or_unresolved_context,strong_up,mostly_above_trend,2025-03-31,2026-01-16,SZ.002156,通富微电,半导体,0.035,0.042,1.0,15.0,0.5999166666666667,0.30000000000000004,0.09999999999999987,0.0041999999999999945,1
strong_market_effective_participation_v1,baseline_2y_1y_5fold,5,2025-04-01,2026-03-31,mixed_or_unresolved_context,strong_up,mostly_above_trend,2025-03-31,2026-01-16,SZ.002261,拓维信息,软件服务,0.0,0.042,0.0,,0.12125,0.0,-0.031152647975077885,-0.0013084112149532713,1
strong_market_effective_participation_v1,baseline_2y_1y_5fold,5,2025-04-01,2026-03-31,mixed_or_unresolved_context,strong_up,mostly_above_trend,2025-03-31,2026-01-16,SZ.002371,北方华创,半导体,0.01924584564674682,0.02,1.0,6.0,0.7758333333333334,0.6,0.033844453653819606,0.0006768890730763921,1
strong_market_effective_participation_v1,baseline_2y_1y_5fold,5,2025-04-01,2026-03-31,mixed_or_unresolved_context,strong_up,mostly_above_trend,2025-03-31,2026-01-16,SZ.002463,沪电股份,元器件,0.0,0.02,0.0,,0.12125,0.0,0.01650165016501659,0.0003300330033003318,1
strong_market_effective_participation_v1,baseline_2y_1y_5fold,5,2025-04-01,2026-03-31,mixed_or_unresolved_context,strong_up,mostly_above_trend,2025-03-31,2026-01-16,SZ.002916,深南电路,元器件,0.01924584564674682,0.0,1.0,20.0,0.5315,0.16666666666666663,0.04566292134831462,0.0,0
strong_market_effective_participation_v1,baseline_2y_1y_5fold,5,2025-04-01,2026-03-31,mixed_or_unresolved_context,strong_up,mostly_above_trend,2025-03-31,2026-01-16,SZ.300033,同花顺,软件服务,0.01924584564674682,0.0,1.0,10.0,0.6445000000000001,0.0,-0.03167653875869181,-0.0,0
strong_market_effective_participation_v1,baseline_2y_1y_5fold,5,2025-04-01,2026-03-31,mixed_or_unresolved_context,strong_up,mostly_above_trend,2025-03-31,2026-01-16,SZ.300115,长盈精密,元器件,0.035,0.0,1.0,21.0,0.5165833333333334,0.033333333333333326,0.051207729468599084,0.0,0
strong_market_effective_participation_v1,baseline_2y_1y_5fold,5,2025-04-01,2026-03-31,mixed_or_unresolved_context,strong_up,mostly_above_trend,2025-03-31,2026-01-16,SZ.300124,汇川技术,电器仪表,0.0,0.02,0.0,,0.12125,0.0,0.00012370113805038052,2.4740227610076104e-06,1
strong_market_effective_participation_v1,baseline_2y_1y_5fold,5,2025-04-01,2026-03-31,mixed_or_unresolved_context,strong_up,mostly_above_trend,2025-03-31,2026-01-16,SZ.300251,光线传媒,影视音像,0.01924584564674682,0.02,1.0,27.0,0.46583333333333327,0.7,-0.0321489001692048,-0.000642978003384096,1
strong_market_effective_participation_v1,baseline_2y_1y_5fold,5,2025-04-01,2026-03-31,mixed_or_unresolved_context,strong_up,mostly_above_trend,2025-03-31,2026-01-16,SZ.300308,中际旭创,通信设备,0.04660978144574792,0.048436200000000006,1.0,13.0,0.622,0.3666666666666667,-0.01283158938913953,-0.0006215134299702402,1
strong_market_effective_participation_v1,baseline_2y_1y_5fold,5,2025-04-01,2026-03-31,mixed_or_unresolved_context,strong_up,mostly_above_trend,2025-03-31,2026-01-16,SZ.301236,软通动力,软件服务,0.01924584564674682,0.02,1.0,16.0,0.5970000000000001,0.43333333333333335,-0.026275992438563378,-0.0005255198487712676,1
strong_market_effective_participation_v1,baseline_2y_1y_5fold,5,2025-04-01,2026-03-31,mixed_or_unresolved_context,strong_up,mostly_above_trend,2025-03-31,2026-01-19,SH.600150,中国船舶,船舶,0.02,0.0,1.0,16.0,0.48238095238095235,0.9047619047619048,0.011887913954146567,0.0,0
strong_market_effective_participation_v1,baseline_2y_1y_5fold,5,2025-04-01,2026-03-31,mixed_or_unresolved_context,strong_up,mostly_above_trend,2025-03-31,2026-01-19,SH.600309,万华化学,化工原料,0.02,0.01924584564674682,1.0,8.0,0.6916666666666667,0.6190476190476191,0.04674796747967491,0.0008997041664129634,1
strong_market_effective_participation_v1,baseline_2y_1y_5fold,5,2025-04-01,2026-03-31,mixed_or_unresolved_context,strong_up,mostly_above_trend,2025-03-31,2026-01-19,SH.600418,江淮汽车,汽车整车,0.0525,0.035,1.0,20.0,0.3557142857142857,0.7619047619047619,0.047696366957580505,0.0016693728435153178,1
strong_market_effective_participation_v1,baseline_2y_1y_5fold,5,2025-04-01,2026-03-31,mixed_or_unresolved_context,strong_up,mostly_above_trend,2025-03-31,2026-01-19,SH.600570,恒生电子,软件服务,0.0,0.01924584564674682,0.0,,0.13,0.0,-0.010843373493975905,-0.00020868989255508604,1
strong_market_effective_participation_v1,baseline_2y_1y_5fold,5,2025-04-01,2026-03-31,mixed_or_unresolved_context,strong_up,mostly_above_trend,2025-03-31,2026-01-19,SH.600584,长电科技,半导体,0.0,0.01924584564674682,0.0,,0.13,0.0,0.009092787766067367,0.00017499838984436037,1
strong_market_effective_participation_v1,baseline_2y_1y_5fold,5,2025-04-01,2026-03-31,mixed_or_unresolved_context,strong_up,mostly_above_trend,2025-03-31,2026-01-19,SH.601100,恒立液压,工程机械,0.02,0.01924584564674682,1.0,12.0,0.626309523809524,0.33333333333333337,-0.013720538720538689,-0.0002640633704057007,1
strong_market_effective_participation_v1,baseline_2y_1y_5fold,5,2025-04-01,2026-03-31,mixed_or_unresolved_context,strong_up,mostly_above_trend,2025-03-31,2026-01-19,SH.601360,三六零,互联网,0.02,0.0,1.0,5.0,0.7438095238095238,0.1428571428571429,-0.03672532517214999,-0.0,0
strong_market_effective_participation_v1,baseline_2y_1y_5fold,5,2025-04-01,2026-03-31,mixed_or_unresolved_context,strong_up,mostly_above_trend,2025-03-31,2026-01-19,SH.601600,中国铝业,铝,0.0,0.01924584564674682,0.0,,0.13,0.0,0.005279034690799378,0.00010159948682294665,1
strong_market_effective_participation_v1,baseline_2y_1y_5fold,5,2025-04-01,2026-03-31,mixed_or_unresolved_context,strong_up,mostly_above_trend,2025-03-31,2026-01-19,SH.601601,中国太保,保险,0.0,0.01924584564674682,0.0,,0.13,0.0,-0.0022629554197780566,-4.355249071451763e-05,1
strong_market_effective_participation_v1,baseline_2y_1y_5fold,5,2025-04-01,2026-03-31,mixed_or_unresolved_context,strong_up,mostly_above_trend,2025-03-31,2026-01-19,SH.601689,拓普集团,汽车配件,0.02,0.01924584564674682,1.0,9.0,0.6827380952380954,0.5714285714285714,0.051948051948051965,0.0009997841894413937,1
strong_market_effective_participation_v1,baseline_2y_1y_5fold,5,2025-04-01,2026-03-31,mixed_or_unresolved_context,strong_up,mostly_above_trend,2025-03-31,2026-01-19,SH.601727,上海电气,电气设备,0.0525,0.0,1.0,19.0,0.36047619047619045,0.8571428571428572,0.015283842794759916,0.0,0
strong_market_effective_participation_v1,baseline_2y_1y_5fold,5,2025-04-01,2026-03-31,mixed_or_unresolved_context,strong_up,mostly_above_trend,2025-03-31,2026-01-19,SH.601899,紫金矿业,铜,0.0,0.039227459972568775,0.0,,0.13,0.0,-0.005604483586869491,-0.00021984965557084163,1
strong_market_effective_participation_v1,baseline_2y_1y_5fold,5,2025-04-01,2026-03-31,mixed_or_unresolved_context,strong_up,mostly_above_trend,2025-03-31,2026-01-19,SH.603259,XD药明康,化学制药,0.02,0.0,1.0,15.0,0.5247619047619048,0.8095238095238095,-0.018312559923298055,-0.0,0
strong_market_effective_participation_v1,baseline_2y_1y_5fold,5,2025-04-01,2026-03-31,mixed_or_unresolved_context,strong_up,mostly_above_trend,2025-03-31,2026-01-19,SH.603501,豪威集团,半导体,0.02,0.01924584564674682,1.0,17.0,0.4333333333333333,0.9523809523809523,-0.014599098066192973,-0.00028097198796366994,1
strong_market_effective_participation_v1,baseline_2y_1y_5fold,5,2025-04-01,2026-03-31,mixed_or_unresolved_context,strong_up,mostly_above_trend,2025-03-31,2026-01-19,SH.603799,华友钴业,小金属,0.0,0.01924584564674682,0.0,,0.13,0.0,-0.019064794538193874,-0.00036691809296902114,1
strong_market_effective_participation_v1,baseline_2y_1y_5fold,5,2025-04-01,2026-03-31,mixed_or_unresolved_context,strong_up,mostly_above_trend,2025-03-31,2026-01-19,SH.603893,瑞芯微,半导体,0.0,0.01924584564674682,0.0,,0.13,0.0,-0.02036363636363636,-0.00039191540226102614,1
strong_market_effective_participation_v1,baseline_2y_1y_5fold,5,2025-04-01,2026-03-31,mixed_or_unresolved_context,strong_up,mostly_above_trend,2025-03-31,2026-01-19,SH.603986,兆易创新,半导体,0.02,0.0,1.0,3.0,0.8601190476190476,0.0,0.028488911074663115,0.0,0
strong_market_effective_participation_v1,baseline_2y_1y_5fold,5,2025-04-01,2026-03-31,mixed_or_unresolved_context,strong_up,mostly_above_trend,2025-03-31,2026-01-19,SH.603993,洛阳钼业,小金属,0.02,0.0,1.0,1.0,0.9026190476190477,0.4285714285714286,-0.03876288659793825,-0.0,0
strong_market_effective_participation_v1,baseline_2y_1y_5fold,5,2025-04-01,2026-03-31,mixed_or_unresolved_context,strong_up,mostly_above_trend,2025-03-31,2026-01-19,SH.688008,澜起科技,半导体,0.02,0.01924584564674682,1.0,10.0,0.6675,0.38095238095238093,-0.025878392594151034,-0.0004980515494529468,1
strong_market_effective_participation_v1,baseline_2y_1y_5fold,5,2025-04-01,2026-03-31,mixed_or_unresolved_context,strong_up,mostly_above_trend,2025-03-31,2026-01-19,SH.688041,海光信息,半导体,0.02,0.01924584564674682,1.0,4.0,0.7451190476190477,0.23809523809523814,0.04755862972209712,0.0009153060468022669,1
strong_market_effective_participation_v1,baseline_2y_1y_5fold,5,2025-04-01,2026-03-31,mixed_or_unresolved_context,strong_up,mostly_above_trend,2025-03-31,2026-01-19,SH.688521,芯原股份,半导体,0.0,0.035,0.0,,0.13,0.0,0.01528089887640438,0.0005348314606741534,1
strong_market_effective_participation_v1,baseline_2y_1y_5fold,5,2025-04-01,2026-03-31,mixed_or_unresolved_context,strong_up,mostly_above_trend,2025-03-31,2026-01-19,SZ.000100,TCL科技,元器件,0.02,0.01924584564674682,1.0,13.0,0.5736904761904762,0.47619047619047616,0.031055900621118182,0.0005976970697747492,1
strong_market_effective_participation_v1,baseline_2y_1y_5fold,5,2025-04-01,2026-03-31,mixed_or_unresolved_context,strong_up,mostly_above_trend,2025-03-31,2026-01-19,SZ.000338,潍柴动力,汽车配件,0.02,0.01924584564674682,1.0,2.0,0.8883333333333333,0.6666666666666667,0.07688634192932198,0.001479742669114729,1
strong_market_effective_participation_v1,baseline_2y_1y_5fold,5,2025-04-01,2026-03-31,mixed_or_unresolved_context,strong_up,mostly_above_trend,2025-03-31,2026-01-19,SZ.000725,京东方Ａ,元器件,0.0,0.01924584564674682,0.0,,0.13,0.0,0.011210762331838486,0.00021576060142092696,1
strong_market_effective_participation_v1,baseline_2y_1y_5fold,5,2025-04-01,2026-03-31,mixed_or_unresolved_context,strong_up,mostly_above_trend,2025-03-31,2026-01-19,SZ.000977,浪潮信息,IT设备,0.02,0.0,1.0,18.0,0.4280952380952381,0.7142857142857143,-0.03363195770304017,-0.0,0
strong_market_effective_participation_v1,baseline_2y_1y_5fold,5,2025-04-01,2026-03-31,mixed_or_unresolved_context,strong_up,mostly_above_trend,2025-03-31,2026-01-19,SZ.002050,三花智控,家用电器,0.0,0.01924584564674682,0.0,,0.13,0.0,0.0191437521754263,0.0003684376994678282,1
strong_market_effective_participation_v1,baseline_2y_1y_5fold,5,2025-04-01,2026-03-31,mixed_or_unresolved_context,strong_up,mostly_above_trend,2025-03-31,2026-01-19,SZ.002065,东华软件,软件服务,0.0,0.035,0.0,,0.13,0.0,-0.011811023622047334,-0.0004133858267716567,1
strong_market_effective_participation_v1,baseline_2y_1y_5fold,5,2025-04-01,2026-03-31,mixed_or_unresolved_context,strong_up,mostly_above_trend,2025-03-31,2026-01-19,SZ.002085,万丰奥威,汽车配件,0.0,0.035,0.0,,0.13,0.0,-0.012367491166077826,-0.00043286219081272397,1
strong_market_effective_participation_v1,baseline_2y_1y_5fold,5,2025-04-01,2026-03-31,mixed_or_unresolved_context,strong_up,mostly_above_trend,2025-03-31,2026-01-19,SZ.002156,通富微电,半导体,0.0525,0.035,1.0,7.0,0.7023809523809523,0.2857142857142857,0.028382415706359243,0.0009933845497225736,1
strong_market_effective_participation_v1,baseline_2y_1y_5fold,5,2025-04-01,2026-03-31,mixed_or_unresolved_context,strong_up,mostly_above_trend,2025-03-31,2026-01-19,SZ.002230,科大讯飞,软件服务,0.02,0.0,1.0,6.0,0.7234523809523811,0.5238095238095238,-0.04160125588697039,-0.0,0
strong_market_effective_participation_v1,baseline_2y_1y_5fold,5,2025-04-01,2026-03-31,mixed_or_unresolved_context,strong_up,mostly_above_trend,2025-03-31,2026-01-19,SZ.002281,光迅科技,通信设备,0.0525,0.0,1.0,21.0,0.35000000000000003,0.09523809523809523,-0.047581699346405215,-0.0,0
strong_market_effective_participation_v1,baseline_2y_1y_5fold,5,2025-04-01,2026-03-31,mixed_or_unresolved_context,strong_up,mostly_above_trend,2025-03-31,2026-01-19,SZ.002371,北方华创,半导体,0.0,0.01924584564674682,0.0,,0.13,0.0,-1.908834084141109e-05,-3.6737126148629115e-07,1
strong_market_effective_participation_v1,baseline_2y_1y_5fold,5,2025-04-01,2026-03-31,mixed_or_unresolved_context,strong_up,mostly_above_trend,2025-03-31,2026-01-19,SZ.002916,深南电路,元器件,0.02,0.01924584564674682,1.0,11.0,0.6440476190476189,0.19047619047619047,0.02273704117596509,0.00043759358493635094,1
strong_market_effective_participation_v1,baseline_2y_1y_5fold,5,2025-04-01,2026-03-31,mixed_or_unresolved_context,strong_up,mostly_above_trend,2025-03-31,2026-01-19,SZ.300033,同花顺,软件服务,0.02,0.01924584564674682,1.0,14.0,0.5734523809523809,0.04761904761904767,-0.029281914893616978,-0.0005635552142837292,1
strong_market_effective_participation_v1,baseline_2y_1y_5fold,5,2025-04-01,2026-03-31,mixed_or_unresolved_context,strong_up,mostly_above_trend,2025-03-31,2026-01-19,SZ.300115,长盈精密,元器件,0.0,0.035,0.0,,0.13,0.0,0.01355698529411753,0.0004744944852941136,1
strong_market_effective_participation_v1,baseline_2y_1y_5fold,5,2025-04-01,2026-03-31,mixed_or_unresolved_context,strong_up,mostly_above_trend,2025-03-31,2026-01-19,SZ.300251,光线传媒,影视音像,0.0,0.01924584564674682,0.0,,0.13,0.0,0.0,0.0,1
strong_market_effective_participation_v1,baseline_2y_1y_5fold,5,2025-04-01,2026-03-31,mixed_or_unresolved_context,strong_up,mostly_above_trend,2025-03-31,2026-01-19,SZ.300308,中际旭创,通信设备,0.0,0.04660978144574792,0.0,,0.13,0.0,-0.018638573743922193,-0.000868739848664669,1
strong_market_effective_participation_v1,baseline_2y_1y_5fold,5,2025-04-01,2026-03-31,mixed_or_unresolved_context,strong_up,mostly_above_trend,2025-03-31,2026-01-19,SZ.301236,软通动力,软件服务,0.0,0.01924584564674682,0.0,,0.13,0.0,-0.009706853038245034,-0.00018681659528971931,1
strong_market_effective_participation_v1,baseline_2y_1y_5fold,5,2025-04-01,2026-03-31,mixed_or_unresolved_context,strong_up,mostly_above_trend,2025-03-31,2026-01-20,SH.600150,中国船舶,船舶,0.0,0.02,0.0,,0.13999999999999999,0.0,-0.005034965034965033,-0.00010069930069930067,1
strong_market_effective_participation_v1,baseline_2y_1y_5fold,5,2025-04-01,2026-03-31,mixed_or_unresolved_context,strong_up,mostly_above_trend,2025-03-31,2026-01-20,SH.600309,万华化学,化工原料,0.02,0.02,1.0,5.0,0.7340384615384615,0.8461538461538461,0.04393203883495134,0.0008786407766990268,1
strong_market_effective_participation_v1,baseline_2y_1y_5fold,5,2025-04-01,2026-03-31,mixed_or_unresolved_context,strong_up,mostly_above_trend,2025-03-31,2026-01-20,SH.600418,江淮汽车,汽车整车,0.0,0.0525,0.0,,0.13999999999999999,0.0,-0.012010848508330008,-0.0006305695466873254,1
strong_market_effective_participation_v1,baseline_2y_1y_5fold,5,2025-04-01,2026-03-31,mixed_or_unresolved_context,strong_up,mostly_above_trend,2025-03-31,2026-01-20,SH.600584,长电科技,半导体,0.02,0.0,1.0,4.0,0.7769230769230769,0.46153846153846156,0.013516280974810613,0.0,0
strong_market_effective_participation_v1,baseline_2y_1y_5fold,5,2025-04-01,2026-03-31,mixed_or_unresolved_context,strong_up,mostly_above_trend,2025-03-31,2026-01-20,SH.600839,四川长虹,家用电器,0.0525,0.0,1.0,12.0,0.4076923076923077,0.23076923076923073,0.03937007874015741,0.0,0
strong_market_effective_participation_v1,baseline_2y_1y_5fold,5,2025-04-01,2026-03-31,mixed_or_unresolved_context,strong_up,mostly_above_trend,2025-03-31,2026-01-20,SH.601100,恒立液压,工程机械,0.0,0.02,0.0,,0.13999999999999999,0.0,-0.01954425194162346,-0.0003908850388324692,1
strong_market_effective_participation_v1,baseline_2y_1y_5fold,5,2025-04-01,2026-03-31,mixed_or_unresolved_context,strong_up,mostly_above_trend,2025-03-31,2026-01-20,SH.601360,三六零,互联网,0.0,0.02,0.0,,0.13999999999999999,0.0,-0.023828435266084247,-0.0004765687053216849,1
strong_market_effective_participation_v1,baseline_2y_1y_5fold,5,2025-04-01,2026-03-31,mixed_or_unresolved_context,strong_up,mostly_above_trend,2025-03-31,2026-01-20,SH.601689,拓普集团,汽车配件,0.02,0.02,1.0,7.0,0.6496153846153846,0.6923076923076923,0.04480081456026497,0.0008960162912052994,1
strong_market_effective_participation_v1,baseline_2y_1y_5fold,5,2025-04-01,2026-03-31,mixed_or_unresolved_context,strong_up,mostly_above_trend,2025-03-31,2026-01-20,SH.601727,上海电气,电气设备,0.0,0.0525,0.0,,0.13999999999999999,0.0,0.0,0.0,1
strong_market_effective_participation_v1,baseline_2y_1y_5fold,5,2025-04-01,2026-03-31,mixed_or_unresolved_context,strong_up,mostly_above_trend,2025-03-31,2026-01-20,SH.603259,XD药明康,化学制药,0.0,0.02,0.0,,0.13999999999999999,0.0,-0.02861607578865144,-0.0005723215157730289,1
strong_market_effective_participation_v1,baseline_2y_1y_5fold,5,2025-04-01,2026-03-31,mixed_or_unresolved_context,strong_up,mostly_above_trend,2025-03-31,2026-01-20,SH.603501,豪威集团,半导体,0.0,0.02,0.0,,0.13999999999999999,0.0,0.0005429723859760038,1.0859447719520077e-05,1
strong_market_effective_participation_v1,baseline_2y_1y_5fold,5,2025-04-01,2026-03-31,mixed_or_unresolved_context,strong_up,mostly_above_trend,2025-03-31,2026-01-20,SH.603986,兆易创新,半导体,0.02,0.02,1.0,3.0,0.7857692307692308,0.07692307692307687,0.01230715895302481,0.00024614317906049624,1
strong_market_effective_participation_v1,baseline_2y_1y_5fold,5,2025-04-01,2026-03-31,mixed_or_unresolved_context,strong_up,mostly_above_trend,2025-03-31,2026-01-20,SH.603993,洛阳钼业,小金属,0.02,0.02,1.0,1.0,0.8098076923076922,0.6153846153846154,-0.010296010296010238,-0.00020592020592020478,1
strong_market_effective_participation_v1,baseline_2y_1y_5fold,5,2025-04-01,2026-03-31,mixed_or_unresolved_context,strong_up,mostly_above_trend,2025-03-31,2026-01-20,SH.688008,澜起科技,半导体,0.0,0.02,0.0,,0.13999999999999999,0.0,0.029517638588912876,0.0005903527717782576,1
strong_market_effective_participation_v1,baseline_2y_1y_5fold,5,2025-04-01,2026-03-31,mixed_or_unresolved_context,strong_up,mostly_above_trend,2025-03-31,2026-01-20,SH.688041,海光信息,半导体,0.0,0.02,0.0,,0.13999999999999999,0.0,-0.006798202773979245,-0.0001359640554795849,1
strong_market_effective_participation_v1,baseline_2y_1y_5fold,5,2025-04-01,2026-03-31,mixed_or_unresolved_context,strong_up,mostly_above_trend,2025-03-31,2026-01-20,SH.688521,芯原股份,半导体,0.0525,0.0,1.0,9.0,0.5353846153846155,0.15384615384615385,0.03076582558654284,0.0,0
strong_market_effective_participation_v1,baseline_2y_1y_5fold,5,2025-04-01,2026-03-31,mixed_or_unresolved_context,strong_up,mostly_above_trend,2025-03-31,2026-01-20,SZ.000100,TCL科技,元器件,0.0,0.02,0.0,,0.13999999999999999,0.0,-0.002008032128514192,-4.016064257028384e-05,1
strong_market_effective_participation_v1,baseline_2y_1y_5fold,5,2025-04-01,2026-03-31,mixed_or_unresolved_context,strong_up,mostly_above_trend,2025-03-31,2026-01-20,SZ.000338,潍柴动力,汽车配件,0.02,0.02,1.0,2.0,0.7998076923076923,0.7692307692307692,-0.04212860310421296,-0.0008425720620842592,1
strong_market_effective_participation_v1,baseline_2y_1y_5fold,5,2025-04-01,2026-03-31,mixed_or_unresolved_context,strong_up,mostly_above_trend,2025-03-31,2026-01-20,SZ.000651,格力电器,家用电器,0.02,0.0,1.0,10.0,0.4861538461538461,0.9230769230769231,0.01850481125092518,0.0,0
strong_market_effective_participation_v1,baseline_2y_1y_5fold,5,2025-04-01,2026-03-31,mixed_or_unresolved_context,strong_up,mostly_above_trend,2025-03-31,2026-01-20,SZ.000977,浪潮信息,IT设备,0.0,0.02,0.0,,0.13999999999999999,0.0,-0.0194528875379939,-0.00038905775075987804,1
strong_market_effective_participation_v1,baseline_2y_1y_5fold,5,2025-04-01,2026-03-31,mixed_or_unresolved_context,strong_up,mostly_above_trend,2025-03-31,2026-01-20,SZ.002156,通富微电,半导体,0.0525,0.0525,1.0,6.0,0.6923076923076922,0.3846153846153846,0.058518364805976386,0.0030722141523137603,1
strong_market_effective_participation_v1,baseline_2y_1y_5fold,5,2025-04-01,2026-03-31,mixed_or_unresolved_context,strong_up,mostly_above_trend,2025-03-31,2026-01-20,SZ.002230,科大讯飞,软件服务,0.02,0.02,1.0,8.0,0.6453846153846153,0.5384615384615384,-0.03963963963963968,-0.0007927927927927936,1
strong_market_effective_participation_v1,baseline_2y_1y_5fold,5,2025-04-01,2026-03-31,mixed_or_unresolved_context,strong_up,mostly_above_trend,2025-03-31,2026-01-20,SZ.002281,光迅科技,通信设备,0.0,0.0525,0.0,,0.13999999999999999,0.0,-0.047213834751578365,-0.002478726324457864,1
strong_market_effective_participation_v1,baseline_2y_1y_5fold,5,2025-04-01,2026-03-31,mixed_or_unresolved_context,strong_up,mostly_above_trend,2025-03-31,2026-01-20,SZ.002916,深南电路,元器件,0.02,0.02,1.0,11.0,0.4148076923076924,0.3076923076923077,-0.029712124395881556,-0.0005942424879176311,1
strong_market_effective_participation_v1,baseline_2y_1y_5fold,5,2025-04-01,2026-03-31,mixed_or_unresolved_context,strong_up,mostly_above_trend,2025-03-31,2026-01-20,SZ.300033,同花顺,软件服务,0.0,0.02,0.0,,0.13999999999999999,0.0,-0.019534781774843135,-0.0003906956354968627,1
strong_market_effective_participation_v1,baseline_2y_1y_5fold,5,2025-04-01,2026-03-31,mixed_or_unresolved_context,strong_up,mostly_above_trend,2025-03-31,2026-01-20,SZ.300115,长盈精密,元器件,0.0525,0.0,1.0,13.0,0.3123076923076923,0.0,-0.08206755837678525,-0.0,0
strong_market_effective_participation_v1,baseline_2y_1y_5fold,5,2025-04-01,2026-03-31,mixed_or_unresolved_context,strong_up,mostly_above_trend,2025-03-31,2026-01-21,SH.600309,万华化学,化工原料,0.02,0.02,1.0,8.0,0.6486666666666666,0.8,-0.0225528946756568,-0.00045105789351313597,1
strong_market_effective_participation_v1,baseline_2y_1y_5fold,5,2025-04-01,2026-03-31,mixed_or_unresolved_context,strong_up,mostly_above_trend,2025-03-31,2026-01-21,SH.600584,长电科技,半导体,0.02,0.02,1.0,1.0,0.8135000000000001,0.5333333333333333,0.06304303899777741,0.0012608607799555482,1
strong_market_effective_participation_v1,baseline_2y_1y_5fold,5,2025-04-01,2026-03-31,mixed_or_unresolved_context,strong_up,mostly_above_trend,2025-03-31,2026-01-21,SH.600839,四川长虹,家用电器,0.0525,0.0525,1.0,15.0,0.3521666666666667,0.4,0.035037878787878673,0.0018394886363636302,1
strong_market_effective_participation_v1,baseline_2y_1y_5fold,5,2025-04-01,2026-03-31,mixed_or_unresolved_context,strong_up,mostly_above_trend,2025-03-31,2026-01-21,SH.601100,恒立液压,工程机械,0.02,0.0,1.0,9.0,0.648,0.6,0.054317548746518396,0.0,0
strong_market_effective_participation_v1,baseline_2y_1y_5fold,5,2025-04-01,2026-03-31,mixed_or_unresolved_context,strong_up,mostly_above_trend,2025-03-31,2026-01-21,SH.601689,拓普集团,汽车配件,0.02,0.02,1.0,7.0,0.653,0.6666666666666667,0.016201729808746457,0.00032403459617492915,1
strong_market_effective_participation_v1,baseline_2y_1y_5fold,5,2025-04-01,2026-03-31,mixed_or_unresolved_context,strong_up,mostly_above_trend,2025-03-31,2026-01-21,SH.601899,紫金矿业,铜,0.040764600000000005,0.0,1.0,10.0,0.64,0.8666666666666667,0.0219780219780219,0.0,0
strong_market_effective_participation_v1,baseline_2y_1y_5fold,5,2025-04-01,2026-03-31,mixed_or_unresolved_context,strong_up,mostly_above_trend,2025-03-31,2026-01-21,SH.603893,瑞芯微,半导体,0.02,0.0,1.0,12.0,0.5083333333333334,0.9333333333333333,0.03966519166177962,0.0,0
strong_market_effective_participation_v1,baseline_2y_1y_5fold,5,2025-04-01,2026-03-31,mixed_or_unresolved_context,strong_up,mostly_above_trend,2025-03-31,2026-01-21,SH.603986,兆易创新,半导体,0.02,0.02,1.0,3.0,0.7456666666666668,0.0,0.0535958904109588,0.001071917808219176,1
strong_market_effective_participation_v1,baseline_2y_1y_5fold,5,2025-04-01,2026-03-31,mixed_or_unresolved_context,strong_up,mostly_above_trend,2025-03-31,2026-01-21,SH.603993,洛阳钼业,小金属,0.0,0.02,0.0,,0.13749999999999998,0.0,0.00693541395752062,0.0001387082791504124,1
strong_market_effective_participation_v1,baseline_2y_1y_5fold,5,2025-04-01,2026-03-31,mixed_or_unresolved_context,strong_up,mostly_above_trend,2025-03-31,2026-01-21,SH.688008,澜起科技,半导体,0.02,0.0,1.0,6.0,0.6631666666666667,0.1333333333333333,0.11902097902097908,0.0,0
strong_market_effective_participation_v1,baseline_2y_1y_5fold,5,2025-04-01,2026-03-31,mixed_or_unresolved_context,strong_up,mostly_above_trend,2025-03-31,2026-01-21,SH.688041,海光信息,半导体,0.02,0.0,1.0,4.0,0.7454999999999999,0.06666666666666665,0.13335431336296755,0.0,0
strong_market_effective_participation_v1,baseline_2y_1y_5fold,5,2025-04-01,2026-03-31,mixed_or_unresolved_context,strong_up,mostly_above_trend,2025-03-31,2026-01-21,SH.688521,芯原股份,半导体,0.0525,0.0525,1.0,11.0,0.5401666666666667,0.2666666666666667,0.042731372127979395,0.002243397036718918,1
strong_market_effective_participation_v1,baseline_2y_1y_5fold,5,2025-04-01,2026-03-31,mixed_or_unresolved_context,strong_up,mostly_above_trend,2025-03-31,2026-01-21,SZ.000066,中国长城,IT设备,0.0525,0.0,1.0,14.0,0.3895,0.33333333333333337,0.10000000000000009,0.0,0
strong_market_effective_participation_v1,baseline_2y_1y_5fold,5,2025-04-01,2026-03-31,mixed_or_unresolved_context,strong_up,mostly_above_trend,2025-03-31,2026-01-21,SZ.000338,潍柴动力,汽车配件,0.02,0.02,1.0,2.0,0.8101666666666667,0.7333333333333334,0.04444444444444429,0.0008888888888888858,1
strong_market_effective_participation_v1,baseline_2y_1y_5fold,5,2025-04-01,2026-03-31,mixed_or_unresolved_context,strong_up,mostly_above_trend,2025-03-31,2026-01-21,SZ.000651,格力电器,家用电器,0.0,0.02,0.0,,0.13749999999999998,0.0,-0.012354651162790664,-0.0002470930232558133,1
strong_market_effective_participation_v1,baseline_2y_1y_5fold,5,2025-04-01,2026-03-31,mixed_or_unresolved_context,strong_up,mostly_above_trend,2025-03-31,2026-01-21,SZ.002156,通富微电,半导体,0.0525,0.0525,1.0,5.0,0.6988333333333333,0.19999999999999996,0.09998039600078412,0.0052489707900411665,1
strong_market_effective_participation_v1,baseline_2y_1y_5fold,5,2025-04-01,2026-03-31,mixed_or_unresolved_context,strong_up,mostly_above_trend,2025-03-31,2026-01-21,SZ.002230,科大讯飞,软件服务,0.0,0.02,0.0,,0.13749999999999998,0.0,-0.009210301893228579,-0.00018420603786457158,1
strong_market_effective_participation_v1,baseline_2y_1y_5fold,5,2025-04-01,2026-03-31,mixed_or_unresolved_context,strong_up,mostly_above_trend,2025-03-31,2026-01-21,SZ.002916,深南电路,元器件,0.02,0.02,1.0,13.0,0.43583333333333335,0.4666666666666667,0.07025294525294523,0.0014050589050589046,1
strong_market_effective_participation_v1,baseline_2y_1y_5fold,5,2025-04-01,2026-03-31,mixed_or_unresolved_context,strong_up,mostly_above_trend,2025-03-31,2026-01-21,SZ.300115,长盈精密,元器件,0.0,0.0525,0.0,,0.13749999999999998,0.0,0.0229686342306743,0.0012058532971104007,1
strong_market_effective_participation_v1,baseline_2y_1y_5fold,5,2025-04-01,2026-03-31,mixed_or_unresolved_context,strong_up,mostly_above_trend,2025-03-31,2026-01-22,SH.600309,万华化学,化工原料,0.0,0.02,0.0,,0.13999999999999999,0.0,0.014509990485252144,0.0002901998097050429,1
strong_market_effective_participation_v1,baseline_2y_1y_5fold,5,2025-04-01,2026-03-31,mixed_or_unresolved_context,strong_up,mostly_above_trend,2025-03-31,2026-01-22,SH.600584,长电科技,半导体,0.02,0.02,1.0,2.0,0.765,0.16666666666666663,-0.06101501615662441,-0.0012203003231324883,1
strong_market_effective_participation_v1,baseline_2y_1y_5fold,5,2025-04-01,2026-03-31,mixed_or_unresolved_context,strong_up,mostly_above_trend,2025-03-31,2026-01-22,SH.600839,四川长虹,家用电器,0.07,0.0525,1.0,12.0,0.42833333333333334,0.5833333333333333,-0.014638609332113472,-0.0007685269899359573,1
strong_market_effective_participation_v1,baseline_2y_1y_5fold,5,2025-04-01,2026-03-31,mixed_or_unresolved_context,strong_up,mostly_above_trend,2025-03-31,2026-01-22,SH.601100,恒立液压,工程机械,0.02,0.02,1.0,5.0,0.6891666666666666,0.6666666666666667,-0.02501651254953763,-0.0005003302509907526,1
strong_market_effective_participation_v1,baseline_2y_1y_5fold,5,2025-04-01,2026-03-31,mixed_or_unresolved_context,strong_up,mostly_above_trend,2025-03-31,2026-01-22,SH.601601,中国太保,保险,0.02,0.0,1.0,11.0,0.49833333333333335,0.8333333333333334,-0.018223234624145768,-0.0,0
strong_market_effective_participation_v1,baseline_2y_1y_5fold,5,2025-04-01,2026-03-31,mixed_or_unresolved_context,strong_up,mostly_above_trend,2025-03-31,2026-01-22,SH.601689,拓普集团,汽车配件,0.0,0.02,0.0,,0.13999999999999999,0.0,-0.017741548789259265,-0.0003548309757851853,1
strong_market_effective_participation_v1,baseline_2y_1y_5fold,5,2025-04-01,2026-03-31,mixed_or_unresolved_context,strong_up,mostly_above_trend,2025-03-31,2026-01-22,SH.601899,紫金矿业,铜,0.0,0.040764600000000005,0.0,,0.13999999999999999,0.0,-0.012326252294781126,-0.0005024747442958348,1
strong_market_effective_participation_v1,baseline_2y_1y_5fold,5,2025-04-01,2026-03-31,mixed_or_unresolved_context,strong_up,mostly_above_trend,2025-03-31,2026-01-22,SH.603893,瑞芯微,半导体,0.02,0.02,1.0,10.0,0.5283333333333332,0.9166666666666666,-0.004615147941131048,-9.230295882262096e-05,1
strong_market_effective_participation_v1,baseline_2y_1y_5fold,5,2025-04-01,2026-03-31,mixed_or_unresolved_context,strong_up,mostly_above_trend,2025-03-31,2026-01-22,SH.603986,兆易创新,半导体,0.02,0.02,1.0,1.0,0.8075000000000001,0.0,-0.02008776206728413,-0.00040175524134568265,1
strong_market_effective_participation_v1,baseline_2y_1y_5fold,5,2025-04-01,2026-03-31,mixed_or_unresolved_context,strong_up,mostly_above_trend,2025-03-31,2026-01-22,SH.688008,澜起科技,半导体,0.0,0.02,0.0,,0.13999999999999999,0.0,0.049243844519434976,0.0009848768903886996,1
strong_market_effective_participation_v1,baseline_2y_1y_5fold,5,2025-04-01,2026-03-31,mixed_or_unresolved_context,strong_up,mostly_above_trend,2025-03-31,2026-01-22,SH.688041,海光信息,半导体,0.02,0.02,1.0,4.0,0.735,0.08333333333333337,0.0013536496477040139,2.7072992954080278e-05,1
strong_market_effective_participation_v1,baseline_2y_1y_5fold,5,2025-04-01,2026-03-31,mixed_or_unresolved_context,strong_up,mostly_above_trend,2025-03-31,2026-01-22,SH.688111,金山办公,软件服务,0.02,0.0,1.0,9.0,0.5325,0.5,0.02885422915416913,0.0,0
strong_market_effective_participation_v1,baseline_2y_1y_5fold,5,2025-04-01,2026-03-31,mixed_or_unresolved_context,strong_up,mostly_above_trend,2025-03-31,2026-01-22,SH.688521,芯原股份,半导体,0.07,0.0525,1.0,6.0,0.6500000000000001,0.41666666666666663,0.0494748764415156,0.002597431013179569,1
strong_market_effective_participation_v1,baseline_2y_1y_5fold,5,2025-04-01,2026-03-31,mixed_or_unresolved_context,strong_up,mostly_above_trend,2025-03-31,2026-01-22,SZ.000066,中国长城,IT设备,0.0,0.0525,0.0,,0.13999999999999999,0.0,0.09427609427609429,0.00494949494949495,1
strong_market_effective_participation_v1,baseline_2y_1y_5fold,5,2025-04-01,2026-03-31,mixed_or_unresolved_context,strong_up,mostly_above_trend,2025-03-31,2026-01-22,SZ.000338,潍柴动力,汽车配件,0.0,0.02,0.0,,0.13999999999999999,0.0,-0.00886524822695034,-0.0001773049645390068,1
strong_market_effective_participation_v1,baseline_2y_1y_5fold,5,2025-04-01,2026-03-31,mixed_or_unresolved_context,strong_up,mostly_above_trend,2025-03-31,2026-01-22,SZ.002049,紫光国微,半导体,0.02,0.0,1.0,8.0,0.5341666666666667,0.75,-0.015516442797591568,-0.0,0
strong_market_effective_participation_v1,baseline_2y_1y_5fold,5,2025-04-01,2026-03-31,mixed_or_unresolved_context,strong_up,mostly_above_trend,2025-03-31,2026-01-22,SZ.002156,通富微电,半导体,0.07,0.0525,1.0,3.0,0.7566666666666667,0.25,-0.0019604348600961163,-0.0001029228301550461,1
strong_market_effective_participation_v1,baseline_2y_1y_5fold,5,2025-04-01,2026-03-31,mixed_or_unresolved_context,strong_up,mostly_above_trend,2025-03-31,2026-01-22,SZ.002916,深南电路,元器件,0.02,0.02,1.0,7.0,0.6350000000000001,0.33333333333333337,0.07648725212464602,0.0015297450424929205,1
strong_market_effective_participation_v1,baseline_2y_1y_5fold,5,2025-04-01,2026-03-31,mixed_or_unresolved_context,strong_up,mostly_above_trend,2025-03-31,2026-01-23,SH.600031,三一重工,工程机械,0.02,0.0,1.0,14.0,0.5310526315789472,0.9473684210526316,0.016364440513047418,0.0,0
strong_market_effective_participation_v1,baseline_2y_1y_5fold,5,2025-04-01,2026-03-31,mixed_or_unresolved_context,strong_up,mostly_above_trend,2025-03-31,2026-01-23,SH.600309,万华化学,化工原料,0.02,0.0,1.0,7.0,0.6598684210526317,0.7894736842105263,-0.012309495896834721,-0.0,0
strong_market_effective_participation_v1,baseline_2y_1y_5fold,5,2025-04-01,2026-03-31,mixed_or_unresolved_context,strong_up,mostly_above_trend,2025-03-31,2026-01-23,SH.600584,长电科技,半导体,0.0,0.02,0.0,,0.13249999999999998,0.0,-0.007692307692307554,-0.0001538461538461511,1
strong_market_effective_participation_v1,baseline_2y_1y_5fold,5,2025-04-01,2026-03-31,mixed_or_unresolved_context,strong_up,mostly_above_trend,2025-03-31,2026-01-23,SH.600839,四川长虹,家用电器,0.0525,0.07,1.0,18.0,0.4735526315789474,0.42105263157894735,0.0232126276694522,0.0016248839368616544,1
strong_market_effective_participation_v1,baseline_2y_1y_5fold,5,2025-04-01,2026-03-31,mixed_or_unresolved_context,strong_up,mostly_above_trend,2025-03-31,2026-01-23,SH.601100,恒立液压,工程机械,0.02,0.02,1.0,9.0,0.6268421052631579,0.5263157894736843,-0.003471928190363238,-6.943856380726476e-05,1
strong_market_effective_participation_v1,baseline_2y_1y_5fold,5,2025-04-01,2026-03-31,mixed_or_unresolved_context,strong_up,mostly_above_trend,2025-03-31,2026-01-23,SH.601600,中国铝业,铝,0.02,0.0,1.0,2.0,0.768157894736842,0.368421052631579,-0.003765060240963791,-0.0,0
strong_market_effective_participation_v1,baseline_2y_1y_5fold,5,2025-04-01,2026-03-31,mixed_or_unresolved_context,strong_up,mostly_above_trend,2025-03-31,2026-01-23,SH.601601,中国太保,保险,0.02,0.02,1.0,16.0,0.5044736842105263,0.8421052631578947,-0.025754060324825967,-0.0005150812064965193,1
strong_market_effective_participation_v1,baseline_2y_1y_5fold,5,2025-04-01,2026-03-31,mixed_or_unresolved_context,strong_up,mostly_above_trend,2025-03-31,2026-01-23,SH.601899,紫金矿业,铜,0.040764600000000005,0.0,1.0,6.0,0.7021052631578948,0.8947368421052632,-0.0026553372278277365,-0.0,0
strong_market_effective_participation_v1,baseline_2y_1y_5fold,5,2025-04-01,2026-03-31,mixed_or_unresolved_context,strong_up,mostly_above_trend,2025-03-31,2026-01-23,SH.603799,华友钴业,小金属,0.02,0.0,1.0,4.0,0.7309210526315788,0.4736842105263158,0.05542136339237791,0.0,0
strong_market_effective_participation_v1,baseline_2y_1y_5fold,5,2025-04-01,2026-03-31,mixed_or_unresolved_context,strong_up,mostly_above_trend,2025-03-31,2026-01-23,SH.603893,瑞芯微,半导体,0.0,0.02,0.0,,0.13249999999999998,0.0,-0.013445984235742725,-0.0002689196847148545,1
strong_market_effective_participation_v1,baseline_2y_1y_5fold,5,2025-04-01,2026-03-31,mixed_or_unresolved_context,strong_up,mostly_above_trend,2025-03-31,2026-01-23,SH.603986,兆易创新,半导体,0.0,0.02,0.0,,0.13249999999999998,0.0,-0.0139980760938071,-0.000279961521876142,1
strong_market_effective_participation_v1,baseline_2y_1y_5fold,5,2025-04-01,2026-03-31,mixed_or_unresolved_context,strong_up,mostly_above_trend,2025-03-31,2026-01-23,SH.688041,海光信息,半导体,0.02,0.02,1.0,3.0,0.7553947368421053,0.0,-0.04332755632582308,-0.0008665511265164616,1
strong_market_effective_participation_v1,baseline_2y_1y_5fold,5,2025-04-01,2026-03-31,mixed_or_unresolved_context,strong_up,mostly_above_trend,2025-03-31,2026-01-23,SH.688111,金山办公,软件服务,0.02,0.02,1.0,12.0,0.5592105263157894,0.3157894736842105,0.029969098011777717,0.0005993819602355543,1
strong_market_effective_participation_v1,baseline_2y_1y_5fold,5,2025-04-01,2026-03-31,mixed_or_unresolved_context,strong_up,mostly_above_trend,2025-03-31,2026-01-23,SH.688521,芯原股份,半导体,0.0525,0.07,1.0,8.0,0.6461842105263158,0.26315789473684215,0.013490311503556507,0.0009443218052489555,1
strong_market_effective_participation_v1,baseline_2y_1y_5fold,5,2025-04-01,2026-03-31,mixed_or_unresolved_context,strong_up,mostly_above_trend,2025-03-31,2026-01-23,SZ.000066,中国长城,IT设备,0.0525,0.0,1.0,13.0,0.5314473684210526,0.052631578947368474,-0.062051282051282075,-0.0,0
strong_market_effective_participation_v1,baseline_2y_1y_5fold,5,2025-04-01,2026-03-31,mixed_or_unresolved_context,strong_up,mostly_above_trend,2025-03-31,2026-01-23,SZ.000100,TCL科技,元器件,0.02,0.0,1.0,11.0,0.5599999999999999,0.736842105263158,0.02851323828920571,0.0,0
strong_market_effective_participation_v1,baseline_2y_1y_5fold,5,2025-04-01,2026-03-31,mixed_or_unresolved_context,strong_up,mostly_above_trend,2025-03-31,2026-01-23,SZ.000338,潍柴动力,汽车配件,0.02,0.0,1.0,1.0,0.9080263157894738,0.631578947368421,0.05098389982110918,0.0,0
strong_market_effective_participation_v1,baseline_2y_1y_5fold,5,2025-04-01,2026-03-31,mixed_or_unresolved_context,strong_up,mostly_above_trend,2025-03-31,2026-01-23,SZ.002049,紫光国微,半导体,0.02,0.02,1.0,10.0,0.5959210526315789,0.5789473684210527,0.0341096212655847,0.000682192425311694,1
strong_market_effective_participation_v1,baseline_2y_1y_5fold,5,2025-04-01,2026-03-31,mixed_or_unresolved_context,strong_up,mostly_above_trend,2025-03-31,2026-01-23,SZ.002050,三花智控,家用电器,0.02,0.0,1.0,15.0,0.5106578947368421,0.1578947368421053,-0.03551668748884529,-0.0,0
strong_market_effective_participation_v1,baseline_2y_1y_5fold,5,2025-04-01,2026-03-31,mixed_or_unresolved_context,strong_up,mostly_above_trend,2025-03-31,2026-01-23,SZ.002156,通富微电,半导体,0.0525,0.07,1.0,5.0,0.7282894736842104,0.21052631578947367,0.0060714285714287275,0.000425000000000011,1
strong_market_effective_participation_v1,baseline_2y_1y_5fold,5,2025-04-01,2026-03-31,mixed_or_unresolved_context,strong_up,mostly_above_trend,2025-03-31,2026-01-23,SZ.002916,深南电路,元器件,0.02,0.02,1.0,19.0,0.4546052631578947,0.10526315789473684,-0.06966165413533842,-0.0013932330827067685,1
strong_market_effective_participation_v1,baseline_2y_1y_5fold,5,2025-04-01,2026-03-31,mixed_or_unresolved_context,strong_up,mostly_above_trend,2025-03-31,2026-01-23,SZ.301236,软通动力,软件服务,0.02,0.0,1.0,17.0,0.5007894736842105,0.6842105263157895,0.04446224714600433,0.0,0
strong_market_effective_participation_v1,baseline_2y_1y_5fold,5,2025-04-01,2026-03-31,mixed_or_unresolved_context,strong_up,mostly_above_trend,2025-03-31,2026-01-26,SH.600031,三一重工,工程机械,0.0,0.02,0.0,,0.13749999999999998,0.0,0.00304612706701457,6.0922541340291404e-05,1
strong_market_effective_participation_v1,baseline_2y_1y_5fold,5,2025-04-01,2026-03-31,mixed_or_unresolved_context,strong_up,mostly_above_trend,2025-03-31,2026-01-26,SH.600309,万华化学,化工原料,0.0,0.02,0.0,,0.13749999999999998,0.0,0.008545994065281892,0.00017091988130563785,1
strong_market_effective_participation_v1,baseline_2y_1y_5fold,5,2025-04-01,2026-03-31,mixed_or_unresolved_context,strong_up,mostly_above_trend,2025-03-31,2026-01-26,SH.600839,四川长虹,家用电器,0.0,0.0525,0.0,14.0,0.3832142857142857,0.2857142857142857,-0.0372050816696915,-0.0019532667876588036,1
strong_market_effective_participation_v1,baseline_2y_1y_5fold,5,2025-04-01,2026-03-31,mixed_or_unresolved_context,strong_up,mostly_above_trend,2025-03-31,2026-01-26,SH.601100,恒立液压,工程机械,0.0,0.02,0.0,8.0,0.5985714285714285,0.2142857142857143,-0.05251529571719937,-0.0010503059143439875,1
strong_market_effective_participation_v1,baseline_2y_1y_5fold,5,2025-04-01,2026-03-31,mixed_or_unresolved_context,strong_up,mostly_above_trend,2025-03-31,2026-01-26,SH.601600,中国铝业,铝,0.0,0.02,0.0,,0.13749999999999998,0.0,0.012849584278155746,0.00025699168556311494,1
strong_market_effective_participation_v1,baseline_2y_1y_5fold,5,2025-04-01,2026-03-31,mixed_or_unresolved_context,strong_up,mostly_above_trend,2025-03-31,2026-01-26,SH.601601,中国太保,保险,0.0,0.02,0.0,10.0,0.585,0.7142857142857143,0.03215051202667296,0.0006430102405334592,1
strong_market_effective_participation_v1,baseline_2y_1y_5fold,5,2025-04-01,2026-03-31,mixed_or_unresolved_context,strong_up,mostly_above_trend,2025-03-31,2026-01-26,SH.601899,紫金矿业,铜,0.0,0.040764600000000005,0.0,2.0,0.8971428571428571,0.6428571428571428,0.05165069222577201,0.002105519808306706,1
strong_market_effective_participation_v1,baseline_2y_1y_5fold,5,2025-04-01,2026-03-31,mixed_or_unresolved_context,strong_up,mostly_above_trend,2025-03-31,2026-01-26,SH.603799,华友钴业,小金属,0.0,0.02,0.0,,0.13749999999999998,0.0,0.011951684678957353,0.00023903369357914706,1
strong_market_effective_participation_v1,baseline_2y_1y_5fold,5,2025-04-01,2026-03-31,mixed_or_unresolved_context,strong_up,mostly_above_trend,2025-03-31,2026-01-26,SH.688041,海光信息,半导体,0.0,0.02,0.0,,0.13749999999999998,0.0,-0.010869565217391575,-0.0002173913043478315,1
strong_market_effective_participation_v1,baseline_2y_1y_5fold,5,2025-04-01,2026-03-31,mixed_or_unresolved_context,strong_up,mostly_above_trend,2025-03-31,2026-01-26,SH.688111,金山办公,软件服务,0.0,0.02,0.0,,0.13749999999999998,0.0,-0.013586187376167569,-0.0002717237475233514,1
strong_market_effective_participation_v1,baseline_2y_1y_5fold,5,2025-04-01,2026-03-31,mixed_or_unresolved_context,strong_up,mostly_above_trend,2025-03-31,2026-01-26,SH.688521,芯原股份,半导体,0.0,0.0525,0.0,,0.13749999999999998,0.0,0.07362052274927411,0.0038650774443368904,1
strong_market_effective_participation_v1,baseline_2y_1y_5fold,5,2025-04-01,2026-03-31,mixed_or_unresolved_context,strong_up,mostly_above_trend,2025-03-31,2026-01-26,SZ.000066,中国长城,IT设备,0.0,0.0525,0.0,,0.13749999999999998,0.0,-0.05795516675779111,-0.0030426462547840333,1
strong_market_effective_participation_v1,baseline_2y_1y_5fold,5,2025-04-01,2026-03-31,mixed_or_unresolved_context,strong_up,mostly_above_trend,2025-03-31,2026-01-26,SZ.000100,TCL科技,元器件,0.0,0.02,0.0,,0.13749999999999998,0.0,-0.003960396039603853,-7.920792079207706e-05,1
strong_market_effective_participation_v1,baseline_2y_1y_5fold,5,2025-04-01,2026-03-31,mixed_or_unresolved_context,strong_up,mostly_above_trend,2025-03-31,2026-01-26,SZ.000338,潍柴动力,汽车配件,0.0,0.02,0.0,,0.13749999999999998,0.0,0.03489361702127658,0.0006978723404255316,1
strong_market_effective_participation_v1,baseline_2y_1y_5fold,5,2025-04-01,2026-03-31,mixed_or_unresolved_context,strong_up,mostly_above_trend,2025-03-31,2026-01-26,SZ.002049,紫光国微,半导体,0.0,0.02,0.0,11.0,0.5435714285714286,0.5,-0.04128753412192898,-0.0008257506824385797,1
strong_market_effective_participation_v1,baseline_2y_1y_5fold,5,2025-04-01,2026-03-31,mixed_or_unresolved_context,strong_up,mostly_above_trend,2025-03-31,2026-01-26,SZ.002050,三花智控,家用电器,0.0,0.02,0.0,,0.13749999999999998,0.0,-0.03886010362694303,-0.0007772020725388606,1
strong_market_effective_participation_v1,baseline_2y_1y_5fold,5,2025-04-01,2026-03-31,mixed_or_unresolved_context,strong_up,mostly_above_trend,2025-03-31,2026-01-26,SZ.002156,通富微电,半导体,0.0,0.0525,0.0,4.0,0.7017857142857143,0.0,-0.08058217962371317,-0.004230564430244941,1
strong_market_effective_participation_v1,baseline_2y_1y_5fold,5,2025-04-01,2026-03-31,mixed_or_unresolved_context,strong_up,mostly_above_trend,2025-03-31,2026-01-26,SZ.002916,深南电路,元器件,0.0,0.02,0.0,,0.13749999999999998,0.0,-0.024124136258940387,-0.00048248272517880774,1
strong_market_effective_participation_v1,baseline_2y_1y_5fold,5,2025-04-01,2026-03-31,mixed_or_unresolved_context,strong_up,mostly_above_trend,2025-03-31,2026-01-26,SZ.301236,软通动力,软件服务,0.0,0.02,0.0,,0.13749999999999998,0.0,-0.0003835091083412845,-7.670182166825689e-06,1
strong_market_effective_participation_v1,baseline_2y_1y_5fold,5,2025-04-01,2026-03-31,mixed_or_unresolved_context,strong_up,mostly_above_trend,2025-03-31,2026-01-28,SH.600031,三一重工,工程机械,0.02,0.0,1.0,14.0,0.4611764705882352,0.9411764705882353,-0.025405168637757214,-0.0,0
strong_market_effective_participation_v1,baseline_2y_1y_5fold,5,2025-04-01,2026-03-31,mixed_or_unresolved_context,strong_up,mostly_above_trend,2025-03-31,2026-01-28,SH.600309,万华化学,化工原料,0.02,0.0,1.0,8.0,0.6824999999999999,0.6470588235294117,0.03081463990554889,0.0,0
strong_market_effective_participation_v1,baseline_2y_1y_5fold,5,2025-04-01,2026-03-31,mixed_or_unresolved_context,strong_up,mostly_above_trend,2025-03-31,2026-01-28,SH.601600,中国铝业,铝,0.02,0.0,1.0,3.0,0.8304411764705883,0.2941176470588235,0.10022607385079119,0.0,0
strong_market_effective_participation_v1,baseline_2y_1y_5fold,5,2025-04-01,2026-03-31,mixed_or_unresolved_context,strong_up,mostly_above_trend,2025-03-31,2026-01-28,SH.601899,紫金矿业,铜,0.040764600000000005,0.0,1.0,2.0,0.8470588235294116,0.7647058823529411,0.041615365673479454,0.0,0
strong_market_effective_participation_v1,baseline_2y_1y_5fold,5,2025-04-01,2026-03-31,mixed_or_unresolved_context,strong_up,mostly_above_trend,2025-03-31,2026-01-28,SH.603799,华友钴业,小金属,0.02,0.0,1.0,7.0,0.7102941176470587,0.47058823529411764,0.03339731285988479,0.0,0
strong_market_effective_participation_v1,baseline_2y_1y_5fold,5,2025-04-01,2026-03-31,mixed_or_unresolved_context,strong_up,mostly_above_trend,2025-03-31,2026-01-28,SH.603986,兆易创新,半导体,0.02,0.0,1.0,6.0,0.7276470588235295,0.0,0.053440083317060516,0.0,0
strong_market_effective_participation_v1,baseline_2y_1y_5fold,5,2025-04-01,2026-03-31,mixed_or_unresolved_context,strong_up,mostly_above_trend,2025-03-31,2026-01-28,SH.603993,洛阳钼业,小金属,0.02,0.0,1.0,1.0,0.9348529411764706,0.3529411764705882,0.09803921568627438,0.0,0
strong_market_effective_participation_v1,baseline_2y_1y_5fold,5,2025-04-01,2026-03-31,mixed_or_unresolved_context,strong_up,mostly_above_trend,2025-03-31,2026-01-28,SH.688008,澜起科技,半导体,0.02,0.0,1.0,4.0,0.7497058823529412,0.17647058823529416,0.025085788664063413,0.0,0
strong_market_effective_participation_v1,baseline_2y_1y_5fold,5,2025-04-01,2026-03-31,mixed_or_unresolved_context,strong_up,mostly_above_trend,2025-03-31,2026-01-28,SH.688041,海光信息,半导体,0.02,0.0,1.0,10.0,0.6079411764705883,0.05882352941176472,-0.009012003693444126,-0.0,0
strong_market_effective_participation_v1,baseline_2y_1y_5fold,5,2025-04-01,2026-03-31,mixed_or_unresolved_context,strong_up,mostly_above_trend,2025-03-31,2026-01-28,SH.688521,芯原股份,半导体,0.08,0.0,1.0,9.0,0.6336029411764706,0.4117647058823529,-0.03996524761077325,-0.0,0
strong_market_effective_participation_v1,baseline_2y_1y_5fold,5,2025-04-01,2026-03-31,mixed_or_unresolved_context,strong_up,mostly_above_trend,2025-03-31,2026-01-28,SH.688981,中芯国际,半导体,0.02,0.0,1.0,13.0,0.5539705882352941,0.7058823529411764,0.03627569528415964,0.0,0
strong_market_effective_participation_v1,baseline_2y_1y_5fold,5,2025-04-01,2026-03-31,mixed_or_unresolved_context,strong_up,mostly_above_trend,2025-03-31,2026-01-28,SZ.000338,潍柴动力,汽车配件,0.02,0.0,1.0,5.0,0.746470588235294,0.5882352941176471,-0.010828821324447957,-0.0,0
strong_market_effective_participation_v1,baseline_2y_1y_5fold,5,2025-04-01,2026-03-31,mixed_or_unresolved_context,strong_up,mostly_above_trend,2025-03-31,2026-01-28,SZ.002049,紫光国微,半导体,0.02,0.0,1.0,11.0,0.5908823529411764,0.5294117647058824,0.024592074592074686,0.0,0
strong_market_effective_participation_v1,baseline_2y_1y_5fold,5,2025-04-01,2026-03-31,mixed_or_unresolved_context,strong_up,mostly_above_trend,2025-03-31,2026-01-28,SZ.002916,深南电路,元器件,0.02,0.0,1.0,16.0,0.44279411764705895,0.11764705882352944,-0.027329290383555138,-0.0,0
strong_market_effective_participation_v1,baseline_2y_1y_5fold,5,2025-04-01,2026-03-31,mixed_or_unresolved_context,strong_up,mostly_above_trend,2025-03-31,2026-01-28,SZ.300124,汇川技术,电器仪表,0.02,0.0,1.0,17.0,0.3863235294117647,0.8823529411764706,-0.025879653238143785,-0.0,0
strong_market_effective_participation_v1,baseline_2y_1y_5fold,5,2025-04-01,2026-03-31,mixed_or_unresolved_context,strong_up,mostly_above_trend,2025-03-31,2026-01-28,SZ.300251,光线传媒,影视音像,0.02,0.0,1.0,15.0,0.44955882352941173,0.8235294117647058,0.010734463276836248,0.0,0
strong_market_effective_participation_v1,baseline_2y_1y_5fold,5,2025-04-01,2026-03-31,mixed_or_unresolved_context,strong_up,mostly_above_trend,2025-03-31,2026-01-28,SZ.300394,天孚通信,通信设备,0.02,0.0,1.0,12.0,0.5560294117647059,0.23529411764705888,0.04527277920594108,0.0,0
strong_market_effective_participation_v1,baseline_2y_1y_5fold,5,2025-04-01,2026-03-31,mixed_or_unresolved_context,strong_up,mostly_above_trend,2025-03-31,2026-01-29,SH.600031,三一重工,工程机械,0.02,0.02,1.0,15.0,0.44985294117647057,0.9411764705882353,-0.00584269662921344,-0.0001168539325842688,1
strong_market_effective_participation_v1,baseline_2y_1y_5fold,5,2025-04-01,2026-03-31,mixed_or_unresolved_context,strong_up,mostly_above_trend,2025-03-31,2026-01-29,SH.600309,万华化学,化工原料,0.0,0.02,0.0,,0.13375,0.0,0.0033214981101821195,6.642996220364239e-05,1
strong_market_effective_participation_v1,baseline_2y_1y_5fold,5,2025-04-01,2026-03-31,mixed_or_unresolved_context,strong_up,mostly_above_trend,2025-03-31,2026-01-29,SH.600418,江淮汽车,汽车整车,0.07,0.0,1.0,16.0,0.4349264705882353,0.7647058823529411,0.03208255159474671,0.0,0
strong_market_effective_participation_v1,baseline_2y_1y_5fold,5,2025-04-01,2026-03-31,mixed_or_unresolved_context,strong_up,mostly_above_trend,2025-03-31,2026-01-29,SH.600519,贵州茅台,白酒,0.06242400000000001,0.0,1.0,14.0,0.4788235294117647,0.8235294117647058,0.08614554767354887,0.0,0
strong_market_effective_participation_v1,baseline_2y_1y_5fold,5,2025-04-01,2026-03-31,mixed_or_unresolved_context,strong_up,mostly_above_trend,2025-03-31,2026-01-29,SH.601336,新华保险,保险,0.02,0.0,1.0,6.0,0.719705882352941,0.4117647058823529,0.028056596928286437,0.0,0
strong_market_effective_participation_v1,baseline_2y_1y_5fold,5,2025-04-01,2026-03-31,mixed_or_unresolved_context,strong_up,mostly_above_trend,2025-03-31,2026-01-29,SH.601600,中国铝业,铝,0.02,0.02,1.0,1.0,0.9213235294117648,0.11764705882352944,0.07534246575342451,0.0015068493150684904,1
strong_market_effective_participation_v1,baseline_2y_1y_5fold,5,2025-04-01,2026-03-31,mixed_or_unresolved_context,strong_up,mostly_above_trend,2025-03-31,2026-01-29,SH.601601,中国太保,保险,0.02,0.0,1.0,5.0,0.7301470588235294,0.5294117647058824,0.045269352648257044,0.0,0
strong_market_effective_participation_v1,baseline_2y_1y_5fold,5,2025-04-01,2026-03-31,mixed_or_unresolved_context,strong_up,mostly_above_trend,2025-03-31,2026-01-29,SH.601899,紫金矿业,铜,0.0,0.040764600000000005,0.0,,0.13375,0.0,0.027186761229314627,0.001108257446808519,1
strong_market_effective_participation_v1,baseline_2y_1y_5fold,5,2025-04-01,2026-03-31,mixed_or_unresolved_context,strong_up,mostly_above_trend,2025-03-31,2026-01-29,SH.603259,XD药明康,化学制药,0.02,0.0,1.0,13.0,0.49161764705882344,0.8823529411764706,0.024242424242424176,0.0,0
strong_market_effective_participation_v1,baseline_2y_1y_5fold,5,2025-04-01,2026-03-31,mixed_or_unresolved_context,strong_up,mostly_above_trend,2025-03-31,2026-01-29,SH.603799,华友钴业,小金属,0.02,0.02,1.0,4.0,0.7764705882352942,0.23529411764705888,-0.026745913818722267,-0.0005349182763744454,1
strong_market_effective_participation_v1,baseline_2y_1y_5fold,5,2025-04-01,2026-03-31,mixed_or_unresolved_context,strong_up,mostly_above_trend,2025-03-31,2026-01-29,SH.603893,瑞芯微,半导体,0.02,0.0,1.0,11.0,0.5841176470588235,0.3529411764705882,-0.050617835343159,-0.0,0
strong_market_effective_participation_v1,baseline_2y_1y_5fold,5,2025-04-01,2026-03-31,mixed_or_unresolved_context,strong_up,mostly_above_trend,2025-03-31,2026-01-29,SH.603986,兆易创新,半导体,0.0,0.02,0.0,,0.13375,0.0,-0.04998764211566986,-0.0009997528423133972,1
strong_market_effective_participation_v1,baseline_2y_1y_5fold,5,2025-04-01,2026-03-31,mixed_or_unresolved_context,strong_up,mostly_above_trend,2025-03-31,2026-01-29,SH.603993,洛阳钼业,小金属,0.0,0.02,0.0,,0.13375,0.0,0.005580357142857206,0.00011160714285714413,1
strong_market_effective_participation_v1,baseline_2y_1y_5fold,5,2025-04-01,2026-03-31,mixed_or_unresolved_context,strong_up,mostly_above_trend,2025-03-31,2026-01-29,SH.688008,澜起科技,半导体,0.02,0.02,1.0,2.0,0.8017647058823529,0.05882352941176472,-0.06395013274847039,-0.001279002654969408,1
strong_market_effective_participation_v1,baseline_2y_1y_5fold,5,2025-04-01,2026-03-31,mixed_or_unresolved_context,strong_up,mostly_above_trend,2025-03-31,2026-01-29,SH.688041,海光信息,半导体,0.0,0.02,0.0,,0.13375,0.0,-0.025872546823739406,-0.0005174509364747882,1
strong_market_effective_participation_v1,baseline_2y_1y_5fold,5,2025-04-01,2026-03-31,mixed_or_unresolved_context,strong_up,mostly_above_trend,2025-03-31,2026-01-29,SH.688521,芯原股份,半导体,0.0,0.08,0.0,,0.13375,0.0,-0.05244343891402714,-0.004195475113122171,1
strong_market_effective_participation_v1,baseline_2y_1y_5fold,5,2025-04-01,2026-03-31,mixed_or_unresolved_context,strong_up,mostly_above_trend,2025-03-31,2026-01-29,SH.688981,中芯国际,半导体,0.0,0.02,0.0,,0.13375,0.0,-0.04784130688448074,-0.0009568261376896148,1
strong_market_effective_participation_v1,baseline_2y_1y_5fold,5,2025-04-01,2026-03-31,mixed_or_unresolved_context,strong_up,mostly_above_trend,2025-03-31,2026-01-29,SZ.000338,潍柴动力,汽车配件,0.02,0.02,1.0,3.0,0.7845588235294118,0.47058823529411764,-0.02189473684210519,-0.0004378947368421038,1
strong_market_effective_participation_v1,baseline_2y_1y_5fold,5,2025-04-01,2026-03-31,mixed_or_unresolved_context,strong_up,mostly_above_trend,2025-03-31,2026-01-29,SZ.002049,紫光国微,半导体,0.02,0.02,1.0,12.0,0.5819117647058824,0.17647058823529416,-0.041519736093732496,-0.0008303947218746499,1
strong_market_effective_participation_v1,baseline_2y_1y_5fold,5,2025-04-01,2026-03-31,mixed_or_unresolved_context,strong_up,mostly_above_trend,2025-03-31,2026-01-29,SZ.002156,通富微电,半导体,0.07,0.0,1.0,8.0,0.65375,0.0,-0.04878950286453543,-0.0,0
strong_market_effective_participation_v1,baseline_2y_1y_5fold,5,2025-04-01,2026-03-31,mixed_or_unresolved_context,strong_up,mostly_above_trend,2025-03-31,2026-01-29,SZ.002230,科大讯飞,软件服务,0.02,0.0,1.0,7.0,0.7002941176470587,0.2941176470588235,0.06420097697138871,0.0,0
strong_market_effective_participation_v1,baseline_2y_1y_5fold,5,2025-04-01,2026-03-31,mixed_or_unresolved_context,strong_up,mostly_above_trend,2025-03-31,2026-01-29,SZ.002371,北方华创,半导体,0.02,0.0,1.0,9.0,0.6244117647058823,0.5882352941176471,-0.053047808764940196,-0.0,0
strong_market_effective_participation_v1,baseline_2y_1y_5fold,5,2025-04-01,2026-03-31,mixed_or_unresolved_context,strong_up,mostly_above_trend,2025-03-31,2026-01-29,SZ.002916,深南电路,元器件,0.0,0.02,0.0,,0.13375,0.0,-0.06089068825910915,-0.001217813765182183,1
strong_market_effective_participation_v1,baseline_2y_1y_5fold,5,2025-04-01,2026-03-31,mixed_or_unresolved_context,strong_up,mostly_above_trend,2025-03-31,2026-01-29,SZ.300124,汇川技术,电器仪表,0.0,0.02,0.0,,0.13375,0.0,-0.007067137809187218,-0.00014134275618374437,1
strong_market_effective_participation_v1,baseline_2y_1y_5fold,5,2025-04-01,2026-03-31,mixed_or_unresolved_context,strong_up,mostly_above_trend,2025-03-31,2026-01-29,SZ.300251,光线传媒,影视音像,0.02,0.02,1.0,10.0,0.6016176470588237,0.7058823529411764,0.020681945220793807,0.00041363890441587615,1
strong_market_effective_participation_v1,baseline_2y_1y_5fold,5,2025-04-01,2026-03-31,mixed_or_unresolved_context,strong_up,mostly_above_trend,2025-03-31,2026-01-29,SZ.300394,天孚通信,通信设备,0.0,0.02,0.0,,0.13375,0.0,0.0201757981509314,0.000403515963018628,1
strong_market_effective_participation_v1,baseline_2y_1y_5fold,5,2025-04-01,2026-03-31,mixed_or_unresolved_context,strong_up,mostly_above_trend,2025-03-31,2026-01-29,SZ.300458,全志科技,半导体,0.07,0.0,1.0,17.0,0.31845588235294114,0.6470588235294117,-0.03987068965517249,-0.0,0
strong_market_effective_participation_v1,baseline_2y_1y_5fold,5,2025-04-01,2026-03-31,mixed_or_unresolved_context,strong_up,mostly_above_trend,2025-03-31,2026-01-30,SH.600031,三一重工,工程机械,0.0,0.02,0.0,,0.14125,0.0,-0.009041591320072317,-0.00018083182640144636,1
strong_market_effective_participation_v1,baseline_2y_1y_5fold,5,2025-04-01,2026-03-31,mixed_or_unresolved_context,strong_up,mostly_above_trend,2025-03-31,2026-01-30,SH.600418,江淮汽车,汽车整车,0.0,0.07,0.0,,0.14125,0.0,-0.005635339029267272,-0.0003944737320487091,1
strong_market_effective_participation_v1,baseline_2y_1y_5fold,5,2025-04-01,2026-03-31,mixed_or_unresolved_context,strong_up,mostly_above_trend,2025-03-31,2026-01-30,SH.600519,贵州茅台,白酒,0.0,0.06242400000000001,0.0,,0.14125,0.0,-0.025540439028461703,-0.0015943363659126936,1
strong_market_effective_participation_v1,baseline_2y_1y_5fold,5,2025-04-01,2026-03-31,mixed_or_unresolved_context,strong_up,mostly_above_trend,2025-03-31,2026-01-30,SH.601336,新华保险,保险,0.0,0.02,0.0,,0.14125,0.0,-0.02129161275144098,-0.00042583225502881963,1
strong_market_effective_participation_v1,baseline_2y_1y_5fold,5,2025-04-01,2026-03-31,mixed_or_unresolved_context,strong_up,mostly_above_trend,2025-03-31,2026-01-30,SH.601600,中国铝业,铝,0.02,0.02,1.0,4.0,0.708,0.0,-0.09999999999999976,-0.0019999999999999953,1
strong_market_effective_participation_v1,baseline_2y_1y_5fold,5,2025-04-01,2026-03-31,mixed_or_unresolved_context,strong_up,mostly_above_trend,2025-03-31,2026-01-30,SH.601601,中国太保,保险,0.0,0.02,0.0,,0.14125,0.0,-0.013642269380684358,-0.00027284538761368715,1
strong_market_effective_participation_v1,baseline_2y_1y_5fold,5,2025-04-01,2026-03-31,mixed_or_unresolved_context,strong_up,mostly_above_trend,2025-03-31,2026-01-30,SH.601899,紫金矿业,铜,0.040764600000000005,0.0,1.0,3.0,0.7415,0.7,-0.07617951668584588,-0.0,0
strong_market_effective_participation_v1,baseline_2y_1y_5fold,5,2025-04-01,2026-03-31,mixed_or_unresolved_context,strong_up,mostly_above_trend,2025-03-31,2026-01-30,SH.603259,XD药明康,化学制药,0.0,0.02,0.0,,0.14125,0.0,-0.028769638849214352,-0.000575392776984287,1
strong_market_effective_participation_v1,baseline_2y_1y_5fold,5,2025-04-01,2026-03-31,mixed_or_unresolved_context,strong_up,mostly_above_trend,2025-03-31,2026-01-30,SH.603799,华友钴业,小金属,0.02,0.02,1.0,7.0,0.5255,0.30000000000000004,-0.08396946564885488,-0.0016793893129770977,1
strong_market_effective_participation_v1,baseline_2y_1y_5fold,5,2025-04-01,2026-03-31,mixed_or_unresolved_context,strong_up,mostly_above_trend,2025-03-31,2026-01-30,SH.603893,瑞芯微,半导体,0.0,0.02,0.0,,0.14125,0.0,5.227118289696797e-05,1.0454236579393595e-06,1
strong_market_effective_participation_v1,baseline_2y_1y_5fold,5,2025-04-01,2026-03-31,mixed_or_unresolved_context,strong_up,mostly_above_trend,2025-03-31,2026-01-30,SH.603993,洛阳钼业,小金属,0.02,0.0,1.0,2.0,0.8090000000000002,0.09999999999999998,-0.0998890122086572,-0.0,0
strong_market_effective_participation_v1,baseline_2y_1y_5fold,5,2025-04-01,2026-03-31,mixed_or_unresolved_context,strong_up,mostly_above_trend,2025-03-31,2026-01-30,SH.688008,澜起科技,半导体,0.0,0.02,0.0,,0.14125,0.0,0.12128499198421494,0.002425699839684299,1
strong_market_effective_participation_v1,baseline_2y_1y_5fold,5,2025-04-01,2026-03-31,mixed_or_unresolved_context,strong_up,mostly_above_trend,2025-03-31,2026-01-30,SH.688521,芯原股份,半导体,0.08,0.0,1.0,5.0,0.69725,0.4,0.06016904636836817,0.0,0
strong_market_effective_participation_v1,baseline_2y_1y_5fold,5,2025-04-01,2026-03-31,mixed_or_unresolved_context,strong_up,mostly_above_trend,2025-03-31,2026-01-30,SZ.000338,潍柴动力,汽车配件,0.0,0.02,0.0,,0.14125,0.0,0.021954369349978187,0.00043908738699956375,1
strong_market_effective_participation_v1,baseline_2y_1y_5fold,5,2025-04-01,2026-03-31,mixed_or_unresolved_context,strong_up,mostly_above_trend,2025-03-31,2026-01-30,SZ.002049,紫光国微,半导体,0.0,0.02,0.0,,0.14125,0.0,-0.001780204130073515,-3.56040826014703e-05,1
strong_market_effective_participation_v1,baseline_2y_1y_5fold,5,2025-04-01,2026-03-31,mixed_or_unresolved_context,strong_up,mostly_above_trend,2025-03-31,2026-01-30,SZ.002156,通富微电,半导体,0.0,0.07,0.0,,0.14125,0.0,0.01146298814843627,0.000802409170390539,1
strong_market_effective_participation_v1,baseline_2y_1y_5fold,5,2025-04-01,2026-03-31,mixed_or_unresolved_context,strong_up,mostly_above_trend,2025-03-31,2026-01-30,SZ.002230,科大讯飞,软件服务,0.02,0.02,1.0,8.0,0.5245,0.6,-0.022950819672131084,-0.0004590163934426217,1
strong_market_effective_participation_v1,baseline_2y_1y_5fold,5,2025-04-01,2026-03-31,mixed_or_unresolved_context,strong_up,mostly_above_trend,2025-03-31,2026-01-30,SZ.002371,北方华创,半导体,0.0,0.02,0.0,,0.14125,0.0,-0.0002945074363127631,-5.890148726255262e-06,1
strong_market_effective_participation_v1,baseline_2y_1y_5fold,5,2025-04-01,2026-03-31,mixed_or_unresolved_context,strong_up,mostly_above_trend,2025-03-31,2026-01-30,SZ.300251,光线传媒,影视音像,0.02,0.02,1.0,6.0,0.6905,0.8,0.07119386637458902,0.0014238773274917805,1
strong_market_effective_participation_v1,baseline_2y_1y_5fold,5,2025-04-01,2026-03-31,mixed_or_unresolved_context,strong_up,mostly_above_trend,2025-03-31,2026-01-30,SZ.300308,中际旭创,通信设备,0.048436200000000006,0.0,1.0,9.0,0.516,0.5,0.0572615459802881,0.0,0
strong_market_effective_participation_v1,baseline_2y_1y_5fold,5,2025-04-01,2026-03-31,mixed_or_unresolved_context,strong_up,mostly_above_trend,2025-03-31,2026-01-30,SZ.300394,天孚通信,通信设备,0.02,0.0,1.0,1.0,0.815,0.19999999999999996,0.10906250000000006,0.0,0
strong_market_effective_participation_v1,baseline_2y_1y_5fold,5,2025-04-01,2026-03-31,mixed_or_unresolved_context,strong_up,mostly_above_trend,2025-03-31,2026-01-30,SZ.300458,全志科技,半导体,0.08,0.07,1.0,10.0,0.41524999999999995,0.9,0.03367003367003374,0.002356902356902362,1
strong_market_effective_participation_v1,baseline_2y_1y_5fold,5,2025-04-01,2026-03-31,mixed_or_unresolved_context,strong_up,mostly_above_trend,2025-03-31,2026-02-02,SH.600309,万华化学,化工原料,0.02,0.0,1.0,3.0,0.7600000000000001,0.75,-0.08684778901898371,-0.0,0
strong_market_effective_participation_v1,baseline_2y_1y_5fold,5,2025-04-01,2026-03-31,mixed_or_unresolved_context,strong_up,mostly_above_trend,2025-03-31,2026-02-02,SH.601600,中国铝业,铝,0.0,0.02,0.0,,0.14625,0.0,-0.0997876857749469,-0.001995753715498938,1
strong_market_effective_participation_v1,baseline_2y_1y_5fold,5,2025-04-01,2026-03-31,mixed_or_unresolved_context,strong_up,mostly_above_trend,2025-03-31,2026-02-02,SH.601899,紫金矿业,铜,0.0,0.040764600000000005,0.0,,0.14625,0.0,-0.08794220229197813,-0.0035849286995515723,1
strong_market_effective_participation_v1,baseline_2y_1y_5fold,5,2025-04-01,2026-03-31,mixed_or_unresolved_context,strong_up,mostly_above_trend,2025-03-31,2026-02-02,SH.603799,华友钴业,小金属,0.0,0.02,0.0,,0.14625,0.0,-0.03499999999999992,-0.0006999999999999984,1
strong_market_effective_participation_v1,baseline_2y_1y_5fold,5,2025-04-01,2026-03-31,mixed_or_unresolved_context,strong_up,mostly_above_trend,2025-03-31,2026-02-02,SH.603986,兆易创新,半导体,0.02,0.0,1.0,2.0,0.7625,0.0,-0.10000635162601634,-0.0,0
strong_market_effective_participation_v1,baseline_2y_1y_5fold,5,2025-04-01,2026-03-31,mixed_or_unresolved_context,strong_up,mostly_above_trend,2025-03-31,2026-02-02,SH.603993,洛阳钼业,小金属,0.0,0.02,0.0,,0.14625,0.0,-0.09206740649404022,-0.0018413481298808043,1
strong_market_effective_participation_v1,baseline_2y_1y_5fold,5,2025-04-01,2026-03-31,mixed_or_unresolved_context,strong_up,mostly_above_trend,2025-03-31,2026-02-02,SH.688521,芯原股份,半导体,0.0,0.08,0.0,,0.14625,0.0,-0.06378091076978509,-0.005102472861582808,1
strong_market_effective_participation_v1,baseline_2y_1y_5fold,5,2025-04-01,2026-03-31,mixed_or_unresolved_context,strong_up,mostly_above_trend,2025-03-31,2026-02-02,SZ.002230,科大讯飞,软件服务,0.0,0.02,0.0,,0.14625,0.0,-0.043624161073825496,-0.0008724832214765099,1
strong_market_effective_participation_v1,baseline_2y_1y_5fold,5,2025-04-01,2026-03-31,mixed_or_unresolved_context,strong_up,mostly_above_trend,2025-03-31,2026-02-02,SZ.300251,光线传媒,影视音像,0.0,0.02,0.0,,0.14625,0.0,0.004089979550102374,8.179959100204748e-05,1
strong_market_effective_participation_v1,baseline_2y_1y_5fold,5,2025-04-01,2026-03-31,mixed_or_unresolved_context,strong_up,mostly_above_trend,2025-03-31,2026-02-02,SZ.300308,中际旭创,通信设备,0.0,0.048436200000000006,0.0,,0.14625,0.0,-0.08936825885978417,-0.0043286588597842785,1
strong_market_effective_participation_v1,baseline_2y_1y_5fold,5,2025-04-01,2026-03-31,mixed_or_unresolved_context,strong_up,mostly_above_trend,2025-03-31,2026-02-02,SZ.300394,天孚通信,通信设备,0.02,0.02,1.0,1.0,0.8175,0.25,-0.040011270780501484,-0.0008002254156100297,1
strong_market_effective_participation_v1,baseline_2y_1y_5fold,5,2025-04-01,2026-03-31,mixed_or_unresolved_context,strong_up,mostly_above_trend,2025-03-31,2026-02-02,SZ.300458,全志科技,半导体,0.0,0.08,0.0,,0.14625,0.0,-0.06883821932681855,-0.005507057546145484,1
strong_market_effective_participation_v1,baseline_2y_1y_5fold,5,2025-04-01,2026-03-31,mixed_or_unresolved_context,strong_up,mostly_above_trend,2025-03-31,2026-02-02,SZ.300502,新易盛,通信设备,0.029214000000000004,0.0,1.0,4.0,0.575,0.5,0.046508855991799436,0.0,0
strong_market_effective_participation_v1,baseline_2y_1y_5fold,5,2025-04-01,2026-03-31,mixed_or_unresolved_context,strong_up,mostly_above_trend,2025-03-31,2026-02-03,SH.600309,万华化学,化工原料,0.0,0.02,0.0,,0.1425,0.0,0.03747043445786136,0.0007494086891572272,1
strong_market_effective_participation_v1,baseline_2y_1y_5fold,5,2025-04-01,2026-03-31,mixed_or_unresolved_context,strong_up,mostly_above_trend,2025-03-31,2026-02-03,SH.603986,兆易创新,半导体,0.0,0.02,0.0,,0.1425,0.0,0.03239352129574091,0.0006478704259148182,1
strong_market_effective_participation_v1,baseline_2y_1y_5fold,5,2025-04-01,2026-03-31,mixed_or_unresolved_context,strong_up,mostly_above_trend,2025-03-31,2026-02-03,SZ.300394,天孚通信,通信设备,0.0,0.02,0.0,,0.1425,0.0,0.13212294016520598,0.0026424588033041197,1
strong_market_effective_participation_v1,baseline_2y_1y_5fold,5,2025-04-01,2026-03-31,mixed_or_unresolved_context,strong_up,mostly_above_trend,2025-03-31,2026-02-03,SZ.300502,新易盛,通信设备,0.0,0.029214000000000004,0.0,6.0,0.6275,0.5,-0.022551252847380354,-0.0006588123006833697,1
strong_market_effective_participation_v1,baseline_2y_1y_5fold,5,2025-04-01,2026-03-31,mixed_or_unresolved_context,strong_up,mostly_above_trend,2025-03-31,2026-02-26,SH.601919,中远海控,水运,0.02,0.0,1.0,10.0,0.4893181818181818,0.9090909090909091,0.018243243243243334,0.0,0
strong_market_effective_participation_v1,baseline_2y_1y_5fold,5,2025-04-01,2026-03-31,mixed_or_unresolved_context,strong_up,mostly_above_trend,2025-03-31,2026-02-26,SH.603799,华友钴业,小金属,0.02,0.0,1.0,8.0,0.5277272727272728,0.36363636363636365,-0.007615851297276377,-0.0,0
strong_market_effective_participation_v1,baseline_2y_1y_5fold,5,2025-04-01,2026-03-31,mixed_or_unresolved_context,strong_up,mostly_above_trend,2025-03-31,2026-02-26,SZ.000338,潍柴动力,汽车配件,0.02,0.0,1.0,1.0,0.8920454545454545,0.09090909090909094,0.024544179523141585,0.0,0
strong_market_effective_participation_v1,baseline_2y_1y_5fold,5,2025-04-01,2026-03-31,mixed_or_unresolved_context,strong_up,mostly_above_trend,2025-03-31,2026-02-26,SZ.000988,华工科技,专用机械,0.0525,0.0,1.0,9.0,0.5261363636363636,0.4545454545454546,0.028455284552845628,0.0,0
strong_market_effective_participation_v1,baseline_2y_1y_5fold,5,2025-04-01,2026-03-31,mixed_or_unresolved_context,strong_up,mostly_above_trend,2025-03-31,2026-02-26,SZ.002085,万丰奥威,汽车配件,0.0525,0.0,1.0,11.0,0.39340909090909093,0.8181818181818181,0.030056355666875367,0.0,0
strong_market_effective_participation_v1,baseline_2y_1y_5fold,5,2025-04-01,2026-03-31,mixed_or_unresolved_context,strong_up,mostly_above_trend,2025-03-31,2026-02-26,SZ.002195,岩山科技,软件服务,0.0525,0.0,1.0,7.0,0.531590909090909,0.6363636363636364,0.03122043519394513,0.0,0
strong_market_effective_participation_v1,baseline_2y_1y_5fold,5,2025-04-01,2026-03-31,mixed_or_unresolved_context,strong_up,mostly_above_trend,2025-03-31,2026-02-26,SZ.002281,光迅科技,通信设备,0.0525,0.0,1.0,6.0,0.5352272727272727,0.7272727272727273,0.04234122042341215,0.0,0
strong_market_effective_participation_v1,baseline_2y_1y_5fold,5,2025-04-01,2026-03-31,mixed_or_unresolved_context,strong_up,mostly_above_trend,2025-03-31,2026-02-26,SZ.002384,东山精密,元器件,0.02,0.0,1.0,5.0,0.701590909090909,0.2727272727272727,0.08010563380281721,0.0,0
strong_market_effective_participation_v1,baseline_2y_1y_5fold,5,2025-04-01,2026-03-31,mixed_or_unresolved_context,strong_up,mostly_above_trend,2025-03-31,2026-02-26,SZ.002463,沪电股份,元器件,0.02,0.0,1.0,2.0,0.7518181818181818,0.18181818181818177,0.10000000000000009,0.0,0
strong_market_effective_participation_v1,baseline_2y_1y_5fold,5,2025-04-01,2026-03-31,mixed_or_unresolved_context,strong_up,mostly_above_trend,2025-03-31,2026-02-26,SZ.002916,深南电路,元器件,0.02,0.0,1.0,3.0,0.7322727272727272,0.0,0.10001516530178955,0.0,0
strong_market_effective_participation_v1,baseline_2y_1y_5fold,5,2025-04-01,2026-03-31,mixed_or_unresolved_context,strong_up,mostly_above_trend,2025-03-31,2026-02-26,SZ.300476,胜宏科技,元器件,0.02,0.0,1.0,4.0,0.7163636363636362,0.5454545454545454,0.07748308155034533,0.0,0
strong_market_effective_participation_v1,baseline_2y_1y_5fold,5,2025-04-01,2026-03-31,mixed_or_unresolved_context,strong_up,mostly_above_trend,2025-03-31,2026-02-27,SH.600126,杭钢股份,普钢,0.035,0.0,1.0,5.0,0.5922499999999999,0.19999999999999996,0.0995575221238938,0.0,0
strong_market_effective_participation_v1,baseline_2y_1y_5fold,5,2025-04-01,2026-03-31,mixed_or_unresolved_context,strong_up,mostly_above_trend,2025-03-31,2026-02-27,SH.600309,万华化学,化工原料,0.02,0.0,1.0,1.0,0.7935000000000001,0.5,0.03310375472117322,0.0,0
strong_market_effective_participation_v1,baseline_2y_1y_5fold,5,2025-04-01,2026-03-31,mixed_or_unresolved_context,strong_up,mostly_above_trend,2025-03-31,2026-02-27,SH.601919,中远海控,水运,0.0,0.02,0.0,,0.14625,0.0,-0.003981420039814276,-7.962840079628553e-05,1
strong_market_effective_participation_v1,baseline_2y_1y_5fold,5,2025-04-01,2026-03-31,mixed_or_unresolved_context,strong_up,mostly_above_trend,2025-03-31,2026-02-27,SH.603799,华友钴业,小金属,0.0,0.02,0.0,,0.14625,0.0,0.022632674297606847,0.00045265348595213695,1
strong_market_effective_participation_v1,baseline_2y_1y_5fold,5,2025-04-01,2026-03-31,mixed_or_unresolved_context,strong_up,mostly_above_trend,2025-03-31,2026-02-27,SZ.000100,TCL科技,元器件,0.02,0.0,1.0,8.0,0.555,0.8,0.03112033195020736,0.0,0
strong_market_effective_participation_v1,baseline_2y_1y_5fold,5,2025-04-01,2026-03-31,mixed_or_unresolved_context,strong_up,mostly_above_trend,2025-03-31,2026-02-27,SZ.000338,潍柴动力,汽车配件,0.0,0.02,0.0,,0.14625,0.0,-0.04654346338124571,-0.0009308692676249142,1
strong_market_effective_participation_v1,baseline_2y_1y_5fold,5,2025-04-01,2026-03-31,mixed_or_unresolved_context,strong_up,mostly_above_trend,2025-03-31,2026-02-27,SZ.000725,京东方Ａ,元器件,0.02,0.0,1.0,7.0,0.5780000000000001,0.9,0.03464203233256358,0.0,0
strong_market_effective_participation_v1,baseline_2y_1y_5fold,5,2025-04-01,2026-03-31,mixed_or_unresolved_context,strong_up,mostly_above_trend,2025-03-31,2026-02-27,SZ.000988,华工科技,专用机械,0.035,0.0525,1.0,3.0,0.68025,0.09999999999999998,0.0147939017504235,0.0007766798418972336,1
strong_market_effective_participation_v1,baseline_2y_1y_5fold,5,2025-04-01,2026-03-31,mixed_or_unresolved_context,strong_up,mostly_above_trend,2025-03-31,2026-02-27,SZ.002085,万丰奥威,汽车配件,0.035,0.0525,1.0,10.0,0.31425,0.7,-0.006686930091185372,-0.000351063829787232,1
strong_market_effective_participation_v1,baseline_2y_1y_5fold,5,2025-04-01,2026-03-31,mixed_or_unresolved_context,strong_up,mostly_above_trend,2025-03-31,2026-02-27,SZ.002195,岩山科技,软件服务,0.035,0.0525,1.0,4.0,0.64225,0.30000000000000004,0.015596330275229331,0.0008188073394495398,1
strong_market_effective_participation_v1,baseline_2y_1y_5fold,5,2025-04-01,2026-03-31,mixed_or_unresolved_context,strong_up,mostly_above_trend,2025-03-31,2026-02-27,SZ.002261,拓维信息,软件服务,0.035,0.0,1.0,9.0,0.46225,0.6,0.10000000000000009,0.0,0
strong_market_effective_participation_v1,baseline_2y_1y_5fold,5,2025-04-01,2026-03-31,mixed_or_unresolved_context,strong_up,mostly_above_trend,2025-03-31,2026-02-27,SZ.002281,光迅科技,通信设备,0.035,0.0525,1.0,6.0,0.58225,0.4,0.007832204964821399,0.0004111907606531234,1
strong_market_effective_participation_v1,baseline_2y_1y_5fold,5,2025-04-01,2026-03-31,mixed_or_unresolved_context,strong_up,mostly_above_trend,2025-03-31,2026-02-27,SZ.002384,东山精密,元器件,0.0,0.02,0.0,,0.14625,0.0,-0.003958551635813268,-7.917103271626536e-05,1
strong_market_effective_participation_v1,baseline_2y_1y_5fold,5,2025-04-01,2026-03-31,mixed_or_unresolved_context,strong_up,mostly_above_trend,2025-03-31,2026-02-27,SZ.002463,沪电股份,元器件,0.02,0.02,1.0,2.0,0.6924999999999999,0.0,-0.020618556701030966,-0.00041237113402061934,1
strong_market_effective_participation_v1,baseline_2y_1y_5fold,5,2025-04-01,2026-03-31,mixed_or_unresolved_context,strong_up,mostly_above_trend,2025-03-31,2026-02-27,SZ.002916,深南电路,元器件,0.0,0.02,0.0,,0.14625,0.0,-0.01613014406838076,-0.0003226028813676152,1
strong_market_effective_participation_v1,baseline_2y_1y_5fold,5,2025-04-01,2026-03-31,mixed_or_unresolved_context,strong_up,mostly_above_trend,2025-03-31,2026-02-27,SZ.300476,胜宏科技,元器件,0.0,0.02,0.0,,0.14625,0.0,-0.03549563838223635,-0.000709912767644727,1
strong_market_effective_participation_v1,baseline_2y_1y_5fold,5,2025-04-01,2026-03-31,mixed_or_unresolved_context,strong_up,mostly_above_trend,2025-03-31,2026-03-02,SH.600126,杭钢股份,普钢,0.0,0.035,0.0,,0.13999999999999999,0.0,-0.035211267605633756,-0.0012323943661971817,1
strong_market_effective_participation_v1,baseline_2y_1y_5fold,5,2025-04-01,2026-03-31,mixed_or_unresolved_context,strong_up,mostly_above_trend,2025-03-31,2026-03-02,SH.600309,万华化学,化工原料,0.0,0.02,0.0,1.0,0.8183333333333332,0.6666666666666667,0.014193548387096744,0.0002838709677419349,1
strong_market_effective_participation_v1,baseline_2y_1y_5fold,5,2025-04-01,2026-03-31,mixed_or_unresolved_context,strong_up,mostly_above_trend,2025-03-31,2026-03-02,SZ.000100,TCL科技,元器件,0.0,0.02,0.0,,0.13999999999999999,0.0,-0.004024144869215207,-8.048289738430415e-05,1
strong_market_effective_participation_v1,baseline_2y_1y_5fold,5,2025-04-01,2026-03-31,mixed_or_unresolved_context,strong_up,mostly_above_trend,2025-03-31,2026-03-02,SZ.000725,京东方Ａ,元器件,0.0,0.02,0.0,,0.13999999999999999,0.0,0.0022321428571427937,4.4642857142855876e-05,1
strong_market_effective_participation_v1,baseline_2y_1y_5fold,5,2025-04-01,2026-03-31,mixed_or_unresolved_context,strong_up,mostly_above_trend,2025-03-31,2026-03-02,SZ.000988,华工科技,专用机械,0.0,0.035,0.0,6.0,0.6483333333333334,0.33333333333333337,0.056866236367683065,0.0019903182728689076,1
strong_market_effective_participation_v1,baseline_2y_1y_5fold,5,2025-04-01,2026-03-31,mixed_or_unresolved_context,strong_up,mostly_above_trend,2025-03-31,2026-03-02,SZ.002085,万丰奥威,汽车配件,0.0,0.035,0.0,,0.13999999999999999,0.0,0.006731946144430845,0.00023561811505507958,1
strong_market_effective_participation_v1,baseline_2y_1y_5fold,5,2025-04-01,2026-03-31,mixed_or_unresolved_context,strong_up,mostly_above_trend,2025-03-31,2026-03-02,SZ.002195,岩山科技,软件服务,0.0,0.035,0.0,12.0,0.43500000000000005,0.5833333333333333,-0.028003613369467106,-0.0009801264679313488,1
strong_market_effective_participation_v1,baseline_2y_1y_5fold,5,2025-04-01,2026-03-31,mixed_or_unresolved_context,strong_up,mostly_above_trend,2025-03-31,2026-03-02,SZ.002261,拓维信息,软件服务,0.0,0.035,0.0,,0.13999999999999999,0.0,-0.018893756845564158,-0.0006612814895947456,1
strong_market_effective_participation_v1,baseline_2y_1y_5fold,5,2025-04-01,2026-03-31,mixed_or_unresolved_context,strong_up,mostly_above_trend,2025-03-31,2026-03-02,SZ.002281,光迅科技,通信设备,0.0,0.035,0.0,9.0,0.515,0.5,0.014488935721812535,0.0005071127502634387,1
strong_market_effective_participation_v1,baseline_2y_1y_5fold,5,2025-04-01,2026-03-31,mixed_or_unresolved_context,strong_up,mostly_above_trend,2025-03-31,2026-03-02,SZ.002463,沪电股份,元器件,0.0,0.02,0.0,,0.13999999999999999,0.0,-0.020693779904305876,-0.00041387559808611754,1
strong_market_effective_participation_v1,baseline_2y_1y_5fold,5,2025-04-01,2026-03-31,mixed_or_unresolved_context,strong_up,mostly_above_trend,2025-03-31,2026-03-03,SH.600126,杭钢股份,普钢,0.08,0.0,1.0,9.0,0.37013888888888885,0.4444444444444444,-0.04066736183524511,-0.0,0
strong_market_effective_participation_v1,baseline_2y_1y_5fold,5,2025-04-01,2026-03-31,mixed_or_unresolved_context,strong_up,mostly_above_trend,2025-03-31,2026-03-03,SH.600150,中国船舶,船舶,0.02,0.0,1.0,5.0,0.6325,0.8888888888888888,-0.014686598478888091,-0.0,0
strong_market_effective_participation_v1,baseline_2y_1y_5fold,5,2025-04-01,2026-03-31,mixed_or_unresolved_context,strong_up,mostly_above_trend,2025-03-31,2026-03-03,SH.600309,万华化学,化工原料,0.02,0.0,1.0,3.0,0.7949999999999998,0.5555555555555556,-0.03424512298558091,-0.0,0
strong_market_effective_participation_v1,baseline_2y_1y_5fold,5,2025-04-01,2026-03-31,mixed_or_unresolved_context,strong_up,mostly_above_trend,2025-03-31,2026-03-03,SH.601088,中国神华,煤炭开采,0.02,0.0,1.0,2.0,0.8430555555555556,0.6666666666666667,0.02414486921529191,0.0,0
strong_market_effective_participation_v1,baseline_2y_1y_5fold,5,2025-04-01,2026-03-31,mixed_or_unresolved_context,strong_up,mostly_above_trend,2025-03-31,2026-03-03,SH.601857,中国石油,石油开采,0.02,0.0,1.0,1.0,0.916111111111111,0.33333333333333337,0.10041841004184104,0.0,0
strong_market_effective_participation_v1,baseline_2y_1y_5fold,5,2025-04-01,2026-03-31,mixed_or_unresolved_context,strong_up,mostly_above_trend,2025-03-31,2026-03-03,SZ.000338,潍柴动力,汽车配件,0.02,0.0,1.0,4.0,0.7944444444444445,0.0,-0.0454545454545453,-0.0,0
strong_market_effective_participation_v1,baseline_2y_1y_5fold,5,2025-04-01,2026-03-31,mixed_or_unresolved_context,strong_up,mostly_above_trend,2025-03-31,2026-03-03,SZ.002463,沪电股份,元器件,0.02,0.0,1.0,7.0,0.5602777777777778,0.11111111111111116,-0.06901184805178961,-0.0,0
strong_market_effective_participation_v1,baseline_2y_1y_5fold,5,2025-04-01,2026-03-31,mixed_or_unresolved_context,strong_up,mostly_above_trend,2025-03-31,2026-03-03,SZ.002594,比亚迪,汽车整车,0.02,0.0,1.0,8.0,0.46888888888888886,0.7777777777777778,-0.016324000413265982,-0.0,0
strong_market_effective_participation_v1,baseline_2y_1y_5fold,5,2025-04-01,2026-03-31,mixed_or_unresolved_context,strong_up,mostly_above_trend,2025-03-31,2026-03-03,SZ.300476,胜宏科技,元器件,0.02,0.0,1.0,6.0,0.5708333333333333,0.2222222222222222,-0.06363336630398952,-0.0,0
strong_market_effective_participation_v1,baseline_2y_1y_5fold,5,2025-04-01,2026-03-31,mixed_or_unresolved_context,strong_up,mostly_above_trend,2025-03-31,2026-03-04,SH.600126,杭钢股份,普钢,0.0,0.08,0.0,10.0,0.30250000000000005,0.30000000000000004,-0.004347826086956386,-0.00034782608695651087,1
strong_market_effective_participation_v1,baseline_2y_1y_5fold,5,2025-04-01,2026-03-31,mixed_or_unresolved_context,strong_up,mostly_above_trend,2025-03-31,2026-03-04,SH.600150,中国船舶,船舶,0.0,0.02,0.0,4.0,0.7214999999999999,0.8,0.026350811817939856,0.0005270162363587972,1
strong_market_effective_participation_v1,baseline_2y_1y_5fold,5,2025-04-01,2026-03-31,mixed_or_unresolved_context,strong_up,mostly_above_trend,2025-03-31,2026-03-04,SH.600309,万华化学,化工原料,0.0,0.02,0.0,,0.1425,0.0,-0.028872543638160164,-0.0005774508727632033,1
strong_market_effective_participation_v1,baseline_2y_1y_5fold,5,2025-04-01,2026-03-31,mixed_or_unresolved_context,strong_up,mostly_above_trend,2025-03-31,2026-03-04,SH.601088,中国神华,煤炭开采,0.0,0.02,0.0,3.0,0.7404999999999999,0.6,0.0065487884741322056,0.0001309757694826441,1
strong_market_effective_participation_v1,baseline_2y_1y_5fold,5,2025-04-01,2026-03-31,mixed_or_unresolved_context,strong_up,mostly_above_trend,2025-03-31,2026-03-04,SH.601857,中国石油,石油开采,0.0,0.02,0.0,1.0,0.9119999999999999,0.09999999999999998,0.00684410646387823,0.0001368821292775646,1
strong_market_effective_participation_v1,baseline_2y_1y_5fold,5,2025-04-01,2026-03-31,mixed_or_unresolved_context,strong_up,mostly_above_trend,2025-03-31,2026-03-04,SZ.000338,潍柴动力,汽车配件,0.0,0.02,0.0,,0.1425,0.0,-0.0015117157974301465,-3.0234315948602932e-05,1
strong_market_effective_participation_v1,baseline_2y_1y_5fold,5,2025-04-01,2026-03-31,mixed_or_unresolved_context,strong_up,mostly_above_trend,2025-03-31,2026-03-04,SZ.002463,沪电股份,元器件,0.0,0.02,0.0,,0.1425,0.0,-0.002886381527158255,-5.7727630543165097e-05,1
strong_market_effective_participation_v1,baseline_2y_1y_5fold,5,2025-04-01,2026-03-31,mixed_or_unresolved_context,strong_up,mostly_above_trend,2025-03-31,2026-03-04,SZ.002594,比亚迪,汽车整车,0.0,0.02,0.0,9.0,0.4600000000000001,0.7,0.00819241676294502,0.00016384833525890041,1
strong_market_effective_participation_v1,baseline_2y_1y_5fold,5,2025-04-01,2026-03-31,mixed_or_unresolved_context,strong_up,mostly_above_trend,2025-03-31,2026-03-04,SZ.300476,胜宏科技,元器件,0.0,0.02,0.0,,0.1425,0.0,0.009225352112676166,0.00018450704225352334,1
strong_market_effective_participation_v1,baseline_2y_1y_5fold,5,2025-04-01,2026-03-31,mixed_or_unresolved_context,strong_up,mostly_above_trend,2025-03-31,2026-03-11,SH.600309,万华化学,化工原料,0.02,0.0,1.0,5.0,0.74,0.41666666666666663,0.014057363110758558,0.0,0
strong_market_effective_participation_v1,baseline_2y_1y_5fold,5,2025-04-01,2026-03-31,mixed_or_unresolved_context,strong_up,mostly_above_trend,2025-03-31,2026-03-11,SH.600839,四川长虹,家用电器,0.08,0.0,1.0,12.0,0.39541666666666675,0.75,0.017137096774193505,0.0,0
strong_market_effective_participation_v1,baseline_2y_1y_5fold,5,2025-04-01,2026-03-31,mixed_or_unresolved_context,strong_up,mostly_above_trend,2025-03-31,2026-03-11,SH.600919,江苏银行,银行,0.02,0.0,1.0,11.0,0.47416666666666674,0.8333333333333334,0.008620689655172376,0.0,0
strong_market_effective_participation_v1,baseline_2y_1y_5fold,5,2025-04-01,2026-03-31,mixed_or_unresolved_context,strong_up,mostly_above_trend,2025-03-31,2026-03-11,SH.601012,隆基绿能,电气设备,0.02,0.0,1.0,10.0,0.535,0.5833333333333333,0.012392241379310276,0.0,0
strong_market_effective_participation_v1,baseline_2y_1y_5fold,5,2025-04-01,2026-03-31,mixed_or_unresolved_context,strong_up,mostly_above_trend,2025-03-31,2026-03-11,SH.601088,中国神华,煤炭开采,0.02,0.0,1.0,4.0,0.775,0.25,0.035729753139887466,0.0,0
strong_market_effective_participation_v1,baseline_2y_1y_5fold,5,2025-04-01,2026-03-31,mixed_or_unresolved_context,strong_up,mostly_above_trend,2025-03-31,2026-03-11,SH.601857,中国石油,石油开采,0.02,0.0,1.0,3.0,0.7775,0.0,0.011676396997497784,0.0,0
strong_market_effective_participation_v1,baseline_2y_1y_5fold,5,2025-04-01,2026-03-31,mixed_or_unresolved_context,strong_up,mostly_above_trend,2025-03-31,2026-03-11,SH.601985,中国核电,新型电力,0.02,0.0,1.0,7.0,0.5974999999999999,0.9166666666666666,0.01912260967379087,0.0,0
strong_market_effective_participation_v1,baseline_2y_1y_5fold,5,2025-04-01,2026-03-31,mixed_or_unresolved_context,strong_up,mostly_above_trend,2025-03-31,2026-03-11,SZ.000988,华工科技,专用机械,0.08,0.0,1.0,1.0,0.8154166666666667,0.16666666666666663,0.09205732329366012,0.0,0
strong_market_effective_participation_v1,baseline_2y_1y_5fold,5,2025-04-01,2026-03-31,mixed_or_unresolved_context,strong_up,mostly_above_trend,2025-03-31,2026-03-11,SZ.002384,东山精密,元器件,0.02,0.0,1.0,2.0,0.8075,0.08333333333333337,-0.030168424949102435,-0.0,0
strong_market_effective_participation_v1,baseline_2y_1y_5fold,5,2025-04-01,2026-03-31,mixed_or_unresolved_context,strong_up,mostly_above_trend,2025-03-31,2026-03-11,SZ.002594,比亚迪,汽车整车,0.02,0.0,1.0,8.0,0.5841666666666666,0.5,0.02712215320910971,0.0,0
strong_market_effective_participation_v1,baseline_2y_1y_5fold,5,2025-04-01,2026-03-31,mixed_or_unresolved_context,strong_up,mostly_above_trend,2025-03-31,2026-03-11,SZ.002714,牧原股份,农业综合,0.02,0.0,1.0,9.0,0.5416666666666666,0.6666666666666667,0.020277260500724203,0.0,0
strong_market_effective_participation_v1,baseline_2y_1y_5fold,5,2025-04-01,2026-03-31,mixed_or_unresolved_context,strong_up,mostly_above_trend,2025-03-31,2026-03-11,SZ.300750,宁德时代,电气设备,0.06276419999999999,0.0,1.0,6.0,0.6516666666666666,0.33333333333333337,0.054477810257772985,0.0,0
strong_market_effective_participation_v1,baseline_2y_1y_5fold,5,2025-04-01,2026-03-31,mixed_or_unresolved_context,strong_up,mostly_above_trend,2025-03-31,2026-03-12,SH.600126,杭钢股份,普钢,0.07,0.0,1.0,5.0,0.645,0.08333333333333337,0.06725468577728777,0.0,0
strong_market_effective_participation_v1,baseline_2y_1y_5fold,5,2025-04-01,2026-03-31,mixed_or_unresolved_context,strong_up,mostly_above_trend,2025-03-31,2026-03-12,SH.600309,万华化学,化工原料,0.02,0.02,1.0,8.0,0.5741666666666666,0.41666666666666663,-0.03186137506987152,-0.0006372275013974305,1
strong_market_effective_participation_v1,baseline_2y_1y_5fold,5,2025-04-01,2026-03-31,mixed_or_unresolved_context,strong_up,mostly_above_trend,2025-03-31,2026-03-12,SH.600839,四川长虹,家用电器,0.0,0.08,0.0,,0.13999999999999999,0.0,-0.01783944499504453,-0.0014271555996035624,1
strong_market_effective_participation_v1,baseline_2y_1y_5fold,5,2025-04-01,2026-03-31,mixed_or_unresolved_context,strong_up,mostly_above_trend,2025-03-31,2026-03-12,SH.600919,江苏银行,银行,0.02,0.02,1.0,11.0,0.4866666666666667,0.8333333333333334,0.012345679012345734,0.00024691358024691467,1
strong_market_effective_participation_v1,baseline_2y_1y_5fold,5,2025-04-01,2026-03-31,mixed_or_unresolved_context,strong_up,mostly_above_trend,2025-03-31,2026-03-12,SH.601012,隆基绿能,电气设备,0.0,0.02,0.0,,0.13999999999999999,0.0,0.007982969664715345,0.0001596593932943069,1
strong_market_effective_participation_v1,baseline_2y_1y_5fold,5,2025-04-01,2026-03-31,mixed_or_unresolved_context,strong_up,mostly_above_trend,2025-03-31,2026-03-12,SH.601088,中国神华,煤炭开采,0.02,0.02,1.0,1.0,0.8308333333333334,0.5833333333333333,0.029897553836504498,0.0005979510767300899,1
strong_market_effective_participation_v1,baseline_2y_1y_5fold,5,2025-04-01,2026-03-31,mixed_or_unresolved_context,strong_up,mostly_above_trend,2025-03-31,2026-03-12,SH.601600,中国铝业,铝,0.02,0.0,1.0,2.0,0.8166666666666667,0.25,0.05730659025787954,0.0,0
strong_market_effective_participation_v1,baseline_2y_1y_5fold,5,2025-04-01,2026-03-31,mixed_or_unresolved_context,strong_up,mostly_above_trend,2025-03-31,2026-03-12,SH.601727,上海电气,电气设备,0.07,0.0,1.0,12.0,0.3966666666666667,0.33333333333333337,-0.0117647058823529,-0.0,0
strong_market_effective_participation_v1,baseline_2y_1y_5fold,5,2025-04-01,2026-03-31,mixed_or_unresolved_context,strong_up,mostly_above_trend,2025-03-31,2026-03-12,SH.601857,中国石油,石油开采,0.0,0.02,0.0,,0.13999999999999999,0.0,0.008244023083264773,0.00016488046166529546,1
strong_market_effective_participation_v1,baseline_2y_1y_5fold,5,2025-04-01,2026-03-31,mixed_or_unresolved_context,strong_up,mostly_above_trend,2025-03-31,2026-03-12,SH.601985,中国核电,新型电力,0.02,0.02,1.0,7.0,0.6008333333333333,0.9166666666666666,0.011037527593819041,0.00022075055187638083,1
strong_market_effective_participation_v1,baseline_2y_1y_5fold,5,2025-04-01,2026-03-31,mixed_or_unresolved_context,strong_up,mostly_above_trend,2025-03-31,2026-03-12,SZ.000938,紫光股份,IT设备,0.02,0.0,1.0,9.0,0.5599999999999999,0.6666666666666667,0.05112960760998808,0.0,0
strong_market_effective_participation_v1,baseline_2y_1y_5fold,5,2025-04-01,2026-03-31,mixed_or_unresolved_context,strong_up,mostly_above_trend,2025-03-31,2026-03-12,SZ.000988,华工科技,专用机械,0.0,0.08,0.0,,0.13999999999999999,0.0,-0.051749703440094774,-0.004139976275207582,1
strong_market_effective_participation_v1,baseline_2y_1y_5fold,5,2025-04-01,2026-03-31,mixed_or_unresolved_context,strong_up,mostly_above_trend,2025-03-31,2026-03-12,SZ.002281,光迅科技,通信设备,0.07,0.0,1.0,4.0,0.7466666666666667,0.16666666666666663,0.08011804568805325,0.0,0
strong_market_effective_participation_v1,baseline_2y_1y_5fold,5,2025-04-01,2026-03-31,mixed_or_unresolved_context,strong_up,mostly_above_trend,2025-03-31,2026-03-12,SZ.002384,东山精密,元器件,0.02,0.02,1.0,3.0,0.7741666666666667,0.0,0.04293893129770998,0.0008587786259541996,1
strong_market_effective_participation_v1,baseline_2y_1y_5fold,5,2025-04-01,2026-03-31,mixed_or_unresolved_context,strong_up,mostly_above_trend,2025-03-31,2026-03-12,SZ.002594,比亚迪,汽车整车,0.0,0.02,0.0,,0.13999999999999999,0.0,-0.0012094335819393676,-2.418867163878735e-05,1
strong_market_effective_participation_v1,baseline_2y_1y_5fold,5,2025-04-01,2026-03-31,mixed_or_unresolved_context,strong_up,mostly_above_trend,2025-03-31,2026-03-12,SZ.002714,牧原股份,农业综合,0.02,0.02,1.0,6.0,0.6066666666666667,0.75,0.02595822348408028,0.0005191644696816056,1
strong_market_effective_participation_v1,baseline_2y_1y_5fold,5,2025-04-01,2026-03-31,mixed_or_unresolved_context,strong_up,mostly_above_trend,2025-03-31,2026-03-12,SZ.300750,宁德时代,电气设备,0.06276419999999999,0.06276419999999999,1.0,10.0,0.5216666666666667,0.5,-0.0032762096774193727,-0.00020562867943548497,1
strong_market_effective_participation_v1,baseline_2y_1y_5fold,5,2025-04-01,2026-03-31,mixed_or_unresolved_context,strong_up,mostly_above_trend,2025-03-31,2026-03-13,SH.600126,杭钢股份,普钢,0.0,0.07,0.0,9.0,0.5108333333333334,0.25,-0.04338842975206614,-0.00303719008264463,1
strong_market_effective_participation_v1,baseline_2y_1y_5fold,5,2025-04-01,2026-03-31,mixed_or_unresolved_context,strong_up,mostly_above_trend,2025-03-31,2026-03-13,SH.600309,万华化学,化工原料,0.0,0.02,0.0,7.0,0.5650000000000001,0.5833333333333333,-0.024249422632794393,-0.00048498845265588787,1
strong_market_effective_participation_v1,baseline_2y_1y_5fold,5,2025-04-01,2026-03-31,mixed_or_unresolved_context,strong_up,mostly_above_trend,2025-03-31,2026-03-13,SH.600919,江苏银行,银行,0.0,0.02,0.0,11.0,0.4375,0.9166666666666666,0.008442776735459567,0.00016885553470919135,1
strong_market_effective_participation_v1,baseline_2y_1y_5fold,5,2025-04-01,2026-03-31,mixed_or_unresolved_context,strong_up,mostly_above_trend,2025-03-31,2026-03-13,SH.601088,中国神华,煤炭开采,0.0,0.02,0.0,3.0,0.7450000000000001,0.6666666666666667,-0.006902151847340665,-0.0001380430369468133,1
strong_market_effective_participation_v1,baseline_2y_1y_5fold,5,2025-04-01,2026-03-31,mixed_or_unresolved_context,strong_up,mostly_above_trend,2025-03-31,2026-03-13,SH.601600,中国铝业,铝,0.0,0.02,0.0,2.0,0.7925,0.5,-0.046070460704607075,-0.0009214092140921415,1
strong_market_effective_participation_v1,baseline_2y_1y_5fold,5,2025-04-01,2026-03-31,mixed_or_unresolved_context,strong_up,mostly_above_trend,2025-03-31,2026-03-13,SH.601727,上海电气,电气设备,0.0,0.07,0.0,,0.1425,0.0,-0.022727272727272818,-0.0015909090909090975,1
strong_market_effective_participation_v1,baseline_2y_1y_5fold,5,2025-04-01,2026-03-31,mixed_or_unresolved_context,strong_up,mostly_above_trend,2025-03-31,2026-03-13,SH.601985,中国核电,新型电力,0.0,0.02,0.0,6.0,0.6375,0.8333333333333334,0.008733624454148492,0.00017467248908296985,1
strong_market_effective_participation_v1,baseline_2y_1y_5fold,5,2025-04-01,2026-03-31,mixed_or_unresolved_context,strong_up,mostly_above_trend,2025-03-31,2026-03-13,SZ.000938,紫光股份,IT设备,0.0,0.02,0.0,8.0,0.5316666666666667,0.75,-0.02714932126696823,-0.0005429864253393646,1
strong_market_effective_participation_v1,baseline_2y_1y_5fold,5,2025-04-01,2026-03-31,mixed_or_unresolved_context,strong_up,mostly_above_trend,2025-03-31,2026-03-13,SZ.002281,光迅科技,通信设备,0.0,0.07,0.0,5.0,0.6808333333333334,0.08333333333333337,-0.09997976118194696,-0.006998583282736288,1
strong_market_effective_participation_v1,baseline_2y_1y_5fold,5,2025-04-01,2026-03-31,mixed_or_unresolved_context,strong_up,mostly_above_trend,2025-03-31,2026-03-13,SZ.002384,东山精密,元器件,0.0,0.02,0.0,,0.1425,0.0,0.014913083257090731,0.00029826166514181464,1
strong_market_effective_participation_v1,baseline_2y_1y_5fold,5,2025-04-01,2026-03-31,mixed_or_unresolved_context,strong_up,mostly_above_trend,2025-03-31,2026-03-13,SZ.002714,牧原股份,农业综合,0.0,0.02,0.0,,0.1425,0.0,-0.015813401858074783,-0.00031626803716149564,1
strong_market_effective_participation_v1,baseline_2y_1y_5fold,5,2025-04-01,2026-03-31,mixed_or_unresolved_context,strong_up,mostly_above_trend,2025-03-31,2026-03-13,SZ.300750,宁德时代,电气设备,0.0,0.06276419999999999,0.0,,0.1425,0.0,0.0037926675094817064,0.00023804374209861168,1
strong_market_effective_participation_v1,baseline_2y_1y_5fold,5,2025-04-01,2026-03-31,mixed_or_unresolved_context,strong_up,mostly_above_trend,2025-03-31,2026-03-17,SH.601985,中国核电,新型电力,0.02,0.0,1.0,6.0,0.6141666666666667,0.8333333333333334,-0.013245033112582849,-0.0,0
strong_market_effective_participation_v1,baseline_2y_1y_5fold,5,2025-04-01,2026-03-31,mixed_or_unresolved_context,strong_up,mostly_above_trend,2025-03-31,2026-03-17,SH.603986,兆易创新,半导体,0.02,0.0,1.0,3.0,0.7016666666666668,0.33333333333333337,-0.03318526260778687,-0.0,0
strong_market_effective_participation_v1,baseline_2y_1y_5fold,5,2025-04-01,2026-03-31,mixed_or_unresolved_context,strong_up,mostly_above_trend,2025-03-31,2026-03-17,SZ.002384,东山精密,元器件,0.02,0.0,1.0,1.0,0.8291666666666667,0.0,-0.0780672268907564,-0.0,0
strong_market_effective_participation_v1,baseline_2y_1y_5fold,5,2025-04-01,2026-03-31,mixed_or_unresolved_context,strong_up,mostly_above_trend,2025-03-31,2026-03-17,SZ.002594,比亚迪,汽车整车,0.02,0.0,1.0,2.0,0.7241666666666666,0.5,-0.01672720321162313,-0.0,0
strong_market_effective_participation_v1,baseline_2y_1y_5fold,5,2025-04-01,2026-03-31,mixed_or_unresolved_context,strong_up,mostly_above_trend,2025-03-31,2026-03-17,SZ.002916,深南电路,元器件,0.02,0.0,1.0,5.0,0.66,0.16666666666666663,-0.006249999999999978,-0.0,0
strong_market_effective_participation_v1,baseline_2y_1y_5fold,5,2025-04-01,2026-03-31,mixed_or_unresolved_context,strong_up,mostly_above_trend,2025-03-31,2026-03-17,SZ.300750,宁德时代,电气设备,0.06276419999999999,0.0,1.0,4.0,0.6633333333333332,0.6666666666666667,-0.008325171400587639,-0.0,0
strong_market_effective_participation_v1,baseline_2y_1y_5fold,5,2025-04-01,2026-03-31,mixed_or_unresolved_context,strong_up,mostly_above_trend,2025-03-31,2026-03-18,SH.601985,中国核电,新型电力,0.0,0.02,0.0,,0.1425,0.0,-0.007829977628635354,-0.00015659955257270707,1
strong_market_effective_participation_v1,baseline_2y_1y_5fold,5,2025-04-01,2026-03-31,mixed_or_unresolved_context,strong_up,mostly_above_trend,2025-03-31,2026-03-18,SH.603986,兆易创新,半导体,0.0,0.02,0.0,3.0,0.7172222222222222,0.5555555555555556,0.051520270270270174,0.0010304054054054036,1
strong_market_effective_participation_v1,baseline_2y_1y_5fold,5,2025-04-01,2026-03-31,mixed_or_unresolved_context,strong_up,mostly_above_trend,2025-03-31,2026-03-18,SZ.002384,东山精密,元器件,0.0,0.02,0.0,2.0,0.8124999999999999,0.2222222222222222,-0.02123780876857162,-0.0004247561753714324,1
strong_market_effective_participation_v1,baseline_2y_1y_5fold,5,2025-04-01,2026-03-31,mixed_or_unresolved_context,strong_up,mostly_above_trend,2025-03-31,2026-03-18,SZ.002594,比亚迪,汽车整车,0.0,0.02,0.0,7.0,0.5686111111111111,0.8888888888888888,-0.011470788373675433,-0.00022941576747350867,1
strong_market_effective_participation_v1,baseline_2y_1y_5fold,5,2025-04-01,2026-03-31,mixed_or_unresolved_context,strong_up,mostly_above_trend,2025-03-31,2026-03-18,SZ.002916,深南电路,元器件,0.0,0.02,0.0,4.0,0.7163888888888887,0.6666666666666667,0.041391509433962304,0.000827830188679246,1
strong_market_effective_participation_v1,baseline_2y_1y_5fold,5,2025-04-01,2026-03-31,mixed_or_unresolved_context,strong_up,mostly_above_trend,2025-03-31,2026-03-18,SZ.300750,宁德时代,电气设备,0.0,0.06276419999999999,0.0,,0.1425,0.0,-0.007358024691358045,-0.0004618205333333345,1
