strategy_id,walk_forward_preset,fold,market_context_label,date,industry,live_weight,target_weight,live_name_count,target_name_count
strong_market_effective_participation_v1,baseline_2y_1y_5fold,1,risk_context_pressure,2021-05-28,专用机械,0.0,0.08,0,1
strong_market_effective_participation_v1,baseline_2y_1y_5fold,1,risk_context_pressure,2021-05-28,保险,0.0,0.02,0,1
strong_market_effective_participation_v1,baseline_2y_1y_5fold,1,risk_context_pressure,2021-05-28,化学制药,0.0,0.02,0,1
strong_market_effective_participation_v1,baseline_2y_1y_5fold,1,risk_context_pressure,2021-05-28,医疗保健,0.0,0.04,0,2
strong_market_effective_participation_v1,baseline_2y_1y_5fold,1,risk_context_pressure,2021-05-28,小金属,0.0,0.04,0,2
strong_market_effective_participation_v1,baseline_2y_1y_5fold,1,risk_context_pressure,2021-05-28,电气设备,0.0,0.1,0,2
strong_market_effective_participation_v1,baseline_2y_1y_5fold,1,risk_context_pressure,2021-05-28,证券,0.0,0.06,0,3
strong_market_effective_participation_v1,baseline_2y_1y_5fold,1,risk_context_pressure,2021-05-28,软件服务,0.0,0.02,0,1
strong_market_effective_participation_v1,baseline_2y_1y_5fold,1,risk_context_pressure,2021-05-28,食品,0.0,0.02,0,1
strong_market_effective_participation_v1,baseline_2y_1y_5fold,1,risk_context_pressure,2021-05-31,电气设备,0.1,0.0,2,0
strong_market_effective_participation_v1,baseline_2y_1y_5fold,1,risk_context_pressure,2021-05-31,专用机械,0.08,0.0,1,0
strong_market_effective_participation_v1,baseline_2y_1y_5fold,1,risk_context_pressure,2021-05-31,证券,0.06,0.0,3,0
strong_market_effective_participation_v1,baseline_2y_1y_5fold,1,risk_context_pressure,2021-05-31,医疗保健,0.04,0.0,2,0
strong_market_effective_participation_v1,baseline_2y_1y_5fold,1,risk_context_pressure,2021-05-31,小金属,0.04,0.0,2,0
strong_market_effective_participation_v1,baseline_2y_1y_5fold,1,risk_context_pressure,2021-05-31,保险,0.02,0.0,1,0
strong_market_effective_participation_v1,baseline_2y_1y_5fold,1,risk_context_pressure,2021-05-31,化学制药,0.02,0.0,1,0
strong_market_effective_participation_v1,baseline_2y_1y_5fold,1,risk_context_pressure,2021-05-31,软件服务,0.02,0.0,1,0
strong_market_effective_participation_v1,baseline_2y_1y_5fold,1,risk_context_pressure,2021-05-31,食品,0.02,0.0,1,0
strong_market_effective_participation_v1,baseline_2y_1y_5fold,1,risk_context_pressure,2021-06-03,专用机械,0.0,0.07,0,1
strong_market_effective_participation_v1,baseline_2y_1y_5fold,1,risk_context_pressure,2021-06-03,中成药,0.0,0.02,0,1
strong_market_effective_participation_v1,baseline_2y_1y_5fold,1,risk_context_pressure,2021-06-03,其他建材,0.0,0.02,0,1
strong_market_effective_participation_v1,baseline_2y_1y_5fold,1,risk_context_pressure,2021-06-03,医疗保健,0.0,0.02,0,1
strong_market_effective_participation_v1,baseline_2y_1y_5fold,1,risk_context_pressure,2021-06-03,小金属,0.0,0.02,0,1
strong_market_effective_participation_v1,baseline_2y_1y_5fold,1,risk_context_pressure,2021-06-03,煤炭开采,0.0,0.02,0,1
strong_market_effective_participation_v1,baseline_2y_1y_5fold,1,risk_context_pressure,2021-06-03,电气设备,0.0,0.07,0,1
strong_market_effective_participation_v1,baseline_2y_1y_5fold,1,risk_context_pressure,2021-06-03,白酒,0.0,0.09000000000000001,0,2
strong_market_effective_participation_v1,baseline_2y_1y_5fold,1,risk_context_pressure,2021-06-03,通信设备,0.0,0.02,0,1
strong_market_effective_participation_v1,baseline_2y_1y_5fold,1,risk_context_pressure,2021-06-03,银行,0.0,0.0634644,0,1
strong_market_effective_participation_v1,baseline_2y_1y_5fold,1,risk_context_pressure,2021-06-04,白酒,0.09000000000000001,0.0,2,0
strong_market_effective_participation_v1,baseline_2y_1y_5fold,1,risk_context_pressure,2021-06-04,专用机械,0.07,0.0,1,0
strong_market_effective_participation_v1,baseline_2y_1y_5fold,1,risk_context_pressure,2021-06-04,电气设备,0.07,0.0,1,0
strong_market_effective_participation_v1,baseline_2y_1y_5fold,1,risk_context_pressure,2021-06-04,银行,0.0634644,0.0,1,0
strong_market_effective_participation_v1,baseline_2y_1y_5fold,1,risk_context_pressure,2021-06-04,中成药,0.02,0.0,1,0
strong_market_effective_participation_v1,baseline_2y_1y_5fold,1,risk_context_pressure,2021-06-04,其他建材,0.02,0.0,1,0
strong_market_effective_participation_v1,baseline_2y_1y_5fold,1,risk_context_pressure,2021-06-04,医疗保健,0.02,0.0,1,0
strong_market_effective_participation_v1,baseline_2y_1y_5fold,1,risk_context_pressure,2021-06-04,小金属,0.02,0.0,1,0
strong_market_effective_participation_v1,baseline_2y_1y_5fold,1,risk_context_pressure,2021-06-04,煤炭开采,0.02,0.0,1,0
strong_market_effective_participation_v1,baseline_2y_1y_5fold,1,risk_context_pressure,2021-06-04,通信设备,0.02,0.0,1,0
strong_market_effective_participation_v1,baseline_2y_1y_5fold,1,risk_context_pressure,2021-06-07,IT设备,0.0,0.0212112,0,1
strong_market_effective_participation_v1,baseline_2y_1y_5fold,1,risk_context_pressure,2021-06-07,专用机械,0.0,0.0525,0,1
strong_market_effective_participation_v1,baseline_2y_1y_5fold,1,risk_context_pressure,2021-06-07,中成药,0.0,0.04,0,2
strong_market_effective_participation_v1,baseline_2y_1y_5fold,1,risk_context_pressure,2021-06-07,医疗保健,0.0,0.02,0,1
strong_market_effective_participation_v1,baseline_2y_1y_5fold,1,risk_context_pressure,2021-06-07,半导体,0.0,0.04,0,2
strong_market_effective_participation_v1,baseline_2y_1y_5fold,1,risk_context_pressure,2021-06-07,广告包装,0.0,0.02,0,1
strong_market_effective_participation_v1,baseline_2y_1y_5fold,1,risk_context_pressure,2021-06-07,电器仪表,0.0,0.02,0,1
strong_market_effective_participation_v1,baseline_2y_1y_5fold,1,risk_context_pressure,2021-06-07,电气设备,0.0,0.105,0,2
strong_market_effective_participation_v1,baseline_2y_1y_5fold,1,risk_context_pressure,2021-06-07,白酒,0.0,0.1472704,0,4
strong_market_effective_participation_v1,baseline_2y_1y_5fold,1,risk_context_pressure,2021-06-07,通信设备,0.0,0.02,0,1
strong_market_effective_participation_v1,baseline_2y_1y_5fold,1,risk_context_pressure,2021-06-08,白酒,0.1472704,0.19260178254155452,4,5
strong_market_effective_participation_v1,baseline_2y_1y_5fold,1,risk_context_pressure,2021-06-08,电气设备,0.105,0.08977731549984541,2,2
strong_market_effective_participation_v1,baseline_2y_1y_5fold,1,risk_context_pressure,2021-06-08,专用机械,0.0525,0.0,1,0
strong_market_effective_participation_v1,baseline_2y_1y_5fold,1,risk_context_pressure,2021-06-08,中成药,0.04,0.019777315499845412,2,1
strong_market_effective_participation_v1,baseline_2y_1y_5fold,1,risk_context_pressure,2021-06-08,半导体,0.04,0.12933194649953625,2,4
strong_market_effective_participation_v1,baseline_2y_1y_5fold,1,risk_context_pressure,2021-06-08,IT设备,0.0212112,0.0,1,0
strong_market_effective_participation_v1,baseline_2y_1y_5fold,1,risk_context_pressure,2021-06-08,医疗保健,0.02,0.019777315499845412,1,1
strong_market_effective_participation_v1,baseline_2y_1y_5fold,1,risk_context_pressure,2021-06-08,广告包装,0.02,0.0,1,0
strong_market_effective_participation_v1,baseline_2y_1y_5fold,1,risk_context_pressure,2021-06-08,电器仪表,0.02,0.0,1,0
strong_market_effective_participation_v1,baseline_2y_1y_5fold,1,risk_context_pressure,2021-06-08,通信设备,0.02,0.0,1,0
strong_market_effective_participation_v1,baseline_2y_1y_5fold,1,risk_context_pressure,2021-06-08,元器件,0.0,0.019777315499845412,0,1
strong_market_effective_participation_v1,baseline_2y_1y_5fold,1,risk_context_pressure,2021-06-08,小金属,0.0,0.08977731549984541,0,2
strong_market_effective_participation_v1,baseline_2y_1y_5fold,1,risk_context_pressure,2021-06-08,汽车整车,0.0,0.039554630999690824,0,2
strong_market_effective_participation_v1,baseline_2y_1y_5fold,1,risk_context_pressure,2021-06-08,石油加工,0.0,0.019777315499845412,0,1
strong_market_effective_participation_v1,baseline_2y_1y_5fold,1,risk_context_pressure,2021-06-08,航空,0.0,0.059331946499536235,0,3
strong_market_effective_participation_v1,baseline_2y_1y_5fold,1,risk_context_pressure,2021-06-08,银行,0.0,0.02051580046060964,0,1
strong_market_effective_participation_v1,baseline_2y_1y_5fold,1,risk_context_pressure,2021-06-09,白酒,0.19260178254155452,0.04,5,2
strong_market_effective_participation_v1,baseline_2y_1y_5fold,1,risk_context_pressure,2021-06-09,半导体,0.12933194649953625,0.12,4,3
strong_market_effective_participation_v1,baseline_2y_1y_5fold,1,risk_context_pressure,2021-06-09,小金属,0.08977731549984541,0.0,2,0
strong_market_effective_participation_v1,baseline_2y_1y_5fold,1,risk_context_pressure,2021-06-09,电气设备,0.08977731549984541,0.02,2,1
strong_market_effective_participation_v1,baseline_2y_1y_5fold,1,risk_context_pressure,2021-06-09,航空,0.059331946499536235,0.0,3,0
strong_market_effective_participation_v1,baseline_2y_1y_5fold,1,risk_context_pressure,2021-06-09,汽车整车,0.039554630999690824,0.02,2,1
strong_market_effective_participation_v1,baseline_2y_1y_5fold,1,risk_context_pressure,2021-06-09,银行,0.02051580046060964,0.0,1,0
strong_market_effective_participation_v1,baseline_2y_1y_5fold,1,risk_context_pressure,2021-06-09,中成药,0.019777315499845412,0.02,1,1
strong_market_effective_participation_v1,baseline_2y_1y_5fold,1,risk_context_pressure,2021-06-09,元器件,0.019777315499845412,0.0,1,0
strong_market_effective_participation_v1,baseline_2y_1y_5fold,1,risk_context_pressure,2021-06-09,医疗保健,0.019777315499845412,0.04,1,2
strong_market_effective_participation_v1,baseline_2y_1y_5fold,1,risk_context_pressure,2021-06-09,石油加工,0.019777315499845412,0.02,1,1
strong_market_effective_participation_v1,baseline_2y_1y_5fold,1,risk_context_pressure,2021-06-09,乳制品,0.0,0.0218934,0,1
strong_market_effective_participation_v1,baseline_2y_1y_5fold,1,risk_context_pressure,2021-06-09,化工原料,0.0,0.02,0,1
strong_market_effective_participation_v1,baseline_2y_1y_5fold,1,risk_context_pressure,2021-06-09,汽车配件,0.0,0.02,0,1
strong_market_effective_participation_v1,baseline_2y_1y_5fold,1,risk_context_pressure,2021-06-10,半导体,0.12,0.0925,3,3
strong_market_effective_participation_v1,baseline_2y_1y_5fold,1,risk_context_pressure,2021-06-10,医疗保健,0.04,0.0525,2,1
strong_market_effective_participation_v1,baseline_2y_1y_5fold,1,risk_context_pressure,2021-06-10,白酒,0.04,0.04,2,2
strong_market_effective_participation_v1,baseline_2y_1y_5fold,1,risk_context_pressure,2021-06-10,乳制品,0.0218934,0.0,1,0
strong_market_effective_participation_v1,baseline_2y_1y_5fold,1,risk_context_pressure,2021-06-10,中成药,0.02,0.02,1,1
strong_market_effective_participation_v1,baseline_2y_1y_5fold,1,risk_context_pressure,2021-06-10,化工原料,0.02,0.0,1,0
strong_market_effective_participation_v1,baseline_2y_1y_5fold,1,risk_context_pressure,2021-06-10,汽车整车,0.02,0.04,1,2
strong_market_effective_participation_v1,baseline_2y_1y_5fold,1,risk_context_pressure,2021-06-10,汽车配件,0.02,0.02,1,1
strong_market_effective_participation_v1,baseline_2y_1y_5fold,1,risk_context_pressure,2021-06-10,电气设备,0.02,0.11636079999999999,1,4
strong_market_effective_participation_v1,baseline_2y_1y_5fold,1,risk_context_pressure,2021-06-10,石油加工,0.02,0.0,1,0
strong_market_effective_participation_v1,baseline_2y_1y_5fold,1,risk_context_pressure,2021-06-10,IT设备,0.0,0.0212112,0,1
strong_market_effective_participation_v1,baseline_2y_1y_5fold,1,risk_context_pressure,2021-06-10,专用机械,0.0,0.0525,0,1
strong_market_effective_participation_v1,baseline_2y_1y_5fold,1,risk_context_pressure,2021-06-10,其他建材,0.0,0.02,0,1
strong_market_effective_participation_v1,baseline_2y_1y_5fold,1,risk_context_pressure,2021-06-10,化学制药,0.0,0.020131200000000002,0,1
strong_market_effective_participation_v1,baseline_2y_1y_5fold,1,risk_context_pressure,2021-06-10,小金属,0.0,0.02,0,1
strong_market_effective_participation_v1,baseline_2y_1y_5fold,1,risk_context_pressure,2021-06-10,电器仪表,0.0,0.02,0,1
strong_market_effective_participation_v1,baseline_2y_1y_5fold,1,risk_context_pressure,2021-06-10,证券,0.0,0.023178600000000004,0,1
strong_market_effective_participation_v1,baseline_2y_1y_5fold,1,risk_context_pressure,2021-06-10,软件服务,0.0,0.04,0,2
strong_market_effective_participation_v1,baseline_2y_1y_5fold,1,risk_context_pressure,2021-06-11,电气设备,0.11636079999999999,0.13551757859456093,4,5
strong_market_effective_participation_v1,baseline_2y_1y_5fold,1,risk_context_pressure,2021-06-11,半导体,0.0925,0.07229889974685692,3,2
strong_market_effective_participation_v1,baseline_2y_1y_5fold,1,risk_context_pressure,2021-06-11,专用机械,0.0525,0.0525,1,1
strong_market_effective_participation_v1,baseline_2y_1y_5fold,1,risk_context_pressure,2021-06-11,医疗保健,0.0525,0.0525,1,1
strong_market_effective_participation_v1,baseline_2y_1y_5fold,1,risk_context_pressure,2021-06-11,汽车整车,0.04,0.039597799493713844,2,2
strong_market_effective_participation_v1,baseline_2y_1y_5fold,1,risk_context_pressure,2021-06-11,白酒,0.04,0.11879339848114152,2,3
strong_market_effective_participation_v1,baseline_2y_1y_5fold,1,risk_context_pressure,2021-06-11,软件服务,0.04,0.039597799493713844,2,2
strong_market_effective_participation_v1,baseline_2y_1y_5fold,1,risk_context_pressure,2021-06-11,证券,0.023178600000000004,0.0,1,0
strong_market_effective_participation_v1,baseline_2y_1y_5fold,1,risk_context_pressure,2021-06-11,IT设备,0.0212112,0.020997921115526577,1,1
strong_market_effective_participation_v1,baseline_2y_1y_5fold,1,risk_context_pressure,2021-06-11,化学制药,0.020131200000000002,0.019798899746856922,1,1
strong_market_effective_participation_v1,baseline_2y_1y_5fold,1,risk_context_pressure,2021-06-11,中成药,0.02,0.0,1,0
strong_market_effective_participation_v1,baseline_2y_1y_5fold,1,risk_context_pressure,2021-06-11,其他建材,0.02,0.0,1,0
strong_market_effective_participation_v1,baseline_2y_1y_5fold,1,risk_context_pressure,2021-06-11,小金属,0.02,0.0,1,0
strong_market_effective_participation_v1,baseline_2y_1y_5fold,1,risk_context_pressure,2021-06-11,汽车配件,0.02,0.019798899746856922,1,1
strong_market_effective_participation_v1,baseline_2y_1y_5fold,1,risk_context_pressure,2021-06-11,电器仪表,0.02,0.019798899746856922,1,1
strong_market_effective_participation_v1,baseline_2y_1y_5fold,1,risk_context_pressure,2021-06-11,旅游服务,0.0,0.028865013929940172,0,1
strong_market_effective_participation_v1,baseline_2y_1y_5fold,1,risk_context_pressure,2021-06-11,航空,0.0,0.05939669924057077,0,3
strong_market_effective_participation_v1,baseline_2y_1y_5fold,1,risk_context_pressure,2021-06-11,银行,0.0,0.020538190663404562,0,1
strong_market_effective_participation_v1,baseline_2y_1y_5fold,1,risk_context_pressure,2021-06-15,电气设备,0.13551757859456093,0.0,5,0
strong_market_effective_participation_v1,baseline_2y_1y_5fold,1,risk_context_pressure,2021-06-15,白酒,0.11879339848114152,0.0,3,0
strong_market_effective_participation_v1,baseline_2y_1y_5fold,1,risk_context_pressure,2021-06-15,半导体,0.07229889974685692,0.0,2,0
strong_market_effective_participation_v1,baseline_2y_1y_5fold,1,risk_context_pressure,2021-06-15,航空,0.05939669924057077,0.0,3,0
strong_market_effective_participation_v1,baseline_2y_1y_5fold,1,risk_context_pressure,2021-06-15,专用机械,0.0525,0.0,1,0
strong_market_effective_participation_v1,baseline_2y_1y_5fold,1,risk_context_pressure,2021-06-15,医疗保健,0.0525,0.0,1,0
strong_market_effective_participation_v1,baseline_2y_1y_5fold,1,risk_context_pressure,2021-06-15,汽车整车,0.039597799493713844,0.0,2,0
strong_market_effective_participation_v1,baseline_2y_1y_5fold,1,risk_context_pressure,2021-06-15,软件服务,0.039597799493713844,0.0,2,0
strong_market_effective_participation_v1,baseline_2y_1y_5fold,1,risk_context_pressure,2021-06-15,旅游服务,0.028865013929940172,0.0,1,0
strong_market_effective_participation_v1,baseline_2y_1y_5fold,1,risk_context_pressure,2021-06-15,IT设备,0.020997921115526577,0.0,1,0
strong_market_effective_participation_v1,baseline_2y_1y_5fold,1,risk_context_pressure,2021-06-15,银行,0.020538190663404562,0.0,1,0
strong_market_effective_participation_v1,baseline_2y_1y_5fold,1,risk_context_pressure,2021-06-15,化学制药,0.019798899746856922,0.0,1,0
strong_market_effective_participation_v1,baseline_2y_1y_5fold,1,risk_context_pressure,2021-06-15,汽车配件,0.019798899746856922,0.0,1,0
strong_market_effective_participation_v1,baseline_2y_1y_5fold,1,risk_context_pressure,2021-06-15,电器仪表,0.019798899746856922,0.0,1,0
strong_market_effective_participation_v1,baseline_2y_1y_5fold,5,mixed_or_unresolved_context,2025-09-01,IT设备,0.0,0.05975876970108418,0,3
strong_market_effective_participation_v1,baseline_2y_1y_5fold,5,mixed_or_unresolved_context,2025-09-01,专用机械,0.0,0.023333333333333334,0,1
strong_market_effective_participation_v1,baseline_2y_1y_5fold,5,mixed_or_unresolved_context,2025-09-01,元器件,0.0,0.05975876970108418,0,3
strong_market_effective_participation_v1,baseline_2y_1y_5fold,5,mixed_or_unresolved_context,2025-09-01,化学制药,0.0,0.04213192459825439,0,2
strong_market_effective_participation_v1,baseline_2y_1y_5fold,5,mixed_or_unresolved_context,2025-09-01,半导体,0.0,0.12634502626811225,0,6
strong_market_effective_participation_v1,baseline_2y_1y_5fold,5,mixed_or_unresolved_context,2025-09-01,小金属,0.0,0.03983917980072279,0,2
strong_market_effective_participation_v1,baseline_2y_1y_5fold,5,mixed_or_unresolved_context,2025-09-01,普钢,0.0,0.023333333333333334,0,1
strong_market_effective_participation_v1,baseline_2y_1y_5fold,5,mixed_or_unresolved_context,2025-09-01,汽车配件,0.0,0.04325292323369473,0,2
strong_market_effective_participation_v1,baseline_2y_1y_5fold,5,mixed_or_unresolved_context,2025-09-01,电气设备,0.0,0.08067633105545367,0,2
strong_market_effective_participation_v1,baseline_2y_1y_5fold,5,mixed_or_unresolved_context,2025-09-01,航空,0.0,0.023333333333333334,0,1
strong_market_effective_participation_v1,baseline_2y_1y_5fold,5,mixed_or_unresolved_context,2025-09-01,超市连锁,0.0,0.023333333333333334,0,1
strong_market_effective_participation_v1,baseline_2y_1y_5fold,5,mixed_or_unresolved_context,2025-09-01,软件服务,0.0,0.06317251313405613,0,3
strong_market_effective_participation_v1,baseline_2y_1y_5fold,5,mixed_or_unresolved_context,2025-09-01,通信设备,0.0,0.06317251313405613,0,3
strong_market_effective_participation_v1,baseline_2y_1y_5fold,5,mixed_or_unresolved_context,2025-09-01,铜,0.0,0.028558716040148133,0,1
strong_market_effective_participation_v1,baseline_2y_1y_5fold,5,mixed_or_unresolved_context,2025-09-02,半导体,0.12634502626811225,0.12503829613679848,6,6
strong_market_effective_participation_v1,baseline_2y_1y_5fold,5,mixed_or_unresolved_context,2025-09-02,电气设备,0.08067633105545367,0.01959290736753295,2,1
strong_market_effective_participation_v1,baseline_2y_1y_5fold,5,mixed_or_unresolved_context,2025-09-02,软件服务,0.06317251313405613,0.09333333333333334,3,4
strong_market_effective_participation_v1,baseline_2y_1y_5fold,5,mixed_or_unresolved_context,2025-09-02,通信设备,0.06317251313405613,0.06251914806839924,3,3
strong_market_effective_participation_v1,baseline_2y_1y_5fold,5,mixed_or_unresolved_context,2025-09-02,IT设备,0.05975876970108418,0.01959290736753295,3,1
strong_market_effective_participation_v1,baseline_2y_1y_5fold,5,mixed_or_unresolved_context,2025-09-02,元器件,0.05975876970108418,0.1212978701709981,3,6
strong_market_effective_participation_v1,baseline_2y_1y_5fold,5,mixed_or_unresolved_context,2025-09-02,汽车配件,0.04325292323369473,0.01959290736753295,2,1
strong_market_effective_participation_v1,baseline_2y_1y_5fold,5,mixed_or_unresolved_context,2025-09-02,化学制药,0.04213192459825439,0.0224158534610471,2,1
strong_market_effective_participation_v1,baseline_2y_1y_5fold,5,mixed_or_unresolved_context,2025-09-02,小金属,0.03983917980072279,0.0391858147350659,2,2
strong_market_effective_participation_v1,baseline_2y_1y_5fold,5,mixed_or_unresolved_context,2025-09-02,铜,0.028558716040148133,0.029492223814978975,1,1
strong_market_effective_participation_v1,baseline_2y_1y_5fold,5,mixed_or_unresolved_context,2025-09-02,专用机械,0.023333333333333334,0.0,1,0
strong_market_effective_participation_v1,baseline_2y_1y_5fold,5,mixed_or_unresolved_context,2025-09-02,普钢,0.023333333333333334,0.0,1,0
strong_market_effective_participation_v1,baseline_2y_1y_5fold,5,mixed_or_unresolved_context,2025-09-02,航空,0.023333333333333334,0.023333333333333334,1,1
strong_market_effective_participation_v1,baseline_2y_1y_5fold,5,mixed_or_unresolved_context,2025-09-02,超市连锁,0.023333333333333334,0.0,1,0
strong_market_effective_participation_v1,baseline_2y_1y_5fold,5,mixed_or_unresolved_context,2025-09-02,家用电器,0.0,0.01959290736753295,0,1
strong_market_effective_participation_v1,baseline_2y_1y_5fold,5,mixed_or_unresolved_context,2025-09-02,工程机械,0.0,0.01959290736753295,0,1
strong_market_effective_participation_v1,baseline_2y_1y_5fold,5,mixed_or_unresolved_context,2025-09-02,汽车整车,0.0,0.01959290736753295,0,1
strong_market_effective_participation_v1,baseline_2y_1y_5fold,5,mixed_or_unresolved_context,2025-09-02,电器仪表,0.0,0.01959290736753295,0,1
strong_market_effective_participation_v1,baseline_2y_1y_5fold,5,mixed_or_unresolved_context,2025-09-02,证券,0.0,0.026640868005781904,0,1
strong_market_effective_participation_v1,baseline_2y_1y_5fold,5,mixed_or_unresolved_context,2025-09-02,银行,0.0,0.01959290736753295,0,1
strong_market_effective_participation_v1,baseline_2y_1y_5fold,5,mixed_or_unresolved_context,2025-09-03,半导体,0.12503829613679848,0.11000000000000001,6,4
strong_market_effective_participation_v1,baseline_2y_1y_5fold,5,mixed_or_unresolved_context,2025-09-03,元器件,0.1212978701709981,0.02,6,1
strong_market_effective_participation_v1,baseline_2y_1y_5fold,5,mixed_or_unresolved_context,2025-09-03,软件服务,0.09333333333333334,0.05500000000000001,4,2
strong_market_effective_participation_v1,baseline_2y_1y_5fold,5,mixed_or_unresolved_context,2025-09-03,通信设备,0.06251914806839924,0.0,3,0
strong_market_effective_participation_v1,baseline_2y_1y_5fold,5,mixed_or_unresolved_context,2025-09-03,小金属,0.0391858147350659,0.02,2,1
strong_market_effective_participation_v1,baseline_2y_1y_5fold,5,mixed_or_unresolved_context,2025-09-03,铜,0.029492223814978975,0.0,1,0
strong_market_effective_participation_v1,baseline_2y_1y_5fold,5,mixed_or_unresolved_context,2025-09-03,证券,0.026640868005781904,0.0271944,1,1
strong_market_effective_participation_v1,baseline_2y_1y_5fold,5,mixed_or_unresolved_context,2025-09-03,航空,0.023333333333333334,0.035,1,1
strong_market_effective_participation_v1,baseline_2y_1y_5fold,5,mixed_or_unresolved_context,2025-09-03,化学制药,0.0224158534610471,0.022881600000000002,1,1
strong_market_effective_participation_v1,baseline_2y_1y_5fold,5,mixed_or_unresolved_context,2025-09-03,IT设备,0.01959290736753295,0.0,1,0
strong_market_effective_participation_v1,baseline_2y_1y_5fold,5,mixed_or_unresolved_context,2025-09-03,家用电器,0.01959290736753295,0.0472988,1,2
strong_market_effective_participation_v1,baseline_2y_1y_5fold,5,mixed_or_unresolved_context,2025-09-03,工程机械,0.01959290736753295,0.0,1,0
strong_market_effective_participation_v1,baseline_2y_1y_5fold,5,mixed_or_unresolved_context,2025-09-03,汽车整车,0.01959290736753295,0.0,1,0
strong_market_effective_participation_v1,baseline_2y_1y_5fold,5,mixed_or_unresolved_context,2025-09-03,汽车配件,0.01959290736753295,0.02,1,1
strong_market_effective_participation_v1,baseline_2y_1y_5fold,5,mixed_or_unresolved_context,2025-09-03,电器仪表,0.01959290736753295,0.02,1,1
strong_market_effective_participation_v1,baseline_2y_1y_5fold,5,mixed_or_unresolved_context,2025-09-03,电气设备,0.01959290736753295,0.1552154,1,5
strong_market_effective_participation_v1,baseline_2y_1y_5fold,5,mixed_or_unresolved_context,2025-09-03,银行,0.01959290736753295,0.0,1,0
strong_market_effective_participation_v1,baseline_2y_1y_5fold,5,mixed_or_unresolved_context,2025-09-03,专用机械,0.0,0.035,0,1
strong_market_effective_participation_v1,baseline_2y_1y_5fold,5,mixed_or_unresolved_context,2025-09-03,白酒,0.0,0.02,0,1
strong_market_effective_participation_v1,baseline_2y_1y_5fold,5,mixed_or_unresolved_context,2025-09-03,铝,0.0,0.02,0,1
strong_market_effective_participation_v1,baseline_2y_1y_5fold,5,mixed_or_unresolved_context,2025-09-04,电气设备,0.1552154,0.0,5,0
strong_market_effective_participation_v1,baseline_2y_1y_5fold,5,mixed_or_unresolved_context,2025-09-04,半导体,0.11000000000000001,0.0,4,0
strong_market_effective_participation_v1,baseline_2y_1y_5fold,5,mixed_or_unresolved_context,2025-09-04,软件服务,0.05500000000000001,0.0,2,0
strong_market_effective_participation_v1,baseline_2y_1y_5fold,5,mixed_or_unresolved_context,2025-09-04,家用电器,0.0472988,0.0,2,0
strong_market_effective_participation_v1,baseline_2y_1y_5fold,5,mixed_or_unresolved_context,2025-09-04,专用机械,0.035,0.0,1,0
strong_market_effective_participation_v1,baseline_2y_1y_5fold,5,mixed_or_unresolved_context,2025-09-04,航空,0.035,0.0,1,0
strong_market_effective_participation_v1,baseline_2y_1y_5fold,5,mixed_or_unresolved_context,2025-09-04,证券,0.0271944,0.0,1,0
strong_market_effective_participation_v1,baseline_2y_1y_5fold,5,mixed_or_unresolved_context,2025-09-04,化学制药,0.022881600000000002,0.0,1,0
strong_market_effective_participation_v1,baseline_2y_1y_5fold,5,mixed_or_unresolved_context,2025-09-04,元器件,0.02,0.0,1,0
strong_market_effective_participation_v1,baseline_2y_1y_5fold,5,mixed_or_unresolved_context,2025-09-04,小金属,0.02,0.0,1,0
strong_market_effective_participation_v1,baseline_2y_1y_5fold,5,mixed_or_unresolved_context,2025-09-04,汽车配件,0.02,0.0,1,0
strong_market_effective_participation_v1,baseline_2y_1y_5fold,5,mixed_or_unresolved_context,2025-09-04,电器仪表,0.02,0.0,1,0
strong_market_effective_participation_v1,baseline_2y_1y_5fold,5,mixed_or_unresolved_context,2025-09-04,白酒,0.02,0.0,1,0
strong_market_effective_participation_v1,baseline_2y_1y_5fold,5,mixed_or_unresolved_context,2025-09-04,铝,0.02,0.0,1,0
strong_market_effective_participation_v1,baseline_2y_1y_5fold,5,mixed_or_unresolved_context,2025-09-23,IT设备,0.0,0.04,0,2
strong_market_effective_participation_v1,baseline_2y_1y_5fold,5,mixed_or_unresolved_context,2025-09-23,专用机械,0.0,0.042,0,1
strong_market_effective_participation_v1,baseline_2y_1y_5fold,5,mixed_or_unresolved_context,2025-09-23,互联网,0.0,0.02,0,1
strong_market_effective_participation_v1,baseline_2y_1y_5fold,5,mixed_or_unresolved_context,2025-09-23,元器件,0.0,0.14200000000000002,0,6
strong_market_effective_participation_v1,baseline_2y_1y_5fold,5,mixed_or_unresolved_context,2025-09-23,半导体,0.0,0.12200000000000001,0,5
strong_market_effective_participation_v1,baseline_2y_1y_5fold,5,mixed_or_unresolved_context,2025-09-23,家用电器,0.0,0.02,0,1
strong_market_effective_participation_v1,baseline_2y_1y_5fold,5,mixed_or_unresolved_context,2025-09-23,电气设备,0.0,0.02,0,1
strong_market_effective_participation_v1,baseline_2y_1y_5fold,5,mixed_or_unresolved_context,2025-09-23,软件服务,0.0,0.042,0,1
strong_market_effective_participation_v1,baseline_2y_1y_5fold,5,mixed_or_unresolved_context,2025-09-23,通信设备,0.0,0.062,0,2
strong_market_effective_participation_v1,baseline_2y_1y_5fold,5,mixed_or_unresolved_context,2025-09-24,元器件,0.142,0.09500000000000001,6,4
strong_market_effective_participation_v1,baseline_2y_1y_5fold,5,mixed_or_unresolved_context,2025-09-24,半导体,0.122,0.155,5,7
strong_market_effective_participation_v1,baseline_2y_1y_5fold,5,mixed_or_unresolved_context,2025-09-24,通信设备,0.062,0.0,2,0
strong_market_effective_participation_v1,baseline_2y_1y_5fold,5,mixed_or_unresolved_context,2025-09-24,专用机械,0.042,0.0,1,0
strong_market_effective_participation_v1,baseline_2y_1y_5fold,5,mixed_or_unresolved_context,2025-09-24,软件服务,0.042,0.05500000000000001,1,2
strong_market_effective_participation_v1,baseline_2y_1y_5fold,5,mixed_or_unresolved_context,2025-09-24,IT设备,0.04,0.06,2,3
strong_market_effective_participation_v1,baseline_2y_1y_5fold,5,mixed_or_unresolved_context,2025-09-24,互联网,0.02,0.02,1,1
strong_market_effective_participation_v1,baseline_2y_1y_5fold,5,mixed_or_unresolved_context,2025-09-24,家用电器,0.02,0.02,1,1
strong_market_effective_participation_v1,baseline_2y_1y_5fold,5,mixed_or_unresolved_context,2025-09-24,电气设备,0.02,0.07500000000000001,1,3
strong_market_effective_participation_v1,baseline_2y_1y_5fold,5,mixed_or_unresolved_context,2025-09-24,小金属,0.0,0.02,0,1
strong_market_effective_participation_v1,baseline_2y_1y_5fold,5,mixed_or_unresolved_context,2025-09-24,工程机械,0.0,0.02,0,1
strong_market_effective_participation_v1,baseline_2y_1y_5fold,5,mixed_or_unresolved_context,2025-09-24,影视音像,0.0,0.035,0,1
strong_market_effective_participation_v1,baseline_2y_1y_5fold,5,mixed_or_unresolved_context,2025-09-24,汽车配件,0.0,0.035,0,1
strong_market_effective_participation_v1,baseline_2y_1y_5fold,5,mixed_or_unresolved_context,2025-09-24,电器仪表,0.0,0.02,0,1
strong_market_effective_participation_v1,baseline_2y_1y_5fold,5,mixed_or_unresolved_context,2025-09-25,半导体,0.15500000000000003,0.1525,7,6
strong_market_effective_participation_v1,baseline_2y_1y_5fold,5,mixed_or_unresolved_context,2025-09-25,元器件,0.095,0.0725,4,2
strong_market_effective_participation_v1,baseline_2y_1y_5fold,5,mixed_or_unresolved_context,2025-09-25,电气设备,0.07500000000000001,0.1202154,3,4
strong_market_effective_participation_v1,baseline_2y_1y_5fold,5,mixed_or_unresolved_context,2025-09-25,IT设备,0.06,0.08,3,4
strong_market_effective_participation_v1,baseline_2y_1y_5fold,5,mixed_or_unresolved_context,2025-09-25,软件服务,0.05500000000000001,0.02,2,1
strong_market_effective_participation_v1,baseline_2y_1y_5fold,5,mixed_or_unresolved_context,2025-09-25,影视音像,0.035,0.0,1,0
strong_market_effective_participation_v1,baseline_2y_1y_5fold,5,mixed_or_unresolved_context,2025-09-25,汽车配件,0.035,0.0525,1,1
strong_market_effective_participation_v1,baseline_2y_1y_5fold,5,mixed_or_unresolved_context,2025-09-25,互联网,0.02,0.0,1,0
strong_market_effective_participation_v1,baseline_2y_1y_5fold,5,mixed_or_unresolved_context,2025-09-25,家用电器,0.02,0.02,1,1
strong_market_effective_participation_v1,baseline_2y_1y_5fold,5,mixed_or_unresolved_context,2025-09-25,小金属,0.02,0.02,1,1
strong_market_effective_participation_v1,baseline_2y_1y_5fold,5,mixed_or_unresolved_context,2025-09-25,工程机械,0.02,0.0,1,0
strong_market_effective_participation_v1,baseline_2y_1y_5fold,5,mixed_or_unresolved_context,2025-09-25,电器仪表,0.02,0.0,1,0
strong_market_effective_participation_v1,baseline_2y_1y_5fold,5,mixed_or_unresolved_context,2025-09-25,专用机械,0.0,0.0525,0,1
strong_market_effective_participation_v1,baseline_2y_1y_5fold,5,mixed_or_unresolved_context,2025-09-25,汽车整车,0.0,0.02,0,1
strong_market_effective_participation_v1,baseline_2y_1y_5fold,5,mixed_or_unresolved_context,2025-09-25,铜,0.0,0.030105,0,1
strong_market_effective_participation_v1,baseline_2y_1y_5fold,5,mixed_or_unresolved_context,2025-09-26,半导体,0.1525,0.04,6,2
strong_market_effective_participation_v1,baseline_2y_1y_5fold,5,mixed_or_unresolved_context,2025-09-26,电气设备,0.1202154,0.08,4,1
strong_market_effective_participation_v1,baseline_2y_1y_5fold,5,mixed_or_unresolved_context,2025-09-26,IT设备,0.08,0.02,4,1
strong_market_effective_participation_v1,baseline_2y_1y_5fold,5,mixed_or_unresolved_context,2025-09-26,元器件,0.0725,0.02,2,1
strong_market_effective_participation_v1,baseline_2y_1y_5fold,5,mixed_or_unresolved_context,2025-09-26,专用机械,0.0525,0.08,1,1
strong_market_effective_participation_v1,baseline_2y_1y_5fold,5,mixed_or_unresolved_context,2025-09-26,汽车配件,0.0525,0.0,1,0
strong_market_effective_participation_v1,baseline_2y_1y_5fold,5,mixed_or_unresolved_context,2025-09-26,铜,0.030105,0.0,1,0
strong_market_effective_participation_v1,baseline_2y_1y_5fold,5,mixed_or_unresolved_context,2025-09-26,家用电器,0.02,0.0,1,0
strong_market_effective_participation_v1,baseline_2y_1y_5fold,5,mixed_or_unresolved_context,2025-09-26,小金属,0.02,0.02,1,1
strong_market_effective_participation_v1,baseline_2y_1y_5fold,5,mixed_or_unresolved_context,2025-09-26,汽车整车,0.02,0.02,1,1
strong_market_effective_participation_v1,baseline_2y_1y_5fold,5,mixed_or_unresolved_context,2025-09-26,软件服务,0.02,0.02,1,1
strong_market_effective_participation_v1,baseline_2y_1y_5fold,5,mixed_or_unresolved_context,2025-09-26,互联网,0.0,0.02,0,1
strong_market_effective_participation_v1,baseline_2y_1y_5fold,5,mixed_or_unresolved_context,2025-09-26,工程机械,0.0,0.02,0,1
strong_market_effective_participation_v1,baseline_2y_1y_5fold,5,mixed_or_unresolved_context,2025-09-26,电器仪表,0.0,0.02,0,1
strong_market_effective_participation_v1,baseline_2y_1y_5fold,5,mixed_or_unresolved_context,2025-09-29,专用机械,0.08,0.08,1,1
strong_market_effective_participation_v1,baseline_2y_1y_5fold,5,mixed_or_unresolved_context,2025-09-29,电气设备,0.08,0.02,1,1
strong_market_effective_participation_v1,baseline_2y_1y_5fold,5,mixed_or_unresolved_context,2025-09-29,半导体,0.04,0.06,2,3
strong_market_effective_participation_v1,baseline_2y_1y_5fold,5,mixed_or_unresolved_context,2025-09-29,IT设备,0.02,0.04,1,2
strong_market_effective_participation_v1,baseline_2y_1y_5fold,5,mixed_or_unresolved_context,2025-09-29,互联网,0.02,0.0,1,0
strong_market_effective_participation_v1,baseline_2y_1y_5fold,5,mixed_or_unresolved_context,2025-09-29,元器件,0.02,0.04,1,2
strong_market_effective_participation_v1,baseline_2y_1y_5fold,5,mixed_or_unresolved_context,2025-09-29,小金属,0.02,0.04,1,2
strong_market_effective_participation_v1,baseline_2y_1y_5fold,5,mixed_or_unresolved_context,2025-09-29,工程机械,0.02,0.02,1,1
strong_market_effective_participation_v1,baseline_2y_1y_5fold,5,mixed_or_unresolved_context,2025-09-29,汽车整车,0.02,0.02,1,1
strong_market_effective_participation_v1,baseline_2y_1y_5fold,5,mixed_or_unresolved_context,2025-09-29,电器仪表,0.02,0.0,1,0
strong_market_effective_participation_v1,baseline_2y_1y_5fold,5,mixed_or_unresolved_context,2025-09-29,软件服务,0.02,0.0,1,0
strong_market_effective_participation_v1,baseline_2y_1y_5fold,5,mixed_or_unresolved_context,2025-09-29,家用电器,0.0,0.02,0,1
strong_market_effective_participation_v1,baseline_2y_1y_5fold,5,mixed_or_unresolved_context,2025-09-29,证券,0.0,0.02,0,1
strong_market_effective_participation_v1,baseline_2y_1y_5fold,5,mixed_or_unresolved_context,2025-09-29,铜,0.0,0.030105,0,1
strong_market_effective_participation_v1,baseline_2y_1y_5fold,5,mixed_or_unresolved_context,2025-09-29,铝,0.0,0.02,0,1
strong_market_effective_participation_v1,baseline_2y_1y_5fold,5,mixed_or_unresolved_context,2025-09-30,专用机械,0.08,0.08,1,1
strong_market_effective_participation_v1,baseline_2y_1y_5fold,5,mixed_or_unresolved_context,2025-09-30,半导体,0.06,0.18,3,6
strong_market_effective_participation_v1,baseline_2y_1y_5fold,5,mixed_or_unresolved_context,2025-09-30,IT设备,0.04,0.04,2,2
strong_market_effective_participation_v1,baseline_2y_1y_5fold,5,mixed_or_unresolved_context,2025-09-30,元器件,0.04,0.06,2,3
strong_market_effective_participation_v1,baseline_2y_1y_5fold,5,mixed_or_unresolved_context,2025-09-30,小金属,0.04,0.04,2,2
strong_market_effective_participation_v1,baseline_2y_1y_5fold,5,mixed_or_unresolved_context,2025-09-30,铜,0.030105,0.0,1,0
strong_market_effective_participation_v1,baseline_2y_1y_5fold,5,mixed_or_unresolved_context,2025-09-30,家用电器,0.02,0.02,1,1
strong_market_effective_participation_v1,baseline_2y_1y_5fold,5,mixed_or_unresolved_context,2025-09-30,工程机械,0.02,0.02,1,1
strong_market_effective_participation_v1,baseline_2y_1y_5fold,5,mixed_or_unresolved_context,2025-09-30,汽车整车,0.02,0.02,1,1
strong_market_effective_participation_v1,baseline_2y_1y_5fold,5,mixed_or_unresolved_context,2025-09-30,电气设备,0.02,0.04,1,2
strong_market_effective_participation_v1,baseline_2y_1y_5fold,5,mixed_or_unresolved_context,2025-09-30,证券,0.02,0.0,1,0
strong_market_effective_participation_v1,baseline_2y_1y_5fold,5,mixed_or_unresolved_context,2025-09-30,铝,0.02,0.02,1,1
strong_market_effective_participation_v1,baseline_2y_1y_5fold,5,mixed_or_unresolved_context,2025-09-30,互联网,0.0,0.04,0,2
strong_market_effective_participation_v1,baseline_2y_1y_5fold,5,mixed_or_unresolved_context,2025-09-30,化学制药,0.0,0.020921400000000003,0,1
strong_market_effective_participation_v1,baseline_2y_1y_5fold,5,mixed_or_unresolved_context,2025-09-30,医疗保健,0.0,0.02,0,1
strong_market_effective_participation_v1,baseline_2y_1y_5fold,5,mixed_or_unresolved_context,2025-09-30,软件服务,0.0,0.02,0,1
strong_market_effective_participation_v1,baseline_2y_1y_5fold,5,mixed_or_unresolved_context,2025-10-09,半导体,0.18,0.03925417075564278,6,2
strong_market_effective_participation_v1,baseline_2y_1y_5fold,5,mixed_or_unresolved_context,2025-10-09,专用机械,0.08,0.07,1,1
strong_market_effective_participation_v1,baseline_2y_1y_5fold,5,mixed_or_unresolved_context,2025-10-09,元器件,0.06,0.08237487733071638,3,4
strong_market_effective_participation_v1,baseline_2y_1y_5fold,5,mixed_or_unresolved_context,2025-10-09,IT设备,0.04,0.07,2,1
strong_market_effective_participation_v1,baseline_2y_1y_5fold,5,mixed_or_unresolved_context,2025-10-09,互联网,0.04,0.03925417075564278,2,2
strong_market_effective_participation_v1,baseline_2y_1y_5fold,5,mixed_or_unresolved_context,2025-10-09,小金属,0.04,0.03925417075564278,2,2
strong_market_effective_participation_v1,baseline_2y_1y_5fold,5,mixed_or_unresolved_context,2025-10-09,电气设备,0.04,0.0896270853778214,2,2
strong_market_effective_participation_v1,baseline_2y_1y_5fold,5,mixed_or_unresolved_context,2025-10-09,化学制药,0.020921400000000003,0.0,1,0
strong_market_effective_participation_v1,baseline_2y_1y_5fold,5,mixed_or_unresolved_context,2025-10-09,医疗保健,0.02,0.01962708537782139,1,1
strong_market_effective_participation_v1,baseline_2y_1y_5fold,5,mixed_or_unresolved_context,2025-10-09,家用电器,0.02,0.01962708537782139,1,1
strong_market_effective_participation_v1,baseline_2y_1y_5fold,5,mixed_or_unresolved_context,2025-10-09,工程机械,0.02,0.03925417075564278,1,2
strong_market_effective_participation_v1,baseline_2y_1y_5fold,5,mixed_or_unresolved_context,2025-10-09,汽车整车,0.02,0.01962708537782139,1,1
strong_market_effective_participation_v1,baseline_2y_1y_5fold,5,mixed_or_unresolved_context,2025-10-09,软件服务,0.02,0.05888125613346418,1,3
strong_market_effective_participation_v1,baseline_2y_1y_5fold,5,mixed_or_unresolved_context,2025-10-09,铝,0.02,0.01962708537782139,1,1
strong_market_effective_participation_v1,baseline_2y_1y_5fold,5,mixed_or_unresolved_context,2025-10-09,电器仪表,0.0,0.01962708537782139,0,1
strong_market_effective_participation_v1,baseline_2y_1y_5fold,5,mixed_or_unresolved_context,2025-10-09,证券,0.0,0.01962708537782139,0,1
strong_market_effective_participation_v1,baseline_2y_1y_5fold,5,mixed_or_unresolved_context,2025-10-09,通信设备,0.0,0.01962708537782139,0,1
strong_market_effective_participation_v1,baseline_2y_1y_5fold,5,mixed_or_unresolved_context,2025-10-09,铜,0.0,0.034710500490677136,0,1
strong_market_effective_participation_v1,baseline_2y_1y_5fold,5,mixed_or_unresolved_context,2025-10-10,电气设备,0.0896270853778214,0.16656614291831884,2,3
strong_market_effective_participation_v1,baseline_2y_1y_5fold,5,mixed_or_unresolved_context,2025-10-10,元器件,0.08237487733071638,0.0592192963055619,4,3
strong_market_effective_participation_v1,baseline_2y_1y_5fold,5,mixed_or_unresolved_context,2025-10-10,IT设备,0.07,0.0897397654351873,1,2
strong_market_effective_participation_v1,baseline_2y_1y_5fold,5,mixed_or_unresolved_context,2025-10-10,专用机械,0.07,0.0,1,0
strong_market_effective_participation_v1,baseline_2y_1y_5fold,5,mixed_or_unresolved_context,2025-10-10,软件服务,0.05888125613346418,0.0197397654351873,3,1
strong_market_effective_participation_v1,baseline_2y_1y_5fold,5,mixed_or_unresolved_context,2025-10-10,互联网,0.03925417075564278,0.0,2,0
strong_market_effective_participation_v1,baseline_2y_1y_5fold,5,mixed_or_unresolved_context,2025-10-10,半导体,0.03925417075564278,0.20817835804631107,2,8
strong_market_effective_participation_v1,baseline_2y_1y_5fold,5,mixed_or_unresolved_context,2025-10-10,小金属,0.03925417075564278,0.0197397654351873,2,1
strong_market_effective_participation_v1,baseline_2y_1y_5fold,5,mixed_or_unresolved_context,2025-10-10,工程机械,0.03925417075564278,0.0197397654351873,2,1
strong_market_effective_participation_v1,baseline_2y_1y_5fold,5,mixed_or_unresolved_context,2025-10-10,铜,0.034710500490677136,0.03783580060258655,1,1
strong_market_effective_participation_v1,baseline_2y_1y_5fold,5,mixed_or_unresolved_context,2025-10-10,医疗保健,0.01962708537782139,0.0,1,0
strong_market_effective_participation_v1,baseline_2y_1y_5fold,5,mixed_or_unresolved_context,2025-10-10,家用电器,0.01962708537782139,0.0197397654351873,1,1
strong_market_effective_participation_v1,baseline_2y_1y_5fold,5,mixed_or_unresolved_context,2025-10-10,汽车整车,0.01962708537782139,0.0,1,0
strong_market_effective_participation_v1,baseline_2y_1y_5fold,5,mixed_or_unresolved_context,2025-10-10,电器仪表,0.01962708537782139,0.0197397654351873,1,1
strong_market_effective_participation_v1,baseline_2y_1y_5fold,5,mixed_or_unresolved_context,2025-10-10,证券,0.01962708537782139,0.0197397654351873,1,1
strong_market_effective_participation_v1,baseline_2y_1y_5fold,5,mixed_or_unresolved_context,2025-10-10,通信设备,0.01962708537782139,0.0,1,0
strong_market_effective_participation_v1,baseline_2y_1y_5fold,5,mixed_or_unresolved_context,2025-10-10,铝,0.01962708537782139,0.0,1,0
strong_market_effective_participation_v1,baseline_2y_1y_5fold,5,mixed_or_unresolved_context,2025-10-10,化学制药,0.0,0.02002204408091048,0,1
strong_market_effective_participation_v1,baseline_2y_1y_5fold,5,mixed_or_unresolved_context,2025-10-13,半导体,0.2081783580463111,0.15000000000000002,8,6
strong_market_effective_participation_v1,baseline_2y_1y_5fold,5,mixed_or_unresolved_context,2025-10-13,电气设备,0.16656614291831884,0.1328392,3,3
strong_market_effective_participation_v1,baseline_2y_1y_5fold,5,mixed_or_unresolved_context,2025-10-13,IT设备,0.0897397654351873,0.05500000000000001,2,2
strong_market_effective_participation_v1,baseline_2y_1y_5fold,5,mixed_or_unresolved_context,2025-10-13,元器件,0.0592192963055619,0.02,3,1
strong_market_effective_participation_v1,baseline_2y_1y_5fold,5,mixed_or_unresolved_context,2025-10-13,铜,0.03783580060258655,0.0383346,1,1
strong_market_effective_participation_v1,baseline_2y_1y_5fold,5,mixed_or_unresolved_context,2025-10-13,化学制药,0.02002204408091048,0.0,1,0
strong_market_effective_participation_v1,baseline_2y_1y_5fold,5,mixed_or_unresolved_context,2025-10-13,家用电器,0.0197397654351873,0.0,1,0
strong_market_effective_participation_v1,baseline_2y_1y_5fold,5,mixed_or_unresolved_context,2025-10-13,小金属,0.0197397654351873,0.04,1,2
strong_market_effective_participation_v1,baseline_2y_1y_5fold,5,mixed_or_unresolved_context,2025-10-13,工程机械,0.0197397654351873,0.04,1,2
strong_market_effective_participation_v1,baseline_2y_1y_5fold,5,mixed_or_unresolved_context,2025-10-13,电器仪表,0.0197397654351873,0.0,1,0
strong_market_effective_participation_v1,baseline_2y_1y_5fold,5,mixed_or_unresolved_context,2025-10-13,证券,0.0197397654351873,0.0,1,0
strong_market_effective_participation_v1,baseline_2y_1y_5fold,5,mixed_or_unresolved_context,2025-10-13,软件服务,0.0197397654351873,0.035,1,1
strong_market_effective_participation_v1,baseline_2y_1y_5fold,5,mixed_or_unresolved_context,2025-10-13,化工原料,0.0,0.02,0,1
strong_market_effective_participation_v1,baseline_2y_1y_5fold,5,mixed_or_unresolved_context,2025-10-13,煤炭开采,0.0,0.02,0,1
strong_market_effective_participation_v1,baseline_2y_1y_5fold,5,mixed_or_unresolved_context,2025-10-13,航空,0.0,0.035,0,1
strong_market_effective_participation_v1,baseline_2y_1y_5fold,5,mixed_or_unresolved_context,2025-10-13,通信设备,0.0,0.02,0,1
strong_market_effective_participation_v1,baseline_2y_1y_5fold,5,mixed_or_unresolved_context,2025-10-13,铝,0.0,0.02,0,1
strong_market_effective_participation_v1,baseline_2y_1y_5fold,5,mixed_or_unresolved_context,2025-10-14,半导体,0.15000000000000002,0.182,6,8
strong_market_effective_participation_v1,baseline_2y_1y_5fold,5,mixed_or_unresolved_context,2025-10-14,电气设备,0.1328392,0.1398392,3,3
strong_market_effective_participation_v1,baseline_2y_1y_5fold,5,mixed_or_unresolved_context,2025-10-14,IT设备,0.05500000000000001,0.042,2,1
strong_market_effective_participation_v1,baseline_2y_1y_5fold,5,mixed_or_unresolved_context,2025-10-14,小金属,0.04,0.04,2,2
strong_market_effective_participation_v1,baseline_2y_1y_5fold,5,mixed_or_unresolved_context,2025-10-14,工程机械,0.04,0.02,2,1
strong_market_effective_participation_v1,baseline_2y_1y_5fold,5,mixed_or_unresolved_context,2025-10-14,铜,0.0383346,0.0383346,1,1
strong_market_effective_participation_v1,baseline_2y_1y_5fold,5,mixed_or_unresolved_context,2025-10-14,航空,0.035,0.042,1,1
strong_market_effective_participation_v1,baseline_2y_1y_5fold,5,mixed_or_unresolved_context,2025-10-14,软件服务,0.035,0.06,1,3
strong_market_effective_participation_v1,baseline_2y_1y_5fold,5,mixed_or_unresolved_context,2025-10-14,元器件,0.02,0.0,1,0
strong_market_effective_participation_v1,baseline_2y_1y_5fold,5,mixed_or_unresolved_context,2025-10-14,化工原料,0.02,0.0,1,0
strong_market_effective_participation_v1,baseline_2y_1y_5fold,5,mixed_or_unresolved_context,2025-10-14,煤炭开采,0.02,0.02,1,1
strong_market_effective_participation_v1,baseline_2y_1y_5fold,5,mixed_or_unresolved_context,2025-10-14,通信设备,0.02,0.0450452,1,2
strong_market_effective_participation_v1,baseline_2y_1y_5fold,5,mixed_or_unresolved_context,2025-10-14,铝,0.02,0.0,1,0
strong_market_effective_participation_v1,baseline_2y_1y_5fold,5,mixed_or_unresolved_context,2025-10-14,汽车配件,0.0,0.042,0,1
strong_market_effective_participation_v1,baseline_2y_1y_5fold,5,mixed_or_unresolved_context,2025-10-15,半导体,0.182,0.08,8,1
strong_market_effective_participation_v1,baseline_2y_1y_5fold,5,mixed_or_unresolved_context,2025-10-15,电气设备,0.1398392,0.04,3,2
strong_market_effective_participation_v1,baseline_2y_1y_5fold,5,mixed_or_unresolved_context,2025-10-15,软件服务,0.06,0.02,3,1
strong_market_effective_participation_v1,baseline_2y_1y_5fold,5,mixed_or_unresolved_context,2025-10-15,通信设备,0.0450452,0.02,2,1
strong_market_effective_participation_v1,baseline_2y_1y_5fold,5,mixed_or_unresolved_context,2025-10-15,IT设备,0.042,0.0,1,0
strong_market_effective_participation_v1,baseline_2y_1y_5fold,5,mixed_or_unresolved_context,2025-10-15,汽车配件,0.042,0.0,1,0
strong_market_effective_participation_v1,baseline_2y_1y_5fold,5,mixed_or_unresolved_context,2025-10-15,航空,0.042,0.08,1,1
strong_market_effective_participation_v1,baseline_2y_1y_5fold,5,mixed_or_unresolved_context,2025-10-15,小金属,0.04,0.02,2,1
strong_market_effective_participation_v1,baseline_2y_1y_5fold,5,mixed_or_unresolved_context,2025-10-15,铜,0.0383346,0.0383346,1,1
strong_market_effective_participation_v1,baseline_2y_1y_5fold,5,mixed_or_unresolved_context,2025-10-15,工程机械,0.02,0.04,1,2
strong_market_effective_participation_v1,baseline_2y_1y_5fold,5,mixed_or_unresolved_context,2025-10-15,煤炭开采,0.02,0.02,1,1
strong_market_effective_participation_v1,baseline_2y_1y_5fold,5,mixed_or_unresolved_context,2025-10-15,保险,0.0,0.02,0,1
strong_market_effective_participation_v1,baseline_2y_1y_5fold,5,mixed_or_unresolved_context,2025-10-15,汽车整车,0.0,0.02,0,1
strong_market_effective_participation_v1,baseline_2y_1y_5fold,5,mixed_or_unresolved_context,2025-10-15,证券,0.0,0.02,0,1
strong_market_effective_participation_v1,baseline_2y_1y_5fold,5,mixed_or_unresolved_context,2025-10-15,铝,0.0,0.02,0,1
strong_market_effective_participation_v1,baseline_2y_1y_5fold,5,mixed_or_unresolved_context,2025-10-16,半导体,0.08,0.02,1,1
strong_market_effective_participation_v1,baseline_2y_1y_5fold,5,mixed_or_unresolved_context,2025-10-16,航空,0.08,0.0,1,0
strong_market_effective_participation_v1,baseline_2y_1y_5fold,5,mixed_or_unresolved_context,2025-10-16,工程机械,0.04,0.0,2,0
strong_market_effective_participation_v1,baseline_2y_1y_5fold,5,mixed_or_unresolved_context,2025-10-16,电气设备,0.04,0.04,2,2
strong_market_effective_participation_v1,baseline_2y_1y_5fold,5,mixed_or_unresolved_context,2025-10-16,铜,0.0383346,0.0,1,0
strong_market_effective_participation_v1,baseline_2y_1y_5fold,5,mixed_or_unresolved_context,2025-10-16,保险,0.02,0.02,1,1
strong_market_effective_participation_v1,baseline_2y_1y_5fold,5,mixed_or_unresolved_context,2025-10-16,小金属,0.02,0.0,1,0
strong_market_effective_participation_v1,baseline_2y_1y_5fold,5,mixed_or_unresolved_context,2025-10-16,汽车整车,0.02,0.0,1,0
strong_market_effective_participation_v1,baseline_2y_1y_5fold,5,mixed_or_unresolved_context,2025-10-16,煤炭开采,0.02,0.02,1,1
strong_market_effective_participation_v1,baseline_2y_1y_5fold,5,mixed_or_unresolved_context,2025-10-16,证券,0.02,0.02,1,1
strong_market_effective_participation_v1,baseline_2y_1y_5fold,5,mixed_or_unresolved_context,2025-10-16,软件服务,0.02,0.21000000000000002,1,3
strong_market_effective_participation_v1,baseline_2y_1y_5fold,5,mixed_or_unresolved_context,2025-10-16,通信设备,0.02,0.02,1,1
strong_market_effective_participation_v1,baseline_2y_1y_5fold,5,mixed_or_unresolved_context,2025-10-16,铝,0.02,0.0,1,0
strong_market_effective_participation_v1,baseline_2y_1y_5fold,5,mixed_or_unresolved_context,2025-10-16,银行,0.0,0.02,0,1
strong_market_effective_participation_v1,baseline_2y_1y_5fold,5,mixed_or_unresolved_context,2025-10-17,软件服务,0.21000000000000002,0.0,3,0
strong_market_effective_participation_v1,baseline_2y_1y_5fold,5,mixed_or_unresolved_context,2025-10-17,电气设备,0.04,0.02,2,1
strong_market_effective_participation_v1,baseline_2y_1y_5fold,5,mixed_or_unresolved_context,2025-10-17,保险,0.02,0.02,1,1
strong_market_effective_participation_v1,baseline_2y_1y_5fold,5,mixed_or_unresolved_context,2025-10-17,半导体,0.02,0.08,1,1
strong_market_effective_participation_v1,baseline_2y_1y_5fold,5,mixed_or_unresolved_context,2025-10-17,煤炭开采,0.02,0.0,1,0
strong_market_effective_participation_v1,baseline_2y_1y_5fold,5,mixed_or_unresolved_context,2025-10-17,证券,0.02,0.02,1,1
strong_market_effective_participation_v1,baseline_2y_1y_5fold,5,mixed_or_unresolved_context,2025-10-17,通信设备,0.02,0.02,1,1
strong_market_effective_participation_v1,baseline_2y_1y_5fold,5,mixed_or_unresolved_context,2025-10-17,银行,0.02,0.02,1,1
strong_market_effective_participation_v1,baseline_2y_1y_5fold,5,mixed_or_unresolved_context,2025-10-17,工程机械,0.0,0.02,0,1
strong_market_effective_participation_v1,baseline_2y_1y_5fold,5,mixed_or_unresolved_context,2025-10-20,半导体,0.08,0.0,1,0
strong_market_effective_participation_v1,baseline_2y_1y_5fold,5,mixed_or_unresolved_context,2025-10-20,保险,0.02,0.0,1,0
strong_market_effective_participation_v1,baseline_2y_1y_5fold,5,mixed_or_unresolved_context,2025-10-20,工程机械,0.02,0.0,1,0
strong_market_effective_participation_v1,baseline_2y_1y_5fold,5,mixed_or_unresolved_context,2025-10-20,电气设备,0.02,0.0,1,0
strong_market_effective_participation_v1,baseline_2y_1y_5fold,5,mixed_or_unresolved_context,2025-10-20,证券,0.02,0.0,1,0
strong_market_effective_participation_v1,baseline_2y_1y_5fold,5,mixed_or_unresolved_context,2025-10-20,通信设备,0.02,0.0,1,0
strong_market_effective_participation_v1,baseline_2y_1y_5fold,5,mixed_or_unresolved_context,2025-10-20,银行,0.02,0.0,1,0
strong_market_effective_participation_v1,baseline_2y_1y_5fold,5,mixed_or_unresolved_context,2025-10-21,保险,0.0,0.02,0,1
strong_market_effective_participation_v1,baseline_2y_1y_5fold,5,mixed_or_unresolved_context,2025-10-21,元器件,0.0,0.02,0,1
strong_market_effective_participation_v1,baseline_2y_1y_5fold,5,mixed_or_unresolved_context,2025-10-21,煤炭开采,0.0,0.02,0,1
strong_market_effective_participation_v1,baseline_2y_1y_5fold,5,mixed_or_unresolved_context,2025-10-21,石油开采,0.0,0.02,0,1
strong_market_effective_participation_v1,baseline_2y_1y_5fold,5,mixed_or_unresolved_context,2025-10-21,软件服务,0.0,0.08,0,1
strong_market_effective_participation_v1,baseline_2y_1y_5fold,5,mixed_or_unresolved_context,2025-10-21,通信设备,0.0,0.070526,0,3
strong_market_effective_participation_v1,baseline_2y_1y_5fold,5,mixed_or_unresolved_context,2025-10-21,银行,0.0,0.02,0,1
strong_market_effective_participation_v1,baseline_2y_1y_5fold,5,mixed_or_unresolved_context,2025-10-22,软件服务,0.08,0.0,1,0
strong_market_effective_participation_v1,baseline_2y_1y_5fold,5,mixed_or_unresolved_context,2025-10-22,通信设备,0.070526,0.02,3,1
strong_market_effective_participation_v1,baseline_2y_1y_5fold,5,mixed_or_unresolved_context,2025-10-22,保险,0.02,0.0,1,0
strong_market_effective_participation_v1,baseline_2y_1y_5fold,5,mixed_or_unresolved_context,2025-10-22,元器件,0.02,0.0,1,0
strong_market_effective_participation_v1,baseline_2y_1y_5fold,5,mixed_or_unresolved_context,2025-10-22,煤炭开采,0.02,0.0,1,0
strong_market_effective_participation_v1,baseline_2y_1y_5fold,5,mixed_or_unresolved_context,2025-10-22,石油开采,0.02,0.02,1,1
strong_market_effective_participation_v1,baseline_2y_1y_5fold,5,mixed_or_unresolved_context,2025-10-22,银行,0.02,0.02,1,1
strong_market_effective_participation_v1,baseline_2y_1y_5fold,5,mixed_or_unresolved_context,2025-10-23,石油开采,0.02,0.02,1,1
strong_market_effective_participation_v1,baseline_2y_1y_5fold,5,mixed_or_unresolved_context,2025-10-23,通信设备,0.02,0.0,1,0
strong_market_effective_participation_v1,baseline_2y_1y_5fold,5,mixed_or_unresolved_context,2025-10-23,银行,0.02,0.02,1,1
strong_market_effective_participation_v1,baseline_2y_1y_5fold,5,mixed_or_unresolved_context,2025-10-23,铝,0.0,0.02,0,1
strong_market_effective_participation_v1,baseline_2y_1y_5fold,5,mixed_or_unresolved_context,2025-10-24,石油开采,0.02,0.02,1,1
strong_market_effective_participation_v1,baseline_2y_1y_5fold,5,mixed_or_unresolved_context,2025-10-24,铝,0.02,0.0,1,0
strong_market_effective_participation_v1,baseline_2y_1y_5fold,5,mixed_or_unresolved_context,2025-10-24,银行,0.02,0.02,1,1
strong_market_effective_participation_v1,baseline_2y_1y_5fold,5,mixed_or_unresolved_context,2025-10-24,半导体,0.0,0.06,0,3
strong_market_effective_participation_v1,baseline_2y_1y_5fold,5,mixed_or_unresolved_context,2025-10-24,小金属,0.0,0.02,0,1
strong_market_effective_participation_v1,baseline_2y_1y_5fold,5,mixed_or_unresolved_context,2025-10-24,证券,0.0,0.0208008,0,1
strong_market_effective_participation_v1,baseline_2y_1y_5fold,5,mixed_or_unresolved_context,2025-10-24,通信设备,0.0,0.050526,0,2
strong_market_effective_participation_v1,baseline_2y_1y_5fold,5,mixed_or_unresolved_context,2025-10-27,半导体,0.06,0.14888740023904076,3,6
strong_market_effective_participation_v1,baseline_2y_1y_5fold,5,mixed_or_unresolved_context,2025-10-27,通信设备,0.050526,0.08725565794039403,2,4
strong_market_effective_participation_v1,baseline_2y_1y_5fold,5,mixed_or_unresolved_context,2025-10-27,证券,0.0208008,0.01927748004780815,1,1
strong_market_effective_participation_v1,baseline_2y_1y_5fold,5,mixed_or_unresolved_context,2025-10-27,小金属,0.02,0.0,1,0
strong_market_effective_participation_v1,baseline_2y_1y_5fold,5,mixed_or_unresolved_context,2025-10-27,石油开采,0.02,0.01927748004780815,1,1
strong_market_effective_participation_v1,baseline_2y_1y_5fold,5,mixed_or_unresolved_context,2025-10-27,银行,0.02,0.0385549600956163,1,2
strong_market_effective_participation_v1,baseline_2y_1y_5fold,5,mixed_or_unresolved_context,2025-10-27,保险,0.0,0.01927748004780815,0,1
strong_market_effective_participation_v1,baseline_2y_1y_5fold,5,mixed_or_unresolved_context,2025-10-27,元器件,0.0,0.07177748004780815,0,2
strong_market_effective_participation_v1,baseline_2y_1y_5fold,5,mixed_or_unresolved_context,2025-10-27,家用电器,0.0,0.01927748004780815,0,1
strong_market_effective_participation_v1,baseline_2y_1y_5fold,5,mixed_or_unresolved_context,2025-10-27,工程机械,0.0,0.01927748004780815,0,1
strong_market_effective_participation_v1,baseline_2y_1y_5fold,5,mixed_or_unresolved_context,2025-10-27,新型电力,0.0,0.01927748004780815,0,1
strong_market_effective_participation_v1,baseline_2y_1y_5fold,5,mixed_or_unresolved_context,2025-10-27,煤炭开采,0.0,0.01927748004780815,0,1
strong_market_effective_participation_v1,baseline_2y_1y_5fold,5,mixed_or_unresolved_context,2025-10-27,电气设备,0.0,0.0750271812468674,0,1
strong_market_effective_participation_v1,baseline_2y_1y_5fold,5,mixed_or_unresolved_context,2025-10-27,船舶,0.0,0.01927748004780815,0,1
strong_market_effective_participation_v1,baseline_2y_1y_5fold,5,mixed_or_unresolved_context,2025-10-27,软件服务,0.0,0.105,0,2
strong_market_effective_participation_v1,baseline_2y_1y_5fold,5,mixed_or_unresolved_context,2025-10-27,铝,0.0,0.01927748004780815,0,1
strong_market_effective_participation_v1,baseline_2y_1y_5fold,5,mixed_or_unresolved_context,2025-10-28,半导体,0.14888740023904076,0.04,6,2
strong_market_effective_participation_v1,baseline_2y_1y_5fold,5,mixed_or_unresolved_context,2025-10-28,软件服务,0.105,0.08,2,1
strong_market_effective_participation_v1,baseline_2y_1y_5fold,5,mixed_or_unresolved_context,2025-10-28,通信设备,0.08725565794039403,0.0450452,4,2
strong_market_effective_participation_v1,baseline_2y_1y_5fold,5,mixed_or_unresolved_context,2025-10-28,电气设备,0.0750271812468674,0.0,1,0
strong_market_effective_participation_v1,baseline_2y_1y_5fold,5,mixed_or_unresolved_context,2025-10-28,元器件,0.07177748004780815,0.0,2,0
strong_market_effective_participation_v1,baseline_2y_1y_5fold,5,mixed_or_unresolved_context,2025-10-28,银行,0.0385549600956163,0.02,2,1
strong_market_effective_participation_v1,baseline_2y_1y_5fold,5,mixed_or_unresolved_context,2025-10-28,保险,0.01927748004780815,0.0,1,0
strong_market_effective_participation_v1,baseline_2y_1y_5fold,5,mixed_or_unresolved_context,2025-10-28,家用电器,0.01927748004780815,0.02,1,1
strong_market_effective_participation_v1,baseline_2y_1y_5fold,5,mixed_or_unresolved_context,2025-10-28,工程机械,0.01927748004780815,0.02,1,1
strong_market_effective_participation_v1,baseline_2y_1y_5fold,5,mixed_or_unresolved_context,2025-10-28,新型电力,0.01927748004780815,0.02,1,1
strong_market_effective_participation_v1,baseline_2y_1y_5fold,5,mixed_or_unresolved_context,2025-10-28,煤炭开采,0.01927748004780815,0.0,1,0
strong_market_effective_participation_v1,baseline_2y_1y_5fold,5,mixed_or_unresolved_context,2025-10-28,石油开采,0.01927748004780815,0.0,1,0
strong_market_effective_participation_v1,baseline_2y_1y_5fold,5,mixed_or_unresolved_context,2025-10-28,船舶,0.01927748004780815,0.0,1,0
strong_market_effective_participation_v1,baseline_2y_1y_5fold,5,mixed_or_unresolved_context,2025-10-28,证券,0.01927748004780815,0.0,1,0
strong_market_effective_participation_v1,baseline_2y_1y_5fold,5,mixed_or_unresolved_context,2025-10-28,铝,0.01927748004780815,0.0,1,0
strong_market_effective_participation_v1,baseline_2y_1y_5fold,5,mixed_or_unresolved_context,2025-10-28,小金属,0.0,0.02,0,1
strong_market_effective_participation_v1,baseline_2y_1y_5fold,5,mixed_or_unresolved_context,2025-10-29,软件服务,0.08,0.0,1,0
strong_market_effective_participation_v1,baseline_2y_1y_5fold,5,mixed_or_unresolved_context,2025-10-29,通信设备,0.0450452,0.0,2,0
strong_market_effective_participation_v1,baseline_2y_1y_5fold,5,mixed_or_unresolved_context,2025-10-29,半导体,0.04,0.0,2,0
strong_market_effective_participation_v1,baseline_2y_1y_5fold,5,mixed_or_unresolved_context,2025-10-29,家用电器,0.02,0.0,1,0
strong_market_effective_participation_v1,baseline_2y_1y_5fold,5,mixed_or_unresolved_context,2025-10-29,小金属,0.02,0.0,1,0
strong_market_effective_participation_v1,baseline_2y_1y_5fold,5,mixed_or_unresolved_context,2025-10-29,工程机械,0.02,0.0,1,0
strong_market_effective_participation_v1,baseline_2y_1y_5fold,5,mixed_or_unresolved_context,2025-10-29,新型电力,0.02,0.0,1,0
strong_market_effective_participation_v1,baseline_2y_1y_5fold,5,mixed_or_unresolved_context,2025-10-29,银行,0.02,0.0,1,0
strong_market_effective_participation_v1,baseline_2y_1y_5fold,5,mixed_or_unresolved_context,2025-11-10,乳制品,0.0,0.02,0,1
strong_market_effective_participation_v1,baseline_2y_1y_5fold,5,mixed_or_unresolved_context,2025-11-10,互联网,0.0,0.02,0,1
strong_market_effective_participation_v1,baseline_2y_1y_5fold,5,mixed_or_unresolved_context,2025-11-10,元器件,0.0,0.02,0,1
strong_market_effective_participation_v1,baseline_2y_1y_5fold,5,mixed_or_unresolved_context,2025-11-10,化工原料,0.0,0.02,0,1
strong_market_effective_participation_v1,baseline_2y_1y_5fold,5,mixed_or_unresolved_context,2025-11-10,家用电器,0.0,0.06694420000000001,0,3
strong_market_effective_participation_v1,baseline_2y_1y_5fold,5,mixed_or_unresolved_context,2025-11-10,汽车配件,0.0,0.02,0,1
strong_market_effective_participation_v1,baseline_2y_1y_5fold,5,mixed_or_unresolved_context,2025-11-10,电气设备,0.0,0.02,0,1
strong_market_effective_participation_v1,baseline_2y_1y_5fold,5,mixed_or_unresolved_context,2025-11-10,白酒,0.0,0.10549300000000002,0,3
strong_market_effective_participation_v1,baseline_2y_1y_5fold,5,mixed_or_unresolved_context,2025-11-10,铝,0.0,0.02,0,1
strong_market_effective_participation_v1,baseline_2y_1y_5fold,5,mixed_or_unresolved_context,2025-11-11,白酒,0.10549300000000002,0.04,3,2
strong_market_effective_participation_v1,baseline_2y_1y_5fold,5,mixed_or_unresolved_context,2025-11-11,家用电器,0.06694420000000001,0.0,3,0
strong_market_effective_participation_v1,baseline_2y_1y_5fold,5,mixed_or_unresolved_context,2025-11-11,乳制品,0.02,0.0,1,0
strong_market_effective_participation_v1,baseline_2y_1y_5fold,5,mixed_or_unresolved_context,2025-11-11,互联网,0.02,0.0,1,0
strong_market_effective_participation_v1,baseline_2y_1y_5fold,5,mixed_or_unresolved_context,2025-11-11,元器件,0.02,0.0,1,0
strong_market_effective_participation_v1,baseline_2y_1y_5fold,5,mixed_or_unresolved_context,2025-11-11,化工原料,0.02,0.02,1,1
strong_market_effective_participation_v1,baseline_2y_1y_5fold,5,mixed_or_unresolved_context,2025-11-11,汽车配件,0.02,0.02,1,1
strong_market_effective_participation_v1,baseline_2y_1y_5fold,5,mixed_or_unresolved_context,2025-11-11,电气设备,0.02,0.02,1,1
strong_market_effective_participation_v1,baseline_2y_1y_5fold,5,mixed_or_unresolved_context,2025-11-11,铝,0.02,0.0,1,0
strong_market_effective_participation_v1,baseline_2y_1y_5fold,5,mixed_or_unresolved_context,2025-11-11,半导体,0.0,0.02,0,1
strong_market_effective_participation_v1,baseline_2y_1y_5fold,5,mixed_or_unresolved_context,2025-11-12,白酒,0.04,0.0,2,0
strong_market_effective_participation_v1,baseline_2y_1y_5fold,5,mixed_or_unresolved_context,2025-11-12,化工原料,0.02,0.0,1,0
strong_market_effective_participation_v1,baseline_2y_1y_5fold,5,mixed_or_unresolved_context,2025-11-12,半导体,0.02,0.0,1,0
strong_market_effective_participation_v1,baseline_2y_1y_5fold,5,mixed_or_unresolved_context,2025-11-12,汽车配件,0.02,0.0,1,0
strong_market_effective_participation_v1,baseline_2y_1y_5fold,5,mixed_or_unresolved_context,2025-11-12,电气设备,0.02,0.02,1,1
strong_market_effective_participation_v1,baseline_2y_1y_5fold,5,mixed_or_unresolved_context,2025-11-12,保险,0.0,0.0656012,0,2
strong_market_effective_participation_v1,baseline_2y_1y_5fold,5,mixed_or_unresolved_context,2025-11-12,元器件,0.0,0.08,0,1
strong_market_effective_participation_v1,baseline_2y_1y_5fold,5,mixed_or_unresolved_context,2025-11-12,家用电器,0.0,0.0269442,0,1
strong_market_effective_participation_v1,baseline_2y_1y_5fold,5,mixed_or_unresolved_context,2025-11-12,电信运营,0.0,0.02,0,1
strong_market_effective_participation_v1,baseline_2y_1y_5fold,5,mixed_or_unresolved_context,2025-11-12,铝,0.0,0.02,0,1
strong_market_effective_participation_v1,baseline_2y_1y_5fold,5,mixed_or_unresolved_context,2025-11-12,银行,0.0,0.04,0,2
strong_market_effective_participation_v1,baseline_2y_1y_5fold,5,mixed_or_unresolved_context,2025-11-13,元器件,0.08,0.0,1,0
strong_market_effective_participation_v1,baseline_2y_1y_5fold,5,mixed_or_unresolved_context,2025-11-13,保险,0.0656012,0.0456012,2,1
strong_market_effective_participation_v1,baseline_2y_1y_5fold,5,mixed_or_unresolved_context,2025-11-13,银行,0.04,0.0,2,0
strong_market_effective_participation_v1,baseline_2y_1y_5fold,5,mixed_or_unresolved_context,2025-11-13,家用电器,0.0269442,0.0269442,1,1
strong_market_effective_participation_v1,baseline_2y_1y_5fold,5,mixed_or_unresolved_context,2025-11-13,电信运营,0.02,0.0,1,0
strong_market_effective_participation_v1,baseline_2y_1y_5fold,5,mixed_or_unresolved_context,2025-11-13,电气设备,0.02,0.1142698,1,3
strong_market_effective_participation_v1,baseline_2y_1y_5fold,5,mixed_or_unresolved_context,2025-11-13,铝,0.02,0.02,1,1
strong_market_effective_participation_v1,baseline_2y_1y_5fold,5,mixed_or_unresolved_context,2025-11-13,乳制品,0.0,0.02,0,1
strong_market_effective_participation_v1,baseline_2y_1y_5fold,5,mixed_or_unresolved_context,2025-11-13,化工原料,0.0,0.02,0,1
strong_market_effective_participation_v1,baseline_2y_1y_5fold,5,mixed_or_unresolved_context,2025-11-13,半导体,0.0,0.02,0,1
strong_market_effective_participation_v1,baseline_2y_1y_5fold,5,mixed_or_unresolved_context,2025-11-13,小金属,0.0,0.04,0,2
strong_market_effective_participation_v1,baseline_2y_1y_5fold,5,mixed_or_unresolved_context,2025-11-13,水力发电,0.0,0.025167600000000002,0,1
strong_market_effective_participation_v1,baseline_2y_1y_5fold,5,mixed_or_unresolved_context,2025-11-13,白酒,0.0,0.02,0,1
strong_market_effective_participation_v1,baseline_2y_1y_5fold,5,mixed_or_unresolved_context,2025-11-13,石油开采,0.0,0.02,0,1
strong_market_effective_participation_v1,baseline_2y_1y_5fold,5,mixed_or_unresolved_context,2025-11-13,铜,0.0,0.0359046,0,1
strong_market_effective_participation_v1,baseline_2y_1y_5fold,5,mixed_or_unresolved_context,2025-11-14,电气设备,0.1142698,0.0,3,0
strong_market_effective_participation_v1,baseline_2y_1y_5fold,5,mixed_or_unresolved_context,2025-11-14,保险,0.0456012,0.0,1,0
strong_market_effective_participation_v1,baseline_2y_1y_5fold,5,mixed_or_unresolved_context,2025-11-14,小金属,0.04,0.02,2,1
strong_market_effective_participation_v1,baseline_2y_1y_5fold,5,mixed_or_unresolved_context,2025-11-14,铜,0.0359046,0.0,1,0
strong_market_effective_participation_v1,baseline_2y_1y_5fold,5,mixed_or_unresolved_context,2025-11-14,家用电器,0.0269442,0.0,1,0
strong_market_effective_participation_v1,baseline_2y_1y_5fold,5,mixed_or_unresolved_context,2025-11-14,水力发电,0.025167600000000002,0.0,1,0
strong_market_effective_participation_v1,baseline_2y_1y_5fold,5,mixed_or_unresolved_context,2025-11-14,乳制品,0.02,0.0,1,0
strong_market_effective_participation_v1,baseline_2y_1y_5fold,5,mixed_or_unresolved_context,2025-11-14,化工原料,0.02,0.02,1,1
strong_market_effective_participation_v1,baseline_2y_1y_5fold,5,mixed_or_unresolved_context,2025-11-14,半导体,0.02,0.0,1,0
strong_market_effective_participation_v1,baseline_2y_1y_5fold,5,mixed_or_unresolved_context,2025-11-14,白酒,0.02,0.0,1,0
strong_market_effective_participation_v1,baseline_2y_1y_5fold,5,mixed_or_unresolved_context,2025-11-14,石油开采,0.02,0.0,1,0
strong_market_effective_participation_v1,baseline_2y_1y_5fold,5,mixed_or_unresolved_context,2025-11-14,铝,0.02,0.02,1,1
strong_market_effective_participation_v1,baseline_2y_1y_5fold,5,mixed_or_unresolved_context,2025-11-14,互联网,0.0,0.02,0,1
strong_market_effective_participation_v1,baseline_2y_1y_5fold,5,mixed_or_unresolved_context,2025-11-14,汽车配件,0.0,0.02,0,1
strong_market_effective_participation_v1,baseline_2y_1y_5fold,5,mixed_or_unresolved_context,2025-11-14,银行,0.0,0.02,0,1
strong_market_effective_participation_v1,baseline_2y_1y_5fold,5,mixed_or_unresolved_context,2025-11-17,互联网,0.02,0.02,1,1
strong_market_effective_participation_v1,baseline_2y_1y_5fold,5,mixed_or_unresolved_context,2025-11-17,化工原料,0.02,0.02,1,1
strong_market_effective_participation_v1,baseline_2y_1y_5fold,5,mixed_or_unresolved_context,2025-11-17,小金属,0.02,0.02,1,1
strong_market_effective_participation_v1,baseline_2y_1y_5fold,5,mixed_or_unresolved_context,2025-11-17,汽车配件,0.02,0.02,1,1
strong_market_effective_participation_v1,baseline_2y_1y_5fold,5,mixed_or_unresolved_context,2025-11-17,铝,0.02,0.02,1,1
strong_market_effective_participation_v1,baseline_2y_1y_5fold,5,mixed_or_unresolved_context,2025-11-17,银行,0.02,0.0,1,0
strong_market_effective_participation_v1,baseline_2y_1y_5fold,5,mixed_or_unresolved_context,2025-11-17,电气设备,0.0,0.0742698,0,1
strong_market_effective_participation_v1,baseline_2y_1y_5fold,5,mixed_or_unresolved_context,2025-11-17,白酒,0.0,0.06549300000000001,0,1
strong_market_effective_participation_v1,baseline_2y_1y_5fold,5,mixed_or_unresolved_context,2025-11-18,电气设备,0.0742698,0.0,1,0
strong_market_effective_participation_v1,baseline_2y_1y_5fold,5,mixed_or_unresolved_context,2025-11-18,白酒,0.06549300000000001,0.0,1,0
strong_market_effective_participation_v1,baseline_2y_1y_5fold,5,mixed_or_unresolved_context,2025-11-18,互联网,0.02,0.02,1,1
strong_market_effective_participation_v1,baseline_2y_1y_5fold,5,mixed_or_unresolved_context,2025-11-18,化工原料,0.02,0.0,1,0
strong_market_effective_participation_v1,baseline_2y_1y_5fold,5,mixed_or_unresolved_context,2025-11-18,小金属,0.02,0.02,1,1
strong_market_effective_participation_v1,baseline_2y_1y_5fold,5,mixed_or_unresolved_context,2025-11-18,汽车配件,0.02,0.0,1,0
strong_market_effective_participation_v1,baseline_2y_1y_5fold,5,mixed_or_unresolved_context,2025-11-18,铝,0.02,0.02,1,1
strong_market_effective_participation_v1,baseline_2y_1y_5fold,5,mixed_or_unresolved_context,2025-11-18,乳制品,0.0,0.02,0,1
strong_market_effective_participation_v1,baseline_2y_1y_5fold,5,mixed_or_unresolved_context,2025-11-18,半导体,0.0,0.04,0,2
strong_market_effective_participation_v1,baseline_2y_1y_5fold,5,mixed_or_unresolved_context,2025-11-18,水运,0.0,0.02,0,1
strong_market_effective_participation_v1,baseline_2y_1y_5fold,5,mixed_or_unresolved_context,2025-11-18,电信运营,0.0,0.02,0,1
strong_market_effective_participation_v1,baseline_2y_1y_5fold,5,mixed_or_unresolved_context,2025-11-18,证券,0.0,0.02,0,1
strong_market_effective_participation_v1,baseline_2y_1y_5fold,5,mixed_or_unresolved_context,2025-11-19,半导体,0.04,0.0,2,0
strong_market_effective_participation_v1,baseline_2y_1y_5fold,5,mixed_or_unresolved_context,2025-11-19,乳制品,0.02,0.0,1,0
strong_market_effective_participation_v1,baseline_2y_1y_5fold,5,mixed_or_unresolved_context,2025-11-19,互联网,0.02,0.0,1,0
strong_market_effective_participation_v1,baseline_2y_1y_5fold,5,mixed_or_unresolved_context,2025-11-19,小金属,0.02,0.0,1,0
strong_market_effective_participation_v1,baseline_2y_1y_5fold,5,mixed_or_unresolved_context,2025-11-19,水运,0.02,0.0,1,0
strong_market_effective_participation_v1,baseline_2y_1y_5fold,5,mixed_or_unresolved_context,2025-11-19,电信运营,0.02,0.0,1,0
strong_market_effective_participation_v1,baseline_2y_1y_5fold,5,mixed_or_unresolved_context,2025-11-19,证券,0.02,0.0,1,0
strong_market_effective_participation_v1,baseline_2y_1y_5fold,5,mixed_or_unresolved_context,2025-11-19,铝,0.02,0.0,1,0
strong_market_effective_participation_v1,baseline_2y_1y_5fold,5,mixed_or_unresolved_context,2025-12-22,保险,0.0,0.02,0,1
strong_market_effective_participation_v1,baseline_2y_1y_5fold,5,mixed_or_unresolved_context,2025-12-22,元器件,0.0,0.06,0,3
strong_market_effective_participation_v1,baseline_2y_1y_5fold,5,mixed_or_unresolved_context,2025-12-22,半导体,0.0,0.04,0,2
strong_market_effective_participation_v1,baseline_2y_1y_5fold,5,mixed_or_unresolved_context,2025-12-22,家用电器,0.0,0.04,0,2
strong_market_effective_participation_v1,baseline_2y_1y_5fold,5,mixed_or_unresolved_context,2025-12-22,小金属,0.0,0.02,0,1
strong_market_effective_participation_v1,baseline_2y_1y_5fold,5,mixed_or_unresolved_context,2025-12-22,通信设备,0.0,0.08,0,1
strong_market_effective_participation_v1,baseline_2y_1y_5fold,5,mixed_or_unresolved_context,2025-12-22,铜,0.0,0.0365814,0,1
strong_market_effective_participation_v1,baseline_2y_1y_5fold,5,mixed_or_unresolved_context,2025-12-23,通信设备,0.08,0.0,1,0
strong_market_effective_participation_v1,baseline_2y_1y_5fold,5,mixed_or_unresolved_context,2025-12-23,元器件,0.06,0.02,3,1
strong_market_effective_participation_v1,baseline_2y_1y_5fold,5,mixed_or_unresolved_context,2025-12-23,半导体,0.04,0.02,2,1
strong_market_effective_participation_v1,baseline_2y_1y_5fold,5,mixed_or_unresolved_context,2025-12-23,家用电器,0.04,0.0,2,0
strong_market_effective_participation_v1,baseline_2y_1y_5fold,5,mixed_or_unresolved_context,2025-12-23,铜,0.0365814,0.0365814,1,1
strong_market_effective_participation_v1,baseline_2y_1y_5fold,5,mixed_or_unresolved_context,2025-12-23,保险,0.02,0.06662180000000001,1,2
strong_market_effective_participation_v1,baseline_2y_1y_5fold,5,mixed_or_unresolved_context,2025-12-23,小金属,0.02,0.0,1,0
strong_market_effective_participation_v1,baseline_2y_1y_5fold,5,mixed_or_unresolved_context,2025-12-23,乳制品,0.0,0.02,0,1
strong_market_effective_participation_v1,baseline_2y_1y_5fold,5,mixed_or_unresolved_context,2025-12-23,石油开采,0.0,0.02,0,1
strong_market_effective_participation_v1,baseline_2y_1y_5fold,5,mixed_or_unresolved_context,2025-12-24,保险,0.06662180000000001,0.02,2,1
strong_market_effective_participation_v1,baseline_2y_1y_5fold,5,mixed_or_unresolved_context,2025-12-24,铜,0.0365814,0.0,1,0
strong_market_effective_participation_v1,baseline_2y_1y_5fold,5,mixed_or_unresolved_context,2025-12-24,乳制品,0.02,0.0,1,0
strong_market_effective_participation_v1,baseline_2y_1y_5fold,5,mixed_or_unresolved_context,2025-12-24,元器件,0.02,0.02,1,1
strong_market_effective_participation_v1,baseline_2y_1y_5fold,5,mixed_or_unresolved_context,2025-12-24,半导体,0.02,0.02,1,1
strong_market_effective_participation_v1,baseline_2y_1y_5fold,5,mixed_or_unresolved_context,2025-12-24,石油开采,0.02,0.0,1,0
strong_market_effective_participation_v1,baseline_2y_1y_5fold,5,mixed_or_unresolved_context,2025-12-24,化工原料,0.0,0.02,0,1
strong_market_effective_participation_v1,baseline_2y_1y_5fold,5,mixed_or_unresolved_context,2025-12-24,证券,0.0,0.02,0,1
strong_market_effective_participation_v1,baseline_2y_1y_5fold,5,mixed_or_unresolved_context,2025-12-24,通信设备,0.0,0.08,0,1
strong_market_effective_participation_v1,baseline_2y_1y_5fold,5,mixed_or_unresolved_context,2025-12-25,通信设备,0.08,0.0,1,0
strong_market_effective_participation_v1,baseline_2y_1y_5fold,5,mixed_or_unresolved_context,2025-12-25,保险,0.02,0.06662180000000001,1,2
strong_market_effective_participation_v1,baseline_2y_1y_5fold,5,mixed_or_unresolved_context,2025-12-25,元器件,0.02,0.02,1,1
strong_market_effective_participation_v1,baseline_2y_1y_5fold,5,mixed_or_unresolved_context,2025-12-25,化工原料,0.02,0.0,1,0
strong_market_effective_participation_v1,baseline_2y_1y_5fold,5,mixed_or_unresolved_context,2025-12-25,半导体,0.02,0.0,1,0
strong_market_effective_participation_v1,baseline_2y_1y_5fold,5,mixed_or_unresolved_context,2025-12-25,证券,0.02,0.0,1,0
strong_market_effective_participation_v1,baseline_2y_1y_5fold,5,mixed_or_unresolved_context,2025-12-25,家用电器,0.0,0.02,0,1
strong_market_effective_participation_v1,baseline_2y_1y_5fold,5,mixed_or_unresolved_context,2025-12-25,小金属,0.0,0.02,0,1
strong_market_effective_participation_v1,baseline_2y_1y_5fold,5,mixed_or_unresolved_context,2025-12-26,保险,0.06662180000000001,0.046621800000000005,2,1
strong_market_effective_participation_v1,baseline_2y_1y_5fold,5,mixed_or_unresolved_context,2025-12-26,元器件,0.02,0.0,1,0
strong_market_effective_participation_v1,baseline_2y_1y_5fold,5,mixed_or_unresolved_context,2025-12-26,家用电器,0.02,0.0,1,0
strong_market_effective_participation_v1,baseline_2y_1y_5fold,5,mixed_or_unresolved_context,2025-12-26,小金属,0.02,0.04,1,2
strong_market_effective_participation_v1,baseline_2y_1y_5fold,5,mixed_or_unresolved_context,2025-12-26,半导体,0.0,0.04,0,2
strong_market_effective_participation_v1,baseline_2y_1y_5fold,5,mixed_or_unresolved_context,2025-12-26,证券,0.0,0.02,0,1
strong_market_effective_participation_v1,baseline_2y_1y_5fold,5,mixed_or_unresolved_context,2025-12-26,铜,0.0,0.0365814,0,1
strong_market_effective_participation_v1,baseline_2y_1y_5fold,5,mixed_or_unresolved_context,2025-12-26,铝,0.0,0.02,0,1
strong_market_effective_participation_v1,baseline_2y_1y_5fold,5,mixed_or_unresolved_context,2025-12-29,保险,0.046621800000000005,0.0,1,0
strong_market_effective_participation_v1,baseline_2y_1y_5fold,5,mixed_or_unresolved_context,2025-12-29,半导体,0.04,0.0,2,0
strong_market_effective_participation_v1,baseline_2y_1y_5fold,5,mixed_or_unresolved_context,2025-12-29,小金属,0.04,0.04,2,2
strong_market_effective_participation_v1,baseline_2y_1y_5fold,5,mixed_or_unresolved_context,2025-12-29,铜,0.0365814,0.0365814,1,1
strong_market_effective_participation_v1,baseline_2y_1y_5fold,5,mixed_or_unresolved_context,2025-12-29,证券,0.02,0.0,1,0
strong_market_effective_participation_v1,baseline_2y_1y_5fold,5,mixed_or_unresolved_context,2025-12-29,铝,0.02,0.02,1,1
strong_market_effective_participation_v1,baseline_2y_1y_5fold,5,mixed_or_unresolved_context,2025-12-29,元器件,0.0,0.06,0,3
strong_market_effective_participation_v1,baseline_2y_1y_5fold,5,mixed_or_unresolved_context,2025-12-29,石油开采,0.0,0.02,0,1
strong_market_effective_participation_v1,baseline_2y_1y_5fold,5,mixed_or_unresolved_context,2025-12-29,通信设备,0.0,0.08,0,1
strong_market_effective_participation_v1,baseline_2y_1y_5fold,5,mixed_or_unresolved_context,2025-12-29,银行,0.0,0.025983,0,1
strong_market_effective_participation_v1,baseline_2y_1y_5fold,5,mixed_or_unresolved_context,2025-12-30,通信设备,0.08,0.0,1,0
strong_market_effective_participation_v1,baseline_2y_1y_5fold,5,mixed_or_unresolved_context,2025-12-30,元器件,0.06,0.02,3,1
strong_market_effective_participation_v1,baseline_2y_1y_5fold,5,mixed_or_unresolved_context,2025-12-30,小金属,0.04,0.04,2,2
strong_market_effective_participation_v1,baseline_2y_1y_5fold,5,mixed_or_unresolved_context,2025-12-30,铜,0.0365814,0.0365814,1,1
strong_market_effective_participation_v1,baseline_2y_1y_5fold,5,mixed_or_unresolved_context,2025-12-30,银行,0.025983,0.0,1,0
strong_market_effective_participation_v1,baseline_2y_1y_5fold,5,mixed_or_unresolved_context,2025-12-30,石油开采,0.02,0.02,1,1
strong_market_effective_participation_v1,baseline_2y_1y_5fold,5,mixed_or_unresolved_context,2025-12-30,铝,0.02,0.02,1,1
strong_market_effective_participation_v1,baseline_2y_1y_5fold,5,mixed_or_unresolved_context,2025-12-30,保险,0.0,0.046621800000000005,0,1
strong_market_effective_participation_v1,baseline_2y_1y_5fold,5,mixed_or_unresolved_context,2025-12-30,半导体,0.0,0.0410114,0,2
strong_market_effective_participation_v1,baseline_2y_1y_5fold,5,mixed_or_unresolved_context,2025-12-30,家用电器,0.0,0.02,0,1
strong_market_effective_participation_v1,baseline_2y_1y_5fold,5,mixed_or_unresolved_context,2025-12-30,工程机械,0.0,0.02,0,1
strong_market_effective_participation_v1,baseline_2y_1y_5fold,5,mixed_or_unresolved_context,2025-12-30,电气设备,0.0,0.08,0,1
strong_market_effective_participation_v1,baseline_2y_1y_5fold,5,mixed_or_unresolved_context,2025-12-31,电气设备,0.08,0.0,1,0
strong_market_effective_participation_v1,baseline_2y_1y_5fold,5,mixed_or_unresolved_context,2025-12-31,保险,0.046621800000000005,0.0,1,0
strong_market_effective_participation_v1,baseline_2y_1y_5fold,5,mixed_or_unresolved_context,2025-12-31,半导体,0.0410114,0.06101140000000001,2,3
strong_market_effective_participation_v1,baseline_2y_1y_5fold,5,mixed_or_unresolved_context,2025-12-31,小金属,0.04,0.02,2,1
strong_market_effective_participation_v1,baseline_2y_1y_5fold,5,mixed_or_unresolved_context,2025-12-31,铜,0.0365814,0.0365814,1,1
strong_market_effective_participation_v1,baseline_2y_1y_5fold,5,mixed_or_unresolved_context,2025-12-31,元器件,0.02,0.0,1,0
strong_market_effective_participation_v1,baseline_2y_1y_5fold,5,mixed_or_unresolved_context,2025-12-31,家用电器,0.02,0.02,1,1
strong_market_effective_participation_v1,baseline_2y_1y_5fold,5,mixed_or_unresolved_context,2025-12-31,工程机械,0.02,0.02,1,1
strong_market_effective_participation_v1,baseline_2y_1y_5fold,5,mixed_or_unresolved_context,2025-12-31,石油开采,0.02,0.02,1,1
strong_market_effective_participation_v1,baseline_2y_1y_5fold,5,mixed_or_unresolved_context,2025-12-31,铝,0.02,0.02,1,1
strong_market_effective_participation_v1,baseline_2y_1y_5fold,5,mixed_or_unresolved_context,2025-12-31,银行,0.0,0.020950200000000002,0,1
strong_market_effective_participation_v1,baseline_2y_1y_5fold,5,mixed_or_unresolved_context,2026-01-05,半导体,0.06101140000000001,0.0,3,0
strong_market_effective_participation_v1,baseline_2y_1y_5fold,5,mixed_or_unresolved_context,2026-01-05,铜,0.0365814,0.0,1,0
strong_market_effective_participation_v1,baseline_2y_1y_5fold,5,mixed_or_unresolved_context,2026-01-05,银行,0.020950200000000002,0.0,1,0
strong_market_effective_participation_v1,baseline_2y_1y_5fold,5,mixed_or_unresolved_context,2026-01-05,家用电器,0.02,0.0,1,0
strong_market_effective_participation_v1,baseline_2y_1y_5fold,5,mixed_or_unresolved_context,2026-01-05,小金属,0.02,0.0,1,0
strong_market_effective_participation_v1,baseline_2y_1y_5fold,5,mixed_or_unresolved_context,2026-01-05,工程机械,0.02,0.0,1,0
strong_market_effective_participation_v1,baseline_2y_1y_5fold,5,mixed_or_unresolved_context,2026-01-05,石油开采,0.02,0.0,1,0
strong_market_effective_participation_v1,baseline_2y_1y_5fold,5,mixed_or_unresolved_context,2026-01-05,铝,0.02,0.0,1,0
strong_market_effective_participation_v1,baseline_2y_1y_5fold,5,mixed_or_unresolved_context,2026-01-06,保险,0.0,0.0921190082750493,0,3
strong_market_effective_participation_v1,baseline_2y_1y_5fold,5,mixed_or_unresolved_context,2026-01-06,元器件,0.0,0.07845925242743318,0,4
strong_market_effective_participation_v1,baseline_2y_1y_5fold,5,mixed_or_unresolved_context,2026-01-06,化工原料,0.0,0.019614813106858295,0,1
strong_market_effective_participation_v1,baseline_2y_1y_5fold,5,mixed_or_unresolved_context,2026-01-06,半导体,0.0,0.058844439320574884,0,3
strong_market_effective_participation_v1,baseline_2y_1y_5fold,5,mixed_or_unresolved_context,2026-01-06,小金属,0.0,0.03922962621371659,0,2
strong_market_effective_participation_v1,baseline_2y_1y_5fold,5,mixed_or_unresolved_context,2026-01-06,石油开采,0.0,0.019614813106858295,0,1
strong_market_effective_participation_v1,baseline_2y_1y_5fold,5,mixed_or_unresolved_context,2026-01-06,证券,0.0,0.05885836583788076,0,3
strong_market_effective_participation_v1,baseline_2y_1y_5fold,5,mixed_or_unresolved_context,2026-01-06,软件服务,0.0,0.03922962621371659,0,2
strong_market_effective_participation_v1,baseline_2y_1y_5fold,5,mixed_or_unresolved_context,2026-01-06,铜,0.0,0.03997950051879179,0,1
strong_market_effective_participation_v1,baseline_2y_1y_5fold,5,mixed_or_unresolved_context,2026-01-06,铝,0.0,0.019614813106858295,0,1
strong_market_effective_participation_v1,baseline_2y_1y_5fold,5,mixed_or_unresolved_context,2026-01-06,银行,0.0,0.024435741872261926,0,1
strong_market_effective_participation_v1,baseline_2y_1y_5fold,5,mixed_or_unresolved_context,2026-01-07,保险,0.0921190082750493,0.04,3,2
strong_market_effective_participation_v1,baseline_2y_1y_5fold,5,mixed_or_unresolved_context,2026-01-07,元器件,0.07845925242743318,0.04,4,2
strong_market_effective_participation_v1,baseline_2y_1y_5fold,5,mixed_or_unresolved_context,2026-01-07,证券,0.05885836583788076,0.0400142,3,2
strong_market_effective_participation_v1,baseline_2y_1y_5fold,5,mixed_or_unresolved_context,2026-01-07,半导体,0.058844439320574884,0.04,3,2
strong_market_effective_participation_v1,baseline_2y_1y_5fold,5,mixed_or_unresolved_context,2026-01-07,铜,0.03997950051879179,0.040764600000000005,1,1
strong_market_effective_participation_v1,baseline_2y_1y_5fold,5,mixed_or_unresolved_context,2026-01-07,小金属,0.03922962621371659,0.0,2,0
strong_market_effective_participation_v1,baseline_2y_1y_5fold,5,mixed_or_unresolved_context,2026-01-07,软件服务,0.03922962621371659,0.11000000000000001,2,3
strong_market_effective_participation_v1,baseline_2y_1y_5fold,5,mixed_or_unresolved_context,2026-01-07,银行,0.024435741872261926,0.0249156,1,1
strong_market_effective_participation_v1,baseline_2y_1y_5fold,5,mixed_or_unresolved_context,2026-01-07,化工原料,0.019614813106858295,0.0,1,0
strong_market_effective_participation_v1,baseline_2y_1y_5fold,5,mixed_or_unresolved_context,2026-01-07,石油开采,0.019614813106858295,0.02,1,1
strong_market_effective_participation_v1,baseline_2y_1y_5fold,5,mixed_or_unresolved_context,2026-01-07,铝,0.019614813106858295,0.0,1,0
strong_market_effective_participation_v1,baseline_2y_1y_5fold,5,mixed_or_unresolved_context,2026-01-07,专用机械,0.0,0.07,0,1
strong_market_effective_participation_v1,baseline_2y_1y_5fold,5,mixed_or_unresolved_context,2026-01-07,乳制品,0.0,0.02,0,1
strong_market_effective_participation_v1,baseline_2y_1y_5fold,5,mixed_or_unresolved_context,2026-01-07,工程机械,0.0,0.02,0,1
strong_market_effective_participation_v1,baseline_2y_1y_5fold,5,mixed_or_unresolved_context,2026-01-07,影视音像,0.0,0.02,0,1
strong_market_effective_participation_v1,baseline_2y_1y_5fold,5,mixed_or_unresolved_context,2026-01-07,汽车整车,0.0,0.07,0,1
strong_market_effective_participation_v1,baseline_2y_1y_5fold,5,mixed_or_unresolved_context,2026-01-07,汽车配件,0.0,0.02,0,1
strong_market_effective_participation_v1,baseline_2y_1y_5fold,5,mixed_or_unresolved_context,2026-01-08,软件服务,0.11000000000000001,0.0,3,0
strong_market_effective_participation_v1,baseline_2y_1y_5fold,5,mixed_or_unresolved_context,2026-01-08,专用机械,0.07,0.08,1,1
strong_market_effective_participation_v1,baseline_2y_1y_5fold,5,mixed_or_unresolved_context,2026-01-08,汽车整车,0.07,0.08,1,1
strong_market_effective_participation_v1,baseline_2y_1y_5fold,5,mixed_or_unresolved_context,2026-01-08,铜,0.040764600000000005,0.0,1,0
strong_market_effective_participation_v1,baseline_2y_1y_5fold,5,mixed_or_unresolved_context,2026-01-08,证券,0.0400142,0.04,2,2
strong_market_effective_participation_v1,baseline_2y_1y_5fold,5,mixed_or_unresolved_context,2026-01-08,保险,0.04,0.053928000000000004,2,1
strong_market_effective_participation_v1,baseline_2y_1y_5fold,5,mixed_or_unresolved_context,2026-01-08,元器件,0.04,0.02,2,1
strong_market_effective_participation_v1,baseline_2y_1y_5fold,5,mixed_or_unresolved_context,2026-01-08,半导体,0.04,0.0804894,2,4
strong_market_effective_participation_v1,baseline_2y_1y_5fold,5,mixed_or_unresolved_context,2026-01-08,银行,0.0249156,0.0249156,1,1
strong_market_effective_participation_v1,baseline_2y_1y_5fold,5,mixed_or_unresolved_context,2026-01-08,乳制品,0.02,0.0,1,0
strong_market_effective_participation_v1,baseline_2y_1y_5fold,5,mixed_or_unresolved_context,2026-01-08,工程机械,0.02,0.02,1,1
strong_market_effective_participation_v1,baseline_2y_1y_5fold,5,mixed_or_unresolved_context,2026-01-08,影视音像,0.02,0.02,1,1
strong_market_effective_participation_v1,baseline_2y_1y_5fold,5,mixed_or_unresolved_context,2026-01-08,汽车配件,0.02,0.0,1,0
strong_market_effective_participation_v1,baseline_2y_1y_5fold,5,mixed_or_unresolved_context,2026-01-08,石油开采,0.02,0.0,1,0
strong_market_effective_participation_v1,baseline_2y_1y_5fold,5,mixed_or_unresolved_context,2026-01-08,化工原料,0.0,0.02,0,1
strong_market_effective_participation_v1,baseline_2y_1y_5fold,5,mixed_or_unresolved_context,2026-01-08,家用电器,0.0,0.02,0,1
strong_market_effective_participation_v1,baseline_2y_1y_5fold,5,mixed_or_unresolved_context,2026-01-08,小金属,0.0,0.02,0,1
strong_market_effective_participation_v1,baseline_2y_1y_5fold,5,mixed_or_unresolved_context,2026-01-08,煤炭开采,0.0,0.02,0,1
strong_market_effective_participation_v1,baseline_2y_1y_5fold,5,mixed_or_unresolved_context,2026-01-08,船舶,0.0,0.02,0,1
strong_market_effective_participation_v1,baseline_2y_1y_5fold,5,mixed_or_unresolved_context,2026-01-09,半导体,0.0804894,0.07964709137246506,4,4
strong_market_effective_participation_v1,baseline_2y_1y_5fold,5,mixed_or_unresolved_context,2026-01-09,专用机械,0.08,0.0,1,0
strong_market_effective_participation_v1,baseline_2y_1y_5fold,5,mixed_or_unresolved_context,2026-01-09,汽车整车,0.08,0.0,1,0
strong_market_effective_participation_v1,baseline_2y_1y_5fold,5,mixed_or_unresolved_context,2026-01-09,保险,0.053928000000000004,0.07315435536832922,1,2
strong_market_effective_participation_v1,baseline_2y_1y_5fold,5,mixed_or_unresolved_context,2026-01-09,证券,0.04,0.019790703216191217,2,1
strong_market_effective_participation_v1,baseline_2y_1y_5fold,5,mixed_or_unresolved_context,2026-01-09,银行,0.0249156,0.0,1,0
strong_market_effective_participation_v1,baseline_2y_1y_5fold,5,mixed_or_unresolved_context,2026-01-09,元器件,0.02,0.039581406432382435,1,2
strong_market_effective_participation_v1,baseline_2y_1y_5fold,5,mixed_or_unresolved_context,2026-01-09,化工原料,0.02,0.019790703216191217,1,1
strong_market_effective_participation_v1,baseline_2y_1y_5fold,5,mixed_or_unresolved_context,2026-01-09,家用电器,0.02,0.019790703216191217,1,1
strong_market_effective_participation_v1,baseline_2y_1y_5fold,5,mixed_or_unresolved_context,2026-01-09,小金属,0.02,0.039581406432382435,1,2
strong_market_effective_participation_v1,baseline_2y_1y_5fold,5,mixed_or_unresolved_context,2026-01-09,工程机械,0.02,0.0,1,0
strong_market_effective_participation_v1,baseline_2y_1y_5fold,5,mixed_or_unresolved_context,2026-01-09,影视音像,0.02,0.0,1,0
strong_market_effective_participation_v1,baseline_2y_1y_5fold,5,mixed_or_unresolved_context,2026-01-09,煤炭开采,0.02,0.019790703216191217,1,1
strong_market_effective_participation_v1,baseline_2y_1y_5fold,5,mixed_or_unresolved_context,2026-01-09,船舶,0.02,0.0,1,0
strong_market_effective_participation_v1,baseline_2y_1y_5fold,5,mixed_or_unresolved_context,2026-01-09,互联网,0.0,0.019790703216191217,0,1
strong_market_effective_participation_v1,baseline_2y_1y_5fold,5,mixed_or_unresolved_context,2026-01-09,汽车配件,0.0,0.019790703216191217,0,1
strong_market_effective_participation_v1,baseline_2y_1y_5fold,5,mixed_or_unresolved_context,2026-01-09,电气设备,0.0,0.07,0,1
strong_market_effective_participation_v1,baseline_2y_1y_5fold,5,mixed_or_unresolved_context,2026-01-09,石油开采,0.0,0.019790703216191217,0,1
strong_market_effective_participation_v1,baseline_2y_1y_5fold,5,mixed_or_unresolved_context,2026-01-09,航空,0.0,0.019790703216191217,0,1
strong_market_effective_participation_v1,baseline_2y_1y_5fold,5,mixed_or_unresolved_context,2026-01-09,软件服务,0.0,0.10958140643238244,0,3
strong_market_effective_participation_v1,baseline_2y_1y_5fold,5,mixed_or_unresolved_context,2026-01-09,通信设备,0.0,0.07,0,1
strong_market_effective_participation_v1,baseline_2y_1y_5fold,5,mixed_or_unresolved_context,2026-01-09,铜,0.0,0.04033800501633743,0,1
strong_market_effective_participation_v1,baseline_2y_1y_5fold,5,mixed_or_unresolved_context,2026-01-09,铝,0.0,0.019790703216191217,0,1
strong_market_effective_participation_v1,baseline_2y_1y_5fold,5,mixed_or_unresolved_context,2026-01-12,软件服务,0.10958140643238244,0.13929592774844116,3,6
strong_market_effective_participation_v1,baseline_2y_1y_5fold,5,mixed_or_unresolved_context,2026-01-12,半导体,0.07964709137246506,0.05885372291946557,4,3
strong_market_effective_participation_v1,baseline_2y_1y_5fold,5,mixed_or_unresolved_context,2026-01-12,保险,0.07315435536832922,0.0719289334658676,2,2
strong_market_effective_participation_v1,baseline_2y_1y_5fold,5,mixed_or_unresolved_context,2026-01-12,电气设备,0.07,0.0,1,0
strong_market_effective_participation_v1,baseline_2y_1y_5fold,5,mixed_or_unresolved_context,2026-01-12,通信设备,0.07,0.08912645015609047,1,2
strong_market_effective_participation_v1,baseline_2y_1y_5fold,5,mixed_or_unresolved_context,2026-01-12,铜,0.04033800501633743,0.03966229576294105,1,1
strong_market_effective_participation_v1,baseline_2y_1y_5fold,5,mixed_or_unresolved_context,2026-01-12,元器件,0.039581406432382435,0.06145918554968824,2,2
strong_market_effective_participation_v1,baseline_2y_1y_5fold,5,mixed_or_unresolved_context,2026-01-12,小金属,0.039581406432382435,0.038918371099376466,2,2
strong_market_effective_participation_v1,baseline_2y_1y_5fold,5,mixed_or_unresolved_context,2026-01-12,互联网,0.019790703216191217,0.019459185549688233,1,1
strong_market_effective_participation_v1,baseline_2y_1y_5fold,5,mixed_or_unresolved_context,2026-01-12,化工原料,0.019790703216191217,0.019459185549688233,1,1
strong_market_effective_participation_v1,baseline_2y_1y_5fold,5,mixed_or_unresolved_context,2026-01-12,家用电器,0.019790703216191217,0.019459185549688233,1,1
strong_market_effective_participation_v1,baseline_2y_1y_5fold,5,mixed_or_unresolved_context,2026-01-12,汽车配件,0.019790703216191217,0.0,1,0
strong_market_effective_participation_v1,baseline_2y_1y_5fold,5,mixed_or_unresolved_context,2026-01-12,煤炭开采,0.019790703216191217,0.0,1,0
strong_market_effective_participation_v1,baseline_2y_1y_5fold,5,mixed_or_unresolved_context,2026-01-12,石油开采,0.019790703216191217,0.0,1,0
strong_market_effective_participation_v1,baseline_2y_1y_5fold,5,mixed_or_unresolved_context,2026-01-12,航空,0.019790703216191217,0.019459185549688233,1,1
strong_market_effective_participation_v1,baseline_2y_1y_5fold,5,mixed_or_unresolved_context,2026-01-12,证券,0.019790703216191217,0.0,1,0
strong_market_effective_participation_v1,baseline_2y_1y_5fold,5,mixed_or_unresolved_context,2026-01-12,铝,0.019790703216191217,0.019459185549688233,1,1
strong_market_effective_participation_v1,baseline_2y_1y_5fold,5,mixed_or_unresolved_context,2026-01-12,IT设备,0.0,0.042,0,1
strong_market_effective_participation_v1,baseline_2y_1y_5fold,5,mixed_or_unresolved_context,2026-01-12,影视音像,0.0,0.019459185549688233,0,1
strong_market_effective_participation_v1,baseline_2y_1y_5fold,5,mixed_or_unresolved_context,2026-01-12,普钢,0.0,0.042,0,1
strong_market_effective_participation_v1,baseline_2y_1y_5fold,5,mixed_or_unresolved_context,2026-01-13,软件服务,0.13929592774844118,0.11115289853048553,6,5
strong_market_effective_participation_v1,baseline_2y_1y_5fold,5,mixed_or_unresolved_context,2026-01-13,通信设备,0.08912645015609047,0.02625,2,1
strong_market_effective_participation_v1,baseline_2y_1y_5fold,5,mixed_or_unresolved_context,2026-01-13,保险,0.0719289334658676,0.019550966176828513,2,1
strong_market_effective_participation_v1,baseline_2y_1y_5fold,5,mixed_or_unresolved_context,2026-01-13,元器件,0.06145918554968824,0.06535193235365702,2,3
strong_market_effective_participation_v1,baseline_2y_1y_5fold,5,mixed_or_unresolved_context,2026-01-13,半导体,0.05885372291946557,0.16358517538014655,3,8
strong_market_effective_participation_v1,baseline_2y_1y_5fold,5,mixed_or_unresolved_context,2026-01-13,IT设备,0.042,0.019550966176828513,1,1
strong_market_effective_participation_v1,baseline_2y_1y_5fold,5,mixed_or_unresolved_context,2026-01-13,普钢,0.042,0.0,1,0
strong_market_effective_participation_v1,baseline_2y_1y_5fold,5,mixed_or_unresolved_context,2026-01-13,铜,0.03966229576294105,0.03984936579059718,1,1
strong_market_effective_participation_v1,baseline_2y_1y_5fold,5,mixed_or_unresolved_context,2026-01-13,小金属,0.038918371099376466,0.0,2,0
strong_market_effective_participation_v1,baseline_2y_1y_5fold,5,mixed_or_unresolved_context,2026-01-13,互联网,0.019459185549688233,0.019550966176828513,1,1
strong_market_effective_participation_v1,baseline_2y_1y_5fold,5,mixed_or_unresolved_context,2026-01-13,化工原料,0.019459185549688233,0.0,1,0
strong_market_effective_participation_v1,baseline_2y_1y_5fold,5,mixed_or_unresolved_context,2026-01-13,家用电器,0.019459185549688233,0.0,1,0
strong_market_effective_participation_v1,baseline_2y_1y_5fold,5,mixed_or_unresolved_context,2026-01-13,影视音像,0.019459185549688233,0.019550966176828513,1,1
strong_market_effective_participation_v1,baseline_2y_1y_5fold,5,mixed_or_unresolved_context,2026-01-13,航空,0.019459185549688233,0.019550966176828513,1,1
strong_market_effective_participation_v1,baseline_2y_1y_5fold,5,mixed_or_unresolved_context,2026-01-13,铝,0.019459185549688233,0.0,1,0
strong_market_effective_participation_v1,baseline_2y_1y_5fold,5,mixed_or_unresolved_context,2026-01-13,专用机械,0.0,0.02625,0,1
strong_market_effective_participation_v1,baseline_2y_1y_5fold,5,mixed_or_unresolved_context,2026-01-13,化学制药,0.0,0.019550966176828513,0,1
strong_market_effective_participation_v1,baseline_2y_1y_5fold,5,mixed_or_unresolved_context,2026-01-13,汽车配件,0.0,0.019550966176828513,0,1
strong_market_effective_participation_v1,baseline_2y_1y_5fold,5,mixed_or_unresolved_context,2026-01-13,电信运营,0.0,0.019550966176828513,0,1
strong_market_effective_participation_v1,baseline_2y_1y_5fold,5,mixed_or_unresolved_context,2026-01-13,电器仪表,0.0,0.019550966176828513,0,1
strong_market_effective_participation_v1,baseline_2y_1y_5fold,5,mixed_or_unresolved_context,2026-01-13,电气设备,0.0,0.0525,0,2
strong_market_effective_participation_v1,baseline_2y_1y_5fold,5,mixed_or_unresolved_context,2026-01-13,石油开采,0.0,0.019550966176828513,0,1
strong_market_effective_participation_v1,baseline_2y_1y_5fold,5,mixed_or_unresolved_context,2026-01-13,船舶,0.0,0.019550966176828513,0,1
strong_market_effective_participation_v1,baseline_2y_1y_5fold,5,mixed_or_unresolved_context,2026-01-14,半导体,0.1635851753801466,0.11048940000000002,8,5
strong_market_effective_participation_v1,baseline_2y_1y_5fold,5,mixed_or_unresolved_context,2026-01-14,软件服务,0.11115289853048553,0.06,5,2
strong_market_effective_participation_v1,baseline_2y_1y_5fold,5,mixed_or_unresolved_context,2026-01-14,元器件,0.06535193235365702,0.07,3,3
strong_market_effective_participation_v1,baseline_2y_1y_5fold,5,mixed_or_unresolved_context,2026-01-14,电气设备,0.0525,0.0,2,0
strong_market_effective_participation_v1,baseline_2y_1y_5fold,5,mixed_or_unresolved_context,2026-01-14,铜,0.03984936579059718,0.0,1,0
strong_market_effective_participation_v1,baseline_2y_1y_5fold,5,mixed_or_unresolved_context,2026-01-14,专用机械,0.02625,0.03,1,1
strong_market_effective_participation_v1,baseline_2y_1y_5fold,5,mixed_or_unresolved_context,2026-01-14,通信设备,0.02625,0.03,1,1
strong_market_effective_participation_v1,baseline_2y_1y_5fold,5,mixed_or_unresolved_context,2026-01-14,IT设备,0.019550966176828513,0.0,1,0
strong_market_effective_participation_v1,baseline_2y_1y_5fold,5,mixed_or_unresolved_context,2026-01-14,互联网,0.019550966176828513,0.02,1,1
strong_market_effective_participation_v1,baseline_2y_1y_5fold,5,mixed_or_unresolved_context,2026-01-14,保险,0.019550966176828513,0.02,1,1
strong_market_effective_participation_v1,baseline_2y_1y_5fold,5,mixed_or_unresolved_context,2026-01-14,化学制药,0.019550966176828513,0.0,1,0
strong_market_effective_participation_v1,baseline_2y_1y_5fold,5,mixed_or_unresolved_context,2026-01-14,影视音像,0.019550966176828513,0.0,1,0
strong_market_effective_participation_v1,baseline_2y_1y_5fold,5,mixed_or_unresolved_context,2026-01-14,汽车配件,0.019550966176828513,0.04,1,2
strong_market_effective_participation_v1,baseline_2y_1y_5fold,5,mixed_or_unresolved_context,2026-01-14,电信运营,0.019550966176828513,0.0,1,0
strong_market_effective_participation_v1,baseline_2y_1y_5fold,5,mixed_or_unresolved_context,2026-01-14,电器仪表,0.019550966176828513,0.0,1,0
strong_market_effective_participation_v1,baseline_2y_1y_5fold,5,mixed_or_unresolved_context,2026-01-14,石油开采,0.019550966176828513,0.02,1,1
strong_market_effective_participation_v1,baseline_2y_1y_5fold,5,mixed_or_unresolved_context,2026-01-14,航空,0.019550966176828513,0.0,1,0
strong_market_effective_participation_v1,baseline_2y_1y_5fold,5,mixed_or_unresolved_context,2026-01-14,船舶,0.019550966176828513,0.0,1,0
strong_market_effective_participation_v1,baseline_2y_1y_5fold,5,mixed_or_unresolved_context,2026-01-14,家用电器,0.0,0.05,0,2
strong_market_effective_participation_v1,baseline_2y_1y_5fold,5,mixed_or_unresolved_context,2026-01-14,工程机械,0.0,0.02,0,1
strong_market_effective_participation_v1,baseline_2y_1y_5fold,5,mixed_or_unresolved_context,2026-01-14,煤炭开采,0.0,0.02,0,1
strong_market_effective_participation_v1,baseline_2y_1y_5fold,5,mixed_or_unresolved_context,2026-01-14,证券,0.0,0.02,0,1
strong_market_effective_participation_v1,baseline_2y_1y_5fold,5,mixed_or_unresolved_context,2026-01-14,铝,0.0,0.02,0,1
strong_market_effective_participation_v1,baseline_2y_1y_5fold,5,mixed_or_unresolved_context,2026-01-15,半导体,0.1104894,0.10200000000000001,5,4
strong_market_effective_participation_v1,baseline_2y_1y_5fold,5,mixed_or_unresolved_context,2026-01-15,元器件,0.07,0.02,3,1
strong_market_effective_participation_v1,baseline_2y_1y_5fold,5,mixed_or_unresolved_context,2026-01-15,软件服务,0.06,0.10400000000000001,2,3
strong_market_effective_participation_v1,baseline_2y_1y_5fold,5,mixed_or_unresolved_context,2026-01-15,家用电器,0.05,0.0,2,0
strong_market_effective_participation_v1,baseline_2y_1y_5fold,5,mixed_or_unresolved_context,2026-01-15,汽车配件,0.04,0.02,2,1
strong_market_effective_participation_v1,baseline_2y_1y_5fold,5,mixed_or_unresolved_context,2026-01-15,专用机械,0.03,0.0,1,0
strong_market_effective_participation_v1,baseline_2y_1y_5fold,5,mixed_or_unresolved_context,2026-01-15,通信设备,0.03,0.048436200000000006,1,1
strong_market_effective_participation_v1,baseline_2y_1y_5fold,5,mixed_or_unresolved_context,2026-01-15,互联网,0.02,0.0,1,0
strong_market_effective_participation_v1,baseline_2y_1y_5fold,5,mixed_or_unresolved_context,2026-01-15,保险,0.02,0.0,1,0
strong_market_effective_participation_v1,baseline_2y_1y_5fold,5,mixed_or_unresolved_context,2026-01-15,工程机械,0.02,0.0,1,0
strong_market_effective_participation_v1,baseline_2y_1y_5fold,5,mixed_or_unresolved_context,2026-01-15,煤炭开采,0.02,0.0,1,0
strong_market_effective_participation_v1,baseline_2y_1y_5fold,5,mixed_or_unresolved_context,2026-01-15,石油开采,0.02,0.02,1,1
strong_market_effective_participation_v1,baseline_2y_1y_5fold,5,mixed_or_unresolved_context,2026-01-15,证券,0.02,0.0,1,0
strong_market_effective_participation_v1,baseline_2y_1y_5fold,5,mixed_or_unresolved_context,2026-01-15,铝,0.02,0.0,1,0
strong_market_effective_participation_v1,baseline_2y_1y_5fold,5,mixed_or_unresolved_context,2026-01-15,IT设备,0.0,0.042,0,1
strong_market_effective_participation_v1,baseline_2y_1y_5fold,5,mixed_or_unresolved_context,2026-01-15,化工原料,0.0,0.02,0,1
strong_market_effective_participation_v1,baseline_2y_1y_5fold,5,mixed_or_unresolved_context,2026-01-15,小金属,0.0,0.04,0,2
strong_market_effective_participation_v1,baseline_2y_1y_5fold,5,mixed_or_unresolved_context,2026-01-15,影视音像,0.0,0.02,0,1
strong_market_effective_participation_v1,baseline_2y_1y_5fold,5,mixed_or_unresolved_context,2026-01-15,普钢,0.0,0.042,0,1
strong_market_effective_participation_v1,baseline_2y_1y_5fold,5,mixed_or_unresolved_context,2026-01-15,电器仪表,0.0,0.02,0,1
strong_market_effective_participation_v1,baseline_2y_1y_5fold,5,mixed_or_unresolved_context,2026-01-16,软件服务,0.10400000000000001,0.09273753694024046,3,4
strong_market_effective_participation_v1,baseline_2y_1y_5fold,5,mixed_or_unresolved_context,2026-01-16,半导体,0.10200000000000001,0.18547507388048093,4,8
strong_market_effective_participation_v1,baseline_2y_1y_5fold,5,mixed_or_unresolved_context,2026-01-16,通信设备,0.048436200000000006,0.04660978144574792,1,1
strong_market_effective_participation_v1,baseline_2y_1y_5fold,5,mixed_or_unresolved_context,2026-01-16,IT设备,0.042,0.0,1,0
strong_market_effective_participation_v1,baseline_2y_1y_5fold,5,mixed_or_unresolved_context,2026-01-16,普钢,0.042,0.0,1,0
strong_market_effective_participation_v1,baseline_2y_1y_5fold,5,mixed_or_unresolved_context,2026-01-16,小金属,0.04,0.01924584564674682,2,1
strong_market_effective_participation_v1,baseline_2y_1y_5fold,5,mixed_or_unresolved_context,2026-01-16,元器件,0.02,0.09273753694024046,1,4
strong_market_effective_participation_v1,baseline_2y_1y_5fold,5,mixed_or_unresolved_context,2026-01-16,化工原料,0.02,0.01924584564674682,1,1
strong_market_effective_participation_v1,baseline_2y_1y_5fold,5,mixed_or_unresolved_context,2026-01-16,影视音像,0.02,0.01924584564674682,1,1
strong_market_effective_participation_v1,baseline_2y_1y_5fold,5,mixed_or_unresolved_context,2026-01-16,汽车配件,0.02,0.07349169129349364,1,3
strong_market_effective_participation_v1,baseline_2y_1y_5fold,5,mixed_or_unresolved_context,2026-01-16,电器仪表,0.02,0.0,1,0
strong_market_effective_participation_v1,baseline_2y_1y_5fold,5,mixed_or_unresolved_context,2026-01-16,石油开采,0.02,0.0,1,0
strong_market_effective_participation_v1,baseline_2y_1y_5fold,5,mixed_or_unresolved_context,2026-01-16,保险,0.0,0.01924584564674682,0,1
strong_market_effective_participation_v1,baseline_2y_1y_5fold,5,mixed_or_unresolved_context,2026-01-16,家用电器,0.0,0.01924584564674682,0,1
strong_market_effective_participation_v1,baseline_2y_1y_5fold,5,mixed_or_unresolved_context,2026-01-16,工程机械,0.0,0.01924584564674682,0,1
strong_market_effective_participation_v1,baseline_2y_1y_5fold,5,mixed_or_unresolved_context,2026-01-16,汽车整车,0.0,0.035,0,1
strong_market_effective_participation_v1,baseline_2y_1y_5fold,5,mixed_or_unresolved_context,2026-01-16,铜,0.0,0.039227459972568775,0,1
strong_market_effective_participation_v1,baseline_2y_1y_5fold,5,mixed_or_unresolved_context,2026-01-16,铝,0.0,0.01924584564674682,0,1
strong_market_effective_participation_v1,baseline_2y_1y_5fold,5,mixed_or_unresolved_context,2026-01-19,半导体,0.1854750738804809,0.1325,8,5
strong_market_effective_participation_v1,baseline_2y_1y_5fold,5,mixed_or_unresolved_context,2026-01-19,元器件,0.09273753694024046,0.04,4,2
strong_market_effective_participation_v1,baseline_2y_1y_5fold,5,mixed_or_unresolved_context,2026-01-19,软件服务,0.09273753694024046,0.04,4,2
strong_market_effective_participation_v1,baseline_2y_1y_5fold,5,mixed_or_unresolved_context,2026-01-19,汽车配件,0.07349169129349364,0.04,3,2
strong_market_effective_participation_v1,baseline_2y_1y_5fold,5,mixed_or_unresolved_context,2026-01-19,通信设备,0.04660978144574792,0.0525,1,1
strong_market_effective_participation_v1,baseline_2y_1y_5fold,5,mixed_or_unresolved_context,2026-01-19,铜,0.039227459972568775,0.0,1,0
strong_market_effective_participation_v1,baseline_2y_1y_5fold,5,mixed_or_unresolved_context,2026-01-19,汽车整车,0.035,0.0525,1,1
strong_market_effective_participation_v1,baseline_2y_1y_5fold,5,mixed_or_unresolved_context,2026-01-19,保险,0.01924584564674682,0.0,1,0
strong_market_effective_participation_v1,baseline_2y_1y_5fold,5,mixed_or_unresolved_context,2026-01-19,化工原料,0.01924584564674682,0.02,1,1
strong_market_effective_participation_v1,baseline_2y_1y_5fold,5,mixed_or_unresolved_context,2026-01-19,家用电器,0.01924584564674682,0.0,1,0
strong_market_effective_participation_v1,baseline_2y_1y_5fold,5,mixed_or_unresolved_context,2026-01-19,小金属,0.01924584564674682,0.02,1,1
strong_market_effective_participation_v1,baseline_2y_1y_5fold,5,mixed_or_unresolved_context,2026-01-19,工程机械,0.01924584564674682,0.02,1,1
strong_market_effective_participation_v1,baseline_2y_1y_5fold,5,mixed_or_unresolved_context,2026-01-19,影视音像,0.01924584564674682,0.0,1,0
strong_market_effective_participation_v1,baseline_2y_1y_5fold,5,mixed_or_unresolved_context,2026-01-19,铝,0.01924584564674682,0.0,1,0
strong_market_effective_participation_v1,baseline_2y_1y_5fold,5,mixed_or_unresolved_context,2026-01-19,IT设备,0.0,0.02,0,1
strong_market_effective_participation_v1,baseline_2y_1y_5fold,5,mixed_or_unresolved_context,2026-01-19,互联网,0.0,0.02,0,1
strong_market_effective_participation_v1,baseline_2y_1y_5fold,5,mixed_or_unresolved_context,2026-01-19,化学制药,0.0,0.02,0,1
strong_market_effective_participation_v1,baseline_2y_1y_5fold,5,mixed_or_unresolved_context,2026-01-19,电气设备,0.0,0.0525,0,1
strong_market_effective_participation_v1,baseline_2y_1y_5fold,5,mixed_or_unresolved_context,2026-01-19,船舶,0.0,0.02,0,1
strong_market_effective_participation_v1,baseline_2y_1y_5fold,5,mixed_or_unresolved_context,2026-01-20,半导体,0.1325,0.145,5,4
strong_market_effective_participation_v1,baseline_2y_1y_5fold,5,mixed_or_unresolved_context,2026-01-20,汽车整车,0.0525,0.0,1,0
strong_market_effective_participation_v1,baseline_2y_1y_5fold,5,mixed_or_unresolved_context,2026-01-20,电气设备,0.0525,0.0,1,0
strong_market_effective_participation_v1,baseline_2y_1y_5fold,5,mixed_or_unresolved_context,2026-01-20,通信设备,0.0525,0.0,1,0
strong_market_effective_participation_v1,baseline_2y_1y_5fold,5,mixed_or_unresolved_context,2026-01-20,元器件,0.04,0.0725,2,2
strong_market_effective_participation_v1,baseline_2y_1y_5fold,5,mixed_or_unresolved_context,2026-01-20,汽车配件,0.04,0.04,2,2
strong_market_effective_participation_v1,baseline_2y_1y_5fold,5,mixed_or_unresolved_context,2026-01-20,软件服务,0.04,0.02,2,1
strong_market_effective_participation_v1,baseline_2y_1y_5fold,5,mixed_or_unresolved_context,2026-01-20,IT设备,0.02,0.0,1,0
strong_market_effective_participation_v1,baseline_2y_1y_5fold,5,mixed_or_unresolved_context,2026-01-20,互联网,0.02,0.0,1,0
strong_market_effective_participation_v1,baseline_2y_1y_5fold,5,mixed_or_unresolved_context,2026-01-20,化学制药,0.02,0.0,1,0
strong_market_effective_participation_v1,baseline_2y_1y_5fold,5,mixed_or_unresolved_context,2026-01-20,化工原料,0.02,0.02,1,1
strong_market_effective_participation_v1,baseline_2y_1y_5fold,5,mixed_or_unresolved_context,2026-01-20,小金属,0.02,0.02,1,1
strong_market_effective_participation_v1,baseline_2y_1y_5fold,5,mixed_or_unresolved_context,2026-01-20,工程机械,0.02,0.0,1,0
strong_market_effective_participation_v1,baseline_2y_1y_5fold,5,mixed_or_unresolved_context,2026-01-20,船舶,0.02,0.0,1,0
strong_market_effective_participation_v1,baseline_2y_1y_5fold,5,mixed_or_unresolved_context,2026-01-20,家用电器,0.0,0.0725,0,2
strong_market_effective_participation_v1,baseline_2y_1y_5fold,5,mixed_or_unresolved_context,2026-01-21,半导体,0.145,0.205,4,7
strong_market_effective_participation_v1,baseline_2y_1y_5fold,5,mixed_or_unresolved_context,2026-01-21,元器件,0.0725,0.02,2,1
strong_market_effective_participation_v1,baseline_2y_1y_5fold,5,mixed_or_unresolved_context,2026-01-21,家用电器,0.0725,0.0525,2,1
strong_market_effective_participation_v1,baseline_2y_1y_5fold,5,mixed_or_unresolved_context,2026-01-21,汽车配件,0.04,0.04,2,2
strong_market_effective_participation_v1,baseline_2y_1y_5fold,5,mixed_or_unresolved_context,2026-01-21,化工原料,0.02,0.02,1,1
strong_market_effective_participation_v1,baseline_2y_1y_5fold,5,mixed_or_unresolved_context,2026-01-21,小金属,0.02,0.0,1,0
strong_market_effective_participation_v1,baseline_2y_1y_5fold,5,mixed_or_unresolved_context,2026-01-21,软件服务,0.02,0.0,1,0
strong_market_effective_participation_v1,baseline_2y_1y_5fold,5,mixed_or_unresolved_context,2026-01-21,IT设备,0.0,0.0525,0,1
strong_market_effective_participation_v1,baseline_2y_1y_5fold,5,mixed_or_unresolved_context,2026-01-21,工程机械,0.0,0.02,0,1
strong_market_effective_participation_v1,baseline_2y_1y_5fold,5,mixed_or_unresolved_context,2026-01-21,铜,0.0,0.040764600000000005,0,1
strong_market_effective_participation_v1,baseline_2y_1y_5fold,5,mixed_or_unresolved_context,2026-01-22,半导体,0.20500000000000002,0.24000000000000002,7,7
strong_market_effective_participation_v1,baseline_2y_1y_5fold,5,mixed_or_unresolved_context,2026-01-22,IT设备,0.0525,0.0,1,0
strong_market_effective_participation_v1,baseline_2y_1y_5fold,5,mixed_or_unresolved_context,2026-01-22,家用电器,0.0525,0.07,1,1
strong_market_effective_participation_v1,baseline_2y_1y_5fold,5,mixed_or_unresolved_context,2026-01-22,铜,0.040764600000000005,0.0,1,0
strong_market_effective_participation_v1,baseline_2y_1y_5fold,5,mixed_or_unresolved_context,2026-01-22,汽车配件,0.04,0.0,2,0
strong_market_effective_participation_v1,baseline_2y_1y_5fold,5,mixed_or_unresolved_context,2026-01-22,元器件,0.02,0.02,1,1
strong_market_effective_participation_v1,baseline_2y_1y_5fold,5,mixed_or_unresolved_context,2026-01-22,化工原料,0.02,0.0,1,0
strong_market_effective_participation_v1,baseline_2y_1y_5fold,5,mixed_or_unresolved_context,2026-01-22,工程机械,0.02,0.02,1,1
strong_market_effective_participation_v1,baseline_2y_1y_5fold,5,mixed_or_unresolved_context,2026-01-22,保险,0.0,0.02,0,1
strong_market_effective_participation_v1,baseline_2y_1y_5fold,5,mixed_or_unresolved_context,2026-01-22,软件服务,0.0,0.02,0,1
strong_market_effective_participation_v1,baseline_2y_1y_5fold,5,mixed_or_unresolved_context,2026-01-23,半导体,0.24000000000000002,0.145,7,4
strong_market_effective_participation_v1,baseline_2y_1y_5fold,5,mixed_or_unresolved_context,2026-01-23,家用电器,0.07,0.0725,1,2
strong_market_effective_participation_v1,baseline_2y_1y_5fold,5,mixed_or_unresolved_context,2026-01-23,保险,0.02,0.02,1,1
strong_market_effective_participation_v1,baseline_2y_1y_5fold,5,mixed_or_unresolved_context,2026-01-23,元器件,0.02,0.04,1,2
strong_market_effective_participation_v1,baseline_2y_1y_5fold,5,mixed_or_unresolved_context,2026-01-23,工程机械,0.02,0.04,1,2
strong_market_effective_participation_v1,baseline_2y_1y_5fold,5,mixed_or_unresolved_context,2026-01-23,软件服务,0.02,0.04,1,2
strong_market_effective_participation_v1,baseline_2y_1y_5fold,5,mixed_or_unresolved_context,2026-01-23,IT设备,0.0,0.0525,0,1
strong_market_effective_participation_v1,baseline_2y_1y_5fold,5,mixed_or_unresolved_context,2026-01-23,化工原料,0.0,0.02,0,1
strong_market_effective_participation_v1,baseline_2y_1y_5fold,5,mixed_or_unresolved_context,2026-01-23,小金属,0.0,0.02,0,1
strong_market_effective_participation_v1,baseline_2y_1y_5fold,5,mixed_or_unresolved_context,2026-01-23,汽车配件,0.0,0.02,0,1
strong_market_effective_participation_v1,baseline_2y_1y_5fold,5,mixed_or_unresolved_context,2026-01-23,铜,0.0,0.040764600000000005,0,1
strong_market_effective_participation_v1,baseline_2y_1y_5fold,5,mixed_or_unresolved_context,2026-01-23,铝,0.0,0.02,0,1
strong_market_effective_participation_v1,baseline_2y_1y_5fold,5,mixed_or_unresolved_context,2026-01-26,半导体,0.145,0.0,4,0
strong_market_effective_participation_v1,baseline_2y_1y_5fold,5,mixed_or_unresolved_context,2026-01-26,家用电器,0.0725,0.0,2,0
strong_market_effective_participation_v1,baseline_2y_1y_5fold,5,mixed_or_unresolved_context,2026-01-26,IT设备,0.0525,0.0,1,0
strong_market_effective_participation_v1,baseline_2y_1y_5fold,5,mixed_or_unresolved_context,2026-01-26,铜,0.040764600000000005,0.0,1,0
strong_market_effective_participation_v1,baseline_2y_1y_5fold,5,mixed_or_unresolved_context,2026-01-26,元器件,0.04,0.0,2,0
strong_market_effective_participation_v1,baseline_2y_1y_5fold,5,mixed_or_unresolved_context,2026-01-26,工程机械,0.04,0.0,2,0
strong_market_effective_participation_v1,baseline_2y_1y_5fold,5,mixed_or_unresolved_context,2026-01-26,软件服务,0.04,0.0,2,0
strong_market_effective_participation_v1,baseline_2y_1y_5fold,5,mixed_or_unresolved_context,2026-01-26,保险,0.02,0.0,1,0
strong_market_effective_participation_v1,baseline_2y_1y_5fold,5,mixed_or_unresolved_context,2026-01-26,化工原料,0.02,0.0,1,0
strong_market_effective_participation_v1,baseline_2y_1y_5fold,5,mixed_or_unresolved_context,2026-01-26,小金属,0.02,0.0,1,0
strong_market_effective_participation_v1,baseline_2y_1y_5fold,5,mixed_or_unresolved_context,2026-01-26,汽车配件,0.02,0.0,1,0
strong_market_effective_participation_v1,baseline_2y_1y_5fold,5,mixed_or_unresolved_context,2026-01-26,铝,0.02,0.0,1,0
strong_market_effective_participation_v1,baseline_2y_1y_5fold,5,mixed_or_unresolved_context,2026-01-28,元器件,0.0,0.02,0,1
strong_market_effective_participation_v1,baseline_2y_1y_5fold,5,mixed_or_unresolved_context,2026-01-28,化工原料,0.0,0.02,0,1
strong_market_effective_participation_v1,baseline_2y_1y_5fold,5,mixed_or_unresolved_context,2026-01-28,半导体,0.0,0.18,0,6
strong_market_effective_participation_v1,baseline_2y_1y_5fold,5,mixed_or_unresolved_context,2026-01-28,小金属,0.0,0.04,0,2
strong_market_effective_participation_v1,baseline_2y_1y_5fold,5,mixed_or_unresolved_context,2026-01-28,工程机械,0.0,0.02,0,1
strong_market_effective_participation_v1,baseline_2y_1y_5fold,5,mixed_or_unresolved_context,2026-01-28,影视音像,0.0,0.02,0,1
strong_market_effective_participation_v1,baseline_2y_1y_5fold,5,mixed_or_unresolved_context,2026-01-28,汽车配件,0.0,0.02,0,1
strong_market_effective_participation_v1,baseline_2y_1y_5fold,5,mixed_or_unresolved_context,2026-01-28,电器仪表,0.0,0.02,0,1
strong_market_effective_participation_v1,baseline_2y_1y_5fold,5,mixed_or_unresolved_context,2026-01-28,通信设备,0.0,0.02,0,1
strong_market_effective_participation_v1,baseline_2y_1y_5fold,5,mixed_or_unresolved_context,2026-01-28,铜,0.0,0.040764600000000005,0,1
strong_market_effective_participation_v1,baseline_2y_1y_5fold,5,mixed_or_unresolved_context,2026-01-28,铝,0.0,0.02,0,1
strong_market_effective_participation_v1,baseline_2y_1y_5fold,5,mixed_or_unresolved_context,2026-01-29,半导体,0.18,0.22,6,6
strong_market_effective_participation_v1,baseline_2y_1y_5fold,5,mixed_or_unresolved_context,2026-01-29,铜,0.040764600000000005,0.0,1,0
strong_market_effective_participation_v1,baseline_2y_1y_5fold,5,mixed_or_unresolved_context,2026-01-29,小金属,0.04,0.02,2,1
strong_market_effective_participation_v1,baseline_2y_1y_5fold,5,mixed_or_unresolved_context,2026-01-29,元器件,0.02,0.0,1,0
strong_market_effective_participation_v1,baseline_2y_1y_5fold,5,mixed_or_unresolved_context,2026-01-29,化工原料,0.02,0.0,1,0
strong_market_effective_participation_v1,baseline_2y_1y_5fold,5,mixed_or_unresolved_context,2026-01-29,工程机械,0.02,0.02,1,1
strong_market_effective_participation_v1,baseline_2y_1y_5fold,5,mixed_or_unresolved_context,2026-01-29,影视音像,0.02,0.02,1,1
strong_market_effective_participation_v1,baseline_2y_1y_5fold,5,mixed_or_unresolved_context,2026-01-29,汽车配件,0.02,0.02,1,1
strong_market_effective_participation_v1,baseline_2y_1y_5fold,5,mixed_or_unresolved_context,2026-01-29,电器仪表,0.02,0.0,1,0
strong_market_effective_participation_v1,baseline_2y_1y_5fold,5,mixed_or_unresolved_context,2026-01-29,通信设备,0.02,0.0,1,0
strong_market_effective_participation_v1,baseline_2y_1y_5fold,5,mixed_or_unresolved_context,2026-01-29,铝,0.02,0.02,1,1
strong_market_effective_participation_v1,baseline_2y_1y_5fold,5,mixed_or_unresolved_context,2026-01-29,保险,0.0,0.04,0,2
strong_market_effective_participation_v1,baseline_2y_1y_5fold,5,mixed_or_unresolved_context,2026-01-29,化学制药,0.0,0.02,0,1
strong_market_effective_participation_v1,baseline_2y_1y_5fold,5,mixed_or_unresolved_context,2026-01-29,汽车整车,0.0,0.07,0,1
strong_market_effective_participation_v1,baseline_2y_1y_5fold,5,mixed_or_unresolved_context,2026-01-29,白酒,0.0,0.06242400000000001,0,1
strong_market_effective_participation_v1,baseline_2y_1y_5fold,5,mixed_or_unresolved_context,2026-01-29,软件服务,0.0,0.02,0,1
strong_market_effective_participation_v1,baseline_2y_1y_5fold,5,mixed_or_unresolved_context,2026-01-30,半导体,0.22,0.16,6,2
strong_market_effective_participation_v1,baseline_2y_1y_5fold,5,mixed_or_unresolved_context,2026-01-30,汽车整车,0.07,0.0,1,0
strong_market_effective_participation_v1,baseline_2y_1y_5fold,5,mixed_or_unresolved_context,2026-01-30,白酒,0.06242400000000001,0.0,1,0
strong_market_effective_participation_v1,baseline_2y_1y_5fold,5,mixed_or_unresolved_context,2026-01-30,保险,0.04,0.0,2,0
strong_market_effective_participation_v1,baseline_2y_1y_5fold,5,mixed_or_unresolved_context,2026-01-30,化学制药,0.02,0.0,1,0
strong_market_effective_participation_v1,baseline_2y_1y_5fold,5,mixed_or_unresolved_context,2026-01-30,小金属,0.02,0.04,1,2
strong_market_effective_participation_v1,baseline_2y_1y_5fold,5,mixed_or_unresolved_context,2026-01-30,工程机械,0.02,0.0,1,0
strong_market_effective_participation_v1,baseline_2y_1y_5fold,5,mixed_or_unresolved_context,2026-01-30,影视音像,0.02,0.02,1,1
strong_market_effective_participation_v1,baseline_2y_1y_5fold,5,mixed_or_unresolved_context,2026-01-30,汽车配件,0.02,0.0,1,0
strong_market_effective_participation_v1,baseline_2y_1y_5fold,5,mixed_or_unresolved_context,2026-01-30,软件服务,0.02,0.02,1,1
strong_market_effective_participation_v1,baseline_2y_1y_5fold,5,mixed_or_unresolved_context,2026-01-30,铝,0.02,0.02,1,1
strong_market_effective_participation_v1,baseline_2y_1y_5fold,5,mixed_or_unresolved_context,2026-01-30,通信设备,0.0,0.0684362,0,2
strong_market_effective_participation_v1,baseline_2y_1y_5fold,5,mixed_or_unresolved_context,2026-01-30,铜,0.0,0.040764600000000005,0,1
strong_market_effective_participation_v1,baseline_2y_1y_5fold,5,mixed_or_unresolved_context,2026-02-02,半导体,0.16,0.02,2,1
strong_market_effective_participation_v1,baseline_2y_1y_5fold,5,mixed_or_unresolved_context,2026-02-02,通信设备,0.0684362,0.04921400000000001,2,2
strong_market_effective_participation_v1,baseline_2y_1y_5fold,5,mixed_or_unresolved_context,2026-02-02,铜,0.040764600000000005,0.0,1,0
strong_market_effective_participation_v1,baseline_2y_1y_5fold,5,mixed_or_unresolved_context,2026-02-02,小金属,0.04,0.0,2,0
strong_market_effective_participation_v1,baseline_2y_1y_5fold,5,mixed_or_unresolved_context,2026-02-02,影视音像,0.02,0.0,1,0
strong_market_effective_participation_v1,baseline_2y_1y_5fold,5,mixed_or_unresolved_context,2026-02-02,软件服务,0.02,0.0,1,0
strong_market_effective_participation_v1,baseline_2y_1y_5fold,5,mixed_or_unresolved_context,2026-02-02,铝,0.02,0.0,1,0
strong_market_effective_participation_v1,baseline_2y_1y_5fold,5,mixed_or_unresolved_context,2026-02-02,化工原料,0.0,0.02,0,1
strong_market_effective_participation_v1,baseline_2y_1y_5fold,5,mixed_or_unresolved_context,2026-02-03,通信设备,0.04921400000000001,0.0,2,0
strong_market_effective_participation_v1,baseline_2y_1y_5fold,5,mixed_or_unresolved_context,2026-02-03,化工原料,0.02,0.0,1,0
strong_market_effective_participation_v1,baseline_2y_1y_5fold,5,mixed_or_unresolved_context,2026-02-03,半导体,0.02,0.0,1,0
strong_market_effective_participation_v1,baseline_2y_1y_5fold,5,mixed_or_unresolved_context,2026-02-26,专用机械,0.0,0.0525,0,1
strong_market_effective_participation_v1,baseline_2y_1y_5fold,5,mixed_or_unresolved_context,2026-02-26,元器件,0.0,0.08,0,4
strong_market_effective_participation_v1,baseline_2y_1y_5fold,5,mixed_or_unresolved_context,2026-02-26,小金属,0.0,0.02,0,1
strong_market_effective_participation_v1,baseline_2y_1y_5fold,5,mixed_or_unresolved_context,2026-02-26,水运,0.0,0.02,0,1
strong_market_effective_participation_v1,baseline_2y_1y_5fold,5,mixed_or_unresolved_context,2026-02-26,汽车配件,0.0,0.0725,0,2
strong_market_effective_participation_v1,baseline_2y_1y_5fold,5,mixed_or_unresolved_context,2026-02-26,软件服务,0.0,0.0525,0,1
strong_market_effective_participation_v1,baseline_2y_1y_5fold,5,mixed_or_unresolved_context,2026-02-26,通信设备,0.0,0.0525,0,1
strong_market_effective_participation_v1,baseline_2y_1y_5fold,5,mixed_or_unresolved_context,2026-02-27,元器件,0.08,0.06,4,3
strong_market_effective_participation_v1,baseline_2y_1y_5fold,5,mixed_or_unresolved_context,2026-02-27,汽车配件,0.0725,0.035,2,1
strong_market_effective_participation_v1,baseline_2y_1y_5fold,5,mixed_or_unresolved_context,2026-02-27,专用机械,0.0525,0.035,1,1
strong_market_effective_participation_v1,baseline_2y_1y_5fold,5,mixed_or_unresolved_context,2026-02-27,软件服务,0.0525,0.07,1,2
strong_market_effective_participation_v1,baseline_2y_1y_5fold,5,mixed_or_unresolved_context,2026-02-27,通信设备,0.0525,0.035,1,1
strong_market_effective_participation_v1,baseline_2y_1y_5fold,5,mixed_or_unresolved_context,2026-02-27,小金属,0.02,0.0,1,0
strong_market_effective_participation_v1,baseline_2y_1y_5fold,5,mixed_or_unresolved_context,2026-02-27,水运,0.02,0.0,1,0
strong_market_effective_participation_v1,baseline_2y_1y_5fold,5,mixed_or_unresolved_context,2026-02-27,化工原料,0.0,0.02,0,1
strong_market_effective_participation_v1,baseline_2y_1y_5fold,5,mixed_or_unresolved_context,2026-02-27,普钢,0.0,0.035,0,1
strong_market_effective_participation_v1,baseline_2y_1y_5fold,5,mixed_or_unresolved_context,2026-03-02,软件服务,0.07,0.0,2,0
strong_market_effective_participation_v1,baseline_2y_1y_5fold,5,mixed_or_unresolved_context,2026-03-02,元器件,0.06,0.0,3,0
strong_market_effective_participation_v1,baseline_2y_1y_5fold,5,mixed_or_unresolved_context,2026-03-02,专用机械,0.035,0.0,1,0
strong_market_effective_participation_v1,baseline_2y_1y_5fold,5,mixed_or_unresolved_context,2026-03-02,普钢,0.035,0.0,1,0
strong_market_effective_participation_v1,baseline_2y_1y_5fold,5,mixed_or_unresolved_context,2026-03-02,汽车配件,0.035,0.0,1,0
strong_market_effective_participation_v1,baseline_2y_1y_5fold,5,mixed_or_unresolved_context,2026-03-02,通信设备,0.035,0.0,1,0
strong_market_effective_participation_v1,baseline_2y_1y_5fold,5,mixed_or_unresolved_context,2026-03-02,化工原料,0.02,0.0,1,0
strong_market_effective_participation_v1,baseline_2y_1y_5fold,5,mixed_or_unresolved_context,2026-03-03,元器件,0.0,0.04,0,2
strong_market_effective_participation_v1,baseline_2y_1y_5fold,5,mixed_or_unresolved_context,2026-03-03,化工原料,0.0,0.02,0,1
strong_market_effective_participation_v1,baseline_2y_1y_5fold,5,mixed_or_unresolved_context,2026-03-03,普钢,0.0,0.08,0,1
strong_market_effective_participation_v1,baseline_2y_1y_5fold,5,mixed_or_unresolved_context,2026-03-03,汽车整车,0.0,0.02,0,1
strong_market_effective_participation_v1,baseline_2y_1y_5fold,5,mixed_or_unresolved_context,2026-03-03,汽车配件,0.0,0.02,0,1
strong_market_effective_participation_v1,baseline_2y_1y_5fold,5,mixed_or_unresolved_context,2026-03-03,煤炭开采,0.0,0.02,0,1
strong_market_effective_participation_v1,baseline_2y_1y_5fold,5,mixed_or_unresolved_context,2026-03-03,石油开采,0.0,0.02,0,1
strong_market_effective_participation_v1,baseline_2y_1y_5fold,5,mixed_or_unresolved_context,2026-03-03,船舶,0.0,0.02,0,1
strong_market_effective_participation_v1,baseline_2y_1y_5fold,5,mixed_or_unresolved_context,2026-03-04,普钢,0.08,0.0,1,0
strong_market_effective_participation_v1,baseline_2y_1y_5fold,5,mixed_or_unresolved_context,2026-03-04,元器件,0.04,0.0,2,0
strong_market_effective_participation_v1,baseline_2y_1y_5fold,5,mixed_or_unresolved_context,2026-03-04,化工原料,0.02,0.0,1,0
strong_market_effective_participation_v1,baseline_2y_1y_5fold,5,mixed_or_unresolved_context,2026-03-04,汽车整车,0.02,0.0,1,0
strong_market_effective_participation_v1,baseline_2y_1y_5fold,5,mixed_or_unresolved_context,2026-03-04,汽车配件,0.02,0.0,1,0
strong_market_effective_participation_v1,baseline_2y_1y_5fold,5,mixed_or_unresolved_context,2026-03-04,煤炭开采,0.02,0.0,1,0
strong_market_effective_participation_v1,baseline_2y_1y_5fold,5,mixed_or_unresolved_context,2026-03-04,石油开采,0.02,0.0,1,0
strong_market_effective_participation_v1,baseline_2y_1y_5fold,5,mixed_or_unresolved_context,2026-03-04,船舶,0.02,0.0,1,0
strong_market_effective_participation_v1,baseline_2y_1y_5fold,5,mixed_or_unresolved_context,2026-03-11,专用机械,0.0,0.08,0,1
strong_market_effective_participation_v1,baseline_2y_1y_5fold,5,mixed_or_unresolved_context,2026-03-11,元器件,0.0,0.02,0,1
strong_market_effective_participation_v1,baseline_2y_1y_5fold,5,mixed_or_unresolved_context,2026-03-11,农业综合,0.0,0.02,0,1
strong_market_effective_participation_v1,baseline_2y_1y_5fold,5,mixed_or_unresolved_context,2026-03-11,化工原料,0.0,0.02,0,1
strong_market_effective_participation_v1,baseline_2y_1y_5fold,5,mixed_or_unresolved_context,2026-03-11,家用电器,0.0,0.08,0,1
strong_market_effective_participation_v1,baseline_2y_1y_5fold,5,mixed_or_unresolved_context,2026-03-11,新型电力,0.0,0.02,0,1
strong_market_effective_participation_v1,baseline_2y_1y_5fold,5,mixed_or_unresolved_context,2026-03-11,汽车整车,0.0,0.02,0,1
strong_market_effective_participation_v1,baseline_2y_1y_5fold,5,mixed_or_unresolved_context,2026-03-11,煤炭开采,0.0,0.02,0,1
strong_market_effective_participation_v1,baseline_2y_1y_5fold,5,mixed_or_unresolved_context,2026-03-11,电气设备,0.0,0.0827642,0,2
strong_market_effective_participation_v1,baseline_2y_1y_5fold,5,mixed_or_unresolved_context,2026-03-11,石油开采,0.0,0.02,0,1
strong_market_effective_participation_v1,baseline_2y_1y_5fold,5,mixed_or_unresolved_context,2026-03-11,银行,0.0,0.02,0,1
strong_market_effective_participation_v1,baseline_2y_1y_5fold,5,mixed_or_unresolved_context,2026-03-12,电气设备,0.0827642,0.1327642,2,2
strong_market_effective_participation_v1,baseline_2y_1y_5fold,5,mixed_or_unresolved_context,2026-03-12,专用机械,0.08,0.0,1,0
strong_market_effective_participation_v1,baseline_2y_1y_5fold,5,mixed_or_unresolved_context,2026-03-12,家用电器,0.08,0.0,1,0
strong_market_effective_participation_v1,baseline_2y_1y_5fold,5,mixed_or_unresolved_context,2026-03-12,元器件,0.02,0.02,1,1
strong_market_effective_participation_v1,baseline_2y_1y_5fold,5,mixed_or_unresolved_context,2026-03-12,农业综合,0.02,0.02,1,1
strong_market_effective_participation_v1,baseline_2y_1y_5fold,5,mixed_or_unresolved_context,2026-03-12,化工原料,0.02,0.02,1,1
strong_market_effective_participation_v1,baseline_2y_1y_5fold,5,mixed_or_unresolved_context,2026-03-12,新型电力,0.02,0.02,1,1
strong_market_effective_participation_v1,baseline_2y_1y_5fold,5,mixed_or_unresolved_context,2026-03-12,汽车整车,0.02,0.0,1,0
strong_market_effective_participation_v1,baseline_2y_1y_5fold,5,mixed_or_unresolved_context,2026-03-12,煤炭开采,0.02,0.02,1,1
strong_market_effective_participation_v1,baseline_2y_1y_5fold,5,mixed_or_unresolved_context,2026-03-12,石油开采,0.02,0.0,1,0
strong_market_effective_participation_v1,baseline_2y_1y_5fold,5,mixed_or_unresolved_context,2026-03-12,银行,0.02,0.02,1,1
strong_market_effective_participation_v1,baseline_2y_1y_5fold,5,mixed_or_unresolved_context,2026-03-12,IT设备,0.0,0.02,0,1
strong_market_effective_participation_v1,baseline_2y_1y_5fold,5,mixed_or_unresolved_context,2026-03-12,普钢,0.0,0.07,0,1
strong_market_effective_participation_v1,baseline_2y_1y_5fold,5,mixed_or_unresolved_context,2026-03-12,通信设备,0.0,0.07,0,1
strong_market_effective_participation_v1,baseline_2y_1y_5fold,5,mixed_or_unresolved_context,2026-03-12,铝,0.0,0.02,0,1
strong_market_effective_participation_v1,baseline_2y_1y_5fold,5,mixed_or_unresolved_context,2026-03-13,电气设备,0.1327642,0.0,2,0
strong_market_effective_participation_v1,baseline_2y_1y_5fold,5,mixed_or_unresolved_context,2026-03-13,普钢,0.07,0.0,1,0
strong_market_effective_participation_v1,baseline_2y_1y_5fold,5,mixed_or_unresolved_context,2026-03-13,通信设备,0.07,0.0,1,0
strong_market_effective_participation_v1,baseline_2y_1y_5fold,5,mixed_or_unresolved_context,2026-03-13,IT设备,0.02,0.0,1,0
strong_market_effective_participation_v1,baseline_2y_1y_5fold,5,mixed_or_unresolved_context,2026-03-13,元器件,0.02,0.0,1,0
strong_market_effective_participation_v1,baseline_2y_1y_5fold,5,mixed_or_unresolved_context,2026-03-13,农业综合,0.02,0.0,1,0
strong_market_effective_participation_v1,baseline_2y_1y_5fold,5,mixed_or_unresolved_context,2026-03-13,化工原料,0.02,0.0,1,0
strong_market_effective_participation_v1,baseline_2y_1y_5fold,5,mixed_or_unresolved_context,2026-03-13,新型电力,0.02,0.0,1,0
strong_market_effective_participation_v1,baseline_2y_1y_5fold,5,mixed_or_unresolved_context,2026-03-13,煤炭开采,0.02,0.0,1,0
strong_market_effective_participation_v1,baseline_2y_1y_5fold,5,mixed_or_unresolved_context,2026-03-13,铝,0.02,0.0,1,0
strong_market_effective_participation_v1,baseline_2y_1y_5fold,5,mixed_or_unresolved_context,2026-03-13,银行,0.02,0.0,1,0
strong_market_effective_participation_v1,baseline_2y_1y_5fold,5,mixed_or_unresolved_context,2026-03-17,元器件,0.0,0.04,0,2
strong_market_effective_participation_v1,baseline_2y_1y_5fold,5,mixed_or_unresolved_context,2026-03-17,半导体,0.0,0.02,0,1
strong_market_effective_participation_v1,baseline_2y_1y_5fold,5,mixed_or_unresolved_context,2026-03-17,新型电力,0.0,0.02,0,1
strong_market_effective_participation_v1,baseline_2y_1y_5fold,5,mixed_or_unresolved_context,2026-03-17,汽车整车,0.0,0.02,0,1
strong_market_effective_participation_v1,baseline_2y_1y_5fold,5,mixed_or_unresolved_context,2026-03-17,电气设备,0.0,0.06276419999999999,0,1
strong_market_effective_participation_v1,baseline_2y_1y_5fold,5,mixed_or_unresolved_context,2026-03-18,电气设备,0.06276419999999999,0.0,1,0
strong_market_effective_participation_v1,baseline_2y_1y_5fold,5,mixed_or_unresolved_context,2026-03-18,元器件,0.04,0.0,2,0
strong_market_effective_participation_v1,baseline_2y_1y_5fold,5,mixed_or_unresolved_context,2026-03-18,半导体,0.02,0.0,1,0
strong_market_effective_participation_v1,baseline_2y_1y_5fold,5,mixed_or_unresolved_context,2026-03-18,新型电力,0.02,0.0,1,0
strong_market_effective_participation_v1,baseline_2y_1y_5fold,5,mixed_or_unresolved_context,2026-03-18,汽车整车,0.02,0.0,1,0
