/home/zj/workspace/stok-mapping/scripts/run_project_scheduler.sh: line 117: arket_update: command not found
Maintenance tick started
Traceback (most recent call last):
  File "<frozen runpy>", line 198, in _run_module_as_main
  File "<frozen runpy>", line 88, in _run_code
  File "/home/zj/workspace/stok-mapping/phase0/cli.py", line 1502, in <module>
    raise SystemExit(main())
                     ~~~~^^
  File "/home/zj/workspace/stok-mapping/phase0/cli.py", line 1091, in main
    result = maintenance_tick(
        config_path,
        as_of=args.as_of,
        dry_run=bool(args.dry_run),
    )
  File "/home/zj/workspace/stok-mapping/phase0/maintenance_orchestrator.py", line 697, in maintenance_tick
    _sync_registry(conn, specs, now_iso=now_iso)
    ~~~~~~~~~~~~~~^^^^^^^^^^^^^^^^^^^^^^^^^^^^^^
  File "/home/zj/workspace/stok-mapping/phase0/maintenance_orchestrator.py", line 274, in _sync_registry
    conn.execute(
    ~~~~~~~~~~~~^
        """
        ^^^
    ...<46 lines>...
        ),
        ^^
    )
    ^
sqlite3.OperationalError: table maintenance_registry has no column named state_path
Maintenance tick started
Maintenance tick complete
State DB: /home/zj/workspace/stok-mapping/data/maintenance/maintenance.sqlite
As of: 2026-06-07T04:19:03
Dry run: False
Executed runs: 0
financial_factors skipped at 03:30 | not_monday(weekday=7)
daily_brief skipped at 07:20 | not_weekday(weekday=7)
hk_market_history skipped at 16:20 | not_weekday(weekday=7)
a_share_history skipped at 16:30 | not_weekday(weekday=7)
us_market_history skipped at 17:10 | not_weekday(weekday=7)
Maintenance tick started
Maintenance tick complete
State DB: /home/zj/workspace/stok-mapping/data/maintenance/maintenance.sqlite
As of: 2026-06-07T04:20:03
Dry run: False
Executed runs: 0
financial_factors skipped at 03:30 | not_monday(weekday=7)
daily_brief skipped at 07:20 | not_weekday(weekday=7)
hk_market_history skipped at 16:20 | not_weekday(weekday=7)
a_share_history skipped at 16:30 | not_weekday(weekday=7)
us_market_history skipped at 17:10 | not_weekday(weekday=7)
Maintenance tick started
Maintenance tick complete
State DB: /home/zj/workspace/stok-mapping/data/maintenance/maintenance.sqlite
As of: 2026-06-07T04:21:03
Dry run: False
Executed runs: 0
financial_factors skipped at 03:30 | not_monday(weekday=7)
daily_brief skipped at 07:20 | not_weekday(weekday=7)
hk_market_history skipped at 16:20 | not_weekday(weekday=7)
a_share_history skipped at 16:30 | not_weekday(weekday=7)
us_market_history skipped at 17:10 | not_weekday(weekday=7)
Maintenance tick started
Maintenance tick complete
State DB: /home/zj/workspace/stok-mapping/data/maintenance/maintenance.sqlite
As of: 2026-06-07T04:22:04
Dry run: False
Executed runs: 0
financial_factors skipped at 03:30 | not_monday(weekday=7)
daily_brief skipped at 07:20 | not_weekday(weekday=7)
hk_market_history skipped at 16:20 | not_weekday(weekday=7)
a_share_history skipped at 16:30 | not_weekday(weekday=7)
us_market_history skipped at 17:10 | not_weekday(weekday=7)
Maintenance tick started
Maintenance tick complete
State DB: /home/zj/workspace/stok-mapping/data/maintenance/maintenance.sqlite
As of: 2026-06-07T04:23:04
Dry run: False
Executed runs: 0
financial_factors skipped at 03:30 | not_monday(weekday=7)
daily_brief skipped at 07:20 | not_weekday(weekday=7)
hk_market_history skipped at 16:20 | not_weekday(weekday=7)
a_share_history skipped at 16:30 | not_weekday(weekday=7)
us_market_history skipped at 17:10 | not_weekday(weekday=7)
Maintenance tick started
Maintenance tick complete
State DB: /home/zj/workspace/stok-mapping/data/maintenance/maintenance.sqlite
As of: 2026-06-07T04:24:02
Dry run: False
Executed runs: 0
financial_factors skipped at 03:30 | not_monday(weekday=7)
daily_brief skipped at 07:20 | not_weekday(weekday=7)
hk_market_history skipped at 16:20 | not_weekday(weekday=7)
a_share_history skipped at 16:30 | not_weekday(weekday=7)
us_market_history skipped at 17:10 | not_weekday(weekday=7)
Maintenance tick started
Maintenance tick complete
State DB: /home/zj/workspace/stok-mapping/data/maintenance/maintenance.sqlite
As of: 2026-06-07T04:25:02
Dry run: False
Executed runs: 0
financial_factors skipped at 03:30 | not_monday(weekday=7)
daily_brief skipped at 07:20 | not_weekday(weekday=7)
hk_market_history skipped at 16:20 | not_weekday(weekday=7)
a_share_history skipped at 16:30 | not_weekday(weekday=7)
us_market_history skipped at 17:10 | not_weekday(weekday=7)
Maintenance tick started
Maintenance tick complete
State DB: /home/zj/workspace/stok-mapping/data/maintenance/maintenance.sqlite
As of: 2026-06-07T04:26:02
Dry run: False
Executed runs: 0
financial_factors skipped at 03:30 | not_monday(weekday=7)
daily_brief skipped at 07:20 | not_weekday(weekday=7)
hk_market_history skipped at 16:20 | not_weekday(weekday=7)
a_share_history skipped at 16:30 | not_weekday(weekday=7)
us_market_history skipped at 17:10 | not_weekday(weekday=7)
Maintenance tick started
Maintenance tick complete
State DB: /home/zj/workspace/stok-mapping/data/maintenance/maintenance.sqlite
As of: 2026-06-07T04:27:02
Dry run: False
Executed runs: 0
financial_factors skipped at 03:30 | not_monday(weekday=7)
daily_brief skipped at 07:20 | not_weekday(weekday=7)
hk_market_history skipped at 16:20 | not_weekday(weekday=7)
a_share_history skipped at 16:30 | not_weekday(weekday=7)
us_market_history skipped at 17:10 | not_weekday(weekday=7)
Maintenance tick started
Maintenance tick complete
State DB: /home/zj/workspace/stok-mapping/data/maintenance/maintenance.sqlite
As of: 2026-06-07T04:28:02
Dry run: False
Executed runs: 0
financial_factors skipped at 03:30 | not_monday(weekday=7)
daily_brief skipped at 07:20 | not_weekday(weekday=7)
hk_market_history skipped at 16:20 | not_weekday(weekday=7)
a_share_history skipped at 16:30 | not_weekday(weekday=7)
us_market_history skipped at 17:10 | not_weekday(weekday=7)
Maintenance tick started
Maintenance tick complete
State DB: /home/zj/workspace/stok-mapping/data/maintenance/maintenance.sqlite
As of: 2026-06-07T04:29:02
Dry run: False
Executed runs: 0
financial_factors skipped at 03:30 | not_monday(weekday=7)
daily_brief skipped at 07:20 | not_weekday(weekday=7)
hk_market_history skipped at 16:20 | not_weekday(weekday=7)
a_share_history skipped at 16:30 | not_weekday(weekday=7)
us_market_history skipped at 17:10 | not_weekday(weekday=7)
Maintenance tick started
Maintenance tick complete
State DB: /home/zj/workspace/stok-mapping/data/maintenance/maintenance.sqlite
As of: 2026-06-07T04:30:03
Dry run: False
Executed runs: 0
financial_factors skipped at 03:30 | not_monday(weekday=7)
daily_brief skipped at 07:20 | not_weekday(weekday=7)
hk_market_history skipped at 16:20 | not_weekday(weekday=7)
a_share_history skipped at 16:30 | not_weekday(weekday=7)
us_market_history skipped at 17:10 | not_weekday(weekday=7)
Maintenance tick started
Maintenance tick complete
State DB: /home/zj/workspace/stok-mapping/data/maintenance/maintenance.sqlite
As of: 2026-06-07T04:31:02
Dry run: False
Executed runs: 0
financial_factors skipped at 03:30 | not_monday(weekday=7)
daily_brief skipped at 07:20 | not_weekday(weekday=7)
hk_market_history skipped at 16:20 | not_weekday(weekday=7)
a_share_history skipped at 16:30 | not_weekday(weekday=7)
us_market_history skipped at 17:10 | not_weekday(weekday=7)
Maintenance tick started
Maintenance tick complete
State DB: /home/zj/workspace/stok-mapping/data/maintenance/maintenance.sqlite
As of: 2026-06-07T04:32:02
Dry run: False
Executed runs: 0
financial_factors skipped at 03:30 | not_monday(weekday=7)
daily_brief skipped at 07:20 | not_weekday(weekday=7)
hk_market_history skipped at 16:20 | not_weekday(weekday=7)
a_share_history skipped at 16:30 | not_weekday(weekday=7)
us_market_history skipped at 17:10 | not_weekday(weekday=7)
Maintenance tick started
Maintenance tick complete
State DB: /home/zj/workspace/stok-mapping/data/maintenance/maintenance.sqlite
As of: 2026-06-07T04:33:02
Dry run: False
Executed runs: 0
financial_factors skipped at 03:30 | not_monday(weekday=7)
daily_brief skipped at 07:20 | not_weekday(weekday=7)
hk_market_history skipped at 16:20 | not_weekday(weekday=7)
a_share_history skipped at 16:30 | not_weekday(weekday=7)
us_market_history skipped at 17:10 | not_weekday(weekday=7)
Maintenance tick started
Maintenance tick complete
State DB: /home/zj/workspace/stok-mapping/data/maintenance/maintenance.sqlite
As of: 2026-06-07T04:34:02
Dry run: False
Executed runs: 0
financial_factors skipped at 03:30 | not_monday(weekday=7)
daily_brief skipped at 07:20 | not_weekday(weekday=7)
hk_market_history skipped at 16:20 | not_weekday(weekday=7)
a_share_history skipped at 16:30 | not_weekday(weekday=7)
us_market_history skipped at 17:10 | not_weekday(weekday=7)
Maintenance tick started
Maintenance tick complete
State DB: /home/zj/workspace/stok-mapping/data/maintenance/maintenance.sqlite
As of: 2026-06-07T04:35:02
Dry run: False
Executed runs: 0
financial_factors skipped at 03:30 | not_monday(weekday=7)
daily_brief skipped at 07:20 | not_weekday(weekday=7)
hk_market_history skipped at 16:20 | not_weekday(weekday=7)
a_share_history skipped at 16:30 | not_weekday(weekday=7)
us_market_history skipped at 17:10 | not_weekday(weekday=7)
Maintenance tick started
Maintenance tick complete
State DB: /home/zj/workspace/stok-mapping/data/maintenance/maintenance.sqlite
As of: 2026-06-07T04:36:01
Dry run: False
Executed runs: 0
financial_factors skipped at 03:30 | not_monday(weekday=7)
daily_brief skipped at 07:20 | not_weekday(weekday=7)
hk_market_history skipped at 16:20 | not_weekday(weekday=7)
a_share_history skipped at 16:30 | not_weekday(weekday=7)
us_market_history skipped at 17:10 | not_weekday(weekday=7)
Maintenance tick started
Maintenance tick complete
State DB: /home/zj/workspace/stok-mapping/data/maintenance/maintenance.sqlite
As of: 2026-06-07T04:37:02
Dry run: False
Executed runs: 0
financial_factors skipped at 03:30 | not_monday(weekday=7)
daily_brief skipped at 07:20 | not_weekday(weekday=7)
hk_market_history skipped at 16:20 | not_weekday(weekday=7)
a_share_history skipped at 16:30 | not_weekday(weekday=7)
us_market_history skipped at 17:10 | not_weekday(weekday=7)
Maintenance tick started
Maintenance tick complete
State DB: /home/zj/workspace/stok-mapping/data/maintenance/maintenance.sqlite
As of: 2026-06-07T04:38:02
Dry run: False
Executed runs: 0
financial_factors skipped at 03:30 | not_monday(weekday=7)
daily_brief skipped at 07:20 | not_weekday(weekday=7)
hk_market_history skipped at 16:20 | not_weekday(weekday=7)
a_share_history skipped at 16:30 | not_weekday(weekday=7)
us_market_history skipped at 17:10 | not_weekday(weekday=7)
Maintenance tick started
Maintenance tick complete
State DB: /home/zj/workspace/stok-mapping/data/maintenance/maintenance.sqlite
As of: 2026-06-07T04:39:02
Dry run: False
Executed runs: 0
financial_factors skipped at 03:30 | not_monday(weekday=7)
daily_brief skipped at 07:20 | not_weekday(weekday=7)
hk_market_history skipped at 16:20 | not_weekday(weekday=7)
a_share_history skipped at 16:30 | not_weekday(weekday=7)
us_market_history skipped at 17:10 | not_weekday(weekday=7)
Maintenance tick started
Maintenance tick complete
State DB: /home/zj/workspace/stok-mapping/data/maintenance/maintenance.sqlite
As of: 2026-06-07T04:40:02
Dry run: False
Executed runs: 0
financial_factors skipped at 03:30 | not_monday(weekday=7)
daily_brief skipped at 07:20 | not_weekday(weekday=7)
hk_market_history skipped at 16:20 | not_weekday(weekday=7)
a_share_history skipped at 16:30 | not_weekday(weekday=7)
us_market_history skipped at 17:10 | not_weekday(weekday=7)
Maintenance tick started
Maintenance tick complete
State DB: /home/zj/workspace/stok-mapping/data/maintenance/maintenance.sqlite
As of: 2026-06-07T04:41:01
Dry run: False
Executed runs: 0
financial_factors skipped at 03:30 | not_monday(weekday=7)
daily_brief skipped at 07:20 | not_weekday(weekday=7)
hk_market_history skipped at 16:20 | not_weekday(weekday=7)
a_share_history skipped at 16:30 | not_weekday(weekday=7)
us_market_history skipped at 17:10 | not_weekday(weekday=7)
Maintenance tick started
Maintenance tick complete
State DB: /home/zj/workspace/stok-mapping/data/maintenance/maintenance.sqlite
As of: 2026-06-07T04:42:02
Dry run: False
Executed runs: 0
financial_factors skipped at 03:30 | not_monday(weekday=7)
daily_brief skipped at 07:20 | not_weekday(weekday=7)
hk_market_history skipped at 16:20 | not_weekday(weekday=7)
a_share_history skipped at 16:30 | not_weekday(weekday=7)
us_market_history skipped at 17:10 | not_weekday(weekday=7)
Maintenance tick started
Maintenance tick complete
State DB: /home/zj/workspace/stok-mapping/data/maintenance/maintenance.sqlite
As of: 2026-06-07T04:43:02
Dry run: False
Executed runs: 0
financial_factors skipped at 03:30 | not_monday(weekday=7)
daily_brief skipped at 07:20 | not_weekday(weekday=7)
hk_market_history skipped at 16:20 | not_weekday(weekday=7)
a_share_history skipped at 16:30 | not_weekday(weekday=7)
us_market_history skipped at 17:10 | not_weekday(weekday=7)
Maintenance tick started
Maintenance tick complete
State DB: /home/zj/workspace/stok-mapping/data/maintenance/maintenance.sqlite
As of: 2026-06-07T04:44:03
Dry run: False
Executed runs: 0
financial_factors skipped at 03:30 | not_monday(weekday=7)
daily_brief skipped at 07:20 | not_weekday(weekday=7)
hk_market_history skipped at 16:20 | not_weekday(weekday=7)
a_share_history skipped at 16:30 | not_weekday(weekday=7)
us_market_history skipped at 17:10 | not_weekday(weekday=7)
Maintenance tick started
Maintenance tick complete
State DB: /home/zj/workspace/stok-mapping/data/maintenance/maintenance.sqlite
As of: 2026-06-07T04:45:02
Dry run: False
Executed runs: 0
financial_factors skipped at 03:30 | not_monday(weekday=7)
daily_brief skipped at 07:20 | not_weekday(weekday=7)
hk_market_history skipped at 16:20 | not_weekday(weekday=7)
a_share_history skipped at 16:30 | not_weekday(weekday=7)
us_market_history skipped at 17:10 | not_weekday(weekday=7)
Maintenance tick started
Maintenance tick complete
State DB: /home/zj/workspace/stok-mapping/data/maintenance/maintenance.sqlite
As of: 2026-06-07T04:46:02
Dry run: False
Executed runs: 0
financial_factors skipped at 03:30 | not_monday(weekday=7)
daily_brief skipped at 07:20 | not_weekday(weekday=7)
hk_market_history skipped at 16:20 | not_weekday(weekday=7)
a_share_history skipped at 16:30 | not_weekday(weekday=7)
us_market_history skipped at 17:10 | not_weekday(weekday=7)
Maintenance tick started
Maintenance tick complete
State DB: /home/zj/workspace/stok-mapping/data/maintenance/maintenance.sqlite
As of: 2026-06-07T04:47:03
Dry run: False
Executed runs: 0
financial_factors skipped at 03:30 | not_monday(weekday=7)
daily_brief skipped at 07:20 | not_weekday(weekday=7)
hk_market_history skipped at 16:20 | not_weekday(weekday=7)
a_share_history skipped at 16:30 | not_weekday(weekday=7)
us_market_history skipped at 17:10 | not_weekday(weekday=7)
Maintenance tick started
Maintenance tick complete
State DB: /home/zj/workspace/stok-mapping/data/maintenance/maintenance.sqlite
As of: 2026-06-07T04:48:02
Dry run: False
Executed runs: 0
financial_factors skipped at 03:30 | not_monday(weekday=7)
daily_brief skipped at 07:20 | not_weekday(weekday=7)
hk_market_history skipped at 16:20 | not_weekday(weekday=7)
a_share_history skipped at 16:30 | not_weekday(weekday=7)
us_market_history skipped at 17:10 | not_weekday(weekday=7)
Maintenance tick started
Maintenance tick complete
State DB: /home/zj/workspace/stok-mapping/data/maintenance/maintenance.sqlite
As of: 2026-06-07T04:49:02
Dry run: False
Executed runs: 0
financial_factors skipped at 03:30 | not_monday(weekday=7)
daily_brief skipped at 07:20 | not_weekday(weekday=7)
hk_market_history skipped at 16:20 | not_weekday(weekday=7)
a_share_history skipped at 16:30 | not_weekday(weekday=7)
us_market_history skipped at 17:10 | not_weekday(weekday=7)
Maintenance tick started
Maintenance tick complete
State DB: /home/zj/workspace/stok-mapping/data/maintenance/maintenance.sqlite
As of: 2026-06-07T04:50:01
Dry run: False
Executed runs: 0
financial_factors skipped at 03:30 | 
not_trading_day(cn_trading_calendar(is_open=0))
daily_brief skipped at 07:20 | not_trading_day(cn_trading_calendar(is_open=0))
hk_market_history skipped at 16:20 | 
not_trading_day(market_calendar_weekday_fallback(scope=hk, weekday=7))
a_share_history skipped at 16:30 | 
not_trading_day(cn_trading_calendar(is_open=0))
us_market_history skipped at 17:10 | 
not_trading_day(market_calendar_weekday_fallback(scope=us, weekday=7))
Maintenance tick started
Maintenance tick complete
State DB: /home/zj/workspace/stok-mapping/data/maintenance/maintenance.sqlite
As of: 2026-06-07T04:51:02
Dry run: False
Executed runs: 0
financial_factors skipped at 03:30 | 
not_trading_day(cn_trading_calendar(is_open=0))
daily_brief skipped at 07:20 | not_trading_day(cn_trading_calendar(is_open=0))
hk_market_history skipped at 16:20 | 
not_trading_day(market_calendar_weekday_fallback(scope=hk, weekday=7))
a_share_history skipped at 16:30 | 
not_trading_day(cn_trading_calendar(is_open=0))
us_market_history skipped at 17:10 | 
not_trading_day(market_calendar_weekday_fallback(scope=us, weekday=7))
Maintenance tick started
Maintenance tick complete
State DB: /home/zj/workspace/stok-mapping/data/maintenance/maintenance.sqlite
As of: 2026-06-07T04:52:02
Dry run: False
Executed runs: 0
financial_factors skipped at 03:30 | 
not_trading_day(cn_trading_calendar(is_open=0))
daily_brief skipped at 07:20 | not_trading_day(cn_trading_calendar(is_open=0))
hk_market_history skipped at 16:20 | 
not_trading_day(market_calendar_weekday_fallback(scope=hk, weekday=7))
a_share_history skipped at 16:30 | 
not_trading_day(cn_trading_calendar(is_open=0))
us_market_history skipped at 17:10 | 
not_trading_day(market_calendar_weekday_fallback(scope=us, weekday=7))
Maintenance tick started
Maintenance tick complete
State DB: /home/zj/workspace/stok-mapping/data/maintenance/maintenance.sqlite
As of: 2026-06-07T04:53:02
Dry run: False
Executed runs: 0
financial_factors skipped at 03:30 | 
not_trading_day(cn_trading_calendar(is_open=0))
daily_brief skipped at 07:20 | not_trading_day(cn_trading_calendar(is_open=0))
hk_market_history skipped at 16:20 | 
not_trading_day(market_calendar_weekday_fallback(scope=hk, weekday=7))
a_share_history skipped at 16:30 | 
not_trading_day(cn_trading_calendar(is_open=0))
us_market_history skipped at 17:10 | 
not_trading_day(market_calendar_weekday_fallback(scope=us, weekday=7))
Maintenance tick started
Maintenance tick complete
State DB: /home/zj/workspace/stok-mapping/data/maintenance/maintenance.sqlite
As of: 2026-06-07T04:54:01
Dry run: False
Executed runs: 0
financial_factors skipped at 03:30 | 
not_trading_day(cn_trading_calendar(is_open=0))
daily_brief skipped at 07:20 | not_trading_day(cn_trading_calendar(is_open=0))
hk_market_history skipped at 16:20 | 
not_trading_day(market_calendar_weekday_fallback(scope=hk, weekday=7))
a_share_history skipped at 16:30 | 
not_trading_day(cn_trading_calendar(is_open=0))
us_market_history skipped at 17:10 | 
not_trading_day(market_calendar_weekday_fallback(scope=us, weekday=7))
Maintenance tick started
Maintenance tick complete
State DB: /home/zj/workspace/stok-mapping/data/maintenance/maintenance.sqlite
As of: 2026-06-07T04:55:02
Dry run: False
Executed runs: 0
financial_factors skipped at 03:30 | 
not_trading_day(cn_trading_calendar(is_open=0))
daily_brief skipped at 07:20 | not_trading_day(cn_trading_calendar(is_open=0))
hk_market_history skipped at 16:20 | 
not_trading_day(market_calendar_weekday_fallback(scope=hk, weekday=7))
a_share_history skipped at 16:30 | 
not_trading_day(cn_trading_calendar(is_open=0))
us_market_history skipped at 17:10 | 
not_trading_day(market_calendar_weekday_fallback(scope=us, weekday=7))
Maintenance tick started
Maintenance tick complete
State DB: /home/zj/workspace/stok-mapping/data/maintenance/maintenance.sqlite
As of: 2026-06-07T04:56:02
Dry run: False
Executed runs: 0
financial_factors skipped at 03:30 | 
not_trading_day(cn_trading_calendar(is_open=0))
daily_brief skipped at 07:20 | not_trading_day(cn_trading_calendar(is_open=0))
hk_market_history skipped at 16:20 | 
not_trading_day(market_calendar_weekday_fallback(scope=hk, weekday=7))
a_share_history skipped at 16:30 | 
not_trading_day(cn_trading_calendar(is_open=0))
us_market_history skipped at 17:10 | 
not_trading_day(market_calendar_weekday_fallback(scope=us, weekday=7))
Maintenance tick started
Maintenance tick complete
State DB: /home/zj/workspace/stok-mapping/data/maintenance/maintenance.sqlite
As of: 2026-06-07T04:57:02
Dry run: False
Executed runs: 0
financial_factors skipped at 03:30 | 
not_trading_day(cn_trading_calendar(is_open=0))
daily_brief skipped at 07:20 | not_trading_day(cn_trading_calendar(is_open=0))
hk_market_history skipped at 16:20 | 
not_trading_day(market_calendar_weekday_fallback(scope=hk, weekday=7))
a_share_history skipped at 16:30 | 
not_trading_day(cn_trading_calendar(is_open=0))
us_market_history skipped at 17:10 | 
not_trading_day(market_calendar_weekday_fallback(scope=us, weekday=7))
Maintenance tick started
Maintenance tick complete
State DB: /home/zj/workspace/stok-mapping/data/maintenance/maintenance.sqlite
As of: 2026-06-07T04:58:02
Dry run: False
Executed runs: 0
financial_factors skipped at 03:30 | 
not_trading_day(cn_trading_calendar(is_open=0))
daily_brief skipped at 07:20 | not_trading_day(cn_trading_calendar(is_open=0))
hk_market_history skipped at 16:20 | 
not_trading_day(market_calendar_weekday_fallback(scope=hk, weekday=7))
a_share_history skipped at 16:30 | 
not_trading_day(cn_trading_calendar(is_open=0))
us_market_history skipped at 17:10 | 
not_trading_day(market_calendar_weekday_fallback(scope=us, weekday=7))
Maintenance tick started
Maintenance tick complete
State DB: /home/zj/workspace/stok-mapping/data/maintenance/maintenance.sqlite
As of: 2026-06-07T04:59:02
Dry run: False
Executed runs: 0
financial_factors skipped at 03:30 | 
not_trading_day(cn_trading_calendar(is_open=0))
daily_brief skipped at 07:20 | not_trading_day(cn_trading_calendar(is_open=0))
hk_market_history skipped at 16:20 | 
not_trading_day(market_calendar_weekday_fallback(scope=hk, weekday=7))
a_share_history skipped at 16:30 | 
not_trading_day(cn_trading_calendar(is_open=0))
us_market_history skipped at 17:10 | 
not_trading_day(market_calendar_weekday_fallback(scope=us, weekday=7))
Maintenance tick started
Maintenance tick complete
State DB: /home/zj/workspace/stok-mapping/data/maintenance/maintenance.sqlite
As of: 2026-06-07T05:00:01
Dry run: False
Executed runs: 0
financial_factors skipped at 03:30 | 
not_trading_day(cn_trading_calendar(is_open=0))
daily_brief skipped at 07:20 | not_trading_day(cn_trading_calendar(is_open=0))
hk_market_history skipped at 16:20 | 
not_trading_day(market_calendar_weekday_fallback(scope=hk, weekday=7))
a_share_history skipped at 16:30 | 
not_trading_day(cn_trading_calendar(is_open=0))
us_market_history skipped at 17:10 | 
not_trading_day(market_calendar_weekday_fallback(scope=us, weekday=7))
Maintenance tick started
Maintenance tick complete
State DB: /home/zj/workspace/stok-mapping/data/maintenance/maintenance.sqlite
As of: 2026-06-07T05:01:02
Dry run: False
Executed runs: 0
financial_factors skipped at 03:30 | 
not_trading_day(cn_trading_calendar(is_open=0))
daily_brief skipped at 07:20 | not_trading_day(cn_trading_calendar(is_open=0))
hk_market_history skipped at 16:20 | 
not_trading_day(market_calendar_weekday_fallback(scope=hk, weekday=7))
a_share_history skipped at 16:30 | 
not_trading_day(cn_trading_calendar(is_open=0))
us_market_history skipped at 17:10 | 
not_trading_day(market_calendar_weekday_fallback(scope=us, weekday=7))
Maintenance tick started
Maintenance tick complete
State DB: /home/zj/workspace/stok-mapping/data/maintenance/maintenance.sqlite
As of: 2026-06-07T05:02:02
Dry run: False
Executed runs: 0
financial_factors skipped at 03:30 | 
not_trading_day(cn_trading_calendar(is_open=0))
daily_brief skipped at 07:20 | not_trading_day(cn_trading_calendar(is_open=0))
hk_market_history skipped at 16:20 | 
not_trading_day(market_calendar_weekday_fallback(scope=hk, weekday=7))
a_share_history skipped at 16:30 | 
not_trading_day(cn_trading_calendar(is_open=0))
us_market_history skipped at 17:10 | 
not_trading_day(market_calendar_weekday_fallback(scope=us, weekday=7))
Maintenance tick started
Maintenance tick complete
State DB: /home/zj/workspace/stok-mapping/data/maintenance/maintenance.sqlite
As of: 2026-06-07T05:03:02
Dry run: False
Executed runs: 0
financial_factors skipped at 03:30 | 
not_trading_day(cn_trading_calendar(is_open=0))
daily_brief skipped at 07:20 | not_trading_day(cn_trading_calendar(is_open=0))
hk_market_history skipped at 16:20 | 
not_trading_day(market_calendar_weekday_fallback(scope=hk, weekday=7))
a_share_history skipped at 16:30 | 
not_trading_day(cn_trading_calendar(is_open=0))
us_market_history skipped at 17:10 | 
not_trading_day(market_calendar_weekday_fallback(scope=us, weekday=7))
Maintenance tick started
Maintenance tick complete
State DB: /home/zj/workspace/stok-mapping/data/maintenance/maintenance.sqlite
As of: 2026-06-07T05:04:02
Dry run: False
Executed runs: 0
financial_factors skipped at 03:30 | 
not_trading_day(cn_trading_calendar(is_open=0))
daily_brief skipped at 07:20 | not_trading_day(cn_trading_calendar(is_open=0))
hk_market_history skipped at 16:20 | 
not_trading_day(market_calendar_weekday_fallback(scope=hk, weekday=7))
a_share_history skipped at 16:30 | 
not_trading_day(cn_trading_calendar(is_open=0))
us_market_history skipped at 17:10 | 
not_trading_day(market_calendar_weekday_fallback(scope=us, weekday=7))
Maintenance tick started
Maintenance tick complete
State DB: /home/zj/workspace/stok-mapping/data/maintenance/maintenance.sqlite
As of: 2026-06-07T05:05:02
Dry run: False
Executed runs: 0
financial_factors skipped at 03:30 | 
not_trading_day(cn_trading_calendar(is_open=0))
daily_brief skipped at 07:20 | not_trading_day(cn_trading_calendar(is_open=0))
hk_market_history skipped at 16:20 | 
not_trading_day(market_calendar_weekday_fallback(scope=hk, weekday=7))
a_share_history skipped at 16:30 | 
not_trading_day(cn_trading_calendar(is_open=0))
us_market_history skipped at 17:10 | 
not_trading_day(market_calendar_weekday_fallback(scope=us, weekday=7))
Maintenance tick started
Maintenance tick complete
State DB: /home/zj/workspace/stok-mapping/data/maintenance/maintenance.sqlite
As of: 2026-06-07T05:06:03
Dry run: False
Executed runs: 0
financial_factors skipped at 03:30 | 
not_trading_day(cn_trading_calendar(is_open=0))
daily_brief skipped at 07:20 | not_trading_day(cn_trading_calendar(is_open=0))
hk_market_history skipped at 16:20 | 
not_trading_day(market_calendar_weekday_fallback(scope=hk, weekday=7))
a_share_history skipped at 16:30 | 
not_trading_day(cn_trading_calendar(is_open=0))
us_market_history skipped at 17:10 | 
not_trading_day(market_calendar_weekday_fallback(scope=us, weekday=7))
Maintenance tick started
Maintenance tick complete
State DB: /home/zj/workspace/stok-mapping/data/maintenance/maintenance.sqlite
As of: 2026-06-07T05:07:02
Dry run: False
Executed runs: 0
financial_factors skipped at 03:30 | 
not_trading_day(cn_trading_calendar(is_open=0))
daily_brief skipped at 07:20 | not_trading_day(cn_trading_calendar(is_open=0))
hk_market_history skipped at 16:20 | 
not_trading_day(market_calendar_weekday_fallback(scope=hk, weekday=7))
a_share_history skipped at 16:30 | 
not_trading_day(cn_trading_calendar(is_open=0))
us_market_history skipped at 17:10 | 
not_trading_day(market_calendar_weekday_fallback(scope=us, weekday=7))
Maintenance tick started
Maintenance tick complete
State DB: /home/zj/workspace/stok-mapping/data/maintenance/maintenance.sqlite
As of: 2026-06-07T05:08:02
Dry run: False
Executed runs: 0
financial_factors skipped at 03:30 | 
not_trading_day(cn_trading_calendar(is_open=0))
daily_brief skipped at 07:20 | not_trading_day(cn_trading_calendar(is_open=0))
hk_market_history skipped at 16:20 | 
not_trading_day(market_calendar_weekday_fallback(scope=hk, weekday=7))
a_share_history skipped at 16:30 | 
not_trading_day(cn_trading_calendar(is_open=0))
us_market_history skipped at 17:10 | 
not_trading_day(market_calendar_weekday_fallback(scope=us, weekday=7))
Maintenance tick started
Maintenance tick complete
State DB: /home/zj/workspace/stok-mapping/data/maintenance/maintenance.sqlite
As of: 2026-06-07T05:09:02
Dry run: False
Executed runs: 0
financial_factors skipped at 03:30 | 
not_trading_day(cn_trading_calendar(is_open=0))
daily_brief skipped at 07:20 | not_trading_day(cn_trading_calendar(is_open=0))
hk_market_history skipped at 16:20 | 
not_trading_day(market_calendar_weekday_fallback(scope=hk, weekday=7))
a_share_history skipped at 16:30 | 
not_trading_day(cn_trading_calendar(is_open=0))
us_market_history skipped at 17:10 | 
not_trading_day(market_calendar_weekday_fallback(scope=us, weekday=7))
Maintenance tick started
Maintenance tick complete
State DB: /home/zj/workspace/stok-mapping/data/maintenance/maintenance.sqlite
As of: 2026-06-07T05:10:02
Dry run: False
Executed runs: 0
financial_factors skipped at 03:30 | 
not_trading_day(cn_trading_calendar(is_open=0))
daily_brief skipped at 07:20 | not_trading_day(cn_trading_calendar(is_open=0))
hk_market_history skipped at 16:20 | 
not_trading_day(market_calendar_weekday_fallback(scope=hk, weekday=7))
a_share_history skipped at 16:30 | 
not_trading_day(cn_trading_calendar(is_open=0))
us_market_history skipped at 17:10 | 
not_trading_day(market_calendar_weekday_fallback(scope=us, weekday=7))
Maintenance tick started
Maintenance tick complete
State DB: /home/zj/workspace/stok-mapping/data/maintenance/maintenance.sqlite
As of: 2026-06-07T05:11:02
Dry run: False
Executed runs: 0
financial_factors skipped at 03:30 | 
not_trading_day(cn_trading_calendar(is_open=0))
daily_brief skipped at 07:20 | not_trading_day(cn_trading_calendar(is_open=0))
hk_market_history skipped at 16:20 | 
not_trading_day(market_calendar_weekday_fallback(scope=hk, weekday=7))
a_share_history skipped at 16:30 | 
not_trading_day(cn_trading_calendar(is_open=0))
us_market_history skipped at 17:10 | 
not_trading_day(market_calendar_weekday_fallback(scope=us, weekday=7))
Maintenance tick started
Maintenance tick complete
State DB: /home/zj/workspace/stok-mapping/data/maintenance/maintenance.sqlite
As of: 2026-06-07T05:12:02
Dry run: False
Executed runs: 0
financial_factors skipped at 03:30 | 
not_trading_day(cn_trading_calendar(is_open=0))
daily_brief skipped at 07:20 | not_trading_day(cn_trading_calendar(is_open=0))
hk_market_history skipped at 16:20 | 
not_trading_day(market_calendar_weekday_fallback(scope=hk, weekday=7))
a_share_history skipped at 16:30 | 
not_trading_day(cn_trading_calendar(is_open=0))
us_market_history skipped at 17:10 | 
not_trading_day(market_calendar_weekday_fallback(scope=us, weekday=7))
Maintenance tick started
Maintenance tick complete
State DB: /home/zj/workspace/stok-mapping/data/maintenance/maintenance.sqlite
As of: 2026-06-07T05:13:02
Dry run: False
Executed runs: 0
financial_factors skipped at 03:30 | 
not_trading_day(cn_trading_calendar(is_open=0))
daily_brief skipped at 07:20 | not_trading_day(cn_trading_calendar(is_open=0))
hk_market_history skipped at 16:20 | 
not_trading_day(market_calendar_weekday_fallback(scope=hk, weekday=7))
a_share_history skipped at 16:30 | 
not_trading_day(cn_trading_calendar(is_open=0))
us_market_history skipped at 17:10 | 
not_trading_day(market_calendar_weekday_fallback(scope=us, weekday=7))
Maintenance tick started
Maintenance tick complete
State DB: /home/zj/workspace/stok-mapping/data/maintenance/maintenance.sqlite
As of: 2026-06-07T05:14:02
Dry run: False
Executed runs: 0
financial_factors skipped at 03:30 | 
not_trading_day(cn_trading_calendar(is_open=0))
daily_brief skipped at 07:20 | not_trading_day(cn_trading_calendar(is_open=0))
hk_market_history skipped at 16:20 | 
not_trading_day(market_calendar_weekday_fallback(scope=hk, weekday=7))
a_share_history skipped at 16:30 | 
not_trading_day(cn_trading_calendar(is_open=0))
us_market_history skipped at 17:10 | 
not_trading_day(market_calendar_weekday_fallback(scope=us, weekday=7))
Maintenance tick started
Maintenance tick complete
State DB: /home/zj/workspace/stok-mapping/data/maintenance/maintenance.sqlite
As of: 2026-06-07T05:15:02
Dry run: False
Executed runs: 0
financial_factors skipped at 03:30 | 
not_trading_day(cn_trading_calendar(is_open=0))
daily_brief skipped at 07:20 | not_trading_day(cn_trading_calendar(is_open=0))
hk_market_history skipped at 16:20 | 
not_trading_day(market_calendar_weekday_fallback(scope=hk, weekday=7))
a_share_history skipped at 16:30 | 
not_trading_day(cn_trading_calendar(is_open=0))
us_market_history skipped at 17:10 | 
not_trading_day(market_calendar_weekday_fallback(scope=us, weekday=7))
Maintenance tick started
Maintenance tick complete
State DB: /home/zj/workspace/stok-mapping/data/maintenance/maintenance.sqlite
As of: 2026-06-07T05:16:02
Dry run: False
Executed runs: 0
financial_factors skipped at 03:30 | 
not_trading_day(cn_trading_calendar(is_open=0))
daily_brief skipped at 07:20 | not_trading_day(cn_trading_calendar(is_open=0))
hk_market_history skipped at 16:20 | 
not_trading_day(market_calendar_weekday_fallback(scope=hk, weekday=7))
a_share_history skipped at 16:30 | 
not_trading_day(cn_trading_calendar(is_open=0))
us_market_history skipped at 17:10 | 
not_trading_day(market_calendar_weekday_fallback(scope=us, weekday=7))
Maintenance tick started
Maintenance tick complete
State DB: /home/zj/workspace/stok-mapping/data/maintenance/maintenance.sqlite
As of: 2026-06-07T05:17:02
Dry run: False
Executed runs: 0
financial_factors skipped at 03:30 | 
not_trading_day(cn_trading_calendar(is_open=0))
daily_brief skipped at 07:20 | not_trading_day(cn_trading_calendar(is_open=0))
hk_market_history skipped at 16:20 | 
not_trading_day(market_calendar_weekday_fallback(scope=hk, weekday=7))
a_share_history skipped at 16:30 | 
not_trading_day(cn_trading_calendar(is_open=0))
us_market_history skipped at 17:10 | 
not_trading_day(market_calendar_weekday_fallback(scope=us, weekday=7))
Maintenance tick started
Maintenance tick complete
State DB: /home/zj/workspace/stok-mapping/data/maintenance/maintenance.sqlite
As of: 2026-06-07T05:18:02
Dry run: False
Executed runs: 0
financial_factors skipped at 03:30 | 
not_trading_day(cn_trading_calendar(is_open=0))
daily_brief skipped at 07:20 | not_trading_day(cn_trading_calendar(is_open=0))
hk_market_history skipped at 16:20 | 
not_trading_day(market_calendar_weekday_fallback(scope=hk, weekday=7))
a_share_history skipped at 16:30 | 
not_trading_day(cn_trading_calendar(is_open=0))
us_market_history skipped at 17:10 | 
not_trading_day(market_calendar_weekday_fallback(scope=us, weekday=7))
Maintenance tick started
Maintenance tick complete
State DB: /home/zj/workspace/stok-mapping/data/maintenance/maintenance.sqlite
As of: 2026-06-07T05:19:01
Dry run: False
Executed runs: 0
financial_factors skipped at 03:30 | 
not_trading_day(cn_trading_calendar(is_open=0))
daily_brief skipped at 07:20 | not_trading_day(cn_trading_calendar(is_open=0))
hk_market_history skipped at 16:20 | 
not_trading_day(market_calendar_weekday_fallback(scope=hk, weekday=7))
a_share_history skipped at 16:30 | 
not_trading_day(cn_trading_calendar(is_open=0))
us_market_history skipped at 17:10 | 
not_trading_day(market_calendar_weekday_fallback(scope=us, weekday=7))
Maintenance tick started
Maintenance tick complete
State DB: /home/zj/workspace/stok-mapping/data/maintenance/maintenance.sqlite
As of: 2026-06-07T05:20:02
Dry run: False
Executed runs: 0
financial_factors skipped at 03:30 | 
not_trading_day(cn_trading_calendar(is_open=0))
daily_brief skipped at 07:20 | not_trading_day(cn_trading_calendar(is_open=0))
hk_market_history skipped at 16:20 | 
not_trading_day(market_calendar_weekday_fallback(scope=hk, weekday=7))
a_share_history skipped at 16:30 | 
not_trading_day(cn_trading_calendar(is_open=0))
us_market_history skipped at 17:10 | 
not_trading_day(market_calendar_weekday_fallback(scope=us, weekday=7))
Maintenance tick started
Maintenance tick complete
State DB: /home/zj/workspace/stok-mapping/data/maintenance/maintenance.sqlite
As of: 2026-06-07T05:21:02
Dry run: False
Executed runs: 0
financial_factors skipped at 03:30 | 
not_trading_day(cn_trading_calendar(is_open=0))
daily_brief skipped at 07:20 | not_trading_day(cn_trading_calendar(is_open=0))
hk_market_history skipped at 16:20 | 
not_trading_day(market_calendar_weekday_fallback(scope=hk, weekday=7))
a_share_history skipped at 16:30 | 
not_trading_day(cn_trading_calendar(is_open=0))
us_market_history skipped at 17:10 | 
not_trading_day(market_calendar_weekday_fallback(scope=us, weekday=7))
Maintenance tick started
Maintenance tick complete
State DB: /home/zj/workspace/stok-mapping/data/maintenance/maintenance.sqlite
As of: 2026-06-07T05:22:02
Dry run: False
Executed runs: 0
financial_factors skipped at 03:30 | 
not_trading_day(cn_trading_calendar(is_open=0))
daily_brief skipped at 07:20 | not_trading_day(cn_trading_calendar(is_open=0))
hk_market_history skipped at 16:20 | 
not_trading_day(market_calendar_weekday_fallback(scope=hk, weekday=7))
a_share_history skipped at 16:30 | 
not_trading_day(cn_trading_calendar(is_open=0))
us_market_history skipped at 17:10 | 
not_trading_day(market_calendar_weekday_fallback(scope=us, weekday=7))
Maintenance tick started
Maintenance tick complete
State DB: /home/zj/workspace/stok-mapping/data/maintenance/maintenance.sqlite
As of: 2026-06-07T05:23:02
Dry run: False
Executed runs: 0
financial_factors skipped at 03:30 | 
not_trading_day(cn_trading_calendar(is_open=0))
daily_brief skipped at 07:20 | not_trading_day(cn_trading_calendar(is_open=0))
hk_market_history skipped at 16:20 | 
not_trading_day(market_calendar_weekday_fallback(scope=hk, weekday=7))
a_share_history skipped at 16:30 | 
not_trading_day(cn_trading_calendar(is_open=0))
us_market_history skipped at 17:10 | 
not_trading_day(market_calendar_weekday_fallback(scope=us, weekday=7))
Maintenance tick started
Maintenance tick complete
State DB: /home/zj/workspace/stok-mapping/data/maintenance/maintenance.sqlite
As of: 2026-06-07T05:24:03
Dry run: False
Executed runs: 0
financial_factors skipped at 03:30 | 
not_trading_day(cn_trading_calendar(is_open=0))
daily_brief skipped at 07:20 | not_trading_day(cn_trading_calendar(is_open=0))
hk_market_history skipped at 16:20 | 
not_trading_day(market_calendar_weekday_fallback(scope=hk, weekday=7))
a_share_history skipped at 16:30 | 
not_trading_day(cn_trading_calendar(is_open=0))
us_market_history skipped at 17:10 | 
not_trading_day(market_calendar_weekday_fallback(scope=us, weekday=7))
Maintenance tick started
Maintenance tick complete
State DB: /home/zj/workspace/stok-mapping/data/maintenance/maintenance.sqlite
As of: 2026-06-07T05:25:02
Dry run: False
Executed runs: 0
financial_factors skipped at 03:30 | 
not_trading_day(cn_trading_calendar(is_open=0))
daily_brief skipped at 07:20 | not_trading_day(cn_trading_calendar(is_open=0))
hk_market_history skipped at 16:20 | 
not_trading_day(market_calendar_weekday_fallback(scope=hk, weekday=7))
a_share_history skipped at 16:30 | 
not_trading_day(cn_trading_calendar(is_open=0))
us_market_history skipped at 17:10 | 
not_trading_day(market_calendar_weekday_fallback(scope=us, weekday=7))
Maintenance tick started
Maintenance tick complete
State DB: /home/zj/workspace/stok-mapping/data/maintenance/maintenance.sqlite
As of: 2026-06-07T05:26:02
Dry run: False
Executed runs: 0
financial_factors skipped at 03:30 | 
not_trading_day(cn_trading_calendar(is_open=0))
daily_brief skipped at 07:20 | not_trading_day(cn_trading_calendar(is_open=0))
hk_market_history skipped at 16:20 | 
not_trading_day(market_calendar_weekday_fallback(scope=hk, weekday=7))
a_share_history skipped at 16:30 | 
not_trading_day(cn_trading_calendar(is_open=0))
us_market_history skipped at 17:10 | 
not_trading_day(market_calendar_weekday_fallback(scope=us, weekday=7))
Maintenance tick started
Maintenance tick complete
State DB: /home/zj/workspace/stok-mapping/data/maintenance/maintenance.sqlite
As of: 2026-06-07T05:27:03
Dry run: False
Executed runs: 0
financial_factors skipped at 03:30 | 
not_trading_day(cn_trading_calendar(is_open=0))
daily_brief skipped at 07:20 | not_trading_day(cn_trading_calendar(is_open=0))
hk_market_history skipped at 16:20 | 
not_trading_day(market_calendar_weekday_fallback(scope=hk, weekday=7))
a_share_history skipped at 16:30 | 
not_trading_day(cn_trading_calendar(is_open=0))
us_market_history skipped at 17:10 | 
not_trading_day(market_calendar_weekday_fallback(scope=us, weekday=7))
Maintenance tick started
Maintenance tick complete
State DB: /home/zj/workspace/stok-mapping/data/maintenance/maintenance.sqlite
As of: 2026-06-07T05:28:03
Dry run: False
Executed runs: 0
financial_factors skipped at 03:30 | 
not_trading_day(cn_trading_calendar(is_open=0))
daily_brief skipped at 07:20 | not_trading_day(cn_trading_calendar(is_open=0))
hk_market_history skipped at 16:20 | 
not_trading_day(market_calendar_weekday_fallback(scope=hk, weekday=7))
a_share_history skipped at 16:30 | 
not_trading_day(cn_trading_calendar(is_open=0))
us_market_history skipped at 17:10 | 
not_trading_day(market_calendar_weekday_fallback(scope=us, weekday=7))
Maintenance tick started
Maintenance tick complete
State DB: /home/zj/workspace/stok-mapping/data/maintenance/maintenance.sqlite
As of: 2026-06-07T05:29:02
Dry run: False
Executed runs: 0
financial_factors skipped at 03:30 | 
not_trading_day(cn_trading_calendar(is_open=0))
daily_brief skipped at 07:20 | not_trading_day(cn_trading_calendar(is_open=0))
hk_market_history skipped at 16:20 | 
not_trading_day(market_calendar_weekday_fallback(scope=hk, weekday=7))
a_share_history skipped at 16:30 | 
not_trading_day(cn_trading_calendar(is_open=0))
us_market_history skipped at 17:10 | 
not_trading_day(market_calendar_weekday_fallback(scope=us, weekday=7))
Maintenance tick started
Maintenance tick complete
State DB: /home/zj/workspace/stok-mapping/data/maintenance/maintenance.sqlite
As of: 2026-06-07T05:30:01
Dry run: False
Executed runs: 0
financial_factors skipped at 03:30 | 
not_trading_day(cn_trading_calendar(is_open=0))
daily_brief skipped at 07:20 | not_trading_day(cn_trading_calendar(is_open=0))
hk_market_history skipped at 16:20 | 
not_trading_day(market_calendar_weekday_fallback(scope=hk, weekday=7))
a_share_history skipped at 16:30 | 
not_trading_day(cn_trading_calendar(is_open=0))
us_market_history skipped at 17:10 | 
not_trading_day(market_calendar_weekday_fallback(scope=us, weekday=7))
Maintenance tick started
Maintenance tick complete
State DB: /home/zj/workspace/stok-mapping/data/maintenance/maintenance.sqlite
As of: 2026-06-07T05:31:01
Dry run: False
Executed runs: 0
financial_factors skipped at 03:30 | 
not_trading_day(cn_trading_calendar(is_open=0))
daily_brief skipped at 07:20 | not_trading_day(cn_trading_calendar(is_open=0))
hk_market_history skipped at 16:20 | 
not_trading_day(market_calendar_weekday_fallback(scope=hk, weekday=7))
a_share_history skipped at 16:30 | 
not_trading_day(cn_trading_calendar(is_open=0))
us_market_history skipped at 17:10 | 
not_trading_day(market_calendar_weekday_fallback(scope=us, weekday=7))
Maintenance tick started
Maintenance tick complete
State DB: /home/zj/workspace/stok-mapping/data/maintenance/maintenance.sqlite
As of: 2026-06-07T05:32:01
Dry run: False
Executed runs: 0
financial_factors skipped at 03:30 | 
not_trading_day(cn_trading_calendar(is_open=0))
daily_brief skipped at 07:20 | not_trading_day(cn_trading_calendar(is_open=0))
hk_market_history skipped at 16:20 | 
not_trading_day(market_calendar_weekday_fallback(scope=hk, weekday=7))
a_share_history skipped at 16:30 | 
not_trading_day(cn_trading_calendar(is_open=0))
us_market_history skipped at 17:10 | 
not_trading_day(market_calendar_weekday_fallback(scope=us, weekday=7))
Maintenance tick started
Maintenance tick complete
State DB: /home/zj/workspace/stok-mapping/data/maintenance/maintenance.sqlite
As of: 2026-06-07T05:33:02
Dry run: False
Executed runs: 0
financial_factors skipped at 03:30 | 
not_trading_day(cn_trading_calendar(is_open=0))
daily_brief skipped at 07:20 | not_trading_day(cn_trading_calendar(is_open=0))
hk_market_history skipped at 16:20 | 
not_trading_day(market_calendar_weekday_fallback(scope=hk, weekday=7))
a_share_history skipped at 16:30 | 
not_trading_day(cn_trading_calendar(is_open=0))
us_market_history skipped at 17:10 | 
not_trading_day(market_calendar_weekday_fallback(scope=us, weekday=7))
Maintenance tick started
Maintenance tick complete
State DB: /home/zj/workspace/stok-mapping/data/maintenance/maintenance.sqlite
As of: 2026-06-07T05:34:02
Dry run: False
Executed runs: 0
financial_factors skipped at 03:30 | 
not_trading_day(cn_trading_calendar(is_open=0))
daily_brief skipped at 07:20 | not_trading_day(cn_trading_calendar(is_open=0))
hk_market_history skipped at 16:20 | 
not_trading_day(market_calendar_weekday_fallback(scope=hk, weekday=7))
a_share_history skipped at 16:30 | 
not_trading_day(cn_trading_calendar(is_open=0))
us_market_history skipped at 17:10 | 
not_trading_day(market_calendar_weekday_fallback(scope=us, weekday=7))
Maintenance tick started
Maintenance tick complete
State DB: /home/zj/workspace/stok-mapping/data/maintenance/maintenance.sqlite
As of: 2026-06-07T05:35:02
Dry run: False
Executed runs: 0
financial_factors skipped at 03:30 | 
not_trading_day(cn_trading_calendar(is_open=0))
daily_brief skipped at 07:20 | not_trading_day(cn_trading_calendar(is_open=0))
hk_market_history skipped at 16:20 | 
not_trading_day(market_calendar_weekday_fallback(scope=hk, weekday=7))
a_share_history skipped at 16:30 | 
not_trading_day(cn_trading_calendar(is_open=0))
us_market_history skipped at 17:10 | 
not_trading_day(market_calendar_weekday_fallback(scope=us, weekday=7))
Maintenance tick started
Maintenance tick complete
State DB: /home/zj/workspace/stok-mapping/data/maintenance/maintenance.sqlite
As of: 2026-06-07T05:36:02
Dry run: False
Executed runs: 0
financial_factors skipped at 03:30 | 
not_trading_day(cn_trading_calendar(is_open=0))
daily_brief skipped at 07:20 | not_trading_day(cn_trading_calendar(is_open=0))
hk_market_history skipped at 16:20 | 
not_trading_day(market_calendar_weekday_fallback(scope=hk, weekday=7))
a_share_history skipped at 16:30 | 
not_trading_day(cn_trading_calendar(is_open=0))
us_market_history skipped at 17:10 | 
not_trading_day(market_calendar_weekday_fallback(scope=us, weekday=7))
Maintenance tick started
Maintenance tick complete
State DB: /home/zj/workspace/stok-mapping/data/maintenance/maintenance.sqlite
As of: 2026-06-07T05:37:02
Dry run: False
Executed runs: 0
financial_factors skipped at 03:30 | 
not_trading_day(cn_trading_calendar(is_open=0))
daily_brief skipped at 07:20 | not_trading_day(cn_trading_calendar(is_open=0))
hk_market_history skipped at 16:20 | 
not_trading_day(market_calendar_weekday_fallback(scope=hk, weekday=7))
a_share_history skipped at 16:30 | 
not_trading_day(cn_trading_calendar(is_open=0))
us_market_history skipped at 17:10 | 
not_trading_day(market_calendar_weekday_fallback(scope=us, weekday=7))
Maintenance tick started
Maintenance tick complete
State DB: /home/zj/workspace/stok-mapping/data/maintenance/maintenance.sqlite
As of: 2026-06-07T05:38:02
Dry run: False
Executed runs: 0
financial_factors skipped at 03:30 | 
not_trading_day(cn_trading_calendar(is_open=0))
daily_brief skipped at 07:20 | not_trading_day(cn_trading_calendar(is_open=0))
hk_market_history skipped at 16:20 | 
not_trading_day(market_calendar_weekday_fallback(scope=hk, weekday=7))
a_share_history skipped at 16:30 | 
not_trading_day(cn_trading_calendar(is_open=0))
us_market_history skipped at 17:10 | 
not_trading_day(market_calendar_weekday_fallback(scope=us, weekday=7))
Maintenance tick started
Maintenance tick complete
State DB: /home/zj/workspace/stok-mapping/data/maintenance/maintenance.sqlite
As of: 2026-06-07T05:39:01
Dry run: False
Executed runs: 0
financial_factors skipped at 03:30 | 
not_trading_day(cn_trading_calendar(is_open=0))
daily_brief skipped at 07:20 | not_trading_day(cn_trading_calendar(is_open=0))
hk_market_history skipped at 16:20 | 
not_trading_day(market_calendar_weekday_fallback(scope=hk, weekday=7))
a_share_history skipped at 16:30 | 
not_trading_day(cn_trading_calendar(is_open=0))
us_market_history skipped at 17:10 | 
not_trading_day(market_calendar_weekday_fallback(scope=us, weekday=7))
Maintenance tick started
Maintenance tick complete
State DB: /home/zj/workspace/stok-mapping/data/maintenance/maintenance.sqlite
As of: 2026-06-07T05:40:01
Dry run: False
Executed runs: 0
financial_factors skipped at 03:30 | 
not_trading_day(cn_trading_calendar(is_open=0))
daily_brief skipped at 07:20 | not_trading_day(cn_trading_calendar(is_open=0))
hk_market_history skipped at 16:20 | 
not_trading_day(market_calendar_weekday_fallback(scope=hk, weekday=7))
a_share_history skipped at 16:30 | 
not_trading_day(cn_trading_calendar(is_open=0))
us_market_history skipped at 17:10 | 
not_trading_day(market_calendar_weekday_fallback(scope=us, weekday=7))
Maintenance tick started
Maintenance tick complete
State DB: /home/zj/workspace/stok-mapping/data/maintenance/maintenance.sqlite
As of: 2026-06-07T05:41:02
Dry run: False
Executed runs: 0
financial_factors skipped at 03:30 | 
not_trading_day(cn_trading_calendar(is_open=0))
daily_brief skipped at 07:20 | not_trading_day(cn_trading_calendar(is_open=0))
hk_market_history skipped at 16:20 | 
not_trading_day(market_calendar_weekday_fallback(scope=hk, weekday=7))
a_share_history skipped at 16:30 | 
not_trading_day(cn_trading_calendar(is_open=0))
us_market_history skipped at 17:10 | 
not_trading_day(market_calendar_weekday_fallback(scope=us, weekday=7))
Maintenance tick started
Maintenance tick complete
State DB: /home/zj/workspace/stok-mapping/data/maintenance/maintenance.sqlite
As of: 2026-06-07T05:42:02
Dry run: False
Executed runs: 0
financial_factors skipped at 03:30 | 
not_trading_day(cn_trading_calendar(is_open=0))
daily_brief skipped at 07:20 | not_trading_day(cn_trading_calendar(is_open=0))
hk_market_history skipped at 16:20 | 
not_trading_day(market_calendar_weekday_fallback(scope=hk, weekday=7))
a_share_history skipped at 16:30 | 
not_trading_day(cn_trading_calendar(is_open=0))
us_market_history skipped at 17:10 | 
not_trading_day(market_calendar_weekday_fallback(scope=us, weekday=7))
Maintenance tick started
Maintenance tick complete
State DB: /home/zj/workspace/stok-mapping/data/maintenance/maintenance.sqlite
As of: 2026-06-07T05:43:02
Dry run: False
Executed runs: 0
financial_factors skipped at 03:30 | 
not_trading_day(cn_trading_calendar(is_open=0))
daily_brief skipped at 07:20 | not_trading_day(cn_trading_calendar(is_open=0))
hk_market_history skipped at 16:20 | 
not_trading_day(market_calendar_weekday_fallback(scope=hk, weekday=7))
a_share_history skipped at 16:30 | 
not_trading_day(cn_trading_calendar(is_open=0))
us_market_history skipped at 17:10 | 
not_trading_day(market_calendar_weekday_fallback(scope=us, weekday=7))
Maintenance tick started
Maintenance tick complete
State DB: /home/zj/workspace/stok-mapping/data/maintenance/maintenance.sqlite
As of: 2026-06-07T05:44:01
Dry run: False
Executed runs: 0
financial_factors skipped at 03:30 | 
not_trading_day(cn_trading_calendar(is_open=0))
daily_brief skipped at 07:20 | not_trading_day(cn_trading_calendar(is_open=0))
hk_market_history skipped at 16:20 | 
not_trading_day(market_calendar_weekday_fallback(scope=hk, weekday=7))
a_share_history skipped at 16:30 | 
not_trading_day(cn_trading_calendar(is_open=0))
us_market_history skipped at 17:10 | 
not_trading_day(market_calendar_weekday_fallback(scope=us, weekday=7))
Maintenance tick started
Maintenance tick complete
State DB: /home/zj/workspace/stok-mapping/data/maintenance/maintenance.sqlite
As of: 2026-06-07T05:45:02
Dry run: False
Executed runs: 0
financial_factors skipped at 03:30 | 
not_trading_day(cn_trading_calendar(is_open=0))
daily_brief skipped at 07:20 | not_trading_day(cn_trading_calendar(is_open=0))
hk_market_history skipped at 16:20 | 
not_trading_day(market_calendar_weekday_fallback(scope=hk, weekday=7))
a_share_history skipped at 16:30 | 
not_trading_day(cn_trading_calendar(is_open=0))
us_market_history skipped at 17:10 | 
not_trading_day(market_calendar_weekday_fallback(scope=us, weekday=7))
Maintenance tick started
Maintenance tick complete
State DB: /home/zj/workspace/stok-mapping/data/maintenance/maintenance.sqlite
As of: 2026-06-07T05:46:02
Dry run: False
Executed runs: 0
financial_factors skipped at 03:30 | 
not_trading_day(cn_trading_calendar(is_open=0))
daily_brief skipped at 07:20 | not_trading_day(cn_trading_calendar(is_open=0))
hk_market_history skipped at 16:20 | 
not_trading_day(market_calendar_weekday_fallback(scope=hk, weekday=7))
a_share_history skipped at 16:30 | 
not_trading_day(cn_trading_calendar(is_open=0))
us_market_history skipped at 17:10 | 
not_trading_day(market_calendar_weekday_fallback(scope=us, weekday=7))
Maintenance tick started
Maintenance tick complete
State DB: /home/zj/workspace/stok-mapping/data/maintenance/maintenance.sqlite
As of: 2026-06-07T05:47:02
Dry run: False
Executed runs: 0
financial_factors skipped at 03:30 | 
not_trading_day(cn_trading_calendar(is_open=0))
daily_brief skipped at 07:20 | not_trading_day(cn_trading_calendar(is_open=0))
hk_market_history skipped at 16:20 | 
not_trading_day(market_calendar_weekday_fallback(scope=hk, weekday=7))
a_share_history skipped at 16:30 | 
not_trading_day(cn_trading_calendar(is_open=0))
us_market_history skipped at 17:10 | 
not_trading_day(market_calendar_weekday_fallback(scope=us, weekday=7))
Maintenance tick started
Maintenance tick complete
State DB: /home/zj/workspace/stok-mapping/data/maintenance/maintenance.sqlite
As of: 2026-06-07T05:48:02
Dry run: False
Executed runs: 0
financial_factors skipped at 03:30 | 
not_trading_day(cn_trading_calendar(is_open=0))
daily_brief skipped at 07:20 | not_trading_day(cn_trading_calendar(is_open=0))
hk_market_history skipped at 16:20 | 
not_trading_day(market_calendar_weekday_fallback(scope=hk, weekday=7))
a_share_history skipped at 16:30 | 
not_trading_day(cn_trading_calendar(is_open=0))
us_market_history skipped at 17:10 | 
not_trading_day(market_calendar_weekday_fallback(scope=us, weekday=7))
Maintenance tick started
Maintenance tick complete
State DB: /home/zj/workspace/stok-mapping/data/maintenance/maintenance.sqlite
As of: 2026-06-07T05:49:02
Dry run: False
Executed runs: 0
financial_factors skipped at 03:30 | 
not_trading_day(cn_trading_calendar(is_open=0))
daily_brief skipped at 07:20 | not_trading_day(cn_trading_calendar(is_open=0))
hk_market_history skipped at 16:20 | 
not_trading_day(market_calendar_weekday_fallback(scope=hk, weekday=7))
a_share_history skipped at 16:30 | 
not_trading_day(cn_trading_calendar(is_open=0))
us_market_history skipped at 17:10 | 
not_trading_day(market_calendar_weekday_fallback(scope=us, weekday=7))
Maintenance tick started
Maintenance tick complete
State DB: /home/zj/workspace/stok-mapping/data/maintenance/maintenance.sqlite
As of: 2026-06-07T05:50:02
Dry run: False
Executed runs: 0
financial_factors skipped at 03:30 | 
not_trading_day(cn_trading_calendar(is_open=0))
daily_brief skipped at 07:20 | not_trading_day(cn_trading_calendar(is_open=0))
hk_market_history skipped at 16:20 | 
not_trading_day(market_calendar_weekday_fallback(scope=hk, weekday=7))
a_share_history skipped at 16:30 | 
not_trading_day(cn_trading_calendar(is_open=0))
us_market_history skipped at 17:10 | 
not_trading_day(market_calendar_weekday_fallback(scope=us, weekday=7))
Maintenance tick started
Maintenance tick complete
State DB: /home/zj/workspace/stok-mapping/data/maintenance/maintenance.sqlite
As of: 2026-06-07T05:51:02
Dry run: False
Executed runs: 0
financial_factors skipped at 03:30 | 
not_trading_day(cn_trading_calendar(is_open=0))
daily_brief skipped at 07:20 | not_trading_day(cn_trading_calendar(is_open=0))
hk_market_history skipped at 16:20 | 
not_trading_day(market_calendar_weekday_fallback(scope=hk, weekday=7))
a_share_history skipped at 16:30 | 
not_trading_day(cn_trading_calendar(is_open=0))
us_market_history skipped at 17:10 | 
not_trading_day(market_calendar_weekday_fallback(scope=us, weekday=7))
Maintenance tick started
Maintenance tick complete
State DB: /home/zj/workspace/stok-mapping/data/maintenance/maintenance.sqlite
As of: 2026-06-07T05:52:03
Dry run: False
Executed runs: 0
financial_factors skipped at 03:30 | 
not_trading_day(cn_trading_calendar(is_open=0))
daily_brief skipped at 07:20 | not_trading_day(cn_trading_calendar(is_open=0))
hk_market_history skipped at 16:20 | 
not_trading_day(market_calendar_weekday_fallback(scope=hk, weekday=7))
a_share_history skipped at 16:30 | 
not_trading_day(cn_trading_calendar(is_open=0))
us_market_history skipped at 17:10 | 
not_trading_day(market_calendar_weekday_fallback(scope=us, weekday=7))
Maintenance tick started
Maintenance tick complete
State DB: /home/zj/workspace/stok-mapping/data/maintenance/maintenance.sqlite
As of: 2026-06-07T05:53:04
Dry run: False
Executed runs: 0
financial_factors skipped at 03:30 | 
not_trading_day(cn_trading_calendar(is_open=0))
daily_brief skipped at 07:20 | not_trading_day(cn_trading_calendar(is_open=0))
hk_market_history skipped at 16:20 | 
not_trading_day(market_calendar_weekday_fallback(scope=hk, weekday=7))
a_share_history skipped at 16:30 | 
not_trading_day(cn_trading_calendar(is_open=0))
us_market_history skipped at 17:10 | 
not_trading_day(market_calendar_weekday_fallback(scope=us, weekday=7))
Maintenance tick started
Maintenance tick complete
State DB: /home/zj/workspace/stok-mapping/data/maintenance/maintenance.sqlite
As of: 2026-06-07T05:54:02
Dry run: False
Executed runs: 0
financial_factors skipped at 03:30 | 
not_trading_day(cn_trading_calendar(is_open=0))
daily_brief skipped at 07:20 | not_trading_day(cn_trading_calendar(is_open=0))
hk_market_history skipped at 16:20 | 
not_trading_day(market_calendar_weekday_fallback(scope=hk, weekday=7))
a_share_history skipped at 16:30 | 
not_trading_day(cn_trading_calendar(is_open=0))
us_market_history skipped at 17:10 | 
not_trading_day(market_calendar_weekday_fallback(scope=us, weekday=7))
Maintenance tick started
Maintenance tick complete
State DB: /home/zj/workspace/stok-mapping/data/maintenance/maintenance.sqlite
As of: 2026-06-07T05:55:02
Dry run: False
Executed runs: 0
financial_factors skipped at 03:30 | 
not_trading_day(cn_trading_calendar(is_open=0))
daily_brief skipped at 07:20 | not_trading_day(cn_trading_calendar(is_open=0))
hk_market_history skipped at 16:20 | 
not_trading_day(market_calendar_weekday_fallback(scope=hk, weekday=7))
a_share_history skipped at 16:30 | 
not_trading_day(cn_trading_calendar(is_open=0))
us_market_history skipped at 17:10 | 
not_trading_day(market_calendar_weekday_fallback(scope=us, weekday=7))
Maintenance tick started
Maintenance tick complete
State DB: /home/zj/workspace/stok-mapping/data/maintenance/maintenance.sqlite
As of: 2026-06-07T05:56:02
Dry run: False
Executed runs: 0
financial_factors skipped at 03:30 | 
not_trading_day(cn_trading_calendar(is_open=0))
daily_brief skipped at 07:20 | not_trading_day(cn_trading_calendar(is_open=0))
hk_market_history skipped at 16:20 | 
not_trading_day(market_calendar_weekday_fallback(scope=hk, weekday=7))
a_share_history skipped at 16:30 | 
not_trading_day(cn_trading_calendar(is_open=0))
us_market_history skipped at 17:10 | 
not_trading_day(market_calendar_weekday_fallback(scope=us, weekday=7))
Maintenance tick started
Maintenance tick complete
State DB: /home/zj/workspace/stok-mapping/data/maintenance/maintenance.sqlite
As of: 2026-06-07T05:57:03
Dry run: False
Executed runs: 0
financial_factors skipped at 03:30 | 
not_trading_day(cn_trading_calendar(is_open=0))
daily_brief skipped at 07:20 | not_trading_day(cn_trading_calendar(is_open=0))
hk_market_history skipped at 16:20 | 
not_trading_day(market_calendar_weekday_fallback(scope=hk, weekday=7))
a_share_history skipped at 16:30 | 
not_trading_day(cn_trading_calendar(is_open=0))
us_market_history skipped at 17:10 | 
not_trading_day(market_calendar_weekday_fallback(scope=us, weekday=7))
Maintenance tick started
Maintenance tick complete
State DB: /home/zj/workspace/stok-mapping/data/maintenance/maintenance.sqlite
As of: 2026-06-07T05:58:02
Dry run: False
Executed runs: 0
financial_factors skipped at 03:30 | 
not_trading_day(cn_trading_calendar(is_open=0))
daily_brief skipped at 07:20 | not_trading_day(cn_trading_calendar(is_open=0))
hk_market_history skipped at 16:20 | 
not_trading_day(market_calendar_weekday_fallback(scope=hk, weekday=7))
a_share_history skipped at 16:30 | 
not_trading_day(cn_trading_calendar(is_open=0))
us_market_history skipped at 17:10 | 
not_trading_day(market_calendar_weekday_fallback(scope=us, weekday=7))
Maintenance tick started
Maintenance tick complete
State DB: /home/zj/workspace/stok-mapping/data/maintenance/maintenance.sqlite
As of: 2026-06-07T05:59:02
Dry run: False
Executed runs: 0
financial_factors skipped at 03:30 | 
not_trading_day(cn_trading_calendar(is_open=0))
daily_brief skipped at 07:20 | not_trading_day(cn_trading_calendar(is_open=0))
hk_market_history skipped at 16:20 | 
not_trading_day(market_calendar_weekday_fallback(scope=hk, weekday=7))
a_share_history skipped at 16:30 | 
not_trading_day(cn_trading_calendar(is_open=0))
us_market_history skipped at 17:10 | 
not_trading_day(market_calendar_weekday_fallback(scope=us, weekday=7))
Maintenance tick started
Maintenance tick complete
State DB: /home/zj/workspace/stok-mapping/data/maintenance/maintenance.sqlite
As of: 2026-06-07T06:00:02
Dry run: False
Executed runs: 0
financial_factors skipped at 03:30 | 
not_trading_day(cn_trading_calendar(is_open=0))
daily_brief skipped at 07:20 | not_trading_day(cn_trading_calendar(is_open=0))
hk_market_history skipped at 16:20 | 
not_trading_day(market_calendar_weekday_fallback(scope=hk, weekday=7))
a_share_history skipped at 16:30 | 
not_trading_day(cn_trading_calendar(is_open=0))
us_market_history skipped at 17:10 | 
not_trading_day(market_calendar_weekday_fallback(scope=us, weekday=7))
Maintenance tick started
Maintenance tick complete
State DB: /home/zj/workspace/stok-mapping/data/maintenance/maintenance.sqlite
As of: 2026-06-07T06:01:02
Dry run: False
Executed runs: 0
financial_factors skipped at 03:30 | 
not_trading_day(cn_trading_calendar(is_open=0))
daily_brief skipped at 07:20 | not_trading_day(cn_trading_calendar(is_open=0))
hk_market_history skipped at 16:20 | 
not_trading_day(market_calendar_weekday_fallback(scope=hk, weekday=7))
a_share_history skipped at 16:30 | 
not_trading_day(cn_trading_calendar(is_open=0))
us_market_history skipped at 17:10 | 
not_trading_day(market_calendar_weekday_fallback(scope=us, weekday=7))
Maintenance tick started
Maintenance tick complete
State DB: /home/zj/workspace/stok-mapping/data/maintenance/maintenance.sqlite
As of: 2026-06-07T06:02:02
Dry run: False
Executed runs: 0
financial_factors skipped at 03:30 | 
not_trading_day(cn_trading_calendar(is_open=0))
daily_brief skipped at 07:20 | not_trading_day(cn_trading_calendar(is_open=0))
hk_market_history skipped at 16:20 | 
not_trading_day(market_calendar_weekday_fallback(scope=hk, weekday=7))
a_share_history skipped at 16:30 | 
not_trading_day(cn_trading_calendar(is_open=0))
us_market_history skipped at 17:10 | 
not_trading_day(market_calendar_weekday_fallback(scope=us, weekday=7))
Maintenance tick started
Maintenance tick complete
State DB: /home/zj/workspace/stok-mapping/data/maintenance/maintenance.sqlite
As of: 2026-06-07T06:03:02
Dry run: False
Executed runs: 0
financial_factors skipped at 03:30 | 
not_trading_day(cn_trading_calendar(is_open=0))
daily_brief skipped at 07:20 | not_trading_day(cn_trading_calendar(is_open=0))
hk_market_history skipped at 16:20 | 
not_trading_day(market_calendar_weekday_fallback(scope=hk, weekday=7))
a_share_history skipped at 16:30 | 
not_trading_day(cn_trading_calendar(is_open=0))
us_market_history skipped at 17:10 | 
not_trading_day(market_calendar_weekday_fallback(scope=us, weekday=7))
Maintenance tick started
Maintenance tick complete
State DB: /home/zj/workspace/stok-mapping/data/maintenance/maintenance.sqlite
As of: 2026-06-07T06:04:03
Dry run: False
Executed runs: 0
financial_factors skipped at 03:30 | 
not_trading_day(cn_trading_calendar(is_open=0))
daily_brief skipped at 07:20 | not_trading_day(cn_trading_calendar(is_open=0))
hk_market_history skipped at 16:20 | 
not_trading_day(market_calendar_weekday_fallback(scope=hk, weekday=7))
a_share_history skipped at 16:30 | 
not_trading_day(cn_trading_calendar(is_open=0))
us_market_history skipped at 17:10 | 
not_trading_day(market_calendar_weekday_fallback(scope=us, weekday=7))
Maintenance tick started
Maintenance tick complete
State DB: /home/zj/workspace/stok-mapping/data/maintenance/maintenance.sqlite
As of: 2026-06-07T06:05:02
Dry run: False
Executed runs: 0
financial_factors skipped at 03:30 | 
not_trading_day(cn_trading_calendar(is_open=0))
daily_brief skipped at 07:20 | not_trading_day(cn_trading_calendar(is_open=0))
hk_market_history skipped at 16:20 | 
not_trading_day(market_calendar_weekday_fallback(scope=hk, weekday=7))
a_share_history skipped at 16:30 | 
not_trading_day(cn_trading_calendar(is_open=0))
us_market_history skipped at 17:10 | 
not_trading_day(market_calendar_weekday_fallback(scope=us, weekday=7))
Maintenance tick started
Maintenance tick complete
State DB: /home/zj/workspace/stok-mapping/data/maintenance/maintenance.sqlite
As of: 2026-06-07T06:06:04
Dry run: False
Executed runs: 0
financial_factors skipped at 03:30 | 
not_trading_day(cn_trading_calendar(is_open=0))
daily_brief skipped at 07:20 | not_trading_day(cn_trading_calendar(is_open=0))
hk_market_history skipped at 16:20 | 
not_trading_day(market_calendar_weekday_fallback(scope=hk, weekday=7))
a_share_history skipped at 16:30 | 
not_trading_day(cn_trading_calendar(is_open=0))
us_market_history skipped at 17:10 | 
not_trading_day(market_calendar_weekday_fallback(scope=us, weekday=7))
Maintenance tick started
Maintenance tick complete
State DB: /home/zj/workspace/stok-mapping/data/maintenance/maintenance.sqlite
As of: 2026-06-07T06:07:03
Dry run: False
Executed runs: 0
financial_factors skipped at 03:30 | 
not_trading_day(cn_trading_calendar(is_open=0))
daily_brief skipped at 07:20 | not_trading_day(cn_trading_calendar(is_open=0))
hk_market_history skipped at 16:20 | 
not_trading_day(market_calendar_weekday_fallback(scope=hk, weekday=7))
a_share_history skipped at 16:30 | 
not_trading_day(cn_trading_calendar(is_open=0))
us_market_history skipped at 17:10 | 
not_trading_day(market_calendar_weekday_fallback(scope=us, weekday=7))
Maintenance tick started
Maintenance tick complete
State DB: /home/zj/workspace/stok-mapping/data/maintenance/maintenance.sqlite
As of: 2026-06-07T06:08:03
Dry run: False
Executed runs: 0
financial_factors skipped at 03:30 | 
not_trading_day(cn_trading_calendar(is_open=0))
daily_brief skipped at 07:20 | not_trading_day(cn_trading_calendar(is_open=0))
hk_market_history skipped at 16:20 | 
not_trading_day(market_calendar_weekday_fallback(scope=hk, weekday=7))
a_share_history skipped at 16:30 | 
not_trading_day(cn_trading_calendar(is_open=0))
us_market_history skipped at 17:10 | 
not_trading_day(market_calendar_weekday_fallback(scope=us, weekday=7))
Maintenance tick started
Maintenance tick complete
State DB: /home/zj/workspace/stok-mapping/data/maintenance/maintenance.sqlite
As of: 2026-06-07T06:09:02
Dry run: False
Executed runs: 0
financial_factors skipped at 03:30 | 
not_trading_day(cn_trading_calendar(is_open=0))
daily_brief skipped at 07:20 | not_trading_day(cn_trading_calendar(is_open=0))
hk_market_history skipped at 16:20 | 
not_trading_day(market_calendar_weekday_fallback(scope=hk, weekday=7))
a_share_history skipped at 16:30 | 
not_trading_day(cn_trading_calendar(is_open=0))
us_market_history skipped at 17:10 | 
not_trading_day(market_calendar_weekday_fallback(scope=us, weekday=7))
Maintenance tick started
Maintenance tick complete
State DB: /home/zj/workspace/stok-mapping/data/maintenance/maintenance.sqlite
As of: 2026-06-07T06:10:02
Dry run: False
Executed runs: 0
financial_factors skipped at 03:30 | 
not_trading_day(cn_trading_calendar(is_open=0))
daily_brief skipped at 07:20 | not_trading_day(cn_trading_calendar(is_open=0))
hk_market_history skipped at 16:20 | 
not_trading_day(market_calendar_weekday_fallback(scope=hk, weekday=7))
a_share_history skipped at 16:30 | 
not_trading_day(cn_trading_calendar(is_open=0))
us_market_history skipped at 17:10 | 
not_trading_day(market_calendar_weekday_fallback(scope=us, weekday=7))
Maintenance tick started
Maintenance tick complete
State DB: /home/zj/workspace/stok-mapping/data/maintenance/maintenance.sqlite
As of: 2026-06-07T06:11:02
Dry run: False
Executed runs: 0
financial_factors skipped at 03:30 | 
not_trading_day(cn_trading_calendar(is_open=0))
daily_brief skipped at 07:20 | not_trading_day(cn_trading_calendar(is_open=0))
hk_market_history skipped at 16:20 | 
not_trading_day(market_calendar_weekday_fallback(scope=hk, weekday=7))
a_share_history skipped at 16:30 | 
not_trading_day(cn_trading_calendar(is_open=0))
us_market_history skipped at 17:10 | 
not_trading_day(market_calendar_weekday_fallback(scope=us, weekday=7))
Maintenance tick started
Maintenance tick complete
State DB: /home/zj/workspace/stok-mapping/data/maintenance/maintenance.sqlite
As of: 2026-06-07T06:12:02
Dry run: False
Executed runs: 0
financial_factors skipped at 03:30 | 
not_trading_day(cn_trading_calendar(is_open=0))
daily_brief skipped at 07:20 | not_trading_day(cn_trading_calendar(is_open=0))
hk_market_history skipped at 16:20 | 
not_trading_day(market_calendar_weekday_fallback(scope=hk, weekday=7))
a_share_history skipped at 16:30 | 
not_trading_day(cn_trading_calendar(is_open=0))
us_market_history skipped at 17:10 | 
not_trading_day(market_calendar_weekday_fallback(scope=us, weekday=7))
Maintenance tick started
Maintenance tick complete
State DB: /home/zj/workspace/stok-mapping/data/maintenance/maintenance.sqlite
As of: 2026-06-07T06:13:01
Dry run: False
Executed runs: 0
financial_factors skipped at 03:30 | 
not_trading_day(cn_trading_calendar(is_open=0))
daily_brief skipped at 07:20 | not_trading_day(cn_trading_calendar(is_open=0))
hk_market_history skipped at 16:20 | 
not_trading_day(market_calendar_weekday_fallback(scope=hk, weekday=7))
a_share_history skipped at 16:30 | 
not_trading_day(cn_trading_calendar(is_open=0))
us_market_history skipped at 17:10 | 
not_trading_day(market_calendar_weekday_fallback(scope=us, weekday=7))
Maintenance tick started
Maintenance tick complete
State DB: /home/zj/workspace/stok-mapping/data/maintenance/maintenance.sqlite
As of: 2026-06-07T06:14:02
Dry run: False
Executed runs: 0
financial_factors skipped at 03:30 | 
not_trading_day(cn_trading_calendar(is_open=0))
daily_brief skipped at 07:20 | not_trading_day(cn_trading_calendar(is_open=0))
hk_market_history skipped at 16:20 | 
not_trading_day(market_calendar_weekday_fallback(scope=hk, weekday=7))
a_share_history skipped at 16:30 | 
not_trading_day(cn_trading_calendar(is_open=0))
us_market_history skipped at 17:10 | 
not_trading_day(market_calendar_weekday_fallback(scope=us, weekday=7))
Maintenance tick started
Maintenance tick complete
State DB: /home/zj/workspace/stok-mapping/data/maintenance/maintenance.sqlite
As of: 2026-06-07T06:15:02
Dry run: False
Executed runs: 0
financial_factors skipped at 03:30 | 
not_trading_day(cn_trading_calendar(is_open=0))
daily_brief skipped at 07:20 | not_trading_day(cn_trading_calendar(is_open=0))
hk_market_history skipped at 16:20 | 
not_trading_day(market_calendar_weekday_fallback(scope=hk, weekday=7))
a_share_history skipped at 16:30 | 
not_trading_day(cn_trading_calendar(is_open=0))
us_market_history skipped at 17:10 | 
not_trading_day(market_calendar_weekday_fallback(scope=us, weekday=7))
Maintenance tick started
Maintenance tick complete
State DB: /home/zj/workspace/stok-mapping/data/maintenance/maintenance.sqlite
As of: 2026-06-07T06:16:02
Dry run: False
Executed runs: 0
financial_factors skipped at 03:30 | 
not_trading_day(cn_trading_calendar(is_open=0))
daily_brief skipped at 07:20 | not_trading_day(cn_trading_calendar(is_open=0))
hk_market_history skipped at 16:20 | 
not_trading_day(market_calendar_weekday_fallback(scope=hk, weekday=7))
a_share_history skipped at 16:30 | 
not_trading_day(cn_trading_calendar(is_open=0))
us_market_history skipped at 17:10 | 
not_trading_day(market_calendar_weekday_fallback(scope=us, weekday=7))
Maintenance tick started
Maintenance tick complete
State DB: /home/zj/workspace/stok-mapping/data/maintenance/maintenance.sqlite
As of: 2026-06-07T06:17:01
Dry run: False
Executed runs: 0
financial_factors skipped at 03:30 | 
not_trading_day(cn_trading_calendar(is_open=0))
daily_brief skipped at 07:20 | not_trading_day(cn_trading_calendar(is_open=0))
hk_market_history skipped at 16:20 | 
not_trading_day(market_calendar_weekday_fallback(scope=hk, weekday=7))
a_share_history skipped at 16:30 | 
not_trading_day(cn_trading_calendar(is_open=0))
us_market_history skipped at 17:10 | 
not_trading_day(market_calendar_weekday_fallback(scope=us, weekday=7))
Maintenance tick started
Maintenance tick complete
State DB: /home/zj/workspace/stok-mapping/data/maintenance/maintenance.sqlite
As of: 2026-06-07T06:18:02
Dry run: False
Executed runs: 0
financial_factors skipped at 03:30 | 
not_trading_day(cn_trading_calendar(is_open=0))
daily_brief skipped at 07:20 | not_trading_day(cn_trading_calendar(is_open=0))
hk_market_history skipped at 16:20 | 
not_trading_day(market_calendar_weekday_fallback(scope=hk, weekday=7))
a_share_history skipped at 16:30 | 
not_trading_day(cn_trading_calendar(is_open=0))
us_market_history skipped at 17:10 | 
not_trading_day(market_calendar_weekday_fallback(scope=us, weekday=7))
Maintenance tick started
Maintenance tick complete
State DB: /home/zj/workspace/stok-mapping/data/maintenance/maintenance.sqlite
As of: 2026-06-07T06:19:02
Dry run: False
Executed runs: 0
financial_factors skipped at 03:30 | 
not_trading_day(cn_trading_calendar(is_open=0))
daily_brief skipped at 07:20 | not_trading_day(cn_trading_calendar(is_open=0))
hk_market_history skipped at 16:20 | 
not_trading_day(market_calendar_weekday_fallback(scope=hk, weekday=7))
a_share_history skipped at 16:30 | 
not_trading_day(cn_trading_calendar(is_open=0))
us_market_history skipped at 17:10 | 
not_trading_day(market_calendar_weekday_fallback(scope=us, weekday=7))
Maintenance tick started
Maintenance tick complete
State DB: /home/zj/workspace/stok-mapping/data/maintenance/maintenance.sqlite
As of: 2026-06-07T06:20:02
Dry run: False
Executed runs: 0
financial_factors skipped at 03:30 | 
not_trading_day(cn_trading_calendar(is_open=0))
daily_brief skipped at 07:20 | not_trading_day(cn_trading_calendar(is_open=0))
hk_market_history skipped at 16:20 | 
not_trading_day(market_calendar_weekday_fallback(scope=hk, weekday=7))
a_share_history skipped at 16:30 | 
not_trading_day(cn_trading_calendar(is_open=0))
us_market_history skipped at 17:10 | 
not_trading_day(market_calendar_weekday_fallback(scope=us, weekday=7))
Maintenance tick started
Maintenance tick complete
State DB: /home/zj/workspace/stok-mapping/data/maintenance/maintenance.sqlite
As of: 2026-06-07T06:21:03
Dry run: False
Executed runs: 0
financial_factors skipped at 03:30 | 
not_trading_day(cn_trading_calendar(is_open=0))
daily_brief skipped at 07:20 | not_trading_day(cn_trading_calendar(is_open=0))
hk_market_history skipped at 16:20 | 
not_trading_day(market_calendar_weekday_fallback(scope=hk, weekday=7))
a_share_history skipped at 16:30 | 
not_trading_day(cn_trading_calendar(is_open=0))
us_market_history skipped at 17:10 | 
not_trading_day(market_calendar_weekday_fallback(scope=us, weekday=7))
Maintenance tick started
Maintenance tick complete
State DB: /home/zj/workspace/stok-mapping/data/maintenance/maintenance.sqlite
As of: 2026-06-07T06:22:02
Dry run: False
Executed runs: 0
financial_factors skipped at 03:30 | 
not_trading_day(cn_trading_calendar(is_open=0))
daily_brief skipped at 07:20 | not_trading_day(cn_trading_calendar(is_open=0))
hk_market_history skipped at 16:20 | 
not_trading_day(market_calendar_weekday_fallback(scope=hk, weekday=7))
a_share_history skipped at 16:30 | 
not_trading_day(cn_trading_calendar(is_open=0))
us_market_history skipped at 17:10 | 
not_trading_day(market_calendar_weekday_fallback(scope=us, weekday=7))
Maintenance tick started
Maintenance tick complete
State DB: /home/zj/workspace/stok-mapping/data/maintenance/maintenance.sqlite
As of: 2026-06-07T06:23:03
Dry run: False
Executed runs: 0
financial_factors skipped at 03:30 | 
not_trading_day(cn_trading_calendar(is_open=0))
daily_brief skipped at 07:20 | not_trading_day(cn_trading_calendar(is_open=0))
hk_market_history skipped at 16:20 | 
not_trading_day(market_calendar_weekday_fallback(scope=hk, weekday=7))
a_share_history skipped at 16:30 | 
not_trading_day(cn_trading_calendar(is_open=0))
us_market_history skipped at 17:10 | 
not_trading_day(market_calendar_weekday_fallback(scope=us, weekday=7))
Maintenance tick started
Maintenance tick complete
State DB: /home/zj/workspace/stok-mapping/data/maintenance/maintenance.sqlite
As of: 2026-06-07T06:24:02
Dry run: False
Executed runs: 0
financial_factors skipped at 03:30 | 
not_trading_day(cn_trading_calendar(is_open=0))
daily_brief skipped at 07:20 | not_trading_day(cn_trading_calendar(is_open=0))
hk_market_history skipped at 16:20 | 
not_trading_day(market_calendar_weekday_fallback(scope=hk, weekday=7))
a_share_history skipped at 16:30 | 
not_trading_day(cn_trading_calendar(is_open=0))
us_market_history skipped at 17:10 | 
not_trading_day(market_calendar_weekday_fallback(scope=us, weekday=7))
Maintenance tick started
Maintenance tick complete
State DB: /home/zj/workspace/stok-mapping/data/maintenance/maintenance.sqlite
As of: 2026-06-07T06:25:02
Dry run: False
Executed runs: 0
financial_factors skipped at 03:30 | 
not_trading_day(cn_trading_calendar(is_open=0))
daily_brief skipped at 07:20 | not_trading_day(cn_trading_calendar(is_open=0))
hk_market_history skipped at 16:20 | 
not_trading_day(market_calendar_weekday_fallback(scope=hk, weekday=7))
a_share_history skipped at 16:30 | 
not_trading_day(cn_trading_calendar(is_open=0))
us_market_history skipped at 17:10 | 
not_trading_day(market_calendar_weekday_fallback(scope=us, weekday=7))
Maintenance tick started
Maintenance tick complete
State DB: /home/zj/workspace/stok-mapping/data/maintenance/maintenance.sqlite
As of: 2026-06-07T06:26:02
Dry run: False
Executed runs: 0
financial_factors skipped at 03:30 | 
not_trading_day(cn_trading_calendar(is_open=0))
daily_brief skipped at 07:20 | not_trading_day(cn_trading_calendar(is_open=0))
hk_market_history skipped at 16:20 | 
not_trading_day(market_calendar_weekday_fallback(scope=hk, weekday=7))
a_share_history skipped at 16:30 | 
not_trading_day(cn_trading_calendar(is_open=0))
us_market_history skipped at 17:10 | 
not_trading_day(market_calendar_weekday_fallback(scope=us, weekday=7))
Maintenance tick started
Maintenance tick complete
State DB: /home/zj/workspace/stok-mapping/data/maintenance/maintenance.sqlite
As of: 2026-06-07T06:27:02
Dry run: False
Executed runs: 0
financial_factors skipped at 03:30 | 
not_trading_day(cn_trading_calendar(is_open=0))
daily_brief skipped at 07:20 | not_trading_day(cn_trading_calendar(is_open=0))
hk_market_history skipped at 16:20 | 
not_trading_day(market_calendar_weekday_fallback(scope=hk, weekday=7))
a_share_history skipped at 16:30 | 
not_trading_day(cn_trading_calendar(is_open=0))
us_market_history skipped at 17:10 | 
not_trading_day(market_calendar_weekday_fallback(scope=us, weekday=7))
Maintenance tick started
Maintenance tick complete
State DB: /home/zj/workspace/stok-mapping/data/maintenance/maintenance.sqlite
As of: 2026-06-07T06:28:02
Dry run: False
Executed runs: 0
financial_factors skipped at 03:30 | 
not_trading_day(cn_trading_calendar(is_open=0))
daily_brief skipped at 07:20 | not_trading_day(cn_trading_calendar(is_open=0))
hk_market_history skipped at 16:20 | 
not_trading_day(market_calendar_weekday_fallback(scope=hk, weekday=7))
a_share_history skipped at 16:30 | 
not_trading_day(cn_trading_calendar(is_open=0))
us_market_history skipped at 17:10 | 
not_trading_day(market_calendar_weekday_fallback(scope=us, weekday=7))
Maintenance tick started
Maintenance tick complete
State DB: /home/zj/workspace/stok-mapping/data/maintenance/maintenance.sqlite
As of: 2026-06-07T06:29:02
Dry run: False
Executed runs: 0
financial_factors skipped at 03:30 | 
not_trading_day(cn_trading_calendar(is_open=0))
daily_brief skipped at 07:20 | not_trading_day(cn_trading_calendar(is_open=0))
hk_market_history skipped at 16:20 | 
not_trading_day(market_calendar_weekday_fallback(scope=hk, weekday=7))
a_share_history skipped at 16:30 | 
not_trading_day(cn_trading_calendar(is_open=0))
us_market_history skipped at 17:10 | 
not_trading_day(market_calendar_weekday_fallback(scope=us, weekday=7))
Maintenance tick started
Maintenance tick complete
State DB: /home/zj/workspace/stok-mapping/data/maintenance/maintenance.sqlite
As of: 2026-06-07T06:30:02
Dry run: False
Executed runs: 0
financial_factors skipped at 03:30 | 
not_trading_day(cn_trading_calendar(is_open=0))
daily_brief skipped at 07:20 | not_trading_day(cn_trading_calendar(is_open=0))
hk_market_history skipped at 16:20 | 
not_trading_day(market_calendar_weekday_fallback(scope=hk, weekday=7))
a_share_history skipped at 16:30 | 
not_trading_day(cn_trading_calendar(is_open=0))
us_market_history skipped at 17:10 | 
not_trading_day(market_calendar_weekday_fallback(scope=us, weekday=7))
Maintenance tick started
Maintenance tick complete
State DB: /home/zj/workspace/stok-mapping/data/maintenance/maintenance.sqlite
As of: 2026-06-07T06:31:02
Dry run: False
Executed runs: 0
financial_factors skipped at 03:30 | 
not_trading_day(cn_trading_calendar(is_open=0))
daily_brief skipped at 07:20 | not_trading_day(cn_trading_calendar(is_open=0))
hk_market_history skipped at 16:20 | 
not_trading_day(market_calendar_weekday_fallback(scope=hk, weekday=7))
a_share_history skipped at 16:30 | 
not_trading_day(cn_trading_calendar(is_open=0))
us_market_history skipped at 17:10 | 
not_trading_day(market_calendar_weekday_fallback(scope=us, weekday=7))
Maintenance tick started
Maintenance tick complete
State DB: /home/zj/workspace/stok-mapping/data/maintenance/maintenance.sqlite
As of: 2026-06-07T06:32:02
Dry run: False
Executed runs: 0
financial_factors skipped at 03:30 | 
not_trading_day(cn_trading_calendar(is_open=0))
daily_brief skipped at 07:20 | not_trading_day(cn_trading_calendar(is_open=0))
hk_market_history skipped at 16:20 | 
not_trading_day(market_calendar_weekday_fallback(scope=hk, weekday=7))
a_share_history skipped at 16:30 | 
not_trading_day(cn_trading_calendar(is_open=0))
us_market_history skipped at 17:10 | 
not_trading_day(market_calendar_weekday_fallback(scope=us, weekday=7))
Maintenance tick started
Maintenance tick complete
State DB: /home/zj/workspace/stok-mapping/data/maintenance/maintenance.sqlite
As of: 2026-06-07T06:33:02
Dry run: False
Executed runs: 0
financial_factors skipped at 03:30 | 
not_trading_day(cn_trading_calendar(is_open=0))
daily_brief skipped at 07:20 | not_trading_day(cn_trading_calendar(is_open=0))
hk_market_history skipped at 16:20 | 
not_trading_day(market_calendar_weekday_fallback(scope=hk, weekday=7))
a_share_history skipped at 16:30 | 
not_trading_day(cn_trading_calendar(is_open=0))
us_market_history skipped at 17:10 | 
not_trading_day(market_calendar_weekday_fallback(scope=us, weekday=7))
Maintenance tick started
Maintenance tick complete
State DB: /home/zj/workspace/stok-mapping/data/maintenance/maintenance.sqlite
As of: 2026-06-07T06:34:04
Dry run: False
Executed runs: 0
financial_factors skipped at 03:30 | 
not_trading_day(cn_trading_calendar(is_open=0))
daily_brief skipped at 07:20 | not_trading_day(cn_trading_calendar(is_open=0))
hk_market_history skipped at 16:20 | 
not_trading_day(market_calendar_weekday_fallback(scope=hk, weekday=7))
a_share_history skipped at 16:30 | 
not_trading_day(cn_trading_calendar(is_open=0))
us_market_history skipped at 17:10 | 
not_trading_day(market_calendar_weekday_fallback(scope=us, weekday=7))
Maintenance tick started
Maintenance tick complete
State DB: /home/zj/workspace/stok-mapping/data/maintenance/maintenance.sqlite
As of: 2026-06-07T06:35:03
Dry run: False
Executed runs: 0
financial_factors skipped at 03:30 | 
not_trading_day(cn_trading_calendar(is_open=0))
daily_brief skipped at 07:20 | not_trading_day(cn_trading_calendar(is_open=0))
hk_market_history skipped at 16:20 | 
not_trading_day(market_calendar_weekday_fallback(scope=hk, weekday=7))
a_share_history skipped at 16:30 | 
not_trading_day(cn_trading_calendar(is_open=0))
us_market_history skipped at 17:10 | 
not_trading_day(market_calendar_weekday_fallback(scope=us, weekday=7))
Maintenance tick started
Maintenance tick complete
State DB: /home/zj/workspace/stok-mapping/data/maintenance/maintenance.sqlite
As of: 2026-06-07T06:36:02
Dry run: False
Executed runs: 0
financial_factors skipped at 03:30 | 
not_trading_day(cn_trading_calendar(is_open=0))
daily_brief skipped at 07:20 | not_trading_day(cn_trading_calendar(is_open=0))
hk_market_history skipped at 16:20 | 
not_trading_day(market_calendar_weekday_fallback(scope=hk, weekday=7))
a_share_history skipped at 16:30 | 
not_trading_day(cn_trading_calendar(is_open=0))
us_market_history skipped at 17:10 | 
not_trading_day(market_calendar_weekday_fallback(scope=us, weekday=7))
Maintenance tick started
Maintenance tick complete
State DB: /home/zj/workspace/stok-mapping/data/maintenance/maintenance.sqlite
As of: 2026-06-07T06:37:02
Dry run: False
Executed runs: 0
financial_factors skipped at 03:30 | 
not_trading_day(cn_trading_calendar(is_open=0))
daily_brief skipped at 07:20 | not_trading_day(cn_trading_calendar(is_open=0))
hk_market_history skipped at 16:20 | 
not_trading_day(market_calendar_weekday_fallback(scope=hk, weekday=7))
a_share_history skipped at 16:30 | 
not_trading_day(cn_trading_calendar(is_open=0))
us_market_history skipped at 17:10 | 
not_trading_day(market_calendar_weekday_fallback(scope=us, weekday=7))
Maintenance tick started
Maintenance tick complete
State DB: /home/zj/workspace/stok-mapping/data/maintenance/maintenance.sqlite
As of: 2026-06-07T06:38:02
Dry run: False
Executed runs: 0
financial_factors skipped at 03:30 | 
not_trading_day(cn_trading_calendar(is_open=0))
daily_brief skipped at 07:20 | not_trading_day(cn_trading_calendar(is_open=0))
hk_market_history skipped at 16:20 | 
not_trading_day(market_calendar_weekday_fallback(scope=hk, weekday=7))
a_share_history skipped at 16:30 | 
not_trading_day(cn_trading_calendar(is_open=0))
us_market_history skipped at 17:10 | 
not_trading_day(market_calendar_weekday_fallback(scope=us, weekday=7))
Maintenance tick started
Maintenance tick complete
State DB: /home/zj/workspace/stok-mapping/data/maintenance/maintenance.sqlite
As of: 2026-06-07T06:39:02
Dry run: False
Executed runs: 0
financial_factors skipped at 03:30 | 
not_trading_day(cn_trading_calendar(is_open=0))
daily_brief skipped at 07:20 | not_trading_day(cn_trading_calendar(is_open=0))
hk_market_history skipped at 16:20 | 
not_trading_day(market_calendar_weekday_fallback(scope=hk, weekday=7))
a_share_history skipped at 16:30 | 
not_trading_day(cn_trading_calendar(is_open=0))
us_market_history skipped at 17:10 | 
not_trading_day(market_calendar_weekday_fallback(scope=us, weekday=7))
Maintenance tick started
Maintenance tick complete
State DB: /home/zj/workspace/stok-mapping/data/maintenance/maintenance.sqlite
As of: 2026-06-07T06:40:01
Dry run: False
Executed runs: 0
financial_factors skipped at 03:30 | 
not_trading_day(cn_trading_calendar(is_open=0))
daily_brief skipped at 07:20 | not_trading_day(cn_trading_calendar(is_open=0))
hk_market_history skipped at 16:20 | 
not_trading_day(market_calendar_weekday_fallback(scope=hk, weekday=7))
a_share_history skipped at 16:30 | 
not_trading_day(cn_trading_calendar(is_open=0))
us_market_history skipped at 17:10 | 
not_trading_day(market_calendar_weekday_fallback(scope=us, weekday=7))
Maintenance tick started
Maintenance tick complete
State DB: /home/zj/workspace/stok-mapping/data/maintenance/maintenance.sqlite
As of: 2026-06-07T06:41:02
Dry run: False
Executed runs: 0
financial_factors skipped at 03:30 | 
not_trading_day(cn_trading_calendar(is_open=0))
daily_brief skipped at 07:20 | not_trading_day(cn_trading_calendar(is_open=0))
hk_market_history skipped at 16:20 | 
not_trading_day(market_calendar_weekday_fallback(scope=hk, weekday=7))
a_share_history skipped at 16:30 | 
not_trading_day(cn_trading_calendar(is_open=0))
us_market_history skipped at 17:10 | 
not_trading_day(market_calendar_weekday_fallback(scope=us, weekday=7))
Maintenance tick started
Maintenance tick complete
State DB: /home/zj/workspace/stok-mapping/data/maintenance/maintenance.sqlite
As of: 2026-06-07T06:42:02
Dry run: False
Executed runs: 0
financial_factors skipped at 03:30 | 
not_trading_day(cn_trading_calendar(is_open=0))
daily_brief skipped at 07:20 | not_trading_day(cn_trading_calendar(is_open=0))
hk_market_history skipped at 16:20 | 
not_trading_day(market_calendar_weekday_fallback(scope=hk, weekday=7))
a_share_history skipped at 16:30 | 
not_trading_day(cn_trading_calendar(is_open=0))
us_market_history skipped at 17:10 | 
not_trading_day(market_calendar_weekday_fallback(scope=us, weekday=7))
Maintenance tick started
Maintenance tick complete
State DB: /home/zj/workspace/stok-mapping/data/maintenance/maintenance.sqlite
As of: 2026-06-07T06:43:02
Dry run: False
Executed runs: 0
financial_factors skipped at 03:30 | 
not_trading_day(cn_trading_calendar(is_open=0))
daily_brief skipped at 07:20 | not_trading_day(cn_trading_calendar(is_open=0))
hk_market_history skipped at 16:20 | 
not_trading_day(market_calendar_weekday_fallback(scope=hk, weekday=7))
a_share_history skipped at 16:30 | 
not_trading_day(cn_trading_calendar(is_open=0))
us_market_history skipped at 17:10 | 
not_trading_day(market_calendar_weekday_fallback(scope=us, weekday=7))
Maintenance tick started
Maintenance tick complete
State DB: /home/zj/workspace/stok-mapping/data/maintenance/maintenance.sqlite
As of: 2026-06-07T06:44:02
Dry run: False
Executed runs: 0
financial_factors skipped at 03:30 | 
not_trading_day(cn_trading_calendar(is_open=0))
daily_brief skipped at 07:20 | not_trading_day(cn_trading_calendar(is_open=0))
hk_market_history skipped at 16:20 | 
not_trading_day(market_calendar_weekday_fallback(scope=hk, weekday=7))
a_share_history skipped at 16:30 | 
not_trading_day(cn_trading_calendar(is_open=0))
us_market_history skipped at 17:10 | 
not_trading_day(market_calendar_weekday_fallback(scope=us, weekday=7))
Maintenance tick started
Maintenance tick complete
State DB: /home/zj/workspace/stok-mapping/data/maintenance/maintenance.sqlite
As of: 2026-06-07T06:45:02
Dry run: False
Executed runs: 0
financial_factors skipped at 03:30 | 
not_trading_day(cn_trading_calendar(is_open=0))
daily_brief skipped at 07:20 | not_trading_day(cn_trading_calendar(is_open=0))
hk_market_history skipped at 16:20 | 
not_trading_day(market_calendar_weekday_fallback(scope=hk, weekday=7))
a_share_history skipped at 16:30 | 
not_trading_day(cn_trading_calendar(is_open=0))
us_market_history skipped at 17:10 | 
not_trading_day(market_calendar_weekday_fallback(scope=us, weekday=7))
Maintenance tick started
Maintenance tick complete
State DB: /home/zj/workspace/stok-mapping/data/maintenance/maintenance.sqlite
As of: 2026-06-07T06:46:02
Dry run: False
Executed runs: 0
financial_factors skipped at 03:30 | 
not_trading_day(cn_trading_calendar(is_open=0))
daily_brief skipped at 07:20 | not_trading_day(cn_trading_calendar(is_open=0))
hk_market_history skipped at 16:20 | 
not_trading_day(market_calendar_weekday_fallback(scope=hk, weekday=7))
a_share_history skipped at 16:30 | 
not_trading_day(cn_trading_calendar(is_open=0))
us_market_history skipped at 17:10 | 
not_trading_day(market_calendar_weekday_fallback(scope=us, weekday=7))
Maintenance tick started
Maintenance tick complete
State DB: /home/zj/workspace/stok-mapping/data/maintenance/maintenance.sqlite
As of: 2026-06-07T06:47:01
Dry run: False
Executed runs: 0
financial_factors skipped at 03:30 | 
not_trading_day(cn_trading_calendar(is_open=0))
daily_brief skipped at 07:20 | not_trading_day(cn_trading_calendar(is_open=0))
hk_market_history skipped at 16:20 | 
not_trading_day(market_calendar_weekday_fallback(scope=hk, weekday=7))
a_share_history skipped at 16:30 | 
not_trading_day(cn_trading_calendar(is_open=0))
us_market_history skipped at 17:10 | 
not_trading_day(market_calendar_weekday_fallback(scope=us, weekday=7))
Maintenance tick started
Maintenance tick complete
State DB: /home/zj/workspace/stok-mapping/data/maintenance/maintenance.sqlite
As of: 2026-06-07T06:48:02
Dry run: False
Executed runs: 0
financial_factors skipped at 03:30 | 
not_trading_day(cn_trading_calendar(is_open=0))
daily_brief skipped at 07:20 | not_trading_day(cn_trading_calendar(is_open=0))
hk_market_history skipped at 16:20 | 
not_trading_day(market_calendar_weekday_fallback(scope=hk, weekday=7))
a_share_history skipped at 16:30 | 
not_trading_day(cn_trading_calendar(is_open=0))
us_market_history skipped at 17:10 | 
not_trading_day(market_calendar_weekday_fallback(scope=us, weekday=7))
Maintenance tick started
Maintenance tick complete
State DB: /home/zj/workspace/stok-mapping/data/maintenance/maintenance.sqlite
As of: 2026-06-07T06:49:02
Dry run: False
Executed runs: 0
financial_factors skipped at 03:30 | 
not_trading_day(cn_trading_calendar(is_open=0))
daily_brief skipped at 07:20 | not_trading_day(cn_trading_calendar(is_open=0))
hk_market_history skipped at 16:20 | 
not_trading_day(market_calendar_weekday_fallback(scope=hk, weekday=7))
a_share_history skipped at 16:30 | 
not_trading_day(cn_trading_calendar(is_open=0))
us_market_history skipped at 17:10 | 
not_trading_day(market_calendar_weekday_fallback(scope=us, weekday=7))
Maintenance tick started
Maintenance tick complete
State DB: /home/zj/workspace/stok-mapping/data/maintenance/maintenance.sqlite
As of: 2026-06-07T06:50:02
Dry run: False
Executed runs: 0
financial_factors skipped at 03:30 | 
not_trading_day(cn_trading_calendar(is_open=0))
daily_brief skipped at 07:20 | not_trading_day(cn_trading_calendar(is_open=0))
hk_market_history skipped at 16:20 | 
not_trading_day(market_calendar_weekday_fallback(scope=hk, weekday=7))
a_share_history skipped at 16:30 | 
not_trading_day(cn_trading_calendar(is_open=0))
us_market_history skipped at 17:10 | 
not_trading_day(market_calendar_weekday_fallback(scope=us, weekday=7))
Maintenance tick started
Maintenance tick complete
State DB: /home/zj/workspace/stok-mapping/data/maintenance/maintenance.sqlite
As of: 2026-06-07T06:51:01
Dry run: False
Executed runs: 0
financial_factors skipped at 03:30 | 
not_trading_day(cn_trading_calendar(is_open=0))
daily_brief skipped at 07:20 | not_trading_day(cn_trading_calendar(is_open=0))
hk_market_history skipped at 16:20 | 
not_trading_day(market_calendar_weekday_fallback(scope=hk, weekday=7))
a_share_history skipped at 16:30 | 
not_trading_day(cn_trading_calendar(is_open=0))
us_market_history skipped at 17:10 | 
not_trading_day(market_calendar_weekday_fallback(scope=us, weekday=7))
Maintenance tick started
Maintenance tick complete
State DB: /home/zj/workspace/stok-mapping/data/maintenance/maintenance.sqlite
As of: 2026-06-07T06:52:02
Dry run: False
Executed runs: 0
financial_factors skipped at 03:30 | 
not_trading_day(cn_trading_calendar(is_open=0))
daily_brief skipped at 07:20 | not_trading_day(cn_trading_calendar(is_open=0))
hk_market_history skipped at 16:20 | 
not_trading_day(market_calendar_weekday_fallback(scope=hk, weekday=7))
a_share_history skipped at 16:30 | 
not_trading_day(cn_trading_calendar(is_open=0))
us_market_history skipped at 17:10 | 
not_trading_day(market_calendar_weekday_fallback(scope=us, weekday=7))
Maintenance tick started
Maintenance tick complete
State DB: /home/zj/workspace/stok-mapping/data/maintenance/maintenance.sqlite
As of: 2026-06-07T06:53:03
Dry run: False
Executed runs: 0
financial_factors skipped at 03:30 | 
not_trading_day(cn_trading_calendar(is_open=0))
daily_brief skipped at 07:20 | not_trading_day(cn_trading_calendar(is_open=0))
hk_market_history skipped at 16:20 | 
not_trading_day(market_calendar_weekday_fallback(scope=hk, weekday=7))
a_share_history skipped at 16:30 | 
not_trading_day(cn_trading_calendar(is_open=0))
us_market_history skipped at 17:10 | 
not_trading_day(market_calendar_weekday_fallback(scope=us, weekday=7))
Maintenance tick started
Maintenance tick complete
State DB: /home/zj/workspace/stok-mapping/data/maintenance/maintenance.sqlite
As of: 2026-06-07T06:54:04
Dry run: False
Executed runs: 0
financial_factors skipped at 03:30 | 
not_trading_day(cn_trading_calendar(is_open=0))
daily_brief skipped at 07:20 | not_trading_day(cn_trading_calendar(is_open=0))
hk_market_history skipped at 16:20 | 
not_trading_day(market_calendar_weekday_fallback(scope=hk, weekday=7))
a_share_history skipped at 16:30 | 
not_trading_day(cn_trading_calendar(is_open=0))
us_market_history skipped at 17:10 | 
not_trading_day(market_calendar_weekday_fallback(scope=us, weekday=7))
Maintenance tick started
Maintenance tick complete
State DB: /home/zj/workspace/stok-mapping/data/maintenance/maintenance.sqlite
As of: 2026-06-07T06:55:03
Dry run: False
Executed runs: 0
financial_factors skipped at 03:30 | 
not_trading_day(cn_trading_calendar(is_open=0))
daily_brief skipped at 07:20 | not_trading_day(cn_trading_calendar(is_open=0))
hk_market_history skipped at 16:20 | 
not_trading_day(market_calendar_weekday_fallback(scope=hk, weekday=7))
a_share_history skipped at 16:30 | 
not_trading_day(cn_trading_calendar(is_open=0))
us_market_history skipped at 17:10 | 
not_trading_day(market_calendar_weekday_fallback(scope=us, weekday=7))
Maintenance tick started
Maintenance tick complete
State DB: /home/zj/workspace/stok-mapping/data/maintenance/maintenance.sqlite
As of: 2026-06-07T06:56:04
Dry run: False
Executed runs: 0
financial_factors skipped at 03:30 | 
not_trading_day(cn_trading_calendar(is_open=0))
daily_brief skipped at 07:20 | not_trading_day(cn_trading_calendar(is_open=0))
hk_market_history skipped at 16:20 | 
not_trading_day(market_calendar_weekday_fallback(scope=hk, weekday=7))
a_share_history skipped at 16:30 | 
not_trading_day(cn_trading_calendar(is_open=0))
us_market_history skipped at 17:10 | 
not_trading_day(market_calendar_weekday_fallback(scope=us, weekday=7))
Maintenance tick started
Maintenance tick complete
State DB: /home/zj/workspace/stok-mapping/data/maintenance/maintenance.sqlite
As of: 2026-06-07T06:57:02
Dry run: False
Executed runs: 0
financial_factors skipped at 03:30 | 
not_trading_day(cn_trading_calendar(is_open=0))
daily_brief skipped at 07:20 | not_trading_day(cn_trading_calendar(is_open=0))
hk_market_history skipped at 16:20 | 
not_trading_day(market_calendar_weekday_fallback(scope=hk, weekday=7))
a_share_history skipped at 16:30 | 
not_trading_day(cn_trading_calendar(is_open=0))
us_market_history skipped at 17:10 | 
not_trading_day(market_calendar_weekday_fallback(scope=us, weekday=7))
Maintenance tick started
Maintenance tick complete
State DB: /home/zj/workspace/stok-mapping/data/maintenance/maintenance.sqlite
As of: 2026-06-07T06:58:04
Dry run: False
Executed runs: 0
financial_factors skipped at 03:30 | 
not_trading_day(cn_trading_calendar(is_open=0))
daily_brief skipped at 07:20 | not_trading_day(cn_trading_calendar(is_open=0))
hk_market_history skipped at 16:20 | 
not_trading_day(market_calendar_weekday_fallback(scope=hk, weekday=7))
a_share_history skipped at 16:30 | 
not_trading_day(cn_trading_calendar(is_open=0))
us_market_history skipped at 17:10 | 
not_trading_day(market_calendar_weekday_fallback(scope=us, weekday=7))
Maintenance tick started
Maintenance tick complete
State DB: /home/zj/workspace/stok-mapping/data/maintenance/maintenance.sqlite
As of: 2026-06-07T06:59:02
Dry run: False
Executed runs: 0
financial_factors skipped at 03:30 | 
not_trading_day(cn_trading_calendar(is_open=0))
daily_brief skipped at 07:20 | not_trading_day(cn_trading_calendar(is_open=0))
hk_market_history skipped at 16:20 | 
not_trading_day(market_calendar_weekday_fallback(scope=hk, weekday=7))
a_share_history skipped at 16:30 | 
not_trading_day(cn_trading_calendar(is_open=0))
us_market_history skipped at 17:10 | 
not_trading_day(market_calendar_weekday_fallback(scope=us, weekday=7))
Maintenance tick started
Maintenance tick complete
State DB: /home/zj/workspace/stok-mapping/data/maintenance/maintenance.sqlite
As of: 2026-06-07T07:00:02
Dry run: False
Executed runs: 0
financial_factors skipped at 03:30 | 
not_trading_day(cn_trading_calendar(is_open=0))
daily_brief skipped at 07:20 | not_trading_day(cn_trading_calendar(is_open=0))
hk_market_history skipped at 16:20 | 
not_trading_day(market_calendar_weekday_fallback(scope=hk, weekday=7))
a_share_history skipped at 16:30 | 
not_trading_day(cn_trading_calendar(is_open=0))
us_market_history skipped at 17:10 | 
not_trading_day(market_calendar_weekday_fallback(scope=us, weekday=7))
Maintenance tick started
Maintenance tick complete
State DB: /home/zj/workspace/stok-mapping/data/maintenance/maintenance.sqlite
As of: 2026-06-07T07:01:02
Dry run: False
Executed runs: 0
financial_factors skipped at 03:30 | 
not_trading_day(cn_trading_calendar(is_open=0))
daily_brief skipped at 07:20 | not_trading_day(cn_trading_calendar(is_open=0))
hk_market_history skipped at 16:20 | 
not_trading_day(market_calendar_weekday_fallback(scope=hk, weekday=7))
a_share_history skipped at 16:30 | 
not_trading_day(cn_trading_calendar(is_open=0))
us_market_history skipped at 17:10 | 
not_trading_day(market_calendar_weekday_fallback(scope=us, weekday=7))
Maintenance tick started
Maintenance tick complete
State DB: /home/zj/workspace/stok-mapping/data/maintenance/maintenance.sqlite
As of: 2026-06-07T07:02:03
Dry run: False
Executed runs: 0
financial_factors skipped at 03:30 | 
not_trading_day(cn_trading_calendar(is_open=0))
daily_brief skipped at 07:20 | not_trading_day(cn_trading_calendar(is_open=0))
hk_market_history skipped at 16:20 | 
not_trading_day(market_calendar_weekday_fallback(scope=hk, weekday=7))
a_share_history skipped at 16:30 | 
not_trading_day(cn_trading_calendar(is_open=0))
us_market_history skipped at 17:10 | 
not_trading_day(market_calendar_weekday_fallback(scope=us, weekday=7))
Maintenance tick started
Maintenance tick complete
State DB: /home/zj/workspace/stok-mapping/data/maintenance/maintenance.sqlite
As of: 2026-06-07T07:03:03
Dry run: False
Executed runs: 0
financial_factors skipped at 03:30 | 
not_trading_day(cn_trading_calendar(is_open=0))
daily_brief skipped at 07:20 | not_trading_day(cn_trading_calendar(is_open=0))
hk_market_history skipped at 16:20 | 
not_trading_day(market_calendar_weekday_fallback(scope=hk, weekday=7))
a_share_history skipped at 16:30 | 
not_trading_day(cn_trading_calendar(is_open=0))
us_market_history skipped at 17:10 | 
not_trading_day(market_calendar_weekday_fallback(scope=us, weekday=7))
Maintenance tick started
Maintenance tick complete
State DB: /home/zj/workspace/stok-mapping/data/maintenance/maintenance.sqlite
As of: 2026-06-07T07:04:03
Dry run: False
Executed runs: 0
financial_factors skipped at 03:30 | 
not_trading_day(cn_trading_calendar(is_open=0))
daily_brief skipped at 07:20 | not_trading_day(cn_trading_calendar(is_open=0))
hk_market_history skipped at 16:20 | 
not_trading_day(market_calendar_weekday_fallback(scope=hk, weekday=7))
a_share_history skipped at 16:30 | 
not_trading_day(cn_trading_calendar(is_open=0))
us_market_history skipped at 17:10 | 
not_trading_day(market_calendar_weekday_fallback(scope=us, weekday=7))
Maintenance tick started
Maintenance tick complete
State DB: /home/zj/workspace/stok-mapping/data/maintenance/maintenance.sqlite
As of: 2026-06-07T07:05:05
Dry run: False
Executed runs: 0
financial_factors skipped at 03:30 | 
not_trading_day(cn_trading_calendar(is_open=0))
daily_brief skipped at 07:20 | not_trading_day(cn_trading_calendar(is_open=0))
hk_market_history skipped at 16:20 | 
not_trading_day(market_calendar_weekday_fallback(scope=hk, weekday=7))
a_share_history skipped at 16:30 | 
not_trading_day(cn_trading_calendar(is_open=0))
us_market_history skipped at 17:10 | 
not_trading_day(market_calendar_weekday_fallback(scope=us, weekday=7))
Maintenance tick started
Maintenance tick complete
State DB: /home/zj/workspace/stok-mapping/data/maintenance/maintenance.sqlite
As of: 2026-06-07T07:06:03
Dry run: False
Executed runs: 0
financial_factors skipped at 03:30 | 
not_trading_day(cn_trading_calendar(is_open=0))
daily_brief skipped at 07:20 | not_trading_day(cn_trading_calendar(is_open=0))
hk_market_history skipped at 16:20 | 
not_trading_day(market_calendar_weekday_fallback(scope=hk, weekday=7))
a_share_history skipped at 16:30 | 
not_trading_day(cn_trading_calendar(is_open=0))
us_market_history skipped at 17:10 | 
not_trading_day(market_calendar_weekday_fallback(scope=us, weekday=7))
Maintenance tick started
Maintenance tick complete
State DB: /home/zj/workspace/stok-mapping/data/maintenance/maintenance.sqlite
As of: 2026-06-07T07:07:04
Dry run: False
Executed runs: 0
financial_factors skipped at 03:30 | 
not_trading_day(cn_trading_calendar(is_open=0))
daily_brief skipped at 07:20 | not_trading_day(cn_trading_calendar(is_open=0))
hk_market_history skipped at 16:20 | 
not_trading_day(market_calendar_weekday_fallback(scope=hk, weekday=7))
a_share_history skipped at 16:30 | 
not_trading_day(cn_trading_calendar(is_open=0))
us_market_history skipped at 17:10 | 
not_trading_day(market_calendar_weekday_fallback(scope=us, weekday=7))
Maintenance tick started
Maintenance tick complete
State DB: /home/zj/workspace/stok-mapping/data/maintenance/maintenance.sqlite
As of: 2026-06-07T07:08:03
Dry run: False
Executed runs: 0
financial_factors skipped at 03:30 | 
not_trading_day(cn_trading_calendar(is_open=0))
daily_brief skipped at 07:20 | not_trading_day(cn_trading_calendar(is_open=0))
hk_market_history skipped at 16:20 | 
not_trading_day(market_calendar_weekday_fallback(scope=hk, weekday=7))
a_share_history skipped at 16:30 | 
not_trading_day(cn_trading_calendar(is_open=0))
us_market_history skipped at 17:10 | 
not_trading_day(market_calendar_weekday_fallback(scope=us, weekday=7))
Maintenance tick started
Maintenance tick complete
State DB: /home/zj/workspace/stok-mapping/data/maintenance/maintenance.sqlite
As of: 2026-06-07T07:09:03
Dry run: False
Executed runs: 0
financial_factors skipped at 03:30 | 
not_trading_day(cn_trading_calendar(is_open=0))
daily_brief skipped at 07:20 | not_trading_day(cn_trading_calendar(is_open=0))
hk_market_history skipped at 16:20 | 
not_trading_day(market_calendar_weekday_fallback(scope=hk, weekday=7))
a_share_history skipped at 16:30 | 
not_trading_day(cn_trading_calendar(is_open=0))
us_market_history skipped at 17:10 | 
not_trading_day(market_calendar_weekday_fallback(scope=us, weekday=7))
Maintenance tick started
Maintenance tick complete
State DB: /home/zj/workspace/stok-mapping/data/maintenance/maintenance.sqlite
As of: 2026-06-07T07:10:02
Dry run: False
Executed runs: 0
financial_factors skipped at 03:30 | 
not_trading_day(cn_trading_calendar(is_open=0))
daily_brief skipped at 07:20 | not_trading_day(cn_trading_calendar(is_open=0))
hk_market_history skipped at 16:20 | 
not_trading_day(market_calendar_weekday_fallback(scope=hk, weekday=7))
a_share_history skipped at 16:30 | 
not_trading_day(cn_trading_calendar(is_open=0))
us_market_history skipped at 17:10 | 
not_trading_day(market_calendar_weekday_fallback(scope=us, weekday=7))
Maintenance tick started
Maintenance tick complete
State DB: /home/zj/workspace/stok-mapping/data/maintenance/maintenance.sqlite
As of: 2026-06-07T07:11:03
Dry run: False
Executed runs: 0
financial_factors skipped at 03:30 | 
not_trading_day(cn_trading_calendar(is_open=0))
daily_brief skipped at 07:20 | not_trading_day(cn_trading_calendar(is_open=0))
hk_market_history skipped at 16:20 | 
not_trading_day(market_calendar_weekday_fallback(scope=hk, weekday=7))
a_share_history skipped at 16:30 | 
not_trading_day(cn_trading_calendar(is_open=0))
us_market_history skipped at 17:10 | 
not_trading_day(market_calendar_weekday_fallback(scope=us, weekday=7))
Maintenance tick started
Maintenance tick complete
State DB: /home/zj/workspace/stok-mapping/data/maintenance/maintenance.sqlite
As of: 2026-06-07T07:12:03
Dry run: False
Executed runs: 0
financial_factors skipped at 03:30 | 
not_trading_day(cn_trading_calendar(is_open=0))
daily_brief skipped at 07:20 | not_trading_day(cn_trading_calendar(is_open=0))
hk_market_history skipped at 16:20 | 
not_trading_day(market_calendar_weekday_fallback(scope=hk, weekday=7))
a_share_history skipped at 16:30 | 
not_trading_day(cn_trading_calendar(is_open=0))
us_market_history skipped at 17:10 | 
not_trading_day(market_calendar_weekday_fallback(scope=us, weekday=7))
Maintenance tick started
Maintenance tick complete
State DB: /home/zj/workspace/stok-mapping/data/maintenance/maintenance.sqlite
As of: 2026-06-07T07:13:03
Dry run: False
Executed runs: 0
financial_factors skipped at 03:30 | 
not_trading_day(cn_trading_calendar(is_open=0))
daily_brief skipped at 07:20 | not_trading_day(cn_trading_calendar(is_open=0))
hk_market_history skipped at 16:20 | 
not_trading_day(market_calendar_weekday_fallback(scope=hk, weekday=7))
a_share_history skipped at 16:30 | 
not_trading_day(cn_trading_calendar(is_open=0))
us_market_history skipped at 17:10 | 
not_trading_day(market_calendar_weekday_fallback(scope=us, weekday=7))
Maintenance tick started
Maintenance tick complete
State DB: /home/zj/workspace/stok-mapping/data/maintenance/maintenance.sqlite
As of: 2026-06-07T07:14:03
Dry run: False
Executed runs: 0
financial_factors skipped at 03:30 | 
not_trading_day(cn_trading_calendar(is_open=0))
daily_brief skipped at 07:20 | not_trading_day(cn_trading_calendar(is_open=0))
hk_market_history skipped at 16:20 | 
not_trading_day(market_calendar_weekday_fallback(scope=hk, weekday=7))
a_share_history skipped at 16:30 | 
not_trading_day(cn_trading_calendar(is_open=0))
us_market_history skipped at 17:10 | 
not_trading_day(market_calendar_weekday_fallback(scope=us, weekday=7))
Maintenance tick started
Maintenance tick complete
State DB: /home/zj/workspace/stok-mapping/data/maintenance/maintenance.sqlite
As of: 2026-06-07T07:15:03
Dry run: False
Executed runs: 0
financial_factors skipped at 03:30 | 
not_trading_day(cn_trading_calendar(is_open=0))
daily_brief skipped at 07:20 | not_trading_day(cn_trading_calendar(is_open=0))
hk_market_history skipped at 16:20 | 
not_trading_day(market_calendar_weekday_fallback(scope=hk, weekday=7))
a_share_history skipped at 16:30 | 
not_trading_day(cn_trading_calendar(is_open=0))
us_market_history skipped at 17:10 | 
not_trading_day(market_calendar_weekday_fallback(scope=us, weekday=7))
Maintenance tick started
Maintenance tick complete
State DB: /home/zj/workspace/stok-mapping/data/maintenance/maintenance.sqlite
As of: 2026-06-07T07:16:02
Dry run: False
Executed runs: 0
financial_factors skipped at 03:30 | 
not_trading_day(cn_trading_calendar(is_open=0))
daily_brief skipped at 07:20 | not_trading_day(cn_trading_calendar(is_open=0))
hk_market_history skipped at 16:20 | 
not_trading_day(market_calendar_weekday_fallback(scope=hk, weekday=7))
a_share_history skipped at 16:30 | 
not_trading_day(cn_trading_calendar(is_open=0))
us_market_history skipped at 17:10 | 
not_trading_day(market_calendar_weekday_fallback(scope=us, weekday=7))
Maintenance tick started
Maintenance tick complete
State DB: /home/zj/workspace/stok-mapping/data/maintenance/maintenance.sqlite
As of: 2026-06-07T07:17:02
Dry run: False
Executed runs: 0
financial_factors skipped at 03:30 | 
not_trading_day(cn_trading_calendar(is_open=0))
daily_brief skipped at 07:20 | not_trading_day(cn_trading_calendar(is_open=0))
hk_market_history skipped at 16:20 | 
not_trading_day(market_calendar_weekday_fallback(scope=hk, weekday=7))
a_share_history skipped at 16:30 | 
not_trading_day(cn_trading_calendar(is_open=0))
us_market_history skipped at 17:10 | 
not_trading_day(market_calendar_weekday_fallback(scope=us, weekday=7))
Maintenance tick started
Maintenance tick complete
State DB: /home/zj/workspace/stok-mapping/data/maintenance/maintenance.sqlite
As of: 2026-06-07T07:18:02
Dry run: False
Executed runs: 0
financial_factors skipped at 03:30 | 
not_trading_day(cn_trading_calendar(is_open=0))
daily_brief skipped at 07:20 | not_trading_day(cn_trading_calendar(is_open=0))
hk_market_history skipped at 16:20 | 
not_trading_day(market_calendar_weekday_fallback(scope=hk, weekday=7))
a_share_history skipped at 16:30 | 
not_trading_day(cn_trading_calendar(is_open=0))
us_market_history skipped at 17:10 | 
not_trading_day(market_calendar_weekday_fallback(scope=us, weekday=7))
Maintenance tick started
Maintenance tick complete
State DB: /home/zj/workspace/stok-mapping/data/maintenance/maintenance.sqlite
As of: 2026-06-07T07:19:02
Dry run: False
Executed runs: 0
financial_factors skipped at 03:30 | 
not_trading_day(cn_trading_calendar(is_open=0))
daily_brief skipped at 07:20 | not_trading_day(cn_trading_calendar(is_open=0))
hk_market_history skipped at 16:20 | 
not_trading_day(market_calendar_weekday_fallback(scope=hk, weekday=7))
a_share_history skipped at 16:30 | 
not_trading_day(cn_trading_calendar(is_open=0))
us_market_history skipped at 17:10 | 
not_trading_day(market_calendar_weekday_fallback(scope=us, weekday=7))
Maintenance tick started
Maintenance tick complete
State DB: /home/zj/workspace/stok-mapping/data/maintenance/maintenance.sqlite
As of: 2026-06-07T07:20:02
Dry run: False
Executed runs: 0
financial_factors skipped at 03:30 | 
not_trading_day(cn_trading_calendar(is_open=0))
daily_brief skipped at 07:20 | not_trading_day(cn_trading_calendar(is_open=0))
hk_market_history skipped at 16:20 | 
not_trading_day(market_calendar_weekday_fallback(scope=hk, weekday=7))
a_share_history skipped at 16:30 | 
not_trading_day(cn_trading_calendar(is_open=0))
us_market_history skipped at 17:10 | 
not_trading_day(market_calendar_weekday_fallback(scope=us, weekday=7))
Maintenance tick started
Maintenance tick complete
State DB: /home/zj/workspace/stok-mapping/data/maintenance/maintenance.sqlite
As of: 2026-06-07T07:21:02
Dry run: False
Executed runs: 0
financial_factors skipped at 03:30 | 
not_trading_day(cn_trading_calendar(is_open=0))
daily_brief skipped at 07:20 | not_trading_day(cn_trading_calendar(is_open=0))
hk_market_history skipped at 16:20 | 
not_trading_day(market_calendar_weekday_fallback(scope=hk, weekday=7))
a_share_history skipped at 16:30 | 
not_trading_day(cn_trading_calendar(is_open=0))
us_market_history skipped at 17:10 | 
not_trading_day(market_calendar_weekday_fallback(scope=us, weekday=7))
Maintenance tick started
Maintenance tick complete
State DB: /home/zj/workspace/stok-mapping/data/maintenance/maintenance.sqlite
As of: 2026-06-07T07:22:03
Dry run: False
Executed runs: 0
financial_factors skipped at 03:30 | 
not_trading_day(cn_trading_calendar(is_open=0))
daily_brief skipped at 07:20 | not_trading_day(cn_trading_calendar(is_open=0))
hk_market_history skipped at 16:20 | 
not_trading_day(market_calendar_weekday_fallback(scope=hk, weekday=7))
a_share_history skipped at 16:30 | 
not_trading_day(cn_trading_calendar(is_open=0))
us_market_history skipped at 17:10 | 
not_trading_day(market_calendar_weekday_fallback(scope=us, weekday=7))
Maintenance tick started
Maintenance tick complete
State DB: /home/zj/workspace/stok-mapping/data/maintenance/maintenance.sqlite
As of: 2026-06-07T07:23:03
Dry run: False
Executed runs: 0
financial_factors skipped at 03:30 | 
not_trading_day(cn_trading_calendar(is_open=0))
daily_brief skipped at 07:20 | not_trading_day(cn_trading_calendar(is_open=0))
hk_market_history skipped at 16:20 | 
not_trading_day(market_calendar_weekday_fallback(scope=hk, weekday=7))
a_share_history skipped at 16:30 | 
not_trading_day(cn_trading_calendar(is_open=0))
us_market_history skipped at 17:10 | 
not_trading_day(market_calendar_weekday_fallback(scope=us, weekday=7))
Maintenance tick started
Maintenance tick complete
State DB: /home/zj/workspace/stok-mapping/data/maintenance/maintenance.sqlite
As of: 2026-06-07T07:24:03
Dry run: False
Executed runs: 0
financial_factors skipped at 03:30 | 
not_trading_day(cn_trading_calendar(is_open=0))
daily_brief skipped at 07:20 | not_trading_day(cn_trading_calendar(is_open=0))
hk_market_history skipped at 16:20 | 
not_trading_day(market_calendar_weekday_fallback(scope=hk, weekday=7))
a_share_history skipped at 16:30 | 
not_trading_day(cn_trading_calendar(is_open=0))
us_market_history skipped at 17:10 | 
not_trading_day(market_calendar_weekday_fallback(scope=us, weekday=7))
Maintenance tick started
Maintenance tick complete
State DB: /home/zj/workspace/stok-mapping/data/maintenance/maintenance.sqlite
As of: 2026-06-07T07:25:02
Dry run: False
Executed runs: 0
financial_factors skipped at 03:30 | 
not_trading_day(cn_trading_calendar(is_open=0))
daily_brief skipped at 07:20 | not_trading_day(cn_trading_calendar(is_open=0))
hk_market_history skipped at 16:20 | 
not_trading_day(market_calendar_weekday_fallback(scope=hk, weekday=7))
a_share_history skipped at 16:30 | 
not_trading_day(cn_trading_calendar(is_open=0))
us_market_history skipped at 17:10 | 
not_trading_day(market_calendar_weekday_fallback(scope=us, weekday=7))
Maintenance tick started
Maintenance tick complete
State DB: /home/zj/workspace/stok-mapping/data/maintenance/maintenance.sqlite
As of: 2026-06-07T07:26:03
Dry run: False
Executed runs: 0
financial_factors skipped at 03:30 | 
not_trading_day(cn_trading_calendar(is_open=0))
daily_brief skipped at 07:20 | not_trading_day(cn_trading_calendar(is_open=0))
hk_market_history skipped at 16:20 | 
not_trading_day(market_calendar_weekday_fallback(scope=hk, weekday=7))
a_share_history skipped at 16:30 | 
not_trading_day(cn_trading_calendar(is_open=0))
us_market_history skipped at 17:10 | 
not_trading_day(market_calendar_weekday_fallback(scope=us, weekday=7))
Maintenance tick started
Maintenance tick complete
State DB: /home/zj/workspace/stok-mapping/data/maintenance/maintenance.sqlite
As of: 2026-06-07T07:27:02
Dry run: False
Executed runs: 0
financial_factors skipped at 03:30 | 
not_trading_day(cn_trading_calendar(is_open=0))
daily_brief skipped at 07:20 | not_trading_day(cn_trading_calendar(is_open=0))
hk_market_history skipped at 16:20 | 
not_trading_day(market_calendar_weekday_fallback(scope=hk, weekday=7))
a_share_history skipped at 16:30 | 
not_trading_day(cn_trading_calendar(is_open=0))
us_market_history skipped at 17:10 | 
not_trading_day(market_calendar_weekday_fallback(scope=us, weekday=7))
Maintenance tick started
Maintenance tick complete
State DB: /home/zj/workspace/stok-mapping/data/maintenance/maintenance.sqlite
As of: 2026-06-07T07:28:02
Dry run: False
Executed runs: 0
financial_factors skipped at 03:30 | 
not_trading_day(cn_trading_calendar(is_open=0))
daily_brief skipped at 07:20 | not_trading_day(cn_trading_calendar(is_open=0))
hk_market_history skipped at 16:20 | 
not_trading_day(market_calendar_weekday_fallback(scope=hk, weekday=7))
a_share_history skipped at 16:30 | 
not_trading_day(cn_trading_calendar(is_open=0))
us_market_history skipped at 17:10 | 
not_trading_day(market_calendar_weekday_fallback(scope=us, weekday=7))
Maintenance tick started
Maintenance tick complete
State DB: /home/zj/workspace/stok-mapping/data/maintenance/maintenance.sqlite
As of: 2026-06-07T07:29:02
Dry run: False
Executed runs: 0
financial_factors skipped at 03:30 | 
not_trading_day(cn_trading_calendar(is_open=0))
daily_brief skipped at 07:20 | not_trading_day(cn_trading_calendar(is_open=0))
hk_market_history skipped at 16:20 | 
not_trading_day(market_calendar_weekday_fallback(scope=hk, weekday=7))
a_share_history skipped at 16:30 | 
not_trading_day(cn_trading_calendar(is_open=0))
us_market_history skipped at 17:10 | 
not_trading_day(market_calendar_weekday_fallback(scope=us, weekday=7))
Maintenance tick started
Maintenance tick complete
State DB: /home/zj/workspace/stok-mapping/data/maintenance/maintenance.sqlite
As of: 2026-06-07T07:30:02
Dry run: False
Executed runs: 0
financial_factors skipped at 03:30 | 
not_trading_day(cn_trading_calendar(is_open=0))
daily_brief skipped at 07:20 | not_trading_day(cn_trading_calendar(is_open=0))
hk_market_history skipped at 16:20 | 
not_trading_day(market_calendar_weekday_fallback(scope=hk, weekday=7))
a_share_history skipped at 16:30 | 
not_trading_day(cn_trading_calendar(is_open=0))
us_market_history skipped at 17:10 | 
not_trading_day(market_calendar_weekday_fallback(scope=us, weekday=7))
Maintenance tick started
Maintenance tick complete
State DB: /home/zj/workspace/stok-mapping/data/maintenance/maintenance.sqlite
As of: 2026-06-07T07:31:02
Dry run: False
Executed runs: 0
financial_factors skipped at 03:30 | 
not_trading_day(cn_trading_calendar(is_open=0))
daily_brief skipped at 07:20 | not_trading_day(cn_trading_calendar(is_open=0))
hk_market_history skipped at 16:20 | 
not_trading_day(market_calendar_weekday_fallback(scope=hk, weekday=7))
a_share_history skipped at 16:30 | 
not_trading_day(cn_trading_calendar(is_open=0))
us_market_history skipped at 17:10 | 
not_trading_day(market_calendar_weekday_fallback(scope=us, weekday=7))
Maintenance tick started
Maintenance tick complete
State DB: /home/zj/workspace/stok-mapping/data/maintenance/maintenance.sqlite
As of: 2026-06-07T07:32:02
Dry run: False
Executed runs: 0
financial_factors skipped at 03:30 | 
not_trading_day(cn_trading_calendar(is_open=0))
daily_brief skipped at 07:20 | not_trading_day(cn_trading_calendar(is_open=0))
hk_market_history skipped at 16:20 | 
not_trading_day(market_calendar_weekday_fallback(scope=hk, weekday=7))
a_share_history skipped at 16:30 | 
not_trading_day(cn_trading_calendar(is_open=0))
us_market_history skipped at 17:10 | 
not_trading_day(market_calendar_weekday_fallback(scope=us, weekday=7))
Maintenance tick started
Maintenance tick complete
State DB: /home/zj/workspace/stok-mapping/data/maintenance/maintenance.sqlite
As of: 2026-06-07T07:33:02
Dry run: False
Executed runs: 0
financial_factors skipped at 03:30 | 
not_trading_day(cn_trading_calendar(is_open=0))
daily_brief skipped at 07:20 | not_trading_day(cn_trading_calendar(is_open=0))
hk_market_history skipped at 16:20 | 
not_trading_day(market_calendar_weekday_fallback(scope=hk, weekday=7))
a_share_history skipped at 16:30 | 
not_trading_day(cn_trading_calendar(is_open=0))
us_market_history skipped at 17:10 | 
not_trading_day(market_calendar_weekday_fallback(scope=us, weekday=7))
Maintenance tick started
Maintenance tick complete
State DB: /home/zj/workspace/stok-mapping/data/maintenance/maintenance.sqlite
As of: 2026-06-07T07:34:02
Dry run: False
Executed runs: 0
financial_factors skipped at 03:30 | 
not_trading_day(cn_trading_calendar(is_open=0))
daily_brief skipped at 07:20 | not_trading_day(cn_trading_calendar(is_open=0))
hk_market_history skipped at 16:20 | 
not_trading_day(market_calendar_weekday_fallback(scope=hk, weekday=7))
a_share_history skipped at 16:30 | 
not_trading_day(cn_trading_calendar(is_open=0))
us_market_history skipped at 17:10 | 
not_trading_day(market_calendar_weekday_fallback(scope=us, weekday=7))
Maintenance tick started
Maintenance tick complete
State DB: /home/zj/workspace/stok-mapping/data/maintenance/maintenance.sqlite
As of: 2026-06-07T07:35:01
Dry run: False
Executed runs: 0
financial_factors skipped at 03:30 | 
not_trading_day(cn_trading_calendar(is_open=0))
daily_brief skipped at 07:20 | not_trading_day(cn_trading_calendar(is_open=0))
hk_market_history skipped at 16:20 | 
not_trading_day(market_calendar_weekday_fallback(scope=hk, weekday=7))
a_share_history skipped at 16:30 | 
not_trading_day(cn_trading_calendar(is_open=0))
us_market_history skipped at 17:10 | 
not_trading_day(market_calendar_weekday_fallback(scope=us, weekday=7))
Maintenance tick started
Maintenance tick complete
State DB: /home/zj/workspace/stok-mapping/data/maintenance/maintenance.sqlite
As of: 2026-06-07T07:36:02
Dry run: False
Executed runs: 0
financial_factors skipped at 03:30 | 
not_trading_day(cn_trading_calendar(is_open=0))
daily_brief skipped at 07:20 | not_trading_day(cn_trading_calendar(is_open=0))
hk_market_history skipped at 16:20 | 
not_trading_day(market_calendar_weekday_fallback(scope=hk, weekday=7))
a_share_history skipped at 16:30 | 
not_trading_day(cn_trading_calendar(is_open=0))
us_market_history skipped at 17:10 | 
not_trading_day(market_calendar_weekday_fallback(scope=us, weekday=7))
Maintenance tick started
Maintenance tick complete
State DB: /home/zj/workspace/stok-mapping/data/maintenance/maintenance.sqlite
As of: 2026-06-07T07:37:02
Dry run: False
Executed runs: 0
financial_factors skipped at 03:30 | 
not_trading_day(cn_trading_calendar(is_open=0))
daily_brief skipped at 07:20 | not_trading_day(cn_trading_calendar(is_open=0))
hk_market_history skipped at 16:20 | 
not_trading_day(market_calendar_weekday_fallback(scope=hk, weekday=7))
a_share_history skipped at 16:30 | 
not_trading_day(cn_trading_calendar(is_open=0))
us_market_history skipped at 17:10 | 
not_trading_day(market_calendar_weekday_fallback(scope=us, weekday=7))
Maintenance tick started
Maintenance tick complete
State DB: /home/zj/workspace/stok-mapping/data/maintenance/maintenance.sqlite
As of: 2026-06-07T07:38:02
Dry run: False
Executed runs: 0
financial_factors skipped at 03:30 | 
not_trading_day(cn_trading_calendar(is_open=0))
daily_brief skipped at 07:20 | not_trading_day(cn_trading_calendar(is_open=0))
hk_market_history skipped at 16:20 | 
not_trading_day(market_calendar_weekday_fallback(scope=hk, weekday=7))
a_share_history skipped at 16:30 | 
not_trading_day(cn_trading_calendar(is_open=0))
us_market_history skipped at 17:10 | 
not_trading_day(market_calendar_weekday_fallback(scope=us, weekday=7))
Maintenance tick started
Maintenance tick complete
State DB: /home/zj/workspace/stok-mapping/data/maintenance/maintenance.sqlite
As of: 2026-06-07T07:39:01
Dry run: False
Executed runs: 0
financial_factors skipped at 03:30 | 
not_trading_day(cn_trading_calendar(is_open=0))
daily_brief skipped at 07:20 | not_trading_day(cn_trading_calendar(is_open=0))
hk_market_history skipped at 16:20 | 
not_trading_day(market_calendar_weekday_fallback(scope=hk, weekday=7))
a_share_history skipped at 16:30 | 
not_trading_day(cn_trading_calendar(is_open=0))
us_market_history skipped at 17:10 | 
not_trading_day(market_calendar_weekday_fallback(scope=us, weekday=7))
Maintenance tick started
Maintenance tick complete
State DB: /home/zj/workspace/stok-mapping/data/maintenance/maintenance.sqlite
As of: 2026-06-07T07:40:01
Dry run: False
Executed runs: 0
financial_factors skipped at 03:30 | 
not_trading_day(cn_trading_calendar(is_open=0))
daily_brief skipped at 07:20 | not_trading_day(cn_trading_calendar(is_open=0))
hk_market_history skipped at 16:20 | 
not_trading_day(market_calendar_weekday_fallback(scope=hk, weekday=7))
a_share_history skipped at 16:30 | 
not_trading_day(cn_trading_calendar(is_open=0))
us_market_history skipped at 17:10 | 
not_trading_day(market_calendar_weekday_fallback(scope=us, weekday=7))
Maintenance tick started
Maintenance tick complete
State DB: /home/zj/workspace/stok-mapping/data/maintenance/maintenance.sqlite
As of: 2026-06-07T07:41:02
Dry run: False
Executed runs: 0
financial_factors skipped at 03:30 | 
not_trading_day(cn_trading_calendar(is_open=0))
daily_brief skipped at 07:20 | not_trading_day(cn_trading_calendar(is_open=0))
hk_market_history skipped at 16:20 | 
not_trading_day(market_calendar_weekday_fallback(scope=hk, weekday=7))
a_share_history skipped at 16:30 | 
not_trading_day(cn_trading_calendar(is_open=0))
us_market_history skipped at 17:10 | 
not_trading_day(market_calendar_weekday_fallback(scope=us, weekday=7))
Maintenance tick started
Maintenance tick complete
State DB: /home/zj/workspace/stok-mapping/data/maintenance/maintenance.sqlite
As of: 2026-06-07T07:42:02
Dry run: False
Executed runs: 0
financial_factors skipped at 03:30 | 
not_trading_day(cn_trading_calendar(is_open=0))
daily_brief skipped at 07:20 | not_trading_day(cn_trading_calendar(is_open=0))
hk_market_history skipped at 16:20 | 
not_trading_day(market_calendar_weekday_fallback(scope=hk, weekday=7))
a_share_history skipped at 16:30 | 
not_trading_day(cn_trading_calendar(is_open=0))
us_market_history skipped at 17:10 | 
not_trading_day(market_calendar_weekday_fallback(scope=us, weekday=7))
Maintenance tick started
Maintenance tick complete
State DB: /home/zj/workspace/stok-mapping/data/maintenance/maintenance.sqlite
As of: 2026-06-07T07:43:02
Dry run: False
Executed runs: 0
financial_factors skipped at 03:30 | 
not_trading_day(cn_trading_calendar(is_open=0))
daily_brief skipped at 07:20 | not_trading_day(cn_trading_calendar(is_open=0))
hk_market_history skipped at 16:20 | 
not_trading_day(market_calendar_weekday_fallback(scope=hk, weekday=7))
a_share_history skipped at 16:30 | 
not_trading_day(cn_trading_calendar(is_open=0))
us_market_history skipped at 17:10 | 
not_trading_day(market_calendar_weekday_fallback(scope=us, weekday=7))
Maintenance tick started
Maintenance tick complete
State DB: /home/zj/workspace/stok-mapping/data/maintenance/maintenance.sqlite
As of: 2026-06-07T07:44:03
Dry run: False
Executed runs: 0
financial_factors skipped at 03:30 | 
not_trading_day(cn_trading_calendar(is_open=0))
daily_brief skipped at 07:20 | not_trading_day(cn_trading_calendar(is_open=0))
hk_market_history skipped at 16:20 | 
not_trading_day(market_calendar_weekday_fallback(scope=hk, weekday=7))
a_share_history skipped at 16:30 | 
not_trading_day(cn_trading_calendar(is_open=0))
us_market_history skipped at 17:10 | 
not_trading_day(market_calendar_weekday_fallback(scope=us, weekday=7))
Maintenance tick started
Maintenance tick complete
State DB: /home/zj/workspace/stok-mapping/data/maintenance/maintenance.sqlite
As of: 2026-06-07T07:45:03
Dry run: False
Executed runs: 0
financial_factors skipped at 03:30 | 
not_trading_day(cn_trading_calendar(is_open=0))
daily_brief skipped at 07:20 | not_trading_day(cn_trading_calendar(is_open=0))
hk_market_history skipped at 16:20 | 
not_trading_day(market_calendar_weekday_fallback(scope=hk, weekday=7))
a_share_history skipped at 16:30 | 
not_trading_day(cn_trading_calendar(is_open=0))
us_market_history skipped at 17:10 | 
not_trading_day(market_calendar_weekday_fallback(scope=us, weekday=7))
Maintenance tick started
Maintenance tick complete
State DB: /home/zj/workspace/stok-mapping/data/maintenance/maintenance.sqlite
As of: 2026-06-07T07:46:02
Dry run: False
Executed runs: 0
financial_factors skipped at 03:30 | 
not_trading_day(cn_trading_calendar(is_open=0))
daily_brief skipped at 07:20 | not_trading_day(cn_trading_calendar(is_open=0))
hk_market_history skipped at 16:20 | 
not_trading_day(market_calendar_weekday_fallback(scope=hk, weekday=7))
a_share_history skipped at 16:30 | 
not_trading_day(cn_trading_calendar(is_open=0))
us_market_history skipped at 17:10 | 
not_trading_day(market_calendar_weekday_fallback(scope=us, weekday=7))
Maintenance tick started
Maintenance tick complete
State DB: /home/zj/workspace/stok-mapping/data/maintenance/maintenance.sqlite
As of: 2026-06-07T07:47:03
Dry run: False
Executed runs: 0
financial_factors skipped at 03:30 | 
not_trading_day(cn_trading_calendar(is_open=0))
daily_brief skipped at 07:20 | not_trading_day(cn_trading_calendar(is_open=0))
hk_market_history skipped at 16:20 | 
not_trading_day(market_calendar_weekday_fallback(scope=hk, weekday=7))
a_share_history skipped at 16:30 | 
not_trading_day(cn_trading_calendar(is_open=0))
us_market_history skipped at 17:10 | 
not_trading_day(market_calendar_weekday_fallback(scope=us, weekday=7))
Maintenance tick started
Maintenance tick complete
State DB: /home/zj/workspace/stok-mapping/data/maintenance/maintenance.sqlite
As of: 2026-06-07T07:48:03
Dry run: False
Executed runs: 0
financial_factors skipped at 03:30 | 
not_trading_day(cn_trading_calendar(is_open=0))
daily_brief skipped at 07:20 | not_trading_day(cn_trading_calendar(is_open=0))
hk_market_history skipped at 16:20 | 
not_trading_day(market_calendar_weekday_fallback(scope=hk, weekday=7))
a_share_history skipped at 16:30 | 
not_trading_day(cn_trading_calendar(is_open=0))
us_market_history skipped at 17:10 | 
not_trading_day(market_calendar_weekday_fallback(scope=us, weekday=7))
Maintenance tick started
Maintenance tick complete
State DB: /home/zj/workspace/stok-mapping/data/maintenance/maintenance.sqlite
As of: 2026-06-07T07:49:03
Dry run: False
Executed runs: 0
financial_factors skipped at 03:30 | 
not_trading_day(cn_trading_calendar(is_open=0))
daily_brief skipped at 07:20 | not_trading_day(cn_trading_calendar(is_open=0))
hk_market_history skipped at 16:20 | 
not_trading_day(market_calendar_weekday_fallback(scope=hk, weekday=7))
a_share_history skipped at 16:30 | 
not_trading_day(cn_trading_calendar(is_open=0))
us_market_history skipped at 17:10 | 
not_trading_day(market_calendar_weekday_fallback(scope=us, weekday=7))
Maintenance tick started
Maintenance tick complete
State DB: /home/zj/workspace/stok-mapping/data/maintenance/maintenance.sqlite
As of: 2026-06-07T07:50:03
Dry run: False
Executed runs: 0
financial_factors skipped at 03:30 | 
not_trading_day(cn_trading_calendar(is_open=0))
daily_brief skipped at 07:20 | not_trading_day(cn_trading_calendar(is_open=0))
hk_market_history skipped at 16:20 | 
not_trading_day(market_calendar_weekday_fallback(scope=hk, weekday=7))
a_share_history skipped at 16:30 | 
not_trading_day(cn_trading_calendar(is_open=0))
us_market_history skipped at 17:10 | 
not_trading_day(market_calendar_weekday_fallback(scope=us, weekday=7))
Maintenance tick started
Maintenance tick complete
State DB: /home/zj/workspace/stok-mapping/data/maintenance/maintenance.sqlite
As of: 2026-06-07T07:51:03
Dry run: False
Executed runs: 0
financial_factors skipped at 03:30 | 
not_trading_day(cn_trading_calendar(is_open=0))
daily_brief skipped at 07:20 | not_trading_day(cn_trading_calendar(is_open=0))
hk_market_history skipped at 16:20 | 
not_trading_day(market_calendar_weekday_fallback(scope=hk, weekday=7))
a_share_history skipped at 16:30 | 
not_trading_day(cn_trading_calendar(is_open=0))
us_market_history skipped at 17:10 | 
not_trading_day(market_calendar_weekday_fallback(scope=us, weekday=7))
Maintenance tick started
Maintenance tick complete
State DB: /home/zj/workspace/stok-mapping/data/maintenance/maintenance.sqlite
As of: 2026-06-07T07:52:02
Dry run: False
Executed runs: 0
financial_factors skipped at 03:30 | 
not_trading_day(cn_trading_calendar(is_open=0))
daily_brief skipped at 07:20 | not_trading_day(cn_trading_calendar(is_open=0))
hk_market_history skipped at 16:20 | 
not_trading_day(market_calendar_weekday_fallback(scope=hk, weekday=7))
a_share_history skipped at 16:30 | 
not_trading_day(cn_trading_calendar(is_open=0))
us_market_history skipped at 17:10 | 
not_trading_day(market_calendar_weekday_fallback(scope=us, weekday=7))
Maintenance tick started
Maintenance tick complete
State DB: /home/zj/workspace/stok-mapping/data/maintenance/maintenance.sqlite
As of: 2026-06-07T07:53:02
Dry run: False
Executed runs: 0
financial_factors skipped at 03:30 | 
not_trading_day(cn_trading_calendar(is_open=0))
daily_brief skipped at 07:20 | not_trading_day(cn_trading_calendar(is_open=0))
hk_market_history skipped at 16:20 | 
not_trading_day(market_calendar_weekday_fallback(scope=hk, weekday=7))
a_share_history skipped at 16:30 | 
not_trading_day(cn_trading_calendar(is_open=0))
us_market_history skipped at 17:10 | 
not_trading_day(market_calendar_weekday_fallback(scope=us, weekday=7))
Maintenance tick started
Maintenance tick complete
State DB: /home/zj/workspace/stok-mapping/data/maintenance/maintenance.sqlite
As of: 2026-06-07T07:54:03
Dry run: False
Executed runs: 0
financial_factors skipped at 03:30 | 
not_trading_day(cn_trading_calendar(is_open=0))
daily_brief skipped at 07:20 | not_trading_day(cn_trading_calendar(is_open=0))
hk_market_history skipped at 16:20 | 
not_trading_day(market_calendar_weekday_fallback(scope=hk, weekday=7))
a_share_history skipped at 16:30 | 
not_trading_day(cn_trading_calendar(is_open=0))
us_market_history skipped at 17:10 | 
not_trading_day(market_calendar_weekday_fallback(scope=us, weekday=7))
Maintenance tick started
Maintenance tick complete
State DB: /home/zj/workspace/stok-mapping/data/maintenance/maintenance.sqlite
As of: 2026-06-07T07:55:02
Dry run: False
Executed runs: 0
financial_factors skipped at 03:30 | 
not_trading_day(cn_trading_calendar(is_open=0))
daily_brief skipped at 07:20 | not_trading_day(cn_trading_calendar(is_open=0))
hk_market_history skipped at 16:20 | 
not_trading_day(market_calendar_weekday_fallback(scope=hk, weekday=7))
a_share_history skipped at 16:30 | 
not_trading_day(cn_trading_calendar(is_open=0))
us_market_history skipped at 17:10 | 
not_trading_day(market_calendar_weekday_fallback(scope=us, weekday=7))
Maintenance tick started
Maintenance tick complete
State DB: /home/zj/workspace/stok-mapping/data/maintenance/maintenance.sqlite
As of: 2026-06-07T07:56:02
Dry run: False
Executed runs: 0
financial_factors skipped at 03:30 | 
not_trading_day(cn_trading_calendar(is_open=0))
daily_brief skipped at 07:20 | not_trading_day(cn_trading_calendar(is_open=0))
hk_market_history skipped at 16:20 | 
not_trading_day(market_calendar_weekday_fallback(scope=hk, weekday=7))
a_share_history skipped at 16:30 | 
not_trading_day(cn_trading_calendar(is_open=0))
us_market_history skipped at 17:10 | 
not_trading_day(market_calendar_weekday_fallback(scope=us, weekday=7))
Maintenance tick started
Maintenance tick complete
State DB: /home/zj/workspace/stok-mapping/data/maintenance/maintenance.sqlite
As of: 2026-06-07T07:57:02
Dry run: False
Executed runs: 0
financial_factors skipped at 03:30 | 
not_trading_day(cn_trading_calendar(is_open=0))
daily_brief skipped at 07:20 | not_trading_day(cn_trading_calendar(is_open=0))
hk_market_history skipped at 16:20 | 
not_trading_day(market_calendar_weekday_fallback(scope=hk, weekday=7))
a_share_history skipped at 16:30 | 
not_trading_day(cn_trading_calendar(is_open=0))
us_market_history skipped at 17:10 | 
not_trading_day(market_calendar_weekday_fallback(scope=us, weekday=7))
Maintenance tick started
Maintenance tick complete
State DB: /home/zj/workspace/stok-mapping/data/maintenance/maintenance.sqlite
As of: 2026-06-07T07:58:01
Dry run: False
Executed runs: 0
financial_factors skipped at 03:30 | 
not_trading_day(cn_trading_calendar(is_open=0))
daily_brief skipped at 07:20 | not_trading_day(cn_trading_calendar(is_open=0))
hk_market_history skipped at 16:20 | 
not_trading_day(market_calendar_weekday_fallback(scope=hk, weekday=7))
a_share_history skipped at 16:30 | 
not_trading_day(cn_trading_calendar(is_open=0))
us_market_history skipped at 17:10 | 
not_trading_day(market_calendar_weekday_fallback(scope=us, weekday=7))
Maintenance tick started
Maintenance tick complete
State DB: /home/zj/workspace/stok-mapping/data/maintenance/maintenance.sqlite
As of: 2026-06-07T07:59:02
Dry run: False
Executed runs: 0
financial_factors skipped at 03:30 | 
not_trading_day(cn_trading_calendar(is_open=0))
daily_brief skipped at 07:20 | not_trading_day(cn_trading_calendar(is_open=0))
hk_market_history skipped at 16:20 | 
not_trading_day(market_calendar_weekday_fallback(scope=hk, weekday=7))
a_share_history skipped at 16:30 | 
not_trading_day(cn_trading_calendar(is_open=0))
us_market_history skipped at 17:10 | 
not_trading_day(market_calendar_weekday_fallback(scope=us, weekday=7))
Maintenance tick started
Maintenance tick complete
State DB: /home/zj/workspace/stok-mapping/data/maintenance/maintenance.sqlite
As of: 2026-06-07T08:00:02
Dry run: False
Executed runs: 0
financial_factors skipped at 03:30 | 
not_trading_day(cn_trading_calendar(is_open=0))
daily_brief skipped at 07:20 | not_trading_day(cn_trading_calendar(is_open=0))
hk_market_history skipped at 16:20 | 
not_trading_day(market_calendar_weekday_fallback(scope=hk, weekday=7))
a_share_history skipped at 16:30 | 
not_trading_day(cn_trading_calendar(is_open=0))
us_market_history skipped at 17:10 | 
not_trading_day(market_calendar_weekday_fallback(scope=us, weekday=7))
Maintenance tick started
Maintenance tick complete
State DB: /home/zj/workspace/stok-mapping/data/maintenance/maintenance.sqlite
As of: 2026-06-07T08:01:02
Dry run: False
Executed runs: 0
financial_factors skipped at 03:30 | 
not_trading_day(cn_trading_calendar(is_open=0))
daily_brief skipped at 07:20 | not_trading_day(cn_trading_calendar(is_open=0))
hk_market_history skipped at 16:20 | 
not_trading_day(market_calendar_weekday_fallback(scope=hk, weekday=7))
a_share_history skipped at 16:30 | 
not_trading_day(cn_trading_calendar(is_open=0))
us_market_history skipped at 17:10 | 
not_trading_day(market_calendar_weekday_fallback(scope=us, weekday=7))
Maintenance tick started
Maintenance tick complete
State DB: /home/zj/workspace/stok-mapping/data/maintenance/maintenance.sqlite
As of: 2026-06-07T08:02:02
Dry run: False
Executed runs: 0
financial_factors skipped at 03:30 | 
not_trading_day(cn_trading_calendar(is_open=0))
daily_brief skipped at 07:20 | not_trading_day(cn_trading_calendar(is_open=0))
hk_market_history skipped at 16:20 | 
not_trading_day(market_calendar_weekday_fallback(scope=hk, weekday=7))
a_share_history skipped at 16:30 | 
not_trading_day(cn_trading_calendar(is_open=0))
us_market_history skipped at 17:10 | 
not_trading_day(market_calendar_weekday_fallback(scope=us, weekday=7))
Maintenance tick started
Maintenance tick complete
State DB: /home/zj/workspace/stok-mapping/data/maintenance/maintenance.sqlite
As of: 2026-06-07T08:03:02
Dry run: False
Executed runs: 0
financial_factors skipped at 03:30 | 
not_trading_day(cn_trading_calendar(is_open=0))
daily_brief skipped at 07:20 | not_trading_day(cn_trading_calendar(is_open=0))
hk_market_history skipped at 16:20 | 
not_trading_day(market_calendar_weekday_fallback(scope=hk, weekday=7))
a_share_history skipped at 16:30 | 
not_trading_day(cn_trading_calendar(is_open=0))
us_market_history skipped at 17:10 | 
not_trading_day(market_calendar_weekday_fallback(scope=us, weekday=7))
Maintenance tick started
Maintenance tick complete
State DB: /home/zj/workspace/stok-mapping/data/maintenance/maintenance.sqlite
As of: 2026-06-07T08:04:02
Dry run: False
Executed runs: 0
financial_factors skipped at 03:30 | 
not_trading_day(cn_trading_calendar(is_open=0))
daily_brief skipped at 07:20 | not_trading_day(cn_trading_calendar(is_open=0))
hk_market_history skipped at 16:20 | 
not_trading_day(market_calendar_weekday_fallback(scope=hk, weekday=7))
a_share_history skipped at 16:30 | 
not_trading_day(cn_trading_calendar(is_open=0))
us_market_history skipped at 17:10 | 
not_trading_day(market_calendar_weekday_fallback(scope=us, weekday=7))
Maintenance tick started
Maintenance tick complete
State DB: /home/zj/workspace/stok-mapping/data/maintenance/maintenance.sqlite
As of: 2026-06-07T08:05:01
Dry run: False
Executed runs: 0
financial_factors skipped at 03:30 | 
not_trading_day(cn_trading_calendar(is_open=0))
daily_brief skipped at 07:20 | not_trading_day(cn_trading_calendar(is_open=0))
hk_market_history skipped at 16:20 | 
not_trading_day(market_calendar_weekday_fallback(scope=hk, weekday=7))
a_share_history skipped at 16:30 | 
not_trading_day(cn_trading_calendar(is_open=0))
us_market_history skipped at 17:10 | 
not_trading_day(market_calendar_weekday_fallback(scope=us, weekday=7))
Maintenance tick started
Maintenance tick complete
State DB: /home/zj/workspace/stok-mapping/data/maintenance/maintenance.sqlite
As of: 2026-06-07T08:06:02
Dry run: False
Executed runs: 0
financial_factors skipped at 03:30 | 
not_trading_day(cn_trading_calendar(is_open=0))
daily_brief skipped at 07:20 | not_trading_day(cn_trading_calendar(is_open=0))
hk_market_history skipped at 16:20 | 
not_trading_day(market_calendar_weekday_fallback(scope=hk, weekday=7))
a_share_history skipped at 16:30 | 
not_trading_day(cn_trading_calendar(is_open=0))
us_market_history skipped at 17:10 | 
not_trading_day(market_calendar_weekday_fallback(scope=us, weekday=7))
Maintenance tick started
Maintenance tick complete
State DB: /home/zj/workspace/stok-mapping/data/maintenance/maintenance.sqlite
As of: 2026-06-07T08:07:02
Dry run: False
Executed runs: 0
financial_factors skipped at 03:30 | 
not_trading_day(cn_trading_calendar(is_open=0))
daily_brief skipped at 07:20 | not_trading_day(cn_trading_calendar(is_open=0))
hk_market_history skipped at 16:20 | 
not_trading_day(market_calendar_weekday_fallback(scope=hk, weekday=7))
a_share_history skipped at 16:30 | 
not_trading_day(cn_trading_calendar(is_open=0))
us_market_history skipped at 17:10 | 
not_trading_day(market_calendar_weekday_fallback(scope=us, weekday=7))
Maintenance tick started
Maintenance tick complete
State DB: /home/zj/workspace/stok-mapping/data/maintenance/maintenance.sqlite
As of: 2026-06-07T08:08:02
Dry run: False
Executed runs: 0
financial_factors skipped at 03:30 | 
not_trading_day(cn_trading_calendar(is_open=0))
daily_brief skipped at 07:20 | not_trading_day(cn_trading_calendar(is_open=0))
hk_market_history skipped at 16:20 | 
not_trading_day(market_calendar_weekday_fallback(scope=hk, weekday=7))
a_share_history skipped at 16:30 | 
not_trading_day(cn_trading_calendar(is_open=0))
us_market_history skipped at 17:10 | 
not_trading_day(market_calendar_weekday_fallback(scope=us, weekday=7))
Maintenance tick started
Maintenance tick complete
State DB: /home/zj/workspace/stok-mapping/data/maintenance/maintenance.sqlite
As of: 2026-06-07T08:09:02
Dry run: False
Executed runs: 0
financial_factors skipped at 03:30 | 
not_trading_day(cn_trading_calendar(is_open=0))
daily_brief skipped at 07:20 | not_trading_day(cn_trading_calendar(is_open=0))
hk_market_history skipped at 16:20 | 
not_trading_day(market_calendar_weekday_fallback(scope=hk, weekday=7))
a_share_history skipped at 16:30 | 
not_trading_day(cn_trading_calendar(is_open=0))
us_market_history skipped at 17:10 | 
not_trading_day(market_calendar_weekday_fallback(scope=us, weekday=7))
Maintenance tick started
Maintenance tick complete
State DB: /home/zj/workspace/stok-mapping/data/maintenance/maintenance.sqlite
As of: 2026-06-07T08:10:03
Dry run: False
Executed runs: 0
financial_factors skipped at 03:30 | 
not_trading_day(cn_trading_calendar(is_open=0))
daily_brief skipped at 07:20 | not_trading_day(cn_trading_calendar(is_open=0))
hk_market_history skipped at 16:20 | 
not_trading_day(market_calendar_weekday_fallback(scope=hk, weekday=7))
a_share_history skipped at 16:30 | 
not_trading_day(cn_trading_calendar(is_open=0))
us_market_history skipped at 17:10 | 
not_trading_day(market_calendar_weekday_fallback(scope=us, weekday=7))
Maintenance tick started
Maintenance tick complete
State DB: /home/zj/workspace/stok-mapping/data/maintenance/maintenance.sqlite
As of: 2026-06-07T08:11:04
Dry run: False
Executed runs: 0
financial_factors skipped at 03:30 | 
not_trading_day(cn_trading_calendar(is_open=0))
daily_brief skipped at 07:20 | not_trading_day(cn_trading_calendar(is_open=0))
hk_market_history skipped at 16:20 | 
not_trading_day(market_calendar_weekday_fallback(scope=hk, weekday=7))
a_share_history skipped at 16:30 | 
not_trading_day(cn_trading_calendar(is_open=0))
us_market_history skipped at 17:10 | 
not_trading_day(market_calendar_weekday_fallback(scope=us, weekday=7))
Maintenance tick started
Maintenance tick complete
State DB: /home/zj/workspace/stok-mapping/data/maintenance/maintenance.sqlite
As of: 2026-06-07T08:12:02
Dry run: False
Executed runs: 0
financial_factors skipped at 03:30 | 
not_trading_day(cn_trading_calendar(is_open=0))
daily_brief skipped at 07:20 | not_trading_day(cn_trading_calendar(is_open=0))
hk_market_history skipped at 16:20 | 
not_trading_day(market_calendar_weekday_fallback(scope=hk, weekday=7))
a_share_history skipped at 16:30 | 
not_trading_day(cn_trading_calendar(is_open=0))
us_market_history skipped at 17:10 | 
not_trading_day(market_calendar_weekday_fallback(scope=us, weekday=7))
Maintenance tick started
Maintenance tick complete
State DB: /home/zj/workspace/stok-mapping/data/maintenance/maintenance.sqlite
As of: 2026-06-07T08:13:03
Dry run: False
Executed runs: 0
financial_factors skipped at 03:30 | 
not_trading_day(cn_trading_calendar(is_open=0))
daily_brief skipped at 07:20 | not_trading_day(cn_trading_calendar(is_open=0))
hk_market_history skipped at 16:20 | 
not_trading_day(market_calendar_weekday_fallback(scope=hk, weekday=7))
a_share_history skipped at 16:30 | 
not_trading_day(cn_trading_calendar(is_open=0))
us_market_history skipped at 17:10 | 
not_trading_day(market_calendar_weekday_fallback(scope=us, weekday=7))
Maintenance tick started
Maintenance tick complete
State DB: /home/zj/workspace/stok-mapping/data/maintenance/maintenance.sqlite
As of: 2026-06-07T08:14:03
Dry run: False
Executed runs: 0
financial_factors skipped at 03:30 | 
not_trading_day(cn_trading_calendar(is_open=0))
daily_brief skipped at 07:20 | not_trading_day(cn_trading_calendar(is_open=0))
hk_market_history skipped at 16:20 | 
not_trading_day(market_calendar_weekday_fallback(scope=hk, weekday=7))
a_share_history skipped at 16:30 | 
not_trading_day(cn_trading_calendar(is_open=0))
us_market_history skipped at 17:10 | 
not_trading_day(market_calendar_weekday_fallback(scope=us, weekday=7))
Maintenance tick started
Maintenance tick complete
State DB: /home/zj/workspace/stok-mapping/data/maintenance/maintenance.sqlite
As of: 2026-06-07T08:15:04
Dry run: False
Executed runs: 0
financial_factors skipped at 03:30 | 
not_trading_day(cn_trading_calendar(is_open=0))
daily_brief skipped at 07:20 | not_trading_day(cn_trading_calendar(is_open=0))
hk_market_history skipped at 16:20 | 
not_trading_day(market_calendar_weekday_fallback(scope=hk, weekday=7))
a_share_history skipped at 16:30 | 
not_trading_day(cn_trading_calendar(is_open=0))
us_market_history skipped at 17:10 | 
not_trading_day(market_calendar_weekday_fallback(scope=us, weekday=7))
Maintenance tick started
Maintenance tick complete
State DB: /home/zj/workspace/stok-mapping/data/maintenance/maintenance.sqlite
As of: 2026-06-07T08:16:04
Dry run: False
Executed runs: 0
financial_factors skipped at 03:30 | 
not_trading_day(cn_trading_calendar(is_open=0))
daily_brief skipped at 07:20 | not_trading_day(cn_trading_calendar(is_open=0))
hk_market_history skipped at 16:20 | 
not_trading_day(market_calendar_weekday_fallback(scope=hk, weekday=7))
a_share_history skipped at 16:30 | 
not_trading_day(cn_trading_calendar(is_open=0))
us_market_history skipped at 17:10 | 
not_trading_day(market_calendar_weekday_fallback(scope=us, weekday=7))
Maintenance tick started
Maintenance tick complete
State DB: /home/zj/workspace/stok-mapping/data/maintenance/maintenance.sqlite
As of: 2026-06-07T08:17:03
Dry run: False
Executed runs: 0
financial_factors skipped at 03:30 | 
not_trading_day(cn_trading_calendar(is_open=0))
daily_brief skipped at 07:20 | not_trading_day(cn_trading_calendar(is_open=0))
hk_market_history skipped at 16:20 | 
not_trading_day(market_calendar_weekday_fallback(scope=hk, weekday=7))
a_share_history skipped at 16:30 | 
not_trading_day(cn_trading_calendar(is_open=0))
us_market_history skipped at 17:10 | 
not_trading_day(market_calendar_weekday_fallback(scope=us, weekday=7))
Maintenance tick started
Maintenance tick complete
State DB: /home/zj/workspace/stok-mapping/data/maintenance/maintenance.sqlite
As of: 2026-06-07T08:18:04
Dry run: False
Executed runs: 0
financial_factors skipped at 03:30 | 
not_trading_day(cn_trading_calendar(is_open=0))
daily_brief skipped at 07:20 | not_trading_day(cn_trading_calendar(is_open=0))
hk_market_history skipped at 16:20 | 
not_trading_day(market_calendar_weekday_fallback(scope=hk, weekday=7))
a_share_history skipped at 16:30 | 
not_trading_day(cn_trading_calendar(is_open=0))
us_market_history skipped at 17:10 | 
not_trading_day(market_calendar_weekday_fallback(scope=us, weekday=7))
Maintenance tick started
Maintenance tick complete
State DB: /home/zj/workspace/stok-mapping/data/maintenance/maintenance.sqlite
As of: 2026-06-07T08:19:04
Dry run: False
Executed runs: 0
financial_factors skipped at 03:30 | 
not_trading_day(cn_trading_calendar(is_open=0))
daily_brief skipped at 07:20 | not_trading_day(cn_trading_calendar(is_open=0))
hk_market_history skipped at 16:20 | 
not_trading_day(market_calendar_weekday_fallback(scope=hk, weekday=7))
a_share_history skipped at 16:30 | 
not_trading_day(cn_trading_calendar(is_open=0))
us_market_history skipped at 17:10 | 
not_trading_day(market_calendar_weekday_fallback(scope=us, weekday=7))
Maintenance tick started
Maintenance tick complete
State DB: /home/zj/workspace/stok-mapping/data/maintenance/maintenance.sqlite
As of: 2026-06-07T08:20:04
Dry run: False
Executed runs: 0
financial_factors skipped at 03:30 | 
not_trading_day(cn_trading_calendar(is_open=0))
daily_brief skipped at 07:20 | not_trading_day(cn_trading_calendar(is_open=0))
hk_market_history skipped at 16:20 | 
not_trading_day(market_calendar_weekday_fallback(scope=hk, weekday=7))
a_share_history skipped at 16:30 | 
not_trading_day(cn_trading_calendar(is_open=0))
us_market_history skipped at 17:10 | 
not_trading_day(market_calendar_weekday_fallback(scope=us, weekday=7))
Maintenance tick started
Maintenance tick complete
State DB: /home/zj/workspace/stok-mapping/data/maintenance/maintenance.sqlite
As of: 2026-06-07T08:21:04
Dry run: False
Executed runs: 0
financial_factors skipped at 03:30 | 
not_trading_day(cn_trading_calendar(is_open=0))
daily_brief skipped at 07:20 | not_trading_day(cn_trading_calendar(is_open=0))
hk_market_history skipped at 16:20 | 
not_trading_day(market_calendar_weekday_fallback(scope=hk, weekday=7))
a_share_history skipped at 16:30 | 
not_trading_day(cn_trading_calendar(is_open=0))
us_market_history skipped at 17:10 | 
not_trading_day(market_calendar_weekday_fallback(scope=us, weekday=7))
Maintenance tick started
Maintenance tick complete
State DB: /home/zj/workspace/stok-mapping/data/maintenance/maintenance.sqlite
As of: 2026-06-07T08:22:04
Dry run: False
Executed runs: 0
financial_factors skipped at 03:30 | 
not_trading_day(cn_trading_calendar(is_open=0))
daily_brief skipped at 07:20 | not_trading_day(cn_trading_calendar(is_open=0))
hk_market_history skipped at 16:20 | 
not_trading_day(market_calendar_weekday_fallback(scope=hk, weekday=7))
a_share_history skipped at 16:30 | 
not_trading_day(cn_trading_calendar(is_open=0))
us_market_history skipped at 17:10 | 
not_trading_day(market_calendar_weekday_fallback(scope=us, weekday=7))
Maintenance tick started
Maintenance tick complete
State DB: /home/zj/workspace/stok-mapping/data/maintenance/maintenance.sqlite
As of: 2026-06-07T08:23:04
Dry run: False
Executed runs: 0
financial_factors skipped at 03:30 | 
not_trading_day(cn_trading_calendar(is_open=0))
daily_brief skipped at 07:20 | not_trading_day(cn_trading_calendar(is_open=0))
hk_market_history skipped at 16:20 | 
not_trading_day(market_calendar_weekday_fallback(scope=hk, weekday=7))
a_share_history skipped at 16:30 | 
not_trading_day(cn_trading_calendar(is_open=0))
us_market_history skipped at 17:10 | 
not_trading_day(market_calendar_weekday_fallback(scope=us, weekday=7))
Maintenance tick started
Maintenance tick complete
State DB: /home/zj/workspace/stok-mapping/data/maintenance/maintenance.sqlite
As of: 2026-06-07T08:24:02
Dry run: False
Executed runs: 0
financial_factors skipped at 03:30 | 
not_trading_day(cn_trading_calendar(is_open=0))
daily_brief skipped at 07:20 | not_trading_day(cn_trading_calendar(is_open=0))
hk_market_history skipped at 16:20 | 
not_trading_day(market_calendar_weekday_fallback(scope=hk, weekday=7))
a_share_history skipped at 16:30 | 
not_trading_day(cn_trading_calendar(is_open=0))
us_market_history skipped at 17:10 | 
not_trading_day(market_calendar_weekday_fallback(scope=us, weekday=7))
Maintenance tick started
Maintenance tick complete
State DB: /home/zj/workspace/stok-mapping/data/maintenance/maintenance.sqlite
As of: 2026-06-07T08:25:04
Dry run: False
Executed runs: 0
financial_factors skipped at 03:30 | 
not_trading_day(cn_trading_calendar(is_open=0))
daily_brief skipped at 07:20 | not_trading_day(cn_trading_calendar(is_open=0))
hk_market_history skipped at 16:20 | 
not_trading_day(market_calendar_weekday_fallback(scope=hk, weekday=7))
a_share_history skipped at 16:30 | 
not_trading_day(cn_trading_calendar(is_open=0))
us_market_history skipped at 17:10 | 
not_trading_day(market_calendar_weekday_fallback(scope=us, weekday=7))
Maintenance tick started
Maintenance tick complete
State DB: /home/zj/workspace/stok-mapping/data/maintenance/maintenance.sqlite
As of: 2026-06-07T08:26:02
Dry run: False
Executed runs: 0
financial_factors skipped at 03:30 | 
not_trading_day(cn_trading_calendar(is_open=0))
daily_brief skipped at 07:20 | not_trading_day(cn_trading_calendar(is_open=0))
hk_market_history skipped at 16:20 | 
not_trading_day(market_calendar_weekday_fallback(scope=hk, weekday=7))
a_share_history skipped at 16:30 | 
not_trading_day(cn_trading_calendar(is_open=0))
us_market_history skipped at 17:10 | 
not_trading_day(market_calendar_weekday_fallback(scope=us, weekday=7))
Maintenance tick started
Maintenance tick complete
State DB: /home/zj/workspace/stok-mapping/data/maintenance/maintenance.sqlite
As of: 2026-06-07T08:27:03
Dry run: False
Executed runs: 0
financial_factors skipped at 03:30 | 
not_trading_day(cn_trading_calendar(is_open=0))
daily_brief skipped at 07:20 | not_trading_day(cn_trading_calendar(is_open=0))
hk_market_history skipped at 16:20 | 
not_trading_day(market_calendar_weekday_fallback(scope=hk, weekday=7))
a_share_history skipped at 16:30 | 
not_trading_day(cn_trading_calendar(is_open=0))
us_market_history skipped at 17:10 | 
not_trading_day(market_calendar_weekday_fallback(scope=us, weekday=7))
Maintenance tick started
Maintenance tick complete
State DB: /home/zj/workspace/stok-mapping/data/maintenance/maintenance.sqlite
As of: 2026-06-07T08:28:02
Dry run: False
Executed runs: 0
financial_factors skipped at 03:30 | 
not_trading_day(cn_trading_calendar(is_open=0))
daily_brief skipped at 07:20 | not_trading_day(cn_trading_calendar(is_open=0))
hk_market_history skipped at 16:20 | 
not_trading_day(market_calendar_weekday_fallback(scope=hk, weekday=7))
a_share_history skipped at 16:30 | 
not_trading_day(cn_trading_calendar(is_open=0))
us_market_history skipped at 17:10 | 
not_trading_day(market_calendar_weekday_fallback(scope=us, weekday=7))
Maintenance tick started
Maintenance tick complete
State DB: /home/zj/workspace/stok-mapping/data/maintenance/maintenance.sqlite
As of: 2026-06-07T08:29:03
Dry run: False
Executed runs: 0
financial_factors skipped at 03:30 | 
not_trading_day(cn_trading_calendar(is_open=0))
daily_brief skipped at 07:20 | not_trading_day(cn_trading_calendar(is_open=0))
hk_market_history skipped at 16:20 | 
not_trading_day(market_calendar_weekday_fallback(scope=hk, weekday=7))
a_share_history skipped at 16:30 | 
not_trading_day(cn_trading_calendar(is_open=0))
us_market_history skipped at 17:10 | 
not_trading_day(market_calendar_weekday_fallback(scope=us, weekday=7))
Maintenance tick started
Maintenance tick complete
State DB: /home/zj/workspace/stok-mapping/data/maintenance/maintenance.sqlite
As of: 2026-06-07T08:30:03
Dry run: False
Executed runs: 0
financial_factors skipped at 03:30 | 
not_trading_day(cn_trading_calendar(is_open=0))
daily_brief skipped at 07:20 | not_trading_day(cn_trading_calendar(is_open=0))
hk_market_history skipped at 16:20 | 
not_trading_day(market_calendar_weekday_fallback(scope=hk, weekday=7))
a_share_history skipped at 16:30 | 
not_trading_day(cn_trading_calendar(is_open=0))
us_market_history skipped at 17:10 | 
not_trading_day(market_calendar_weekday_fallback(scope=us, weekday=7))
Maintenance tick started
Maintenance tick complete
State DB: /home/zj/workspace/stok-mapping/data/maintenance/maintenance.sqlite
As of: 2026-06-07T08:31:03
Dry run: False
Executed runs: 0
financial_factors skipped at 03:30 | 
not_trading_day(cn_trading_calendar(is_open=0))
daily_brief skipped at 07:20 | not_trading_day(cn_trading_calendar(is_open=0))
hk_market_history skipped at 16:20 | 
not_trading_day(market_calendar_weekday_fallback(scope=hk, weekday=7))
a_share_history skipped at 16:30 | 
not_trading_day(cn_trading_calendar(is_open=0))
us_market_history skipped at 17:10 | 
not_trading_day(market_calendar_weekday_fallback(scope=us, weekday=7))
Maintenance tick started
Maintenance tick complete
State DB: /home/zj/workspace/stok-mapping/data/maintenance/maintenance.sqlite
As of: 2026-06-07T08:32:03
Dry run: False
Executed runs: 0
financial_factors skipped at 03:30 | 
not_trading_day(cn_trading_calendar(is_open=0))
daily_brief skipped at 07:20 | not_trading_day(cn_trading_calendar(is_open=0))
hk_market_history skipped at 16:20 | 
not_trading_day(market_calendar_weekday_fallback(scope=hk, weekday=7))
a_share_history skipped at 16:30 | 
not_trading_day(cn_trading_calendar(is_open=0))
us_market_history skipped at 17:10 | 
not_trading_day(market_calendar_weekday_fallback(scope=us, weekday=7))
Maintenance tick started
Maintenance tick complete
State DB: /home/zj/workspace/stok-mapping/data/maintenance/maintenance.sqlite
As of: 2026-06-07T08:33:03
Dry run: False
Executed runs: 0
financial_factors skipped at 03:30 | 
not_trading_day(cn_trading_calendar(is_open=0))
daily_brief skipped at 07:20 | not_trading_day(cn_trading_calendar(is_open=0))
hk_market_history skipped at 16:20 | 
not_trading_day(market_calendar_weekday_fallback(scope=hk, weekday=7))
a_share_history skipped at 16:30 | 
not_trading_day(cn_trading_calendar(is_open=0))
us_market_history skipped at 17:10 | 
not_trading_day(market_calendar_weekday_fallback(scope=us, weekday=7))
Maintenance tick started
Maintenance tick complete
State DB: /home/zj/workspace/stok-mapping/data/maintenance/maintenance.sqlite
As of: 2026-06-07T08:34:02
Dry run: False
Executed runs: 0
financial_factors skipped at 03:30 | 
not_trading_day(cn_trading_calendar(is_open=0))
daily_brief skipped at 07:20 | not_trading_day(cn_trading_calendar(is_open=0))
hk_market_history skipped at 16:20 | 
not_trading_day(market_calendar_weekday_fallback(scope=hk, weekday=7))
a_share_history skipped at 16:30 | 
not_trading_day(cn_trading_calendar(is_open=0))
us_market_history skipped at 17:10 | 
not_trading_day(market_calendar_weekday_fallback(scope=us, weekday=7))
Maintenance tick started
Maintenance tick complete
State DB: /home/zj/workspace/stok-mapping/data/maintenance/maintenance.sqlite
As of: 2026-06-07T08:35:03
Dry run: False
Executed runs: 0
financial_factors skipped at 03:30 | 
not_trading_day(cn_trading_calendar(is_open=0))
daily_brief skipped at 07:20 | not_trading_day(cn_trading_calendar(is_open=0))
hk_market_history skipped at 16:20 | 
not_trading_day(market_calendar_weekday_fallback(scope=hk, weekday=7))
a_share_history skipped at 16:30 | 
not_trading_day(cn_trading_calendar(is_open=0))
us_market_history skipped at 17:10 | 
not_trading_day(market_calendar_weekday_fallback(scope=us, weekday=7))
Maintenance tick started
Maintenance tick complete
State DB: /home/zj/workspace/stok-mapping/data/maintenance/maintenance.sqlite
As of: 2026-06-07T08:36:03
Dry run: False
Executed runs: 0
financial_factors skipped at 03:30 | 
not_trading_day(cn_trading_calendar(is_open=0))
daily_brief skipped at 07:20 | not_trading_day(cn_trading_calendar(is_open=0))
hk_market_history skipped at 16:20 | 
not_trading_day(market_calendar_weekday_fallback(scope=hk, weekday=7))
a_share_history skipped at 16:30 | 
not_trading_day(cn_trading_calendar(is_open=0))
us_market_history skipped at 17:10 | 
not_trading_day(market_calendar_weekday_fallback(scope=us, weekday=7))
Maintenance tick started
Maintenance tick complete
State DB: /home/zj/workspace/stok-mapping/data/maintenance/maintenance.sqlite
As of: 2026-06-07T08:37:03
Dry run: False
Executed runs: 0
financial_factors skipped at 03:30 | 
not_trading_day(cn_trading_calendar(is_open=0))
daily_brief skipped at 07:20 | not_trading_day(cn_trading_calendar(is_open=0))
hk_market_history skipped at 16:20 | 
not_trading_day(market_calendar_weekday_fallback(scope=hk, weekday=7))
a_share_history skipped at 16:30 | 
not_trading_day(cn_trading_calendar(is_open=0))
us_market_history skipped at 17:10 | 
not_trading_day(market_calendar_weekday_fallback(scope=us, weekday=7))
Maintenance tick started
Maintenance tick complete
State DB: /home/zj/workspace/stok-mapping/data/maintenance/maintenance.sqlite
As of: 2026-06-07T08:38:03
Dry run: False
Executed runs: 0
financial_factors skipped at 03:30 | 
not_trading_day(cn_trading_calendar(is_open=0))
daily_brief skipped at 07:20 | not_trading_day(cn_trading_calendar(is_open=0))
hk_market_history skipped at 16:20 | 
not_trading_day(market_calendar_weekday_fallback(scope=hk, weekday=7))
a_share_history skipped at 16:30 | 
not_trading_day(cn_trading_calendar(is_open=0))
us_market_history skipped at 17:10 | 
not_trading_day(market_calendar_weekday_fallback(scope=us, weekday=7))
Maintenance tick started
Maintenance tick complete
State DB: /home/zj/workspace/stok-mapping/data/maintenance/maintenance.sqlite
As of: 2026-06-07T08:39:04
Dry run: False
Executed runs: 0
financial_factors skipped at 03:30 | 
not_trading_day(cn_trading_calendar(is_open=0))
daily_brief skipped at 07:20 | not_trading_day(cn_trading_calendar(is_open=0))
hk_market_history skipped at 16:20 | 
not_trading_day(market_calendar_weekday_fallback(scope=hk, weekday=7))
a_share_history skipped at 16:30 | 
not_trading_day(cn_trading_calendar(is_open=0))
us_market_history skipped at 17:10 | 
not_trading_day(market_calendar_weekday_fallback(scope=us, weekday=7))
Maintenance tick started
Maintenance tick complete
State DB: /home/zj/workspace/stok-mapping/data/maintenance/maintenance.sqlite
As of: 2026-06-07T08:40:02
Dry run: False
Executed runs: 0
financial_factors skipped at 03:30 | 
not_trading_day(cn_trading_calendar(is_open=0))
daily_brief skipped at 07:20 | not_trading_day(cn_trading_calendar(is_open=0))
hk_market_history skipped at 16:20 | 
not_trading_day(market_calendar_weekday_fallback(scope=hk, weekday=7))
a_share_history skipped at 16:30 | 
not_trading_day(cn_trading_calendar(is_open=0))
us_market_history skipped at 17:10 | 
not_trading_day(market_calendar_weekday_fallback(scope=us, weekday=7))
Maintenance tick started
Maintenance tick complete
State DB: /home/zj/workspace/stok-mapping/data/maintenance/maintenance.sqlite
As of: 2026-06-07T08:41:03
Dry run: False
Executed runs: 0
financial_factors skipped at 03:30 | 
not_trading_day(cn_trading_calendar(is_open=0))
daily_brief skipped at 07:20 | not_trading_day(cn_trading_calendar(is_open=0))
hk_market_history skipped at 16:20 | 
not_trading_day(market_calendar_weekday_fallback(scope=hk, weekday=7))
a_share_history skipped at 16:30 | 
not_trading_day(cn_trading_calendar(is_open=0))
us_market_history skipped at 17:10 | 
not_trading_day(market_calendar_weekday_fallback(scope=us, weekday=7))
Maintenance tick started
Maintenance tick complete
State DB: /home/zj/workspace/stok-mapping/data/maintenance/maintenance.sqlite
As of: 2026-06-07T08:42:05
Dry run: False
Executed runs: 0
financial_factors skipped at 03:30 | 
not_trading_day(cn_trading_calendar(is_open=0))
daily_brief skipped at 07:20 | not_trading_day(cn_trading_calendar(is_open=0))
hk_market_history skipped at 16:20 | 
not_trading_day(market_calendar_weekday_fallback(scope=hk, weekday=7))
a_share_history skipped at 16:30 | 
not_trading_day(cn_trading_calendar(is_open=0))
us_market_history skipped at 17:10 | 
not_trading_day(market_calendar_weekday_fallback(scope=us, weekday=7))
Maintenance tick started
Maintenance tick complete
State DB: /home/zj/workspace/stok-mapping/data/maintenance/maintenance.sqlite
As of: 2026-06-07T08:43:04
Dry run: False
Executed runs: 0
financial_factors skipped at 03:30 | 
not_trading_day(cn_trading_calendar(is_open=0))
daily_brief skipped at 07:20 | not_trading_day(cn_trading_calendar(is_open=0))
hk_market_history skipped at 16:20 | 
not_trading_day(market_calendar_weekday_fallback(scope=hk, weekday=7))
a_share_history skipped at 16:30 | 
not_trading_day(cn_trading_calendar(is_open=0))
us_market_history skipped at 17:10 | 
not_trading_day(market_calendar_weekday_fallback(scope=us, weekday=7))
Maintenance tick started
Maintenance tick complete
State DB: /home/zj/workspace/stok-mapping/data/maintenance/maintenance.sqlite
As of: 2026-06-07T08:44:03
Dry run: False
Executed runs: 0
financial_factors skipped at 03:30 | 
not_trading_day(cn_trading_calendar(is_open=0))
daily_brief skipped at 07:20 | not_trading_day(cn_trading_calendar(is_open=0))
hk_market_history skipped at 16:20 | 
not_trading_day(market_calendar_weekday_fallback(scope=hk, weekday=7))
a_share_history skipped at 16:30 | 
not_trading_day(cn_trading_calendar(is_open=0))
us_market_history skipped at 17:10 | 
not_trading_day(market_calendar_weekday_fallback(scope=us, weekday=7))
Maintenance tick started
Maintenance tick complete
State DB: /home/zj/workspace/stok-mapping/data/maintenance/maintenance.sqlite
As of: 2026-06-07T08:45:03
Dry run: False
Executed runs: 0
financial_factors skipped at 03:30 | 
not_trading_day(cn_trading_calendar(is_open=0))
daily_brief skipped at 07:20 | not_trading_day(cn_trading_calendar(is_open=0))
hk_market_history skipped at 16:20 | 
not_trading_day(market_calendar_weekday_fallback(scope=hk, weekday=7))
a_share_history skipped at 16:30 | 
not_trading_day(cn_trading_calendar(is_open=0))
us_market_history skipped at 17:10 | 
not_trading_day(market_calendar_weekday_fallback(scope=us, weekday=7))
Maintenance tick started
Maintenance tick complete
State DB: /home/zj/workspace/stok-mapping/data/maintenance/maintenance.sqlite
As of: 2026-06-07T08:46:02
Dry run: False
Executed runs: 0
financial_factors skipped at 03:30 | 
not_trading_day(cn_trading_calendar(is_open=0))
daily_brief skipped at 07:20 | not_trading_day(cn_trading_calendar(is_open=0))
hk_market_history skipped at 16:20 | 
not_trading_day(market_calendar_weekday_fallback(scope=hk, weekday=7))
a_share_history skipped at 16:30 | 
not_trading_day(cn_trading_calendar(is_open=0))
us_market_history skipped at 17:10 | 
not_trading_day(market_calendar_weekday_fallback(scope=us, weekday=7))
Maintenance tick started
Maintenance tick complete
State DB: /home/zj/workspace/stok-mapping/data/maintenance/maintenance.sqlite
As of: 2026-06-07T08:47:02
Dry run: False
Executed runs: 0
financial_factors skipped at 03:30 | 
not_trading_day(cn_trading_calendar(is_open=0))
daily_brief skipped at 07:20 | not_trading_day(cn_trading_calendar(is_open=0))
hk_market_history skipped at 16:20 | 
not_trading_day(market_calendar_weekday_fallback(scope=hk, weekday=7))
a_share_history skipped at 16:30 | 
not_trading_day(cn_trading_calendar(is_open=0))
us_market_history skipped at 17:10 | 
not_trading_day(market_calendar_weekday_fallback(scope=us, weekday=7))
Maintenance tick started
Maintenance tick complete
State DB: /home/zj/workspace/stok-mapping/data/maintenance/maintenance.sqlite
As of: 2026-06-07T08:48:02
Dry run: False
Executed runs: 0
financial_factors skipped at 03:30 | 
not_trading_day(cn_trading_calendar(is_open=0))
daily_brief skipped at 07:20 | not_trading_day(cn_trading_calendar(is_open=0))
hk_market_history skipped at 16:20 | 
not_trading_day(market_calendar_weekday_fallback(scope=hk, weekday=7))
a_share_history skipped at 16:30 | 
not_trading_day(cn_trading_calendar(is_open=0))
us_market_history skipped at 17:10 | 
not_trading_day(market_calendar_weekday_fallback(scope=us, weekday=7))
Maintenance tick started
Maintenance tick complete
State DB: /home/zj/workspace/stok-mapping/data/maintenance/maintenance.sqlite
As of: 2026-06-07T08:49:08
Dry run: False
Executed runs: 0
financial_factors skipped at 03:30 | 
not_trading_day(cn_trading_calendar(is_open=0))
daily_brief skipped at 07:20 | not_trading_day(cn_trading_calendar(is_open=0))
hk_market_history skipped at 16:20 | 
not_trading_day(market_calendar_weekday_fallback(scope=hk, weekday=7))
a_share_history skipped at 16:30 | 
not_trading_day(cn_trading_calendar(is_open=0))
us_market_history skipped at 17:10 | 
not_trading_day(market_calendar_weekday_fallback(scope=us, weekday=7))
Maintenance tick started
Maintenance tick complete
State DB: /home/zj/workspace/stok-mapping/data/maintenance/maintenance.sqlite
As of: 2026-06-07T08:50:06
Dry run: False
Executed runs: 0
financial_factors skipped at 03:30 | 
not_trading_day(cn_trading_calendar(is_open=0))
daily_brief skipped at 07:20 | not_trading_day(cn_trading_calendar(is_open=0))
hk_market_history skipped at 16:20 | 
not_trading_day(market_calendar_weekday_fallback(scope=hk, weekday=7))
a_share_history skipped at 16:30 | 
not_trading_day(cn_trading_calendar(is_open=0))
us_market_history skipped at 17:10 | 
not_trading_day(market_calendar_weekday_fallback(scope=us, weekday=7))
Maintenance tick started
Maintenance tick complete
State DB: /home/zj/workspace/stok-mapping/data/maintenance/maintenance.sqlite
As of: 2026-06-07T08:51:02
Dry run: False
Executed runs: 0
financial_factors skipped at 03:30 | 
not_trading_day(cn_trading_calendar(is_open=0))
daily_brief skipped at 07:20 | not_trading_day(cn_trading_calendar(is_open=0))
hk_market_history skipped at 16:20 | 
not_trading_day(market_calendar_weekday_fallback(scope=hk, weekday=7))
a_share_history skipped at 16:30 | 
not_trading_day(cn_trading_calendar(is_open=0))
us_market_history skipped at 17:10 | 
not_trading_day(market_calendar_weekday_fallback(scope=us, weekday=7))
Maintenance tick started
Maintenance tick complete
State DB: /home/zj/workspace/stok-mapping/data/maintenance/maintenance.sqlite
As of: 2026-06-07T08:52:03
Dry run: False
Executed runs: 0
financial_factors skipped at 03:30 | 
not_trading_day(cn_trading_calendar(is_open=0))
daily_brief skipped at 07:20 | not_trading_day(cn_trading_calendar(is_open=0))
hk_market_history skipped at 16:20 | 
not_trading_day(market_calendar_weekday_fallback(scope=hk, weekday=7))
a_share_history skipped at 16:30 | 
not_trading_day(cn_trading_calendar(is_open=0))
us_market_history skipped at 17:10 | 
not_trading_day(market_calendar_weekday_fallback(scope=us, weekday=7))
Maintenance tick started
Maintenance tick complete
State DB: /home/zj/workspace/stok-mapping/data/maintenance/maintenance.sqlite
As of: 2026-06-07T08:53:02
Dry run: False
Executed runs: 0
financial_factors skipped at 03:30 | 
not_trading_day(cn_trading_calendar(is_open=0))
daily_brief skipped at 07:20 | not_trading_day(cn_trading_calendar(is_open=0))
hk_market_history skipped at 16:20 | 
not_trading_day(market_calendar_weekday_fallback(scope=hk, weekday=7))
a_share_history skipped at 16:30 | 
not_trading_day(cn_trading_calendar(is_open=0))
us_market_history skipped at 17:10 | 
not_trading_day(market_calendar_weekday_fallback(scope=us, weekday=7))
Maintenance tick started
Maintenance tick complete
State DB: /home/zj/workspace/stok-mapping/data/maintenance/maintenance.sqlite
As of: 2026-06-07T08:54:03
Dry run: False
Executed runs: 0
financial_factors skipped at 03:30 | 
not_trading_day(cn_trading_calendar(is_open=0))
daily_brief skipped at 07:20 | not_trading_day(cn_trading_calendar(is_open=0))
hk_market_history skipped at 16:20 | 
not_trading_day(market_calendar_weekday_fallback(scope=hk, weekday=7))
a_share_history skipped at 16:30 | 
not_trading_day(cn_trading_calendar(is_open=0))
us_market_history skipped at 17:10 | 
not_trading_day(market_calendar_weekday_fallback(scope=us, weekday=7))
Maintenance tick started
Maintenance tick complete
State DB: /home/zj/workspace/stok-mapping/data/maintenance/maintenance.sqlite
As of: 2026-06-07T08:55:03
Dry run: False
Executed runs: 0
financial_factors skipped at 03:30 | 
not_trading_day(cn_trading_calendar(is_open=0))
daily_brief skipped at 07:20 | not_trading_day(cn_trading_calendar(is_open=0))
hk_market_history skipped at 16:20 | 
not_trading_day(market_calendar_weekday_fallback(scope=hk, weekday=7))
a_share_history skipped at 16:30 | 
not_trading_day(cn_trading_calendar(is_open=0))
us_market_history skipped at 17:10 | 
not_trading_day(market_calendar_weekday_fallback(scope=us, weekday=7))
Maintenance tick started
Maintenance tick complete
State DB: /home/zj/workspace/stok-mapping/data/maintenance/maintenance.sqlite
As of: 2026-06-07T08:56:03
Dry run: False
Executed runs: 0
financial_factors skipped at 03:30 | 
not_trading_day(cn_trading_calendar(is_open=0))
daily_brief skipped at 07:20 | not_trading_day(cn_trading_calendar(is_open=0))
hk_market_history skipped at 16:20 | 
not_trading_day(market_calendar_weekday_fallback(scope=hk, weekday=7))
a_share_history skipped at 16:30 | 
not_trading_day(cn_trading_calendar(is_open=0))
us_market_history skipped at 17:10 | 
not_trading_day(market_calendar_weekday_fallback(scope=us, weekday=7))
Maintenance tick started
Maintenance tick complete
State DB: /home/zj/workspace/stok-mapping/data/maintenance/maintenance.sqlite
As of: 2026-06-07T08:57:02
Dry run: False
Executed runs: 0
financial_factors skipped at 03:30 | 
not_trading_day(cn_trading_calendar(is_open=0))
daily_brief skipped at 07:20 | not_trading_day(cn_trading_calendar(is_open=0))
hk_market_history skipped at 16:20 | 
not_trading_day(market_calendar_weekday_fallback(scope=hk, weekday=7))
a_share_history skipped at 16:30 | 
not_trading_day(cn_trading_calendar(is_open=0))
us_market_history skipped at 17:10 | 
not_trading_day(market_calendar_weekday_fallback(scope=us, weekday=7))
Maintenance tick started
Maintenance tick complete
State DB: /home/zj/workspace/stok-mapping/data/maintenance/maintenance.sqlite
As of: 2026-06-07T08:58:03
Dry run: False
Executed runs: 0
financial_factors skipped at 03:30 | 
not_trading_day(cn_trading_calendar(is_open=0))
daily_brief skipped at 07:20 | not_trading_day(cn_trading_calendar(is_open=0))
hk_market_history skipped at 16:20 | 
not_trading_day(market_calendar_weekday_fallback(scope=hk, weekday=7))
a_share_history skipped at 16:30 | 
not_trading_day(cn_trading_calendar(is_open=0))
us_market_history skipped at 17:10 | 
not_trading_day(market_calendar_weekday_fallback(scope=us, weekday=7))
Maintenance tick started
Maintenance tick complete
State DB: /home/zj/workspace/stok-mapping/data/maintenance/maintenance.sqlite
As of: 2026-06-07T08:59:02
Dry run: False
Executed runs: 0
financial_factors skipped at 03:30 | 
not_trading_day(cn_trading_calendar(is_open=0))
daily_brief skipped at 07:20 | not_trading_day(cn_trading_calendar(is_open=0))
hk_market_history skipped at 16:20 | 
not_trading_day(market_calendar_weekday_fallback(scope=hk, weekday=7))
a_share_history skipped at 16:30 | 
not_trading_day(cn_trading_calendar(is_open=0))
us_market_history skipped at 17:10 | 
not_trading_day(market_calendar_weekday_fallback(scope=us, weekday=7))
Maintenance tick started
Maintenance tick complete
State DB: /home/zj/workspace/stok-mapping/data/maintenance/maintenance.sqlite
As of: 2026-06-07T09:00:03
Dry run: False
Executed runs: 0
financial_factors skipped at 03:30 | 
not_trading_day(cn_trading_calendar(is_open=0))
daily_brief skipped at 07:20 | not_trading_day(cn_trading_calendar(is_open=0))
hk_market_history skipped at 16:20 | 
not_trading_day(market_calendar_weekday_fallback(scope=hk, weekday=7))
a_share_history skipped at 16:30 | 
not_trading_day(cn_trading_calendar(is_open=0))
us_market_history skipped at 17:10 | 
not_trading_day(market_calendar_weekday_fallback(scope=us, weekday=7))
Maintenance tick started
Maintenance tick complete
State DB: /home/zj/workspace/stok-mapping/data/maintenance/maintenance.sqlite
As of: 2026-06-07T09:01:03
Dry run: False
Executed runs: 0
financial_factors skipped at 03:30 | 
not_trading_day(cn_trading_calendar(is_open=0))
daily_brief skipped at 07:20 | not_trading_day(cn_trading_calendar(is_open=0))
hk_market_history skipped at 16:20 | 
not_trading_day(market_calendar_weekday_fallback(scope=hk, weekday=7))
a_share_history skipped at 16:30 | 
not_trading_day(cn_trading_calendar(is_open=0))
us_market_history skipped at 17:10 | 
not_trading_day(market_calendar_weekday_fallback(scope=us, weekday=7))
Maintenance tick started
Maintenance tick complete
State DB: /home/zj/workspace/stok-mapping/data/maintenance/maintenance.sqlite
As of: 2026-06-07T09:02:04
Dry run: False
Executed runs: 0
financial_factors skipped at 03:30 | 
not_trading_day(cn_trading_calendar(is_open=0))
daily_brief skipped at 07:20 | not_trading_day(cn_trading_calendar(is_open=0))
hk_market_history skipped at 16:20 | 
not_trading_day(market_calendar_weekday_fallback(scope=hk, weekday=7))
a_share_history skipped at 16:30 | 
not_trading_day(cn_trading_calendar(is_open=0))
us_market_history skipped at 17:10 | 
not_trading_day(market_calendar_weekday_fallback(scope=us, weekday=7))
Maintenance tick started
Maintenance tick complete
State DB: /home/zj/workspace/stok-mapping/data/maintenance/maintenance.sqlite
As of: 2026-06-07T09:03:04
Dry run: False
Executed runs: 0
financial_factors skipped at 03:30 | 
not_trading_day(cn_trading_calendar(is_open=0))
daily_brief skipped at 07:20 | not_trading_day(cn_trading_calendar(is_open=0))
hk_market_history skipped at 16:20 | 
not_trading_day(market_calendar_weekday_fallback(scope=hk, weekday=7))
a_share_history skipped at 16:30 | 
not_trading_day(cn_trading_calendar(is_open=0))
us_market_history skipped at 17:10 | 
not_trading_day(market_calendar_weekday_fallback(scope=us, weekday=7))
Maintenance tick started
Maintenance tick complete
State DB: /home/zj/workspace/stok-mapping/data/maintenance/maintenance.sqlite
As of: 2026-06-07T09:04:02
Dry run: False
Executed runs: 0
financial_factors skipped at 03:30 | 
not_trading_day(cn_trading_calendar(is_open=0))
daily_brief skipped at 07:20 | not_trading_day(cn_trading_calendar(is_open=0))
hk_market_history skipped at 16:20 | 
not_trading_day(market_calendar_weekday_fallback(scope=hk, weekday=7))
a_share_history skipped at 16:30 | 
not_trading_day(cn_trading_calendar(is_open=0))
us_market_history skipped at 17:10 | 
not_trading_day(market_calendar_weekday_fallback(scope=us, weekday=7))
Maintenance tick started
Maintenance tick complete
State DB: /home/zj/workspace/stok-mapping/data/maintenance/maintenance.sqlite
As of: 2026-06-07T09:05:04
Dry run: False
Executed runs: 0
financial_factors skipped at 03:30 | 
not_trading_day(cn_trading_calendar(is_open=0))
daily_brief skipped at 07:20 | not_trading_day(cn_trading_calendar(is_open=0))
hk_market_history skipped at 16:20 | 
not_trading_day(market_calendar_weekday_fallback(scope=hk, weekday=7))
a_share_history skipped at 16:30 | 
not_trading_day(cn_trading_calendar(is_open=0))
us_market_history skipped at 17:10 | 
not_trading_day(market_calendar_weekday_fallback(scope=us, weekday=7))
Maintenance tick started
Maintenance tick complete
State DB: /home/zj/workspace/stok-mapping/data/maintenance/maintenance.sqlite
As of: 2026-06-07T09:06:03
Dry run: False
Executed runs: 0
financial_factors skipped at 03:30 | 
not_trading_day(cn_trading_calendar(is_open=0))
daily_brief skipped at 07:20 | not_trading_day(cn_trading_calendar(is_open=0))
hk_market_history skipped at 16:20 | 
not_trading_day(market_calendar_weekday_fallback(scope=hk, weekday=7))
a_share_history skipped at 16:30 | 
not_trading_day(cn_trading_calendar(is_open=0))
us_market_history skipped at 17:10 | 
not_trading_day(market_calendar_weekday_fallback(scope=us, weekday=7))
Maintenance tick started
Maintenance tick complete
State DB: /home/zj/workspace/stok-mapping/data/maintenance/maintenance.sqlite
As of: 2026-06-07T09:07:02
Dry run: False
Executed runs: 0
financial_factors skipped at 03:30 | 
not_trading_day(cn_trading_calendar(is_open=0))
daily_brief skipped at 07:20 | not_trading_day(cn_trading_calendar(is_open=0))
hk_market_history skipped at 16:20 | 
not_trading_day(market_calendar_weekday_fallback(scope=hk, weekday=7))
a_share_history skipped at 16:30 | 
not_trading_day(cn_trading_calendar(is_open=0))
us_market_history skipped at 17:10 | 
not_trading_day(market_calendar_weekday_fallback(scope=us, weekday=7))
Maintenance tick started
Maintenance tick complete
State DB: /home/zj/workspace/stok-mapping/data/maintenance/maintenance.sqlite
As of: 2026-06-07T09:08:03
Dry run: False
Executed runs: 0
financial_factors skipped at 03:30 | 
not_trading_day(cn_trading_calendar(is_open=0))
daily_brief skipped at 07:20 | not_trading_day(cn_trading_calendar(is_open=0))
hk_market_history skipped at 16:20 | 
not_trading_day(market_calendar_weekday_fallback(scope=hk, weekday=7))
a_share_history skipped at 16:30 | 
not_trading_day(cn_trading_calendar(is_open=0))
us_market_history skipped at 17:10 | 
not_trading_day(market_calendar_weekday_fallback(scope=us, weekday=7))
Maintenance tick started
Maintenance tick complete
State DB: /home/zj/workspace/stok-mapping/data/maintenance/maintenance.sqlite
As of: 2026-06-07T09:09:02
Dry run: False
Executed runs: 0
financial_factors skipped at 03:30 | 
not_trading_day(cn_trading_calendar(is_open=0))
daily_brief skipped at 07:20 | not_trading_day(cn_trading_calendar(is_open=0))
hk_market_history skipped at 16:20 | 
not_trading_day(market_calendar_weekday_fallback(scope=hk, weekday=7))
a_share_history skipped at 16:30 | 
not_trading_day(cn_trading_calendar(is_open=0))
us_market_history skipped at 17:10 | 
not_trading_day(market_calendar_weekday_fallback(scope=us, weekday=7))
Maintenance tick started
Maintenance tick complete
State DB: /home/zj/workspace/stok-mapping/data/maintenance/maintenance.sqlite
As of: 2026-06-07T09:10:02
Dry run: False
Executed runs: 0
financial_factors skipped at 03:30 | 
not_trading_day(cn_trading_calendar(is_open=0))
daily_brief skipped at 07:20 | not_trading_day(cn_trading_calendar(is_open=0))
hk_market_history skipped at 16:20 | 
not_trading_day(market_calendar_weekday_fallback(scope=hk, weekday=7))
a_share_history skipped at 16:30 | 
not_trading_day(cn_trading_calendar(is_open=0))
us_market_history skipped at 17:10 | 
not_trading_day(market_calendar_weekday_fallback(scope=us, weekday=7))
Maintenance tick started
Maintenance tick complete
State DB: /home/zj/workspace/stok-mapping/data/maintenance/maintenance.sqlite
As of: 2026-06-07T09:11:02
Dry run: False
Executed runs: 0
financial_factors skipped at 03:30 | 
not_trading_day(cn_trading_calendar(is_open=0))
daily_brief skipped at 07:20 | not_trading_day(cn_trading_calendar(is_open=0))
hk_market_history skipped at 16:20 | 
not_trading_day(market_calendar_weekday_fallback(scope=hk, weekday=7))
a_share_history skipped at 16:30 | 
not_trading_day(cn_trading_calendar(is_open=0))
us_market_history skipped at 17:10 | 
not_trading_day(market_calendar_weekday_fallback(scope=us, weekday=7))
Maintenance tick started
Maintenance tick complete
State DB: /home/zj/workspace/stok-mapping/data/maintenance/maintenance.sqlite
As of: 2026-06-07T09:12:02
Dry run: False
Executed runs: 0
financial_factors skipped at 03:30 | 
not_trading_day(cn_trading_calendar(is_open=0))
daily_brief skipped at 07:20 | not_trading_day(cn_trading_calendar(is_open=0))
hk_market_history skipped at 16:20 | 
not_trading_day(market_calendar_weekday_fallback(scope=hk, weekday=7))
a_share_history skipped at 16:30 | 
not_trading_day(cn_trading_calendar(is_open=0))
us_market_history skipped at 17:10 | 
not_trading_day(market_calendar_weekday_fallback(scope=us, weekday=7))
Maintenance tick started
Maintenance tick complete
State DB: /home/zj/workspace/stok-mapping/data/maintenance/maintenance.sqlite
As of: 2026-06-07T09:13:03
Dry run: False
Executed runs: 0
financial_factors skipped at 03:30 | 
not_trading_day(cn_trading_calendar(is_open=0))
daily_brief skipped at 07:20 | not_trading_day(cn_trading_calendar(is_open=0))
hk_market_history skipped at 16:20 | 
not_trading_day(market_calendar_weekday_fallback(scope=hk, weekday=7))
a_share_history skipped at 16:30 | 
not_trading_day(cn_trading_calendar(is_open=0))
us_market_history skipped at 17:10 | 
not_trading_day(market_calendar_weekday_fallback(scope=us, weekday=7))
Maintenance tick started
Maintenance tick complete
State DB: /home/zj/workspace/stok-mapping/data/maintenance/maintenance.sqlite
As of: 2026-06-07T09:14:02
Dry run: False
Executed runs: 0
financial_factors skipped at 03:30 | 
not_trading_day(cn_trading_calendar(is_open=0))
daily_brief skipped at 07:20 | not_trading_day(cn_trading_calendar(is_open=0))
hk_market_history skipped at 16:20 | 
not_trading_day(market_calendar_weekday_fallback(scope=hk, weekday=7))
a_share_history skipped at 16:30 | 
not_trading_day(cn_trading_calendar(is_open=0))
us_market_history skipped at 17:10 | 
not_trading_day(market_calendar_weekday_fallback(scope=us, weekday=7))
Maintenance tick started
Maintenance tick complete
State DB: /home/zj/workspace/stok-mapping/data/maintenance/maintenance.sqlite
As of: 2026-06-07T09:15:02
Dry run: False
Executed runs: 0
financial_factors skipped at 03:30 | 
not_trading_day(cn_trading_calendar(is_open=0))
daily_brief skipped at 07:20 | not_trading_day(cn_trading_calendar(is_open=0))
hk_market_history skipped at 16:20 | 
not_trading_day(market_calendar_weekday_fallback(scope=hk, weekday=7))
a_share_history skipped at 16:30 | 
not_trading_day(cn_trading_calendar(is_open=0))
us_market_history skipped at 17:10 | 
not_trading_day(market_calendar_weekday_fallback(scope=us, weekday=7))
Maintenance tick started
Maintenance tick complete
State DB: /home/zj/workspace/stok-mapping/data/maintenance/maintenance.sqlite
As of: 2026-06-07T09:16:01
Dry run: False
Executed runs: 0
financial_factors skipped at 03:30 | 
not_trading_day(cn_trading_calendar(is_open=0))
daily_brief skipped at 07:20 | not_trading_day(cn_trading_calendar(is_open=0))
hk_market_history skipped at 16:20 | 
not_trading_day(market_calendar_weekday_fallback(scope=hk, weekday=7))
a_share_history skipped at 16:30 | 
not_trading_day(cn_trading_calendar(is_open=0))
us_market_history skipped at 17:10 | 
not_trading_day(market_calendar_weekday_fallback(scope=us, weekday=7))
Maintenance tick started
Maintenance tick complete
State DB: /home/zj/workspace/stok-mapping/data/maintenance/maintenance.sqlite
As of: 2026-06-07T09:17:02
Dry run: False
Executed runs: 0
financial_factors skipped at 03:30 | 
not_trading_day(cn_trading_calendar(is_open=0))
daily_brief skipped at 07:20 | not_trading_day(cn_trading_calendar(is_open=0))
hk_market_history skipped at 16:20 | 
not_trading_day(market_calendar_weekday_fallback(scope=hk, weekday=7))
a_share_history skipped at 16:30 | 
not_trading_day(cn_trading_calendar(is_open=0))
us_market_history skipped at 17:10 | 
not_trading_day(market_calendar_weekday_fallback(scope=us, weekday=7))
Maintenance tick started
Maintenance tick complete
State DB: /home/zj/workspace/stok-mapping/data/maintenance/maintenance.sqlite
As of: 2026-06-07T09:18:02
Dry run: False
Executed runs: 0
financial_factors skipped at 03:30 | 
not_trading_day(cn_trading_calendar(is_open=0))
daily_brief skipped at 07:20 | not_trading_day(cn_trading_calendar(is_open=0))
hk_market_history skipped at 16:20 | 
not_trading_day(market_calendar_weekday_fallback(scope=hk, weekday=7))
a_share_history skipped at 16:30 | 
not_trading_day(cn_trading_calendar(is_open=0))
us_market_history skipped at 17:10 | 
not_trading_day(market_calendar_weekday_fallback(scope=us, weekday=7))
Maintenance tick started
Maintenance tick complete
State DB: /home/zj/workspace/stok-mapping/data/maintenance/maintenance.sqlite
As of: 2026-06-07T09:19:02
Dry run: False
Executed runs: 0
financial_factors skipped at 03:30 | 
not_trading_day(cn_trading_calendar(is_open=0))
daily_brief skipped at 07:20 | not_trading_day(cn_trading_calendar(is_open=0))
hk_market_history skipped at 16:20 | 
not_trading_day(market_calendar_weekday_fallback(scope=hk, weekday=7))
a_share_history skipped at 16:30 | 
not_trading_day(cn_trading_calendar(is_open=0))
us_market_history skipped at 17:10 | 
not_trading_day(market_calendar_weekday_fallback(scope=us, weekday=7))
Maintenance tick started
Maintenance tick complete
State DB: /home/zj/workspace/stok-mapping/data/maintenance/maintenance.sqlite
As of: 2026-06-07T09:20:02
Dry run: False
Executed runs: 0
financial_factors skipped at 03:30 | 
not_trading_day(cn_trading_calendar(is_open=0))
daily_brief skipped at 07:20 | not_trading_day(cn_trading_calendar(is_open=0))
hk_market_history skipped at 16:20 | 
not_trading_day(market_calendar_weekday_fallback(scope=hk, weekday=7))
a_share_history skipped at 16:30 | 
not_trading_day(cn_trading_calendar(is_open=0))
us_market_history skipped at 17:10 | 
not_trading_day(market_calendar_weekday_fallback(scope=us, weekday=7))
Maintenance tick started
Maintenance tick complete
State DB: /home/zj/workspace/stok-mapping/data/maintenance/maintenance.sqlite
As of: 2026-06-07T09:21:02
Dry run: False
Executed runs: 0
financial_factors skipped at 03:30 | 
not_trading_day(cn_trading_calendar(is_open=0))
daily_brief skipped at 07:20 | not_trading_day(cn_trading_calendar(is_open=0))
hk_market_history skipped at 16:20 | 
not_trading_day(market_calendar_weekday_fallback(scope=hk, weekday=7))
a_share_history skipped at 16:30 | 
not_trading_day(cn_trading_calendar(is_open=0))
us_market_history skipped at 17:10 | 
not_trading_day(market_calendar_weekday_fallback(scope=us, weekday=7))
Maintenance tick started
Maintenance tick complete
State DB: /home/zj/workspace/stok-mapping/data/maintenance/maintenance.sqlite
As of: 2026-06-07T09:22:02
Dry run: False
Executed runs: 0
financial_factors skipped at 03:30 | 
not_trading_day(cn_trading_calendar(is_open=0))
daily_brief skipped at 07:20 | not_trading_day(cn_trading_calendar(is_open=0))
hk_market_history skipped at 16:20 | 
not_trading_day(market_calendar_weekday_fallback(scope=hk, weekday=7))
a_share_history skipped at 16:30 | 
not_trading_day(cn_trading_calendar(is_open=0))
us_market_history skipped at 17:10 | 
not_trading_day(market_calendar_weekday_fallback(scope=us, weekday=7))
Maintenance tick started
Maintenance tick complete
State DB: /home/zj/workspace/stok-mapping/data/maintenance/maintenance.sqlite
As of: 2026-06-07T09:23:02
Dry run: False
Executed runs: 0
financial_factors skipped at 03:30 | 
not_trading_day(cn_trading_calendar(is_open=0))
daily_brief skipped at 07:20 | not_trading_day(cn_trading_calendar(is_open=0))
hk_market_history skipped at 16:20 | 
not_trading_day(market_calendar_weekday_fallback(scope=hk, weekday=7))
a_share_history skipped at 16:30 | 
not_trading_day(cn_trading_calendar(is_open=0))
us_market_history skipped at 17:10 | 
not_trading_day(market_calendar_weekday_fallback(scope=us, weekday=7))
Maintenance tick started
Maintenance tick complete
State DB: /home/zj/workspace/stok-mapping/data/maintenance/maintenance.sqlite
As of: 2026-06-07T09:24:02
Dry run: False
Executed runs: 0
financial_factors skipped at 03:30 | 
not_trading_day(cn_trading_calendar(is_open=0))
daily_brief skipped at 07:20 | not_trading_day(cn_trading_calendar(is_open=0))
hk_market_history skipped at 16:20 | 
not_trading_day(market_calendar_weekday_fallback(scope=hk, weekday=7))
a_share_history skipped at 16:30 | 
not_trading_day(cn_trading_calendar(is_open=0))
us_market_history skipped at 17:10 | 
not_trading_day(market_calendar_weekday_fallback(scope=us, weekday=7))
Maintenance tick started
Maintenance tick complete
State DB: /home/zj/workspace/stok-mapping/data/maintenance/maintenance.sqlite
As of: 2026-06-07T09:25:02
Dry run: False
Executed runs: 0
financial_factors skipped at 03:30 | 
not_trading_day(cn_trading_calendar(is_open=0))
daily_brief skipped at 07:20 | not_trading_day(cn_trading_calendar(is_open=0))
hk_market_history skipped at 16:20 | 
not_trading_day(market_calendar_weekday_fallback(scope=hk, weekday=7))
a_share_history skipped at 16:30 | 
not_trading_day(cn_trading_calendar(is_open=0))
us_market_history skipped at 17:10 | 
not_trading_day(market_calendar_weekday_fallback(scope=us, weekday=7))
Maintenance tick started
Maintenance tick complete
State DB: /home/zj/workspace/stok-mapping/data/maintenance/maintenance.sqlite
As of: 2026-06-07T09:26:02
Dry run: False
Executed runs: 0
financial_factors skipped at 03:30 | 
not_trading_day(cn_trading_calendar(is_open=0))
daily_brief skipped at 07:20 | not_trading_day(cn_trading_calendar(is_open=0))
hk_market_history skipped at 16:20 | 
not_trading_day(market_calendar_weekday_fallback(scope=hk, weekday=7))
a_share_history skipped at 16:30 | 
not_trading_day(cn_trading_calendar(is_open=0))
us_market_history skipped at 17:10 | 
not_trading_day(market_calendar_weekday_fallback(scope=us, weekday=7))
Maintenance tick started
Maintenance tick complete
State DB: /home/zj/workspace/stok-mapping/data/maintenance/maintenance.sqlite
As of: 2026-06-07T09:27:03
Dry run: False
Executed runs: 0
financial_factors skipped at 03:30 | 
not_trading_day(cn_trading_calendar(is_open=0))
daily_brief skipped at 07:20 | not_trading_day(cn_trading_calendar(is_open=0))
hk_market_history skipped at 16:20 | 
not_trading_day(market_calendar_weekday_fallback(scope=hk, weekday=7))
a_share_history skipped at 16:30 | 
not_trading_day(cn_trading_calendar(is_open=0))
us_market_history skipped at 17:10 | 
not_trading_day(market_calendar_weekday_fallback(scope=us, weekday=7))
Maintenance tick started
Maintenance tick complete
State DB: /home/zj/workspace/stok-mapping/data/maintenance/maintenance.sqlite
As of: 2026-06-07T09:28:02
Dry run: False
Executed runs: 0
financial_factors skipped at 03:30 | 
not_trading_day(cn_trading_calendar(is_open=0))
daily_brief skipped at 07:20 | not_trading_day(cn_trading_calendar(is_open=0))
hk_market_history skipped at 16:20 | 
not_trading_day(market_calendar_weekday_fallback(scope=hk, weekday=7))
a_share_history skipped at 16:30 | 
not_trading_day(cn_trading_calendar(is_open=0))
us_market_history skipped at 17:10 | 
not_trading_day(market_calendar_weekday_fallback(scope=us, weekday=7))
Maintenance tick started
Maintenance tick complete
State DB: /home/zj/workspace/stok-mapping/data/maintenance/maintenance.sqlite
As of: 2026-06-07T09:29:02
Dry run: False
Executed runs: 0
financial_factors skipped at 03:30 | 
not_trading_day(cn_trading_calendar(is_open=0))
daily_brief skipped at 07:20 | not_trading_day(cn_trading_calendar(is_open=0))
hk_market_history skipped at 16:20 | 
not_trading_day(market_calendar_weekday_fallback(scope=hk, weekday=7))
a_share_history skipped at 16:30 | 
not_trading_day(cn_trading_calendar(is_open=0))
us_market_history skipped at 17:10 | 
not_trading_day(market_calendar_weekday_fallback(scope=us, weekday=7))
Maintenance tick started
Maintenance tick complete
State DB: /home/zj/workspace/stok-mapping/data/maintenance/maintenance.sqlite
As of: 2026-06-07T09:30:02
Dry run: False
Executed runs: 0
financial_factors skipped at 03:30 | 
not_trading_day(cn_trading_calendar(is_open=0))
daily_brief skipped at 07:20 | not_trading_day(cn_trading_calendar(is_open=0))
hk_market_history skipped at 16:20 | 
not_trading_day(market_calendar_weekday_fallback(scope=hk, weekday=7))
a_share_history skipped at 16:30 | 
not_trading_day(cn_trading_calendar(is_open=0))
us_market_history skipped at 17:10 | 
not_trading_day(market_calendar_weekday_fallback(scope=us, weekday=7))
Maintenance tick started
Maintenance tick complete
State DB: /home/zj/workspace/stok-mapping/data/maintenance/maintenance.sqlite
As of: 2026-06-07T09:31:03
Dry run: False
Executed runs: 0
financial_factors skipped at 03:30 | 
not_trading_day(cn_trading_calendar(is_open=0))
daily_brief skipped at 07:20 | not_trading_day(cn_trading_calendar(is_open=0))
hk_market_history skipped at 16:20 | 
not_trading_day(market_calendar_weekday_fallback(scope=hk, weekday=7))
a_share_history skipped at 16:30 | 
not_trading_day(cn_trading_calendar(is_open=0))
us_market_history skipped at 17:10 | 
not_trading_day(market_calendar_weekday_fallback(scope=us, weekday=7))
Maintenance tick started
Maintenance tick complete
State DB: /home/zj/workspace/stok-mapping/data/maintenance/maintenance.sqlite
As of: 2026-06-07T09:32:02
Dry run: False
Executed runs: 0
financial_factors skipped at 03:30 | 
not_trading_day(cn_trading_calendar(is_open=0))
daily_brief skipped at 07:20 | not_trading_day(cn_trading_calendar(is_open=0))
hk_market_history skipped at 16:20 | 
not_trading_day(market_calendar_weekday_fallback(scope=hk, weekday=7))
a_share_history skipped at 16:30 | 
not_trading_day(cn_trading_calendar(is_open=0))
us_market_history skipped at 17:10 | 
not_trading_day(market_calendar_weekday_fallback(scope=us, weekday=7))
Maintenance tick started
Maintenance tick complete
State DB: /home/zj/workspace/stok-mapping/data/maintenance/maintenance.sqlite
As of: 2026-06-07T09:33:02
Dry run: False
Executed runs: 0
financial_factors skipped at 03:30 | 
not_trading_day(cn_trading_calendar(is_open=0))
daily_brief skipped at 07:20 | not_trading_day(cn_trading_calendar(is_open=0))
hk_market_history skipped at 16:20 | 
not_trading_day(market_calendar_weekday_fallback(scope=hk, weekday=7))
a_share_history skipped at 16:30 | 
not_trading_day(cn_trading_calendar(is_open=0))
us_market_history skipped at 17:10 | 
not_trading_day(market_calendar_weekday_fallback(scope=us, weekday=7))
Maintenance tick started
Maintenance tick complete
State DB: /home/zj/workspace/stok-mapping/data/maintenance/maintenance.sqlite
As of: 2026-06-07T09:34:02
Dry run: False
Executed runs: 0
financial_factors skipped at 03:30 | 
not_trading_day(cn_trading_calendar(is_open=0))
daily_brief skipped at 07:20 | not_trading_day(cn_trading_calendar(is_open=0))
hk_market_history skipped at 16:20 | 
not_trading_day(market_calendar_weekday_fallback(scope=hk, weekday=7))
a_share_history skipped at 16:30 | 
not_trading_day(cn_trading_calendar(is_open=0))
us_market_history skipped at 17:10 | 
not_trading_day(market_calendar_weekday_fallback(scope=us, weekday=7))
Maintenance tick started
Maintenance tick complete
State DB: /home/zj/workspace/stok-mapping/data/maintenance/maintenance.sqlite
As of: 2026-06-07T09:35:02
Dry run: False
Executed runs: 0
financial_factors skipped at 03:30 | 
not_trading_day(cn_trading_calendar(is_open=0))
daily_brief skipped at 07:20 | not_trading_day(cn_trading_calendar(is_open=0))
hk_market_history skipped at 16:20 | 
not_trading_day(market_calendar_weekday_fallback(scope=hk, weekday=7))
a_share_history skipped at 16:30 | 
not_trading_day(cn_trading_calendar(is_open=0))
us_market_history skipped at 17:10 | 
not_trading_day(market_calendar_weekday_fallback(scope=us, weekday=7))
Maintenance tick started
Maintenance tick complete
State DB: /home/zj/workspace/stok-mapping/data/maintenance/maintenance.sqlite
As of: 2026-06-07T09:36:02
Dry run: False
Executed runs: 0
financial_factors skipped at 03:30 | 
not_trading_day(cn_trading_calendar(is_open=0))
daily_brief skipped at 07:20 | not_trading_day(cn_trading_calendar(is_open=0))
hk_market_history skipped at 16:20 | 
not_trading_day(market_calendar_weekday_fallback(scope=hk, weekday=7))
a_share_history skipped at 16:30 | 
not_trading_day(cn_trading_calendar(is_open=0))
us_market_history skipped at 17:10 | 
not_trading_day(market_calendar_weekday_fallback(scope=us, weekday=7))
Maintenance tick started
Maintenance tick complete
State DB: /home/zj/workspace/stok-mapping/data/maintenance/maintenance.sqlite
As of: 2026-06-07T09:37:02
Dry run: False
Executed runs: 0
financial_factors skipped at 03:30 | 
not_trading_day(cn_trading_calendar(is_open=0))
daily_brief skipped at 07:20 | not_trading_day(cn_trading_calendar(is_open=0))
hk_market_history skipped at 16:20 | 
not_trading_day(market_calendar_weekday_fallback(scope=hk, weekday=7))
a_share_history skipped at 16:30 | 
not_trading_day(cn_trading_calendar(is_open=0))
us_market_history skipped at 17:10 | 
not_trading_day(market_calendar_weekday_fallback(scope=us, weekday=7))
Maintenance tick started
Maintenance tick complete
State DB: /home/zj/workspace/stok-mapping/data/maintenance/maintenance.sqlite
As of: 2026-06-07T09:38:02
Dry run: False
Executed runs: 0
financial_factors skipped at 03:30 | 
not_trading_day(cn_trading_calendar(is_open=0))
daily_brief skipped at 07:20 | not_trading_day(cn_trading_calendar(is_open=0))
hk_market_history skipped at 16:20 | 
not_trading_day(market_calendar_weekday_fallback(scope=hk, weekday=7))
a_share_history skipped at 16:30 | 
not_trading_day(cn_trading_calendar(is_open=0))
us_market_history skipped at 17:10 | 
not_trading_day(market_calendar_weekday_fallback(scope=us, weekday=7))
Maintenance tick started
Maintenance tick complete
State DB: /home/zj/workspace/stok-mapping/data/maintenance/maintenance.sqlite
As of: 2026-06-07T09:39:02
Dry run: False
Executed runs: 0
financial_factors skipped at 03:30 | 
not_trading_day(cn_trading_calendar(is_open=0))
daily_brief skipped at 07:20 | not_trading_day(cn_trading_calendar(is_open=0))
hk_market_history skipped at 16:20 | 
not_trading_day(market_calendar_weekday_fallback(scope=hk, weekday=7))
a_share_history skipped at 16:30 | 
not_trading_day(cn_trading_calendar(is_open=0))
us_market_history skipped at 17:10 | 
not_trading_day(market_calendar_weekday_fallback(scope=us, weekday=7))
Maintenance tick started
Maintenance tick complete
State DB: /home/zj/workspace/stok-mapping/data/maintenance/maintenance.sqlite
As of: 2026-06-07T09:40:02
Dry run: False
Executed runs: 0
financial_factors skipped at 03:30 | 
not_trading_day(cn_trading_calendar(is_open=0))
daily_brief skipped at 07:20 | not_trading_day(cn_trading_calendar(is_open=0))
hk_market_history skipped at 16:20 | 
not_trading_day(market_calendar_weekday_fallback(scope=hk, weekday=7))
a_share_history skipped at 16:30 | 
not_trading_day(cn_trading_calendar(is_open=0))
us_market_history skipped at 17:10 | 
not_trading_day(market_calendar_weekday_fallback(scope=us, weekday=7))
Maintenance tick started
Maintenance tick complete
State DB: /home/zj/workspace/stok-mapping/data/maintenance/maintenance.sqlite
As of: 2026-06-07T09:41:02
Dry run: False
Executed runs: 0
financial_factors skipped at 03:30 | 
not_trading_day(cn_trading_calendar(is_open=0))
daily_brief skipped at 07:20 | not_trading_day(cn_trading_calendar(is_open=0))
hk_market_history skipped at 16:20 | 
not_trading_day(market_calendar_weekday_fallback(scope=hk, weekday=7))
a_share_history skipped at 16:30 | 
not_trading_day(cn_trading_calendar(is_open=0))
us_market_history skipped at 17:10 | 
not_trading_day(market_calendar_weekday_fallback(scope=us, weekday=7))
Maintenance tick started
Maintenance tick complete
State DB: /home/zj/workspace/stok-mapping/data/maintenance/maintenance.sqlite
As of: 2026-06-07T09:42:02
Dry run: False
Executed runs: 0
financial_factors skipped at 03:30 | 
not_trading_day(cn_trading_calendar(is_open=0))
daily_brief skipped at 07:20 | not_trading_day(cn_trading_calendar(is_open=0))
hk_market_history skipped at 16:20 | 
not_trading_day(market_calendar_weekday_fallback(scope=hk, weekday=7))
a_share_history skipped at 16:30 | 
not_trading_day(cn_trading_calendar(is_open=0))
us_market_history skipped at 17:10 | 
not_trading_day(market_calendar_weekday_fallback(scope=us, weekday=7))
Maintenance tick started
Maintenance tick complete
State DB: /home/zj/workspace/stok-mapping/data/maintenance/maintenance.sqlite
As of: 2026-06-07T09:43:02
Dry run: False
Executed runs: 0
financial_factors skipped at 03:30 | 
not_trading_day(cn_trading_calendar(is_open=0))
daily_brief skipped at 07:20 | not_trading_day(cn_trading_calendar(is_open=0))
hk_market_history skipped at 16:20 | 
not_trading_day(market_calendar_weekday_fallback(scope=hk, weekday=7))
a_share_history skipped at 16:30 | 
not_trading_day(cn_trading_calendar(is_open=0))
us_market_history skipped at 17:10 | 
not_trading_day(market_calendar_weekday_fallback(scope=us, weekday=7))
Maintenance tick started
Maintenance tick complete
State DB: /home/zj/workspace/stok-mapping/data/maintenance/maintenance.sqlite
As of: 2026-06-07T09:44:02
Dry run: False
Executed runs: 0
financial_factors skipped at 03:30 | 
not_trading_day(cn_trading_calendar(is_open=0))
daily_brief skipped at 07:20 | not_trading_day(cn_trading_calendar(is_open=0))
hk_market_history skipped at 16:20 | 
not_trading_day(market_calendar_weekday_fallback(scope=hk, weekday=7))
a_share_history skipped at 16:30 | 
not_trading_day(cn_trading_calendar(is_open=0))
us_market_history skipped at 17:10 | 
not_trading_day(market_calendar_weekday_fallback(scope=us, weekday=7))
Maintenance tick started
Maintenance tick complete
State DB: /home/zj/workspace/stok-mapping/data/maintenance/maintenance.sqlite
As of: 2026-06-07T09:45:02
Dry run: False
Executed runs: 0
financial_factors skipped at 03:30 | 
not_trading_day(cn_trading_calendar(is_open=0))
daily_brief skipped at 07:20 | not_trading_day(cn_trading_calendar(is_open=0))
hk_market_history skipped at 16:20 | 
not_trading_day(market_calendar_weekday_fallback(scope=hk, weekday=7))
a_share_history skipped at 16:30 | 
not_trading_day(cn_trading_calendar(is_open=0))
us_market_history skipped at 17:10 | 
not_trading_day(market_calendar_weekday_fallback(scope=us, weekday=7))
Maintenance tick started
Maintenance tick complete
State DB: /home/zj/workspace/stok-mapping/data/maintenance/maintenance.sqlite
As of: 2026-06-07T09:46:02
Dry run: False
Executed runs: 0
financial_factors skipped at 03:30 | 
not_trading_day(cn_trading_calendar(is_open=0))
daily_brief skipped at 07:20 | not_trading_day(cn_trading_calendar(is_open=0))
hk_market_history skipped at 16:20 | 
not_trading_day(market_calendar_weekday_fallback(scope=hk, weekday=7))
a_share_history skipped at 16:30 | 
not_trading_day(cn_trading_calendar(is_open=0))
us_market_history skipped at 17:10 | 
not_trading_day(market_calendar_weekday_fallback(scope=us, weekday=7))
Maintenance tick started
Maintenance tick complete
State DB: /home/zj/workspace/stok-mapping/data/maintenance/maintenance.sqlite
As of: 2026-06-07T09:47:01
Dry run: False
Executed runs: 0
financial_factors skipped at 03:30 | 
not_trading_day(cn_trading_calendar(is_open=0))
daily_brief skipped at 07:20 | not_trading_day(cn_trading_calendar(is_open=0))
hk_market_history skipped at 16:20 | 
not_trading_day(market_calendar_weekday_fallback(scope=hk, weekday=7))
a_share_history skipped at 16:30 | 
not_trading_day(cn_trading_calendar(is_open=0))
us_market_history skipped at 17:10 | 
not_trading_day(market_calendar_weekday_fallback(scope=us, weekday=7))
Maintenance tick started
Maintenance tick complete
State DB: /home/zj/workspace/stok-mapping/data/maintenance/maintenance.sqlite
As of: 2026-06-07T09:48:02
Dry run: False
Executed runs: 0
financial_factors skipped at 03:30 | 
not_trading_day(cn_trading_calendar(is_open=0))
daily_brief skipped at 07:20 | not_trading_day(cn_trading_calendar(is_open=0))
hk_market_history skipped at 16:20 | 
not_trading_day(market_calendar_weekday_fallback(scope=hk, weekday=7))
a_share_history skipped at 16:30 | 
not_trading_day(cn_trading_calendar(is_open=0))
us_market_history skipped at 17:10 | 
not_trading_day(market_calendar_weekday_fallback(scope=us, weekday=7))
Maintenance tick started
Maintenance tick complete
State DB: /home/zj/workspace/stok-mapping/data/maintenance/maintenance.sqlite
As of: 2026-06-07T09:49:02
Dry run: False
Executed runs: 0
financial_factors skipped at 03:30 | 
not_trading_day(cn_trading_calendar(is_open=0))
daily_brief skipped at 07:20 | not_trading_day(cn_trading_calendar(is_open=0))
hk_market_history skipped at 16:20 | 
not_trading_day(market_calendar_weekday_fallback(scope=hk, weekday=7))
a_share_history skipped at 16:30 | 
not_trading_day(cn_trading_calendar(is_open=0))
us_market_history skipped at 17:10 | 
not_trading_day(market_calendar_weekday_fallback(scope=us, weekday=7))
Maintenance tick started
Maintenance tick complete
State DB: /home/zj/workspace/stok-mapping/data/maintenance/maintenance.sqlite
As of: 2026-06-07T09:50:03
Dry run: False
Executed runs: 0
financial_factors skipped at 03:30 | 
not_trading_day(cn_trading_calendar(is_open=0))
daily_brief skipped at 07:20 | not_trading_day(cn_trading_calendar(is_open=0))
hk_market_history skipped at 16:20 | 
not_trading_day(market_calendar_weekday_fallback(scope=hk, weekday=7))
a_share_history skipped at 16:30 | 
not_trading_day(cn_trading_calendar(is_open=0))
us_market_history skipped at 17:10 | 
not_trading_day(market_calendar_weekday_fallback(scope=us, weekday=7))
Maintenance tick started
Maintenance tick complete
State DB: /home/zj/workspace/stok-mapping/data/maintenance/maintenance.sqlite
As of: 2026-06-07T09:51:02
Dry run: False
Executed runs: 0
financial_factors skipped at 03:30 | 
not_trading_day(cn_trading_calendar(is_open=0))
daily_brief skipped at 07:20 | not_trading_day(cn_trading_calendar(is_open=0))
hk_market_history skipped at 16:20 | 
not_trading_day(market_calendar_weekday_fallback(scope=hk, weekday=7))
a_share_history skipped at 16:30 | 
not_trading_day(cn_trading_calendar(is_open=0))
us_market_history skipped at 17:10 | 
not_trading_day(market_calendar_weekday_fallback(scope=us, weekday=7))
Maintenance tick started
Maintenance tick complete
State DB: /home/zj/workspace/stok-mapping/data/maintenance/maintenance.sqlite
As of: 2026-06-07T09:52:03
Dry run: False
Executed runs: 0
financial_factors skipped at 03:30 | 
not_trading_day(cn_trading_calendar(is_open=0))
daily_brief skipped at 07:20 | not_trading_day(cn_trading_calendar(is_open=0))
hk_market_history skipped at 16:20 | 
not_trading_day(market_calendar_weekday_fallback(scope=hk, weekday=7))
a_share_history skipped at 16:30 | 
not_trading_day(cn_trading_calendar(is_open=0))
us_market_history skipped at 17:10 | 
not_trading_day(market_calendar_weekday_fallback(scope=us, weekday=7))
Maintenance tick started
Maintenance tick complete
State DB: /home/zj/workspace/stok-mapping/data/maintenance/maintenance.sqlite
As of: 2026-06-07T09:53:02
Dry run: False
Executed runs: 0
financial_factors skipped at 03:30 | 
not_trading_day(cn_trading_calendar(is_open=0))
daily_brief skipped at 07:20 | not_trading_day(cn_trading_calendar(is_open=0))
hk_market_history skipped at 16:20 | 
not_trading_day(market_calendar_weekday_fallback(scope=hk, weekday=7))
a_share_history skipped at 16:30 | 
not_trading_day(cn_trading_calendar(is_open=0))
us_market_history skipped at 17:10 | 
not_trading_day(market_calendar_weekday_fallback(scope=us, weekday=7))
Maintenance tick started
Maintenance tick complete
State DB: /home/zj/workspace/stok-mapping/data/maintenance/maintenance.sqlite
As of: 2026-06-07T09:54:02
Dry run: False
Executed runs: 0
financial_factors skipped at 03:30 | 
not_trading_day(cn_trading_calendar(is_open=0))
daily_brief skipped at 07:20 | not_trading_day(cn_trading_calendar(is_open=0))
hk_market_history skipped at 16:20 | 
not_trading_day(market_calendar_weekday_fallback(scope=hk, weekday=7))
a_share_history skipped at 16:30 | 
not_trading_day(cn_trading_calendar(is_open=0))
us_market_history skipped at 17:10 | 
not_trading_day(market_calendar_weekday_fallback(scope=us, weekday=7))
Maintenance tick started
Maintenance tick complete
State DB: /home/zj/workspace/stok-mapping/data/maintenance/maintenance.sqlite
As of: 2026-06-07T09:55:02
Dry run: False
Executed runs: 0
financial_factors skipped at 03:30 | 
not_trading_day(cn_trading_calendar(is_open=0))
daily_brief skipped at 07:20 | not_trading_day(cn_trading_calendar(is_open=0))
hk_market_history skipped at 16:20 | 
not_trading_day(market_calendar_weekday_fallback(scope=hk, weekday=7))
a_share_history skipped at 16:30 | 
not_trading_day(cn_trading_calendar(is_open=0))
us_market_history skipped at 17:10 | 
not_trading_day(market_calendar_weekday_fallback(scope=us, weekday=7))
Maintenance tick started
Maintenance tick complete
State DB: /home/zj/workspace/stok-mapping/data/maintenance/maintenance.sqlite
As of: 2026-06-07T09:56:02
Dry run: False
Executed runs: 0
financial_factors skipped at 03:30 | 
not_trading_day(cn_trading_calendar(is_open=0))
daily_brief skipped at 07:20 | not_trading_day(cn_trading_calendar(is_open=0))
hk_market_history skipped at 16:20 | 
not_trading_day(market_calendar_weekday_fallback(scope=hk, weekday=7))
a_share_history skipped at 16:30 | 
not_trading_day(cn_trading_calendar(is_open=0))
us_market_history skipped at 17:10 | 
not_trading_day(market_calendar_weekday_fallback(scope=us, weekday=7))
Maintenance tick started
Maintenance tick complete
State DB: /home/zj/workspace/stok-mapping/data/maintenance/maintenance.sqlite
As of: 2026-06-07T09:57:02
Dry run: False
Executed runs: 0
financial_factors skipped at 03:30 | 
not_trading_day(cn_trading_calendar(is_open=0))
daily_brief skipped at 07:20 | not_trading_day(cn_trading_calendar(is_open=0))
hk_market_history skipped at 16:20 | 
not_trading_day(market_calendar_weekday_fallback(scope=hk, weekday=7))
a_share_history skipped at 16:30 | 
not_trading_day(cn_trading_calendar(is_open=0))
us_market_history skipped at 17:10 | 
not_trading_day(market_calendar_weekday_fallback(scope=us, weekday=7))
Maintenance tick started
Maintenance tick complete
State DB: /home/zj/workspace/stok-mapping/data/maintenance/maintenance.sqlite
As of: 2026-06-07T09:58:02
Dry run: False
Executed runs: 0
financial_factors skipped at 03:30 | 
not_trading_day(cn_trading_calendar(is_open=0))
daily_brief skipped at 07:20 | not_trading_day(cn_trading_calendar(is_open=0))
hk_market_history skipped at 16:20 | 
not_trading_day(market_calendar_weekday_fallback(scope=hk, weekday=7))
a_share_history skipped at 16:30 | 
not_trading_day(cn_trading_calendar(is_open=0))
us_market_history skipped at 17:10 | 
not_trading_day(market_calendar_weekday_fallback(scope=us, weekday=7))
Maintenance tick started
Maintenance tick complete
State DB: /home/zj/workspace/stok-mapping/data/maintenance/maintenance.sqlite
As of: 2026-06-07T09:59:02
Dry run: False
Executed runs: 0
financial_factors skipped at 03:30 | 
not_trading_day(cn_trading_calendar(is_open=0))
daily_brief skipped at 07:20 | not_trading_day(cn_trading_calendar(is_open=0))
hk_market_history skipped at 16:20 | 
not_trading_day(market_calendar_weekday_fallback(scope=hk, weekday=7))
a_share_history skipped at 16:30 | 
not_trading_day(cn_trading_calendar(is_open=0))
us_market_history skipped at 17:10 | 
not_trading_day(market_calendar_weekday_fallback(scope=us, weekday=7))
Maintenance tick started
Maintenance tick complete
State DB: /home/zj/workspace/stok-mapping/data/maintenance/maintenance.sqlite
As of: 2026-06-07T10:00:02
Dry run: False
Executed runs: 0
financial_factors skipped at 03:30 | 
not_trading_day(cn_trading_calendar(is_open=0))
daily_brief skipped at 07:20 | not_trading_day(cn_trading_calendar(is_open=0))
hk_market_history skipped at 16:20 | 
not_trading_day(market_calendar_weekday_fallback(scope=hk, weekday=7))
a_share_history skipped at 16:30 | 
not_trading_day(cn_trading_calendar(is_open=0))
us_market_history skipped at 17:10 | 
not_trading_day(market_calendar_weekday_fallback(scope=us, weekday=7))
Maintenance tick started
Maintenance tick complete
State DB: /home/zj/workspace/stok-mapping/data/maintenance/maintenance.sqlite
As of: 2026-06-07T10:01:02
Dry run: False
Executed runs: 0
financial_factors skipped at 03:30 | 
not_trading_day(cn_trading_calendar(is_open=0))
daily_brief skipped at 07:20 | not_trading_day(cn_trading_calendar(is_open=0))
hk_market_history skipped at 16:20 | 
not_trading_day(market_calendar_weekday_fallback(scope=hk, weekday=7))
a_share_history skipped at 16:30 | 
not_trading_day(cn_trading_calendar(is_open=0))
us_market_history skipped at 17:10 | 
not_trading_day(market_calendar_weekday_fallback(scope=us, weekday=7))
Maintenance tick started
Maintenance tick complete
State DB: /home/zj/workspace/stok-mapping/data/maintenance/maintenance.sqlite
As of: 2026-06-07T10:02:02
Dry run: False
Executed runs: 0
financial_factors skipped at 03:30 | 
not_trading_day(cn_trading_calendar(is_open=0))
daily_brief skipped at 07:20 | not_trading_day(cn_trading_calendar(is_open=0))
hk_market_history skipped at 16:20 | 
not_trading_day(market_calendar_weekday_fallback(scope=hk, weekday=7))
a_share_history skipped at 16:30 | 
not_trading_day(cn_trading_calendar(is_open=0))
us_market_history skipped at 17:10 | 
not_trading_day(market_calendar_weekday_fallback(scope=us, weekday=7))
Maintenance tick started
Maintenance tick complete
State DB: /home/zj/workspace/stok-mapping/data/maintenance/maintenance.sqlite
As of: 2026-06-07T10:03:02
Dry run: False
Executed runs: 0
financial_factors skipped at 03:30 | 
not_trading_day(cn_trading_calendar(is_open=0))
daily_brief skipped at 07:20 | not_trading_day(cn_trading_calendar(is_open=0))
hk_market_history skipped at 16:20 | 
not_trading_day(market_calendar_weekday_fallback(scope=hk, weekday=7))
a_share_history skipped at 16:30 | 
not_trading_day(cn_trading_calendar(is_open=0))
us_market_history skipped at 17:10 | 
not_trading_day(market_calendar_weekday_fallback(scope=us, weekday=7))
Maintenance tick started
Maintenance tick complete
State DB: /home/zj/workspace/stok-mapping/data/maintenance/maintenance.sqlite
As of: 2026-06-07T10:04:02
Dry run: False
Executed runs: 0
financial_factors skipped at 03:30 | 
not_trading_day(cn_trading_calendar(is_open=0))
daily_brief skipped at 07:20 | not_trading_day(cn_trading_calendar(is_open=0))
hk_market_history skipped at 16:20 | 
not_trading_day(market_calendar_weekday_fallback(scope=hk, weekday=7))
a_share_history skipped at 16:30 | 
not_trading_day(cn_trading_calendar(is_open=0))
us_market_history skipped at 17:10 | 
not_trading_day(market_calendar_weekday_fallback(scope=us, weekday=7))
Maintenance tick started
Maintenance tick complete
State DB: /home/zj/workspace/stok-mapping/data/maintenance/maintenance.sqlite
As of: 2026-06-07T10:05:02
Dry run: False
Executed runs: 0
financial_factors skipped at 03:30 | 
not_trading_day(cn_trading_calendar(is_open=0))
daily_brief skipped at 07:20 | not_trading_day(cn_trading_calendar(is_open=0))
hk_market_history skipped at 16:20 | 
not_trading_day(market_calendar_weekday_fallback(scope=hk, weekday=7))
a_share_history skipped at 16:30 | 
not_trading_day(cn_trading_calendar(is_open=0))
us_market_history skipped at 17:10 | 
not_trading_day(market_calendar_weekday_fallback(scope=us, weekday=7))
Maintenance tick started
Maintenance tick complete
State DB: /home/zj/workspace/stok-mapping/data/maintenance/maintenance.sqlite
As of: 2026-06-07T10:06:03
Dry run: False
Executed runs: 0
financial_factors skipped at 03:30 | 
not_trading_day(cn_trading_calendar(is_open=0))
daily_brief skipped at 07:20 | not_trading_day(cn_trading_calendar(is_open=0))
hk_market_history skipped at 16:20 | 
not_trading_day(market_calendar_weekday_fallback(scope=hk, weekday=7))
a_share_history skipped at 16:30 | 
not_trading_day(cn_trading_calendar(is_open=0))
us_market_history skipped at 17:10 | 
not_trading_day(market_calendar_weekday_fallback(scope=us, weekday=7))
Maintenance tick started
Maintenance tick complete
State DB: /home/zj/workspace/stok-mapping/data/maintenance/maintenance.sqlite
As of: 2026-06-07T10:07:03
Dry run: False
Executed runs: 0
financial_factors skipped at 03:30 | 
not_trading_day(cn_trading_calendar(is_open=0))
daily_brief skipped at 07:20 | not_trading_day(cn_trading_calendar(is_open=0))
hk_market_history skipped at 16:20 | 
not_trading_day(market_calendar_weekday_fallback(scope=hk, weekday=7))
a_share_history skipped at 16:30 | 
not_trading_day(cn_trading_calendar(is_open=0))
us_market_history skipped at 17:10 | 
not_trading_day(market_calendar_weekday_fallback(scope=us, weekday=7))
Maintenance tick started
Maintenance tick complete
State DB: /home/zj/workspace/stok-mapping/data/maintenance/maintenance.sqlite
As of: 2026-06-07T10:08:03
Dry run: False
Executed runs: 0
financial_factors skipped at 03:30 | 
not_trading_day(cn_trading_calendar(is_open=0))
daily_brief skipped at 07:20 | not_trading_day(cn_trading_calendar(is_open=0))
hk_market_history skipped at 16:20 | 
not_trading_day(market_calendar_weekday_fallback(scope=hk, weekday=7))
a_share_history skipped at 16:30 | 
not_trading_day(cn_trading_calendar(is_open=0))
us_market_history skipped at 17:10 | 
not_trading_day(market_calendar_weekday_fallback(scope=us, weekday=7))
Maintenance tick started
Maintenance tick complete
State DB: /home/zj/workspace/stok-mapping/data/maintenance/maintenance.sqlite
As of: 2026-06-07T10:09:04
Dry run: False
Executed runs: 0
financial_factors skipped at 03:30 | 
not_trading_day(cn_trading_calendar(is_open=0))
daily_brief skipped at 07:20 | not_trading_day(cn_trading_calendar(is_open=0))
hk_market_history skipped at 16:20 | 
not_trading_day(market_calendar_weekday_fallback(scope=hk, weekday=7))
a_share_history skipped at 16:30 | 
not_trading_day(cn_trading_calendar(is_open=0))
us_market_history skipped at 17:10 | 
not_trading_day(market_calendar_weekday_fallback(scope=us, weekday=7))
Maintenance tick started
Maintenance tick complete
State DB: /home/zj/workspace/stok-mapping/data/maintenance/maintenance.sqlite
As of: 2026-06-07T10:10:02
Dry run: False
Executed runs: 0
financial_factors skipped at 03:30 | 
not_trading_day(cn_trading_calendar(is_open=0))
daily_brief skipped at 07:20 | not_trading_day(cn_trading_calendar(is_open=0))
hk_market_history skipped at 16:20 | 
not_trading_day(market_calendar_weekday_fallback(scope=hk, weekday=7))
a_share_history skipped at 16:30 | 
not_trading_day(cn_trading_calendar(is_open=0))
us_market_history skipped at 17:10 | 
not_trading_day(market_calendar_weekday_fallback(scope=us, weekday=7))
Maintenance tick started
Maintenance tick complete
State DB: /home/zj/workspace/stok-mapping/data/maintenance/maintenance.sqlite
As of: 2026-06-07T10:11:02
Dry run: False
Executed runs: 0
financial_factors skipped at 03:30 | 
not_trading_day(cn_trading_calendar(is_open=0))
daily_brief skipped at 07:20 | not_trading_day(cn_trading_calendar(is_open=0))
hk_market_history skipped at 16:20 | 
not_trading_day(market_calendar_weekday_fallback(scope=hk, weekday=7))
a_share_history skipped at 16:30 | 
not_trading_day(cn_trading_calendar(is_open=0))
us_market_history skipped at 17:10 | 
not_trading_day(market_calendar_weekday_fallback(scope=us, weekday=7))
Maintenance tick started
Maintenance tick complete
State DB: /home/zj/workspace/stok-mapping/data/maintenance/maintenance.sqlite
As of: 2026-06-07T10:12:02
Dry run: False
Executed runs: 0
financial_factors skipped at 03:30 | 
not_trading_day(cn_trading_calendar(is_open=0))
daily_brief skipped at 07:20 | not_trading_day(cn_trading_calendar(is_open=0))
hk_market_history skipped at 16:20 | 
not_trading_day(market_calendar_weekday_fallback(scope=hk, weekday=7))
a_share_history skipped at 16:30 | 
not_trading_day(cn_trading_calendar(is_open=0))
us_market_history skipped at 17:10 | 
not_trading_day(market_calendar_weekday_fallback(scope=us, weekday=7))
Maintenance tick started
Maintenance tick complete
State DB: /home/zj/workspace/stok-mapping/data/maintenance/maintenance.sqlite
As of: 2026-06-07T10:13:02
Dry run: False
Executed runs: 0
financial_factors skipped at 03:30 | 
not_trading_day(cn_trading_calendar(is_open=0))
daily_brief skipped at 07:20 | not_trading_day(cn_trading_calendar(is_open=0))
hk_market_history skipped at 16:20 | 
not_trading_day(market_calendar_weekday_fallback(scope=hk, weekday=7))
a_share_history skipped at 16:30 | 
not_trading_day(cn_trading_calendar(is_open=0))
us_market_history skipped at 17:10 | 
not_trading_day(market_calendar_weekday_fallback(scope=us, weekday=7))
Maintenance tick started
Maintenance tick complete
State DB: /home/zj/workspace/stok-mapping/data/maintenance/maintenance.sqlite
As of: 2026-06-07T10:14:02
Dry run: False
Executed runs: 0
financial_factors skipped at 03:30 | 
not_trading_day(cn_trading_calendar(is_open=0))
daily_brief skipped at 07:20 | not_trading_day(cn_trading_calendar(is_open=0))
hk_market_history skipped at 16:20 | 
not_trading_day(market_calendar_weekday_fallback(scope=hk, weekday=7))
a_share_history skipped at 16:30 | 
not_trading_day(cn_trading_calendar(is_open=0))
us_market_history skipped at 17:10 | 
not_trading_day(market_calendar_weekday_fallback(scope=us, weekday=7))
Maintenance tick started
Maintenance tick complete
State DB: /home/zj/workspace/stok-mapping/data/maintenance/maintenance.sqlite
As of: 2026-06-07T10:15:02
Dry run: False
Executed runs: 0
financial_factors skipped at 03:30 | 
not_trading_day(cn_trading_calendar(is_open=0))
daily_brief skipped at 07:20 | not_trading_day(cn_trading_calendar(is_open=0))
hk_market_history skipped at 16:20 | 
not_trading_day(market_calendar_weekday_fallback(scope=hk, weekday=7))
a_share_history skipped at 16:30 | 
not_trading_day(cn_trading_calendar(is_open=0))
us_market_history skipped at 17:10 | 
not_trading_day(market_calendar_weekday_fallback(scope=us, weekday=7))
Maintenance tick started
Maintenance tick complete
State DB: /home/zj/workspace/stok-mapping/data/maintenance/maintenance.sqlite
As of: 2026-06-07T10:16:02
Dry run: False
Executed runs: 0
financial_factors skipped at 03:30 | 
not_trading_day(cn_trading_calendar(is_open=0))
daily_brief skipped at 07:20 | not_trading_day(cn_trading_calendar(is_open=0))
hk_market_history skipped at 16:20 | 
not_trading_day(market_calendar_weekday_fallback(scope=hk, weekday=7))
a_share_history skipped at 16:30 | 
not_trading_day(cn_trading_calendar(is_open=0))
us_market_history skipped at 17:10 | 
not_trading_day(market_calendar_weekday_fallback(scope=us, weekday=7))
Maintenance tick started
Maintenance tick complete
State DB: /home/zj/workspace/stok-mapping/data/maintenance/maintenance.sqlite
As of: 2026-06-07T10:17:01
Dry run: False
Executed runs: 0
financial_factors skipped at 03:30 | 
not_trading_day(cn_trading_calendar(is_open=0))
daily_brief skipped at 07:20 | not_trading_day(cn_trading_calendar(is_open=0))
hk_market_history skipped at 16:20 | 
not_trading_day(market_calendar_weekday_fallback(scope=hk, weekday=7))
a_share_history skipped at 16:30 | 
not_trading_day(cn_trading_calendar(is_open=0))
us_market_history skipped at 17:10 | 
not_trading_day(market_calendar_weekday_fallback(scope=us, weekday=7))
Maintenance tick started
Maintenance tick complete
State DB: /home/zj/workspace/stok-mapping/data/maintenance/maintenance.sqlite
As of: 2026-06-07T10:18:02
Dry run: False
Executed runs: 0
financial_factors skipped at 03:30 | 
not_trading_day(cn_trading_calendar(is_open=0))
daily_brief skipped at 07:20 | not_trading_day(cn_trading_calendar(is_open=0))
hk_market_history skipped at 16:20 | 
not_trading_day(market_calendar_weekday_fallback(scope=hk, weekday=7))
a_share_history skipped at 16:30 | 
not_trading_day(cn_trading_calendar(is_open=0))
us_market_history skipped at 17:10 | 
not_trading_day(market_calendar_weekday_fallback(scope=us, weekday=7))
Maintenance tick started
Maintenance tick complete
State DB: /home/zj/workspace/stok-mapping/data/maintenance/maintenance.sqlite
As of: 2026-06-07T10:19:02
Dry run: False
Executed runs: 0
financial_factors skipped at 03:30 | 
not_trading_day(cn_trading_calendar(is_open=0))
daily_brief skipped at 07:20 | not_trading_day(cn_trading_calendar(is_open=0))
hk_market_history skipped at 16:20 | 
not_trading_day(market_calendar_weekday_fallback(scope=hk, weekday=7))
a_share_history skipped at 16:30 | 
not_trading_day(cn_trading_calendar(is_open=0))
us_market_history skipped at 17:10 | 
not_trading_day(market_calendar_weekday_fallback(scope=us, weekday=7))
Maintenance tick started
Maintenance tick complete
State DB: /home/zj/workspace/stok-mapping/data/maintenance/maintenance.sqlite
As of: 2026-06-07T10:20:02
Dry run: False
Executed runs: 0
financial_factors skipped at 03:30 | 
not_trading_day(cn_trading_calendar(is_open=0))
daily_brief skipped at 07:20 | not_trading_day(cn_trading_calendar(is_open=0))
hk_market_history skipped at 16:20 | 
not_trading_day(market_calendar_weekday_fallback(scope=hk, weekday=7))
a_share_history skipped at 16:30 | 
not_trading_day(cn_trading_calendar(is_open=0))
us_market_history skipped at 17:10 | 
not_trading_day(market_calendar_weekday_fallback(scope=us, weekday=7))
Maintenance tick started
Maintenance tick complete
State DB: /home/zj/workspace/stok-mapping/data/maintenance/maintenance.sqlite
As of: 2026-06-07T10:21:01
Dry run: False
Executed runs: 0
financial_factors skipped at 03:30 | 
not_trading_day(cn_trading_calendar(is_open=0))
daily_brief skipped at 07:20 | not_trading_day(cn_trading_calendar(is_open=0))
hk_market_history skipped at 16:20 | 
not_trading_day(market_calendar_weekday_fallback(scope=hk, weekday=7))
a_share_history skipped at 16:30 | 
not_trading_day(cn_trading_calendar(is_open=0))
us_market_history skipped at 17:10 | 
not_trading_day(market_calendar_weekday_fallback(scope=us, weekday=7))
Maintenance tick started
Maintenance tick complete
State DB: /home/zj/workspace/stok-mapping/data/maintenance/maintenance.sqlite
As of: 2026-06-07T10:22:02
Dry run: False
Executed runs: 0
financial_factors skipped at 03:30 | 
not_trading_day(cn_trading_calendar(is_open=0))
daily_brief skipped at 07:20 | not_trading_day(cn_trading_calendar(is_open=0))
hk_market_history skipped at 16:20 | 
not_trading_day(market_calendar_weekday_fallback(scope=hk, weekday=7))
a_share_history skipped at 16:30 | 
not_trading_day(cn_trading_calendar(is_open=0))
us_market_history skipped at 17:10 | 
not_trading_day(market_calendar_weekday_fallback(scope=us, weekday=7))
Maintenance tick started
Maintenance tick complete
State DB: /home/zj/workspace/stok-mapping/data/maintenance/maintenance.sqlite
As of: 2026-06-07T10:23:02
Dry run: False
Executed runs: 0
financial_factors skipped at 03:30 | 
not_trading_day(cn_trading_calendar(is_open=0))
daily_brief skipped at 07:20 | not_trading_day(cn_trading_calendar(is_open=0))
hk_market_history skipped at 16:20 | 
not_trading_day(market_calendar_weekday_fallback(scope=hk, weekday=7))
a_share_history skipped at 16:30 | 
not_trading_day(cn_trading_calendar(is_open=0))
us_market_history skipped at 17:10 | 
not_trading_day(market_calendar_weekday_fallback(scope=us, weekday=7))
Maintenance tick started
Maintenance tick complete
State DB: /home/zj/workspace/stok-mapping/data/maintenance/maintenance.sqlite
As of: 2026-06-07T10:24:02
Dry run: False
Executed runs: 0
financial_factors skipped at 03:30 | 
not_trading_day(cn_trading_calendar(is_open=0))
daily_brief skipped at 07:20 | not_trading_day(cn_trading_calendar(is_open=0))
hk_market_history skipped at 16:20 | 
not_trading_day(market_calendar_weekday_fallback(scope=hk, weekday=7))
a_share_history skipped at 16:30 | 
not_trading_day(cn_trading_calendar(is_open=0))
us_market_history skipped at 17:10 | 
not_trading_day(market_calendar_weekday_fallback(scope=us, weekday=7))
Maintenance tick started
Maintenance tick complete
State DB: /home/zj/workspace/stok-mapping/data/maintenance/maintenance.sqlite
As of: 2026-06-07T10:25:01
Dry run: False
Executed runs: 0
financial_factors skipped at 03:30 | 
not_trading_day(cn_trading_calendar(is_open=0))
daily_brief skipped at 07:20 | not_trading_day(cn_trading_calendar(is_open=0))
hk_market_history skipped at 16:20 | 
not_trading_day(market_calendar_weekday_fallback(scope=hk, weekday=7))
a_share_history skipped at 16:30 | 
not_trading_day(cn_trading_calendar(is_open=0))
us_market_history skipped at 17:10 | 
not_trading_day(market_calendar_weekday_fallback(scope=us, weekday=7))
Maintenance tick started
Maintenance tick complete
State DB: /home/zj/workspace/stok-mapping/data/maintenance/maintenance.sqlite
As of: 2026-06-07T10:26:02
Dry run: False
Executed runs: 0
financial_factors skipped at 03:30 | 
not_trading_day(cn_trading_calendar(is_open=0))
daily_brief skipped at 07:20 | not_trading_day(cn_trading_calendar(is_open=0))
hk_market_history skipped at 16:20 | 
not_trading_day(market_calendar_weekday_fallback(scope=hk, weekday=7))
a_share_history skipped at 16:30 | 
not_trading_day(cn_trading_calendar(is_open=0))
us_market_history skipped at 17:10 | 
not_trading_day(market_calendar_weekday_fallback(scope=us, weekday=7))
Maintenance tick started
Maintenance tick complete
State DB: /home/zj/workspace/stok-mapping/data/maintenance/maintenance.sqlite
As of: 2026-06-07T10:27:02
Dry run: False
Executed runs: 0
financial_factors skipped at 03:30 | 
not_trading_day(cn_trading_calendar(is_open=0))
daily_brief skipped at 07:20 | not_trading_day(cn_trading_calendar(is_open=0))
hk_market_history skipped at 16:20 | 
not_trading_day(market_calendar_weekday_fallback(scope=hk, weekday=7))
a_share_history skipped at 16:30 | 
not_trading_day(cn_trading_calendar(is_open=0))
us_market_history skipped at 17:10 | 
not_trading_day(market_calendar_weekday_fallback(scope=us, weekday=7))
Maintenance tick started
Maintenance tick complete
State DB: /home/zj/workspace/stok-mapping/data/maintenance/maintenance.sqlite
As of: 2026-06-07T10:28:02
Dry run: False
Executed runs: 0
financial_factors skipped at 03:30 | 
not_trading_day(cn_trading_calendar(is_open=0))
daily_brief skipped at 07:20 | not_trading_day(cn_trading_calendar(is_open=0))
hk_market_history skipped at 16:20 | 
not_trading_day(market_calendar_weekday_fallback(scope=hk, weekday=7))
a_share_history skipped at 16:30 | 
not_trading_day(cn_trading_calendar(is_open=0))
us_market_history skipped at 17:10 | 
not_trading_day(market_calendar_weekday_fallback(scope=us, weekday=7))
Maintenance tick started
Maintenance tick complete
State DB: /home/zj/workspace/stok-mapping/data/maintenance/maintenance.sqlite
As of: 2026-06-07T10:29:02
Dry run: False
Executed runs: 0
financial_factors skipped at 03:30 | 
not_trading_day(cn_trading_calendar(is_open=0))
daily_brief skipped at 07:20 | not_trading_day(cn_trading_calendar(is_open=0))
hk_market_history skipped at 16:20 | 
not_trading_day(market_calendar_weekday_fallback(scope=hk, weekday=7))
a_share_history skipped at 16:30 | 
not_trading_day(cn_trading_calendar(is_open=0))
us_market_history skipped at 17:10 | 
not_trading_day(market_calendar_weekday_fallback(scope=us, weekday=7))
Maintenance tick started
Maintenance tick complete
State DB: /home/zj/workspace/stok-mapping/data/maintenance/maintenance.sqlite
As of: 2026-06-07T10:30:01
Dry run: False
Executed runs: 0
financial_factors skipped at 03:30 | 
not_trading_day(cn_trading_calendar(is_open=0))
daily_brief skipped at 07:20 | not_trading_day(cn_trading_calendar(is_open=0))
hk_market_history skipped at 16:20 | 
not_trading_day(market_calendar_weekday_fallback(scope=hk, weekday=7))
a_share_history skipped at 16:30 | 
not_trading_day(cn_trading_calendar(is_open=0))
us_market_history skipped at 17:10 | 
not_trading_day(market_calendar_weekday_fallback(scope=us, weekday=7))
Maintenance tick started
Maintenance tick complete
State DB: /home/zj/workspace/stok-mapping/data/maintenance/maintenance.sqlite
As of: 2026-06-07T10:31:02
Dry run: False
Executed runs: 0
financial_factors skipped at 03:30 | 
not_trading_day(cn_trading_calendar(is_open=0))
daily_brief skipped at 07:20 | not_trading_day(cn_trading_calendar(is_open=0))
hk_market_history skipped at 16:20 | 
not_trading_day(market_calendar_weekday_fallback(scope=hk, weekday=7))
a_share_history skipped at 16:30 | 
not_trading_day(cn_trading_calendar(is_open=0))
us_market_history skipped at 17:10 | 
not_trading_day(market_calendar_weekday_fallback(scope=us, weekday=7))
Maintenance tick started
Maintenance tick complete
State DB: /home/zj/workspace/stok-mapping/data/maintenance/maintenance.sqlite
As of: 2026-06-07T10:32:02
Dry run: False
Executed runs: 0
financial_factors skipped at 03:30 | 
not_trading_day(cn_trading_calendar(is_open=0))
daily_brief skipped at 07:20 | not_trading_day(cn_trading_calendar(is_open=0))
hk_market_history skipped at 16:20 | 
not_trading_day(market_calendar_weekday_fallback(scope=hk, weekday=7))
a_share_history skipped at 16:30 | 
not_trading_day(cn_trading_calendar(is_open=0))
us_market_history skipped at 17:10 | 
not_trading_day(market_calendar_weekday_fallback(scope=us, weekday=7))
Maintenance tick started
Maintenance tick complete
State DB: /home/zj/workspace/stok-mapping/data/maintenance/maintenance.sqlite
As of: 2026-06-07T10:33:02
Dry run: False
Executed runs: 0
financial_factors skipped at 03:30 | 
not_trading_day(cn_trading_calendar(is_open=0))
daily_brief skipped at 07:20 | not_trading_day(cn_trading_calendar(is_open=0))
hk_market_history skipped at 16:20 | 
not_trading_day(market_calendar_weekday_fallback(scope=hk, weekday=7))
a_share_history skipped at 16:30 | 
not_trading_day(cn_trading_calendar(is_open=0))
us_market_history skipped at 17:10 | 
not_trading_day(market_calendar_weekday_fallback(scope=us, weekday=7))
Maintenance tick started
Maintenance tick complete
State DB: /home/zj/workspace/stok-mapping/data/maintenance/maintenance.sqlite
As of: 2026-06-07T10:34:01
Dry run: False
Executed runs: 0
financial_factors skipped at 03:30 | 
not_trading_day(cn_trading_calendar(is_open=0))
daily_brief skipped at 07:20 | not_trading_day(cn_trading_calendar(is_open=0))
hk_market_history skipped at 16:20 | 
not_trading_day(market_calendar_weekday_fallback(scope=hk, weekday=7))
a_share_history skipped at 16:30 | 
not_trading_day(cn_trading_calendar(is_open=0))
us_market_history skipped at 17:10 | 
not_trading_day(market_calendar_weekday_fallback(scope=us, weekday=7))
Maintenance tick started
Maintenance tick complete
State DB: /home/zj/workspace/stok-mapping/data/maintenance/maintenance.sqlite
As of: 2026-06-07T10:35:01
Dry run: False
Executed runs: 0
financial_factors skipped at 03:30 | 
not_trading_day(cn_trading_calendar(is_open=0))
daily_brief skipped at 07:20 | not_trading_day(cn_trading_calendar(is_open=0))
hk_market_history skipped at 16:20 | 
not_trading_day(market_calendar_weekday_fallback(scope=hk, weekday=7))
a_share_history skipped at 16:30 | 
not_trading_day(cn_trading_calendar(is_open=0))
us_market_history skipped at 17:10 | 
not_trading_day(market_calendar_weekday_fallback(scope=us, weekday=7))
Maintenance tick started
Maintenance tick complete
State DB: /home/zj/workspace/stok-mapping/data/maintenance/maintenance.sqlite
As of: 2026-06-07T10:36:02
Dry run: False
Executed runs: 0
financial_factors skipped at 03:30 | 
not_trading_day(cn_trading_calendar(is_open=0))
daily_brief skipped at 07:20 | not_trading_day(cn_trading_calendar(is_open=0))
hk_market_history skipped at 16:20 | 
not_trading_day(market_calendar_weekday_fallback(scope=hk, weekday=7))
a_share_history skipped at 16:30 | 
not_trading_day(cn_trading_calendar(is_open=0))
us_market_history skipped at 17:10 | 
not_trading_day(market_calendar_weekday_fallback(scope=us, weekday=7))
Maintenance tick started
Maintenance tick complete
State DB: /home/zj/workspace/stok-mapping/data/maintenance/maintenance.sqlite
As of: 2026-06-07T10:37:02
Dry run: False
Executed runs: 0
financial_factors skipped at 03:30 | 
not_trading_day(cn_trading_calendar(is_open=0))
daily_brief skipped at 07:20 | not_trading_day(cn_trading_calendar(is_open=0))
hk_market_history skipped at 16:20 | 
not_trading_day(market_calendar_weekday_fallback(scope=hk, weekday=7))
a_share_history skipped at 16:30 | 
not_trading_day(cn_trading_calendar(is_open=0))
us_market_history skipped at 17:10 | 
not_trading_day(market_calendar_weekday_fallback(scope=us, weekday=7))
Maintenance tick started
Maintenance tick complete
State DB: /home/zj/workspace/stok-mapping/data/maintenance/maintenance.sqlite
As of: 2026-06-07T10:38:02
Dry run: False
Executed runs: 0
financial_factors skipped at 03:30 | 
not_trading_day(cn_trading_calendar(is_open=0))
daily_brief skipped at 07:20 | not_trading_day(cn_trading_calendar(is_open=0))
hk_market_history skipped at 16:20 | 
not_trading_day(market_calendar_weekday_fallback(scope=hk, weekday=7))
a_share_history skipped at 16:30 | 
not_trading_day(cn_trading_calendar(is_open=0))
us_market_history skipped at 17:10 | 
not_trading_day(market_calendar_weekday_fallback(scope=us, weekday=7))
Maintenance tick started
Maintenance tick complete
State DB: /home/zj/workspace/stok-mapping/data/maintenance/maintenance.sqlite
As of: 2026-06-07T10:39:01
Dry run: False
Executed runs: 0
financial_factors skipped at 03:30 | 
not_trading_day(cn_trading_calendar(is_open=0))
daily_brief skipped at 07:20 | not_trading_day(cn_trading_calendar(is_open=0))
hk_market_history skipped at 16:20 | 
not_trading_day(market_calendar_weekday_fallback(scope=hk, weekday=7))
a_share_history skipped at 16:30 | 
not_trading_day(cn_trading_calendar(is_open=0))
us_market_history skipped at 17:10 | 
not_trading_day(market_calendar_weekday_fallback(scope=us, weekday=7))
Maintenance tick started
Maintenance tick complete
State DB: /home/zj/workspace/stok-mapping/data/maintenance/maintenance.sqlite
As of: 2026-06-07T10:40:02
Dry run: False
Executed runs: 0
financial_factors skipped at 03:30 | 
not_trading_day(cn_trading_calendar(is_open=0))
daily_brief skipped at 07:20 | not_trading_day(cn_trading_calendar(is_open=0))
hk_market_history skipped at 16:20 | 
not_trading_day(market_calendar_weekday_fallback(scope=hk, weekday=7))
a_share_history skipped at 16:30 | 
not_trading_day(cn_trading_calendar(is_open=0))
us_market_history skipped at 17:10 | 
not_trading_day(market_calendar_weekday_fallback(scope=us, weekday=7))
Maintenance tick started
Maintenance tick complete
State DB: /home/zj/workspace/stok-mapping/data/maintenance/maintenance.sqlite
As of: 2026-06-07T10:41:02
Dry run: False
Executed runs: 0
financial_factors skipped at 03:30 | 
not_trading_day(cn_trading_calendar(is_open=0))
daily_brief skipped at 07:20 | not_trading_day(cn_trading_calendar(is_open=0))
hk_market_history skipped at 16:20 | 
not_trading_day(market_calendar_weekday_fallback(scope=hk, weekday=7))
a_share_history skipped at 16:30 | 
not_trading_day(cn_trading_calendar(is_open=0))
us_market_history skipped at 17:10 | 
not_trading_day(market_calendar_weekday_fallback(scope=us, weekday=7))
Maintenance tick started
Maintenance tick complete
State DB: /home/zj/workspace/stok-mapping/data/maintenance/maintenance.sqlite
As of: 2026-06-07T10:42:02
Dry run: False
Executed runs: 0
financial_factors skipped at 03:30 | 
not_trading_day(cn_trading_calendar(is_open=0))
daily_brief skipped at 07:20 | not_trading_day(cn_trading_calendar(is_open=0))
hk_market_history skipped at 16:20 | 
not_trading_day(market_calendar_weekday_fallback(scope=hk, weekday=7))
a_share_history skipped at 16:30 | 
not_trading_day(cn_trading_calendar(is_open=0))
us_market_history skipped at 17:10 | 
not_trading_day(market_calendar_weekday_fallback(scope=us, weekday=7))
Maintenance tick started
Maintenance tick complete
State DB: /home/zj/workspace/stok-mapping/data/maintenance/maintenance.sqlite
As of: 2026-06-07T10:43:02
Dry run: False
Executed runs: 0
financial_factors skipped at 03:30 | 
not_trading_day(cn_trading_calendar(is_open=0))
daily_brief skipped at 07:20 | not_trading_day(cn_trading_calendar(is_open=0))
hk_market_history skipped at 16:20 | 
not_trading_day(market_calendar_weekday_fallback(scope=hk, weekday=7))
a_share_history skipped at 16:30 | 
not_trading_day(cn_trading_calendar(is_open=0))
us_market_history skipped at 17:10 | 
not_trading_day(market_calendar_weekday_fallback(scope=us, weekday=7))
Maintenance tick started
Maintenance tick complete
State DB: /home/zj/workspace/stok-mapping/data/maintenance/maintenance.sqlite
As of: 2026-06-07T10:44:01
Dry run: False
Executed runs: 0
financial_factors skipped at 03:30 | 
not_trading_day(cn_trading_calendar(is_open=0))
daily_brief skipped at 07:20 | not_trading_day(cn_trading_calendar(is_open=0))
hk_market_history skipped at 16:20 | 
not_trading_day(market_calendar_weekday_fallback(scope=hk, weekday=7))
a_share_history skipped at 16:30 | 
not_trading_day(cn_trading_calendar(is_open=0))
us_market_history skipped at 17:10 | 
not_trading_day(market_calendar_weekday_fallback(scope=us, weekday=7))
Maintenance tick started
Maintenance tick complete
State DB: /home/zj/workspace/stok-mapping/data/maintenance/maintenance.sqlite
As of: 2026-06-07T10:45:02
Dry run: False
Executed runs: 0
financial_factors skipped at 03:30 | 
not_trading_day(cn_trading_calendar(is_open=0))
daily_brief skipped at 07:20 | not_trading_day(cn_trading_calendar(is_open=0))
hk_market_history skipped at 16:20 | 
not_trading_day(market_calendar_weekday_fallback(scope=hk, weekday=7))
a_share_history skipped at 16:30 | 
not_trading_day(cn_trading_calendar(is_open=0))
us_market_history skipped at 17:10 | 
not_trading_day(market_calendar_weekday_fallback(scope=us, weekday=7))
Maintenance tick started
Maintenance tick complete
State DB: /home/zj/workspace/stok-mapping/data/maintenance/maintenance.sqlite
As of: 2026-06-07T10:46:02
Dry run: False
Executed runs: 0
financial_factors skipped at 03:30 | 
not_trading_day(cn_trading_calendar(is_open=0))
daily_brief skipped at 07:20 | not_trading_day(cn_trading_calendar(is_open=0))
hk_market_history skipped at 16:20 | 
not_trading_day(market_calendar_weekday_fallback(scope=hk, weekday=7))
a_share_history skipped at 16:30 | 
not_trading_day(cn_trading_calendar(is_open=0))
us_market_history skipped at 17:10 | 
not_trading_day(market_calendar_weekday_fallback(scope=us, weekday=7))
Maintenance tick started
Maintenance tick complete
State DB: /home/zj/workspace/stok-mapping/data/maintenance/maintenance.sqlite
As of: 2026-06-07T10:47:02
Dry run: False
Executed runs: 0
financial_factors skipped at 03:30 | 
not_trading_day(cn_trading_calendar(is_open=0))
daily_brief skipped at 07:20 | not_trading_day(cn_trading_calendar(is_open=0))
hk_market_history skipped at 16:20 | 
not_trading_day(market_calendar_weekday_fallback(scope=hk, weekday=7))
a_share_history skipped at 16:30 | 
not_trading_day(cn_trading_calendar(is_open=0))
us_market_history skipped at 17:10 | 
not_trading_day(market_calendar_weekday_fallback(scope=us, weekday=7))
Maintenance tick started
Maintenance tick complete
State DB: /home/zj/workspace/stok-mapping/data/maintenance/maintenance.sqlite
As of: 2026-06-07T10:48:02
Dry run: False
Executed runs: 0
financial_factors skipped at 03:30 | 
not_trading_day(cn_trading_calendar(is_open=0))
daily_brief skipped at 07:20 | not_trading_day(cn_trading_calendar(is_open=0))
hk_market_history skipped at 16:20 | 
not_trading_day(market_calendar_weekday_fallback(scope=hk, weekday=7))
a_share_history skipped at 16:30 | 
not_trading_day(cn_trading_calendar(is_open=0))
us_market_history skipped at 17:10 | 
not_trading_day(market_calendar_weekday_fallback(scope=us, weekday=7))
Maintenance tick started
Maintenance tick complete
State DB: /home/zj/workspace/stok-mapping/data/maintenance/maintenance.sqlite
As of: 2026-06-07T10:49:02
Dry run: False
Executed runs: 0
financial_factors skipped at 03:30 | 
not_trading_day(cn_trading_calendar(is_open=0))
daily_brief skipped at 07:20 | not_trading_day(cn_trading_calendar(is_open=0))
hk_market_history skipped at 16:20 | 
not_trading_day(market_calendar_weekday_fallback(scope=hk, weekday=7))
a_share_history skipped at 16:30 | 
not_trading_day(cn_trading_calendar(is_open=0))
us_market_history skipped at 17:10 | 
not_trading_day(market_calendar_weekday_fallback(scope=us, weekday=7))
Maintenance tick started
Maintenance tick complete
State DB: /home/zj/workspace/stok-mapping/data/maintenance/maintenance.sqlite
As of: 2026-06-07T10:50:02
Dry run: False
Executed runs: 0
financial_factors skipped at 03:30 | 
not_trading_day(cn_trading_calendar(is_open=0))
daily_brief skipped at 07:20 | not_trading_day(cn_trading_calendar(is_open=0))
hk_market_history skipped at 16:20 | 
not_trading_day(market_calendar_weekday_fallback(scope=hk, weekday=7))
a_share_history skipped at 16:30 | 
not_trading_day(cn_trading_calendar(is_open=0))
us_market_history skipped at 17:10 | 
not_trading_day(market_calendar_weekday_fallback(scope=us, weekday=7))
Maintenance tick started
Maintenance tick complete
State DB: /home/zj/workspace/stok-mapping/data/maintenance/maintenance.sqlite
As of: 2026-06-07T10:51:02
Dry run: False
Executed runs: 0
financial_factors skipped at 03:30 | 
not_trading_day(cn_trading_calendar(is_open=0))
daily_brief skipped at 07:20 | not_trading_day(cn_trading_calendar(is_open=0))
hk_market_history skipped at 16:20 | 
not_trading_day(market_calendar_weekday_fallback(scope=hk, weekday=7))
a_share_history skipped at 16:30 | 
not_trading_day(cn_trading_calendar(is_open=0))
us_market_history skipped at 17:10 | 
not_trading_day(market_calendar_weekday_fallback(scope=us, weekday=7))
Maintenance tick started
Maintenance tick complete
State DB: /home/zj/workspace/stok-mapping/data/maintenance/maintenance.sqlite
As of: 2026-06-07T10:52:01
Dry run: False
Executed runs: 0
financial_factors skipped at 03:30 | 
not_trading_day(cn_trading_calendar(is_open=0))
daily_brief skipped at 07:20 | not_trading_day(cn_trading_calendar(is_open=0))
hk_market_history skipped at 16:20 | 
not_trading_day(market_calendar_weekday_fallback(scope=hk, weekday=7))
a_share_history skipped at 16:30 | 
not_trading_day(cn_trading_calendar(is_open=0))
us_market_history skipped at 17:10 | 
not_trading_day(market_calendar_weekday_fallback(scope=us, weekday=7))
Maintenance tick started
Maintenance tick complete
State DB: /home/zj/workspace/stok-mapping/data/maintenance/maintenance.sqlite
As of: 2026-06-07T10:53:01
Dry run: False
Executed runs: 0
financial_factors skipped at 03:30 | 
not_trading_day(cn_trading_calendar(is_open=0))
daily_brief skipped at 07:20 | not_trading_day(cn_trading_calendar(is_open=0))
hk_market_history skipped at 16:20 | 
not_trading_day(market_calendar_weekday_fallback(scope=hk, weekday=7))
a_share_history skipped at 16:30 | 
not_trading_day(cn_trading_calendar(is_open=0))
us_market_history skipped at 17:10 | 
not_trading_day(market_calendar_weekday_fallback(scope=us, weekday=7))
Maintenance tick started
Maintenance tick complete
State DB: /home/zj/workspace/stok-mapping/data/maintenance/maintenance.sqlite
As of: 2026-06-07T10:54:02
Dry run: False
Executed runs: 0
financial_factors skipped at 03:30 | 
not_trading_day(cn_trading_calendar(is_open=0))
daily_brief skipped at 07:20 | not_trading_day(cn_trading_calendar(is_open=0))
hk_market_history skipped at 16:20 | 
not_trading_day(market_calendar_weekday_fallback(scope=hk, weekday=7))
a_share_history skipped at 16:30 | 
not_trading_day(cn_trading_calendar(is_open=0))
us_market_history skipped at 17:10 | 
not_trading_day(market_calendar_weekday_fallback(scope=us, weekday=7))
Maintenance tick started
Maintenance tick complete
State DB: /home/zj/workspace/stok-mapping/data/maintenance/maintenance.sqlite
As of: 2026-06-07T10:55:02
Dry run: False
Executed runs: 0
financial_factors skipped at 03:30 | 
not_trading_day(cn_trading_calendar(is_open=0))
daily_brief skipped at 07:20 | not_trading_day(cn_trading_calendar(is_open=0))
hk_market_history skipped at 16:20 | 
not_trading_day(market_calendar_weekday_fallback(scope=hk, weekday=7))
a_share_history skipped at 16:30 | 
not_trading_day(cn_trading_calendar(is_open=0))
us_market_history skipped at 17:10 | 
not_trading_day(market_calendar_weekday_fallback(scope=us, weekday=7))
Maintenance tick started
Maintenance tick complete
State DB: /home/zj/workspace/stok-mapping/data/maintenance/maintenance.sqlite
As of: 2026-06-07T10:56:02
Dry run: False
Executed runs: 0
financial_factors skipped at 03:30 | 
not_trading_day(cn_trading_calendar(is_open=0))
daily_brief skipped at 07:20 | not_trading_day(cn_trading_calendar(is_open=0))
hk_market_history skipped at 16:20 | 
not_trading_day(market_calendar_weekday_fallback(scope=hk, weekday=7))
a_share_history skipped at 16:30 | 
not_trading_day(cn_trading_calendar(is_open=0))
us_market_history skipped at 17:10 | 
not_trading_day(market_calendar_weekday_fallback(scope=us, weekday=7))
Maintenance tick started
Maintenance tick complete
State DB: /home/zj/workspace/stok-mapping/data/maintenance/maintenance.sqlite
As of: 2026-06-07T10:57:02
Dry run: False
Executed runs: 0
financial_factors skipped at 03:30 | 
not_trading_day(cn_trading_calendar(is_open=0))
daily_brief skipped at 07:20 | not_trading_day(cn_trading_calendar(is_open=0))
hk_market_history skipped at 16:20 | 
not_trading_day(market_calendar_weekday_fallback(scope=hk, weekday=7))
a_share_history skipped at 16:30 | 
not_trading_day(cn_trading_calendar(is_open=0))
us_market_history skipped at 17:10 | 
not_trading_day(market_calendar_weekday_fallback(scope=us, weekday=7))
Maintenance tick started
Maintenance tick complete
State DB: /home/zj/workspace/stok-mapping/data/maintenance/maintenance.sqlite
As of: 2026-06-07T10:58:02
Dry run: False
Executed runs: 0
financial_factors skipped at 03:30 | 
not_trading_day(cn_trading_calendar(is_open=0))
daily_brief skipped at 07:20 | not_trading_day(cn_trading_calendar(is_open=0))
hk_market_history skipped at 16:20 | 
not_trading_day(market_calendar_weekday_fallback(scope=hk, weekday=7))
a_share_history skipped at 16:30 | 
not_trading_day(cn_trading_calendar(is_open=0))
us_market_history skipped at 17:10 | 
not_trading_day(market_calendar_weekday_fallback(scope=us, weekday=7))
Maintenance tick started
Maintenance tick complete
State DB: /home/zj/workspace/stok-mapping/data/maintenance/maintenance.sqlite
As of: 2026-06-07T10:59:02
Dry run: False
Executed runs: 0
financial_factors skipped at 03:30 | 
not_trading_day(cn_trading_calendar(is_open=0))
daily_brief skipped at 07:20 | not_trading_day(cn_trading_calendar(is_open=0))
hk_market_history skipped at 16:20 | 
not_trading_day(market_calendar_weekday_fallback(scope=hk, weekday=7))
a_share_history skipped at 16:30 | 
not_trading_day(cn_trading_calendar(is_open=0))
us_market_history skipped at 17:10 | 
not_trading_day(market_calendar_weekday_fallback(scope=us, weekday=7))
Maintenance tick started
Maintenance tick complete
State DB: /home/zj/workspace/stok-mapping/data/maintenance/maintenance.sqlite
As of: 2026-06-07T11:00:02
Dry run: False
Executed runs: 0
financial_factors skipped at 03:30 | 
not_trading_day(cn_trading_calendar(is_open=0))
daily_brief skipped at 07:20 | not_trading_day(cn_trading_calendar(is_open=0))
hk_market_history skipped at 16:20 | 
not_trading_day(market_calendar_weekday_fallback(scope=hk, weekday=7))
a_share_history skipped at 16:30 | 
not_trading_day(cn_trading_calendar(is_open=0))
us_market_history skipped at 17:10 | 
not_trading_day(market_calendar_weekday_fallback(scope=us, weekday=7))
Maintenance tick started
Maintenance tick complete
State DB: /home/zj/workspace/stok-mapping/data/maintenance/maintenance.sqlite
As of: 2026-06-07T11:01:02
Dry run: False
Executed runs: 0
financial_factors skipped at 03:30 | 
not_trading_day(cn_trading_calendar(is_open=0))
daily_brief skipped at 07:20 | not_trading_day(cn_trading_calendar(is_open=0))
hk_market_history skipped at 16:20 | 
not_trading_day(market_calendar_weekday_fallback(scope=hk, weekday=7))
a_share_history skipped at 16:30 | 
not_trading_day(cn_trading_calendar(is_open=0))
us_market_history skipped at 17:10 | 
not_trading_day(market_calendar_weekday_fallback(scope=us, weekday=7))
Maintenance tick started
Maintenance tick complete
State DB: /home/zj/workspace/stok-mapping/data/maintenance/maintenance.sqlite
As of: 2026-06-07T11:02:02
Dry run: False
Executed runs: 0
financial_factors skipped at 03:30 | 
not_trading_day(cn_trading_calendar(is_open=0))
daily_brief skipped at 07:20 | not_trading_day(cn_trading_calendar(is_open=0))
hk_market_history skipped at 16:20 | 
not_trading_day(market_calendar_weekday_fallback(scope=hk, weekday=7))
a_share_history skipped at 16:30 | 
not_trading_day(cn_trading_calendar(is_open=0))
us_market_history skipped at 17:10 | 
not_trading_day(market_calendar_weekday_fallback(scope=us, weekday=7))
Maintenance tick started
Maintenance tick complete
State DB: /home/zj/workspace/stok-mapping/data/maintenance/maintenance.sqlite
As of: 2026-06-07T11:03:02
Dry run: False
Executed runs: 0
financial_factors skipped at 03:30 | 
not_trading_day(cn_trading_calendar(is_open=0))
daily_brief skipped at 07:20 | not_trading_day(cn_trading_calendar(is_open=0))
hk_market_history skipped at 16:20 | 
not_trading_day(market_calendar_weekday_fallback(scope=hk, weekday=7))
a_share_history skipped at 16:30 | 
not_trading_day(cn_trading_calendar(is_open=0))
us_market_history skipped at 17:10 | 
not_trading_day(market_calendar_weekday_fallback(scope=us, weekday=7))
Maintenance tick started
Maintenance tick complete
State DB: /home/zj/workspace/stok-mapping/data/maintenance/maintenance.sqlite
As of: 2026-06-07T11:04:02
Dry run: False
Executed runs: 0
financial_factors skipped at 03:30 | 
not_trading_day(cn_trading_calendar(is_open=0))
daily_brief skipped at 07:20 | not_trading_day(cn_trading_calendar(is_open=0))
hk_market_history skipped at 16:20 | 
not_trading_day(market_calendar_weekday_fallback(scope=hk, weekday=7))
a_share_history skipped at 16:30 | 
not_trading_day(cn_trading_calendar(is_open=0))
us_market_history skipped at 17:10 | 
not_trading_day(market_calendar_weekday_fallback(scope=us, weekday=7))
Maintenance tick started
Maintenance tick complete
State DB: /home/zj/workspace/stok-mapping/data/maintenance/maintenance.sqlite
As of: 2026-06-07T11:05:02
Dry run: False
Executed runs: 0
financial_factors skipped at 03:30 | 
not_trading_day(cn_trading_calendar(is_open=0))
daily_brief skipped at 07:20 | not_trading_day(cn_trading_calendar(is_open=0))
hk_market_history skipped at 16:20 | 
not_trading_day(market_calendar_weekday_fallback(scope=hk, weekday=7))
a_share_history skipped at 16:30 | 
not_trading_day(cn_trading_calendar(is_open=0))
us_market_history skipped at 17:10 | 
not_trading_day(market_calendar_weekday_fallback(scope=us, weekday=7))
Maintenance tick started
Maintenance tick complete
State DB: /home/zj/workspace/stok-mapping/data/maintenance/maintenance.sqlite
As of: 2026-06-07T11:06:02
Dry run: False
Executed runs: 0
financial_factors skipped at 03:30 | 
not_trading_day(cn_trading_calendar(is_open=0))
daily_brief skipped at 07:20 | not_trading_day(cn_trading_calendar(is_open=0))
hk_market_history skipped at 16:20 | 
not_trading_day(market_calendar_weekday_fallback(scope=hk, weekday=7))
a_share_history skipped at 16:30 | 
not_trading_day(cn_trading_calendar(is_open=0))
us_market_history skipped at 17:10 | 
not_trading_day(market_calendar_weekday_fallback(scope=us, weekday=7))
Maintenance tick started
Maintenance tick complete
State DB: /home/zj/workspace/stok-mapping/data/maintenance/maintenance.sqlite
As of: 2026-06-07T11:07:02
Dry run: False
Executed runs: 0
financial_factors skipped at 03:30 | 
not_trading_day(cn_trading_calendar(is_open=0))
daily_brief skipped at 07:20 | not_trading_day(cn_trading_calendar(is_open=0))
hk_market_history skipped at 16:20 | 
not_trading_day(market_calendar_weekday_fallback(scope=hk, weekday=7))
a_share_history skipped at 16:30 | 
not_trading_day(cn_trading_calendar(is_open=0))
us_market_history skipped at 17:10 | 
not_trading_day(market_calendar_weekday_fallback(scope=us, weekday=7))
Maintenance tick started
Maintenance tick complete
State DB: /home/zj/workspace/stok-mapping/data/maintenance/maintenance.sqlite
As of: 2026-06-07T11:08:01
Dry run: False
Executed runs: 0
financial_factors skipped at 03:30 | 
not_trading_day(cn_trading_calendar(is_open=0))
daily_brief skipped at 07:20 | not_trading_day(cn_trading_calendar(is_open=0))
hk_market_history skipped at 16:20 | 
not_trading_day(market_calendar_weekday_fallback(scope=hk, weekday=7))
a_share_history skipped at 16:30 | 
not_trading_day(cn_trading_calendar(is_open=0))
us_market_history skipped at 17:10 | 
not_trading_day(market_calendar_weekday_fallback(scope=us, weekday=7))
Maintenance tick started
Maintenance tick complete
State DB: /home/zj/workspace/stok-mapping/data/maintenance/maintenance.sqlite
As of: 2026-06-07T11:09:02
Dry run: False
Executed runs: 0
financial_factors skipped at 03:30 | 
not_trading_day(cn_trading_calendar(is_open=0))
daily_brief skipped at 07:20 | not_trading_day(cn_trading_calendar(is_open=0))
hk_market_history skipped at 16:20 | 
not_trading_day(market_calendar_weekday_fallback(scope=hk, weekday=7))
a_share_history skipped at 16:30 | 
not_trading_day(cn_trading_calendar(is_open=0))
us_market_history skipped at 17:10 | 
not_trading_day(market_calendar_weekday_fallback(scope=us, weekday=7))
Maintenance tick started
Maintenance tick complete
State DB: /home/zj/workspace/stok-mapping/data/maintenance/maintenance.sqlite
As of: 2026-06-07T11:10:02
Dry run: False
Executed runs: 0
financial_factors skipped at 03:30 | 
not_trading_day(cn_trading_calendar(is_open=0))
daily_brief skipped at 07:20 | not_trading_day(cn_trading_calendar(is_open=0))
hk_market_history skipped at 16:20 | 
not_trading_day(market_calendar_weekday_fallback(scope=hk, weekday=7))
a_share_history skipped at 16:30 | 
not_trading_day(cn_trading_calendar(is_open=0))
us_market_history skipped at 17:10 | 
not_trading_day(market_calendar_weekday_fallback(scope=us, weekday=7))
Maintenance tick started
Maintenance tick complete
State DB: /home/zj/workspace/stok-mapping/data/maintenance/maintenance.sqlite
As of: 2026-06-07T11:11:02
Dry run: False
Executed runs: 0
financial_factors skipped at 03:30 | 
not_trading_day(cn_trading_calendar(is_open=0))
daily_brief skipped at 07:20 | not_trading_day(cn_trading_calendar(is_open=0))
hk_market_history skipped at 16:20 | 
not_trading_day(market_calendar_weekday_fallback(scope=hk, weekday=7))
a_share_history skipped at 16:30 | 
not_trading_day(cn_trading_calendar(is_open=0))
us_market_history skipped at 17:10 | 
not_trading_day(market_calendar_weekday_fallback(scope=us, weekday=7))
Maintenance tick started
Maintenance tick complete
State DB: /home/zj/workspace/stok-mapping/data/maintenance/maintenance.sqlite
As of: 2026-06-07T11:12:02
Dry run: False
Executed runs: 0
financial_factors skipped at 03:30 | 
not_trading_day(cn_trading_calendar(is_open=0))
daily_brief skipped at 07:20 | not_trading_day(cn_trading_calendar(is_open=0))
hk_market_history skipped at 16:20 | 
not_trading_day(market_calendar_weekday_fallback(scope=hk, weekday=7))
a_share_history skipped at 16:30 | 
not_trading_day(cn_trading_calendar(is_open=0))
us_market_history skipped at 17:10 | 
not_trading_day(market_calendar_weekday_fallback(scope=us, weekday=7))
Maintenance tick started
Maintenance tick complete
State DB: /home/zj/workspace/stok-mapping/data/maintenance/maintenance.sqlite
As of: 2026-06-07T11:13:01
Dry run: False
Executed runs: 0
financial_factors skipped at 03:30 | 
not_trading_day(cn_trading_calendar(is_open=0))
daily_brief skipped at 07:20 | not_trading_day(cn_trading_calendar(is_open=0))
hk_market_history skipped at 16:20 | 
not_trading_day(market_calendar_weekday_fallback(scope=hk, weekday=7))
a_share_history skipped at 16:30 | 
not_trading_day(cn_trading_calendar(is_open=0))
us_market_history skipped at 17:10 | 
not_trading_day(market_calendar_weekday_fallback(scope=us, weekday=7))
Maintenance tick started
Maintenance tick complete
State DB: /home/zj/workspace/stok-mapping/data/maintenance/maintenance.sqlite
As of: 2026-06-07T11:14:02
Dry run: False
Executed runs: 0
financial_factors skipped at 03:30 | 
not_trading_day(cn_trading_calendar(is_open=0))
daily_brief skipped at 07:20 | not_trading_day(cn_trading_calendar(is_open=0))
hk_market_history skipped at 16:20 | 
not_trading_day(market_calendar_weekday_fallback(scope=hk, weekday=7))
a_share_history skipped at 16:30 | 
not_trading_day(cn_trading_calendar(is_open=0))
us_market_history skipped at 17:10 | 
not_trading_day(market_calendar_weekday_fallback(scope=us, weekday=7))
Maintenance tick started
Maintenance tick complete
State DB: /home/zj/workspace/stok-mapping/data/maintenance/maintenance.sqlite
As of: 2026-06-07T11:15:02
Dry run: False
Executed runs: 0
financial_factors skipped at 03:30 | 
not_trading_day(cn_trading_calendar(is_open=0))
daily_brief skipped at 07:20 | not_trading_day(cn_trading_calendar(is_open=0))
hk_market_history skipped at 16:20 | 
not_trading_day(market_calendar_weekday_fallback(scope=hk, weekday=7))
a_share_history skipped at 16:30 | 
not_trading_day(cn_trading_calendar(is_open=0))
us_market_history skipped at 17:10 | 
not_trading_day(market_calendar_weekday_fallback(scope=us, weekday=7))
Maintenance tick started
Maintenance tick complete
State DB: /home/zj/workspace/stok-mapping/data/maintenance/maintenance.sqlite
As of: 2026-06-07T11:16:02
Dry run: False
Executed runs: 0
financial_factors skipped at 03:30 | 
not_trading_day(cn_trading_calendar(is_open=0))
daily_brief skipped at 07:20 | not_trading_day(cn_trading_calendar(is_open=0))
hk_market_history skipped at 16:20 | 
not_trading_day(market_calendar_weekday_fallback(scope=hk, weekday=7))
a_share_history skipped at 16:30 | 
not_trading_day(cn_trading_calendar(is_open=0))
us_market_history skipped at 17:10 | 
not_trading_day(market_calendar_weekday_fallback(scope=us, weekday=7))
Maintenance tick started
Maintenance tick complete
State DB: /home/zj/workspace/stok-mapping/data/maintenance/maintenance.sqlite
As of: 2026-06-07T11:17:02
Dry run: False
Executed runs: 0
financial_factors skipped at 03:30 | 
not_trading_day(cn_trading_calendar(is_open=0))
daily_brief skipped at 07:20 | not_trading_day(cn_trading_calendar(is_open=0))
hk_market_history skipped at 16:20 | 
not_trading_day(market_calendar_weekday_fallback(scope=hk, weekday=7))
a_share_history skipped at 16:30 | 
not_trading_day(cn_trading_calendar(is_open=0))
us_market_history skipped at 17:10 | 
not_trading_day(market_calendar_weekday_fallback(scope=us, weekday=7))
Maintenance tick started
Maintenance tick complete
State DB: /home/zj/workspace/stok-mapping/data/maintenance/maintenance.sqlite
As of: 2026-06-07T11:18:01
Dry run: False
Executed runs: 0
financial_factors skipped at 03:30 | 
not_trading_day(cn_trading_calendar(is_open=0))
daily_brief skipped at 07:20 | not_trading_day(cn_trading_calendar(is_open=0))
hk_market_history skipped at 16:20 | 
not_trading_day(market_calendar_weekday_fallback(scope=hk, weekday=7))
a_share_history skipped at 16:30 | 
not_trading_day(cn_trading_calendar(is_open=0))
us_market_history skipped at 17:10 | 
not_trading_day(market_calendar_weekday_fallback(scope=us, weekday=7))
Maintenance tick started
Maintenance tick complete
State DB: /home/zj/workspace/stok-mapping/data/maintenance/maintenance.sqlite
As of: 2026-06-07T11:19:02
Dry run: False
Executed runs: 0
financial_factors skipped at 03:30 | 
not_trading_day(cn_trading_calendar(is_open=0))
daily_brief skipped at 07:20 | not_trading_day(cn_trading_calendar(is_open=0))
hk_market_history skipped at 16:20 | 
not_trading_day(market_calendar_weekday_fallback(scope=hk, weekday=7))
a_share_history skipped at 16:30 | 
not_trading_day(cn_trading_calendar(is_open=0))
us_market_history skipped at 17:10 | 
not_trading_day(market_calendar_weekday_fallback(scope=us, weekday=7))
Maintenance tick started
Maintenance tick complete
State DB: /home/zj/workspace/stok-mapping/data/maintenance/maintenance.sqlite
As of: 2026-06-07T11:20:02
Dry run: False
Executed runs: 0
financial_factors skipped at 03:30 | 
not_trading_day(cn_trading_calendar(is_open=0))
daily_brief skipped at 07:20 | not_trading_day(cn_trading_calendar(is_open=0))
hk_market_history skipped at 16:20 | 
not_trading_day(market_calendar_weekday_fallback(scope=hk, weekday=7))
a_share_history skipped at 16:30 | 
not_trading_day(cn_trading_calendar(is_open=0))
us_market_history skipped at 17:10 | 
not_trading_day(market_calendar_weekday_fallback(scope=us, weekday=7))
Maintenance tick started
Maintenance tick complete
State DB: /home/zj/workspace/stok-mapping/data/maintenance/maintenance.sqlite
As of: 2026-06-07T11:21:02
Dry run: False
Executed runs: 0
financial_factors skipped at 03:30 | 
not_trading_day(cn_trading_calendar(is_open=0))
daily_brief skipped at 07:20 | not_trading_day(cn_trading_calendar(is_open=0))
hk_market_history skipped at 16:20 | 
not_trading_day(market_calendar_weekday_fallback(scope=hk, weekday=7))
a_share_history skipped at 16:30 | 
not_trading_day(cn_trading_calendar(is_open=0))
us_market_history skipped at 17:10 | 
not_trading_day(market_calendar_weekday_fallback(scope=us, weekday=7))
Maintenance tick started
Maintenance tick complete
State DB: /home/zj/workspace/stok-mapping/data/maintenance/maintenance.sqlite
As of: 2026-06-07T11:22:02
Dry run: False
Executed runs: 0
financial_factors skipped at 03:30 | 
not_trading_day(cn_trading_calendar(is_open=0))
daily_brief skipped at 07:20 | not_trading_day(cn_trading_calendar(is_open=0))
hk_market_history skipped at 16:20 | 
not_trading_day(market_calendar_weekday_fallback(scope=hk, weekday=7))
a_share_history skipped at 16:30 | 
not_trading_day(cn_trading_calendar(is_open=0))
us_market_history skipped at 17:10 | 
not_trading_day(market_calendar_weekday_fallback(scope=us, weekday=7))
Maintenance tick started
Maintenance tick complete
State DB: /home/zj/workspace/stok-mapping/data/maintenance/maintenance.sqlite
As of: 2026-06-07T11:23:01
Dry run: False
Executed runs: 0
financial_factors skipped at 03:30 | 
not_trading_day(cn_trading_calendar(is_open=0))
daily_brief skipped at 07:20 | not_trading_day(cn_trading_calendar(is_open=0))
hk_market_history skipped at 16:20 | 
not_trading_day(market_calendar_weekday_fallback(scope=hk, weekday=7))
a_share_history skipped at 16:30 | 
not_trading_day(cn_trading_calendar(is_open=0))
us_market_history skipped at 17:10 | 
not_trading_day(market_calendar_weekday_fallback(scope=us, weekday=7))
Maintenance tick started
Maintenance tick complete
State DB: /home/zj/workspace/stok-mapping/data/maintenance/maintenance.sqlite
As of: 2026-06-07T11:24:02
Dry run: False
Executed runs: 0
financial_factors skipped at 03:30 | 
not_trading_day(cn_trading_calendar(is_open=0))
daily_brief skipped at 07:20 | not_trading_day(cn_trading_calendar(is_open=0))
hk_market_history skipped at 16:20 | 
not_trading_day(market_calendar_weekday_fallback(scope=hk, weekday=7))
a_share_history skipped at 16:30 | 
not_trading_day(cn_trading_calendar(is_open=0))
us_market_history skipped at 17:10 | 
not_trading_day(market_calendar_weekday_fallback(scope=us, weekday=7))
Maintenance tick started
Maintenance tick complete
State DB: /home/zj/workspace/stok-mapping/data/maintenance/maintenance.sqlite
As of: 2026-06-07T11:25:02
Dry run: False
Executed runs: 0
financial_factors skipped at 03:30 | 
not_trading_day(cn_trading_calendar(is_open=0))
daily_brief skipped at 07:20 | not_trading_day(cn_trading_calendar(is_open=0))
hk_market_history skipped at 16:20 | 
not_trading_day(market_calendar_weekday_fallback(scope=hk, weekday=7))
a_share_history skipped at 16:30 | 
not_trading_day(cn_trading_calendar(is_open=0))
us_market_history skipped at 17:10 | 
not_trading_day(market_calendar_weekday_fallback(scope=us, weekday=7))
Maintenance tick started
Maintenance tick complete
State DB: /home/zj/workspace/stok-mapping/data/maintenance/maintenance.sqlite
As of: 2026-06-07T11:26:02
Dry run: False
Executed runs: 0
financial_factors skipped at 03:30 | 
not_trading_day(cn_trading_calendar(is_open=0))
daily_brief skipped at 07:20 | not_trading_day(cn_trading_calendar(is_open=0))
hk_market_history skipped at 16:20 | 
not_trading_day(market_calendar_weekday_fallback(scope=hk, weekday=7))
a_share_history skipped at 16:30 | 
not_trading_day(cn_trading_calendar(is_open=0))
us_market_history skipped at 17:10 | 
not_trading_day(market_calendar_weekday_fallback(scope=us, weekday=7))
Maintenance tick started
Maintenance tick complete
State DB: /home/zj/workspace/stok-mapping/data/maintenance/maintenance.sqlite
As of: 2026-06-07T11:27:02
Dry run: False
Executed runs: 0
financial_factors skipped at 03:30 | 
not_trading_day(cn_trading_calendar(is_open=0))
daily_brief skipped at 07:20 | not_trading_day(cn_trading_calendar(is_open=0))
hk_market_history skipped at 16:20 | 
not_trading_day(market_calendar_weekday_fallback(scope=hk, weekday=7))
a_share_history skipped at 16:30 | 
not_trading_day(cn_trading_calendar(is_open=0))
us_market_history skipped at 17:10 | 
not_trading_day(market_calendar_weekday_fallback(scope=us, weekday=7))
Maintenance tick started
Maintenance tick complete
State DB: /home/zj/workspace/stok-mapping/data/maintenance/maintenance.sqlite
As of: 2026-06-07T11:28:02
Dry run: False
Executed runs: 0
financial_factors skipped at 03:30 | 
not_trading_day(cn_trading_calendar(is_open=0))
daily_brief skipped at 07:20 | not_trading_day(cn_trading_calendar(is_open=0))
hk_market_history skipped at 16:20 | 
not_trading_day(market_calendar_weekday_fallback(scope=hk, weekday=7))
a_share_history skipped at 16:30 | 
not_trading_day(cn_trading_calendar(is_open=0))
us_market_history skipped at 17:10 | 
not_trading_day(market_calendar_weekday_fallback(scope=us, weekday=7))
Maintenance tick started
Maintenance tick complete
State DB: /home/zj/workspace/stok-mapping/data/maintenance/maintenance.sqlite
As of: 2026-06-07T11:29:02
Dry run: False
Executed runs: 0
financial_factors skipped at 03:30 | 
not_trading_day(cn_trading_calendar(is_open=0))
daily_brief skipped at 07:20 | not_trading_day(cn_trading_calendar(is_open=0))
hk_market_history skipped at 16:20 | 
not_trading_day(market_calendar_weekday_fallback(scope=hk, weekday=7))
a_share_history skipped at 16:30 | 
not_trading_day(cn_trading_calendar(is_open=0))
us_market_history skipped at 17:10 | 
not_trading_day(market_calendar_weekday_fallback(scope=us, weekday=7))
Maintenance tick started
Maintenance tick complete
State DB: /home/zj/workspace/stok-mapping/data/maintenance/maintenance.sqlite
As of: 2026-06-07T11:30:02
Dry run: False
Executed runs: 0
financial_factors skipped at 03:30 | 
not_trading_day(cn_trading_calendar(is_open=0))
daily_brief skipped at 07:20 | not_trading_day(cn_trading_calendar(is_open=0))
hk_market_history skipped at 16:20 | 
not_trading_day(market_calendar_weekday_fallback(scope=hk, weekday=7))
a_share_history skipped at 16:30 | 
not_trading_day(cn_trading_calendar(is_open=0))
us_market_history skipped at 17:10 | 
not_trading_day(market_calendar_weekday_fallback(scope=us, weekday=7))
Maintenance tick started
Maintenance tick complete
State DB: /home/zj/workspace/stok-mapping/data/maintenance/maintenance.sqlite
As of: 2026-06-07T11:31:02
Dry run: False
Executed runs: 0
financial_factors skipped at 03:30 | 
not_trading_day(cn_trading_calendar(is_open=0))
daily_brief skipped at 07:20 | not_trading_day(cn_trading_calendar(is_open=0))
hk_market_history skipped at 16:20 | 
not_trading_day(market_calendar_weekday_fallback(scope=hk, weekday=7))
a_share_history skipped at 16:30 | 
not_trading_day(cn_trading_calendar(is_open=0))
us_market_history skipped at 17:10 | 
not_trading_day(market_calendar_weekday_fallback(scope=us, weekday=7))
Maintenance tick started
Maintenance tick complete
State DB: /home/zj/workspace/stok-mapping/data/maintenance/maintenance.sqlite
As of: 2026-06-07T11:32:02
Dry run: False
Executed runs: 0
financial_factors skipped at 03:30 | 
not_trading_day(cn_trading_calendar(is_open=0))
daily_brief skipped at 07:20 | not_trading_day(cn_trading_calendar(is_open=0))
hk_market_history skipped at 16:20 | 
not_trading_day(market_calendar_weekday_fallback(scope=hk, weekday=7))
a_share_history skipped at 16:30 | 
not_trading_day(cn_trading_calendar(is_open=0))
us_market_history skipped at 17:10 | 
not_trading_day(market_calendar_weekday_fallback(scope=us, weekday=7))
Maintenance tick started
Maintenance tick complete
State DB: /home/zj/workspace/stok-mapping/data/maintenance/maintenance.sqlite
As of: 2026-06-07T11:33:02
Dry run: False
Executed runs: 0
financial_factors skipped at 03:30 | 
not_trading_day(cn_trading_calendar(is_open=0))
daily_brief skipped at 07:20 | not_trading_day(cn_trading_calendar(is_open=0))
hk_market_history skipped at 16:20 | 
not_trading_day(market_calendar_weekday_fallback(scope=hk, weekday=7))
a_share_history skipped at 16:30 | 
not_trading_day(cn_trading_calendar(is_open=0))
us_market_history skipped at 17:10 | 
not_trading_day(market_calendar_weekday_fallback(scope=us, weekday=7))
Maintenance tick started
Maintenance tick complete
State DB: /home/zj/workspace/stok-mapping/data/maintenance/maintenance.sqlite
As of: 2026-06-07T11:34:01
Dry run: False
Executed runs: 0
financial_factors skipped at 03:30 | 
not_trading_day(cn_trading_calendar(is_open=0))
daily_brief skipped at 07:20 | not_trading_day(cn_trading_calendar(is_open=0))
hk_market_history skipped at 16:20 | 
not_trading_day(market_calendar_weekday_fallback(scope=hk, weekday=7))
a_share_history skipped at 16:30 | 
not_trading_day(cn_trading_calendar(is_open=0))
us_market_history skipped at 17:10 | 
not_trading_day(market_calendar_weekday_fallback(scope=us, weekday=7))
Maintenance tick started
Maintenance tick complete
State DB: /home/zj/workspace/stok-mapping/data/maintenance/maintenance.sqlite
As of: 2026-06-07T11:35:02
Dry run: False
Executed runs: 0
financial_factors skipped at 03:30 | 
not_trading_day(cn_trading_calendar(is_open=0))
daily_brief skipped at 07:20 | not_trading_day(cn_trading_calendar(is_open=0))
hk_market_history skipped at 16:20 | 
not_trading_day(market_calendar_weekday_fallback(scope=hk, weekday=7))
a_share_history skipped at 16:30 | 
not_trading_day(cn_trading_calendar(is_open=0))
us_market_history skipped at 17:10 | 
not_trading_day(market_calendar_weekday_fallback(scope=us, weekday=7))
Maintenance tick started
Maintenance tick complete
State DB: /home/zj/workspace/stok-mapping/data/maintenance/maintenance.sqlite
As of: 2026-06-07T11:36:02
Dry run: False
Executed runs: 0
financial_factors skipped at 03:30 | 
not_trading_day(cn_trading_calendar(is_open=0))
daily_brief skipped at 07:20 | not_trading_day(cn_trading_calendar(is_open=0))
hk_market_history skipped at 16:20 | 
not_trading_day(market_calendar_weekday_fallback(scope=hk, weekday=7))
a_share_history skipped at 16:30 | 
not_trading_day(cn_trading_calendar(is_open=0))
us_market_history skipped at 17:10 | 
not_trading_day(market_calendar_weekday_fallback(scope=us, weekday=7))
Maintenance tick started
Maintenance tick complete
State DB: /home/zj/workspace/stok-mapping/data/maintenance/maintenance.sqlite
As of: 2026-06-07T11:37:02
Dry run: False
Executed runs: 0
financial_factors skipped at 03:30 | 
not_trading_day(cn_trading_calendar(is_open=0))
daily_brief skipped at 07:20 | not_trading_day(cn_trading_calendar(is_open=0))
hk_market_history skipped at 16:20 | 
not_trading_day(market_calendar_weekday_fallback(scope=hk, weekday=7))
a_share_history skipped at 16:30 | 
not_trading_day(cn_trading_calendar(is_open=0))
us_market_history skipped at 17:10 | 
not_trading_day(market_calendar_weekday_fallback(scope=us, weekday=7))
Maintenance tick started
Maintenance tick complete
State DB: /home/zj/workspace/stok-mapping/data/maintenance/maintenance.sqlite
As of: 2026-06-07T11:38:02
Dry run: False
Executed runs: 0
financial_factors skipped at 03:30 | 
not_trading_day(cn_trading_calendar(is_open=0))
daily_brief skipped at 07:20 | not_trading_day(cn_trading_calendar(is_open=0))
hk_market_history skipped at 16:20 | 
not_trading_day(market_calendar_weekday_fallback(scope=hk, weekday=7))
a_share_history skipped at 16:30 | 
not_trading_day(cn_trading_calendar(is_open=0))
us_market_history skipped at 17:10 | 
not_trading_day(market_calendar_weekday_fallback(scope=us, weekday=7))
Maintenance tick started
Maintenance tick complete
State DB: /home/zj/workspace/stok-mapping/data/maintenance/maintenance.sqlite
As of: 2026-06-07T11:39:02
Dry run: False
Executed runs: 0
financial_factors skipped at 03:30 | 
not_trading_day(cn_trading_calendar(is_open=0))
daily_brief skipped at 07:20 | not_trading_day(cn_trading_calendar(is_open=0))
hk_market_history skipped at 16:20 | 
not_trading_day(market_calendar_weekday_fallback(scope=hk, weekday=7))
a_share_history skipped at 16:30 | 
not_trading_day(cn_trading_calendar(is_open=0))
us_market_history skipped at 17:10 | 
not_trading_day(market_calendar_weekday_fallback(scope=us, weekday=7))
Maintenance tick started
Maintenance tick complete
State DB: /home/zj/workspace/stok-mapping/data/maintenance/maintenance.sqlite
As of: 2026-06-07T11:40:02
Dry run: False
Executed runs: 0
financial_factors skipped at 03:30 | 
not_trading_day(cn_trading_calendar(is_open=0))
daily_brief skipped at 07:20 | not_trading_day(cn_trading_calendar(is_open=0))
hk_market_history skipped at 16:20 | 
not_trading_day(market_calendar_weekday_fallback(scope=hk, weekday=7))
a_share_history skipped at 16:30 | 
not_trading_day(cn_trading_calendar(is_open=0))
us_market_history skipped at 17:10 | 
not_trading_day(market_calendar_weekday_fallback(scope=us, weekday=7))
Maintenance tick started
Maintenance tick complete
State DB: /home/zj/workspace/stok-mapping/data/maintenance/maintenance.sqlite
As of: 2026-06-07T11:41:02
Dry run: False
Executed runs: 0
financial_factors skipped at 03:30 | 
not_trading_day(cn_trading_calendar(is_open=0))
daily_brief skipped at 07:20 | not_trading_day(cn_trading_calendar(is_open=0))
hk_market_history skipped at 16:20 | 
not_trading_day(market_calendar_weekday_fallback(scope=hk, weekday=7))
a_share_history skipped at 16:30 | 
not_trading_day(cn_trading_calendar(is_open=0))
us_market_history skipped at 17:10 | 
not_trading_day(market_calendar_weekday_fallback(scope=us, weekday=7))
Maintenance tick started
Maintenance tick complete
State DB: /home/zj/workspace/stok-mapping/data/maintenance/maintenance.sqlite
As of: 2026-06-07T11:42:02
Dry run: False
Executed runs: 0
financial_factors skipped at 03:30 | 
not_trading_day(cn_trading_calendar(is_open=0))
daily_brief skipped at 07:20 | not_trading_day(cn_trading_calendar(is_open=0))
hk_market_history skipped at 16:20 | 
not_trading_day(market_calendar_weekday_fallback(scope=hk, weekday=7))
a_share_history skipped at 16:30 | 
not_trading_day(cn_trading_calendar(is_open=0))
us_market_history skipped at 17:10 | 
not_trading_day(market_calendar_weekday_fallback(scope=us, weekday=7))
Maintenance tick started
Maintenance tick complete
State DB: /home/zj/workspace/stok-mapping/data/maintenance/maintenance.sqlite
As of: 2026-06-07T11:43:02
Dry run: False
Executed runs: 0
financial_factors skipped at 03:30 | 
not_trading_day(cn_trading_calendar(is_open=0))
daily_brief skipped at 07:20 | not_trading_day(cn_trading_calendar(is_open=0))
hk_market_history skipped at 16:20 | 
not_trading_day(market_calendar_weekday_fallback(scope=hk, weekday=7))
a_share_history skipped at 16:30 | 
not_trading_day(cn_trading_calendar(is_open=0))
us_market_history skipped at 17:10 | 
not_trading_day(market_calendar_weekday_fallback(scope=us, weekday=7))
Maintenance tick started
Maintenance tick complete
State DB: /home/zj/workspace/stok-mapping/data/maintenance/maintenance.sqlite
As of: 2026-06-07T11:44:02
Dry run: False
Executed runs: 0
financial_factors skipped at 03:30 | 
not_trading_day(cn_trading_calendar(is_open=0))
daily_brief skipped at 07:20 | not_trading_day(cn_trading_calendar(is_open=0))
hk_market_history skipped at 16:20 | 
not_trading_day(market_calendar_weekday_fallback(scope=hk, weekday=7))
a_share_history skipped at 16:30 | 
not_trading_day(cn_trading_calendar(is_open=0))
us_market_history skipped at 17:10 | 
not_trading_day(market_calendar_weekday_fallback(scope=us, weekday=7))
Maintenance tick started
Maintenance tick complete
State DB: /home/zj/workspace/stok-mapping/data/maintenance/maintenance.sqlite
As of: 2026-06-07T11:45:02
Dry run: False
Executed runs: 0
financial_factors skipped at 03:30 | 
not_trading_day(cn_trading_calendar(is_open=0))
daily_brief skipped at 07:20 | not_trading_day(cn_trading_calendar(is_open=0))
hk_market_history skipped at 16:20 | 
not_trading_day(market_calendar_weekday_fallback(scope=hk, weekday=7))
a_share_history skipped at 16:30 | 
not_trading_day(cn_trading_calendar(is_open=0))
us_market_history skipped at 17:10 | 
not_trading_day(market_calendar_weekday_fallback(scope=us, weekday=7))
Maintenance tick started
Maintenance tick complete
State DB: /home/zj/workspace/stok-mapping/data/maintenance/maintenance.sqlite
As of: 2026-06-07T11:46:01
Dry run: False
Executed runs: 0
financial_factors skipped at 03:30 | 
not_trading_day(cn_trading_calendar(is_open=0))
daily_brief skipped at 07:20 | not_trading_day(cn_trading_calendar(is_open=0))
hk_market_history skipped at 16:20 | 
not_trading_day(market_calendar_weekday_fallback(scope=hk, weekday=7))
a_share_history skipped at 16:30 | 
not_trading_day(cn_trading_calendar(is_open=0))
us_market_history skipped at 17:10 | 
not_trading_day(market_calendar_weekday_fallback(scope=us, weekday=7))
Maintenance tick started
Maintenance tick complete
State DB: /home/zj/workspace/stok-mapping/data/maintenance/maintenance.sqlite
As of: 2026-06-07T11:47:02
Dry run: False
Executed runs: 0
financial_factors skipped at 03:30 | 
not_trading_day(cn_trading_calendar(is_open=0))
daily_brief skipped at 07:20 | not_trading_day(cn_trading_calendar(is_open=0))
hk_market_history skipped at 16:20 | 
not_trading_day(market_calendar_weekday_fallback(scope=hk, weekday=7))
a_share_history skipped at 16:30 | 
not_trading_day(cn_trading_calendar(is_open=0))
us_market_history skipped at 17:10 | 
not_trading_day(market_calendar_weekday_fallback(scope=us, weekday=7))
Maintenance tick started
Maintenance tick complete
State DB: /home/zj/workspace/stok-mapping/data/maintenance/maintenance.sqlite
As of: 2026-06-07T11:48:02
Dry run: False
Executed runs: 0
financial_factors skipped at 03:30 | 
not_trading_day(cn_trading_calendar(is_open=0))
daily_brief skipped at 07:20 | not_trading_day(cn_trading_calendar(is_open=0))
hk_market_history skipped at 16:20 | 
not_trading_day(market_calendar_weekday_fallback(scope=hk, weekday=7))
a_share_history skipped at 16:30 | 
not_trading_day(cn_trading_calendar(is_open=0))
us_market_history skipped at 17:10 | 
not_trading_day(market_calendar_weekday_fallback(scope=us, weekday=7))
Maintenance tick started
Maintenance tick complete
State DB: /home/zj/workspace/stok-mapping/data/maintenance/maintenance.sqlite
As of: 2026-06-07T11:49:02
Dry run: False
Executed runs: 0
financial_factors skipped at 03:30 | 
not_trading_day(cn_trading_calendar(is_open=0))
daily_brief skipped at 07:20 | not_trading_day(cn_trading_calendar(is_open=0))
hk_market_history skipped at 16:20 | 
not_trading_day(market_calendar_weekday_fallback(scope=hk, weekday=7))
a_share_history skipped at 16:30 | 
not_trading_day(cn_trading_calendar(is_open=0))
us_market_history skipped at 17:10 | 
not_trading_day(market_calendar_weekday_fallback(scope=us, weekday=7))
Maintenance tick started
Maintenance tick complete
State DB: /home/zj/workspace/stok-mapping/data/maintenance/maintenance.sqlite
As of: 2026-06-07T11:50:01
Dry run: False
Executed runs: 0
financial_factors skipped at 03:30 | 
not_trading_day(cn_trading_calendar(is_open=0))
daily_brief skipped at 07:20 | not_trading_day(cn_trading_calendar(is_open=0))
hk_market_history skipped at 16:20 | 
not_trading_day(market_calendar_weekday_fallback(scope=hk, weekday=7))
a_share_history skipped at 16:30 | 
not_trading_day(cn_trading_calendar(is_open=0))
us_market_history skipped at 17:10 | 
not_trading_day(market_calendar_weekday_fallback(scope=us, weekday=7))
Maintenance tick started
Maintenance tick complete
State DB: /home/zj/workspace/stok-mapping/data/maintenance/maintenance.sqlite
As of: 2026-06-07T11:51:02
Dry run: False
Executed runs: 0
financial_factors skipped at 03:30 | 
not_trading_day(cn_trading_calendar(is_open=0))
daily_brief skipped at 07:20 | not_trading_day(cn_trading_calendar(is_open=0))
hk_market_history skipped at 16:20 | 
not_trading_day(market_calendar_weekday_fallback(scope=hk, weekday=7))
a_share_history skipped at 16:30 | 
not_trading_day(cn_trading_calendar(is_open=0))
us_market_history skipped at 17:10 | 
not_trading_day(market_calendar_weekday_fallback(scope=us, weekday=7))
Maintenance tick started
Maintenance tick complete
State DB: /home/zj/workspace/stok-mapping/data/maintenance/maintenance.sqlite
As of: 2026-06-07T11:52:02
Dry run: False
Executed runs: 0
financial_factors skipped at 03:30 | 
not_trading_day(cn_trading_calendar(is_open=0))
daily_brief skipped at 07:20 | not_trading_day(cn_trading_calendar(is_open=0))
hk_market_history skipped at 16:20 | 
not_trading_day(market_calendar_weekday_fallback(scope=hk, weekday=7))
a_share_history skipped at 16:30 | 
not_trading_day(cn_trading_calendar(is_open=0))
us_market_history skipped at 17:10 | 
not_trading_day(market_calendar_weekday_fallback(scope=us, weekday=7))
Maintenance tick started
Maintenance tick complete
State DB: /home/zj/workspace/stok-mapping/data/maintenance/maintenance.sqlite
As of: 2026-06-07T11:53:02
Dry run: False
Executed runs: 0
financial_factors skipped at 03:30 | 
not_trading_day(cn_trading_calendar(is_open=0))
daily_brief skipped at 07:20 | not_trading_day(cn_trading_calendar(is_open=0))
hk_market_history skipped at 16:20 | 
not_trading_day(market_calendar_weekday_fallback(scope=hk, weekday=7))
a_share_history skipped at 16:30 | 
not_trading_day(cn_trading_calendar(is_open=0))
us_market_history skipped at 17:10 | 
not_trading_day(market_calendar_weekday_fallback(scope=us, weekday=7))
Maintenance tick started
Maintenance tick complete
State DB: /home/zj/workspace/stok-mapping/data/maintenance/maintenance.sqlite
As of: 2026-06-07T11:54:02
Dry run: False
Executed runs: 0
financial_factors skipped at 03:30 | 
not_trading_day(cn_trading_calendar(is_open=0))
daily_brief skipped at 07:20 | not_trading_day(cn_trading_calendar(is_open=0))
hk_market_history skipped at 16:20 | 
not_trading_day(market_calendar_weekday_fallback(scope=hk, weekday=7))
a_share_history skipped at 16:30 | 
not_trading_day(cn_trading_calendar(is_open=0))
us_market_history skipped at 17:10 | 
not_trading_day(market_calendar_weekday_fallback(scope=us, weekday=7))
Maintenance tick started
Maintenance tick complete
State DB: /home/zj/workspace/stok-mapping/data/maintenance/maintenance.sqlite
As of: 2026-06-07T11:55:02
Dry run: False
Executed runs: 0
financial_factors skipped at 03:30 | 
not_trading_day(cn_trading_calendar(is_open=0))
daily_brief skipped at 07:20 | not_trading_day(cn_trading_calendar(is_open=0))
hk_market_history skipped at 16:20 | 
not_trading_day(market_calendar_weekday_fallback(scope=hk, weekday=7))
a_share_history skipped at 16:30 | 
not_trading_day(cn_trading_calendar(is_open=0))
us_market_history skipped at 17:10 | 
not_trading_day(market_calendar_weekday_fallback(scope=us, weekday=7))
Maintenance tick started
Maintenance tick complete
State DB: /home/zj/workspace/stok-mapping/data/maintenance/maintenance.sqlite
As of: 2026-06-07T11:56:02
Dry run: False
Executed runs: 0
financial_factors skipped at 03:30 | 
not_trading_day(cn_trading_calendar(is_open=0))
daily_brief skipped at 07:20 | not_trading_day(cn_trading_calendar(is_open=0))
hk_market_history skipped at 16:20 | 
not_trading_day(market_calendar_weekday_fallback(scope=hk, weekday=7))
a_share_history skipped at 16:30 | 
not_trading_day(cn_trading_calendar(is_open=0))
us_market_history skipped at 17:10 | 
not_trading_day(market_calendar_weekday_fallback(scope=us, weekday=7))
Maintenance tick started
Maintenance tick complete
State DB: /home/zj/workspace/stok-mapping/data/maintenance/maintenance.sqlite
As of: 2026-06-07T11:57:01
Dry run: False
Executed runs: 0
financial_factors skipped at 03:30 | 
not_trading_day(cn_trading_calendar(is_open=0))
daily_brief skipped at 07:20 | not_trading_day(cn_trading_calendar(is_open=0))
hk_market_history skipped at 16:20 | 
not_trading_day(market_calendar_weekday_fallback(scope=hk, weekday=7))
a_share_history skipped at 16:30 | 
not_trading_day(cn_trading_calendar(is_open=0))
us_market_history skipped at 17:10 | 
not_trading_day(market_calendar_weekday_fallback(scope=us, weekday=7))
Maintenance tick started
Maintenance tick complete
State DB: /home/zj/workspace/stok-mapping/data/maintenance/maintenance.sqlite
As of: 2026-06-07T11:58:01
Dry run: False
Executed runs: 0
financial_factors skipped at 03:30 | 
not_trading_day(cn_trading_calendar(is_open=0))
daily_brief skipped at 07:20 | not_trading_day(cn_trading_calendar(is_open=0))
hk_market_history skipped at 16:20 | 
not_trading_day(market_calendar_weekday_fallback(scope=hk, weekday=7))
a_share_history skipped at 16:30 | 
not_trading_day(cn_trading_calendar(is_open=0))
us_market_history skipped at 17:10 | 
not_trading_day(market_calendar_weekday_fallback(scope=us, weekday=7))
Maintenance tick started
Maintenance tick complete
State DB: /home/zj/workspace/stok-mapping/data/maintenance/maintenance.sqlite
As of: 2026-06-07T11:59:02
Dry run: False
Executed runs: 0
financial_factors skipped at 03:30 | 
not_trading_day(cn_trading_calendar(is_open=0))
daily_brief skipped at 07:20 | not_trading_day(cn_trading_calendar(is_open=0))
hk_market_history skipped at 16:20 | 
not_trading_day(market_calendar_weekday_fallback(scope=hk, weekday=7))
a_share_history skipped at 16:30 | 
not_trading_day(cn_trading_calendar(is_open=0))
us_market_history skipped at 17:10 | 
not_trading_day(market_calendar_weekday_fallback(scope=us, weekday=7))
Maintenance tick started
Maintenance tick complete
State DB: /home/zj/workspace/stok-mapping/data/maintenance/maintenance.sqlite
As of: 2026-06-07T12:00:02
Dry run: False
Executed runs: 0
financial_factors skipped at 03:30 | 
not_trading_day(cn_trading_calendar(is_open=0))
daily_brief skipped at 07:20 | not_trading_day(cn_trading_calendar(is_open=0))
hk_market_history skipped at 16:20 | 
not_trading_day(market_calendar_weekday_fallback(scope=hk, weekday=7))
a_share_history skipped at 16:30 | 
not_trading_day(cn_trading_calendar(is_open=0))
us_market_history skipped at 17:10 | 
not_trading_day(market_calendar_weekday_fallback(scope=us, weekday=7))
Maintenance tick started
Maintenance tick complete
State DB: /home/zj/workspace/stok-mapping/data/maintenance/maintenance.sqlite
As of: 2026-06-07T12:01:02
Dry run: False
Executed runs: 0
financial_factors skipped at 03:30 | 
not_trading_day(cn_trading_calendar(is_open=0))
daily_brief skipped at 07:20 | not_trading_day(cn_trading_calendar(is_open=0))
hk_market_history skipped at 16:20 | 
not_trading_day(market_calendar_weekday_fallback(scope=hk, weekday=7))
a_share_history skipped at 16:30 | 
not_trading_day(cn_trading_calendar(is_open=0))
us_market_history skipped at 17:10 | 
not_trading_day(market_calendar_weekday_fallback(scope=us, weekday=7))
Maintenance tick started
Maintenance tick complete
State DB: /home/zj/workspace/stok-mapping/data/maintenance/maintenance.sqlite
As of: 2026-06-07T12:02:02
Dry run: False
Executed runs: 0
financial_factors skipped at 03:30 | 
not_trading_day(cn_trading_calendar(is_open=0))
daily_brief skipped at 07:20 | not_trading_day(cn_trading_calendar(is_open=0))
hk_market_history skipped at 16:20 | 
not_trading_day(market_calendar_weekday_fallback(scope=hk, weekday=7))
a_share_history skipped at 16:30 | 
not_trading_day(cn_trading_calendar(is_open=0))
us_market_history skipped at 17:10 | 
not_trading_day(market_calendar_weekday_fallback(scope=us, weekday=7))
Maintenance tick started
Maintenance tick complete
State DB: /home/zj/workspace/stok-mapping/data/maintenance/maintenance.sqlite
As of: 2026-06-07T12:03:02
Dry run: False
Executed runs: 0
financial_factors skipped at 03:30 | 
not_trading_day(cn_trading_calendar(is_open=0))
daily_brief skipped at 07:20 | not_trading_day(cn_trading_calendar(is_open=0))
hk_market_history skipped at 16:20 | 
not_trading_day(market_calendar_weekday_fallback(scope=hk, weekday=7))
a_share_history skipped at 16:30 | 
not_trading_day(cn_trading_calendar(is_open=0))
us_market_history skipped at 17:10 | 
not_trading_day(market_calendar_weekday_fallback(scope=us, weekday=7))
Maintenance tick started
Maintenance tick complete
State DB: /home/zj/workspace/stok-mapping/data/maintenance/maintenance.sqlite
As of: 2026-06-07T12:04:02
Dry run: False
Executed runs: 0
financial_factors skipped at 03:30 | 
not_trading_day(cn_trading_calendar(is_open=0))
daily_brief skipped at 07:20 | not_trading_day(cn_trading_calendar(is_open=0))
hk_market_history skipped at 16:20 | 
not_trading_day(market_calendar_weekday_fallback(scope=hk, weekday=7))
a_share_history skipped at 16:30 | 
not_trading_day(cn_trading_calendar(is_open=0))
us_market_history skipped at 17:10 | 
not_trading_day(market_calendar_weekday_fallback(scope=us, weekday=7))
Maintenance tick started
Maintenance tick complete
State DB: /home/zj/workspace/stok-mapping/data/maintenance/maintenance.sqlite
As of: 2026-06-07T12:05:01
Dry run: False
Executed runs: 0
financial_factors skipped at 03:30 | 
not_trading_day(cn_trading_calendar(is_open=0))
daily_brief skipped at 07:20 | not_trading_day(cn_trading_calendar(is_open=0))
hk_market_history skipped at 16:20 | 
not_trading_day(market_calendar_weekday_fallback(scope=hk, weekday=7))
a_share_history skipped at 16:30 | 
not_trading_day(cn_trading_calendar(is_open=0))
us_market_history skipped at 17:10 | 
not_trading_day(market_calendar_weekday_fallback(scope=us, weekday=7))
Maintenance tick started
Maintenance tick complete
State DB: /home/zj/workspace/stok-mapping/data/maintenance/maintenance.sqlite
As of: 2026-06-07T12:06:02
Dry run: False
Executed runs: 0
financial_factors skipped at 03:30 | 
not_trading_day(cn_trading_calendar(is_open=0))
daily_brief skipped at 07:20 | not_trading_day(cn_trading_calendar(is_open=0))
hk_market_history skipped at 16:20 | 
not_trading_day(market_calendar_weekday_fallback(scope=hk, weekday=7))
a_share_history skipped at 16:30 | 
not_trading_day(cn_trading_calendar(is_open=0))
us_market_history skipped at 17:10 | 
not_trading_day(market_calendar_weekday_fallback(scope=us, weekday=7))
Maintenance tick started
Maintenance tick complete
State DB: /home/zj/workspace/stok-mapping/data/maintenance/maintenance.sqlite
As of: 2026-06-07T12:07:02
Dry run: False
Executed runs: 0
financial_factors skipped at 03:30 | 
not_trading_day(cn_trading_calendar(is_open=0))
daily_brief skipped at 07:20 | not_trading_day(cn_trading_calendar(is_open=0))
hk_market_history skipped at 16:20 | 
not_trading_day(market_calendar_weekday_fallback(scope=hk, weekday=7))
a_share_history skipped at 16:30 | 
not_trading_day(cn_trading_calendar(is_open=0))
us_market_history skipped at 17:10 | 
not_trading_day(market_calendar_weekday_fallback(scope=us, weekday=7))
Maintenance tick started
Maintenance tick complete
State DB: /home/zj/workspace/stok-mapping/data/maintenance/maintenance.sqlite
As of: 2026-06-07T12:08:02
Dry run: False
Executed runs: 0
financial_factors skipped at 03:30 | 
not_trading_day(cn_trading_calendar(is_open=0))
daily_brief skipped at 07:20 | not_trading_day(cn_trading_calendar(is_open=0))
hk_market_history skipped at 16:20 | 
not_trading_day(market_calendar_weekday_fallback(scope=hk, weekday=7))
a_share_history skipped at 16:30 | 
not_trading_day(cn_trading_calendar(is_open=0))
us_market_history skipped at 17:10 | 
not_trading_day(market_calendar_weekday_fallback(scope=us, weekday=7))
Maintenance tick started
Maintenance tick complete
State DB: /home/zj/workspace/stok-mapping/data/maintenance/maintenance.sqlite
As of: 2026-06-07T12:09:02
Dry run: False
Executed runs: 0
financial_factors skipped at 03:30 | 
not_trading_day(cn_trading_calendar(is_open=0))
daily_brief skipped at 07:20 | not_trading_day(cn_trading_calendar(is_open=0))
hk_market_history skipped at 16:20 | 
not_trading_day(market_calendar_weekday_fallback(scope=hk, weekday=7))
a_share_history skipped at 16:30 | 
not_trading_day(cn_trading_calendar(is_open=0))
us_market_history skipped at 17:10 | 
not_trading_day(market_calendar_weekday_fallback(scope=us, weekday=7))
Maintenance tick started
Maintenance tick complete
State DB: /home/zj/workspace/stok-mapping/data/maintenance/maintenance.sqlite
As of: 2026-06-07T12:10:02
Dry run: False
Executed runs: 0
financial_factors skipped at 03:30 | 
not_trading_day(cn_trading_calendar(is_open=0))
daily_brief skipped at 07:20 | not_trading_day(cn_trading_calendar(is_open=0))
hk_market_history skipped at 16:20 | 
not_trading_day(market_calendar_weekday_fallback(scope=hk, weekday=7))
a_share_history skipped at 16:30 | 
not_trading_day(cn_trading_calendar(is_open=0))
us_market_history skipped at 17:10 | 
not_trading_day(market_calendar_weekday_fallback(scope=us, weekday=7))
Maintenance tick started
Maintenance tick complete
State DB: /home/zj/workspace/stok-mapping/data/maintenance/maintenance.sqlite
As of: 2026-06-07T12:11:02
Dry run: False
Executed runs: 0
financial_factors skipped at 03:30 | 
not_trading_day(cn_trading_calendar(is_open=0))
daily_brief skipped at 07:20 | not_trading_day(cn_trading_calendar(is_open=0))
hk_market_history skipped at 16:20 | 
not_trading_day(market_calendar_weekday_fallback(scope=hk, weekday=7))
a_share_history skipped at 16:30 | 
not_trading_day(cn_trading_calendar(is_open=0))
us_market_history skipped at 17:10 | 
not_trading_day(market_calendar_weekday_fallback(scope=us, weekday=7))
Maintenance tick started
Maintenance tick complete
State DB: /home/zj/workspace/stok-mapping/data/maintenance/maintenance.sqlite
As of: 2026-06-07T12:12:01
Dry run: False
Executed runs: 0
financial_factors skipped at 03:30 | 
not_trading_day(cn_trading_calendar(is_open=0))
daily_brief skipped at 07:20 | not_trading_day(cn_trading_calendar(is_open=0))
hk_market_history skipped at 16:20 | 
not_trading_day(market_calendar_weekday_fallback(scope=hk, weekday=7))
a_share_history skipped at 16:30 | 
not_trading_day(cn_trading_calendar(is_open=0))
us_market_history skipped at 17:10 | 
not_trading_day(market_calendar_weekday_fallback(scope=us, weekday=7))
Maintenance tick started
Maintenance tick complete
State DB: /home/zj/workspace/stok-mapping/data/maintenance/maintenance.sqlite
As of: 2026-06-07T12:13:01
Dry run: False
Executed runs: 0
financial_factors skipped at 03:30 | 
not_trading_day(cn_trading_calendar(is_open=0))
daily_brief skipped at 07:20 | not_trading_day(cn_trading_calendar(is_open=0))
hk_market_history skipped at 16:20 | 
not_trading_day(market_calendar_weekday_fallback(scope=hk, weekday=7))
a_share_history skipped at 16:30 | 
not_trading_day(cn_trading_calendar(is_open=0))
us_market_history skipped at 17:10 | 
not_trading_day(market_calendar_weekday_fallback(scope=us, weekday=7))
Maintenance tick started
Maintenance tick complete
State DB: /home/zj/workspace/stok-mapping/data/maintenance/maintenance.sqlite
As of: 2026-06-07T12:14:02
Dry run: False
Executed runs: 0
financial_factors skipped at 03:30 | 
not_trading_day(cn_trading_calendar(is_open=0))
daily_brief skipped at 07:20 | not_trading_day(cn_trading_calendar(is_open=0))
hk_market_history skipped at 16:20 | 
not_trading_day(market_calendar_weekday_fallback(scope=hk, weekday=7))
a_share_history skipped at 16:30 | 
not_trading_day(cn_trading_calendar(is_open=0))
us_market_history skipped at 17:10 | 
not_trading_day(market_calendar_weekday_fallback(scope=us, weekday=7))
Maintenance tick started
Maintenance tick complete
State DB: /home/zj/workspace/stok-mapping/data/maintenance/maintenance.sqlite
As of: 2026-06-07T12:15:02
Dry run: False
Executed runs: 0
financial_factors skipped at 03:30 | 
not_trading_day(cn_trading_calendar(is_open=0))
daily_brief skipped at 07:20 | not_trading_day(cn_trading_calendar(is_open=0))
hk_market_history skipped at 16:20 | 
not_trading_day(market_calendar_weekday_fallback(scope=hk, weekday=7))
a_share_history skipped at 16:30 | 
not_trading_day(cn_trading_calendar(is_open=0))
us_market_history skipped at 17:10 | 
not_trading_day(market_calendar_weekday_fallback(scope=us, weekday=7))
Maintenance tick started
Maintenance tick complete
State DB: /home/zj/workspace/stok-mapping/data/maintenance/maintenance.sqlite
As of: 2026-06-07T12:16:02
Dry run: False
Executed runs: 0
financial_factors skipped at 03:30 | 
not_trading_day(cn_trading_calendar(is_open=0))
daily_brief skipped at 07:20 | not_trading_day(cn_trading_calendar(is_open=0))
hk_market_history skipped at 16:20 | 
not_trading_day(market_calendar_weekday_fallback(scope=hk, weekday=7))
a_share_history skipped at 16:30 | 
not_trading_day(cn_trading_calendar(is_open=0))
us_market_history skipped at 17:10 | 
not_trading_day(market_calendar_weekday_fallback(scope=us, weekday=7))
Maintenance tick started
Maintenance tick complete
State DB: /home/zj/workspace/stok-mapping/data/maintenance/maintenance.sqlite
As of: 2026-06-07T12:17:02
Dry run: False
Executed runs: 0
financial_factors skipped at 03:30 | 
not_trading_day(cn_trading_calendar(is_open=0))
daily_brief skipped at 07:20 | not_trading_day(cn_trading_calendar(is_open=0))
hk_market_history skipped at 16:20 | 
not_trading_day(market_calendar_weekday_fallback(scope=hk, weekday=7))
a_share_history skipped at 16:30 | 
not_trading_day(cn_trading_calendar(is_open=0))
us_market_history skipped at 17:10 | 
not_trading_day(market_calendar_weekday_fallback(scope=us, weekday=7))
Maintenance tick started
Maintenance tick complete
State DB: /home/zj/workspace/stok-mapping/data/maintenance/maintenance.sqlite
As of: 2026-06-07T12:18:01
Dry run: False
Executed runs: 0
financial_factors skipped at 03:30 | 
not_trading_day(cn_trading_calendar(is_open=0))
daily_brief skipped at 07:20 | not_trading_day(cn_trading_calendar(is_open=0))
hk_market_history skipped at 16:20 | 
not_trading_day(market_calendar_weekday_fallback(scope=hk, weekday=7))
a_share_history skipped at 16:30 | 
not_trading_day(cn_trading_calendar(is_open=0))
us_market_history skipped at 17:10 | 
not_trading_day(market_calendar_weekday_fallback(scope=us, weekday=7))
Maintenance tick started
Maintenance tick complete
State DB: /home/zj/workspace/stok-mapping/data/maintenance/maintenance.sqlite
As of: 2026-06-07T12:19:01
Dry run: False
Executed runs: 0
financial_factors skipped at 03:30 | 
not_trading_day(cn_trading_calendar(is_open=0))
daily_brief skipped at 07:20 | not_trading_day(cn_trading_calendar(is_open=0))
hk_market_history skipped at 16:20 | 
not_trading_day(market_calendar_weekday_fallback(scope=hk, weekday=7))
a_share_history skipped at 16:30 | 
not_trading_day(cn_trading_calendar(is_open=0))
us_market_history skipped at 17:10 | 
not_trading_day(market_calendar_weekday_fallback(scope=us, weekday=7))
Maintenance tick started
Maintenance tick complete
State DB: /home/zj/workspace/stok-mapping/data/maintenance/maintenance.sqlite
As of: 2026-06-07T12:20:02
Dry run: False
Executed runs: 0
financial_factors skipped at 03:30 | 
not_trading_day(cn_trading_calendar(is_open=0))
daily_brief skipped at 07:20 | not_trading_day(cn_trading_calendar(is_open=0))
hk_market_history skipped at 16:20 | 
not_trading_day(market_calendar_weekday_fallback(scope=hk, weekday=7))
a_share_history skipped at 16:30 | 
not_trading_day(cn_trading_calendar(is_open=0))
us_market_history skipped at 17:10 | 
not_trading_day(market_calendar_weekday_fallback(scope=us, weekday=7))
Maintenance tick started
Maintenance tick complete
State DB: /home/zj/workspace/stok-mapping/data/maintenance/maintenance.sqlite
As of: 2026-06-07T12:21:02
Dry run: False
Executed runs: 0
financial_factors skipped at 03:30 | 
not_trading_day(cn_trading_calendar(is_open=0))
daily_brief skipped at 07:20 | not_trading_day(cn_trading_calendar(is_open=0))
hk_market_history skipped at 16:20 | 
not_trading_day(market_calendar_weekday_fallback(scope=hk, weekday=7))
a_share_history skipped at 16:30 | 
not_trading_day(cn_trading_calendar(is_open=0))
us_market_history skipped at 17:10 | 
not_trading_day(market_calendar_weekday_fallback(scope=us, weekday=7))
Maintenance tick started
Maintenance tick complete
State DB: /home/zj/workspace/stok-mapping/data/maintenance/maintenance.sqlite
As of: 2026-06-07T12:22:02
Dry run: False
Executed runs: 0
financial_factors skipped at 03:30 | 
not_trading_day(cn_trading_calendar(is_open=0))
daily_brief skipped at 07:20 | not_trading_day(cn_trading_calendar(is_open=0))
hk_market_history skipped at 16:20 | 
not_trading_day(market_calendar_weekday_fallback(scope=hk, weekday=7))
a_share_history skipped at 16:30 | 
not_trading_day(cn_trading_calendar(is_open=0))
us_market_history skipped at 17:10 | 
not_trading_day(market_calendar_weekday_fallback(scope=us, weekday=7))
Maintenance tick started
Maintenance tick complete
State DB: /home/zj/workspace/stok-mapping/data/maintenance/maintenance.sqlite
As of: 2026-06-07T12:23:02
Dry run: False
Executed runs: 0
financial_factors skipped at 03:30 | 
not_trading_day(cn_trading_calendar(is_open=0))
daily_brief skipped at 07:20 | not_trading_day(cn_trading_calendar(is_open=0))
hk_market_history skipped at 16:20 | 
not_trading_day(market_calendar_weekday_fallback(scope=hk, weekday=7))
a_share_history skipped at 16:30 | 
not_trading_day(cn_trading_calendar(is_open=0))
us_market_history skipped at 17:10 | 
not_trading_day(market_calendar_weekday_fallback(scope=us, weekday=7))
Maintenance tick started
Maintenance tick complete
State DB: /home/zj/workspace/stok-mapping/data/maintenance/maintenance.sqlite
As of: 2026-06-07T12:24:02
Dry run: False
Executed runs: 0
financial_factors skipped at 03:30 | 
not_trading_day(cn_trading_calendar(is_open=0))
daily_brief skipped at 07:20 | not_trading_day(cn_trading_calendar(is_open=0))
hk_market_history skipped at 16:20 | 
not_trading_day(market_calendar_weekday_fallback(scope=hk, weekday=7))
a_share_history skipped at 16:30 | 
not_trading_day(cn_trading_calendar(is_open=0))
us_market_history skipped at 17:10 | 
not_trading_day(market_calendar_weekday_fallback(scope=us, weekday=7))
Maintenance tick started
Maintenance tick complete
State DB: /home/zj/workspace/stok-mapping/data/maintenance/maintenance.sqlite
As of: 2026-06-07T12:25:02
Dry run: False
Executed runs: 0
financial_factors skipped at 03:30 | 
not_trading_day(cn_trading_calendar(is_open=0))
daily_brief skipped at 07:20 | not_trading_day(cn_trading_calendar(is_open=0))
hk_market_history skipped at 16:20 | 
not_trading_day(market_calendar_weekday_fallback(scope=hk, weekday=7))
a_share_history skipped at 16:30 | 
not_trading_day(cn_trading_calendar(is_open=0))
us_market_history skipped at 17:10 | 
not_trading_day(market_calendar_weekday_fallback(scope=us, weekday=7))
Maintenance tick started
Maintenance tick complete
State DB: /home/zj/workspace/stok-mapping/data/maintenance/maintenance.sqlite
As of: 2026-06-07T12:26:02
Dry run: False
Executed runs: 0
financial_factors skipped at 03:30 | 
not_trading_day(cn_trading_calendar(is_open=0))
daily_brief skipped at 07:20 | not_trading_day(cn_trading_calendar(is_open=0))
hk_market_history skipped at 16:20 | 
not_trading_day(market_calendar_weekday_fallback(scope=hk, weekday=7))
a_share_history skipped at 16:30 | 
not_trading_day(cn_trading_calendar(is_open=0))
us_market_history skipped at 17:10 | 
not_trading_day(market_calendar_weekday_fallback(scope=us, weekday=7))
Maintenance tick started
Maintenance tick complete
State DB: /home/zj/workspace/stok-mapping/data/maintenance/maintenance.sqlite
As of: 2026-06-07T12:27:02
Dry run: False
Executed runs: 0
financial_factors skipped at 03:30 | 
not_trading_day(cn_trading_calendar(is_open=0))
daily_brief skipped at 07:20 | not_trading_day(cn_trading_calendar(is_open=0))
hk_market_history skipped at 16:20 | 
not_trading_day(market_calendar_weekday_fallback(scope=hk, weekday=7))
a_share_history skipped at 16:30 | 
not_trading_day(cn_trading_calendar(is_open=0))
us_market_history skipped at 17:10 | 
not_trading_day(market_calendar_weekday_fallback(scope=us, weekday=7))
Maintenance tick started
Maintenance tick complete
State DB: /home/zj/workspace/stok-mapping/data/maintenance/maintenance.sqlite
As of: 2026-06-07T12:28:02
Dry run: False
Executed runs: 0
financial_factors skipped at 03:30 | 
not_trading_day(cn_trading_calendar(is_open=0))
daily_brief skipped at 07:20 | not_trading_day(cn_trading_calendar(is_open=0))
hk_market_history skipped at 16:20 | 
not_trading_day(market_calendar_weekday_fallback(scope=hk, weekday=7))
a_share_history skipped at 16:30 | 
not_trading_day(cn_trading_calendar(is_open=0))
us_market_history skipped at 17:10 | 
not_trading_day(market_calendar_weekday_fallback(scope=us, weekday=7))
Maintenance tick started
Maintenance tick complete
State DB: /home/zj/workspace/stok-mapping/data/maintenance/maintenance.sqlite
As of: 2026-06-07T12:29:02
Dry run: False
Executed runs: 0
financial_factors skipped at 03:30 | 
not_trading_day(cn_trading_calendar(is_open=0))
daily_brief skipped at 07:20 | not_trading_day(cn_trading_calendar(is_open=0))
hk_market_history skipped at 16:20 | 
not_trading_day(market_calendar_weekday_fallback(scope=hk, weekday=7))
a_share_history skipped at 16:30 | 
not_trading_day(cn_trading_calendar(is_open=0))
us_market_history skipped at 17:10 | 
not_trading_day(market_calendar_weekday_fallback(scope=us, weekday=7))
Maintenance tick started
Maintenance tick complete
State DB: /home/zj/workspace/stok-mapping/data/maintenance/maintenance.sqlite
As of: 2026-06-07T12:30:01
Dry run: False
Executed runs: 0
financial_factors skipped at 03:30 | 
not_trading_day(cn_trading_calendar(is_open=0))
daily_brief skipped at 07:20 | not_trading_day(cn_trading_calendar(is_open=0))
hk_market_history skipped at 16:20 | 
not_trading_day(market_calendar_weekday_fallback(scope=hk, weekday=7))
a_share_history skipped at 16:30 | 
not_trading_day(cn_trading_calendar(is_open=0))
us_market_history skipped at 17:10 | 
not_trading_day(market_calendar_weekday_fallback(scope=us, weekday=7))
Maintenance tick started
Maintenance tick complete
State DB: /home/zj/workspace/stok-mapping/data/maintenance/maintenance.sqlite
As of: 2026-06-07T12:31:01
Dry run: False
Executed runs: 0
financial_factors skipped at 03:30 | 
not_trading_day(cn_trading_calendar(is_open=0))
daily_brief skipped at 07:20 | not_trading_day(cn_trading_calendar(is_open=0))
hk_market_history skipped at 16:20 | 
not_trading_day(market_calendar_weekday_fallback(scope=hk, weekday=7))
a_share_history skipped at 16:30 | 
not_trading_day(cn_trading_calendar(is_open=0))
us_market_history skipped at 17:10 | 
not_trading_day(market_calendar_weekday_fallback(scope=us, weekday=7))
Maintenance tick started
Maintenance tick complete
State DB: /home/zj/workspace/stok-mapping/data/maintenance/maintenance.sqlite
As of: 2026-06-07T12:32:01
Dry run: False
Executed runs: 0
financial_factors skipped at 03:30 | 
not_trading_day(cn_trading_calendar(is_open=0))
daily_brief skipped at 07:20 | not_trading_day(cn_trading_calendar(is_open=0))
hk_market_history skipped at 16:20 | 
not_trading_day(market_calendar_weekday_fallback(scope=hk, weekday=7))
a_share_history skipped at 16:30 | 
not_trading_day(cn_trading_calendar(is_open=0))
us_market_history skipped at 17:10 | 
not_trading_day(market_calendar_weekday_fallback(scope=us, weekday=7))
Maintenance tick started
Maintenance tick complete
State DB: /home/zj/workspace/stok-mapping/data/maintenance/maintenance.sqlite
As of: 2026-06-07T12:33:02
Dry run: False
Executed runs: 0
financial_factors skipped at 03:30 | 
not_trading_day(cn_trading_calendar(is_open=0))
daily_brief skipped at 07:20 | not_trading_day(cn_trading_calendar(is_open=0))
hk_market_history skipped at 16:20 | 
not_trading_day(market_calendar_weekday_fallback(scope=hk, weekday=7))
a_share_history skipped at 16:30 | 
not_trading_day(cn_trading_calendar(is_open=0))
us_market_history skipped at 17:10 | 
not_trading_day(market_calendar_weekday_fallback(scope=us, weekday=7))
Maintenance tick started
Maintenance tick complete
State DB: /home/zj/workspace/stok-mapping/data/maintenance/maintenance.sqlite
As of: 2026-06-07T12:34:02
Dry run: False
Executed runs: 0
financial_factors skipped at 03:30 | 
not_trading_day(cn_trading_calendar(is_open=0))
daily_brief skipped at 07:20 | not_trading_day(cn_trading_calendar(is_open=0))
hk_market_history skipped at 16:20 | 
not_trading_day(market_calendar_weekday_fallback(scope=hk, weekday=7))
a_share_history skipped at 16:30 | 
not_trading_day(cn_trading_calendar(is_open=0))
us_market_history skipped at 17:10 | 
not_trading_day(market_calendar_weekday_fallback(scope=us, weekday=7))
Maintenance tick started
Maintenance tick complete
State DB: /home/zj/workspace/stok-mapping/data/maintenance/maintenance.sqlite
As of: 2026-06-07T12:35:02
Dry run: False
Executed runs: 0
financial_factors skipped at 03:30 | 
not_trading_day(cn_trading_calendar(is_open=0))
daily_brief skipped at 07:20 | not_trading_day(cn_trading_calendar(is_open=0))
hk_market_history skipped at 16:20 | 
not_trading_day(market_calendar_weekday_fallback(scope=hk, weekday=7))
a_share_history skipped at 16:30 | 
not_trading_day(cn_trading_calendar(is_open=0))
us_market_history skipped at 17:10 | 
not_trading_day(market_calendar_weekday_fallback(scope=us, weekday=7))
Maintenance tick started
Maintenance tick complete
State DB: /home/zj/workspace/stok-mapping/data/maintenance/maintenance.sqlite
As of: 2026-06-07T12:36:02
Dry run: False
Executed runs: 0
financial_factors skipped at 03:30 | 
not_trading_day(cn_trading_calendar(is_open=0))
daily_brief skipped at 07:20 | not_trading_day(cn_trading_calendar(is_open=0))
hk_market_history skipped at 16:20 | 
not_trading_day(market_calendar_weekday_fallback(scope=hk, weekday=7))
a_share_history skipped at 16:30 | 
not_trading_day(cn_trading_calendar(is_open=0))
us_market_history skipped at 17:10 | 
not_trading_day(market_calendar_weekday_fallback(scope=us, weekday=7))
Maintenance tick started
Maintenance tick complete
State DB: /home/zj/workspace/stok-mapping/data/maintenance/maintenance.sqlite
As of: 2026-06-07T12:37:02
Dry run: False
Executed runs: 0
financial_factors skipped at 03:30 | 
not_trading_day(cn_trading_calendar(is_open=0))
daily_brief skipped at 07:20 | not_trading_day(cn_trading_calendar(is_open=0))
hk_market_history skipped at 16:20 | 
not_trading_day(market_calendar_weekday_fallback(scope=hk, weekday=7))
a_share_history skipped at 16:30 | 
not_trading_day(cn_trading_calendar(is_open=0))
us_market_history skipped at 17:10 | 
not_trading_day(market_calendar_weekday_fallback(scope=us, weekday=7))
Maintenance tick started
Maintenance tick complete
State DB: /home/zj/workspace/stok-mapping/data/maintenance/maintenance.sqlite
As of: 2026-06-07T12:38:02
Dry run: False
Executed runs: 0
financial_factors skipped at 03:30 | 
not_trading_day(cn_trading_calendar(is_open=0))
daily_brief skipped at 07:20 | not_trading_day(cn_trading_calendar(is_open=0))
hk_market_history skipped at 16:20 | 
not_trading_day(market_calendar_weekday_fallback(scope=hk, weekday=7))
a_share_history skipped at 16:30 | 
not_trading_day(cn_trading_calendar(is_open=0))
us_market_history skipped at 17:10 | 
not_trading_day(market_calendar_weekday_fallback(scope=us, weekday=7))
Maintenance tick started
Maintenance tick complete
State DB: /home/zj/workspace/stok-mapping/data/maintenance/maintenance.sqlite
As of: 2026-06-07T12:39:02
Dry run: False
Executed runs: 0
financial_factors skipped at 03:30 | 
not_trading_day(cn_trading_calendar(is_open=0))
daily_brief skipped at 07:20 | not_trading_day(cn_trading_calendar(is_open=0))
hk_market_history skipped at 16:20 | 
not_trading_day(market_calendar_weekday_fallback(scope=hk, weekday=7))
a_share_history skipped at 16:30 | 
not_trading_day(cn_trading_calendar(is_open=0))
us_market_history skipped at 17:10 | 
not_trading_day(market_calendar_weekday_fallback(scope=us, weekday=7))
Maintenance tick started
Maintenance tick complete
State DB: /home/zj/workspace/stok-mapping/data/maintenance/maintenance.sqlite
As of: 2026-06-07T12:40:02
Dry run: False
Executed runs: 0
financial_factors skipped at 03:30 | 
not_trading_day(cn_trading_calendar(is_open=0))
daily_brief skipped at 07:20 | not_trading_day(cn_trading_calendar(is_open=0))
hk_market_history skipped at 16:20 | 
not_trading_day(market_calendar_weekday_fallback(scope=hk, weekday=7))
a_share_history skipped at 16:30 | 
not_trading_day(cn_trading_calendar(is_open=0))
us_market_history skipped at 17:10 | 
not_trading_day(market_calendar_weekday_fallback(scope=us, weekday=7))
Maintenance tick started
Maintenance tick complete
State DB: /home/zj/workspace/stok-mapping/data/maintenance/maintenance.sqlite
As of: 2026-06-07T12:41:01
Dry run: False
Executed runs: 0
financial_factors skipped at 03:30 | 
not_trading_day(cn_trading_calendar(is_open=0))
daily_brief skipped at 07:20 | not_trading_day(cn_trading_calendar(is_open=0))
hk_market_history skipped at 16:20 | 
not_trading_day(market_calendar_weekday_fallback(scope=hk, weekday=7))
a_share_history skipped at 16:30 | 
not_trading_day(cn_trading_calendar(is_open=0))
us_market_history skipped at 17:10 | 
not_trading_day(market_calendar_weekday_fallback(scope=us, weekday=7))
Maintenance tick started
Maintenance tick complete
State DB: /home/zj/workspace/stok-mapping/data/maintenance/maintenance.sqlite
As of: 2026-06-07T12:42:01
Dry run: False
Executed runs: 0
financial_factors skipped at 03:30 | 
not_trading_day(cn_trading_calendar(is_open=0))
daily_brief skipped at 07:20 | not_trading_day(cn_trading_calendar(is_open=0))
hk_market_history skipped at 16:20 | 
not_trading_day(market_calendar_weekday_fallback(scope=hk, weekday=7))
a_share_history skipped at 16:30 | 
not_trading_day(cn_trading_calendar(is_open=0))
us_market_history skipped at 17:10 | 
not_trading_day(market_calendar_weekday_fallback(scope=us, weekday=7))
Maintenance tick started
Maintenance tick complete
State DB: /home/zj/workspace/stok-mapping/data/maintenance/maintenance.sqlite
As of: 2026-06-07T12:43:01
Dry run: False
Executed runs: 0
financial_factors skipped at 03:30 | 
not_trading_day(cn_trading_calendar(is_open=0))
daily_brief skipped at 07:20 | not_trading_day(cn_trading_calendar(is_open=0))
hk_market_history skipped at 16:20 | 
not_trading_day(market_calendar_weekday_fallback(scope=hk, weekday=7))
a_share_history skipped at 16:30 | 
not_trading_day(cn_trading_calendar(is_open=0))
us_market_history skipped at 17:10 | 
not_trading_day(market_calendar_weekday_fallback(scope=us, weekday=7))
Maintenance tick started
Maintenance tick complete
State DB: /home/zj/workspace/stok-mapping/data/maintenance/maintenance.sqlite
As of: 2026-06-07T12:44:02
Dry run: False
Executed runs: 0
financial_factors skipped at 03:30 | 
not_trading_day(cn_trading_calendar(is_open=0))
daily_brief skipped at 07:20 | not_trading_day(cn_trading_calendar(is_open=0))
hk_market_history skipped at 16:20 | 
not_trading_day(market_calendar_weekday_fallback(scope=hk, weekday=7))
a_share_history skipped at 16:30 | 
not_trading_day(cn_trading_calendar(is_open=0))
us_market_history skipped at 17:10 | 
not_trading_day(market_calendar_weekday_fallback(scope=us, weekday=7))
Maintenance tick started
Maintenance tick complete
State DB: /home/zj/workspace/stok-mapping/data/maintenance/maintenance.sqlite
As of: 2026-06-07T12:45:02
Dry run: False
Executed runs: 0
financial_factors skipped at 03:30 | 
not_trading_day(cn_trading_calendar(is_open=0))
daily_brief skipped at 07:20 | not_trading_day(cn_trading_calendar(is_open=0))
hk_market_history skipped at 16:20 | 
not_trading_day(market_calendar_weekday_fallback(scope=hk, weekday=7))
a_share_history skipped at 16:30 | 
not_trading_day(cn_trading_calendar(is_open=0))
us_market_history skipped at 17:10 | 
not_trading_day(market_calendar_weekday_fallback(scope=us, weekday=7))
Maintenance tick started
Maintenance tick complete
State DB: /home/zj/workspace/stok-mapping/data/maintenance/maintenance.sqlite
As of: 2026-06-07T12:46:02
Dry run: False
Executed runs: 0
financial_factors skipped at 03:30 | 
not_trading_day(cn_trading_calendar(is_open=0))
daily_brief skipped at 07:20 | not_trading_day(cn_trading_calendar(is_open=0))
hk_market_history skipped at 16:20 | 
not_trading_day(market_calendar_weekday_fallback(scope=hk, weekday=7))
a_share_history skipped at 16:30 | 
not_trading_day(cn_trading_calendar(is_open=0))
us_market_history skipped at 17:10 | 
not_trading_day(market_calendar_weekday_fallback(scope=us, weekday=7))
Maintenance tick started
Maintenance tick complete
State DB: /home/zj/workspace/stok-mapping/data/maintenance/maintenance.sqlite
As of: 2026-06-07T12:47:02
Dry run: False
Executed runs: 0
financial_factors skipped at 03:30 | 
not_trading_day(cn_trading_calendar(is_open=0))
daily_brief skipped at 07:20 | not_trading_day(cn_trading_calendar(is_open=0))
hk_market_history skipped at 16:20 | 
not_trading_day(market_calendar_weekday_fallback(scope=hk, weekday=7))
a_share_history skipped at 16:30 | 
not_trading_day(cn_trading_calendar(is_open=0))
us_market_history skipped at 17:10 | 
not_trading_day(market_calendar_weekday_fallback(scope=us, weekday=7))
Maintenance tick started
Maintenance tick complete
State DB: /home/zj/workspace/stok-mapping/data/maintenance/maintenance.sqlite
As of: 2026-06-07T12:48:02
Dry run: False
Executed runs: 0
financial_factors skipped at 03:30 | 
not_trading_day(cn_trading_calendar(is_open=0))
daily_brief skipped at 07:20 | not_trading_day(cn_trading_calendar(is_open=0))
hk_market_history skipped at 16:20 | 
not_trading_day(market_calendar_weekday_fallback(scope=hk, weekday=7))
a_share_history skipped at 16:30 | 
not_trading_day(cn_trading_calendar(is_open=0))
us_market_history skipped at 17:10 | 
not_trading_day(market_calendar_weekday_fallback(scope=us, weekday=7))
Maintenance tick started
Maintenance tick complete
State DB: /home/zj/workspace/stok-mapping/data/maintenance/maintenance.sqlite
As of: 2026-06-07T12:49:01
Dry run: False
Executed runs: 0
financial_factors skipped at 03:30 | 
not_trading_day(cn_trading_calendar(is_open=0))
daily_brief skipped at 07:20 | not_trading_day(cn_trading_calendar(is_open=0))
hk_market_history skipped at 16:20 | 
not_trading_day(market_calendar_weekday_fallback(scope=hk, weekday=7))
a_share_history skipped at 16:30 | 
not_trading_day(cn_trading_calendar(is_open=0))
us_market_history skipped at 17:10 | 
not_trading_day(market_calendar_weekday_fallback(scope=us, weekday=7))
Maintenance tick started
Maintenance tick complete
State DB: /home/zj/workspace/stok-mapping/data/maintenance/maintenance.sqlite
As of: 2026-06-07T12:50:01
Dry run: False
Executed runs: 0
financial_factors skipped at 03:30 | 
not_trading_day(cn_trading_calendar(is_open=0))
daily_brief skipped at 07:20 | not_trading_day(cn_trading_calendar(is_open=0))
hk_market_history skipped at 16:20 | 
not_trading_day(market_calendar_weekday_fallback(scope=hk, weekday=7))
a_share_history skipped at 16:30 | 
not_trading_day(cn_trading_calendar(is_open=0))
us_market_history skipped at 17:10 | 
not_trading_day(market_calendar_weekday_fallback(scope=us, weekday=7))
Maintenance tick started
Maintenance tick complete
State DB: /home/zj/workspace/stok-mapping/data/maintenance/maintenance.sqlite
As of: 2026-06-07T12:51:02
Dry run: False
Executed runs: 0
financial_factors skipped at 03:30 | 
not_trading_day(cn_trading_calendar(is_open=0))
daily_brief skipped at 07:20 | not_trading_day(cn_trading_calendar(is_open=0))
hk_market_history skipped at 16:20 | 
not_trading_day(market_calendar_weekday_fallback(scope=hk, weekday=7))
a_share_history skipped at 16:30 | 
not_trading_day(cn_trading_calendar(is_open=0))
us_market_history skipped at 17:10 | 
not_trading_day(market_calendar_weekday_fallback(scope=us, weekday=7))
Maintenance tick started
Maintenance tick complete
State DB: /home/zj/workspace/stok-mapping/data/maintenance/maintenance.sqlite
As of: 2026-06-07T12:52:02
Dry run: False
Executed runs: 0
financial_factors skipped at 03:30 | 
not_trading_day(cn_trading_calendar(is_open=0))
daily_brief skipped at 07:20 | not_trading_day(cn_trading_calendar(is_open=0))
hk_market_history skipped at 16:20 | 
not_trading_day(market_calendar_weekday_fallback(scope=hk, weekday=7))
a_share_history skipped at 16:30 | 
not_trading_day(cn_trading_calendar(is_open=0))
us_market_history skipped at 17:10 | 
not_trading_day(market_calendar_weekday_fallback(scope=us, weekday=7))
Maintenance tick started
Maintenance tick complete
State DB: /home/zj/workspace/stok-mapping/data/maintenance/maintenance.sqlite
As of: 2026-06-07T12:53:02
Dry run: False
Executed runs: 0
financial_factors skipped at 03:30 | 
not_trading_day(cn_trading_calendar(is_open=0))
daily_brief skipped at 07:20 | not_trading_day(cn_trading_calendar(is_open=0))
hk_market_history skipped at 16:20 | 
not_trading_day(market_calendar_weekday_fallback(scope=hk, weekday=7))
a_share_history skipped at 16:30 | 
not_trading_day(cn_trading_calendar(is_open=0))
us_market_history skipped at 17:10 | 
not_trading_day(market_calendar_weekday_fallback(scope=us, weekday=7))
Maintenance tick started
Maintenance tick complete
State DB: /home/zj/workspace/stok-mapping/data/maintenance/maintenance.sqlite
As of: 2026-06-07T12:54:02
Dry run: False
Executed runs: 0
financial_factors skipped at 03:30 | 
not_trading_day(cn_trading_calendar(is_open=0))
daily_brief skipped at 07:20 | not_trading_day(cn_trading_calendar(is_open=0))
hk_market_history skipped at 16:20 | 
not_trading_day(market_calendar_weekday_fallback(scope=hk, weekday=7))
a_share_history skipped at 16:30 | 
not_trading_day(cn_trading_calendar(is_open=0))
us_market_history skipped at 17:10 | 
not_trading_day(market_calendar_weekday_fallback(scope=us, weekday=7))
Maintenance tick started
Maintenance tick complete
State DB: /home/zj/workspace/stok-mapping/data/maintenance/maintenance.sqlite
As of: 2026-06-07T12:55:02
Dry run: False
Executed runs: 0
financial_factors skipped at 03:30 | 
not_trading_day(cn_trading_calendar(is_open=0))
daily_brief skipped at 07:20 | not_trading_day(cn_trading_calendar(is_open=0))
hk_market_history skipped at 16:20 | 
not_trading_day(market_calendar_weekday_fallback(scope=hk, weekday=7))
a_share_history skipped at 16:30 | 
not_trading_day(cn_trading_calendar(is_open=0))
us_market_history skipped at 17:10 | 
not_trading_day(market_calendar_weekday_fallback(scope=us, weekday=7))
Maintenance tick started
Maintenance tick complete
State DB: /home/zj/workspace/stok-mapping/data/maintenance/maintenance.sqlite
As of: 2026-06-07T12:56:02
Dry run: False
Executed runs: 0
financial_factors skipped at 03:30 | 
not_trading_day(cn_trading_calendar(is_open=0))
daily_brief skipped at 07:20 | not_trading_day(cn_trading_calendar(is_open=0))
hk_market_history skipped at 16:20 | 
not_trading_day(market_calendar_weekday_fallback(scope=hk, weekday=7))
a_share_history skipped at 16:30 | 
not_trading_day(cn_trading_calendar(is_open=0))
us_market_history skipped at 17:10 | 
not_trading_day(market_calendar_weekday_fallback(scope=us, weekday=7))
Maintenance tick started
Maintenance tick complete
State DB: /home/zj/workspace/stok-mapping/data/maintenance/maintenance.sqlite
As of: 2026-06-07T12:57:01
Dry run: False
Executed runs: 0
financial_factors skipped at 03:30 | 
not_trading_day(cn_trading_calendar(is_open=0))
daily_brief skipped at 07:20 | not_trading_day(cn_trading_calendar(is_open=0))
hk_market_history skipped at 16:20 | 
not_trading_day(market_calendar_weekday_fallback(scope=hk, weekday=7))
a_share_history skipped at 16:30 | 
not_trading_day(cn_trading_calendar(is_open=0))
us_market_history skipped at 17:10 | 
not_trading_day(market_calendar_weekday_fallback(scope=us, weekday=7))
Maintenance tick started
Maintenance tick complete
State DB: /home/zj/workspace/stok-mapping/data/maintenance/maintenance.sqlite
As of: 2026-06-07T12:58:02
Dry run: False
Executed runs: 0
financial_factors skipped at 03:30 | 
not_trading_day(cn_trading_calendar(is_open=0))
daily_brief skipped at 07:20 | not_trading_day(cn_trading_calendar(is_open=0))
hk_market_history skipped at 16:20 | 
not_trading_day(market_calendar_weekday_fallback(scope=hk, weekday=7))
a_share_history skipped at 16:30 | 
not_trading_day(cn_trading_calendar(is_open=0))
us_market_history skipped at 17:10 | 
not_trading_day(market_calendar_weekday_fallback(scope=us, weekday=7))
Maintenance tick started
Maintenance tick complete
State DB: /home/zj/workspace/stok-mapping/data/maintenance/maintenance.sqlite
As of: 2026-06-07T12:59:02
Dry run: False
Executed runs: 0
financial_factors skipped at 03:30 | 
not_trading_day(cn_trading_calendar(is_open=0))
daily_brief skipped at 07:20 | not_trading_day(cn_trading_calendar(is_open=0))
hk_market_history skipped at 16:20 | 
not_trading_day(market_calendar_weekday_fallback(scope=hk, weekday=7))
a_share_history skipped at 16:30 | 
not_trading_day(cn_trading_calendar(is_open=0))
us_market_history skipped at 17:10 | 
not_trading_day(market_calendar_weekday_fallback(scope=us, weekday=7))
Maintenance tick started
Maintenance tick complete
State DB: /home/zj/workspace/stok-mapping/data/maintenance/maintenance.sqlite
As of: 2026-06-07T13:00:02
Dry run: False
Executed runs: 0
financial_factors skipped at 03:30 | 
not_trading_day(cn_trading_calendar(is_open=0))
daily_brief skipped at 07:20 | not_trading_day(cn_trading_calendar(is_open=0))
hk_market_history skipped at 16:20 | 
not_trading_day(market_calendar_weekday_fallback(scope=hk, weekday=7))
a_share_history skipped at 16:30 | 
not_trading_day(cn_trading_calendar(is_open=0))
us_market_history skipped at 17:10 | 
not_trading_day(market_calendar_weekday_fallback(scope=us, weekday=7))
Maintenance tick started
Maintenance tick complete
State DB: /home/zj/workspace/stok-mapping/data/maintenance/maintenance.sqlite
As of: 2026-06-07T13:01:02
Dry run: False
Executed runs: 0
financial_factors skipped at 03:30 | 
not_trading_day(cn_trading_calendar(is_open=0))
daily_brief skipped at 07:20 | not_trading_day(cn_trading_calendar(is_open=0))
hk_market_history skipped at 16:20 | 
not_trading_day(market_calendar_weekday_fallback(scope=hk, weekday=7))
a_share_history skipped at 16:30 | 
not_trading_day(cn_trading_calendar(is_open=0))
us_market_history skipped at 17:10 | 
not_trading_day(market_calendar_weekday_fallback(scope=us, weekday=7))
Maintenance tick started
Maintenance tick complete
State DB: /home/zj/workspace/stok-mapping/data/maintenance/maintenance.sqlite
As of: 2026-06-07T13:02:02
Dry run: False
Executed runs: 0
financial_factors skipped at 03:30 | 
not_trading_day(cn_trading_calendar(is_open=0))
daily_brief skipped at 07:20 | not_trading_day(cn_trading_calendar(is_open=0))
hk_market_history skipped at 16:20 | 
not_trading_day(market_calendar_weekday_fallback(scope=hk, weekday=7))
a_share_history skipped at 16:30 | 
not_trading_day(cn_trading_calendar(is_open=0))
us_market_history skipped at 17:10 | 
not_trading_day(market_calendar_weekday_fallback(scope=us, weekday=7))
Maintenance tick started
Maintenance tick complete
State DB: /home/zj/workspace/stok-mapping/data/maintenance/maintenance.sqlite
As of: 2026-06-07T13:03:02
Dry run: False
Executed runs: 0
financial_factors skipped at 03:30 | 
not_trading_day(cn_trading_calendar(is_open=0))
daily_brief skipped at 07:20 | not_trading_day(cn_trading_calendar(is_open=0))
hk_market_history skipped at 16:20 | 
not_trading_day(market_calendar_weekday_fallback(scope=hk, weekday=7))
a_share_history skipped at 16:30 | 
not_trading_day(cn_trading_calendar(is_open=0))
us_market_history skipped at 17:10 | 
not_trading_day(market_calendar_weekday_fallback(scope=us, weekday=7))
Maintenance tick started
Maintenance tick complete
State DB: /home/zj/workspace/stok-mapping/data/maintenance/maintenance.sqlite
As of: 2026-06-07T13:04:01
Dry run: False
Executed runs: 0
financial_factors skipped at 03:30 | 
not_trading_day(cn_trading_calendar(is_open=0))
daily_brief skipped at 07:20 | not_trading_day(cn_trading_calendar(is_open=0))
hk_market_history skipped at 16:20 | 
not_trading_day(market_calendar_weekday_fallback(scope=hk, weekday=7))
a_share_history skipped at 16:30 | 
not_trading_day(cn_trading_calendar(is_open=0))
us_market_history skipped at 17:10 | 
not_trading_day(market_calendar_weekday_fallback(scope=us, weekday=7))
Maintenance tick started
Maintenance tick complete
State DB: /home/zj/workspace/stok-mapping/data/maintenance/maintenance.sqlite
As of: 2026-06-07T13:05:02
Dry run: False
Executed runs: 0
financial_factors skipped at 03:30 | 
not_trading_day(cn_trading_calendar(is_open=0))
daily_brief skipped at 07:20 | not_trading_day(cn_trading_calendar(is_open=0))
hk_market_history skipped at 16:20 | 
not_trading_day(market_calendar_weekday_fallback(scope=hk, weekday=7))
a_share_history skipped at 16:30 | 
not_trading_day(cn_trading_calendar(is_open=0))
us_market_history skipped at 17:10 | 
not_trading_day(market_calendar_weekday_fallback(scope=us, weekday=7))
Maintenance tick started
Maintenance tick complete
State DB: /home/zj/workspace/stok-mapping/data/maintenance/maintenance.sqlite
As of: 2026-06-07T13:06:02
Dry run: False
Executed runs: 0
financial_factors skipped at 03:30 | 
not_trading_day(cn_trading_calendar(is_open=0))
daily_brief skipped at 07:20 | not_trading_day(cn_trading_calendar(is_open=0))
hk_market_history skipped at 16:20 | 
not_trading_day(market_calendar_weekday_fallback(scope=hk, weekday=7))
a_share_history skipped at 16:30 | 
not_trading_day(cn_trading_calendar(is_open=0))
us_market_history skipped at 17:10 | 
not_trading_day(market_calendar_weekday_fallback(scope=us, weekday=7))
Maintenance tick started
Maintenance tick complete
State DB: /home/zj/workspace/stok-mapping/data/maintenance/maintenance.sqlite
As of: 2026-06-07T13:07:02
Dry run: False
Executed runs: 0
financial_factors skipped at 03:30 | 
not_trading_day(cn_trading_calendar(is_open=0))
daily_brief skipped at 07:20 | not_trading_day(cn_trading_calendar(is_open=0))
hk_market_history skipped at 16:20 | 
not_trading_day(market_calendar_weekday_fallback(scope=hk, weekday=7))
a_share_history skipped at 16:30 | 
not_trading_day(cn_trading_calendar(is_open=0))
us_market_history skipped at 17:10 | 
not_trading_day(market_calendar_weekday_fallback(scope=us, weekday=7))
Maintenance tick started
Maintenance tick complete
State DB: /home/zj/workspace/stok-mapping/data/maintenance/maintenance.sqlite
As of: 2026-06-07T13:08:02
Dry run: False
Executed runs: 0
financial_factors skipped at 03:30 | 
not_trading_day(cn_trading_calendar(is_open=0))
daily_brief skipped at 07:20 | not_trading_day(cn_trading_calendar(is_open=0))
hk_market_history skipped at 16:20 | 
not_trading_day(market_calendar_weekday_fallback(scope=hk, weekday=7))
a_share_history skipped at 16:30 | 
not_trading_day(cn_trading_calendar(is_open=0))
us_market_history skipped at 17:10 | 
not_trading_day(market_calendar_weekday_fallback(scope=us, weekday=7))
Maintenance tick started
Maintenance tick complete
State DB: /home/zj/workspace/stok-mapping/data/maintenance/maintenance.sqlite
As of: 2026-06-07T13:09:01
Dry run: False
Executed runs: 0
financial_factors skipped at 03:30 | 
not_trading_day(cn_trading_calendar(is_open=0))
daily_brief skipped at 07:20 | not_trading_day(cn_trading_calendar(is_open=0))
hk_market_history skipped at 16:20 | 
not_trading_day(market_calendar_weekday_fallback(scope=hk, weekday=7))
a_share_history skipped at 16:30 | 
not_trading_day(cn_trading_calendar(is_open=0))
us_market_history skipped at 17:10 | 
not_trading_day(market_calendar_weekday_fallback(scope=us, weekday=7))
Maintenance tick started
Maintenance tick complete
State DB: /home/zj/workspace/stok-mapping/data/maintenance/maintenance.sqlite
As of: 2026-06-07T13:10:01
Dry run: False
Executed runs: 0
financial_factors skipped at 03:30 | 
not_trading_day(cn_trading_calendar(is_open=0))
daily_brief skipped at 07:20 | not_trading_day(cn_trading_calendar(is_open=0))
hk_market_history skipped at 16:20 | 
not_trading_day(market_calendar_weekday_fallback(scope=hk, weekday=7))
a_share_history skipped at 16:30 | 
not_trading_day(cn_trading_calendar(is_open=0))
us_market_history skipped at 17:10 | 
not_trading_day(market_calendar_weekday_fallback(scope=us, weekday=7))
Maintenance tick started
Maintenance tick complete
State DB: /home/zj/workspace/stok-mapping/data/maintenance/maintenance.sqlite
As of: 2026-06-07T13:11:02
Dry run: False
Executed runs: 0
financial_factors skipped at 03:30 | 
not_trading_day(cn_trading_calendar(is_open=0))
daily_brief skipped at 07:20 | not_trading_day(cn_trading_calendar(is_open=0))
hk_market_history skipped at 16:20 | 
not_trading_day(market_calendar_weekday_fallback(scope=hk, weekday=7))
a_share_history skipped at 16:30 | 
not_trading_day(cn_trading_calendar(is_open=0))
us_market_history skipped at 17:10 | 
not_trading_day(market_calendar_weekday_fallback(scope=us, weekday=7))
Maintenance tick started
Maintenance tick complete
State DB: /home/zj/workspace/stok-mapping/data/maintenance/maintenance.sqlite
As of: 2026-06-07T13:12:02
Dry run: False
Executed runs: 0
financial_factors skipped at 03:30 | 
not_trading_day(cn_trading_calendar(is_open=0))
daily_brief skipped at 07:20 | not_trading_day(cn_trading_calendar(is_open=0))
hk_market_history skipped at 16:20 | 
not_trading_day(market_calendar_weekday_fallback(scope=hk, weekday=7))
a_share_history skipped at 16:30 | 
not_trading_day(cn_trading_calendar(is_open=0))
us_market_history skipped at 17:10 | 
not_trading_day(market_calendar_weekday_fallback(scope=us, weekday=7))
Maintenance tick started
Maintenance tick complete
State DB: /home/zj/workspace/stok-mapping/data/maintenance/maintenance.sqlite
As of: 2026-06-07T13:13:02
Dry run: False
Executed runs: 0
financial_factors skipped at 03:30 | 
not_trading_day(cn_trading_calendar(is_open=0))
daily_brief skipped at 07:20 | not_trading_day(cn_trading_calendar(is_open=0))
hk_market_history skipped at 16:20 | 
not_trading_day(market_calendar_weekday_fallback(scope=hk, weekday=7))
a_share_history skipped at 16:30 | 
not_trading_day(cn_trading_calendar(is_open=0))
us_market_history skipped at 17:10 | 
not_trading_day(market_calendar_weekday_fallback(scope=us, weekday=7))
Maintenance tick started
Maintenance tick complete
State DB: /home/zj/workspace/stok-mapping/data/maintenance/maintenance.sqlite
As of: 2026-06-07T13:14:02
Dry run: False
Executed runs: 0
financial_factors skipped at 03:30 | 
not_trading_day(cn_trading_calendar(is_open=0))
daily_brief skipped at 07:20 | not_trading_day(cn_trading_calendar(is_open=0))
hk_market_history skipped at 16:20 | 
not_trading_day(market_calendar_weekday_fallback(scope=hk, weekday=7))
a_share_history skipped at 16:30 | 
not_trading_day(cn_trading_calendar(is_open=0))
us_market_history skipped at 17:10 | 
not_trading_day(market_calendar_weekday_fallback(scope=us, weekday=7))
Maintenance tick started
Maintenance tick complete
State DB: /home/zj/workspace/stok-mapping/data/maintenance/maintenance.sqlite
As of: 2026-06-07T13:15:01
Dry run: False
Executed runs: 0
financial_factors skipped at 03:30 | 
not_trading_day(cn_trading_calendar(is_open=0))
daily_brief skipped at 07:20 | not_trading_day(cn_trading_calendar(is_open=0))
hk_market_history skipped at 16:20 | 
not_trading_day(market_calendar_weekday_fallback(scope=hk, weekday=7))
a_share_history skipped at 16:30 | 
not_trading_day(cn_trading_calendar(is_open=0))
us_market_history skipped at 17:10 | 
not_trading_day(market_calendar_weekday_fallback(scope=us, weekday=7))
Maintenance tick started
Maintenance tick complete
State DB: /home/zj/workspace/stok-mapping/data/maintenance/maintenance.sqlite
As of: 2026-06-07T13:16:02
Dry run: False
Executed runs: 0
financial_factors skipped at 03:30 | 
not_trading_day(cn_trading_calendar(is_open=0))
daily_brief skipped at 07:20 | not_trading_day(cn_trading_calendar(is_open=0))
hk_market_history skipped at 16:20 | 
not_trading_day(market_calendar_weekday_fallback(scope=hk, weekday=7))
a_share_history skipped at 16:30 | 
not_trading_day(cn_trading_calendar(is_open=0))
us_market_history skipped at 17:10 | 
not_trading_day(market_calendar_weekday_fallback(scope=us, weekday=7))
Maintenance tick started
Maintenance tick complete
State DB: /home/zj/workspace/stok-mapping/data/maintenance/maintenance.sqlite
As of: 2026-06-07T13:17:02
Dry run: False
Executed runs: 0
financial_factors skipped at 03:30 | 
not_trading_day(cn_trading_calendar(is_open=0))
daily_brief skipped at 07:20 | not_trading_day(cn_trading_calendar(is_open=0))
hk_market_history skipped at 16:20 | 
not_trading_day(market_calendar_weekday_fallback(scope=hk, weekday=7))
a_share_history skipped at 16:30 | 
not_trading_day(cn_trading_calendar(is_open=0))
us_market_history skipped at 17:10 | 
not_trading_day(market_calendar_weekday_fallback(scope=us, weekday=7))
Maintenance tick started
Maintenance tick complete
State DB: /home/zj/workspace/stok-mapping/data/maintenance/maintenance.sqlite
As of: 2026-06-07T13:18:02
Dry run: False
Executed runs: 0
financial_factors skipped at 03:30 | 
not_trading_day(cn_trading_calendar(is_open=0))
daily_brief skipped at 07:20 | not_trading_day(cn_trading_calendar(is_open=0))
hk_market_history skipped at 16:20 | 
not_trading_day(market_calendar_weekday_fallback(scope=hk, weekday=7))
a_share_history skipped at 16:30 | 
not_trading_day(cn_trading_calendar(is_open=0))
us_market_history skipped at 17:10 | 
not_trading_day(market_calendar_weekday_fallback(scope=us, weekday=7))
Maintenance tick started
Maintenance tick complete
State DB: /home/zj/workspace/stok-mapping/data/maintenance/maintenance.sqlite
As of: 2026-06-07T13:19:02
Dry run: False
Executed runs: 0
financial_factors skipped at 03:30 | 
not_trading_day(cn_trading_calendar(is_open=0))
daily_brief skipped at 07:20 | not_trading_day(cn_trading_calendar(is_open=0))
hk_market_history skipped at 16:20 | 
not_trading_day(market_calendar_weekday_fallback(scope=hk, weekday=7))
a_share_history skipped at 16:30 | 
not_trading_day(cn_trading_calendar(is_open=0))
us_market_history skipped at 17:10 | 
not_trading_day(market_calendar_weekday_fallback(scope=us, weekday=7))
Maintenance tick started
Maintenance tick complete
State DB: /home/zj/workspace/stok-mapping/data/maintenance/maintenance.sqlite
As of: 2026-06-07T13:20:01
Dry run: False
Executed runs: 0
financial_factors skipped at 03:30 | 
not_trading_day(cn_trading_calendar(is_open=0))
daily_brief skipped at 07:20 | not_trading_day(cn_trading_calendar(is_open=0))
hk_market_history skipped at 16:20 | 
not_trading_day(market_calendar_weekday_fallback(scope=hk, weekday=7))
a_share_history skipped at 16:30 | 
not_trading_day(cn_trading_calendar(is_open=0))
us_market_history skipped at 17:10 | 
not_trading_day(market_calendar_weekday_fallback(scope=us, weekday=7))
Maintenance tick started
Maintenance tick complete
State DB: /home/zj/workspace/stok-mapping/data/maintenance/maintenance.sqlite
As of: 2026-06-07T13:21:02
Dry run: False
Executed runs: 0
financial_factors skipped at 03:30 | 
not_trading_day(cn_trading_calendar(is_open=0))
daily_brief skipped at 07:20 | not_trading_day(cn_trading_calendar(is_open=0))
hk_market_history skipped at 16:20 | 
not_trading_day(market_calendar_weekday_fallback(scope=hk, weekday=7))
a_share_history skipped at 16:30 | 
not_trading_day(cn_trading_calendar(is_open=0))
us_market_history skipped at 17:10 | 
not_trading_day(market_calendar_weekday_fallback(scope=us, weekday=7))
Maintenance tick started
Maintenance tick complete
State DB: /home/zj/workspace/stok-mapping/data/maintenance/maintenance.sqlite
As of: 2026-06-07T13:22:02
Dry run: False
Executed runs: 0
financial_factors skipped at 03:30 | 
not_trading_day(cn_trading_calendar(is_open=0))
daily_brief skipped at 07:20 | not_trading_day(cn_trading_calendar(is_open=0))
hk_market_history skipped at 16:20 | 
not_trading_day(market_calendar_weekday_fallback(scope=hk, weekday=7))
a_share_history skipped at 16:30 | 
not_trading_day(cn_trading_calendar(is_open=0))
us_market_history skipped at 17:10 | 
not_trading_day(market_calendar_weekday_fallback(scope=us, weekday=7))
Maintenance tick started
Maintenance tick complete
State DB: /home/zj/workspace/stok-mapping/data/maintenance/maintenance.sqlite
As of: 2026-06-07T13:23:02
Dry run: False
Executed runs: 0
financial_factors skipped at 03:30 | 
not_trading_day(cn_trading_calendar(is_open=0))
daily_brief skipped at 07:20 | not_trading_day(cn_trading_calendar(is_open=0))
hk_market_history skipped at 16:20 | 
not_trading_day(market_calendar_weekday_fallback(scope=hk, weekday=7))
a_share_history skipped at 16:30 | 
not_trading_day(cn_trading_calendar(is_open=0))
us_market_history skipped at 17:10 | 
not_trading_day(market_calendar_weekday_fallback(scope=us, weekday=7))
Maintenance tick started
Maintenance tick complete
State DB: /home/zj/workspace/stok-mapping/data/maintenance/maintenance.sqlite
As of: 2026-06-07T13:24:02
Dry run: False
Executed runs: 0
financial_factors skipped at 03:30 | 
not_trading_day(cn_trading_calendar(is_open=0))
daily_brief skipped at 07:20 | not_trading_day(cn_trading_calendar(is_open=0))
hk_market_history skipped at 16:20 | 
not_trading_day(market_calendar_weekday_fallback(scope=hk, weekday=7))
a_share_history skipped at 16:30 | 
not_trading_day(cn_trading_calendar(is_open=0))
us_market_history skipped at 17:10 | 
not_trading_day(market_calendar_weekday_fallback(scope=us, weekday=7))
Maintenance tick started
Maintenance tick complete
State DB: /home/zj/workspace/stok-mapping/data/maintenance/maintenance.sqlite
As of: 2026-06-07T13:25:01
Dry run: False
Executed runs: 0
financial_factors skipped at 03:30 | 
not_trading_day(cn_trading_calendar(is_open=0))
daily_brief skipped at 07:20 | not_trading_day(cn_trading_calendar(is_open=0))
hk_market_history skipped at 16:20 | 
not_trading_day(market_calendar_weekday_fallback(scope=hk, weekday=7))
a_share_history skipped at 16:30 | 
not_trading_day(cn_trading_calendar(is_open=0))
us_market_history skipped at 17:10 | 
not_trading_day(market_calendar_weekday_fallback(scope=us, weekday=7))
Maintenance tick started
Maintenance tick complete
State DB: /home/zj/workspace/stok-mapping/data/maintenance/maintenance.sqlite
As of: 2026-06-07T13:26:01
Dry run: False
Executed runs: 0
financial_factors skipped at 03:30 | 
not_trading_day(cn_trading_calendar(is_open=0))
daily_brief skipped at 07:20 | not_trading_day(cn_trading_calendar(is_open=0))
hk_market_history skipped at 16:20 | 
not_trading_day(market_calendar_weekday_fallback(scope=hk, weekday=7))
a_share_history skipped at 16:30 | 
not_trading_day(cn_trading_calendar(is_open=0))
us_market_history skipped at 17:10 | 
not_trading_day(market_calendar_weekday_fallback(scope=us, weekday=7))
Maintenance tick started
Maintenance tick complete
State DB: /home/zj/workspace/stok-mapping/data/maintenance/maintenance.sqlite
As of: 2026-06-07T13:27:01
Dry run: False
Executed runs: 0
financial_factors skipped at 03:30 | 
not_trading_day(cn_trading_calendar(is_open=0))
daily_brief skipped at 07:20 | not_trading_day(cn_trading_calendar(is_open=0))
hk_market_history skipped at 16:20 | 
not_trading_day(market_calendar_weekday_fallback(scope=hk, weekday=7))
a_share_history skipped at 16:30 | 
not_trading_day(cn_trading_calendar(is_open=0))
us_market_history skipped at 17:10 | 
not_trading_day(market_calendar_weekday_fallback(scope=us, weekday=7))
Maintenance tick started
Maintenance tick complete
State DB: /home/zj/workspace/stok-mapping/data/maintenance/maintenance.sqlite
As of: 2026-06-07T13:28:02
Dry run: False
Executed runs: 0
financial_factors skipped at 03:30 | 
not_trading_day(cn_trading_calendar(is_open=0))
daily_brief skipped at 07:20 | not_trading_day(cn_trading_calendar(is_open=0))
hk_market_history skipped at 16:20 | 
not_trading_day(market_calendar_weekday_fallback(scope=hk, weekday=7))
a_share_history skipped at 16:30 | 
not_trading_day(cn_trading_calendar(is_open=0))
us_market_history skipped at 17:10 | 
not_trading_day(market_calendar_weekday_fallback(scope=us, weekday=7))
Maintenance tick started
Maintenance tick complete
State DB: /home/zj/workspace/stok-mapping/data/maintenance/maintenance.sqlite
As of: 2026-06-07T13:29:02
Dry run: False
Executed runs: 0
financial_factors skipped at 03:30 | 
not_trading_day(cn_trading_calendar(is_open=0))
daily_brief skipped at 07:20 | not_trading_day(cn_trading_calendar(is_open=0))
hk_market_history skipped at 16:20 | 
not_trading_day(market_calendar_weekday_fallback(scope=hk, weekday=7))
a_share_history skipped at 16:30 | 
not_trading_day(cn_trading_calendar(is_open=0))
us_market_history skipped at 17:10 | 
not_trading_day(market_calendar_weekday_fallback(scope=us, weekday=7))
Maintenance tick started
Maintenance tick complete
State DB: /home/zj/workspace/stok-mapping/data/maintenance/maintenance.sqlite
As of: 2026-06-07T13:30:02
Dry run: False
Executed runs: 0
financial_factors skipped at 03:30 | 
not_trading_day(cn_trading_calendar(is_open=0))
daily_brief skipped at 07:20 | not_trading_day(cn_trading_calendar(is_open=0))
hk_market_history skipped at 16:20 | 
not_trading_day(market_calendar_weekday_fallback(scope=hk, weekday=7))
a_share_history skipped at 16:30 | 
not_trading_day(cn_trading_calendar(is_open=0))
us_market_history skipped at 17:10 | 
not_trading_day(market_calendar_weekday_fallback(scope=us, weekday=7))
Maintenance tick started
Maintenance tick complete
State DB: /home/zj/workspace/stok-mapping/data/maintenance/maintenance.sqlite
As of: 2026-06-07T13:31:02
Dry run: False
Executed runs: 0
financial_factors skipped at 03:30 | 
not_trading_day(cn_trading_calendar(is_open=0))
daily_brief skipped at 07:20 | not_trading_day(cn_trading_calendar(is_open=0))
hk_market_history skipped at 16:20 | 
not_trading_day(market_calendar_weekday_fallback(scope=hk, weekday=7))
a_share_history skipped at 16:30 | 
not_trading_day(cn_trading_calendar(is_open=0))
us_market_history skipped at 17:10 | 
not_trading_day(market_calendar_weekday_fallback(scope=us, weekday=7))
Maintenance tick started
Maintenance tick complete
State DB: /home/zj/workspace/stok-mapping/data/maintenance/maintenance.sqlite
As of: 2026-06-07T13:32:01
Dry run: False
Executed runs: 0
financial_factors skipped at 03:30 | 
not_trading_day(cn_trading_calendar(is_open=0))
daily_brief skipped at 07:20 | not_trading_day(cn_trading_calendar(is_open=0))
hk_market_history skipped at 16:20 | 
not_trading_day(market_calendar_weekday_fallback(scope=hk, weekday=7))
a_share_history skipped at 16:30 | 
not_trading_day(cn_trading_calendar(is_open=0))
us_market_history skipped at 17:10 | 
not_trading_day(market_calendar_weekday_fallback(scope=us, weekday=7))
Maintenance tick started
Maintenance tick complete
State DB: /home/zj/workspace/stok-mapping/data/maintenance/maintenance.sqlite
As of: 2026-06-07T13:33:01
Dry run: False
Executed runs: 0
financial_factors skipped at 03:30 | 
not_trading_day(cn_trading_calendar(is_open=0))
daily_brief skipped at 07:20 | not_trading_day(cn_trading_calendar(is_open=0))
hk_market_history skipped at 16:20 | 
not_trading_day(market_calendar_weekday_fallback(scope=hk, weekday=7))
a_share_history skipped at 16:30 | 
not_trading_day(cn_trading_calendar(is_open=0))
us_market_history skipped at 17:10 | 
not_trading_day(market_calendar_weekday_fallback(scope=us, weekday=7))
Maintenance tick started
Maintenance tick complete
State DB: /home/zj/workspace/stok-mapping/data/maintenance/maintenance.sqlite
As of: 2026-06-07T13:34:02
Dry run: False
Executed runs: 0
financial_factors skipped at 03:30 | 
not_trading_day(cn_trading_calendar(is_open=0))
daily_brief skipped at 07:20 | not_trading_day(cn_trading_calendar(is_open=0))
hk_market_history skipped at 16:20 | 
not_trading_day(market_calendar_weekday_fallback(scope=hk, weekday=7))
a_share_history skipped at 16:30 | 
not_trading_day(cn_trading_calendar(is_open=0))
us_market_history skipped at 17:10 | 
not_trading_day(market_calendar_weekday_fallback(scope=us, weekday=7))
Maintenance tick started
Maintenance tick complete
State DB: /home/zj/workspace/stok-mapping/data/maintenance/maintenance.sqlite
As of: 2026-06-07T13:35:02
Dry run: False
Executed runs: 0
financial_factors skipped at 03:30 | 
not_trading_day(cn_trading_calendar(is_open=0))
daily_brief skipped at 07:20 | not_trading_day(cn_trading_calendar(is_open=0))
hk_market_history skipped at 16:20 | 
not_trading_day(market_calendar_weekday_fallback(scope=hk, weekday=7))
a_share_history skipped at 16:30 | 
not_trading_day(cn_trading_calendar(is_open=0))
us_market_history skipped at 17:10 | 
not_trading_day(market_calendar_weekday_fallback(scope=us, weekday=7))
Maintenance tick started
Maintenance tick complete
State DB: /home/zj/workspace/stok-mapping/data/maintenance/maintenance.sqlite
As of: 2026-06-07T13:36:02
Dry run: False
Executed runs: 0
financial_factors skipped at 03:30 | 
not_trading_day(cn_trading_calendar(is_open=0))
daily_brief skipped at 07:20 | not_trading_day(cn_trading_calendar(is_open=0))
hk_market_history skipped at 16:20 | 
not_trading_day(market_calendar_weekday_fallback(scope=hk, weekday=7))
a_share_history skipped at 16:30 | 
not_trading_day(cn_trading_calendar(is_open=0))
us_market_history skipped at 17:10 | 
not_trading_day(market_calendar_weekday_fallback(scope=us, weekday=7))
Maintenance tick started
Maintenance tick complete
State DB: /home/zj/workspace/stok-mapping/data/maintenance/maintenance.sqlite
As of: 2026-06-07T13:37:02
Dry run: False
Executed runs: 0
financial_factors skipped at 03:30 | 
not_trading_day(cn_trading_calendar(is_open=0))
daily_brief skipped at 07:20 | not_trading_day(cn_trading_calendar(is_open=0))
hk_market_history skipped at 16:20 | 
not_trading_day(market_calendar_weekday_fallback(scope=hk, weekday=7))
a_share_history skipped at 16:30 | 
not_trading_day(cn_trading_calendar(is_open=0))
us_market_history skipped at 17:10 | 
not_trading_day(market_calendar_weekday_fallback(scope=us, weekday=7))
Maintenance tick started
Maintenance tick complete
State DB: /home/zj/workspace/stok-mapping/data/maintenance/maintenance.sqlite
As of: 2026-06-07T13:38:02
Dry run: False
Executed runs: 0
financial_factors skipped at 03:30 | 
not_trading_day(cn_trading_calendar(is_open=0))
daily_brief skipped at 07:20 | not_trading_day(cn_trading_calendar(is_open=0))
hk_market_history skipped at 16:20 | 
not_trading_day(market_calendar_weekday_fallback(scope=hk, weekday=7))
a_share_history skipped at 16:30 | 
not_trading_day(cn_trading_calendar(is_open=0))
us_market_history skipped at 17:10 | 
not_trading_day(market_calendar_weekday_fallback(scope=us, weekday=7))
Maintenance tick started
Maintenance tick complete
State DB: /home/zj/workspace/stok-mapping/data/maintenance/maintenance.sqlite
As of: 2026-06-07T13:39:02
Dry run: False
Executed runs: 0
financial_factors skipped at 03:30 | 
not_trading_day(cn_trading_calendar(is_open=0))
daily_brief skipped at 07:20 | not_trading_day(cn_trading_calendar(is_open=0))
hk_market_history skipped at 16:20 | 
not_trading_day(market_calendar_weekday_fallback(scope=hk, weekday=7))
a_share_history skipped at 16:30 | 
not_trading_day(cn_trading_calendar(is_open=0))
us_market_history skipped at 17:10 | 
not_trading_day(market_calendar_weekday_fallback(scope=us, weekday=7))
Maintenance tick started
Maintenance tick complete
State DB: /home/zj/workspace/stok-mapping/data/maintenance/maintenance.sqlite
As of: 2026-06-07T13:40:01
Dry run: False
Executed runs: 0
financial_factors skipped at 03:30 | 
not_trading_day(cn_trading_calendar(is_open=0))
daily_brief skipped at 07:20 | not_trading_day(cn_trading_calendar(is_open=0))
hk_market_history skipped at 16:20 | 
not_trading_day(market_calendar_weekday_fallback(scope=hk, weekday=7))
a_share_history skipped at 16:30 | 
not_trading_day(cn_trading_calendar(is_open=0))
us_market_history skipped at 17:10 | 
not_trading_day(market_calendar_weekday_fallback(scope=us, weekday=7))
Maintenance tick started
Maintenance tick complete
State DB: /home/zj/workspace/stok-mapping/data/maintenance/maintenance.sqlite
As of: 2026-06-07T13:41:01
Dry run: False
Executed runs: 0
financial_factors skipped at 03:30 | 
not_trading_day(cn_trading_calendar(is_open=0))
daily_brief skipped at 07:20 | not_trading_day(cn_trading_calendar(is_open=0))
hk_market_history skipped at 16:20 | 
not_trading_day(market_calendar_weekday_fallback(scope=hk, weekday=7))
a_share_history skipped at 16:30 | 
not_trading_day(cn_trading_calendar(is_open=0))
us_market_history skipped at 17:10 | 
not_trading_day(market_calendar_weekday_fallback(scope=us, weekday=7))
Maintenance tick started
Maintenance tick complete
State DB: /home/zj/workspace/stok-mapping/data/maintenance/maintenance.sqlite
As of: 2026-06-07T13:42:01
Dry run: False
Executed runs: 0
financial_factors skipped at 03:30 | 
not_trading_day(cn_trading_calendar(is_open=0))
daily_brief skipped at 07:20 | not_trading_day(cn_trading_calendar(is_open=0))
hk_market_history skipped at 16:20 | 
not_trading_day(market_calendar_weekday_fallback(scope=hk, weekday=7))
a_share_history skipped at 16:30 | 
not_trading_day(cn_trading_calendar(is_open=0))
us_market_history skipped at 17:10 | 
not_trading_day(market_calendar_weekday_fallback(scope=us, weekday=7))
Maintenance tick started
Maintenance tick complete
State DB: /home/zj/workspace/stok-mapping/data/maintenance/maintenance.sqlite
As of: 2026-06-07T13:43:02
Dry run: False
Executed runs: 0
financial_factors skipped at 03:30 | 
not_trading_day(cn_trading_calendar(is_open=0))
daily_brief skipped at 07:20 | not_trading_day(cn_trading_calendar(is_open=0))
hk_market_history skipped at 16:20 | 
not_trading_day(market_calendar_weekday_fallback(scope=hk, weekday=7))
a_share_history skipped at 16:30 | 
not_trading_day(cn_trading_calendar(is_open=0))
us_market_history skipped at 17:10 | 
not_trading_day(market_calendar_weekday_fallback(scope=us, weekday=7))
Maintenance tick started
Maintenance tick complete
State DB: /home/zj/workspace/stok-mapping/data/maintenance/maintenance.sqlite
As of: 2026-06-07T13:44:02
Dry run: False
Executed runs: 0
financial_factors skipped at 03:30 | 
not_trading_day(cn_trading_calendar(is_open=0))
daily_brief skipped at 07:20 | not_trading_day(cn_trading_calendar(is_open=0))
hk_market_history skipped at 16:20 | 
not_trading_day(market_calendar_weekday_fallback(scope=hk, weekday=7))
a_share_history skipped at 16:30 | 
not_trading_day(cn_trading_calendar(is_open=0))
us_market_history skipped at 17:10 | 
not_trading_day(market_calendar_weekday_fallback(scope=us, weekday=7))
Maintenance tick started
Maintenance tick complete
State DB: /home/zj/workspace/stok-mapping/data/maintenance/maintenance.sqlite
As of: 2026-06-07T13:45:02
Dry run: False
Executed runs: 0
financial_factors skipped at 03:30 | 
not_trading_day(cn_trading_calendar(is_open=0))
daily_brief skipped at 07:20 | not_trading_day(cn_trading_calendar(is_open=0))
hk_market_history skipped at 16:20 | 
not_trading_day(market_calendar_weekday_fallback(scope=hk, weekday=7))
a_share_history skipped at 16:30 | 
not_trading_day(cn_trading_calendar(is_open=0))
us_market_history skipped at 17:10 | 
not_trading_day(market_calendar_weekday_fallback(scope=us, weekday=7))
Maintenance tick started
Maintenance tick complete
State DB: /home/zj/workspace/stok-mapping/data/maintenance/maintenance.sqlite
As of: 2026-06-07T13:46:02
Dry run: False
Executed runs: 0
financial_factors skipped at 03:30 | 
not_trading_day(cn_trading_calendar(is_open=0))
daily_brief skipped at 07:20 | not_trading_day(cn_trading_calendar(is_open=0))
hk_market_history skipped at 16:20 | 
not_trading_day(market_calendar_weekday_fallback(scope=hk, weekday=7))
a_share_history skipped at 16:30 | 
not_trading_day(cn_trading_calendar(is_open=0))
us_market_history skipped at 17:10 | 
not_trading_day(market_calendar_weekday_fallback(scope=us, weekday=7))
Maintenance tick started
Maintenance tick complete
State DB: /home/zj/workspace/stok-mapping/data/maintenance/maintenance.sqlite
As of: 2026-06-07T13:47:02
Dry run: False
Executed runs: 0
financial_factors skipped at 03:30 | 
not_trading_day(cn_trading_calendar(is_open=0))
daily_brief skipped at 07:20 | not_trading_day(cn_trading_calendar(is_open=0))
hk_market_history skipped at 16:20 | 
not_trading_day(market_calendar_weekday_fallback(scope=hk, weekday=7))
a_share_history skipped at 16:30 | 
not_trading_day(cn_trading_calendar(is_open=0))
us_market_history skipped at 17:10 | 
not_trading_day(market_calendar_weekday_fallback(scope=us, weekday=7))
Maintenance tick started
Maintenance tick complete
State DB: /home/zj/workspace/stok-mapping/data/maintenance/maintenance.sqlite
As of: 2026-06-07T13:48:01
Dry run: False
Executed runs: 0
financial_factors skipped at 03:30 | 
not_trading_day(cn_trading_calendar(is_open=0))
daily_brief skipped at 07:20 | not_trading_day(cn_trading_calendar(is_open=0))
hk_market_history skipped at 16:20 | 
not_trading_day(market_calendar_weekday_fallback(scope=hk, weekday=7))
a_share_history skipped at 16:30 | 
not_trading_day(cn_trading_calendar(is_open=0))
us_market_history skipped at 17:10 | 
not_trading_day(market_calendar_weekday_fallback(scope=us, weekday=7))
Maintenance tick started
Maintenance tick complete
State DB: /home/zj/workspace/stok-mapping/data/maintenance/maintenance.sqlite
As of: 2026-06-07T13:49:01
Dry run: False
Executed runs: 0
financial_factors skipped at 03:30 | 
not_trading_day(cn_trading_calendar(is_open=0))
daily_brief skipped at 07:20 | not_trading_day(cn_trading_calendar(is_open=0))
hk_market_history skipped at 16:20 | 
not_trading_day(market_calendar_weekday_fallback(scope=hk, weekday=7))
a_share_history skipped at 16:30 | 
not_trading_day(cn_trading_calendar(is_open=0))
us_market_history skipped at 17:10 | 
not_trading_day(market_calendar_weekday_fallback(scope=us, weekday=7))
Maintenance tick started
Maintenance tick complete
State DB: /home/zj/workspace/stok-mapping/data/maintenance/maintenance.sqlite
As of: 2026-06-07T13:50:02
Dry run: False
Executed runs: 0
financial_factors skipped at 03:30 | 
not_trading_day(cn_trading_calendar(is_open=0))
daily_brief skipped at 07:20 | not_trading_day(cn_trading_calendar(is_open=0))
hk_market_history skipped at 16:20 | 
not_trading_day(market_calendar_weekday_fallback(scope=hk, weekday=7))
a_share_history skipped at 16:30 | 
not_trading_day(cn_trading_calendar(is_open=0))
us_market_history skipped at 17:10 | 
not_trading_day(market_calendar_weekday_fallback(scope=us, weekday=7))
Maintenance tick started
Maintenance tick complete
State DB: /home/zj/workspace/stok-mapping/data/maintenance/maintenance.sqlite
As of: 2026-06-07T13:51:02
Dry run: False
Executed runs: 0
financial_factors skipped at 03:30 | 
not_trading_day(cn_trading_calendar(is_open=0))
daily_brief skipped at 07:20 | not_trading_day(cn_trading_calendar(is_open=0))
hk_market_history skipped at 16:20 | 
not_trading_day(market_calendar_weekday_fallback(scope=hk, weekday=7))
a_share_history skipped at 16:30 | 
not_trading_day(cn_trading_calendar(is_open=0))
us_market_history skipped at 17:10 | 
not_trading_day(market_calendar_weekday_fallback(scope=us, weekday=7))
Maintenance tick started
Maintenance tick complete
State DB: /home/zj/workspace/stok-mapping/data/maintenance/maintenance.sqlite
As of: 2026-06-07T13:52:02
Dry run: False
Executed runs: 0
financial_factors skipped at 03:30 | 
not_trading_day(cn_trading_calendar(is_open=0))
daily_brief skipped at 07:20 | not_trading_day(cn_trading_calendar(is_open=0))
hk_market_history skipped at 16:20 | 
not_trading_day(market_calendar_weekday_fallback(scope=hk, weekday=7))
a_share_history skipped at 16:30 | 
not_trading_day(cn_trading_calendar(is_open=0))
us_market_history skipped at 17:10 | 
not_trading_day(market_calendar_weekday_fallback(scope=us, weekday=7))
Maintenance tick started
Maintenance tick complete
State DB: /home/zj/workspace/stok-mapping/data/maintenance/maintenance.sqlite
As of: 2026-06-07T13:53:02
Dry run: False
Executed runs: 0
financial_factors skipped at 03:30 | 
not_trading_day(cn_trading_calendar(is_open=0))
daily_brief skipped at 07:20 | not_trading_day(cn_trading_calendar(is_open=0))
hk_market_history skipped at 16:20 | 
not_trading_day(market_calendar_weekday_fallback(scope=hk, weekday=7))
a_share_history skipped at 16:30 | 
not_trading_day(cn_trading_calendar(is_open=0))
us_market_history skipped at 17:10 | 
not_trading_day(market_calendar_weekday_fallback(scope=us, weekday=7))
Maintenance tick started
Maintenance tick complete
State DB: /home/zj/workspace/stok-mapping/data/maintenance/maintenance.sqlite
As of: 2026-06-07T13:54:02
Dry run: False
Executed runs: 0
financial_factors skipped at 03:30 | 
not_trading_day(cn_trading_calendar(is_open=0))
daily_brief skipped at 07:20 | not_trading_day(cn_trading_calendar(is_open=0))
hk_market_history skipped at 16:20 | 
not_trading_day(market_calendar_weekday_fallback(scope=hk, weekday=7))
a_share_history skipped at 16:30 | 
not_trading_day(cn_trading_calendar(is_open=0))
us_market_history skipped at 17:10 | 
not_trading_day(market_calendar_weekday_fallback(scope=us, weekday=7))
Maintenance tick started
Maintenance tick complete
State DB: /home/zj/workspace/stok-mapping/data/maintenance/maintenance.sqlite
As of: 2026-06-07T13:55:01
Dry run: False
Executed runs: 0
financial_factors skipped at 03:30 | 
not_trading_day(cn_trading_calendar(is_open=0))
daily_brief skipped at 07:20 | not_trading_day(cn_trading_calendar(is_open=0))
hk_market_history skipped at 16:20 | 
not_trading_day(market_calendar_weekday_fallback(scope=hk, weekday=7))
a_share_history skipped at 16:30 | 
not_trading_day(cn_trading_calendar(is_open=0))
us_market_history skipped at 17:10 | 
not_trading_day(market_calendar_weekday_fallback(scope=us, weekday=7))
Maintenance tick started
Maintenance tick complete
State DB: /home/zj/workspace/stok-mapping/data/maintenance/maintenance.sqlite
As of: 2026-06-07T13:56:02
Dry run: False
Executed runs: 0
financial_factors skipped at 03:30 | 
not_trading_day(cn_trading_calendar(is_open=0))
daily_brief skipped at 07:20 | not_trading_day(cn_trading_calendar(is_open=0))
hk_market_history skipped at 16:20 | 
not_trading_day(market_calendar_weekday_fallback(scope=hk, weekday=7))
a_share_history skipped at 16:30 | 
not_trading_day(cn_trading_calendar(is_open=0))
us_market_history skipped at 17:10 | 
not_trading_day(market_calendar_weekday_fallback(scope=us, weekday=7))
Maintenance tick started
Maintenance tick complete
State DB: /home/zj/workspace/stok-mapping/data/maintenance/maintenance.sqlite
As of: 2026-06-07T13:57:02
Dry run: False
Executed runs: 0
financial_factors skipped at 03:30 | 
not_trading_day(cn_trading_calendar(is_open=0))
daily_brief skipped at 07:20 | not_trading_day(cn_trading_calendar(is_open=0))
hk_market_history skipped at 16:20 | 
not_trading_day(market_calendar_weekday_fallback(scope=hk, weekday=7))
a_share_history skipped at 16:30 | 
not_trading_day(cn_trading_calendar(is_open=0))
us_market_history skipped at 17:10 | 
not_trading_day(market_calendar_weekday_fallback(scope=us, weekday=7))
Maintenance tick started
Maintenance tick complete
State DB: /home/zj/workspace/stok-mapping/data/maintenance/maintenance.sqlite
As of: 2026-06-07T13:58:02
Dry run: False
Executed runs: 0
financial_factors skipped at 03:30 | 
not_trading_day(cn_trading_calendar(is_open=0))
daily_brief skipped at 07:20 | not_trading_day(cn_trading_calendar(is_open=0))
hk_market_history skipped at 16:20 | 
not_trading_day(market_calendar_weekday_fallback(scope=hk, weekday=7))
a_share_history skipped at 16:30 | 
not_trading_day(cn_trading_calendar(is_open=0))
us_market_history skipped at 17:10 | 
not_trading_day(market_calendar_weekday_fallback(scope=us, weekday=7))
Maintenance tick started
Maintenance tick complete
State DB: /home/zj/workspace/stok-mapping/data/maintenance/maintenance.sqlite
As of: 2026-06-07T13:59:02
Dry run: False
Executed runs: 0
financial_factors skipped at 03:30 | 
not_trading_day(cn_trading_calendar(is_open=0))
daily_brief skipped at 07:20 | not_trading_day(cn_trading_calendar(is_open=0))
hk_market_history skipped at 16:20 | 
not_trading_day(market_calendar_weekday_fallback(scope=hk, weekday=7))
a_share_history skipped at 16:30 | 
not_trading_day(cn_trading_calendar(is_open=0))
us_market_history skipped at 17:10 | 
not_trading_day(market_calendar_weekday_fallback(scope=us, weekday=7))
Maintenance tick started
Maintenance tick complete
State DB: /home/zj/workspace/stok-mapping/data/maintenance/maintenance.sqlite
As of: 2026-06-07T14:00:01
Dry run: False
Executed runs: 0
financial_factors skipped at 03:30 | 
not_trading_day(cn_trading_calendar(is_open=0))
daily_brief skipped at 07:20 | not_trading_day(cn_trading_calendar(is_open=0))
hk_market_history skipped at 16:20 | 
not_trading_day(market_calendar_weekday_fallback(scope=hk, weekday=7))
a_share_history skipped at 16:30 | 
not_trading_day(cn_trading_calendar(is_open=0))
us_market_history skipped at 17:10 | 
not_trading_day(market_calendar_weekday_fallback(scope=us, weekday=7))
Maintenance tick started
Maintenance tick complete
State DB: /home/zj/workspace/stok-mapping/data/maintenance/maintenance.sqlite
As of: 2026-06-07T14:01:01
Dry run: False
Executed runs: 0
financial_factors skipped at 03:30 | 
not_trading_day(cn_trading_calendar(is_open=0))
daily_brief skipped at 07:20 | not_trading_day(cn_trading_calendar(is_open=0))
hk_market_history skipped at 16:20 | 
not_trading_day(market_calendar_weekday_fallback(scope=hk, weekday=7))
a_share_history skipped at 16:30 | 
not_trading_day(cn_trading_calendar(is_open=0))
us_market_history skipped at 17:10 | 
not_trading_day(market_calendar_weekday_fallback(scope=us, weekday=7))
Maintenance tick started
Maintenance tick complete
State DB: /home/zj/workspace/stok-mapping/data/maintenance/maintenance.sqlite
As of: 2026-06-07T14:02:02
Dry run: False
Executed runs: 0
financial_factors skipped at 03:30 | 
not_trading_day(cn_trading_calendar(is_open=0))
daily_brief skipped at 07:20 | not_trading_day(cn_trading_calendar(is_open=0))
hk_market_history skipped at 16:20 | 
not_trading_day(market_calendar_weekday_fallback(scope=hk, weekday=7))
a_share_history skipped at 16:30 | 
not_trading_day(cn_trading_calendar(is_open=0))
us_market_history skipped at 17:10 | 
not_trading_day(market_calendar_weekday_fallback(scope=us, weekday=7))
Maintenance tick started
Maintenance tick complete
State DB: /home/zj/workspace/stok-mapping/data/maintenance/maintenance.sqlite
As of: 2026-06-07T14:03:02
Dry run: False
Executed runs: 0
financial_factors skipped at 03:30 | 
not_trading_day(cn_trading_calendar(is_open=0))
daily_brief skipped at 07:20 | not_trading_day(cn_trading_calendar(is_open=0))
hk_market_history skipped at 16:20 | 
not_trading_day(market_calendar_weekday_fallback(scope=hk, weekday=7))
a_share_history skipped at 16:30 | 
not_trading_day(cn_trading_calendar(is_open=0))
us_market_history skipped at 17:10 | 
not_trading_day(market_calendar_weekday_fallback(scope=us, weekday=7))
Maintenance tick started
Maintenance tick complete
State DB: /home/zj/workspace/stok-mapping/data/maintenance/maintenance.sqlite
As of: 2026-06-07T14:04:02
Dry run: False
Executed runs: 0
financial_factors skipped at 03:30 | 
not_trading_day(cn_trading_calendar(is_open=0))
daily_brief skipped at 07:20 | not_trading_day(cn_trading_calendar(is_open=0))
hk_market_history skipped at 16:20 | 
not_trading_day(market_calendar_weekday_fallback(scope=hk, weekday=7))
a_share_history skipped at 16:30 | 
not_trading_day(cn_trading_calendar(is_open=0))
us_market_history skipped at 17:10 | 
not_trading_day(market_calendar_weekday_fallback(scope=us, weekday=7))
Maintenance tick started
Maintenance tick complete
State DB: /home/zj/workspace/stok-mapping/data/maintenance/maintenance.sqlite
As of: 2026-06-07T14:05:01
Dry run: False
Executed runs: 0
financial_factors skipped at 03:30 | 
not_trading_day(cn_trading_calendar(is_open=0))
daily_brief skipped at 07:20 | not_trading_day(cn_trading_calendar(is_open=0))
hk_market_history skipped at 16:20 | 
not_trading_day(market_calendar_weekday_fallback(scope=hk, weekday=7))
a_share_history skipped at 16:30 | 
not_trading_day(cn_trading_calendar(is_open=0))
us_market_history skipped at 17:10 | 
not_trading_day(market_calendar_weekday_fallback(scope=us, weekday=7))
Maintenance tick started
Maintenance tick complete
State DB: /home/zj/workspace/stok-mapping/data/maintenance/maintenance.sqlite
As of: 2026-06-07T14:06:01
Dry run: False
Executed runs: 0
financial_factors skipped at 03:30 | 
not_trading_day(cn_trading_calendar(is_open=0))
daily_brief skipped at 07:20 | not_trading_day(cn_trading_calendar(is_open=0))
hk_market_history skipped at 16:20 | 
not_trading_day(market_calendar_weekday_fallback(scope=hk, weekday=7))
a_share_history skipped at 16:30 | 
not_trading_day(cn_trading_calendar(is_open=0))
us_market_history skipped at 17:10 | 
not_trading_day(market_calendar_weekday_fallback(scope=us, weekday=7))
Maintenance tick started
Maintenance tick complete
State DB: /home/zj/workspace/stok-mapping/data/maintenance/maintenance.sqlite
As of: 2026-06-07T14:07:01
Dry run: False
Executed runs: 0
financial_factors skipped at 03:30 | 
not_trading_day(cn_trading_calendar(is_open=0))
daily_brief skipped at 07:20 | not_trading_day(cn_trading_calendar(is_open=0))
hk_market_history skipped at 16:20 | 
not_trading_day(market_calendar_weekday_fallback(scope=hk, weekday=7))
a_share_history skipped at 16:30 | 
not_trading_day(cn_trading_calendar(is_open=0))
us_market_history skipped at 17:10 | 
not_trading_day(market_calendar_weekday_fallback(scope=us, weekday=7))
Maintenance tick started
Maintenance tick complete
State DB: /home/zj/workspace/stok-mapping/data/maintenance/maintenance.sqlite
As of: 2026-06-07T14:08:02
Dry run: False
Executed runs: 0
financial_factors skipped at 03:30 | 
not_trading_day(cn_trading_calendar(is_open=0))
daily_brief skipped at 07:20 | not_trading_day(cn_trading_calendar(is_open=0))
hk_market_history skipped at 16:20 | 
not_trading_day(market_calendar_weekday_fallback(scope=hk, weekday=7))
a_share_history skipped at 16:30 | 
not_trading_day(cn_trading_calendar(is_open=0))
us_market_history skipped at 17:10 | 
not_trading_day(market_calendar_weekday_fallback(scope=us, weekday=7))
Maintenance tick started
Maintenance tick complete
State DB: /home/zj/workspace/stok-mapping/data/maintenance/maintenance.sqlite
As of: 2026-06-07T14:09:02
Dry run: False
Executed runs: 0
financial_factors skipped at 03:30 | 
not_trading_day(cn_trading_calendar(is_open=0))
daily_brief skipped at 07:20 | not_trading_day(cn_trading_calendar(is_open=0))
hk_market_history skipped at 16:20 | 
not_trading_day(market_calendar_weekday_fallback(scope=hk, weekday=7))
a_share_history skipped at 16:30 | 
not_trading_day(cn_trading_calendar(is_open=0))
us_market_history skipped at 17:10 | 
not_trading_day(market_calendar_weekday_fallback(scope=us, weekday=7))
Maintenance tick started
Maintenance tick complete
State DB: /home/zj/workspace/stok-mapping/data/maintenance/maintenance.sqlite
As of: 2026-06-07T14:10:02
Dry run: False
Executed runs: 0
financial_factors skipped at 03:30 | 
not_trading_day(cn_trading_calendar(is_open=0))
daily_brief skipped at 07:20 | not_trading_day(cn_trading_calendar(is_open=0))
hk_market_history skipped at 16:20 | 
not_trading_day(market_calendar_weekday_fallback(scope=hk, weekday=7))
a_share_history skipped at 16:30 | 
not_trading_day(cn_trading_calendar(is_open=0))
us_market_history skipped at 17:10 | 
not_trading_day(market_calendar_weekday_fallback(scope=us, weekday=7))
Maintenance tick started
Maintenance tick complete
State DB: /home/zj/workspace/stok-mapping/data/maintenance/maintenance.sqlite
As of: 2026-06-07T14:11:02
Dry run: False
Executed runs: 0
financial_factors skipped at 03:30 | 
not_trading_day(cn_trading_calendar(is_open=0))
daily_brief skipped at 07:20 | not_trading_day(cn_trading_calendar(is_open=0))
hk_market_history skipped at 16:20 | 
not_trading_day(market_calendar_weekday_fallback(scope=hk, weekday=7))
a_share_history skipped at 16:30 | 
not_trading_day(cn_trading_calendar(is_open=0))
us_market_history skipped at 17:10 | 
not_trading_day(market_calendar_weekday_fallback(scope=us, weekday=7))
Maintenance tick started
Maintenance tick complete
State DB: /home/zj/workspace/stok-mapping/data/maintenance/maintenance.sqlite
As of: 2026-06-07T14:12:02
Dry run: False
Executed runs: 0
financial_factors skipped at 03:30 | 
not_trading_day(cn_trading_calendar(is_open=0))
daily_brief skipped at 07:20 | not_trading_day(cn_trading_calendar(is_open=0))
hk_market_history skipped at 16:20 | 
not_trading_day(market_calendar_weekday_fallback(scope=hk, weekday=7))
a_share_history skipped at 16:30 | 
not_trading_day(cn_trading_calendar(is_open=0))
us_market_history skipped at 17:10 | 
not_trading_day(market_calendar_weekday_fallback(scope=us, weekday=7))
Maintenance tick started
Maintenance tick complete
State DB: /home/zj/workspace/stok-mapping/data/maintenance/maintenance.sqlite
As of: 2026-06-07T14:13:01
Dry run: False
Executed runs: 0
financial_factors skipped at 03:30 | 
not_trading_day(cn_trading_calendar(is_open=0))
daily_brief skipped at 07:20 | not_trading_day(cn_trading_calendar(is_open=0))
hk_market_history skipped at 16:20 | 
not_trading_day(market_calendar_weekday_fallback(scope=hk, weekday=7))
a_share_history skipped at 16:30 | 
not_trading_day(cn_trading_calendar(is_open=0))
us_market_history skipped at 17:10 | 
not_trading_day(market_calendar_weekday_fallback(scope=us, weekday=7))
Maintenance tick started
Maintenance tick complete
State DB: /home/zj/workspace/stok-mapping/data/maintenance/maintenance.sqlite
As of: 2026-06-07T14:14:02
Dry run: False
Executed runs: 0
financial_factors skipped at 03:30 | 
not_trading_day(cn_trading_calendar(is_open=0))
daily_brief skipped at 07:20 | not_trading_day(cn_trading_calendar(is_open=0))
hk_market_history skipped at 16:20 | 
not_trading_day(market_calendar_weekday_fallback(scope=hk, weekday=7))
a_share_history skipped at 16:30 | 
not_trading_day(cn_trading_calendar(is_open=0))
us_market_history skipped at 17:10 | 
not_trading_day(market_calendar_weekday_fallback(scope=us, weekday=7))
Maintenance tick started
Maintenance tick complete
State DB: /home/zj/workspace/stok-mapping/data/maintenance/maintenance.sqlite
As of: 2026-06-07T14:15:02
Dry run: False
Executed runs: 0
financial_factors skipped at 03:30 | 
not_trading_day(cn_trading_calendar(is_open=0))
daily_brief skipped at 07:20 | not_trading_day(cn_trading_calendar(is_open=0))
hk_market_history skipped at 16:20 | 
not_trading_day(market_calendar_weekday_fallback(scope=hk, weekday=7))
a_share_history skipped at 16:30 | 
not_trading_day(cn_trading_calendar(is_open=0))
us_market_history skipped at 17:10 | 
not_trading_day(market_calendar_weekday_fallback(scope=us, weekday=7))
Maintenance tick started
Maintenance tick complete
State DB: /home/zj/workspace/stok-mapping/data/maintenance/maintenance.sqlite
As of: 2026-06-07T14:16:02
Dry run: False
Executed runs: 0
financial_factors skipped at 03:30 | 
not_trading_day(cn_trading_calendar(is_open=0))
daily_brief skipped at 07:20 | not_trading_day(cn_trading_calendar(is_open=0))
hk_market_history skipped at 16:20 | 
not_trading_day(market_calendar_weekday_fallback(scope=hk, weekday=7))
a_share_history skipped at 16:30 | 
not_trading_day(cn_trading_calendar(is_open=0))
us_market_history skipped at 17:10 | 
not_trading_day(market_calendar_weekday_fallback(scope=us, weekday=7))
Maintenance tick started
Maintenance tick complete
State DB: /home/zj/workspace/stok-mapping/data/maintenance/maintenance.sqlite
As of: 2026-06-07T14:17:02
Dry run: False
Executed runs: 0
financial_factors skipped at 03:30 | 
not_trading_day(cn_trading_calendar(is_open=0))
daily_brief skipped at 07:20 | not_trading_day(cn_trading_calendar(is_open=0))
hk_market_history skipped at 16:20 | 
not_trading_day(market_calendar_weekday_fallback(scope=hk, weekday=7))
a_share_history skipped at 16:30 | 
not_trading_day(cn_trading_calendar(is_open=0))
us_market_history skipped at 17:10 | 
not_trading_day(market_calendar_weekday_fallback(scope=us, weekday=7))
Maintenance tick started
Maintenance tick complete
State DB: /home/zj/workspace/stok-mapping/data/maintenance/maintenance.sqlite
As of: 2026-06-07T14:18:02
Dry run: False
Executed runs: 0
financial_factors skipped at 03:30 | 
not_trading_day(cn_trading_calendar(is_open=0))
daily_brief skipped at 07:20 | not_trading_day(cn_trading_calendar(is_open=0))
hk_market_history skipped at 16:20 | 
not_trading_day(market_calendar_weekday_fallback(scope=hk, weekday=7))
a_share_history skipped at 16:30 | 
not_trading_day(cn_trading_calendar(is_open=0))
us_market_history skipped at 17:10 | 
not_trading_day(market_calendar_weekday_fallback(scope=us, weekday=7))
Maintenance tick started
Maintenance tick complete
State DB: /home/zj/workspace/stok-mapping/data/maintenance/maintenance.sqlite
As of: 2026-06-07T14:19:01
Dry run: False
Executed runs: 0
financial_factors skipped at 03:30 | 
not_trading_day(cn_trading_calendar(is_open=0))
daily_brief skipped at 07:20 | not_trading_day(cn_trading_calendar(is_open=0))
hk_market_history skipped at 16:20 | 
not_trading_day(market_calendar_weekday_fallback(scope=hk, weekday=7))
a_share_history skipped at 16:30 | 
not_trading_day(cn_trading_calendar(is_open=0))
us_market_history skipped at 17:10 | 
not_trading_day(market_calendar_weekday_fallback(scope=us, weekday=7))
Maintenance tick started
Maintenance tick complete
State DB: /home/zj/workspace/stok-mapping/data/maintenance/maintenance.sqlite
As of: 2026-06-07T14:20:02
Dry run: False
Executed runs: 0
financial_factors skipped at 03:30 | 
not_trading_day(cn_trading_calendar(is_open=0))
daily_brief skipped at 07:20 | not_trading_day(cn_trading_calendar(is_open=0))
hk_market_history skipped at 16:20 | 
not_trading_day(market_calendar_weekday_fallback(scope=hk, weekday=7))
a_share_history skipped at 16:30 | 
not_trading_day(cn_trading_calendar(is_open=0))
us_market_history skipped at 17:10 | 
not_trading_day(market_calendar_weekday_fallback(scope=us, weekday=7))
Maintenance tick started
Maintenance tick complete
State DB: /home/zj/workspace/stok-mapping/data/maintenance/maintenance.sqlite
As of: 2026-06-07T14:21:02
Dry run: False
Executed runs: 0
financial_factors skipped at 03:30 | 
not_trading_day(cn_trading_calendar(is_open=0))
daily_brief skipped at 07:20 | not_trading_day(cn_trading_calendar(is_open=0))
hk_market_history skipped at 16:20 | 
not_trading_day(market_calendar_weekday_fallback(scope=hk, weekday=7))
a_share_history skipped at 16:30 | 
not_trading_day(cn_trading_calendar(is_open=0))
us_market_history skipped at 17:10 | 
not_trading_day(market_calendar_weekday_fallback(scope=us, weekday=7))
Maintenance tick started
Maintenance tick complete
State DB: /home/zj/workspace/stok-mapping/data/maintenance/maintenance.sqlite
As of: 2026-06-07T14:22:02
Dry run: False
Executed runs: 0
financial_factors skipped at 03:30 | 
not_trading_day(cn_trading_calendar(is_open=0))
daily_brief skipped at 07:20 | not_trading_day(cn_trading_calendar(is_open=0))
hk_market_history skipped at 16:20 | 
not_trading_day(market_calendar_weekday_fallback(scope=hk, weekday=7))
a_share_history skipped at 16:30 | 
not_trading_day(cn_trading_calendar(is_open=0))
us_market_history skipped at 17:10 | 
not_trading_day(market_calendar_weekday_fallback(scope=us, weekday=7))
Maintenance tick started
Maintenance tick complete
State DB: /home/zj/workspace/stok-mapping/data/maintenance/maintenance.sqlite
As of: 2026-06-07T14:23:01
Dry run: False
Executed runs: 0
financial_factors skipped at 03:30 | 
not_trading_day(cn_trading_calendar(is_open=0))
daily_brief skipped at 07:20 | not_trading_day(cn_trading_calendar(is_open=0))
hk_market_history skipped at 16:20 | 
not_trading_day(market_calendar_weekday_fallback(scope=hk, weekday=7))
a_share_history skipped at 16:30 | 
not_trading_day(cn_trading_calendar(is_open=0))
us_market_history skipped at 17:10 | 
not_trading_day(market_calendar_weekday_fallback(scope=us, weekday=7))
Maintenance tick started
Maintenance tick complete
State DB: /home/zj/workspace/stok-mapping/data/maintenance/maintenance.sqlite
As of: 2026-06-07T14:24:02
Dry run: False
Executed runs: 0
financial_factors skipped at 03:30 | 
not_trading_day(cn_trading_calendar(is_open=0))
daily_brief skipped at 07:20 | not_trading_day(cn_trading_calendar(is_open=0))
hk_market_history skipped at 16:20 | 
not_trading_day(market_calendar_weekday_fallback(scope=hk, weekday=7))
a_share_history skipped at 16:30 | 
not_trading_day(cn_trading_calendar(is_open=0))
us_market_history skipped at 17:10 | 
not_trading_day(market_calendar_weekday_fallback(scope=us, weekday=7))
Maintenance tick started
Maintenance tick complete
State DB: /home/zj/workspace/stok-mapping/data/maintenance/maintenance.sqlite
As of: 2026-06-07T14:25:02
Dry run: False
Executed runs: 0
financial_factors skipped at 03:30 | 
not_trading_day(cn_trading_calendar(is_open=0))
daily_brief skipped at 07:20 | not_trading_day(cn_trading_calendar(is_open=0))
hk_market_history skipped at 16:20 | 
not_trading_day(market_calendar_weekday_fallback(scope=hk, weekday=7))
a_share_history skipped at 16:30 | 
not_trading_day(cn_trading_calendar(is_open=0))
us_market_history skipped at 17:10 | 
not_trading_day(market_calendar_weekday_fallback(scope=us, weekday=7))
Maintenance tick started
Maintenance tick complete
State DB: /home/zj/workspace/stok-mapping/data/maintenance/maintenance.sqlite
As of: 2026-06-07T14:26:02
Dry run: False
Executed runs: 0
financial_factors skipped at 03:30 | 
not_trading_day(cn_trading_calendar(is_open=0))
daily_brief skipped at 07:20 | not_trading_day(cn_trading_calendar(is_open=0))
hk_market_history skipped at 16:20 | 
not_trading_day(market_calendar_weekday_fallback(scope=hk, weekday=7))
a_share_history skipped at 16:30 | 
not_trading_day(cn_trading_calendar(is_open=0))
us_market_history skipped at 17:10 | 
not_trading_day(market_calendar_weekday_fallback(scope=us, weekday=7))
Maintenance tick started
Maintenance tick complete
State DB: /home/zj/workspace/stok-mapping/data/maintenance/maintenance.sqlite
As of: 2026-06-07T14:27:02
Dry run: False
Executed runs: 0
financial_factors skipped at 03:30 | 
not_trading_day(cn_trading_calendar(is_open=0))
daily_brief skipped at 07:20 | not_trading_day(cn_trading_calendar(is_open=0))
hk_market_history skipped at 16:20 | 
not_trading_day(market_calendar_weekday_fallback(scope=hk, weekday=7))
a_share_history skipped at 16:30 | 
not_trading_day(cn_trading_calendar(is_open=0))
us_market_history skipped at 17:10 | 
not_trading_day(market_calendar_weekday_fallback(scope=us, weekday=7))
Maintenance tick started
Maintenance tick complete
State DB: /home/zj/workspace/stok-mapping/data/maintenance/maintenance.sqlite
As of: 2026-06-07T14:28:01
Dry run: False
Executed runs: 0
financial_factors skipped at 03:30 | 
not_trading_day(cn_trading_calendar(is_open=0))
daily_brief skipped at 07:20 | not_trading_day(cn_trading_calendar(is_open=0))
hk_market_history skipped at 16:20 | 
not_trading_day(market_calendar_weekday_fallback(scope=hk, weekday=7))
a_share_history skipped at 16:30 | 
not_trading_day(cn_trading_calendar(is_open=0))
us_market_history skipped at 17:10 | 
not_trading_day(market_calendar_weekday_fallback(scope=us, weekday=7))
Maintenance tick started
Maintenance tick complete
State DB: /home/zj/workspace/stok-mapping/data/maintenance/maintenance.sqlite
As of: 2026-06-07T14:29:01
Dry run: False
Executed runs: 0
financial_factors skipped at 03:30 | 
not_trading_day(cn_trading_calendar(is_open=0))
daily_brief skipped at 07:20 | not_trading_day(cn_trading_calendar(is_open=0))
hk_market_history skipped at 16:20 | 
not_trading_day(market_calendar_weekday_fallback(scope=hk, weekday=7))
a_share_history skipped at 16:30 | 
not_trading_day(cn_trading_calendar(is_open=0))
us_market_history skipped at 17:10 | 
not_trading_day(market_calendar_weekday_fallback(scope=us, weekday=7))
Maintenance tick started
Maintenance tick complete
State DB: /home/zj/workspace/stok-mapping/data/maintenance/maintenance.sqlite
As of: 2026-06-07T14:30:02
Dry run: False
Executed runs: 0
financial_factors skipped at 03:30 | 
not_trading_day(cn_trading_calendar(is_open=0))
daily_brief skipped at 07:20 | not_trading_day(cn_trading_calendar(is_open=0))
hk_market_history skipped at 16:20 | 
not_trading_day(market_calendar_weekday_fallback(scope=hk, weekday=7))
a_share_history skipped at 16:30 | 
not_trading_day(cn_trading_calendar(is_open=0))
us_market_history skipped at 17:10 | 
not_trading_day(market_calendar_weekday_fallback(scope=us, weekday=7))
Maintenance tick started
Maintenance tick complete
State DB: /home/zj/workspace/stok-mapping/data/maintenance/maintenance.sqlite
As of: 2026-06-07T14:31:02
Dry run: False
Executed runs: 0
financial_factors skipped at 03:30 | 
not_trading_day(cn_trading_calendar(is_open=0))
daily_brief skipped at 07:20 | not_trading_day(cn_trading_calendar(is_open=0))
hk_market_history skipped at 16:20 | 
not_trading_day(market_calendar_weekday_fallback(scope=hk, weekday=7))
a_share_history skipped at 16:30 | 
not_trading_day(cn_trading_calendar(is_open=0))
us_market_history skipped at 17:10 | 
not_trading_day(market_calendar_weekday_fallback(scope=us, weekday=7))
Maintenance tick started
Maintenance tick complete
State DB: /home/zj/workspace/stok-mapping/data/maintenance/maintenance.sqlite
As of: 2026-06-07T14:32:02
Dry run: False
Executed runs: 0
financial_factors skipped at 03:30 | 
not_trading_day(cn_trading_calendar(is_open=0))
daily_brief skipped at 07:20 | not_trading_day(cn_trading_calendar(is_open=0))
hk_market_history skipped at 16:20 | 
not_trading_day(market_calendar_weekday_fallback(scope=hk, weekday=7))
a_share_history skipped at 16:30 | 
not_trading_day(cn_trading_calendar(is_open=0))
us_market_history skipped at 17:10 | 
not_trading_day(market_calendar_weekday_fallback(scope=us, weekday=7))
Maintenance tick started
Maintenance tick complete
State DB: /home/zj/workspace/stok-mapping/data/maintenance/maintenance.sqlite
As of: 2026-06-07T14:33:02
Dry run: False
Executed runs: 0
financial_factors skipped at 03:30 | 
not_trading_day(cn_trading_calendar(is_open=0))
daily_brief skipped at 07:20 | not_trading_day(cn_trading_calendar(is_open=0))
hk_market_history skipped at 16:20 | 
not_trading_day(market_calendar_weekday_fallback(scope=hk, weekday=7))
a_share_history skipped at 16:30 | 
not_trading_day(cn_trading_calendar(is_open=0))
us_market_history skipped at 17:10 | 
not_trading_day(market_calendar_weekday_fallback(scope=us, weekday=7))
Maintenance tick started
Maintenance tick complete
State DB: /home/zj/workspace/stok-mapping/data/maintenance/maintenance.sqlite
As of: 2026-06-07T14:34:01
Dry run: False
Executed runs: 0
financial_factors skipped at 03:30 | 
not_trading_day(cn_trading_calendar(is_open=0))
daily_brief skipped at 07:20 | not_trading_day(cn_trading_calendar(is_open=0))
hk_market_history skipped at 16:20 | 
not_trading_day(market_calendar_weekday_fallback(scope=hk, weekday=7))
a_share_history skipped at 16:30 | 
not_trading_day(cn_trading_calendar(is_open=0))
us_market_history skipped at 17:10 | 
not_trading_day(market_calendar_weekday_fallback(scope=us, weekday=7))
Maintenance tick started
Maintenance tick complete
State DB: /home/zj/workspace/stok-mapping/data/maintenance/maintenance.sqlite
As of: 2026-06-07T14:35:01
Dry run: False
Executed runs: 0
financial_factors skipped at 03:30 | 
not_trading_day(cn_trading_calendar(is_open=0))
daily_brief skipped at 07:20 | not_trading_day(cn_trading_calendar(is_open=0))
hk_market_history skipped at 16:20 | 
not_trading_day(market_calendar_weekday_fallback(scope=hk, weekday=7))
a_share_history skipped at 16:30 | 
not_trading_day(cn_trading_calendar(is_open=0))
us_market_history skipped at 17:10 | 
not_trading_day(market_calendar_weekday_fallback(scope=us, weekday=7))
Maintenance tick started
Maintenance tick complete
State DB: /home/zj/workspace/stok-mapping/data/maintenance/maintenance.sqlite
As of: 2026-06-07T14:36:02
Dry run: False
Executed runs: 0
financial_factors skipped at 03:30 | 
not_trading_day(cn_trading_calendar(is_open=0))
daily_brief skipped at 07:20 | not_trading_day(cn_trading_calendar(is_open=0))
hk_market_history skipped at 16:20 | 
not_trading_day(market_calendar_weekday_fallback(scope=hk, weekday=7))
a_share_history skipped at 16:30 | 
not_trading_day(cn_trading_calendar(is_open=0))
us_market_history skipped at 17:10 | 
not_trading_day(market_calendar_weekday_fallback(scope=us, weekday=7))
Maintenance tick started
Maintenance tick complete
State DB: /home/zj/workspace/stok-mapping/data/maintenance/maintenance.sqlite
As of: 2026-06-07T14:37:02
Dry run: False
Executed runs: 0
financial_factors skipped at 03:30 | 
not_trading_day(cn_trading_calendar(is_open=0))
daily_brief skipped at 07:20 | not_trading_day(cn_trading_calendar(is_open=0))
hk_market_history skipped at 16:20 | 
not_trading_day(market_calendar_weekday_fallback(scope=hk, weekday=7))
a_share_history skipped at 16:30 | 
not_trading_day(cn_trading_calendar(is_open=0))
us_market_history skipped at 17:10 | 
not_trading_day(market_calendar_weekday_fallback(scope=us, weekday=7))
Maintenance tick started
Maintenance tick complete
State DB: /home/zj/workspace/stok-mapping/data/maintenance/maintenance.sqlite
As of: 2026-06-07T14:38:02
Dry run: False
Executed runs: 0
financial_factors skipped at 03:30 | 
not_trading_day(cn_trading_calendar(is_open=0))
daily_brief skipped at 07:20 | not_trading_day(cn_trading_calendar(is_open=0))
hk_market_history skipped at 16:20 | 
not_trading_day(market_calendar_weekday_fallback(scope=hk, weekday=7))
a_share_history skipped at 16:30 | 
not_trading_day(cn_trading_calendar(is_open=0))
us_market_history skipped at 17:10 | 
not_trading_day(market_calendar_weekday_fallback(scope=us, weekday=7))
Maintenance tick started
Maintenance tick complete
State DB: /home/zj/workspace/stok-mapping/data/maintenance/maintenance.sqlite
As of: 2026-06-07T14:39:02
Dry run: False
Executed runs: 0
financial_factors skipped at 03:30 | 
not_trading_day(cn_trading_calendar(is_open=0))
daily_brief skipped at 07:20 | not_trading_day(cn_trading_calendar(is_open=0))
hk_market_history skipped at 16:20 | 
not_trading_day(market_calendar_weekday_fallback(scope=hk, weekday=7))
a_share_history skipped at 16:30 | 
not_trading_day(cn_trading_calendar(is_open=0))
us_market_history skipped at 17:10 | 
not_trading_day(market_calendar_weekday_fallback(scope=us, weekday=7))
Maintenance tick started
Maintenance tick complete
State DB: /home/zj/workspace/stok-mapping/data/maintenance/maintenance.sqlite
As of: 2026-06-07T14:40:01
Dry run: False
Executed runs: 0
financial_factors skipped at 03:30 | 
not_trading_day(cn_trading_calendar(is_open=0))
daily_brief skipped at 07:20 | not_trading_day(cn_trading_calendar(is_open=0))
hk_market_history skipped at 16:20 | 
not_trading_day(market_calendar_weekday_fallback(scope=hk, weekday=7))
a_share_history skipped at 16:30 | 
not_trading_day(cn_trading_calendar(is_open=0))
us_market_history skipped at 17:10 | 
not_trading_day(market_calendar_weekday_fallback(scope=us, weekday=7))
Maintenance tick started
Maintenance tick complete
State DB: /home/zj/workspace/stok-mapping/data/maintenance/maintenance.sqlite
As of: 2026-06-07T14:41:01
Dry run: False
Executed runs: 0
financial_factors skipped at 03:30 | 
not_trading_day(cn_trading_calendar(is_open=0))
daily_brief skipped at 07:20 | not_trading_day(cn_trading_calendar(is_open=0))
hk_market_history skipped at 16:20 | 
not_trading_day(market_calendar_weekday_fallback(scope=hk, weekday=7))
a_share_history skipped at 16:30 | 
not_trading_day(cn_trading_calendar(is_open=0))
us_market_history skipped at 17:10 | 
not_trading_day(market_calendar_weekday_fallback(scope=us, weekday=7))
Maintenance tick started
Maintenance tick complete
State DB: /home/zj/workspace/stok-mapping/data/maintenance/maintenance.sqlite
As of: 2026-06-07T14:42:02
Dry run: False
Executed runs: 0
financial_factors skipped at 03:30 | 
not_trading_day(cn_trading_calendar(is_open=0))
daily_brief skipped at 07:20 | not_trading_day(cn_trading_calendar(is_open=0))
hk_market_history skipped at 16:20 | 
not_trading_day(market_calendar_weekday_fallback(scope=hk, weekday=7))
a_share_history skipped at 16:30 | 
not_trading_day(cn_trading_calendar(is_open=0))
us_market_history skipped at 17:10 | 
not_trading_day(market_calendar_weekday_fallback(scope=us, weekday=7))
Maintenance tick started
Maintenance tick complete
State DB: /home/zj/workspace/stok-mapping/data/maintenance/maintenance.sqlite
As of: 2026-06-07T14:43:02
Dry run: False
Executed runs: 0
financial_factors skipped at 03:30 | 
not_trading_day(cn_trading_calendar(is_open=0))
daily_brief skipped at 07:20 | not_trading_day(cn_trading_calendar(is_open=0))
hk_market_history skipped at 16:20 | 
not_trading_day(market_calendar_weekday_fallback(scope=hk, weekday=7))
a_share_history skipped at 16:30 | 
not_trading_day(cn_trading_calendar(is_open=0))
us_market_history skipped at 17:10 | 
not_trading_day(market_calendar_weekday_fallback(scope=us, weekday=7))
Maintenance tick started
Maintenance tick complete
State DB: /home/zj/workspace/stok-mapping/data/maintenance/maintenance.sqlite
As of: 2026-06-07T14:44:02
Dry run: False
Executed runs: 0
financial_factors skipped at 03:30 | 
not_trading_day(cn_trading_calendar(is_open=0))
daily_brief skipped at 07:20 | not_trading_day(cn_trading_calendar(is_open=0))
hk_market_history skipped at 16:20 | 
not_trading_day(market_calendar_weekday_fallback(scope=hk, weekday=7))
a_share_history skipped at 16:30 | 
not_trading_day(cn_trading_calendar(is_open=0))
us_market_history skipped at 17:10 | 
not_trading_day(market_calendar_weekday_fallback(scope=us, weekday=7))
Maintenance tick started
Maintenance tick complete
State DB: /home/zj/workspace/stok-mapping/data/maintenance/maintenance.sqlite
As of: 2026-06-07T14:45:02
Dry run: False
Executed runs: 0
financial_factors skipped at 03:30 | 
not_trading_day(cn_trading_calendar(is_open=0))
daily_brief skipped at 07:20 | not_trading_day(cn_trading_calendar(is_open=0))
hk_market_history skipped at 16:20 | 
not_trading_day(market_calendar_weekday_fallback(scope=hk, weekday=7))
a_share_history skipped at 16:30 | 
not_trading_day(cn_trading_calendar(is_open=0))
us_market_history skipped at 17:10 | 
not_trading_day(market_calendar_weekday_fallback(scope=us, weekday=7))
Maintenance tick started
Maintenance tick complete
State DB: /home/zj/workspace/stok-mapping/data/maintenance/maintenance.sqlite
As of: 2026-06-07T14:46:01
Dry run: False
Executed runs: 0
financial_factors skipped at 03:30 | 
not_trading_day(cn_trading_calendar(is_open=0))
daily_brief skipped at 07:20 | not_trading_day(cn_trading_calendar(is_open=0))
hk_market_history skipped at 16:20 | 
not_trading_day(market_calendar_weekday_fallback(scope=hk, weekday=7))
a_share_history skipped at 16:30 | 
not_trading_day(cn_trading_calendar(is_open=0))
us_market_history skipped at 17:10 | 
not_trading_day(market_calendar_weekday_fallback(scope=us, weekday=7))
Maintenance tick started
Maintenance tick complete
State DB: /home/zj/workspace/stok-mapping/data/maintenance/maintenance.sqlite
As of: 2026-06-07T14:47:02
Dry run: False
Executed runs: 0
financial_factors skipped at 03:30 | 
not_trading_day(cn_trading_calendar(is_open=0))
daily_brief skipped at 07:20 | not_trading_day(cn_trading_calendar(is_open=0))
hk_market_history skipped at 16:20 | 
not_trading_day(market_calendar_weekday_fallback(scope=hk, weekday=7))
a_share_history skipped at 16:30 | 
not_trading_day(cn_trading_calendar(is_open=0))
us_market_history skipped at 17:10 | 
not_trading_day(market_calendar_weekday_fallback(scope=us, weekday=7))
Maintenance tick started
Maintenance tick complete
State DB: /home/zj/workspace/stok-mapping/data/maintenance/maintenance.sqlite
As of: 2026-06-07T14:48:02
Dry run: False
Executed runs: 0
financial_factors skipped at 03:30 | 
not_trading_day(cn_trading_calendar(is_open=0))
daily_brief skipped at 07:20 | not_trading_day(cn_trading_calendar(is_open=0))
hk_market_history skipped at 16:20 | 
not_trading_day(market_calendar_weekday_fallback(scope=hk, weekday=7))
a_share_history skipped at 16:30 | 
not_trading_day(cn_trading_calendar(is_open=0))
us_market_history skipped at 17:10 | 
not_trading_day(market_calendar_weekday_fallback(scope=us, weekday=7))
Maintenance tick started
Maintenance tick complete
State DB: /home/zj/workspace/stok-mapping/data/maintenance/maintenance.sqlite
As of: 2026-06-07T14:49:02
Dry run: False
Executed runs: 0
financial_factors skipped at 03:30 | 
not_trading_day(cn_trading_calendar(is_open=0))
daily_brief skipped at 07:20 | not_trading_day(cn_trading_calendar(is_open=0))
hk_market_history skipped at 16:20 | 
not_trading_day(market_calendar_weekday_fallback(scope=hk, weekday=7))
a_share_history skipped at 16:30 | 
not_trading_day(cn_trading_calendar(is_open=0))
us_market_history skipped at 17:10 | 
not_trading_day(market_calendar_weekday_fallback(scope=us, weekday=7))
Maintenance tick started
Maintenance tick complete
State DB: /home/zj/workspace/stok-mapping/data/maintenance/maintenance.sqlite
As of: 2026-06-07T14:50:02
Dry run: False
Executed runs: 0
financial_factors skipped at 03:30 | 
not_trading_day(cn_trading_calendar(is_open=0))
daily_brief skipped at 07:20 | not_trading_day(cn_trading_calendar(is_open=0))
hk_market_history skipped at 16:20 | 
not_trading_day(market_calendar_weekday_fallback(scope=hk, weekday=7))
a_share_history skipped at 16:30 | 
not_trading_day(cn_trading_calendar(is_open=0))
us_market_history skipped at 17:10 | 
not_trading_day(market_calendar_weekday_fallback(scope=us, weekday=7))
Maintenance tick started
Maintenance tick complete
State DB: /home/zj/workspace/stok-mapping/data/maintenance/maintenance.sqlite
As of: 2026-06-07T14:51:02
Dry run: False
Executed runs: 0
financial_factors skipped at 03:30 | 
not_trading_day(cn_trading_calendar(is_open=0))
daily_brief skipped at 07:20 | not_trading_day(cn_trading_calendar(is_open=0))
hk_market_history skipped at 16:20 | 
not_trading_day(market_calendar_weekday_fallback(scope=hk, weekday=7))
a_share_history skipped at 16:30 | 
not_trading_day(cn_trading_calendar(is_open=0))
us_market_history skipped at 17:10 | 
not_trading_day(market_calendar_weekday_fallback(scope=us, weekday=7))
Maintenance tick started
Maintenance tick complete
State DB: /home/zj/workspace/stok-mapping/data/maintenance/maintenance.sqlite
As of: 2026-06-07T14:52:01
Dry run: False
Executed runs: 0
financial_factors skipped at 03:30 | 
not_trading_day(cn_trading_calendar(is_open=0))
daily_brief skipped at 07:20 | not_trading_day(cn_trading_calendar(is_open=0))
hk_market_history skipped at 16:20 | 
not_trading_day(market_calendar_weekday_fallback(scope=hk, weekday=7))
a_share_history skipped at 16:30 | 
not_trading_day(cn_trading_calendar(is_open=0))
us_market_history skipped at 17:10 | 
not_trading_day(market_calendar_weekday_fallback(scope=us, weekday=7))
Maintenance tick started
Maintenance tick complete
State DB: /home/zj/workspace/stok-mapping/data/maintenance/maintenance.sqlite
As of: 2026-06-07T14:53:02
Dry run: False
Executed runs: 0
financial_factors skipped at 03:30 | 
not_trading_day(cn_trading_calendar(is_open=0))
daily_brief skipped at 07:20 | not_trading_day(cn_trading_calendar(is_open=0))
hk_market_history skipped at 16:20 | 
not_trading_day(market_calendar_weekday_fallback(scope=hk, weekday=7))
a_share_history skipped at 16:30 | 
not_trading_day(cn_trading_calendar(is_open=0))
us_market_history skipped at 17:10 | 
not_trading_day(market_calendar_weekday_fallback(scope=us, weekday=7))
Maintenance tick started
Maintenance tick complete
State DB: /home/zj/workspace/stok-mapping/data/maintenance/maintenance.sqlite
As of: 2026-06-07T14:54:02
Dry run: False
Executed runs: 0
financial_factors skipped at 03:30 | 
not_trading_day(cn_trading_calendar(is_open=0))
daily_brief skipped at 07:20 | not_trading_day(cn_trading_calendar(is_open=0))
hk_market_history skipped at 16:20 | 
not_trading_day(market_calendar_weekday_fallback(scope=hk, weekday=7))
a_share_history skipped at 16:30 | 
not_trading_day(cn_trading_calendar(is_open=0))
us_market_history skipped at 17:10 | 
not_trading_day(market_calendar_weekday_fallback(scope=us, weekday=7))
Maintenance tick started
Maintenance tick complete
State DB: /home/zj/workspace/stok-mapping/data/maintenance/maintenance.sqlite
As of: 2026-06-07T14:55:02
Dry run: False
Executed runs: 0
financial_factors skipped at 03:30 | 
not_trading_day(cn_trading_calendar(is_open=0))
daily_brief skipped at 07:20 | not_trading_day(cn_trading_calendar(is_open=0))
hk_market_history skipped at 16:20 | 
not_trading_day(market_calendar_weekday_fallback(scope=hk, weekday=7))
a_share_history skipped at 16:30 | 
not_trading_day(cn_trading_calendar(is_open=0))
us_market_history skipped at 17:10 | 
not_trading_day(market_calendar_weekday_fallback(scope=us, weekday=7))
Maintenance tick started
Maintenance tick complete
State DB: /home/zj/workspace/stok-mapping/data/maintenance/maintenance.sqlite
As of: 2026-06-07T14:56:01
Dry run: False
Executed runs: 0
financial_factors skipped at 03:30 | 
not_trading_day(cn_trading_calendar(is_open=0))
daily_brief skipped at 07:20 | not_trading_day(cn_trading_calendar(is_open=0))
hk_market_history skipped at 16:20 | 
not_trading_day(market_calendar_weekday_fallback(scope=hk, weekday=7))
a_share_history skipped at 16:30 | 
not_trading_day(cn_trading_calendar(is_open=0))
us_market_history skipped at 17:10 | 
not_trading_day(market_calendar_weekday_fallback(scope=us, weekday=7))
Maintenance tick started
Maintenance tick complete
State DB: /home/zj/workspace/stok-mapping/data/maintenance/maintenance.sqlite
As of: 2026-06-07T14:57:01
Dry run: False
Executed runs: 0
financial_factors skipped at 03:30 | 
not_trading_day(cn_trading_calendar(is_open=0))
daily_brief skipped at 07:20 | not_trading_day(cn_trading_calendar(is_open=0))
hk_market_history skipped at 16:20 | 
not_trading_day(market_calendar_weekday_fallback(scope=hk, weekday=7))
a_share_history skipped at 16:30 | 
not_trading_day(cn_trading_calendar(is_open=0))
us_market_history skipped at 17:10 | 
not_trading_day(market_calendar_weekday_fallback(scope=us, weekday=7))
Maintenance tick started
Maintenance tick complete
State DB: /home/zj/workspace/stok-mapping/data/maintenance/maintenance.sqlite
As of: 2026-06-07T14:58:02
Dry run: False
Executed runs: 0
financial_factors skipped at 03:30 | 
not_trading_day(cn_trading_calendar(is_open=0))
daily_brief skipped at 07:20 | not_trading_day(cn_trading_calendar(is_open=0))
hk_market_history skipped at 16:20 | 
not_trading_day(market_calendar_weekday_fallback(scope=hk, weekday=7))
a_share_history skipped at 16:30 | 
not_trading_day(cn_trading_calendar(is_open=0))
us_market_history skipped at 17:10 | 
not_trading_day(market_calendar_weekday_fallback(scope=us, weekday=7))
Maintenance tick started
Maintenance tick complete
State DB: /home/zj/workspace/stok-mapping/data/maintenance/maintenance.sqlite
As of: 2026-06-07T14:59:02
Dry run: False
Executed runs: 0
financial_factors skipped at 03:30 | 
not_trading_day(cn_trading_calendar(is_open=0))
daily_brief skipped at 07:20 | not_trading_day(cn_trading_calendar(is_open=0))
hk_market_history skipped at 16:20 | 
not_trading_day(market_calendar_weekday_fallback(scope=hk, weekday=7))
a_share_history skipped at 16:30 | 
not_trading_day(cn_trading_calendar(is_open=0))
us_market_history skipped at 17:10 | 
not_trading_day(market_calendar_weekday_fallback(scope=us, weekday=7))
Maintenance tick started
Maintenance tick complete
State DB: /home/zj/workspace/stok-mapping/data/maintenance/maintenance.sqlite
As of: 2026-06-07T15:00:02
Dry run: False
Executed runs: 0
financial_factors skipped at 03:30 | 
not_trading_day(cn_trading_calendar(is_open=0))
daily_brief skipped at 07:20 | not_trading_day(cn_trading_calendar(is_open=0))
hk_market_history skipped at 16:20 | 
not_trading_day(market_calendar_weekday_fallback(scope=hk, weekday=7))
a_share_history skipped at 16:30 | 
not_trading_day(cn_trading_calendar(is_open=0))
us_market_history skipped at 17:10 | 
not_trading_day(market_calendar_weekday_fallback(scope=us, weekday=7))
Maintenance tick started
Maintenance tick complete
State DB: /home/zj/workspace/stok-mapping/data/maintenance/maintenance.sqlite
As of: 2026-06-07T15:01:02
Dry run: False
Executed runs: 0
financial_factors skipped at 03:30 | 
not_trading_day(cn_trading_calendar(is_open=0))
daily_brief skipped at 07:20 | not_trading_day(cn_trading_calendar(is_open=0))
hk_market_history skipped at 16:20 | 
not_trading_day(market_calendar_weekday_fallback(scope=hk, weekday=7))
a_share_history skipped at 16:30 | 
not_trading_day(cn_trading_calendar(is_open=0))
us_market_history skipped at 17:10 | 
not_trading_day(market_calendar_weekday_fallback(scope=us, weekday=7))
Maintenance tick started
Maintenance tick complete
State DB: /home/zj/workspace/stok-mapping/data/maintenance/maintenance.sqlite
As of: 2026-06-07T15:02:02
Dry run: False
Executed runs: 0
financial_factors skipped at 03:30 | 
not_trading_day(cn_trading_calendar(is_open=0))
daily_brief skipped at 07:20 | not_trading_day(cn_trading_calendar(is_open=0))
hk_market_history skipped at 16:20 | 
not_trading_day(market_calendar_weekday_fallback(scope=hk, weekday=7))
a_share_history skipped at 16:30 | 
not_trading_day(cn_trading_calendar(is_open=0))
us_market_history skipped at 17:10 | 
not_trading_day(market_calendar_weekday_fallback(scope=us, weekday=7))
Maintenance tick started
Maintenance tick complete
State DB: /home/zj/workspace/stok-mapping/data/maintenance/maintenance.sqlite
As of: 2026-06-07T15:03:01
Dry run: False
Executed runs: 0
financial_factors skipped at 03:30 | 
not_trading_day(cn_trading_calendar(is_open=0))
daily_brief skipped at 07:20 | not_trading_day(cn_trading_calendar(is_open=0))
hk_market_history skipped at 16:20 | 
not_trading_day(market_calendar_weekday_fallback(scope=hk, weekday=7))
a_share_history skipped at 16:30 | 
not_trading_day(cn_trading_calendar(is_open=0))
us_market_history skipped at 17:10 | 
not_trading_day(market_calendar_weekday_fallback(scope=us, weekday=7))
Maintenance tick started
Maintenance tick complete
State DB: /home/zj/workspace/stok-mapping/data/maintenance/maintenance.sqlite
As of: 2026-06-07T15:04:02
Dry run: False
Executed runs: 0
financial_factors skipped at 03:30 | 
not_trading_day(cn_trading_calendar(is_open=0))
daily_brief skipped at 07:20 | not_trading_day(cn_trading_calendar(is_open=0))
hk_market_history skipped at 16:20 | 
not_trading_day(market_calendar_weekday_fallback(scope=hk, weekday=7))
a_share_history skipped at 16:30 | 
not_trading_day(cn_trading_calendar(is_open=0))
us_market_history skipped at 17:10 | 
not_trading_day(market_calendar_weekday_fallback(scope=us, weekday=7))
Maintenance tick started
Maintenance tick complete
State DB: /home/zj/workspace/stok-mapping/data/maintenance/maintenance.sqlite
As of: 2026-06-07T15:05:02
Dry run: False
Executed runs: 0
financial_factors skipped at 03:30 | 
not_trading_day(cn_trading_calendar(is_open=0))
daily_brief skipped at 07:20 | not_trading_day(cn_trading_calendar(is_open=0))
hk_market_history skipped at 16:20 | 
not_trading_day(market_calendar_weekday_fallback(scope=hk, weekday=7))
a_share_history skipped at 16:30 | 
not_trading_day(cn_trading_calendar(is_open=0))
us_market_history skipped at 17:10 | 
not_trading_day(market_calendar_weekday_fallback(scope=us, weekday=7))
Maintenance tick started
Maintenance tick complete
State DB: /home/zj/workspace/stok-mapping/data/maintenance/maintenance.sqlite
As of: 2026-06-07T15:06:02
Dry run: False
Executed runs: 0
financial_factors skipped at 03:30 | 
not_trading_day(cn_trading_calendar(is_open=0))
daily_brief skipped at 07:20 | not_trading_day(cn_trading_calendar(is_open=0))
hk_market_history skipped at 16:20 | 
not_trading_day(market_calendar_weekday_fallback(scope=hk, weekday=7))
a_share_history skipped at 16:30 | 
not_trading_day(cn_trading_calendar(is_open=0))
us_market_history skipped at 17:10 | 
not_trading_day(market_calendar_weekday_fallback(scope=us, weekday=7))
Maintenance tick started
Maintenance tick complete
State DB: /home/zj/workspace/stok-mapping/data/maintenance/maintenance.sqlite
As of: 2026-06-07T15:07:02
Dry run: False
Executed runs: 0
financial_factors skipped at 03:30 | 
not_trading_day(cn_trading_calendar(is_open=0))
daily_brief skipped at 07:20 | not_trading_day(cn_trading_calendar(is_open=0))
hk_market_history skipped at 16:20 | 
not_trading_day(market_calendar_weekday_fallback(scope=hk, weekday=7))
a_share_history skipped at 16:30 | 
not_trading_day(cn_trading_calendar(is_open=0))
us_market_history skipped at 17:10 | 
not_trading_day(market_calendar_weekday_fallback(scope=us, weekday=7))
Maintenance tick started
Maintenance tick complete
State DB: /home/zj/workspace/stok-mapping/data/maintenance/maintenance.sqlite
As of: 2026-06-07T15:08:02
Dry run: False
Executed runs: 0
financial_factors skipped at 03:30 | 
not_trading_day(cn_trading_calendar(is_open=0))
daily_brief skipped at 07:20 | not_trading_day(cn_trading_calendar(is_open=0))
hk_market_history skipped at 16:20 | 
not_trading_day(market_calendar_weekday_fallback(scope=hk, weekday=7))
a_share_history skipped at 16:30 | 
not_trading_day(cn_trading_calendar(is_open=0))
us_market_history skipped at 17:10 | 
not_trading_day(market_calendar_weekday_fallback(scope=us, weekday=7))
Maintenance tick started
Maintenance tick complete
State DB: /home/zj/workspace/stok-mapping/data/maintenance/maintenance.sqlite
As of: 2026-06-07T15:09:01
Dry run: False
Executed runs: 0
financial_factors skipped at 03:30 | 
not_trading_day(cn_trading_calendar(is_open=0))
daily_brief skipped at 07:20 | not_trading_day(cn_trading_calendar(is_open=0))
hk_market_history skipped at 16:20 | 
not_trading_day(market_calendar_weekday_fallback(scope=hk, weekday=7))
a_share_history skipped at 16:30 | 
not_trading_day(cn_trading_calendar(is_open=0))
us_market_history skipped at 17:10 | 
not_trading_day(market_calendar_weekday_fallback(scope=us, weekday=7))
Maintenance tick started
Maintenance tick complete
State DB: /home/zj/workspace/stok-mapping/data/maintenance/maintenance.sqlite
As of: 2026-06-07T15:10:01
Dry run: False
Executed runs: 0
financial_factors skipped at 03:30 | 
not_trading_day(cn_trading_calendar(is_open=0))
daily_brief skipped at 07:20 | not_trading_day(cn_trading_calendar(is_open=0))
hk_market_history skipped at 16:20 | 
not_trading_day(market_calendar_weekday_fallback(scope=hk, weekday=7))
a_share_history skipped at 16:30 | 
not_trading_day(cn_trading_calendar(is_open=0))
us_market_history skipped at 17:10 | 
not_trading_day(market_calendar_weekday_fallback(scope=us, weekday=7))
Maintenance tick started
Maintenance tick complete
State DB: /home/zj/workspace/stok-mapping/data/maintenance/maintenance.sqlite
As of: 2026-06-07T15:11:01
Dry run: False
Executed runs: 0
financial_factors skipped at 03:30 | 
not_trading_day(cn_trading_calendar(is_open=0))
daily_brief skipped at 07:20 | not_trading_day(cn_trading_calendar(is_open=0))
hk_market_history skipped at 16:20 | 
not_trading_day(market_calendar_weekday_fallback(scope=hk, weekday=7))
a_share_history skipped at 16:30 | 
not_trading_day(cn_trading_calendar(is_open=0))
us_market_history skipped at 17:10 | 
not_trading_day(market_calendar_weekday_fallback(scope=us, weekday=7))
Maintenance tick started
Maintenance tick complete
State DB: /home/zj/workspace/stok-mapping/data/maintenance/maintenance.sqlite
As of: 2026-06-07T15:12:01
Dry run: False
Executed runs: 0
financial_factors skipped at 03:30 | 
not_trading_day(cn_trading_calendar(is_open=0))
daily_brief skipped at 07:20 | not_trading_day(cn_trading_calendar(is_open=0))
hk_market_history skipped at 16:20 | 
not_trading_day(market_calendar_weekday_fallback(scope=hk, weekday=7))
a_share_history skipped at 16:30 | 
not_trading_day(cn_trading_calendar(is_open=0))
us_market_history skipped at 17:10 | 
not_trading_day(market_calendar_weekday_fallback(scope=us, weekday=7))
Maintenance tick started
Maintenance tick complete
State DB: /home/zj/workspace/stok-mapping/data/maintenance/maintenance.sqlite
As of: 2026-06-07T15:13:01
Dry run: False
Executed runs: 0
financial_factors skipped at 03:30 | 
not_trading_day(cn_trading_calendar(is_open=0))
daily_brief skipped at 07:20 | not_trading_day(cn_trading_calendar(is_open=0))
hk_market_history skipped at 16:20 | 
not_trading_day(market_calendar_weekday_fallback(scope=hk, weekday=7))
a_share_history skipped at 16:30 | 
not_trading_day(cn_trading_calendar(is_open=0))
us_market_history skipped at 17:10 | 
not_trading_day(market_calendar_weekday_fallback(scope=us, weekday=7))
Maintenance tick started
Maintenance tick complete
State DB: /home/zj/workspace/stok-mapping/data/maintenance/maintenance.sqlite
As of: 2026-06-07T15:14:02
Dry run: False
Executed runs: 0
financial_factors skipped at 03:30 | 
not_trading_day(cn_trading_calendar(is_open=0))
daily_brief skipped at 07:20 | not_trading_day(cn_trading_calendar(is_open=0))
hk_market_history skipped at 16:20 | 
not_trading_day(market_calendar_weekday_fallback(scope=hk, weekday=7))
a_share_history skipped at 16:30 | 
not_trading_day(cn_trading_calendar(is_open=0))
us_market_history skipped at 17:10 | 
not_trading_day(market_calendar_weekday_fallback(scope=us, weekday=7))
Maintenance tick started
Maintenance tick complete
State DB: /home/zj/workspace/stok-mapping/data/maintenance/maintenance.sqlite
As of: 2026-06-07T15:15:02
Dry run: False
Executed runs: 0
financial_factors skipped at 03:30 | 
not_trading_day(cn_trading_calendar(is_open=0))
daily_brief skipped at 07:20 | not_trading_day(cn_trading_calendar(is_open=0))
hk_market_history skipped at 16:20 | 
not_trading_day(market_calendar_weekday_fallback(scope=hk, weekday=7))
a_share_history skipped at 16:30 | 
not_trading_day(cn_trading_calendar(is_open=0))
us_market_history skipped at 17:10 | 
not_trading_day(market_calendar_weekday_fallback(scope=us, weekday=7))
Maintenance tick started
Maintenance tick complete
State DB: /home/zj/workspace/stok-mapping/data/maintenance/maintenance.sqlite
As of: 2026-06-07T15:16:02
Dry run: False
Executed runs: 0
financial_factors skipped at 03:30 | 
not_trading_day(cn_trading_calendar(is_open=0))
daily_brief skipped at 07:20 | not_trading_day(cn_trading_calendar(is_open=0))
hk_market_history skipped at 16:20 | 
not_trading_day(market_calendar_weekday_fallback(scope=hk, weekday=7))
a_share_history skipped at 16:30 | 
not_trading_day(cn_trading_calendar(is_open=0))
us_market_history skipped at 17:10 | 
not_trading_day(market_calendar_weekday_fallback(scope=us, weekday=7))
Maintenance tick started
Maintenance tick complete
State DB: /home/zj/workspace/stok-mapping/data/maintenance/maintenance.sqlite
As of: 2026-06-07T15:17:02
Dry run: False
Executed runs: 0
financial_factors skipped at 03:30 | 
not_trading_day(cn_trading_calendar(is_open=0))
daily_brief skipped at 07:20 | not_trading_day(cn_trading_calendar(is_open=0))
hk_market_history skipped at 16:20 | 
not_trading_day(market_calendar_weekday_fallback(scope=hk, weekday=7))
a_share_history skipped at 16:30 | 
not_trading_day(cn_trading_calendar(is_open=0))
us_market_history skipped at 17:10 | 
not_trading_day(market_calendar_weekday_fallback(scope=us, weekday=7))
Maintenance tick started
Maintenance tick complete
State DB: /home/zj/workspace/stok-mapping/data/maintenance/maintenance.sqlite
As of: 2026-06-07T15:18:02
Dry run: False
Executed runs: 0
financial_factors skipped at 03:30 | 
not_trading_day(cn_trading_calendar(is_open=0))
daily_brief skipped at 07:20 | not_trading_day(cn_trading_calendar(is_open=0))
hk_market_history skipped at 16:20 | 
not_trading_day(market_calendar_weekday_fallback(scope=hk, weekday=7))
a_share_history skipped at 16:30 | 
not_trading_day(cn_trading_calendar(is_open=0))
us_market_history skipped at 17:10 | 
not_trading_day(market_calendar_weekday_fallback(scope=us, weekday=7))
Maintenance tick started
Maintenance tick complete
State DB: /home/zj/workspace/stok-mapping/data/maintenance/maintenance.sqlite
As of: 2026-06-07T15:19:02
Dry run: False
Executed runs: 0
financial_factors skipped at 03:30 | 
not_trading_day(cn_trading_calendar(is_open=0))
daily_brief skipped at 07:20 | not_trading_day(cn_trading_calendar(is_open=0))
hk_market_history skipped at 16:20 | 
not_trading_day(market_calendar_weekday_fallback(scope=hk, weekday=7))
a_share_history skipped at 16:30 | 
not_trading_day(cn_trading_calendar(is_open=0))
us_market_history skipped at 17:10 | 
not_trading_day(market_calendar_weekday_fallback(scope=us, weekday=7))
Maintenance tick started
Maintenance tick complete
State DB: /home/zj/workspace/stok-mapping/data/maintenance/maintenance.sqlite
As of: 2026-06-07T15:20:02
Dry run: False
Executed runs: 0
financial_factors skipped at 03:30 | 
not_trading_day(cn_trading_calendar(is_open=0))
daily_brief skipped at 07:20 | not_trading_day(cn_trading_calendar(is_open=0))
hk_market_history skipped at 16:20 | 
not_trading_day(market_calendar_weekday_fallback(scope=hk, weekday=7))
a_share_history skipped at 16:30 | 
not_trading_day(cn_trading_calendar(is_open=0))
us_market_history skipped at 17:10 | 
not_trading_day(market_calendar_weekday_fallback(scope=us, weekday=7))
Maintenance tick started
Maintenance tick complete
State DB: /home/zj/workspace/stok-mapping/data/maintenance/maintenance.sqlite
As of: 2026-06-07T15:21:02
Dry run: False
Executed runs: 0
financial_factors skipped at 03:30 | 
not_trading_day(cn_trading_calendar(is_open=0))
daily_brief skipped at 07:20 | not_trading_day(cn_trading_calendar(is_open=0))
hk_market_history skipped at 16:20 | 
not_trading_day(market_calendar_weekday_fallback(scope=hk, weekday=7))
a_share_history skipped at 16:30 | 
not_trading_day(cn_trading_calendar(is_open=0))
us_market_history skipped at 17:10 | 
not_trading_day(market_calendar_weekday_fallback(scope=us, weekday=7))
Maintenance tick started
Maintenance tick complete
State DB: /home/zj/workspace/stok-mapping/data/maintenance/maintenance.sqlite
As of: 2026-06-07T15:22:01
Dry run: False
Executed runs: 0
financial_factors skipped at 03:30 | 
not_trading_day(cn_trading_calendar(is_open=0))
daily_brief skipped at 07:20 | not_trading_day(cn_trading_calendar(is_open=0))
hk_market_history skipped at 16:20 | 
not_trading_day(market_calendar_weekday_fallback(scope=hk, weekday=7))
a_share_history skipped at 16:30 | 
not_trading_day(cn_trading_calendar(is_open=0))
us_market_history skipped at 17:10 | 
not_trading_day(market_calendar_weekday_fallback(scope=us, weekday=7))
Maintenance tick started
Maintenance tick complete
State DB: /home/zj/workspace/stok-mapping/data/maintenance/maintenance.sqlite
As of: 2026-06-07T15:23:01
Dry run: False
Executed runs: 0
financial_factors skipped at 03:30 | 
not_trading_day(cn_trading_calendar(is_open=0))
daily_brief skipped at 07:20 | not_trading_day(cn_trading_calendar(is_open=0))
hk_market_history skipped at 16:20 | 
not_trading_day(market_calendar_weekday_fallback(scope=hk, weekday=7))
a_share_history skipped at 16:30 | 
not_trading_day(cn_trading_calendar(is_open=0))
us_market_history skipped at 17:10 | 
not_trading_day(market_calendar_weekday_fallback(scope=us, weekday=7))
Maintenance tick started
Maintenance tick complete
State DB: /home/zj/workspace/stok-mapping/data/maintenance/maintenance.sqlite
As of: 2026-06-07T15:24:01
Dry run: False
Executed runs: 0
financial_factors skipped at 03:30 | 
not_trading_day(cn_trading_calendar(is_open=0))
daily_brief skipped at 07:20 | not_trading_day(cn_trading_calendar(is_open=0))
hk_market_history skipped at 16:20 | 
not_trading_day(market_calendar_weekday_fallback(scope=hk, weekday=7))
a_share_history skipped at 16:30 | 
not_trading_day(cn_trading_calendar(is_open=0))
us_market_history skipped at 17:10 | 
not_trading_day(market_calendar_weekday_fallback(scope=us, weekday=7))
Maintenance tick started
Maintenance tick complete
State DB: /home/zj/workspace/stok-mapping/data/maintenance/maintenance.sqlite
As of: 2026-06-07T15:25:02
Dry run: False
Executed runs: 0
financial_factors skipped at 03:30 | 
not_trading_day(cn_trading_calendar(is_open=0))
daily_brief skipped at 07:20 | not_trading_day(cn_trading_calendar(is_open=0))
hk_market_history skipped at 16:20 | 
not_trading_day(market_calendar_weekday_fallback(scope=hk, weekday=7))
a_share_history skipped at 16:30 | 
not_trading_day(cn_trading_calendar(is_open=0))
us_market_history skipped at 17:10 | 
not_trading_day(market_calendar_weekday_fallback(scope=us, weekday=7))
Maintenance tick started
Maintenance tick complete
State DB: /home/zj/workspace/stok-mapping/data/maintenance/maintenance.sqlite
As of: 2026-06-07T15:26:02
Dry run: False
Executed runs: 0
financial_factors skipped at 03:30 | 
not_trading_day(cn_trading_calendar(is_open=0))
daily_brief skipped at 07:20 | not_trading_day(cn_trading_calendar(is_open=0))
hk_market_history skipped at 16:20 | 
not_trading_day(market_calendar_weekday_fallback(scope=hk, weekday=7))
a_share_history skipped at 16:30 | 
not_trading_day(cn_trading_calendar(is_open=0))
us_market_history skipped at 17:10 | 
not_trading_day(market_calendar_weekday_fallback(scope=us, weekday=7))
Maintenance tick started
Maintenance tick complete
State DB: /home/zj/workspace/stok-mapping/data/maintenance/maintenance.sqlite
As of: 2026-06-07T15:27:02
Dry run: False
Executed runs: 0
financial_factors skipped at 03:30 | 
not_trading_day(cn_trading_calendar(is_open=0))
daily_brief skipped at 07:20 | not_trading_day(cn_trading_calendar(is_open=0))
hk_market_history skipped at 16:20 | 
not_trading_day(market_calendar_weekday_fallback(scope=hk, weekday=7))
a_share_history skipped at 16:30 | 
not_trading_day(cn_trading_calendar(is_open=0))
us_market_history skipped at 17:10 | 
not_trading_day(market_calendar_weekday_fallback(scope=us, weekday=7))
Maintenance tick started
Maintenance tick complete
State DB: /home/zj/workspace/stok-mapping/data/maintenance/maintenance.sqlite
As of: 2026-06-07T15:28:02
Dry run: False
Executed runs: 0
financial_factors skipped at 03:30 | 
not_trading_day(cn_trading_calendar(is_open=0))
daily_brief skipped at 07:20 | not_trading_day(cn_trading_calendar(is_open=0))
hk_market_history skipped at 16:20 | 
not_trading_day(market_calendar_weekday_fallback(scope=hk, weekday=7))
a_share_history skipped at 16:30 | 
not_trading_day(cn_trading_calendar(is_open=0))
us_market_history skipped at 17:10 | 
not_trading_day(market_calendar_weekday_fallback(scope=us, weekday=7))
Maintenance tick started
Maintenance tick complete
State DB: /home/zj/workspace/stok-mapping/data/maintenance/maintenance.sqlite
As of: 2026-06-07T15:29:02
Dry run: False
Executed runs: 0
financial_factors skipped at 03:30 | 
not_trading_day(cn_trading_calendar(is_open=0))
daily_brief skipped at 07:20 | not_trading_day(cn_trading_calendar(is_open=0))
hk_market_history skipped at 16:20 | 
not_trading_day(market_calendar_weekday_fallback(scope=hk, weekday=7))
a_share_history skipped at 16:30 | 
not_trading_day(cn_trading_calendar(is_open=0))
us_market_history skipped at 17:10 | 
not_trading_day(market_calendar_weekday_fallback(scope=us, weekday=7))
Maintenance tick started
Maintenance tick complete
State DB: /home/zj/workspace/stok-mapping/data/maintenance/maintenance.sqlite
As of: 2026-06-07T15:30:02
Dry run: False
Executed runs: 0
financial_factors skipped at 03:30 | 
not_trading_day(cn_trading_calendar(is_open=0))
daily_brief skipped at 07:20 | not_trading_day(cn_trading_calendar(is_open=0))
hk_market_history skipped at 16:20 | 
not_trading_day(market_calendar_weekday_fallback(scope=hk, weekday=7))
a_share_history skipped at 16:30 | 
not_trading_day(cn_trading_calendar(is_open=0))
us_market_history skipped at 17:10 | 
not_trading_day(market_calendar_weekday_fallback(scope=us, weekday=7))
Maintenance tick started
Maintenance tick complete
State DB: /home/zj/workspace/stok-mapping/data/maintenance/maintenance.sqlite
As of: 2026-06-07T15:31:02
Dry run: False
Executed runs: 0
financial_factors skipped at 03:30 | 
not_trading_day(cn_trading_calendar(is_open=0))
daily_brief skipped at 07:20 | not_trading_day(cn_trading_calendar(is_open=0))
hk_market_history skipped at 16:20 | 
not_trading_day(market_calendar_weekday_fallback(scope=hk, weekday=7))
a_share_history skipped at 16:30 | 
not_trading_day(cn_trading_calendar(is_open=0))
us_market_history skipped at 17:10 | 
not_trading_day(market_calendar_weekday_fallback(scope=us, weekday=7))
Maintenance tick started
Maintenance tick complete
State DB: /home/zj/workspace/stok-mapping/data/maintenance/maintenance.sqlite
As of: 2026-06-07T15:32:02
Dry run: False
Executed runs: 0
financial_factors skipped at 03:30 | 
not_trading_day(cn_trading_calendar(is_open=0))
daily_brief skipped at 07:20 | not_trading_day(cn_trading_calendar(is_open=0))
hk_market_history skipped at 16:20 | 
not_trading_day(market_calendar_weekday_fallback(scope=hk, weekday=7))
a_share_history skipped at 16:30 | 
not_trading_day(cn_trading_calendar(is_open=0))
us_market_history skipped at 17:10 | 
not_trading_day(market_calendar_weekday_fallback(scope=us, weekday=7))
Maintenance tick started
Maintenance tick complete
State DB: /home/zj/workspace/stok-mapping/data/maintenance/maintenance.sqlite
As of: 2026-06-07T15:33:02
Dry run: False
Executed runs: 0
financial_factors skipped at 03:30 | 
not_trading_day(cn_trading_calendar(is_open=0))
daily_brief skipped at 07:20 | not_trading_day(cn_trading_calendar(is_open=0))
hk_market_history skipped at 16:20 | 
not_trading_day(market_calendar_weekday_fallback(scope=hk, weekday=7))
a_share_history skipped at 16:30 | 
not_trading_day(cn_trading_calendar(is_open=0))
us_market_history skipped at 17:10 | 
not_trading_day(market_calendar_weekday_fallback(scope=us, weekday=7))
Maintenance tick started
Maintenance tick complete
State DB: /home/zj/workspace/stok-mapping/data/maintenance/maintenance.sqlite
As of: 2026-06-07T15:34:01
Dry run: False
Executed runs: 0
financial_factors skipped at 03:30 | 
not_trading_day(cn_trading_calendar(is_open=0))
daily_brief skipped at 07:20 | not_trading_day(cn_trading_calendar(is_open=0))
hk_market_history skipped at 16:20 | 
not_trading_day(market_calendar_weekday_fallback(scope=hk, weekday=7))
a_share_history skipped at 16:30 | 
not_trading_day(cn_trading_calendar(is_open=0))
us_market_history skipped at 17:10 | 
not_trading_day(market_calendar_weekday_fallback(scope=us, weekday=7))
Maintenance tick started
Maintenance tick complete
State DB: /home/zj/workspace/stok-mapping/data/maintenance/maintenance.sqlite
As of: 2026-06-07T15:35:01
Dry run: False
Executed runs: 0
financial_factors skipped at 03:30 | 
not_trading_day(cn_trading_calendar(is_open=0))
daily_brief skipped at 07:20 | not_trading_day(cn_trading_calendar(is_open=0))
hk_market_history skipped at 16:20 | 
not_trading_day(market_calendar_weekday_fallback(scope=hk, weekday=7))
a_share_history skipped at 16:30 | 
not_trading_day(cn_trading_calendar(is_open=0))
us_market_history skipped at 17:10 | 
not_trading_day(market_calendar_weekday_fallback(scope=us, weekday=7))
Maintenance tick started
Maintenance tick complete
State DB: /home/zj/workspace/stok-mapping/data/maintenance/maintenance.sqlite
As of: 2026-06-07T15:36:02
Dry run: False
Executed runs: 0
financial_factors skipped at 03:30 | 
not_trading_day(cn_trading_calendar(is_open=0))
daily_brief skipped at 07:20 | not_trading_day(cn_trading_calendar(is_open=0))
hk_market_history skipped at 16:20 | 
not_trading_day(market_calendar_weekday_fallback(scope=hk, weekday=7))
a_share_history skipped at 16:30 | 
not_trading_day(cn_trading_calendar(is_open=0))
us_market_history skipped at 17:10 | 
not_trading_day(market_calendar_weekday_fallback(scope=us, weekday=7))
Maintenance tick started
Maintenance tick complete
State DB: /home/zj/workspace/stok-mapping/data/maintenance/maintenance.sqlite
As of: 2026-06-07T15:37:02
Dry run: False
Executed runs: 0
financial_factors skipped at 03:30 | 
not_trading_day(cn_trading_calendar(is_open=0))
daily_brief skipped at 07:20 | not_trading_day(cn_trading_calendar(is_open=0))
hk_market_history skipped at 16:20 | 
not_trading_day(market_calendar_weekday_fallback(scope=hk, weekday=7))
a_share_history skipped at 16:30 | 
not_trading_day(cn_trading_calendar(is_open=0))
us_market_history skipped at 17:10 | 
not_trading_day(market_calendar_weekday_fallback(scope=us, weekday=7))
Maintenance tick started
Maintenance tick complete
State DB: /home/zj/workspace/stok-mapping/data/maintenance/maintenance.sqlite
As of: 2026-06-07T15:38:02
Dry run: False
Executed runs: 0
financial_factors skipped at 03:30 | 
not_trading_day(cn_trading_calendar(is_open=0))
daily_brief skipped at 07:20 | not_trading_day(cn_trading_calendar(is_open=0))
hk_market_history skipped at 16:20 | 
not_trading_day(market_calendar_weekday_fallback(scope=hk, weekday=7))
a_share_history skipped at 16:30 | 
not_trading_day(cn_trading_calendar(is_open=0))
us_market_history skipped at 17:10 | 
not_trading_day(market_calendar_weekday_fallback(scope=us, weekday=7))
Maintenance tick started
Maintenance tick complete
State DB: /home/zj/workspace/stok-mapping/data/maintenance/maintenance.sqlite
As of: 2026-06-07T15:39:02
Dry run: False
Executed runs: 0
financial_factors skipped at 03:30 | 
not_trading_day(cn_trading_calendar(is_open=0))
daily_brief skipped at 07:20 | not_trading_day(cn_trading_calendar(is_open=0))
hk_market_history skipped at 16:20 | 
not_trading_day(market_calendar_weekday_fallback(scope=hk, weekday=7))
a_share_history skipped at 16:30 | 
not_trading_day(cn_trading_calendar(is_open=0))
us_market_history skipped at 17:10 | 
not_trading_day(market_calendar_weekday_fallback(scope=us, weekday=7))
Maintenance tick started
Maintenance tick complete
State DB: /home/zj/workspace/stok-mapping/data/maintenance/maintenance.sqlite
As of: 2026-06-07T15:40:02
Dry run: False
Executed runs: 0
financial_factors skipped at 03:30 | 
not_trading_day(cn_trading_calendar(is_open=0))
daily_brief skipped at 07:20 | not_trading_day(cn_trading_calendar(is_open=0))
hk_market_history skipped at 16:20 | 
not_trading_day(market_calendar_weekday_fallback(scope=hk, weekday=7))
a_share_history skipped at 16:30 | 
not_trading_day(cn_trading_calendar(is_open=0))
us_market_history skipped at 17:10 | 
not_trading_day(market_calendar_weekday_fallback(scope=us, weekday=7))
Maintenance tick started
Maintenance tick complete
State DB: /home/zj/workspace/stok-mapping/data/maintenance/maintenance.sqlite
As of: 2026-06-07T15:41:02
Dry run: False
Executed runs: 0
financial_factors skipped at 03:30 | 
not_trading_day(cn_trading_calendar(is_open=0))
daily_brief skipped at 07:20 | not_trading_day(cn_trading_calendar(is_open=0))
hk_market_history skipped at 16:20 | 
not_trading_day(market_calendar_weekday_fallback(scope=hk, weekday=7))
a_share_history skipped at 16:30 | 
not_trading_day(cn_trading_calendar(is_open=0))
us_market_history skipped at 17:10 | 
not_trading_day(market_calendar_weekday_fallback(scope=us, weekday=7))
Maintenance tick started
Maintenance tick complete
State DB: /home/zj/workspace/stok-mapping/data/maintenance/maintenance.sqlite
As of: 2026-06-07T15:42:02
Dry run: False
Executed runs: 0
financial_factors skipped at 03:30 | 
not_trading_day(cn_trading_calendar(is_open=0))
daily_brief skipped at 07:20 | not_trading_day(cn_trading_calendar(is_open=0))
hk_market_history skipped at 16:20 | 
not_trading_day(market_calendar_weekday_fallback(scope=hk, weekday=7))
a_share_history skipped at 16:30 | 
not_trading_day(cn_trading_calendar(is_open=0))
us_market_history skipped at 17:10 | 
not_trading_day(market_calendar_weekday_fallback(scope=us, weekday=7))
Maintenance tick started
Maintenance tick complete
State DB: /home/zj/workspace/stok-mapping/data/maintenance/maintenance.sqlite
As of: 2026-06-07T15:43:01
Dry run: False
Executed runs: 0
financial_factors skipped at 03:30 | 
not_trading_day(cn_trading_calendar(is_open=0))
daily_brief skipped at 07:20 | not_trading_day(cn_trading_calendar(is_open=0))
hk_market_history skipped at 16:20 | 
not_trading_day(market_calendar_weekday_fallback(scope=hk, weekday=7))
a_share_history skipped at 16:30 | 
not_trading_day(cn_trading_calendar(is_open=0))
us_market_history skipped at 17:10 | 
not_trading_day(market_calendar_weekday_fallback(scope=us, weekday=7))
Maintenance tick started
Maintenance tick complete
State DB: /home/zj/workspace/stok-mapping/data/maintenance/maintenance.sqlite
As of: 2026-06-07T15:44:01
Dry run: False
Executed runs: 0
financial_factors skipped at 03:30 | 
not_trading_day(cn_trading_calendar(is_open=0))
daily_brief skipped at 07:20 | not_trading_day(cn_trading_calendar(is_open=0))
hk_market_history skipped at 16:20 | 
not_trading_day(market_calendar_weekday_fallback(scope=hk, weekday=7))
a_share_history skipped at 16:30 | 
not_trading_day(cn_trading_calendar(is_open=0))
us_market_history skipped at 17:10 | 
not_trading_day(market_calendar_weekday_fallback(scope=us, weekday=7))
Maintenance tick started
Maintenance tick complete
State DB: /home/zj/workspace/stok-mapping/data/maintenance/maintenance.sqlite
As of: 2026-06-07T15:45:01
Dry run: False
Executed runs: 0
financial_factors skipped at 03:30 | 
not_trading_day(cn_trading_calendar(is_open=0))
daily_brief skipped at 07:20 | not_trading_day(cn_trading_calendar(is_open=0))
hk_market_history skipped at 16:20 | 
not_trading_day(market_calendar_weekday_fallback(scope=hk, weekday=7))
a_share_history skipped at 16:30 | 
not_trading_day(cn_trading_calendar(is_open=0))
us_market_history skipped at 17:10 | 
not_trading_day(market_calendar_weekday_fallback(scope=us, weekday=7))
Maintenance tick started
Maintenance tick complete
State DB: /home/zj/workspace/stok-mapping/data/maintenance/maintenance.sqlite
As of: 2026-06-07T15:46:01
Dry run: False
Executed runs: 0
financial_factors skipped at 03:30 | 
not_trading_day(cn_trading_calendar(is_open=0))
daily_brief skipped at 07:20 | not_trading_day(cn_trading_calendar(is_open=0))
hk_market_history skipped at 16:20 | 
not_trading_day(market_calendar_weekday_fallback(scope=hk, weekday=7))
a_share_history skipped at 16:30 | 
not_trading_day(cn_trading_calendar(is_open=0))
us_market_history skipped at 17:10 | 
not_trading_day(market_calendar_weekday_fallback(scope=us, weekday=7))
Maintenance tick started
Maintenance tick complete
State DB: /home/zj/workspace/stok-mapping/data/maintenance/maintenance.sqlite
As of: 2026-06-07T15:47:01
Dry run: False
Executed runs: 0
financial_factors skipped at 03:30 | 
not_trading_day(cn_trading_calendar(is_open=0))
daily_brief skipped at 07:20 | not_trading_day(cn_trading_calendar(is_open=0))
hk_market_history skipped at 16:20 | 
not_trading_day(market_calendar_weekday_fallback(scope=hk, weekday=7))
a_share_history skipped at 16:30 | 
not_trading_day(cn_trading_calendar(is_open=0))
us_market_history skipped at 17:10 | 
not_trading_day(market_calendar_weekday_fallback(scope=us, weekday=7))
Maintenance tick started
Maintenance tick complete
State DB: /home/zj/workspace/stok-mapping/data/maintenance/maintenance.sqlite
As of: 2026-06-07T15:48:02
Dry run: False
Executed runs: 0
financial_factors skipped at 03:30 | 
not_trading_day(cn_trading_calendar(is_open=0))
daily_brief skipped at 07:20 | not_trading_day(cn_trading_calendar(is_open=0))
hk_market_history skipped at 16:20 | 
not_trading_day(market_calendar_weekday_fallback(scope=hk, weekday=7))
a_share_history skipped at 16:30 | 
not_trading_day(cn_trading_calendar(is_open=0))
us_market_history skipped at 17:10 | 
not_trading_day(market_calendar_weekday_fallback(scope=us, weekday=7))
Maintenance tick started
Maintenance tick complete
State DB: /home/zj/workspace/stok-mapping/data/maintenance/maintenance.sqlite
As of: 2026-06-07T15:49:02
Dry run: False
Executed runs: 0
financial_factors skipped at 03:30 | 
not_trading_day(cn_trading_calendar(is_open=0))
daily_brief skipped at 07:20 | not_trading_day(cn_trading_calendar(is_open=0))
hk_market_history skipped at 16:20 | 
not_trading_day(market_calendar_weekday_fallback(scope=hk, weekday=7))
a_share_history skipped at 16:30 | 
not_trading_day(cn_trading_calendar(is_open=0))
us_market_history skipped at 17:10 | 
not_trading_day(market_calendar_weekday_fallback(scope=us, weekday=7))
Maintenance tick started
Maintenance tick complete
State DB: /home/zj/workspace/stok-mapping/data/maintenance/maintenance.sqlite
As of: 2026-06-07T15:50:02
Dry run: False
Executed runs: 0
financial_factors skipped at 03:30 | 
not_trading_day(cn_trading_calendar(is_open=0))
daily_brief skipped at 07:20 | not_trading_day(cn_trading_calendar(is_open=0))
hk_market_history skipped at 16:20 | 
not_trading_day(market_calendar_weekday_fallback(scope=hk, weekday=7))
a_share_history skipped at 16:30 | 
not_trading_day(cn_trading_calendar(is_open=0))
us_market_history skipped at 17:10 | 
not_trading_day(market_calendar_weekday_fallback(scope=us, weekday=7))
Maintenance tick started
Maintenance tick complete
State DB: /home/zj/workspace/stok-mapping/data/maintenance/maintenance.sqlite
As of: 2026-06-07T15:51:02
Dry run: False
Executed runs: 0
financial_factors skipped at 03:30 | 
not_trading_day(cn_trading_calendar(is_open=0))
daily_brief skipped at 07:20 | not_trading_day(cn_trading_calendar(is_open=0))
hk_market_history skipped at 16:20 | 
not_trading_day(market_calendar_weekday_fallback(scope=hk, weekday=7))
a_share_history skipped at 16:30 | 
not_trading_day(cn_trading_calendar(is_open=0))
us_market_history skipped at 17:10 | 
not_trading_day(market_calendar_weekday_fallback(scope=us, weekday=7))
Maintenance tick started
Maintenance tick complete
State DB: /home/zj/workspace/stok-mapping/data/maintenance/maintenance.sqlite
As of: 2026-06-07T15:52:02
Dry run: False
Executed runs: 0
financial_factors skipped at 03:30 | 
not_trading_day(cn_trading_calendar(is_open=0))
daily_brief skipped at 07:20 | not_trading_day(cn_trading_calendar(is_open=0))
hk_market_history skipped at 16:20 | 
not_trading_day(market_calendar_weekday_fallback(scope=hk, weekday=7))
a_share_history skipped at 16:30 | 
not_trading_day(cn_trading_calendar(is_open=0))
us_market_history skipped at 17:10 | 
not_trading_day(market_calendar_weekday_fallback(scope=us, weekday=7))
Maintenance tick started
Maintenance tick complete
State DB: /home/zj/workspace/stok-mapping/data/maintenance/maintenance.sqlite
As of: 2026-06-07T15:53:02
Dry run: False
Executed runs: 0
financial_factors skipped at 03:30 | 
not_trading_day(cn_trading_calendar(is_open=0))
daily_brief skipped at 07:20 | not_trading_day(cn_trading_calendar(is_open=0))
hk_market_history skipped at 16:20 | 
not_trading_day(market_calendar_weekday_fallback(scope=hk, weekday=7))
a_share_history skipped at 16:30 | 
not_trading_day(cn_trading_calendar(is_open=0))
us_market_history skipped at 17:10 | 
not_trading_day(market_calendar_weekday_fallback(scope=us, weekday=7))
Maintenance tick started
Maintenance tick complete
State DB: /home/zj/workspace/stok-mapping/data/maintenance/maintenance.sqlite
As of: 2026-06-07T15:54:02
Dry run: False
Executed runs: 0
financial_factors skipped at 03:30 | 
not_trading_day(cn_trading_calendar(is_open=0))
daily_brief skipped at 07:20 | not_trading_day(cn_trading_calendar(is_open=0))
hk_market_history skipped at 16:20 | 
not_trading_day(market_calendar_weekday_fallback(scope=hk, weekday=7))
a_share_history skipped at 16:30 | 
not_trading_day(cn_trading_calendar(is_open=0))
us_market_history skipped at 17:10 | 
not_trading_day(market_calendar_weekday_fallback(scope=us, weekday=7))
Maintenance tick started
Maintenance tick complete
State DB: /home/zj/workspace/stok-mapping/data/maintenance/maintenance.sqlite
As of: 2026-06-07T15:55:02
Dry run: False
Executed runs: 0
financial_factors skipped at 03:30 | 
not_trading_day(cn_trading_calendar(is_open=0))
daily_brief skipped at 07:20 | not_trading_day(cn_trading_calendar(is_open=0))
hk_market_history skipped at 16:20 | 
not_trading_day(market_calendar_weekday_fallback(scope=hk, weekday=7))
a_share_history skipped at 16:30 | 
not_trading_day(cn_trading_calendar(is_open=0))
us_market_history skipped at 17:10 | 
not_trading_day(market_calendar_weekday_fallback(scope=us, weekday=7))
Maintenance tick started
Maintenance tick complete
State DB: /home/zj/workspace/stok-mapping/data/maintenance/maintenance.sqlite
As of: 2026-06-07T15:56:01
Dry run: False
Executed runs: 0
financial_factors skipped at 03:30 | 
not_trading_day(cn_trading_calendar(is_open=0))
daily_brief skipped at 07:20 | not_trading_day(cn_trading_calendar(is_open=0))
hk_market_history skipped at 16:20 | 
not_trading_day(market_calendar_weekday_fallback(scope=hk, weekday=7))
a_share_history skipped at 16:30 | 
not_trading_day(cn_trading_calendar(is_open=0))
us_market_history skipped at 17:10 | 
not_trading_day(market_calendar_weekday_fallback(scope=us, weekday=7))
Maintenance tick started
Maintenance tick complete
State DB: /home/zj/workspace/stok-mapping/data/maintenance/maintenance.sqlite
As of: 2026-06-07T15:57:01
Dry run: False
Executed runs: 0
financial_factors skipped at 03:30 | 
not_trading_day(cn_trading_calendar(is_open=0))
daily_brief skipped at 07:20 | not_trading_day(cn_trading_calendar(is_open=0))
hk_market_history skipped at 16:20 | 
not_trading_day(market_calendar_weekday_fallback(scope=hk, weekday=7))
a_share_history skipped at 16:30 | 
not_trading_day(cn_trading_calendar(is_open=0))
us_market_history skipped at 17:10 | 
not_trading_day(market_calendar_weekday_fallback(scope=us, weekday=7))
Maintenance tick started
Maintenance tick complete
State DB: /home/zj/workspace/stok-mapping/data/maintenance/maintenance.sqlite
As of: 2026-06-07T15:58:01
Dry run: False
Executed runs: 0
financial_factors skipped at 03:30 | 
not_trading_day(cn_trading_calendar(is_open=0))
daily_brief skipped at 07:20 | not_trading_day(cn_trading_calendar(is_open=0))
hk_market_history skipped at 16:20 | 
not_trading_day(market_calendar_weekday_fallback(scope=hk, weekday=7))
a_share_history skipped at 16:30 | 
not_trading_day(cn_trading_calendar(is_open=0))
us_market_history skipped at 17:10 | 
not_trading_day(market_calendar_weekday_fallback(scope=us, weekday=7))
Maintenance tick started
Maintenance tick complete
State DB: /home/zj/workspace/stok-mapping/data/maintenance/maintenance.sqlite
As of: 2026-06-07T15:59:01
Dry run: False
Executed runs: 0
financial_factors skipped at 03:30 | 
not_trading_day(cn_trading_calendar(is_open=0))
daily_brief skipped at 07:20 | not_trading_day(cn_trading_calendar(is_open=0))
hk_market_history skipped at 16:20 | 
not_trading_day(market_calendar_weekday_fallback(scope=hk, weekday=7))
a_share_history skipped at 16:30 | 
not_trading_day(cn_trading_calendar(is_open=0))
us_market_history skipped at 17:10 | 
not_trading_day(market_calendar_weekday_fallback(scope=us, weekday=7))
Maintenance tick started
Maintenance tick complete
State DB: /home/zj/workspace/stok-mapping/data/maintenance/maintenance.sqlite
As of: 2026-06-07T16:00:02
Dry run: False
Executed runs: 0
financial_factors skipped at 03:30 | 
not_trading_day(cn_trading_calendar(is_open=0))
daily_brief skipped at 07:20 | not_trading_day(cn_trading_calendar(is_open=0))
hk_market_history skipped at 16:20 | 
not_trading_day(market_calendar_weekday_fallback(scope=hk, weekday=7))
a_share_history skipped at 16:30 | 
not_trading_day(cn_trading_calendar(is_open=0))
us_market_history skipped at 17:10 | 
not_trading_day(market_calendar_weekday_fallback(scope=us, weekday=7))
Maintenance tick started
Maintenance tick complete
State DB: /home/zj/workspace/stok-mapping/data/maintenance/maintenance.sqlite
As of: 2026-06-07T16:01:02
Dry run: False
Executed runs: 0
financial_factors skipped at 03:30 | 
not_trading_day(cn_trading_calendar(is_open=0))
daily_brief skipped at 07:20 | not_trading_day(cn_trading_calendar(is_open=0))
hk_market_history skipped at 16:20 | 
not_trading_day(market_calendar_weekday_fallback(scope=hk, weekday=7))
a_share_history skipped at 16:30 | 
not_trading_day(cn_trading_calendar(is_open=0))
us_market_history skipped at 17:10 | 
not_trading_day(market_calendar_weekday_fallback(scope=us, weekday=7))
Maintenance tick started
Maintenance tick complete
State DB: /home/zj/workspace/stok-mapping/data/maintenance/maintenance.sqlite
As of: 2026-06-07T16:02:02
Dry run: False
Executed runs: 0
financial_factors skipped at 03:30 | 
not_trading_day(cn_trading_calendar(is_open=0))
daily_brief skipped at 07:20 | not_trading_day(cn_trading_calendar(is_open=0))
hk_market_history skipped at 16:20 | 
not_trading_day(market_calendar_weekday_fallback(scope=hk, weekday=7))
a_share_history skipped at 16:30 | 
not_trading_day(cn_trading_calendar(is_open=0))
us_market_history skipped at 17:10 | 
not_trading_day(market_calendar_weekday_fallback(scope=us, weekday=7))
Maintenance tick started
Maintenance tick complete
State DB: /home/zj/workspace/stok-mapping/data/maintenance/maintenance.sqlite
As of: 2026-06-07T16:03:02
Dry run: False
Executed runs: 0
financial_factors skipped at 03:30 | 
not_trading_day(cn_trading_calendar(is_open=0))
daily_brief skipped at 07:20 | not_trading_day(cn_trading_calendar(is_open=0))
hk_market_history skipped at 16:20 | 
not_trading_day(market_calendar_weekday_fallback(scope=hk, weekday=7))
a_share_history skipped at 16:30 | 
not_trading_day(cn_trading_calendar(is_open=0))
us_market_history skipped at 17:10 | 
not_trading_day(market_calendar_weekday_fallback(scope=us, weekday=7))
Maintenance tick started
Maintenance tick complete
State DB: /home/zj/workspace/stok-mapping/data/maintenance/maintenance.sqlite
As of: 2026-06-07T16:04:02
Dry run: False
Executed runs: 0
financial_factors skipped at 03:30 | 
not_trading_day(cn_trading_calendar(is_open=0))
daily_brief skipped at 07:20 | not_trading_day(cn_trading_calendar(is_open=0))
hk_market_history skipped at 16:20 | 
not_trading_day(market_calendar_weekday_fallback(scope=hk, weekday=7))
a_share_history skipped at 16:30 | 
not_trading_day(cn_trading_calendar(is_open=0))
us_market_history skipped at 17:10 | 
not_trading_day(market_calendar_weekday_fallback(scope=us, weekday=7))
Maintenance tick started
Maintenance tick complete
State DB: /home/zj/workspace/stok-mapping/data/maintenance/maintenance.sqlite
As of: 2026-06-07T16:05:02
Dry run: False
Executed runs: 0
financial_factors skipped at 03:30 | 
not_trading_day(cn_trading_calendar(is_open=0))
daily_brief skipped at 07:20 | not_trading_day(cn_trading_calendar(is_open=0))
hk_market_history skipped at 16:20 | 
not_trading_day(market_calendar_weekday_fallback(scope=hk, weekday=7))
a_share_history skipped at 16:30 | 
not_trading_day(cn_trading_calendar(is_open=0))
us_market_history skipped at 17:10 | 
not_trading_day(market_calendar_weekday_fallback(scope=us, weekday=7))
Maintenance tick started
Maintenance tick complete
State DB: /home/zj/workspace/stok-mapping/data/maintenance/maintenance.sqlite
As of: 2026-06-07T16:06:02
Dry run: False
Executed runs: 0
financial_factors skipped at 03:30 | 
not_trading_day(cn_trading_calendar(is_open=0))
daily_brief skipped at 07:20 | not_trading_day(cn_trading_calendar(is_open=0))
hk_market_history skipped at 16:20 | 
not_trading_day(market_calendar_weekday_fallback(scope=hk, weekday=7))
a_share_history skipped at 16:30 | 
not_trading_day(cn_trading_calendar(is_open=0))
us_market_history skipped at 17:10 | 
not_trading_day(market_calendar_weekday_fallback(scope=us, weekday=7))
Maintenance tick started
Maintenance tick complete
State DB: /home/zj/workspace/stok-mapping/data/maintenance/maintenance.sqlite
As of: 2026-06-07T16:07:02
Dry run: False
Executed runs: 0
financial_factors skipped at 03:30 | 
not_trading_day(cn_trading_calendar(is_open=0))
daily_brief skipped at 07:20 | not_trading_day(cn_trading_calendar(is_open=0))
hk_market_history skipped at 16:20 | 
not_trading_day(market_calendar_weekday_fallback(scope=hk, weekday=7))
a_share_history skipped at 16:30 | 
not_trading_day(cn_trading_calendar(is_open=0))
us_market_history skipped at 17:10 | 
not_trading_day(market_calendar_weekday_fallback(scope=us, weekday=7))
Maintenance tick started
Maintenance tick complete
State DB: /home/zj/workspace/stok-mapping/data/maintenance/maintenance.sqlite
As of: 2026-06-07T16:08:02
Dry run: False
Executed runs: 0
financial_factors skipped at 03:30 | 
not_trading_day(cn_trading_calendar(is_open=0))
daily_brief skipped at 07:20 | not_trading_day(cn_trading_calendar(is_open=0))
hk_market_history skipped at 16:20 | 
not_trading_day(market_calendar_weekday_fallback(scope=hk, weekday=7))
a_share_history skipped at 16:30 | 
not_trading_day(cn_trading_calendar(is_open=0))
us_market_history skipped at 17:10 | 
not_trading_day(market_calendar_weekday_fallback(scope=us, weekday=7))
Maintenance tick started
Maintenance tick complete
State DB: /home/zj/workspace/stok-mapping/data/maintenance/maintenance.sqlite
As of: 2026-06-07T16:09:02
Dry run: False
Executed runs: 0
financial_factors skipped at 03:30 | 
not_trading_day(cn_trading_calendar(is_open=0))
daily_brief skipped at 07:20 | not_trading_day(cn_trading_calendar(is_open=0))
hk_market_history skipped at 16:20 | 
not_trading_day(market_calendar_weekday_fallback(scope=hk, weekday=7))
a_share_history skipped at 16:30 | 
not_trading_day(cn_trading_calendar(is_open=0))
us_market_history skipped at 17:10 | 
not_trading_day(market_calendar_weekday_fallback(scope=us, weekday=7))
Maintenance tick started
Maintenance tick complete
State DB: /home/zj/workspace/stok-mapping/data/maintenance/maintenance.sqlite
As of: 2026-06-07T16:10:02
Dry run: False
Executed runs: 0
financial_factors skipped at 03:30 | 
not_trading_day(cn_trading_calendar(is_open=0))
daily_brief skipped at 07:20 | not_trading_day(cn_trading_calendar(is_open=0))
hk_market_history skipped at 16:20 | 
not_trading_day(market_calendar_weekday_fallback(scope=hk, weekday=7))
a_share_history skipped at 16:30 | 
not_trading_day(cn_trading_calendar(is_open=0))
us_market_history skipped at 17:10 | 
not_trading_day(market_calendar_weekday_fallback(scope=us, weekday=7))
Maintenance tick started
Maintenance tick complete
State DB: /home/zj/workspace/stok-mapping/data/maintenance/maintenance.sqlite
As of: 2026-06-07T16:11:02
Dry run: False
Executed runs: 0
financial_factors skipped at 03:30 | 
not_trading_day(cn_trading_calendar(is_open=0))
daily_brief skipped at 07:20 | not_trading_day(cn_trading_calendar(is_open=0))
hk_market_history skipped at 16:20 | 
not_trading_day(market_calendar_weekday_fallback(scope=hk, weekday=7))
a_share_history skipped at 16:30 | 
not_trading_day(cn_trading_calendar(is_open=0))
us_market_history skipped at 17:10 | 
not_trading_day(market_calendar_weekday_fallback(scope=us, weekday=7))
Maintenance tick started
Maintenance tick complete
State DB: /home/zj/workspace/stok-mapping/data/maintenance/maintenance.sqlite
As of: 2026-06-07T16:12:02
Dry run: False
Executed runs: 0
financial_factors skipped at 03:30 | 
not_trading_day(cn_trading_calendar(is_open=0))
daily_brief skipped at 07:20 | not_trading_day(cn_trading_calendar(is_open=0))
hk_market_history skipped at 16:20 | 
not_trading_day(market_calendar_weekday_fallback(scope=hk, weekday=7))
a_share_history skipped at 16:30 | 
not_trading_day(cn_trading_calendar(is_open=0))
us_market_history skipped at 17:10 | 
not_trading_day(market_calendar_weekday_fallback(scope=us, weekday=7))
Maintenance tick started
Maintenance tick complete
State DB: /home/zj/workspace/stok-mapping/data/maintenance/maintenance.sqlite
As of: 2026-06-07T16:13:02
Dry run: False
Executed runs: 0
financial_factors skipped at 03:30 | 
not_trading_day(cn_trading_calendar(is_open=0))
daily_brief skipped at 07:20 | not_trading_day(cn_trading_calendar(is_open=0))
hk_market_history skipped at 16:20 | 
not_trading_day(market_calendar_weekday_fallback(scope=hk, weekday=7))
a_share_history skipped at 16:30 | 
not_trading_day(cn_trading_calendar(is_open=0))
us_market_history skipped at 17:10 | 
not_trading_day(market_calendar_weekday_fallback(scope=us, weekday=7))
Maintenance tick started
Maintenance tick complete
State DB: /home/zj/workspace/stok-mapping/data/maintenance/maintenance.sqlite
As of: 2026-06-07T16:14:02
Dry run: False
Executed runs: 0
financial_factors skipped at 03:30 | 
not_trading_day(cn_trading_calendar(is_open=0))
daily_brief skipped at 07:20 | not_trading_day(cn_trading_calendar(is_open=0))
hk_market_history skipped at 16:20 | 
not_trading_day(market_calendar_weekday_fallback(scope=hk, weekday=7))
a_share_history skipped at 16:30 | 
not_trading_day(cn_trading_calendar(is_open=0))
us_market_history skipped at 17:10 | 
not_trading_day(market_calendar_weekday_fallback(scope=us, weekday=7))
Maintenance tick started
Maintenance tick complete
State DB: /home/zj/workspace/stok-mapping/data/maintenance/maintenance.sqlite
As of: 2026-06-07T16:15:02
Dry run: False
Executed runs: 0
financial_factors skipped at 03:30 | 
not_trading_day(cn_trading_calendar(is_open=0))
daily_brief skipped at 07:20 | not_trading_day(cn_trading_calendar(is_open=0))
hk_market_history skipped at 16:20 | 
not_trading_day(market_calendar_weekday_fallback(scope=hk, weekday=7))
a_share_history skipped at 16:30 | 
not_trading_day(cn_trading_calendar(is_open=0))
us_market_history skipped at 17:10 | 
not_trading_day(market_calendar_weekday_fallback(scope=us, weekday=7))
Maintenance tick started
Maintenance tick complete
State DB: /home/zj/workspace/stok-mapping/data/maintenance/maintenance.sqlite
As of: 2026-06-07T16:16:02
Dry run: False
Executed runs: 0
financial_factors skipped at 03:30 | 
not_trading_day(cn_trading_calendar(is_open=0))
daily_brief skipped at 07:20 | not_trading_day(cn_trading_calendar(is_open=0))
hk_market_history skipped at 16:20 | 
not_trading_day(market_calendar_weekday_fallback(scope=hk, weekday=7))
a_share_history skipped at 16:30 | 
not_trading_day(cn_trading_calendar(is_open=0))
us_market_history skipped at 17:10 | 
not_trading_day(market_calendar_weekday_fallback(scope=us, weekday=7))
Maintenance tick started
Maintenance tick complete
State DB: /home/zj/workspace/stok-mapping/data/maintenance/maintenance.sqlite
As of: 2026-06-07T16:17:03
Dry run: False
Executed runs: 0
financial_factors skipped at 03:30 | 
not_trading_day(cn_trading_calendar(is_open=0))
daily_brief skipped at 07:20 | not_trading_day(cn_trading_calendar(is_open=0))
hk_market_history skipped at 16:20 | 
not_trading_day(market_calendar_weekday_fallback(scope=hk, weekday=7))
a_share_history skipped at 16:30 | 
not_trading_day(cn_trading_calendar(is_open=0))
us_market_history skipped at 17:10 | 
not_trading_day(market_calendar_weekday_fallback(scope=us, weekday=7))
Maintenance tick started
Maintenance tick complete
State DB: /home/zj/workspace/stok-mapping/data/maintenance/maintenance.sqlite
As of: 2026-06-07T16:18:02
Dry run: False
Executed runs: 0
financial_factors skipped at 03:30 | 
not_trading_day(cn_trading_calendar(is_open=0))
daily_brief skipped at 07:20 | not_trading_day(cn_trading_calendar(is_open=0))
hk_market_history skipped at 16:20 | 
not_trading_day(market_calendar_weekday_fallback(scope=hk, weekday=7))
a_share_history skipped at 16:30 | 
not_trading_day(cn_trading_calendar(is_open=0))
us_market_history skipped at 17:10 | 
not_trading_day(market_calendar_weekday_fallback(scope=us, weekday=7))
Maintenance tick started
Maintenance tick complete
State DB: /home/zj/workspace/stok-mapping/data/maintenance/maintenance.sqlite
As of: 2026-06-07T16:19:01
Dry run: False
Executed runs: 0
financial_factors skipped at 03:30 | 
not_trading_day(cn_trading_calendar(is_open=0))
daily_brief skipped at 07:20 | not_trading_day(cn_trading_calendar(is_open=0))
hk_market_history skipped at 16:20 | 
not_trading_day(market_calendar_weekday_fallback(scope=hk, weekday=7))
a_share_history skipped at 16:30 | 
not_trading_day(cn_trading_calendar(is_open=0))
us_market_history skipped at 17:10 | 
not_trading_day(market_calendar_weekday_fallback(scope=us, weekday=7))
Maintenance tick started
Maintenance tick complete
State DB: /home/zj/workspace/stok-mapping/data/maintenance/maintenance.sqlite
As of: 2026-06-07T16:20:02
Dry run: False
Executed runs: 0
financial_factors skipped at 03:30 | 
not_trading_day(cn_trading_calendar(is_open=0))
daily_brief skipped at 07:20 | not_trading_day(cn_trading_calendar(is_open=0))
hk_market_history skipped at 16:20 | 
not_trading_day(market_calendar_weekday_fallback(scope=hk, weekday=7))
a_share_history skipped at 16:30 | 
not_trading_day(cn_trading_calendar(is_open=0))
us_market_history skipped at 17:10 | 
not_trading_day(market_calendar_weekday_fallback(scope=us, weekday=7))
Maintenance tick started
Maintenance tick complete
State DB: /home/zj/workspace/stok-mapping/data/maintenance/maintenance.sqlite
As of: 2026-06-07T16:21:02
Dry run: False
Executed runs: 0
financial_factors skipped at 03:30 | 
not_trading_day(cn_trading_calendar(is_open=0))
daily_brief skipped at 07:20 | not_trading_day(cn_trading_calendar(is_open=0))
hk_market_history skipped at 16:20 | 
not_trading_day(market_calendar_weekday_fallback(scope=hk, weekday=7))
a_share_history skipped at 16:30 | 
not_trading_day(cn_trading_calendar(is_open=0))
us_market_history skipped at 17:10 | 
not_trading_day(market_calendar_weekday_fallback(scope=us, weekday=7))
Maintenance tick started
Maintenance tick complete
State DB: /home/zj/workspace/stok-mapping/data/maintenance/maintenance.sqlite
As of: 2026-06-07T16:22:02
Dry run: False
Executed runs: 0
financial_factors skipped at 03:30 | 
not_trading_day(cn_trading_calendar(is_open=0))
daily_brief skipped at 07:20 | not_trading_day(cn_trading_calendar(is_open=0))
hk_market_history skipped at 16:20 | 
not_trading_day(market_calendar_weekday_fallback(scope=hk, weekday=7))
a_share_history skipped at 16:30 | 
not_trading_day(cn_trading_calendar(is_open=0))
us_market_history skipped at 17:10 | 
not_trading_day(market_calendar_weekday_fallback(scope=us, weekday=7))
Maintenance tick started
Maintenance tick complete
State DB: /home/zj/workspace/stok-mapping/data/maintenance/maintenance.sqlite
As of: 2026-06-07T16:23:02
Dry run: False
Executed runs: 0
financial_factors skipped at 03:30 | 
not_trading_day(cn_trading_calendar(is_open=0))
daily_brief skipped at 07:20 | not_trading_day(cn_trading_calendar(is_open=0))
hk_market_history skipped at 16:20 | 
not_trading_day(market_calendar_weekday_fallback(scope=hk, weekday=7))
a_share_history skipped at 16:30 | 
not_trading_day(cn_trading_calendar(is_open=0))
us_market_history skipped at 17:10 | 
not_trading_day(market_calendar_weekday_fallback(scope=us, weekday=7))
Maintenance tick started
Maintenance tick complete
State DB: /home/zj/workspace/stok-mapping/data/maintenance/maintenance.sqlite
As of: 2026-06-07T16:24:01
Dry run: False
Executed runs: 0
financial_factors skipped at 03:30 | 
not_trading_day(cn_trading_calendar(is_open=0))
daily_brief skipped at 07:20 | not_trading_day(cn_trading_calendar(is_open=0))
hk_market_history skipped at 16:20 | 
not_trading_day(market_calendar_weekday_fallback(scope=hk, weekday=7))
a_share_history skipped at 16:30 | 
not_trading_day(cn_trading_calendar(is_open=0))
us_market_history skipped at 17:10 | 
not_trading_day(market_calendar_weekday_fallback(scope=us, weekday=7))
Maintenance tick started
Maintenance tick complete
State DB: /home/zj/workspace/stok-mapping/data/maintenance/maintenance.sqlite
As of: 2026-06-07T16:25:02
Dry run: False
Executed runs: 0
financial_factors skipped at 03:30 | 
not_trading_day(cn_trading_calendar(is_open=0))
daily_brief skipped at 07:20 | not_trading_day(cn_trading_calendar(is_open=0))
hk_market_history skipped at 16:20 | 
not_trading_day(market_calendar_weekday_fallback(scope=hk, weekday=7))
a_share_history skipped at 16:30 | 
not_trading_day(cn_trading_calendar(is_open=0))
us_market_history skipped at 17:10 | 
not_trading_day(market_calendar_weekday_fallback(scope=us, weekday=7))
Maintenance tick started
Maintenance tick complete
State DB: /home/zj/workspace/stok-mapping/data/maintenance/maintenance.sqlite
As of: 2026-06-07T16:26:02
Dry run: False
Executed runs: 0
financial_factors skipped at 03:30 | 
not_trading_day(cn_trading_calendar(is_open=0))
daily_brief skipped at 07:20 | not_trading_day(cn_trading_calendar(is_open=0))
hk_market_history skipped at 16:20 | 
not_trading_day(market_calendar_weekday_fallback(scope=hk, weekday=7))
a_share_history skipped at 16:30 | 
not_trading_day(cn_trading_calendar(is_open=0))
us_market_history skipped at 17:10 | 
not_trading_day(market_calendar_weekday_fallback(scope=us, weekday=7))
Maintenance tick started
Maintenance tick complete
State DB: /home/zj/workspace/stok-mapping/data/maintenance/maintenance.sqlite
As of: 2026-06-07T16:27:02
Dry run: False
Executed runs: 0
financial_factors skipped at 03:30 | 
not_trading_day(cn_trading_calendar(is_open=0))
daily_brief skipped at 07:20 | not_trading_day(cn_trading_calendar(is_open=0))
hk_market_history skipped at 16:20 | 
not_trading_day(market_calendar_weekday_fallback(scope=hk, weekday=7))
a_share_history skipped at 16:30 | 
not_trading_day(cn_trading_calendar(is_open=0))
us_market_history skipped at 17:10 | 
not_trading_day(market_calendar_weekday_fallback(scope=us, weekday=7))
Maintenance tick started
Maintenance tick complete
State DB: /home/zj/workspace/stok-mapping/data/maintenance/maintenance.sqlite
As of: 2026-06-07T16:28:02
Dry run: False
Executed runs: 0
financial_factors skipped at 03:30 | 
not_trading_day(cn_trading_calendar(is_open=0))
daily_brief skipped at 07:20 | not_trading_day(cn_trading_calendar(is_open=0))
hk_market_history skipped at 16:20 | 
not_trading_day(market_calendar_weekday_fallback(scope=hk, weekday=7))
a_share_history skipped at 16:30 | 
not_trading_day(cn_trading_calendar(is_open=0))
us_market_history skipped at 17:10 | 
not_trading_day(market_calendar_weekday_fallback(scope=us, weekday=7))
Maintenance tick started
Maintenance tick complete
State DB: /home/zj/workspace/stok-mapping/data/maintenance/maintenance.sqlite
As of: 2026-06-07T16:29:02
Dry run: False
Executed runs: 0
financial_factors skipped at 03:30 | 
not_trading_day(cn_trading_calendar(is_open=0))
daily_brief skipped at 07:20 | not_trading_day(cn_trading_calendar(is_open=0))
hk_market_history skipped at 16:20 | 
not_trading_day(market_calendar_weekday_fallback(scope=hk, weekday=7))
a_share_history skipped at 16:30 | 
not_trading_day(cn_trading_calendar(is_open=0))
us_market_history skipped at 17:10 | 
not_trading_day(market_calendar_weekday_fallback(scope=us, weekday=7))
Maintenance tick started
Maintenance tick complete
State DB: /home/zj/workspace/stok-mapping/data/maintenance/maintenance.sqlite
As of: 2026-06-07T16:30:02
Dry run: False
Executed runs: 0
financial_factors skipped at 03:30 | 
not_trading_day(cn_trading_calendar(is_open=0))
daily_brief skipped at 07:20 | not_trading_day(cn_trading_calendar(is_open=0))
hk_market_history skipped at 16:20 | 
not_trading_day(market_calendar_weekday_fallback(scope=hk, weekday=7))
a_share_history skipped at 16:30 | 
not_trading_day(cn_trading_calendar(is_open=0))
us_market_history skipped at 17:10 | 
not_trading_day(market_calendar_weekday_fallback(scope=us, weekday=7))
Maintenance tick started
Maintenance tick complete
State DB: /home/zj/workspace/stok-mapping/data/maintenance/maintenance.sqlite
As of: 2026-06-07T16:31:02
Dry run: False
Executed runs: 0
financial_factors skipped at 03:30 | 
not_trading_day(cn_trading_calendar(is_open=0))
daily_brief skipped at 07:20 | not_trading_day(cn_trading_calendar(is_open=0))
hk_market_history skipped at 16:20 | 
not_trading_day(market_calendar_weekday_fallback(scope=hk, weekday=7))
a_share_history skipped at 16:30 | 
not_trading_day(cn_trading_calendar(is_open=0))
us_market_history skipped at 17:10 | 
not_trading_day(market_calendar_weekday_fallback(scope=us, weekday=7))
Maintenance tick started
Maintenance tick complete
State DB: /home/zj/workspace/stok-mapping/data/maintenance/maintenance.sqlite
As of: 2026-06-07T16:32:02
Dry run: False
Executed runs: 0
financial_factors skipped at 03:30 | 
not_trading_day(cn_trading_calendar(is_open=0))
daily_brief skipped at 07:20 | not_trading_day(cn_trading_calendar(is_open=0))
hk_market_history skipped at 16:20 | 
not_trading_day(market_calendar_weekday_fallback(scope=hk, weekday=7))
a_share_history skipped at 16:30 | 
not_trading_day(cn_trading_calendar(is_open=0))
us_market_history skipped at 17:10 | 
not_trading_day(market_calendar_weekday_fallback(scope=us, weekday=7))
Maintenance tick started
Maintenance tick complete
State DB: /home/zj/workspace/stok-mapping/data/maintenance/maintenance.sqlite
As of: 2026-06-07T16:33:02
Dry run: False
Executed runs: 0
financial_factors skipped at 03:30 | 
not_trading_day(cn_trading_calendar(is_open=0))
daily_brief skipped at 07:20 | not_trading_day(cn_trading_calendar(is_open=0))
hk_market_history skipped at 16:20 | 
not_trading_day(market_calendar_weekday_fallback(scope=hk, weekday=7))
a_share_history skipped at 16:30 | 
not_trading_day(cn_trading_calendar(is_open=0))
us_market_history skipped at 17:10 | 
not_trading_day(market_calendar_weekday_fallback(scope=us, weekday=7))
Maintenance tick started
Maintenance tick complete
State DB: /home/zj/workspace/stok-mapping/data/maintenance/maintenance.sqlite
As of: 2026-06-07T16:34:02
Dry run: False
Executed runs: 0
financial_factors skipped at 03:30 | 
not_trading_day(cn_trading_calendar(is_open=0))
daily_brief skipped at 07:20 | not_trading_day(cn_trading_calendar(is_open=0))
hk_market_history skipped at 16:20 | 
not_trading_day(market_calendar_weekday_fallback(scope=hk, weekday=7))
a_share_history skipped at 16:30 | 
not_trading_day(cn_trading_calendar(is_open=0))
us_market_history skipped at 17:10 | 
not_trading_day(market_calendar_weekday_fallback(scope=us, weekday=7))
Maintenance tick started
Maintenance tick complete
State DB: /home/zj/workspace/stok-mapping/data/maintenance/maintenance.sqlite
As of: 2026-06-07T16:35:02
Dry run: False
Executed runs: 0
financial_factors skipped at 03:30 | 
not_trading_day(cn_trading_calendar(is_open=0))
daily_brief skipped at 07:20 | not_trading_day(cn_trading_calendar(is_open=0))
hk_market_history skipped at 16:20 | 
not_trading_day(market_calendar_weekday_fallback(scope=hk, weekday=7))
a_share_history skipped at 16:30 | 
not_trading_day(cn_trading_calendar(is_open=0))
us_market_history skipped at 17:10 | 
not_trading_day(market_calendar_weekday_fallback(scope=us, weekday=7))
Maintenance tick started
Maintenance tick complete
State DB: /home/zj/workspace/stok-mapping/data/maintenance/maintenance.sqlite
As of: 2026-06-07T16:36:02
Dry run: False
Executed runs: 0
financial_factors skipped at 03:30 | 
not_trading_day(cn_trading_calendar(is_open=0))
daily_brief skipped at 07:20 | not_trading_day(cn_trading_calendar(is_open=0))
hk_market_history skipped at 16:20 | 
not_trading_day(market_calendar_weekday_fallback(scope=hk, weekday=7))
a_share_history skipped at 16:30 | 
not_trading_day(cn_trading_calendar(is_open=0))
us_market_history skipped at 17:10 | 
not_trading_day(market_calendar_weekday_fallback(scope=us, weekday=7))
Maintenance tick started
Maintenance tick complete
State DB: /home/zj/workspace/stok-mapping/data/maintenance/maintenance.sqlite
As of: 2026-06-07T16:37:02
Dry run: False
Executed runs: 0
financial_factors skipped at 03:30 | 
not_trading_day(cn_trading_calendar(is_open=0))
daily_brief skipped at 07:20 | not_trading_day(cn_trading_calendar(is_open=0))
hk_market_history skipped at 16:20 | 
not_trading_day(market_calendar_weekday_fallback(scope=hk, weekday=7))
a_share_history skipped at 16:30 | 
not_trading_day(cn_trading_calendar(is_open=0))
us_market_history skipped at 17:10 | 
not_trading_day(market_calendar_weekday_fallback(scope=us, weekday=7))
Maintenance tick started
Maintenance tick complete
State DB: /home/zj/workspace/stok-mapping/data/maintenance/maintenance.sqlite
As of: 2026-06-07T16:38:02
Dry run: False
Executed runs: 0
financial_factors skipped at 03:30 | 
not_trading_day(cn_trading_calendar(is_open=0))
daily_brief skipped at 07:20 | not_trading_day(cn_trading_calendar(is_open=0))
hk_market_history skipped at 16:20 | 
not_trading_day(market_calendar_weekday_fallback(scope=hk, weekday=7))
a_share_history skipped at 16:30 | 
not_trading_day(cn_trading_calendar(is_open=0))
us_market_history skipped at 17:10 | 
not_trading_day(market_calendar_weekday_fallback(scope=us, weekday=7))
Maintenance tick started
Maintenance tick complete
State DB: /home/zj/workspace/stok-mapping/data/maintenance/maintenance.sqlite
As of: 2026-06-07T16:39:02
Dry run: False
Executed runs: 0
financial_factors skipped at 03:30 | 
not_trading_day(cn_trading_calendar(is_open=0))
daily_brief skipped at 07:20 | not_trading_day(cn_trading_calendar(is_open=0))
hk_market_history skipped at 16:20 | 
not_trading_day(market_calendar_weekday_fallback(scope=hk, weekday=7))
a_share_history skipped at 16:30 | 
not_trading_day(cn_trading_calendar(is_open=0))
us_market_history skipped at 17:10 | 
not_trading_day(market_calendar_weekday_fallback(scope=us, weekday=7))
Maintenance tick started
Maintenance tick complete
State DB: /home/zj/workspace/stok-mapping/data/maintenance/maintenance.sqlite
As of: 2026-06-07T16:40:02
Dry run: False
Executed runs: 0
financial_factors skipped at 03:30 | 
not_trading_day(cn_trading_calendar(is_open=0))
daily_brief skipped at 07:20 | not_trading_day(cn_trading_calendar(is_open=0))
hk_market_history skipped at 16:20 | 
not_trading_day(market_calendar_weekday_fallback(scope=hk, weekday=7))
a_share_history skipped at 16:30 | 
not_trading_day(cn_trading_calendar(is_open=0))
us_market_history skipped at 17:10 | 
not_trading_day(market_calendar_weekday_fallback(scope=us, weekday=7))
Maintenance tick started
Maintenance tick complete
State DB: /home/zj/workspace/stok-mapping/data/maintenance/maintenance.sqlite
As of: 2026-06-07T16:41:02
Dry run: False
Executed runs: 0
financial_factors skipped at 03:30 | 
not_trading_day(cn_trading_calendar(is_open=0))
daily_brief skipped at 07:20 | not_trading_day(cn_trading_calendar(is_open=0))
hk_market_history skipped at 16:20 | 
not_trading_day(market_calendar_weekday_fallback(scope=hk, weekday=7))
a_share_history skipped at 16:30 | 
not_trading_day(cn_trading_calendar(is_open=0))
us_market_history skipped at 17:10 | 
not_trading_day(market_calendar_weekday_fallback(scope=us, weekday=7))
Maintenance tick started
Maintenance tick complete
State DB: /home/zj/workspace/stok-mapping/data/maintenance/maintenance.sqlite
As of: 2026-06-07T16:42:02
Dry run: False
Executed runs: 0
financial_factors skipped at 03:30 | 
not_trading_day(cn_trading_calendar(is_open=0))
daily_brief skipped at 07:20 | not_trading_day(cn_trading_calendar(is_open=0))
hk_market_history skipped at 16:20 | 
not_trading_day(market_calendar_weekday_fallback(scope=hk, weekday=7))
a_share_history skipped at 16:30 | 
not_trading_day(cn_trading_calendar(is_open=0))
us_market_history skipped at 17:10 | 
not_trading_day(market_calendar_weekday_fallback(scope=us, weekday=7))
Maintenance tick started
Maintenance tick complete
State DB: /home/zj/workspace/stok-mapping/data/maintenance/maintenance.sqlite
As of: 2026-06-07T16:43:03
Dry run: False
Executed runs: 0
financial_factors skipped at 03:30 | 
not_trading_day(cn_trading_calendar(is_open=0))
daily_brief skipped at 07:20 | not_trading_day(cn_trading_calendar(is_open=0))
hk_market_history skipped at 16:20 | 
not_trading_day(market_calendar_weekday_fallback(scope=hk, weekday=7))
a_share_history skipped at 16:30 | 
not_trading_day(cn_trading_calendar(is_open=0))
us_market_history skipped at 17:10 | 
not_trading_day(market_calendar_weekday_fallback(scope=us, weekday=7))
Maintenance tick started
Maintenance tick complete
State DB: /home/zj/workspace/stok-mapping/data/maintenance/maintenance.sqlite
As of: 2026-06-07T16:44:01
Dry run: False
Executed runs: 0
financial_factors skipped at 03:30 | 
not_trading_day(cn_trading_calendar(is_open=0))
daily_brief skipped at 07:20 | not_trading_day(cn_trading_calendar(is_open=0))
hk_market_history skipped at 16:20 | 
not_trading_day(market_calendar_weekday_fallback(scope=hk, weekday=7))
a_share_history skipped at 16:30 | 
not_trading_day(cn_trading_calendar(is_open=0))
us_market_history skipped at 17:10 | 
not_trading_day(market_calendar_weekday_fallback(scope=us, weekday=7))
Maintenance tick started
Maintenance tick complete
State DB: /home/zj/workspace/stok-mapping/data/maintenance/maintenance.sqlite
As of: 2026-06-07T16:45:02
Dry run: False
Executed runs: 0
financial_factors skipped at 03:30 | 
not_trading_day(cn_trading_calendar(is_open=0))
daily_brief skipped at 07:20 | not_trading_day(cn_trading_calendar(is_open=0))
hk_market_history skipped at 16:20 | 
not_trading_day(market_calendar_weekday_fallback(scope=hk, weekday=7))
a_share_history skipped at 16:30 | 
not_trading_day(cn_trading_calendar(is_open=0))
us_market_history skipped at 17:10 | 
not_trading_day(market_calendar_weekday_fallback(scope=us, weekday=7))
Maintenance tick started
Maintenance tick complete
State DB: /home/zj/workspace/stok-mapping/data/maintenance/maintenance.sqlite
As of: 2026-06-07T16:46:02
Dry run: False
Executed runs: 0
financial_factors skipped at 03:30 | 
not_trading_day(cn_trading_calendar(is_open=0))
daily_brief skipped at 07:20 | not_trading_day(cn_trading_calendar(is_open=0))
hk_market_history skipped at 16:20 | 
not_trading_day(market_calendar_weekday_fallback(scope=hk, weekday=7))
a_share_history skipped at 16:30 | 
not_trading_day(cn_trading_calendar(is_open=0))
us_market_history skipped at 17:10 | 
not_trading_day(market_calendar_weekday_fallback(scope=us, weekday=7))
Maintenance tick started
Maintenance tick complete
State DB: /home/zj/workspace/stok-mapping/data/maintenance/maintenance.sqlite
As of: 2026-06-07T16:47:02
Dry run: False
Executed runs: 0
financial_factors skipped at 03:30 | 
not_trading_day(cn_trading_calendar(is_open=0))
daily_brief skipped at 07:20 | not_trading_day(cn_trading_calendar(is_open=0))
hk_market_history skipped at 16:20 | 
not_trading_day(market_calendar_weekday_fallback(scope=hk, weekday=7))
a_share_history skipped at 16:30 | 
not_trading_day(cn_trading_calendar(is_open=0))
us_market_history skipped at 17:10 | 
not_trading_day(market_calendar_weekday_fallback(scope=us, weekday=7))
Maintenance tick started
Maintenance tick complete
State DB: /home/zj/workspace/stok-mapping/data/maintenance/maintenance.sqlite
As of: 2026-06-07T16:48:02
Dry run: False
Executed runs: 0
financial_factors skipped at 03:30 | 
not_trading_day(cn_trading_calendar(is_open=0))
daily_brief skipped at 07:20 | not_trading_day(cn_trading_calendar(is_open=0))
hk_market_history skipped at 16:20 | 
not_trading_day(market_calendar_weekday_fallback(scope=hk, weekday=7))
a_share_history skipped at 16:30 | 
not_trading_day(cn_trading_calendar(is_open=0))
us_market_history skipped at 17:10 | 
not_trading_day(market_calendar_weekday_fallback(scope=us, weekday=7))
Maintenance tick started
Maintenance tick complete
State DB: /home/zj/workspace/stok-mapping/data/maintenance/maintenance.sqlite
As of: 2026-06-07T16:49:02
Dry run: False
Executed runs: 0
financial_factors skipped at 03:30 | 
not_trading_day(cn_trading_calendar(is_open=0))
daily_brief skipped at 07:20 | not_trading_day(cn_trading_calendar(is_open=0))
hk_market_history skipped at 16:20 | 
not_trading_day(market_calendar_weekday_fallback(scope=hk, weekday=7))
a_share_history skipped at 16:30 | 
not_trading_day(cn_trading_calendar(is_open=0))
us_market_history skipped at 17:10 | 
not_trading_day(market_calendar_weekday_fallback(scope=us, weekday=7))
Maintenance tick started
Maintenance tick complete
State DB: /home/zj/workspace/stok-mapping/data/maintenance/maintenance.sqlite
As of: 2026-06-07T16:50:02
Dry run: False
Executed runs: 0
financial_factors skipped at 03:30 | 
not_trading_day(cn_trading_calendar(is_open=0))
daily_brief skipped at 07:20 | not_trading_day(cn_trading_calendar(is_open=0))
hk_market_history skipped at 16:20 | 
not_trading_day(market_calendar_weekday_fallback(scope=hk, weekday=7))
a_share_history skipped at 16:30 | 
not_trading_day(cn_trading_calendar(is_open=0))
us_market_history skipped at 17:10 | 
not_trading_day(market_calendar_weekday_fallback(scope=us, weekday=7))
Maintenance tick started
Maintenance tick complete
State DB: /home/zj/workspace/stok-mapping/data/maintenance/maintenance.sqlite
As of: 2026-06-07T16:51:03
Dry run: False
Executed runs: 0
financial_factors skipped at 03:30 | 
not_trading_day(cn_trading_calendar(is_open=0))
daily_brief skipped at 07:20 | not_trading_day(cn_trading_calendar(is_open=0))
hk_market_history skipped at 16:20 | 
not_trading_day(market_calendar_weekday_fallback(scope=hk, weekday=7))
a_share_history skipped at 16:30 | 
not_trading_day(cn_trading_calendar(is_open=0))
us_market_history skipped at 17:10 | 
not_trading_day(market_calendar_weekday_fallback(scope=us, weekday=7))
Maintenance tick started
Maintenance tick complete
State DB: /home/zj/workspace/stok-mapping/data/maintenance/maintenance.sqlite
As of: 2026-06-07T16:52:02
Dry run: False
Executed runs: 0
financial_factors skipped at 03:30 | 
not_trading_day(cn_trading_calendar(is_open=0))
daily_brief skipped at 07:20 | not_trading_day(cn_trading_calendar(is_open=0))
hk_market_history skipped at 16:20 | 
not_trading_day(market_calendar_weekday_fallback(scope=hk, weekday=7))
a_share_history skipped at 16:30 | 
not_trading_day(cn_trading_calendar(is_open=0))
us_market_history skipped at 17:10 | 
not_trading_day(market_calendar_weekday_fallback(scope=us, weekday=7))
Maintenance tick started
Maintenance tick complete
State DB: /home/zj/workspace/stok-mapping/data/maintenance/maintenance.sqlite
As of: 2026-06-07T16:53:03
Dry run: False
Executed runs: 0
financial_factors skipped at 03:30 | 
not_trading_day(cn_trading_calendar(is_open=0))
daily_brief skipped at 07:20 | not_trading_day(cn_trading_calendar(is_open=0))
hk_market_history skipped at 16:20 | 
not_trading_day(market_calendar_weekday_fallback(scope=hk, weekday=7))
a_share_history skipped at 16:30 | 
not_trading_day(cn_trading_calendar(is_open=0))
us_market_history skipped at 17:10 | 
not_trading_day(market_calendar_weekday_fallback(scope=us, weekday=7))
Maintenance tick started
Maintenance tick complete
State DB: /home/zj/workspace/stok-mapping/data/maintenance/maintenance.sqlite
As of: 2026-06-07T16:54:02
Dry run: False
Executed runs: 0
financial_factors skipped at 03:30 | 
not_trading_day(cn_trading_calendar(is_open=0))
daily_brief skipped at 07:20 | not_trading_day(cn_trading_calendar(is_open=0))
hk_market_history skipped at 16:20 | 
not_trading_day(market_calendar_weekday_fallback(scope=hk, weekday=7))
a_share_history skipped at 16:30 | 
not_trading_day(cn_trading_calendar(is_open=0))
us_market_history skipped at 17:10 | 
not_trading_day(market_calendar_weekday_fallback(scope=us, weekday=7))
Maintenance tick started
Maintenance tick complete
State DB: /home/zj/workspace/stok-mapping/data/maintenance/maintenance.sqlite
As of: 2026-06-07T16:55:02
Dry run: False
Executed runs: 0
financial_factors skipped at 03:30 | 
not_trading_day(cn_trading_calendar(is_open=0))
daily_brief skipped at 07:20 | not_trading_day(cn_trading_calendar(is_open=0))
hk_market_history skipped at 16:20 | 
not_trading_day(market_calendar_weekday_fallback(scope=hk, weekday=7))
a_share_history skipped at 16:30 | 
not_trading_day(cn_trading_calendar(is_open=0))
us_market_history skipped at 17:10 | 
not_trading_day(market_calendar_weekday_fallback(scope=us, weekday=7))
Maintenance tick started
Maintenance tick complete
State DB: /home/zj/workspace/stok-mapping/data/maintenance/maintenance.sqlite
As of: 2026-06-07T16:56:02
Dry run: False
Executed runs: 0
financial_factors skipped at 03:30 | 
not_trading_day(cn_trading_calendar(is_open=0))
daily_brief skipped at 07:20 | not_trading_day(cn_trading_calendar(is_open=0))
hk_market_history skipped at 16:20 | 
not_trading_day(market_calendar_weekday_fallback(scope=hk, weekday=7))
a_share_history skipped at 16:30 | 
not_trading_day(cn_trading_calendar(is_open=0))
us_market_history skipped at 17:10 | 
not_trading_day(market_calendar_weekday_fallback(scope=us, weekday=7))
Maintenance tick started
Maintenance tick complete
State DB: /home/zj/workspace/stok-mapping/data/maintenance/maintenance.sqlite
As of: 2026-06-07T16:57:03
Dry run: False
Executed runs: 0
financial_factors skipped at 03:30 | 
not_trading_day(cn_trading_calendar(is_open=0))
daily_brief skipped at 07:20 | not_trading_day(cn_trading_calendar(is_open=0))
hk_market_history skipped at 16:20 | 
not_trading_day(market_calendar_weekday_fallback(scope=hk, weekday=7))
a_share_history skipped at 16:30 | 
not_trading_day(cn_trading_calendar(is_open=0))
us_market_history skipped at 17:10 | 
not_trading_day(market_calendar_weekday_fallback(scope=us, weekday=7))
Maintenance tick started
Maintenance tick complete
State DB: /home/zj/workspace/stok-mapping/data/maintenance/maintenance.sqlite
As of: 2026-06-07T16:58:02
Dry run: False
Executed runs: 0
financial_factors skipped at 03:30 | 
not_trading_day(cn_trading_calendar(is_open=0))
daily_brief skipped at 07:20 | not_trading_day(cn_trading_calendar(is_open=0))
hk_market_history skipped at 16:20 | 
not_trading_day(market_calendar_weekday_fallback(scope=hk, weekday=7))
a_share_history skipped at 16:30 | 
not_trading_day(cn_trading_calendar(is_open=0))
us_market_history skipped at 17:10 | 
not_trading_day(market_calendar_weekday_fallback(scope=us, weekday=7))
Maintenance tick started
Maintenance tick complete
State DB: /home/zj/workspace/stok-mapping/data/maintenance/maintenance.sqlite
As of: 2026-06-07T16:59:03
Dry run: False
Executed runs: 0
financial_factors skipped at 03:30 | 
not_trading_day(cn_trading_calendar(is_open=0))
daily_brief skipped at 07:20 | not_trading_day(cn_trading_calendar(is_open=0))
hk_market_history skipped at 16:20 | 
not_trading_day(market_calendar_weekday_fallback(scope=hk, weekday=7))
a_share_history skipped at 16:30 | 
not_trading_day(cn_trading_calendar(is_open=0))
us_market_history skipped at 17:10 | 
not_trading_day(market_calendar_weekday_fallback(scope=us, weekday=7))
Maintenance tick started
Maintenance tick complete
State DB: /home/zj/workspace/stok-mapping/data/maintenance/maintenance.sqlite
As of: 2026-06-07T17:00:02
Dry run: False
Executed runs: 0
financial_factors skipped at 03:30 | 
not_trading_day(cn_trading_calendar(is_open=0))
daily_brief skipped at 07:20 | not_trading_day(cn_trading_calendar(is_open=0))
hk_market_history skipped at 16:20 | 
not_trading_day(market_calendar_weekday_fallback(scope=hk, weekday=7))
a_share_history skipped at 16:30 | 
not_trading_day(cn_trading_calendar(is_open=0))
us_market_history skipped at 17:10 | 
not_trading_day(market_calendar_weekday_fallback(scope=us, weekday=7))
Maintenance tick started
Maintenance tick complete
State DB: /home/zj/workspace/stok-mapping/data/maintenance/maintenance.sqlite
As of: 2026-06-07T17:01:02
Dry run: False
Executed runs: 0
financial_factors skipped at 03:30 | 
not_trading_day(cn_trading_calendar(is_open=0))
daily_brief skipped at 07:20 | not_trading_day(cn_trading_calendar(is_open=0))
hk_market_history skipped at 16:20 | 
not_trading_day(market_calendar_weekday_fallback(scope=hk, weekday=7))
a_share_history skipped at 16:30 | 
not_trading_day(cn_trading_calendar(is_open=0))
us_market_history skipped at 17:10 | 
not_trading_day(market_calendar_weekday_fallback(scope=us, weekday=7))
Maintenance tick started
Maintenance tick complete
State DB: /home/zj/workspace/stok-mapping/data/maintenance/maintenance.sqlite
As of: 2026-06-07T17:02:02
Dry run: False
Executed runs: 0
financial_factors skipped at 03:30 | 
not_trading_day(cn_trading_calendar(is_open=0))
daily_brief skipped at 07:20 | not_trading_day(cn_trading_calendar(is_open=0))
hk_market_history skipped at 16:20 | 
not_trading_day(market_calendar_weekday_fallback(scope=hk, weekday=7))
a_share_history skipped at 16:30 | 
not_trading_day(cn_trading_calendar(is_open=0))
us_market_history skipped at 17:10 | 
not_trading_day(market_calendar_weekday_fallback(scope=us, weekday=7))
Maintenance tick started
Maintenance tick complete
State DB: /home/zj/workspace/stok-mapping/data/maintenance/maintenance.sqlite
As of: 2026-06-07T17:03:02
Dry run: False
Executed runs: 0
financial_factors skipped at 03:30 | 
not_trading_day(cn_trading_calendar(is_open=0))
daily_brief skipped at 07:20 | not_trading_day(cn_trading_calendar(is_open=0))
hk_market_history skipped at 16:20 | 
not_trading_day(market_calendar_weekday_fallback(scope=hk, weekday=7))
a_share_history skipped at 16:30 | 
not_trading_day(cn_trading_calendar(is_open=0))
us_market_history skipped at 17:10 | 
not_trading_day(market_calendar_weekday_fallback(scope=us, weekday=7))
Maintenance tick started
Maintenance tick complete
State DB: /home/zj/workspace/stok-mapping/data/maintenance/maintenance.sqlite
As of: 2026-06-07T17:04:02
Dry run: False
Executed runs: 0
financial_factors skipped at 03:30 | 
not_trading_day(cn_trading_calendar(is_open=0))
daily_brief skipped at 07:20 | not_trading_day(cn_trading_calendar(is_open=0))
hk_market_history skipped at 16:20 | 
not_trading_day(market_calendar_weekday_fallback(scope=hk, weekday=7))
a_share_history skipped at 16:30 | 
not_trading_day(cn_trading_calendar(is_open=0))
us_market_history skipped at 17:10 | 
not_trading_day(market_calendar_weekday_fallback(scope=us, weekday=7))
Maintenance tick started
Maintenance tick complete
State DB: /home/zj/workspace/stok-mapping/data/maintenance/maintenance.sqlite
As of: 2026-06-07T17:05:02
Dry run: False
Executed runs: 0
financial_factors skipped at 03:30 | 
not_trading_day(cn_trading_calendar(is_open=0))
daily_brief skipped at 07:20 | not_trading_day(cn_trading_calendar(is_open=0))
hk_market_history skipped at 16:20 | 
not_trading_day(market_calendar_weekday_fallback(scope=hk, weekday=7))
a_share_history skipped at 16:30 | 
not_trading_day(cn_trading_calendar(is_open=0))
us_market_history skipped at 17:10 | 
not_trading_day(market_calendar_weekday_fallback(scope=us, weekday=7))
Maintenance tick started
Maintenance tick complete
State DB: /home/zj/workspace/stok-mapping/data/maintenance/maintenance.sqlite
As of: 2026-06-07T17:06:02
Dry run: False
Executed runs: 0
financial_factors skipped at 03:30 | 
not_trading_day(cn_trading_calendar(is_open=0))
daily_brief skipped at 07:20 | not_trading_day(cn_trading_calendar(is_open=0))
hk_market_history skipped at 16:20 | 
not_trading_day(market_calendar_weekday_fallback(scope=hk, weekday=7))
a_share_history skipped at 16:30 | 
not_trading_day(cn_trading_calendar(is_open=0))
us_market_history skipped at 17:10 | 
not_trading_day(market_calendar_weekday_fallback(scope=us, weekday=7))
Maintenance tick started
Maintenance tick complete
State DB: /home/zj/workspace/stok-mapping/data/maintenance/maintenance.sqlite
As of: 2026-06-07T17:07:01
Dry run: False
Executed runs: 0
financial_factors skipped at 03:30 | 
not_trading_day(cn_trading_calendar(is_open=0))
daily_brief skipped at 07:20 | not_trading_day(cn_trading_calendar(is_open=0))
hk_market_history skipped at 16:20 | 
not_trading_day(market_calendar_weekday_fallback(scope=hk, weekday=7))
a_share_history skipped at 16:30 | 
not_trading_day(cn_trading_calendar(is_open=0))
us_market_history skipped at 17:10 | 
not_trading_day(market_calendar_weekday_fallback(scope=us, weekday=7))
Maintenance tick started
Maintenance tick complete
State DB: /home/zj/workspace/stok-mapping/data/maintenance/maintenance.sqlite
As of: 2026-06-07T17:08:02
Dry run: False
Executed runs: 0
financial_factors skipped at 03:30 | 
not_trading_day(cn_trading_calendar(is_open=0))
daily_brief skipped at 07:20 | not_trading_day(cn_trading_calendar(is_open=0))
hk_market_history skipped at 16:20 | 
not_trading_day(market_calendar_weekday_fallback(scope=hk, weekday=7))
a_share_history skipped at 16:30 | 
not_trading_day(cn_trading_calendar(is_open=0))
us_market_history skipped at 17:10 | 
not_trading_day(market_calendar_weekday_fallback(scope=us, weekday=7))
Maintenance tick started
Maintenance tick complete
State DB: /home/zj/workspace/stok-mapping/data/maintenance/maintenance.sqlite
As of: 2026-06-07T17:09:02
Dry run: False
Executed runs: 0
financial_factors skipped at 03:30 | 
not_trading_day(cn_trading_calendar(is_open=0))
daily_brief skipped at 07:20 | not_trading_day(cn_trading_calendar(is_open=0))
hk_market_history skipped at 16:20 | 
not_trading_day(market_calendar_weekday_fallback(scope=hk, weekday=7))
a_share_history skipped at 16:30 | 
not_trading_day(cn_trading_calendar(is_open=0))
us_market_history skipped at 17:10 | 
not_trading_day(market_calendar_weekday_fallback(scope=us, weekday=7))
Maintenance tick started
Maintenance tick complete
State DB: /home/zj/workspace/stok-mapping/data/maintenance/maintenance.sqlite
As of: 2026-06-07T17:10:02
Dry run: False
Executed runs: 0
financial_factors skipped at 03:30 | 
not_trading_day(cn_trading_calendar(is_open=0))
daily_brief skipped at 07:20 | not_trading_day(cn_trading_calendar(is_open=0))
hk_market_history skipped at 16:20 | 
not_trading_day(market_calendar_weekday_fallback(scope=hk, weekday=7))
a_share_history skipped at 16:30 | 
not_trading_day(cn_trading_calendar(is_open=0))
us_market_history skipped at 17:10 | 
not_trading_day(market_calendar_weekday_fallback(scope=us, weekday=7))
Maintenance tick started
Maintenance tick complete
State DB: /home/zj/workspace/stok-mapping/data/maintenance/maintenance.sqlite
As of: 2026-06-07T17:11:02
Dry run: False
Executed runs: 0
financial_factors skipped at 03:30 | 
not_trading_day(cn_trading_calendar(is_open=0))
daily_brief skipped at 07:20 | not_trading_day(cn_trading_calendar(is_open=0))
hk_market_history skipped at 16:20 | 
not_trading_day(market_calendar_weekday_fallback(scope=hk, weekday=7))
a_share_history skipped at 16:30 | 
not_trading_day(cn_trading_calendar(is_open=0))
us_market_history skipped at 17:10 | 
not_trading_day(market_calendar_weekday_fallback(scope=us, weekday=7))
Maintenance tick started
Maintenance tick complete
State DB: /home/zj/workspace/stok-mapping/data/maintenance/maintenance.sqlite
As of: 2026-06-07T17:12:02
Dry run: False
Executed runs: 0
financial_factors skipped at 03:30 | 
not_trading_day(cn_trading_calendar(is_open=0))
daily_brief skipped at 07:20 | not_trading_day(cn_trading_calendar(is_open=0))
hk_market_history skipped at 16:20 | 
not_trading_day(market_calendar_weekday_fallback(scope=hk, weekday=7))
a_share_history skipped at 16:30 | 
not_trading_day(cn_trading_calendar(is_open=0))
us_market_history skipped at 17:10 | 
not_trading_day(market_calendar_weekday_fallback(scope=us, weekday=7))
Maintenance tick started
Maintenance tick complete
State DB: /home/zj/workspace/stok-mapping/data/maintenance/maintenance.sqlite
As of: 2026-06-07T17:13:01
Dry run: False
Executed runs: 0
financial_factors skipped at 03:30 | 
not_trading_day(cn_trading_calendar(is_open=0))
daily_brief skipped at 07:20 | not_trading_day(cn_trading_calendar(is_open=0))
hk_market_history skipped at 16:20 | 
not_trading_day(market_calendar_weekday_fallback(scope=hk, weekday=7))
a_share_history skipped at 16:30 | 
not_trading_day(cn_trading_calendar(is_open=0))
us_market_history skipped at 17:10 | 
not_trading_day(market_calendar_weekday_fallback(scope=us, weekday=7))
Maintenance tick started
Maintenance tick complete
State DB: /home/zj/workspace/stok-mapping/data/maintenance/maintenance.sqlite
As of: 2026-06-07T17:14:02
Dry run: False
Executed runs: 0
financial_factors skipped at 03:30 | 
not_trading_day(cn_trading_calendar(is_open=0))
daily_brief skipped at 07:20 | not_trading_day(cn_trading_calendar(is_open=0))
hk_market_history skipped at 16:20 | 
not_trading_day(market_calendar_weekday_fallback(scope=hk, weekday=7))
a_share_history skipped at 16:30 | 
not_trading_day(cn_trading_calendar(is_open=0))
us_market_history skipped at 17:10 | 
not_trading_day(market_calendar_weekday_fallback(scope=us, weekday=7))
Maintenance tick started
Maintenance tick complete
State DB: /home/zj/workspace/stok-mapping/data/maintenance/maintenance.sqlite
As of: 2026-06-07T17:15:02
Dry run: False
Executed runs: 0
financial_factors skipped at 03:30 | 
not_trading_day(cn_trading_calendar(is_open=0))
daily_brief skipped at 07:20 | not_trading_day(cn_trading_calendar(is_open=0))
hk_market_history skipped at 16:20 | 
not_trading_day(market_calendar_weekday_fallback(scope=hk, weekday=7))
a_share_history skipped at 16:30 | 
not_trading_day(cn_trading_calendar(is_open=0))
us_market_history skipped at 17:10 | 
not_trading_day(market_calendar_weekday_fallback(scope=us, weekday=7))
Maintenance tick started
Maintenance tick complete
State DB: /home/zj/workspace/stok-mapping/data/maintenance/maintenance.sqlite
As of: 2026-06-07T17:16:02
Dry run: False
Executed runs: 0
financial_factors skipped at 03:30 | 
not_trading_day(cn_trading_calendar(is_open=0))
daily_brief skipped at 07:20 | not_trading_day(cn_trading_calendar(is_open=0))
hk_market_history skipped at 16:20 | 
not_trading_day(market_calendar_weekday_fallback(scope=hk, weekday=7))
a_share_history skipped at 16:30 | 
not_trading_day(cn_trading_calendar(is_open=0))
us_market_history skipped at 17:10 | 
not_trading_day(market_calendar_weekday_fallback(scope=us, weekday=7))
Maintenance tick started
Maintenance tick complete
State DB: /home/zj/workspace/stok-mapping/data/maintenance/maintenance.sqlite
As of: 2026-06-07T17:17:03
Dry run: False
Executed runs: 0
financial_factors skipped at 03:30 | 
not_trading_day(cn_trading_calendar(is_open=0))
daily_brief skipped at 07:20 | not_trading_day(cn_trading_calendar(is_open=0))
hk_market_history skipped at 16:20 | 
not_trading_day(market_calendar_weekday_fallback(scope=hk, weekday=7))
a_share_history skipped at 16:30 | 
not_trading_day(cn_trading_calendar(is_open=0))
us_market_history skipped at 17:10 | 
not_trading_day(market_calendar_weekday_fallback(scope=us, weekday=7))
Maintenance tick started
Maintenance tick complete
State DB: /home/zj/workspace/stok-mapping/data/maintenance/maintenance.sqlite
As of: 2026-06-07T17:18:03
Dry run: False
Executed runs: 0
financial_factors skipped at 03:30 | 
not_trading_day(cn_trading_calendar(is_open=0))
daily_brief skipped at 07:20 | not_trading_day(cn_trading_calendar(is_open=0))
hk_market_history skipped at 16:20 | 
not_trading_day(market_calendar_weekday_fallback(scope=hk, weekday=7))
a_share_history skipped at 16:30 | 
not_trading_day(cn_trading_calendar(is_open=0))
us_market_history skipped at 17:10 | 
not_trading_day(market_calendar_weekday_fallback(scope=us, weekday=7))
Maintenance tick started
Maintenance tick complete
State DB: /home/zj/workspace/stok-mapping/data/maintenance/maintenance.sqlite
As of: 2026-06-07T17:19:02
Dry run: False
Executed runs: 0
financial_factors skipped at 03:30 | 
not_trading_day(cn_trading_calendar(is_open=0))
daily_brief skipped at 07:20 | not_trading_day(cn_trading_calendar(is_open=0))
hk_market_history skipped at 16:20 | 
not_trading_day(market_calendar_weekday_fallback(scope=hk, weekday=7))
a_share_history skipped at 16:30 | 
not_trading_day(cn_trading_calendar(is_open=0))
us_market_history skipped at 17:10 | 
not_trading_day(market_calendar_weekday_fallback(scope=us, weekday=7))
Maintenance tick started
Maintenance tick complete
State DB: /home/zj/workspace/stok-mapping/data/maintenance/maintenance.sqlite
As of: 2026-06-07T17:20:02
Dry run: False
Executed runs: 0
financial_factors skipped at 03:30 | 
not_trading_day(cn_trading_calendar(is_open=0))
daily_brief skipped at 07:20 | not_trading_day(cn_trading_calendar(is_open=0))
hk_market_history skipped at 16:20 | 
not_trading_day(market_calendar_weekday_fallback(scope=hk, weekday=7))
a_share_history skipped at 16:30 | 
not_trading_day(cn_trading_calendar(is_open=0))
us_market_history skipped at 17:10 | 
not_trading_day(market_calendar_weekday_fallback(scope=us, weekday=7))
Maintenance tick started
Maintenance tick complete
State DB: /home/zj/workspace/stok-mapping/data/maintenance/maintenance.sqlite
As of: 2026-06-07T17:21:02
Dry run: False
Executed runs: 0
financial_factors skipped at 03:30 | 
not_trading_day(cn_trading_calendar(is_open=0))
daily_brief skipped at 07:20 | not_trading_day(cn_trading_calendar(is_open=0))
hk_market_history skipped at 16:20 | 
not_trading_day(market_calendar_weekday_fallback(scope=hk, weekday=7))
a_share_history skipped at 16:30 | 
not_trading_day(cn_trading_calendar(is_open=0))
us_market_history skipped at 17:10 | 
not_trading_day(market_calendar_weekday_fallback(scope=us, weekday=7))
Maintenance tick started
Maintenance tick complete
State DB: /home/zj/workspace/stok-mapping/data/maintenance/maintenance.sqlite
As of: 2026-06-07T17:22:02
Dry run: False
Executed runs: 0
financial_factors skipped at 03:30 | 
not_trading_day(cn_trading_calendar(is_open=0))
daily_brief skipped at 07:20 | not_trading_day(cn_trading_calendar(is_open=0))
hk_market_history skipped at 16:20 | 
not_trading_day(market_calendar_weekday_fallback(scope=hk, weekday=7))
a_share_history skipped at 16:30 | 
not_trading_day(cn_trading_calendar(is_open=0))
us_market_history skipped at 17:10 | 
not_trading_day(market_calendar_weekday_fallback(scope=us, weekday=7))
Maintenance tick started
Maintenance tick complete
State DB: /home/zj/workspace/stok-mapping/data/maintenance/maintenance.sqlite
As of: 2026-06-07T17:23:02
Dry run: False
Executed runs: 0
financial_factors skipped at 03:30 | 
not_trading_day(cn_trading_calendar(is_open=0))
daily_brief skipped at 07:20 | not_trading_day(cn_trading_calendar(is_open=0))
hk_market_history skipped at 16:20 | 
not_trading_day(market_calendar_weekday_fallback(scope=hk, weekday=7))
a_share_history skipped at 16:30 | 
not_trading_day(cn_trading_calendar(is_open=0))
us_market_history skipped at 17:10 | 
not_trading_day(market_calendar_weekday_fallback(scope=us, weekday=7))
Maintenance tick started
Maintenance tick complete
State DB: /home/zj/workspace/stok-mapping/data/maintenance/maintenance.sqlite
As of: 2026-06-07T17:24:01
Dry run: False
Executed runs: 0
financial_factors skipped at 03:30 | 
not_trading_day(cn_trading_calendar(is_open=0))
daily_brief skipped at 07:20 | not_trading_day(cn_trading_calendar(is_open=0))
hk_market_history skipped at 16:20 | 
not_trading_day(market_calendar_weekday_fallback(scope=hk, weekday=7))
a_share_history skipped at 16:30 | 
not_trading_day(cn_trading_calendar(is_open=0))
us_market_history skipped at 17:10 | 
not_trading_day(market_calendar_weekday_fallback(scope=us, weekday=7))
Maintenance tick started
Maintenance tick complete
State DB: /home/zj/workspace/stok-mapping/data/maintenance/maintenance.sqlite
As of: 2026-06-07T17:25:01
Dry run: False
Executed runs: 0
financial_factors skipped at 03:30 | 
not_trading_day(cn_trading_calendar(is_open=0))
daily_brief skipped at 07:20 | not_trading_day(cn_trading_calendar(is_open=0))
hk_market_history skipped at 16:20 | 
not_trading_day(market_calendar_weekday_fallback(scope=hk, weekday=7))
a_share_history skipped at 16:30 | 
not_trading_day(cn_trading_calendar(is_open=0))
us_market_history skipped at 17:10 | 
not_trading_day(market_calendar_weekday_fallback(scope=us, weekday=7))
Maintenance tick started
Maintenance tick complete
State DB: /home/zj/workspace/stok-mapping/data/maintenance/maintenance.sqlite
As of: 2026-06-07T17:26:02
Dry run: False
Executed runs: 0
financial_factors skipped at 03:30 | 
not_trading_day(cn_trading_calendar(is_open=0))
daily_brief skipped at 07:20 | not_trading_day(cn_trading_calendar(is_open=0))
hk_market_history skipped at 16:20 | 
not_trading_day(market_calendar_weekday_fallback(scope=hk, weekday=7))
a_share_history skipped at 16:30 | 
not_trading_day(cn_trading_calendar(is_open=0))
us_market_history skipped at 17:10 | 
not_trading_day(market_calendar_weekday_fallback(scope=us, weekday=7))
Maintenance tick started
Maintenance tick complete
State DB: /home/zj/workspace/stok-mapping/data/maintenance/maintenance.sqlite
As of: 2026-06-07T17:27:03
Dry run: False
Executed runs: 0
financial_factors skipped at 03:30 | 
not_trading_day(cn_trading_calendar(is_open=0))
daily_brief skipped at 07:20 | not_trading_day(cn_trading_calendar(is_open=0))
hk_market_history skipped at 16:20 | 
not_trading_day(market_calendar_weekday_fallback(scope=hk, weekday=7))
a_share_history skipped at 16:30 | 
not_trading_day(cn_trading_calendar(is_open=0))
us_market_history skipped at 17:10 | 
not_trading_day(market_calendar_weekday_fallback(scope=us, weekday=7))
Maintenance tick started
Maintenance tick complete
State DB: /home/zj/workspace/stok-mapping/data/maintenance/maintenance.sqlite
As of: 2026-06-07T17:28:03
Dry run: False
Executed runs: 0
financial_factors skipped at 03:30 | 
not_trading_day(cn_trading_calendar(is_open=0))
daily_brief skipped at 07:20 | not_trading_day(cn_trading_calendar(is_open=0))
hk_market_history skipped at 16:20 | 
not_trading_day(market_calendar_weekday_fallback(scope=hk, weekday=7))
a_share_history skipped at 16:30 | 
not_trading_day(cn_trading_calendar(is_open=0))
us_market_history skipped at 17:10 | 
not_trading_day(market_calendar_weekday_fallback(scope=us, weekday=7))
Maintenance tick started
Maintenance tick complete
State DB: /home/zj/workspace/stok-mapping/data/maintenance/maintenance.sqlite
As of: 2026-06-07T17:29:02
Dry run: False
Executed runs: 0
financial_factors skipped at 03:30 | 
not_trading_day(cn_trading_calendar(is_open=0))
daily_brief skipped at 07:20 | not_trading_day(cn_trading_calendar(is_open=0))
hk_market_history skipped at 16:20 | 
not_trading_day(market_calendar_weekday_fallback(scope=hk, weekday=7))
a_share_history skipped at 16:30 | 
not_trading_day(cn_trading_calendar(is_open=0))
us_market_history skipped at 17:10 | 
not_trading_day(market_calendar_weekday_fallback(scope=us, weekday=7))
Maintenance tick started
Maintenance tick complete
State DB: /home/zj/workspace/stok-mapping/data/maintenance/maintenance.sqlite
As of: 2026-06-07T17:30:01
Dry run: False
Executed runs: 0
financial_factors skipped at 03:30 | 
not_trading_day(cn_trading_calendar(is_open=0))
daily_brief skipped at 07:20 | not_trading_day(cn_trading_calendar(is_open=0))
hk_market_history skipped at 16:20 | 
not_trading_day(market_calendar_weekday_fallback(scope=hk, weekday=7))
a_share_history skipped at 16:30 | 
not_trading_day(cn_trading_calendar(is_open=0))
us_market_history skipped at 17:10 | 
not_trading_day(market_calendar_weekday_fallback(scope=us, weekday=7))
Maintenance tick started
Maintenance tick complete
State DB: /home/zj/workspace/stok-mapping/data/maintenance/maintenance.sqlite
As of: 2026-06-07T17:31:01
Dry run: False
Executed runs: 0
financial_factors skipped at 03:30 | 
not_trading_day(cn_trading_calendar(is_open=0))
daily_brief skipped at 07:20 | not_trading_day(cn_trading_calendar(is_open=0))
hk_market_history skipped at 16:20 | 
not_trading_day(market_calendar_weekday_fallback(scope=hk, weekday=7))
a_share_history skipped at 16:30 | 
not_trading_day(cn_trading_calendar(is_open=0))
us_market_history skipped at 17:10 | 
not_trading_day(market_calendar_weekday_fallback(scope=us, weekday=7))
Maintenance tick started
Maintenance tick complete
State DB: /home/zj/workspace/stok-mapping/data/maintenance/maintenance.sqlite
As of: 2026-06-07T17:32:02
Dry run: False
Executed runs: 0
financial_factors skipped at 03:30 | 
not_trading_day(cn_trading_calendar(is_open=0))
daily_brief skipped at 07:20 | not_trading_day(cn_trading_calendar(is_open=0))
hk_market_history skipped at 16:20 | 
not_trading_day(market_calendar_weekday_fallback(scope=hk, weekday=7))
a_share_history skipped at 16:30 | 
not_trading_day(cn_trading_calendar(is_open=0))
us_market_history skipped at 17:10 | 
not_trading_day(market_calendar_weekday_fallback(scope=us, weekday=7))
Maintenance tick started
Maintenance tick complete
State DB: /home/zj/workspace/stok-mapping/data/maintenance/maintenance.sqlite
As of: 2026-06-07T17:33:02
Dry run: False
Executed runs: 0
financial_factors skipped at 03:30 | 
not_trading_day(cn_trading_calendar(is_open=0))
daily_brief skipped at 07:20 | not_trading_day(cn_trading_calendar(is_open=0))
hk_market_history skipped at 16:20 | 
not_trading_day(market_calendar_weekday_fallback(scope=hk, weekday=7))
a_share_history skipped at 16:30 | 
not_trading_day(cn_trading_calendar(is_open=0))
us_market_history skipped at 17:10 | 
not_trading_day(market_calendar_weekday_fallback(scope=us, weekday=7))
Maintenance tick started
Maintenance tick complete
State DB: /home/zj/workspace/stok-mapping/data/maintenance/maintenance.sqlite
As of: 2026-06-07T17:34:02
Dry run: False
Executed runs: 0
financial_factors skipped at 03:30 | 
not_trading_day(cn_trading_calendar(is_open=0))
daily_brief skipped at 07:20 | not_trading_day(cn_trading_calendar(is_open=0))
hk_market_history skipped at 16:20 | 
not_trading_day(market_calendar_weekday_fallback(scope=hk, weekday=7))
a_share_history skipped at 16:30 | 
not_trading_day(cn_trading_calendar(is_open=0))
us_market_history skipped at 17:10 | 
not_trading_day(market_calendar_weekday_fallback(scope=us, weekday=7))
Maintenance tick started
Maintenance tick complete
State DB: /home/zj/workspace/stok-mapping/data/maintenance/maintenance.sqlite
As of: 2026-06-07T17:35:02
Dry run: False
Executed runs: 0
financial_factors skipped at 03:30 | 
not_trading_day(cn_trading_calendar(is_open=0))
daily_brief skipped at 07:20 | not_trading_day(cn_trading_calendar(is_open=0))
hk_market_history skipped at 16:20 | 
not_trading_day(market_calendar_weekday_fallback(scope=hk, weekday=7))
a_share_history skipped at 16:30 | 
not_trading_day(cn_trading_calendar(is_open=0))
us_market_history skipped at 17:10 | 
not_trading_day(market_calendar_weekday_fallback(scope=us, weekday=7))
Maintenance tick started
Maintenance tick complete
State DB: /home/zj/workspace/stok-mapping/data/maintenance/maintenance.sqlite
As of: 2026-06-07T17:36:02
Dry run: False
Executed runs: 0
financial_factors skipped at 03:30 | 
not_trading_day(cn_trading_calendar(is_open=0))
daily_brief skipped at 07:20 | not_trading_day(cn_trading_calendar(is_open=0))
hk_market_history skipped at 16:20 | 
not_trading_day(market_calendar_weekday_fallback(scope=hk, weekday=7))
a_share_history skipped at 16:30 | 
not_trading_day(cn_trading_calendar(is_open=0))
us_market_history skipped at 17:10 | 
not_trading_day(market_calendar_weekday_fallback(scope=us, weekday=7))
Maintenance tick started
Maintenance tick complete
State DB: /home/zj/workspace/stok-mapping/data/maintenance/maintenance.sqlite
As of: 2026-06-07T17:37:02
Dry run: False
Executed runs: 0
financial_factors skipped at 03:30 | 
not_trading_day(cn_trading_calendar(is_open=0))
daily_brief skipped at 07:20 | not_trading_day(cn_trading_calendar(is_open=0))
hk_market_history skipped at 16:20 | 
not_trading_day(market_calendar_weekday_fallback(scope=hk, weekday=7))
a_share_history skipped at 16:30 | 
not_trading_day(cn_trading_calendar(is_open=0))
us_market_history skipped at 17:10 | 
not_trading_day(market_calendar_weekday_fallback(scope=us, weekday=7))
Maintenance tick started
Maintenance tick complete
State DB: /home/zj/workspace/stok-mapping/data/maintenance/maintenance.sqlite
As of: 2026-06-07T17:38:02
Dry run: False
Executed runs: 0
financial_factors skipped at 03:30 | 
not_trading_day(cn_trading_calendar(is_open=0))
daily_brief skipped at 07:20 | not_trading_day(cn_trading_calendar(is_open=0))
hk_market_history skipped at 16:20 | 
not_trading_day(market_calendar_weekday_fallback(scope=hk, weekday=7))
a_share_history skipped at 16:30 | 
not_trading_day(cn_trading_calendar(is_open=0))
us_market_history skipped at 17:10 | 
not_trading_day(market_calendar_weekday_fallback(scope=us, weekday=7))
Maintenance tick started
Maintenance tick complete
State DB: /home/zj/workspace/stok-mapping/data/maintenance/maintenance.sqlite
As of: 2026-06-07T17:39:02
Dry run: False
Executed runs: 0
financial_factors skipped at 03:30 | 
not_trading_day(cn_trading_calendar(is_open=0))
daily_brief skipped at 07:20 | not_trading_day(cn_trading_calendar(is_open=0))
hk_market_history skipped at 16:20 | 
not_trading_day(market_calendar_weekday_fallback(scope=hk, weekday=7))
a_share_history skipped at 16:30 | 
not_trading_day(cn_trading_calendar(is_open=0))
us_market_history skipped at 17:10 | 
not_trading_day(market_calendar_weekday_fallback(scope=us, weekday=7))
Maintenance tick started
Maintenance tick complete
State DB: /home/zj/workspace/stok-mapping/data/maintenance/maintenance.sqlite
As of: 2026-06-07T17:40:03
Dry run: False
Executed runs: 0
financial_factors skipped at 03:30 | 
not_trading_day(cn_trading_calendar(is_open=0))
daily_brief skipped at 07:20 | not_trading_day(cn_trading_calendar(is_open=0))
hk_market_history skipped at 16:20 | 
not_trading_day(market_calendar_weekday_fallback(scope=hk, weekday=7))
a_share_history skipped at 16:30 | 
not_trading_day(cn_trading_calendar(is_open=0))
us_market_history skipped at 17:10 | 
not_trading_day(market_calendar_weekday_fallback(scope=us, weekday=7))
Maintenance tick started
Maintenance tick complete
State DB: /home/zj/workspace/stok-mapping/data/maintenance/maintenance.sqlite
As of: 2026-06-07T17:41:02
Dry run: False
Executed runs: 0
financial_factors skipped at 03:30 | 
not_trading_day(cn_trading_calendar(is_open=0))
daily_brief skipped at 07:20 | not_trading_day(cn_trading_calendar(is_open=0))
hk_market_history skipped at 16:20 | 
not_trading_day(market_calendar_weekday_fallback(scope=hk, weekday=7))
a_share_history skipped at 16:30 | 
not_trading_day(cn_trading_calendar(is_open=0))
us_market_history skipped at 17:10 | 
not_trading_day(market_calendar_weekday_fallback(scope=us, weekday=7))
Maintenance tick started
Maintenance tick complete
State DB: /home/zj/workspace/stok-mapping/data/maintenance/maintenance.sqlite
As of: 2026-06-07T17:42:03
Dry run: False
Executed runs: 0
financial_factors skipped at 03:30 | 
not_trading_day(cn_trading_calendar(is_open=0))
daily_brief skipped at 07:20 | not_trading_day(cn_trading_calendar(is_open=0))
hk_market_history skipped at 16:20 | 
not_trading_day(market_calendar_weekday_fallback(scope=hk, weekday=7))
a_share_history skipped at 16:30 | 
not_trading_day(cn_trading_calendar(is_open=0))
us_market_history skipped at 17:10 | 
not_trading_day(market_calendar_weekday_fallback(scope=us, weekday=7))
Maintenance tick started
Maintenance tick complete
State DB: /home/zj/workspace/stok-mapping/data/maintenance/maintenance.sqlite
As of: 2026-06-07T17:43:03
Dry run: False
Executed runs: 0
financial_factors skipped at 03:30 | 
not_trading_day(cn_trading_calendar(is_open=0))
daily_brief skipped at 07:20 | not_trading_day(cn_trading_calendar(is_open=0))
hk_market_history skipped at 16:20 | 
not_trading_day(market_calendar_weekday_fallback(scope=hk, weekday=7))
a_share_history skipped at 16:30 | 
not_trading_day(cn_trading_calendar(is_open=0))
us_market_history skipped at 17:10 | 
not_trading_day(market_calendar_weekday_fallback(scope=us, weekday=7))
Maintenance tick started
Maintenance tick complete
State DB: /home/zj/workspace/stok-mapping/data/maintenance/maintenance.sqlite
As of: 2026-06-07T17:44:02
Dry run: False
Executed runs: 0
financial_factors skipped at 03:30 | 
not_trading_day(cn_trading_calendar(is_open=0))
daily_brief skipped at 07:20 | not_trading_day(cn_trading_calendar(is_open=0))
hk_market_history skipped at 16:20 | 
not_trading_day(market_calendar_weekday_fallback(scope=hk, weekday=7))
a_share_history skipped at 16:30 | 
not_trading_day(cn_trading_calendar(is_open=0))
us_market_history skipped at 17:10 | 
not_trading_day(market_calendar_weekday_fallback(scope=us, weekday=7))
Maintenance tick started
Maintenance tick complete
State DB: /home/zj/workspace/stok-mapping/data/maintenance/maintenance.sqlite
As of: 2026-06-07T17:45:03
Dry run: False
Executed runs: 0
financial_factors skipped at 03:30 | 
not_trading_day(cn_trading_calendar(is_open=0))
daily_brief skipped at 07:20 | not_trading_day(cn_trading_calendar(is_open=0))
hk_market_history skipped at 16:20 | 
not_trading_day(market_calendar_weekday_fallback(scope=hk, weekday=7))
a_share_history skipped at 16:30 | 
not_trading_day(cn_trading_calendar(is_open=0))
us_market_history skipped at 17:10 | 
not_trading_day(market_calendar_weekday_fallback(scope=us, weekday=7))
Maintenance tick started
Maintenance tick complete
State DB: /home/zj/workspace/stok-mapping/data/maintenance/maintenance.sqlite
As of: 2026-06-07T17:46:02
Dry run: False
Executed runs: 0
financial_factors skipped at 03:30 | 
not_trading_day(cn_trading_calendar(is_open=0))
daily_brief skipped at 07:20 | not_trading_day(cn_trading_calendar(is_open=0))
hk_market_history skipped at 16:20 | 
not_trading_day(market_calendar_weekday_fallback(scope=hk, weekday=7))
a_share_history skipped at 16:30 | 
not_trading_day(cn_trading_calendar(is_open=0))
us_market_history skipped at 17:10 | 
not_trading_day(market_calendar_weekday_fallback(scope=us, weekday=7))
Maintenance tick started
Maintenance tick complete
State DB: /home/zj/workspace/stok-mapping/data/maintenance/maintenance.sqlite
As of: 2026-06-07T17:47:02
Dry run: False
Executed runs: 0
financial_factors skipped at 03:30 | 
not_trading_day(cn_trading_calendar(is_open=0))
daily_brief skipped at 07:20 | not_trading_day(cn_trading_calendar(is_open=0))
hk_market_history skipped at 16:20 | 
not_trading_day(market_calendar_weekday_fallback(scope=hk, weekday=7))
a_share_history skipped at 16:30 | 
not_trading_day(cn_trading_calendar(is_open=0))
us_market_history skipped at 17:10 | 
not_trading_day(market_calendar_weekday_fallback(scope=us, weekday=7))
Maintenance tick started
Maintenance tick complete
State DB: /home/zj/workspace/stok-mapping/data/maintenance/maintenance.sqlite
As of: 2026-06-07T17:48:03
Dry run: False
Executed runs: 0
financial_factors skipped at 03:30 | 
not_trading_day(cn_trading_calendar(is_open=0))
daily_brief skipped at 07:20 | not_trading_day(cn_trading_calendar(is_open=0))
hk_market_history skipped at 16:20 | 
not_trading_day(market_calendar_weekday_fallback(scope=hk, weekday=7))
a_share_history skipped at 16:30 | 
not_trading_day(cn_trading_calendar(is_open=0))
us_market_history skipped at 17:10 | 
not_trading_day(market_calendar_weekday_fallback(scope=us, weekday=7))
Maintenance tick started
Maintenance tick complete
State DB: /home/zj/workspace/stok-mapping/data/maintenance/maintenance.sqlite
As of: 2026-06-07T17:49:02
Dry run: False
Executed runs: 0
financial_factors skipped at 03:30 | 
not_trading_day(cn_trading_calendar(is_open=0))
daily_brief skipped at 07:20 | not_trading_day(cn_trading_calendar(is_open=0))
hk_market_history skipped at 16:20 | 
not_trading_day(market_calendar_weekday_fallback(scope=hk, weekday=7))
a_share_history skipped at 16:30 | 
not_trading_day(cn_trading_calendar(is_open=0))
us_market_history skipped at 17:10 | 
not_trading_day(market_calendar_weekday_fallback(scope=us, weekday=7))
Maintenance tick started
Maintenance tick complete
State DB: /home/zj/workspace/stok-mapping/data/maintenance/maintenance.sqlite
As of: 2026-06-07T17:50:02
Dry run: False
Executed runs: 0
financial_factors skipped at 03:30 | 
not_trading_day(cn_trading_calendar(is_open=0))
daily_brief skipped at 07:20 | not_trading_day(cn_trading_calendar(is_open=0))
hk_market_history skipped at 16:20 | 
not_trading_day(market_calendar_weekday_fallback(scope=hk, weekday=7))
a_share_history skipped at 16:30 | 
not_trading_day(cn_trading_calendar(is_open=0))
us_market_history skipped at 17:10 | 
not_trading_day(market_calendar_weekday_fallback(scope=us, weekday=7))
Maintenance tick started
Maintenance tick complete
State DB: /home/zj/workspace/stok-mapping/data/maintenance/maintenance.sqlite
As of: 2026-06-07T17:51:02
Dry run: False
Executed runs: 0
financial_factors skipped at 03:30 | 
not_trading_day(cn_trading_calendar(is_open=0))
daily_brief skipped at 07:20 | not_trading_day(cn_trading_calendar(is_open=0))
hk_market_history skipped at 16:20 | 
not_trading_day(market_calendar_weekday_fallback(scope=hk, weekday=7))
a_share_history skipped at 16:30 | 
not_trading_day(cn_trading_calendar(is_open=0))
us_market_history skipped at 17:10 | 
not_trading_day(market_calendar_weekday_fallback(scope=us, weekday=7))
Maintenance tick started
Maintenance tick complete
State DB: /home/zj/workspace/stok-mapping/data/maintenance/maintenance.sqlite
As of: 2026-06-07T17:52:03
Dry run: False
Executed runs: 0
financial_factors skipped at 03:30 | 
not_trading_day(cn_trading_calendar(is_open=0))
daily_brief skipped at 07:20 | not_trading_day(cn_trading_calendar(is_open=0))
hk_market_history skipped at 16:20 | 
not_trading_day(market_calendar_weekday_fallback(scope=hk, weekday=7))
a_share_history skipped at 16:30 | 
not_trading_day(cn_trading_calendar(is_open=0))
us_market_history skipped at 17:10 | 
not_trading_day(market_calendar_weekday_fallback(scope=us, weekday=7))
Maintenance tick started
Maintenance tick complete
State DB: /home/zj/workspace/stok-mapping/data/maintenance/maintenance.sqlite
As of: 2026-06-07T17:53:03
Dry run: False
Executed runs: 0
financial_factors skipped at 03:30 | 
not_trading_day(cn_trading_calendar(is_open=0))
daily_brief skipped at 07:20 | not_trading_day(cn_trading_calendar(is_open=0))
hk_market_history skipped at 16:20 | 
not_trading_day(market_calendar_weekday_fallback(scope=hk, weekday=7))
a_share_history skipped at 16:30 | 
not_trading_day(cn_trading_calendar(is_open=0))
us_market_history skipped at 17:10 | 
not_trading_day(market_calendar_weekday_fallback(scope=us, weekday=7))
Maintenance tick started
Maintenance tick complete
State DB: /home/zj/workspace/stok-mapping/data/maintenance/maintenance.sqlite
As of: 2026-06-07T17:54:03
Dry run: False
Executed runs: 0
financial_factors skipped at 03:30 | 
not_trading_day(cn_trading_calendar(is_open=0))
daily_brief skipped at 07:20 | not_trading_day(cn_trading_calendar(is_open=0))
hk_market_history skipped at 16:20 | 
not_trading_day(market_calendar_weekday_fallback(scope=hk, weekday=7))
a_share_history skipped at 16:30 | 
not_trading_day(cn_trading_calendar(is_open=0))
us_market_history skipped at 17:10 | 
not_trading_day(market_calendar_weekday_fallback(scope=us, weekday=7))
Maintenance tick started
Maintenance tick complete
State DB: /home/zj/workspace/stok-mapping/data/maintenance/maintenance.sqlite
As of: 2026-06-07T17:55:03
Dry run: False
Executed runs: 0
financial_factors skipped at 03:30 | 
not_trading_day(cn_trading_calendar(is_open=0))
daily_brief skipped at 07:20 | not_trading_day(cn_trading_calendar(is_open=0))
hk_market_history skipped at 16:20 | 
not_trading_day(market_calendar_weekday_fallback(scope=hk, weekday=7))
a_share_history skipped at 16:30 | 
not_trading_day(cn_trading_calendar(is_open=0))
us_market_history skipped at 17:10 | 
not_trading_day(market_calendar_weekday_fallback(scope=us, weekday=7))
Maintenance tick started
Maintenance tick complete
State DB: /home/zj/workspace/stok-mapping/data/maintenance/maintenance.sqlite
As of: 2026-06-07T17:56:02
Dry run: False
Executed runs: 0
financial_factors skipped at 03:30 | 
not_trading_day(cn_trading_calendar(is_open=0))
daily_brief skipped at 07:20 | not_trading_day(cn_trading_calendar(is_open=0))
hk_market_history skipped at 16:20 | 
not_trading_day(market_calendar_weekday_fallback(scope=hk, weekday=7))
a_share_history skipped at 16:30 | 
not_trading_day(cn_trading_calendar(is_open=0))
us_market_history skipped at 17:10 | 
not_trading_day(market_calendar_weekday_fallback(scope=us, weekday=7))
Maintenance tick started
Maintenance tick complete
State DB: /home/zj/workspace/stok-mapping/data/maintenance/maintenance.sqlite
As of: 2026-06-07T17:57:02
Dry run: False
Executed runs: 0
financial_factors skipped at 03:30 | 
not_trading_day(cn_trading_calendar(is_open=0))
daily_brief skipped at 07:20 | not_trading_day(cn_trading_calendar(is_open=0))
hk_market_history skipped at 16:20 | 
not_trading_day(market_calendar_weekday_fallback(scope=hk, weekday=7))
a_share_history skipped at 16:30 | 
not_trading_day(cn_trading_calendar(is_open=0))
us_market_history skipped at 17:10 | 
not_trading_day(market_calendar_weekday_fallback(scope=us, weekday=7))
Maintenance tick started
Maintenance tick complete
State DB: /home/zj/workspace/stok-mapping/data/maintenance/maintenance.sqlite
As of: 2026-06-07T17:58:03
Dry run: False
Executed runs: 0
financial_factors skipped at 03:30 | 
not_trading_day(cn_trading_calendar(is_open=0))
daily_brief skipped at 07:20 | not_trading_day(cn_trading_calendar(is_open=0))
hk_market_history skipped at 16:20 | 
not_trading_day(market_calendar_weekday_fallback(scope=hk, weekday=7))
a_share_history skipped at 16:30 | 
not_trading_day(cn_trading_calendar(is_open=0))
us_market_history skipped at 17:10 | 
not_trading_day(market_calendar_weekday_fallback(scope=us, weekday=7))
Maintenance tick started
Maintenance tick complete
State DB: /home/zj/workspace/stok-mapping/data/maintenance/maintenance.sqlite
As of: 2026-06-07T17:59:02
Dry run: False
Executed runs: 0
financial_factors skipped at 03:30 | 
not_trading_day(cn_trading_calendar(is_open=0))
daily_brief skipped at 07:20 | not_trading_day(cn_trading_calendar(is_open=0))
hk_market_history skipped at 16:20 | 
not_trading_day(market_calendar_weekday_fallback(scope=hk, weekday=7))
a_share_history skipped at 16:30 | 
not_trading_day(cn_trading_calendar(is_open=0))
us_market_history skipped at 17:10 | 
not_trading_day(market_calendar_weekday_fallback(scope=us, weekday=7))
Maintenance tick started
Maintenance tick complete
State DB: /home/zj/workspace/stok-mapping/data/maintenance/maintenance.sqlite
As of: 2026-06-07T18:00:03
Dry run: False
Executed runs: 0
financial_factors skipped at 03:30 | 
not_trading_day(cn_trading_calendar(is_open=0))
daily_brief skipped at 07:20 | not_trading_day(cn_trading_calendar(is_open=0))
hk_market_history skipped at 16:20 | 
not_trading_day(market_calendar_weekday_fallback(scope=hk, weekday=7))
a_share_history skipped at 16:30 | 
not_trading_day(cn_trading_calendar(is_open=0))
us_market_history skipped at 17:10 | 
not_trading_day(market_calendar_weekday_fallback(scope=us, weekday=7))
Maintenance tick started
Maintenance tick complete
State DB: /home/zj/workspace/stok-mapping/data/maintenance/maintenance.sqlite
As of: 2026-06-07T18:01:02
Dry run: False
Executed runs: 0
financial_factors skipped at 03:30 | 
not_trading_day(cn_trading_calendar(is_open=0))
daily_brief skipped at 07:20 | not_trading_day(cn_trading_calendar(is_open=0))
hk_market_history skipped at 16:20 | 
not_trading_day(market_calendar_weekday_fallback(scope=hk, weekday=7))
a_share_history skipped at 16:30 | 
not_trading_day(cn_trading_calendar(is_open=0))
us_market_history skipped at 17:10 | 
not_trading_day(market_calendar_weekday_fallback(scope=us, weekday=7))
Maintenance tick started
Maintenance tick complete
State DB: /home/zj/workspace/stok-mapping/data/maintenance/maintenance.sqlite
As of: 2026-06-07T18:02:02
Dry run: False
Executed runs: 0
financial_factors skipped at 03:30 | 
not_trading_day(cn_trading_calendar(is_open=0))
daily_brief skipped at 07:20 | not_trading_day(cn_trading_calendar(is_open=0))
hk_market_history skipped at 16:20 | 
not_trading_day(market_calendar_weekday_fallback(scope=hk, weekday=7))
a_share_history skipped at 16:30 | 
not_trading_day(cn_trading_calendar(is_open=0))
us_market_history skipped at 17:10 | 
not_trading_day(market_calendar_weekday_fallback(scope=us, weekday=7))
Maintenance tick started
Maintenance tick complete
State DB: /home/zj/workspace/stok-mapping/data/maintenance/maintenance.sqlite
As of: 2026-06-07T18:03:02
Dry run: False
Executed runs: 0
financial_factors skipped at 03:30 | 
not_trading_day(cn_trading_calendar(is_open=0))
daily_brief skipped at 07:20 | not_trading_day(cn_trading_calendar(is_open=0))
hk_market_history skipped at 16:20 | 
not_trading_day(market_calendar_weekday_fallback(scope=hk, weekday=7))
a_share_history skipped at 16:30 | 
not_trading_day(cn_trading_calendar(is_open=0))
us_market_history skipped at 17:10 | 
not_trading_day(market_calendar_weekday_fallback(scope=us, weekday=7))
Maintenance tick started
Maintenance tick complete
State DB: /home/zj/workspace/stok-mapping/data/maintenance/maintenance.sqlite
As of: 2026-06-07T18:04:02
Dry run: False
Executed runs: 0
financial_factors skipped at 03:30 | 
not_trading_day(cn_trading_calendar(is_open=0))
daily_brief skipped at 07:20 | not_trading_day(cn_trading_calendar(is_open=0))
hk_market_history skipped at 16:20 | 
not_trading_day(market_calendar_weekday_fallback(scope=hk, weekday=7))
a_share_history skipped at 16:30 | 
not_trading_day(cn_trading_calendar(is_open=0))
us_market_history skipped at 17:10 | 
not_trading_day(market_calendar_weekday_fallback(scope=us, weekday=7))
Maintenance tick started
Maintenance tick complete
State DB: /home/zj/workspace/stok-mapping/data/maintenance/maintenance.sqlite
As of: 2026-06-07T18:05:03
Dry run: False
Executed runs: 0
financial_factors skipped at 03:30 | 
not_trading_day(cn_trading_calendar(is_open=0))
daily_brief skipped at 07:20 | not_trading_day(cn_trading_calendar(is_open=0))
hk_market_history skipped at 16:20 | 
not_trading_day(market_calendar_weekday_fallback(scope=hk, weekday=7))
a_share_history skipped at 16:30 | 
not_trading_day(cn_trading_calendar(is_open=0))
us_market_history skipped at 17:10 | 
not_trading_day(market_calendar_weekday_fallback(scope=us, weekday=7))
Maintenance tick started
Maintenance tick complete
State DB: /home/zj/workspace/stok-mapping/data/maintenance/maintenance.sqlite
As of: 2026-06-07T18:06:02
Dry run: False
Executed runs: 0
financial_factors skipped at 03:30 | 
not_trading_day(cn_trading_calendar(is_open=0))
daily_brief skipped at 07:20 | not_trading_day(cn_trading_calendar(is_open=0))
hk_market_history skipped at 16:20 | 
not_trading_day(market_calendar_weekday_fallback(scope=hk, weekday=7))
a_share_history skipped at 16:30 | 
not_trading_day(cn_trading_calendar(is_open=0))
us_market_history skipped at 17:10 | 
not_trading_day(market_calendar_weekday_fallback(scope=us, weekday=7))
Maintenance tick started
Maintenance tick complete
State DB: /home/zj/workspace/stok-mapping/data/maintenance/maintenance.sqlite
As of: 2026-06-07T18:07:02
Dry run: False
Executed runs: 0
financial_factors skipped at 03:30 | 
not_trading_day(cn_trading_calendar(is_open=0))
daily_brief skipped at 07:20 | not_trading_day(cn_trading_calendar(is_open=0))
hk_market_history skipped at 16:20 | 
not_trading_day(market_calendar_weekday_fallback(scope=hk, weekday=7))
a_share_history skipped at 16:30 | 
not_trading_day(cn_trading_calendar(is_open=0))
us_market_history skipped at 17:10 | 
not_trading_day(market_calendar_weekday_fallback(scope=us, weekday=7))
Maintenance tick started
Maintenance tick complete
State DB: /home/zj/workspace/stok-mapping/data/maintenance/maintenance.sqlite
As of: 2026-06-07T18:08:02
Dry run: False
Executed runs: 0
financial_factors skipped at 03:30 | 
not_trading_day(cn_trading_calendar(is_open=0))
daily_brief skipped at 07:20 | not_trading_day(cn_trading_calendar(is_open=0))
hk_market_history skipped at 16:20 | 
not_trading_day(market_calendar_weekday_fallback(scope=hk, weekday=7))
a_share_history skipped at 16:30 | 
not_trading_day(cn_trading_calendar(is_open=0))
us_market_history skipped at 17:10 | 
not_trading_day(market_calendar_weekday_fallback(scope=us, weekday=7))
Maintenance tick started
Maintenance tick complete
State DB: /home/zj/workspace/stok-mapping/data/maintenance/maintenance.sqlite
As of: 2026-06-07T18:09:02
Dry run: False
Executed runs: 0
financial_factors skipped at 03:30 | 
not_trading_day(cn_trading_calendar(is_open=0))
daily_brief skipped at 07:20 | not_trading_day(cn_trading_calendar(is_open=0))
hk_market_history skipped at 16:20 | 
not_trading_day(market_calendar_weekday_fallback(scope=hk, weekday=7))
a_share_history skipped at 16:30 | 
not_trading_day(cn_trading_calendar(is_open=0))
us_market_history skipped at 17:10 | 
not_trading_day(market_calendar_weekday_fallback(scope=us, weekday=7))
Maintenance tick started
Maintenance tick complete
State DB: /home/zj/workspace/stok-mapping/data/maintenance/maintenance.sqlite
As of: 2026-06-07T18:10:01
Dry run: False
Executed runs: 0
financial_factors skipped at 03:30 | 
not_trading_day(cn_trading_calendar(is_open=0))
daily_brief skipped at 07:20 | not_trading_day(cn_trading_calendar(is_open=0))
hk_market_history skipped at 16:20 | 
not_trading_day(market_calendar_weekday_fallback(scope=hk, weekday=7))
a_share_history skipped at 16:30 | 
not_trading_day(cn_trading_calendar(is_open=0))
us_market_history skipped at 17:10 | 
not_trading_day(market_calendar_weekday_fallback(scope=us, weekday=7))
Maintenance tick started
Maintenance tick complete
State DB: /home/zj/workspace/stok-mapping/data/maintenance/maintenance.sqlite
As of: 2026-06-07T18:11:02
Dry run: False
Executed runs: 0
financial_factors skipped at 03:30 | 
not_trading_day(cn_trading_calendar(is_open=0))
daily_brief skipped at 07:20 | not_trading_day(cn_trading_calendar(is_open=0))
hk_market_history skipped at 16:20 | 
not_trading_day(market_calendar_weekday_fallback(scope=hk, weekday=7))
a_share_history skipped at 16:30 | 
not_trading_day(cn_trading_calendar(is_open=0))
us_market_history skipped at 17:10 | 
not_trading_day(market_calendar_weekday_fallback(scope=us, weekday=7))
Maintenance tick started
Maintenance tick complete
State DB: /home/zj/workspace/stok-mapping/data/maintenance/maintenance.sqlite
As of: 2026-06-07T18:12:02
Dry run: False
Executed runs: 0
financial_factors skipped at 03:30 | 
not_trading_day(cn_trading_calendar(is_open=0))
daily_brief skipped at 07:20 | not_trading_day(cn_trading_calendar(is_open=0))
hk_market_history skipped at 16:20 | 
not_trading_day(market_calendar_weekday_fallback(scope=hk, weekday=7))
a_share_history skipped at 16:30 | 
not_trading_day(cn_trading_calendar(is_open=0))
us_market_history skipped at 17:10 | 
not_trading_day(market_calendar_weekday_fallback(scope=us, weekday=7))
Maintenance tick started
Maintenance tick complete
State DB: /home/zj/workspace/stok-mapping/data/maintenance/maintenance.sqlite
As of: 2026-06-07T18:13:02
Dry run: False
Executed runs: 0
financial_factors skipped at 03:30 | 
not_trading_day(cn_trading_calendar(is_open=0))
daily_brief skipped at 07:20 | not_trading_day(cn_trading_calendar(is_open=0))
hk_market_history skipped at 16:20 | 
not_trading_day(market_calendar_weekday_fallback(scope=hk, weekday=7))
a_share_history skipped at 16:30 | 
not_trading_day(cn_trading_calendar(is_open=0))
us_market_history skipped at 17:10 | 
not_trading_day(market_calendar_weekday_fallback(scope=us, weekday=7))
Maintenance tick started
Maintenance tick complete
State DB: /home/zj/workspace/stok-mapping/data/maintenance/maintenance.sqlite
As of: 2026-06-07T18:14:01
Dry run: False
Executed runs: 0
financial_factors skipped at 03:30 | 
not_trading_day(cn_trading_calendar(is_open=0))
daily_brief skipped at 07:20 | not_trading_day(cn_trading_calendar(is_open=0))
hk_market_history skipped at 16:20 | 
not_trading_day(market_calendar_weekday_fallback(scope=hk, weekday=7))
a_share_history skipped at 16:30 | 
not_trading_day(cn_trading_calendar(is_open=0))
us_market_history skipped at 17:10 | 
not_trading_day(market_calendar_weekday_fallback(scope=us, weekday=7))
Maintenance tick started
Maintenance tick complete
State DB: /home/zj/workspace/stok-mapping/data/maintenance/maintenance.sqlite
As of: 2026-06-07T18:15:02
Dry run: False
Executed runs: 0
financial_factors skipped at 03:30 | 
not_trading_day(cn_trading_calendar(is_open=0))
daily_brief skipped at 07:20 | not_trading_day(cn_trading_calendar(is_open=0))
hk_market_history skipped at 16:20 | 
not_trading_day(market_calendar_weekday_fallback(scope=hk, weekday=7))
a_share_history skipped at 16:30 | 
not_trading_day(cn_trading_calendar(is_open=0))
us_market_history skipped at 17:10 | 
not_trading_day(market_calendar_weekday_fallback(scope=us, weekday=7))
Maintenance tick started
Maintenance tick complete
State DB: /home/zj/workspace/stok-mapping/data/maintenance/maintenance.sqlite
As of: 2026-06-07T18:16:01
Dry run: False
Executed runs: 0
financial_factors skipped at 03:30 | 
not_trading_day(cn_trading_calendar(is_open=0))
daily_brief skipped at 07:20 | not_trading_day(cn_trading_calendar(is_open=0))
hk_market_history skipped at 16:20 | 
not_trading_day(market_calendar_weekday_fallback(scope=hk, weekday=7))
a_share_history skipped at 16:30 | 
not_trading_day(cn_trading_calendar(is_open=0))
us_market_history skipped at 17:10 | 
not_trading_day(market_calendar_weekday_fallback(scope=us, weekday=7))
Maintenance tick started
Maintenance tick complete
State DB: /home/zj/workspace/stok-mapping/data/maintenance/maintenance.sqlite
As of: 2026-06-07T18:17:02
Dry run: False
Executed runs: 0
financial_factors skipped at 03:30 | 
not_trading_day(cn_trading_calendar(is_open=0))
daily_brief skipped at 07:20 | not_trading_day(cn_trading_calendar(is_open=0))
hk_market_history skipped at 16:20 | 
not_trading_day(market_calendar_weekday_fallback(scope=hk, weekday=7))
a_share_history skipped at 16:30 | 
not_trading_day(cn_trading_calendar(is_open=0))
us_market_history skipped at 17:10 | 
not_trading_day(market_calendar_weekday_fallback(scope=us, weekday=7))
Maintenance tick started
Maintenance tick complete
State DB: /home/zj/workspace/stok-mapping/data/maintenance/maintenance.sqlite
As of: 2026-06-07T18:18:02
Dry run: False
Executed runs: 0
financial_factors skipped at 03:30 | 
not_trading_day(cn_trading_calendar(is_open=0))
daily_brief skipped at 07:20 | not_trading_day(cn_trading_calendar(is_open=0))
hk_market_history skipped at 16:20 | 
not_trading_day(market_calendar_weekday_fallback(scope=hk, weekday=7))
a_share_history skipped at 16:30 | 
not_trading_day(cn_trading_calendar(is_open=0))
us_market_history skipped at 17:10 | 
not_trading_day(market_calendar_weekday_fallback(scope=us, weekday=7))
Maintenance tick started
Maintenance tick complete
State DB: /home/zj/workspace/stok-mapping/data/maintenance/maintenance.sqlite
As of: 2026-06-07T18:19:02
Dry run: False
Executed runs: 0
financial_factors skipped at 03:30 | 
not_trading_day(cn_trading_calendar(is_open=0))
daily_brief skipped at 07:20 | not_trading_day(cn_trading_calendar(is_open=0))
hk_market_history skipped at 16:20 | 
not_trading_day(market_calendar_weekday_fallback(scope=hk, weekday=7))
a_share_history skipped at 16:30 | 
not_trading_day(cn_trading_calendar(is_open=0))
us_market_history skipped at 17:10 | 
not_trading_day(market_calendar_weekday_fallback(scope=us, weekday=7))
Maintenance tick started
Maintenance tick complete
State DB: /home/zj/workspace/stok-mapping/data/maintenance/maintenance.sqlite
As of: 2026-06-07T18:20:02
Dry run: False
Executed runs: 0
financial_factors skipped at 03:30 | 
not_trading_day(cn_trading_calendar(is_open=0))
daily_brief skipped at 07:20 | not_trading_day(cn_trading_calendar(is_open=0))
hk_market_history skipped at 16:20 | 
not_trading_day(market_calendar_weekday_fallback(scope=hk, weekday=7))
a_share_history skipped at 16:30 | 
not_trading_day(cn_trading_calendar(is_open=0))
us_market_history skipped at 17:10 | 
not_trading_day(market_calendar_weekday_fallback(scope=us, weekday=7))
Maintenance tick started
Maintenance tick complete
State DB: /home/zj/workspace/stok-mapping/data/maintenance/maintenance.sqlite
As of: 2026-06-07T18:21:02
Dry run: False
Executed runs: 0
financial_factors skipped at 03:30 | 
not_trading_day(cn_trading_calendar(is_open=0))
daily_brief skipped at 07:20 | not_trading_day(cn_trading_calendar(is_open=0))
hk_market_history skipped at 16:20 | 
not_trading_day(market_calendar_weekday_fallback(scope=hk, weekday=7))
a_share_history skipped at 16:30 | 
not_trading_day(cn_trading_calendar(is_open=0))
us_market_history skipped at 17:10 | 
not_trading_day(market_calendar_weekday_fallback(scope=us, weekday=7))
Maintenance tick started
Maintenance tick complete
State DB: /home/zj/workspace/stok-mapping/data/maintenance/maintenance.sqlite
As of: 2026-06-07T18:22:03
Dry run: False
Executed runs: 0
financial_factors skipped at 03:30 | 
not_trading_day(cn_trading_calendar(is_open=0))
daily_brief skipped at 07:20 | not_trading_day(cn_trading_calendar(is_open=0))
hk_market_history skipped at 16:20 | 
not_trading_day(market_calendar_weekday_fallback(scope=hk, weekday=7))
a_share_history skipped at 16:30 | 
not_trading_day(cn_trading_calendar(is_open=0))
us_market_history skipped at 17:10 | 
not_trading_day(market_calendar_weekday_fallback(scope=us, weekday=7))
Maintenance tick started
Maintenance tick complete
State DB: /home/zj/workspace/stok-mapping/data/maintenance/maintenance.sqlite
As of: 2026-06-07T18:23:02
Dry run: False
Executed runs: 0
financial_factors skipped at 03:30 | 
not_trading_day(cn_trading_calendar(is_open=0))
daily_brief skipped at 07:20 | not_trading_day(cn_trading_calendar(is_open=0))
hk_market_history skipped at 16:20 | 
not_trading_day(market_calendar_weekday_fallback(scope=hk, weekday=7))
a_share_history skipped at 16:30 | 
not_trading_day(cn_trading_calendar(is_open=0))
us_market_history skipped at 17:10 | 
not_trading_day(market_calendar_weekday_fallback(scope=us, weekday=7))
Maintenance tick started
Maintenance tick complete
State DB: /home/zj/workspace/stok-mapping/data/maintenance/maintenance.sqlite
As of: 2026-06-07T18:24:02
Dry run: False
Executed runs: 0
financial_factors skipped at 03:30 | 
not_trading_day(cn_trading_calendar(is_open=0))
daily_brief skipped at 07:20 | not_trading_day(cn_trading_calendar(is_open=0))
hk_market_history skipped at 16:20 | 
not_trading_day(market_calendar_weekday_fallback(scope=hk, weekday=7))
a_share_history skipped at 16:30 | 
not_trading_day(cn_trading_calendar(is_open=0))
us_market_history skipped at 17:10 | 
not_trading_day(market_calendar_weekday_fallback(scope=us, weekday=7))
Maintenance tick started
Maintenance tick complete
State DB: /home/zj/workspace/stok-mapping/data/maintenance/maintenance.sqlite
As of: 2026-06-07T18:25:03
Dry run: False
Executed runs: 0
financial_factors skipped at 03:30 | 
not_trading_day(cn_trading_calendar(is_open=0))
daily_brief skipped at 07:20 | not_trading_day(cn_trading_calendar(is_open=0))
hk_market_history skipped at 16:20 | 
not_trading_day(market_calendar_weekday_fallback(scope=hk, weekday=7))
a_share_history skipped at 16:30 | 
not_trading_day(cn_trading_calendar(is_open=0))
us_market_history skipped at 17:10 | 
not_trading_day(market_calendar_weekday_fallback(scope=us, weekday=7))
Maintenance tick started
Maintenance tick complete
State DB: /home/zj/workspace/stok-mapping/data/maintenance/maintenance.sqlite
As of: 2026-06-07T18:26:02
Dry run: False
Executed runs: 0
financial_factors skipped at 03:30 | 
not_trading_day(cn_trading_calendar(is_open=0))
daily_brief skipped at 07:20 | not_trading_day(cn_trading_calendar(is_open=0))
hk_market_history skipped at 16:20 | 
not_trading_day(market_calendar_weekday_fallback(scope=hk, weekday=7))
a_share_history skipped at 16:30 | 
not_trading_day(cn_trading_calendar(is_open=0))
us_market_history skipped at 17:10 | 
not_trading_day(market_calendar_weekday_fallback(scope=us, weekday=7))
Maintenance tick started
Maintenance tick complete
State DB: /home/zj/workspace/stok-mapping/data/maintenance/maintenance.sqlite
As of: 2026-06-07T18:27:02
Dry run: False
Executed runs: 0
financial_factors skipped at 03:30 | 
not_trading_day(cn_trading_calendar(is_open=0))
daily_brief skipped at 07:20 | not_trading_day(cn_trading_calendar(is_open=0))
hk_market_history skipped at 16:20 | 
not_trading_day(market_calendar_weekday_fallback(scope=hk, weekday=7))
a_share_history skipped at 16:30 | 
not_trading_day(cn_trading_calendar(is_open=0))
us_market_history skipped at 17:10 | 
not_trading_day(market_calendar_weekday_fallback(scope=us, weekday=7))
Maintenance tick started
Maintenance tick complete
State DB: /home/zj/workspace/stok-mapping/data/maintenance/maintenance.sqlite
As of: 2026-06-07T18:28:02
Dry run: False
Executed runs: 0
financial_factors skipped at 03:30 | 
not_trading_day(cn_trading_calendar(is_open=0))
daily_brief skipped at 07:20 | not_trading_day(cn_trading_calendar(is_open=0))
hk_market_history skipped at 16:20 | 
not_trading_day(market_calendar_weekday_fallback(scope=hk, weekday=7))
a_share_history skipped at 16:30 | 
not_trading_day(cn_trading_calendar(is_open=0))
us_market_history skipped at 17:10 | 
not_trading_day(market_calendar_weekday_fallback(scope=us, weekday=7))
Maintenance tick started
Maintenance tick complete
State DB: /home/zj/workspace/stok-mapping/data/maintenance/maintenance.sqlite
As of: 2026-06-07T18:29:02
Dry run: False
Executed runs: 0
financial_factors skipped at 03:30 | 
not_trading_day(cn_trading_calendar(is_open=0))
daily_brief skipped at 07:20 | not_trading_day(cn_trading_calendar(is_open=0))
hk_market_history skipped at 16:20 | 
not_trading_day(market_calendar_weekday_fallback(scope=hk, weekday=7))
a_share_history skipped at 16:30 | 
not_trading_day(cn_trading_calendar(is_open=0))
us_market_history skipped at 17:10 | 
not_trading_day(market_calendar_weekday_fallback(scope=us, weekday=7))
Maintenance tick started
Maintenance tick complete
State DB: /home/zj/workspace/stok-mapping/data/maintenance/maintenance.sqlite
As of: 2026-06-07T18:30:02
Dry run: False
Executed runs: 0
financial_factors skipped at 03:30 | 
not_trading_day(cn_trading_calendar(is_open=0))
daily_brief skipped at 07:20 | not_trading_day(cn_trading_calendar(is_open=0))
hk_market_history skipped at 16:20 | 
not_trading_day(market_calendar_weekday_fallback(scope=hk, weekday=7))
a_share_history skipped at 16:30 | 
not_trading_day(cn_trading_calendar(is_open=0))
us_market_history skipped at 17:10 | 
not_trading_day(market_calendar_weekday_fallback(scope=us, weekday=7))
Maintenance tick started
Maintenance tick complete
State DB: /home/zj/workspace/stok-mapping/data/maintenance/maintenance.sqlite
As of: 2026-06-07T18:31:02
Dry run: False
Executed runs: 0
financial_factors skipped at 03:30 | 
not_trading_day(cn_trading_calendar(is_open=0))
daily_brief skipped at 07:20 | not_trading_day(cn_trading_calendar(is_open=0))
hk_market_history skipped at 16:20 | 
not_trading_day(market_calendar_weekday_fallback(scope=hk, weekday=7))
a_share_history skipped at 16:30 | 
not_trading_day(cn_trading_calendar(is_open=0))
us_market_history skipped at 17:10 | 
not_trading_day(market_calendar_weekday_fallback(scope=us, weekday=7))
Maintenance tick started
Maintenance tick complete
State DB: /home/zj/workspace/stok-mapping/data/maintenance/maintenance.sqlite
As of: 2026-06-07T18:32:02
Dry run: False
Executed runs: 0
financial_factors skipped at 03:30 | 
not_trading_day(cn_trading_calendar(is_open=0))
daily_brief skipped at 07:20 | not_trading_day(cn_trading_calendar(is_open=0))
hk_market_history skipped at 16:20 | 
not_trading_day(market_calendar_weekday_fallback(scope=hk, weekday=7))
a_share_history skipped at 16:30 | 
not_trading_day(cn_trading_calendar(is_open=0))
us_market_history skipped at 17:10 | 
not_trading_day(market_calendar_weekday_fallback(scope=us, weekday=7))
Maintenance tick started
Maintenance tick complete
State DB: /home/zj/workspace/stok-mapping/data/maintenance/maintenance.sqlite
As of: 2026-06-07T18:33:02
Dry run: False
Executed runs: 0
financial_factors skipped at 03:30 | 
not_trading_day(cn_trading_calendar(is_open=0))
daily_brief skipped at 07:20 | not_trading_day(cn_trading_calendar(is_open=0))
hk_market_history skipped at 16:20 | 
not_trading_day(market_calendar_weekday_fallback(scope=hk, weekday=7))
a_share_history skipped at 16:30 | 
not_trading_day(cn_trading_calendar(is_open=0))
us_market_history skipped at 17:10 | 
not_trading_day(market_calendar_weekday_fallback(scope=us, weekday=7))
Maintenance tick started
Maintenance tick complete
State DB: /home/zj/workspace/stok-mapping/data/maintenance/maintenance.sqlite
As of: 2026-06-07T18:34:02
Dry run: False
Executed runs: 0
financial_factors skipped at 03:30 | 
not_trading_day(cn_trading_calendar(is_open=0))
daily_brief skipped at 07:20 | not_trading_day(cn_trading_calendar(is_open=0))
hk_market_history skipped at 16:20 | 
not_trading_day(market_calendar_weekday_fallback(scope=hk, weekday=7))
a_share_history skipped at 16:30 | 
not_trading_day(cn_trading_calendar(is_open=0))
us_market_history skipped at 17:10 | 
not_trading_day(market_calendar_weekday_fallback(scope=us, weekday=7))
Maintenance tick started
Maintenance tick complete
State DB: /home/zj/workspace/stok-mapping/data/maintenance/maintenance.sqlite
As of: 2026-06-07T18:35:02
Dry run: False
Executed runs: 0
financial_factors skipped at 03:30 | 
not_trading_day(cn_trading_calendar(is_open=0))
daily_brief skipped at 07:20 | not_trading_day(cn_trading_calendar(is_open=0))
hk_market_history skipped at 16:20 | 
not_trading_day(market_calendar_weekday_fallback(scope=hk, weekday=7))
a_share_history skipped at 16:30 | 
not_trading_day(cn_trading_calendar(is_open=0))
us_market_history skipped at 17:10 | 
not_trading_day(market_calendar_weekday_fallback(scope=us, weekday=7))
Maintenance tick started
Maintenance tick complete
State DB: /home/zj/workspace/stok-mapping/data/maintenance/maintenance.sqlite
As of: 2026-06-07T18:36:02
Dry run: False
Executed runs: 0
financial_factors skipped at 03:30 | 
not_trading_day(cn_trading_calendar(is_open=0))
daily_brief skipped at 07:20 | not_trading_day(cn_trading_calendar(is_open=0))
hk_market_history skipped at 16:20 | 
not_trading_day(market_calendar_weekday_fallback(scope=hk, weekday=7))
a_share_history skipped at 16:30 | 
not_trading_day(cn_trading_calendar(is_open=0))
us_market_history skipped at 17:10 | 
not_trading_day(market_calendar_weekday_fallback(scope=us, weekday=7))
Maintenance tick started
Maintenance tick complete
State DB: /home/zj/workspace/stok-mapping/data/maintenance/maintenance.sqlite
As of: 2026-06-07T18:37:02
Dry run: False
Executed runs: 0
financial_factors skipped at 03:30 | 
not_trading_day(cn_trading_calendar(is_open=0))
daily_brief skipped at 07:20 | not_trading_day(cn_trading_calendar(is_open=0))
hk_market_history skipped at 16:20 | 
not_trading_day(market_calendar_weekday_fallback(scope=hk, weekday=7))
a_share_history skipped at 16:30 | 
not_trading_day(cn_trading_calendar(is_open=0))
us_market_history skipped at 17:10 | 
not_trading_day(market_calendar_weekday_fallback(scope=us, weekday=7))
Maintenance tick started
Maintenance tick complete
State DB: /home/zj/workspace/stok-mapping/data/maintenance/maintenance.sqlite
As of: 2026-06-07T18:38:02
Dry run: False
Executed runs: 0
financial_factors skipped at 03:30 | 
not_trading_day(cn_trading_calendar(is_open=0))
daily_brief skipped at 07:20 | not_trading_day(cn_trading_calendar(is_open=0))
hk_market_history skipped at 16:20 | 
not_trading_day(market_calendar_weekday_fallback(scope=hk, weekday=7))
a_share_history skipped at 16:30 | 
not_trading_day(cn_trading_calendar(is_open=0))
us_market_history skipped at 17:10 | 
not_trading_day(market_calendar_weekday_fallback(scope=us, weekday=7))
Maintenance tick started
Maintenance tick complete
State DB: /home/zj/workspace/stok-mapping/data/maintenance/maintenance.sqlite
As of: 2026-06-07T18:39:02
Dry run: False
Executed runs: 0
financial_factors skipped at 03:30 | 
not_trading_day(cn_trading_calendar(is_open=0))
daily_brief skipped at 07:20 | not_trading_day(cn_trading_calendar(is_open=0))
hk_market_history skipped at 16:20 | 
not_trading_day(market_calendar_weekday_fallback(scope=hk, weekday=7))
a_share_history skipped at 16:30 | 
not_trading_day(cn_trading_calendar(is_open=0))
us_market_history skipped at 17:10 | 
not_trading_day(market_calendar_weekday_fallback(scope=us, weekday=7))
Maintenance tick started
Maintenance tick complete
State DB: /home/zj/workspace/stok-mapping/data/maintenance/maintenance.sqlite
As of: 2026-06-07T18:40:02
Dry run: False
Executed runs: 0
financial_factors skipped at 03:30 | 
not_trading_day(cn_trading_calendar(is_open=0))
daily_brief skipped at 07:20 | not_trading_day(cn_trading_calendar(is_open=0))
hk_market_history skipped at 16:20 | 
not_trading_day(market_calendar_weekday_fallback(scope=hk, weekday=7))
a_share_history skipped at 16:30 | 
not_trading_day(cn_trading_calendar(is_open=0))
us_market_history skipped at 17:10 | 
not_trading_day(market_calendar_weekday_fallback(scope=us, weekday=7))
Maintenance tick started
Maintenance tick complete
State DB: /home/zj/workspace/stok-mapping/data/maintenance/maintenance.sqlite
As of: 2026-06-07T18:41:03
Dry run: False
Executed runs: 0
financial_factors skipped at 03:30 | 
not_trading_day(cn_trading_calendar(is_open=0))
daily_brief skipped at 07:20 | not_trading_day(cn_trading_calendar(is_open=0))
hk_market_history skipped at 16:20 | 
not_trading_day(market_calendar_weekday_fallback(scope=hk, weekday=7))
a_share_history skipped at 16:30 | 
not_trading_day(cn_trading_calendar(is_open=0))
us_market_history skipped at 17:10 | 
not_trading_day(market_calendar_weekday_fallback(scope=us, weekday=7))
Maintenance tick started
Maintenance tick complete
State DB: /home/zj/workspace/stok-mapping/data/maintenance/maintenance.sqlite
As of: 2026-06-07T18:42:02
Dry run: False
Executed runs: 0
financial_factors skipped at 03:30 | 
not_trading_day(cn_trading_calendar(is_open=0))
daily_brief skipped at 07:20 | not_trading_day(cn_trading_calendar(is_open=0))
hk_market_history skipped at 16:20 | 
not_trading_day(market_calendar_weekday_fallback(scope=hk, weekday=7))
a_share_history skipped at 16:30 | 
not_trading_day(cn_trading_calendar(is_open=0))
us_market_history skipped at 17:10 | 
not_trading_day(market_calendar_weekday_fallback(scope=us, weekday=7))
Maintenance tick started
Maintenance tick complete
State DB: /home/zj/workspace/stok-mapping/data/maintenance/maintenance.sqlite
As of: 2026-06-07T18:43:02
Dry run: False
Executed runs: 0
financial_factors skipped at 03:30 | 
not_trading_day(cn_trading_calendar(is_open=0))
daily_brief skipped at 07:20 | not_trading_day(cn_trading_calendar(is_open=0))
hk_market_history skipped at 16:20 | 
not_trading_day(market_calendar_weekday_fallback(scope=hk, weekday=7))
a_share_history skipped at 16:30 | 
not_trading_day(cn_trading_calendar(is_open=0))
us_market_history skipped at 17:10 | 
not_trading_day(market_calendar_weekday_fallback(scope=us, weekday=7))
Maintenance tick started
Maintenance tick complete
State DB: /home/zj/workspace/stok-mapping/data/maintenance/maintenance.sqlite
As of: 2026-06-07T18:44:02
Dry run: False
Executed runs: 0
financial_factors skipped at 03:30 | 
not_trading_day(cn_trading_calendar(is_open=0))
daily_brief skipped at 07:20 | not_trading_day(cn_trading_calendar(is_open=0))
hk_market_history skipped at 16:20 | 
not_trading_day(market_calendar_weekday_fallback(scope=hk, weekday=7))
a_share_history skipped at 16:30 | 
not_trading_day(cn_trading_calendar(is_open=0))
us_market_history skipped at 17:10 | 
not_trading_day(market_calendar_weekday_fallback(scope=us, weekday=7))
Maintenance tick started
Maintenance tick complete
State DB: /home/zj/workspace/stok-mapping/data/maintenance/maintenance.sqlite
As of: 2026-06-07T18:45:02
Dry run: False
Executed runs: 0
financial_factors skipped at 03:30 | 
not_trading_day(cn_trading_calendar(is_open=0))
daily_brief skipped at 07:20 | not_trading_day(cn_trading_calendar(is_open=0))
hk_market_history skipped at 16:20 | 
not_trading_day(market_calendar_weekday_fallback(scope=hk, weekday=7))
a_share_history skipped at 16:30 | 
not_trading_day(cn_trading_calendar(is_open=0))
us_market_history skipped at 17:10 | 
not_trading_day(market_calendar_weekday_fallback(scope=us, weekday=7))
Maintenance tick started
Maintenance tick complete
State DB: /home/zj/workspace/stok-mapping/data/maintenance/maintenance.sqlite
As of: 2026-06-07T18:46:02
Dry run: False
Executed runs: 0
financial_factors skipped at 03:30 | 
not_trading_day(cn_trading_calendar(is_open=0))
daily_brief skipped at 07:20 | not_trading_day(cn_trading_calendar(is_open=0))
hk_market_history skipped at 16:20 | 
not_trading_day(market_calendar_weekday_fallback(scope=hk, weekday=7))
a_share_history skipped at 16:30 | 
not_trading_day(cn_trading_calendar(is_open=0))
us_market_history skipped at 17:10 | 
not_trading_day(market_calendar_weekday_fallback(scope=us, weekday=7))
Maintenance tick started
Maintenance tick complete
State DB: /home/zj/workspace/stok-mapping/data/maintenance/maintenance.sqlite
As of: 2026-06-07T18:47:02
Dry run: False
Executed runs: 0
financial_factors skipped at 03:30 | 
not_trading_day(cn_trading_calendar(is_open=0))
daily_brief skipped at 07:20 | not_trading_day(cn_trading_calendar(is_open=0))
hk_market_history skipped at 16:20 | 
not_trading_day(market_calendar_weekday_fallback(scope=hk, weekday=7))
a_share_history skipped at 16:30 | 
not_trading_day(cn_trading_calendar(is_open=0))
us_market_history skipped at 17:10 | 
not_trading_day(market_calendar_weekday_fallback(scope=us, weekday=7))
Maintenance tick started
Maintenance tick complete
State DB: /home/zj/workspace/stok-mapping/data/maintenance/maintenance.sqlite
As of: 2026-06-07T18:48:02
Dry run: False
Executed runs: 0
financial_factors skipped at 03:30 | 
not_trading_day(cn_trading_calendar(is_open=0))
daily_brief skipped at 07:20 | not_trading_day(cn_trading_calendar(is_open=0))
hk_market_history skipped at 16:20 | 
not_trading_day(market_calendar_weekday_fallback(scope=hk, weekday=7))
a_share_history skipped at 16:30 | 
not_trading_day(cn_trading_calendar(is_open=0))
us_market_history skipped at 17:10 | 
not_trading_day(market_calendar_weekday_fallback(scope=us, weekday=7))
Maintenance tick started
Maintenance tick complete
State DB: /home/zj/workspace/stok-mapping/data/maintenance/maintenance.sqlite
As of: 2026-06-07T18:49:02
Dry run: False
Executed runs: 0
financial_factors skipped at 03:30 | 
not_trading_day(cn_trading_calendar(is_open=0))
daily_brief skipped at 07:20 | not_trading_day(cn_trading_calendar(is_open=0))
hk_market_history skipped at 16:20 | 
not_trading_day(market_calendar_weekday_fallback(scope=hk, weekday=7))
a_share_history skipped at 16:30 | 
not_trading_day(cn_trading_calendar(is_open=0))
us_market_history skipped at 17:10 | 
not_trading_day(market_calendar_weekday_fallback(scope=us, weekday=7))
Maintenance tick started
Maintenance tick complete
State DB: /home/zj/workspace/stok-mapping/data/maintenance/maintenance.sqlite
As of: 2026-06-07T18:50:02
Dry run: False
Executed runs: 0
financial_factors skipped at 03:30 | 
not_trading_day(cn_trading_calendar(is_open=0))
daily_brief skipped at 07:20 | not_trading_day(cn_trading_calendar(is_open=0))
hk_market_history skipped at 16:20 | 
not_trading_day(market_calendar_weekday_fallback(scope=hk, weekday=7))
a_share_history skipped at 16:30 | 
not_trading_day(cn_trading_calendar(is_open=0))
us_market_history skipped at 17:10 | 
not_trading_day(market_calendar_weekday_fallback(scope=us, weekday=7))
Maintenance tick started
Maintenance tick complete
State DB: /home/zj/workspace/stok-mapping/data/maintenance/maintenance.sqlite
As of: 2026-06-07T18:51:02
Dry run: False
Executed runs: 0
financial_factors skipped at 03:30 | 
not_trading_day(cn_trading_calendar(is_open=0))
daily_brief skipped at 07:20 | not_trading_day(cn_trading_calendar(is_open=0))
hk_market_history skipped at 16:20 | 
not_trading_day(market_calendar_weekday_fallback(scope=hk, weekday=7))
a_share_history skipped at 16:30 | 
not_trading_day(cn_trading_calendar(is_open=0))
us_market_history skipped at 17:10 | 
not_trading_day(market_calendar_weekday_fallback(scope=us, weekday=7))
Maintenance tick started
Maintenance tick complete
State DB: /home/zj/workspace/stok-mapping/data/maintenance/maintenance.sqlite
As of: 2026-06-07T18:52:03
Dry run: False
Executed runs: 0
financial_factors skipped at 03:30 | 
not_trading_day(cn_trading_calendar(is_open=0))
daily_brief skipped at 07:20 | not_trading_day(cn_trading_calendar(is_open=0))
hk_market_history skipped at 16:20 | 
not_trading_day(market_calendar_weekday_fallback(scope=hk, weekday=7))
a_share_history skipped at 16:30 | 
not_trading_day(cn_trading_calendar(is_open=0))
us_market_history skipped at 17:10 | 
not_trading_day(market_calendar_weekday_fallback(scope=us, weekday=7))
Maintenance tick started
Maintenance tick complete
State DB: /home/zj/workspace/stok-mapping/data/maintenance/maintenance.sqlite
As of: 2026-06-07T18:53:02
Dry run: False
Executed runs: 0
financial_factors skipped at 03:30 | 
not_trading_day(cn_trading_calendar(is_open=0))
daily_brief skipped at 07:20 | not_trading_day(cn_trading_calendar(is_open=0))
hk_market_history skipped at 16:20 | 
not_trading_day(market_calendar_weekday_fallback(scope=hk, weekday=7))
a_share_history skipped at 16:30 | 
not_trading_day(cn_trading_calendar(is_open=0))
us_market_history skipped at 17:10 | 
not_trading_day(market_calendar_weekday_fallback(scope=us, weekday=7))
Maintenance tick started
Maintenance tick complete
State DB: /home/zj/workspace/stok-mapping/data/maintenance/maintenance.sqlite
As of: 2026-06-07T18:54:02
Dry run: False
Executed runs: 0
financial_factors skipped at 03:30 | 
not_trading_day(cn_trading_calendar(is_open=0))
daily_brief skipped at 07:20 | not_trading_day(cn_trading_calendar(is_open=0))
hk_market_history skipped at 16:20 | 
not_trading_day(market_calendar_weekday_fallback(scope=hk, weekday=7))
a_share_history skipped at 16:30 | 
not_trading_day(cn_trading_calendar(is_open=0))
us_market_history skipped at 17:10 | 
not_trading_day(market_calendar_weekday_fallback(scope=us, weekday=7))
Maintenance tick started
Maintenance tick complete
State DB: /home/zj/workspace/stok-mapping/data/maintenance/maintenance.sqlite
As of: 2026-06-07T18:55:02
Dry run: False
Executed runs: 0
financial_factors skipped at 03:30 | 
not_trading_day(cn_trading_calendar(is_open=0))
daily_brief skipped at 07:20 | not_trading_day(cn_trading_calendar(is_open=0))
hk_market_history skipped at 16:20 | 
not_trading_day(market_calendar_weekday_fallback(scope=hk, weekday=7))
a_share_history skipped at 16:30 | 
not_trading_day(cn_trading_calendar(is_open=0))
us_market_history skipped at 17:10 | 
not_trading_day(market_calendar_weekday_fallback(scope=us, weekday=7))
Maintenance tick started
Maintenance tick complete
State DB: /home/zj/workspace/stok-mapping/data/maintenance/maintenance.sqlite
As of: 2026-06-07T18:56:02
Dry run: False
Executed runs: 0
financial_factors skipped at 03:30 | 
not_trading_day(cn_trading_calendar(is_open=0))
daily_brief skipped at 07:20 | not_trading_day(cn_trading_calendar(is_open=0))
hk_market_history skipped at 16:20 | 
not_trading_day(market_calendar_weekday_fallback(scope=hk, weekday=7))
a_share_history skipped at 16:30 | 
not_trading_day(cn_trading_calendar(is_open=0))
us_market_history skipped at 17:10 | 
not_trading_day(market_calendar_weekday_fallback(scope=us, weekday=7))
Maintenance tick started
Maintenance tick complete
State DB: /home/zj/workspace/stok-mapping/data/maintenance/maintenance.sqlite
As of: 2026-06-07T18:57:02
Dry run: False
Executed runs: 0
financial_factors skipped at 03:30 | 
not_trading_day(cn_trading_calendar(is_open=0))
daily_brief skipped at 07:20 | not_trading_day(cn_trading_calendar(is_open=0))
hk_market_history skipped at 16:20 | 
not_trading_day(market_calendar_weekday_fallback(scope=hk, weekday=7))
a_share_history skipped at 16:30 | 
not_trading_day(cn_trading_calendar(is_open=0))
us_market_history skipped at 17:10 | 
not_trading_day(market_calendar_weekday_fallback(scope=us, weekday=7))
Maintenance tick started
Maintenance tick complete
State DB: /home/zj/workspace/stok-mapping/data/maintenance/maintenance.sqlite
As of: 2026-06-07T18:58:03
Dry run: False
Executed runs: 0
financial_factors skipped at 03:30 | 
not_trading_day(cn_trading_calendar(is_open=0))
daily_brief skipped at 07:20 | not_trading_day(cn_trading_calendar(is_open=0))
hk_market_history skipped at 16:20 | 
not_trading_day(market_calendar_weekday_fallback(scope=hk, weekday=7))
a_share_history skipped at 16:30 | 
not_trading_day(cn_trading_calendar(is_open=0))
us_market_history skipped at 17:10 | 
not_trading_day(market_calendar_weekday_fallback(scope=us, weekday=7))
Maintenance tick started
Maintenance tick complete
State DB: /home/zj/workspace/stok-mapping/data/maintenance/maintenance.sqlite
As of: 2026-06-07T18:59:02
Dry run: False
Executed runs: 0
financial_factors skipped at 03:30 | 
not_trading_day(cn_trading_calendar(is_open=0))
daily_brief skipped at 07:20 | not_trading_day(cn_trading_calendar(is_open=0))
hk_market_history skipped at 16:20 | 
not_trading_day(market_calendar_weekday_fallback(scope=hk, weekday=7))
a_share_history skipped at 16:30 | 
not_trading_day(cn_trading_calendar(is_open=0))
us_market_history skipped at 17:10 | 
not_trading_day(market_calendar_weekday_fallback(scope=us, weekday=7))
Maintenance tick started
Maintenance tick complete
State DB: /home/zj/workspace/stok-mapping/data/maintenance/maintenance.sqlite
As of: 2026-06-07T19:00:02
Dry run: False
Executed runs: 0
financial_factors skipped at 03:30 | 
not_trading_day(cn_trading_calendar(is_open=0))
daily_brief skipped at 07:20 | not_trading_day(cn_trading_calendar(is_open=0))
hk_market_history skipped at 16:20 | 
not_trading_day(market_calendar_weekday_fallback(scope=hk, weekday=7))
a_share_history skipped at 16:30 | 
not_trading_day(cn_trading_calendar(is_open=0))
us_market_history skipped at 17:10 | 
not_trading_day(market_calendar_weekday_fallback(scope=us, weekday=7))
Maintenance tick started
Maintenance tick complete
State DB: /home/zj/workspace/stok-mapping/data/maintenance/maintenance.sqlite
As of: 2026-06-07T19:01:02
Dry run: False
Executed runs: 0
financial_factors skipped at 03:30 | 
not_trading_day(cn_trading_calendar(is_open=0))
daily_brief skipped at 07:20 | not_trading_day(cn_trading_calendar(is_open=0))
hk_market_history skipped at 16:20 | 
not_trading_day(market_calendar_weekday_fallback(scope=hk, weekday=7))
a_share_history skipped at 16:30 | 
not_trading_day(cn_trading_calendar(is_open=0))
us_market_history skipped at 17:10 | 
not_trading_day(market_calendar_weekday_fallback(scope=us, weekday=7))
Maintenance tick started
Maintenance tick complete
State DB: /home/zj/workspace/stok-mapping/data/maintenance/maintenance.sqlite
As of: 2026-06-07T19:02:02
Dry run: False
Executed runs: 0
financial_factors skipped at 03:30 | 
not_trading_day(cn_trading_calendar(is_open=0))
daily_brief skipped at 07:20 | not_trading_day(cn_trading_calendar(is_open=0))
hk_market_history skipped at 16:20 | 
not_trading_day(market_calendar_weekday_fallback(scope=hk, weekday=7))
a_share_history skipped at 16:30 | 
not_trading_day(cn_trading_calendar(is_open=0))
us_market_history skipped at 17:10 | 
not_trading_day(market_calendar_weekday_fallback(scope=us, weekday=7))
Maintenance tick started
Maintenance tick complete
State DB: /home/zj/workspace/stok-mapping/data/maintenance/maintenance.sqlite
As of: 2026-06-07T19:03:02
Dry run: False
Executed runs: 0
financial_factors skipped at 03:30 | 
not_trading_day(cn_trading_calendar(is_open=0))
daily_brief skipped at 07:20 | not_trading_day(cn_trading_calendar(is_open=0))
hk_market_history skipped at 16:20 | 
not_trading_day(market_calendar_weekday_fallback(scope=hk, weekday=7))
a_share_history skipped at 16:30 | 
not_trading_day(cn_trading_calendar(is_open=0))
us_market_history skipped at 17:10 | 
not_trading_day(market_calendar_weekday_fallback(scope=us, weekday=7))
Maintenance tick started
Maintenance tick complete
State DB: /home/zj/workspace/stok-mapping/data/maintenance/maintenance.sqlite
As of: 2026-06-07T19:04:03
Dry run: False
Executed runs: 0
financial_factors skipped at 03:30 | 
not_trading_day(cn_trading_calendar(is_open=0))
daily_brief skipped at 07:20 | not_trading_day(cn_trading_calendar(is_open=0))
hk_market_history skipped at 16:20 | 
not_trading_day(market_calendar_weekday_fallback(scope=hk, weekday=7))
a_share_history skipped at 16:30 | 
not_trading_day(cn_trading_calendar(is_open=0))
us_market_history skipped at 17:10 | 
not_trading_day(market_calendar_weekday_fallback(scope=us, weekday=7))
Maintenance tick started
Maintenance tick complete
State DB: /home/zj/workspace/stok-mapping/data/maintenance/maintenance.sqlite
As of: 2026-06-07T19:05:02
Dry run: False
Executed runs: 0
financial_factors skipped at 03:30 | 
not_trading_day(cn_trading_calendar(is_open=0))
daily_brief skipped at 07:20 | not_trading_day(cn_trading_calendar(is_open=0))
hk_market_history skipped at 16:20 | 
not_trading_day(market_calendar_weekday_fallback(scope=hk, weekday=7))
a_share_history skipped at 16:30 | 
not_trading_day(cn_trading_calendar(is_open=0))
us_market_history skipped at 17:10 | 
not_trading_day(market_calendar_weekday_fallback(scope=us, weekday=7))
Maintenance tick started
Maintenance tick complete
State DB: /home/zj/workspace/stok-mapping/data/maintenance/maintenance.sqlite
As of: 2026-06-07T19:06:02
Dry run: False
Executed runs: 0
financial_factors skipped at 03:30 | 
not_trading_day(cn_trading_calendar(is_open=0))
daily_brief skipped at 07:20 | not_trading_day(cn_trading_calendar(is_open=0))
hk_market_history skipped at 16:20 | 
not_trading_day(market_calendar_weekday_fallback(scope=hk, weekday=7))
a_share_history skipped at 16:30 | 
not_trading_day(cn_trading_calendar(is_open=0))
us_market_history skipped at 17:10 | 
not_trading_day(market_calendar_weekday_fallback(scope=us, weekday=7))
Maintenance tick started
Maintenance tick complete
State DB: /home/zj/workspace/stok-mapping/data/maintenance/maintenance.sqlite
As of: 2026-06-07T19:07:04
Dry run: False
Executed runs: 0
financial_factors skipped at 03:30 | 
not_trading_day(cn_trading_calendar(is_open=0))
daily_brief skipped at 07:20 | not_trading_day(cn_trading_calendar(is_open=0))
hk_market_history skipped at 16:20 | 
not_trading_day(market_calendar_weekday_fallback(scope=hk, weekday=7))
a_share_history skipped at 16:30 | 
not_trading_day(cn_trading_calendar(is_open=0))
us_market_history skipped at 17:10 | 
not_trading_day(market_calendar_weekday_fallback(scope=us, weekday=7))
Maintenance tick started
Maintenance tick complete
State DB: /home/zj/workspace/stok-mapping/data/maintenance/maintenance.sqlite
As of: 2026-06-07T19:08:03
Dry run: False
Executed runs: 0
financial_factors skipped at 03:30 | 
not_trading_day(cn_trading_calendar(is_open=0))
daily_brief skipped at 07:20 | not_trading_day(cn_trading_calendar(is_open=0))
hk_market_history skipped at 16:20 | 
not_trading_day(market_calendar_weekday_fallback(scope=hk, weekday=7))
a_share_history skipped at 16:30 | 
not_trading_day(cn_trading_calendar(is_open=0))
us_market_history skipped at 17:10 | 
not_trading_day(market_calendar_weekday_fallback(scope=us, weekday=7))
Maintenance tick started
Maintenance tick complete
State DB: /home/zj/workspace/stok-mapping/data/maintenance/maintenance.sqlite
As of: 2026-06-07T19:09:02
Dry run: False
Executed runs: 0
financial_factors skipped at 03:30 | 
not_trading_day(cn_trading_calendar(is_open=0))
daily_brief skipped at 07:20 | not_trading_day(cn_trading_calendar(is_open=0))
hk_market_history skipped at 16:20 | 
not_trading_day(market_calendar_weekday_fallback(scope=hk, weekday=7))
a_share_history skipped at 16:30 | 
not_trading_day(cn_trading_calendar(is_open=0))
us_market_history skipped at 17:10 | 
not_trading_day(market_calendar_weekday_fallback(scope=us, weekday=7))
Maintenance tick started
Maintenance tick complete
State DB: /home/zj/workspace/stok-mapping/data/maintenance/maintenance.sqlite
As of: 2026-06-07T19:10:02
Dry run: False
Executed runs: 0
financial_factors skipped at 03:30 | 
not_trading_day(cn_trading_calendar(is_open=0))
daily_brief skipped at 07:20 | not_trading_day(cn_trading_calendar(is_open=0))
hk_market_history skipped at 16:20 | 
not_trading_day(market_calendar_weekday_fallback(scope=hk, weekday=7))
a_share_history skipped at 16:30 | 
not_trading_day(cn_trading_calendar(is_open=0))
us_market_history skipped at 17:10 | 
not_trading_day(market_calendar_weekday_fallback(scope=us, weekday=7))
Maintenance tick started
Maintenance tick complete
State DB: /home/zj/workspace/stok-mapping/data/maintenance/maintenance.sqlite
As of: 2026-06-07T19:11:02
Dry run: False
Executed runs: 0
financial_factors skipped at 03:30 | 
not_trading_day(cn_trading_calendar(is_open=0))
daily_brief skipped at 07:20 | not_trading_day(cn_trading_calendar(is_open=0))
hk_market_history skipped at 16:20 | 
not_trading_day(market_calendar_weekday_fallback(scope=hk, weekday=7))
a_share_history skipped at 16:30 | 
not_trading_day(cn_trading_calendar(is_open=0))
us_market_history skipped at 17:10 | 
not_trading_day(market_calendar_weekday_fallback(scope=us, weekday=7))
Maintenance tick started
Maintenance tick complete
State DB: /home/zj/workspace/stok-mapping/data/maintenance/maintenance.sqlite
As of: 2026-06-07T19:12:02
Dry run: False
Executed runs: 0
financial_factors skipped at 03:30 | 
not_trading_day(cn_trading_calendar(is_open=0))
daily_brief skipped at 07:20 | not_trading_day(cn_trading_calendar(is_open=0))
hk_market_history skipped at 16:20 | 
not_trading_day(market_calendar_weekday_fallback(scope=hk, weekday=7))
a_share_history skipped at 16:30 | 
not_trading_day(cn_trading_calendar(is_open=0))
us_market_history skipped at 17:10 | 
not_trading_day(market_calendar_weekday_fallback(scope=us, weekday=7))
Maintenance tick started
Maintenance tick complete
State DB: /home/zj/workspace/stok-mapping/data/maintenance/maintenance.sqlite
As of: 2026-06-07T19:13:02
Dry run: False
Executed runs: 0
financial_factors skipped at 03:30 | 
not_trading_day(cn_trading_calendar(is_open=0))
daily_brief skipped at 07:20 | not_trading_day(cn_trading_calendar(is_open=0))
hk_market_history skipped at 16:20 | 
not_trading_day(market_calendar_weekday_fallback(scope=hk, weekday=7))
a_share_history skipped at 16:30 | 
not_trading_day(cn_trading_calendar(is_open=0))
us_market_history skipped at 17:10 | 
not_trading_day(market_calendar_weekday_fallback(scope=us, weekday=7))
Maintenance tick started
Maintenance tick complete
State DB: /home/zj/workspace/stok-mapping/data/maintenance/maintenance.sqlite
As of: 2026-06-07T19:14:02
Dry run: False
Executed runs: 0
financial_factors skipped at 03:30 | 
not_trading_day(cn_trading_calendar(is_open=0))
daily_brief skipped at 07:20 | not_trading_day(cn_trading_calendar(is_open=0))
hk_market_history skipped at 16:20 | 
not_trading_day(market_calendar_weekday_fallback(scope=hk, weekday=7))
a_share_history skipped at 16:30 | 
not_trading_day(cn_trading_calendar(is_open=0))
us_market_history skipped at 17:10 | 
not_trading_day(market_calendar_weekday_fallback(scope=us, weekday=7))
Maintenance tick started
Maintenance tick complete
State DB: /home/zj/workspace/stok-mapping/data/maintenance/maintenance.sqlite
As of: 2026-06-07T19:15:03
Dry run: False
Executed runs: 0
financial_factors skipped at 03:30 | 
not_trading_day(cn_trading_calendar(is_open=0))
daily_brief skipped at 07:20 | not_trading_day(cn_trading_calendar(is_open=0))
hk_market_history skipped at 16:20 | 
not_trading_day(market_calendar_weekday_fallback(scope=hk, weekday=7))
a_share_history skipped at 16:30 | 
not_trading_day(cn_trading_calendar(is_open=0))
us_market_history skipped at 17:10 | 
not_trading_day(market_calendar_weekday_fallback(scope=us, weekday=7))
Maintenance tick started
Maintenance tick complete
State DB: /home/zj/workspace/stok-mapping/data/maintenance/maintenance.sqlite
As of: 2026-06-07T19:16:02
Dry run: False
Executed runs: 0
financial_factors skipped at 03:30 | 
not_trading_day(cn_trading_calendar(is_open=0))
daily_brief skipped at 07:20 | not_trading_day(cn_trading_calendar(is_open=0))
hk_market_history skipped at 16:20 | 
not_trading_day(market_calendar_weekday_fallback(scope=hk, weekday=7))
a_share_history skipped at 16:30 | 
not_trading_day(cn_trading_calendar(is_open=0))
us_market_history skipped at 17:10 | 
not_trading_day(market_calendar_weekday_fallback(scope=us, weekday=7))
Maintenance tick started
Maintenance tick complete
State DB: /home/zj/workspace/stok-mapping/data/maintenance/maintenance.sqlite
As of: 2026-06-07T19:17:02
Dry run: False
Executed runs: 0
financial_factors skipped at 03:30 | 
not_trading_day(cn_trading_calendar(is_open=0))
daily_brief skipped at 07:20 | not_trading_day(cn_trading_calendar(is_open=0))
hk_market_history skipped at 16:20 | 
not_trading_day(market_calendar_weekday_fallback(scope=hk, weekday=7))
a_share_history skipped at 16:30 | 
not_trading_day(cn_trading_calendar(is_open=0))
us_market_history skipped at 17:10 | 
not_trading_day(market_calendar_weekday_fallback(scope=us, weekday=7))
Maintenance tick started
Maintenance tick complete
State DB: /home/zj/workspace/stok-mapping/data/maintenance/maintenance.sqlite
As of: 2026-06-07T19:18:02
Dry run: False
Executed runs: 0
financial_factors skipped at 03:30 | 
not_trading_day(cn_trading_calendar(is_open=0))
daily_brief skipped at 07:20 | not_trading_day(cn_trading_calendar(is_open=0))
hk_market_history skipped at 16:20 | 
not_trading_day(market_calendar_weekday_fallback(scope=hk, weekday=7))
a_share_history skipped at 16:30 | 
not_trading_day(cn_trading_calendar(is_open=0))
us_market_history skipped at 17:10 | 
not_trading_day(market_calendar_weekday_fallback(scope=us, weekday=7))
Maintenance tick started
Maintenance tick complete
State DB: /home/zj/workspace/stok-mapping/data/maintenance/maintenance.sqlite
As of: 2026-06-07T19:19:02
Dry run: False
Executed runs: 0
financial_factors skipped at 03:30 | 
not_trading_day(cn_trading_calendar(is_open=0))
daily_brief skipped at 07:20 | not_trading_day(cn_trading_calendar(is_open=0))
hk_market_history skipped at 16:20 | 
not_trading_day(market_calendar_weekday_fallback(scope=hk, weekday=7))
a_share_history skipped at 16:30 | 
not_trading_day(cn_trading_calendar(is_open=0))
us_market_history skipped at 17:10 | 
not_trading_day(market_calendar_weekday_fallback(scope=us, weekday=7))
Maintenance tick started
Maintenance tick complete
State DB: /home/zj/workspace/stok-mapping/data/maintenance/maintenance.sqlite
As of: 2026-06-07T19:20:02
Dry run: False
Executed runs: 0
financial_factors skipped at 03:30 | 
not_trading_day(cn_trading_calendar(is_open=0))
daily_brief skipped at 07:20 | not_trading_day(cn_trading_calendar(is_open=0))
hk_market_history skipped at 16:20 | 
not_trading_day(market_calendar_weekday_fallback(scope=hk, weekday=7))
a_share_history skipped at 16:30 | 
not_trading_day(cn_trading_calendar(is_open=0))
us_market_history skipped at 17:10 | 
not_trading_day(market_calendar_weekday_fallback(scope=us, weekday=7))
Maintenance tick started
Maintenance tick complete
State DB: /home/zj/workspace/stok-mapping/data/maintenance/maintenance.sqlite
As of: 2026-06-07T19:21:02
Dry run: False
Executed runs: 0
financial_factors skipped at 03:30 | 
not_trading_day(cn_trading_calendar(is_open=0))
daily_brief skipped at 07:20 | not_trading_day(cn_trading_calendar(is_open=0))
hk_market_history skipped at 16:20 | 
not_trading_day(market_calendar_weekday_fallback(scope=hk, weekday=7))
a_share_history skipped at 16:30 | 
not_trading_day(cn_trading_calendar(is_open=0))
us_market_history skipped at 17:10 | 
not_trading_day(market_calendar_weekday_fallback(scope=us, weekday=7))
Maintenance tick started
Maintenance tick complete
State DB: /home/zj/workspace/stok-mapping/data/maintenance/maintenance.sqlite
As of: 2026-06-07T19:22:02
Dry run: False
Executed runs: 0
financial_factors skipped at 03:30 | 
not_trading_day(cn_trading_calendar(is_open=0))
daily_brief skipped at 07:20 | not_trading_day(cn_trading_calendar(is_open=0))
hk_market_history skipped at 16:20 | 
not_trading_day(market_calendar_weekday_fallback(scope=hk, weekday=7))
a_share_history skipped at 16:30 | 
not_trading_day(cn_trading_calendar(is_open=0))
us_market_history skipped at 17:10 | 
not_trading_day(market_calendar_weekday_fallback(scope=us, weekday=7))
Maintenance tick started
Maintenance tick complete
State DB: /home/zj/workspace/stok-mapping/data/maintenance/maintenance.sqlite
As of: 2026-06-07T19:23:02
Dry run: False
Executed runs: 0
financial_factors skipped at 03:30 | 
not_trading_day(cn_trading_calendar(is_open=0))
daily_brief skipped at 07:20 | not_trading_day(cn_trading_calendar(is_open=0))
hk_market_history skipped at 16:20 | 
not_trading_day(market_calendar_weekday_fallback(scope=hk, weekday=7))
a_share_history skipped at 16:30 | 
not_trading_day(cn_trading_calendar(is_open=0))
us_market_history skipped at 17:10 | 
not_trading_day(market_calendar_weekday_fallback(scope=us, weekday=7))
Maintenance tick started
Maintenance tick complete
State DB: /home/zj/workspace/stok-mapping/data/maintenance/maintenance.sqlite
As of: 2026-06-07T19:24:02
Dry run: False
Executed runs: 0
financial_factors skipped at 03:30 | 
not_trading_day(cn_trading_calendar(is_open=0))
daily_brief skipped at 07:20 | not_trading_day(cn_trading_calendar(is_open=0))
hk_market_history skipped at 16:20 | 
not_trading_day(market_calendar_weekday_fallback(scope=hk, weekday=7))
a_share_history skipped at 16:30 | 
not_trading_day(cn_trading_calendar(is_open=0))
us_market_history skipped at 17:10 | 
not_trading_day(market_calendar_weekday_fallback(scope=us, weekday=7))
Maintenance tick started
Maintenance tick complete
State DB: /home/zj/workspace/stok-mapping/data/maintenance/maintenance.sqlite
As of: 2026-06-07T19:25:02
Dry run: False
Executed runs: 0
financial_factors skipped at 03:30 | 
not_trading_day(cn_trading_calendar(is_open=0))
daily_brief skipped at 07:20 | not_trading_day(cn_trading_calendar(is_open=0))
hk_market_history skipped at 16:20 | 
not_trading_day(market_calendar_weekday_fallback(scope=hk, weekday=7))
a_share_history skipped at 16:30 | 
not_trading_day(cn_trading_calendar(is_open=0))
us_market_history skipped at 17:10 | 
not_trading_day(market_calendar_weekday_fallback(scope=us, weekday=7))
Maintenance tick started
Maintenance tick complete
State DB: /home/zj/workspace/stok-mapping/data/maintenance/maintenance.sqlite
As of: 2026-06-07T19:26:02
Dry run: False
Executed runs: 0
financial_factors skipped at 03:30 | 
not_trading_day(cn_trading_calendar(is_open=0))
daily_brief skipped at 07:20 | not_trading_day(cn_trading_calendar(is_open=0))
hk_market_history skipped at 16:20 | 
not_trading_day(market_calendar_weekday_fallback(scope=hk, weekday=7))
a_share_history skipped at 16:30 | 
not_trading_day(cn_trading_calendar(is_open=0))
us_market_history skipped at 17:10 | 
not_trading_day(market_calendar_weekday_fallback(scope=us, weekday=7))
Maintenance tick started
Maintenance tick complete
State DB: /home/zj/workspace/stok-mapping/data/maintenance/maintenance.sqlite
As of: 2026-06-07T19:27:02
Dry run: False
Executed runs: 0
financial_factors skipped at 03:30 | 
not_trading_day(cn_trading_calendar(is_open=0))
daily_brief skipped at 07:20 | not_trading_day(cn_trading_calendar(is_open=0))
hk_market_history skipped at 16:20 | 
not_trading_day(market_calendar_weekday_fallback(scope=hk, weekday=7))
a_share_history skipped at 16:30 | 
not_trading_day(cn_trading_calendar(is_open=0))
us_market_history skipped at 17:10 | 
not_trading_day(market_calendar_weekday_fallback(scope=us, weekday=7))
Maintenance tick started
Maintenance tick complete
State DB: /home/zj/workspace/stok-mapping/data/maintenance/maintenance.sqlite
As of: 2026-06-07T19:28:02
Dry run: False
Executed runs: 0
financial_factors skipped at 03:30 | 
not_trading_day(cn_trading_calendar(is_open=0))
daily_brief skipped at 07:20 | not_trading_day(cn_trading_calendar(is_open=0))
hk_market_history skipped at 16:20 | 
not_trading_day(market_calendar_weekday_fallback(scope=hk, weekday=7))
a_share_history skipped at 16:30 | 
not_trading_day(cn_trading_calendar(is_open=0))
us_market_history skipped at 17:10 | 
not_trading_day(market_calendar_weekday_fallback(scope=us, weekday=7))
Maintenance tick started
Maintenance tick complete
State DB: /home/zj/workspace/stok-mapping/data/maintenance/maintenance.sqlite
As of: 2026-06-07T19:29:01
Dry run: False
Executed runs: 0
financial_factors skipped at 03:30 | 
not_trading_day(cn_trading_calendar(is_open=0))
daily_brief skipped at 07:20 | not_trading_day(cn_trading_calendar(is_open=0))
hk_market_history skipped at 16:20 | 
not_trading_day(market_calendar_weekday_fallback(scope=hk, weekday=7))
a_share_history skipped at 16:30 | 
not_trading_day(cn_trading_calendar(is_open=0))
us_market_history skipped at 17:10 | 
not_trading_day(market_calendar_weekday_fallback(scope=us, weekday=7))
Maintenance tick started
Maintenance tick complete
State DB: /home/zj/workspace/stok-mapping/data/maintenance/maintenance.sqlite
As of: 2026-06-07T19:30:02
Dry run: False
Executed runs: 0
financial_factors skipped at 03:30 | 
not_trading_day(cn_trading_calendar(is_open=0))
daily_brief skipped at 07:20 | not_trading_day(cn_trading_calendar(is_open=0))
hk_market_history skipped at 16:20 | 
not_trading_day(market_calendar_weekday_fallback(scope=hk, weekday=7))
a_share_history skipped at 16:30 | 
not_trading_day(cn_trading_calendar(is_open=0))
us_market_history skipped at 17:10 | 
not_trading_day(market_calendar_weekday_fallback(scope=us, weekday=7))
Maintenance tick started
Maintenance tick complete
State DB: /home/zj/workspace/stok-mapping/data/maintenance/maintenance.sqlite
As of: 2026-06-07T19:31:02
Dry run: False
Executed runs: 0
financial_factors skipped at 03:30 | 
not_trading_day(cn_trading_calendar(is_open=0))
daily_brief skipped at 07:20 | not_trading_day(cn_trading_calendar(is_open=0))
hk_market_history skipped at 16:20 | 
not_trading_day(market_calendar_weekday_fallback(scope=hk, weekday=7))
a_share_history skipped at 16:30 | 
not_trading_day(cn_trading_calendar(is_open=0))
us_market_history skipped at 17:10 | 
not_trading_day(market_calendar_weekday_fallback(scope=us, weekday=7))
Maintenance tick started
Maintenance tick complete
State DB: /home/zj/workspace/stok-mapping/data/maintenance/maintenance.sqlite
As of: 2026-06-07T19:32:02
Dry run: False
Executed runs: 0
financial_factors skipped at 03:30 | 
not_trading_day(cn_trading_calendar(is_open=0))
daily_brief skipped at 07:20 | not_trading_day(cn_trading_calendar(is_open=0))
hk_market_history skipped at 16:20 | 
not_trading_day(market_calendar_weekday_fallback(scope=hk, weekday=7))
a_share_history skipped at 16:30 | 
not_trading_day(cn_trading_calendar(is_open=0))
us_market_history skipped at 17:10 | 
not_trading_day(market_calendar_weekday_fallback(scope=us, weekday=7))
Maintenance tick started
Maintenance tick complete
State DB: /home/zj/workspace/stok-mapping/data/maintenance/maintenance.sqlite
As of: 2026-06-07T19:33:02
Dry run: False
Executed runs: 0
financial_factors skipped at 03:30 | 
not_trading_day(cn_trading_calendar(is_open=0))
daily_brief skipped at 07:20 | not_trading_day(cn_trading_calendar(is_open=0))
hk_market_history skipped at 16:20 | 
not_trading_day(market_calendar_weekday_fallback(scope=hk, weekday=7))
a_share_history skipped at 16:30 | 
not_trading_day(cn_trading_calendar(is_open=0))
us_market_history skipped at 17:10 | 
not_trading_day(market_calendar_weekday_fallback(scope=us, weekday=7))
Maintenance tick started
Maintenance tick complete
State DB: /home/zj/workspace/stok-mapping/data/maintenance/maintenance.sqlite
As of: 2026-06-07T19:34:02
Dry run: False
Executed runs: 0
financial_factors skipped at 03:30 | 
not_trading_day(cn_trading_calendar(is_open=0))
daily_brief skipped at 07:20 | not_trading_day(cn_trading_calendar(is_open=0))
hk_market_history skipped at 16:20 | 
not_trading_day(market_calendar_weekday_fallback(scope=hk, weekday=7))
a_share_history skipped at 16:30 | 
not_trading_day(cn_trading_calendar(is_open=0))
us_market_history skipped at 17:10 | 
not_trading_day(market_calendar_weekday_fallback(scope=us, weekday=7))
Maintenance tick started
Maintenance tick complete
State DB: /home/zj/workspace/stok-mapping/data/maintenance/maintenance.sqlite
As of: 2026-06-07T19:35:02
Dry run: False
Executed runs: 0
financial_factors skipped at 03:30 | 
not_trading_day(cn_trading_calendar(is_open=0))
daily_brief skipped at 07:20 | not_trading_day(cn_trading_calendar(is_open=0))
hk_market_history skipped at 16:20 | 
not_trading_day(market_calendar_weekday_fallback(scope=hk, weekday=7))
a_share_history skipped at 16:30 | 
not_trading_day(cn_trading_calendar(is_open=0))
us_market_history skipped at 17:10 | 
not_trading_day(market_calendar_weekday_fallback(scope=us, weekday=7))
Maintenance tick started
Maintenance tick complete
State DB: /home/zj/workspace/stok-mapping/data/maintenance/maintenance.sqlite
As of: 2026-06-07T19:36:02
Dry run: False
Executed runs: 0
financial_factors skipped at 03:30 | 
not_trading_day(cn_trading_calendar(is_open=0))
daily_brief skipped at 07:20 | not_trading_day(cn_trading_calendar(is_open=0))
hk_market_history skipped at 16:20 | 
not_trading_day(market_calendar_weekday_fallback(scope=hk, weekday=7))
a_share_history skipped at 16:30 | 
not_trading_day(cn_trading_calendar(is_open=0))
us_market_history skipped at 17:10 | 
not_trading_day(market_calendar_weekday_fallback(scope=us, weekday=7))
Maintenance tick started
Maintenance tick complete
State DB: /home/zj/workspace/stok-mapping/data/maintenance/maintenance.sqlite
As of: 2026-06-07T19:37:02
Dry run: False
Executed runs: 0
financial_factors skipped at 03:30 | 
not_trading_day(cn_trading_calendar(is_open=0))
daily_brief skipped at 07:20 | not_trading_day(cn_trading_calendar(is_open=0))
hk_market_history skipped at 16:20 | 
not_trading_day(market_calendar_weekday_fallback(scope=hk, weekday=7))
a_share_history skipped at 16:30 | 
not_trading_day(cn_trading_calendar(is_open=0))
us_market_history skipped at 17:10 | 
not_trading_day(market_calendar_weekday_fallback(scope=us, weekday=7))
Maintenance tick started
Maintenance tick complete
State DB: /home/zj/workspace/stok-mapping/data/maintenance/maintenance.sqlite
As of: 2026-06-07T19:38:02
Dry run: False
Executed runs: 0
financial_factors skipped at 03:30 | 
not_trading_day(cn_trading_calendar(is_open=0))
daily_brief skipped at 07:20 | not_trading_day(cn_trading_calendar(is_open=0))
hk_market_history skipped at 16:20 | 
not_trading_day(market_calendar_weekday_fallback(scope=hk, weekday=7))
a_share_history skipped at 16:30 | 
not_trading_day(cn_trading_calendar(is_open=0))
us_market_history skipped at 17:10 | 
not_trading_day(market_calendar_weekday_fallback(scope=us, weekday=7))
Maintenance tick started
Maintenance tick complete
State DB: /home/zj/workspace/stok-mapping/data/maintenance/maintenance.sqlite
As of: 2026-06-07T19:39:02
Dry run: False
Executed runs: 0
financial_factors skipped at 03:30 | 
not_trading_day(cn_trading_calendar(is_open=0))
daily_brief skipped at 07:20 | not_trading_day(cn_trading_calendar(is_open=0))
hk_market_history skipped at 16:20 | 
not_trading_day(market_calendar_weekday_fallback(scope=hk, weekday=7))
a_share_history skipped at 16:30 | 
not_trading_day(cn_trading_calendar(is_open=0))
us_market_history skipped at 17:10 | 
not_trading_day(market_calendar_weekday_fallback(scope=us, weekday=7))
Maintenance tick started
Maintenance tick complete
State DB: /home/zj/workspace/stok-mapping/data/maintenance/maintenance.sqlite
As of: 2026-06-07T19:40:02
Dry run: False
Executed runs: 0
financial_factors skipped at 03:30 | 
not_trading_day(cn_trading_calendar(is_open=0))
daily_brief skipped at 07:20 | not_trading_day(cn_trading_calendar(is_open=0))
hk_market_history skipped at 16:20 | 
not_trading_day(market_calendar_weekday_fallback(scope=hk, weekday=7))
a_share_history skipped at 16:30 | 
not_trading_day(cn_trading_calendar(is_open=0))
us_market_history skipped at 17:10 | 
not_trading_day(market_calendar_weekday_fallback(scope=us, weekday=7))
Maintenance tick started
Maintenance tick complete
State DB: /home/zj/workspace/stok-mapping/data/maintenance/maintenance.sqlite
As of: 2026-06-07T19:41:01
Dry run: False
Executed runs: 0
financial_factors skipped at 03:30 | 
not_trading_day(cn_trading_calendar(is_open=0))
daily_brief skipped at 07:20 | not_trading_day(cn_trading_calendar(is_open=0))
hk_market_history skipped at 16:20 | 
not_trading_day(market_calendar_weekday_fallback(scope=hk, weekday=7))
a_share_history skipped at 16:30 | 
not_trading_day(cn_trading_calendar(is_open=0))
us_market_history skipped at 17:10 | 
not_trading_day(market_calendar_weekday_fallback(scope=us, weekday=7))
Maintenance tick started
Maintenance tick complete
State DB: /home/zj/workspace/stok-mapping/data/maintenance/maintenance.sqlite
As of: 2026-06-07T19:42:02
Dry run: False
Executed runs: 0
financial_factors skipped at 03:30 | 
not_trading_day(cn_trading_calendar(is_open=0))
daily_brief skipped at 07:20 | not_trading_day(cn_trading_calendar(is_open=0))
hk_market_history skipped at 16:20 | 
not_trading_day(market_calendar_weekday_fallback(scope=hk, weekday=7))
a_share_history skipped at 16:30 | 
not_trading_day(cn_trading_calendar(is_open=0))
us_market_history skipped at 17:10 | 
not_trading_day(market_calendar_weekday_fallback(scope=us, weekday=7))
Maintenance tick started
Maintenance tick complete
State DB: /home/zj/workspace/stok-mapping/data/maintenance/maintenance.sqlite
As of: 2026-06-07T19:43:02
Dry run: False
Executed runs: 0
financial_factors skipped at 03:30 | 
not_trading_day(cn_trading_calendar(is_open=0))
daily_brief skipped at 07:20 | not_trading_day(cn_trading_calendar(is_open=0))
hk_market_history skipped at 16:20 | 
not_trading_day(market_calendar_weekday_fallback(scope=hk, weekday=7))
a_share_history skipped at 16:30 | 
not_trading_day(cn_trading_calendar(is_open=0))
us_market_history skipped at 17:10 | 
not_trading_day(market_calendar_weekday_fallback(scope=us, weekday=7))
Maintenance tick started
Maintenance tick complete
State DB: /home/zj/workspace/stok-mapping/data/maintenance/maintenance.sqlite
As of: 2026-06-07T19:44:02
Dry run: False
Executed runs: 0
financial_factors skipped at 03:30 | 
not_trading_day(cn_trading_calendar(is_open=0))
daily_brief skipped at 07:20 | not_trading_day(cn_trading_calendar(is_open=0))
hk_market_history skipped at 16:20 | 
not_trading_day(market_calendar_weekday_fallback(scope=hk, weekday=7))
a_share_history skipped at 16:30 | 
not_trading_day(cn_trading_calendar(is_open=0))
us_market_history skipped at 17:10 | 
not_trading_day(market_calendar_weekday_fallback(scope=us, weekday=7))
Maintenance tick started
Maintenance tick complete
State DB: /home/zj/workspace/stok-mapping/data/maintenance/maintenance.sqlite
As of: 2026-06-07T19:45:02
Dry run: False
Executed runs: 0
financial_factors skipped at 03:30 | 
not_trading_day(cn_trading_calendar(is_open=0))
daily_brief skipped at 07:20 | not_trading_day(cn_trading_calendar(is_open=0))
hk_market_history skipped at 16:20 | 
not_trading_day(market_calendar_weekday_fallback(scope=hk, weekday=7))
a_share_history skipped at 16:30 | 
not_trading_day(cn_trading_calendar(is_open=0))
us_market_history skipped at 17:10 | 
not_trading_day(market_calendar_weekday_fallback(scope=us, weekday=7))
Maintenance tick started
Maintenance tick complete
State DB: /home/zj/workspace/stok-mapping/data/maintenance/maintenance.sqlite
As of: 2026-06-07T19:46:02
Dry run: False
Executed runs: 0
financial_factors skipped at 03:30 | 
not_trading_day(cn_trading_calendar(is_open=0))
daily_brief skipped at 07:20 | not_trading_day(cn_trading_calendar(is_open=0))
hk_market_history skipped at 16:20 | 
not_trading_day(market_calendar_weekday_fallback(scope=hk, weekday=7))
a_share_history skipped at 16:30 | 
not_trading_day(cn_trading_calendar(is_open=0))
us_market_history skipped at 17:10 | 
not_trading_day(market_calendar_weekday_fallback(scope=us, weekday=7))
Maintenance tick started
Maintenance tick complete
State DB: /home/zj/workspace/stok-mapping/data/maintenance/maintenance.sqlite
As of: 2026-06-07T19:47:02
Dry run: False
Executed runs: 0
financial_factors skipped at 03:30 | 
not_trading_day(cn_trading_calendar(is_open=0))
daily_brief skipped at 07:20 | not_trading_day(cn_trading_calendar(is_open=0))
hk_market_history skipped at 16:20 | 
not_trading_day(market_calendar_weekday_fallback(scope=hk, weekday=7))
a_share_history skipped at 16:30 | 
not_trading_day(cn_trading_calendar(is_open=0))
us_market_history skipped at 17:10 | 
not_trading_day(market_calendar_weekday_fallback(scope=us, weekday=7))
Maintenance tick started
Maintenance tick complete
State DB: /home/zj/workspace/stok-mapping/data/maintenance/maintenance.sqlite
As of: 2026-06-07T19:48:02
Dry run: False
Executed runs: 0
financial_factors skipped at 03:30 | 
not_trading_day(cn_trading_calendar(is_open=0))
daily_brief skipped at 07:20 | not_trading_day(cn_trading_calendar(is_open=0))
hk_market_history skipped at 16:20 | 
not_trading_day(market_calendar_weekday_fallback(scope=hk, weekday=7))
a_share_history skipped at 16:30 | 
not_trading_day(cn_trading_calendar(is_open=0))
us_market_history skipped at 17:10 | 
not_trading_day(market_calendar_weekday_fallback(scope=us, weekday=7))
Maintenance tick started
Maintenance tick complete
State DB: /home/zj/workspace/stok-mapping/data/maintenance/maintenance.sqlite
As of: 2026-06-07T19:49:01
Dry run: False
Executed runs: 0
financial_factors skipped at 03:30 | 
not_trading_day(cn_trading_calendar(is_open=0))
daily_brief skipped at 07:20 | not_trading_day(cn_trading_calendar(is_open=0))
hk_market_history skipped at 16:20 | 
not_trading_day(market_calendar_weekday_fallback(scope=hk, weekday=7))
a_share_history skipped at 16:30 | 
not_trading_day(cn_trading_calendar(is_open=0))
us_market_history skipped at 17:10 | 
not_trading_day(market_calendar_weekday_fallback(scope=us, weekday=7))
Maintenance tick started
Maintenance tick complete
State DB: /home/zj/workspace/stok-mapping/data/maintenance/maintenance.sqlite
As of: 2026-06-07T19:50:02
Dry run: False
Executed runs: 0
financial_factors skipped at 03:30 | 
not_trading_day(cn_trading_calendar(is_open=0))
daily_brief skipped at 07:20 | not_trading_day(cn_trading_calendar(is_open=0))
hk_market_history skipped at 16:20 | 
not_trading_day(market_calendar_weekday_fallback(scope=hk, weekday=7))
a_share_history skipped at 16:30 | 
not_trading_day(cn_trading_calendar(is_open=0))
us_market_history skipped at 17:10 | 
not_trading_day(market_calendar_weekday_fallback(scope=us, weekday=7))
Maintenance tick started
Maintenance tick complete
State DB: /home/zj/workspace/stok-mapping/data/maintenance/maintenance.sqlite
As of: 2026-06-07T19:51:02
Dry run: False
Executed runs: 0
financial_factors skipped at 03:30 | 
not_trading_day(cn_trading_calendar(is_open=0))
daily_brief skipped at 07:20 | not_trading_day(cn_trading_calendar(is_open=0))
hk_market_history skipped at 16:20 | 
not_trading_day(market_calendar_weekday_fallback(scope=hk, weekday=7))
a_share_history skipped at 16:30 | 
not_trading_day(cn_trading_calendar(is_open=0))
us_market_history skipped at 17:10 | 
not_trading_day(market_calendar_weekday_fallback(scope=us, weekday=7))
Maintenance tick started
Maintenance tick complete
State DB: /home/zj/workspace/stok-mapping/data/maintenance/maintenance.sqlite
As of: 2026-06-07T19:52:02
Dry run: False
Executed runs: 0
financial_factors skipped at 03:30 | 
not_trading_day(cn_trading_calendar(is_open=0))
daily_brief skipped at 07:20 | not_trading_day(cn_trading_calendar(is_open=0))
hk_market_history skipped at 16:20 | 
not_trading_day(market_calendar_weekday_fallback(scope=hk, weekday=7))
a_share_history skipped at 16:30 | 
not_trading_day(cn_trading_calendar(is_open=0))
us_market_history skipped at 17:10 | 
not_trading_day(market_calendar_weekday_fallback(scope=us, weekday=7))
Maintenance tick started
Maintenance tick complete
State DB: /home/zj/workspace/stok-mapping/data/maintenance/maintenance.sqlite
As of: 2026-06-07T19:53:02
Dry run: False
Executed runs: 0
financial_factors skipped at 03:30 | 
not_trading_day(cn_trading_calendar(is_open=0))
daily_brief skipped at 07:20 | not_trading_day(cn_trading_calendar(is_open=0))
hk_market_history skipped at 16:20 | 
not_trading_day(market_calendar_weekday_fallback(scope=hk, weekday=7))
a_share_history skipped at 16:30 | 
not_trading_day(cn_trading_calendar(is_open=0))
us_market_history skipped at 17:10 | 
not_trading_day(market_calendar_weekday_fallback(scope=us, weekday=7))
Maintenance tick started
Maintenance tick complete
State DB: /home/zj/workspace/stok-mapping/data/maintenance/maintenance.sqlite
As of: 2026-06-07T19:54:02
Dry run: False
Executed runs: 0
financial_factors skipped at 03:30 | 
not_trading_day(cn_trading_calendar(is_open=0))
daily_brief skipped at 07:20 | not_trading_day(cn_trading_calendar(is_open=0))
hk_market_history skipped at 16:20 | 
not_trading_day(market_calendar_weekday_fallback(scope=hk, weekday=7))
a_share_history skipped at 16:30 | 
not_trading_day(cn_trading_calendar(is_open=0))
us_market_history skipped at 17:10 | 
not_trading_day(market_calendar_weekday_fallback(scope=us, weekday=7))
Maintenance tick started
Maintenance tick complete
State DB: /home/zj/workspace/stok-mapping/data/maintenance/maintenance.sqlite
As of: 2026-06-07T19:55:02
Dry run: False
Executed runs: 0
financial_factors skipped at 03:30 | 
not_trading_day(cn_trading_calendar(is_open=0))
daily_brief skipped at 07:20 | not_trading_day(cn_trading_calendar(is_open=0))
hk_market_history skipped at 16:20 | 
not_trading_day(market_calendar_weekday_fallback(scope=hk, weekday=7))
a_share_history skipped at 16:30 | 
not_trading_day(cn_trading_calendar(is_open=0))
us_market_history skipped at 17:10 | 
not_trading_day(market_calendar_weekday_fallback(scope=us, weekday=7))
Maintenance tick started
Maintenance tick complete
State DB: /home/zj/workspace/stok-mapping/data/maintenance/maintenance.sqlite
As of: 2026-06-07T19:56:02
Dry run: False
Executed runs: 0
financial_factors skipped at 03:30 | 
not_trading_day(cn_trading_calendar(is_open=0))
daily_brief skipped at 07:20 | not_trading_day(cn_trading_calendar(is_open=0))
hk_market_history skipped at 16:20 | 
not_trading_day(market_calendar_weekday_fallback(scope=hk, weekday=7))
a_share_history skipped at 16:30 | 
not_trading_day(cn_trading_calendar(is_open=0))
us_market_history skipped at 17:10 | 
not_trading_day(market_calendar_weekday_fallback(scope=us, weekday=7))
Maintenance tick started
Maintenance tick complete
State DB: /home/zj/workspace/stok-mapping/data/maintenance/maintenance.sqlite
As of: 2026-06-07T19:57:01
Dry run: False
Executed runs: 0
financial_factors skipped at 03:30 | 
not_trading_day(cn_trading_calendar(is_open=0))
daily_brief skipped at 07:20 | not_trading_day(cn_trading_calendar(is_open=0))
hk_market_history skipped at 16:20 | 
not_trading_day(market_calendar_weekday_fallback(scope=hk, weekday=7))
a_share_history skipped at 16:30 | 
not_trading_day(cn_trading_calendar(is_open=0))
us_market_history skipped at 17:10 | 
not_trading_day(market_calendar_weekday_fallback(scope=us, weekday=7))
Maintenance tick started
Maintenance tick complete
State DB: /home/zj/workspace/stok-mapping/data/maintenance/maintenance.sqlite
As of: 2026-06-07T19:58:02
Dry run: False
Executed runs: 0
financial_factors skipped at 03:30 | 
not_trading_day(cn_trading_calendar(is_open=0))
daily_brief skipped at 07:20 | not_trading_day(cn_trading_calendar(is_open=0))
hk_market_history skipped at 16:20 | 
not_trading_day(market_calendar_weekday_fallback(scope=hk, weekday=7))
a_share_history skipped at 16:30 | 
not_trading_day(cn_trading_calendar(is_open=0))
us_market_history skipped at 17:10 | 
not_trading_day(market_calendar_weekday_fallback(scope=us, weekday=7))
Maintenance tick started
Maintenance tick complete
State DB: /home/zj/workspace/stok-mapping/data/maintenance/maintenance.sqlite
As of: 2026-06-07T19:59:02
Dry run: False
Executed runs: 0
financial_factors skipped at 03:30 | 
not_trading_day(cn_trading_calendar(is_open=0))
daily_brief skipped at 07:20 | not_trading_day(cn_trading_calendar(is_open=0))
hk_market_history skipped at 16:20 | 
not_trading_day(market_calendar_weekday_fallback(scope=hk, weekday=7))
a_share_history skipped at 16:30 | 
not_trading_day(cn_trading_calendar(is_open=0))
us_market_history skipped at 17:10 | 
not_trading_day(market_calendar_weekday_fallback(scope=us, weekday=7))
Maintenance tick started
Maintenance tick complete
State DB: /home/zj/workspace/stok-mapping/data/maintenance/maintenance.sqlite
As of: 2026-06-07T20:00:03
Dry run: False
Executed runs: 0
financial_factors skipped at 03:30 | 
not_trading_day(cn_trading_calendar(is_open=0))
daily_brief skipped at 07:20 | not_trading_day(cn_trading_calendar(is_open=0))
hk_market_history skipped at 16:20 | 
not_trading_day(market_calendar_weekday_fallback(scope=hk, weekday=7))
a_share_history skipped at 16:30 | 
not_trading_day(cn_trading_calendar(is_open=0))
us_market_history skipped at 17:10 | 
not_trading_day(market_calendar_weekday_fallback(scope=us, weekday=7))
Maintenance tick started
Maintenance tick complete
State DB: /home/zj/workspace/stok-mapping/data/maintenance/maintenance.sqlite
As of: 2026-06-07T20:01:03
Dry run: False
Executed runs: 0
financial_factors skipped at 03:30 | 
not_trading_day(cn_trading_calendar(is_open=0))
daily_brief skipped at 07:20 | not_trading_day(cn_trading_calendar(is_open=0))
hk_market_history skipped at 16:20 | 
not_trading_day(market_calendar_weekday_fallback(scope=hk, weekday=7))
a_share_history skipped at 16:30 | 
not_trading_day(cn_trading_calendar(is_open=0))
us_market_history skipped at 17:10 | 
not_trading_day(market_calendar_weekday_fallback(scope=us, weekday=7))
Maintenance tick started
Maintenance tick complete
State DB: /home/zj/workspace/stok-mapping/data/maintenance/maintenance.sqlite
As of: 2026-06-07T20:02:01
Dry run: False
Executed runs: 0
financial_factors skipped at 03:30 | 
not_trading_day(cn_trading_calendar(is_open=0))
daily_brief skipped at 07:20 | not_trading_day(cn_trading_calendar(is_open=0))
hk_market_history skipped at 16:20 | 
not_trading_day(market_calendar_weekday_fallback(scope=hk, weekday=7))
a_share_history skipped at 16:30 | 
not_trading_day(cn_trading_calendar(is_open=0))
us_market_history skipped at 17:10 | 
not_trading_day(market_calendar_weekday_fallback(scope=us, weekday=7))
Maintenance tick started
Maintenance tick complete
State DB: /home/zj/workspace/stok-mapping/data/maintenance/maintenance.sqlite
As of: 2026-06-07T20:03:02
Dry run: False
Executed runs: 0
financial_factors skipped at 03:30 | 
not_trading_day(cn_trading_calendar(is_open=0))
daily_brief skipped at 07:20 | not_trading_day(cn_trading_calendar(is_open=0))
hk_market_history skipped at 16:20 | 
not_trading_day(market_calendar_weekday_fallback(scope=hk, weekday=7))
a_share_history skipped at 16:30 | 
not_trading_day(cn_trading_calendar(is_open=0))
us_market_history skipped at 17:10 | 
not_trading_day(market_calendar_weekday_fallback(scope=us, weekday=7))
Maintenance tick started
Maintenance tick complete
State DB: /home/zj/workspace/stok-mapping/data/maintenance/maintenance.sqlite
As of: 2026-06-07T20:04:02
Dry run: False
Executed runs: 0
financial_factors skipped at 03:30 | 
not_trading_day(cn_trading_calendar(is_open=0))
daily_brief skipped at 07:20 | not_trading_day(cn_trading_calendar(is_open=0))
hk_market_history skipped at 16:20 | 
not_trading_day(market_calendar_weekday_fallback(scope=hk, weekday=7))
a_share_history skipped at 16:30 | 
not_trading_day(cn_trading_calendar(is_open=0))
us_market_history skipped at 17:10 | 
not_trading_day(market_calendar_weekday_fallback(scope=us, weekday=7))
Maintenance tick started
Maintenance tick complete
State DB: /home/zj/workspace/stok-mapping/data/maintenance/maintenance.sqlite
As of: 2026-06-07T20:05:02
Dry run: False
Executed runs: 0
financial_factors skipped at 03:30 | 
not_trading_day(cn_trading_calendar(is_open=0))
daily_brief skipped at 07:20 | not_trading_day(cn_trading_calendar(is_open=0))
hk_market_history skipped at 16:20 | 
not_trading_day(market_calendar_weekday_fallback(scope=hk, weekday=7))
a_share_history skipped at 16:30 | 
not_trading_day(cn_trading_calendar(is_open=0))
us_market_history skipped at 17:10 | 
not_trading_day(market_calendar_weekday_fallback(scope=us, weekday=7))
Maintenance tick started
Maintenance tick complete
State DB: /home/zj/workspace/stok-mapping/data/maintenance/maintenance.sqlite
As of: 2026-06-07T20:06:02
Dry run: False
Executed runs: 0
financial_factors skipped at 03:30 | 
not_trading_day(cn_trading_calendar(is_open=0))
daily_brief skipped at 07:20 | not_trading_day(cn_trading_calendar(is_open=0))
hk_market_history skipped at 16:20 | 
not_trading_day(market_calendar_weekday_fallback(scope=hk, weekday=7))
a_share_history skipped at 16:30 | 
not_trading_day(cn_trading_calendar(is_open=0))
us_market_history skipped at 17:10 | 
not_trading_day(market_calendar_weekday_fallback(scope=us, weekday=7))
Maintenance tick started
Maintenance tick complete
State DB: /home/zj/workspace/stok-mapping/data/maintenance/maintenance.sqlite
As of: 2026-06-07T20:07:02
Dry run: False
Executed runs: 0
financial_factors skipped at 03:30 | 
not_trading_day(cn_trading_calendar(is_open=0))
daily_brief skipped at 07:20 | not_trading_day(cn_trading_calendar(is_open=0))
hk_market_history skipped at 16:20 | 
not_trading_day(market_calendar_weekday_fallback(scope=hk, weekday=7))
a_share_history skipped at 16:30 | 
not_trading_day(cn_trading_calendar(is_open=0))
us_market_history skipped at 17:10 | 
not_trading_day(market_calendar_weekday_fallback(scope=us, weekday=7))
Maintenance tick started
Maintenance tick complete
State DB: /home/zj/workspace/stok-mapping/data/maintenance/maintenance.sqlite
As of: 2026-06-07T20:08:02
Dry run: False
Executed runs: 0
financial_factors skipped at 03:30 | 
not_trading_day(cn_trading_calendar(is_open=0))
daily_brief skipped at 07:20 | not_trading_day(cn_trading_calendar(is_open=0))
hk_market_history skipped at 16:20 | 
not_trading_day(market_calendar_weekday_fallback(scope=hk, weekday=7))
a_share_history skipped at 16:30 | 
not_trading_day(cn_trading_calendar(is_open=0))
us_market_history skipped at 17:10 | 
not_trading_day(market_calendar_weekday_fallback(scope=us, weekday=7))
Maintenance tick started
Maintenance tick complete
State DB: /home/zj/workspace/stok-mapping/data/maintenance/maintenance.sqlite
As of: 2026-06-07T20:09:02
Dry run: False
Executed runs: 0
financial_factors skipped at 03:30 | 
not_trading_day(cn_trading_calendar(is_open=0))
daily_brief skipped at 07:20 | not_trading_day(cn_trading_calendar(is_open=0))
hk_market_history skipped at 16:20 | 
not_trading_day(market_calendar_weekday_fallback(scope=hk, weekday=7))
a_share_history skipped at 16:30 | 
not_trading_day(cn_trading_calendar(is_open=0))
us_market_history skipped at 17:10 | 
not_trading_day(market_calendar_weekday_fallback(scope=us, weekday=7))
Maintenance tick started
Maintenance tick complete
State DB: /home/zj/workspace/stok-mapping/data/maintenance/maintenance.sqlite
As of: 2026-06-07T20:10:02
Dry run: False
Executed runs: 0
financial_factors skipped at 03:30 | 
not_trading_day(cn_trading_calendar(is_open=0))
daily_brief skipped at 07:20 | not_trading_day(cn_trading_calendar(is_open=0))
hk_market_history skipped at 16:20 | 
not_trading_day(market_calendar_weekday_fallback(scope=hk, weekday=7))
a_share_history skipped at 16:30 | 
not_trading_day(cn_trading_calendar(is_open=0))
us_market_history skipped at 17:10 | 
not_trading_day(market_calendar_weekday_fallback(scope=us, weekday=7))
Maintenance tick started
Maintenance tick complete
State DB: /home/zj/workspace/stok-mapping/data/maintenance/maintenance.sqlite
As of: 2026-06-07T20:11:02
Dry run: False
Executed runs: 0
financial_factors skipped at 03:30 | 
not_trading_day(cn_trading_calendar(is_open=0))
daily_brief skipped at 07:20 | not_trading_day(cn_trading_calendar(is_open=0))
hk_market_history skipped at 16:20 | 
not_trading_day(market_calendar_weekday_fallback(scope=hk, weekday=7))
a_share_history skipped at 16:30 | 
not_trading_day(cn_trading_calendar(is_open=0))
us_market_history skipped at 17:10 | 
not_trading_day(market_calendar_weekday_fallback(scope=us, weekday=7))
Maintenance tick started
Maintenance tick complete
State DB: /home/zj/workspace/stok-mapping/data/maintenance/maintenance.sqlite
As of: 2026-06-07T20:12:02
Dry run: False
Executed runs: 0
financial_factors skipped at 03:30 | 
not_trading_day(cn_trading_calendar(is_open=0))
daily_brief skipped at 07:20 | not_trading_day(cn_trading_calendar(is_open=0))
hk_market_history skipped at 16:20 | 
not_trading_day(market_calendar_weekday_fallback(scope=hk, weekday=7))
a_share_history skipped at 16:30 | 
not_trading_day(cn_trading_calendar(is_open=0))
us_market_history skipped at 17:10 | 
not_trading_day(market_calendar_weekday_fallback(scope=us, weekday=7))
Maintenance tick started
Maintenance tick complete
State DB: /home/zj/workspace/stok-mapping/data/maintenance/maintenance.sqlite
As of: 2026-06-07T20:13:02
Dry run: False
Executed runs: 0
financial_factors skipped at 03:30 | 
not_trading_day(cn_trading_calendar(is_open=0))
daily_brief skipped at 07:20 | not_trading_day(cn_trading_calendar(is_open=0))
hk_market_history skipped at 16:20 | 
not_trading_day(market_calendar_weekday_fallback(scope=hk, weekday=7))
a_share_history skipped at 16:30 | 
not_trading_day(cn_trading_calendar(is_open=0))
us_market_history skipped at 17:10 | 
not_trading_day(market_calendar_weekday_fallback(scope=us, weekday=7))
Maintenance tick started
Maintenance tick complete
State DB: /home/zj/workspace/stok-mapping/data/maintenance/maintenance.sqlite
As of: 2026-06-07T20:14:01
Dry run: False
Executed runs: 0
financial_factors skipped at 03:30 | 
not_trading_day(cn_trading_calendar(is_open=0))
daily_brief skipped at 07:20 | not_trading_day(cn_trading_calendar(is_open=0))
hk_market_history skipped at 16:20 | 
not_trading_day(market_calendar_weekday_fallback(scope=hk, weekday=7))
a_share_history skipped at 16:30 | 
not_trading_day(cn_trading_calendar(is_open=0))
us_market_history skipped at 17:10 | 
not_trading_day(market_calendar_weekday_fallback(scope=us, weekday=7))
Maintenance tick started
Maintenance tick complete
State DB: /home/zj/workspace/stok-mapping/data/maintenance/maintenance.sqlite
As of: 2026-06-07T20:15:02
Dry run: False
Executed runs: 0
financial_factors skipped at 03:30 | 
not_trading_day(cn_trading_calendar(is_open=0))
daily_brief skipped at 07:20 | not_trading_day(cn_trading_calendar(is_open=0))
hk_market_history skipped at 16:20 | 
not_trading_day(market_calendar_weekday_fallback(scope=hk, weekday=7))
a_share_history skipped at 16:30 | 
not_trading_day(cn_trading_calendar(is_open=0))
us_market_history skipped at 17:10 | 
not_trading_day(market_calendar_weekday_fallback(scope=us, weekday=7))
Maintenance tick started
Maintenance tick complete
State DB: /home/zj/workspace/stok-mapping/data/maintenance/maintenance.sqlite
As of: 2026-06-07T20:16:02
Dry run: False
Executed runs: 0
financial_factors skipped at 03:30 | 
not_trading_day(cn_trading_calendar(is_open=0))
daily_brief skipped at 07:20 | not_trading_day(cn_trading_calendar(is_open=0))
hk_market_history skipped at 16:20 | 
not_trading_day(market_calendar_weekday_fallback(scope=hk, weekday=7))
a_share_history skipped at 16:30 | 
not_trading_day(cn_trading_calendar(is_open=0))
us_market_history skipped at 17:10 | 
not_trading_day(market_calendar_weekday_fallback(scope=us, weekday=7))
Maintenance tick started
Maintenance tick complete
State DB: /home/zj/workspace/stok-mapping/data/maintenance/maintenance.sqlite
As of: 2026-06-07T20:17:02
Dry run: False
Executed runs: 0
financial_factors skipped at 03:30 | 
not_trading_day(cn_trading_calendar(is_open=0))
daily_brief skipped at 07:20 | not_trading_day(cn_trading_calendar(is_open=0))
hk_market_history skipped at 16:20 | 
not_trading_day(market_calendar_weekday_fallback(scope=hk, weekday=7))
a_share_history skipped at 16:30 | 
not_trading_day(cn_trading_calendar(is_open=0))
us_market_history skipped at 17:10 | 
not_trading_day(market_calendar_weekday_fallback(scope=us, weekday=7))
Maintenance tick started
Maintenance tick complete
State DB: /home/zj/workspace/stok-mapping/data/maintenance/maintenance.sqlite
As of: 2026-06-07T20:18:02
Dry run: False
Executed runs: 0
financial_factors skipped at 03:30 | 
not_trading_day(cn_trading_calendar(is_open=0))
daily_brief skipped at 07:20 | not_trading_day(cn_trading_calendar(is_open=0))
hk_market_history skipped at 16:20 | 
not_trading_day(market_calendar_weekday_fallback(scope=hk, weekday=7))
a_share_history skipped at 16:30 | 
not_trading_day(cn_trading_calendar(is_open=0))
us_market_history skipped at 17:10 | 
not_trading_day(market_calendar_weekday_fallback(scope=us, weekday=7))
Maintenance tick started
Maintenance tick complete
State DB: /home/zj/workspace/stok-mapping/data/maintenance/maintenance.sqlite
As of: 2026-06-07T20:19:02
Dry run: False
Executed runs: 0
financial_factors skipped at 03:30 | 
not_trading_day(cn_trading_calendar(is_open=0))
daily_brief skipped at 07:20 | not_trading_day(cn_trading_calendar(is_open=0))
hk_market_history skipped at 16:20 | 
not_trading_day(market_calendar_weekday_fallback(scope=hk, weekday=7))
a_share_history skipped at 16:30 | 
not_trading_day(cn_trading_calendar(is_open=0))
us_market_history skipped at 17:10 | 
not_trading_day(market_calendar_weekday_fallback(scope=us, weekday=7))
Maintenance tick started
Maintenance tick complete
State DB: /home/zj/workspace/stok-mapping/data/maintenance/maintenance.sqlite
As of: 2026-06-07T20:20:03
Dry run: False
Executed runs: 0
financial_factors skipped at 03:30 | 
not_trading_day(cn_trading_calendar(is_open=0))
daily_brief skipped at 07:20 | not_trading_day(cn_trading_calendar(is_open=0))
hk_market_history skipped at 16:20 | 
not_trading_day(market_calendar_weekday_fallback(scope=hk, weekday=7))
a_share_history skipped at 16:30 | 
not_trading_day(cn_trading_calendar(is_open=0))
us_market_history skipped at 17:10 | 
not_trading_day(market_calendar_weekday_fallback(scope=us, weekday=7))
Maintenance tick started
Maintenance tick complete
State DB: /home/zj/workspace/stok-mapping/data/maintenance/maintenance.sqlite
As of: 2026-06-07T20:21:02
Dry run: False
Executed runs: 0
financial_factors skipped at 03:30 | 
not_trading_day(cn_trading_calendar(is_open=0))
daily_brief skipped at 07:20 | not_trading_day(cn_trading_calendar(is_open=0))
hk_market_history skipped at 16:20 | 
not_trading_day(market_calendar_weekday_fallback(scope=hk, weekday=7))
a_share_history skipped at 16:30 | 
not_trading_day(cn_trading_calendar(is_open=0))
us_market_history skipped at 17:10 | 
not_trading_day(market_calendar_weekday_fallback(scope=us, weekday=7))
Maintenance tick started
Maintenance tick complete
State DB: /home/zj/workspace/stok-mapping/data/maintenance/maintenance.sqlite
As of: 2026-06-07T20:22:02
Dry run: False
Executed runs: 0
financial_factors skipped at 03:30 | 
not_trading_day(cn_trading_calendar(is_open=0))
daily_brief skipped at 07:20 | not_trading_day(cn_trading_calendar(is_open=0))
hk_market_history skipped at 16:20 | 
not_trading_day(market_calendar_weekday_fallback(scope=hk, weekday=7))
a_share_history skipped at 16:30 | 
not_trading_day(cn_trading_calendar(is_open=0))
us_market_history skipped at 17:10 | 
not_trading_day(market_calendar_weekday_fallback(scope=us, weekday=7))
Maintenance tick started
Maintenance tick complete
State DB: /home/zj/workspace/stok-mapping/data/maintenance/maintenance.sqlite
As of: 2026-06-07T20:23:02
Dry run: False
Executed runs: 0
financial_factors skipped at 03:30 | 
not_trading_day(cn_trading_calendar(is_open=0))
daily_brief skipped at 07:20 | not_trading_day(cn_trading_calendar(is_open=0))
hk_market_history skipped at 16:20 | 
not_trading_day(market_calendar_weekday_fallback(scope=hk, weekday=7))
a_share_history skipped at 16:30 | 
not_trading_day(cn_trading_calendar(is_open=0))
us_market_history skipped at 17:10 | 
not_trading_day(market_calendar_weekday_fallback(scope=us, weekday=7))
Maintenance tick started
Maintenance tick complete
State DB: /home/zj/workspace/stok-mapping/data/maintenance/maintenance.sqlite
As of: 2026-06-07T20:24:02
Dry run: False
Executed runs: 0
financial_factors skipped at 03:30 | 
not_trading_day(cn_trading_calendar(is_open=0))
daily_brief skipped at 07:20 | not_trading_day(cn_trading_calendar(is_open=0))
hk_market_history skipped at 16:20 | 
not_trading_day(market_calendar_weekday_fallback(scope=hk, weekday=7))
a_share_history skipped at 16:30 | 
not_trading_day(cn_trading_calendar(is_open=0))
us_market_history skipped at 17:10 | 
not_trading_day(market_calendar_weekday_fallback(scope=us, weekday=7))
Maintenance tick started
Maintenance tick complete
State DB: /home/zj/workspace/stok-mapping/data/maintenance/maintenance.sqlite
As of: 2026-06-07T20:25:02
Dry run: False
Executed runs: 0
financial_factors skipped at 03:30 | 
not_trading_day(cn_trading_calendar(is_open=0))
daily_brief skipped at 07:20 | not_trading_day(cn_trading_calendar(is_open=0))
hk_market_history skipped at 16:20 | 
not_trading_day(market_calendar_weekday_fallback(scope=hk, weekday=7))
a_share_history skipped at 16:30 | 
not_trading_day(cn_trading_calendar(is_open=0))
us_market_history skipped at 17:10 | 
not_trading_day(market_calendar_weekday_fallback(scope=us, weekday=7))
Maintenance tick started
Maintenance tick complete
State DB: /home/zj/workspace/stok-mapping/data/maintenance/maintenance.sqlite
As of: 2026-06-07T20:26:02
Dry run: False
Executed runs: 0
financial_factors skipped at 03:30 | 
not_trading_day(cn_trading_calendar(is_open=0))
daily_brief skipped at 07:20 | not_trading_day(cn_trading_calendar(is_open=0))
hk_market_history skipped at 16:20 | 
not_trading_day(market_calendar_weekday_fallback(scope=hk, weekday=7))
a_share_history skipped at 16:30 | 
not_trading_day(cn_trading_calendar(is_open=0))
us_market_history skipped at 17:10 | 
not_trading_day(market_calendar_weekday_fallback(scope=us, weekday=7))
Maintenance tick started
Maintenance tick complete
State DB: /home/zj/workspace/stok-mapping/data/maintenance/maintenance.sqlite
As of: 2026-06-07T20:27:02
Dry run: False
Executed runs: 0
financial_factors skipped at 03:30 | 
not_trading_day(cn_trading_calendar(is_open=0))
daily_brief skipped at 07:20 | not_trading_day(cn_trading_calendar(is_open=0))
hk_market_history skipped at 16:20 | 
not_trading_day(market_calendar_weekday_fallback(scope=hk, weekday=7))
a_share_history skipped at 16:30 | 
not_trading_day(cn_trading_calendar(is_open=0))
us_market_history skipped at 17:10 | 
not_trading_day(market_calendar_weekday_fallback(scope=us, weekday=7))
Maintenance tick started
Maintenance tick complete
State DB: /home/zj/workspace/stok-mapping/data/maintenance/maintenance.sqlite
As of: 2026-06-07T20:28:02
Dry run: False
Executed runs: 0
financial_factors skipped at 03:30 | 
not_trading_day(cn_trading_calendar(is_open=0))
daily_brief skipped at 07:20 | not_trading_day(cn_trading_calendar(is_open=0))
hk_market_history skipped at 16:20 | 
not_trading_day(market_calendar_weekday_fallback(scope=hk, weekday=7))
a_share_history skipped at 16:30 | 
not_trading_day(cn_trading_calendar(is_open=0))
us_market_history skipped at 17:10 | 
not_trading_day(market_calendar_weekday_fallback(scope=us, weekday=7))
Maintenance tick started
Maintenance tick complete
State DB: /home/zj/workspace/stok-mapping/data/maintenance/maintenance.sqlite
As of: 2026-06-07T20:29:02
Dry run: False
Executed runs: 0
financial_factors skipped at 03:30 | 
not_trading_day(cn_trading_calendar(is_open=0))
daily_brief skipped at 07:20 | not_trading_day(cn_trading_calendar(is_open=0))
hk_market_history skipped at 16:20 | 
not_trading_day(market_calendar_weekday_fallback(scope=hk, weekday=7))
a_share_history skipped at 16:30 | 
not_trading_day(cn_trading_calendar(is_open=0))
us_market_history skipped at 17:10 | 
not_trading_day(market_calendar_weekday_fallback(scope=us, weekday=7))
Maintenance tick started
Maintenance tick complete
State DB: /home/zj/workspace/stok-mapping/data/maintenance/maintenance.sqlite
As of: 2026-06-07T20:30:02
Dry run: False
Executed runs: 0
financial_factors skipped at 03:30 | 
not_trading_day(cn_trading_calendar(is_open=0))
daily_brief skipped at 07:20 | not_trading_day(cn_trading_calendar(is_open=0))
hk_market_history skipped at 16:20 | 
not_trading_day(market_calendar_weekday_fallback(scope=hk, weekday=7))
a_share_history skipped at 16:30 | 
not_trading_day(cn_trading_calendar(is_open=0))
us_market_history skipped at 17:10 | 
not_trading_day(market_calendar_weekday_fallback(scope=us, weekday=7))
Maintenance tick started
Maintenance tick complete
State DB: /home/zj/workspace/stok-mapping/data/maintenance/maintenance.sqlite
As of: 2026-06-07T20:31:03
Dry run: False
Executed runs: 0
financial_factors skipped at 03:30 | 
not_trading_day(cn_trading_calendar(is_open=0))
daily_brief skipped at 07:20 | not_trading_day(cn_trading_calendar(is_open=0))
hk_market_history skipped at 16:20 | 
not_trading_day(market_calendar_weekday_fallback(scope=hk, weekday=7))
a_share_history skipped at 16:30 | 
not_trading_day(cn_trading_calendar(is_open=0))
us_market_history skipped at 17:10 | 
not_trading_day(market_calendar_weekday_fallback(scope=us, weekday=7))
Maintenance tick started
Maintenance tick complete
State DB: /home/zj/workspace/stok-mapping/data/maintenance/maintenance.sqlite
As of: 2026-06-07T20:32:02
Dry run: False
Executed runs: 0
financial_factors skipped at 03:30 | 
not_trading_day(cn_trading_calendar(is_open=0))
daily_brief skipped at 07:20 | not_trading_day(cn_trading_calendar(is_open=0))
hk_market_history skipped at 16:20 | 
not_trading_day(market_calendar_weekday_fallback(scope=hk, weekday=7))
a_share_history skipped at 16:30 | 
not_trading_day(cn_trading_calendar(is_open=0))
us_market_history skipped at 17:10 | 
not_trading_day(market_calendar_weekday_fallback(scope=us, weekday=7))
Maintenance tick started
Maintenance tick complete
State DB: /home/zj/workspace/stok-mapping/data/maintenance/maintenance.sqlite
As of: 2026-06-07T20:33:01
Dry run: False
Executed runs: 0
financial_factors skipped at 03:30 | 
not_trading_day(cn_trading_calendar(is_open=0))
daily_brief skipped at 07:20 | not_trading_day(cn_trading_calendar(is_open=0))
hk_market_history skipped at 16:20 | 
not_trading_day(market_calendar_weekday_fallback(scope=hk, weekday=7))
a_share_history skipped at 16:30 | 
not_trading_day(cn_trading_calendar(is_open=0))
us_market_history skipped at 17:10 | 
not_trading_day(market_calendar_weekday_fallback(scope=us, weekday=7))
Maintenance tick started
Maintenance tick complete
State DB: /home/zj/workspace/stok-mapping/data/maintenance/maintenance.sqlite
As of: 2026-06-07T20:34:03
Dry run: False
Executed runs: 0
financial_factors skipped at 03:30 | 
not_trading_day(cn_trading_calendar(is_open=0))
daily_brief skipped at 07:20 | not_trading_day(cn_trading_calendar(is_open=0))
hk_market_history skipped at 16:20 | 
not_trading_day(market_calendar_weekday_fallback(scope=hk, weekday=7))
a_share_history skipped at 16:30 | 
not_trading_day(cn_trading_calendar(is_open=0))
us_market_history skipped at 17:10 | 
not_trading_day(market_calendar_weekday_fallback(scope=us, weekday=7))
Maintenance tick started
Maintenance tick complete
State DB: /home/zj/workspace/stok-mapping/data/maintenance/maintenance.sqlite
As of: 2026-06-07T20:35:02
Dry run: False
Executed runs: 0
financial_factors skipped at 03:30 | 
not_trading_day(cn_trading_calendar(is_open=0))
daily_brief skipped at 07:20 | not_trading_day(cn_trading_calendar(is_open=0))
hk_market_history skipped at 16:20 | 
not_trading_day(market_calendar_weekday_fallback(scope=hk, weekday=7))
a_share_history skipped at 16:30 | 
not_trading_day(cn_trading_calendar(is_open=0))
us_market_history skipped at 17:10 | 
not_trading_day(market_calendar_weekday_fallback(scope=us, weekday=7))
Maintenance tick started
Maintenance tick complete
State DB: /home/zj/workspace/stok-mapping/data/maintenance/maintenance.sqlite
As of: 2026-06-07T20:36:02
Dry run: False
Executed runs: 0
financial_factors skipped at 03:30 | 
not_trading_day(cn_trading_calendar(is_open=0))
daily_brief skipped at 07:20 | not_trading_day(cn_trading_calendar(is_open=0))
hk_market_history skipped at 16:20 | 
not_trading_day(market_calendar_weekday_fallback(scope=hk, weekday=7))
a_share_history skipped at 16:30 | 
not_trading_day(cn_trading_calendar(is_open=0))
us_market_history skipped at 17:10 | 
not_trading_day(market_calendar_weekday_fallback(scope=us, weekday=7))
Maintenance tick started
Maintenance tick complete
State DB: /home/zj/workspace/stok-mapping/data/maintenance/maintenance.sqlite
As of: 2026-06-07T20:37:02
Dry run: False
Executed runs: 0
financial_factors skipped at 03:30 | 
not_trading_day(cn_trading_calendar(is_open=0))
daily_brief skipped at 07:20 | not_trading_day(cn_trading_calendar(is_open=0))
hk_market_history skipped at 16:20 | 
not_trading_day(market_calendar_weekday_fallback(scope=hk, weekday=7))
a_share_history skipped at 16:30 | 
not_trading_day(cn_trading_calendar(is_open=0))
us_market_history skipped at 17:10 | 
not_trading_day(market_calendar_weekday_fallback(scope=us, weekday=7))
Maintenance tick started
Maintenance tick complete
State DB: /home/zj/workspace/stok-mapping/data/maintenance/maintenance.sqlite
As of: 2026-06-07T20:38:02
Dry run: False
Executed runs: 0
financial_factors skipped at 03:30 | 
not_trading_day(cn_trading_calendar(is_open=0))
daily_brief skipped at 07:20 | not_trading_day(cn_trading_calendar(is_open=0))
hk_market_history skipped at 16:20 | 
not_trading_day(market_calendar_weekday_fallback(scope=hk, weekday=7))
a_share_history skipped at 16:30 | 
not_trading_day(cn_trading_calendar(is_open=0))
us_market_history skipped at 17:10 | 
not_trading_day(market_calendar_weekday_fallback(scope=us, weekday=7))
Maintenance tick started
Maintenance tick complete
State DB: /home/zj/workspace/stok-mapping/data/maintenance/maintenance.sqlite
As of: 2026-06-07T20:39:03
Dry run: False
Executed runs: 0
financial_factors skipped at 03:30 | 
not_trading_day(cn_trading_calendar(is_open=0))
daily_brief skipped at 07:20 | not_trading_day(cn_trading_calendar(is_open=0))
hk_market_history skipped at 16:20 | 
not_trading_day(market_calendar_weekday_fallback(scope=hk, weekday=7))
a_share_history skipped at 16:30 | 
not_trading_day(cn_trading_calendar(is_open=0))
us_market_history skipped at 17:10 | 
not_trading_day(market_calendar_weekday_fallback(scope=us, weekday=7))
Maintenance tick started
Maintenance tick complete
State DB: /home/zj/workspace/stok-mapping/data/maintenance/maintenance.sqlite
As of: 2026-06-07T20:40:02
Dry run: False
Executed runs: 0
financial_factors skipped at 03:30 | 
not_trading_day(cn_trading_calendar(is_open=0))
daily_brief skipped at 07:20 | not_trading_day(cn_trading_calendar(is_open=0))
hk_market_history skipped at 16:20 | 
not_trading_day(market_calendar_weekday_fallback(scope=hk, weekday=7))
a_share_history skipped at 16:30 | 
not_trading_day(cn_trading_calendar(is_open=0))
us_market_history skipped at 17:10 | 
not_trading_day(market_calendar_weekday_fallback(scope=us, weekday=7))
Maintenance tick started
Maintenance tick complete
State DB: /home/zj/workspace/stok-mapping/data/maintenance/maintenance.sqlite
As of: 2026-06-07T20:41:01
Dry run: False
Executed runs: 0
financial_factors skipped at 03:30 | 
not_trading_day(cn_trading_calendar(is_open=0))
daily_brief skipped at 07:20 | not_trading_day(cn_trading_calendar(is_open=0))
hk_market_history skipped at 16:20 | 
not_trading_day(market_calendar_weekday_fallback(scope=hk, weekday=7))
a_share_history skipped at 16:30 | 
not_trading_day(cn_trading_calendar(is_open=0))
us_market_history skipped at 17:10 | 
not_trading_day(market_calendar_weekday_fallback(scope=us, weekday=7))
Maintenance tick started
Maintenance tick complete
State DB: /home/zj/workspace/stok-mapping/data/maintenance/maintenance.sqlite
As of: 2026-06-07T20:42:02
Dry run: False
Executed runs: 0
financial_factors skipped at 03:30 | 
not_trading_day(cn_trading_calendar(is_open=0))
daily_brief skipped at 07:20 | not_trading_day(cn_trading_calendar(is_open=0))
hk_market_history skipped at 16:20 | 
not_trading_day(market_calendar_weekday_fallback(scope=hk, weekday=7))
a_share_history skipped at 16:30 | 
not_trading_day(cn_trading_calendar(is_open=0))
us_market_history skipped at 17:10 | 
not_trading_day(market_calendar_weekday_fallback(scope=us, weekday=7))
Maintenance tick started
Maintenance tick complete
State DB: /home/zj/workspace/stok-mapping/data/maintenance/maintenance.sqlite
As of: 2026-06-07T20:43:03
Dry run: False
Executed runs: 0
financial_factors skipped at 03:30 | 
not_trading_day(cn_trading_calendar(is_open=0))
daily_brief skipped at 07:20 | not_trading_day(cn_trading_calendar(is_open=0))
hk_market_history skipped at 16:20 | 
not_trading_day(market_calendar_weekday_fallback(scope=hk, weekday=7))
a_share_history skipped at 16:30 | 
not_trading_day(cn_trading_calendar(is_open=0))
us_market_history skipped at 17:10 | 
not_trading_day(market_calendar_weekday_fallback(scope=us, weekday=7))
Maintenance tick started
Maintenance tick complete
State DB: /home/zj/workspace/stok-mapping/data/maintenance/maintenance.sqlite
As of: 2026-06-07T20:44:02
Dry run: False
Executed runs: 0
financial_factors skipped at 03:30 | 
not_trading_day(cn_trading_calendar(is_open=0))
daily_brief skipped at 07:20 | not_trading_day(cn_trading_calendar(is_open=0))
hk_market_history skipped at 16:20 | 
not_trading_day(market_calendar_weekday_fallback(scope=hk, weekday=7))
a_share_history skipped at 16:30 | 
not_trading_day(cn_trading_calendar(is_open=0))
us_market_history skipped at 17:10 | 
not_trading_day(market_calendar_weekday_fallback(scope=us, weekday=7))
Maintenance tick started
Maintenance tick complete
State DB: /home/zj/workspace/stok-mapping/data/maintenance/maintenance.sqlite
As of: 2026-06-07T20:45:03
Dry run: False
Executed runs: 0
financial_factors skipped at 03:30 | 
not_trading_day(cn_trading_calendar(is_open=0))
daily_brief skipped at 07:20 | not_trading_day(cn_trading_calendar(is_open=0))
hk_market_history skipped at 16:20 | 
not_trading_day(market_calendar_weekday_fallback(scope=hk, weekday=7))
a_share_history skipped at 16:30 | 
not_trading_day(cn_trading_calendar(is_open=0))
us_market_history skipped at 17:10 | 
not_trading_day(market_calendar_weekday_fallback(scope=us, weekday=7))
Maintenance tick started
Maintenance tick complete
State DB: /home/zj/workspace/stok-mapping/data/maintenance/maintenance.sqlite
As of: 2026-06-07T20:46:02
Dry run: False
Executed runs: 0
financial_factors skipped at 03:30 | 
not_trading_day(cn_trading_calendar(is_open=0))
daily_brief skipped at 07:20 | not_trading_day(cn_trading_calendar(is_open=0))
hk_market_history skipped at 16:20 | 
not_trading_day(market_calendar_weekday_fallback(scope=hk, weekday=7))
a_share_history skipped at 16:30 | 
not_trading_day(cn_trading_calendar(is_open=0))
us_market_history skipped at 17:10 | 
not_trading_day(market_calendar_weekday_fallback(scope=us, weekday=7))
Maintenance tick started
Maintenance tick complete
State DB: /home/zj/workspace/stok-mapping/data/maintenance/maintenance.sqlite
As of: 2026-06-07T20:47:02
Dry run: False
Executed runs: 0
financial_factors skipped at 03:30 | 
not_trading_day(cn_trading_calendar(is_open=0))
daily_brief skipped at 07:20 | not_trading_day(cn_trading_calendar(is_open=0))
hk_market_history skipped at 16:20 | 
not_trading_day(market_calendar_weekday_fallback(scope=hk, weekday=7))
a_share_history skipped at 16:30 | 
not_trading_day(cn_trading_calendar(is_open=0))
us_market_history skipped at 17:10 | 
not_trading_day(market_calendar_weekday_fallback(scope=us, weekday=7))
Maintenance tick started
Maintenance tick complete
State DB: /home/zj/workspace/stok-mapping/data/maintenance/maintenance.sqlite
As of: 2026-06-07T20:48:01
Dry run: False
Executed runs: 0
financial_factors skipped at 03:30 | 
not_trading_day(cn_trading_calendar(is_open=0))
daily_brief skipped at 07:20 | not_trading_day(cn_trading_calendar(is_open=0))
hk_market_history skipped at 16:20 | 
not_trading_day(market_calendar_weekday_fallback(scope=hk, weekday=7))
a_share_history skipped at 16:30 | 
not_trading_day(cn_trading_calendar(is_open=0))
us_market_history skipped at 17:10 | 
not_trading_day(market_calendar_weekday_fallback(scope=us, weekday=7))
Maintenance tick started
Maintenance tick complete
State DB: /home/zj/workspace/stok-mapping/data/maintenance/maintenance.sqlite
As of: 2026-06-07T20:49:02
Dry run: False
Executed runs: 0
financial_factors skipped at 03:30 | 
not_trading_day(cn_trading_calendar(is_open=0))
daily_brief skipped at 07:20 | not_trading_day(cn_trading_calendar(is_open=0))
hk_market_history skipped at 16:20 | 
not_trading_day(market_calendar_weekday_fallback(scope=hk, weekday=7))
a_share_history skipped at 16:30 | 
not_trading_day(cn_trading_calendar(is_open=0))
us_market_history skipped at 17:10 | 
not_trading_day(market_calendar_weekday_fallback(scope=us, weekday=7))
Maintenance tick started
Maintenance tick complete
State DB: /home/zj/workspace/stok-mapping/data/maintenance/maintenance.sqlite
As of: 2026-06-07T20:50:02
Dry run: False
Executed runs: 0
financial_factors skipped at 03:30 | 
not_trading_day(cn_trading_calendar(is_open=0))
daily_brief skipped at 07:20 | not_trading_day(cn_trading_calendar(is_open=0))
hk_market_history skipped at 16:20 | 
not_trading_day(market_calendar_weekday_fallback(scope=hk, weekday=7))
a_share_history skipped at 16:30 | 
not_trading_day(cn_trading_calendar(is_open=0))
us_market_history skipped at 17:10 | 
not_trading_day(market_calendar_weekday_fallback(scope=us, weekday=7))
Maintenance tick started
Maintenance tick complete
State DB: /home/zj/workspace/stok-mapping/data/maintenance/maintenance.sqlite
As of: 2026-06-07T20:51:02
Dry run: False
Executed runs: 0
financial_factors skipped at 03:30 | 
not_trading_day(cn_trading_calendar(is_open=0))
daily_brief skipped at 07:20 | not_trading_day(cn_trading_calendar(is_open=0))
hk_market_history skipped at 16:20 | 
not_trading_day(market_calendar_weekday_fallback(scope=hk, weekday=7))
a_share_history skipped at 16:30 | 
not_trading_day(cn_trading_calendar(is_open=0))
us_market_history skipped at 17:10 | 
not_trading_day(market_calendar_weekday_fallback(scope=us, weekday=7))
Maintenance tick started
Maintenance tick complete
State DB: /home/zj/workspace/stok-mapping/data/maintenance/maintenance.sqlite
As of: 2026-06-07T20:52:02
Dry run: False
Executed runs: 0
financial_factors skipped at 03:30 | 
not_trading_day(cn_trading_calendar(is_open=0))
daily_brief skipped at 07:20 | not_trading_day(cn_trading_calendar(is_open=0))
hk_market_history skipped at 16:20 | 
not_trading_day(market_calendar_weekday_fallback(scope=hk, weekday=7))
a_share_history skipped at 16:30 | 
not_trading_day(cn_trading_calendar(is_open=0))
us_market_history skipped at 17:10 | 
not_trading_day(market_calendar_weekday_fallback(scope=us, weekday=7))
Maintenance tick started
Maintenance tick complete
State DB: /home/zj/workspace/stok-mapping/data/maintenance/maintenance.sqlite
As of: 2026-06-07T20:53:02
Dry run: False
Executed runs: 0
financial_factors skipped at 03:30 | 
not_trading_day(cn_trading_calendar(is_open=0))
daily_brief skipped at 07:20 | not_trading_day(cn_trading_calendar(is_open=0))
hk_market_history skipped at 16:20 | 
not_trading_day(market_calendar_weekday_fallback(scope=hk, weekday=7))
a_share_history skipped at 16:30 | 
not_trading_day(cn_trading_calendar(is_open=0))
us_market_history skipped at 17:10 | 
not_trading_day(market_calendar_weekday_fallback(scope=us, weekday=7))
Maintenance tick started
Maintenance tick complete
State DB: /home/zj/workspace/stok-mapping/data/maintenance/maintenance.sqlite
As of: 2026-06-07T20:54:02
Dry run: False
Executed runs: 0
financial_factors skipped at 03:30 | 
not_trading_day(cn_trading_calendar(is_open=0))
daily_brief skipped at 07:20 | not_trading_day(cn_trading_calendar(is_open=0))
hk_market_history skipped at 16:20 | 
not_trading_day(market_calendar_weekday_fallback(scope=hk, weekday=7))
a_share_history skipped at 16:30 | 
not_trading_day(cn_trading_calendar(is_open=0))
us_market_history skipped at 17:10 | 
not_trading_day(market_calendar_weekday_fallback(scope=us, weekday=7))
Maintenance tick started
Maintenance tick complete
State DB: /home/zj/workspace/stok-mapping/data/maintenance/maintenance.sqlite
As of: 2026-06-07T20:55:02
Dry run: False
Executed runs: 0
financial_factors skipped at 03:30 | 
not_trading_day(cn_trading_calendar(is_open=0))
daily_brief skipped at 07:20 | not_trading_day(cn_trading_calendar(is_open=0))
hk_market_history skipped at 16:20 | 
not_trading_day(market_calendar_weekday_fallback(scope=hk, weekday=7))
a_share_history skipped at 16:30 | 
not_trading_day(cn_trading_calendar(is_open=0))
us_market_history skipped at 17:10 | 
not_trading_day(market_calendar_weekday_fallback(scope=us, weekday=7))
Maintenance tick started
Maintenance tick complete
State DB: /home/zj/workspace/stok-mapping/data/maintenance/maintenance.sqlite
As of: 2026-06-07T20:56:01
Dry run: False
Executed runs: 0
financial_factors skipped at 03:30 | 
not_trading_day(cn_trading_calendar(is_open=0))
daily_brief skipped at 07:20 | not_trading_day(cn_trading_calendar(is_open=0))
hk_market_history skipped at 16:20 | 
not_trading_day(market_calendar_weekday_fallback(scope=hk, weekday=7))
a_share_history skipped at 16:30 | 
not_trading_day(cn_trading_calendar(is_open=0))
us_market_history skipped at 17:10 | 
not_trading_day(market_calendar_weekday_fallback(scope=us, weekday=7))
Maintenance tick started
Maintenance tick complete
State DB: /home/zj/workspace/stok-mapping/data/maintenance/maintenance.sqlite
As of: 2026-06-07T20:57:02
Dry run: False
Executed runs: 0
financial_factors skipped at 03:30 | 
not_trading_day(cn_trading_calendar(is_open=0))
daily_brief skipped at 07:20 | not_trading_day(cn_trading_calendar(is_open=0))
hk_market_history skipped at 16:20 | 
not_trading_day(market_calendar_weekday_fallback(scope=hk, weekday=7))
a_share_history skipped at 16:30 | 
not_trading_day(cn_trading_calendar(is_open=0))
us_market_history skipped at 17:10 | 
not_trading_day(market_calendar_weekday_fallback(scope=us, weekday=7))
Maintenance tick started
Maintenance tick complete
State DB: /home/zj/workspace/stok-mapping/data/maintenance/maintenance.sqlite
As of: 2026-06-07T20:58:02
Dry run: False
Executed runs: 0
financial_factors skipped at 03:30 | 
not_trading_day(cn_trading_calendar(is_open=0))
daily_brief skipped at 07:20 | not_trading_day(cn_trading_calendar(is_open=0))
hk_market_history skipped at 16:20 | 
not_trading_day(market_calendar_weekday_fallback(scope=hk, weekday=7))
a_share_history skipped at 16:30 | 
not_trading_day(cn_trading_calendar(is_open=0))
us_market_history skipped at 17:10 | 
not_trading_day(market_calendar_weekday_fallback(scope=us, weekday=7))
Maintenance tick started
Maintenance tick complete
State DB: /home/zj/workspace/stok-mapping/data/maintenance/maintenance.sqlite
As of: 2026-06-07T20:59:02
Dry run: False
Executed runs: 0
financial_factors skipped at 03:30 | 
not_trading_day(cn_trading_calendar(is_open=0))
daily_brief skipped at 07:20 | not_trading_day(cn_trading_calendar(is_open=0))
hk_market_history skipped at 16:20 | 
not_trading_day(market_calendar_weekday_fallback(scope=hk, weekday=7))
a_share_history skipped at 16:30 | 
not_trading_day(cn_trading_calendar(is_open=0))
us_market_history skipped at 17:10 | 
not_trading_day(market_calendar_weekday_fallback(scope=us, weekday=7))
Maintenance tick started
Maintenance tick complete
State DB: /home/zj/workspace/stok-mapping/data/maintenance/maintenance.sqlite
As of: 2026-06-07T21:00:01
Dry run: False
Executed runs: 0
financial_factors skipped at 03:30 | 
not_trading_day(cn_trading_calendar(is_open=0))
daily_brief skipped at 07:20 | not_trading_day(cn_trading_calendar(is_open=0))
hk_market_history skipped at 16:20 | 
not_trading_day(market_calendar_weekday_fallback(scope=hk, weekday=7))
a_share_history skipped at 16:30 | 
not_trading_day(cn_trading_calendar(is_open=0))
us_market_history skipped at 17:10 | 
not_trading_day(market_calendar_weekday_fallback(scope=us, weekday=7))
Maintenance tick started
Maintenance tick complete
State DB: /home/zj/workspace/stok-mapping/data/maintenance/maintenance.sqlite
As of: 2026-06-07T21:01:01
Dry run: False
Executed runs: 0
financial_factors skipped at 03:30 | 
not_trading_day(cn_trading_calendar(is_open=0))
daily_brief skipped at 07:20 | not_trading_day(cn_trading_calendar(is_open=0))
hk_market_history skipped at 16:20 | 
not_trading_day(market_calendar_weekday_fallback(scope=hk, weekday=7))
a_share_history skipped at 16:30 | 
not_trading_day(cn_trading_calendar(is_open=0))
us_market_history skipped at 17:10 | 
not_trading_day(market_calendar_weekday_fallback(scope=us, weekday=7))
Maintenance tick started
Maintenance tick complete
State DB: /home/zj/workspace/stok-mapping/data/maintenance/maintenance.sqlite
As of: 2026-06-07T21:02:01
Dry run: False
Executed runs: 0
financial_factors skipped at 03:30 | 
not_trading_day(cn_trading_calendar(is_open=0))
daily_brief skipped at 07:20 | not_trading_day(cn_trading_calendar(is_open=0))
hk_market_history skipped at 16:20 | 
not_trading_day(market_calendar_weekday_fallback(scope=hk, weekday=7))
a_share_history skipped at 16:30 | 
not_trading_day(cn_trading_calendar(is_open=0))
us_market_history skipped at 17:10 | 
not_trading_day(market_calendar_weekday_fallback(scope=us, weekday=7))
Maintenance tick started
Maintenance tick complete
State DB: /home/zj/workspace/stok-mapping/data/maintenance/maintenance.sqlite
As of: 2026-06-07T21:03:02
Dry run: False
Executed runs: 0
financial_factors skipped at 03:30 | 
not_trading_day(cn_trading_calendar(is_open=0))
daily_brief skipped at 07:20 | not_trading_day(cn_trading_calendar(is_open=0))
hk_market_history skipped at 16:20 | 
not_trading_day(market_calendar_weekday_fallback(scope=hk, weekday=7))
a_share_history skipped at 16:30 | 
not_trading_day(cn_trading_calendar(is_open=0))
us_market_history skipped at 17:10 | 
not_trading_day(market_calendar_weekday_fallback(scope=us, weekday=7))
Maintenance tick started
Maintenance tick complete
State DB: /home/zj/workspace/stok-mapping/data/maintenance/maintenance.sqlite
As of: 2026-06-07T21:04:02
Dry run: False
Executed runs: 0
financial_factors skipped at 03:30 | 
not_trading_day(cn_trading_calendar(is_open=0))
daily_brief skipped at 07:20 | not_trading_day(cn_trading_calendar(is_open=0))
hk_market_history skipped at 16:20 | 
not_trading_day(market_calendar_weekday_fallback(scope=hk, weekday=7))
a_share_history skipped at 16:30 | 
not_trading_day(cn_trading_calendar(is_open=0))
us_market_history skipped at 17:10 | 
not_trading_day(market_calendar_weekday_fallback(scope=us, weekday=7))
Maintenance tick started
Maintenance tick complete
State DB: /home/zj/workspace/stok-mapping/data/maintenance/maintenance.sqlite
As of: 2026-06-07T21:05:02
Dry run: False
Executed runs: 0
financial_factors skipped at 03:30 | 
not_trading_day(cn_trading_calendar(is_open=0))
daily_brief skipped at 07:20 | not_trading_day(cn_trading_calendar(is_open=0))
hk_market_history skipped at 16:20 | 
not_trading_day(market_calendar_weekday_fallback(scope=hk, weekday=7))
a_share_history skipped at 16:30 | 
not_trading_day(cn_trading_calendar(is_open=0))
us_market_history skipped at 17:10 | 
not_trading_day(market_calendar_weekday_fallback(scope=us, weekday=7))
Maintenance tick started
Maintenance tick complete
State DB: /home/zj/workspace/stok-mapping/data/maintenance/maintenance.sqlite
As of: 2026-06-07T21:06:02
Dry run: False
Executed runs: 0
financial_factors skipped at 03:30 | 
not_trading_day(cn_trading_calendar(is_open=0))
daily_brief skipped at 07:20 | not_trading_day(cn_trading_calendar(is_open=0))
hk_market_history skipped at 16:20 | 
not_trading_day(market_calendar_weekday_fallback(scope=hk, weekday=7))
a_share_history skipped at 16:30 | 
not_trading_day(cn_trading_calendar(is_open=0))
us_market_history skipped at 17:10 | 
not_trading_day(market_calendar_weekday_fallback(scope=us, weekday=7))
Maintenance tick started
Maintenance tick complete
State DB: /home/zj/workspace/stok-mapping/data/maintenance/maintenance.sqlite
As of: 2026-06-07T21:07:02
Dry run: False
Executed runs: 0
financial_factors skipped at 03:30 | 
not_trading_day(cn_trading_calendar(is_open=0))
daily_brief skipped at 07:20 | not_trading_day(cn_trading_calendar(is_open=0))
hk_market_history skipped at 16:20 | 
not_trading_day(market_calendar_weekday_fallback(scope=hk, weekday=7))
a_share_history skipped at 16:30 | 
not_trading_day(cn_trading_calendar(is_open=0))
us_market_history skipped at 17:10 | 
not_trading_day(market_calendar_weekday_fallback(scope=us, weekday=7))
Maintenance tick started
Maintenance tick complete
State DB: /home/zj/workspace/stok-mapping/data/maintenance/maintenance.sqlite
As of: 2026-06-07T21:08:02
Dry run: False
Executed runs: 0
financial_factors skipped at 03:30 | 
not_trading_day(cn_trading_calendar(is_open=0))
daily_brief skipped at 07:20 | not_trading_day(cn_trading_calendar(is_open=0))
hk_market_history skipped at 16:20 | 
not_trading_day(market_calendar_weekday_fallback(scope=hk, weekday=7))
a_share_history skipped at 16:30 | 
not_trading_day(cn_trading_calendar(is_open=0))
us_market_history skipped at 17:10 | 
not_trading_day(market_calendar_weekday_fallback(scope=us, weekday=7))
Maintenance tick started
Maintenance tick complete
State DB: /home/zj/workspace/stok-mapping/data/maintenance/maintenance.sqlite
As of: 2026-06-07T21:09:01
Dry run: False
Executed runs: 0
financial_factors skipped at 03:30 | 
not_trading_day(cn_trading_calendar(is_open=0))
daily_brief skipped at 07:20 | not_trading_day(cn_trading_calendar(is_open=0))
hk_market_history skipped at 16:20 | 
not_trading_day(market_calendar_weekday_fallback(scope=hk, weekday=7))
a_share_history skipped at 16:30 | 
not_trading_day(cn_trading_calendar(is_open=0))
us_market_history skipped at 17:10 | 
not_trading_day(market_calendar_weekday_fallback(scope=us, weekday=7))
Maintenance tick started
Maintenance tick complete
State DB: /home/zj/workspace/stok-mapping/data/maintenance/maintenance.sqlite
As of: 2026-06-07T21:10:02
Dry run: False
Executed runs: 0
financial_factors skipped at 03:30 | 
not_trading_day(cn_trading_calendar(is_open=0))
daily_brief skipped at 07:20 | not_trading_day(cn_trading_calendar(is_open=0))
hk_market_history skipped at 16:20 | 
not_trading_day(market_calendar_weekday_fallback(scope=hk, weekday=7))
a_share_history skipped at 16:30 | 
not_trading_day(cn_trading_calendar(is_open=0))
us_market_history skipped at 17:10 | 
not_trading_day(market_calendar_weekday_fallback(scope=us, weekday=7))
Maintenance tick started
Maintenance tick complete
State DB: /home/zj/workspace/stok-mapping/data/maintenance/maintenance.sqlite
As of: 2026-06-07T21:11:02
Dry run: False
Executed runs: 0
financial_factors skipped at 03:30 | 
not_trading_day(cn_trading_calendar(is_open=0))
daily_brief skipped at 07:20 | not_trading_day(cn_trading_calendar(is_open=0))
hk_market_history skipped at 16:20 | 
not_trading_day(market_calendar_weekday_fallback(scope=hk, weekday=7))
a_share_history skipped at 16:30 | 
not_trading_day(cn_trading_calendar(is_open=0))
us_market_history skipped at 17:10 | 
not_trading_day(market_calendar_weekday_fallback(scope=us, weekday=7))
Maintenance tick started
Maintenance tick complete
State DB: /home/zj/workspace/stok-mapping/data/maintenance/maintenance.sqlite
As of: 2026-06-07T21:12:02
Dry run: False
Executed runs: 0
financial_factors skipped at 03:30 | 
not_trading_day(cn_trading_calendar(is_open=0))
daily_brief skipped at 07:20 | not_trading_day(cn_trading_calendar(is_open=0))
hk_market_history skipped at 16:20 | 
not_trading_day(market_calendar_weekday_fallback(scope=hk, weekday=7))
a_share_history skipped at 16:30 | 
not_trading_day(cn_trading_calendar(is_open=0))
us_market_history skipped at 17:10 | 
not_trading_day(market_calendar_weekday_fallback(scope=us, weekday=7))
Maintenance tick started
Maintenance tick complete
State DB: /home/zj/workspace/stok-mapping/data/maintenance/maintenance.sqlite
As of: 2026-06-07T21:13:02
Dry run: False
Executed runs: 0
financial_factors skipped at 03:30 | 
not_trading_day(cn_trading_calendar(is_open=0))
daily_brief skipped at 07:20 | not_trading_day(cn_trading_calendar(is_open=0))
hk_market_history skipped at 16:20 | 
not_trading_day(market_calendar_weekday_fallback(scope=hk, weekday=7))
a_share_history skipped at 16:30 | 
not_trading_day(cn_trading_calendar(is_open=0))
us_market_history skipped at 17:10 | 
not_trading_day(market_calendar_weekday_fallback(scope=us, weekday=7))
Maintenance tick started
Maintenance tick complete
State DB: /home/zj/workspace/stok-mapping/data/maintenance/maintenance.sqlite
As of: 2026-06-07T21:14:02
Dry run: False
Executed runs: 0
financial_factors skipped at 03:30 | 
not_trading_day(cn_trading_calendar(is_open=0))
daily_brief skipped at 07:20 | not_trading_day(cn_trading_calendar(is_open=0))
hk_market_history skipped at 16:20 | 
not_trading_day(market_calendar_weekday_fallback(scope=hk, weekday=7))
a_share_history skipped at 16:30 | 
not_trading_day(cn_trading_calendar(is_open=0))
us_market_history skipped at 17:10 | 
not_trading_day(market_calendar_weekday_fallback(scope=us, weekday=7))
Maintenance tick started
Maintenance tick complete
State DB: /home/zj/workspace/stok-mapping/data/maintenance/maintenance.sqlite
As of: 2026-06-07T21:15:03
Dry run: False
Executed runs: 0
financial_factors skipped at 03:30 | 
not_trading_day(cn_trading_calendar(is_open=0))
daily_brief skipped at 07:20 | not_trading_day(cn_trading_calendar(is_open=0))
hk_market_history skipped at 16:20 | 
not_trading_day(market_calendar_weekday_fallback(scope=hk, weekday=7))
a_share_history skipped at 16:30 | 
not_trading_day(cn_trading_calendar(is_open=0))
us_market_history skipped at 17:10 | 
not_trading_day(market_calendar_weekday_fallback(scope=us, weekday=7))
Maintenance tick started
Maintenance tick complete
State DB: /home/zj/workspace/stok-mapping/data/maintenance/maintenance.sqlite
As of: 2026-06-07T21:16:02
Dry run: False
Executed runs: 0
financial_factors skipped at 03:30 | 
not_trading_day(cn_trading_calendar(is_open=0))
daily_brief skipped at 07:20 | not_trading_day(cn_trading_calendar(is_open=0))
hk_market_history skipped at 16:20 | 
not_trading_day(market_calendar_weekday_fallback(scope=hk, weekday=7))
a_share_history skipped at 16:30 | 
not_trading_day(cn_trading_calendar(is_open=0))
us_market_history skipped at 17:10 | 
not_trading_day(market_calendar_weekday_fallback(scope=us, weekday=7))
Maintenance tick started
Maintenance tick complete
State DB: /home/zj/workspace/stok-mapping/data/maintenance/maintenance.sqlite
As of: 2026-06-07T21:17:02
Dry run: False
Executed runs: 0
financial_factors skipped at 03:30 | 
not_trading_day(cn_trading_calendar(is_open=0))
daily_brief skipped at 07:20 | not_trading_day(cn_trading_calendar(is_open=0))
hk_market_history skipped at 16:20 | 
not_trading_day(market_calendar_weekday_fallback(scope=hk, weekday=7))
a_share_history skipped at 16:30 | 
not_trading_day(cn_trading_calendar(is_open=0))
us_market_history skipped at 17:10 | 
not_trading_day(market_calendar_weekday_fallback(scope=us, weekday=7))
Maintenance tick started
Maintenance tick complete
State DB: /home/zj/workspace/stok-mapping/data/maintenance/maintenance.sqlite
As of: 2026-06-07T21:18:03
Dry run: False
Executed runs: 0
financial_factors skipped at 03:30 | 
not_trading_day(cn_trading_calendar(is_open=0))
daily_brief skipped at 07:20 | not_trading_day(cn_trading_calendar(is_open=0))
hk_market_history skipped at 16:20 | 
not_trading_day(market_calendar_weekday_fallback(scope=hk, weekday=7))
a_share_history skipped at 16:30 | 
not_trading_day(cn_trading_calendar(is_open=0))
us_market_history skipped at 17:10 | 
not_trading_day(market_calendar_weekday_fallback(scope=us, weekday=7))
Maintenance tick started
Maintenance tick complete
State DB: /home/zj/workspace/stok-mapping/data/maintenance/maintenance.sqlite
As of: 2026-06-07T21:19:02
Dry run: False
Executed runs: 0
financial_factors skipped at 03:30 | 
not_trading_day(cn_trading_calendar(is_open=0))
daily_brief skipped at 07:20 | not_trading_day(cn_trading_calendar(is_open=0))
hk_market_history skipped at 16:20 | 
not_trading_day(market_calendar_weekday_fallback(scope=hk, weekday=7))
a_share_history skipped at 16:30 | 
not_trading_day(cn_trading_calendar(is_open=0))
us_market_history skipped at 17:10 | 
not_trading_day(market_calendar_weekday_fallback(scope=us, weekday=7))
Maintenance tick started
Maintenance tick complete
State DB: /home/zj/workspace/stok-mapping/data/maintenance/maintenance.sqlite
As of: 2026-06-07T21:20:02
Dry run: False
Executed runs: 0
financial_factors skipped at 03:30 | 
not_trading_day(cn_trading_calendar(is_open=0))
daily_brief skipped at 07:20 | not_trading_day(cn_trading_calendar(is_open=0))
hk_market_history skipped at 16:20 | 
not_trading_day(market_calendar_weekday_fallback(scope=hk, weekday=7))
a_share_history skipped at 16:30 | 
not_trading_day(cn_trading_calendar(is_open=0))
us_market_history skipped at 17:10 | 
not_trading_day(market_calendar_weekday_fallback(scope=us, weekday=7))
Maintenance tick started
Maintenance tick complete
State DB: /home/zj/workspace/stok-mapping/data/maintenance/maintenance.sqlite
As of: 2026-06-07T21:21:02
Dry run: False
Executed runs: 0
financial_factors skipped at 03:30 | 
not_trading_day(cn_trading_calendar(is_open=0))
daily_brief skipped at 07:20 | not_trading_day(cn_trading_calendar(is_open=0))
hk_market_history skipped at 16:20 | 
not_trading_day(market_calendar_weekday_fallback(scope=hk, weekday=7))
a_share_history skipped at 16:30 | 
not_trading_day(cn_trading_calendar(is_open=0))
us_market_history skipped at 17:10 | 
not_trading_day(market_calendar_weekday_fallback(scope=us, weekday=7))
Maintenance tick started
Maintenance tick complete
State DB: /home/zj/workspace/stok-mapping/data/maintenance/maintenance.sqlite
As of: 2026-06-07T21:22:02
Dry run: False
Executed runs: 0
financial_factors skipped at 03:30 | 
not_trading_day(cn_trading_calendar(is_open=0))
daily_brief skipped at 07:20 | not_trading_day(cn_trading_calendar(is_open=0))
hk_market_history skipped at 16:20 | 
not_trading_day(market_calendar_weekday_fallback(scope=hk, weekday=7))
a_share_history skipped at 16:30 | 
not_trading_day(cn_trading_calendar(is_open=0))
us_market_history skipped at 17:10 | 
not_trading_day(market_calendar_weekday_fallback(scope=us, weekday=7))
Maintenance tick started
Maintenance tick complete
State DB: /home/zj/workspace/stok-mapping/data/maintenance/maintenance.sqlite
As of: 2026-06-07T21:23:02
Dry run: False
Executed runs: 0
financial_factors skipped at 03:30 | 
not_trading_day(cn_trading_calendar(is_open=0))
daily_brief skipped at 07:20 | not_trading_day(cn_trading_calendar(is_open=0))
hk_market_history skipped at 16:20 | 
not_trading_day(market_calendar_weekday_fallback(scope=hk, weekday=7))
a_share_history skipped at 16:30 | 
not_trading_day(cn_trading_calendar(is_open=0))
us_market_history skipped at 17:10 | 
not_trading_day(market_calendar_weekday_fallback(scope=us, weekday=7))
Maintenance tick started
Maintenance tick complete
State DB: /home/zj/workspace/stok-mapping/data/maintenance/maintenance.sqlite
As of: 2026-06-07T21:24:02
Dry run: False
Executed runs: 0
financial_factors skipped at 03:30 | 
not_trading_day(cn_trading_calendar(is_open=0))
daily_brief skipped at 07:20 | not_trading_day(cn_trading_calendar(is_open=0))
hk_market_history skipped at 16:20 | 
not_trading_day(market_calendar_weekday_fallback(scope=hk, weekday=7))
a_share_history skipped at 16:30 | 
not_trading_day(cn_trading_calendar(is_open=0))
us_market_history skipped at 17:10 | 
not_trading_day(market_calendar_weekday_fallback(scope=us, weekday=7))
Maintenance tick started
Maintenance tick complete
State DB: /home/zj/workspace/stok-mapping/data/maintenance/maintenance.sqlite
As of: 2026-06-07T21:25:03
Dry run: False
Executed runs: 0
financial_factors skipped at 03:30 | 
not_trading_day(cn_trading_calendar(is_open=0))
daily_brief skipped at 07:20 | not_trading_day(cn_trading_calendar(is_open=0))
hk_market_history skipped at 16:20 | 
not_trading_day(market_calendar_weekday_fallback(scope=hk, weekday=7))
a_share_history skipped at 16:30 | 
not_trading_day(cn_trading_calendar(is_open=0))
us_market_history skipped at 17:10 | 
not_trading_day(market_calendar_weekday_fallback(scope=us, weekday=7))
Maintenance tick started
Maintenance tick complete
State DB: /home/zj/workspace/stok-mapping/data/maintenance/maintenance.sqlite
As of: 2026-06-07T21:26:02
Dry run: False
Executed runs: 0
financial_factors skipped at 03:30 | 
not_trading_day(cn_trading_calendar(is_open=0))
daily_brief skipped at 07:20 | not_trading_day(cn_trading_calendar(is_open=0))
hk_market_history skipped at 16:20 | 
not_trading_day(market_calendar_weekday_fallback(scope=hk, weekday=7))
a_share_history skipped at 16:30 | 
not_trading_day(cn_trading_calendar(is_open=0))
us_market_history skipped at 17:10 | 
not_trading_day(market_calendar_weekday_fallback(scope=us, weekday=7))
Maintenance tick started
Maintenance tick complete
State DB: /home/zj/workspace/stok-mapping/data/maintenance/maintenance.sqlite
As of: 2026-06-07T21:27:02
Dry run: False
Executed runs: 0
financial_factors skipped at 03:30 | 
not_trading_day(cn_trading_calendar(is_open=0))
daily_brief skipped at 07:20 | not_trading_day(cn_trading_calendar(is_open=0))
hk_market_history skipped at 16:20 | 
not_trading_day(market_calendar_weekday_fallback(scope=hk, weekday=7))
a_share_history skipped at 16:30 | 
not_trading_day(cn_trading_calendar(is_open=0))
us_market_history skipped at 17:10 | 
not_trading_day(market_calendar_weekday_fallback(scope=us, weekday=7))
Maintenance tick started
Maintenance tick complete
State DB: /home/zj/workspace/stok-mapping/data/maintenance/maintenance.sqlite
As of: 2026-06-07T21:28:03
Dry run: False
Executed runs: 0
financial_factors skipped at 03:30 | 
not_trading_day(cn_trading_calendar(is_open=0))
daily_brief skipped at 07:20 | not_trading_day(cn_trading_calendar(is_open=0))
hk_market_history skipped at 16:20 | 
not_trading_day(market_calendar_weekday_fallback(scope=hk, weekday=7))
a_share_history skipped at 16:30 | 
not_trading_day(cn_trading_calendar(is_open=0))
us_market_history skipped at 17:10 | 
not_trading_day(market_calendar_weekday_fallback(scope=us, weekday=7))
Maintenance tick started
Maintenance tick complete
State DB: /home/zj/workspace/stok-mapping/data/maintenance/maintenance.sqlite
As of: 2026-06-07T21:29:02
Dry run: False
Executed runs: 0
financial_factors skipped at 03:30 | 
not_trading_day(cn_trading_calendar(is_open=0))
daily_brief skipped at 07:20 | not_trading_day(cn_trading_calendar(is_open=0))
hk_market_history skipped at 16:20 | 
not_trading_day(market_calendar_weekday_fallback(scope=hk, weekday=7))
a_share_history skipped at 16:30 | 
not_trading_day(cn_trading_calendar(is_open=0))
us_market_history skipped at 17:10 | 
not_trading_day(market_calendar_weekday_fallback(scope=us, weekday=7))
Maintenance tick started
Maintenance tick complete
State DB: /home/zj/workspace/stok-mapping/data/maintenance/maintenance.sqlite
As of: 2026-06-07T21:30:03
Dry run: False
Executed runs: 0
financial_factors skipped at 03:30 | 
not_trading_day(cn_trading_calendar(is_open=0))
daily_brief skipped at 07:20 | not_trading_day(cn_trading_calendar(is_open=0))
hk_market_history skipped at 16:20 | 
not_trading_day(market_calendar_weekday_fallback(scope=hk, weekday=7))
a_share_history skipped at 16:30 | 
not_trading_day(cn_trading_calendar(is_open=0))
us_market_history skipped at 17:10 | 
not_trading_day(market_calendar_weekday_fallback(scope=us, weekday=7))
Maintenance tick started
Maintenance tick complete
State DB: /home/zj/workspace/stok-mapping/data/maintenance/maintenance.sqlite
As of: 2026-06-07T21:31:02
Dry run: False
Executed runs: 0
financial_factors skipped at 03:30 | 
not_trading_day(cn_trading_calendar(is_open=0))
daily_brief skipped at 07:20 | not_trading_day(cn_trading_calendar(is_open=0))
hk_market_history skipped at 16:20 | 
not_trading_day(market_calendar_weekday_fallback(scope=hk, weekday=7))
a_share_history skipped at 16:30 | 
not_trading_day(cn_trading_calendar(is_open=0))
us_market_history skipped at 17:10 | 
not_trading_day(market_calendar_weekday_fallback(scope=us, weekday=7))
Maintenance tick started
Maintenance tick complete
State DB: /home/zj/workspace/stok-mapping/data/maintenance/maintenance.sqlite
As of: 2026-06-07T21:32:02
Dry run: False
Executed runs: 0
financial_factors skipped at 03:30 | 
not_trading_day(cn_trading_calendar(is_open=0))
daily_brief skipped at 07:20 | not_trading_day(cn_trading_calendar(is_open=0))
hk_market_history skipped at 16:20 | 
not_trading_day(market_calendar_weekday_fallback(scope=hk, weekday=7))
a_share_history skipped at 16:30 | 
not_trading_day(cn_trading_calendar(is_open=0))
us_market_history skipped at 17:10 | 
not_trading_day(market_calendar_weekday_fallback(scope=us, weekday=7))
Maintenance tick started
Maintenance tick complete
State DB: /home/zj/workspace/stok-mapping/data/maintenance/maintenance.sqlite
As of: 2026-06-07T21:33:02
Dry run: False
Executed runs: 0
financial_factors skipped at 03:30 | 
not_trading_day(cn_trading_calendar(is_open=0))
daily_brief skipped at 07:20 | not_trading_day(cn_trading_calendar(is_open=0))
hk_market_history skipped at 16:20 | 
not_trading_day(market_calendar_weekday_fallback(scope=hk, weekday=7))
a_share_history skipped at 16:30 | 
not_trading_day(cn_trading_calendar(is_open=0))
us_market_history skipped at 17:10 | 
not_trading_day(market_calendar_weekday_fallback(scope=us, weekday=7))
Maintenance tick started
Maintenance tick complete
State DB: /home/zj/workspace/stok-mapping/data/maintenance/maintenance.sqlite
As of: 2026-06-07T21:34:02
Dry run: False
Executed runs: 0
financial_factors skipped at 03:30 | 
not_trading_day(cn_trading_calendar(is_open=0))
daily_brief skipped at 07:20 | not_trading_day(cn_trading_calendar(is_open=0))
hk_market_history skipped at 16:20 | 
not_trading_day(market_calendar_weekday_fallback(scope=hk, weekday=7))
a_share_history skipped at 16:30 | 
not_trading_day(cn_trading_calendar(is_open=0))
us_market_history skipped at 17:10 | 
not_trading_day(market_calendar_weekday_fallback(scope=us, weekday=7))
Maintenance tick started
Maintenance tick complete
State DB: /home/zj/workspace/stok-mapping/data/maintenance/maintenance.sqlite
As of: 2026-06-07T21:35:02
Dry run: False
Executed runs: 0
financial_factors skipped at 03:30 | 
not_trading_day(cn_trading_calendar(is_open=0))
daily_brief skipped at 07:20 | not_trading_day(cn_trading_calendar(is_open=0))
hk_market_history skipped at 16:20 | 
not_trading_day(market_calendar_weekday_fallback(scope=hk, weekday=7))
a_share_history skipped at 16:30 | 
not_trading_day(cn_trading_calendar(is_open=0))
us_market_history skipped at 17:10 | 
not_trading_day(market_calendar_weekday_fallback(scope=us, weekday=7))
Maintenance tick started
Maintenance tick complete
State DB: /home/zj/workspace/stok-mapping/data/maintenance/maintenance.sqlite
As of: 2026-06-07T21:36:02
Dry run: False
Executed runs: 0
financial_factors skipped at 03:30 | 
not_trading_day(cn_trading_calendar(is_open=0))
daily_brief skipped at 07:20 | not_trading_day(cn_trading_calendar(is_open=0))
hk_market_history skipped at 16:20 | 
not_trading_day(market_calendar_weekday_fallback(scope=hk, weekday=7))
a_share_history skipped at 16:30 | 
not_trading_day(cn_trading_calendar(is_open=0))
us_market_history skipped at 17:10 | 
not_trading_day(market_calendar_weekday_fallback(scope=us, weekday=7))
Maintenance tick started
Maintenance tick complete
State DB: /home/zj/workspace/stok-mapping/data/maintenance/maintenance.sqlite
As of: 2026-06-07T21:37:02
Dry run: False
Executed runs: 0
financial_factors skipped at 03:30 | 
not_trading_day(cn_trading_calendar(is_open=0))
daily_brief skipped at 07:20 | not_trading_day(cn_trading_calendar(is_open=0))
hk_market_history skipped at 16:20 | 
not_trading_day(market_calendar_weekday_fallback(scope=hk, weekday=7))
a_share_history skipped at 16:30 | 
not_trading_day(cn_trading_calendar(is_open=0))
us_market_history skipped at 17:10 | 
not_trading_day(market_calendar_weekday_fallback(scope=us, weekday=7))
Maintenance tick started
Maintenance tick complete
State DB: /home/zj/workspace/stok-mapping/data/maintenance/maintenance.sqlite
As of: 2026-06-07T21:38:02
Dry run: False
Executed runs: 0
financial_factors skipped at 03:30 | 
not_trading_day(cn_trading_calendar(is_open=0))
daily_brief skipped at 07:20 | not_trading_day(cn_trading_calendar(is_open=0))
hk_market_history skipped at 16:20 | 
not_trading_day(market_calendar_weekday_fallback(scope=hk, weekday=7))
a_share_history skipped at 16:30 | 
not_trading_day(cn_trading_calendar(is_open=0))
us_market_history skipped at 17:10 | 
not_trading_day(market_calendar_weekday_fallback(scope=us, weekday=7))
Maintenance tick started
Maintenance tick complete
State DB: /home/zj/workspace/stok-mapping/data/maintenance/maintenance.sqlite
As of: 2026-06-07T21:39:02
Dry run: False
Executed runs: 0
financial_factors skipped at 03:30 | 
not_trading_day(cn_trading_calendar(is_open=0))
daily_brief skipped at 07:20 | not_trading_day(cn_trading_calendar(is_open=0))
hk_market_history skipped at 16:20 | 
not_trading_day(market_calendar_weekday_fallback(scope=hk, weekday=7))
a_share_history skipped at 16:30 | 
not_trading_day(cn_trading_calendar(is_open=0))
us_market_history skipped at 17:10 | 
not_trading_day(market_calendar_weekday_fallback(scope=us, weekday=7))
Maintenance tick started
Maintenance tick complete
State DB: /home/zj/workspace/stok-mapping/data/maintenance/maintenance.sqlite
As of: 2026-06-07T21:40:02
Dry run: False
Executed runs: 0
financial_factors skipped at 03:30 | 
not_trading_day(cn_trading_calendar(is_open=0))
daily_brief skipped at 07:20 | not_trading_day(cn_trading_calendar(is_open=0))
hk_market_history skipped at 16:20 | 
not_trading_day(market_calendar_weekday_fallback(scope=hk, weekday=7))
a_share_history skipped at 16:30 | 
not_trading_day(cn_trading_calendar(is_open=0))
us_market_history skipped at 17:10 | 
not_trading_day(market_calendar_weekday_fallback(scope=us, weekday=7))
Maintenance tick started
Maintenance tick complete
State DB: /home/zj/workspace/stok-mapping/data/maintenance/maintenance.sqlite
As of: 2026-06-07T21:41:01
Dry run: False
Executed runs: 0
financial_factors skipped at 03:30 | 
not_trading_day(cn_trading_calendar(is_open=0))
daily_brief skipped at 07:20 | not_trading_day(cn_trading_calendar(is_open=0))
hk_market_history skipped at 16:20 | 
not_trading_day(market_calendar_weekday_fallback(scope=hk, weekday=7))
a_share_history skipped at 16:30 | 
not_trading_day(cn_trading_calendar(is_open=0))
us_market_history skipped at 17:10 | 
not_trading_day(market_calendar_weekday_fallback(scope=us, weekday=7))
Maintenance tick started
Maintenance tick complete
State DB: /home/zj/workspace/stok-mapping/data/maintenance/maintenance.sqlite
As of: 2026-06-07T21:42:02
Dry run: False
Executed runs: 0
financial_factors skipped at 03:30 | 
not_trading_day(cn_trading_calendar(is_open=0))
daily_brief skipped at 07:20 | not_trading_day(cn_trading_calendar(is_open=0))
hk_market_history skipped at 16:20 | 
not_trading_day(market_calendar_weekday_fallback(scope=hk, weekday=7))
a_share_history skipped at 16:30 | 
not_trading_day(cn_trading_calendar(is_open=0))
us_market_history skipped at 17:10 | 
not_trading_day(market_calendar_weekday_fallback(scope=us, weekday=7))
Maintenance tick started
Maintenance tick complete
State DB: /home/zj/workspace/stok-mapping/data/maintenance/maintenance.sqlite
As of: 2026-06-07T21:43:02
Dry run: False
Executed runs: 0
financial_factors skipped at 03:30 | 
not_trading_day(cn_trading_calendar(is_open=0))
daily_brief skipped at 07:20 | not_trading_day(cn_trading_calendar(is_open=0))
hk_market_history skipped at 16:20 | 
not_trading_day(market_calendar_weekday_fallback(scope=hk, weekday=7))
a_share_history skipped at 16:30 | 
not_trading_day(cn_trading_calendar(is_open=0))
us_market_history skipped at 17:10 | 
not_trading_day(market_calendar_weekday_fallback(scope=us, weekday=7))
Maintenance tick started
Maintenance tick complete
State DB: /home/zj/workspace/stok-mapping/data/maintenance/maintenance.sqlite
As of: 2026-06-07T21:44:02
Dry run: False
Executed runs: 0
financial_factors skipped at 03:30 | 
not_trading_day(cn_trading_calendar(is_open=0))
daily_brief skipped at 07:20 | not_trading_day(cn_trading_calendar(is_open=0))
hk_market_history skipped at 16:20 | 
not_trading_day(market_calendar_weekday_fallback(scope=hk, weekday=7))
a_share_history skipped at 16:30 | 
not_trading_day(cn_trading_calendar(is_open=0))
us_market_history skipped at 17:10 | 
not_trading_day(market_calendar_weekday_fallback(scope=us, weekday=7))
Maintenance tick started
Maintenance tick complete
State DB: /home/zj/workspace/stok-mapping/data/maintenance/maintenance.sqlite
As of: 2026-06-07T21:45:02
Dry run: False
Executed runs: 0
financial_factors skipped at 03:30 | 
not_trading_day(cn_trading_calendar(is_open=0))
daily_brief skipped at 07:20 | not_trading_day(cn_trading_calendar(is_open=0))
hk_market_history skipped at 16:20 | 
not_trading_day(market_calendar_weekday_fallback(scope=hk, weekday=7))
a_share_history skipped at 16:30 | 
not_trading_day(cn_trading_calendar(is_open=0))
us_market_history skipped at 17:10 | 
not_trading_day(market_calendar_weekday_fallback(scope=us, weekday=7))
Maintenance tick started
Maintenance tick complete
State DB: /home/zj/workspace/stok-mapping/data/maintenance/maintenance.sqlite
As of: 2026-06-07T21:46:01
Dry run: False
Executed runs: 0
financial_factors skipped at 03:30 | 
not_trading_day(cn_trading_calendar(is_open=0))
daily_brief skipped at 07:20 | not_trading_day(cn_trading_calendar(is_open=0))
hk_market_history skipped at 16:20 | 
not_trading_day(market_calendar_weekday_fallback(scope=hk, weekday=7))
a_share_history skipped at 16:30 | 
not_trading_day(cn_trading_calendar(is_open=0))
us_market_history skipped at 17:10 | 
not_trading_day(market_calendar_weekday_fallback(scope=us, weekday=7))
Maintenance tick started
Maintenance tick complete
State DB: /home/zj/workspace/stok-mapping/data/maintenance/maintenance.sqlite
As of: 2026-06-07T21:47:02
Dry run: False
Executed runs: 0
financial_factors skipped at 03:30 | 
not_trading_day(cn_trading_calendar(is_open=0))
daily_brief skipped at 07:20 | not_trading_day(cn_trading_calendar(is_open=0))
hk_market_history skipped at 16:20 | 
not_trading_day(market_calendar_weekday_fallback(scope=hk, weekday=7))
a_share_history skipped at 16:30 | 
not_trading_day(cn_trading_calendar(is_open=0))
us_market_history skipped at 17:10 | 
not_trading_day(market_calendar_weekday_fallback(scope=us, weekday=7))
Maintenance tick started
Maintenance tick complete
State DB: /home/zj/workspace/stok-mapping/data/maintenance/maintenance.sqlite
As of: 2026-06-07T21:48:02
Dry run: False
Executed runs: 0
financial_factors skipped at 03:30 | 
not_trading_day(cn_trading_calendar(is_open=0))
daily_brief skipped at 07:20 | not_trading_day(cn_trading_calendar(is_open=0))
hk_market_history skipped at 16:20 | 
not_trading_day(market_calendar_weekday_fallback(scope=hk, weekday=7))
a_share_history skipped at 16:30 | 
not_trading_day(cn_trading_calendar(is_open=0))
us_market_history skipped at 17:10 | 
not_trading_day(market_calendar_weekday_fallback(scope=us, weekday=7))
Maintenance tick started
Maintenance tick complete
State DB: /home/zj/workspace/stok-mapping/data/maintenance/maintenance.sqlite
As of: 2026-06-07T21:49:02
Dry run: False
Executed runs: 0
financial_factors skipped at 03:30 | 
not_trading_day(cn_trading_calendar(is_open=0))
daily_brief skipped at 07:20 | not_trading_day(cn_trading_calendar(is_open=0))
hk_market_history skipped at 16:20 | 
not_trading_day(market_calendar_weekday_fallback(scope=hk, weekday=7))
a_share_history skipped at 16:30 | 
not_trading_day(cn_trading_calendar(is_open=0))
us_market_history skipped at 17:10 | 
not_trading_day(market_calendar_weekday_fallback(scope=us, weekday=7))
Maintenance tick started
Maintenance tick complete
State DB: /home/zj/workspace/stok-mapping/data/maintenance/maintenance.sqlite
As of: 2026-06-07T21:50:02
Dry run: False
Executed runs: 0
financial_factors skipped at 03:30 | 
not_trading_day(cn_trading_calendar(is_open=0))
daily_brief skipped at 07:20 | not_trading_day(cn_trading_calendar(is_open=0))
hk_market_history skipped at 16:20 | 
not_trading_day(market_calendar_weekday_fallback(scope=hk, weekday=7))
a_share_history skipped at 16:30 | 
not_trading_day(cn_trading_calendar(is_open=0))
us_market_history skipped at 17:10 | 
not_trading_day(market_calendar_weekday_fallback(scope=us, weekday=7))
Maintenance tick started
Maintenance tick complete
State DB: /home/zj/workspace/stok-mapping/data/maintenance/maintenance.sqlite
As of: 2026-06-07T21:51:02
Dry run: False
Executed runs: 0
financial_factors skipped at 03:30 | 
not_trading_day(cn_trading_calendar(is_open=0))
daily_brief skipped at 07:20 | not_trading_day(cn_trading_calendar(is_open=0))
hk_market_history skipped at 16:20 | 
not_trading_day(market_calendar_weekday_fallback(scope=hk, weekday=7))
a_share_history skipped at 16:30 | 
not_trading_day(cn_trading_calendar(is_open=0))
us_market_history skipped at 17:10 | 
not_trading_day(market_calendar_weekday_fallback(scope=us, weekday=7))
Maintenance tick started
Maintenance tick complete
State DB: /home/zj/workspace/stok-mapping/data/maintenance/maintenance.sqlite
As of: 2026-06-07T21:52:02
Dry run: False
Executed runs: 0
financial_factors skipped at 03:30 | 
not_trading_day(cn_trading_calendar(is_open=0))
daily_brief skipped at 07:20 | not_trading_day(cn_trading_calendar(is_open=0))
hk_market_history skipped at 16:20 | 
not_trading_day(market_calendar_weekday_fallback(scope=hk, weekday=7))
a_share_history skipped at 16:30 | 
not_trading_day(cn_trading_calendar(is_open=0))
us_market_history skipped at 17:10 | 
not_trading_day(market_calendar_weekday_fallback(scope=us, weekday=7))
Maintenance tick started
Maintenance tick complete
State DB: /home/zj/workspace/stok-mapping/data/maintenance/maintenance.sqlite
As of: 2026-06-07T21:53:02
Dry run: False
Executed runs: 0
financial_factors skipped at 03:30 | 
not_trading_day(cn_trading_calendar(is_open=0))
daily_brief skipped at 07:20 | not_trading_day(cn_trading_calendar(is_open=0))
hk_market_history skipped at 16:20 | 
not_trading_day(market_calendar_weekday_fallback(scope=hk, weekday=7))
a_share_history skipped at 16:30 | 
not_trading_day(cn_trading_calendar(is_open=0))
us_market_history skipped at 17:10 | 
not_trading_day(market_calendar_weekday_fallback(scope=us, weekday=7))
Maintenance tick started
Maintenance tick complete
State DB: /home/zj/workspace/stok-mapping/data/maintenance/maintenance.sqlite
As of: 2026-06-07T21:54:02
Dry run: False
Executed runs: 0
financial_factors skipped at 03:30 | 
not_trading_day(cn_trading_calendar(is_open=0))
daily_brief skipped at 07:20 | not_trading_day(cn_trading_calendar(is_open=0))
hk_market_history skipped at 16:20 | 
not_trading_day(market_calendar_weekday_fallback(scope=hk, weekday=7))
a_share_history skipped at 16:30 | 
not_trading_day(cn_trading_calendar(is_open=0))
us_market_history skipped at 17:10 | 
not_trading_day(market_calendar_weekday_fallback(scope=us, weekday=7))
Maintenance tick started
Maintenance tick complete
State DB: /home/zj/workspace/stok-mapping/data/maintenance/maintenance.sqlite
As of: 2026-06-07T21:55:02
Dry run: False
Executed runs: 0
financial_factors skipped at 03:30 | 
not_trading_day(cn_trading_calendar(is_open=0))
daily_brief skipped at 07:20 | not_trading_day(cn_trading_calendar(is_open=0))
hk_market_history skipped at 16:20 | 
not_trading_day(market_calendar_weekday_fallback(scope=hk, weekday=7))
a_share_history skipped at 16:30 | 
not_trading_day(cn_trading_calendar(is_open=0))
us_market_history skipped at 17:10 | 
not_trading_day(market_calendar_weekday_fallback(scope=us, weekday=7))
Maintenance tick started
Maintenance tick complete
State DB: /home/zj/workspace/stok-mapping/data/maintenance/maintenance.sqlite
As of: 2026-06-07T21:56:02
Dry run: False
Executed runs: 0
financial_factors skipped at 03:30 | 
not_trading_day(cn_trading_calendar(is_open=0))
daily_brief skipped at 07:20 | not_trading_day(cn_trading_calendar(is_open=0))
hk_market_history skipped at 16:20 | 
not_trading_day(market_calendar_weekday_fallback(scope=hk, weekday=7))
a_share_history skipped at 16:30 | 
not_trading_day(cn_trading_calendar(is_open=0))
us_market_history skipped at 17:10 | 
not_trading_day(market_calendar_weekday_fallback(scope=us, weekday=7))
Maintenance tick started
Maintenance tick complete
State DB: /home/zj/workspace/stok-mapping/data/maintenance/maintenance.sqlite
As of: 2026-06-07T21:57:02
Dry run: False
Executed runs: 0
financial_factors skipped at 03:30 | 
not_trading_day(cn_trading_calendar(is_open=0))
daily_brief skipped at 07:20 | not_trading_day(cn_trading_calendar(is_open=0))
hk_market_history skipped at 16:20 | 
not_trading_day(market_calendar_weekday_fallback(scope=hk, weekday=7))
a_share_history skipped at 16:30 | 
not_trading_day(cn_trading_calendar(is_open=0))
us_market_history skipped at 17:10 | 
not_trading_day(market_calendar_weekday_fallback(scope=us, weekday=7))
Maintenance tick started
Maintenance tick complete
State DB: /home/zj/workspace/stok-mapping/data/maintenance/maintenance.sqlite
As of: 2026-06-07T21:58:01
Dry run: False
Executed runs: 0
financial_factors skipped at 03:30 | 
not_trading_day(cn_trading_calendar(is_open=0))
daily_brief skipped at 07:20 | not_trading_day(cn_trading_calendar(is_open=0))
hk_market_history skipped at 16:20 | 
not_trading_day(market_calendar_weekday_fallback(scope=hk, weekday=7))
a_share_history skipped at 16:30 | 
not_trading_day(cn_trading_calendar(is_open=0))
us_market_history skipped at 17:10 | 
not_trading_day(market_calendar_weekday_fallback(scope=us, weekday=7))
Maintenance tick started
Maintenance tick complete
State DB: /home/zj/workspace/stok-mapping/data/maintenance/maintenance.sqlite
As of: 2026-06-07T21:59:02
Dry run: False
Executed runs: 0
financial_factors skipped at 03:30 | 
not_trading_day(cn_trading_calendar(is_open=0))
daily_brief skipped at 07:20 | not_trading_day(cn_trading_calendar(is_open=0))
hk_market_history skipped at 16:20 | 
not_trading_day(market_calendar_weekday_fallback(scope=hk, weekday=7))
a_share_history skipped at 16:30 | 
not_trading_day(cn_trading_calendar(is_open=0))
us_market_history skipped at 17:10 | 
not_trading_day(market_calendar_weekday_fallback(scope=us, weekday=7))
Maintenance tick started
Maintenance tick complete
State DB: /home/zj/workspace/stok-mapping/data/maintenance/maintenance.sqlite
As of: 2026-06-07T22:00:02
Dry run: False
Executed runs: 0
financial_factors skipped at 03:30 | 
not_trading_day(cn_trading_calendar(is_open=0))
daily_brief skipped at 07:20 | not_trading_day(cn_trading_calendar(is_open=0))
hk_market_history skipped at 16:20 | 
not_trading_day(market_calendar_weekday_fallback(scope=hk, weekday=7))
a_share_history skipped at 16:30 | 
not_trading_day(cn_trading_calendar(is_open=0))
us_market_history skipped at 17:10 | 
not_trading_day(market_calendar_weekday_fallback(scope=us, weekday=7))
Maintenance tick started
Maintenance tick complete
State DB: /home/zj/workspace/stok-mapping/data/maintenance/maintenance.sqlite
As of: 2026-06-07T22:01:02
Dry run: False
Executed runs: 0
financial_factors skipped at 03:30 | 
not_trading_day(cn_trading_calendar(is_open=0))
daily_brief skipped at 07:20 | not_trading_day(cn_trading_calendar(is_open=0))
hk_market_history skipped at 16:20 | 
not_trading_day(market_calendar_weekday_fallback(scope=hk, weekday=7))
a_share_history skipped at 16:30 | 
not_trading_day(cn_trading_calendar(is_open=0))
us_market_history skipped at 17:10 | 
not_trading_day(market_calendar_weekday_fallback(scope=us, weekday=7))
Maintenance tick started
Maintenance tick complete
State DB: /home/zj/workspace/stok-mapping/data/maintenance/maintenance.sqlite
As of: 2026-06-07T22:02:02
Dry run: False
Executed runs: 0
financial_factors skipped at 03:30 | 
not_trading_day(cn_trading_calendar(is_open=0))
daily_brief skipped at 07:20 | not_trading_day(cn_trading_calendar(is_open=0))
hk_market_history skipped at 16:20 | 
not_trading_day(market_calendar_weekday_fallback(scope=hk, weekday=7))
a_share_history skipped at 16:30 | 
not_trading_day(cn_trading_calendar(is_open=0))
us_market_history skipped at 17:10 | 
not_trading_day(market_calendar_weekday_fallback(scope=us, weekday=7))
Maintenance tick started
Maintenance tick complete
State DB: /home/zj/workspace/stok-mapping/data/maintenance/maintenance.sqlite
As of: 2026-06-07T22:03:02
Dry run: False
Executed runs: 0
financial_factors skipped at 03:30 | 
not_trading_day(cn_trading_calendar(is_open=0))
daily_brief skipped at 07:20 | not_trading_day(cn_trading_calendar(is_open=0))
hk_market_history skipped at 16:20 | 
not_trading_day(market_calendar_weekday_fallback(scope=hk, weekday=7))
a_share_history skipped at 16:30 | 
not_trading_day(cn_trading_calendar(is_open=0))
us_market_history skipped at 17:10 | 
not_trading_day(market_calendar_weekday_fallback(scope=us, weekday=7))
Maintenance tick started
Maintenance tick complete
State DB: /home/zj/workspace/stok-mapping/data/maintenance/maintenance.sqlite
As of: 2026-06-07T22:04:02
Dry run: False
Executed runs: 0
financial_factors skipped at 03:30 | 
not_trading_day(cn_trading_calendar(is_open=0))
daily_brief skipped at 07:20 | not_trading_day(cn_trading_calendar(is_open=0))
hk_market_history skipped at 16:20 | 
not_trading_day(market_calendar_weekday_fallback(scope=hk, weekday=7))
a_share_history skipped at 16:30 | 
not_trading_day(cn_trading_calendar(is_open=0))
us_market_history skipped at 17:10 | 
not_trading_day(market_calendar_weekday_fallback(scope=us, weekday=7))
Maintenance tick started
Maintenance tick complete
State DB: /home/zj/workspace/stok-mapping/data/maintenance/maintenance.sqlite
As of: 2026-06-07T22:05:01
Dry run: False
Executed runs: 0
financial_factors skipped at 03:30 | 
not_trading_day(cn_trading_calendar(is_open=0))
daily_brief skipped at 07:20 | not_trading_day(cn_trading_calendar(is_open=0))
hk_market_history skipped at 16:20 | 
not_trading_day(market_calendar_weekday_fallback(scope=hk, weekday=7))
a_share_history skipped at 16:30 | 
not_trading_day(cn_trading_calendar(is_open=0))
us_market_history skipped at 17:10 | 
not_trading_day(market_calendar_weekday_fallback(scope=us, weekday=7))
Maintenance tick started
Maintenance tick complete
State DB: /home/zj/workspace/stok-mapping/data/maintenance/maintenance.sqlite
As of: 2026-06-07T22:06:02
Dry run: False
Executed runs: 0
financial_factors skipped at 03:30 | 
not_trading_day(cn_trading_calendar(is_open=0))
daily_brief skipped at 07:20 | not_trading_day(cn_trading_calendar(is_open=0))
hk_market_history skipped at 16:20 | 
not_trading_day(market_calendar_weekday_fallback(scope=hk, weekday=7))
a_share_history skipped at 16:30 | 
not_trading_day(cn_trading_calendar(is_open=0))
us_market_history skipped at 17:10 | 
not_trading_day(market_calendar_weekday_fallback(scope=us, weekday=7))
Maintenance tick started
Maintenance tick complete
State DB: /home/zj/workspace/stok-mapping/data/maintenance/maintenance.sqlite
As of: 2026-06-07T22:07:02
Dry run: False
Executed runs: 0
financial_factors skipped at 03:30 | 
not_trading_day(cn_trading_calendar(is_open=0))
daily_brief skipped at 07:20 | not_trading_day(cn_trading_calendar(is_open=0))
hk_market_history skipped at 16:20 | 
not_trading_day(market_calendar_weekday_fallback(scope=hk, weekday=7))
a_share_history skipped at 16:30 | 
not_trading_day(cn_trading_calendar(is_open=0))
us_market_history skipped at 17:10 | 
not_trading_day(market_calendar_weekday_fallback(scope=us, weekday=7))
Maintenance tick started
Maintenance tick complete
State DB: /home/zj/workspace/stok-mapping/data/maintenance/maintenance.sqlite
As of: 2026-06-07T22:08:02
Dry run: False
Executed runs: 0
financial_factors skipped at 03:30 | 
not_trading_day(cn_trading_calendar(is_open=0))
daily_brief skipped at 07:20 | not_trading_day(cn_trading_calendar(is_open=0))
hk_market_history skipped at 16:20 | 
not_trading_day(market_calendar_weekday_fallback(scope=hk, weekday=7))
a_share_history skipped at 16:30 | 
not_trading_day(cn_trading_calendar(is_open=0))
us_market_history skipped at 17:10 | 
not_trading_day(market_calendar_weekday_fallback(scope=us, weekday=7))
Maintenance tick started
Maintenance tick complete
State DB: /home/zj/workspace/stok-mapping/data/maintenance/maintenance.sqlite
As of: 2026-06-07T22:09:02
Dry run: False
Executed runs: 0
financial_factors skipped at 03:30 | 
not_trading_day(cn_trading_calendar(is_open=0))
daily_brief skipped at 07:20 | not_trading_day(cn_trading_calendar(is_open=0))
hk_market_history skipped at 16:20 | 
not_trading_day(market_calendar_weekday_fallback(scope=hk, weekday=7))
a_share_history skipped at 16:30 | 
not_trading_day(cn_trading_calendar(is_open=0))
us_market_history skipped at 17:10 | 
not_trading_day(market_calendar_weekday_fallback(scope=us, weekday=7))
Maintenance tick started
Maintenance tick complete
State DB: /home/zj/workspace/stok-mapping/data/maintenance/maintenance.sqlite
As of: 2026-06-07T22:10:02
Dry run: False
Executed runs: 0
financial_factors skipped at 03:30 | 
not_trading_day(cn_trading_calendar(is_open=0))
daily_brief skipped at 07:20 | not_trading_day(cn_trading_calendar(is_open=0))
hk_market_history skipped at 16:20 | 
not_trading_day(market_calendar_weekday_fallback(scope=hk, weekday=7))
a_share_history skipped at 16:30 | 
not_trading_day(cn_trading_calendar(is_open=0))
us_market_history skipped at 17:10 | 
not_trading_day(market_calendar_weekday_fallback(scope=us, weekday=7))
Maintenance tick started
Maintenance tick complete
State DB: /home/zj/workspace/stok-mapping/data/maintenance/maintenance.sqlite
As of: 2026-06-07T22:11:02
Dry run: False
Executed runs: 0
financial_factors skipped at 03:30 | 
not_trading_day(cn_trading_calendar(is_open=0))
daily_brief skipped at 07:20 | not_trading_day(cn_trading_calendar(is_open=0))
hk_market_history skipped at 16:20 | 
not_trading_day(market_calendar_weekday_fallback(scope=hk, weekday=7))
a_share_history skipped at 16:30 | 
not_trading_day(cn_trading_calendar(is_open=0))
us_market_history skipped at 17:10 | 
not_trading_day(market_calendar_weekday_fallback(scope=us, weekday=7))
Maintenance tick started
Maintenance tick complete
State DB: /home/zj/workspace/stok-mapping/data/maintenance/maintenance.sqlite
As of: 2026-06-07T22:12:02
Dry run: False
Executed runs: 0
financial_factors skipped at 03:30 | 
not_trading_day(cn_trading_calendar(is_open=0))
daily_brief skipped at 07:20 | not_trading_day(cn_trading_calendar(is_open=0))
hk_market_history skipped at 16:20 | 
not_trading_day(market_calendar_weekday_fallback(scope=hk, weekday=7))
a_share_history skipped at 16:30 | 
not_trading_day(cn_trading_calendar(is_open=0))
us_market_history skipped at 17:10 | 
not_trading_day(market_calendar_weekday_fallback(scope=us, weekday=7))
Maintenance tick started
Maintenance tick complete
State DB: /home/zj/workspace/stok-mapping/data/maintenance/maintenance.sqlite
As of: 2026-06-07T22:13:02
Dry run: False
Executed runs: 0
financial_factors skipped at 03:30 | 
not_trading_day(cn_trading_calendar(is_open=0))
daily_brief skipped at 07:20 | not_trading_day(cn_trading_calendar(is_open=0))
hk_market_history skipped at 16:20 | 
not_trading_day(market_calendar_weekday_fallback(scope=hk, weekday=7))
a_share_history skipped at 16:30 | 
not_trading_day(cn_trading_calendar(is_open=0))
us_market_history skipped at 17:10 | 
not_trading_day(market_calendar_weekday_fallback(scope=us, weekday=7))
Maintenance tick started
Maintenance tick complete
State DB: /home/zj/workspace/stok-mapping/data/maintenance/maintenance.sqlite
As of: 2026-06-07T22:14:02
Dry run: False
Executed runs: 0
financial_factors skipped at 03:30 | 
not_trading_day(cn_trading_calendar(is_open=0))
daily_brief skipped at 07:20 | not_trading_day(cn_trading_calendar(is_open=0))
hk_market_history skipped at 16:20 | 
not_trading_day(market_calendar_weekday_fallback(scope=hk, weekday=7))
a_share_history skipped at 16:30 | 
not_trading_day(cn_trading_calendar(is_open=0))
us_market_history skipped at 17:10 | 
not_trading_day(market_calendar_weekday_fallback(scope=us, weekday=7))
Maintenance tick started
Maintenance tick complete
State DB: /home/zj/workspace/stok-mapping/data/maintenance/maintenance.sqlite
As of: 2026-06-07T22:15:02
Dry run: False
Executed runs: 0
financial_factors skipped at 03:30 | 
not_trading_day(cn_trading_calendar(is_open=0))
daily_brief skipped at 07:20 | not_trading_day(cn_trading_calendar(is_open=0))
hk_market_history skipped at 16:20 | 
not_trading_day(market_calendar_weekday_fallback(scope=hk, weekday=7))
a_share_history skipped at 16:30 | 
not_trading_day(cn_trading_calendar(is_open=0))
us_market_history skipped at 17:10 | 
not_trading_day(market_calendar_weekday_fallback(scope=us, weekday=7))
Maintenance tick started
Maintenance tick complete
State DB: /home/zj/workspace/stok-mapping/data/maintenance/maintenance.sqlite
As of: 2026-06-07T22:16:02
Dry run: False
Executed runs: 0
financial_factors skipped at 03:30 | 
not_trading_day(cn_trading_calendar(is_open=0))
daily_brief skipped at 07:20 | not_trading_day(cn_trading_calendar(is_open=0))
hk_market_history skipped at 16:20 | 
not_trading_day(market_calendar_weekday_fallback(scope=hk, weekday=7))
a_share_history skipped at 16:30 | 
not_trading_day(cn_trading_calendar(is_open=0))
us_market_history skipped at 17:10 | 
not_trading_day(market_calendar_weekday_fallback(scope=us, weekday=7))
Maintenance tick started
Maintenance tick complete
State DB: /home/zj/workspace/stok-mapping/data/maintenance/maintenance.sqlite
As of: 2026-06-07T22:17:02
Dry run: False
Executed runs: 0
financial_factors skipped at 03:30 | 
not_trading_day(cn_trading_calendar(is_open=0))
daily_brief skipped at 07:20 | not_trading_day(cn_trading_calendar(is_open=0))
hk_market_history skipped at 16:20 | 
not_trading_day(market_calendar_weekday_fallback(scope=hk, weekday=7))
a_share_history skipped at 16:30 | 
not_trading_day(cn_trading_calendar(is_open=0))
us_market_history skipped at 17:10 | 
not_trading_day(market_calendar_weekday_fallback(scope=us, weekday=7))
Maintenance tick started
Maintenance tick complete
State DB: /home/zj/workspace/stok-mapping/data/maintenance/maintenance.sqlite
As of: 2026-06-07T22:18:02
Dry run: False
Executed runs: 0
financial_factors skipped at 03:30 | 
not_trading_day(cn_trading_calendar(is_open=0))
daily_brief skipped at 07:20 | not_trading_day(cn_trading_calendar(is_open=0))
hk_market_history skipped at 16:20 | 
not_trading_day(market_calendar_weekday_fallback(scope=hk, weekday=7))
a_share_history skipped at 16:30 | 
not_trading_day(cn_trading_calendar(is_open=0))
us_market_history skipped at 17:10 | 
not_trading_day(market_calendar_weekday_fallback(scope=us, weekday=7))
Maintenance tick started
Maintenance tick complete
State DB: /home/zj/workspace/stok-mapping/data/maintenance/maintenance.sqlite
As of: 2026-06-07T22:19:02
Dry run: False
Executed runs: 0
financial_factors skipped at 03:30 | 
not_trading_day(cn_trading_calendar(is_open=0))
daily_brief skipped at 07:20 | not_trading_day(cn_trading_calendar(is_open=0))
hk_market_history skipped at 16:20 | 
not_trading_day(market_calendar_weekday_fallback(scope=hk, weekday=7))
a_share_history skipped at 16:30 | 
not_trading_day(cn_trading_calendar(is_open=0))
us_market_history skipped at 17:10 | 
not_trading_day(market_calendar_weekday_fallback(scope=us, weekday=7))
Maintenance tick started
Maintenance tick complete
State DB: /home/zj/workspace/stok-mapping/data/maintenance/maintenance.sqlite
As of: 2026-06-07T22:20:02
Dry run: False
Executed runs: 0
financial_factors skipped at 03:30 | 
not_trading_day(cn_trading_calendar(is_open=0))
daily_brief skipped at 07:20 | not_trading_day(cn_trading_calendar(is_open=0))
hk_market_history skipped at 16:20 | 
not_trading_day(market_calendar_weekday_fallback(scope=hk, weekday=7))
a_share_history skipped at 16:30 | 
not_trading_day(cn_trading_calendar(is_open=0))
us_market_history skipped at 17:10 | 
not_trading_day(market_calendar_weekday_fallback(scope=us, weekday=7))
Maintenance tick started
Maintenance tick complete
State DB: /home/zj/workspace/stok-mapping/data/maintenance/maintenance.sqlite
As of: 2026-06-07T22:21:02
Dry run: False
Executed runs: 0
financial_factors skipped at 03:30 | 
not_trading_day(cn_trading_calendar(is_open=0))
daily_brief skipped at 07:20 | not_trading_day(cn_trading_calendar(is_open=0))
hk_market_history skipped at 16:20 | 
not_trading_day(market_calendar_weekday_fallback(scope=hk, weekday=7))
a_share_history skipped at 16:30 | 
not_trading_day(cn_trading_calendar(is_open=0))
us_market_history skipped at 17:10 | 
not_trading_day(market_calendar_weekday_fallback(scope=us, weekday=7))
Maintenance tick started
Maintenance tick complete
State DB: /home/zj/workspace/stok-mapping/data/maintenance/maintenance.sqlite
As of: 2026-06-07T22:22:02
Dry run: False
Executed runs: 0
financial_factors skipped at 03:30 | 
not_trading_day(cn_trading_calendar(is_open=0))
daily_brief skipped at 07:20 | not_trading_day(cn_trading_calendar(is_open=0))
hk_market_history skipped at 16:20 | 
not_trading_day(market_calendar_weekday_fallback(scope=hk, weekday=7))
a_share_history skipped at 16:30 | 
not_trading_day(cn_trading_calendar(is_open=0))
us_market_history skipped at 17:10 | 
not_trading_day(market_calendar_weekday_fallback(scope=us, weekday=7))
Maintenance tick started
Maintenance tick complete
State DB: /home/zj/workspace/stok-mapping/data/maintenance/maintenance.sqlite
As of: 2026-06-07T22:23:02
Dry run: False
Executed runs: 0
financial_factors skipped at 03:30 | 
not_trading_day(cn_trading_calendar(is_open=0))
daily_brief skipped at 07:20 | not_trading_day(cn_trading_calendar(is_open=0))
hk_market_history skipped at 16:20 | 
not_trading_day(market_calendar_weekday_fallback(scope=hk, weekday=7))
a_share_history skipped at 16:30 | 
not_trading_day(cn_trading_calendar(is_open=0))
us_market_history skipped at 17:10 | 
not_trading_day(market_calendar_weekday_fallback(scope=us, weekday=7))
Maintenance tick started
Maintenance tick complete
State DB: /home/zj/workspace/stok-mapping/data/maintenance/maintenance.sqlite
As of: 2026-06-07T22:24:01
Dry run: False
Executed runs: 0
financial_factors skipped at 03:30 | 
not_trading_day(cn_trading_calendar(is_open=0))
daily_brief skipped at 07:20 | not_trading_day(cn_trading_calendar(is_open=0))
hk_market_history skipped at 16:20 | 
not_trading_day(market_calendar_weekday_fallback(scope=hk, weekday=7))
a_share_history skipped at 16:30 | 
not_trading_day(cn_trading_calendar(is_open=0))
us_market_history skipped at 17:10 | 
not_trading_day(market_calendar_weekday_fallback(scope=us, weekday=7))
Maintenance tick started
Maintenance tick complete
State DB: /home/zj/workspace/stok-mapping/data/maintenance/maintenance.sqlite
As of: 2026-06-07T22:25:02
Dry run: False
Executed runs: 0
financial_factors skipped at 03:30 | 
not_trading_day(cn_trading_calendar(is_open=0))
daily_brief skipped at 07:20 | not_trading_day(cn_trading_calendar(is_open=0))
hk_market_history skipped at 16:20 | 
not_trading_day(market_calendar_weekday_fallback(scope=hk, weekday=7))
a_share_history skipped at 16:30 | 
not_trading_day(cn_trading_calendar(is_open=0))
us_market_history skipped at 17:10 | 
not_trading_day(market_calendar_weekday_fallback(scope=us, weekday=7))
Maintenance tick started
Maintenance tick complete
State DB: /home/zj/workspace/stok-mapping/data/maintenance/maintenance.sqlite
As of: 2026-06-07T22:26:02
Dry run: False
Executed runs: 0
financial_factors skipped at 03:30 | 
not_trading_day(cn_trading_calendar(is_open=0))
daily_brief skipped at 07:20 | not_trading_day(cn_trading_calendar(is_open=0))
hk_market_history skipped at 16:20 | 
not_trading_day(market_calendar_weekday_fallback(scope=hk, weekday=7))
a_share_history skipped at 16:30 | 
not_trading_day(cn_trading_calendar(is_open=0))
us_market_history skipped at 17:10 | 
not_trading_day(market_calendar_weekday_fallback(scope=us, weekday=7))
Maintenance tick started
Maintenance tick complete
State DB: /home/zj/workspace/stok-mapping/data/maintenance/maintenance.sqlite
As of: 2026-06-07T22:27:02
Dry run: False
Executed runs: 0
financial_factors skipped at 03:30 | 
not_trading_day(cn_trading_calendar(is_open=0))
daily_brief skipped at 07:20 | not_trading_day(cn_trading_calendar(is_open=0))
hk_market_history skipped at 16:20 | 
not_trading_day(market_calendar_weekday_fallback(scope=hk, weekday=7))
a_share_history skipped at 16:30 | 
not_trading_day(cn_trading_calendar(is_open=0))
us_market_history skipped at 17:10 | 
not_trading_day(market_calendar_weekday_fallback(scope=us, weekday=7))
Maintenance tick started
Maintenance tick complete
State DB: /home/zj/workspace/stok-mapping/data/maintenance/maintenance.sqlite
As of: 2026-06-07T22:28:02
Dry run: False
Executed runs: 0
financial_factors skipped at 03:30 | 
not_trading_day(cn_trading_calendar(is_open=0))
daily_brief skipped at 07:20 | not_trading_day(cn_trading_calendar(is_open=0))
hk_market_history skipped at 16:20 | 
not_trading_day(market_calendar_weekday_fallback(scope=hk, weekday=7))
a_share_history skipped at 16:30 | 
not_trading_day(cn_trading_calendar(is_open=0))
us_market_history skipped at 17:10 | 
not_trading_day(market_calendar_weekday_fallback(scope=us, weekday=7))
Maintenance tick started
Maintenance tick complete
State DB: /home/zj/workspace/stok-mapping/data/maintenance/maintenance.sqlite
As of: 2026-06-07T22:29:02
Dry run: False
Executed runs: 0
financial_factors skipped at 03:30 | 
not_trading_day(cn_trading_calendar(is_open=0))
daily_brief skipped at 07:20 | not_trading_day(cn_trading_calendar(is_open=0))
hk_market_history skipped at 16:20 | 
not_trading_day(market_calendar_weekday_fallback(scope=hk, weekday=7))
a_share_history skipped at 16:30 | 
not_trading_day(cn_trading_calendar(is_open=0))
us_market_history skipped at 17:10 | 
not_trading_day(market_calendar_weekday_fallback(scope=us, weekday=7))
Maintenance tick started
Maintenance tick complete
State DB: /home/zj/workspace/stok-mapping/data/maintenance/maintenance.sqlite
As of: 2026-06-07T22:30:02
Dry run: False
Executed runs: 0
financial_factors skipped at 03:30 | 
not_trading_day(cn_trading_calendar(is_open=0))
daily_brief skipped at 07:20 | not_trading_day(cn_trading_calendar(is_open=0))
hk_market_history skipped at 16:20 | 
not_trading_day(market_calendar_weekday_fallback(scope=hk, weekday=7))
a_share_history skipped at 16:30 | 
not_trading_day(cn_trading_calendar(is_open=0))
us_market_history skipped at 17:10 | 
not_trading_day(market_calendar_weekday_fallback(scope=us, weekday=7))
Maintenance tick started
Maintenance tick complete
State DB: /home/zj/workspace/stok-mapping/data/maintenance/maintenance.sqlite
As of: 2026-06-07T22:31:02
Dry run: False
Executed runs: 0
financial_factors skipped at 03:30 | 
not_trading_day(cn_trading_calendar(is_open=0))
daily_brief skipped at 07:20 | not_trading_day(cn_trading_calendar(is_open=0))
hk_market_history skipped at 16:20 | 
not_trading_day(market_calendar_weekday_fallback(scope=hk, weekday=7))
a_share_history skipped at 16:30 | 
not_trading_day(cn_trading_calendar(is_open=0))
us_market_history skipped at 17:10 | 
not_trading_day(market_calendar_weekday_fallback(scope=us, weekday=7))
Maintenance tick started
Maintenance tick complete
State DB: /home/zj/workspace/stok-mapping/data/maintenance/maintenance.sqlite
As of: 2026-06-07T22:32:01
Dry run: False
Executed runs: 0
financial_factors skipped at 03:30 | 
not_trading_day(cn_trading_calendar(is_open=0))
daily_brief skipped at 07:20 | not_trading_day(cn_trading_calendar(is_open=0))
hk_market_history skipped at 16:20 | 
not_trading_day(market_calendar_weekday_fallback(scope=hk, weekday=7))
a_share_history skipped at 16:30 | 
not_trading_day(cn_trading_calendar(is_open=0))
us_market_history skipped at 17:10 | 
not_trading_day(market_calendar_weekday_fallback(scope=us, weekday=7))
Maintenance tick started
Maintenance tick complete
State DB: /home/zj/workspace/stok-mapping/data/maintenance/maintenance.sqlite
As of: 2026-06-07T22:33:01
Dry run: False
Executed runs: 0
financial_factors skipped at 03:30 | 
not_trading_day(cn_trading_calendar(is_open=0))
daily_brief skipped at 07:20 | not_trading_day(cn_trading_calendar(is_open=0))
hk_market_history skipped at 16:20 | 
not_trading_day(market_calendar_weekday_fallback(scope=hk, weekday=7))
a_share_history skipped at 16:30 | 
not_trading_day(cn_trading_calendar(is_open=0))
us_market_history skipped at 17:10 | 
not_trading_day(market_calendar_weekday_fallback(scope=us, weekday=7))
Maintenance tick started
Maintenance tick complete
State DB: /home/zj/workspace/stok-mapping/data/maintenance/maintenance.sqlite
As of: 2026-06-07T22:34:02
Dry run: False
Executed runs: 0
financial_factors skipped at 03:30 | 
not_trading_day(cn_trading_calendar(is_open=0))
daily_brief skipped at 07:20 | not_trading_day(cn_trading_calendar(is_open=0))
hk_market_history skipped at 16:20 | 
not_trading_day(market_calendar_weekday_fallback(scope=hk, weekday=7))
a_share_history skipped at 16:30 | 
not_trading_day(cn_trading_calendar(is_open=0))
us_market_history skipped at 17:10 | 
not_trading_day(market_calendar_weekday_fallback(scope=us, weekday=7))
Maintenance tick started
Maintenance tick complete
State DB: /home/zj/workspace/stok-mapping/data/maintenance/maintenance.sqlite
As of: 2026-06-07T22:35:02
Dry run: False
Executed runs: 0
financial_factors skipped at 03:30 | 
not_trading_day(cn_trading_calendar(is_open=0))
daily_brief skipped at 07:20 | not_trading_day(cn_trading_calendar(is_open=0))
hk_market_history skipped at 16:20 | 
not_trading_day(market_calendar_weekday_fallback(scope=hk, weekday=7))
a_share_history skipped at 16:30 | 
not_trading_day(cn_trading_calendar(is_open=0))
us_market_history skipped at 17:10 | 
not_trading_day(market_calendar_weekday_fallback(scope=us, weekday=7))
Maintenance tick started
Maintenance tick complete
State DB: /home/zj/workspace/stok-mapping/data/maintenance/maintenance.sqlite
As of: 2026-06-07T22:36:02
Dry run: False
Executed runs: 0
financial_factors skipped at 03:30 | 
not_trading_day(cn_trading_calendar(is_open=0))
daily_brief skipped at 07:20 | not_trading_day(cn_trading_calendar(is_open=0))
hk_market_history skipped at 16:20 | 
not_trading_day(market_calendar_weekday_fallback(scope=hk, weekday=7))
a_share_history skipped at 16:30 | 
not_trading_day(cn_trading_calendar(is_open=0))
us_market_history skipped at 17:10 | 
not_trading_day(market_calendar_weekday_fallback(scope=us, weekday=7))
Maintenance tick started
Maintenance tick complete
State DB: /home/zj/workspace/stok-mapping/data/maintenance/maintenance.sqlite
As of: 2026-06-07T22:37:02
Dry run: False
Executed runs: 0
financial_factors skipped at 03:30 | 
not_trading_day(cn_trading_calendar(is_open=0))
daily_brief skipped at 07:20 | not_trading_day(cn_trading_calendar(is_open=0))
hk_market_history skipped at 16:20 | 
not_trading_day(market_calendar_weekday_fallback(scope=hk, weekday=7))
a_share_history skipped at 16:30 | 
not_trading_day(cn_trading_calendar(is_open=0))
us_market_history skipped at 17:10 | 
not_trading_day(market_calendar_weekday_fallback(scope=us, weekday=7))
Maintenance tick started
Maintenance tick complete
State DB: /home/zj/workspace/stok-mapping/data/maintenance/maintenance.sqlite
As of: 2026-06-07T22:38:02
Dry run: False
Executed runs: 0
financial_factors skipped at 03:30 | 
not_trading_day(cn_trading_calendar(is_open=0))
daily_brief skipped at 07:20 | not_trading_day(cn_trading_calendar(is_open=0))
hk_market_history skipped at 16:20 | 
not_trading_day(market_calendar_weekday_fallback(scope=hk, weekday=7))
a_share_history skipped at 16:30 | 
not_trading_day(cn_trading_calendar(is_open=0))
us_market_history skipped at 17:10 | 
not_trading_day(market_calendar_weekday_fallback(scope=us, weekday=7))
Maintenance tick started
Maintenance tick complete
State DB: /home/zj/workspace/stok-mapping/data/maintenance/maintenance.sqlite
As of: 2026-06-07T22:39:02
Dry run: False
Executed runs: 0
financial_factors skipped at 03:30 | 
not_trading_day(cn_trading_calendar(is_open=0))
daily_brief skipped at 07:20 | not_trading_day(cn_trading_calendar(is_open=0))
hk_market_history skipped at 16:20 | 
not_trading_day(market_calendar_weekday_fallback(scope=hk, weekday=7))
a_share_history skipped at 16:30 | 
not_trading_day(cn_trading_calendar(is_open=0))
us_market_history skipped at 17:10 | 
not_trading_day(market_calendar_weekday_fallback(scope=us, weekday=7))
Maintenance tick started
Maintenance tick complete
State DB: /home/zj/workspace/stok-mapping/data/maintenance/maintenance.sqlite
As of: 2026-06-07T22:40:01
Dry run: False
Executed runs: 0
financial_factors skipped at 03:30 | 
not_trading_day(cn_trading_calendar(is_open=0))
daily_brief skipped at 07:20 | not_trading_day(cn_trading_calendar(is_open=0))
hk_market_history skipped at 16:20 | 
not_trading_day(market_calendar_weekday_fallback(scope=hk, weekday=7))
a_share_history skipped at 16:30 | 
not_trading_day(cn_trading_calendar(is_open=0))
us_market_history skipped at 17:10 | 
not_trading_day(market_calendar_weekday_fallback(scope=us, weekday=7))
Maintenance tick started
Maintenance tick complete
State DB: /home/zj/workspace/stok-mapping/data/maintenance/maintenance.sqlite
As of: 2026-06-07T22:41:02
Dry run: False
Executed runs: 0
financial_factors skipped at 03:30 | 
not_trading_day(cn_trading_calendar(is_open=0))
daily_brief skipped at 07:20 | not_trading_day(cn_trading_calendar(is_open=0))
hk_market_history skipped at 16:20 | 
not_trading_day(market_calendar_weekday_fallback(scope=hk, weekday=7))
a_share_history skipped at 16:30 | 
not_trading_day(cn_trading_calendar(is_open=0))
us_market_history skipped at 17:10 | 
not_trading_day(market_calendar_weekday_fallback(scope=us, weekday=7))
Maintenance tick started
Maintenance tick complete
State DB: /home/zj/workspace/stok-mapping/data/maintenance/maintenance.sqlite
As of: 2026-06-07T22:42:02
Dry run: False
Executed runs: 0
financial_factors skipped at 03:30 | 
not_trading_day(cn_trading_calendar(is_open=0))
daily_brief skipped at 07:20 | not_trading_day(cn_trading_calendar(is_open=0))
hk_market_history skipped at 16:20 | 
not_trading_day(market_calendar_weekday_fallback(scope=hk, weekday=7))
a_share_history skipped at 16:30 | 
not_trading_day(cn_trading_calendar(is_open=0))
us_market_history skipped at 17:10 | 
not_trading_day(market_calendar_weekday_fallback(scope=us, weekday=7))
Maintenance tick started
Maintenance tick complete
State DB: /home/zj/workspace/stok-mapping/data/maintenance/maintenance.sqlite
As of: 2026-06-07T22:43:02
Dry run: False
Executed runs: 0
financial_factors skipped at 03:30 | 
not_trading_day(cn_trading_calendar(is_open=0))
daily_brief skipped at 07:20 | not_trading_day(cn_trading_calendar(is_open=0))
hk_market_history skipped at 16:20 | 
not_trading_day(market_calendar_weekday_fallback(scope=hk, weekday=7))
a_share_history skipped at 16:30 | 
not_trading_day(cn_trading_calendar(is_open=0))
us_market_history skipped at 17:10 | 
not_trading_day(market_calendar_weekday_fallback(scope=us, weekday=7))
Maintenance tick started
Maintenance tick complete
State DB: /home/zj/workspace/stok-mapping/data/maintenance/maintenance.sqlite
As of: 2026-06-07T22:44:02
Dry run: False
Executed runs: 0
financial_factors skipped at 03:30 | 
not_trading_day(cn_trading_calendar(is_open=0))
daily_brief skipped at 07:20 | not_trading_day(cn_trading_calendar(is_open=0))
hk_market_history skipped at 16:20 | 
not_trading_day(market_calendar_weekday_fallback(scope=hk, weekday=7))
a_share_history skipped at 16:30 | 
not_trading_day(cn_trading_calendar(is_open=0))
us_market_history skipped at 17:10 | 
not_trading_day(market_calendar_weekday_fallback(scope=us, weekday=7))
Maintenance tick started
Maintenance tick complete
State DB: /home/zj/workspace/stok-mapping/data/maintenance/maintenance.sqlite
As of: 2026-06-07T22:45:01
Dry run: False
Executed runs: 0
financial_factors skipped at 03:30 | 
not_trading_day(cn_trading_calendar(is_open=0))
daily_brief skipped at 07:20 | not_trading_day(cn_trading_calendar(is_open=0))
hk_market_history skipped at 16:20 | 
not_trading_day(market_calendar_weekday_fallback(scope=hk, weekday=7))
a_share_history skipped at 16:30 | 
not_trading_day(cn_trading_calendar(is_open=0))
us_market_history skipped at 17:10 | 
not_trading_day(market_calendar_weekday_fallback(scope=us, weekday=7))
Maintenance tick started
Maintenance tick complete
State DB: /home/zj/workspace/stok-mapping/data/maintenance/maintenance.sqlite
As of: 2026-06-07T22:46:02
Dry run: False
Executed runs: 0
financial_factors skipped at 03:30 | 
not_trading_day(cn_trading_calendar(is_open=0))
daily_brief skipped at 07:20 | not_trading_day(cn_trading_calendar(is_open=0))
hk_market_history skipped at 16:20 | 
not_trading_day(market_calendar_weekday_fallback(scope=hk, weekday=7))
a_share_history skipped at 16:30 | 
not_trading_day(cn_trading_calendar(is_open=0))
us_market_history skipped at 17:10 | 
not_trading_day(market_calendar_weekday_fallback(scope=us, weekday=7))
Maintenance tick started
Maintenance tick complete
State DB: /home/zj/workspace/stok-mapping/data/maintenance/maintenance.sqlite
As of: 2026-06-07T22:47:02
Dry run: False
Executed runs: 0
financial_factors skipped at 03:30 | 
not_trading_day(cn_trading_calendar(is_open=0))
daily_brief skipped at 07:20 | not_trading_day(cn_trading_calendar(is_open=0))
hk_market_history skipped at 16:20 | 
not_trading_day(market_calendar_weekday_fallback(scope=hk, weekday=7))
a_share_history skipped at 16:30 | 
not_trading_day(cn_trading_calendar(is_open=0))
us_market_history skipped at 17:10 | 
not_trading_day(market_calendar_weekday_fallback(scope=us, weekday=7))
Maintenance tick started
Maintenance tick complete
State DB: /home/zj/workspace/stok-mapping/data/maintenance/maintenance.sqlite
As of: 2026-06-07T22:48:02
Dry run: False
Executed runs: 0
financial_factors skipped at 03:30 | 
not_trading_day(cn_trading_calendar(is_open=0))
daily_brief skipped at 07:20 | not_trading_day(cn_trading_calendar(is_open=0))
hk_market_history skipped at 16:20 | 
not_trading_day(market_calendar_weekday_fallback(scope=hk, weekday=7))
a_share_history skipped at 16:30 | 
not_trading_day(cn_trading_calendar(is_open=0))
us_market_history skipped at 17:10 | 
not_trading_day(market_calendar_weekday_fallback(scope=us, weekday=7))
Maintenance tick started
Maintenance tick complete
State DB: /home/zj/workspace/stok-mapping/data/maintenance/maintenance.sqlite
As of: 2026-06-07T22:49:02
Dry run: False
Executed runs: 0
financial_factors skipped at 03:30 | 
not_trading_day(cn_trading_calendar(is_open=0))
daily_brief skipped at 07:20 | not_trading_day(cn_trading_calendar(is_open=0))
hk_market_history skipped at 16:20 | 
not_trading_day(market_calendar_weekday_fallback(scope=hk, weekday=7))
a_share_history skipped at 16:30 | 
not_trading_day(cn_trading_calendar(is_open=0))
us_market_history skipped at 17:10 | 
not_trading_day(market_calendar_weekday_fallback(scope=us, weekday=7))
Maintenance tick started
Maintenance tick complete
State DB: /home/zj/workspace/stok-mapping/data/maintenance/maintenance.sqlite
As of: 2026-06-07T22:50:02
Dry run: False
Executed runs: 0
financial_factors skipped at 03:30 | 
not_trading_day(cn_trading_calendar(is_open=0))
daily_brief skipped at 07:20 | not_trading_day(cn_trading_calendar(is_open=0))
hk_market_history skipped at 16:20 | 
not_trading_day(market_calendar_weekday_fallback(scope=hk, weekday=7))
a_share_history skipped at 16:30 | 
not_trading_day(cn_trading_calendar(is_open=0))
us_market_history skipped at 17:10 | 
not_trading_day(market_calendar_weekday_fallback(scope=us, weekday=7))
Maintenance tick started
Maintenance tick complete
State DB: /home/zj/workspace/stok-mapping/data/maintenance/maintenance.sqlite
As of: 2026-06-07T22:51:01
Dry run: False
Executed runs: 0
financial_factors skipped at 03:30 | 
not_trading_day(cn_trading_calendar(is_open=0))
daily_brief skipped at 07:20 | not_trading_day(cn_trading_calendar(is_open=0))
hk_market_history skipped at 16:20 | 
not_trading_day(market_calendar_weekday_fallback(scope=hk, weekday=7))
a_share_history skipped at 16:30 | 
not_trading_day(cn_trading_calendar(is_open=0))
us_market_history skipped at 17:10 | 
not_trading_day(market_calendar_weekday_fallback(scope=us, weekday=7))
Maintenance tick started
Maintenance tick complete
State DB: /home/zj/workspace/stok-mapping/data/maintenance/maintenance.sqlite
As of: 2026-06-07T22:52:01
Dry run: False
Executed runs: 0
financial_factors skipped at 03:30 | 
not_trading_day(cn_trading_calendar(is_open=0))
daily_brief skipped at 07:20 | not_trading_day(cn_trading_calendar(is_open=0))
hk_market_history skipped at 16:20 | 
not_trading_day(market_calendar_weekday_fallback(scope=hk, weekday=7))
a_share_history skipped at 16:30 | 
not_trading_day(cn_trading_calendar(is_open=0))
us_market_history skipped at 17:10 | 
not_trading_day(market_calendar_weekday_fallback(scope=us, weekday=7))
Maintenance tick started
Maintenance tick complete
State DB: /home/zj/workspace/stok-mapping/data/maintenance/maintenance.sqlite
As of: 2026-06-07T22:53:01
Dry run: False
Executed runs: 0
financial_factors skipped at 03:30 | 
not_trading_day(cn_trading_calendar(is_open=0))
daily_brief skipped at 07:20 | not_trading_day(cn_trading_calendar(is_open=0))
hk_market_history skipped at 16:20 | 
not_trading_day(market_calendar_weekday_fallback(scope=hk, weekday=7))
a_share_history skipped at 16:30 | 
not_trading_day(cn_trading_calendar(is_open=0))
us_market_history skipped at 17:10 | 
not_trading_day(market_calendar_weekday_fallback(scope=us, weekday=7))
Maintenance tick started
Maintenance tick complete
State DB: /home/zj/workspace/stok-mapping/data/maintenance/maintenance.sqlite
As of: 2026-06-07T22:54:02
Dry run: False
Executed runs: 0
financial_factors skipped at 03:30 | 
not_trading_day(cn_trading_calendar(is_open=0))
daily_brief skipped at 07:20 | not_trading_day(cn_trading_calendar(is_open=0))
hk_market_history skipped at 16:20 | 
not_trading_day(market_calendar_weekday_fallback(scope=hk, weekday=7))
a_share_history skipped at 16:30 | 
not_trading_day(cn_trading_calendar(is_open=0))
us_market_history skipped at 17:10 | 
not_trading_day(market_calendar_weekday_fallback(scope=us, weekday=7))
Maintenance tick started
Maintenance tick complete
State DB: /home/zj/workspace/stok-mapping/data/maintenance/maintenance.sqlite
As of: 2026-06-07T22:55:02
Dry run: False
Executed runs: 0
financial_factors skipped at 03:30 | 
not_trading_day(cn_trading_calendar(is_open=0))
daily_brief skipped at 07:20 | not_trading_day(cn_trading_calendar(is_open=0))
hk_market_history skipped at 16:20 | 
not_trading_day(market_calendar_weekday_fallback(scope=hk, weekday=7))
a_share_history skipped at 16:30 | 
not_trading_day(cn_trading_calendar(is_open=0))
us_market_history skipped at 17:10 | 
not_trading_day(market_calendar_weekday_fallback(scope=us, weekday=7))
Maintenance tick started
Maintenance tick complete
State DB: /home/zj/workspace/stok-mapping/data/maintenance/maintenance.sqlite
As of: 2026-06-07T22:56:02
Dry run: False
Executed runs: 0
financial_factors skipped at 03:30 | 
not_trading_day(cn_trading_calendar(is_open=0))
daily_brief skipped at 07:20 | not_trading_day(cn_trading_calendar(is_open=0))
hk_market_history skipped at 16:20 | 
not_trading_day(market_calendar_weekday_fallback(scope=hk, weekday=7))
a_share_history skipped at 16:30 | 
not_trading_day(cn_trading_calendar(is_open=0))
us_market_history skipped at 17:10 | 
not_trading_day(market_calendar_weekday_fallback(scope=us, weekday=7))
Maintenance tick started
Maintenance tick complete
State DB: /home/zj/workspace/stok-mapping/data/maintenance/maintenance.sqlite
As of: 2026-06-07T22:57:02
Dry run: False
Executed runs: 0
financial_factors skipped at 03:30 | 
not_trading_day(cn_trading_calendar(is_open=0))
daily_brief skipped at 07:20 | not_trading_day(cn_trading_calendar(is_open=0))
hk_market_history skipped at 16:20 | 
not_trading_day(market_calendar_weekday_fallback(scope=hk, weekday=7))
a_share_history skipped at 16:30 | 
not_trading_day(cn_trading_calendar(is_open=0))
us_market_history skipped at 17:10 | 
not_trading_day(market_calendar_weekday_fallback(scope=us, weekday=7))
Maintenance tick started
Maintenance tick complete
State DB: /home/zj/workspace/stok-mapping/data/maintenance/maintenance.sqlite
As of: 2026-06-07T22:58:02
Dry run: False
Executed runs: 0
financial_factors skipped at 03:30 | 
not_trading_day(cn_trading_calendar(is_open=0))
daily_brief skipped at 07:20 | not_trading_day(cn_trading_calendar(is_open=0))
hk_market_history skipped at 16:20 | 
not_trading_day(market_calendar_weekday_fallback(scope=hk, weekday=7))
a_share_history skipped at 16:30 | 
not_trading_day(cn_trading_calendar(is_open=0))
us_market_history skipped at 17:10 | 
not_trading_day(market_calendar_weekday_fallback(scope=us, weekday=7))
Maintenance tick started
Maintenance tick complete
State DB: /home/zj/workspace/stok-mapping/data/maintenance/maintenance.sqlite
As of: 2026-06-07T22:59:02
Dry run: False
Executed runs: 0
financial_factors skipped at 03:30 | 
not_trading_day(cn_trading_calendar(is_open=0))
daily_brief skipped at 07:20 | not_trading_day(cn_trading_calendar(is_open=0))
hk_market_history skipped at 16:20 | 
not_trading_day(market_calendar_weekday_fallback(scope=hk, weekday=7))
a_share_history skipped at 16:30 | 
not_trading_day(cn_trading_calendar(is_open=0))
us_market_history skipped at 17:10 | 
not_trading_day(market_calendar_weekday_fallback(scope=us, weekday=7))
Maintenance tick started
Maintenance tick complete
State DB: /home/zj/workspace/stok-mapping/data/maintenance/maintenance.sqlite
As of: 2026-06-07T23:00:02
Dry run: False
Executed runs: 0
financial_factors skipped at 03:30 | 
not_trading_day(cn_trading_calendar(is_open=0))
daily_brief skipped at 07:20 | not_trading_day(cn_trading_calendar(is_open=0))
hk_market_history skipped at 16:20 | 
not_trading_day(market_calendar_weekday_fallback(scope=hk, weekday=7))
a_share_history skipped at 16:30 | 
not_trading_day(cn_trading_calendar(is_open=0))
us_market_history skipped at 17:10 | 
not_trading_day(market_calendar_weekday_fallback(scope=us, weekday=7))
Maintenance tick started
Maintenance tick complete
State DB: /home/zj/workspace/stok-mapping/data/maintenance/maintenance.sqlite
As of: 2026-06-07T23:01:01
Dry run: False
Executed runs: 0
financial_factors skipped at 03:30 | 
not_trading_day(cn_trading_calendar(is_open=0))
daily_brief skipped at 07:20 | not_trading_day(cn_trading_calendar(is_open=0))
hk_market_history skipped at 16:20 | 
not_trading_day(market_calendar_weekday_fallback(scope=hk, weekday=7))
a_share_history skipped at 16:30 | 
not_trading_day(cn_trading_calendar(is_open=0))
us_market_history skipped at 17:10 | 
not_trading_day(market_calendar_weekday_fallback(scope=us, weekday=7))
Maintenance tick started
Maintenance tick complete
State DB: /home/zj/workspace/stok-mapping/data/maintenance/maintenance.sqlite
As of: 2026-06-07T23:02:02
Dry run: False
Executed runs: 0
financial_factors skipped at 03:30 | 
not_trading_day(cn_trading_calendar(is_open=0))
daily_brief skipped at 07:20 | not_trading_day(cn_trading_calendar(is_open=0))
hk_market_history skipped at 16:20 | 
not_trading_day(market_calendar_weekday_fallback(scope=hk, weekday=7))
a_share_history skipped at 16:30 | 
not_trading_day(cn_trading_calendar(is_open=0))
us_market_history skipped at 17:10 | 
not_trading_day(market_calendar_weekday_fallback(scope=us, weekday=7))
Maintenance tick started
Maintenance tick complete
State DB: /home/zj/workspace/stok-mapping/data/maintenance/maintenance.sqlite
As of: 2026-06-07T23:03:03
Dry run: False
Executed runs: 0
financial_factors skipped at 03:30 | 
not_trading_day(cn_trading_calendar(is_open=0))
daily_brief skipped at 07:20 | not_trading_day(cn_trading_calendar(is_open=0))
hk_market_history skipped at 16:20 | 
not_trading_day(market_calendar_weekday_fallback(scope=hk, weekday=7))
a_share_history skipped at 16:30 | 
not_trading_day(cn_trading_calendar(is_open=0))
us_market_history skipped at 17:10 | 
not_trading_day(market_calendar_weekday_fallback(scope=us, weekday=7))
Maintenance tick started
Maintenance tick complete
State DB: /home/zj/workspace/stok-mapping/data/maintenance/maintenance.sqlite
As of: 2026-06-07T23:04:02
Dry run: False
Executed runs: 0
financial_factors skipped at 03:30 | 
not_trading_day(cn_trading_calendar(is_open=0))
daily_brief skipped at 07:20 | not_trading_day(cn_trading_calendar(is_open=0))
hk_market_history skipped at 16:20 | 
not_trading_day(market_calendar_weekday_fallback(scope=hk, weekday=7))
a_share_history skipped at 16:30 | 
not_trading_day(cn_trading_calendar(is_open=0))
us_market_history skipped at 17:10 | 
not_trading_day(market_calendar_weekday_fallback(scope=us, weekday=7))
Maintenance tick started
Maintenance tick complete
State DB: /home/zj/workspace/stok-mapping/data/maintenance/maintenance.sqlite
As of: 2026-06-07T23:05:02
Dry run: False
Executed runs: 0
financial_factors skipped at 03:30 | 
not_trading_day(cn_trading_calendar(is_open=0))
daily_brief skipped at 07:20 | not_trading_day(cn_trading_calendar(is_open=0))
hk_market_history skipped at 16:20 | 
not_trading_day(market_calendar_weekday_fallback(scope=hk, weekday=7))
a_share_history skipped at 16:30 | 
not_trading_day(cn_trading_calendar(is_open=0))
us_market_history skipped at 17:10 | 
not_trading_day(market_calendar_weekday_fallback(scope=us, weekday=7))
Maintenance tick started
Maintenance tick complete
State DB: /home/zj/workspace/stok-mapping/data/maintenance/maintenance.sqlite
As of: 2026-06-07T23:06:03
Dry run: False
Executed runs: 0
financial_factors skipped at 03:30 | 
not_trading_day(cn_trading_calendar(is_open=0))
daily_brief skipped at 07:20 | not_trading_day(cn_trading_calendar(is_open=0))
hk_market_history skipped at 16:20 | 
not_trading_day(market_calendar_weekday_fallback(scope=hk, weekday=7))
a_share_history skipped at 16:30 | 
not_trading_day(cn_trading_calendar(is_open=0))
us_market_history skipped at 17:10 | 
not_trading_day(market_calendar_weekday_fallback(scope=us, weekday=7))
Maintenance tick started
Maintenance tick complete
State DB: /home/zj/workspace/stok-mapping/data/maintenance/maintenance.sqlite
As of: 2026-06-07T23:07:02
Dry run: False
Executed runs: 0
financial_factors skipped at 03:30 | 
not_trading_day(cn_trading_calendar(is_open=0))
daily_brief skipped at 07:20 | not_trading_day(cn_trading_calendar(is_open=0))
hk_market_history skipped at 16:20 | 
not_trading_day(market_calendar_weekday_fallback(scope=hk, weekday=7))
a_share_history skipped at 16:30 | 
not_trading_day(cn_trading_calendar(is_open=0))
us_market_history skipped at 17:10 | 
not_trading_day(market_calendar_weekday_fallback(scope=us, weekday=7))
Maintenance tick started
Maintenance tick complete
State DB: /home/zj/workspace/stok-mapping/data/maintenance/maintenance.sqlite
As of: 2026-06-07T23:08:03
Dry run: False
Executed runs: 0
financial_factors skipped at 03:30 | 
not_trading_day(cn_trading_calendar(is_open=0))
daily_brief skipped at 07:20 | not_trading_day(cn_trading_calendar(is_open=0))
hk_market_history skipped at 16:20 | 
not_trading_day(market_calendar_weekday_fallback(scope=hk, weekday=7))
a_share_history skipped at 16:30 | 
not_trading_day(cn_trading_calendar(is_open=0))
us_market_history skipped at 17:10 | 
not_trading_day(market_calendar_weekday_fallback(scope=us, weekday=7))
Maintenance tick started
Maintenance tick complete
State DB: /home/zj/workspace/stok-mapping/data/maintenance/maintenance.sqlite
As of: 2026-06-07T23:09:04
Dry run: False
Executed runs: 0
financial_factors skipped at 03:30 | 
not_trading_day(cn_trading_calendar(is_open=0))
daily_brief skipped at 07:20 | not_trading_day(cn_trading_calendar(is_open=0))
hk_market_history skipped at 16:20 | 
not_trading_day(market_calendar_weekday_fallback(scope=hk, weekday=7))
a_share_history skipped at 16:30 | 
not_trading_day(cn_trading_calendar(is_open=0))
us_market_history skipped at 17:10 | 
not_trading_day(market_calendar_weekday_fallback(scope=us, weekday=7))
Maintenance tick started
Maintenance tick complete
State DB: /home/zj/workspace/stok-mapping/data/maintenance/maintenance.sqlite
As of: 2026-06-07T23:10:03
Dry run: False
Executed runs: 0
financial_factors skipped at 03:30 | 
not_trading_day(cn_trading_calendar(is_open=0))
daily_brief skipped at 07:20 | not_trading_day(cn_trading_calendar(is_open=0))
hk_market_history skipped at 16:20 | 
not_trading_day(market_calendar_weekday_fallback(scope=hk, weekday=7))
a_share_history skipped at 16:30 | 
not_trading_day(cn_trading_calendar(is_open=0))
us_market_history skipped at 17:10 | 
not_trading_day(market_calendar_weekday_fallback(scope=us, weekday=7))
Maintenance tick started
Maintenance tick complete
State DB: /home/zj/workspace/stok-mapping/data/maintenance/maintenance.sqlite
As of: 2026-06-07T23:11:02
Dry run: False
Executed runs: 0
financial_factors skipped at 03:30 | 
not_trading_day(cn_trading_calendar(is_open=0))
daily_brief skipped at 07:20 | not_trading_day(cn_trading_calendar(is_open=0))
hk_market_history skipped at 16:20 | 
not_trading_day(market_calendar_weekday_fallback(scope=hk, weekday=7))
a_share_history skipped at 16:30 | 
not_trading_day(cn_trading_calendar(is_open=0))
us_market_history skipped at 17:10 | 
not_trading_day(market_calendar_weekday_fallback(scope=us, weekday=7))
Maintenance tick started
Maintenance tick complete
State DB: /home/zj/workspace/stok-mapping/data/maintenance/maintenance.sqlite
As of: 2026-06-07T23:12:08
Dry run: False
Executed runs: 0
financial_factors skipped at 03:30 | 
not_trading_day(cn_trading_calendar(is_open=0))
daily_brief skipped at 07:20 | not_trading_day(cn_trading_calendar(is_open=0))
hk_market_history skipped at 16:20 | 
not_trading_day(market_calendar_weekday_fallback(scope=hk, weekday=7))
a_share_history skipped at 16:30 | 
not_trading_day(cn_trading_calendar(is_open=0))
us_market_history skipped at 17:10 | 
not_trading_day(market_calendar_weekday_fallback(scope=us, weekday=7))
Maintenance tick started
Maintenance tick complete
State DB: /home/zj/workspace/stok-mapping/data/maintenance/maintenance.sqlite
As of: 2026-06-07T23:13:06
Dry run: False
Executed runs: 0
financial_factors skipped at 03:30 | 
not_trading_day(cn_trading_calendar(is_open=0))
daily_brief skipped at 07:20 | not_trading_day(cn_trading_calendar(is_open=0))
hk_market_history skipped at 16:20 | 
not_trading_day(market_calendar_weekday_fallback(scope=hk, weekday=7))
a_share_history skipped at 16:30 | 
not_trading_day(cn_trading_calendar(is_open=0))
us_market_history skipped at 17:10 | 
not_trading_day(market_calendar_weekday_fallback(scope=us, weekday=7))
Maintenance tick started
Maintenance tick complete
State DB: /home/zj/workspace/stok-mapping/data/maintenance/maintenance.sqlite
As of: 2026-06-07T23:14:07
Dry run: False
Executed runs: 0
financial_factors skipped at 03:30 | 
not_trading_day(cn_trading_calendar(is_open=0))
daily_brief skipped at 07:20 | not_trading_day(cn_trading_calendar(is_open=0))
hk_market_history skipped at 16:20 | 
not_trading_day(market_calendar_weekday_fallback(scope=hk, weekday=7))
a_share_history skipped at 16:30 | 
not_trading_day(cn_trading_calendar(is_open=0))
us_market_history skipped at 17:10 | 
not_trading_day(market_calendar_weekday_fallback(scope=us, weekday=7))
Maintenance tick started
Maintenance tick complete
State DB: /home/zj/workspace/stok-mapping/data/maintenance/maintenance.sqlite
As of: 2026-06-07T23:15:03
Dry run: False
Executed runs: 0
financial_factors skipped at 03:30 | 
not_trading_day(cn_trading_calendar(is_open=0))
daily_brief skipped at 07:20 | not_trading_day(cn_trading_calendar(is_open=0))
hk_market_history skipped at 16:20 | 
not_trading_day(market_calendar_weekday_fallback(scope=hk, weekday=7))
a_share_history skipped at 16:30 | 
not_trading_day(cn_trading_calendar(is_open=0))
us_market_history skipped at 17:10 | 
not_trading_day(market_calendar_weekday_fallback(scope=us, weekday=7))
Maintenance tick started
Maintenance tick complete
State DB: /home/zj/workspace/stok-mapping/data/maintenance/maintenance.sqlite
As of: 2026-06-07T23:16:03
Dry run: False
Executed runs: 0
financial_factors skipped at 03:30 | 
not_trading_day(cn_trading_calendar(is_open=0))
daily_brief skipped at 07:20 | not_trading_day(cn_trading_calendar(is_open=0))
hk_market_history skipped at 16:20 | 
not_trading_day(market_calendar_weekday_fallback(scope=hk, weekday=7))
a_share_history skipped at 16:30 | 
not_trading_day(cn_trading_calendar(is_open=0))
us_market_history skipped at 17:10 | 
not_trading_day(market_calendar_weekday_fallback(scope=us, weekday=7))
Maintenance tick started
Maintenance tick complete
State DB: /home/zj/workspace/stok-mapping/data/maintenance/maintenance.sqlite
As of: 2026-06-07T23:17:03
Dry run: False
Executed runs: 0
financial_factors skipped at 03:30 | 
not_trading_day(cn_trading_calendar(is_open=0))
daily_brief skipped at 07:20 | not_trading_day(cn_trading_calendar(is_open=0))
hk_market_history skipped at 16:20 | 
not_trading_day(market_calendar_weekday_fallback(scope=hk, weekday=7))
a_share_history skipped at 16:30 | 
not_trading_day(cn_trading_calendar(is_open=0))
us_market_history skipped at 17:10 | 
not_trading_day(market_calendar_weekday_fallback(scope=us, weekday=7))
Maintenance tick started
Maintenance tick complete
State DB: /home/zj/workspace/stok-mapping/data/maintenance/maintenance.sqlite
As of: 2026-06-07T23:18:03
Dry run: False
Executed runs: 0
financial_factors skipped at 03:30 | 
not_trading_day(cn_trading_calendar(is_open=0))
daily_brief skipped at 07:20 | not_trading_day(cn_trading_calendar(is_open=0))
hk_market_history skipped at 16:20 | 
not_trading_day(market_calendar_weekday_fallback(scope=hk, weekday=7))
a_share_history skipped at 16:30 | 
not_trading_day(cn_trading_calendar(is_open=0))
us_market_history skipped at 17:10 | 
not_trading_day(market_calendar_weekday_fallback(scope=us, weekday=7))
Maintenance tick started
Maintenance tick complete
State DB: /home/zj/workspace/stok-mapping/data/maintenance/maintenance.sqlite
As of: 2026-06-07T23:19:06
Dry run: False
Executed runs: 0
financial_factors skipped at 03:30 | 
not_trading_day(cn_trading_calendar(is_open=0))
daily_brief skipped at 07:20 | not_trading_day(cn_trading_calendar(is_open=0))
hk_market_history skipped at 16:20 | 
not_trading_day(market_calendar_weekday_fallback(scope=hk, weekday=7))
a_share_history skipped at 16:30 | 
not_trading_day(cn_trading_calendar(is_open=0))
us_market_history skipped at 17:10 | 
not_trading_day(market_calendar_weekday_fallback(scope=us, weekday=7))
Maintenance tick started
Maintenance tick complete
State DB: /home/zj/workspace/stok-mapping/data/maintenance/maintenance.sqlite
As of: 2026-06-07T23:20:03
Dry run: False
Executed runs: 0
financial_factors skipped at 03:30 | 
not_trading_day(cn_trading_calendar(is_open=0))
daily_brief skipped at 07:20 | not_trading_day(cn_trading_calendar(is_open=0))
hk_market_history skipped at 16:20 | 
not_trading_day(market_calendar_weekday_fallback(scope=hk, weekday=7))
a_share_history skipped at 16:30 | 
not_trading_day(cn_trading_calendar(is_open=0))
us_market_history skipped at 17:10 | 
not_trading_day(market_calendar_weekday_fallback(scope=us, weekday=7))
Maintenance tick started
Maintenance tick complete
State DB: /home/zj/workspace/stok-mapping/data/maintenance/maintenance.sqlite
As of: 2026-06-07T23:21:03
Dry run: False
Executed runs: 0
financial_factors skipped at 03:30 | 
not_trading_day(cn_trading_calendar(is_open=0))
daily_brief skipped at 07:20 | not_trading_day(cn_trading_calendar(is_open=0))
hk_market_history skipped at 16:20 | 
not_trading_day(market_calendar_weekday_fallback(scope=hk, weekday=7))
a_share_history skipped at 16:30 | 
not_trading_day(cn_trading_calendar(is_open=0))
us_market_history skipped at 17:10 | 
not_trading_day(market_calendar_weekday_fallback(scope=us, weekday=7))
Maintenance tick started
Maintenance tick complete
State DB: /home/zj/workspace/stok-mapping/data/maintenance/maintenance.sqlite
As of: 2026-06-07T23:22:04
Dry run: False
Executed runs: 0
financial_factors skipped at 03:30 | 
not_trading_day(cn_trading_calendar(is_open=0))
daily_brief skipped at 07:20 | not_trading_day(cn_trading_calendar(is_open=0))
hk_market_history skipped at 16:20 | 
not_trading_day(market_calendar_weekday_fallback(scope=hk, weekday=7))
a_share_history skipped at 16:30 | 
not_trading_day(cn_trading_calendar(is_open=0))
us_market_history skipped at 17:10 | 
not_trading_day(market_calendar_weekday_fallback(scope=us, weekday=7))
Maintenance tick started
Maintenance tick complete
State DB: /home/zj/workspace/stok-mapping/data/maintenance/maintenance.sqlite
As of: 2026-06-07T23:23:03
Dry run: False
Executed runs: 0
financial_factors skipped at 03:30 | 
not_trading_day(cn_trading_calendar(is_open=0))
daily_brief skipped at 07:20 | not_trading_day(cn_trading_calendar(is_open=0))
hk_market_history skipped at 16:20 | 
not_trading_day(market_calendar_weekday_fallback(scope=hk, weekday=7))
a_share_history skipped at 16:30 | 
not_trading_day(cn_trading_calendar(is_open=0))
us_market_history skipped at 17:10 | 
not_trading_day(market_calendar_weekday_fallback(scope=us, weekday=7))
Maintenance tick started
Maintenance tick complete
State DB: /home/zj/workspace/stok-mapping/data/maintenance/maintenance.sqlite
As of: 2026-06-07T23:24:04
Dry run: False
Executed runs: 0
financial_factors skipped at 03:30 | 
not_trading_day(cn_trading_calendar(is_open=0))
daily_brief skipped at 07:20 | not_trading_day(cn_trading_calendar(is_open=0))
hk_market_history skipped at 16:20 | 
not_trading_day(market_calendar_weekday_fallback(scope=hk, weekday=7))
a_share_history skipped at 16:30 | 
not_trading_day(cn_trading_calendar(is_open=0))
us_market_history skipped at 17:10 | 
not_trading_day(market_calendar_weekday_fallback(scope=us, weekday=7))
Maintenance tick started
Maintenance tick complete
State DB: /home/zj/workspace/stok-mapping/data/maintenance/maintenance.sqlite
As of: 2026-06-07T23:25:03
Dry run: False
Executed runs: 0
financial_factors skipped at 03:30 | 
not_trading_day(cn_trading_calendar(is_open=0))
daily_brief skipped at 07:20 | not_trading_day(cn_trading_calendar(is_open=0))
hk_market_history skipped at 16:20 | 
not_trading_day(market_calendar_weekday_fallback(scope=hk, weekday=7))
a_share_history skipped at 16:30 | 
not_trading_day(cn_trading_calendar(is_open=0))
us_market_history skipped at 17:10 | 
not_trading_day(market_calendar_weekday_fallback(scope=us, weekday=7))
Maintenance tick started
Maintenance tick complete
State DB: /home/zj/workspace/stok-mapping/data/maintenance/maintenance.sqlite
As of: 2026-06-07T23:26:03
Dry run: False
Executed runs: 0
financial_factors skipped at 03:30 | 
not_trading_day(cn_trading_calendar(is_open=0))
daily_brief skipped at 07:20 | not_trading_day(cn_trading_calendar(is_open=0))
hk_market_history skipped at 16:20 | 
not_trading_day(market_calendar_weekday_fallback(scope=hk, weekday=7))
a_share_history skipped at 16:30 | 
not_trading_day(cn_trading_calendar(is_open=0))
us_market_history skipped at 17:10 | 
not_trading_day(market_calendar_weekday_fallback(scope=us, weekday=7))
Maintenance tick started
Maintenance tick complete
State DB: /home/zj/workspace/stok-mapping/data/maintenance/maintenance.sqlite
As of: 2026-06-07T23:27:04
Dry run: False
Executed runs: 0
financial_factors skipped at 03:30 | 
not_trading_day(cn_trading_calendar(is_open=0))
daily_brief skipped at 07:20 | not_trading_day(cn_trading_calendar(is_open=0))
hk_market_history skipped at 16:20 | 
not_trading_day(market_calendar_weekday_fallback(scope=hk, weekday=7))
a_share_history skipped at 16:30 | 
not_trading_day(cn_trading_calendar(is_open=0))
us_market_history skipped at 17:10 | 
not_trading_day(market_calendar_weekday_fallback(scope=us, weekday=7))
Maintenance tick started
Maintenance tick complete
State DB: /home/zj/workspace/stok-mapping/data/maintenance/maintenance.sqlite
As of: 2026-06-07T23:28:03
Dry run: False
Executed runs: 0
financial_factors skipped at 03:30 | 
not_trading_day(cn_trading_calendar(is_open=0))
daily_brief skipped at 07:20 | not_trading_day(cn_trading_calendar(is_open=0))
hk_market_history skipped at 16:20 | 
not_trading_day(market_calendar_weekday_fallback(scope=hk, weekday=7))
a_share_history skipped at 16:30 | 
not_trading_day(cn_trading_calendar(is_open=0))
us_market_history skipped at 17:10 | 
not_trading_day(market_calendar_weekday_fallback(scope=us, weekday=7))
Maintenance tick started
Maintenance tick complete
State DB: /home/zj/workspace/stok-mapping/data/maintenance/maintenance.sqlite
As of: 2026-06-07T23:29:03
Dry run: False
Executed runs: 0
financial_factors skipped at 03:30 | 
not_trading_day(cn_trading_calendar(is_open=0))
daily_brief skipped at 07:20 | not_trading_day(cn_trading_calendar(is_open=0))
hk_market_history skipped at 16:20 | 
not_trading_day(market_calendar_weekday_fallback(scope=hk, weekday=7))
a_share_history skipped at 16:30 | 
not_trading_day(cn_trading_calendar(is_open=0))
us_market_history skipped at 17:10 | 
not_trading_day(market_calendar_weekday_fallback(scope=us, weekday=7))
Maintenance tick started
Maintenance tick complete
State DB: /home/zj/workspace/stok-mapping/data/maintenance/maintenance.sqlite
As of: 2026-06-07T23:30:03
Dry run: False
Executed runs: 0
financial_factors skipped at 03:30 | 
not_trading_day(cn_trading_calendar(is_open=0))
daily_brief skipped at 07:20 | not_trading_day(cn_trading_calendar(is_open=0))
hk_market_history skipped at 16:20 | 
not_trading_day(market_calendar_weekday_fallback(scope=hk, weekday=7))
a_share_history skipped at 16:30 | 
not_trading_day(cn_trading_calendar(is_open=0))
us_market_history skipped at 17:10 | 
not_trading_day(market_calendar_weekday_fallback(scope=us, weekday=7))
Maintenance tick started
Maintenance tick complete
State DB: /home/zj/workspace/stok-mapping/data/maintenance/maintenance.sqlite
As of: 2026-06-07T23:31:03
Dry run: False
Executed runs: 0
financial_factors skipped at 03:30 | 
not_trading_day(cn_trading_calendar(is_open=0))
daily_brief skipped at 07:20 | not_trading_day(cn_trading_calendar(is_open=0))
hk_market_history skipped at 16:20 | 
not_trading_day(market_calendar_weekday_fallback(scope=hk, weekday=7))
a_share_history skipped at 16:30 | 
not_trading_day(cn_trading_calendar(is_open=0))
us_market_history skipped at 17:10 | 
not_trading_day(market_calendar_weekday_fallback(scope=us, weekday=7))
Maintenance tick started
Maintenance tick complete
State DB: /home/zj/workspace/stok-mapping/data/maintenance/maintenance.sqlite
As of: 2026-06-07T23:32:04
Dry run: False
Executed runs: 0
financial_factors skipped at 03:30 | 
not_trading_day(cn_trading_calendar(is_open=0))
daily_brief skipped at 07:20 | not_trading_day(cn_trading_calendar(is_open=0))
hk_market_history skipped at 16:20 | 
not_trading_day(market_calendar_weekday_fallback(scope=hk, weekday=7))
a_share_history skipped at 16:30 | 
not_trading_day(cn_trading_calendar(is_open=0))
us_market_history skipped at 17:10 | 
not_trading_day(market_calendar_weekday_fallback(scope=us, weekday=7))
Maintenance tick started
Maintenance tick complete
State DB: /home/zj/workspace/stok-mapping/data/maintenance/maintenance.sqlite
As of: 2026-06-07T23:33:02
Dry run: False
Executed runs: 0
financial_factors skipped at 03:30 | 
not_trading_day(cn_trading_calendar(is_open=0))
daily_brief skipped at 07:20 | not_trading_day(cn_trading_calendar(is_open=0))
hk_market_history skipped at 16:20 | 
not_trading_day(market_calendar_weekday_fallback(scope=hk, weekday=7))
a_share_history skipped at 16:30 | 
not_trading_day(cn_trading_calendar(is_open=0))
us_market_history skipped at 17:10 | 
not_trading_day(market_calendar_weekday_fallback(scope=us, weekday=7))
Maintenance tick started
Maintenance tick complete
State DB: /home/zj/workspace/stok-mapping/data/maintenance/maintenance.sqlite
As of: 2026-06-07T23:34:02
Dry run: False
Executed runs: 0
financial_factors skipped at 03:30 | 
not_trading_day(cn_trading_calendar(is_open=0))
daily_brief skipped at 07:20 | not_trading_day(cn_trading_calendar(is_open=0))
hk_market_history skipped at 16:20 | 
not_trading_day(market_calendar_weekday_fallback(scope=hk, weekday=7))
a_share_history skipped at 16:30 | 
not_trading_day(cn_trading_calendar(is_open=0))
us_market_history skipped at 17:10 | 
not_trading_day(market_calendar_weekday_fallback(scope=us, weekday=7))
Maintenance tick started
Maintenance tick complete
State DB: /home/zj/workspace/stok-mapping/data/maintenance/maintenance.sqlite
As of: 2026-06-07T23:35:01
Dry run: False
Executed runs: 0
financial_factors skipped at 03:30 | 
not_trading_day(cn_trading_calendar(is_open=0))
daily_brief skipped at 07:20 | not_trading_day(cn_trading_calendar(is_open=0))
hk_market_history skipped at 16:20 | 
not_trading_day(market_calendar_weekday_fallback(scope=hk, weekday=7))
a_share_history skipped at 16:30 | 
not_trading_day(cn_trading_calendar(is_open=0))
us_market_history skipped at 17:10 | 
not_trading_day(market_calendar_weekday_fallback(scope=us, weekday=7))
Maintenance tick started
Maintenance tick complete
State DB: /home/zj/workspace/stok-mapping/data/maintenance/maintenance.sqlite
As of: 2026-06-07T23:36:01
Dry run: False
Executed runs: 0
financial_factors skipped at 03:30 | 
not_trading_day(cn_trading_calendar(is_open=0))
daily_brief skipped at 07:20 | not_trading_day(cn_trading_calendar(is_open=0))
hk_market_history skipped at 16:20 | 
not_trading_day(market_calendar_weekday_fallback(scope=hk, weekday=7))
a_share_history skipped at 16:30 | 
not_trading_day(cn_trading_calendar(is_open=0))
us_market_history skipped at 17:10 | 
not_trading_day(market_calendar_weekday_fallback(scope=us, weekday=7))
Maintenance tick started
Maintenance tick complete
State DB: /home/zj/workspace/stok-mapping/data/maintenance/maintenance.sqlite
As of: 2026-06-07T23:37:02
Dry run: False
Executed runs: 0
financial_factors skipped at 03:30 | 
not_trading_day(cn_trading_calendar(is_open=0))
daily_brief skipped at 07:20 | not_trading_day(cn_trading_calendar(is_open=0))
hk_market_history skipped at 16:20 | 
not_trading_day(market_calendar_weekday_fallback(scope=hk, weekday=7))
a_share_history skipped at 16:30 | 
not_trading_day(cn_trading_calendar(is_open=0))
us_market_history skipped at 17:10 | 
not_trading_day(market_calendar_weekday_fallback(scope=us, weekday=7))
Maintenance tick started
Maintenance tick complete
State DB: /home/zj/workspace/stok-mapping/data/maintenance/maintenance.sqlite
As of: 2026-06-07T23:38:02
Dry run: False
Executed runs: 0
financial_factors skipped at 03:30 | 
not_trading_day(cn_trading_calendar(is_open=0))
daily_brief skipped at 07:20 | not_trading_day(cn_trading_calendar(is_open=0))
hk_market_history skipped at 16:20 | 
not_trading_day(market_calendar_weekday_fallback(scope=hk, weekday=7))
a_share_history skipped at 16:30 | 
not_trading_day(cn_trading_calendar(is_open=0))
us_market_history skipped at 17:10 | 
not_trading_day(market_calendar_weekday_fallback(scope=us, weekday=7))
Maintenance tick started
Maintenance tick complete
State DB: /home/zj/workspace/stok-mapping/data/maintenance/maintenance.sqlite
As of: 2026-06-07T23:39:02
Dry run: False
Executed runs: 0
financial_factors skipped at 03:30 | 
not_trading_day(cn_trading_calendar(is_open=0))
daily_brief skipped at 07:20 | not_trading_day(cn_trading_calendar(is_open=0))
hk_market_history skipped at 16:20 | 
not_trading_day(market_calendar_weekday_fallback(scope=hk, weekday=7))
a_share_history skipped at 16:30 | 
not_trading_day(cn_trading_calendar(is_open=0))
us_market_history skipped at 17:10 | 
not_trading_day(market_calendar_weekday_fallback(scope=us, weekday=7))
Maintenance tick started
Maintenance tick complete
State DB: /home/zj/workspace/stok-mapping/data/maintenance/maintenance.sqlite
As of: 2026-06-07T23:40:02
Dry run: False
Executed runs: 0
financial_factors skipped at 03:30 | 
not_trading_day(cn_trading_calendar(is_open=0))
daily_brief skipped at 07:20 | not_trading_day(cn_trading_calendar(is_open=0))
hk_market_history skipped at 16:20 | 
not_trading_day(market_calendar_weekday_fallback(scope=hk, weekday=7))
a_share_history skipped at 16:30 | 
not_trading_day(cn_trading_calendar(is_open=0))
us_market_history skipped at 17:10 | 
not_trading_day(market_calendar_weekday_fallback(scope=us, weekday=7))
Maintenance tick started
Maintenance tick complete
State DB: /home/zj/workspace/stok-mapping/data/maintenance/maintenance.sqlite
As of: 2026-06-07T23:41:02
Dry run: False
Executed runs: 0
financial_factors skipped at 03:30 | 
not_trading_day(cn_trading_calendar(is_open=0))
daily_brief skipped at 07:20 | not_trading_day(cn_trading_calendar(is_open=0))
hk_market_history skipped at 16:20 | 
not_trading_day(market_calendar_weekday_fallback(scope=hk, weekday=7))
a_share_history skipped at 16:30 | 
not_trading_day(cn_trading_calendar(is_open=0))
us_market_history skipped at 17:10 | 
not_trading_day(market_calendar_weekday_fallback(scope=us, weekday=7))
Maintenance tick started
Maintenance tick complete
State DB: /home/zj/workspace/stok-mapping/data/maintenance/maintenance.sqlite
As of: 2026-06-07T23:42:02
Dry run: False
Executed runs: 0
financial_factors skipped at 03:30 | 
not_trading_day(cn_trading_calendar(is_open=0))
daily_brief skipped at 07:20 | not_trading_day(cn_trading_calendar(is_open=0))
hk_market_history skipped at 16:20 | 
not_trading_day(market_calendar_weekday_fallback(scope=hk, weekday=7))
a_share_history skipped at 16:30 | 
not_trading_day(cn_trading_calendar(is_open=0))
us_market_history skipped at 17:10 | 
not_trading_day(market_calendar_weekday_fallback(scope=us, weekday=7))
Maintenance tick started
Maintenance tick complete
State DB: /home/zj/workspace/stok-mapping/data/maintenance/maintenance.sqlite
As of: 2026-06-07T23:43:02
Dry run: False
Executed runs: 0
financial_factors skipped at 03:30 | 
not_trading_day(cn_trading_calendar(is_open=0))
daily_brief skipped at 07:20 | not_trading_day(cn_trading_calendar(is_open=0))
hk_market_history skipped at 16:20 | 
not_trading_day(market_calendar_weekday_fallback(scope=hk, weekday=7))
a_share_history skipped at 16:30 | 
not_trading_day(cn_trading_calendar(is_open=0))
us_market_history skipped at 17:10 | 
not_trading_day(market_calendar_weekday_fallback(scope=us, weekday=7))
Maintenance tick started
Maintenance tick complete
State DB: /home/zj/workspace/stok-mapping/data/maintenance/maintenance.sqlite
As of: 2026-06-07T23:44:02
Dry run: False
Executed runs: 0
financial_factors skipped at 03:30 | 
not_trading_day(cn_trading_calendar(is_open=0))
daily_brief skipped at 07:20 | not_trading_day(cn_trading_calendar(is_open=0))
hk_market_history skipped at 16:20 | 
not_trading_day(market_calendar_weekday_fallback(scope=hk, weekday=7))
a_share_history skipped at 16:30 | 
not_trading_day(cn_trading_calendar(is_open=0))
us_market_history skipped at 17:10 | 
not_trading_day(market_calendar_weekday_fallback(scope=us, weekday=7))
Maintenance tick started
Maintenance tick complete
State DB: /home/zj/workspace/stok-mapping/data/maintenance/maintenance.sqlite
As of: 2026-06-07T23:45:01
Dry run: False
Executed runs: 0
financial_factors skipped at 03:30 | 
not_trading_day(cn_trading_calendar(is_open=0))
daily_brief skipped at 07:20 | not_trading_day(cn_trading_calendar(is_open=0))
hk_market_history skipped at 16:20 | 
not_trading_day(market_calendar_weekday_fallback(scope=hk, weekday=7))
a_share_history skipped at 16:30 | 
not_trading_day(cn_trading_calendar(is_open=0))
us_market_history skipped at 17:10 | 
not_trading_day(market_calendar_weekday_fallback(scope=us, weekday=7))
Maintenance tick started
Maintenance tick complete
State DB: /home/zj/workspace/stok-mapping/data/maintenance/maintenance.sqlite
As of: 2026-06-07T23:46:02
Dry run: False
Executed runs: 0
financial_factors skipped at 03:30 | 
not_trading_day(cn_trading_calendar(is_open=0))
daily_brief skipped at 07:20 | not_trading_day(cn_trading_calendar(is_open=0))
hk_market_history skipped at 16:20 | 
not_trading_day(market_calendar_weekday_fallback(scope=hk, weekday=7))
a_share_history skipped at 16:30 | 
not_trading_day(cn_trading_calendar(is_open=0))
us_market_history skipped at 17:10 | 
not_trading_day(market_calendar_weekday_fallback(scope=us, weekday=7))
Maintenance tick started
Maintenance tick complete
State DB: /home/zj/workspace/stok-mapping/data/maintenance/maintenance.sqlite
As of: 2026-06-07T23:47:05
Dry run: False
Executed runs: 0
financial_factors skipped at 03:30 | 
not_trading_day(cn_trading_calendar(is_open=0))
daily_brief skipped at 07:20 | not_trading_day(cn_trading_calendar(is_open=0))
hk_market_history skipped at 16:20 | 
not_trading_day(market_calendar_weekday_fallback(scope=hk, weekday=7))
a_share_history skipped at 16:30 | 
not_trading_day(cn_trading_calendar(is_open=0))
us_market_history skipped at 17:10 | 
not_trading_day(market_calendar_weekday_fallback(scope=us, weekday=7))
Maintenance tick started
Maintenance tick complete
State DB: /home/zj/workspace/stok-mapping/data/maintenance/maintenance.sqlite
As of: 2026-06-07T23:48:04
Dry run: False
Executed runs: 0
financial_factors skipped at 03:30 | 
not_trading_day(cn_trading_calendar(is_open=0))
daily_brief skipped at 07:20 | not_trading_day(cn_trading_calendar(is_open=0))
hk_market_history skipped at 16:20 | 
not_trading_day(market_calendar_weekday_fallback(scope=hk, weekday=7))
a_share_history skipped at 16:30 | 
not_trading_day(cn_trading_calendar(is_open=0))
us_market_history skipped at 17:10 | 
not_trading_day(market_calendar_weekday_fallback(scope=us, weekday=7))
Maintenance tick started
Maintenance tick complete
State DB: /home/zj/workspace/stok-mapping/data/maintenance/maintenance.sqlite
As of: 2026-06-07T23:49:02
Dry run: False
Executed runs: 0
financial_factors skipped at 03:30 | 
not_trading_day(cn_trading_calendar(is_open=0))
daily_brief skipped at 07:20 | not_trading_day(cn_trading_calendar(is_open=0))
hk_market_history skipped at 16:20 | 
not_trading_day(market_calendar_weekday_fallback(scope=hk, weekday=7))
a_share_history skipped at 16:30 | 
not_trading_day(cn_trading_calendar(is_open=0))
us_market_history skipped at 17:10 | 
not_trading_day(market_calendar_weekday_fallback(scope=us, weekday=7))
Maintenance tick started
Maintenance tick complete
State DB: /home/zj/workspace/stok-mapping/data/maintenance/maintenance.sqlite
As of: 2026-06-07T23:50:03
Dry run: False
Executed runs: 0
financial_factors skipped at 03:30 | 
not_trading_day(cn_trading_calendar(is_open=0))
daily_brief skipped at 07:20 | not_trading_day(cn_trading_calendar(is_open=0))
hk_market_history skipped at 16:20 | 
not_trading_day(market_calendar_weekday_fallback(scope=hk, weekday=7))
a_share_history skipped at 16:30 | 
not_trading_day(cn_trading_calendar(is_open=0))
us_market_history skipped at 17:10 | 
not_trading_day(market_calendar_weekday_fallback(scope=us, weekday=7))
Maintenance tick started
Maintenance tick complete
State DB: /home/zj/workspace/stok-mapping/data/maintenance/maintenance.sqlite
As of: 2026-06-07T23:51:02
Dry run: False
Executed runs: 0
financial_factors skipped at 03:30 | 
not_trading_day(cn_trading_calendar(is_open=0))
daily_brief skipped at 07:20 | not_trading_day(cn_trading_calendar(is_open=0))
hk_market_history skipped at 16:20 | 
not_trading_day(market_calendar_weekday_fallback(scope=hk, weekday=7))
a_share_history skipped at 16:30 | 
not_trading_day(cn_trading_calendar(is_open=0))
us_market_history skipped at 17:10 | 
not_trading_day(market_calendar_weekday_fallback(scope=us, weekday=7))
Maintenance tick started
Maintenance tick complete
State DB: /home/zj/workspace/stok-mapping/data/maintenance/maintenance.sqlite
As of: 2026-06-07T23:52:02
Dry run: False
Executed runs: 0
financial_factors skipped at 03:30 | 
not_trading_day(cn_trading_calendar(is_open=0))
daily_brief skipped at 07:20 | not_trading_day(cn_trading_calendar(is_open=0))
hk_market_history skipped at 16:20 | 
not_trading_day(market_calendar_weekday_fallback(scope=hk, weekday=7))
a_share_history skipped at 16:30 | 
not_trading_day(cn_trading_calendar(is_open=0))
us_market_history skipped at 17:10 | 
not_trading_day(market_calendar_weekday_fallback(scope=us, weekday=7))
Maintenance tick started
Maintenance tick complete
State DB: /home/zj/workspace/stok-mapping/data/maintenance/maintenance.sqlite
As of: 2026-06-07T23:53:02
Dry run: False
Executed runs: 0
financial_factors skipped at 03:30 | 
not_trading_day(cn_trading_calendar(is_open=0))
daily_brief skipped at 07:20 | not_trading_day(cn_trading_calendar(is_open=0))
hk_market_history skipped at 16:20 | 
not_trading_day(market_calendar_weekday_fallback(scope=hk, weekday=7))
a_share_history skipped at 16:30 | 
not_trading_day(cn_trading_calendar(is_open=0))
us_market_history skipped at 17:10 | 
not_trading_day(market_calendar_weekday_fallback(scope=us, weekday=7))
Maintenance tick started
Maintenance tick complete
State DB: /home/zj/workspace/stok-mapping/data/maintenance/maintenance.sqlite
As of: 2026-06-07T23:54:02
Dry run: False
Executed runs: 0
financial_factors skipped at 03:30 | 
not_trading_day(cn_trading_calendar(is_open=0))
daily_brief skipped at 07:20 | not_trading_day(cn_trading_calendar(is_open=0))
hk_market_history skipped at 16:20 | 
not_trading_day(market_calendar_weekday_fallback(scope=hk, weekday=7))
a_share_history skipped at 16:30 | 
not_trading_day(cn_trading_calendar(is_open=0))
us_market_history skipped at 17:10 | 
not_trading_day(market_calendar_weekday_fallback(scope=us, weekday=7))
Maintenance tick started
Maintenance tick complete
State DB: /home/zj/workspace/stok-mapping/data/maintenance/maintenance.sqlite
As of: 2026-06-07T23:55:02
Dry run: False
Executed runs: 0
financial_factors skipped at 03:30 | 
not_trading_day(cn_trading_calendar(is_open=0))
daily_brief skipped at 07:20 | not_trading_day(cn_trading_calendar(is_open=0))
hk_market_history skipped at 16:20 | 
not_trading_day(market_calendar_weekday_fallback(scope=hk, weekday=7))
a_share_history skipped at 16:30 | 
not_trading_day(cn_trading_calendar(is_open=0))
us_market_history skipped at 17:10 | 
not_trading_day(market_calendar_weekday_fallback(scope=us, weekday=7))
Maintenance tick started
Maintenance tick complete
State DB: /home/zj/workspace/stok-mapping/data/maintenance/maintenance.sqlite
As of: 2026-06-07T23:56:02
Dry run: False
Executed runs: 0
financial_factors skipped at 03:30 | 
not_trading_day(cn_trading_calendar(is_open=0))
daily_brief skipped at 07:20 | not_trading_day(cn_trading_calendar(is_open=0))
hk_market_history skipped at 16:20 | 
not_trading_day(market_calendar_weekday_fallback(scope=hk, weekday=7))
a_share_history skipped at 16:30 | 
not_trading_day(cn_trading_calendar(is_open=0))
us_market_history skipped at 17:10 | 
not_trading_day(market_calendar_weekday_fallback(scope=us, weekday=7))
Maintenance tick started
Maintenance tick complete
State DB: /home/zj/workspace/stok-mapping/data/maintenance/maintenance.sqlite
As of: 2026-06-07T23:57:01
Dry run: False
Executed runs: 0
financial_factors skipped at 03:30 | 
not_trading_day(cn_trading_calendar(is_open=0))
daily_brief skipped at 07:20 | not_trading_day(cn_trading_calendar(is_open=0))
hk_market_history skipped at 16:20 | 
not_trading_day(market_calendar_weekday_fallback(scope=hk, weekday=7))
a_share_history skipped at 16:30 | 
not_trading_day(cn_trading_calendar(is_open=0))
us_market_history skipped at 17:10 | 
not_trading_day(market_calendar_weekday_fallback(scope=us, weekday=7))
Maintenance tick started
Maintenance tick complete
State DB: /home/zj/workspace/stok-mapping/data/maintenance/maintenance.sqlite
As of: 2026-06-07T23:58:02
Dry run: False
Executed runs: 0
financial_factors skipped at 03:30 | 
not_trading_day(cn_trading_calendar(is_open=0))
daily_brief skipped at 07:20 | not_trading_day(cn_trading_calendar(is_open=0))
hk_market_history skipped at 16:20 | 
not_trading_day(market_calendar_weekday_fallback(scope=hk, weekday=7))
a_share_history skipped at 16:30 | 
not_trading_day(cn_trading_calendar(is_open=0))
us_market_history skipped at 17:10 | 
not_trading_day(market_calendar_weekday_fallback(scope=us, weekday=7))
Maintenance tick started
Maintenance tick complete
State DB: /home/zj/workspace/stok-mapping/data/maintenance/maintenance.sqlite
As of: 2026-06-07T23:59:02
Dry run: False
Executed runs: 0
financial_factors skipped at 03:30 | 
not_trading_day(cn_trading_calendar(is_open=0))
daily_brief skipped at 07:20 | not_trading_day(cn_trading_calendar(is_open=0))
hk_market_history skipped at 16:20 | 
not_trading_day(market_calendar_weekday_fallback(scope=hk, weekday=7))
a_share_history skipped at 16:30 | 
not_trading_day(cn_trading_calendar(is_open=0))
us_market_history skipped at 17:10 | 
not_trading_day(market_calendar_weekday_fallback(scope=us, weekday=7))
Maintenance tick started
Maintenance tick complete
State DB: /home/zj/workspace/stok-mapping/data/maintenance/maintenance.sqlite
As of: 2026-06-08T00:00:04
Dry run: False
Executed runs: 0
financial_factors skipped at 03:30 | outside_schedule(now=00:00, expected=03:30,
calendar=cn_trading_calendar(is_open=1))
daily_brief skipped at 07:20 | outside_schedule(now=00:00, expected=07:20, 
calendar=cn_trading_calendar(is_open=1))
hk_market_history skipped at 16:20 | outside_schedule(now=00:00, expected=16:20,
calendar=market_calendar_weekday_fallback(scope=hk))
a_share_history skipped at 16:30 | outside_schedule(now=00:00, expected=16:30, 
calendar=cn_trading_calendar(is_open=1))
us_market_history skipped at 17:10 | outside_schedule(now=00:00, expected=17:10,
calendar=market_calendar_weekday_fallback(scope=us))
Maintenance tick started
Maintenance tick complete
State DB: /home/zj/workspace/stok-mapping/data/maintenance/maintenance.sqlite
As of: 2026-06-08T00:01:02
Dry run: False
Executed runs: 0
financial_factors skipped at 03:30 | outside_schedule(now=00:01, expected=03:30,
calendar=cn_trading_calendar(is_open=1))
daily_brief skipped at 07:20 | outside_schedule(now=00:01, expected=07:20, 
calendar=cn_trading_calendar(is_open=1))
hk_market_history skipped at 16:20 | outside_schedule(now=00:01, expected=16:20,
calendar=market_calendar_weekday_fallback(scope=hk))
a_share_history skipped at 16:30 | outside_schedule(now=00:01, expected=16:30, 
calendar=cn_trading_calendar(is_open=1))
us_market_history skipped at 17:10 | outside_schedule(now=00:01, expected=17:10,
calendar=market_calendar_weekday_fallback(scope=us))
Maintenance tick started
Maintenance tick complete
State DB: /home/zj/workspace/stok-mapping/data/maintenance/maintenance.sqlite
As of: 2026-06-08T00:02:03
Dry run: False
Executed runs: 0
financial_factors skipped at 03:30 | outside_schedule(now=00:02, expected=03:30,
calendar=cn_trading_calendar(is_open=1))
daily_brief skipped at 07:20 | outside_schedule(now=00:02, expected=07:20, 
calendar=cn_trading_calendar(is_open=1))
hk_market_history skipped at 16:20 | outside_schedule(now=00:02, expected=16:20,
calendar=market_calendar_weekday_fallback(scope=hk))
a_share_history skipped at 16:30 | outside_schedule(now=00:02, expected=16:30, 
calendar=cn_trading_calendar(is_open=1))
us_market_history skipped at 17:10 | outside_schedule(now=00:02, expected=17:10,
calendar=market_calendar_weekday_fallback(scope=us))
Maintenance tick started
Maintenance tick complete
State DB: /home/zj/workspace/stok-mapping/data/maintenance/maintenance.sqlite
As of: 2026-06-08T00:03:02
Dry run: False
Executed runs: 0
financial_factors skipped at 03:30 | outside_schedule(now=00:03, expected=03:30,
calendar=cn_trading_calendar(is_open=1))
daily_brief skipped at 07:20 | outside_schedule(now=00:03, expected=07:20, 
calendar=cn_trading_calendar(is_open=1))
hk_market_history skipped at 16:20 | outside_schedule(now=00:03, expected=16:20,
calendar=market_calendar_weekday_fallback(scope=hk))
a_share_history skipped at 16:30 | outside_schedule(now=00:03, expected=16:30, 
calendar=cn_trading_calendar(is_open=1))
us_market_history skipped at 17:10 | outside_schedule(now=00:03, expected=17:10,
calendar=market_calendar_weekday_fallback(scope=us))
Maintenance tick started
Maintenance tick complete
State DB: /home/zj/workspace/stok-mapping/data/maintenance/maintenance.sqlite
As of: 2026-06-08T00:04:02
Dry run: False
Executed runs: 0
financial_factors skipped at 03:30 | outside_schedule(now=00:04, expected=03:30,
calendar=cn_trading_calendar(is_open=1))
daily_brief skipped at 07:20 | outside_schedule(now=00:04, expected=07:20, 
calendar=cn_trading_calendar(is_open=1))
hk_market_history skipped at 16:20 | outside_schedule(now=00:04, expected=16:20,
calendar=market_calendar_weekday_fallback(scope=hk))
a_share_history skipped at 16:30 | outside_schedule(now=00:04, expected=16:30, 
calendar=cn_trading_calendar(is_open=1))
us_market_history skipped at 17:10 | outside_schedule(now=00:04, expected=17:10,
calendar=market_calendar_weekday_fallback(scope=us))
Maintenance tick started
Maintenance tick complete
State DB: /home/zj/workspace/stok-mapping/data/maintenance/maintenance.sqlite
As of: 2026-06-08T00:05:02
Dry run: False
Executed runs: 0
financial_factors skipped at 03:30 | outside_schedule(now=00:05, expected=03:30,
calendar=cn_trading_calendar(is_open=1))
daily_brief skipped at 07:20 | outside_schedule(now=00:05, expected=07:20, 
calendar=cn_trading_calendar(is_open=1))
hk_market_history skipped at 16:20 | outside_schedule(now=00:05, expected=16:20,
calendar=market_calendar_weekday_fallback(scope=hk))
a_share_history skipped at 16:30 | outside_schedule(now=00:05, expected=16:30, 
calendar=cn_trading_calendar(is_open=1))
us_market_history skipped at 17:10 | outside_schedule(now=00:05, expected=17:10,
calendar=market_calendar_weekday_fallback(scope=us))
Maintenance tick started
Maintenance tick complete
State DB: /home/zj/workspace/stok-mapping/data/maintenance/maintenance.sqlite
As of: 2026-06-08T00:06:02
Dry run: False
Executed runs: 0
financial_factors skipped at 03:30 | outside_schedule(now=00:06, expected=03:30,
calendar=cn_trading_calendar(is_open=1))
daily_brief skipped at 07:20 | outside_schedule(now=00:06, expected=07:20, 
calendar=cn_trading_calendar(is_open=1))
hk_market_history skipped at 16:20 | outside_schedule(now=00:06, expected=16:20,
calendar=market_calendar_weekday_fallback(scope=hk))
a_share_history skipped at 16:30 | outside_schedule(now=00:06, expected=16:30, 
calendar=cn_trading_calendar(is_open=1))
us_market_history skipped at 17:10 | outside_schedule(now=00:06, expected=17:10,
calendar=market_calendar_weekday_fallback(scope=us))
Maintenance tick started
Maintenance tick complete
State DB: /home/zj/workspace/stok-mapping/data/maintenance/maintenance.sqlite
As of: 2026-06-08T00:07:02
Dry run: False
Executed runs: 0
financial_factors skipped at 03:30 | outside_schedule(now=00:07, expected=03:30,
calendar=cn_trading_calendar(is_open=1))
daily_brief skipped at 07:20 | outside_schedule(now=00:07, expected=07:20, 
calendar=cn_trading_calendar(is_open=1))
hk_market_history skipped at 16:20 | outside_schedule(now=00:07, expected=16:20,
calendar=market_calendar_weekday_fallback(scope=hk))
a_share_history skipped at 16:30 | outside_schedule(now=00:07, expected=16:30, 
calendar=cn_trading_calendar(is_open=1))
us_market_history skipped at 17:10 | outside_schedule(now=00:07, expected=17:10,
calendar=market_calendar_weekday_fallback(scope=us))
Maintenance tick started
Maintenance tick complete
State DB: /home/zj/workspace/stok-mapping/data/maintenance/maintenance.sqlite
As of: 2026-06-08T00:08:02
Dry run: False
Executed runs: 0
financial_factors skipped at 03:30 | outside_schedule(now=00:08, expected=03:30,
calendar=cn_trading_calendar(is_open=1))
daily_brief skipped at 07:20 | outside_schedule(now=00:08, expected=07:20, 
calendar=cn_trading_calendar(is_open=1))
hk_market_history skipped at 16:20 | outside_schedule(now=00:08, expected=16:20,
calendar=market_calendar_weekday_fallback(scope=hk))
a_share_history skipped at 16:30 | outside_schedule(now=00:08, expected=16:30, 
calendar=cn_trading_calendar(is_open=1))
us_market_history skipped at 17:10 | outside_schedule(now=00:08, expected=17:10,
calendar=market_calendar_weekday_fallback(scope=us))
Maintenance tick started
Maintenance tick complete
State DB: /home/zj/workspace/stok-mapping/data/maintenance/maintenance.sqlite
As of: 2026-06-08T00:09:02
Dry run: False
Executed runs: 0
financial_factors skipped at 03:30 | outside_schedule(now=00:09, expected=03:30,
calendar=cn_trading_calendar(is_open=1))
daily_brief skipped at 07:20 | outside_schedule(now=00:09, expected=07:20, 
calendar=cn_trading_calendar(is_open=1))
hk_market_history skipped at 16:20 | outside_schedule(now=00:09, expected=16:20,
calendar=market_calendar_weekday_fallback(scope=hk))
a_share_history skipped at 16:30 | outside_schedule(now=00:09, expected=16:30, 
calendar=cn_trading_calendar(is_open=1))
us_market_history skipped at 17:10 | outside_schedule(now=00:09, expected=17:10,
calendar=market_calendar_weekday_fallback(scope=us))
Maintenance tick started
Maintenance tick complete
State DB: /home/zj/workspace/stok-mapping/data/maintenance/maintenance.sqlite
As of: 2026-06-08T00:10:02
Dry run: False
Executed runs: 0
financial_factors skipped at 03:30 | outside_schedule(now=00:10, expected=03:30,
calendar=cn_trading_calendar(is_open=1))
daily_brief skipped at 07:20 | outside_schedule(now=00:10, expected=07:20, 
calendar=cn_trading_calendar(is_open=1))
hk_market_history skipped at 16:20 | outside_schedule(now=00:10, expected=16:20,
calendar=market_calendar_weekday_fallback(scope=hk))
a_share_history skipped at 16:30 | outside_schedule(now=00:10, expected=16:30, 
calendar=cn_trading_calendar(is_open=1))
us_market_history skipped at 17:10 | outside_schedule(now=00:10, expected=17:10,
calendar=market_calendar_weekday_fallback(scope=us))
Maintenance tick started
Maintenance tick complete
State DB: /home/zj/workspace/stok-mapping/data/maintenance/maintenance.sqlite
As of: 2026-06-08T00:11:02
Dry run: False
Executed runs: 0
financial_factors skipped at 03:30 | outside_schedule(now=00:11, expected=03:30,
calendar=cn_trading_calendar(is_open=1))
daily_brief skipped at 07:20 | outside_schedule(now=00:11, expected=07:20, 
calendar=cn_trading_calendar(is_open=1))
hk_market_history skipped at 16:20 | outside_schedule(now=00:11, expected=16:20,
calendar=market_calendar_weekday_fallback(scope=hk))
a_share_history skipped at 16:30 | outside_schedule(now=00:11, expected=16:30, 
calendar=cn_trading_calendar(is_open=1))
us_market_history skipped at 17:10 | outside_schedule(now=00:11, expected=17:10,
calendar=market_calendar_weekday_fallback(scope=us))
Maintenance tick started
Maintenance tick complete
State DB: /home/zj/workspace/stok-mapping/data/maintenance/maintenance.sqlite
As of: 2026-06-08T00:12:02
Dry run: False
Executed runs: 0
financial_factors skipped at 03:30 | outside_schedule(now=00:12, expected=03:30,
calendar=cn_trading_calendar(is_open=1))
daily_brief skipped at 07:20 | outside_schedule(now=00:12, expected=07:20, 
calendar=cn_trading_calendar(is_open=1))
hk_market_history skipped at 16:20 | outside_schedule(now=00:12, expected=16:20,
calendar=market_calendar_weekday_fallback(scope=hk))
a_share_history skipped at 16:30 | outside_schedule(now=00:12, expected=16:30, 
calendar=cn_trading_calendar(is_open=1))
us_market_history skipped at 17:10 | outside_schedule(now=00:12, expected=17:10,
calendar=market_calendar_weekday_fallback(scope=us))
Maintenance tick started
Maintenance tick complete
State DB: /home/zj/workspace/stok-mapping/data/maintenance/maintenance.sqlite
As of: 2026-06-08T00:13:02
Dry run: False
Executed runs: 0
financial_factors skipped at 03:30 | outside_schedule(now=00:13, expected=03:30,
calendar=cn_trading_calendar(is_open=1))
daily_brief skipped at 07:20 | outside_schedule(now=00:13, expected=07:20, 
calendar=cn_trading_calendar(is_open=1))
hk_market_history skipped at 16:20 | outside_schedule(now=00:13, expected=16:20,
calendar=market_calendar_weekday_fallback(scope=hk))
a_share_history skipped at 16:30 | outside_schedule(now=00:13, expected=16:30, 
calendar=cn_trading_calendar(is_open=1))
us_market_history skipped at 17:10 | outside_schedule(now=00:13, expected=17:10,
calendar=market_calendar_weekday_fallback(scope=us))
Maintenance tick started
Maintenance tick complete
State DB: /home/zj/workspace/stok-mapping/data/maintenance/maintenance.sqlite
As of: 2026-06-08T00:14:02
Dry run: False
Executed runs: 0
financial_factors skipped at 03:30 | outside_schedule(now=00:14, expected=03:30,
calendar=cn_trading_calendar(is_open=1))
daily_brief skipped at 07:20 | outside_schedule(now=00:14, expected=07:20, 
calendar=cn_trading_calendar(is_open=1))
hk_market_history skipped at 16:20 | outside_schedule(now=00:14, expected=16:20,
calendar=market_calendar_weekday_fallback(scope=hk))
a_share_history skipped at 16:30 | outside_schedule(now=00:14, expected=16:30, 
calendar=cn_trading_calendar(is_open=1))
us_market_history skipped at 17:10 | outside_schedule(now=00:14, expected=17:10,
calendar=market_calendar_weekday_fallback(scope=us))
Maintenance tick started
Maintenance tick complete
State DB: /home/zj/workspace/stok-mapping/data/maintenance/maintenance.sqlite
As of: 2026-06-08T00:15:02
Dry run: False
Executed runs: 0
financial_factors skipped at 03:30 | outside_schedule(now=00:15, expected=03:30,
calendar=cn_trading_calendar(is_open=1))
daily_brief skipped at 07:20 | outside_schedule(now=00:15, expected=07:20, 
calendar=cn_trading_calendar(is_open=1))
hk_market_history skipped at 16:20 | outside_schedule(now=00:15, expected=16:20,
calendar=market_calendar_weekday_fallback(scope=hk))
a_share_history skipped at 16:30 | outside_schedule(now=00:15, expected=16:30, 
calendar=cn_trading_calendar(is_open=1))
us_market_history skipped at 17:10 | outside_schedule(now=00:15, expected=17:10,
calendar=market_calendar_weekday_fallback(scope=us))
Maintenance tick started
Maintenance tick complete
State DB: /home/zj/workspace/stok-mapping/data/maintenance/maintenance.sqlite
As of: 2026-06-08T00:16:03
Dry run: False
Executed runs: 0
financial_factors skipped at 03:30 | outside_schedule(now=00:16, expected=03:30,
calendar=cn_trading_calendar(is_open=1))
daily_brief skipped at 07:20 | outside_schedule(now=00:16, expected=07:20, 
calendar=cn_trading_calendar(is_open=1))
hk_market_history skipped at 16:20 | outside_schedule(now=00:16, expected=16:20,
calendar=market_calendar_weekday_fallback(scope=hk))
a_share_history skipped at 16:30 | outside_schedule(now=00:16, expected=16:30, 
calendar=cn_trading_calendar(is_open=1))
us_market_history skipped at 17:10 | outside_schedule(now=00:16, expected=17:10,
calendar=market_calendar_weekday_fallback(scope=us))
Maintenance tick started
Maintenance tick complete
State DB: /home/zj/workspace/stok-mapping/data/maintenance/maintenance.sqlite
As of: 2026-06-08T00:17:02
Dry run: False
Executed runs: 0
financial_factors skipped at 03:30 | outside_schedule(now=00:17, expected=03:30,
calendar=cn_trading_calendar(is_open=1))
daily_brief skipped at 07:20 | outside_schedule(now=00:17, expected=07:20, 
calendar=cn_trading_calendar(is_open=1))
hk_market_history skipped at 16:20 | outside_schedule(now=00:17, expected=16:20,
calendar=market_calendar_weekday_fallback(scope=hk))
a_share_history skipped at 16:30 | outside_schedule(now=00:17, expected=16:30, 
calendar=cn_trading_calendar(is_open=1))
us_market_history skipped at 17:10 | outside_schedule(now=00:17, expected=17:10,
calendar=market_calendar_weekday_fallback(scope=us))
Maintenance tick started
Maintenance tick complete
State DB: /home/zj/workspace/stok-mapping/data/maintenance/maintenance.sqlite
As of: 2026-06-08T00:18:02
Dry run: False
Executed runs: 0
financial_factors skipped at 03:30 | outside_schedule(now=00:18, expected=03:30,
calendar=cn_trading_calendar(is_open=1))
daily_brief skipped at 07:20 | outside_schedule(now=00:18, expected=07:20, 
calendar=cn_trading_calendar(is_open=1))
hk_market_history skipped at 16:20 | outside_schedule(now=00:18, expected=16:20,
calendar=market_calendar_weekday_fallback(scope=hk))
a_share_history skipped at 16:30 | outside_schedule(now=00:18, expected=16:30, 
calendar=cn_trading_calendar(is_open=1))
us_market_history skipped at 17:10 | outside_schedule(now=00:18, expected=17:10,
calendar=market_calendar_weekday_fallback(scope=us))
Maintenance tick started
Maintenance tick complete
State DB: /home/zj/workspace/stok-mapping/data/maintenance/maintenance.sqlite
As of: 2026-06-08T00:19:02
Dry run: False
Executed runs: 0
financial_factors skipped at 03:30 | outside_schedule(now=00:19, expected=03:30,
calendar=cn_trading_calendar(is_open=1))
daily_brief skipped at 07:20 | outside_schedule(now=00:19, expected=07:20, 
calendar=cn_trading_calendar(is_open=1))
hk_market_history skipped at 16:20 | outside_schedule(now=00:19, expected=16:20,
calendar=market_calendar_weekday_fallback(scope=hk))
a_share_history skipped at 16:30 | outside_schedule(now=00:19, expected=16:30, 
calendar=cn_trading_calendar(is_open=1))
us_market_history skipped at 17:10 | outside_schedule(now=00:19, expected=17:10,
calendar=market_calendar_weekday_fallback(scope=us))
Maintenance tick started
Maintenance tick complete
State DB: /home/zj/workspace/stok-mapping/data/maintenance/maintenance.sqlite
As of: 2026-06-08T00:20:02
Dry run: False
Executed runs: 0
financial_factors skipped at 03:30 | outside_schedule(now=00:20, expected=03:30,
calendar=cn_trading_calendar(is_open=1))
daily_brief skipped at 07:20 | outside_schedule(now=00:20, expected=07:20, 
calendar=cn_trading_calendar(is_open=1))
hk_market_history skipped at 16:20 | outside_schedule(now=00:20, expected=16:20,
calendar=market_calendar_weekday_fallback(scope=hk))
a_share_history skipped at 16:30 | outside_schedule(now=00:20, expected=16:30, 
calendar=cn_trading_calendar(is_open=1))
us_market_history skipped at 17:10 | outside_schedule(now=00:20, expected=17:10,
calendar=market_calendar_weekday_fallback(scope=us))
Maintenance tick started
Maintenance tick complete
State DB: /home/zj/workspace/stok-mapping/data/maintenance/maintenance.sqlite
As of: 2026-06-08T00:21:02
Dry run: False
Executed runs: 0
financial_factors skipped at 03:30 | outside_schedule(now=00:21, expected=03:30,
calendar=cn_trading_calendar(is_open=1))
daily_brief skipped at 07:20 | outside_schedule(now=00:21, expected=07:20, 
calendar=cn_trading_calendar(is_open=1))
hk_market_history skipped at 16:20 | outside_schedule(now=00:21, expected=16:20,
calendar=market_calendar_weekday_fallback(scope=hk))
a_share_history skipped at 16:30 | outside_schedule(now=00:21, expected=16:30, 
calendar=cn_trading_calendar(is_open=1))
us_market_history skipped at 17:10 | outside_schedule(now=00:21, expected=17:10,
calendar=market_calendar_weekday_fallback(scope=us))
Maintenance tick started
Maintenance tick complete
State DB: /home/zj/workspace/stok-mapping/data/maintenance/maintenance.sqlite
As of: 2026-06-08T00:22:02
Dry run: False
Executed runs: 0
financial_factors skipped at 03:30 | outside_schedule(now=00:22, expected=03:30,
calendar=cn_trading_calendar(is_open=1))
daily_brief skipped at 07:20 | outside_schedule(now=00:22, expected=07:20, 
calendar=cn_trading_calendar(is_open=1))
hk_market_history skipped at 16:20 | outside_schedule(now=00:22, expected=16:20,
calendar=market_calendar_weekday_fallback(scope=hk))
a_share_history skipped at 16:30 | outside_schedule(now=00:22, expected=16:30, 
calendar=cn_trading_calendar(is_open=1))
us_market_history skipped at 17:10 | outside_schedule(now=00:22, expected=17:10,
calendar=market_calendar_weekday_fallback(scope=us))
Maintenance tick started
Maintenance tick complete
State DB: /home/zj/workspace/stok-mapping/data/maintenance/maintenance.sqlite
As of: 2026-06-08T00:23:02
Dry run: False
Executed runs: 0
financial_factors skipped at 03:30 | outside_schedule(now=00:23, expected=03:30,
calendar=cn_trading_calendar(is_open=1))
daily_brief skipped at 07:20 | outside_schedule(now=00:23, expected=07:20, 
calendar=cn_trading_calendar(is_open=1))
hk_market_history skipped at 16:20 | outside_schedule(now=00:23, expected=16:20,
calendar=market_calendar_weekday_fallback(scope=hk))
a_share_history skipped at 16:30 | outside_schedule(now=00:23, expected=16:30, 
calendar=cn_trading_calendar(is_open=1))
us_market_history skipped at 17:10 | outside_schedule(now=00:23, expected=17:10,
calendar=market_calendar_weekday_fallback(scope=us))
Maintenance tick started
Maintenance tick complete
State DB: /home/zj/workspace/stok-mapping/data/maintenance/maintenance.sqlite
As of: 2026-06-08T00:24:02
Dry run: False
Executed runs: 0
financial_factors skipped at 03:30 | outside_schedule(now=00:24, expected=03:30,
calendar=cn_trading_calendar(is_open=1))
daily_brief skipped at 07:20 | outside_schedule(now=00:24, expected=07:20, 
calendar=cn_trading_calendar(is_open=1))
hk_market_history skipped at 16:20 | outside_schedule(now=00:24, expected=16:20,
calendar=market_calendar_weekday_fallback(scope=hk))
a_share_history skipped at 16:30 | outside_schedule(now=00:24, expected=16:30, 
calendar=cn_trading_calendar(is_open=1))
us_market_history skipped at 17:10 | outside_schedule(now=00:24, expected=17:10,
calendar=market_calendar_weekday_fallback(scope=us))
Maintenance tick started
Maintenance tick complete
State DB: /home/zj/workspace/stok-mapping/data/maintenance/maintenance.sqlite
As of: 2026-06-08T00:25:02
Dry run: False
Executed runs: 0
financial_factors skipped at 03:30 | outside_schedule(now=00:25, expected=03:30,
calendar=cn_trading_calendar(is_open=1))
daily_brief skipped at 07:20 | outside_schedule(now=00:25, expected=07:20, 
calendar=cn_trading_calendar(is_open=1))
hk_market_history skipped at 16:20 | outside_schedule(now=00:25, expected=16:20,
calendar=market_calendar_weekday_fallback(scope=hk))
a_share_history skipped at 16:30 | outside_schedule(now=00:25, expected=16:30, 
calendar=cn_trading_calendar(is_open=1))
us_market_history skipped at 17:10 | outside_schedule(now=00:25, expected=17:10,
calendar=market_calendar_weekday_fallback(scope=us))
Maintenance tick started
Maintenance tick complete
State DB: /home/zj/workspace/stok-mapping/data/maintenance/maintenance.sqlite
As of: 2026-06-08T00:26:02
Dry run: False
Executed runs: 0
financial_factors skipped at 03:30 | outside_schedule(now=00:26, expected=03:30,
calendar=cn_trading_calendar(is_open=1))
daily_brief skipped at 07:20 | outside_schedule(now=00:26, expected=07:20, 
calendar=cn_trading_calendar(is_open=1))
hk_market_history skipped at 16:20 | outside_schedule(now=00:26, expected=16:20,
calendar=market_calendar_weekday_fallback(scope=hk))
a_share_history skipped at 16:30 | outside_schedule(now=00:26, expected=16:30, 
calendar=cn_trading_calendar(is_open=1))
us_market_history skipped at 17:10 | outside_schedule(now=00:26, expected=17:10,
calendar=market_calendar_weekday_fallback(scope=us))
Maintenance tick started
Maintenance tick complete
State DB: /home/zj/workspace/stok-mapping/data/maintenance/maintenance.sqlite
As of: 2026-06-08T00:27:02
Dry run: False
Executed runs: 0
financial_factors skipped at 03:30 | outside_schedule(now=00:27, expected=03:30,
calendar=cn_trading_calendar(is_open=1))
daily_brief skipped at 07:20 | outside_schedule(now=00:27, expected=07:20, 
calendar=cn_trading_calendar(is_open=1))
hk_market_history skipped at 16:20 | outside_schedule(now=00:27, expected=16:20,
calendar=market_calendar_weekday_fallback(scope=hk))
a_share_history skipped at 16:30 | outside_schedule(now=00:27, expected=16:30, 
calendar=cn_trading_calendar(is_open=1))
us_market_history skipped at 17:10 | outside_schedule(now=00:27, expected=17:10,
calendar=market_calendar_weekday_fallback(scope=us))
Maintenance tick started
Maintenance tick complete
State DB: /home/zj/workspace/stok-mapping/data/maintenance/maintenance.sqlite
As of: 2026-06-08T00:28:01
Dry run: False
Executed runs: 0
financial_factors skipped at 03:30 | outside_schedule(now=00:28, expected=03:30,
calendar=cn_trading_calendar(is_open=1))
daily_brief skipped at 07:20 | outside_schedule(now=00:28, expected=07:20, 
calendar=cn_trading_calendar(is_open=1))
hk_market_history skipped at 16:20 | outside_schedule(now=00:28, expected=16:20,
calendar=market_calendar_weekday_fallback(scope=hk))
a_share_history skipped at 16:30 | outside_schedule(now=00:28, expected=16:30, 
calendar=cn_trading_calendar(is_open=1))
us_market_history skipped at 17:10 | outside_schedule(now=00:28, expected=17:10,
calendar=market_calendar_weekday_fallback(scope=us))
Maintenance tick started
Maintenance tick complete
State DB: /home/zj/workspace/stok-mapping/data/maintenance/maintenance.sqlite
As of: 2026-06-08T00:29:02
Dry run: False
Executed runs: 0
financial_factors skipped at 03:30 | outside_schedule(now=00:29, expected=03:30,
calendar=cn_trading_calendar(is_open=1))
daily_brief skipped at 07:20 | outside_schedule(now=00:29, expected=07:20, 
calendar=cn_trading_calendar(is_open=1))
hk_market_history skipped at 16:20 | outside_schedule(now=00:29, expected=16:20,
calendar=market_calendar_weekday_fallback(scope=hk))
a_share_history skipped at 16:30 | outside_schedule(now=00:29, expected=16:30, 
calendar=cn_trading_calendar(is_open=1))
us_market_history skipped at 17:10 | outside_schedule(now=00:29, expected=17:10,
calendar=market_calendar_weekday_fallback(scope=us))
Maintenance tick started
Maintenance tick complete
State DB: /home/zj/workspace/stok-mapping/data/maintenance/maintenance.sqlite
As of: 2026-06-08T00:30:02
Dry run: False
Executed runs: 0
financial_factors skipped at 03:30 | outside_schedule(now=00:30, expected=03:30,
calendar=cn_trading_calendar(is_open=1))
daily_brief skipped at 07:20 | outside_schedule(now=00:30, expected=07:20, 
calendar=cn_trading_calendar(is_open=1))
hk_market_history skipped at 16:20 | outside_schedule(now=00:30, expected=16:20,
calendar=market_calendar_weekday_fallback(scope=hk))
a_share_history skipped at 16:30 | outside_schedule(now=00:30, expected=16:30, 
calendar=cn_trading_calendar(is_open=1))
us_market_history skipped at 17:10 | outside_schedule(now=00:30, expected=17:10,
calendar=market_calendar_weekday_fallback(scope=us))
Maintenance tick started
Maintenance tick complete
State DB: /home/zj/workspace/stok-mapping/data/maintenance/maintenance.sqlite
As of: 2026-06-08T00:31:01
Dry run: False
Executed runs: 0
financial_factors skipped at 03:30 | outside_schedule(now=00:31, expected=03:30,
calendar=cn_trading_calendar(is_open=1))
daily_brief skipped at 07:20 | outside_schedule(now=00:31, expected=07:20, 
calendar=cn_trading_calendar(is_open=1))
hk_market_history skipped at 16:20 | outside_schedule(now=00:31, expected=16:20,
calendar=market_calendar_weekday_fallback(scope=hk))
a_share_history skipped at 16:30 | outside_schedule(now=00:31, expected=16:30, 
calendar=cn_trading_calendar(is_open=1))
us_market_history skipped at 17:10 | outside_schedule(now=00:31, expected=17:10,
calendar=market_calendar_weekday_fallback(scope=us))
Maintenance tick started
Maintenance tick complete
State DB: /home/zj/workspace/stok-mapping/data/maintenance/maintenance.sqlite
As of: 2026-06-08T00:32:02
Dry run: False
Executed runs: 0
financial_factors skipped at 03:30 | outside_schedule(now=00:32, expected=03:30,
calendar=cn_trading_calendar(is_open=1))
daily_brief skipped at 07:20 | outside_schedule(now=00:32, expected=07:20, 
calendar=cn_trading_calendar(is_open=1))
hk_market_history skipped at 16:20 | outside_schedule(now=00:32, expected=16:20,
calendar=market_calendar_weekday_fallback(scope=hk))
a_share_history skipped at 16:30 | outside_schedule(now=00:32, expected=16:30, 
calendar=cn_trading_calendar(is_open=1))
us_market_history skipped at 17:10 | outside_schedule(now=00:32, expected=17:10,
calendar=market_calendar_weekday_fallback(scope=us))
Maintenance tick started
Maintenance tick complete
State DB: /home/zj/workspace/stok-mapping/data/maintenance/maintenance.sqlite
As of: 2026-06-08T00:33:02
Dry run: False
Executed runs: 0
financial_factors skipped at 03:30 | outside_schedule(now=00:33, expected=03:30,
calendar=cn_trading_calendar(is_open=1))
daily_brief skipped at 07:20 | outside_schedule(now=00:33, expected=07:20, 
calendar=cn_trading_calendar(is_open=1))
hk_market_history skipped at 16:20 | outside_schedule(now=00:33, expected=16:20,
calendar=market_calendar_weekday_fallback(scope=hk))
a_share_history skipped at 16:30 | outside_schedule(now=00:33, expected=16:30, 
calendar=cn_trading_calendar(is_open=1))
us_market_history skipped at 17:10 | outside_schedule(now=00:33, expected=17:10,
calendar=market_calendar_weekday_fallback(scope=us))
Maintenance tick started
Maintenance tick complete
State DB: /home/zj/workspace/stok-mapping/data/maintenance/maintenance.sqlite
As of: 2026-06-08T00:34:02
Dry run: False
Executed runs: 0
financial_factors skipped at 03:30 | outside_schedule(now=00:34, expected=03:30,
calendar=cn_trading_calendar(is_open=1))
daily_brief skipped at 07:20 | outside_schedule(now=00:34, expected=07:20, 
calendar=cn_trading_calendar(is_open=1))
hk_market_history skipped at 16:20 | outside_schedule(now=00:34, expected=16:20,
calendar=market_calendar_weekday_fallback(scope=hk))
a_share_history skipped at 16:30 | outside_schedule(now=00:34, expected=16:30, 
calendar=cn_trading_calendar(is_open=1))
us_market_history skipped at 17:10 | outside_schedule(now=00:34, expected=17:10,
calendar=market_calendar_weekday_fallback(scope=us))
Maintenance tick started
Maintenance tick complete
State DB: /home/zj/workspace/stok-mapping/data/maintenance/maintenance.sqlite
As of: 2026-06-08T00:35:02
Dry run: False
Executed runs: 0
financial_factors skipped at 03:30 | outside_schedule(now=00:35, expected=03:30,
calendar=cn_trading_calendar(is_open=1))
daily_brief skipped at 07:20 | outside_schedule(now=00:35, expected=07:20, 
calendar=cn_trading_calendar(is_open=1))
hk_market_history skipped at 16:20 | outside_schedule(now=00:35, expected=16:20,
calendar=market_calendar_weekday_fallback(scope=hk))
a_share_history skipped at 16:30 | outside_schedule(now=00:35, expected=16:30, 
calendar=cn_trading_calendar(is_open=1))
us_market_history skipped at 17:10 | outside_schedule(now=00:35, expected=17:10,
calendar=market_calendar_weekday_fallback(scope=us))
Maintenance tick started
Maintenance tick complete
State DB: /home/zj/workspace/stok-mapping/data/maintenance/maintenance.sqlite
As of: 2026-06-08T00:36:03
Dry run: False
Executed runs: 0
financial_factors skipped at 03:30 | outside_schedule(now=00:36, expected=03:30,
calendar=cn_trading_calendar(is_open=1))
daily_brief skipped at 07:20 | outside_schedule(now=00:36, expected=07:20, 
calendar=cn_trading_calendar(is_open=1))
hk_market_history skipped at 16:20 | outside_schedule(now=00:36, expected=16:20,
calendar=market_calendar_weekday_fallback(scope=hk))
a_share_history skipped at 16:30 | outside_schedule(now=00:36, expected=16:30, 
calendar=cn_trading_calendar(is_open=1))
us_market_history skipped at 17:10 | outside_schedule(now=00:36, expected=17:10,
calendar=market_calendar_weekday_fallback(scope=us))
Maintenance tick started
Maintenance tick complete
State DB: /home/zj/workspace/stok-mapping/data/maintenance/maintenance.sqlite
As of: 2026-06-08T00:37:02
Dry run: False
Executed runs: 0
financial_factors skipped at 03:30 | outside_schedule(now=00:37, expected=03:30,
calendar=cn_trading_calendar(is_open=1))
daily_brief skipped at 07:20 | outside_schedule(now=00:37, expected=07:20, 
calendar=cn_trading_calendar(is_open=1))
hk_market_history skipped at 16:20 | outside_schedule(now=00:37, expected=16:20,
calendar=market_calendar_weekday_fallback(scope=hk))
a_share_history skipped at 16:30 | outside_schedule(now=00:37, expected=16:30, 
calendar=cn_trading_calendar(is_open=1))
us_market_history skipped at 17:10 | outside_schedule(now=00:37, expected=17:10,
calendar=market_calendar_weekday_fallback(scope=us))
Maintenance tick started
Maintenance tick complete
State DB: /home/zj/workspace/stok-mapping/data/maintenance/maintenance.sqlite
As of: 2026-06-08T00:38:02
Dry run: False
Executed runs: 0
financial_factors skipped at 03:30 | outside_schedule(now=00:38, expected=03:30,
calendar=cn_trading_calendar(is_open=1))
daily_brief skipped at 07:20 | outside_schedule(now=00:38, expected=07:20, 
calendar=cn_trading_calendar(is_open=1))
hk_market_history skipped at 16:20 | outside_schedule(now=00:38, expected=16:20,
calendar=market_calendar_weekday_fallback(scope=hk))
a_share_history skipped at 16:30 | outside_schedule(now=00:38, expected=16:30, 
calendar=cn_trading_calendar(is_open=1))
us_market_history skipped at 17:10 | outside_schedule(now=00:38, expected=17:10,
calendar=market_calendar_weekday_fallback(scope=us))
Maintenance tick started
Maintenance tick complete
State DB: /home/zj/workspace/stok-mapping/data/maintenance/maintenance.sqlite
As of: 2026-06-08T00:39:02
Dry run: False
Executed runs: 0
financial_factors skipped at 03:30 | outside_schedule(now=00:39, expected=03:30,
calendar=cn_trading_calendar(is_open=1))
daily_brief skipped at 07:20 | outside_schedule(now=00:39, expected=07:20, 
calendar=cn_trading_calendar(is_open=1))
hk_market_history skipped at 16:20 | outside_schedule(now=00:39, expected=16:20,
calendar=market_calendar_weekday_fallback(scope=hk))
a_share_history skipped at 16:30 | outside_schedule(now=00:39, expected=16:30, 
calendar=cn_trading_calendar(is_open=1))
us_market_history skipped at 17:10 | outside_schedule(now=00:39, expected=17:10,
calendar=market_calendar_weekday_fallback(scope=us))
Maintenance tick started
Maintenance tick complete
State DB: /home/zj/workspace/stok-mapping/data/maintenance/maintenance.sqlite
As of: 2026-06-08T00:40:01
Dry run: False
Executed runs: 0
financial_factors skipped at 03:30 | outside_schedule(now=00:40, expected=03:30,
calendar=cn_trading_calendar(is_open=1))
daily_brief skipped at 07:20 | outside_schedule(now=00:40, expected=07:20, 
calendar=cn_trading_calendar(is_open=1))
hk_market_history skipped at 16:20 | outside_schedule(now=00:40, expected=16:20,
calendar=market_calendar_weekday_fallback(scope=hk))
a_share_history skipped at 16:30 | outside_schedule(now=00:40, expected=16:30, 
calendar=cn_trading_calendar(is_open=1))
us_market_history skipped at 17:10 | outside_schedule(now=00:40, expected=17:10,
calendar=market_calendar_weekday_fallback(scope=us))
Maintenance tick started
Maintenance tick complete
State DB: /home/zj/workspace/stok-mapping/data/maintenance/maintenance.sqlite
As of: 2026-06-08T00:41:02
Dry run: False
Executed runs: 0
financial_factors skipped at 03:30 | outside_schedule(now=00:41, expected=03:30,
calendar=cn_trading_calendar(is_open=1))
daily_brief skipped at 07:20 | outside_schedule(now=00:41, expected=07:20, 
calendar=cn_trading_calendar(is_open=1))
hk_market_history skipped at 16:20 | outside_schedule(now=00:41, expected=16:20,
calendar=market_calendar_weekday_fallback(scope=hk))
a_share_history skipped at 16:30 | outside_schedule(now=00:41, expected=16:30, 
calendar=cn_trading_calendar(is_open=1))
us_market_history skipped at 17:10 | outside_schedule(now=00:41, expected=17:10,
calendar=market_calendar_weekday_fallback(scope=us))
Maintenance tick started
Maintenance tick complete
State DB: /home/zj/workspace/stok-mapping/data/maintenance/maintenance.sqlite
As of: 2026-06-08T00:42:02
Dry run: False
Executed runs: 0
financial_factors skipped at 03:30 | outside_schedule(now=00:42, expected=03:30,
calendar=cn_trading_calendar(is_open=1))
daily_brief skipped at 07:20 | outside_schedule(now=00:42, expected=07:20, 
calendar=cn_trading_calendar(is_open=1))
hk_market_history skipped at 16:20 | outside_schedule(now=00:42, expected=16:20,
calendar=market_calendar_weekday_fallback(scope=hk))
a_share_history skipped at 16:30 | outside_schedule(now=00:42, expected=16:30, 
calendar=cn_trading_calendar(is_open=1))
us_market_history skipped at 17:10 | outside_schedule(now=00:42, expected=17:10,
calendar=market_calendar_weekday_fallback(scope=us))
Maintenance tick started
Maintenance tick complete
State DB: /home/zj/workspace/stok-mapping/data/maintenance/maintenance.sqlite
As of: 2026-06-08T00:43:02
Dry run: False
Executed runs: 0
financial_factors skipped at 03:30 | outside_schedule(now=00:43, expected=03:30,
calendar=cn_trading_calendar(is_open=1))
daily_brief skipped at 07:20 | outside_schedule(now=00:43, expected=07:20, 
calendar=cn_trading_calendar(is_open=1))
hk_market_history skipped at 16:20 | outside_schedule(now=00:43, expected=16:20,
calendar=market_calendar_weekday_fallback(scope=hk))
a_share_history skipped at 16:30 | outside_schedule(now=00:43, expected=16:30, 
calendar=cn_trading_calendar(is_open=1))
us_market_history skipped at 17:10 | outside_schedule(now=00:43, expected=17:10,
calendar=market_calendar_weekday_fallback(scope=us))
Maintenance tick started
Maintenance tick complete
State DB: /home/zj/workspace/stok-mapping/data/maintenance/maintenance.sqlite
As of: 2026-06-08T00:44:02
Dry run: False
Executed runs: 0
financial_factors skipped at 03:30 | outside_schedule(now=00:44, expected=03:30,
calendar=cn_trading_calendar(is_open=1))
daily_brief skipped at 07:20 | outside_schedule(now=00:44, expected=07:20, 
calendar=cn_trading_calendar(is_open=1))
hk_market_history skipped at 16:20 | outside_schedule(now=00:44, expected=16:20,
calendar=market_calendar_weekday_fallback(scope=hk))
a_share_history skipped at 16:30 | outside_schedule(now=00:44, expected=16:30, 
calendar=cn_trading_calendar(is_open=1))
us_market_history skipped at 17:10 | outside_schedule(now=00:44, expected=17:10,
calendar=market_calendar_weekday_fallback(scope=us))
Maintenance tick started
Maintenance tick complete
State DB: /home/zj/workspace/stok-mapping/data/maintenance/maintenance.sqlite
As of: 2026-06-08T00:45:02
Dry run: False
Executed runs: 0
financial_factors skipped at 03:30 | outside_schedule(now=00:45, expected=03:30,
calendar=cn_trading_calendar(is_open=1))
daily_brief skipped at 07:20 | outside_schedule(now=00:45, expected=07:20, 
calendar=cn_trading_calendar(is_open=1))
hk_market_history skipped at 16:20 | outside_schedule(now=00:45, expected=16:20,
calendar=market_calendar_weekday_fallback(scope=hk))
a_share_history skipped at 16:30 | outside_schedule(now=00:45, expected=16:30, 
calendar=cn_trading_calendar(is_open=1))
us_market_history skipped at 17:10 | outside_schedule(now=00:45, expected=17:10,
calendar=market_calendar_weekday_fallback(scope=us))
Maintenance tick started
Maintenance tick complete
State DB: /home/zj/workspace/stok-mapping/data/maintenance/maintenance.sqlite
As of: 2026-06-08T00:46:01
Dry run: False
Executed runs: 0
financial_factors skipped at 03:30 | outside_schedule(now=00:46, expected=03:30,
calendar=cn_trading_calendar(is_open=1))
daily_brief skipped at 07:20 | outside_schedule(now=00:46, expected=07:20, 
calendar=cn_trading_calendar(is_open=1))
hk_market_history skipped at 16:20 | outside_schedule(now=00:46, expected=16:20,
calendar=market_calendar_weekday_fallback(scope=hk))
a_share_history skipped at 16:30 | outside_schedule(now=00:46, expected=16:30, 
calendar=cn_trading_calendar(is_open=1))
us_market_history skipped at 17:10 | outside_schedule(now=00:46, expected=17:10,
calendar=market_calendar_weekday_fallback(scope=us))
Maintenance tick started
Maintenance tick complete
State DB: /home/zj/workspace/stok-mapping/data/maintenance/maintenance.sqlite
As of: 2026-06-08T00:47:02
Dry run: False
Executed runs: 0
financial_factors skipped at 03:30 | outside_schedule(now=00:47, expected=03:30,
calendar=cn_trading_calendar(is_open=1))
daily_brief skipped at 07:20 | outside_schedule(now=00:47, expected=07:20, 
calendar=cn_trading_calendar(is_open=1))
hk_market_history skipped at 16:20 | outside_schedule(now=00:47, expected=16:20,
calendar=market_calendar_weekday_fallback(scope=hk))
a_share_history skipped at 16:30 | outside_schedule(now=00:47, expected=16:30, 
calendar=cn_trading_calendar(is_open=1))
us_market_history skipped at 17:10 | outside_schedule(now=00:47, expected=17:10,
calendar=market_calendar_weekday_fallback(scope=us))
Maintenance tick started
Maintenance tick complete
State DB: /home/zj/workspace/stok-mapping/data/maintenance/maintenance.sqlite
As of: 2026-06-08T00:48:02
Dry run: False
Executed runs: 0
financial_factors skipped at 03:30 | outside_schedule(now=00:48, expected=03:30,
calendar=cn_trading_calendar(is_open=1))
daily_brief skipped at 07:20 | outside_schedule(now=00:48, expected=07:20, 
calendar=cn_trading_calendar(is_open=1))
hk_market_history skipped at 16:20 | outside_schedule(now=00:48, expected=16:20,
calendar=market_calendar_weekday_fallback(scope=hk))
a_share_history skipped at 16:30 | outside_schedule(now=00:48, expected=16:30, 
calendar=cn_trading_calendar(is_open=1))
us_market_history skipped at 17:10 | outside_schedule(now=00:48, expected=17:10,
calendar=market_calendar_weekday_fallback(scope=us))
Maintenance tick started
Maintenance tick complete
State DB: /home/zj/workspace/stok-mapping/data/maintenance/maintenance.sqlite
As of: 2026-06-08T00:49:02
Dry run: False
Executed runs: 0
financial_factors skipped at 03:30 | outside_schedule(now=00:49, expected=03:30,
calendar=cn_trading_calendar(is_open=1))
daily_brief skipped at 07:20 | outside_schedule(now=00:49, expected=07:20, 
calendar=cn_trading_calendar(is_open=1))
hk_market_history skipped at 16:20 | outside_schedule(now=00:49, expected=16:20,
calendar=market_calendar_weekday_fallback(scope=hk))
a_share_history skipped at 16:30 | outside_schedule(now=00:49, expected=16:30, 
calendar=cn_trading_calendar(is_open=1))
us_market_history skipped at 17:10 | outside_schedule(now=00:49, expected=17:10,
calendar=market_calendar_weekday_fallback(scope=us))
Maintenance tick started
Maintenance tick complete
State DB: /home/zj/workspace/stok-mapping/data/maintenance/maintenance.sqlite
As of: 2026-06-08T00:50:01
Dry run: False
Executed runs: 0
financial_factors skipped at 03:30 | outside_schedule(now=00:50, expected=03:30,
calendar=cn_trading_calendar(is_open=1))
daily_brief skipped at 07:20 | outside_schedule(now=00:50, expected=07:20, 
calendar=cn_trading_calendar(is_open=1))
hk_market_history skipped at 16:20 | outside_schedule(now=00:50, expected=16:20,
calendar=market_calendar_weekday_fallback(scope=hk))
a_share_history skipped at 16:30 | outside_schedule(now=00:50, expected=16:30, 
calendar=cn_trading_calendar(is_open=1))
us_market_history skipped at 17:10 | outside_schedule(now=00:50, expected=17:10,
calendar=market_calendar_weekday_fallback(scope=us))
Maintenance tick started
Maintenance tick complete
State DB: /home/zj/workspace/stok-mapping/data/maintenance/maintenance.sqlite
As of: 2026-06-08T00:51:02
Dry run: False
Executed runs: 0
financial_factors skipped at 03:30 | outside_schedule(now=00:51, expected=03:30,
calendar=cn_trading_calendar(is_open=1))
daily_brief skipped at 07:20 | outside_schedule(now=00:51, expected=07:20, 
calendar=cn_trading_calendar(is_open=1))
hk_market_history skipped at 16:20 | outside_schedule(now=00:51, expected=16:20,
calendar=market_calendar_weekday_fallback(scope=hk))
a_share_history skipped at 16:30 | outside_schedule(now=00:51, expected=16:30, 
calendar=cn_trading_calendar(is_open=1))
us_market_history skipped at 17:10 | outside_schedule(now=00:51, expected=17:10,
calendar=market_calendar_weekday_fallback(scope=us))
Maintenance tick started
Maintenance tick complete
State DB: /home/zj/workspace/stok-mapping/data/maintenance/maintenance.sqlite
As of: 2026-06-08T00:52:02
Dry run: False
Executed runs: 0
financial_factors skipped at 03:30 | outside_schedule(now=00:52, expected=03:30,
calendar=cn_trading_calendar(is_open=1))
daily_brief skipped at 07:20 | outside_schedule(now=00:52, expected=07:20, 
calendar=cn_trading_calendar(is_open=1))
hk_market_history skipped at 16:20 | outside_schedule(now=00:52, expected=16:20,
calendar=market_calendar_weekday_fallback(scope=hk))
a_share_history skipped at 16:30 | outside_schedule(now=00:52, expected=16:30, 
calendar=cn_trading_calendar(is_open=1))
us_market_history skipped at 17:10 | outside_schedule(now=00:52, expected=17:10,
calendar=market_calendar_weekday_fallback(scope=us))
Maintenance tick started
Maintenance tick complete
State DB: /home/zj/workspace/stok-mapping/data/maintenance/maintenance.sqlite
As of: 2026-06-08T00:53:01
Dry run: False
Executed runs: 0
financial_factors skipped at 03:30 | outside_schedule(now=00:53, expected=03:30,
calendar=cn_trading_calendar(is_open=1))
daily_brief skipped at 07:20 | outside_schedule(now=00:53, expected=07:20, 
calendar=cn_trading_calendar(is_open=1))
hk_market_history skipped at 16:20 | outside_schedule(now=00:53, expected=16:20,
calendar=market_calendar_weekday_fallback(scope=hk))
a_share_history skipped at 16:30 | outside_schedule(now=00:53, expected=16:30, 
calendar=cn_trading_calendar(is_open=1))
us_market_history skipped at 17:10 | outside_schedule(now=00:53, expected=17:10,
calendar=market_calendar_weekday_fallback(scope=us))
Maintenance tick started
Maintenance tick complete
State DB: /home/zj/workspace/stok-mapping/data/maintenance/maintenance.sqlite
As of: 2026-06-08T00:54:03
Dry run: False
Executed runs: 0
financial_factors skipped at 03:30 | outside_schedule(now=00:54, expected=03:30,
calendar=cn_trading_calendar(is_open=1))
daily_brief skipped at 07:20 | outside_schedule(now=00:54, expected=07:20, 
calendar=cn_trading_calendar(is_open=1))
hk_market_history skipped at 16:20 | outside_schedule(now=00:54, expected=16:20,
calendar=market_calendar_weekday_fallback(scope=hk))
a_share_history skipped at 16:30 | outside_schedule(now=00:54, expected=16:30, 
calendar=cn_trading_calendar(is_open=1))
us_market_history skipped at 17:10 | outside_schedule(now=00:54, expected=17:10,
calendar=market_calendar_weekday_fallback(scope=us))
Maintenance tick started
Maintenance tick complete
State DB: /home/zj/workspace/stok-mapping/data/maintenance/maintenance.sqlite
As of: 2026-06-08T00:55:03
Dry run: False
Executed runs: 0
financial_factors skipped at 03:30 | outside_schedule(now=00:55, expected=03:30,
calendar=cn_trading_calendar(is_open=1))
daily_brief skipped at 07:20 | outside_schedule(now=00:55, expected=07:20, 
calendar=cn_trading_calendar(is_open=1))
hk_market_history skipped at 16:20 | outside_schedule(now=00:55, expected=16:20,
calendar=market_calendar_weekday_fallback(scope=hk))
a_share_history skipped at 16:30 | outside_schedule(now=00:55, expected=16:30, 
calendar=cn_trading_calendar(is_open=1))
us_market_history skipped at 17:10 | outside_schedule(now=00:55, expected=17:10,
calendar=market_calendar_weekday_fallback(scope=us))
Maintenance tick started
Maintenance tick complete
State DB: /home/zj/workspace/stok-mapping/data/maintenance/maintenance.sqlite
As of: 2026-06-08T00:56:02
Dry run: False
Executed runs: 0
financial_factors skipped at 03:30 | outside_schedule(now=00:56, expected=03:30,
calendar=cn_trading_calendar(is_open=1))
daily_brief skipped at 07:20 | outside_schedule(now=00:56, expected=07:20, 
calendar=cn_trading_calendar(is_open=1))
hk_market_history skipped at 16:20 | outside_schedule(now=00:56, expected=16:20,
calendar=market_calendar_weekday_fallback(scope=hk))
a_share_history skipped at 16:30 | outside_schedule(now=00:56, expected=16:30, 
calendar=cn_trading_calendar(is_open=1))
us_market_history skipped at 17:10 | outside_schedule(now=00:56, expected=17:10,
calendar=market_calendar_weekday_fallback(scope=us))
Maintenance tick started
Maintenance tick complete
State DB: /home/zj/workspace/stok-mapping/data/maintenance/maintenance.sqlite
As of: 2026-06-08T00:57:02
Dry run: False
Executed runs: 0
financial_factors skipped at 03:30 | outside_schedule(now=00:57, expected=03:30,
calendar=cn_trading_calendar(is_open=1))
daily_brief skipped at 07:20 | outside_schedule(now=00:57, expected=07:20, 
calendar=cn_trading_calendar(is_open=1))
hk_market_history skipped at 16:20 | outside_schedule(now=00:57, expected=16:20,
calendar=market_calendar_weekday_fallback(scope=hk))
a_share_history skipped at 16:30 | outside_schedule(now=00:57, expected=16:30, 
calendar=cn_trading_calendar(is_open=1))
us_market_history skipped at 17:10 | outside_schedule(now=00:57, expected=17:10,
calendar=market_calendar_weekday_fallback(scope=us))
Maintenance tick started
Maintenance tick complete
State DB: /home/zj/workspace/stok-mapping/data/maintenance/maintenance.sqlite
As of: 2026-06-08T00:58:02
Dry run: False
Executed runs: 0
financial_factors skipped at 03:30 | outside_schedule(now=00:58, expected=03:30,
calendar=cn_trading_calendar(is_open=1))
daily_brief skipped at 07:20 | outside_schedule(now=00:58, expected=07:20, 
calendar=cn_trading_calendar(is_open=1))
hk_market_history skipped at 16:20 | outside_schedule(now=00:58, expected=16:20,
calendar=market_calendar_weekday_fallback(scope=hk))
a_share_history skipped at 16:30 | outside_schedule(now=00:58, expected=16:30, 
calendar=cn_trading_calendar(is_open=1))
us_market_history skipped at 17:10 | outside_schedule(now=00:58, expected=17:10,
calendar=market_calendar_weekday_fallback(scope=us))
Maintenance tick started
Maintenance tick complete
State DB: /home/zj/workspace/stok-mapping/data/maintenance/maintenance.sqlite
As of: 2026-06-08T00:59:02
Dry run: False
Executed runs: 0
financial_factors skipped at 03:30 | outside_schedule(now=00:59, expected=03:30,
calendar=cn_trading_calendar(is_open=1))
daily_brief skipped at 07:20 | outside_schedule(now=00:59, expected=07:20, 
calendar=cn_trading_calendar(is_open=1))
hk_market_history skipped at 16:20 | outside_schedule(now=00:59, expected=16:20,
calendar=market_calendar_weekday_fallback(scope=hk))
a_share_history skipped at 16:30 | outside_schedule(now=00:59, expected=16:30, 
calendar=cn_trading_calendar(is_open=1))
us_market_history skipped at 17:10 | outside_schedule(now=00:59, expected=17:10,
calendar=market_calendar_weekday_fallback(scope=us))
Maintenance tick started
Maintenance tick complete
State DB: /home/zj/workspace/stok-mapping/data/maintenance/maintenance.sqlite
As of: 2026-06-08T01:00:02
Dry run: False
Executed runs: 0
financial_factors skipped at 03:30 | outside_schedule(now=01:00, expected=03:30,
calendar=cn_trading_calendar(is_open=1))
daily_brief skipped at 07:20 | outside_schedule(now=01:00, expected=07:20, 
calendar=cn_trading_calendar(is_open=1))
hk_market_history skipped at 16:20 | outside_schedule(now=01:00, expected=16:20,
calendar=market_calendar_weekday_fallback(scope=hk))
a_share_history skipped at 16:30 | outside_schedule(now=01:00, expected=16:30, 
calendar=cn_trading_calendar(is_open=1))
us_market_history skipped at 17:10 | outside_schedule(now=01:00, expected=17:10,
calendar=market_calendar_weekday_fallback(scope=us))
Maintenance tick started
Maintenance tick complete
State DB: /home/zj/workspace/stok-mapping/data/maintenance/maintenance.sqlite
As of: 2026-06-08T01:01:02
Dry run: False
Executed runs: 0
financial_factors skipped at 03:30 | outside_schedule(now=01:01, expected=03:30,
calendar=cn_trading_calendar(is_open=1))
daily_brief skipped at 07:20 | outside_schedule(now=01:01, expected=07:20, 
calendar=cn_trading_calendar(is_open=1))
hk_market_history skipped at 16:20 | outside_schedule(now=01:01, expected=16:20,
calendar=market_calendar_weekday_fallback(scope=hk))
a_share_history skipped at 16:30 | outside_schedule(now=01:01, expected=16:30, 
calendar=cn_trading_calendar(is_open=1))
us_market_history skipped at 17:10 | outside_schedule(now=01:01, expected=17:10,
calendar=market_calendar_weekday_fallback(scope=us))
Maintenance tick started
Maintenance tick complete
State DB: /home/zj/workspace/stok-mapping/data/maintenance/maintenance.sqlite
As of: 2026-06-08T01:02:01
Dry run: False
Executed runs: 0
financial_factors skipped at 03:30 | outside_schedule(now=01:02, expected=03:30,
calendar=cn_trading_calendar(is_open=1))
daily_brief skipped at 07:20 | outside_schedule(now=01:02, expected=07:20, 
calendar=cn_trading_calendar(is_open=1))
hk_market_history skipped at 16:20 | outside_schedule(now=01:02, expected=16:20,
calendar=market_calendar_weekday_fallback(scope=hk))
a_share_history skipped at 16:30 | outside_schedule(now=01:02, expected=16:30, 
calendar=cn_trading_calendar(is_open=1))
us_market_history skipped at 17:10 | outside_schedule(now=01:02, expected=17:10,
calendar=market_calendar_weekday_fallback(scope=us))
Maintenance tick started
Maintenance tick complete
State DB: /home/zj/workspace/stok-mapping/data/maintenance/maintenance.sqlite
As of: 2026-06-08T01:03:02
Dry run: False
Executed runs: 0
financial_factors skipped at 03:30 | outside_schedule(now=01:03, expected=03:30,
calendar=cn_trading_calendar(is_open=1))
daily_brief skipped at 07:20 | outside_schedule(now=01:03, expected=07:20, 
calendar=cn_trading_calendar(is_open=1))
hk_market_history skipped at 16:20 | outside_schedule(now=01:03, expected=16:20,
calendar=market_calendar_weekday_fallback(scope=hk))
a_share_history skipped at 16:30 | outside_schedule(now=01:03, expected=16:30, 
calendar=cn_trading_calendar(is_open=1))
us_market_history skipped at 17:10 | outside_schedule(now=01:03, expected=17:10,
calendar=market_calendar_weekday_fallback(scope=us))
Maintenance tick started
Maintenance tick complete
State DB: /home/zj/workspace/stok-mapping/data/maintenance/maintenance.sqlite
As of: 2026-06-08T01:04:03
Dry run: False
Executed runs: 0
financial_factors skipped at 03:30 | outside_schedule(now=01:04, expected=03:30,
calendar=cn_trading_calendar(is_open=1))
daily_brief skipped at 07:20 | outside_schedule(now=01:04, expected=07:20, 
calendar=cn_trading_calendar(is_open=1))
hk_market_history skipped at 16:20 | outside_schedule(now=01:04, expected=16:20,
calendar=market_calendar_weekday_fallback(scope=hk))
a_share_history skipped at 16:30 | outside_schedule(now=01:04, expected=16:30, 
calendar=cn_trading_calendar(is_open=1))
us_market_history skipped at 17:10 | outside_schedule(now=01:04, expected=17:10,
calendar=market_calendar_weekday_fallback(scope=us))
Maintenance tick started
Maintenance tick complete
State DB: /home/zj/workspace/stok-mapping/data/maintenance/maintenance.sqlite
As of: 2026-06-08T01:05:03
Dry run: False
Executed runs: 0
financial_factors skipped at 03:30 | outside_schedule(now=01:05, expected=03:30,
calendar=cn_trading_calendar(is_open=1))
daily_brief skipped at 07:20 | outside_schedule(now=01:05, expected=07:20, 
calendar=cn_trading_calendar(is_open=1))
hk_market_history skipped at 16:20 | outside_schedule(now=01:05, expected=16:20,
calendar=market_calendar_weekday_fallback(scope=hk))
a_share_history skipped at 16:30 | outside_schedule(now=01:05, expected=16:30, 
calendar=cn_trading_calendar(is_open=1))
us_market_history skipped at 17:10 | outside_schedule(now=01:05, expected=17:10,
calendar=market_calendar_weekday_fallback(scope=us))
Maintenance tick started
Maintenance tick complete
State DB: /home/zj/workspace/stok-mapping/data/maintenance/maintenance.sqlite
As of: 2026-06-08T01:06:03
Dry run: False
Executed runs: 0
financial_factors skipped at 03:30 | outside_schedule(now=01:06, expected=03:30,
calendar=cn_trading_calendar(is_open=1))
daily_brief skipped at 07:20 | outside_schedule(now=01:06, expected=07:20, 
calendar=cn_trading_calendar(is_open=1))
hk_market_history skipped at 16:20 | outside_schedule(now=01:06, expected=16:20,
calendar=market_calendar_weekday_fallback(scope=hk))
a_share_history skipped at 16:30 | outside_schedule(now=01:06, expected=16:30, 
calendar=cn_trading_calendar(is_open=1))
us_market_history skipped at 17:10 | outside_schedule(now=01:06, expected=17:10,
calendar=market_calendar_weekday_fallback(scope=us))
Maintenance tick started
Maintenance tick complete
State DB: /home/zj/workspace/stok-mapping/data/maintenance/maintenance.sqlite
As of: 2026-06-08T01:07:03
Dry run: False
Executed runs: 0
financial_factors skipped at 03:30 | outside_schedule(now=01:07, expected=03:30,
calendar=cn_trading_calendar(is_open=1))
daily_brief skipped at 07:20 | outside_schedule(now=01:07, expected=07:20, 
calendar=cn_trading_calendar(is_open=1))
hk_market_history skipped at 16:20 | outside_schedule(now=01:07, expected=16:20,
calendar=market_calendar_weekday_fallback(scope=hk))
a_share_history skipped at 16:30 | outside_schedule(now=01:07, expected=16:30, 
calendar=cn_trading_calendar(is_open=1))
us_market_history skipped at 17:10 | outside_schedule(now=01:07, expected=17:10,
calendar=market_calendar_weekday_fallback(scope=us))
Maintenance tick started
Maintenance tick complete
State DB: /home/zj/workspace/stok-mapping/data/maintenance/maintenance.sqlite
As of: 2026-06-08T01:08:02
Dry run: False
Executed runs: 0
financial_factors skipped at 03:30 | outside_schedule(now=01:08, expected=03:30,
calendar=cn_trading_calendar(is_open=1))
daily_brief skipped at 07:20 | outside_schedule(now=01:08, expected=07:20, 
calendar=cn_trading_calendar(is_open=1))
hk_market_history skipped at 16:20 | outside_schedule(now=01:08, expected=16:20,
calendar=market_calendar_weekday_fallback(scope=hk))
a_share_history skipped at 16:30 | outside_schedule(now=01:08, expected=16:30, 
calendar=cn_trading_calendar(is_open=1))
us_market_history skipped at 17:10 | outside_schedule(now=01:08, expected=17:10,
calendar=market_calendar_weekday_fallback(scope=us))
Maintenance tick started
Maintenance tick complete
State DB: /home/zj/workspace/stok-mapping/data/maintenance/maintenance.sqlite
As of: 2026-06-08T01:09:02
Dry run: False
Executed runs: 0
financial_factors skipped at 03:30 | outside_schedule(now=01:09, expected=03:30,
calendar=cn_trading_calendar(is_open=1))
daily_brief skipped at 07:20 | outside_schedule(now=01:09, expected=07:20, 
calendar=cn_trading_calendar(is_open=1))
hk_market_history skipped at 16:20 | outside_schedule(now=01:09, expected=16:20,
calendar=market_calendar_weekday_fallback(scope=hk))
a_share_history skipped at 16:30 | outside_schedule(now=01:09, expected=16:30, 
calendar=cn_trading_calendar(is_open=1))
us_market_history skipped at 17:10 | outside_schedule(now=01:09, expected=17:10,
calendar=market_calendar_weekday_fallback(scope=us))
Maintenance tick started
Maintenance tick complete
State DB: /home/zj/workspace/stok-mapping/data/maintenance/maintenance.sqlite
As of: 2026-06-08T01:10:02
Dry run: False
Executed runs: 0
financial_factors skipped at 03:30 | outside_schedule(now=01:10, expected=03:30,
calendar=cn_trading_calendar(is_open=1))
daily_brief skipped at 07:20 | outside_schedule(now=01:10, expected=07:20, 
calendar=cn_trading_calendar(is_open=1))
hk_market_history skipped at 16:20 | outside_schedule(now=01:10, expected=16:20,
calendar=market_calendar_weekday_fallback(scope=hk))
a_share_history skipped at 16:30 | outside_schedule(now=01:10, expected=16:30, 
calendar=cn_trading_calendar(is_open=1))
us_market_history skipped at 17:10 | outside_schedule(now=01:10, expected=17:10,
calendar=market_calendar_weekday_fallback(scope=us))
Maintenance tick started
Maintenance tick complete
State DB: /home/zj/workspace/stok-mapping/data/maintenance/maintenance.sqlite
As of: 2026-06-08T01:11:03
Dry run: False
Executed runs: 0
financial_factors skipped at 03:30 | outside_schedule(now=01:11, expected=03:30,
calendar=cn_trading_calendar(is_open=1))
daily_brief skipped at 07:20 | outside_schedule(now=01:11, expected=07:20, 
calendar=cn_trading_calendar(is_open=1))
hk_market_history skipped at 16:20 | outside_schedule(now=01:11, expected=16:20,
calendar=market_calendar_weekday_fallback(scope=hk))
a_share_history skipped at 16:30 | outside_schedule(now=01:11, expected=16:30, 
calendar=cn_trading_calendar(is_open=1))
us_market_history skipped at 17:10 | outside_schedule(now=01:11, expected=17:10,
calendar=market_calendar_weekday_fallback(scope=us))
Maintenance tick started
Maintenance tick complete
State DB: /home/zj/workspace/stok-mapping/data/maintenance/maintenance.sqlite
As of: 2026-06-08T01:12:03
Dry run: False
Executed runs: 0
financial_factors skipped at 03:30 | outside_schedule(now=01:12, expected=03:30,
calendar=cn_trading_calendar(is_open=1))
daily_brief skipped at 07:20 | outside_schedule(now=01:12, expected=07:20, 
calendar=cn_trading_calendar(is_open=1))
hk_market_history skipped at 16:20 | outside_schedule(now=01:12, expected=16:20,
calendar=market_calendar_weekday_fallback(scope=hk))
a_share_history skipped at 16:30 | outside_schedule(now=01:12, expected=16:30, 
calendar=cn_trading_calendar(is_open=1))
us_market_history skipped at 17:10 | outside_schedule(now=01:12, expected=17:10,
calendar=market_calendar_weekday_fallback(scope=us))
Maintenance tick started
Maintenance tick complete
State DB: /home/zj/workspace/stok-mapping/data/maintenance/maintenance.sqlite
As of: 2026-06-08T01:13:06
Dry run: False
Executed runs: 0
financial_factors skipped at 03:30 | outside_schedule(now=01:13, expected=03:30,
calendar=cn_trading_calendar(is_open=1))
daily_brief skipped at 07:20 | outside_schedule(now=01:13, expected=07:20, 
calendar=cn_trading_calendar(is_open=1))
hk_market_history skipped at 16:20 | outside_schedule(now=01:13, expected=16:20,
calendar=market_calendar_weekday_fallback(scope=hk))
a_share_history skipped at 16:30 | outside_schedule(now=01:13, expected=16:30, 
calendar=cn_trading_calendar(is_open=1))
us_market_history skipped at 17:10 | outside_schedule(now=01:13, expected=17:10,
calendar=market_calendar_weekday_fallback(scope=us))
Maintenance tick started
Maintenance tick complete
State DB: /home/zj/workspace/stok-mapping/data/maintenance/maintenance.sqlite
As of: 2026-06-08T01:14:03
Dry run: False
Executed runs: 0
financial_factors skipped at 03:30 | outside_schedule(now=01:14, expected=03:30,
calendar=cn_trading_calendar(is_open=1))
daily_brief skipped at 07:20 | outside_schedule(now=01:14, expected=07:20, 
calendar=cn_trading_calendar(is_open=1))
hk_market_history skipped at 16:20 | outside_schedule(now=01:14, expected=16:20,
calendar=market_calendar_weekday_fallback(scope=hk))
a_share_history skipped at 16:30 | outside_schedule(now=01:14, expected=16:30, 
calendar=cn_trading_calendar(is_open=1))
us_market_history skipped at 17:10 | outside_schedule(now=01:14, expected=17:10,
calendar=market_calendar_weekday_fallback(scope=us))
Maintenance tick started
Maintenance tick complete
State DB: /home/zj/workspace/stok-mapping/data/maintenance/maintenance.sqlite
As of: 2026-06-08T01:15:03
Dry run: False
Executed runs: 0
financial_factors skipped at 03:30 | outside_schedule(now=01:15, expected=03:30,
calendar=cn_trading_calendar(is_open=1))
daily_brief skipped at 07:20 | outside_schedule(now=01:15, expected=07:20, 
calendar=cn_trading_calendar(is_open=1))
hk_market_history skipped at 16:20 | outside_schedule(now=01:15, expected=16:20,
calendar=market_calendar_weekday_fallback(scope=hk))
a_share_history skipped at 16:30 | outside_schedule(now=01:15, expected=16:30, 
calendar=cn_trading_calendar(is_open=1))
us_market_history skipped at 17:10 | outside_schedule(now=01:15, expected=17:10,
calendar=market_calendar_weekday_fallback(scope=us))
Maintenance tick started
Maintenance tick complete
State DB: /home/zj/workspace/stok-mapping/data/maintenance/maintenance.sqlite
As of: 2026-06-08T01:16:03
Dry run: False
Executed runs: 0
financial_factors skipped at 03:30 | outside_schedule(now=01:16, expected=03:30,
calendar=cn_trading_calendar(is_open=1))
daily_brief skipped at 07:20 | outside_schedule(now=01:16, expected=07:20, 
calendar=cn_trading_calendar(is_open=1))
hk_market_history skipped at 16:20 | outside_schedule(now=01:16, expected=16:20,
calendar=market_calendar_weekday_fallback(scope=hk))
a_share_history skipped at 16:30 | outside_schedule(now=01:16, expected=16:30, 
calendar=cn_trading_calendar(is_open=1))
us_market_history skipped at 17:10 | outside_schedule(now=01:16, expected=17:10,
calendar=market_calendar_weekday_fallback(scope=us))
Maintenance tick started
Maintenance tick complete
State DB: /home/zj/workspace/stok-mapping/data/maintenance/maintenance.sqlite
As of: 2026-06-08T01:17:02
Dry run: False
Executed runs: 0
financial_factors skipped at 03:30 | outside_schedule(now=01:17, expected=03:30,
calendar=cn_trading_calendar(is_open=1))
daily_brief skipped at 07:20 | outside_schedule(now=01:17, expected=07:20, 
calendar=cn_trading_calendar(is_open=1))
hk_market_history skipped at 16:20 | outside_schedule(now=01:17, expected=16:20,
calendar=market_calendar_weekday_fallback(scope=hk))
a_share_history skipped at 16:30 | outside_schedule(now=01:17, expected=16:30, 
calendar=cn_trading_calendar(is_open=1))
us_market_history skipped at 17:10 | outside_schedule(now=01:17, expected=17:10,
calendar=market_calendar_weekday_fallback(scope=us))
Maintenance tick started
Maintenance tick complete
State DB: /home/zj/workspace/stok-mapping/data/maintenance/maintenance.sqlite
As of: 2026-06-08T01:18:02
Dry run: False
Executed runs: 0
financial_factors skipped at 03:30 | outside_schedule(now=01:18, expected=03:30,
calendar=cn_trading_calendar(is_open=1))
daily_brief skipped at 07:20 | outside_schedule(now=01:18, expected=07:20, 
calendar=cn_trading_calendar(is_open=1))
hk_market_history skipped at 16:20 | outside_schedule(now=01:18, expected=16:20,
calendar=market_calendar_weekday_fallback(scope=hk))
a_share_history skipped at 16:30 | outside_schedule(now=01:18, expected=16:30, 
calendar=cn_trading_calendar(is_open=1))
us_market_history skipped at 17:10 | outside_schedule(now=01:18, expected=17:10,
calendar=market_calendar_weekday_fallback(scope=us))
Maintenance tick started
Maintenance tick complete
State DB: /home/zj/workspace/stok-mapping/data/maintenance/maintenance.sqlite
As of: 2026-06-08T01:19:02
Dry run: False
Executed runs: 0
financial_factors skipped at 03:30 | outside_schedule(now=01:19, expected=03:30,
calendar=cn_trading_calendar(is_open=1))
daily_brief skipped at 07:20 | outside_schedule(now=01:19, expected=07:20, 
calendar=cn_trading_calendar(is_open=1))
hk_market_history skipped at 16:20 | outside_schedule(now=01:19, expected=16:20,
calendar=market_calendar_weekday_fallback(scope=hk))
a_share_history skipped at 16:30 | outside_schedule(now=01:19, expected=16:30, 
calendar=cn_trading_calendar(is_open=1))
us_market_history skipped at 17:10 | outside_schedule(now=01:19, expected=17:10,
calendar=market_calendar_weekday_fallback(scope=us))
Maintenance tick started
Maintenance tick complete
State DB: /home/zj/workspace/stok-mapping/data/maintenance/maintenance.sqlite
As of: 2026-06-08T01:20:03
Dry run: False
Executed runs: 0
financial_factors skipped at 03:30 | outside_schedule(now=01:20, expected=03:30,
calendar=cn_trading_calendar(is_open=1))
daily_brief skipped at 07:20 | outside_schedule(now=01:20, expected=07:20, 
calendar=cn_trading_calendar(is_open=1))
hk_market_history skipped at 16:20 | outside_schedule(now=01:20, expected=16:20,
calendar=market_calendar_weekday_fallback(scope=hk))
a_share_history skipped at 16:30 | outside_schedule(now=01:20, expected=16:30, 
calendar=cn_trading_calendar(is_open=1))
us_market_history skipped at 17:10 | outside_schedule(now=01:20, expected=17:10,
calendar=market_calendar_weekday_fallback(scope=us))
Maintenance tick started
Maintenance tick complete
State DB: /home/zj/workspace/stok-mapping/data/maintenance/maintenance.sqlite
As of: 2026-06-08T01:21:02
Dry run: False
Executed runs: 0
financial_factors skipped at 03:30 | outside_schedule(now=01:21, expected=03:30,
calendar=cn_trading_calendar(is_open=1))
daily_brief skipped at 07:20 | outside_schedule(now=01:21, expected=07:20, 
calendar=cn_trading_calendar(is_open=1))
hk_market_history skipped at 16:20 | outside_schedule(now=01:21, expected=16:20,
calendar=market_calendar_weekday_fallback(scope=hk))
a_share_history skipped at 16:30 | outside_schedule(now=01:21, expected=16:30, 
calendar=cn_trading_calendar(is_open=1))
us_market_history skipped at 17:10 | outside_schedule(now=01:21, expected=17:10,
calendar=market_calendar_weekday_fallback(scope=us))
Maintenance tick started
Maintenance tick complete
State DB: /home/zj/workspace/stok-mapping/data/maintenance/maintenance.sqlite
As of: 2026-06-08T01:22:02
Dry run: False
Executed runs: 0
financial_factors skipped at 03:30 | outside_schedule(now=01:22, expected=03:30,
calendar=cn_trading_calendar(is_open=1))
daily_brief skipped at 07:20 | outside_schedule(now=01:22, expected=07:20, 
calendar=cn_trading_calendar(is_open=1))
hk_market_history skipped at 16:20 | outside_schedule(now=01:22, expected=16:20,
calendar=market_calendar_weekday_fallback(scope=hk))
a_share_history skipped at 16:30 | outside_schedule(now=01:22, expected=16:30, 
calendar=cn_trading_calendar(is_open=1))
us_market_history skipped at 17:10 | outside_schedule(now=01:22, expected=17:10,
calendar=market_calendar_weekday_fallback(scope=us))
Maintenance tick started
Maintenance tick complete
State DB: /home/zj/workspace/stok-mapping/data/maintenance/maintenance.sqlite
As of: 2026-06-08T01:23:02
Dry run: False
Executed runs: 0
financial_factors skipped at 03:30 | outside_schedule(now=01:23, expected=03:30,
calendar=cn_trading_calendar(is_open=1))
daily_brief skipped at 07:20 | outside_schedule(now=01:23, expected=07:20, 
calendar=cn_trading_calendar(is_open=1))
hk_market_history skipped at 16:20 | outside_schedule(now=01:23, expected=16:20,
calendar=market_calendar_weekday_fallback(scope=hk))
a_share_history skipped at 16:30 | outside_schedule(now=01:23, expected=16:30, 
calendar=cn_trading_calendar(is_open=1))
us_market_history skipped at 17:10 | outside_schedule(now=01:23, expected=17:10,
calendar=market_calendar_weekday_fallback(scope=us))
Maintenance tick started
Maintenance tick complete
State DB: /home/zj/workspace/stok-mapping/data/maintenance/maintenance.sqlite
As of: 2026-06-08T01:24:03
Dry run: False
Executed runs: 0
financial_factors skipped at 03:30 | outside_schedule(now=01:24, expected=03:30,
calendar=cn_trading_calendar(is_open=1))
daily_brief skipped at 07:20 | outside_schedule(now=01:24, expected=07:20, 
calendar=cn_trading_calendar(is_open=1))
hk_market_history skipped at 16:20 | outside_schedule(now=01:24, expected=16:20,
calendar=market_calendar_weekday_fallback(scope=hk))
a_share_history skipped at 16:30 | outside_schedule(now=01:24, expected=16:30, 
calendar=cn_trading_calendar(is_open=1))
us_market_history skipped at 17:10 | outside_schedule(now=01:24, expected=17:10,
calendar=market_calendar_weekday_fallback(scope=us))
Maintenance tick started
Maintenance tick complete
State DB: /home/zj/workspace/stok-mapping/data/maintenance/maintenance.sqlite
As of: 2026-06-08T01:25:03
Dry run: False
Executed runs: 0
financial_factors skipped at 03:30 | outside_schedule(now=01:25, expected=03:30,
calendar=cn_trading_calendar(is_open=1))
daily_brief skipped at 07:20 | outside_schedule(now=01:25, expected=07:20, 
calendar=cn_trading_calendar(is_open=1))
hk_market_history skipped at 16:20 | outside_schedule(now=01:25, expected=16:20,
calendar=market_calendar_weekday_fallback(scope=hk))
a_share_history skipped at 16:30 | outside_schedule(now=01:25, expected=16:30, 
calendar=cn_trading_calendar(is_open=1))
us_market_history skipped at 17:10 | outside_schedule(now=01:25, expected=17:10,
calendar=market_calendar_weekday_fallback(scope=us))
Maintenance tick started
Maintenance tick complete
State DB: /home/zj/workspace/stok-mapping/data/maintenance/maintenance.sqlite
As of: 2026-06-08T01:26:03
Dry run: False
Executed runs: 0
financial_factors skipped at 03:30 | outside_schedule(now=01:26, expected=03:30,
calendar=cn_trading_calendar(is_open=1))
daily_brief skipped at 07:20 | outside_schedule(now=01:26, expected=07:20, 
calendar=cn_trading_calendar(is_open=1))
hk_market_history skipped at 16:20 | outside_schedule(now=01:26, expected=16:20,
calendar=market_calendar_weekday_fallback(scope=hk))
a_share_history skipped at 16:30 | outside_schedule(now=01:26, expected=16:30, 
calendar=cn_trading_calendar(is_open=1))
us_market_history skipped at 17:10 | outside_schedule(now=01:26, expected=17:10,
calendar=market_calendar_weekday_fallback(scope=us))
Maintenance tick started
Maintenance tick complete
State DB: /home/zj/workspace/stok-mapping/data/maintenance/maintenance.sqlite
As of: 2026-06-08T01:27:03
Dry run: False
Executed runs: 0
financial_factors skipped at 03:30 | outside_schedule(now=01:27, expected=03:30,
calendar=cn_trading_calendar(is_open=1))
daily_brief skipped at 07:20 | outside_schedule(now=01:27, expected=07:20, 
calendar=cn_trading_calendar(is_open=1))
hk_market_history skipped at 16:20 | outside_schedule(now=01:27, expected=16:20,
calendar=market_calendar_weekday_fallback(scope=hk))
a_share_history skipped at 16:30 | outside_schedule(now=01:27, expected=16:30, 
calendar=cn_trading_calendar(is_open=1))
us_market_history skipped at 17:10 | outside_schedule(now=01:27, expected=17:10,
calendar=market_calendar_weekday_fallback(scope=us))
Maintenance tick started
Maintenance tick complete
State DB: /home/zj/workspace/stok-mapping/data/maintenance/maintenance.sqlite
As of: 2026-06-08T01:28:03
Dry run: False
Executed runs: 0
financial_factors skipped at 03:30 | outside_schedule(now=01:28, expected=03:30,
calendar=cn_trading_calendar(is_open=1))
daily_brief skipped at 07:20 | outside_schedule(now=01:28, expected=07:20, 
calendar=cn_trading_calendar(is_open=1))
hk_market_history skipped at 16:20 | outside_schedule(now=01:28, expected=16:20,
calendar=market_calendar_weekday_fallback(scope=hk))
a_share_history skipped at 16:30 | outside_schedule(now=01:28, expected=16:30, 
calendar=cn_trading_calendar(is_open=1))
us_market_history skipped at 17:10 | outside_schedule(now=01:28, expected=17:10,
calendar=market_calendar_weekday_fallback(scope=us))
Maintenance tick started
Maintenance tick complete
State DB: /home/zj/workspace/stok-mapping/data/maintenance/maintenance.sqlite
As of: 2026-06-08T01:29:03
Dry run: False
Executed runs: 0
financial_factors skipped at 03:30 | outside_schedule(now=01:29, expected=03:30,
calendar=cn_trading_calendar(is_open=1))
daily_brief skipped at 07:20 | outside_schedule(now=01:29, expected=07:20, 
calendar=cn_trading_calendar(is_open=1))
hk_market_history skipped at 16:20 | outside_schedule(now=01:29, expected=16:20,
calendar=market_calendar_weekday_fallback(scope=hk))
a_share_history skipped at 16:30 | outside_schedule(now=01:29, expected=16:30, 
calendar=cn_trading_calendar(is_open=1))
us_market_history skipped at 17:10 | outside_schedule(now=01:29, expected=17:10,
calendar=market_calendar_weekday_fallback(scope=us))
Maintenance tick started
Maintenance tick complete
State DB: /home/zj/workspace/stok-mapping/data/maintenance/maintenance.sqlite
As of: 2026-06-08T01:30:02
Dry run: False
Executed runs: 0
financial_factors skipped at 03:30 | outside_schedule(now=01:30, expected=03:30,
calendar=cn_trading_calendar(is_open=1))
daily_brief skipped at 07:20 | outside_schedule(now=01:30, expected=07:20, 
calendar=cn_trading_calendar(is_open=1))
hk_market_history skipped at 16:20 | outside_schedule(now=01:30, expected=16:20,
calendar=market_calendar_weekday_fallback(scope=hk))
a_share_history skipped at 16:30 | outside_schedule(now=01:30, expected=16:30, 
calendar=cn_trading_calendar(is_open=1))
us_market_history skipped at 17:10 | outside_schedule(now=01:30, expected=17:10,
calendar=market_calendar_weekday_fallback(scope=us))
Maintenance tick started
Maintenance tick complete
State DB: /home/zj/workspace/stok-mapping/data/maintenance/maintenance.sqlite
As of: 2026-06-08T01:31:02
Dry run: False
Executed runs: 0
financial_factors skipped at 03:30 | outside_schedule(now=01:31, expected=03:30,
calendar=cn_trading_calendar(is_open=1))
daily_brief skipped at 07:20 | outside_schedule(now=01:31, expected=07:20, 
calendar=cn_trading_calendar(is_open=1))
hk_market_history skipped at 16:20 | outside_schedule(now=01:31, expected=16:20,
calendar=market_calendar_weekday_fallback(scope=hk))
a_share_history skipped at 16:30 | outside_schedule(now=01:31, expected=16:30, 
calendar=cn_trading_calendar(is_open=1))
us_market_history skipped at 17:10 | outside_schedule(now=01:31, expected=17:10,
calendar=market_calendar_weekday_fallback(scope=us))
Maintenance tick started
Maintenance tick complete
State DB: /home/zj/workspace/stok-mapping/data/maintenance/maintenance.sqlite
As of: 2026-06-08T01:32:02
Dry run: False
Executed runs: 0
financial_factors skipped at 03:30 | outside_schedule(now=01:32, expected=03:30,
calendar=cn_trading_calendar(is_open=1))
daily_brief skipped at 07:20 | outside_schedule(now=01:32, expected=07:20, 
calendar=cn_trading_calendar(is_open=1))
hk_market_history skipped at 16:20 | outside_schedule(now=01:32, expected=16:20,
calendar=market_calendar_weekday_fallback(scope=hk))
a_share_history skipped at 16:30 | outside_schedule(now=01:32, expected=16:30, 
calendar=cn_trading_calendar(is_open=1))
us_market_history skipped at 17:10 | outside_schedule(now=01:32, expected=17:10,
calendar=market_calendar_weekday_fallback(scope=us))
Maintenance tick started
Maintenance tick complete
State DB: /home/zj/workspace/stok-mapping/data/maintenance/maintenance.sqlite
As of: 2026-06-08T01:33:02
Dry run: False
Executed runs: 0
financial_factors skipped at 03:30 | outside_schedule(now=01:33, expected=03:30,
calendar=cn_trading_calendar(is_open=1))
daily_brief skipped at 07:20 | outside_schedule(now=01:33, expected=07:20, 
calendar=cn_trading_calendar(is_open=1))
hk_market_history skipped at 16:20 | outside_schedule(now=01:33, expected=16:20,
calendar=market_calendar_weekday_fallback(scope=hk))
a_share_history skipped at 16:30 | outside_schedule(now=01:33, expected=16:30, 
calendar=cn_trading_calendar(is_open=1))
us_market_history skipped at 17:10 | outside_schedule(now=01:33, expected=17:10,
calendar=market_calendar_weekday_fallback(scope=us))
Maintenance tick started
Maintenance tick complete
State DB: /home/zj/workspace/stok-mapping/data/maintenance/maintenance.sqlite
As of: 2026-06-08T01:34:03
Dry run: False
Executed runs: 0
financial_factors skipped at 03:30 | outside_schedule(now=01:34, expected=03:30,
calendar=cn_trading_calendar(is_open=1))
daily_brief skipped at 07:20 | outside_schedule(now=01:34, expected=07:20, 
calendar=cn_trading_calendar(is_open=1))
hk_market_history skipped at 16:20 | outside_schedule(now=01:34, expected=16:20,
calendar=market_calendar_weekday_fallback(scope=hk))
a_share_history skipped at 16:30 | outside_schedule(now=01:34, expected=16:30, 
calendar=cn_trading_calendar(is_open=1))
us_market_history skipped at 17:10 | outside_schedule(now=01:34, expected=17:10,
calendar=market_calendar_weekday_fallback(scope=us))
Maintenance tick started
Maintenance tick complete
State DB: /home/zj/workspace/stok-mapping/data/maintenance/maintenance.sqlite
As of: 2026-06-08T01:35:02
Dry run: False
Executed runs: 0
financial_factors skipped at 03:30 | outside_schedule(now=01:35, expected=03:30,
calendar=cn_trading_calendar(is_open=1))
daily_brief skipped at 07:20 | outside_schedule(now=01:35, expected=07:20, 
calendar=cn_trading_calendar(is_open=1))
hk_market_history skipped at 16:20 | outside_schedule(now=01:35, expected=16:20,
calendar=market_calendar_weekday_fallback(scope=hk))
a_share_history skipped at 16:30 | outside_schedule(now=01:35, expected=16:30, 
calendar=cn_trading_calendar(is_open=1))
us_market_history skipped at 17:10 | outside_schedule(now=01:35, expected=17:10,
calendar=market_calendar_weekday_fallback(scope=us))
Maintenance tick started
Maintenance tick complete
State DB: /home/zj/workspace/stok-mapping/data/maintenance/maintenance.sqlite
As of: 2026-06-08T01:36:02
Dry run: False
Executed runs: 0
financial_factors skipped at 03:30 | outside_schedule(now=01:36, expected=03:30,
calendar=cn_trading_calendar(is_open=1))
daily_brief skipped at 07:20 | outside_schedule(now=01:36, expected=07:20, 
calendar=cn_trading_calendar(is_open=1))
hk_market_history skipped at 16:20 | outside_schedule(now=01:36, expected=16:20,
calendar=market_calendar_weekday_fallback(scope=hk))
a_share_history skipped at 16:30 | outside_schedule(now=01:36, expected=16:30, 
calendar=cn_trading_calendar(is_open=1))
us_market_history skipped at 17:10 | outside_schedule(now=01:36, expected=17:10,
calendar=market_calendar_weekday_fallback(scope=us))
Maintenance tick started
Maintenance tick complete
State DB: /home/zj/workspace/stok-mapping/data/maintenance/maintenance.sqlite
As of: 2026-06-08T01:37:02
Dry run: False
Executed runs: 0
financial_factors skipped at 03:30 | outside_schedule(now=01:37, expected=03:30,
calendar=cn_trading_calendar(is_open=1))
daily_brief skipped at 07:20 | outside_schedule(now=01:37, expected=07:20, 
calendar=cn_trading_calendar(is_open=1))
hk_market_history skipped at 16:20 | outside_schedule(now=01:37, expected=16:20,
calendar=market_calendar_weekday_fallback(scope=hk))
a_share_history skipped at 16:30 | outside_schedule(now=01:37, expected=16:30, 
calendar=cn_trading_calendar(is_open=1))
us_market_history skipped at 17:10 | outside_schedule(now=01:37, expected=17:10,
calendar=market_calendar_weekday_fallback(scope=us))
Maintenance tick started
Maintenance tick complete
State DB: /home/zj/workspace/stok-mapping/data/maintenance/maintenance.sqlite
As of: 2026-06-08T01:38:03
Dry run: False
Executed runs: 0
financial_factors skipped at 03:30 | outside_schedule(now=01:38, expected=03:30,
calendar=cn_trading_calendar(is_open=1))
daily_brief skipped at 07:20 | outside_schedule(now=01:38, expected=07:20, 
calendar=cn_trading_calendar(is_open=1))
hk_market_history skipped at 16:20 | outside_schedule(now=01:38, expected=16:20,
calendar=market_calendar_weekday_fallback(scope=hk))
a_share_history skipped at 16:30 | outside_schedule(now=01:38, expected=16:30, 
calendar=cn_trading_calendar(is_open=1))
us_market_history skipped at 17:10 | outside_schedule(now=01:38, expected=17:10,
calendar=market_calendar_weekday_fallback(scope=us))
