交易日期,账户总资产,股票资产,现金资产,交易动作,股票代码,股票名称,成交价,成交量,收益额,收益率,收益类型,交易原因,成交约束,折号,成交金额,交易成本,目标权重,实际权重,动量分数,当日排名,策略参数,折年化收益,折Sharpe
2021-08-25 15:00:00,999504.0971000001,182990.0,816514.0971000001,买,SZ.002837,英维克,10.47,1700,-495.90289999987,-0.0004959028999999004,,调仓买入-新进前N、满足动量阈值,账户级撮合-100股整手/现金约束,1,17799.0,48.23528999999999,0.018133242137088387,0.017807830955013298,0.6207430340557276,2.0,"mom20@q0.6,hold_q=0.4,buy_top=10,hold_top=20,rebalance=20d,min_hold=5d,turnover_penalty=0.01,target_vol=0.18",-0.032600949745115515,-0.2618497239069419
2021-08-25 15:00:00,999504.0971000001,182990.0,816514.0971000001,买,SH.600875,东方电气,14.23,1900,-495.90289999987,-0.0004959028999999004,,调仓买入-新进前N、满足动量阈值,账户级撮合-100股整手/现金约束,1,27037.0,73.27027,0.027250155571379133,0.027050414378936714,0.5090137857900319,3.0,"mom20@q0.6,hold_q=0.4,buy_top=10,hold_top=20,rebalance=20d,min_hold=5d,turnover_penalty=0.01,target_vol=0.18",-0.032600949745115515,-0.2618497239069419
2021-08-25 15:00:00,999504.0971000001,182990.0,816514.0971000001,买,SZ.002466,天齐锂业,118.5,100,-495.90289999987,-0.0004959028999999004,,调仓买入-新进前N、满足动量阈值,账户级撮合-100股整手/现金约束,1,11850.0,32.113499999999995,0.019926794572250734,0.011855879364959132,0.4488323755960386,4.0,"mom20@q0.6,hold_q=0.4,buy_top=10,hold_top=20,rebalance=20d,min_hold=5d,turnover_penalty=0.01,target_vol=0.18",-0.032600949745115515,-0.2618497239069419
2021-08-25 15:00:00,999504.0971000001,182990.0,816514.0971000001,买,SZ.300390,天华新能,60.92,200,-495.90289999987,-0.0004959028999999004,,调仓买入-新进前N、满足动量阈值,账户级撮合-100股整手/现金约束,1,12184.0,33.01864,0.014584768253507845,0.01219004507870566,0.42236749941629714,5.0,"mom20@q0.6,hold_q=0.4,buy_top=10,hold_top=20,rebalance=20d,min_hold=5d,turnover_penalty=0.01,target_vol=0.18",-0.032600949745115515,-0.2618497239069419
2021-08-25 15:00:00,999504.0971000001,182990.0,816514.0971000001,买,SH.605117,德业股份,26.19,500,-495.90289999987,-0.0004959028999999004,,调仓买入-新进前N、满足动量阈值,账户级撮合-100股整手/现金约束,1,13095.0,35.487449999999995,0.014694558972054489,0.013101497070391547,0.39160467587672687,7.0,"mom20@q0.6,hold_q=0.4,buy_top=10,hold_top=20,rebalance=20d,min_hold=5d,turnover_penalty=0.01,target_vol=0.18",-0.032600949745115515,-0.2618497239069419
2021-08-25 15:00:00,999504.0971000001,182990.0,816514.0971000001,买,SZ.002709,天赐材料,67.95,300,-495.90289999987,-0.0004959028999999004,,调仓买入-新进前N、满足动量阈值,账户级撮合-100股整手/现金约束,1,20385.0,55.24334999999999,0.02448372665177484,0.020395113996176533,0.38843481814466707,8.0,"mom20@q0.6,hold_q=0.4,buy_top=10,hold_top=20,rebalance=20d,min_hold=5d,turnover_penalty=0.01,target_vol=0.18",-0.032600949745115515,-0.2618497239069419
2021-08-25 15:00:00,999504.0971000001,182990.0,816514.0971000001,买,SH.600673,东阳光,5.68,5100,-495.90289999987,-0.0004959028999999004,,调仓买入-满足动量阈值,账户级撮合-100股整手/现金约束,1,28968.0,78.50327999999999,0.02956668964518097,0.028982372442543133,0.29977116704805473,11.0,"mom20@q0.6,hold_q=0.4,buy_top=10,hold_top=20,rebalance=20d,min_hold=5d,turnover_penalty=0.01,target_vol=0.18",-0.032600949745115515,-0.2618497239069419
2021-08-25 15:00:00,999504.0971000001,182990.0,816514.0971000001,买,SH.600176,中国巨石,16.24,2000,-495.90289999987,-0.0004959028999999004,,调仓买入-满足动量阈值,账户级撮合-100股整手/现金约束,1,32479.999999999996,88.02079999999998,0.03260158351853076,0.03249611491762638,0.2919649960222752,12.0,"mom20@q0.6,hold_q=0.4,buy_top=10,hold_top=20,rebalance=20d,min_hold=5d,turnover_penalty=0.01,target_vol=0.18",-0.032600949745115515,-0.2618497239069419
2021-08-25 15:00:00,999504.0971000001,182990.0,816514.0971000001,买,SZ.002594,比亚迪,95.96,200,-495.90289999987,-0.0004959028999999004,,调仓买入-满足动量阈值,账户级撮合-100股整手/现金约束,1,19192.0,52.01031999999999,0.024430856332316148,0.019201522090489084,0.26246546507038526,14.0,"mom20@q0.6,hold_q=0.4,buy_top=10,hold_top=20,rebalance=20d,min_hold=5d,turnover_penalty=0.01,target_vol=0.18",-0.032600949745115515,-0.2618497239069419
2021-08-27 15:00:00,999955.5193000002,183842.0,816113.5193000002,卖,SH.600673,东阳光,5.92,100,-44.48069999984,-4.448069999984927e-05,超时卖/调仓卖,持仓不变,账户级撮合-卖出回款,1,592.0,1.9003199999999998,0.02956668964518097,0.029601316687287167,0.2649572649572651,10.0,"mom20@q0.6,hold_q=0.4,buy_top=10,hold_top=20,rebalance=20d,min_hold=5d,turnover_penalty=0.01,target_vol=0.18",-0.032600949745115515,-0.2618497239069419
2021-08-27 15:00:00,999955.5193000002,183842.0,816113.5193000002,买,SZ.002837,英维克,9.88,100,-44.48069999984,-4.448069999984927e-05,,持仓不变,账户级撮合-100股整手/现金约束,1,988.0000000000001,2.67748,0.018133242137088387,0.017784791079956588,0.29488859764089126,7.0,"mom20@q0.6,hold_q=0.4,buy_top=10,hold_top=20,rebalance=20d,min_hold=5d,turnover_penalty=0.01,target_vol=0.18",-0.032600949745115515,-0.2618497239069419
2021-08-30 15:00:00,1005562.0834200002,186829.0,818733.0834200002,卖,SH.600673,东阳光,6.57,400,5562.0834200001555,0.005562083420000086,超时卖/调仓卖,持仓不变,账户级撮合-卖出回款,1,2628.0,8.43588,0.02956668964518097,0.03005483251438088,0.2610364683301345,11.0,"mom20@q0.6,hold_q=0.4,buy_top=10,hold_top=20,rebalance=20d,min_hold=5d,turnover_penalty=0.01,target_vol=0.18",-0.032600949745115515,-0.2618497239069419
2021-08-31 15:00:00,1006596.2653800001,185746.0,820850.2653800001,卖,SH.600673,东阳光,7.08,300,6596.2653800001135,0.0065962653800000215,超时卖/调仓卖,持仓不变,账户级撮合-卖出回款,1,2124.0,6.81804,0.02956668964518097,0.03024449925661813,0.3615384615384616,10.0,"mom20@q0.6,hold_q=0.4,buy_top=10,hold_top=20,rebalance=20d,min_hold=5d,turnover_penalty=0.01,target_vol=0.18",-0.032600949745115515,-0.2618497239069419
2021-09-01 15:00:00,1006579.7940700002,183021.0,823558.7940700002,卖,SZ.002837,英维克,11.26,100,6579.794070000178,0.006579794070000089,超时卖/调仓卖,持仓不变,账户级撮合-卖出回款,1,1126.0,3.61446,0.018133242137088387,0.019016872892511902,0.09320388349514563,25.0,"mom20@q0.6,hold_q=0.4,buy_top=10,hold_top=20,rebalance=20d,min_hold=5d,turnover_penalty=0.01,target_vol=0.18",-0.032600949745115515,-0.2618497239069419
2021-09-01 15:00:00,1006579.7940700002,183021.0,823558.7940700002,卖,SH.600673,东阳光,7.84,500,6579.794070000178,0.006579794070000089,超时卖/调仓卖,持仓不变,账户级撮合-卖出回款,1,3920.0,12.5832,0.02956668964518097,0.02959725614949925,0.4332723948811701,4.0,"mom20@q0.6,hold_q=0.4,buy_top=10,hold_top=20,rebalance=20d,min_hold=5d,turnover_penalty=0.01,target_vol=0.18",-0.032600949745115515,-0.2618497239069419
2021-09-01 15:00:00,1006579.7940700002,183021.0,823558.7940700002,买,SH.605117,德业股份,23.15,100,6579.794070000178,0.006579794070000089,,持仓不变,账户级撮合-100股整手/现金约束,1,2315.0,6.273649999999999,0.014694558972054489,0.013799204078831383,0.1081857348013402,21.0,"mom20@q0.6,hold_q=0.4,buy_top=10,hold_top=20,rebalance=20d,min_hold=5d,turnover_penalty=0.01,target_vol=0.18",-0.032600949745115515,-0.2618497239069419
2021-09-02 15:00:00,1016116.4063400002,189953.0,826163.4063400002,卖,SH.600673,东阳光,8.16,100,16116.40634000022,0.01611640634000011,超时卖/调仓卖,持仓不变,账户级撮合-卖出回款,1,816.0,2.61936,0.02956668964518097,0.029713131105470535,0.5055350553505535,5.0,"mom20@q0.6,hold_q=0.4,buy_top=10,hold_top=20,rebalance=20d,min_hold=5d,turnover_penalty=0.01,target_vol=0.18",-0.032600949745115515,-0.2618497239069419
2021-09-02 15:00:00,1016116.4063400002,189953.0,826163.4063400002,卖,SH.600176,中国巨石,17.97,100,16116.40634000022,0.01611640634000011,超时卖/调仓卖,持仓不变,账户级撮合-卖出回款,1,1797.0,5.768369999999999,0.03260158351853076,0.03360146513427665,0.22829801777170178,12.0,"mom20@q0.6,hold_q=0.4,buy_top=10,hold_top=20,rebalance=20d,min_hold=5d,turnover_penalty=0.01,target_vol=0.18",-0.032600949745115515,-0.2618497239069419
2021-09-03 15:00:00,1014453.8854900002,199949.0,814504.8854900002,卖,SH.600673,东阳光,9.04,300,14453.885490000248,0.014453885490000262,超时卖/调仓卖,持仓不变,账户级撮合-卖出回款,1,2711.9999999999995,8.705519999999998,0.02956668964518097,0.030298075092052047,0.6142857142857143,3.0,"mom20@q0.6,hold_q=0.4,buy_top=10,hold_top=20,rebalance=20d,min_hold=5d,turnover_penalty=0.01,target_vol=0.18",-0.032600949745115515,-0.2618497239069419
2021-09-03 15:00:00,1014453.8854900002,199949.0,814504.8854900002,买,SZ.002709,天赐材料,61.3,100,14453.885490000248,0.014453885490000262,,持仓不变,账户级撮合-100股整手/现金约束,1,6130.0,16.612299999999998,0.02448372665177484,0.024170640332415286,0.019966722129783676,41.0,"mom20@q0.6,hold_q=0.4,buy_top=10,hold_top=20,rebalance=20d,min_hold=5d,turnover_penalty=0.01,target_vol=0.18",-0.032600949745115515,-0.2618497239069419
2021-09-03 15:00:00,1014453.8854900002,199949.0,814504.8854900002,买,SZ.002594,比亚迪,81.93,100,14453.885490000248,0.014453885490000262,,持仓不变,账户级撮合-100股整手/现金约束,1,8193.0,22.20303,0.024430856332316148,0.0242287997035251,-0.16729342412846826,97.0,"mom20@q0.6,hold_q=0.4,buy_top=10,hold_top=20,rebalance=20d,min_hold=5d,turnover_penalty=0.01,target_vol=0.18",-0.032600949745115515,-0.2618497239069419
2021-09-07 15:00:00,1022173.2380900002,203741.0,818432.2380900002,卖,SH.600176,中国巨石,19.7,200,22173.23809000023,0.022173238090000158,超时卖/调仓卖,持仓不变,账户级撮合-卖出回款,1,3940.0,12.6474,0.03260158351853076,0.0327635265256781,0.3274932614555255,10.0,"mom20@q0.6,hold_q=0.4,buy_top=10,hold_top=20,rebalance=20d,min_hold=5d,turnover_penalty=0.01,target_vol=0.18",-0.032600949745115515,-0.2618497239069419
2021-09-08 15:00:00,1023259.8149600002,206240.0,817019.8149600002,卖,SH.600875,东方电气,16.27,100,23259.81496000022,0.02325981496000029,超时卖/调仓卖,持仓不变,账户级撮合-卖出回款,1,1627.0,5.22267,0.027250155571379133,0.028620297183413586,0.41232638888888884,9.0,"mom20@q0.6,hold_q=0.4,buy_top=10,hold_top=20,rebalance=20d,min_hold=5d,turnover_penalty=0.01,target_vol=0.18",-0.032600949745115515,-0.2618497239069419
2021-09-08 15:00:00,1023259.8149600002,206240.0,817019.8149600002,买,SH.605117,德业股份,20.37,100,23259.81496000022,0.02325981496000029,,持仓不变,账户级撮合-100股整手/现金约束,1,2037.0,5.520269999999999,0.014694558972054489,0.013934877331772667,-0.05211726384364812,66.0,"mom20@q0.6,hold_q=0.4,buy_top=10,hold_top=20,rebalance=20d,min_hold=5d,turnover_penalty=0.01,target_vol=0.18",-0.032600949745115515,-0.2618497239069419
2021-09-08 15:00:00,1023259.8149600002,206240.0,817019.8149600002,买,SZ.002837,英维克,9.89,100,23259.81496000022,0.02325981496000029,,持仓不变,账户级撮合-100股整手/现金约束,1,989.0,2.6801899999999996,0.018133242137088387,0.017397341066008626,-0.21632329635499203,108.0,"mom20@q0.6,hold_q=0.4,buy_top=10,hold_top=20,rebalance=20d,min_hold=5d,turnover_penalty=0.01,target_vol=0.18",-0.032600949745115515,-0.2618497239069419
2021-09-09 15:00:00,1025435.9732100002,206796.0,818639.9732100002,卖,SH.600875,东方电气,16.57,100,25435.9732100002,0.02543597321000024,超时卖/调仓卖,持仓不变,账户级撮合-卖出回款,1,1657.0,5.318969999999999,0.027250155571379133,0.027470267023908316,0.45350877192982453,8.0,"mom20@q0.6,hold_q=0.4,buy_top=10,hold_top=20,rebalance=20d,min_hold=5d,turnover_penalty=0.01,target_vol=0.18",-0.032600949745115515,-0.2618497239069419
2021-09-09 15:00:00,1025435.9732100002,206796.0,818639.9732100002,卖,SH.600673,东阳光,9.21,100,25435.9732100002,0.02543597321000024,超时卖/调仓卖,持仓不变,账户级撮合-卖出回款,1,921.0000000000001,2.95641,0.02956668964518097,0.029639100630396733,0.6129597197898426,5.0,"mom20@q0.6,hold_q=0.4,buy_top=10,hold_top=20,rebalance=20d,min_hold=5d,turnover_penalty=0.01,target_vol=0.18",-0.032600949745115515,-0.2618497239069419
2021-09-09 15:00:00,1025435.9732100002,206796.0,818639.9732100002,买,SZ.002837,英维克,9.47,100,25435.9732100002,0.02543597321000024,,持仓不变,账户级撮合-100股整手/现金约束,1,947.0000000000001,2.56637,0.018133242137088387,0.017546683040263494,-0.21800165152766304,107.0,"mom20@q0.6,hold_q=0.4,buy_top=10,hold_top=20,rebalance=20d,min_hold=5d,turnover_penalty=0.01,target_vol=0.18",-0.032600949745115515,-0.2618497239069419
2021-09-14 15:00:00,1030071.8431700002,212960.0,817111.8431700002,买,SH.600875,东方电气,15.24,100,30071.84317000024,0.030071843170000223,,持仓不变,账户级撮合-100股整手/现金约束,1,1524.0,4.130039999999999,0.027250155571379133,0.026631152168550925,0.19811320754716988,22.0,"mom20@q0.6,hold_q=0.4,buy_top=10,hold_top=20,rebalance=20d,min_hold=5d,turnover_penalty=0.01,target_vol=0.18",-0.032600949745115515,-0.2618497239069419
2021-09-15 15:00:00,1033502.2842700003,216224.0,817278.2842700003,卖,SH.600673,东阳光,10.17,200,33502.284270000295,0.03350228427000035,超时卖/调仓卖,持仓不变,账户级撮合-卖出回款,1,2034.0,6.529139999999999,0.02956668964518097,0.030505012402820813,0.8626373626373627,1.0,"mom20@q0.6,hold_q=0.4,buy_top=10,hold_top=20,rebalance=20d,min_hold=5d,turnover_penalty=0.01,target_vol=0.18",-0.032600949745115515,-0.2618497239069419
2021-09-15 15:00:00,1033502.2842700003,216224.0,817278.2842700003,买,SH.600176,中国巨石,18.56,100,33502.284270000295,0.03350228427000035,,持仓不变,账户级撮合-100股整手/现金约束,1,1855.9999999999998,5.029759999999999,0.03260158351853076,0.03232503740772791,0.15855181023720344,24.0,"mom20@q0.6,hold_q=0.4,buy_top=10,hold_top=20,rebalance=20d,min_hold=5d,turnover_penalty=0.01,target_vol=0.18",-0.032600949745115515,-0.2618497239069419
2021-09-16 15:00:00,1020583.0319300003,204095.0,816488.0319300003,卖,SZ.002837,英维克,10.36,100,20583.03193000029,0.020583031930000217,超时卖/调仓卖,持仓不变,账户级撮合-卖出回款,1,1036.0,3.32556,0.018133242137088387,0.018271908719406406,-0.021718602455146452,59.0,"mom20@q0.6,hold_q=0.4,buy_top=10,hold_top=20,rebalance=20d,min_hold=5d,turnover_penalty=0.01,target_vol=0.18",-0.032600949745115515,-0.2618497239069419
2021-09-16 15:00:00,1020583.0319300003,204095.0,816488.0319300003,买,SH.600673,东阳光,9.09,200,20583.03193000029,0.020583031930000217,,持仓不变,账户级撮合-100股整手/现金约束,1,1818.0,4.92678,0.02956668964518097,0.029392023051052873,0.6740331491712708,3.0,"mom20@q0.6,hold_q=0.4,buy_top=10,hold_top=20,rebalance=20d,min_hold=5d,turnover_penalty=0.01,target_vol=0.18",-0.032600949745115515,-0.2618497239069419
2021-09-17 15:00:00,1025631.9407000003,208184.0,817447.9407000003,卖,SH.600673,东阳光,9.63,100,25631.94070000027,0.0256319407000003,超时卖/调仓卖,持仓不变,账户级撮合-卖出回款,1,963.0000000000001,3.09123,0.02956668964518097,0.0300458661407989,0.7637362637362639,1.0,"mom20@q0.6,hold_q=0.4,buy_top=10,hold_top=20,rebalance=20d,min_hold=5d,turnover_penalty=0.01,target_vol=0.18",-0.032600949745115515,-0.2618497239069419
2021-09-22 15:00:00,1030466.4003800002,219378.0,811088.4003800002,卖,SH.600875,东方电气,17.28,100,30466.40038000024,0.030466400380000147,超时卖/调仓卖,持仓不变,账户级撮合-卖出回款,1,1728.0,5.54688,0.027250155571379133,0.028507479709350206,0.13609467455621305,24.0,"mom20@q0.6,hold_q=0.4,buy_top=10,hold_top=20,rebalance=20d,min_hold=5d,turnover_penalty=0.01,target_vol=0.18",-0.032600949745115515,-0.2618497239069419
2021-09-22 15:00:00,1030466.4003800002,219378.0,811088.4003800002,卖,SH.600673,东阳光,10.29,200,30466.40038000024,0.030466400380000147,超时卖/调仓卖,持仓不变,账户级撮合-卖出回款,1,2058.0,6.606179999999999,0.02956668964518097,0.02995730864064681,0.9378531073446328,1.0,"mom20@q0.6,hold_q=0.4,buy_top=10,hold_top=20,rebalance=20d,min_hold=5d,turnover_penalty=0.01,target_vol=0.18",-0.032600949745115515,-0.2618497239069419
2021-09-22 15:00:00,1030466.4003800002,219378.0,811088.4003800002,买,SZ.002466,天齐锂业,101.06,100,30466.40038000024,0.030466400380000147,,持仓不变,账户级撮合-100股整手/现金约束,1,10106.0,27.387259999999998,0.019926794572250734,0.019614419249911027,-0.1200696560731388,90.0,"mom20@q0.6,hold_q=0.4,buy_top=10,hold_top=20,rebalance=20d,min_hold=5d,turnover_penalty=0.01,target_vol=0.18",-0.032600949745115515,-0.2618497239069419
2021-09-23 15:00:00,1032564.6355600002,218444.0,814120.6355600002,卖,SZ.002837,英维克,11.69,100,32564.6355600002,0.03256463556000022,超时卖/调仓卖,持仓不变,账户级撮合-卖出回款,1,1169.0,3.75249,0.018133242137088387,0.019246252791935002,0.08341056533827618,30.0,"mom20@q0.6,hold_q=0.4,buy_top=10,hold_top=20,rebalance=20d,min_hold=5d,turnover_penalty=0.01,target_vol=0.18",-0.032600949745115515,-0.2618497239069419
2021-09-23 15:00:00,1032564.6355600002,218444.0,814120.6355600002,卖,SH.600875,东方电气,18.73,100,32564.6355600002,0.03256463556000022,超时卖/调仓卖,持仓不变,账户级撮合-卖出回款,1,1873.0,6.0123299999999995,0.027250155571379133,0.029022880474448152,0.3321479374110954,12.0,"mom20@q0.6,hold_q=0.4,buy_top=10,hold_top=20,rebalance=20d,min_hold=5d,turnover_penalty=0.01,target_vol=0.18",-0.032600949745115515,-0.2618497239069419
2021-09-24 15:00:00,1028691.0829600003,220303.0,808388.0829600003,卖,SZ.002837,英维克,11.15,1700,28691.08296000026,0.028691082960000225,超时卖/调仓卖,调仓卖出-跌出持有排名,账户级撮合-卖出回款,1,18955.0,60.845549999999996,0.0,0.0,0.06494746895893022,29.0,"mom20@q0.6,hold_q=0.4,buy_top=10,hold_top=20,rebalance=20d,min_hold=5d,turnover_penalty=0.01,target_vol=0.18",-0.032600949745115515,-0.2618497239069419
2021-09-24 15:00:00,1028691.0829600003,220303.0,808388.0829600003,卖,SH.600875,东方电气,17.85,400,28691.08296000026,0.028691082960000225,超时卖/调仓卖,调仓卖出-权重下调,账户级撮合-卖出回款,1,7140.000000000001,22.9194,0.020121995876026144,0.020822577695886274,0.2543921293042868,14.0,"mom20@q0.6,hold_q=0.4,buy_top=10,hold_top=20,rebalance=20d,min_hold=5d,turnover_penalty=0.01,target_vol=0.18",-0.032600949745115515,-0.2618497239069419
2021-09-24 15:00:00,1028691.0829600003,220303.0,808388.0829600003,卖,SZ.002466,天齐锂业,99.83,200,28691.08296000026,0.028691082960000225,超时卖/调仓卖,调仓卖出-跌破持有阈值、跌出持有排名,账户级撮合-卖出回款,1,19966.0,64.09085999999999,0.0,0.0,-0.1575527426160338,102.0,"mom20@q0.6,hold_q=0.4,buy_top=10,hold_top=20,rebalance=20d,min_hold=5d,turnover_penalty=0.01,target_vol=0.18",-0.032600949745115515,-0.2618497239069419
2021-09-24 15:00:00,1028691.0829600003,220303.0,808388.0829600003,卖,SH.605117,德业股份,26.51,700,28691.08296000026,0.028691082960000225,超时卖/调仓卖,调仓卖出-跌出持有排名,账户级撮合-卖出回款,1,18557.0,59.567969999999995,0.0,0.0,0.012218403970981395,41.0,"mom20@q0.6,hold_q=0.4,buy_top=10,hold_top=20,rebalance=20d,min_hold=5d,turnover_penalty=0.01,target_vol=0.18",-0.032600949745115515,-0.2618497239069419
2021-09-24 15:00:00,1028691.0829600003,220303.0,808388.0829600003,卖,SZ.002709,天赐材料,73.44,400,28691.08296000026,0.028691082960000225,超时卖/调仓卖,调仓卖出-跌出持有排名,账户级撮合-卖出回款,1,29376.0,94.29696,0.0,0.0,0.08079470198675498,27.0,"mom20@q0.6,hold_q=0.4,buy_top=10,hold_top=20,rebalance=20d,min_hold=5d,turnover_penalty=0.01,target_vol=0.18",-0.032600949745115515,-0.2618497239069419
2021-09-24 15:00:00,1028691.0829600003,220303.0,808388.0829600003,卖,SH.600673,东阳光,9.65,800,28691.08296000026,0.028691082960000225,超时卖/调仓卖,调仓卖出-权重下调,账户级撮合-卖出回款,1,7720.0,24.7812,0.019827599279067055,0.02063787696002174,0.6989436619718312,1.0,"mom20@q0.6,hold_q=0.4,buy_top=10,hold_top=20,rebalance=20d,min_hold=5d,turnover_penalty=0.01,target_vol=0.18",-0.032600949745115515,-0.2618497239069419
2021-09-24 15:00:00,1028691.0829600003,220303.0,808388.0829600003,卖,SH.600176,中国巨石,17.39,1800,28691.08296000026,0.028691082960000225,超时卖/调仓卖,调仓卖出-跌出持有排名,账户级撮合-卖出回款,1,31302.0,100.47941999999999,0.0,0.0,0.07081280788177358,28.0,"mom20@q0.6,hold_q=0.4,buy_top=10,hold_top=20,rebalance=20d,min_hold=5d,turnover_penalty=0.01,target_vol=0.18",-0.032600949745115515,-0.2618497239069419
2021-09-24 15:00:00,1028691.0829600003,220303.0,808388.0829600003,卖,SZ.002594,比亚迪,81.15,300,28691.08296000026,0.028691082960000225,超时卖/调仓卖,调仓卖出-跌破持有阈值、跌出持有排名,账户级撮合-卖出回款,1,24345.0,78.14744999999999,0.0,0.0,-0.15433513964151724,101.0,"mom20@q0.6,hold_q=0.4,buy_top=10,hold_top=20,rebalance=20d,min_hold=5d,turnover_penalty=0.01,target_vol=0.18",-0.032600949745115515,-0.2618497239069419
2021-09-24 15:00:00,1028691.0829600003,220303.0,808388.0829600003,买,SH.601857,中国石油,4.32,7300,28691.08296000026,0.028691082960000225,,调仓买入-新进前N、满足动量阈值,账户级撮合-100股整手/现金约束,1,31536.000000000004,85.46256,0.03073647672003746,0.030656433716968707,0.5265017667844523,2.0,"mom20@q0.6,hold_q=0.4,buy_top=10,hold_top=20,rebalance=20d,min_hold=5d,turnover_penalty=0.01,target_vol=0.18",-0.032600949745115515,-0.2618497239069419
2021-09-24 15:00:00,1028691.0829600003,220303.0,808388.0829600003,买,SH.601088,中国神华,11.31,1100,28691.08296000026,0.028691082960000225,,调仓买入-新进前N、满足动量阈值,账户级撮合-100股整手/现金约束,1,12441.0,33.715109999999996,0.012602329389050508,0.012094009762582687,0.5222072678331091,3.0,"mom20@q0.6,hold_q=0.4,buy_top=10,hold_top=20,rebalance=20d,min_hold=5d,turnover_penalty=0.01,target_vol=0.18",-0.032600949745115515,-0.2618497239069419
2021-09-24 15:00:00,1028691.0829600003,220303.0,808388.0829600003,买,SZ.002080,中材科技,40.22,600,28691.08296000026,0.028691082960000225,,调仓买入-新进前N、满足动量阈值,账户级撮合-100股整手/现金约束,1,24132.0,65.39771999999999,0.02381428391213918,0.023458937673068517,0.4313167259786477,4.0,"mom20@q0.6,hold_q=0.4,buy_top=10,hold_top=20,rebalance=20d,min_hold=5d,turnover_penalty=0.01,target_vol=0.18",-0.032600949745115515,-0.2618497239069419
2021-09-24 15:00:00,1028691.0829600003,220303.0,808388.0829600003,买,SH.601872,招商轮船,4.78,7500,28691.08296000026,0.028691082960000225,,调仓买入-新进前N、满足动量阈值,账户级撮合-100股整手/现金约束,1,35850.0,97.1535,0.0350509347374182,0.03485011253022983,0.4268656716417911,5.0,"mom20@q0.6,hold_q=0.4,buy_top=10,hold_top=20,rebalance=20d,min_hold=5d,turnover_penalty=0.01,target_vol=0.18",-0.032600949745115515,-0.2618497239069419
2021-09-24 15:00:00,1028691.0829600003,220303.0,808388.0829600003,买,SH.600150,中国船舶,28.55,600,28691.08296000026,0.028691082960000225,,调仓买入-新进前N、满足动量阈值,账户级撮合-100股整手/现金约束,1,17130.0,46.42229999999999,0.018888346844566386,0.016652229501892244,0.39336261591020016,6.0,"mom20@q0.6,hold_q=0.4,buy_top=10,hold_top=20,rebalance=20d,min_hold=5d,turnover_penalty=0.01,target_vol=0.18",-0.032600949745115515,-0.2618497239069419
2021-09-24 15:00:00,1028691.0829600003,220303.0,808388.0829600003,买,SH.601600,中国铝业,8.38,2600,28691.08296000026,0.028691082960000225,,调仓买入-新进前N、满足动量阈值,账户级撮合-100股整手/现金约束,1,21788.000000000004,59.045480000000005,0.021312144347711965,0.021180313857981803,0.369281045751634,7.0,"mom20@q0.6,hold_q=0.4,buy_top=10,hold_top=20,rebalance=20d,min_hold=5d,turnover_penalty=0.01,target_vol=0.18",-0.032600949745115515,-0.2618497239069419
2021-09-24 15:00:00,1028691.0829600003,220303.0,808388.0829600003,买,SH.600089,特变电工,17.52,1100,28691.08296000026,0.028691082960000225,,调仓买入-新进前N、满足动量阈值,账户级撮合-100股整手/现金约束,1,19272.0,52.22711999999999,0.019040642358088444,0.018734487271480874,0.3676814988290398,8.0,"mom20@q0.6,hold_q=0.4,buy_top=10,hold_top=20,rebalance=20d,min_hold=5d,turnover_penalty=0.01,target_vol=0.18",-0.032600949745115515,-0.2618497239069419
2021-09-27 15:00:00,1015786.8216000003,212391.0,803395.8216000003,卖,SH.601857,中国石油,4.56,400,15786.821600000258,0.015786821600000334,超时卖/调仓卖,持仓不变,账户级撮合-卖出回款,1,1823.9999999999998,5.855039999999999,0.03073647672003746,0.03097500315119267,0.5888501742160277,1.0,"mom20@q0.6,hold_q=0.4,buy_top=10,hold_top=20,rebalance=20d,min_hold=5d,turnover_penalty=0.01,target_vol=0.18",-0.032600949745115515,-0.2618497239069419
2021-09-27 15:00:00,1015786.8216000003,212391.0,803395.8216000003,买,SH.600673,东阳光,8.63,100,15786.821600000258,0.015786821600000334,,持仓不变,账户级撮合-100股整手/现金约束,1,863.0000000000001,2.33873,0.019827599279067055,0.019540517338800644,0.4701873935264056,3.0,"mom20@q0.6,hold_q=0.4,buy_top=10,hold_top=20,rebalance=20d,min_hold=5d,turnover_penalty=0.01,target_vol=0.18",-0.032600949745115515,-0.2618497239069419
2021-09-27 15:00:00,1015786.8216000003,212391.0,803395.8216000003,买,SH.601872,招商轮船,4.5,400,15786.821600000258,0.015786821600000334,,持仓不变,账户级撮合-100股整手/现金约束,1,1800.0,4.877999999999999,0.0350509347374182,0.03499750070000317,0.3677811550151975,5.0,"mom20@q0.6,hold_q=0.4,buy_top=10,hold_top=20,rebalance=20d,min_hold=5d,turnover_penalty=0.01,target_vol=0.18",-0.032600949745115515,-0.2618497239069419
2021-09-27 15:00:00,1015786.8216000003,212391.0,803395.8216000003,买,SH.600150,中国船舶,26.29,100,15786.821600000258,0.015786821600000334,,持仓不变,账户级撮合-100股整手/现金约束,1,2629.0,7.1245899999999995,0.018888346844566386,0.01811699030610853,0.23138173302107723,11.0,"mom20@q0.6,hold_q=0.4,buy_top=10,hold_top=20,rebalance=20d,min_hold=5d,turnover_penalty=0.01,target_vol=0.18",-0.032600949745115515,-0.2618497239069419
2021-09-27 15:00:00,1015786.8216000003,212391.0,803395.8216000003,买,SH.601600,中国铝业,7.5,200,15786.821600000258,0.015786821600000334,,持仓不变,账户级撮合-100股整手/现金约束,1,1500.0,4.0649999999999995,0.021312144347711965,0.0206736291054871,0.11441307578008919,25.0,"mom20@q0.6,hold_q=0.4,buy_top=10,hold_top=20,rebalance=20d,min_hold=5d,turnover_penalty=0.01,target_vol=0.18",-0.032600949745115515,-0.2618497239069419
2021-09-28 15:00:00,1021978.2331900002,215548.0,806430.2331900002,卖,SH.601857,中国石油,4.84,400,21978.233190000174,0.02197823319000025,超时卖/调仓卖,持仓不变,账户级撮合-卖出回款,1,1936.0,6.21456,0.03073647672003746,0.03078343449820926,0.6406779661016948,1.0,"mom20@q0.6,hold_q=0.4,buy_top=10,hold_top=20,rebalance=20d,min_hold=5d,turnover_penalty=0.01,target_vol=0.18",-0.032600949745115515,-0.2618497239069419
2021-09-28 15:00:00,1021978.2331900002,215548.0,806430.2331900002,卖,SH.601872,招商轮船,4.81,400,21978.233190000174,0.02197823319000025,超时卖/调仓卖,持仓不变,账户级撮合-卖出回款,1,1923.9999999999998,6.176039999999999,0.0350509347374182,0.03529918625311186,0.39017341040462417,4.0,"mom20@q0.6,hold_q=0.4,buy_top=10,hold_top=20,rebalance=20d,min_hold=5d,turnover_penalty=0.01,target_vol=0.18",-0.032600949745115515,-0.2618497239069419
2021-09-28 15:00:00,1021978.2331900002,215548.0,806430.2331900002,买,SH.600673,东阳光,8.11,100,21978.233190000174,0.02197823319000025,,持仓不变,账户级撮合-100股整手/现金约束,1,811.0,2.1978099999999996,0.019827599279067055,0.0190454154187268,0.36993243243243246,6.0,"mom20@q0.6,hold_q=0.4,buy_top=10,hold_top=20,rebalance=20d,min_hold=5d,turnover_penalty=0.01,target_vol=0.18",-0.032600949745115515,-0.2618497239069419
2021-09-29 15:00:00,1007025.9516300001,211060.0,795965.9516300001,买,SH.601857,中国石油,4.39,500,7025.951630000141,0.007025951630000193,,持仓不变,账户级撮合-100股整手/现金约束,1,2195.0,5.948449999999999,0.03073647672003746,0.03051559887832043,0.4253246753246751,1.0,"mom20@q0.6,hold_q=0.4,buy_top=10,hold_top=20,rebalance=20d,min_hold=5d,turnover_penalty=0.01,target_vol=0.18",-0.032600949745115515,-0.2618497239069419
2021-09-29 15:00:00,1007025.9516300001,211060.0,795965.9516300001,买,SH.601872,招商轮船,4.59,100,7025.951630000141,0.007025951630000193,,持仓不变,账户级撮合-100股整手/现金约束,1,459.0,1.24389,0.0350509347374182,0.034640616702614056,0.33819241982507275,4.0,"mom20@q0.6,hold_q=0.4,buy_top=10,hold_top=20,rebalance=20d,min_hold=5d,turnover_penalty=0.01,target_vol=0.18",-0.032600949745115515,-0.2618497239069419
2021-09-29 15:00:00,1007025.9516300001,211060.0,795965.9516300001,买,SZ.002080,中材科技,32.32,100,7025.951630000141,0.007025951630000193,,持仓不变,账户级撮合-100股整手/现金约束,1,3232.0,8.758719999999999,0.02381428391213918,0.02246615388946051,0.1348314606741572,14.0,"mom20@q0.6,hold_q=0.4,buy_top=10,hold_top=20,rebalance=20d,min_hold=5d,turnover_penalty=0.01,target_vol=0.18",-0.032600949745115515,-0.2618497239069419
2021-09-29 15:00:00,1007025.9516300001,211060.0,795965.9516300001,买,SH.600673,东阳光,7.31,300,7025.951630000141,0.007025951630000193,,持仓不变,账户级撮合-100股整手/现金约束,1,2193.0,5.943029999999999,0.019827599279067055,0.01959929629226848,0.1126331811263317,16.0,"mom20@q0.6,hold_q=0.4,buy_top=10,hold_top=20,rebalance=20d,min_hold=5d,turnover_penalty=0.01,target_vol=0.18",-0.032600949745115515,-0.2618497239069419
2021-09-29 15:00:00,1007025.9516300001,211060.0,795965.9516300001,买,SH.600150,中国船舶,23.57,100,7025.951630000141,0.007025951630000193,,持仓不变,账户级撮合-100股整手/现金约束,1,2357.0,6.3874699999999995,0.018888346844566386,0.018724442969398312,0.11074458058435455,17.0,"mom20@q0.6,hold_q=0.4,buy_top=10,hold_top=20,rebalance=20d,min_hold=5d,turnover_penalty=0.01,target_vol=0.18",-0.032600949745115515,-0.2618497239069419
2021-09-30 15:00:00,1014496.2635000001,218907.0,795589.2635000001,卖,SH.600673,东阳光,7.91,100,14496.263500000117,0.014496263500000106,超时卖/调仓卖,持仓不变,账户级撮合-卖出回款,1,791.0,2.53911,0.019827599279067055,0.020272129863788305,0.11723163841807915,22.0,"mom20@q0.6,hold_q=0.4,buy_top=10,hold_top=20,rebalance=20d,min_hold=5d,turnover_penalty=0.01,target_vol=0.18",-0.032600949745115515,-0.2618497239069419
2021-09-30 15:00:00,1014496.2635000001,218907.0,795589.2635000001,买,SH.601857,中国石油,4.36,100,14496.263500000117,0.014496263500000106,,持仓不变,账户级撮合-100股整手/现金约束,1,436.00000000000006,1.18156,0.03073647672003746,0.03051366585935188,0.379746835443038,1.0,"mom20@q0.6,hold_q=0.4,buy_top=10,hold_top=20,rebalance=20d,min_hold=5d,turnover_penalty=0.01,target_vol=0.18",-0.032600949745115515,-0.2618497239069419
2021-09-30 15:00:00,1014496.2635000001,218907.0,795589.2635000001,买,SH.601600,中国铝业,7.26,100,14496.263500000117,0.014496263500000106,,持仓不变,账户级撮合-100股整手/现金约束,1,726.0,1.9674599999999998,0.021312144347711965,0.020753156770990905,-0.0068399452804377425,53.0,"mom20@q0.6,hold_q=0.4,buy_top=10,hold_top=20,rebalance=20d,min_hold=5d,turnover_penalty=0.01,target_vol=0.18",-0.032600949745115515,-0.2618497239069419
2021-10-08 15:00:00,1007286.8092200002,214480.0,792806.8092200002,卖,SH.601857,中国石油,4.63,400,7286.80922000017,0.0072868092200002454,超时卖/调仓卖,持仓不变,账户级撮合-卖出回款,1,1852.0,5.94492,0.03073647672003746,0.030796591115911997,0.46984126984126995,1.0,"mom20@q0.6,hold_q=0.4,buy_top=10,hold_top=20,rebalance=20d,min_hold=5d,turnover_penalty=0.01,target_vol=0.18",-0.032600949745115515,-0.2618497239069419
2021-10-08 15:00:00,1007286.8092200002,214480.0,792806.8092200002,买,SH.601872,招商轮船,4.51,200,7286.80922000017,0.0072868092200002454,,持仓不变,账户级撮合-100股整手/现金约束,1,902.0,2.4444199999999996,0.0350509347374182,0.034923518979902396,0.2922636103151861,2.0,"mom20@q0.6,hold_q=0.4,buy_top=10,hold_top=20,rebalance=20d,min_hold=5d,turnover_penalty=0.01,target_vol=0.18",-0.032600949745115515,-0.2618497239069419
2021-10-08 15:00:00,1007286.8092200002,214480.0,792806.8092200002,买,SH.600875,东方电气,15.03,100,7286.80922000017,0.0072868092200002454,,持仓不变,账户级撮合-100股整手/现金约束,1,1503.0,4.07313,0.020121995876026144,0.019397653003249558,0.09468317552804062,23.0,"mom20@q0.6,hold_q=0.4,buy_top=10,hold_top=20,rebalance=20d,min_hold=5d,turnover_penalty=0.01,target_vol=0.18",-0.032600949745115515,-0.2618497239069419
2021-10-08 15:00:00,1007286.8092200002,214480.0,792806.8092200002,买,SH.601600,中国铝业,7.06,100,7286.80922000017,0.0072868092200002454,,持仓不变,账户级撮合-100股整手/现金约束,1,706.0,1.9132599999999997,0.021312144347711965,0.021026781852132945,0.010014306151645114,45.0,"mom20@q0.6,hold_q=0.4,buy_top=10,hold_top=20,rebalance=20d,min_hold=5d,turnover_penalty=0.01,target_vol=0.18",-0.032600949745115515,-0.2618497239069419
2021-10-08 15:00:00,1007286.8092200002,214480.0,792806.8092200002,买,SH.600089,特变电工,15.05,100,7286.80922000017,0.0072868092200002454,,持仓不变,账户级撮合-100股整手/现金约束,1,1505.0,4.07855,0.019040642358088444,0.01792935223085557,-0.12039742840444179,94.0,"mom20@q0.6,hold_q=0.4,buy_top=10,hold_top=20,rebalance=20d,min_hold=5d,turnover_penalty=0.01,target_vol=0.18",-0.032600949745115515,-0.2618497239069419
2021-10-11 15:00:00,1000615.2186100002,214317.0,786298.2186100002,买,SH.601857,中国石油,4.5,100,615.2186100002145,0.0006152186100001344,,持仓不变,账户级撮合-100股整手/现金约束,1,450.0,1.2194999999999998,0.03073647672003746,0.03058118588532747,0.4150943396226414,1.0,"mom20@q0.6,hold_q=0.4,buy_top=10,hold_top=20,rebalance=20d,min_hold=5d,turnover_penalty=0.01,target_vol=0.18",-0.032600949745115515,-0.2618497239069419
2021-10-11 15:00:00,1000615.2186100002,214317.0,786298.2186100002,买,SH.601872,招商轮船,4.24,400,615.2186100002145,0.0006152186100001344,,持仓不变,账户级撮合-100股整手/现金约束,1,1696.0,4.596159999999999,0.0350509347374182,0.034746623230753775,0.18435754189944142,5.0,"mom20@q0.6,hold_q=0.4,buy_top=10,hold_top=20,rebalance=20d,min_hold=5d,turnover_penalty=0.01,target_vol=0.18",-0.032600949745115515,-0.2618497239069419
2021-10-11 15:00:00,1000615.2186100002,214317.0,786298.2186100002,买,SZ.002080,中材科技,29.57,100,615.2186100002145,0.0006152186100001344,,持仓不变,账户级撮合-100股整手/现金约束,1,2957.0,8.01347,0.02381428391213918,0.023641455336709367,0.007152588555858319,47.0,"mom20@q0.6,hold_q=0.4,buy_top=10,hold_top=20,rebalance=20d,min_hold=5d,turnover_penalty=0.01,target_vol=0.18",-0.032600949745115515,-0.2618497239069419
2021-10-11 15:00:00,1000615.2186100002,214317.0,786298.2186100002,买,SH.600875,东方电气,13.88,100,615.2186100002145,0.0006152186100001344,,持仓不变,账户级撮合-100股整手/现金约束,1,1388.0,3.7614799999999997,0.020121995876026144,0.019420052422342595,-0.08983606557377044,81.0,"mom20@q0.6,hold_q=0.4,buy_top=10,hold_top=20,rebalance=20d,min_hold=5d,turnover_penalty=0.01,target_vol=0.18",-0.032600949745115515,-0.2618497239069419
2021-10-12 15:00:00,991421.8122000002,208604.0,782817.8122000002,买,SH.601857,中国石油,4.35,200,-8578.18779999984,-0.008578187799999859,,持仓不变,账户级撮合-100股整手/现金约束,1,869.9999999999999,2.3576999999999995,0.03073647672003746,0.030713465878292878,0.33027522935779796,1.0,"mom20@q0.6,hold_q=0.4,buy_top=10,hold_top=20,rebalance=20d,min_hold=5d,turnover_penalty=0.01,target_vol=0.18",-0.032600949745115515,-0.2618497239069419
2021-10-12 15:00:00,991421.8122000002,208604.0,782817.8122000002,买,SH.601872,招商轮船,4.05,300,-8578.18779999984,-0.008578187799999859,,持仓不变,账户级撮合-100股整手/现金约束,1,1215.0,3.2926499999999996,0.0350509347374182,0.034722859207232594,0.057441253263707415,25.0,"mom20@q0.6,hold_q=0.4,buy_top=10,hold_top=20,rebalance=20d,min_hold=5d,turnover_penalty=0.01,target_vol=0.18",-0.032600949745115515,-0.2618497239069419
2021-10-12 15:00:00,991421.8122000002,208604.0,782817.8122000002,买,SH.601600,中国铝业,6.61,100,-8578.18779999984,-0.008578187799999859,,持仓不变,账户级撮合-100股整手/现金约束,1,661.0,1.7913099999999997,0.021312144347711965,0.020668296529132987,-0.06901408450704216,67.0,"mom20@q0.6,hold_q=0.4,buy_top=10,hold_top=20,rebalance=20d,min_hold=5d,turnover_penalty=0.01,target_vol=0.18",-0.032600949745115515,-0.2618497239069419
2021-10-12 15:00:00,991421.8122000002,208604.0,782817.8122000002,买,SH.600673,东阳光,7.25,100,-8578.18779999984,-0.008578187799999859,,持仓不变,账户级撮合-100股整手/现金约束,1,725.0,1.9647499999999998,0.019827599279067055,0.01974437092175971,-0.19800884955752207,104.0,"mom20@q0.6,hold_q=0.4,buy_top=10,hold_top=20,rebalance=20d,min_hold=5d,turnover_penalty=0.01,target_vol=0.18",-0.032600949745115515,-0.2618497239069419
2021-10-13 15:00:00,988982.2052600001,210089.0,778893.2052600001,买,SH.601857,中国石油,4.1,400,-11017.794739999925,-0.011017794739999975,,持仓不变,账户级撮合-100股整手/现金约束,1,1639.9999999999998,4.444399999999999,0.03073647672003746,0.030678003950560175,0.2693498452012384,2.0,"mom20@q0.6,hold_q=0.4,buy_top=10,hold_top=20,rebalance=20d,min_hold=5d,turnover_penalty=0.01,target_vol=0.18",-0.032600949745115515,-0.2618497239069419
2021-10-13 15:00:00,988982.2052600001,210089.0,778893.2052600001,买,SH.601872,招商轮船,3.79,600,-11017.794739999925,-0.011017794739999975,,持仓不变,账户级撮合-100股整手/现金约束,1,2274.0,6.162539999999999,0.0350509347374182,0.034873226046501976,-0.005249343832021025,40.0,"mom20@q0.6,hold_q=0.4,buy_top=10,hold_top=20,rebalance=20d,min_hold=5d,turnover_penalty=0.01,target_vol=0.18",-0.032600949745115515,-0.2618497239069419
2021-10-14 15:00:00,989488.1158700001,212108.0,777380.1158700001,买,SH.601857,中国石油,4.05,100,-10511.884129999904,-0.010511884129999927,,持仓不变,账户级撮合-100股整手/现金约束,1,405.0,1.0975499999999998,0.03073647672003746,0.030697690566291447,0.20895522388059695,2.0,"mom20@q0.6,hold_q=0.4,buy_top=10,hold_top=20,rebalance=20d,min_hold=5d,turnover_penalty=0.01,target_vol=0.18",-0.032600949745115515,-0.2618497239069419
2021-10-14 15:00:00,989488.1158700001,212108.0,777380.1158700001,买,SH.601872,招商轮船,3.68,300,-10511.884129999904,-0.010511884129999927,,持仓不变,账户级撮合-100股整手/现金约束,1,1104.0,2.99184,0.0350509347374182,0.03495949010927255,-0.07537688442211055,70.0,"mom20@q0.6,hold_q=0.4,buy_top=10,hold_top=20,rebalance=20d,min_hold=5d,turnover_penalty=0.01,target_vol=0.18",-0.032600949745115515,-0.2618497239069419
2021-10-15 15:00:00,992663.6082300001,213934.0,778729.6082300001,卖,SH.601857,中国石油,4.3,400,-7336.391769999871,-0.007336391769999895,超时卖/调仓卖,持仓不变,账户级撮合-卖出回款,1,1720.0,5.521199999999999,0.03073647672003746,0.030755635390358946,0.2721893491124261,2.0,"mom20@q0.6,hold_q=0.4,buy_top=10,hold_top=20,rebalance=20d,min_hold=5d,turnover_penalty=0.01,target_vol=0.18",-0.032600949745115515,-0.2618497239069419
2021-10-15 15:00:00,992663.6082300001,213934.0,778729.6082300001,买,SH.601872,招商轮船,3.64,100,-7336.391769999871,-0.007336391769999895,,持仓不变,账户级撮合-100股整手/现金约束,1,364.0,0.9864399999999999,0.0350509347374182,0.034835567369754745,-0.09226932668329169,75.0,"mom20@q0.6,hold_q=0.4,buy_top=10,hold_top=20,rebalance=20d,min_hold=5d,turnover_penalty=0.01,target_vol=0.18",-0.032600949745115515,-0.2618497239069419
2021-10-18 15:00:00,1002019.5563700002,219237.0,782782.5563700002,卖,SH.600673,东阳光,8.1,200,2019.5563700002385,0.002019556370000286,超时卖/调仓卖,持仓不变,账户级撮合-卖出回款,1,1620.0,5.2002,0.019827599279067055,0.020209186408855474,-0.12052117263843665,80.0,"mom20@q0.6,hold_q=0.4,buy_top=10,hold_top=20,rebalance=20d,min_hold=5d,turnover_penalty=0.01,target_vol=0.18",-0.032600949745115515,-0.2618497239069419
2021-10-18 15:00:00,1002019.5563700002,219237.0,782782.5563700002,卖,SH.601088,中国神华,13.0,100,2019.5563700002385,0.002019556370000286,超时卖/调仓卖,持仓不变,账户级撮合-卖出回款,1,1300.0,4.173,0.012602329389050508,0.012973798682228206,-0.02985074626865669,51.0,"mom20@q0.6,hold_q=0.4,buy_top=10,hold_top=20,rebalance=20d,min_hold=5d,turnover_penalty=0.01,target_vol=0.18",-0.032600949745115515,-0.2618497239069419
2021-10-18 15:00:00,1002019.5563700002,219237.0,782782.5563700002,卖,SH.601872,招商轮船,3.82,300,2019.5563700002385,0.002019556370000286,超时卖/调仓卖,持仓不变,账户级撮合-卖出回款,1,1146.0,3.67866,0.0350509347374182,0.03507316776063293,-0.059113300492610765,68.0,"mom20@q0.6,hold_q=0.4,buy_top=10,hold_top=20,rebalance=20d,min_hold=5d,turnover_penalty=0.01,target_vol=0.18",-0.032600949745115515,-0.2618497239069419
2021-10-19 15:00:00,1003723.8471300002,220100.0,783623.8471300002,卖,SH.600673,东阳光,8.44,100,3723.847130000242,0.0037238471300002907,超时卖/调仓卖,持仓不变,账户级撮合-卖出回款,1,844.0,2.70924,0.019827599279067055,0.02018084960113186,-0.10498409331919412,79.0,"mom20@q0.6,hold_q=0.4,buy_top=10,hold_top=20,rebalance=20d,min_hold=5d,turnover_penalty=0.01,target_vol=0.18",-0.032600949745115515,-0.2618497239069419
2021-10-20 15:00:00,1005440.7808900002,220527.0,784913.7808900002,卖,SH.600673,东阳光,8.91,100,5440.780890000169,0.0054407808900001076,超时卖/调仓卖,持仓不变,账户级撮合-卖出回款,1,891.0,2.8601099999999997,0.019827599279067055,0.020382105430276982,-0.030467899891186034,55.0,"mom20@q0.6,hold_q=0.4,buy_top=10,hold_top=20,rebalance=20d,min_hold=5d,turnover_penalty=0.01,target_vol=0.18",-0.032600949745115515,-0.2618497239069419
2021-10-20 15:00:00,1005440.7808900002,220527.0,784913.7808900002,卖,SZ.002080,中材科技,34.37,100,5440.780890000169,0.0054407808900001076,超时卖/调仓卖,持仓不变,账户级撮合-卖出回款,1,3436.9999999999995,11.032769999999998,0.02381428391213918,0.023928808595473278,0.031203120312031096,32.0,"mom20@q0.6,hold_q=0.4,buy_top=10,hold_top=20,rebalance=20d,min_hold=5d,turnover_penalty=0.01,target_vol=0.18",-0.032600949745115515,-0.2618497239069419
2021-10-20 15:00:00,1005440.7808900002,220527.0,784913.7808900002,买,SH.601857,中国石油,4.2,200,5440.780890000169,0.0054407808900001076,,持仓不变,账户级撮合-100股整手/现金约束,1,840.0,2.2763999999999998,0.03073647672003746,0.030494088346864404,0.12903225806451601,11.0,"mom20@q0.6,hold_q=0.4,buy_top=10,hold_top=20,rebalance=20d,min_hold=5d,turnover_penalty=0.01,target_vol=0.18",-0.032600949745115515,-0.2618497239069419
2021-10-20 15:00:00,1005440.7808900002,220527.0,784913.7808900002,买,SH.601088,中国神华,11.38,100,5440.780890000169,0.0054407808900001076,,持仓不变,账户级撮合-100股整手/现金约束,1,1138.0,3.0839799999999995,0.012602329389050508,0.012450260858644768,-0.14820359281437112,91.0,"mom20@q0.6,hold_q=0.4,buy_top=10,hold_top=20,rebalance=20d,min_hold=5d,turnover_penalty=0.01,target_vol=0.18",-0.032600949745115515,-0.2618497239069419
2021-10-20 15:00:00,1005440.7808900002,220527.0,784913.7808900002,买,SH.601872,招商轮船,3.77,100,5440.780890000169,0.0054407808900001076,,持仓不变,账户级撮合-100股整手/现金约束,1,377.0,1.0216699999999999,0.0350509347374182,0.03487127304401216,-0.17505470459518602,95.0,"mom20@q0.6,hold_q=0.4,buy_top=10,hold_top=20,rebalance=20d,min_hold=5d,turnover_penalty=0.01,target_vol=0.18",-0.032600949745115515,-0.2618497239069419
2021-10-20 15:00:00,1005440.7808900002,220527.0,784913.7808900002,买,SH.601600,中国铝业,6.61,100,5440.780890000169,0.0054407808900001076,,持仓不变,账户级撮合-100股整手/现金约束,1,661.0,1.7913099999999997,0.021312144347711965,0.021037539357888973,-0.32135523613963035,109.0,"mom20@q0.6,hold_q=0.4,buy_top=10,hold_top=20,rebalance=20d,min_hold=5d,turnover_penalty=0.01,target_vol=0.18",-0.032600949745115515,-0.2618497239069419
2021-10-22 15:00:00,999803.2091500002,217691.0,782112.2091500002,买,SH.601857,中国石油,4.05,200,-196.79084999975748,-0.00019679084999979501,,持仓不变,账户级撮合-100股整手/现金约束,1,810.0,2.1950999999999996,0.03073647672003746,0.030380978698621927,-0.038004750593824244,56.0,"mom20@q0.6,hold_q=0.4,buy_top=10,hold_top=20,rebalance=20d,min_hold=5d,turnover_penalty=0.01,target_vol=0.18",-0.032600949745115515,-0.2618497239069419
2021-10-22 15:00:00,999803.2091500002,217691.0,782112.2091500002,买,SH.601872,招商轮船,3.67,200,-196.79084999975748,-0.00019679084999979501,,持仓不变,账户级撮合-100股整手/现金约束,1,734.0,1.98914,0.0350509347374182,0.03487186246345526,-0.21244635193133055,101.0,"mom20@q0.6,hold_q=0.4,buy_top=10,hold_top=20,rebalance=20d,min_hold=5d,turnover_penalty=0.01,target_vol=0.18",-0.032600949745115515,-0.2618497239069419
2021-10-22 15:00:00,999803.2091500002,217691.0,782112.2091500002,买,SH.601600,中国铝业,6.25,200,-196.79084999975748,-0.00019679084999979501,,持仓不变,账户级撮合-100股整手/现金约束,1,1250.0,3.3874999999999997,0.021312144347711965,0.021254182628665547,-0.29458239277652365,109.0,"mom20@q0.6,hold_q=0.4,buy_top=10,hold_top=20,rebalance=20d,min_hold=5d,turnover_penalty=0.01,target_vol=0.18",-0.032600949745115515,-0.2618497239069419
2021-10-25 15:00:00,1008877.3625600003,223397.0,785480.3625600003,卖,SH.600875,东方电气,15.95,100,8877.36256000027,0.008877362560000268,超时卖/调仓卖,持仓不变,账户级撮合-卖出回款,1,1595.0,5.119949999999999,0.020121995876026144,0.020552547583569,0.07262945527908538,29.0,"mom20@q0.6,hold_q=0.4,buy_top=10,hold_top=20,rebalance=20d,min_hold=5d,turnover_penalty=0.01,target_vol=0.18",-0.032600949745115515,-0.2618497239069419
2021-10-25 15:00:00,1008877.3625600003,223397.0,785480.3625600003,卖,SH.600673,东阳光,9.32,100,8877.36256000027,0.008877362560000268,超时卖/调仓卖,持仓不变,账户级撮合-卖出回款,1,932.0,2.99172,0.019827599279067055,0.020323580209958947,0.025302530253025424,41.0,"mom20@q0.6,hold_q=0.4,buy_top=10,hold_top=20,rebalance=20d,min_hold=5d,turnover_penalty=0.01,target_vol=0.18",-0.032600949745115515,-0.2618497239069419
2021-10-25 15:00:00,1008877.3625600003,223397.0,785480.3625600003,卖,SH.601857,中国石油,4.26,200,8877.36256000027,0.008877362560000268,超时卖/调仓卖,持仓不变,账户级撮合-卖出回款,1,852.0,2.73492,0.03073647672003746,0.030824360971971488,0.021582733812949506,42.0,"mom20@q0.6,hold_q=0.4,buy_top=10,hold_top=20,rebalance=20d,min_hold=5d,turnover_penalty=0.01,target_vol=0.18",-0.032600949745115515,-0.2618497239069419
2021-10-26 15:00:00,1007842.4115600003,219272.0,788570.4115600003,卖,SH.600673,东阳光,9.64,100,7842.41156000027,0.007842411560000206,超时卖/调仓卖,持仓不变,账户级撮合-卖出回款,1,964.0,3.0944399999999996,0.019827599279067055,0.020086473607183384,0.0010384215991692258,59.0,"mom20@q0.6,hold_q=0.4,buy_top=10,hold_top=20,rebalance=20d,min_hold=5d,turnover_penalty=0.01,target_vol=0.18",-0.032600949745115515,-0.2618497239069419
2021-10-26 15:00:00,1007842.4115600003,219272.0,788570.4115600003,卖,SH.601872,招商轮船,3.78,100,7842.41156000027,0.007842411560000206,超时卖/调仓卖,持仓不变,账户级撮合-卖出回款,1,378.0,1.21338,0.0350509347374182,0.03525551176696503,-0.15436241610738255,103.0,"mom20@q0.6,hold_q=0.4,buy_top=10,hold_top=20,rebalance=20d,min_hold=5d,turnover_penalty=0.01,target_vol=0.18",-0.032600949745115515,-0.2618497239069419
2021-10-26 15:00:00,1007842.4115600003,219272.0,788570.4115600003,卖,SH.600089,特变电工,17.58,100,7842.41156000027,0.007842411560000206,超时卖/调仓卖,持仓不变,账户级撮合-卖出回款,1,1757.9999999999998,5.643179999999999,0.019040642358088444,0.019187523543554248,0.030480656506447712,44.0,"mom20@q0.6,hold_q=0.4,buy_top=10,hold_top=20,rebalance=20d,min_hold=5d,turnover_penalty=0.01,target_vol=0.18",-0.032600949745115515,-0.2618497239069419
2021-10-27 15:00:00,1008277.6356700002,221858.0,786419.6356700002,卖,SH.600673,东阳光,10.1,100,8277.635670000222,0.008277635670000283,超时卖/调仓卖,持仓不变,账户级撮合-卖出回款,1,1010.0,3.2420999999999998,0.019827599279067055,0.020034164485436698,-0.01846452866861026,56.0,"mom20@q0.6,hold_q=0.4,buy_top=10,hold_top=20,rebalance=20d,min_hold=5d,turnover_penalty=0.01,target_vol=0.18",-0.032600949745115515,-0.2618497239069419
2021-10-27 15:00:00,1008277.6356700002,221858.0,786419.6356700002,买,SH.601857,中国石油,4.16,100,8277.635670000222,0.008277635670000283,,持仓不变,账户级撮合-100股整手/现金约束,1,416.0,1.12736,0.03073647672003746,0.03053127324354868,-0.06726457399103136,78.0,"mom20@q0.6,hold_q=0.4,buy_top=10,hold_top=20,rebalance=20d,min_hold=5d,turnover_penalty=0.01,target_vol=0.18",-0.032600949745115515,-0.2618497239069419
2021-10-27 15:00:00,1008277.6356700002,221858.0,786419.6356700002,买,SH.601088,中国神华,10.39,100,8277.635670000222,0.008277635670000283,,持仓不变,账户级撮合-100股整手/现金约束,1,1039.0,2.8156899999999996,0.012602329389050508,0.012365641722991323,-0.21228203184230465,104.0,"mom20@q0.6,hold_q=0.4,buy_top=10,hold_top=20,rebalance=20d,min_hold=5d,turnover_penalty=0.01,target_vol=0.18",-0.032600949745115515,-0.2618497239069419
2021-10-27 15:00:00,1008277.6356700002,221858.0,786419.6356700002,买,SH.601872,招商轮船,3.64,300,8277.635670000222,0.008277635670000283,,持仓不变,账户级撮合-100股整手/现金约束,1,1092.0,2.9593199999999995,0.0350509347374182,0.03501813265602965,-0.22055674518201285,108.0,"mom20@q0.6,hold_q=0.4,buy_top=10,hold_top=20,rebalance=20d,min_hold=5d,turnover_penalty=0.01,target_vol=0.18",-0.032600949745115515,-0.2618497239069419
2021-10-27 15:00:00,1008277.6356700002,221858.0,786419.6356700002,买,SH.601600,中国铝业,6.02,100,8277.635670000222,0.008277635670000283,,持仓不变,账户级撮合-100股整手/现金约束,1,602.0,1.6314199999999999,0.021312144347711965,0.020897022064759962,-0.3533834586466166,109.0,"mom20@q0.6,hold_q=0.4,buy_top=10,hold_top=20,rebalance=20d,min_hold=5d,turnover_penalty=0.01,target_vol=0.18",-0.032600949745115515,-0.2618497239069419
2021-10-28 15:00:00,998650.8327600001,218367.0,780283.8327600001,卖,SH.600875,东方电气,17.31,100,-1349.1672399998643,-0.0013491672399998933,超时卖/调仓卖,持仓不变,账户级撮合-卖出回款,1,1730.9999999999998,5.5565099999999985,0.020121995876026144,0.020800062763270146,-0.07581420181526966,68.0,"mom20@q0.6,hold_q=0.4,buy_top=10,hold_top=20,rebalance=20d,min_hold=5d,turnover_penalty=0.01,target_vol=0.18",-0.032600949745115515,-0.2618497239069419
2021-10-28 15:00:00,998650.8327600001,218367.0,780283.8327600001,买,SH.601857,中国石油,3.8,600,-1349.1672399998643,-0.0013491672399998933,,持仓不变,账户级撮合-100股整手/现金约束,1,2280.0,6.178799999999999,0.03073647672003746,0.030441070094522068,-0.12442396313364057,88.0,"mom20@q0.6,hold_q=0.4,buy_top=10,hold_top=20,rebalance=20d,min_hold=5d,turnover_penalty=0.01,target_vol=0.18",-0.032600949745115515,-0.2618497239069419
2021-10-28 15:00:00,998650.8327600001,218367.0,780283.8327600001,买,SH.601088,中国神华,9.56,100,-1349.1672399998643,-0.0013491672399998933,,持仓不变,账户级撮合-100股整手/现金约束,1,956.0,2.59076,0.012602329389050508,0.012444790103115798,-0.25545171339563855,105.0,"mom20@q0.6,hold_q=0.4,buy_top=10,hold_top=20,rebalance=20d,min_hold=5d,turnover_penalty=0.01,target_vol=0.18",-0.032600949745115515,-0.2618497239069419
2021-10-28 15:00:00,998650.8327600001,218367.0,780283.8327600001,买,SH.600150,中国船舶,20.9,100,-1349.1672399998643,-0.0013491672399998933,,持仓不变,账户级撮合-100股整手/现金约束,1,2090.0,5.663899999999999,0.018888346844566386,0.01883541212098553,-0.2871759890859482,107.0,"mom20@q0.6,hold_q=0.4,buy_top=10,hold_top=20,rebalance=20d,min_hold=5d,turnover_penalty=0.01,target_vol=0.18",-0.032600949745115515,-0.2618497239069419
2021-10-28 15:00:00,998650.8327600001,218367.0,780283.8327600001,买,SH.601872,招商轮船,3.45,400,-1349.1672399998643,-0.0013491672399998933,,持仓不变,账户级撮合-100股整手/现金约束,1,1380.0,3.7398,0.0350509347374182,0.03489207524485597,-0.30020283975659223,108.0,"mom20@q0.6,hold_q=0.4,buy_top=10,hold_top=20,rebalance=20d,min_hold=5d,turnover_penalty=0.01,target_vol=0.18",-0.032600949745115515,-0.2618497239069419
2021-10-28 15:00:00,998650.8327600001,218367.0,780283.8327600001,买,SH.601600,中国铝业,5.67,200,-1349.1672399998643,-0.0013491672399998933,,持仓不变,账户级撮合-100股整手/现金约束,1,1134.0,3.0731399999999995,0.021312144347711965,0.02100734241819008,-0.36076662908680945,109.0,"mom20@q0.6,hold_q=0.4,buy_top=10,hold_top=20,rebalance=20d,min_hold=5d,turnover_penalty=0.01,target_vol=0.18",-0.032600949745115515,-0.2618497239069419
2021-10-29 15:00:00,1001572.4746000001,260686.0,740886.4746000001,卖,SH.600875,东方电气,16.71,1200,1572.4746000000741,0.0015724746000000955,超时卖/调仓卖,调仓卖出-跌破持有阈值、跌出持有排名,账户级撮合-卖出回款,1,20052.0,64.36692,0.0,0.0,-0.06386554621848739,79.0,"mom20@q0.6,hold_q=0.4,buy_top=10,hold_top=20,rebalance=20d,min_hold=5d,turnover_penalty=0.01,target_vol=0.18",-0.032600949745115515,-0.2618497239069419
2021-10-29 15:00:00,1001572.4746000001,260686.0,740886.4746000001,卖,SZ.300390,天华新能,78.42,200,1572.4746000000741,0.0015724746000000955,超时卖/调仓卖,调仓卖出-跌出持有排名,账户级撮合-卖出回款,1,15684.0,50.345639999999996,0.0,0.0,0.011609907120743168,46.0,"mom20@q0.6,hold_q=0.4,buy_top=10,hold_top=20,rebalance=20d,min_hold=5d,turnover_penalty=0.01,target_vol=0.18",-0.032600949745115515,-0.2618497239069419
2021-10-29 15:00:00,1001572.4746000001,260686.0,740886.4746000001,卖,SH.600673,东阳光,10.04,2000,1572.4746000000741,0.0015724746000000955,超时卖/调仓卖,调仓卖出-跌出持有排名,账户级撮合-卖出回款,1,20080.0,64.4568,0.0,0.0,0.0404145077720206,35.0,"mom20@q0.6,hold_q=0.4,buy_top=10,hold_top=20,rebalance=20d,min_hold=5d,turnover_penalty=0.01,target_vol=0.18",-0.032600949745115515,-0.2618497239069419
2021-10-29 15:00:00,1001572.4746000001,260686.0,740886.4746000001,卖,SH.601857,中国石油,3.83,8000,1572.4746000000741,0.0015724746000000955,超时卖/调仓卖,调仓卖出-跌破持有阈值、跌出持有排名,账户级撮合-卖出回款,1,30640.0,98.3544,0.0,0.0,-0.11342592592592593,90.0,"mom20@q0.6,hold_q=0.4,buy_top=10,hold_top=20,rebalance=20d,min_hold=5d,turnover_penalty=0.01,target_vol=0.18",-0.032600949745115515,-0.2618497239069419
2021-10-29 15:00:00,1001572.4746000001,260686.0,740886.4746000001,卖,SH.601088,中国神华,9.3,1300,1572.4746000000741,0.0015724746000000955,超时卖/调仓卖,调仓卖出-跌破持有阈值、跌出持有排名,账户级撮合-卖出回款,1,12090.000000000002,38.8089,0.0,0.0,-0.17771883289124668,103.0,"mom20@q0.6,hold_q=0.4,buy_top=10,hold_top=20,rebalance=20d,min_hold=5d,turnover_penalty=0.01,target_vol=0.18",-0.032600949745115515,-0.2618497239069419
2021-10-29 15:00:00,1001572.4746000001,260686.0,740886.4746000001,卖,SZ.002080,中材科技,35.6,700,1572.4746000000741,0.0015724746000000955,超时卖/调仓卖,调仓卖出-跌破持有阈值、跌出持有排名,账户级撮合-卖出回款,1,24920.0,79.99319999999999,0.0,0.0,-0.1148682247637991,91.0,"mom20@q0.6,hold_q=0.4,buy_top=10,hold_top=20,rebalance=20d,min_hold=5d,turnover_penalty=0.01,target_vol=0.18",-0.032600949745115515,-0.2618497239069419
2021-10-29 15:00:00,1001572.4746000001,260686.0,740886.4746000001,卖,SH.601872,招商轮船,3.72,10100,1572.4746000000741,0.0015724746000000955,超时卖/调仓卖,调仓卖出-跌破持有阈值、跌出持有排名,账户级撮合-卖出回款,1,37572.0,120.60611999999999,0.0,0.0,-0.22175732217573219,106.0,"mom20@q0.6,hold_q=0.4,buy_top=10,hold_top=20,rebalance=20d,min_hold=5d,turnover_penalty=0.01,target_vol=0.18",-0.032600949745115515,-0.2618497239069419
2021-10-29 15:00:00,1001572.4746000001,260686.0,740886.4746000001,卖,SH.600150,中国船舶,22.05,900,1572.4746000000741,0.0015724746000000955,超时卖/调仓卖,调仓卖出-跌破持有阈值、跌出持有排名,账户级撮合-卖出回款,1,19845.0,63.70244999999999,0.0,0.0,-0.22767075306479856,107.0,"mom20@q0.6,hold_q=0.4,buy_top=10,hold_top=20,rebalance=20d,min_hold=5d,turnover_penalty=0.01,target_vol=0.18",-0.032600949745115515,-0.2618497239069419
2021-10-29 15:00:00,1001572.4746000001,260686.0,740886.4746000001,卖,SH.601600,中国铝业,5.65,3700,1572.4746000000741,0.0015724746000000955,超时卖/调仓卖,调仓卖出-跌破持有阈值、跌出持有排名,账户级撮合-卖出回款,1,20905.0,67.10504999999999,0.0,0.0,-0.3257756563245824,109.0,"mom20@q0.6,hold_q=0.4,buy_top=10,hold_top=20,rebalance=20d,min_hold=5d,turnover_penalty=0.01,target_vol=0.18",-0.032600949745115515,-0.2618497239069419
2021-10-29 15:00:00,1001572.4746000001,260686.0,740886.4746000001,卖,SH.600089,特变电工,19.02,1100,1572.4746000000741,0.0015724746000000955,超时卖/调仓卖,调仓卖出-跌出持有排名,账户级撮合-卖出回款,1,20922.0,67.15961999999999,0.0,0.0,0.08561643835616439,27.0,"mom20@q0.6,hold_q=0.4,buy_top=10,hold_top=20,rebalance=20d,min_hold=5d,turnover_penalty=0.01,target_vol=0.18",-0.032600949745115515,-0.2618497239069419
2021-10-29 15:00:00,1001572.4746000001,260686.0,740886.4746000001,买,SH.605117,德业股份,42.09,300,1572.4746000000741,0.0015724746000000955,,调仓买入-新进前N、满足动量阈值,账户级撮合-100股整手/现金约束,1,12627.000000000002,34.21917,0.016564934792309423,0.012607175536690813,0.5877027536778574,1.0,"mom20@q0.6,hold_q=0.4,buy_top=10,hold_top=20,rebalance=20d,min_hold=5d,turnover_penalty=0.01,target_vol=0.18",-0.032600949745115515,-0.2618497239069419
2021-10-29 15:00:00,1001572.4746000001,260686.0,740886.4746000001,买,SZ.002837,英维克,15.02,1200,1572.4746000000741,0.0015724746000000955,,调仓买入-新进前N、满足动量阈值,账户级撮合-100股整手/现金约束,1,18024.0,48.84504,0.01944100012998431,0.017995702215357186,0.3470852017937218,2.0,"mom20@q0.6,hold_q=0.4,buy_top=10,hold_top=20,rebalance=20d,min_hold=5d,turnover_penalty=0.01,target_vol=0.18",-0.032600949745115515,-0.2618497239069419
2021-10-29 15:00:00,1001572.4746000001,260686.0,740886.4746000001,买,SZ.300750,宁德时代,334.66,100,1572.4746000000741,0.0015724746000000955,,调仓买入-新进前N、满足动量阈值,账户级撮合-100股整手/现金约束,1,33466.0,90.69286,0.03963011902796374,0.03341345818570481,0.30061015895223675,3.0,"mom20@q0.6,hold_q=0.4,buy_top=10,hold_top=20,rebalance=20d,min_hold=5d,turnover_penalty=0.01,target_vol=0.18",-0.032600949745115515,-0.2618497239069419
2021-10-29 15:00:00,1001572.4746000001,260686.0,740886.4746000001,买,SZ.002714,牧原股份,53.4,500,1572.4746000000741,0.0015724746000000955,,调仓买入-新进前N、满足动量阈值,账户级撮合-100股整手/现金约束,1,26700.0,72.357,0.030745618804553943,0.02665808084498651,0.28057553956834513,4.0,"mom20@q0.6,hold_q=0.4,buy_top=10,hold_top=20,rebalance=20d,min_hold=5d,turnover_penalty=0.01,target_vol=0.18",-0.032600949745115515,-0.2618497239069419
2021-10-29 15:00:00,1001572.4746000001,260686.0,740886.4746000001,买,SZ.300014,亿纬锂能,111.65,400,1572.4746000000741,0.0015724746000000955,,调仓买入-新进前N、满足动量阈值,账户级撮合-100股整手/现金约束,1,44660.0,121.02859999999998,0.048046531786987604,0.04458988354071526,0.2727998176014592,5.0,"mom20@q0.6,hold_q=0.4,buy_top=10,hold_top=20,rebalance=20d,min_hold=5d,turnover_penalty=0.01,target_vol=0.18",-0.032600949745115515,-0.2618497239069419
2021-10-29 15:00:00,1001572.4746000001,260686.0,740886.4746000001,买,SZ.002594,比亚迪,101.0,300,1572.4746000000741,0.0015724746000000955,,调仓买入-新进前N、满足动量阈值,账户级撮合-100股整手/现金约束,1,30300.0,82.11299999999999,0.037570114034088865,0.030252428824085815,0.24460874922982123,6.0,"mom20@q0.6,hold_q=0.4,buy_top=10,hold_top=20,rebalance=20d,min_hold=5d,turnover_penalty=0.01,target_vol=0.18",-0.032600949745115515,-0.2618497239069419
2021-10-29 15:00:00,1001572.4746000001,260686.0,740886.4746000001,买,SZ.300274,阳光电源,113.94,200,1572.4746000000741,0.0015724746000000955,,调仓买入-新进前N、满足动量阈值,账户级撮合-100股整手/现金约束,1,22788.0,61.75547999999999,0.02845303220881359,0.0227522227076986,0.1751237623762376,9.0,"mom20@q0.6,hold_q=0.4,buy_top=10,hold_top=20,rebalance=20d,min_hold=5d,turnover_penalty=0.01,target_vol=0.18",-0.032600949745115515,-0.2618497239069419
2021-10-29 15:00:00,1001572.4746000001,260686.0,740886.4746000001,买,SH.600406,国电南瑞,25.17,1100,1572.4746000000741,0.0015724746000000955,,调仓买入-满足动量阈值,账户级撮合-100股整手/现金约束,1,27687.000000000004,75.03177000000001,0.027820988656088272,0.02764353124925624,0.13737008585630384,13.0,"mom20@q0.6,hold_q=0.4,buy_top=10,hold_top=20,rebalance=20d,min_hold=5d,turnover_penalty=0.01,target_vol=0.18",-0.032600949745115515,-0.2618497239069419
2021-10-29 15:00:00,1001572.4746000001,260686.0,740886.4746000001,买,SZ.300620,光库科技,29.9,700,1572.4746000000741,0.0015724746000000955,,调仓买入-满足动量阈值,账户级撮合-100股整手/现金约束,1,20930.0,56.720299999999995,0.021243370140199738,0.02089713977848568,0.11276516561220684,17.0,"mom20@q0.6,hold_q=0.4,buy_top=10,hold_top=20,rebalance=20d,min_hold=5d,turnover_penalty=0.01,target_vol=0.18",-0.032600949745115515,-0.2618497239069419
2021-10-29 15:00:00,1001572.4746000001,260686.0,740886.4746000001,买,SH.601869,长飞光纤,29.38,800,1572.4746000000741,0.0015724746000000955,,调仓买入-调仓纳入持仓,账户级撮合-100股整手/现金约束,1,23504.0,63.69584,0.02482970817887708,0.023467098583541682,0.042213550904576014,34.0,"mom20@q0.6,hold_q=0.4,buy_top=10,hold_top=20,rebalance=20d,min_hold=5d,turnover_penalty=0.01,target_vol=0.18",-0.032600949745115515,-0.2618497239069419
2021-11-02 15:00:00,1002352.24707,265620.0,736732.24707,买,SH.605117,德业股份,41.43,100,2352.2470700000413,0.0023522470700001463,,持仓不变,账户级撮合-100股整手/现金约束,1,4143.0,11.22753,0.016564934792309423,0.0165331100403496,0.6027079303675047,2.0,"mom20@q0.6,hold_q=0.4,buy_top=10,hold_top=20,rebalance=20d,min_hold=5d,turnover_penalty=0.01,target_vol=0.18",-0.032600949745115515,-0.2618497239069419
2021-11-05 15:00:00,997929.4449400001,262604.0,735325.4449400001,买,SZ.002837,英维克,14.03,100,-2070.555059999926,-0.002070555059999979,,持仓不变,账户级撮合-100股整手/现金约束,1,1403.0,3.8021299999999996,0.01944100012998431,0.018276843210189683,0.3781925343811394,3.0,"mom20@q0.6,hold_q=0.4,buy_top=10,hold_top=20,rebalance=20d,min_hold=5d,turnover_penalty=0.01,target_vol=0.18",-0.032600949745115515,-0.2618497239069419
2021-11-10 15:00:00,1006309.16858,273306.0,733003.16858,买,SH.600406,国电南瑞,23.16,100,6309.168580000056,0.00630916858000008,,持仓不变,账户级撮合-100股整手/现金约束,1,2316.0,6.2763599999999995,0.027820988656088272,0.027617754928355876,0.11830033800096573,31.0,"mom20@q0.6,hold_q=0.4,buy_top=10,hold_top=20,rebalance=20d,min_hold=5d,turnover_penalty=0.01,target_vol=0.18",-0.032600949745115515,-0.2618497239069419
2021-11-15 15:00:00,1002101.4504600001,270474.0,731627.4504600001,买,SZ.002837,英维克,13.72,100,2101.45046000008,0.0021014504600000983,,持仓不变,账户级撮合-100股整手/现金约束,1,1372.0,3.7181199999999994,0.01944100012998431,0.01916771998601823,0.14428690575479575,22.0,"mom20@q0.6,hold_q=0.4,buy_top=10,hold_top=20,rebalance=20d,min_hold=5d,turnover_penalty=0.01,target_vol=0.18",-0.032600949745115515,-0.2618497239069419
2021-11-17 15:00:00,1005680.28101,271516.0,734164.28101,卖,SH.600406,国电南瑞,25.45,100,5680.281010000035,0.005680281010000066,超时卖/调仓卖,持仓不变,账户级撮合-卖出回款,1,2545.0,8.16945,0.027820988656088272,0.027836878706505763,0.07884696905468425,38.0,"mom20@q0.6,hold_q=0.4,buy_top=10,hold_top=20,rebalance=20d,min_hold=5d,turnover_penalty=0.01,target_vol=0.18",-0.032600949745115515,-0.2618497239069419
2021-11-19 15:00:00,1007575.28946,271861.0,735714.28946,卖,SZ.002837,英维克,15.55,100,7575.28946,0.007575289460000079,超时卖/调仓卖,持仓不变,账户级撮合-卖出回款,1,1555.0,4.991549999999999,0.01944100012998431,0.020063016839996173,0.14338235294117663,23.0,"mom20@q0.6,hold_q=0.4,buy_top=10,hold_top=20,rebalance=20d,min_hold=5d,turnover_penalty=0.01,target_vol=0.18",-0.032600949745115515,-0.2618497239069419
2021-11-24 15:00:00,1016983.55287,282884.0,734099.55287,卖,SZ.300620,光库科技,36.2,100,16983.552870000014,0.016983552869999974,超时卖/调仓卖,持仓不变,账户级撮合-卖出回款,1,3620.0000000000005,11.6202,0.021243370140199738,0.021357277547610885,0.22462787550744268,16.0,"mom20@q0.6,hold_q=0.4,buy_top=10,hold_top=20,rebalance=20d,min_hold=5d,turnover_penalty=0.01,target_vol=0.18",-0.032600949745115515,-0.2618497239069419
2021-11-24 15:00:00,1016983.55287,282884.0,734099.55287,买,SZ.002714,牧原股份,52.09,100,16983.552870000014,0.016983552869999974,,持仓不变,账户级撮合-100股整手/现金约束,1,5209.0,14.116389999999999,0.030745618804553943,0.030732060426935114,0.010671323244082265,74.0,"mom20@q0.6,hold_q=0.4,buy_top=10,hold_top=20,rebalance=20d,min_hold=5d,turnover_penalty=0.01,target_vol=0.18",-0.032600949745115515,-0.2618497239069419
2021-11-25 15:00:00,1017340.1296100001,283637.0,733703.1296100001,卖,SH.600406,国电南瑞,29.39,100,17340.12961000006,0.017340129609999977,超时卖/调仓卖,持仓不变,账户级撮合-卖出回款,1,2939.0,9.43419,0.027820988656088272,0.028889059956051014,0.1373839009287925,33.0,"mom20@q0.6,hold_q=0.4,buy_top=10,hold_top=20,rebalance=20d,min_hold=5d,turnover_penalty=0.01,target_vol=0.18",-0.032600949745115515,-0.2618497239069419
2021-11-25 15:00:00,1017340.1296100001,283637.0,733703.1296100001,买,SH.605117,德业股份,33.17,100,17340.12961000006,0.017340129609999977,,持仓不变,账户级撮合-100股整手/现金约束,1,3317.0,8.98907,0.016564934792309423,0.016302315732259477,-0.12178978024887477,104.0,"mom20@q0.6,hold_q=0.4,buy_top=10,hold_top=20,rebalance=20d,min_hold=5d,turnover_penalty=0.01,target_vol=0.18",-0.032600949745115515,-0.2618497239069419
2021-11-26 15:00:00,1017530.2700200003,259088.0,758442.2700200003,卖,SH.605117,德业股份,33.95,500,17530.270020000287,0.017530270020000183,超时卖/调仓卖,调仓卖出-跌破持有阈值、跌出持有排名,账户级撮合-卖出回款,1,16975.0,54.489749999999994,0.0,0.0,-0.19339510572582563,109.0,"mom20@q0.6,hold_q=0.4,buy_top=10,hold_top=20,rebalance=20d,min_hold=5d,turnover_penalty=0.01,target_vol=0.18",-0.032600949745115515,-0.2618497239069419
2021-11-26 15:00:00,1017530.2700200003,259088.0,758442.2700200003,卖,SZ.002837,英维克,14.52,1300,17530.270020000287,0.017530270020000183,超时卖/调仓卖,调仓卖出-跌破持有阈值、跌出持有排名,账户级撮合-卖出回款,1,18876.0,60.59195999999999,0.0,0.0,-0.03328894806924099,86.0,"mom20@q0.6,hold_q=0.4,buy_top=10,hold_top=20,rebalance=20d,min_hold=5d,turnover_penalty=0.01,target_vol=0.18",-0.032600949745115515,-0.2618497239069419
2021-11-26 15:00:00,1017530.2700200003,259088.0,758442.2700200003,卖,SZ.300750,宁德时代,345.09,100,17530.270020000287,0.017530270020000183,超时卖/调仓卖,调仓卖出-跌出持有排名,账户级撮合-卖出回款,1,34509.0,110.77389,0.0,0.0,0.031165959481264327,61.0,"mom20@q0.6,hold_q=0.4,buy_top=10,hold_top=20,rebalance=20d,min_hold=5d,turnover_penalty=0.01,target_vol=0.18",-0.032600949745115515,-0.2618497239069419
2021-11-26 15:00:00,1017530.2700200003,259088.0,758442.2700200003,卖,SZ.002714,牧原股份,50.94,600,17530.270020000287,0.017530270020000183,超时卖/调仓卖,调仓卖出-跌破持有阈值、跌出持有排名,账户级撮合-卖出回款,1,30564.0,98.11044,0.0,0.0,-0.046067415730337125,90.0,"mom20@q0.6,hold_q=0.4,buy_top=10,hold_top=20,rebalance=20d,min_hold=5d,turnover_penalty=0.01,target_vol=0.18",-0.032600949745115515,-0.2618497239069419
2021-11-26 15:00:00,1017530.2700200003,259088.0,758442.2700200003,卖,SZ.300014,亿纬锂能,146.95,200,17530.270020000287,0.017530270020000183,超时卖/调仓卖,调仓卖出-权重下调,账户级撮合-卖出回款,1,29389.999999999996,94.34189999999998,0.024992524720711687,0.02888366161276196,0.31616659202866093,8.0,"mom20@q0.6,hold_q=0.4,buy_top=10,hold_top=20,rebalance=20d,min_hold=5d,turnover_penalty=0.01,target_vol=0.18",-0.032600949745115515,-0.2618497239069419
2021-11-26 15:00:00,1017530.2700200003,259088.0,758442.2700200003,卖,SZ.002594,比亚迪,96.45,300,17530.270020000287,0.017530270020000183,超时卖/调仓卖,调仓卖出-跌破持有阈值、跌出持有排名,账户级撮合-卖出回款,1,28935.0,92.88135,0.0,0.0,-0.04504950495049498,87.0,"mom20@q0.6,hold_q=0.4,buy_top=10,hold_top=20,rebalance=20d,min_hold=5d,turnover_penalty=0.01,target_vol=0.18",-0.032600949745115515,-0.2618497239069419
2021-11-26 15:00:00,1017530.2700200003,259088.0,758442.2700200003,卖,SZ.300274,阳光电源,105.87,200,17530.270020000287,0.017530270020000183,超时卖/调仓卖,调仓卖出-跌破持有阈值、跌出持有排名,账户级撮合-卖出回款,1,21174.0,67.96853999999999,0.0,0.0,-0.07082675092153756,95.0,"mom20@q0.6,hold_q=0.4,buy_top=10,hold_top=20,rebalance=20d,min_hold=5d,turnover_penalty=0.01,target_vol=0.18",-0.032600949745115515,-0.2618497239069419
2021-11-26 15:00:00,1017530.2700200003,259088.0,758442.2700200003,卖,SH.600406,国电南瑞,29.32,1000,17530.270020000287,0.017530270020000183,超时卖/调仓卖,调仓卖出-跌出持有排名,账户级撮合-卖出回款,1,29320.0,94.1172,0.0,0.0,0.16487882399682152,22.0,"mom20@q0.6,hold_q=0.4,buy_top=10,hold_top=20,rebalance=20d,min_hold=5d,turnover_penalty=0.01,target_vol=0.18",-0.032600949745115515,-0.2618497239069419
2021-11-26 15:00:00,1017530.2700200003,259088.0,758442.2700200003,卖,SZ.300620,光库科技,34.19,600,17530.270020000287,0.017530270020000183,超时卖/调仓卖,调仓卖出-跌出持有排名,账户级撮合-卖出回款,1,20514.0,65.84993999999999,0.0,0.0,0.14347826086956528,25.0,"mom20@q0.6,hold_q=0.4,buy_top=10,hold_top=20,rebalance=20d,min_hold=5d,turnover_penalty=0.01,target_vol=0.18",-0.032600949745115515,-0.2618497239069419
2021-11-26 15:00:00,1017530.2700200003,259088.0,758442.2700200003,卖,SH.601869,长飞光纤,32.03,800,17530.270020000287,0.017530270020000183,超时卖/调仓卖,调仓卖出-跌出持有排名,账户级撮合-卖出回款,1,25624.0,82.25304,0.0,0.0,0.09019741320626284,37.0,"mom20@q0.6,hold_q=0.4,buy_top=10,hold_top=20,rebalance=20d,min_hold=5d,turnover_penalty=0.01,target_vol=0.18",-0.032600949745115515,-0.2618497239069419
2021-11-26 15:00:00,1017530.2700200003,259088.0,758442.2700200003,买,SH.600522,中天科技,16.8,1200,17530.270020000287,0.017530270020000183,,调仓买入-新进前N、满足动量阈值,账户级撮合-100股整手/现金约束,1,20160.0,54.633599999999994,0.02026067339040298,0.019812678397865983,0.7891373801916932,1.0,"mom20@q0.6,hold_q=0.4,buy_top=10,hold_top=20,rebalance=20d,min_hold=5d,turnover_penalty=0.01,target_vol=0.18",-0.032600949745115515,-0.2618497239069419
2021-11-26 15:00:00,1017530.2700200003,259088.0,758442.2700200003,买,SZ.002463,沪电股份,13.12,2100,17530.270020000287,0.017530270020000183,,调仓买入-新进前N、满足动量阈值,账户级撮合-100股整手/现金约束,1,27552.0,74.66591999999999,0.02722418029803494,0.027077327143750177,0.5545023696682465,2.0,"mom20@q0.6,hold_q=0.4,buy_top=10,hold_top=20,rebalance=20d,min_hold=5d,turnover_penalty=0.01,target_vol=0.18",-0.032600949745115515,-0.2618497239069419
2021-11-26 15:00:00,1017530.2700200003,259088.0,758442.2700200003,买,SH.600105,永鼎股份,5.67,4800,17530.270020000287,0.017530270020000183,,调仓买入-新进前N、满足动量阈值,账户级撮合-100股整手/现金约束,1,27216.0,73.75536,0.026791781437516045,0.026747115837119077,0.5039787798408488,3.0,"mom20@q0.6,hold_q=0.4,buy_top=10,hold_top=20,rebalance=20d,min_hold=5d,turnover_penalty=0.01,target_vol=0.18",-0.032600949745115515,-0.2618497239069419
2021-11-26 15:00:00,1017530.2700200003,259088.0,758442.2700200003,买,SZ.300757,罗博特科,43.49,700,17530.270020000287,0.017530270020000183,,调仓买入-新进前N、满足动量阈值,账户级撮合-100股整手/现金约束,1,30443.0,82.50053,0.03003066198634202,0.02991852026122193,0.4732384823848239,4.0,"mom20@q0.6,hold_q=0.4,buy_top=10,hold_top=20,rebalance=20d,min_hold=5d,turnover_penalty=0.01,target_vol=0.18",-0.032600949745115515,-0.2618497239069419
2021-11-26 15:00:00,1017530.2700200003,259088.0,758442.2700200003,买,SZ.000657,中钨高新,14.27,1800,17530.270020000287,0.017530270020000183,,调仓买入-新进前N、满足动量阈值,账户级撮合-100股整手/现金约束,1,25686.0,69.60906,0.025453085087726302,0.02524347506585246,0.46961894953656014,5.0,"mom20@q0.6,hold_q=0.4,buy_top=10,hold_top=20,rebalance=20d,min_hold=5d,turnover_penalty=0.01,target_vol=0.18",-0.032600949745115515,-0.2618497239069419
2021-11-26 15:00:00,1017530.2700200003,259088.0,758442.2700200003,买,SZ.300058,蓝色光标,5.2,4800,17530.270020000287,0.017530270020000183,,调仓买入-新进前N、满足动量阈值,账户级撮合-100股整手/现金约束,1,24960.0,67.6416,0.024709881948624866,0.024529982778310266,0.4689265536723164,6.0,"mom20@q0.6,hold_q=0.4,buy_top=10,hold_top=20,rebalance=20d,min_hold=5d,turnover_penalty=0.01,target_vol=0.18",-0.032600949745115515,-0.2618497239069419
2021-11-26 15:00:00,1017530.2700200003,259088.0,758442.2700200003,买,SZ.300394,天孚通信,13.95,1800,17530.270020000287,0.017530270020000183,,调仓买入-新进前N、满足动量阈值,账户级撮合-100股整手/现金约束,1,25110.0,68.04809999999999,0.025162334563079748,0.02467739854019915,0.2798165137614679,9.0,"mom20@q0.6,hold_q=0.4,buy_top=10,hold_top=20,rebalance=20d,min_hold=5d,turnover_penalty=0.01,target_vol=0.18",-0.032600949745115515,-0.2618497239069419
2021-11-26 15:00:00,1017530.2700200003,259088.0,758442.2700200003,买,SH.688256,寒武纪,64.48,400,17530.270020000287,0.017530270020000183,,调仓买入-满足动量阈值,账户级撮合-100股整手/现金约束,1,25792.0,69.89631999999999,0.030871462607667155,0.025347648870920607,0.27911128744296776,11.0,"mom20@q0.6,hold_q=0.4,buy_top=10,hold_top=20,rebalance=20d,min_hold=5d,turnover_penalty=0.01,target_vol=0.18",-0.032600949745115515,-0.2618497239069419
2021-11-26 15:00:00,1017530.2700200003,259088.0,758442.2700200003,买,SH.688008,澜起科技,75.93,300,17530.270020000287,0.017530270020000183,,调仓买入-满足动量阈值,账户级撮合-100股整手/现金约束,1,22779.000000000004,61.73109,0.024547330931493916,0.022386557600445896,0.19349261238604232,16.0,"mom20@q0.6,hold_q=0.4,buy_top=10,hold_top=20,rebalance=20d,min_hold=5d,turnover_penalty=0.01,target_vol=0.18",-0.032600949745115515,-0.2618497239069419
2021-11-29 15:00:00,1020840.9042900003,261368.0,759472.9042900003,卖,SZ.000657,中钨高新,15.5,100,20840.904290000326,0.020840904290000406,超时卖/调仓卖,持仓不变,账户级撮合-卖出回款,1,1550.0,4.975499999999999,0.025453085087726302,0.02581205346422374,0.5240904621435596,2.0,"mom20@q0.6,hold_q=0.4,buy_top=10,hold_top=20,rebalance=20d,min_hold=5d,turnover_penalty=0.01,target_vol=0.18",-0.032600949745115515,-0.2618497239069419
2021-11-29 15:00:00,1020840.9042900003,261368.0,759472.9042900003,买,SZ.300058,蓝色光标,5.13,100,20840.904290000326,0.020840904290000406,,持仓不变,账户级撮合-100股整手/现金约束,1,513.0,1.3902299999999999,0.024709881948624866,0.024623817378754922,0.4132231404958677,3.0,"mom20@q0.6,hold_q=0.4,buy_top=10,hold_top=20,rebalance=20d,min_hold=5d,turnover_penalty=0.01,target_vol=0.18",-0.032600949745115515,-0.2618497239069419
2021-11-30 15:00:00,1018988.4761700003,261894.0,757094.4761700003,买,SZ.000657,中钨高新,13.9,100,18988.47617000027,0.018988476170000324,,持仓不变,账户级撮合-100股整手/现金约束,1,1390.0,3.7668999999999997,0.025453085087726302,0.02455376148515526,0.3927855711422845,2.0,"mom20@q0.6,hold_q=0.4,buy_top=10,hold_top=20,rebalance=20d,min_hold=5d,turnover_penalty=0.01,target_vol=0.18",-0.032600949745115515,-0.2618497239069419
2021-11-30 15:00:00,1018988.4761700003,261894.0,757094.4761700003,买,SZ.300058,蓝色光标,4.91,200,18988.47617000027,0.018988476170000324,,持仓不变,账户级撮合-100股整手/现金约束,1,982.0,2.6612199999999997,0.024709881948624866,0.024574370157864622,0.3792134831460674,4.0,"mom20@q0.6,hold_q=0.4,buy_top=10,hold_top=20,rebalance=20d,min_hold=5d,turnover_penalty=0.01,target_vol=0.18",-0.032600949745115515,-0.2618497239069419
2021-12-01 15:00:00,1016195.0550800003,264635.0,751560.0550800003,卖,SH.600105,永鼎股份,5.9,100,16195.055080000311,0.016195055080000298,超时卖/调仓卖,持仓不变,账户级撮合-卖出回款,1,590.0,1.8939,0.026791781437516045,0.027288068231956654,0.41826923076923084,1.0,"mom20@q0.6,hold_q=0.4,buy_top=10,hold_top=20,rebalance=20d,min_hold=5d,turnover_penalty=0.01,target_vol=0.18",-0.032600949745115515,-0.2618497239069419
2021-12-01 15:00:00,1016195.0550800003,264635.0,751560.0550800003,卖,SZ.300394,天孚通信,15.21,100,16195.055080000311,0.016195055080000298,超时卖/调仓卖,持仓不变,账户级撮合-卖出回款,1,1521.0,4.882409999999999,0.025162334563079748,0.025444918149069715,0.3330411919368974,7.0,"mom20@q0.6,hold_q=0.4,buy_top=10,hold_top=20,rebalance=20d,min_hold=5d,turnover_penalty=0.01,target_vol=0.18",-0.032600949745115515,-0.2618497239069419
2021-12-01 15:00:00,1016195.0550800003,264635.0,751560.0550800003,买,SZ.000657,中钨高新,13.56,100,16195.055080000311,0.016195055080000298,,持仓不变,账户级撮合-100股整手/现金约束,1,1356.0,3.6747599999999996,0.025453085087726302,0.025353400285904482,0.3879222108495395,2.0,"mom20@q0.6,hold_q=0.4,buy_top=10,hold_top=20,rebalance=20d,min_hold=5d,turnover_penalty=0.01,target_vol=0.18",-0.032600949745115515,-0.2618497239069419
2021-12-01 15:00:00,1016195.0550800003,264635.0,751560.0550800003,买,SH.688256,寒武纪,62.62,100,16195.055080000311,0.016195055080000298,,持仓不变,账户级撮合-100股整手/现金约束,1,6262.0,16.970019999999998,0.030871462607667155,0.03081101393229581,0.2067835806513778,13.0,"mom20@q0.6,hold_q=0.4,buy_top=10,hold_top=20,rebalance=20d,min_hold=5d,turnover_penalty=0.01,target_vol=0.18",-0.032600949745115515,-0.2618497239069419
2021-12-02 15:00:00,1012418.8874400003,260132.0,752286.8874400003,卖,SH.600105,永鼎股份,6.04,200,12418.887440000311,0.012418887440000415,超时卖/调仓卖,持仓不变,账户级撮合-卖出回款,1,1208.0,3.87768,0.026791781437516045,0.02684659515660289,0.3853211009174311,1.0,"mom20@q0.6,hold_q=0.4,buy_top=10,hold_top=20,rebalance=20d,min_hold=5d,turnover_penalty=0.01,target_vol=0.18",-0.032600949745115515,-0.2618497239069419
2021-12-02 15:00:00,1012418.8874400003,260132.0,752286.8874400003,买,SZ.300058,蓝色光标,4.76,100,12418.887440000311,0.012418887440000415,,持仓不变,账户级撮合-100股整手/现金约束,1,476.0,1.2899599999999998,0.024709881948624866,0.02444837834128899,0.2592592592592593,9.0,"mom20@q0.6,hold_q=0.4,buy_top=10,hold_top=20,rebalance=20d,min_hold=5d,turnover_penalty=0.01,target_vol=0.18",-0.032600949745115515,-0.2618497239069419
2021-12-03 15:00:00,1013521.8498500003,262866.0,750655.8498500003,卖,SZ.300394,天孚通信,16.31,100,13521.849850000348,0.013521849850000267,超时卖/调仓卖,持仓不变,账户级撮合-卖出回款,1,1630.9999999999998,5.235509999999999,0.025162334563079748,0.025747841552564616,0.4219703574542282,1.0,"mom20@q0.6,hold_q=0.4,buy_top=10,hold_top=20,rebalance=20d,min_hold=5d,turnover_penalty=0.01,target_vol=0.18",-0.032600949745115515,-0.2618497239069419
2021-12-03 15:00:00,1013521.8498500003,262866.0,750655.8498500003,买,SH.600105,永鼎股份,5.63,300,13521.849850000348,0.013521849850000267,,持仓不变,账户级撮合-100股整手/现金约束,1,1689.0,4.57719,0.026791781437516045,0.026663460688094203,0.26801801801801783,10.0,"mom20@q0.6,hold_q=0.4,buy_top=10,hold_top=20,rebalance=20d,min_hold=5d,turnover_penalty=0.01,target_vol=0.18",-0.032600949745115515,-0.2618497239069419
2021-12-03 15:00:00,1013521.8498500003,262866.0,750655.8498500003,买,SH.600522,中天科技,15.59,100,13521.849850000348,0.013521849850000267,,持仓不变,账户级撮合-100股整手/现金约束,1,1559.0,4.224889999999999,0.02026067339040298,0.019996608857519436,0.07814661134163203,44.0,"mom20@q0.6,hold_q=0.4,buy_top=10,hold_top=20,rebalance=20d,min_hold=5d,turnover_penalty=0.01,target_vol=0.18",-0.032600949745115515,-0.2618497239069419
2021-12-06 15:00:00,1010105.7886600003,259510.0,750595.7886600003,卖,SZ.300058,蓝色光标,4.91,100,10105.788660000311,0.010105788660000226,超时卖/调仓卖,持仓不变,账户级撮合-卖出回款,1,491.0,1.57611,0.024709881948624866,0.024790472721891065,0.12873563218390816,20.0,"mom20@q0.6,hold_q=0.4,buy_top=10,hold_top=20,rebalance=20d,min_hold=5d,turnover_penalty=0.01,target_vol=0.18",-0.032600949745115515,-0.2618497239069419
2021-12-06 15:00:00,1010105.7886600003,259510.0,750595.7886600003,买,SH.600105,永鼎股份,5.48,100,10105.788660000311,0.010105788660000226,,持仓不变,账户级撮合-100股整手/现金约束,1,548.0,1.48508,0.026791781437516045,0.026583354240174873,0.2985781990521328,7.0,"mom20@q0.6,hold_q=0.4,buy_top=10,hold_top=20,rebalance=20d,min_hold=5d,turnover_penalty=0.01,target_vol=0.18",-0.032600949745115515,-0.2618497239069419
2021-12-07 15:00:00,1006772.2428100003,257489.0,749283.2428100003,卖,SZ.300058,蓝色光标,5.08,200,6772.242810000316,0.0067722428100003285,超时卖/调仓卖,持仓不变,账户级撮合-卖出回款,1,1016.0,3.26136,0.024709881948624866,0.02472455928117762,0.20094562647754133,8.0,"mom20@q0.6,hold_q=0.4,buy_top=10,hold_top=20,rebalance=20d,min_hold=5d,turnover_penalty=0.01,target_vol=0.18",-0.032600949745115515,-0.2618497239069419
2021-12-07 15:00:00,1006772.2428100003,257489.0,749283.2428100003,买,SZ.000657,中钨高新,12.81,100,6772.242810000316,0.0067722428100003285,,持仓不变,账户级撮合-100股整手/现金约束,1,1281.0,3.47151,0.025453085087726302,0.025447662252280675,0.28873239436619724,5.0,"mom20@q0.6,hold_q=0.4,buy_top=10,hold_top=20,rebalance=20d,min_hold=5d,turnover_penalty=0.01,target_vol=0.18",-0.032600949745115515,-0.2618497239069419
2021-12-07 15:00:00,1006772.2428100003,257489.0,749283.2428100003,买,SH.600105,永鼎股份,5.19,200,6772.242810000316,0.0067722428100003285,,持仓不变,账户级撮合-100股整手/现金约束,1,1038.0,2.8129799999999996,0.026791781437516045,0.02629095129413026,0.14569536423841067,15.0,"mom20@q0.6,hold_q=0.4,buy_top=10,hold_top=20,rebalance=20d,min_hold=5d,turnover_penalty=0.01,target_vol=0.18",-0.032600949745115515,-0.2618497239069419
2021-12-08 15:00:00,1014368.9559400004,262538.0,751830.9559400004,卖,SZ.002463,沪电股份,14.07,100,14368.955940000364,0.014368955940000427,超时卖/调仓卖,持仓不变,账户级撮合-卖出回款,1,1407.0,4.51647,0.02722418029803494,0.027741385257520117,0.40139442231075706,1.0,"mom20@q0.6,hold_q=0.4,buy_top=10,hold_top=20,rebalance=20d,min_hold=5d,turnover_penalty=0.01,target_vol=0.18",-0.032600949745115515,-0.2618497239069419
2021-12-08 15:00:00,1014368.9559400004,262538.0,751830.9559400004,卖,SZ.300058,蓝色光标,5.57,300,14368.955940000364,0.014368955940000427,超时卖/调仓卖,持仓不变,账户级撮合-卖出回款,1,1671.0,5.36391,0.024709881948624866,0.025259053769302788,0.28637413394919164,6.0,"mom20@q0.6,hold_q=0.4,buy_top=10,hold_top=20,rebalance=20d,min_hold=5d,turnover_penalty=0.01,target_vol=0.18",-0.032600949745115515,-0.2618497239069419
2021-12-08 15:00:00,1014368.9559400004,262538.0,751830.9559400004,买,SH.600105,永鼎股份,5.19,100,14368.955940000364,0.014368955940000427,,持仓不变,账户级撮合-100股整手/现金约束,1,519.0,1.4064899999999998,0.026791781437516045,0.026605703814141898,0.11853448275862077,26.0,"mom20@q0.6,hold_q=0.4,buy_top=10,hold_top=20,rebalance=20d,min_hold=5d,turnover_penalty=0.01,target_vol=0.18",-0.032600949745115515,-0.2618497239069419
2021-12-09 15:00:00,1015054.6434500003,263939.0,751115.6434500003,卖,SZ.300058,蓝色光标,5.86,300,15054.643450000323,0.015054643450000293,超时卖/调仓卖,持仓不变,账户级撮合-卖出回款,1,1758.0,5.643179999999999,0.024709881948624866,0.02482427932584617,0.33485193621867904,3.0,"mom20@q0.6,hold_q=0.4,buy_top=10,hold_top=20,rebalance=20d,min_hold=5d,turnover_penalty=0.01,target_vol=0.18",-0.032600949745115515,-0.2618497239069419
2021-12-09 15:00:00,1015054.6434500003,263939.0,751115.6434500003,买,SZ.300394,天孚通信,14.55,100,15054.643450000323,0.015054643450000293,,持仓不变,账户级撮合-100股整手/现金约束,1,1455.0,3.9430499999999995,0.025162334563079748,0.024368146246718195,0.21655518394648832,9.0,"mom20@q0.6,hold_q=0.4,buy_top=10,hold_top=20,rebalance=20d,min_hold=5d,turnover_penalty=0.01,target_vol=0.18",-0.032600949745115515,-0.2618497239069419
2021-12-09 15:00:00,1015054.6434500003,263939.0,751115.6434500003,买,SH.600105,永鼎股份,5.03,200,15054.643450000323,0.015054643450000293,,持仓不变,账户级撮合-100股整手/现金约束,1,1006.0,2.72626,0.026791781437516045,0.02675915052974973,0.11777777777777776,28.0,"mom20@q0.6,hold_q=0.4,buy_top=10,hold_top=20,rebalance=20d,min_hold=5d,turnover_penalty=0.01,target_vol=0.18",-0.032600949745115515,-0.2618497239069419
2021-12-10 15:00:00,1016815.3074200003,266194.0,750621.3074200003,买,SH.600105,永鼎股份,4.93,100,16815.307420000318,0.01681530742000037,,持仓不变,账户级撮合-100股整手/现金约束,1,493.0,1.3360299999999998,0.026791781437516045,0.026666593040185243,0.0313807531380752,53.0,"mom20@q0.6,hold_q=0.4,buy_top=10,hold_top=20,rebalance=20d,min_hold=5d,turnover_penalty=0.01,target_vol=0.18",-0.032600949745115515,-0.2618497239069419
2021-12-13 15:00:00,1025703.9602400003,270938.0,754765.9602400003,卖,SZ.300058,蓝色光标,6.93,600,25703.960240000277,0.025703960240000212,超时卖/调仓卖,持仓不变,账户级撮合-卖出回款,1,4158.0,13.34718,0.024709881948624866,0.02499844106480818,0.3943661971830985,1.0,"mom20@q0.6,hold_q=0.4,buy_top=10,hold_top=20,rebalance=20d,min_hold=5d,turnover_penalty=0.01,target_vol=0.18",-0.032600949745115515,-0.2618497239069419
2021-12-14 15:00:00,1020683.6621700003,267138.0,753545.6621700003,买,SZ.000657,中钨高新,12.17,100,20683.662170000258,0.020683662170000172,,持仓不变,账户级撮合-100股整手/现金约束,1,1217.0,3.2980699999999996,0.025453085087726302,0.025039099720343468,0.1601525262154433,27.0,"mom20@q0.6,hold_q=0.4,buy_top=10,hold_top=20,rebalance=20d,min_hold=5d,turnover_penalty=0.01,target_vol=0.18",-0.032600949745115515,-0.2618497239069419
2021-12-15 15:00:00,1023301.2605900003,264973.0,758328.2605900003,卖,SH.600522,中天科技,17.39,100,23301.26059000031,0.02330126059000026,超时卖/调仓卖,持仓不变,账户级撮合-卖出回款,1,1739.0,5.58219,0.02026067339040298,0.020392821550877627,-0.06655931293612449,95.0,"mom20@q0.6,hold_q=0.4,buy_top=10,hold_top=20,rebalance=20d,min_hold=5d,turnover_penalty=0.01,target_vol=0.18",-0.032600949745115515,-0.2618497239069419
2021-12-15 15:00:00,1023301.2605900003,264973.0,758328.2605900003,卖,SH.600105,永鼎股份,5.31,300,23301.26059000031,0.02330126059000026,超时卖/调仓卖,持仓不变,账户级撮合-卖出回款,1,1592.9999999999998,5.113529999999999,0.026791781437516045,0.026983256117636235,-0.0618374558303888,93.0,"mom20@q0.6,hold_q=0.4,buy_top=10,hold_top=20,rebalance=20d,min_hold=5d,turnover_penalty=0.01,target_vol=0.18",-0.032600949745115515,-0.2618497239069419
2021-12-15 15:00:00,1023301.2605900003,264973.0,758328.2605900003,卖,SZ.300058,蓝色光标,7.33,200,23301.26059000031,0.02330126059000026,超时卖/调仓卖,持仓不变,账户级撮合-卖出回款,1,1466.0,4.7058599999999995,0.024709881948624866,0.025070818328913433,0.3908918406072108,1.0,"mom20@q0.6,hold_q=0.4,buy_top=10,hold_top=20,rebalance=20d,min_hold=5d,turnover_penalty=0.01,target_vol=0.18",-0.032600949745115515,-0.2618497239069419
2021-12-16 15:00:00,1028303.6974500002,269431.0,758872.6974500002,卖,SH.600105,永鼎股份,5.52,200,28303.69745000021,0.028303697450000165,超时卖/调仓卖,持仓不变,账户级撮合-卖出回款,1,1104.0,3.54384,0.026791781437516045,0.026840319711426502,-0.014285714285714346,82.0,"mom20@q0.6,hold_q=0.4,buy_top=10,hold_top=20,rebalance=20d,min_hold=5d,turnover_penalty=0.01,target_vol=0.18",-0.032600949745115515,-0.2618497239069419
2021-12-16 15:00:00,1028303.6974500002,269431.0,758872.6974500002,卖,SZ.300058,蓝色光标,7.65,100,28303.69745000021,0.028303697450000165,超时卖/调仓卖,持仓不变,账户级撮合-卖出回款,1,765.0,2.45565,0.024709881948624866,0.025294083901963894,0.5454545454545454,1.0,"mom20@q0.6,hold_q=0.4,buy_top=10,hold_top=20,rebalance=20d,min_hold=5d,turnover_penalty=0.01,target_vol=0.18",-0.032600949745115515,-0.2618497239069419
2021-12-16 15:00:00,1028303.6974500002,269431.0,758872.6974500002,买,SZ.002463,沪电股份,13.15,100,28303.69745000021,0.028303697450000165,,持仓不变,账户级撮合-100股整手/现金约束,1,1315.0,3.5636499999999995,0.02722418029803494,0.026854906841704457,0.10783487784330248,28.0,"mom20@q0.6,hold_q=0.4,buy_top=10,hold_top=20,rebalance=20d,min_hold=5d,turnover_penalty=0.01,target_vol=0.18",-0.032600949745115515,-0.2618497239069419
2021-12-17 15:00:00,1024651.1615500002,264991.0,759660.1615500002,卖,SZ.300058,蓝色光标,7.9,100,24651.161550000194,0.024651161550000245,超时卖/调仓卖,持仓不变,账户级撮合-卖出回款,1,790.0,2.5359,0.024709881948624866,0.025442805296354367,0.6188524590163935,1.0,"mom20@q0.6,hold_q=0.4,buy_top=10,hold_top=20,rebalance=20d,min_hold=5d,turnover_penalty=0.01,target_vol=0.18",-0.032600949745115515,-0.2618497239069419
2021-12-20 15:00:00,1013688.0640800002,257394.0,756294.0640800002,买,SZ.300058,蓝色光标,7.31,100,13688.064080000157,0.013688064080000117,,持仓不变,账户级撮合-100股整手/现金约束,1,731.0,1.9810099999999997,0.024709881948624866,0.024518390697000972,0.4979508196721312,1.0,"mom20@q0.6,hold_q=0.4,buy_top=10,hold_top=20,rebalance=20d,min_hold=5d,turnover_penalty=0.01,target_vol=0.18",-0.032600949745115515,-0.2618497239069419
2021-12-20 15:00:00,1013688.0640800002,257394.0,756294.0640800002,买,SZ.300394,天孚通信,13.96,100,13688.064080000157,0.013688064080000117,,持仓不变,账户级撮合-100股整手/现金约束,1,1396.0,3.7831599999999996,0.025162334563079748,0.024788690811710003,0.048048048048048075,24.0,"mom20@q0.6,hold_q=0.4,buy_top=10,hold_top=20,rebalance=20d,min_hold=5d,turnover_penalty=0.01,target_vol=0.18",-0.032600949745115515,-0.2618497239069419
2021-12-20 15:00:00,1013688.0640800002,257394.0,756294.0640800002,买,SZ.002463,沪电股份,12.3,100,13688.064080000157,0.013688064080000117,,持仓不变,账户级撮合-100股整手/现金约束,1,1230.0,3.3332999999999995,0.02722418029803494,0.026694602569439375,-0.08002991772625268,75.0,"mom20@q0.6,hold_q=0.4,buy_top=10,hold_top=20,rebalance=20d,min_hold=5d,turnover_penalty=0.01,target_vol=0.18",-0.032600949745115515,-0.2618497239069419
2021-12-21 15:00:00,1019361.6052200001,262304.0,757057.6052200001,卖,SZ.300058,蓝色光标,7.66,100,19361.605220000143,0.019361605220000078,超时卖/调仓卖,持仓不变,账户级撮合-卖出回款,1,766.0,2.4588599999999996,0.024709881948624866,0.0247978733655997,0.5474747474747474,1.0,"mom20@q0.6,hold_q=0.4,buy_top=10,hold_top=20,rebalance=20d,min_hold=5d,turnover_penalty=0.01,target_vol=0.18",-0.032600949745115515,-0.2618497239069419
2021-12-22 15:00:00,1025978.7652200002,264934.0,761044.7652200002,卖,SZ.002463,沪电股份,14.18,200,25978.765220000176,0.02597876522000009,超时卖/调仓卖,持仓不变,账户级撮合-卖出回款,1,2836.0,9.10356,0.02722418029803494,0.02764189763120368,0.020878329733621248,35.0,"mom20@q0.6,hold_q=0.4,buy_top=10,hold_top=20,rebalance=20d,min_hold=5d,turnover_penalty=0.01,target_vol=0.18",-0.032600949745115515,-0.2618497239069419
2021-12-22 15:00:00,1025978.7652200002,264934.0,761044.7652200002,卖,SH.600105,永鼎股份,5.82,200,25978.765220000176,0.02597876522000009,超时卖/调仓卖,持仓不变,账户级撮合-卖出回款,1,1164.0,3.7364399999999995,0.026791781437516045,0.02722863371739443,-0.011884550084889534,53.0,"mom20@q0.6,hold_q=0.4,buy_top=10,hold_top=20,rebalance=20d,min_hold=5d,turnover_penalty=0.01,target_vol=0.18",-0.032600949745115515,-0.2618497239069419
2021-12-23 15:00:00,1024968.3565400002,261623.0,763345.3565400002,卖,SZ.002463,沪电股份,15.16,100,24968.356540000183,0.02496835654000029,超时卖/调仓卖,持仓不变,账户级撮合-卖出回款,1,1516.0,4.866359999999999,0.02722418029803494,0.028102330980474422,0.12296296296296294,12.0,"mom20@q0.6,hold_q=0.4,buy_top=10,hold_top=20,rebalance=20d,min_hold=5d,turnover_penalty=0.01,target_vol=0.18",-0.032600949745115515,-0.2618497239069419
2021-12-23 15:00:00,1024968.3565400002,261623.0,763345.3565400002,卖,SZ.300058,蓝色光标,7.92,100,24968.356540000183,0.02496835654000029,超时卖/调仓卖,持仓不变,账户级撮合-卖出回款,1,792.0,2.5423199999999997,0.024709881948624866,0.024726617010454928,0.6329896907216497,1.0,"mom20@q0.6,hold_q=0.4,buy_top=10,hold_top=20,rebalance=20d,min_hold=5d,turnover_penalty=0.01,target_vol=0.18",-0.032600949745115515,-0.2618497239069419
2021-12-24 15:00:00,1017968.40765,303240.0,714728.40765,卖,SZ.300014,亿纬锂能,113.99,200,17968.40764999995,0.017968407649999962,超时卖/调仓卖,调仓卖出-跌破持有阈值、跌出持有排名,账户级撮合-卖出回款,1,22798.0,73.18158,0.0,0.0,-0.2242939775433821,105.0,"mom20@q0.6,hold_q=0.4,buy_top=10,hold_top=20,rebalance=20d,min_hold=5d,turnover_penalty=0.01,target_vol=0.18",-0.032600949745115515,-0.2618497239069419
2021-12-24 15:00:00,1017968.40765,303240.0,714728.40765,卖,SH.600522,中天科技,15.26,1200,17968.40764999995,0.017968407649999962,超时卖/调仓卖,调仓卖出-跌破持有阈值、跌出持有排名,账户级撮合-卖出回款,1,18312.0,58.78151999999999,0.0,0.0,-0.09166666666666667,84.0,"mom20@q0.6,hold_q=0.4,buy_top=10,hold_top=20,rebalance=20d,min_hold=5d,turnover_penalty=0.01,target_vol=0.18",-0.032600949745115515,-0.2618497239069419
2021-12-24 15:00:00,1017968.40765,303240.0,714728.40765,卖,SZ.002463,沪电股份,15.4,100,17968.40764999995,0.017968407649999962,超时卖/调仓卖,调仓卖出-权重下调,账户级撮合-卖出回款,1,1540.0,4.9434,0.027011713858382733,0.02723070754621174,0.1737804878048781,9.0,"mom20@q0.6,hold_q=0.4,buy_top=10,hold_top=20,rebalance=20d,min_hold=5d,turnover_penalty=0.01,target_vol=0.18",-0.032600949745115515,-0.2618497239069419
2021-12-24 15:00:00,1017968.40765,303240.0,714728.40765,卖,SH.600105,永鼎股份,5.31,4800,17968.40764999995,0.017968407649999962,超时卖/调仓卖,调仓卖出-跌破持有阈值、跌出持有排名,账户级撮合-卖出回款,1,25487.999999999996,81.81647999999998,0.0,0.0,-0.0634920634920636,74.0,"mom20@q0.6,hold_q=0.4,buy_top=10,hold_top=20,rebalance=20d,min_hold=5d,turnover_penalty=0.01,target_vol=0.18",-0.032600949745115515,-0.2618497239069419
2021-12-24 15:00:00,1017968.40765,303240.0,714728.40765,卖,SZ.300757,罗博特科,43.04,700,17968.40764999995,0.017968407649999962,超时卖/调仓卖,调仓卖出-跌出持有排名,账户级撮合-卖出回款,1,30128.0,96.71087999999999,0.0,0.0,-0.010347206254311403,55.0,"mom20@q0.6,hold_q=0.4,buy_top=10,hold_top=20,rebalance=20d,min_hold=5d,turnover_penalty=0.01,target_vol=0.18",-0.032600949745115515,-0.2618497239069419
2021-12-24 15:00:00,1017968.40765,303240.0,714728.40765,卖,SZ.000657,中钨高新,11.74,2100,17968.40764999995,0.017968407649999962,超时卖/调仓卖,调仓卖出-跌破持有阈值、跌出持有排名,账户级撮合-卖出回款,1,24654.0,79.13933999999999,0.0,0.0,-0.17729502452697965,101.0,"mom20@q0.6,hold_q=0.4,buy_top=10,hold_top=20,rebalance=20d,min_hold=5d,turnover_penalty=0.01,target_vol=0.18",-0.032600949745115515,-0.2618497239069419
2021-12-24 15:00:00,1017968.40765,303240.0,714728.40765,卖,SZ.300058,蓝色光标,7.63,600,17968.40764999995,0.017968407649999962,超时卖/调仓卖,调仓卖出-权重下调,账户级撮合-卖出回款,1,4578.0,14.695379999999998,0.019343363602166274,0.01948783464292022,0.4673076923076922,1.0,"mom20@q0.6,hold_q=0.4,buy_top=10,hold_top=20,rebalance=20d,min_hold=5d,turnover_penalty=0.01,target_vol=0.18",-0.032600949745115515,-0.2618497239069419
2021-12-24 15:00:00,1017968.40765,303240.0,714728.40765,卖,SZ.300394,天孚通信,14.87,1800,17968.40764999995,0.017968407649999962,超时卖/调仓卖,调仓卖出-跌出持有排名,账户级撮合-卖出回款,1,26766.0,85.91886,0.0,0.0,0.06594982078853051,27.0,"mom20@q0.6,hold_q=0.4,buy_top=10,hold_top=20,rebalance=20d,min_hold=5d,turnover_penalty=0.01,target_vol=0.18",-0.032600949745115515,-0.2618497239069419
2021-12-24 15:00:00,1017968.40765,303240.0,714728.40765,卖,SH.688256,寒武纪,60.11,500,17968.40764999995,0.017968407649999962,超时卖/调仓卖,调仓卖出-跌破持有阈值、跌出持有排名,账户级撮合-卖出回款,1,30055.0,96.47654999999999,0.0,0.0,-0.06777295285359808,76.0,"mom20@q0.6,hold_q=0.4,buy_top=10,hold_top=20,rebalance=20d,min_hold=5d,turnover_penalty=0.01,target_vol=0.18",-0.032600949745115515,-0.2618497239069419
2021-12-24 15:00:00,1017968.40765,303240.0,714728.40765,卖,SH.688008,澜起科技,80.36,300,17968.40764999995,0.017968407649999962,超时卖/调仓卖,调仓卖出-跌出持有排名,账户级撮合-卖出回款,1,24108.0,77.38668,0.0,0.0,0.05834321085210048,29.0,"mom20@q0.6,hold_q=0.4,buy_top=10,hold_top=20,rebalance=20d,min_hold=5d,turnover_penalty=0.01,target_vol=0.18",-0.032600949745115515,-0.2618497239069419
2021-12-24 15:00:00,1017968.40765,303240.0,714728.40765,买,SH.601991,大唐发电,3.28,10900,17968.40764999995,0.017968407649999962,,调仓买入-新进前N、满足动量阈值,账户级撮合-100股整手/现金约束,1,35752.0,96.88792,0.03517422981591093,0.03512093276306501,0.37238493723849353,2.0,"mom20@q0.6,hold_q=0.4,buy_top=10,hold_top=20,rebalance=20d,min_hold=5d,turnover_penalty=0.01,target_vol=0.18",-0.032600949745115515,-0.2618497239069419
2021-12-24 15:00:00,1017968.40765,303240.0,714728.40765,买,SH.601088,中国神华,11.87,1500,17968.40764999995,0.017968407649999962,,调仓买入-新进前N、满足动量阈值,账户级撮合-100股整手/现金约束,1,17805.0,48.251549999999995,0.01777470202664869,0.01749071961977994,0.3001095290251914,3.0,"mom20@q0.6,hold_q=0.4,buy_top=10,hold_top=20,rebalance=20d,min_hold=5d,turnover_penalty=0.01,target_vol=0.18",-0.032600949745115515,-0.2618497239069419
2021-12-24 15:00:00,1017968.40765,303240.0,714728.40765,买,SH.601600,中国铝业,5.94,4800,17968.40764999995,0.017968407649999962,,调仓买入-新进前N、满足动量阈值,账户级撮合-100股整手/现金约束,1,28512.000000000004,77.26752,0.028098326877685605,0.02800872776181779,0.2426778242677825,4.0,"mom20@q0.6,hold_q=0.4,buy_top=10,hold_top=20,rebalance=20d,min_hold=5d,turnover_penalty=0.01,target_vol=0.18",-0.032600949745115515,-0.2618497239069419
2021-12-24 15:00:00,1017968.40765,303240.0,714728.40765,买,SZ.002475,立讯精密,48.64,700,17968.40764999995,0.017968407649999962,,调仓买入-新进前N、满足动量阈值,账户级撮合-100股整手/现金约束,1,34048.0,92.27008,0.037845096408683006,0.03344701048100351,0.2401835798062213,5.0,"mom20@q0.6,hold_q=0.4,buy_top=10,hold_top=20,rebalance=20d,min_hold=5d,turnover_penalty=0.01,target_vol=0.18",-0.032600949745115515,-0.2618497239069419
2021-12-24 15:00:00,1017968.40765,303240.0,714728.40765,买,SZ.002008,大族激光,52.08,800,17968.40764999995,0.017968407649999962,,调仓买入-新进前N、满足动量阈值,账户级撮合-100股整手/现金约束,1,41664.0,112.90943999999999,0.04365315890374007,0.04092857861491219,0.21540256709451566,6.0,"mom20@q0.6,hold_q=0.4,buy_top=10,hold_top=20,rebalance=20d,min_hold=5d,turnover_penalty=0.01,target_vol=0.18",-0.032600949745115515,-0.2618497239069419
2021-12-24 15:00:00,1017968.40765,303240.0,714728.40765,买,SZ.300033,同花顺,89.11,400,17968.40764999995,0.017968407649999962,,调仓买入-新进前N、满足动量阈值,账户级撮合-100股整手/现金约束,1,35644.0,96.59523999999999,0.040525035184462384,0.03501483909730055,0.20810737527114953,7.0,"mom20@q0.6,hold_q=0.4,buy_top=10,hold_top=20,rebalance=20d,min_hold=5d,turnover_penalty=0.01,target_vol=0.18",-0.032600949745115515,-0.2618497239069419
2021-12-24 15:00:00,1017968.40765,303240.0,714728.40765,买,SZ.000338,潍柴动力,16.23,1900,17968.40764999995,0.017968407649999962,,调仓买入-新进前N、满足动量阈值,账户级撮合-100股整手/现金约束,1,30837.0,83.56827,0.031029719442750604,0.03029268862202494,0.19075568598679382,8.0,"mom20@q0.6,hold_q=0.4,buy_top=10,hold_top=20,rebalance=20d,min_hold=5d,turnover_penalty=0.01,target_vol=0.18",-0.032600949745115515,-0.2618497239069419
2021-12-24 15:00:00,1017968.40765,303240.0,714728.40765,买,SH.600989,宝丰能源,15.71,2000,17968.40764999995,0.017968407649999962,,调仓买入-满足动量阈值,账户级撮合-100股整手/现金约束,1,31420.0,85.14819999999999,0.03143483907504018,0.030865397947401615,0.12054208273894451,16.0,"mom20@q0.6,hold_q=0.4,buy_top=10,hold_top=20,rebalance=20d,min_hold=5d,turnover_penalty=0.01,target_vol=0.18",-0.032600949745115515,-0.2618497239069419
2021-12-27 15:00:00,1014852.0393099999,308400.0,706452.0393099999,买,SH.601991,大唐发电,3.24,100,14852.039309999906,0.01485203931000001,,持仓不变,账户级撮合-100股整手/现金约束,1,324.0,0.8780399999999999,0.03517422981591093,0.0351184198479137,0.34439834024896276,2.0,"mom20@q0.6,hold_q=0.4,buy_top=10,hold_top=20,rebalance=20d,min_hold=5d,turnover_penalty=0.01,target_vol=0.18",-0.032600949745115515,-0.2618497239069419
2021-12-27 15:00:00,1014852.0393099999,308400.0,706452.0393099999,买,SZ.300058,蓝色光标,6.72,300,14852.039309999906,0.01485203931000001,,持仓不变,账户级撮合-100股整手/现金约束,1,2016.0,5.46336,0.019343363602166274,0.01920279927037436,0.3099415204678362,3.0,"mom20@q0.6,hold_q=0.4,buy_top=10,hold_top=20,rebalance=20d,min_hold=5d,turnover_penalty=0.01,target_vol=0.18",-0.032600949745115515,-0.2618497239069419
2021-12-27 15:00:00,1014852.0393099999,308400.0,706452.0393099999,买,SZ.002475,立讯精密,47.8,100,14852.039309999906,0.01485203931000001,,持仓不变,账户级撮合-100股整手/现金约束,1,4780.0,12.9538,0.037845096408683006,0.03768036966846858,0.21938775510204067,6.0,"mom20@q0.6,hold_q=0.4,buy_top=10,hold_top=20,rebalance=20d,min_hold=5d,turnover_penalty=0.01,target_vol=0.18",-0.032600949745115515,-0.2618497239069419
2021-12-27 15:00:00,1014852.0393099999,308400.0,706452.0393099999,买,SH.601600,中国铝业,5.67,200,14852.039309999906,0.01485203931000001,,持仓不变,账户级撮合-100股整手/现金约束,1,1134.0,3.0731399999999995,0.028098326877685605,0.027935106697204084,0.19117647058823528,9.0,"mom20@q0.6,hold_q=0.4,buy_top=10,hold_top=20,rebalance=20d,min_hold=5d,turnover_penalty=0.01,target_vol=0.18",-0.032600949745115515,-0.2618497239069419
2021-12-28 15:00:00,1011938.41265,306026.0,705912.41265,卖,SZ.300058,蓝色光标,7.06,100,11938.412649999955,0.011938412649999952,超时卖/调仓卖,持仓不变,账户级撮合-卖出回款,1,706.0,2.26626,0.019343363602166274,0.01953478566767005,0.43788187372708753,1.0,"mom20@q0.6,hold_q=0.4,buy_top=10,hold_top=20,rebalance=20d,min_hold=5d,turnover_penalty=0.01,target_vol=0.18",-0.032600949745115515,-0.2618497239069419
2021-12-28 15:00:00,1011938.41265,306026.0,705912.41265,买,SH.601991,大唐发电,3.1,400,11938.412649999955,0.011938412649999952,,持仓不变,账户级撮合-100股整手/现金约束,1,1240.0,3.3604,0.03517422981591093,0.034923073932388686,0.3025210084033614,3.0,"mom20@q0.6,hold_q=0.4,buy_top=10,hold_top=20,rebalance=20d,min_hold=5d,turnover_penalty=0.01,target_vol=0.18",-0.032600949745115515,-0.2618497239069419
2021-12-29 15:00:00,1008856.2772199999,305584.0,703272.2772199999,买,SH.601991,大唐发电,3.0,400,8856.27721999993,0.008856277220000042,,持仓不变,账户级撮合-100股整手/现金约束,1,1200.0,3.252,0.03517422981591093,0.03508923996344463,0.2396694214876034,2.0,"mom20@q0.6,hold_q=0.4,buy_top=10,hold_top=20,rebalance=20d,min_hold=5d,turnover_penalty=0.01,target_vol=0.18",-0.032600949745115515,-0.2618497239069419
2021-12-29 15:00:00,1008856.2772199999,305584.0,703272.2772199999,买,SZ.002463,沪电股份,14.33,100,8856.27721999993,0.008856277220000042,,持仓不变,账户级撮合-100股整手/现金约束,1,1433.0,3.8834299999999997,0.027011713858382733,0.026987986906347655,0.1160436137071652,13.0,"mom20@q0.6,hold_q=0.4,buy_top=10,hold_top=20,rebalance=20d,min_hold=5d,turnover_penalty=0.01,target_vol=0.18",-0.032600949745115515,-0.2618497239069419
2021-12-30 15:00:00,1012723.29057,307592.0,705131.29057,卖,SZ.300058,蓝色光标,7.8,200,12723.290569999954,0.012723290569999879,超时卖/调仓卖,持仓不变,账户级撮合-卖出回款,1,1560.0,5.007599999999999,0.019343363602166274,0.020025213391296284,0.6386554621848739,1.0,"mom20@q0.6,hold_q=0.4,buy_top=10,hold_top=20,rebalance=20d,min_hold=5d,turnover_penalty=0.01,target_vol=0.18",-0.032600949745115515,-0.2618497239069419
2021-12-30 15:00:00,1012723.29057,307592.0,705131.29057,卖,SH.601991,大唐发电,3.05,100,12723.290569999954,0.012723290569999879,超时卖/调仓卖,持仓不变,账户级撮合-卖出回款,1,305.0,0.97905,0.03517422981591093,0.03523667356353096,0.2603305785123966,3.0,"mom20@q0.6,hold_q=0.4,buy_top=10,hold_top=20,rebalance=20d,min_hold=5d,turnover_penalty=0.01,target_vol=0.18",-0.032600949745115515,-0.2618497239069419
2021-12-31 15:00:00,1013588.29868,308149.0,705439.29868,卖,SH.601991,大唐发电,3.09,100,13588.298680000007,0.01358829868,超时卖/调仓卖,持仓不变,账户级撮合-卖出回款,1,309.0,0.9918899999999999,0.03517422981591093,0.03536347059913752,0.2310756972111554,4.0,"mom20@q0.6,hold_q=0.4,buy_top=10,hold_top=20,rebalance=20d,min_hold=5d,turnover_penalty=0.01,target_vol=0.18",-0.032600949745115515,-0.2618497239069419
2022-01-04 15:00:00,1014325.8825899999,311348.0,702977.8825899999,卖,SZ.300058,蓝色光标,8.9,300,14325.882589999936,0.014325882589999894,超时卖/调仓卖,持仓不变,账户级撮合-卖出回款,1,2670.0,8.570699999999999,0.019343363602166274,0.02018089092603207,0.8126272912423624,1.0,"mom20@q0.6,hold_q=0.4,buy_top=10,hold_top=20,rebalance=20d,min_hold=5d,turnover_penalty=0.01,target_vol=0.18",-0.032600949745115515,-0.2618497239069419
2022-01-04 15:00:00,1014325.8825899999,311348.0,702977.8825899999,买,SH.601991,大唐发电,2.94,500,14325.882589999936,0.014325882589999894,,持仓不变,账户级撮合-100股整手/现金约束,1,1470.0,3.9837,0.03517422981591093,0.0350715688227975,0.185483870967742,6.0,"mom20@q0.6,hold_q=0.4,buy_top=10,hold_top=20,rebalance=20d,min_hold=5d,turnover_penalty=0.01,target_vol=0.18",-0.032600949745115515,-0.2618497239069419
2022-01-04 15:00:00,1014325.8825899999,311348.0,702977.8825899999,买,SH.601600,中国铝业,5.58,100,14325.882589999936,0.014325882589999894,,持仓不变,账户级撮合-100股整手/现金约束,1,558.0,1.5121799999999999,0.028098326877685605,0.02805607200649832,0.025735294117646967,46.0,"mom20@q0.6,hold_q=0.4,buy_top=10,hold_top=20,rebalance=20d,min_hold=5d,turnover_penalty=0.01,target_vol=0.18",-0.032600949745115515,-0.2618497239069419
2022-01-04 15:00:00,1014325.8825899999,311348.0,702977.8825899999,买,SH.600989,宝丰能源,15.15,100,14325.882589999936,0.014325882589999894,,持仓不变,账户级撮合-100股整手/现金约束,1,1515.0,4.10565,0.03143483907504018,0.031365659248251604,-0.0006596306068601399,61.0,"mom20@q0.6,hold_q=0.4,buy_top=10,hold_top=20,rebalance=20d,min_hold=5d,turnover_penalty=0.01,target_vol=0.18",-0.032600949745115515,-0.2618497239069419
2022-01-04 15:00:00,1014325.8825899999,311348.0,702977.8825899999,买,SZ.000338,潍柴动力,15.66,100,14325.882589999936,0.014325882589999894,,持仓不变,账户级撮合-100股整手/现金约束,1,1566.0,4.24386,0.031029719442750604,0.030877650405633825,-0.014474512271869133,66.0,"mom20@q0.6,hold_q=0.4,buy_top=10,hold_top=20,rebalance=20d,min_hold=5d,turnover_penalty=0.01,target_vol=0.18",-0.032600949745115515,-0.2618497239069419
2022-01-05 15:00:00,1004623.8421299999,308691.0,695932.8421299999,买,SH.601991,大唐发电,2.78,600,4623.842129999888,0.004623842129999778,,持仓不变,账户级撮合-100股整手/现金约束,1,1667.9999999999998,4.520279999999999,0.03517422981591093,0.03514350199488034,0.0859375,19.0,"mom20@q0.6,hold_q=0.4,buy_top=10,hold_top=20,rebalance=20d,min_hold=5d,turnover_penalty=0.01,target_vol=0.18",-0.032600949745115515,-0.2618497239069419
2022-01-05 15:00:00,1004623.8421299999,308691.0,695932.8421299999,买,SZ.002008,大族激光,48.25,100,4623.842129999888,0.004623842129999778,,持仓不变,账户级撮合-100股整手/现金约束,1,4825.0,13.07575,0.04365315890374007,0.04322513380523647,0.07580824972129308,22.0,"mom20@q0.6,hold_q=0.4,buy_top=10,hold_top=20,rebalance=20d,min_hold=5d,turnover_penalty=0.01,target_vol=0.18",-0.032600949745115515,-0.2618497239069419
2022-01-05 15:00:00,1004623.8421299999,308691.0,695932.8421299999,买,SH.601600,中国铝业,5.33,100,4623.842129999888,0.004623842129999778,,持仓不变,账户级撮合-100股整手/现金约束,1,533.0,1.4444299999999999,0.028098326877685605,0.027588435429958178,-0.08103448275862069,81.0,"mom20@q0.6,hold_q=0.4,buy_top=10,hold_top=20,rebalance=20d,min_hold=5d,turnover_penalty=0.01,target_vol=0.18",-0.032600949745115515,-0.2618497239069419
2022-01-07 15:00:00,995941.7054,301078.0,694863.7054,卖,SH.601600,中国铝业,5.5,100,-4058.294600000023,-0.0040582946000000675,超时卖/调仓卖,持仓不变,账户级撮合-卖出回款,1,550.0,1.7654999999999998,0.028098326877685605,0.02816429902263635,-0.05335628227194489,60.0,"mom20@q0.6,hold_q=0.4,buy_top=10,hold_top=20,rebalance=20d,min_hold=5d,turnover_penalty=0.01,target_vol=0.18",-0.032600949745115515,-0.2618497239069419
2022-01-07 15:00:00,995941.7054,301078.0,694863.7054,买,SH.601991,大唐发电,2.73,100,-4058.294600000023,-0.0040582946000000675,,持仓不变,账户级撮合-100股整手/现金约束,1,273.0,0.7398299999999999,0.03517422981591093,0.03508639091076665,0.05405405405405417,15.0,"mom20@q0.6,hold_q=0.4,buy_top=10,hold_top=20,rebalance=20d,min_hold=5d,turnover_penalty=0.01,target_vol=0.18",-0.032600949745115515,-0.2618497239069419
2022-01-07 15:00:00,995941.7054,301078.0,694863.7054,买,SZ.002463,沪电股份,13.4,100,-4058.294600000023,-0.0040582946000000675,,持仓不变,账户级撮合-100股整手/现金约束,1,1340.0,3.6313999999999997,0.027011713858382733,0.02690920548330318,-0.040801717967072326,55.0,"mom20@q0.6,hold_q=0.4,buy_top=10,hold_top=20,rebalance=20d,min_hold=5d,turnover_penalty=0.01,target_vol=0.18",-0.032600949745115515,-0.2618497239069419
2022-01-10 15:00:00,1000736.242,306414.0,694322.242,买,SH.601991,大唐发电,2.7,200,736.2419999999693,0.000736241999999887,,持仓不变,账户级撮合-100股整手/现金约束,1,540.0,1.4633999999999998,0.03517422981591093,0.03507417691783766,0.03846153846153855,30.0,"mom20@q0.6,hold_q=0.4,buy_top=10,hold_top=20,rebalance=20d,min_hold=5d,turnover_penalty=0.01,target_vol=0.18",-0.032600949745115515,-0.2618497239069419
2022-01-11 15:00:00,993956.63033,307343.0,686613.63033,卖,SH.601600,中国铝业,5.74,200,-6043.369670000044,-0.006043369670000076,超时卖/调仓卖,持仓不变,账户级撮合-卖出回款,1,1148.0,3.6850799999999997,0.028098326877685605,0.02829700928768088,-0.027118644067796627,46.0,"mom20@q0.6,hold_q=0.4,buy_top=10,hold_top=20,rebalance=20d,min_hold=5d,turnover_penalty=0.01,target_vol=0.18",-0.032600949745115515,-0.2618497239069419
2022-01-11 15:00:00,993956.63033,307343.0,686613.63033,买,SZ.300058,蓝色光标,7.78,100,-6043.369670000044,-0.006043369670000076,,持仓不变,账户级撮合-100股整手/现金约束,1,778.0,2.10838,0.019343363602166274,0.018785527889482238,0.12265512265512268,3.0,"mom20@q0.6,hold_q=0.4,buy_top=10,hold_top=20,rebalance=20d,min_hold=5d,turnover_penalty=0.01,target_vol=0.18",-0.032600949745115515,-0.2618497239069419
2022-01-11 15:00:00,993956.63033,307343.0,686613.63033,买,SZ.300033,同花顺,80.51,100,-6043.369670000044,-0.006043369670000076,,持仓不变,账户级撮合-100股整手/现金约束,1,8051.000000000001,21.81821,0.040525035184462384,0.04049975499095477,-0.03983303518187231,50.0,"mom20@q0.6,hold_q=0.4,buy_top=10,hold_top=20,rebalance=20d,min_hold=5d,turnover_penalty=0.01,target_vol=0.18",-0.032600949745115515,-0.2618497239069419
2022-01-12 15:00:00,997746.97904,309689.0,688057.97904,卖,SZ.002463,沪电股份,14.49,100,-2253.0209599999944,-0.0022530209600000184,超时卖/调仓卖,持仓不变,账户级撮合-卖出回款,1,1449.0,4.6512899999999995,0.027011713858382733,0.027593167985824864,0.06622516556291402,9.0,"mom20@q0.6,hold_q=0.4,buy_top=10,hold_top=20,rebalance=20d,min_hold=5d,turnover_penalty=0.01,target_vol=0.18",-0.032600949745115515,-0.2618497239069419
2022-01-13 15:00:00,989408.9371699999,300834.0,688574.9371699999,卖,SH.601088,中国神华,12.6,100,-10591.062830000068,-0.010591062830000109,超时卖/调仓卖,持仓不变,账户级撮合-卖出回款,1,1260.0,4.0446,0.01777470202664869,0.017828826218667056,0.16883116883116878,2.0,"mom20@q0.6,hold_q=0.4,buy_top=10,hold_top=20,rebalance=20d,min_hold=5d,turnover_penalty=0.01,target_vol=0.18",-0.032600949745115515,-0.2618497239069419
2022-01-13 15:00:00,989408.9371699999,300834.0,688574.9371699999,买,SZ.300058,蓝色光标,7.37,100,-10591.062830000068,-0.010591062830000109,,持仓不变,账户级撮合-100股整手/现金约束,1,737.0,1.9972699999999999,0.019343363602166274,0.01862222919948642,0.005457025920873049,27.0,"mom20@q0.6,hold_q=0.4,buy_top=10,hold_top=20,rebalance=20d,min_hold=5d,turnover_penalty=0.01,target_vol=0.18",-0.032600949745115515,-0.2618497239069419
2022-01-14 15:00:00,990240.8618499999,303155.0,687085.8618499999,卖,SZ.002463,沪电股份,15.33,100,-9759.13815000013,-0.00975913815000018,超时卖/调仓卖,持仓不变,账户级撮合-卖出回款,1,1533.0,4.920929999999999,0.027011713858382733,0.02786594763262748,0.16577946768060836,2.0,"mom20@q0.6,hold_q=0.4,buy_top=10,hold_top=20,rebalance=20d,min_hold=5d,turnover_penalty=0.01,target_vol=0.18",-0.032600949745115515,-0.2618497239069419
2022-01-14 15:00:00,990240.8618499999,303155.0,687085.8618499999,买,SH.601600,中国铝业,5.44,200,-9759.13815000013,-0.00975913815000018,,持仓不变,账户级撮合-100股整手/现金约束,1,1088.0,2.9484799999999995,0.028098326877685605,0.028017425930260815,-0.03716814159292037,39.0,"mom20@q0.6,hold_q=0.4,buy_top=10,hold_top=20,rebalance=20d,min_hold=5d,turnover_penalty=0.01,target_vol=0.18",-0.032600949745115515,-0.2618497239069419
2022-01-14 15:00:00,990240.8618499999,303155.0,687085.8618499999,买,SH.601991,大唐发电,2.62,200,-9759.13815000013,-0.00975913815000018,,持仓不变,账户级撮合-100股整手/现金约束,1,524.0,1.42004,0.03517422981591093,0.03492483630234068,-0.09027777777777768,68.0,"mom20@q0.6,hold_q=0.4,buy_top=10,hold_top=20,rebalance=20d,min_hold=5d,turnover_penalty=0.01,target_vol=0.18",-0.032600949745115515,-0.2618497239069419
2022-01-14 15:00:00,990240.8618499999,303155.0,687085.8618499999,买,SH.600989,宝丰能源,13.97,100,-9759.13815000013,-0.00975913815000018,,持仓不变,账户级撮合-100股整手/现金约束,1,1397.0,3.7858699999999996,0.03143483907504018,0.031036893329751868,-0.12138364779874211,82.0,"mom20@q0.6,hold_q=0.4,buy_top=10,hold_top=20,rebalance=20d,min_hold=5d,turnover_penalty=0.01,target_vol=0.18",-0.032600949745115515,-0.2618497239069419
2022-01-17 15:00:00,996090.6374699998,308548.0,687542.6374699998,卖,SZ.002463,沪电股份,16.26,100,-3909.3625300001586,-0.003909362530000182,超时卖/调仓卖,持仓不变,账户级撮合-卖出回款,1,1626.0000000000002,5.219460000000001,0.027011713858382733,0.027750486712944857,0.27031249999999996,1.0,"mom20@q0.6,hold_q=0.4,buy_top=10,hold_top=20,rebalance=20d,min_hold=5d,turnover_penalty=0.01,target_vol=0.18",-0.032600949745115515,-0.2618497239069419
2022-01-17 15:00:00,996090.6374699998,308548.0,687542.6374699998,卖,SZ.300058,蓝色光标,8.23,100,-3909.3625300001586,-0.003909362530000182,超时卖/调仓卖,持仓不变,账户级撮合-卖出回款,1,823.0,2.6418299999999997,0.019343363602166274,0.019829520785546877,0.04177215189873418,22.0,"mom20@q0.6,hold_q=0.4,buy_top=10,hold_top=20,rebalance=20d,min_hold=5d,turnover_penalty=0.01,target_vol=0.18",-0.032600949745115515,-0.2618497239069419
2022-01-17 15:00:00,996090.6374699998,308548.0,687542.6374699998,买,SH.601088,中国神华,11.8,100,-3909.3625300001586,-0.003909362530000182,,持仓不变,账户级撮合-100股整手/现金约束,1,1180.0,3.1977999999999995,0.01777470202664869,0.017769467289600025,0.03146853146853168,25.0,"mom20@q0.6,hold_q=0.4,buy_top=10,hold_top=20,rebalance=20d,min_hold=5d,turnover_penalty=0.01,target_vol=0.18",-0.032600949745115515,-0.2618497239069419
2022-01-17 15:00:00,996090.6374699998,308548.0,687542.6374699998,买,SH.601600,中国铝业,5.37,100,-3909.3625300001586,-0.003909362530000182,,持仓不变,账户级撮合-100股整手/现金约束,1,537.0,1.4552699999999998,0.028098326877685605,0.0280335934799317,-0.05291005291005291,64.0,"mom20@q0.6,hold_q=0.4,buy_top=10,hold_top=20,rebalance=20d,min_hold=5d,turnover_penalty=0.01,target_vol=0.18",-0.032600949745115515,-0.2618497239069419
2022-01-17 15:00:00,996090.6374699998,308548.0,687542.6374699998,买,SH.601991,大唐发电,2.62,100,-3909.3625300001586,-0.003909362530000182,,持仓不变,账户级撮合-100股整手/现金约束,1,262.0,0.71002,0.03517422981591093,0.03498276029228263,-0.13245033112582782,91.0,"mom20@q0.6,hold_q=0.4,buy_top=10,hold_top=20,rebalance=20d,min_hold=5d,turnover_penalty=0.01,target_vol=0.18",-0.032600949745115515,-0.2618497239069419
2022-01-18 15:00:00,999839.9349899999,310216.0,689623.9349899999,卖,SH.601991,大唐发电,2.71,300,-160.06501000013668,-0.00016006501000009887,超时卖/调仓卖,持仓不变,账户级撮合-卖出回款,1,813.0,2.60973,0.03517422981591093,0.03523563999306785,-0.10855263157894735,97.0,"mom20@q0.6,hold_q=0.4,buy_top=10,hold_top=20,rebalance=20d,min_hold=5d,turnover_penalty=0.01,target_vol=0.18",-0.032600949745115515,-0.2618497239069419
2022-01-18 15:00:00,999839.9349899999,310216.0,689623.9349899999,卖,SH.601088,中国神华,12.75,100,-160.06501000013668,-0.00016006501000009887,超时卖/调仓卖,持仓不变,账户级撮合-卖出回款,1,1275.0,4.09275,0.01777470202664869,0.017852857617833128,0.1414503133393017,9.0,"mom20@q0.6,hold_q=0.4,buy_top=10,hold_top=20,rebalance=20d,min_hold=5d,turnover_penalty=0.01,target_vol=0.18",-0.032600949745115515,-0.2618497239069419
2022-01-20 15:00:00,1000108.4147699998,314377.0,685731.4147699998,买,SZ.000338,潍柴动力,14.76,100,108.41476999979932,0.0001084147699998983,,持仓不变,账户级撮合-100股整手/现金约束,1,1476.0,3.9999599999999997,0.031029719442750604,0.030992639940069212,-0.09001233045622681,72.0,"mom20@q0.6,hold_q=0.4,buy_top=10,hold_top=20,rebalance=20d,min_hold=5d,turnover_penalty=0.01,target_vol=0.18",-0.032600949745115515,-0.2618497239069419
2022-01-20 15:00:00,1000108.4147699998,314377.0,685731.4147699998,买,SH.601991,大唐发电,2.67,100,108.41476999979932,0.0001084147699998983,,持仓不变,账户级撮合-100股整手/现金约束,1,267.0,0.7235699999999999,0.03517422981591093,0.034973208387656496,-0.0949152542372882,74.0,"mom20@q0.6,hold_q=0.4,buy_top=10,hold_top=20,rebalance=20d,min_hold=5d,turnover_penalty=0.01,target_vol=0.18",-0.032600949745115515,-0.2618497239069419
2022-01-20 15:00:00,1000108.4147699998,314377.0,685731.4147699998,买,SZ.300058,蓝色光标,7.13,300,108.41476999979932,0.0001084147699998983,,持仓不变,账户级撮合-100股整手/现金约束,1,2139.0,5.796689999999999,0.019343363602166274,0.019248913133509883,-0.09746835443037982,75.0,"mom20@q0.6,hold_q=0.4,buy_top=10,hold_top=20,rebalance=20d,min_hold=5d,turnover_penalty=0.01,target_vol=0.18",-0.032600949745115515,-0.2618497239069419
2022-01-24 15:00:00,994675.1179999994,429074.0,565601.1179999994,卖,SZ.300058,蓝色光标,7.21,2700,-5324.882000000565,-0.005324882000000586,超时卖/调仓卖,调仓卖出-跌破持有阈值、跌出持有排名,账户级撮合-卖出回款,1,19467.0,62.48907,0.0,0.0,-0.05504587155963303,57.0,"mom20@q0.6,hold_q=0.4,buy_top=10,hold_top=20,rebalance=20d,min_hold=5d,turnover_penalty=0.01,target_vol=0.18",-0.032600949745115515,-0.2618497239069419
2022-01-24 15:00:00,994675.1179999994,429074.0,565601.1179999994,卖,SH.601991,大唐发电,2.62,13100,-5324.882000000565,-0.005324882000000586,超时卖/调仓卖,调仓卖出-跌破持有阈值、跌出持有排名,账户级撮合-卖出回款,1,34322.0,110.17361999999999,0.0,0.0,-0.2012195121951219,106.0,"mom20@q0.6,hold_q=0.4,buy_top=10,hold_top=20,rebalance=20d,min_hold=5d,turnover_penalty=0.01,target_vol=0.18",-0.032600949745115515,-0.2618497239069419
2022-01-24 15:00:00,994675.1179999994,429074.0,565601.1179999994,卖,SH.601600,中国铝业,5.21,5200,-5324.882000000565,-0.005324882000000586,超时卖/调仓卖,调仓卖出-跌破持有阈值、跌出持有排名,账户级撮合-卖出回款,1,27092.0,86.96531999999999,0.0,0.0,-0.12289562289562295,92.0,"mom20@q0.6,hold_q=0.4,buy_top=10,hold_top=20,rebalance=20d,min_hold=5d,turnover_penalty=0.01,target_vol=0.18",-0.032600949745115515,-0.2618497239069419
2022-01-24 15:00:00,994675.1179999994,429074.0,565601.1179999994,卖,SZ.002475,立讯精密,48.39,800,-5324.882000000565,-0.005324882000000586,超时卖/调仓卖,调仓卖出-跌出持有排名,账户级撮合-卖出回款,1,38712.0,124.26552,0.0,0.0,-0.005139802631578982,38.0,"mom20@q0.6,hold_q=0.4,buy_top=10,hold_top=20,rebalance=20d,min_hold=5d,turnover_penalty=0.01,target_vol=0.18",-0.032600949745115515,-0.2618497239069419
2022-01-24 15:00:00,994675.1179999994,429074.0,565601.1179999994,卖,SZ.002008,大族激光,47.36,900,-5324.882000000565,-0.005324882000000586,超时卖/调仓卖,调仓卖出-跌破持有阈值、跌出持有排名,账户级撮合-卖出回款,1,42624.0,136.82304,0.0,0.0,-0.09062980030721968,72.0,"mom20@q0.6,hold_q=0.4,buy_top=10,hold_top=20,rebalance=20d,min_hold=5d,turnover_penalty=0.01,target_vol=0.18",-0.032600949745115515,-0.2618497239069419
2022-01-24 15:00:00,994675.1179999994,429074.0,565601.1179999994,卖,SZ.300033,同花顺,82.15,500,-5324.882000000565,-0.005324882000000586,超时卖/调仓卖,调仓卖出-跌破持有阈值、跌出持有排名,账户级撮合-卖出回款,1,41075.0,131.85074999999998,0.0,0.0,-0.07810571204129724,68.0,"mom20@q0.6,hold_q=0.4,buy_top=10,hold_top=20,rebalance=20d,min_hold=5d,turnover_penalty=0.01,target_vol=0.18",-0.032600949745115515,-0.2618497239069419
2022-01-24 15:00:00,994675.1179999994,429074.0,565601.1179999994,卖,SZ.000338,潍柴动力,14.3,2100,-5324.882000000565,-0.005324882000000586,超时卖/调仓卖,调仓卖出-跌破持有阈值、跌出持有排名,账户级撮合-卖出回款,1,30030.0,96.3963,0.0,0.0,-0.11891558841651262,87.0,"mom20@q0.6,hold_q=0.4,buy_top=10,hold_top=20,rebalance=20d,min_hold=5d,turnover_penalty=0.01,target_vol=0.18",-0.032600949745115515,-0.2618497239069419
2022-01-24 15:00:00,994675.1179999994,429074.0,565601.1179999994,卖,SH.600989,宝丰能源,14.25,2200,-5324.882000000565,-0.005324882000000586,超时卖/调仓卖,调仓卖出-跌破持有阈值、跌出持有排名,账户级撮合-卖出回款,1,31350.0,100.6335,0.0,0.0,-0.09293443666454493,76.0,"mom20@q0.6,hold_q=0.4,buy_top=10,hold_top=20,rebalance=20d,min_hold=5d,turnover_penalty=0.01,target_vol=0.18",-0.032600949745115515,-0.2618497239069419
2022-01-24 15:00:00,994675.1179999994,429074.0,565601.1179999994,买,SH.603019,中科曙光,30.89,1300,-5324.882000000565,-0.005324882000000586,,调仓买入-新进前N、满足动量阈值,账户级撮合-100股整手/现金约束,1,40157.0,108.82547,0.041653032231128796,0.040371976008351323,0.18853405155829184,1.0,"mom20@q0.6,hold_q=0.4,buy_top=10,hold_top=20,rebalance=20d,min_hold=5d,turnover_penalty=0.01,target_vol=0.18",-0.032600949745115515,-0.2618497239069419
2022-01-24 15:00:00,994675.1179999994,429074.0,565601.1179999994,买,SH.601088,中国神华,13.53,1100,-5324.882000000565,-0.005324882000000586,,调仓买入-权重上调,账户级撮合-100股整手/现金约束,1,14883.0,40.33293,0.03522248973166063,0.034006078354520596,0.1398483572030329,3.0,"mom20@q0.6,hold_q=0.4,buy_top=10,hold_top=20,rebalance=20d,min_hold=5d,turnover_penalty=0.01,target_vol=0.18",-0.032600949745115515,-0.2618497239069419
2022-01-24 15:00:00,994675.1179999994,429074.0,565601.1179999994,买,SZ.000938,紫光股份,23.57,2100,-5324.882000000565,-0.005324882000000586,,调仓买入-新进前N、满足动量阈值,账户级撮合-100股整手/现金约束,1,49497.0,134.13687,0.0501269325080109,0.049761976653768095,0.10709253170502597,5.0,"mom20@q0.6,hold_q=0.4,buy_top=10,hold_top=20,rebalance=20d,min_hold=5d,turnover_penalty=0.01,target_vol=0.18",-0.032600949745115515,-0.2618497239069419
2022-01-24 15:00:00,994675.1179999994,429074.0,565601.1179999994,买,SZ.300548,长芯博创,21.48,2200,-5324.882000000565,-0.005324882000000586,,调仓买入-新进前N、满足动量阈值,账户级撮合-100股整手/现金约束,1,47256.0,128.06375999999997,0.04928466921488896,0.04750897971090097,0.09928352098259996,6.0,"mom20@q0.6,hold_q=0.4,buy_top=10,hold_top=20,rebalance=20d,min_hold=5d,turnover_penalty=0.01,target_vol=0.18",-0.032600949745115515,-0.2618497239069419
2022-01-24 15:00:00,994675.1179999994,429074.0,565601.1179999994,买,SZ.002353,杰瑞股份,41.58,1700,-5324.882000000565,-0.005324882000000586,,调仓买入-新进前N、满足动量阈值,账户级撮合-100股整手/现金约束,1,70686.0,191.55906,0.07321940485278876,0.07106440959549572,0.08592321755027421,8.0,"mom20@q0.6,hold_q=0.4,buy_top=10,hold_top=20,rebalance=20d,min_hold=5d,turnover_penalty=0.01,target_vol=0.18",-0.032600949745115515,-0.2618497239069419
2022-01-24 15:00:00,994675.1179999994,429074.0,565601.1179999994,买,SH.601318,中国平安,43.32,1400,-5324.882000000565,-0.005324882000000586,,调仓买入-新进前N、满足动量阈值,账户级撮合-100股整手/现金约束,1,60648.0,164.35608,0.06194592057204961,0.060972672285143095,0.08272931767058234,10.0,"mom20@q0.6,hold_q=0.4,buy_top=10,hold_top=20,rebalance=20d,min_hold=5d,turnover_penalty=0.01,target_vol=0.18",-0.032600949745115515,-0.2618497239069419
2022-01-24 15:00:00,994675.1179999994,429074.0,565601.1179999994,买,SZ.000333,美的集团,65.93,600,-5324.882000000565,-0.005324882000000586,,调仓买入-满足动量阈值,账户级撮合-100股整手/现金约束,1,39558.00000000001,107.20218000000001,0.04640039212674179,0.03976976932884334,0.08064251762006247,11.0,"mom20@q0.6,hold_q=0.4,buy_top=10,hold_top=20,rebalance=20d,min_hold=5d,turnover_penalty=0.01,target_vol=0.18",-0.032600949745115515,-0.2618497239069419
2022-01-24 15:00:00,994675.1179999994,429074.0,565601.1179999994,买,SZ.300394,天孚通信,15.84,1500,-5324.882000000565,-0.005324882000000586,,调仓买入-满足动量阈值,账户级撮合-100股整手/现金约束,1,23760.0,64.38959999999999,0.02530102531687735,0.023887196502687637,0.06523201075991936,14.0,"mom20@q0.6,hold_q=0.4,buy_top=10,hold_top=20,rebalance=20d,min_hold=5d,turnover_penalty=0.01,target_vol=0.18",-0.032600949745115515,-0.2618497239069419
2022-01-24 15:00:00,994675.1179999994,429074.0,565601.1179999994,买,SZ.002463,沪电股份,16.01,400,-5324.882000000565,-0.005324882000000586,,调仓买入-权重上调,账户级撮合-100股整手/现金约束,1,6404.000000000001,17.35484,0.03435308942412927,0.03380098626333591,0.03961038961038965,17.0,"mom20@q0.6,hold_q=0.4,buy_top=10,hold_top=20,rebalance=20d,min_hold=5d,turnover_penalty=0.01,target_vol=0.18",-0.032600949745115515,-0.2618497239069419
2022-01-24 15:00:00,994675.1179999994,429074.0,565601.1179999994,买,SZ.002714,牧原股份,50.11,600,-5324.882000000565,-0.005324882000000586,,调仓买入-调仓纳入持仓,账户级撮合-100股整手/现金约束,1,30066.0,81.47886,0.031978848386199916,0.0302269549684262,0.03170681490632066,20.0,"mom20@q0.6,hold_q=0.4,buy_top=10,hold_top=20,rebalance=20d,min_hold=5d,turnover_penalty=0.01,target_vol=0.18",-0.032600949745115515,-0.2618497239069419
2022-01-25 15:00:00,976474.3676999995,424841.0,551633.3676999995,买,SH.601088,中国神华,12.81,100,-23525.63230000052,-0.023525632300000487,,持仓不变,账户级撮合-100股整手/现金约束,1,1281.0,3.47151,0.03522248973166063,0.034108422198986535,0.0491400491400491,7.0,"mom20@q0.6,hold_q=0.4,buy_top=10,hold_top=20,rebalance=20d,min_hold=5d,turnover_penalty=0.01,target_vol=0.18",-0.032600949745115515,-0.2618497239069419
2022-01-25 15:00:00,976474.3676999995,424841.0,551633.3676999995,买,SZ.000333,美的集团,64.7,100,-23525.63230000052,-0.023525632300000487,,持仓不变,账户级撮合-100股整手/现金约束,1,6470.0,17.5337,0.04640039212674179,0.04638114578130367,0.04523424878836835,8.0,"mom20@q0.6,hold_q=0.4,buy_top=10,hold_top=20,rebalance=20d,min_hold=5d,turnover_penalty=0.01,target_vol=0.18",-0.032600949745115515,-0.2618497239069419
2022-01-25 15:00:00,976474.3676999995,424841.0,551633.3676999995,买,SZ.000938,紫光股份,22.21,100,-23525.63230000052,-0.023525632300000487,,持仓不变,账户级撮合-100股整手/现金约束,1,2221.0,6.018909999999999,0.0501269325080109,0.05003920391181409,0.029193697868396873,13.0,"mom20@q0.6,hold_q=0.4,buy_top=10,hold_top=20,rebalance=20d,min_hold=5d,turnover_penalty=0.01,target_vol=0.18",-0.032600949745115515,-0.2618497239069419
2022-01-25 15:00:00,976474.3676999995,424841.0,551633.3676999995,买,SZ.300548,长芯博创,19.79,200,-23525.63230000052,-0.023525632300000487,,持仓不变,账户级撮合-100股整手/现金约束,1,3958.0,10.72618,0.04928466921488896,0.04864029366369616,-0.005027652086475709,21.0,"mom20@q0.6,hold_q=0.4,buy_top=10,hold_top=20,rebalance=20d,min_hold=5d,turnover_penalty=0.01,target_vol=0.18",-0.032600949745115515,-0.2618497239069419
2022-01-26 15:00:00,983019.9585199995,432648.0,550371.9585199995,买,SH.601088,中国神华,12.58,100,-16980.04148000048,-0.01698004148000043,,持仓不变,账户级撮合-100股整手/现金约束,1,1258.0,3.4091799999999997,0.03522248973166063,0.03455270638770959,0.07613344739093253,6.0,"mom20@q0.6,hold_q=0.4,buy_top=10,hold_top=20,rebalance=20d,min_hold=5d,turnover_penalty=0.01,target_vol=0.18",-0.032600949745115515,-0.2618497239069419
2022-01-27 15:00:00,970067.6524599994,426099.0,543968.6524599994,买,SH.603019,中科曙光,28.1,100,-29932.34754000057,-0.029932347540000515,,持仓不变,账户级撮合-100股整手/现金约束,1,2810.0,7.615099999999999,0.041653032231128796,0.040553872609026285,0.06925418569254194,5.0,"mom20@q0.6,hold_q=0.4,buy_top=10,hold_top=20,rebalance=20d,min_hold=5d,turnover_penalty=0.01,target_vol=0.18",-0.032600949745115515,-0.2618497239069419
2022-01-27 15:00:00,970067.6524599994,426099.0,543968.6524599994,买,SZ.000938,紫光股份,20.96,100,-29932.34754000057,-0.029932347540000515,,持仓不变,账户级撮合-100股整手/现金约束,1,2096.0,5.68016,0.0501269325080109,0.0496955030690376,-0.04597177969959021,31.0,"mom20@q0.6,hold_q=0.4,buy_top=10,hold_top=20,rebalance=20d,min_hold=5d,turnover_penalty=0.01,target_vol=0.18",-0.032600949745115515,-0.2618497239069419
2022-01-27 15:00:00,970067.6524599994,426099.0,543968.6524599994,买,SZ.300394,天孚通信,14.8,100,-29932.34754000057,-0.029932347540000515,,持仓不变,账户级撮合-100股整手/现金约束,1,1480.0,4.0108,0.02530102531687735,0.024410668616719432,-0.058524173027989845,35.0,"mom20@q0.6,hold_q=0.4,buy_top=10,hold_top=20,rebalance=20d,min_hold=5d,turnover_penalty=0.01,target_vol=0.18",-0.032600949745115515,-0.2618497239069419
2022-01-28 15:00:00,966906.4140099995,424136.0,542770.4140099995,买,SH.601088,中国神华,11.95,100,-33093.585990000516,-0.03309358599000056,,持仓不变,账户级撮合-100股整手/现金约束,1,1195.0,3.23845,0.03522248973166063,0.03460521050970499,0.052863436123347984,4.0,"mom20@q0.6,hold_q=0.4,buy_top=10,hold_top=20,rebalance=20d,min_hold=5d,turnover_penalty=0.01,target_vol=0.18",-0.032600949745115515,-0.2618497239069419
2022-02-07 15:00:00,980645.2666899995,436587.0,544058.2666899995,卖,SH.601088,中国神华,12.92,100,-19354.733310000505,-0.019354733310000483,超时卖/调仓卖,持仓不变,账户级撮合-卖出回款,1,1292.0,4.14732,0.03522248973166063,0.03557249617667047,0.08298407376362116,7.0,"mom20@q0.6,hold_q=0.4,buy_top=10,hold_top=20,rebalance=20d,min_hold=5d,turnover_penalty=0.01,target_vol=0.18",-0.032600949745115515,-0.2618497239069419
2022-02-08 15:00:00,985329.3610499995,442728.0,542601.3610499995,卖,SH.601088,中国神华,14.37,200,-14670.638950000517,-0.014670638950000536,超时卖/调仓卖,持仓不变,账户级撮合-卖出回款,1,2874.0,9.225539999999999,0.03522248973166063,0.03645988988059499,0.18369028006589772,1.0,"mom20@q0.6,hold_q=0.4,buy_top=10,hold_top=20,rebalance=20d,min_hold=5d,turnover_penalty=0.01,target_vol=0.18",-0.032600949745115515,-0.2618497239069419
2022-02-08 15:00:00,985329.3610499995,442728.0,542601.3610499995,买,SZ.002463,沪电股份,14.49,200,-14670.638950000517,-0.014670638950000536,,持仓不变,账户级撮合-100股整手/现金约束,1,2898.0,7.853579999999999,0.03435308942412927,0.03382320807378118,-0.012269938650306678,20.0,"mom20@q0.6,hold_q=0.4,buy_top=10,hold_top=20,rebalance=20d,min_hold=5d,turnover_penalty=0.01,target_vol=0.18",-0.032600949745115515,-0.2618497239069419
2022-02-08 15:00:00,985329.3610499995,442728.0,542601.3610499995,买,SZ.300394,天孚通信,14.12,100,-14670.638950000517,-0.014670638950000536,,持仓不变,账户级撮合-100股整手/现金约束,1,1412.0,3.8265199999999995,0.02530102531687735,0.024361397263571387,-0.13797313797313793,74.0,"mom20@q0.6,hold_q=0.4,buy_top=10,hold_top=20,rebalance=20d,min_hold=5d,turnover_penalty=0.01,target_vol=0.18",-0.032600949745115515,-0.2618497239069419
2022-02-10 15:00:00,1003823.2013999994,458067.0,545756.2013999994,卖,SH.601088,中国神华,15.01,100,3823.201399999438,0.0038232013999994763,超时卖/调仓卖,持仓不变,账户级撮合-卖出回款,1,1501.0,4.81821,0.03522248973166063,0.035886797545382994,0.2906276870163369,1.0,"mom20@q0.6,hold_q=0.4,buy_top=10,hold_top=20,rebalance=20d,min_hold=5d,turnover_penalty=0.01,target_vol=0.18",-0.032600949745115515,-0.2618497239069419
2022-02-10 15:00:00,1003823.2013999994,458067.0,545756.2013999994,卖,SZ.300394,天孚通信,16.64,100,3823.201399999438,0.0038232013999994763,超时卖/调仓卖,持仓不变,账户级撮合-卖出回款,1,1664.0,5.3414399999999995,0.02530102531687735,0.026522598763276617,0.1063829787234043,9.0,"mom20@q0.6,hold_q=0.4,buy_top=10,hold_top=20,rebalance=20d,min_hold=5d,turnover_penalty=0.01,target_vol=0.18",-0.032600949745115515,-0.2618497239069419
2022-02-11 15:00:00,998179.7480299994,454381.0,543798.7480299994,卖,SH.601088,中国神华,15.52,100,-1820.251970000565,-0.0018202519700005748,超时卖/调仓卖,持仓不变,账户级撮合-卖出回款,1,1552.0,4.98192,0.03522248973166063,0.03576109420217088,0.30201342281879184,1.0,"mom20@q0.6,hold_q=0.4,buy_top=10,hold_top=20,rebalance=20d,min_hold=5d,turnover_penalty=0.01,target_vol=0.18",-0.032600949745115515,-0.2618497239069419
2022-02-11 15:00:00,998179.7480299994,454381.0,543798.7480299994,买,SZ.002463,沪电股份,14.18,100,-1820.251970000565,-0.0018202519700005748,,持仓不变,账户级撮合-100股整手/现金约束,1,1418.0,3.8427799999999994,0.03435308942412927,0.034094059779478915,0.058208955223880476,16.0,"mom20@q0.6,hold_q=0.4,buy_top=10,hold_top=20,rebalance=20d,min_hold=5d,turnover_penalty=0.01,target_vol=0.18",-0.032600949745115515,-0.2618497239069419
2022-02-11 15:00:00,998179.7480299994,454381.0,543798.7480299994,买,SZ.000938,紫光股份,20.77,100,-1820.251970000565,-0.0018202519700005748,,持仓不变,账户级撮合-100股整手/现金约束,1,2077.0,5.62867,0.0501269325080109,0.0499389013836232,-0.052463503649635146,43.0,"mom20@q0.6,hold_q=0.4,buy_top=10,hold_top=20,rebalance=20d,min_hold=5d,turnover_penalty=0.01,target_vol=0.18",-0.032600949745115515,-0.2618497239069419
2022-02-16 15:00:00,989564.8303099994,444239.0,545325.8303099994,卖,SZ.002463,沪电股份,15.32,100,-10435.169690000592,-0.010435169690000579,超时卖/调仓卖,持仓不变,账户级撮合-卖出回款,1,1532.0,4.917719999999999,0.03435308942412927,0.035607571046114964,0.057280883367839985,10.0,"mom20@q0.6,hold_q=0.4,buy_top=10,hold_top=20,rebalance=20d,min_hold=5d,turnover_penalty=0.01,target_vol=0.18",-0.032600949745115515,-0.2618497239069419
2022-02-17 15:00:00,986482.8259199994,439603.0,546879.8259199994,卖,SZ.002463,沪电股份,15.59,100,-13517.174080000608,-0.013517174080000638,超时卖/调仓卖,持仓不变,账户级撮合-卖出回款,1,1559.0,5.00439,0.03435308942412927,0.03476796463031528,0.07295251204404685,12.0,"mom20@q0.6,hold_q=0.4,buy_top=10,hold_top=20,rebalance=20d,min_hold=5d,turnover_penalty=0.01,target_vol=0.18",-0.032600949745115515,-0.2618497239069419
2022-02-21 15:00:00,1006493.1313899994,451945.0,554548.1313899994,卖,SH.603019,中科曙光,33.01,100,6493.131389999413,0.006493131389999407,超时卖/调仓卖,持仓不变,账户级撮合-卖出回款,1,3301.0,10.59621,0.041653032231128796,0.04263615782527573,0.09340841338191441,10.0,"mom20@q0.6,hold_q=0.4,buy_top=10,hold_top=20,rebalance=20d,min_hold=5d,turnover_penalty=0.01,target_vol=0.18",-0.032600949745115515,-0.2618497239069419
2022-02-21 15:00:00,1006493.1313899994,451945.0,554548.1313899994,卖,SZ.000938,紫光股份,22.19,100,6493.131389999413,0.006493131389999407,超时卖/调仓卖,持仓不变,账户级撮合-卖出回款,1,2219.0,7.12299,0.0501269325080109,0.05070774793019825,-0.0777223607647547,72.0,"mom20@q0.6,hold_q=0.4,buy_top=10,hold_top=20,rebalance=20d,min_hold=5d,turnover_penalty=0.01,target_vol=0.18",-0.032600949745115515,-0.2618497239069419
2022-02-21 15:00:00,1006493.1313899994,451945.0,554548.1313899994,卖,SZ.300548,长芯博创,21.73,100,6493.131389999413,0.006493131389999407,超时卖/调仓卖,持仓不变,账户级撮合-卖出回款,1,2173.0,6.97533,0.04928466921488896,0.049656573344894456,-0.035936113575865125,56.0,"mom20@q0.6,hold_q=0.4,buy_top=10,hold_top=20,rebalance=20d,min_hold=5d,turnover_penalty=0.01,target_vol=0.18",-0.032600949745115515,-0.2618497239069419
2022-02-22 15:00:00,999649.9921799994,443506.0,556143.9921799994,卖,SH.601088,中国神华,16.01,100,-350.0078200006392,-0.0003500078200006085,超时卖/调仓卖,持仓不变,账户级撮合-卖出回款,1,1601.0000000000002,5.13921,0.03522248973166063,0.03523433229183464,0.2556862745098041,2.0,"mom20@q0.6,hold_q=0.4,buy_top=10,hold_top=20,rebalance=20d,min_hold=5d,turnover_penalty=0.01,target_vol=0.18",-0.032600949745115515,-0.2618497239069419
2022-02-23 15:00:00,999099.7167299993,442206.0,556893.7167299993,卖,SZ.300548,长芯博创,22.53,100,-900.283270000713,-0.0009002832700006902,超时卖/调仓卖,持仓不变,账户级撮合-卖出回款,1,2253.0,7.23213,0.04928466921488896,0.049610663650498175,0.010767160161507583,37.0,"mom20@q0.6,hold_q=0.4,buy_top=10,hold_top=20,rebalance=20d,min_hold=5d,turnover_penalty=0.01,target_vol=0.18",-0.032600949745115515,-0.2618497239069419
2022-02-23 15:00:00,999099.7167299993,442206.0,556893.7167299993,买,SH.601088,中国神华,14.92,100,-900.283270000713,-0.0009002832700006902,,持仓不变,账户级撮合-100股整手/现金约束,1,1492.0,4.04332,0.03522248973166063,0.034346921959215904,0.15479876160990713,8.0,"mom20@q0.6,hold_q=0.4,buy_top=10,hold_top=20,rebalance=20d,min_hold=5d,turnover_penalty=0.01,target_vol=0.18",-0.032600949745115515,-0.2618497239069419
2022-02-24 15:00:00,991021.2290799993,439858.0,551163.2290799993,买,SZ.000333,美的集团,57.15,100,-8978.770920000738,-0.008978770920000767,,持仓不变,账户级撮合-100股整手/现金约束,1,5715.0,15.487649999999999,0.04640039212674179,0.0461342286708061,-0.15295686971987554,103.0,"mom20@q0.6,hold_q=0.4,buy_top=10,hold_top=20,rebalance=20d,min_hold=5d,turnover_penalty=0.01,target_vol=0.18",-0.032600949745115515,-0.2618497239069419
2022-02-25 15:00:00,989010.4404999992,439249.0,549761.4404999992,买,SH.601088,中国神华,13.98,100,-10989.559500000789,-0.0109895595000008,,持仓不变,账户级撮合-100股整手/现金约束,1,1398.0,3.7885799999999996,0.03522248973166063,0.03392481881489301,0.04172876304023854,25.0,"mom20@q0.6,hold_q=0.4,buy_top=10,hold_top=20,rebalance=20d,min_hold=5d,turnover_penalty=0.01,target_vol=0.18",-0.032600949745115515,-0.2618497239069419
2022-02-28 15:00:00,987304.2284299994,309029.0,678275.2284299994,卖,SZ.002463,沪电股份,15.01,2200,-12695.771570000565,-0.012695771570000569,超时卖/调仓卖,调仓卖出-跌破持有阈值、跌出持有排名,账户级撮合-卖出回款,1,33022.0,106.00062,0.0,0.0,-0.06246096189881334,80.0,"mom20@q0.6,hold_q=0.4,buy_top=10,hold_top=20,rebalance=20d,min_hold=5d,turnover_penalty=0.01,target_vol=0.18",-0.032600949745115515,-0.2618497239069419
2022-02-28 15:00:00,987304.2284299994,309029.0,678275.2284299994,卖,SH.601088,中国神华,14.65,2400,-12695.771570000565,-0.012695771570000569,超时卖/调仓卖,调仓卖出-调仓移出持仓,账户级撮合-卖出回款,1,35160.0,112.86359999999999,0.0,0.0,0.08277900960827789,15.0,"mom20@q0.6,hold_q=0.4,buy_top=10,hold_top=20,rebalance=20d,min_hold=5d,turnover_penalty=0.01,target_vol=0.18",-0.032600949745115515,-0.2618497239069419
2022-02-28 15:00:00,987304.2284299994,309029.0,678275.2284299994,卖,SH.603019,中科曙光,31.99,100,-12695.771570000565,-0.012695771570000569,超时卖/调仓卖,调仓卖出-权重下调,账户级撮合-卖出回款,1,3199.0,10.26879,0.03844921000565776,0.0388816323222318,0.03561022984784712,26.0,"mom20@q0.6,hold_q=0.4,buy_top=10,hold_top=20,rebalance=20d,min_hold=5d,turnover_penalty=0.01,target_vol=0.18",-0.032600949745115515,-0.2618497239069419
2022-02-28 15:00:00,987304.2284299994,309029.0,678275.2284299994,卖,SZ.000938,紫光股份,21.68,2300,-12695.771570000565,-0.012695771570000569,超时卖/调仓卖,调仓卖出-跌破持有阈值、跌出持有排名,账户级撮合-卖出回款,1,49864.0,160.06343999999999,0.0,0.0,-0.08018667798048373,86.0,"mom20@q0.6,hold_q=0.4,buy_top=10,hold_top=20,rebalance=20d,min_hold=5d,turnover_penalty=0.01,target_vol=0.18",-0.032600949745115515,-0.2618497239069419
2022-02-28 15:00:00,987304.2284299994,309029.0,678275.2284299994,卖,SZ.300548,长芯博创,22.21,2200,-12695.771570000565,-0.012695771570000569,超时卖/调仓卖,调仓卖出-跌出持有排名,账户级撮合-卖出回款,1,48862.0,156.84702,0.0,0.0,0.03398510242085662,27.0,"mom20@q0.6,hold_q=0.4,buy_top=10,hold_top=20,rebalance=20d,min_hold=5d,turnover_penalty=0.01,target_vol=0.18",-0.032600949745115515,-0.2618497239069419
2022-02-28 15:00:00,987304.2284299994,309029.0,678275.2284299994,卖,SZ.002353,杰瑞股份,42.69,1700,-12695.771570000565,-0.012695771570000569,超时卖/调仓卖,调仓卖出-跌出持有排名,账户级撮合-卖出回款,1,72573.0,232.95933,0.0,0.0,0.02669552669552666,31.0,"mom20@q0.6,hold_q=0.4,buy_top=10,hold_top=20,rebalance=20d,min_hold=5d,turnover_penalty=0.01,target_vol=0.18",-0.032600949745115515,-0.2618497239069419
2022-02-28 15:00:00,987304.2284299994,309029.0,678275.2284299994,卖,SH.601318,中国平安,40.95,1400,-12695.771570000565,-0.012695771570000569,超时卖/调仓卖,调仓卖出-跌破持有阈值、跌出持有排名,账户级撮合-卖出回款,1,57330.00000000001,184.0293,0.0,0.0,-0.054709141274238204,76.0,"mom20@q0.6,hold_q=0.4,buy_top=10,hold_top=20,rebalance=20d,min_hold=5d,turnover_penalty=0.01,target_vol=0.18",-0.032600949745115515,-0.2618497239069419
2022-02-28 15:00:00,987304.2284299994,309029.0,678275.2284299994,卖,SZ.000333,美的集团,55.57,800,-12695.771570000565,-0.012695771570000569,超时卖/调仓卖,调仓卖出-跌破持有阈值、跌出持有排名,账户级撮合-卖出回款,1,44456.0,142.70376,0.0,0.0,-0.15713635674199922,105.0,"mom20@q0.6,hold_q=0.4,buy_top=10,hold_top=20,rebalance=20d,min_hold=5d,turnover_penalty=0.01,target_vol=0.18",-0.032600949745115515,-0.2618497239069419
2022-02-28 15:00:00,987304.2284299994,309029.0,678275.2284299994,卖,SZ.300394,天孚通信,15.43,1600,-12695.771570000565,-0.012695771570000569,超时卖/调仓卖,调仓卖出-跌破持有阈值、跌出持有排名,账户级撮合-卖出回款,1,24688.0,79.24848,0.0,0.0,-0.025883838383838342,62.0,"mom20@q0.6,hold_q=0.4,buy_top=10,hold_top=20,rebalance=20d,min_hold=5d,turnover_penalty=0.01,target_vol=0.18",-0.032600949745115515,-0.2618497239069419
2022-02-28 15:00:00,987304.2284299994,309029.0,678275.2284299994,卖,SZ.002714,牧原股份,53.37,600,-12695.771570000565,-0.012695771570000569,超时卖/调仓卖,调仓卖出-跌出持有排名,账户级撮合-卖出回款,1,32022.0,102.79061999999999,0.0,0.0,0.06505687487527445,21.0,"mom20@q0.6,hold_q=0.4,buy_top=10,hold_top=20,rebalance=20d,min_hold=5d,turnover_penalty=0.01,target_vol=0.18",-0.032600949745115515,-0.2618497239069419
2022-02-28 15:00:00,987304.2284299994,309029.0,678275.2284299994,买,SH.600522,中天科技,17.99,1400,-12695.771570000565,-0.012695771570000569,,调仓买入-新进前N、满足动量阈值,账户级撮合-100股整手/现金约束,1,25185.999999999996,68.25405999999998,0.025957541452972622,0.02550986744992524,0.3007953723788863,1.0,"mom20@q0.6,hold_q=0.4,buy_top=10,hold_top=20,rebalance=20d,min_hold=5d,turnover_penalty=0.01,target_vol=0.18",-0.032600949745115515,-0.2618497239069419
2022-02-28 15:00:00,987304.2284299994,309029.0,678275.2284299994,买,SZ.300390,天华新能,65.56,400,-12695.771570000565,-0.012695771570000569,,调仓买入-新进前N、满足动量阈值,账户级撮合-100股整手/现金约束,1,26224.0,71.06703999999999,0.029768072688227128,0.026561215119782402,0.29847494553376896,2.0,"mom20@q0.6,hold_q=0.4,buy_top=10,hold_top=20,rebalance=20d,min_hold=5d,turnover_penalty=0.01,target_vol=0.18",-0.032600949745115515,-0.2618497239069419
2022-02-28 15:00:00,987304.2284299994,309029.0,678275.2284299994,买,SH.600111,北方稀土,48.49,600,-12695.771570000565,-0.012695771570000569,,调仓买入-新进前N、满足动量阈值,账户级撮合-100股整手/现金约束,1,29094.0,78.84473999999999,0.033718908259622815,0.02946812052680557,0.20143706640237857,4.0,"mom20@q0.6,hold_q=0.4,buy_top=10,hold_top=20,rebalance=20d,min_hold=5d,turnover_penalty=0.01,target_vol=0.18",-0.032600949745115515,-0.2618497239069419
2022-02-28 15:00:00,987304.2284299994,309029.0,678275.2284299994,买,SZ.000792,盐湖股份,34.74,1100,-12695.771570000565,-0.012695771570000569,,调仓买入-新进前N、满足动量阈值,账户级撮合-100股整手/现金约束,1,38214.0,103.55993999999998,0.040747161079610135,0.03870539485156211,0.16381909547738704,5.0,"mom20@q0.6,hold_q=0.4,buy_top=10,hold_top=20,rebalance=20d,min_hold=5d,turnover_penalty=0.01,target_vol=0.18",-0.032600949745115515,-0.2618497239069419
2022-02-28 15:00:00,987304.2284299994,309029.0,678275.2284299994,买,SH.603799,华友钴业,92.3,300,-12695.771570000565,-0.012695771570000569,,调仓买入-新进前N、满足动量阈值,账户级撮合-100股整手/现金约束,1,27690.0,75.03989999999999,0.03282794377755389,0.028046066453125944,0.14972595914299935,7.0,"mom20@q0.6,hold_q=0.4,buy_top=10,hold_top=20,rebalance=20d,min_hold=5d,turnover_penalty=0.01,target_vol=0.18",-0.032600949745115515,-0.2618497239069419
2022-02-28 15:00:00,987304.2284299994,309029.0,678275.2284299994,买,SZ.002466,天齐锂业,96.03,200,-12695.771570000565,-0.012695771570000569,,调仓买入-新进前N、满足动量阈值,账户级撮合-100股整手/现金约束,1,19206.0,52.04825999999999,0.028686352041649616,0.01945297046943795,0.146900752418488,9.0,"mom20@q0.6,hold_q=0.4,buy_top=10,hold_top=20,rebalance=20d,min_hold=5d,turnover_penalty=0.01,target_vol=0.18",-0.032600949745115515,-0.2618497239069419
2022-02-28 15:00:00,987304.2284299994,309029.0,678275.2284299994,买,SH.600673,东阳光,8.09,6200,-12695.771570000565,-0.012695771570000569,,调仓买入-新进前N、满足动量阈值,账户级撮合-100股整手/现金约束,1,50158.0,135.92818,0.051000652062922015,0.050802983068107294,0.14427157001414415,10.0,"mom20@q0.6,hold_q=0.4,buy_top=10,hold_top=20,rebalance=20d,min_hold=5d,turnover_penalty=0.01,target_vol=0.18",-0.032600949745115515,-0.2618497239069419
2022-02-28 15:00:00,987304.2284299994,309029.0,678275.2284299994,买,SH.601857,中国石油,4.12,5600,-12695.771570000565,-0.012695771570000569,,调仓买入-满足动量阈值,账户级撮合-100股整手/现金约束,1,23072.0,62.525119999999994,0.023598549242486496,0.023368683467191106,0.12876712328767126,11.0,"mom20@q0.6,hold_q=0.4,buy_top=10,hold_top=20,rebalance=20d,min_hold=5d,turnover_penalty=0.01,target_vol=0.18",-0.032600949745115515,-0.2618497239069419
2022-02-28 15:00:00,987304.2284299994,309029.0,678275.2284299994,买,SZ.002460,赣锋锂业,105.99,300,-12695.771570000565,-0.012695771570000569,,调仓买入-满足动量阈值,账户级撮合-100股整手/现金约束,1,31797.0,86.16986999999999,0.032598742864536866,0.0322058784763469,0.12551768079006043,13.0,"mom20@q0.6,hold_q=0.4,buy_top=10,hold_top=20,rebalance=20d,min_hold=5d,turnover_penalty=0.01,target_vol=0.18",-0.032600949745115515,-0.2618497239069419
2022-03-01 15:00:00,980231.8549099994,319115.0,661116.8549099994,买,SH.600111,北方稀土,46.42,100,-19768.145090000588,-0.019768145090000577,,持仓不变,账户级撮合-100股整手/现金约束,1,4642.0,12.579819999999998,0.033718908259622815,0.033149300175501294,0.17251831270522855,8.0,"mom20@q0.6,hold_q=0.4,buy_top=10,hold_top=20,rebalance=20d,min_hold=5d,turnover_penalty=0.01,target_vol=0.18",-0.032600949745115515,-0.2618497239069419
2022-03-01 15:00:00,980231.8549099994,319115.0,661116.8549099994,买,SZ.000792,盐湖股份,33.05,100,-19768.145090000588,-0.019768145090000577,,持仓不变,账户级撮合-100股整手/现金约束,1,3304.9999999999995,8.956549999999998,0.040747161079610135,0.04045981550318155,0.1214794706481166,15.0,"mom20@q0.6,hold_q=0.4,buy_top=10,hold_top=20,rebalance=20d,min_hold=5d,turnover_penalty=0.01,target_vol=0.18",-0.032600949745115515,-0.2618497239069419
2022-03-01 15:00:00,980231.8549099994,319115.0,661116.8549099994,买,SZ.002466,天齐锂业,91.65,100,-19768.145090000588,-0.019768145090000577,,持仓不变,账户级撮合-100股整手/现金约束,1,9165.0,24.837149999999998,0.028686352041649616,0.028049486315178434,0.11212231525300331,20.0,"mom20@q0.6,hold_q=0.4,buy_top=10,hold_top=20,rebalance=20d,min_hold=5d,turnover_penalty=0.01,target_vol=0.18",-0.032600949745115515,-0.2618497239069419
2022-03-02 15:00:00,979346.1423299994,324043.0,655303.1423299994,买,SZ.300390,天华新能,57.98,100,-20653.857670000638,-0.020653857670000608,,持仓不变,账户级撮合-100股整手/现金约束,1,5798.0,15.712579999999999,0.029768072688227128,0.029601382746072595,0.14313880126182954,8.0,"mom20@q0.6,hold_q=0.4,buy_top=10,hold_top=20,rebalance=20d,min_hold=5d,turnover_penalty=0.01,target_vol=0.18",-0.032600949745115515,-0.2618497239069419
2022-03-03 15:00:00,973470.2780599993,318097.0,655373.2780599993,卖,SH.601857,中国石油,4.28,200,-26529.721940000658,-0.026529721940000695,超时卖/调仓卖,持仓不变,账户级撮合-卖出回款,1,856.0,2.74776,0.023598549242486496,0.02374186507887969,0.19220055710306427,7.0,"mom20@q0.6,hold_q=0.4,buy_top=10,hold_top=20,rebalance=20d,min_hold=5d,turnover_penalty=0.01,target_vol=0.18",-0.032600949745115515,-0.2618497239069419
2022-03-03 15:00:00,973470.2780599993,318097.0,655373.2780599993,买,SH.600673,东阳光,7.81,100,-26529.721940000658,-0.026529721940000695,,持仓不变,账户级撮合-100股整手/现金约束,1,781.0,2.11651,0.051000652062922015,0.05054391603825361,0.13188405797101432,16.0,"mom20@q0.6,hold_q=0.4,buy_top=10,hold_top=20,rebalance=20d,min_hold=5d,turnover_penalty=0.01,target_vol=0.18",-0.032600949745115515,-0.2618497239069419
2022-03-04 15:00:00,966568.1994899993,311964.0,654604.1994899993,买,SH.600673,东阳光,7.67,100,-33431.80051000067,-0.03343180051000072,,持仓不变,账户级撮合-100股整手/现金约束,1,767.0,2.0785699999999996,0.051000652062922015,0.05078586283502894,0.13293943870014768,10.0,"mom20@q0.6,hold_q=0.4,buy_top=10,hold_top=20,rebalance=20d,min_hold=5d,turnover_penalty=0.01,target_vol=0.18",-0.032600949745115515,-0.2618497239069419
2022-03-07 15:00:00,960058.3184199993,308173.0,651885.3184199993,卖,SH.601857,中国石油,4.29,100,-39941.68158000067,-0.039941681580000665,超时卖/调仓卖,持仓不变,账户级撮合-卖出回款,1,429.0,1.37709,0.023598549242486496,0.02368293630059792,0.12010443864229758,6.0,"mom20@q0.6,hold_q=0.4,buy_top=10,hold_top=20,rebalance=20d,min_hold=5d,turnover_penalty=0.01,target_vol=0.18",-0.032600949745115515,-0.2618497239069419
2022-03-07 15:00:00,960058.3184199993,308173.0,651885.3184199993,买,SH.600522,中天科技,16.56,100,-39941.68158000067,-0.039941681580000665,,持仓不变,账户级撮合-100股整手/现金约束,1,1655.9999999999998,4.487759999999999,0.025957541452972622,0.025873428231818284,0.06290115532734264,17.0,"mom20@q0.6,hold_q=0.4,buy_top=10,hold_top=20,rebalance=20d,min_hold=5d,turnover_penalty=0.01,target_vol=0.18",-0.032600949745115515,-0.2618497239069419
2022-03-07 15:00:00,960058.3184199993,308173.0,651885.3184199993,买,SH.600673,东阳光,7.41,200,-39941.68158000067,-0.039941681580000665,,持仓不变,账户级撮合-100股整手/现金约束,1,1482.0,4.01622,0.051000652062922015,0.050940655439021945,0.06160458452722062,18.0,"mom20@q0.6,hold_q=0.4,buy_top=10,hold_top=20,rebalance=20d,min_hold=5d,turnover_penalty=0.01,target_vol=0.18",-0.032600949745115515,-0.2618497239069419
2022-03-08 15:00:00,942299.0774699993,299383.0,642916.0774699993,买,SH.603799,华友钴业,75.47,100,-57700.92253000068,-0.0577009225300007,,持仓不变,账户级撮合-100股整手/现金约束,1,7547.0,20.45237,0.03282794377755389,0.032036537784853256,0.017115902964959462,22.0,"mom20@q0.6,hold_q=0.4,buy_top=10,hold_top=20,rebalance=20d,min_hold=5d,turnover_penalty=0.01,target_vol=0.18",-0.032600949745115515,-0.2618497239069419
2022-03-08 15:00:00,942299.0774699993,299383.0,642916.0774699993,买,SH.600673,东阳光,6.99,200,-57700.92253000068,-0.0577009225300007,,持仓不变,账户级撮合-100股整手/现金约束,1,1398.0,3.7885799999999996,0.051000652062922015,0.050442583609038194,-0.015492957746478742,36.0,"mom20@q0.6,hold_q=0.4,buy_top=10,hold_top=20,rebalance=20d,min_hold=5d,turnover_penalty=0.01,target_vol=0.18",-0.032600949745115515,-0.2618497239069419
2022-03-09 15:00:00,936927.3159999994,295773.0,641154.3159999994,买,SH.601857,中国石油,4.09,100,-63072.68400000059,-0.06307268400000055,,持仓不变,账户级撮合-100股整手/现金约束,1,409.0,1.10839,0.023598549242486496,0.023572799749601935,0.06788511749347248,9.0,"mom20@q0.6,hold_q=0.4,buy_top=10,hold_top=20,rebalance=20d,min_hold=5d,turnover_penalty=0.01,target_vol=0.18",-0.032600949745115515,-0.2618497239069419
2022-03-09 15:00:00,936927.3159999994,295773.0,641154.3159999994,买,SH.600673,东阳光,6.74,200,-63072.68400000059,-0.06307268400000055,,持仓不变,账户级撮合-100股整手/现金约束,1,1348.0,3.6530799999999997,0.051000652062922015,0.05035609400462824,-0.07034482758620686,45.0,"mom20@q0.6,hold_q=0.4,buy_top=10,hold_top=20,rebalance=20d,min_hold=5d,turnover_penalty=0.01,target_vol=0.18",-0.032600949745115515,-0.2618497239069419
2022-03-10 15:00:00,943500.2292899995,302748.0,640752.2292899995,买,SH.601857,中国石油,4.01,100,-56499.770710000535,-0.05649977071000056,,持仓不变,账户级撮合-100股整手/现金约束,1,401.0,1.0867099999999998,0.023598549242486496,0.02337572298906252,0.036175710594315236,16.0,"mom20@q0.6,hold_q=0.4,buy_top=10,hold_top=20,rebalance=20d,min_hold=5d,turnover_penalty=0.01,target_vol=0.18",-0.032600949745115515,-0.2618497239069419
2022-03-11 15:00:00,946973.7959599994,303396.0,643577.7959599994,卖,SH.600522,中天科技,17.92,100,-53026.204040000564,-0.05302620404000058,超时卖/调仓卖,持仓不变,账户级撮合-卖出回款,1,1792.0000000000002,5.75232,0.025957541452972622,0.026492813324963144,0.17277486910994777,6.0,"mom20@q0.6,hold_q=0.4,buy_top=10,hold_top=20,rebalance=20d,min_hold=5d,turnover_penalty=0.01,target_vol=0.18",-0.032600949745115515,-0.2618497239069419
2022-03-11 15:00:00,946973.7959599994,303396.0,643577.7959599994,卖,SH.600673,东阳光,7.19,200,-53026.204040000564,-0.05302620404000058,超时卖/调仓卖,持仓不变,账户级撮合-卖出回款,1,1438.0,4.6159799999999995,0.051000652062922015,0.05162972851897712,-0.001388888888888884,32.0,"mom20@q0.6,hold_q=0.4,buy_top=10,hold_top=20,rebalance=20d,min_hold=5d,turnover_penalty=0.01,target_vol=0.18",-0.032600949745115515,-0.2618497239069419
2022-03-11 15:00:00,946973.7959599994,303396.0,643577.7959599994,买,SH.601857,中国石油,3.93,100,-53026.204040000564,-0.05302620404000058,,持仓不变,账户级撮合-100股整手/现金约束,1,393.0,1.06503,0.023598549242486496,0.023240347403371685,-0.053012048192771166,58.0,"mom20@q0.6,hold_q=0.4,buy_top=10,hold_top=20,rebalance=20d,min_hold=5d,turnover_penalty=0.01,target_vol=0.18",-0.032600949745115515,-0.2618497239069419
2022-03-14 15:00:00,938551.0237299994,299699.0,638852.0237299994,买,SH.601857,中国石油,3.81,200,-61448.97627000057,-0.061448976270000566,,持仓不变,账户级撮合-100股整手/现金约束,1,762.0,2.0650199999999996,0.023598549242486496,0.023544804108974166,-0.08633093525179858,61.0,"mom20@q0.6,hold_q=0.4,buy_top=10,hold_top=20,rebalance=20d,min_hold=5d,turnover_penalty=0.01,target_vol=0.18",-0.032600949745115515,-0.2618497239069419
2022-03-14 15:00:00,938551.0237299994,299699.0,638852.0237299994,买,SH.600111,北方稀土,39.51,100,-61448.97627000057,-0.061448976270000566,,持仓不变,账户级撮合-100股整手/现金约束,1,3951.0,10.707209999999998,0.033718908259622815,0.033677444487123516,-0.08689623295585869,62.0,"mom20@q0.6,hold_q=0.4,buy_top=10,hold_top=20,rebalance=20d,min_hold=5d,turnover_penalty=0.01,target_vol=0.18",-0.032600949745115515,-0.2618497239069419
2022-03-15 15:00:00,931952.2434199995,299679.0,632273.2434199995,买,SZ.000792,盐湖股份,28.7,100,-68047.75658000051,-0.0680477565800005,,持仓不变,账户级撮合-100股整手/现金约束,1,2870.0,7.777699999999999,0.040747161079610135,0.04003424023433102,-0.059016393442622994,22.0,"mom20@q0.6,hold_q=0.4,buy_top=10,hold_top=20,rebalance=20d,min_hold=5d,turnover_penalty=0.01,target_vol=0.18",-0.032600949745115515,-0.2618497239069419
2022-03-15 15:00:00,931952.2434199995,299679.0,632273.2434199995,买,SH.600673,东阳光,6.73,200,-68047.75658000051,-0.0680477565800005,,持仓不变,账户级撮合-100股整手/现金约束,1,1346.0,3.6476599999999997,0.051000652062922015,0.05054980052102209,-0.08435374149659858,29.0,"mom20@q0.6,hold_q=0.4,buy_top=10,hold_top=20,rebalance=20d,min_hold=5d,turnover_penalty=0.01,target_vol=0.18",-0.032600949745115515,-0.2618497239069419
2022-03-15 15:00:00,931952.2434199995,299679.0,632273.2434199995,买,SH.601857,中国石油,3.35,700,-68047.75658000051,-0.0680477565800005,,持仓不变,账户级撮合-100股整手/现金约束,1,2345.0,6.35495,0.023598549242486496,0.023364931147214097,-0.16249999999999998,70.0,"mom20@q0.6,hold_q=0.4,buy_top=10,hold_top=20,rebalance=20d,min_hold=5d,turnover_penalty=0.01,target_vol=0.18",-0.032600949745115515,-0.2618497239069419
2022-03-17 15:00:00,948814.1942599994,314352.0,634462.1942599994,卖,SH.600673,东阳光,7.32,300,-51185.805740000564,-0.051185805740000534,超时卖/调仓卖,持仓不变,账户级撮合-卖出回款,1,2196.0,7.04916,0.051000652062922015,0.051689783201705225,-0.041884816753926635,27.0,"mom20@q0.6,hold_q=0.4,buy_top=10,hold_top=20,rebalance=20d,min_hold=5d,turnover_penalty=0.01,target_vol=0.18",-0.032600949745115515,-0.2618497239069419
2022-03-18 15:00:00,946278.5237099994,310366.0,635912.5237099994,卖,SH.600673,东阳光,7.35,100,-53721.4762900006,-0.05372147629000057,超时卖/调仓卖,持仓不变,账户级撮合-卖出回款,1,735.0,2.3593499999999996,0.051000652062922015,0.051263976497966664,-0.056482670089858855,33.0,"mom20@q0.6,hold_q=0.4,buy_top=10,hold_top=20,rebalance=20d,min_hold=5d,turnover_penalty=0.01,target_vol=0.18",-0.032600949745115515,-0.2618497239069419
2022-03-18 15:00:00,946278.5237099994,310366.0,635912.5237099994,卖,SH.601857,中国石油,3.6,200,-53721.4762900006,-0.05372147629000057,超时卖/调仓卖,持仓不变,账户级撮合-卖出回款,1,720.0,2.3112,0.023598549242486496,0.023967573427620778,-0.09547738693467334,49.0,"mom20@q0.6,hold_q=0.4,buy_top=10,hold_top=20,rebalance=20d,min_hold=5d,turnover_penalty=0.01,target_vol=0.18",-0.032600949745115515,-0.2618497239069419
2022-03-21 15:00:00,951255.0905299993,314587.0,636668.0905299993,卖,SH.600673,东阳光,7.58,100,-48744.90947000065,-0.04874490947000065,超时卖/调仓卖,持仓不变,账户级撮合-卖出回款,1,758.0,2.4331799999999997,0.051000652062922015,0.051794729395402056,-0.021935483870967776,23.0,"mom20@q0.6,hold_q=0.4,buy_top=10,hold_top=20,rebalance=20d,min_hold=5d,turnover_penalty=0.01,target_vol=0.18",-0.032600949745115515,-0.2618497239069419
2022-03-22 15:00:00,952289.7151299993,314884.0,637405.7151299993,卖,SH.601857,中国石油,3.7,200,-47710.28487000067,-0.04771028487000062,超时卖/调仓卖,持仓不变,账户级撮合-卖出回款,1,740.0,2.3754,0.023598549242486496,0.02370077051280441,-0.10843373493975905,59.0,"mom20@q0.6,hold_q=0.4,buy_top=10,hold_top=20,rebalance=20d,min_hold=5d,turnover_penalty=0.01,target_vol=0.18",-0.032600949745115515,-0.2618497239069419
2022-03-24 15:00:00,948788.8018899993,312831.0,635957.8018899993,买,SH.600673,东阳光,7.22,200,-51211.198110000696,-0.051211198110000744,,持仓不变,账户级撮合-100股整手/现金约束,1,1444.0,3.9132399999999996,0.051000652062922015,0.050985003094090466,-0.082592121982211,39.0,"mom20@q0.6,hold_q=0.4,buy_top=10,hold_top=20,rebalance=20d,min_hold=5d,turnover_penalty=0.01,target_vol=0.18",-0.032600949745115515,-0.2618497239069419
2022-03-25 15:00:00,943873.8354499993,308941.0,634932.8354499993,卖,SH.601857,中国石油,3.72,100,-56126.164550000685,-0.056126164550000635,超时卖/调仓卖,持仓不变,账户级撮合-卖出回款,1,372.0,1.1941199999999998,0.023598549242486496,0.023647228222359575,-0.08823529411764708,33.0,"mom20@q0.6,hold_q=0.4,buy_top=10,hold_top=20,rebalance=20d,min_hold=5d,turnover_penalty=0.01,target_vol=0.18",-0.032600949745115515,-0.2618497239069419
2022-03-25 15:00:00,943873.8354499993,308941.0,634932.8354499993,买,SH.600673,东阳光,6.96,200,-56126.164550000685,-0.056126164550000635,,持仓不变,账户级撮合-100股整手/现金约束,1,1392.0,3.7723199999999997,0.051000652062922015,0.05087968136875431,-0.12562814070351758,52.0,"mom20@q0.6,hold_q=0.4,buy_top=10,hold_top=20,rebalance=20d,min_hold=5d,turnover_penalty=0.01,target_vol=0.18",-0.032600949745115515,-0.2618497239069419
2022-03-28 15:00:00,938229.8301399994,267510.0,670719.8301399994,卖,SH.603019,中科曙光,28.79,1200,-61770.169860000606,-0.06177016986000061,超时卖/调仓卖,调仓卖出-跌破持有阈值、跌出持有排名,账户级撮合-卖出回款,1,34548.0,110.89908,0.0,0.0,-0.10003125976867766,33.0,"mom20@q0.6,hold_q=0.4,buy_top=10,hold_top=20,rebalance=20d,min_hold=5d,turnover_penalty=0.01,target_vol=0.18",-0.032600949745115515,-0.2618497239069419
2022-03-28 15:00:00,938229.8301399994,267510.0,670719.8301399994,卖,SH.600522,中天科技,15.86,1400,-61770.169860000606,-0.06177016986000061,超时卖/调仓卖,调仓卖出-跌破持有阈值、跌出持有排名,账户级撮合-卖出回款,1,22204.0,71.27484,0.0,0.0,-0.11839911061700936,43.0,"mom20@q0.6,hold_q=0.4,buy_top=10,hold_top=20,rebalance=20d,min_hold=5d,turnover_penalty=0.01,target_vol=0.18",-0.032600949745115515,-0.2618497239069419
2022-03-28 15:00:00,938229.8301399994,267510.0,670719.8301399994,卖,SZ.300390,天华新能,52.88,500,-61770.169860000606,-0.06177016986000061,超时卖/调仓卖,调仓卖出-跌破持有阈值、跌出持有排名,账户级撮合-卖出回款,1,26440.0,84.8724,0.0,0.0,-0.19341061622940814,88.0,"mom20@q0.6,hold_q=0.4,buy_top=10,hold_top=20,rebalance=20d,min_hold=5d,turnover_penalty=0.01,target_vol=0.18",-0.032600949745115515,-0.2618497239069419
2022-03-28 15:00:00,938229.8301399994,267510.0,670719.8301399994,卖,SH.600111,北方稀土,38.76,800,-61770.169860000606,-0.06177016986000061,超时卖/调仓卖,调仓卖出-跌破持有阈值、跌出持有排名,账户级撮合-卖出回款,1,31008.0,99.53567999999999,0.0,0.0,-0.20065992988245007,96.0,"mom20@q0.6,hold_q=0.4,buy_top=10,hold_top=20,rebalance=20d,min_hold=5d,turnover_penalty=0.01,target_vol=0.18",-0.032600949745115515,-0.2618497239069419
2022-03-28 15:00:00,938229.8301399994,267510.0,670719.8301399994,卖,SZ.000792,盐湖股份,31.21,1300,-61770.169860000606,-0.06177016986000061,超时卖/调仓卖,调仓卖出-跌破持有阈值、跌出持有排名,账户级撮合-卖出回款,1,40573.0,130.23933,0.0,0.0,-0.10161197466896954,34.0,"mom20@q0.6,hold_q=0.4,buy_top=10,hold_top=20,rebalance=20d,min_hold=5d,turnover_penalty=0.01,target_vol=0.18",-0.032600949745115515,-0.2618497239069419
2022-03-28 15:00:00,938229.8301399994,267510.0,670719.8301399994,卖,SH.603799,华友钴业,69.78,400,-61770.169860000606,-0.06177016986000061,超时卖/调仓卖,调仓卖出-跌破持有阈值、跌出持有排名,账户级撮合-卖出回款,1,27912.0,89.59751999999999,0.0,0.0,-0.24398699891657638,107.0,"mom20@q0.6,hold_q=0.4,buy_top=10,hold_top=20,rebalance=20d,min_hold=5d,turnover_penalty=0.01,target_vol=0.18",-0.032600949745115515,-0.2618497239069419
2022-03-28 15:00:00,938229.8301399994,267510.0,670719.8301399994,卖,SZ.002466,天齐锂业,77.2,300,-61770.169860000606,-0.06177016986000061,超时卖/调仓卖,调仓卖出-跌破持有阈值、跌出持有排名,账户级撮合-卖出回款,1,23160.0,74.3436,0.0,0.0,-0.19608455690929916,90.0,"mom20@q0.6,hold_q=0.4,buy_top=10,hold_top=20,rebalance=20d,min_hold=5d,turnover_penalty=0.01,target_vol=0.18",-0.032600949745115515,-0.2618497239069419
2022-03-28 15:00:00,938229.8301399994,267510.0,670719.8301399994,卖,SH.600673,东阳光,7.23,6900,-61770.169860000606,-0.06177016986000061,超时卖/调仓卖,调仓卖出-跌破持有阈值、跌出持有排名,账户级撮合-卖出回款,1,49887.0,160.13727,0.0,0.0,-0.10630407911001227,37.0,"mom20@q0.6,hold_q=0.4,buy_top=10,hold_top=20,rebalance=20d,min_hold=5d,turnover_penalty=0.01,target_vol=0.18",-0.032600949745115515,-0.2618497239069419
2022-03-28 15:00:00,938229.8301399994,267510.0,670719.8301399994,卖,SH.601857,中国石油,3.91,6000,-61770.169860000606,-0.06177016986000061,超时卖/调仓卖,调仓卖出-跌破持有阈值,账户级撮合-卖出回款,1,23460.0,75.30659999999999,0.0,0.0,-0.050970873786407744,16.0,"mom20@q0.6,hold_q=0.4,buy_top=10,hold_top=20,rebalance=20d,min_hold=5d,turnover_penalty=0.01,target_vol=0.18",-0.032600949745115515,-0.2618497239069419
2022-03-28 15:00:00,938229.8301399994,267510.0,670719.8301399994,卖,SZ.002460,赣锋锂业,86.03,300,-61770.169860000606,-0.06177016986000061,超时卖/调仓卖,调仓卖出-跌破持有阈值、跌出持有排名,账户级撮合-卖出回款,1,25809.0,82.84688999999999,0.0,0.0,-0.18831965279743368,86.0,"mom20@q0.6,hold_q=0.4,buy_top=10,hold_top=20,rebalance=20d,min_hold=5d,turnover_penalty=0.01,target_vol=0.18",-0.032600949745115515,-0.2618497239069419
2022-03-28 15:00:00,938229.8301399994,267510.0,670719.8301399994,买,SH.601088,中国神华,18.63,2700,-61770.169860000606,-0.06177016986000061,,调仓买入-新进前N、满足动量阈值,账户级撮合-100股整手/现金约束,1,50301.0,136.31571,0.05423559817926202,0.05361266331991838,0.2716723549488054,1.0,"mom20@q0.6,hold_q=0.4,buy_top=10,hold_top=20,rebalance=20d,min_hold=5d,turnover_penalty=0.01,target_vol=0.18",-0.032600949745115515,-0.2618497239069419
2022-03-28 15:00:00,938229.8301399994,267510.0,670719.8301399994,买,SH.603259,XD药明康,107.29,500,-61770.169860000606,-0.06177016986000061,,调仓买入-新进前N、满足动量阈值,账户级撮合-100股整手/现金约束,1,53645.0,145.37795,0.058592549462539355,0.05717682200745555,0.07451176765147727,2.0,"mom20@q0.6,hold_q=0.4,buy_top=10,hold_top=20,rebalance=20d,min_hold=5d,turnover_penalty=0.01,target_vol=0.18",-0.032600949745115515,-0.2618497239069419
2022-03-28 15:00:00,938229.8301399994,267510.0,670719.8301399994,买,SH.601899,紫金矿业,10.31,6400,-61770.169860000606,-0.06177016986000061,,调仓买入-新进前N,账户级撮合-100股整手/现金约束,1,65984.0,178.81663999999998,0.07079332961431295,0.07032818386317359,0.034102306920762215,3.0,"mom20@q0.6,hold_q=0.4,buy_top=10,hold_top=20,rebalance=20d,min_hold=5d,turnover_penalty=0.01,target_vol=0.18",-0.032600949745115515,-0.2618497239069419
2022-03-28 15:00:00,938229.8301399994,267510.0,670719.8301399994,买,SZ.002428,云南锗业,13.94,7000,-61770.169860000606,-0.06177016986000061,,调仓买入-新进前N,账户级撮合-100股整手/现金约束,1,97580.0,264.4418,0.1050706745102048,0.10400436744314498,0.015294974508375692,7.0,"mom20@q0.6,hold_q=0.4,buy_top=10,hold_top=20,rebalance=20d,min_hold=5d,turnover_penalty=0.01,target_vol=0.18",-0.032600949745115515,-0.2618497239069419
2022-03-29 15:00:00,938626.4535199994,270636.0,667990.4535199994,买,SZ.002428,云南锗业,13.61,200,-61373.5464800006,-0.061373546480000596,,持仓不变,账户级撮合-100股整手/现金约束,1,2722.0,7.376619999999999,0.1050706745102048,0.10439935890631925,0.0,11.0,"mom20@q0.6,hold_q=0.4,buy_top=10,hold_top=20,rebalance=20d,min_hold=5d,turnover_penalty=0.01,target_vol=0.18",-0.032600949745115515,-0.2618497239069419
2022-03-31 15:00:00,936203.7191299994,269225.0,666978.7191299994,买,SH.601899,紫金矿业,10.09,100,-63796.2808700006,-0.06379628087000055,,持仓不变,账户级撮合-100股整手/现金约束,1,1009.0,2.73439,0.07079332961431295,0.07005419724346662,-0.04990583804143123,17.0,"mom20@q0.6,hold_q=0.4,buy_top=10,hold_top=20,rebalance=20d,min_hold=5d,turnover_penalty=0.01,target_vol=0.18",-0.032600949745115515,-0.2618497239069419
2022-04-01 15:00:00,928481.9306499994,266605.0,661876.9306499994,买,SZ.002428,云南锗业,12.72,400,-71518.06935000059,-0.0715180693500006,,持仓不变,账户级撮合-100股整手/现金约束,1,5088.0,13.788479999999998,0.1050706745102048,0.10411834286567444,-0.04647676161919034,23.0,"mom20@q0.6,hold_q=0.4,buy_top=10,hold_top=20,rebalance=20d,min_hold=5d,turnover_penalty=0.01,target_vol=0.18",-0.032600949745115515,-0.2618497239069419
2022-04-06 15:00:00,926929.2018299993,265281.0,661648.2018299993,卖,SH.601899,紫金矿业,10.35,100,-73070.79817000066,-0.07307079817000062,超时卖/调仓卖,持仓不变,账户级撮合-卖出回款,1,1035.0,3.3223499999999997,0.07079332961431295,0.07146176846001293,-0.021739130434782594,22.0,"mom20@q0.6,hold_q=0.4,buy_top=10,hold_top=20,rebalance=20d,min_hold=5d,turnover_penalty=0.01,target_vol=0.18",-0.032600949745115515,-0.2618497239069419
2022-04-06 15:00:00,926929.2018299993,265281.0,661648.2018299993,买,SZ.002428,云南锗业,12.57,100,-73070.79817000066,-0.07307079817000062,,持仓不变,账户级撮合-100股整手/现金约束,1,1257.0,3.4064699999999997,0.1050706745102048,0.10441897807180239,-0.05983545250560951,37.0,"mom20@q0.6,hold_q=0.4,buy_top=10,hold_top=20,rebalance=20d,min_hold=5d,turnover_penalty=0.01,target_vol=0.18",-0.032600949745115515,-0.2618497239069419
2022-04-07 15:00:00,925244.5406499993,266061.0,659183.5406499993,买,SZ.002428,云南锗业,12.29,200,-74755.45935000072,-0.07475545935000072,,持仓不变,账户级撮合-100股整手/现金约束,1,2458.0,6.661179999999999,0.1050706745102048,0.10493550162618846,-0.052428681572860514,40.0,"mom20@q0.6,hold_q=0.4,buy_top=10,hold_top=20,rebalance=20d,min_hold=5d,turnover_penalty=0.01,target_vol=0.18",-0.032600949745115515,-0.2618497239069419
2022-04-08 15:00:00,927326.9894099992,265228.0,662098.9894099992,卖,SH.601088,中国神华,19.98,100,-72673.01059000078,-0.07267301059000075,超时卖/调仓卖,持仓不变,账户级撮合-卖出回款,1,1998.0,6.41358,0.05423559817926202,0.05601907481745064,0.22351500306184957,1.0,"mom20@q0.6,hold_q=0.4,buy_top=10,hold_top=20,rebalance=20d,min_hold=5d,turnover_penalty=0.01,target_vol=0.18",-0.032600949745115515,-0.2618497239069419
2022-04-08 15:00:00,927326.9894099992,265228.0,662098.9894099992,卖,SH.601899,紫金矿业,10.7,200,-72673.01059000078,-0.07267301059000075,超时卖/调仓卖,持仓不变,账户级撮合-卖出回款,1,2140.0,6.8694,0.07079332961431295,0.07153895093920219,0.06786427145708585,14.0,"mom20@q0.6,hold_q=0.4,buy_top=10,hold_top=20,rebalance=20d,min_hold=5d,turnover_penalty=0.01,target_vol=0.18",-0.032600949745115515,-0.2618497239069419
2022-04-08 15:00:00,927326.9894099992,265228.0,662098.9894099992,买,SZ.002428,云南锗业,12.06,100,-72673.01059000078,-0.07267301059000075,,持仓不变,账户级撮合-100股整手/现金约束,1,1206.0,3.2682599999999997,0.1050706745102048,0.10404097055493257,-0.08912386706948638,64.0,"mom20@q0.6,hold_q=0.4,buy_top=10,hold_top=20,rebalance=20d,min_hold=5d,turnover_penalty=0.01,target_vol=0.18",-0.032600949745115515,-0.2618497239069419
2022-04-11 15:00:00,925651.1165999991,262681.0,662970.1165999991,卖,SH.601088,中国神华,20.71,100,-74348.88340000086,-0.0743488834000009,超时卖/调仓卖,持仓不变,账户级撮合-卖出回款,1,2071.0,6.6479099999999995,0.05423559817926202,0.05593360076113157,0.29599499374217775,1.0,"mom20@q0.6,hold_q=0.4,buy_top=10,hold_top=20,rebalance=20d,min_hold=5d,turnover_penalty=0.01,target_vol=0.18",-0.032600949745115515,-0.2618497239069419
2022-04-11 15:00:00,925651.1165999991,262681.0,662970.1165999991,买,SZ.002428,云南锗业,11.9,100,-74348.88340000086,-0.0743488834000009,,持仓不变,账户级撮合-100股整手/现金约束,1,1190.0,3.2249,0.1050706745102048,0.10413210579170395,-0.11655530809205639,49.0,"mom20@q0.6,hold_q=0.4,buy_top=10,hold_top=20,rebalance=20d,min_hold=5d,turnover_penalty=0.01,target_vol=0.18",-0.032600949745115515,-0.2618497239069419
2022-04-13 15:00:00,933329.3845599992,264853.0,668476.3845599992,卖,SH.601088,中国神华,21.4,100,-66670.61544000078,-0.06667061544000075,超时卖/调仓卖,持仓不变,账户级撮合-卖出回款,1,2140.0,6.8694,0.05423559817926202,0.05502880424600873,0.3709160794362587,1.0,"mom20@q0.6,hold_q=0.4,buy_top=10,hold_top=20,rebalance=20d,min_hold=5d,turnover_penalty=0.01,target_vol=0.18",-0.032600949745115515,-0.2618497239069419
2022-04-13 15:00:00,933329.3845599992,264853.0,668476.3845599992,卖,SH.601899,紫金矿业,11.28,300,-66670.61544000078,-0.06667061544000075,超时卖/调仓卖,持仓不变,账户级撮合-卖出回款,1,3384.0,10.862639999999999,0.07079332961431295,0.07130601596924402,0.22608695652173916,3.0,"mom20@q0.6,hold_q=0.4,buy_top=10,hold_top=20,rebalance=20d,min_hold=5d,turnover_penalty=0.01,target_vol=0.18",-0.032600949745115515,-0.2618497239069419
2022-04-14 15:00:00,938345.6962699993,268724.0,669621.6962699993,卖,SH.601899,紫金矿业,11.49,100,-61654.30373000074,-0.06165430373000069,超时卖/调仓卖,持仓不变,账户级撮合-卖出回款,1,1149.0,3.68829,0.07079332961431295,0.07102073389893233,0.38433734939759034,3.0,"mom20@q0.6,hold_q=0.4,buy_top=10,hold_top=20,rebalance=20d,min_hold=5d,turnover_penalty=0.01,target_vol=0.18",-0.032600949745115515,-0.2618497239069419
2022-04-15 15:00:00,926051.5175899992,263156.0,662895.5175899992,买,SH.601899,紫金矿业,10.88,200,-73948.48241000075,-0.07394848241000074,,持仓不变,账户级撮合-100股整手/现金约束,1,2176.0,5.896959999999999,0.07079332961431295,0.07049283842208671,0.22660653889515237,3.0,"mom20@q0.6,hold_q=0.4,buy_top=10,hold_top=20,rebalance=20d,min_hold=5d,turnover_penalty=0.01,target_vol=0.18",-0.032600949745115515,-0.2618497239069419
2022-04-15 15:00:00,926051.5175899992,263156.0,662895.5175899992,买,SZ.002428,云南锗业,11.33,400,-73948.48241000075,-0.07394848241000074,,持仓不变,账户级撮合-100股整手/现金约束,1,4532.0,12.281719999999998,0.1050706745102048,0.10399529418258364,-0.14425981873111782,79.0,"mom20@q0.6,hold_q=0.4,buy_top=10,hold_top=20,rebalance=20d,min_hold=5d,turnover_penalty=0.01,target_vol=0.18",-0.032600949745115515,-0.2618497239069419
2022-04-18 15:00:00,922347.2656099993,261395.0,660952.2656099993,买,SH.601088,中国神华,19.38,100,-77652.7343900007,-0.07765273439000064,,持仓不变,账户级撮合-100股整手/现金约束,1,1938.0,5.25198,0.05423559817926202,0.052529022209392394,0.40638606676342515,2.0,"mom20@q0.6,hold_q=0.4,buy_top=10,hold_top=20,rebalance=20d,min_hold=5d,turnover_penalty=0.01,target_vol=0.18",-0.032600949745115515,-0.2618497239069419
2022-04-20 15:00:00,912928.8402699993,256944.0,655984.8402699993,买,SH.601088,中国神华,18.97,100,-87071.15973000065,-0.08707115973000068,,持仓不变,账户级撮合-100股整手/现金约束,1,1897.0,5.14087,0.05423559817926202,0.05402611663074745,0.22308188265635076,2.0,"mom20@q0.6,hold_q=0.4,buy_top=10,hold_top=20,rebalance=20d,min_hold=5d,turnover_penalty=0.01,target_vol=0.18",-0.032600949745115515,-0.2618497239069419
2022-04-20 15:00:00,912928.8402699993,256944.0,655984.8402699993,买,SH.601899,紫金矿业,10.19,300,-87071.15973000065,-0.08707115973000068,,持仓不变,账户级撮合-100股整手/现金约束,1,3057.0,8.284469999999999,0.07079332961431295,0.07031982906905831,0.045128205128205146,12.0,"mom20@q0.6,hold_q=0.4,buy_top=10,hold_top=20,rebalance=20d,min_hold=5d,turnover_penalty=0.01,target_vol=0.18",-0.032600949745115515,-0.2618497239069419
2022-04-21 15:00:00,903711.7943399993,252924.0,650787.7943399993,买,SH.601899,紫金矿业,9.76,200,-96288.20566000068,-0.09628820566000063,,持仓不变,账户级撮合-100股整手/现金约束,1,1952.0,5.2899199999999995,0.07079332961431295,0.0701993715223465,-0.02885572139303494,16.0,"mom20@q0.6,hold_q=0.4,buy_top=10,hold_top=20,rebalance=20d,min_hold=5d,turnover_penalty=0.01,target_vol=0.18",-0.032600949745115515,-0.2618497239069419
2022-04-21 15:00:00,903711.7943399993,252924.0,650787.7943399993,买,SZ.002428,云南锗业,10.77,300,-96288.20566000068,-0.09628820566000063,,持仓不变,账户级撮合-100股整手/现金约束,1,3231.0,8.75601,0.1050706745102048,0.10487414305488511,-0.2520833333333333,98.0,"mom20@q0.6,hold_q=0.4,buy_top=10,hold_top=20,rebalance=20d,min_hold=5d,turnover_penalty=0.01,target_vol=0.18",-0.032600949745115515,-0.2618497239069419
2022-04-22 15:00:00,907822.8242999993,258152.0,649670.8242999993,卖,SH.601899,紫金矿业,10.08,100,-92177.17570000072,-0.09217717570000072,超时卖/调仓卖,持仓不变,账户级撮合-卖出回款,1,1008.0,3.23568,0.07079332961431295,0.07106232435799759,-0.0009910802775024985,9.0,"mom20@q0.6,hold_q=0.4,buy_top=10,hold_top=20,rebalance=20d,min_hold=5d,turnover_penalty=0.01,target_vol=0.18",-0.032600949745115515,-0.2618497239069419
2022-04-22 15:00:00,907822.8242999993,258152.0,649670.8242999993,买,SZ.002428,云南锗业,10.58,200,-92177.17570000072,-0.09217717570000072,,持仓不变,账户级撮合-100股整手/现金约束,1,2116.0,5.73436,0.1050706745102048,0.1048883079949239,-0.27929155313351495,99.0,"mom20@q0.6,hold_q=0.4,buy_top=10,hold_top=20,rebalance=20d,min_hold=5d,turnover_penalty=0.01,target_vol=0.18",-0.032600949745115515,-0.2618497239069419
2022-04-25 15:00:00,889271.5671299993,250056.0,639215.5671299993,买,SH.601899,紫金矿业,9.37,300,-110728.43287000072,-0.11072843287000067,,持仓不变,账户级撮合-100股整手/现金约束,1,2810.9999999999995,7.617809999999998,0.07079332961431295,0.07059598251028143,-0.10420650095602313,25.0,"mom20@q0.6,hold_q=0.4,buy_top=10,hold_top=20,rebalance=20d,min_hold=5d,turnover_penalty=0.01,target_vol=0.18",-0.032600949745115515,-0.2618497239069419
2022-04-25 15:00:00,889271.5671299993,250056.0,639215.5671299993,买,SZ.002428,云南锗业,9.52,800,-110728.43287000072,-0.11072843287000067,,持仓不变,账户级撮合-100股整手/现金约束,1,7616.0,20.639359999999996,0.1050706745102048,0.10491283365901365,-0.35282121006118294,105.0,"mom20@q0.6,hold_q=0.4,buy_top=10,hold_top=20,rebalance=20d,min_hold=5d,turnover_penalty=0.01,target_vol=0.18",-0.032600949745115515,-0.2618497239069419
2022-04-26 15:00:00,883894.8735099994,250116.0,633778.8735099994,买,SH.601899,紫金矿业,8.99,200,-116105.12649000064,-0.1161051264900006,,持仓不变,账户级撮合-100股整手/现金约束,1,1798.0,4.872579999999999,0.07079332961431295,0.07017916028143843,-0.12463485881207392,29.0,"mom20@q0.6,hold_q=0.4,buy_top=10,hold_top=20,rebalance=20d,min_hold=5d,turnover_penalty=0.01,target_vol=0.18",-0.032600949745115515,-0.2618497239069419
2022-04-26 15:00:00,883894.8735099994,250116.0,633778.8735099994,买,SZ.002428,云南锗业,9.06,400,-116105.12649000064,-0.1161051264900006,,持仓不变,账户级撮合-100股整手/现金约束,1,3624.0,9.821039999999998,0.1050706745102048,0.10455089487398703,-0.3664335664335664,105.0,"mom20@q0.6,hold_q=0.4,buy_top=10,hold_top=20,rebalance=20d,min_hold=5d,turnover_penalty=0.01,target_vol=0.18",-0.032600949745115515,-0.2618497239069419
2022-04-27 15:00:00,896174.0389399994,463416.0,432758.0389399994,卖,SH.601088,中国神华,18.38,300,-103825.96106000058,-0.10382596106000064,超时卖/调仓卖,调仓卖出-权重下调,账户级撮合-卖出回款,1,5514.0,17.699939999999998,0.04699167398402568,0.047171640957153774,-0.013419216317766991,15.0,"mom20@q0.6,hold_q=0.4,buy_top=10,hold_top=20,rebalance=20d,min_hold=5d,turnover_penalty=0.01,target_vol=0.18",-0.032600949745115515,-0.2618497239069419
2022-04-27 15:00:00,896174.0389399994,463416.0,432758.0389399994,卖,SH.603259,XD药明康,99.97,500,-103825.96106000058,-0.10382596106000064,超时卖/调仓卖,调仓卖出-跌破持有阈值、跌出持有排名,账户级撮合-卖出回款,1,49985.0,160.45184999999998,0.0,0.0,-0.06822630254450557,27.0,"mom20@q0.6,hold_q=0.4,buy_top=10,hold_top=20,rebalance=20d,min_hold=5d,turnover_penalty=0.01,target_vol=0.18",-0.032600949745115515,-0.2618497239069419
2022-04-27 15:00:00,896174.0389399994,463416.0,432758.0389399994,卖,SH.601899,紫金矿业,9.64,6900,-103825.96106000058,-0.10382596106000064,超时卖/调仓卖,调仓卖出-跌破持有阈值、跌出持有排名,账户级撮合-卖出回款,1,66516.0,213.51636,0.0,0.0,-0.06498545101842867,26.0,"mom20@q0.6,hold_q=0.4,buy_top=10,hold_top=20,rebalance=20d,min_hold=5d,turnover_penalty=0.01,target_vol=0.18",-0.032600949745115515,-0.2618497239069419
2022-04-27 15:00:00,896174.0389399994,463416.0,432758.0389399994,卖,SZ.002428,云南锗业,9.8,10200,-103825.96106000058,-0.10382596106000064,超时卖/调仓卖,调仓卖出-跌破持有阈值、跌出持有排名,账户级撮合-卖出回款,1,99960.0,320.8716,0.0,0.0,-0.2969870875179339,104.0,"mom20@q0.6,hold_q=0.4,buy_top=10,hold_top=20,rebalance=20d,min_hold=5d,turnover_penalty=0.01,target_vol=0.18",-0.032600949745115515,-0.2618497239069419
2022-04-27 15:00:00,896174.0389399994,463416.0,432758.0389399994,买,SH.601872,招商轮船,4.1,8600,-103825.96106000058,-0.10382596106000064,,调仓买入-新进前N、满足动量阈值,账户级撮合-100股整手/现金约束,1,35260.0,95.5546,0.03967040399913175,0.03934503619598907,0.22023809523809512,1.0,"mom20@q0.6,hold_q=0.4,buy_top=10,hold_top=20,rebalance=20d,min_hold=5d,turnover_penalty=0.01,target_vol=0.18",-0.032600949745115515,-0.2618497239069419
2022-04-27 15:00:00,896174.0389399994,463416.0,432758.0389399994,买,SZ.300442,润泽科技,24.56,3500,-103825.96106000058,-0.10382596106000064,,调仓买入-新进前N、满足动量阈值,账户级撮合-100股整手/现金约束,1,85960.0,232.95159999999998,0.09823648181876793,0.09591886872964325,0.17399617590822158,2.0,"mom20@q0.6,hold_q=0.4,buy_top=10,hold_top=20,rebalance=20d,min_hold=5d,turnover_penalty=0.01,target_vol=0.18",-0.032600949745115515,-0.2618497239069419
2022-04-27 15:00:00,896174.0389399994,463416.0,432758.0389399994,买,SH.600900,长江电力,19.24,7000,-103825.96106000058,-0.10382596106000064,,调仓买入-新进前N、满足动量阈值,账户级撮合-100股整手/现金约束,1,134680.0,364.98279999999994,0.15079869756472333,0.15028330898683517,0.062396466040861354,6.0,"mom20@q0.6,hold_q=0.4,buy_top=10,hold_top=20,rebalance=20d,min_hold=5d,turnover_penalty=0.01,target_vol=0.18",-0.032600949745115515,-0.2618497239069419
2022-04-27 15:00:00,896174.0389399994,463416.0,432758.0389399994,买,SH.601398,工商银行,3.19,51800,-103825.96106000058,-0.10382596106000064,,调仓买入-新进前N,账户级撮合-100股整手/现金约束,1,165242.0,447.80582,0.184614226370177,0.18438605987230933,0.006309148264984188,10.0,"mom20@q0.6,hold_q=0.4,buy_top=10,hold_top=20,rebalance=20d,min_hold=5d,turnover_penalty=0.01,target_vol=0.18",-0.032600949745115515,-0.2618497239069419
2022-04-28 15:00:00,903306.7337199994,469913.0,433393.7337199994,卖,SH.601088,中国神华,20.62,200,-96693.26628000056,-0.09669326628000052,超时卖/调仓卖,持仓不变,账户级撮合-卖出回款,1,4124.0,13.23804,0.04699167398402568,0.047937204920053704,0.05797845048742967,6.0,"mom20@q0.6,hold_q=0.4,buy_top=10,hold_top=20,rebalance=20d,min_hold=5d,turnover_penalty=0.01,target_vol=0.18",-0.032600949745115515,-0.2618497239069419
2022-04-28 15:00:00,903306.7337199994,469913.0,433393.7337199994,卖,SH.601398,工商银行,3.25,400,-96693.26628000056,-0.09669326628000052,超时卖/调仓卖,持仓不变,账户级撮合-卖出回款,1,1300.0,4.173,0.184614226370177,0.18493164477148796,0.015625,13.0,"mom20@q0.6,hold_q=0.4,buy_top=10,hold_top=20,rebalance=20d,min_hold=5d,turnover_penalty=0.01,target_vol=0.18",-0.032600949745115515,-0.2618497239069419
2022-04-28 15:00:00,903306.7337199994,469913.0,433393.7337199994,买,SZ.300442,润泽科技,23.79,200,-96693.26628000056,-0.09669326628000052,,持仓不变,账户级撮合-100股整手/现金约束,1,4758.0,12.894179999999999,0.09823648181876793,0.09744530480527198,0.13936781609195403,1.0,"mom20@q0.6,hold_q=0.4,buy_top=10,hold_top=20,rebalance=20d,min_hold=5d,turnover_penalty=0.01,target_vol=0.18",-0.032600949745115515,-0.2618497239069419
2022-04-29 15:00:00,889867.5463199993,462735.0,427132.5463199993,卖,SH.601872,招商轮船,4.25,200,-110132.45368000073,-0.11013245368000069,超时卖/调仓卖,持仓不变,账户级撮合-卖出回款,1,850.0,2.7285,0.03967040399913175,0.04011833013535046,0.11842105263157898,1.0,"mom20@q0.6,hold_q=0.4,buy_top=10,hold_top=20,rebalance=20d,min_hold=5d,turnover_penalty=0.01,target_vol=0.18",-0.032600949745115515,-0.2618497239069419
2022-04-29 15:00:00,889867.5463199993,462735.0,427132.5463199993,卖,SH.601398,工商银行,3.26,1000,-110132.45368000073,-0.11013245368000069,超时卖/调仓卖,持仓不变,账户级撮合-卖出回款,1,3260.0,10.464599999999999,0.184614226370177,0.18463871469351884,0.021943573667711602,12.0,"mom20@q0.6,hold_q=0.4,buy_top=10,hold_top=20,rebalance=20d,min_hold=5d,turnover_penalty=0.01,target_vol=0.18",-0.032600949745115515,-0.2618497239069419
2022-04-29 15:00:00,889867.5463199993,462735.0,427132.5463199993,买,SZ.300442,润泽科技,20.66,500,-110132.45368000073,-0.11013245368000069,,持仓不变,账户级撮合-100股整手/现金约束,1,10330.0,27.994299999999996,0.09823648181876793,0.0975111412466283,-0.02409069437883804,25.0,"mom20@q0.6,hold_q=0.4,buy_top=10,hold_top=20,rebalance=20d,min_hold=5d,turnover_penalty=0.01,target_vol=0.18",-0.032600949745115515,-0.2618497239069419
2022-05-05 15:00:00,893283.9236699993,467669.0,425614.92366999935,卖,SH.601872,招商轮船,4.27,100,-106716.07633000065,-0.10671607633000069,超时卖/调仓卖,持仓不变,账户级撮合-卖出回款,1,426.99999999999994,1.3706699999999996,0.03967040399913175,0.03967495558902811,0.10621761658031081,1.0,"mom20@q0.6,hold_q=0.4,buy_top=10,hold_top=20,rebalance=20d,min_hold=5d,turnover_penalty=0.01,target_vol=0.18",-0.032600949745115515,-0.2618497239069419
2022-05-05 15:00:00,893283.9236699993,467669.0,425614.92366999935,买,SH.601398,工商银行,3.23,600,-106716.07633000065,-0.10671607633000069,,持仓不变,账户级撮合-100股整手/现金约束,1,1938.0,5.25198,0.184614226370177,0.1844094532936599,-0.006153846153846176,24.0,"mom20@q0.6,hold_q=0.4,buy_top=10,hold_top=20,rebalance=20d,min_hold=5d,turnover_penalty=0.01,target_vol=0.18",-0.032600949745115515,-0.2618497239069419
2022-05-06 15:00:00,890838.6190599994,463887.0,426951.61905999936,卖,SH.601872,招商轮船,4.47,300,-109161.38094000064,-0.10916138094000061,超时卖/调仓卖,持仓不变,账户级撮合-卖出回款,1,1341.0,4.304609999999999,0.03967040399913175,0.04014195078086473,0.09558823529411753,1.0,"mom20@q0.6,hold_q=0.4,buy_top=10,hold_top=20,rebalance=20d,min_hold=5d,turnover_penalty=0.01,target_vol=0.18",-0.032600949745115515,-0.2618497239069419
2022-05-09 15:00:00,887558.9466999993,460742.0,426816.94669999933,卖,SH.601872,招商轮船,4.5,100,-112441.05330000073,-0.11244105330000076,超时卖/调仓卖,持仓不变,账户级撮合-卖出回款,1,450.0,1.4445,0.03967040399913175,0.04005367771028298,0.09756097560975618,2.0,"mom20@q0.6,hold_q=0.4,buy_top=10,hold_top=20,rebalance=20d,min_hold=5d,turnover_penalty=0.01,target_vol=0.18",-0.032600949745115515,-0.2618497239069419
2022-05-09 15:00:00,887558.9466999993,460742.0,426816.94669999933,卖,SH.601398,工商银行,3.24,400,-112441.05330000073,-0.11244105330000076,超时卖/调仓卖,持仓不变,账户级撮合-卖出回款,1,1296.0,4.160159999999999,0.184614226370177,0.184713365359624,-0.02114803625377637,20.0,"mom20@q0.6,hold_q=0.4,buy_top=10,hold_top=20,rebalance=20d,min_hold=5d,turnover_penalty=0.01,target_vol=0.18",-0.032600949745115515,-0.2618497239069419
2022-05-09 15:00:00,887558.9466999993,460742.0,426816.94669999933,买,SH.600900,长江电力,18.7,100,-112441.05330000073,-0.11244105330000076,,持仓不变,账户级撮合-100股整手/现金约束,1,1870.0,5.067699999999999,0.15079869756472333,0.14959006440490213,-0.0010683760683760646,12.0,"mom20@q0.6,hold_q=0.4,buy_top=10,hold_top=20,rebalance=20d,min_hold=5d,turnover_penalty=0.01,target_vol=0.18",-0.032600949745115515,-0.2618497239069419
2022-05-10 15:00:00,886539.9499999993,461955.0,424584.9499999993,卖,SZ.300442,润泽科技,21.39,100,-113460.05000000075,-0.1134600500000007,超时卖/调仓卖,持仓不变,账户级撮合-卖出回款,1,2139.0,6.86619,0.09823648181876793,0.09892278402118265,0.01134751773049647,16.0,"mom20@q0.6,hold_q=0.4,buy_top=10,hold_top=20,rebalance=20d,min_hold=5d,turnover_penalty=0.01,target_vol=0.18",-0.032600949745115515,-0.2618497239069419
2022-05-10 15:00:00,886539.9499999993,461955.0,424584.9499999993,卖,SH.600900,长江电力,19.2,100,-113460.05000000075,-0.1134600500000007,超时卖/调仓卖,持仓不变,账户级撮合-卖出回款,1,1920.0,6.1632,0.15079869756472333,0.15160061314777762,0.008933263268523284,18.0,"mom20@q0.6,hold_q=0.4,buy_top=10,hold_top=20,rebalance=20d,min_hold=5d,turnover_penalty=0.01,target_vol=0.18",-0.032600949745115515,-0.2618497239069419
2022-05-10 15:00:00,886539.9499999993,461955.0,424584.9499999993,买,SH.601872,招商轮船,4.2,400,-113460.05000000075,-0.1134600500000007,,持仓不变,账户级撮合-100股整手/现金约束,1,1680.0,4.5527999999999995,0.03967040399913175,0.03932140903520482,0.02941176470588247,11.0,"mom20@q0.6,hold_q=0.4,buy_top=10,hold_top=20,rebalance=20d,min_hold=5d,turnover_penalty=0.01,target_vol=0.18",-0.032600949745115515,-0.2618497239069419
2022-05-10 15:00:00,886539.9499999993,461955.0,424584.9499999993,买,SH.601398,工商银行,3.21,300,-113460.05000000075,-0.1134600500000007,,持仓不变,账户级撮合-100股整手/现金约束,1,963.0,2.60973,0.184614226370177,0.18429964718454045,-0.027272727272727226,35.0,"mom20@q0.6,hold_q=0.4,buy_top=10,hold_top=20,rebalance=20d,min_hold=5d,turnover_penalty=0.01,target_vol=0.18",-0.032600949745115515,-0.2618497239069419
2022-05-10 15:00:00,886539.9499999993,461955.0,424584.9499999993,买,SH.601088,中国神华,18.09,200,-113460.05000000075,-0.1134600500000007,,持仓不变,账户级撮合-100股整手/现金约束,1,3618.0,9.80478,0.04699167398402568,0.04693189517291357,-0.057321521625846916,44.0,"mom20@q0.6,hold_q=0.4,buy_top=10,hold_top=20,rebalance=20d,min_hold=5d,turnover_penalty=0.01,target_vol=0.18",-0.032600949745115515,-0.2618497239069419
2022-05-11 15:00:00,883146.1841399993,460388.0,422758.1841399993,卖,SH.601872,招商轮船,4.42,300,-116853.81586000067,-0.11685381586000065,超时卖/调仓卖,持仓不变,账户级撮合-卖出回款,1,1326.0,4.25646,0.03967040399913175,0.04003867155292448,0.09405940594059414,3.0,"mom20@q0.6,hold_q=0.4,buy_top=10,hold_top=20,rebalance=20d,min_hold=5d,turnover_penalty=0.01,target_vol=0.18",-0.032600949745115515,-0.2618497239069419
2022-05-11 15:00:00,883146.1841399993,460388.0,422758.1841399993,买,SH.601398,工商银行,3.14,1000,-116853.81586000067,-0.11685381586000065,,持仓不变,账户级撮合-100股整手/现金约束,1,3140.0,8.5094,0.184614226370177,0.1845289069087639,-0.045592705167173175,45.0,"mom20@q0.6,hold_q=0.4,buy_top=10,hold_top=20,rebalance=20d,min_hold=5d,turnover_penalty=0.01,target_vol=0.18",-0.032600949745115515,-0.2618497239069419
2022-05-12 15:00:00,880638.7429199994,458392.0,422246.74291999935,卖,SH.601872,招商轮船,4.55,300,-119361.25708000059,-0.11936125708000056,超时卖/调仓卖,持仓不变,账户级撮合-卖出回款,1,1365.0,4.38165,0.03967040399913175,0.039783623286697385,0.14321608040200995,5.0,"mom20@q0.6,hold_q=0.4,buy_top=10,hold_top=20,rebalance=20d,min_hold=5d,turnover_penalty=0.01,target_vol=0.18",-0.032600949745115515,-0.2618497239069419
2022-05-12 15:00:00,880638.7429199994,458392.0,422246.74291999935,买,SH.600900,长江电力,18.67,100,-119361.25708000059,-0.11936125708000056,,持仓不变,账户级撮合-100股整手/现金约束,1,1867.0000000000002,5.05957,0.15079869756472333,0.15052369778834723,-0.032642487046632085,54.0,"mom20@q0.6,hold_q=0.4,buy_top=10,hold_top=20,rebalance=20d,min_hold=5d,turnover_penalty=0.01,target_vol=0.18",-0.032600949745115515,-0.2618497239069419
2022-05-13 15:00:00,897837.4260299993,468281.0,429556.42602999933,卖,SH.601088,中国神华,20.21,200,-102162.57397000073,-0.10216257397000073,超时卖/调仓卖,持仓不变,账户级撮合-卖出回款,1,4042.0,12.97482,0.04699167398402568,0.0472702504591092,-0.007367387033398787,41.0,"mom20@q0.6,hold_q=0.4,buy_top=10,hold_top=20,rebalance=20d,min_hold=5d,turnover_penalty=0.01,target_vol=0.18",-0.032600949745115515,-0.2618497239069419
2022-05-13 15:00:00,897837.4260299993,468281.0,429556.42602999933,卖,SH.601872,招商轮船,4.93,400,-102162.57397000073,-0.10216257397000073,超时卖/调仓卖,持仓不变,账户级撮合-卖出回款,1,1972.0,6.330119999999999,0.03967040399913175,0.040084094243134735,0.1908212560386473,3.0,"mom20@q0.6,hold_q=0.4,buy_top=10,hold_top=20,rebalance=20d,min_hold=5d,turnover_penalty=0.01,target_vol=0.18",-0.032600949745115515,-0.2618497239069419
2022-05-13 15:00:00,897837.4260299993,468281.0,429556.42602999933,卖,SH.600900,长江电力,19.59,100,-102162.57397000073,-0.10216257397000073,超时卖/调仓卖,持仓不变,账户级撮合-卖出回款,1,1959.0,6.28839,0.15079869756472333,0.15273366427411336,0.009793814432989656,33.0,"mom20@q0.6,hold_q=0.4,buy_top=10,hold_top=20,rebalance=20d,min_hold=5d,turnover_penalty=0.01,target_vol=0.18",-0.032600949745115515,-0.2618497239069419
2022-05-13 15:00:00,897837.4260299993,468281.0,429556.42602999933,买,SH.601398,工商银行,3.18,200,-102162.57397000073,-0.10216257397000073,,持仓不变,账户级撮合-100股整手/现金约束,1,636.0,1.7235599999999998,0.184614226370177,0.18453006657628931,-0.024539877300613355,48.0,"mom20@q0.6,hold_q=0.4,buy_top=10,hold_top=20,rebalance=20d,min_hold=5d,turnover_penalty=0.01,target_vol=0.18",-0.032600949745115515,-0.2618497239069419
2022-05-16 15:00:00,896278.4968899994,466357.0,429921.4968899993,卖,SH.601872,招商轮船,5.01,200,-103721.50311000063,-0.10372150311000061,超时卖/调仓卖,持仓不变,账户级撮合-卖出回款,1,1002.0,3.21642,0.03967040399913175,0.039687441039172495,0.13092550790067725,8.0,"mom20@q0.6,hold_q=0.4,buy_top=10,hold_top=20,rebalance=20d,min_hold=5d,turnover_penalty=0.01,target_vol=0.18",-0.032600949745115515,-0.2618497239069419
2022-05-16 15:00:00,896278.4968899994,466357.0,429921.4968899993,买,SH.601398,工商银行,3.16,200,-103721.50311000063,-0.10372150311000061,,持仓不变,账户级撮合-100股整手/现金约束,1,632.0,1.7127199999999998,0.184614226370177,0.18439357919827837,-0.033639143730886834,55.0,"mom20@q0.6,hold_q=0.4,buy_top=10,hold_top=20,rebalance=20d,min_hold=5d,turnover_penalty=0.01,target_vol=0.18",-0.032600949745115515,-0.2618497239069419
2022-05-17 15:00:00,896123.9440699993,467147.0,428976.9440699993,买,SH.601398,工商银行,3.14,300,-103876.05593000073,-0.10387605593000071,,持仓不变,账户级撮合-100股整手/现金约束,1,942.0,2.5528199999999996,0.184614226370177,0.1843093258393043,-0.03384615384615386,60.0,"mom20@q0.6,hold_q=0.4,buy_top=10,hold_top=20,rebalance=20d,min_hold=5d,turnover_penalty=0.01,target_vol=0.18",-0.032600949745115515,-0.2618497239069419
2022-05-18 15:00:00,890259.9874899993,463487.0,426772.98748999933,买,SH.601872,招商轮船,4.79,200,-109740.01251000073,-0.10974001251000076,,持仓不变,账户级撮合-100股整手/现金约束,1,958.0,2.59618,0.03967040399913175,0.039277290332441005,0.06919642857142838,20.0,"mom20@q0.6,hold_q=0.4,buy_top=10,hold_top=20,rebalance=20d,min_hold=5d,turnover_penalty=0.01,target_vol=0.18",-0.032600949745115515,-0.2618497239069419
2022-05-18 15:00:00,890259.9874899993,463487.0,426772.98748999933,买,SH.601398,工商银行,3.1,400,-109740.01251000073,-0.10974001251000076,,持仓不变,账户级撮合-100股整手/现金约束,1,1240.0,3.3604,0.184614226370177,0.18455282985729565,-0.04320987654320996,66.0,"mom20@q0.6,hold_q=0.4,buy_top=10,hold_top=20,rebalance=20d,min_hold=5d,turnover_penalty=0.01,target_vol=0.18",-0.032600949745115515,-0.2618497239069419
2022-05-19 15:00:00,893242.1708799994,465441.0,427801.17087999935,卖,SH.600900,长江电力,19.64,100,-106757.82912000059,-0.10675782912000065,超时卖/调仓卖,持仓不变,账户级撮合-卖出回款,1,1964.0,6.30444,0.15079869756472333,0.151712496809788,0.01708959088555173,37.0,"mom20@q0.6,hold_q=0.4,buy_top=10,hold_top=20,rebalance=20d,min_hold=5d,turnover_penalty=0.01,target_vol=0.18",-0.032600949745115515,-0.2618497239069419
2022-05-19 15:00:00,893242.1708799994,465441.0,427801.17087999935,买,SH.601398,工商银行,3.09,300,-106757.82912000059,-0.10675782912000065,,持仓不变,账户级撮合-100股整手/现金约束,1,927.0,2.51217,0.184614226370177,0.18438112907023269,-0.034375000000000044,62.0,"mom20@q0.6,hold_q=0.4,buy_top=10,hold_top=20,rebalance=20d,min_hold=5d,turnover_penalty=0.01,target_vol=0.18",-0.032600949745115515,-0.2618497239069419
2022-05-20 15:00:00,897065.8959599994,467573.0,429492.89595999935,卖,SH.601088,中国神华,21.76,100,-102934.10404000059,-0.10293410404000058,超时卖/调仓卖,持仓不变,账户级撮合-卖出回款,1,2176.0,6.984959999999999,0.04699167398402568,0.0485137158775018,0.07669470559129143,22.0,"mom20@q0.6,hold_q=0.4,buy_top=10,hold_top=20,rebalance=20d,min_hold=5d,turnover_penalty=0.01,target_vol=0.18",-0.032600949745115515,-0.2618497239069419
2022-05-20 15:00:00,897065.8959599994,467573.0,429492.89595999935,买,SH.601872,招商轮船,4.76,100,-102934.10404000059,-0.10293410404000058,,持仓不变,账户级撮合-100股整手/现金约束,1,476.0,1.2899599999999998,0.03967040399913175,0.03926578878835302,0.06726457399103136,26.0,"mom20@q0.6,hold_q=0.4,buy_top=10,hold_top=20,rebalance=20d,min_hold=5d,turnover_penalty=0.01,target_vol=0.18",-0.032600949745115515,-0.2618497239069419
2022-05-23 15:00:00,893694.6168399993,464675.0,429019.61683999933,买,SH.601872,招商轮船,4.72,100,-106305.38316000067,-0.10630538316000071,,持仓不变,账户级撮合-100股整手/现金约束,1,472.0,1.2791199999999998,0.03967040399913175,0.039610846180511076,0.10023310023310006,29.0,"mom20@q0.6,hold_q=0.4,buy_top=10,hold_top=20,rebalance=20d,min_hold=5d,turnover_penalty=0.01,target_vol=0.18",-0.032600949745115515,-0.2618497239069419
2022-05-24 15:00:00,897731.5663399993,467278.0,430453.5663399993,卖,SH.601872,招商轮船,4.95,300,-102268.43366000068,-0.10226843366000071,超时卖/调仓卖,持仓不变,账户级撮合-卖出回款,1,1485.0,4.76685,0.03967040399913175,0.0397000632887426,0.16470588235294126,15.0,"mom20@q0.6,hold_q=0.4,buy_top=10,hold_top=20,rebalance=20d,min_hold=5d,turnover_penalty=0.01,target_vol=0.18",-0.032600949745115515,-0.2618497239069419
2022-05-24 15:00:00,897731.5663399993,467278.0,430453.5663399993,卖,SH.601398,工商银行,3.15,600,-102268.43366000068,-0.10226843366000071,超时卖/调仓卖,持仓不变,账户级撮合-卖出回款,1,1890.0,6.0668999999999995,0.184614226370177,0.1849160776163781,-0.033742331288343475,74.0,"mom20@q0.6,hold_q=0.4,buy_top=10,hold_top=20,rebalance=20d,min_hold=5d,turnover_penalty=0.01,target_vol=0.18",-0.032600949745115515,-0.2618497239069419
2022-05-24 15:00:00,897731.5663399993,467278.0,430453.5663399993,买,SH.600900,长江电力,19.25,100,-102268.43366000068,-0.10226843366000071,,持仓不变,账户级撮合-100股整手/现金约束,1,1925.0,5.216749999999999,0.15079869756472333,0.1501005479281163,-0.03266331658291455,73.0,"mom20@q0.6,hold_q=0.4,buy_top=10,hold_top=20,rebalance=20d,min_hold=5d,turnover_penalty=0.01,target_vol=0.18",-0.032600949745115515,-0.2618497239069419
2022-05-25 15:00:00,902162.4782999994,469382.0,432780.4782999993,卖,SH.601088,中国神华,22.54,100,-97837.52170000062,-0.0978375217000006,超时卖/调仓卖,持仓不变,账户级撮合-卖出回款,1,2254.0,7.235339999999999,0.04699167398402568,0.04747038480330027,0.1801047120418846,15.0,"mom20@q0.6,hold_q=0.4,buy_top=10,hold_top=20,rebalance=20d,min_hold=5d,turnover_penalty=0.01,target_vol=0.18",-0.032600949745115515,-0.2618497239069419
2022-05-25 15:00:00,902162.4782999994,469382.0,432780.4782999993,卖,SH.601872,招商轮船,5.14,200,-97837.52170000062,-0.0978375217000006,超时卖/调仓卖,持仓不变,账户级撮合-卖出回款,1,1028.0,3.29988,0.03967040399913175,0.03988195127312249,0.12472647702406991,26.0,"mom20@q0.6,hold_q=0.4,buy_top=10,hold_top=20,rebalance=20d,min_hold=5d,turnover_penalty=0.01,target_vol=0.18",-0.032600949745115515,-0.2618497239069419
2022-05-25 15:00:00,902162.4782999994,469382.0,432780.4782999993,买,SH.601398,工商银行,3.14,300,-97837.52170000062,-0.0978375217000006,,持仓不变,账户级撮合-100股整手/现金约束,1,942.0,2.5528199999999996,0.184614226370177,0.18446788023549318,-0.054216867469879415,88.0,"mom20@q0.6,hold_q=0.4,buy_top=10,hold_top=20,rebalance=20d,min_hold=5d,turnover_penalty=0.01,target_vol=0.18",-0.032600949745115515,-0.2618497239069419
2022-05-26 15:00:00,906903.1426599993,471359.0,435544.1426599993,卖,SH.600900,长江电力,20.16,200,-93096.85734000069,-0.09309685734000073,超时卖/调仓卖,持仓不变,账户级撮合-卖出回款,1,4032.0,12.94272,0.15079869756472333,0.15116057443346484,0.04564315352697079,82.0,"mom20@q0.6,hold_q=0.4,buy_top=10,hold_top=20,rebalance=20d,min_hold=5d,turnover_penalty=0.01,target_vol=0.18",-0.032600949745115515,-0.2618497239069419
2022-05-26 15:00:00,906903.1426599993,471359.0,435544.1426599993,买,SH.601398,工商银行,3.13,400,-93096.85734000069,-0.09309685734000073,,持仓不变,账户级撮合-100股整手/现金约束,1,1252.0,3.3929199999999997,0.184614226370177,0.18429972522728597,-0.03095975232198145,100.0,"mom20@q0.6,hold_q=0.4,buy_top=10,hold_top=20,rebalance=20d,min_hold=5d,turnover_penalty=0.01,target_vol=0.18",-0.032600949745115515,-0.2618497239069419
2022-05-27 15:00:00,916252.0748299994,479054.0,437198.0748299993,卖,SZ.300442,润泽科技,22.93,100,-83747.92517000064,-0.08374792517000063,超时卖/调仓卖,持仓不变,账户级撮合-卖出回款,1,2293.0,7.36053,0.09823648181876793,0.10010345681019893,-0.007359307359307454,104.0,"mom20@q0.6,hold_q=0.4,buy_top=10,hold_top=20,rebalance=20d,min_hold=5d,turnover_penalty=0.01,target_vol=0.18",-0.032600949745115515,-0.2618497239069419
2022-05-27 15:00:00,916252.0748299994,479054.0,437198.0748299993,买,SH.601398,工商银行,3.15,200,-83747.92517000064,-0.08374792517000063,,持仓不变,账户级撮合-100股整手/现金约束,1,630.0,1.7072999999999998,0.184614226370177,0.18427243401476218,-0.042553191489361764,108.0,"mom20@q0.6,hold_q=0.4,buy_top=10,hold_top=20,rebalance=20d,min_hold=5d,turnover_penalty=0.01,target_vol=0.18",-0.032600949745115515,-0.2618497239069419
2022-05-30 15:00:00,909022.3302999991,256468.0,652554.3302999991,卖,SH.601088,中国神华,23.37,900,-90977.6697000009,-0.09097766970000087,超时卖/调仓卖,调仓卖出-权重下调,账户级撮合-卖出回款,1,21033.0,67.51593,0.024626555693231925,0.02570893939677735,0.27149075081610463,13.0,"mom20@q0.6,hold_q=0.4,buy_top=10,hold_top=20,rebalance=20d,min_hold=5d,turnover_penalty=0.01,target_vol=0.18",-0.032600949745115515,-0.2618497239069419
2022-05-30 15:00:00,909022.3302999991,256468.0,652554.3302999991,卖,SH.601872,招商轮船,5.17,1100,-90977.6697000009,-0.09097766970000087,超时卖/调仓卖,调仓卖出-权重下调,账户级撮合-卖出回款,1,5687.0,18.25527,0.033239116685140915,0.03355583134017542,0.26097560975609757,15.0,"mom20@q0.6,hold_q=0.4,buy_top=10,hold_top=20,rebalance=20d,min_hold=5d,turnover_penalty=0.01,target_vol=0.18",-0.032600949745115515,-0.2618497239069419
2022-05-30 15:00:00,909022.3302999991,256468.0,652554.3302999991,卖,SZ.300442,润泽科技,22.17,4000,-90977.6697000009,-0.09097766970000087,超时卖/调仓卖,调仓卖出-跌破持有阈值、跌出持有排名,账户级撮合-卖出回款,1,88680.0,284.6628,0.0,0.0,-0.09731270358306177,108.0,"mom20@q0.6,hold_q=0.4,buy_top=10,hold_top=20,rebalance=20d,min_hold=5d,turnover_penalty=0.01,target_vol=0.18",-0.032600949745115515,-0.2618497239069419
2022-05-30 15:00:00,909022.3302999991,256468.0,652554.3302999991,卖,SH.600900,长江电力,20.1,6800,-90977.6697000009,-0.09097766970000087,超时卖/调仓卖,调仓卖出-跌出持有排名,账户级撮合-卖出回款,1,136680.0,438.7428,0.0,0.0,0.04469854469854484,81.0,"mom20@q0.6,hold_q=0.4,buy_top=10,hold_top=20,rebalance=20d,min_hold=5d,turnover_penalty=0.01,target_vol=0.18",-0.032600949745115515,-0.2618497239069419
2022-05-30 15:00:00,909022.3302999991,256468.0,652554.3302999991,卖,SH.601398,工商银行,3.13,53600,-90977.6697000009,-0.09097766970000087,超时卖/调仓卖,调仓卖出-跌破持有阈值、跌出持有排名,账户级撮合-卖出回款,1,167768.0,538.53528,0.0,0.0,-0.018808777429467072,103.0,"mom20@q0.6,hold_q=0.4,buy_top=10,hold_top=20,rebalance=20d,min_hold=5d,turnover_penalty=0.01,target_vol=0.18",-0.032600949745115515,-0.2618497239069419
2022-05-30 15:00:00,909022.3302999991,256468.0,652554.3302999991,买,SZ.002466,天齐锂业,94.27,200,-90977.6697000009,-0.09097766970000087,,调仓买入-新进前N、满足动量阈值,账户级撮合-100股整手/现金约束,1,18854.0,51.094339999999995,0.028031483209285796,0.020740964629304245,0.5454098360655737,1.0,"mom20@q0.6,hold_q=0.4,buy_top=10,hold_top=20,rebalance=20d,min_hold=5d,turnover_penalty=0.01,target_vol=0.18",-0.032600949745115515,-0.2618497239069419
2022-05-30 15:00:00,909022.3302999991,256468.0,652554.3302999991,买,SZ.000657,中钨高新,9.8,2400,-90977.6697000009,-0.09097766970000087,,调仓买入-新进前N、满足动量阈值,账户级撮合-100股整手/现金约束,1,23520.0,63.7392,0.026590753200034234,0.025873951844766936,0.4605067064083459,2.0,"mom20@q0.6,hold_q=0.4,buy_top=10,hold_top=20,rebalance=20d,min_hold=5d,turnover_penalty=0.01,target_vol=0.18",-0.032600949745115515,-0.2618497239069419
2022-05-30 15:00:00,909022.3302999991,256468.0,652554.3302999991,买,SH.605117,德业股份,34.81,600,-90977.6697000009,-0.09097766970000087,,调仓买入-新进前N、满足动量阈值,账户级撮合-100股整手/现金约束,1,20886.0,56.60106,0.024615418193348337,0.02297633325806982,0.4595387840670859,3.0,"mom20@q0.6,hold_q=0.4,buy_top=10,hold_top=20,rebalance=20d,min_hold=5d,turnover_penalty=0.01,target_vol=0.18",-0.032600949745115515,-0.2618497239069419
2022-05-30 15:00:00,909022.3302999991,256468.0,652554.3302999991,买,SZ.300604,长川科技,39.22,1000,-90977.6697000009,-0.09097766970000087,,调仓买入-新进前N、满足动量阈值,账户级撮合-100股整手/现金约束,1,39220.0,106.2862,0.047288196066808445,0.043145254734343504,0.32859078590785895,7.0,"mom20@q0.6,hold_q=0.4,buy_top=10,hold_top=20,rebalance=20d,min_hold=5d,turnover_penalty=0.01,target_vol=0.18",-0.032600949745115515,-0.2618497239069419
2022-05-30 15:00:00,909022.3302999991,256468.0,652554.3302999991,买,SH.600549,厦门钨业,18.35,1900,-90977.6697000009,-0.09097766970000087,,调仓买入-新进前N、满足动量阈值,账户级撮合-100股整手/现金约束,1,34865.0,94.48414999999999,0.03919030402748718,0.03835439332771255,0.3239538239538242,8.0,"mom20@q0.6,hold_q=0.4,buy_top=10,hold_top=20,rebalance=20d,min_hold=5d,turnover_penalty=0.01,target_vol=0.18",-0.032600949745115515,-0.2618497239069419
2022-05-30 15:00:00,909022.3302999991,256468.0,652554.3302999991,买,SZ.300014,亿纬锂能,77.25,300,-90977.6697000009,-0.09097766970000087,,调仓买入-新进前N、满足动量阈值,账户级撮合-100股整手/现金约束,1,23175.0,62.804249999999996,0.0283198304613009,0.02549442321439089,0.3205128205128205,9.0,"mom20@q0.6,hold_q=0.4,buy_top=10,hold_top=20,rebalance=20d,min_hold=5d,turnover_penalty=0.01,target_vol=0.18",-0.032600949745115515,-0.2618497239069419
2022-05-30 15:00:00,909022.3302999991,256468.0,652554.3302999991,买,SZ.300394,天孚通信,11.03,1500,-90977.6697000009,-0.09097766970000087,,调仓买入-新进前N、满足动量阈值,账户级撮合-100股整手/现金约束,1,16545.0,44.836949999999995,0.019367888480680374,0.01820087301325123,0.29156908665105385,10.0,"mom20@q0.6,hold_q=0.4,buy_top=10,hold_top=20,rebalance=20d,min_hold=5d,turnover_penalty=0.01,target_vol=0.18",-0.032600949745115515,-0.2618497239069419
2022-05-30 15:00:00,909022.3302999991,256468.0,652554.3302999991,买,SZ.300274,阳光电源,51.06,500,-90977.6697000009,-0.09097766970000087,,调仓买入-满足动量阈值,账户级撮合-100股整手/现金约束,1,25530.0,69.18629999999999,0.02990492148954973,0.028085118647827374,0.2557796360059028,16.0,"mom20@q0.6,hold_q=0.4,buy_top=10,hold_top=20,rebalance=20d,min_hold=5d,turnover_penalty=0.01,target_vol=0.18",-0.032600949745115515,-0.2618497239069419
2022-06-01 15:00:00,917870.1594999991,261847.0,656023.1594999991,卖,SH.601872,招商轮船,5.8,600,-82129.84050000086,-0.08212984050000083,超时卖/调仓卖,持仓不变,账户级撮合-卖出回款,1,3480.0,11.1708,0.033239116685140915,0.0334905756351697,0.3647058823529412,3.0,"mom20@q0.6,hold_q=0.4,buy_top=10,hold_top=20,rebalance=20d,min_hold=5d,turnover_penalty=0.01,target_vol=0.18",-0.032600949745115515,-0.2618497239069419
2022-06-02 15:00:00,926028.6894899991,268928.0,657100.6894899991,卖,SZ.000657,中钨高新,10.81,100,-73971.31051000091,-0.07397131051000094,超时卖/调仓卖,持仓不变,账户级撮合-卖出回款,1,1081.0,3.47001,0.026590753200034234,0.0268490601664761,0.5311614730878189,1.0,"mom20@q0.6,hold_q=0.4,buy_top=10,hold_top=20,rebalance=20d,min_hold=5d,turnover_penalty=0.01,target_vol=0.18",-0.032600949745115515,-0.2618497239069419
2022-06-07 15:00:00,939609.728179999,281900.0,657709.728179999,卖,SH.601872,招商轮船,6.11,100,-60390.271820000955,-0.06039027182000101,超时卖/调仓卖,持仓不变,账户级撮合-卖出回款,1,611.0,1.9613099999999999,0.033239116685140915,0.03381403900696259,0.35777777777777775,10.0,"mom20@q0.6,hold_q=0.4,buy_top=10,hold_top=20,rebalance=20d,min_hold=5d,turnover_penalty=0.01,target_vol=0.18",-0.032600949745115515,-0.2618497239069419
2022-06-08 15:00:00,940352.145539999,283228.0,657124.145539999,买,SH.601872,招商轮船,5.84,100,-59647.85446000099,-0.05964785446000098,,持仓不变,账户级撮合-100股整手/现金约束,1,584.0,1.5826399999999998,0.033239116685140915,0.032915328738071584,0.3904761904761904,4.0,"mom20@q0.6,hold_q=0.4,buy_top=10,hold_top=20,rebalance=20d,min_hold=5d,turnover_penalty=0.01,target_vol=0.18",-0.032600949745115515,-0.2618497239069419
2022-06-09 15:00:00,932151.302779999,277189.0,654962.302779999,买,SH.601872,招商轮船,5.39,400,-67848.69722000102,-0.06784869722000098,,持仓不变,账户级撮合-100股整手/现金约束,1,2156.0,5.842759999999999,0.033239116685140915,0.03295924160420453,0.21945701357466052,14.0,"mom20@q0.6,hold_q=0.4,buy_top=10,hold_top=20,rebalance=20d,min_hold=5d,turnover_penalty=0.01,target_vol=0.18",-0.032600949745115515,-0.2618497239069419
2022-06-10 15:00:00,941207.5984399989,285095.0,656112.5984399989,卖,SZ.000657,中钨高新,11.54,100,-58792.401560001075,-0.058792401560001095,超时卖/调仓卖,持仓不变,账户级撮合-卖出回款,1,1154.0,3.7043399999999997,0.026590753200034234,0.026973857884359673,0.5573549257759782,1.0,"mom20@q0.6,hold_q=0.4,buy_top=10,hold_top=20,rebalance=20d,min_hold=5d,turnover_penalty=0.01,target_vol=0.18",-0.032600949745115515,-0.2618497239069419
2022-06-13 15:00:00,941671.361479999,284279.0,657392.361479999,卖,SZ.000657,中钨高新,11.96,100,-58328.63852000097,-0.05832863852000092,超时卖/调仓卖,持仓不变,账户级撮合-卖出回款,1,1196.0,3.8391599999999997,0.026590753200034234,0.026671725431392405,0.45853658536585384,2.0,"mom20@q0.6,hold_q=0.4,buy_top=10,hold_top=20,rebalance=20d,min_hold=5d,turnover_penalty=0.01,target_vol=0.18",-0.032600949745115515,-0.2618497239069419
2022-06-13 15:00:00,941671.361479999,284279.0,657392.361479999,卖,SH.600549,厦门钨业,21.4,100,-58328.63852000097,-0.05832863852000092,超时卖/调仓卖,持仓不变,账户级撮合-卖出回款,1,2140.0,6.8694,0.03919030402748718,0.040905990747620455,0.3744380218368657,4.0,"mom20@q0.6,hold_q=0.4,buy_top=10,hold_top=20,rebalance=20d,min_hold=5d,turnover_penalty=0.01,target_vol=0.18",-0.032600949745115515,-0.2618497239069419
2022-06-13 15:00:00,941671.361479999,284279.0,657392.361479999,买,SH.601872,招商轮船,5.1,400,-58328.63852000097,-0.05832863852000092,,持仓不变,账户级撮合-100股整手/现金约束,1,2039.9999999999998,5.528399999999999,0.033239116685140915,0.03303700343090531,0.034482758620689724,87.0,"mom20@q0.6,hold_q=0.4,buy_top=10,hold_top=20,rebalance=20d,min_hold=5d,turnover_penalty=0.01,target_vol=0.18",-0.032600949745115515,-0.2618497239069419
2022-06-14 15:00:00,938607.689069999,280696.0,657911.689069999,卖,SH.601872,招商轮船,5.21,100,-61392.31093000097,-0.06139231093000097,超时卖/调仓卖,持仓不变,账户级撮合-卖出回款,1,521.0,1.67241,0.033239116685140915,0.03330464939081562,0.03992015968063867,85.0,"mom20@q0.6,hold_q=0.4,buy_top=10,hold_top=20,rebalance=20d,min_hold=5d,turnover_penalty=0.01,target_vol=0.18",-0.032600949745115515,-0.2618497239069419
2022-06-15 15:00:00,934407.269059999,278131.0,656276.269059999,买,SZ.000657,中钨高新,11.27,100,-65592.73094000097,-0.06559273094000095,,持仓不变,账户级撮合-100股整手/现金约束,1,1127.0,3.0541699999999996,0.026590753200034234,0.026534468235614676,0.24530386740331478,13.0,"mom20@q0.6,hold_q=0.4,buy_top=10,hold_top=20,rebalance=20d,min_hold=5d,turnover_penalty=0.01,target_vol=0.18",-0.032600949745115515,-0.2618497239069419
2022-06-15 15:00:00,934407.269059999,278131.0,656276.269059999,买,SH.601872,招商轮船,5.04,100,-65592.73094000097,-0.06559273094000095,,持仓不变,账户级撮合-100股整手/现金约束,1,504.0,1.36584,0.033239116685140915,0.03290214130175597,0.014084507042253502,98.0,"mom20@q0.6,hold_q=0.4,buy_top=10,hold_top=20,rebalance=20d,min_hold=5d,turnover_penalty=0.01,target_vol=0.18",-0.032600949745115515,-0.2618497239069419
2022-06-16 15:00:00,934726.326009999,279909.0,654817.326009999,买,SH.601872,招商轮船,4.85,300,-65273.67399000097,-0.06527367399000095,,持仓不变,账户级撮合-100股整手/现金约束,1,1455.0,3.9430499999999995,0.033239116685140915,0.03320758080335479,0.012526096033402823,96.0,"mom20@q0.6,hold_q=0.4,buy_top=10,hold_top=20,rebalance=20d,min_hold=5d,turnover_penalty=0.01,target_vol=0.18",-0.032600949745115515,-0.2618497239069419
2022-06-17 15:00:00,939294.038759999,284953.0,654341.038759999,买,SH.601872,招商轮船,4.75,100,-60705.96124000102,-0.06070596124000105,,持仓不变,账户级撮合-100股整手/现金约束,1,475.0,1.2872499999999998,0.033239116685140915,0.0328704311173521,-0.024640657084188944,106.0,"mom20@q0.6,hold_q=0.4,buy_top=10,hold_top=20,rebalance=20d,min_hold=5d,turnover_penalty=0.01,target_vol=0.18",-0.032600949745115515,-0.2618497239069419
2022-06-20 15:00:00,941228.757009999,290322.0,650906.757009999,买,SH.601872,招商轮船,4.6,300,-58771.24299000099,-0.05877124299000103,,持仓不变,账户级撮合-100股整手/现金约束,1,1380.0,3.7398,0.033239116685140915,0.03323315375463788,-0.03361344537815125,104.0,"mom20@q0.6,hold_q=0.4,buy_top=10,hold_top=20,rebalance=20d,min_hold=5d,turnover_penalty=0.01,target_vol=0.18",-0.032600949745115515,-0.2618497239069419
2022-06-20 15:00:00,941228.757009999,290322.0,650906.757009999,买,SH.601088,中国神华,20.45,100,-58771.24299000099,-0.05877124299000103,,持仓不变,账户级撮合-100股整手/现金约束,1,2045.0,5.541949999999999,0.024626555693231925,0.023899609773356114,-0.06020220588235303,108.0,"mom20@q0.6,hold_q=0.4,buy_top=10,hold_top=20,rebalance=20d,min_hold=5d,turnover_penalty=0.01,target_vol=0.18",-0.032600949745115515,-0.2618497239069419
2022-06-21 15:00:00,935229.6946699991,283372.0,651857.6946699991,卖,SH.601872,招商轮船,4.77,200,-64770.305330000934,-0.06477030533000094,超时卖/调仓卖,持仓不变,账户级撮合-卖出回款,1,953.9999999999999,3.0623399999999994,0.033239116685140915,0.03366231865756636,0.010593220338982912,96.0,"mom20@q0.6,hold_q=0.4,buy_top=10,hold_top=20,rebalance=20d,min_hold=5d,turnover_penalty=0.01,target_vol=0.18",-0.032600949745115515,-0.2618497239069419
2022-06-22 15:00:00,938318.536029999,285480.0,652838.536029999,卖,SH.601872,招商轮船,4.92,200,-61681.46397000097,-0.06168146397000096,超时卖/调仓卖,持仓不变,账户级撮合-卖出回款,1,984.0,3.1586399999999997,0.033239116685140915,0.03355790042603751,-0.0060606060606061,99.0,"mom20@q0.6,hold_q=0.4,buy_top=10,hold_top=20,rebalance=20d,min_hold=5d,turnover_penalty=0.01,target_vol=0.18",-0.032600949745115515,-0.2618497239069419
2022-06-23 15:00:00,945780.239029999,287260.0,658520.239029999,卖,SH.601872,招商轮船,5.1,200,-54219.76097000099,-0.05421976097000103,超时卖/调仓卖,持仓不变,账户级撮合-卖出回款,1,1019.9999999999999,3.2741999999999996,0.033239116685140915,0.03343271374799474,-0.0077821011673151474,102.0,"mom20@q0.6,hold_q=0.4,buy_top=10,hold_top=20,rebalance=20d,min_hold=5d,turnover_penalty=0.01,target_vol=0.18",-0.032600949745115515,-0.2618497239069419
2022-06-23 15:00:00,945780.239029999,287260.0,658520.239029999,卖,SH.605117,德业股份,46.8,100,-54219.76097000099,-0.05421976097000103,超时卖/调仓卖,持仓不变,账户级撮合-卖出回款,1,4680.0,15.022799999999998,0.024615418193348337,0.024741476967206733,0.4498141263940518,5.0,"mom20@q0.6,hold_q=0.4,buy_top=10,hold_top=20,rebalance=20d,min_hold=5d,turnover_penalty=0.01,target_vol=0.18",-0.032600949745115515,-0.2618497239069419
2022-06-24 15:00:00,945765.900289999,287741.0,658024.900289999,买,SH.601872,招商轮船,4.94,100,-54234.09971000103,-0.05423409971000104,,持仓不变,账户级撮合-100股整手/现金约束,1,494.00000000000006,1.33874,0.033239116685140915,0.032906663256157896,-0.051823416506717734,105.0,"mom20@q0.6,hold_q=0.4,buy_top=10,hold_top=20,rebalance=20d,min_hold=5d,turnover_penalty=0.01,target_vol=0.18",-0.032600949745115515,-0.2618497239069419
2022-06-28 15:00:00,955022.936869999,259869.0,695153.936869999,卖,SH.601088,中国神华,22.25,1100,-44977.063130000955,-0.04497706313000094,超时卖/调仓卖,调仓卖出-跌破持有阈值、跌出持有排名,账户级撮合-卖出回款,1,24475.0,78.56474999999999,0.0,0.0,-0.047924689773213514,108.0,"mom20@q0.6,hold_q=0.4,buy_top=10,hold_top=20,rebalance=20d,min_hold=5d,turnover_penalty=0.01,target_vol=0.18",-0.032600949745115515,-0.2618497239069419
2022-06-28 15:00:00,955022.936869999,259869.0,695153.936869999,卖,SH.601872,招商轮船,5.33,6300,-44977.063130000955,-0.04497706313000094,超时卖/调仓卖,调仓卖出-跌出持有排名,账户级撮合-卖出回款,1,33579.0,107.78858999999999,0.0,0.0,0.030947775628626717,91.0,"mom20@q0.6,hold_q=0.4,buy_top=10,hold_top=20,rebalance=20d,min_hold=5d,turnover_penalty=0.01,target_vol=0.18",-0.032600949745115515,-0.2618497239069419
2022-06-28 15:00:00,955022.936869999,259869.0,695153.936869999,卖,SZ.300604,长川科技,45.57,1000,-44977.063130000955,-0.04497706313000094,超时卖/调仓卖,调仓卖出-跌出持有排名,账户级撮合-卖出回款,1,45570.0,146.2797,0.0,0.0,0.16190719020907696,48.0,"mom20@q0.6,hold_q=0.4,buy_top=10,hold_top=20,rebalance=20d,min_hold=5d,turnover_penalty=0.01,target_vol=0.18",-0.032600949745115515,-0.2618497239069419
2022-06-28 15:00:00,955022.936869999,259869.0,695153.936869999,卖,SH.600549,厦门钨业,20.9,1800,-44977.063130000955,-0.04497706313000094,超时卖/调仓卖,调仓卖出-跌出持有排名,账户级撮合-卖出回款,1,37620.0,120.7602,0.0,0.0,0.1389645776566757,51.0,"mom20@q0.6,hold_q=0.4,buy_top=10,hold_top=20,rebalance=20d,min_hold=5d,turnover_penalty=0.01,target_vol=0.18",-0.032600949745115515,-0.2618497239069419
2022-06-28 15:00:00,955022.936869999,259869.0,695153.936869999,卖,SZ.300394,天孚通信,12.26,1500,-44977.063130000955,-0.04497706313000094,超时卖/调仓卖,调仓卖出-跌出持有排名,账户级撮合-卖出回款,1,18390.0,59.03189999999999,0.0,0.0,0.11151405258386227,60.0,"mom20@q0.6,hold_q=0.4,buy_top=10,hold_top=20,rebalance=20d,min_hold=5d,turnover_penalty=0.01,target_vol=0.18",-0.032600949745115515,-0.2618497239069419
2022-06-28 15:00:00,955022.936869999,259869.0,695153.936869999,卖,SZ.300274,阳光电源,66.0,500,-44977.063130000955,-0.04497706313000094,超时卖/调仓卖,调仓卖出-调仓移出持仓,账户级撮合-卖出回款,1,33000.0,105.92999999999999,0.0,0.0,0.29259694477085785,19.0,"mom20@q0.6,hold_q=0.4,buy_top=10,hold_top=20,rebalance=20d,min_hold=5d,turnover_penalty=0.01,target_vol=0.18",-0.032600949745115515,-0.2618497239069419
2022-06-28 15:00:00,955022.936869999,259869.0,695153.936869999,买,SZ.002709,天赐材料,64.6,300,-44977.063130000955,-0.04497706313000094,,调仓买入-新进前N、满足动量阈值,账户级撮合-100股整手/现金约束,1,19380.0,52.5198,0.02661361435186606,0.02029270633385643,0.7669584245076584,1.0,"mom20@q0.6,hold_q=0.4,buy_top=10,hold_top=20,rebalance=20d,min_hold=5d,turnover_penalty=0.01,target_vol=0.18",-0.032600949745115515,-0.2618497239069419
2022-06-28 15:00:00,955022.936869999,259869.0,695153.936869999,买,SZ.002050,三花智控,27.29,1000,-44977.063130000955,-0.04497706313000094,,调仓买入-新进前N、满足动量阈值,账户级撮合-100股整手/现金约束,1,27290.0,73.9559,0.029380822831091877,0.028575229920069247,0.7460012795905309,2.0,"mom20@q0.6,hold_q=0.4,buy_top=10,hold_top=20,rebalance=20d,min_hold=5d,turnover_penalty=0.01,target_vol=0.18",-0.032600949745115515,-0.2618497239069419
2022-06-28 15:00:00,955022.936869999,259869.0,695153.936869999,买,SZ.300757,罗博特科,38.92,500,-44977.063130000955,-0.04497706313000094,,调仓买入-新进前N、满足动量阈值,账户级撮合-100股整手/现金约束,1,19460.0,52.736599999999996,0.020908646357855484,0.02037647395546162,0.633235417540915,3.0,"mom20@q0.6,hold_q=0.4,buy_top=10,hold_top=20,rebalance=20d,min_hold=5d,turnover_penalty=0.01,target_vol=0.18",-0.032600949745115515,-0.2618497239069419
2022-06-28 15:00:00,955022.936869999,259869.0,695153.936869999,买,SZ.300450,先导智能,66.92,500,-44977.063130000955,-0.04497706313000094,,调仓买入-新进前N、满足动量阈值,账户级撮合-100股整手/现金约束,1,33460.0,90.6766,0.0354231614581911,0.03503580773636925,0.47109254781270615,4.0,"mom20@q0.6,hold_q=0.4,buy_top=10,hold_top=20,rebalance=20d,min_hold=5d,turnover_penalty=0.01,target_vol=0.18",-0.032600949745115515,-0.2618497239069419
2022-06-28 15:00:00,955022.936869999,259869.0,695153.936869999,买,SZ.300390,天华新能,61.0,400,-44977.063130000955,-0.04497706313000094,,调仓买入-新进前N、满足动量阈值,账户级撮合-100股整手/现金约束,1,24400.0,66.124,0.025873765064587592,0.025549124589581883,0.41827481980934667,7.0,"mom20@q0.6,hold_q=0.4,buy_top=10,hold_top=20,rebalance=20d,min_hold=5d,turnover_penalty=0.01,target_vol=0.18",-0.032600949745115515,-0.2618497239069419
2022-06-28 15:00:00,955022.936869999,259869.0,695153.936869999,买,SZ.300750,宁德时代,281.76,100,-44977.063130000955,-0.04497706313000094,,调仓买入-新进前N、满足动量阈值,账户级撮合-100股整手/现金约束,1,28176.0,76.35695999999999,0.029608615642983956,0.029502956329346686,0.38962319984217797,9.0,"mom20@q0.6,hold_q=0.4,buy_top=10,hold_top=20,rebalance=20d,min_hold=5d,turnover_penalty=0.01,target_vol=0.18",-0.032600949745115515,-0.2618497239069419
2022-06-28 15:00:00,955022.936869999,259869.0,695153.936869999,买,SZ.000657,中钨高新,11.51,200,-44977.063130000955,-0.04497706313000094,,调仓买入-权重上调,账户级撮合-100股整手/现金约束,1,2302.0,6.23842,0.029947135973700176,0.0289249597402709,0.17448979591836733,42.0,"mom20@q0.6,hold_q=0.4,buy_top=10,hold_top=20,rebalance=20d,min_hold=5d,turnover_penalty=0.01,target_vol=0.18",-0.032600949745115515,-0.2618497239069419
2022-06-29 15:00:00,942005.517009999,254037.0,687968.517009999,买,SZ.002709,天赐材料,60.63,100,-57994.48299000098,-0.057994482990000984,,持仓不变,账户级撮合-100股整手/现金约束,1,6063.0,16.430729999999997,0.02661361435186606,0.02574507214881054,0.6520435967302451,1.0,"mom20@q0.6,hold_q=0.4,buy_top=10,hold_top=20,rebalance=20d,min_hold=5d,turnover_penalty=0.01,target_vol=0.18",-0.032600949745115515,-0.2618497239069419
2022-06-29 15:00:00,942005.517009999,254037.0,687968.517009999,买,SZ.000657,中钨高新,11.03,100,-57994.48299000098,-0.057994482990000984,,持仓不变,账户级撮合-100股整手/现金约束,1,1103.0,2.98913,0.029947135973700176,0.029272652338093792,0.1141414141414141,47.0,"mom20@q0.6,hold_q=0.4,buy_top=10,hold_top=20,rebalance=20d,min_hold=5d,turnover_penalty=0.01,target_vol=0.18",-0.032600949745115515,-0.2618497239069419
2022-07-04 15:00:00,958077.554269999,270876.0,687201.554269999,卖,SZ.000657,中钨高新,12.61,200,-41922.44573000097,-0.04192244573000092,超时卖/调仓卖,持仓不变,账户级撮合-卖出回款,1,2522.0,8.095619999999998,0.029947135973700176,0.030272079614785098,0.13399280575539563,26.0,"mom20@q0.6,hold_q=0.4,buy_top=10,hold_top=20,rebalance=20d,min_hold=5d,turnover_penalty=0.01,target_vol=0.18",-0.032600949745115515,-0.2618497239069419
2022-07-04 15:00:00,958077.554269999,270876.0,687201.554269999,买,SZ.300757,罗博特科,32.72,100,-41922.44573000097,-0.04192244573000092,,持仓不变,账户级撮合-100股整手/现金约束,1,3272.0,8.86712,0.020908646357855484,0.020491034272229116,0.19459656809054393,16.0,"mom20@q0.6,hold_q=0.4,buy_top=10,hold_top=20,rebalance=20d,min_hold=5d,turnover_penalty=0.01,target_vol=0.18",-0.032600949745115515,-0.2618497239069419
2022-07-06 15:00:00,952750.353759999,266733.0,686017.353759999,买,SZ.000657,中钨高新,11.81,100,-47249.64624000096,-0.04724964624000094,,持仓不变,账户级撮合-100股整手/现金约束,1,1181.0,3.2005099999999995,0.029947135973700176,0.029749660955927546,0.0755919854280509,37.0,"mom20@q0.6,hold_q=0.4,buy_top=10,hold_top=20,rebalance=20d,min_hold=5d,turnover_penalty=0.01,target_vol=0.18",-0.032600949745115515,-0.2618497239069419
2022-07-11 15:00:00,946951.307719999,262061.0,684890.307719999,买,SZ.000657,中钨高新,11.24,100,-53048.69228000101,-0.053048692280000975,,持仓不变,账户级撮合-100股整手/现金约束,1,1124.0,3.0460399999999996,0.029947135973700176,0.029674176244243382,-0.06020066889632114,93.0,"mom20@q0.6,hold_q=0.4,buy_top=10,hold_top=20,rebalance=20d,min_hold=5d,turnover_penalty=0.01,target_vol=0.18",-0.032600949745115515,-0.2618497239069419
2022-07-13 15:00:00,947331.418859999,263510.0,683821.418859999,买,SZ.000657,中钨高新,10.66,100,-52668.581140000955,-0.05266858114000095,,持仓不变,账户级撮合-100股整手/现金约束,1,1066.0,2.8888599999999998,0.029947135973700176,0.029256920490774937,-0.054125998225377114,84.0,"mom20@q0.6,hold_q=0.4,buy_top=10,hold_top=20,rebalance=20d,min_hold=5d,turnover_penalty=0.01,target_vol=0.18",-0.032600949745115515,-0.2618497239069419
2022-07-18 15:00:00,955500.679209999,270518.0,684982.679209999,卖,SZ.000657,中钨高新,11.65,100,-44499.32079000096,-0.04449932079000096,超时卖/调仓卖,持仓不变,账户级撮合-卖出回款,1,1165.0,3.7396499999999997,0.029947135973700176,0.030481401671090737,0.017467248908296984,49.0,"mom20@q0.6,hold_q=0.4,buy_top=10,hold_top=20,rebalance=20d,min_hold=5d,turnover_penalty=0.01,target_vol=0.18",-0.032600949745115515,-0.2618497239069419
2022-07-21 15:00:00,947188.704389999,258177.0,689011.704389999,卖,SZ.300757,罗博特科,40.42,100,-52811.29561000096,-0.052811295610000974,超时卖/调仓卖,持仓不变,账户级撮合-卖出回款,1,4042.0,12.97482,0.020908646357855484,0.021336825393220335,0.11657458563535905,19.0,"mom20@q0.6,hold_q=0.4,buy_top=10,hold_top=20,rebalance=20d,min_hold=5d,turnover_penalty=0.01,target_vol=0.18",-0.032600949745115515,-0.2618497239069419
2022-07-25 15:00:00,945821.878069999,255622.0,690199.878069999,卖,SZ.000657,中钨高新,11.92,100,-54178.121930000954,-0.05417812193000093,超时卖/调仓卖,持仓不变,账户级撮合-卖出回款,1,1192.0,3.8263199999999995,0.029947135973700176,0.03024670993905975,0.02493551160791041,29.0,"mom20@q0.6,hold_q=0.4,buy_top=10,hold_top=20,rebalance=20d,min_hold=5d,turnover_penalty=0.01,target_vol=0.18",-0.032600949745115515,-0.2618497239069419
2022-07-26 15:00:00,951475.4902999989,263007.0,688468.4902999989,卖,SZ.002466,天齐锂业,117.21,200,-48524.5097000011,-0.048524509700001106,超时卖/调仓卖,调仓卖出-跌破持有阈值、跌出持有排名,账户级撮合-卖出回款,1,23442.0,75.24882,0.0,0.0,-0.05513905683192266,64.0,"mom20@q0.6,hold_q=0.4,buy_top=10,hold_top=20,rebalance=20d,min_hold=5d,turnover_penalty=0.01,target_vol=0.18",-0.032600949745115515,-0.2618497239069419
2022-07-26 15:00:00,951475.4902999989,263007.0,688468.4902999989,卖,SZ.000657,中钨高新,12.71,2400,-48524.5097000011,-0.048524509700001106,超时卖/调仓卖,调仓卖出-调仓移出持仓,账户级撮合-卖出回款,1,30504.000000000004,97.91784,0.0,0.0,0.10425716768027815,14.0,"mom20@q0.6,hold_q=0.4,buy_top=10,hold_top=20,rebalance=20d,min_hold=5d,turnover_penalty=0.01,target_vol=0.18",-0.032600949745115515,-0.2618497239069419
2022-07-26 15:00:00,951475.4902999989,263007.0,688468.4902999989,卖,SH.605117,德业股份,57.27,100,-48524.5097000011,-0.048524509700001106,超时卖/调仓卖,调仓卖出-权重下调,账户级撮合-卖出回款,1,5727.0,18.38367,0.020097377552626583,0.024076290176194805,0.16829865361077112,6.0,"mom20@q0.6,hold_q=0.4,buy_top=10,hold_top=20,rebalance=20d,min_hold=5d,turnover_penalty=0.01,target_vol=0.18",-0.032600949745115515,-0.2618497239069419
2022-07-26 15:00:00,951475.4902999989,263007.0,688468.4902999989,卖,SZ.300014,亿纬锂能,95.63,300,-48524.5097000011,-0.048524509700001106,超时卖/调仓卖,调仓卖出-跌破持有阈值、跌出持有排名,账户级撮合-卖出回款,1,28689.0,92.09168999999999,0.0,0.0,-0.06729737637764566,74.0,"mom20@q0.6,hold_q=0.4,buy_top=10,hold_top=20,rebalance=20d,min_hold=5d,turnover_penalty=0.01,target_vol=0.18",-0.032600949745115515,-0.2618497239069419
2022-07-26 15:00:00,951475.4902999989,263007.0,688468.4902999989,卖,SZ.002709,天赐材料,53.72,400,-48524.5097000011,-0.048524509700001106,超时卖/调仓卖,调仓卖出-跌破持有阈值、跌出持有排名,账户级撮合-卖出回款,1,21488.0,68.97648,0.0,0.0,-0.16842105263157892,110.0,"mom20@q0.6,hold_q=0.4,buy_top=10,hold_top=20,rebalance=20d,min_hold=5d,turnover_penalty=0.01,target_vol=0.18",-0.032600949745115515,-0.2618497239069419
2022-07-26 15:00:00,951475.4902999989,263007.0,688468.4902999989,卖,SZ.002050,三花智控,27.85,1000,-48524.5097000011,-0.048524509700001106,超时卖/调仓卖,调仓卖出-跌出持有排名,账户级撮合-卖出回款,1,27850.0,89.3985,0.0,0.0,0.02052033711982415,27.0,"mom20@q0.6,hold_q=0.4,buy_top=10,hold_top=20,rebalance=20d,min_hold=5d,turnover_penalty=0.01,target_vol=0.18",-0.032600949745115515,-0.2618497239069419
2022-07-26 15:00:00,951475.4902999989,263007.0,688468.4902999989,卖,SZ.300757,罗博特科,40.77,500,-48524.5097000011,-0.048524509700001106,超时卖/调仓卖,调仓卖出-调仓移出持仓,账户级撮合-卖出回款,1,20385.0,65.43584999999999,0.0,0.0,0.0475334018499487,20.0,"mom20@q0.6,hold_q=0.4,buy_top=10,hold_top=20,rebalance=20d,min_hold=5d,turnover_penalty=0.01,target_vol=0.18",-0.032600949745115515,-0.2618497239069419
2022-07-26 15:00:00,951475.4902999989,263007.0,688468.4902999989,卖,SZ.300450,先导智能,62.25,500,-48524.5097000011,-0.048524509700001106,超时卖/调仓卖,调仓卖出-跌破持有阈值、跌出持有排名,账户级撮合-卖出回款,1,31125.0,99.91125,0.0,0.0,-0.06978481769276745,76.0,"mom20@q0.6,hold_q=0.4,buy_top=10,hold_top=20,rebalance=20d,min_hold=5d,turnover_penalty=0.01,target_vol=0.18",-0.032600949745115515,-0.2618497239069419
2022-07-26 15:00:00,951475.4902999989,263007.0,688468.4902999989,卖,SZ.300390,天华新能,59.06,400,-48524.5097000011,-0.048524509700001106,超时卖/调仓卖,调仓卖出-跌破持有阈值、跌出持有排名,账户级撮合-卖出回款,1,23624.0,75.83304,0.0,0.0,-0.031803278688524506,54.0,"mom20@q0.6,hold_q=0.4,buy_top=10,hold_top=20,rebalance=20d,min_hold=5d,turnover_penalty=0.01,target_vol=0.18",-0.032600949745115515,-0.2618497239069419
2022-07-26 15:00:00,951475.4902999989,263007.0,688468.4902999989,卖,SZ.300750,宁德时代,269.54,100,-48524.5097000011,-0.048524509700001106,超时卖/调仓卖,调仓卖出-跌破持有阈值、跌出持有排名,账户级撮合-卖出回款,1,26954.000000000004,86.52234,0.0,0.0,-0.04337024417944335,60.0,"mom20@q0.6,hold_q=0.4,buy_top=10,hold_top=20,rebalance=20d,min_hold=5d,turnover_penalty=0.01,target_vol=0.18",-0.032600949745115515,-0.2618497239069419
2022-07-26 15:00:00,951475.4902999989,263007.0,688468.4902999989,买,SH.688072,拓荆科技,91.37,200,-48524.5097000011,-0.048524509700001106,,调仓买入-新进前N、满足动量阈值,账户级撮合-100股整手/现金约束,1,18274.0,49.52253999999999,0.021784157003795615,0.019205959781726203,0.30082574031890674,1.0,"mom20@q0.6,hold_q=0.4,buy_top=10,hold_top=20,rebalance=20d,min_hold=5d,turnover_penalty=0.01,target_vol=0.18",-0.032600949745115515,-0.2618497239069419
2022-07-26 15:00:00,951475.4902999989,263007.0,688468.4902999989,买,SZ.002028,思源电气,44.29,500,-48524.5097000011,-0.048524509700001106,,调仓买入-新进前N、满足动量阈值,账户级撮合-100股整手/现金约束,1,22145.0,60.01295,0.024577704049785445,0.02327437776985481,0.26542857142857135,2.0,"mom20@q0.6,hold_q=0.4,buy_top=10,hold_top=20,rebalance=20d,min_hold=5d,turnover_penalty=0.01,target_vol=0.18",-0.032600949745115515,-0.2618497239069419
2022-07-26 15:00:00,951475.4902999989,263007.0,688468.4902999989,买,SH.688048,长光华芯,108.81,200,-48524.5097000011,-0.048524509700001106,,调仓买入-新进前N、满足动量阈值,账户级撮合-100股整手/现金约束,1,21762.0,58.975019999999994,0.02310458453432297,0.022871845067851903,0.25011488970588225,3.0,"mom20@q0.6,hold_q=0.4,buy_top=10,hold_top=20,rebalance=20d,min_hold=5d,turnover_penalty=0.01,target_vol=0.18",-0.032600949745115515,-0.2618497239069419
2022-07-26 15:00:00,951475.4902999989,263007.0,688468.4902999989,买,SH.601872,招商轮船,6.36,3500,-48524.5097000011,-0.048524509700001106,,调仓买入-新进前N、满足动量阈值,账户级撮合-100股整手/现金约束,1,22260.0,60.3246,0.02402229250618848,0.023395242680377876,0.1932457786116324,4.0,"mom20@q0.6,hold_q=0.4,buy_top=10,hold_top=20,rebalance=20d,min_hold=5d,turnover_penalty=0.01,target_vol=0.18",-0.032600949745115515,-0.2618497239069419
2022-07-26 15:00:00,951475.4902999989,263007.0,688468.4902999989,买,SH.600673,东阳光,10.1,3700,-48524.5097000011,-0.048524509700001106,,调仓买入-新进前N、满足动量阈值,账户级撮合-100股整手/现金约束,1,37370.0,101.27269999999999,0.04019481590620082,0.03927584092388685,0.18823529411764706,5.0,"mom20@q0.6,hold_q=0.4,buy_top=10,hold_top=20,rebalance=20d,min_hold=5d,turnover_penalty=0.01,target_vol=0.18",-0.032600949745115515,-0.2618497239069419
2022-07-26 15:00:00,951475.4902999989,263007.0,688468.4902999989,买,SH.600150,中国船舶,22.35,1400,-48524.5097000011,-0.048524509700001106,,调仓买入-新进前N、满足动量阈值,账户级撮合-100股整手/现金约束,1,31290.000000000004,84.7959,0.034874891357499965,0.032885765654493436,0.15803108808290167,8.0,"mom20@q0.6,hold_q=0.4,buy_top=10,hold_top=20,rebalance=20d,min_hold=5d,turnover_penalty=0.01,target_vol=0.18",-0.032600949745115515,-0.2618497239069419
2022-07-26 15:00:00,951475.4902999989,263007.0,688468.4902999989,买,SZ.300548,长芯博创,20.56,1700,-48524.5097000011,-0.048524509700001106,,调仓买入-新进前N、满足动量阈值,账户级撮合-100股整手/现金约束,1,34952.0,94.71991999999999,0.03756018204434394,0.03673452480523664,0.15505617977528074,10.0,"mom20@q0.6,hold_q=0.4,buy_top=10,hold_top=20,rebalance=20d,min_hold=5d,turnover_penalty=0.01,target_vol=0.18",-0.032600949745115515,-0.2618497239069419
2022-07-26 15:00:00,951475.4902999989,263007.0,688468.4902999989,买,SZ.300274,阳光电源,75.76,200,-48524.5097000011,-0.048524509700001106,,调仓买入-满足动量阈值,账户级撮合-100股整手/现金约束,1,15152.000000000002,41.06192,0.01699645012367262,0.01592474021083044,0.14787878787878794,11.0,"mom20@q0.6,hold_q=0.4,buy_top=10,hold_top=20,rebalance=20d,min_hold=5d,turnover_penalty=0.01,target_vol=0.18",-0.032600949745115515,-0.2618497239069419
2022-07-26 15:00:00,951475.4902999989,263007.0,688468.4902999989,买,SH.601991,大唐发电,2.58,14300,-48524.5097000011,-0.048524509700001106,,调仓买入-满足动量阈值,账户级撮合-100股整手/现金约束,1,36894.0,99.98273999999999,0.039006116963679144,0.038775565294243544,0.10729613733905574,13.0,"mom20@q0.6,hold_q=0.4,buy_top=10,hold_top=20,rebalance=20d,min_hold=5d,turnover_penalty=0.01,target_vol=0.18",-0.032600949745115515,-0.2618497239069419
2022-07-27 15:00:00,955566.723399999,268492.0,687074.723399999,买,SH.601872,招商轮船,6.25,100,-44433.27660000103,-0.04443327660000107,,持仓不变,账户级撮合-100股整手/现金约束,1,625.0,1.6937499999999999,0.02402229250618848,0.023546236436470726,0.2376237623762376,9.0,"mom20@q0.6,hold_q=0.4,buy_top=10,hold_top=20,rebalance=20d,min_hold=5d,turnover_penalty=0.01,target_vol=0.18",-0.032600949745115515,-0.2618497239069419
2022-07-27 15:00:00,955566.723399999,268492.0,687074.723399999,买,SH.601991,大唐发电,2.55,300,-44433.27660000103,-0.04443327660000107,,持仓不变,账户级撮合-100股整手/现金约束,1,765.0,2.0731499999999996,0.039006116963679144,0.03896117255688023,0.10869565217391308,18.0,"mom20@q0.6,hold_q=0.4,buy_top=10,hold_top=20,rebalance=20d,min_hold=5d,turnover_penalty=0.01,target_vol=0.18",-0.032600949745115515,-0.2618497239069419
2022-07-28 15:00:00,961246.5779399989,271953.0,689293.5779399989,卖,SH.600673,东阳光,11.13,200,-38753.42206000106,-0.0387534220600011,超时卖/调仓卖,持仓不变,账户级撮合-卖出回款,1,2226.0,7.145459999999999,0.04019481590620082,0.04052550187849051,0.32657926102502977,2.0,"mom20@q0.6,hold_q=0.4,buy_top=10,hold_top=20,rebalance=20d,min_hold=5d,turnover_penalty=0.01,target_vol=0.18",-0.032600949745115515,-0.2618497239069419
2022-07-29 15:00:00,958965.2736899989,270938.0,688027.2736899989,卖,SH.601991,大唐发电,2.67,500,-41034.726310001104,-0.04103472631000116,超时卖/调仓卖,持仓不变,账户级撮合-卖出回款,1,1335.0,4.285349999999999,0.039006116963679144,0.03925793877304675,0.16086956521739126,15.0,"mom20@q0.6,hold_q=0.4,buy_top=10,hold_top=20,rebalance=20d,min_hold=5d,turnover_penalty=0.01,target_vol=0.18",-0.032600949745115515,-0.2618497239069419
2022-07-29 15:00:00,958965.2736899989,270938.0,688027.2736899989,买,SH.601872,招商轮船,6.17,100,-41034.726310001104,-0.04103472631000116,,持仓不变,账户级撮合-100股整手/现金约束,1,617.0,1.67207,0.02402229250618848,0.023805867247055128,0.29350104821802936,4.0,"mom20@q0.6,hold_q=0.4,buy_top=10,hold_top=20,rebalance=20d,min_hold=5d,turnover_penalty=0.01,target_vol=0.18",-0.032600949745115515,-0.2618497239069419
2022-07-29 15:00:00,958965.2736899989,270938.0,688027.2736899989,买,SZ.300548,长芯博创,19.73,100,-41034.726310001104,-0.04103472631000116,,持仓不变,账户级撮合-100股整手/现金约束,1,1973.0,5.34683,0.03756018204434394,0.03703366636348135,0.09005524861878444,22.0,"mom20@q0.6,hold_q=0.4,buy_top=10,hold_top=20,rebalance=20d,min_hold=5d,turnover_penalty=0.01,target_vol=0.18",-0.032600949745115515,-0.2618497239069419
2022-08-01 15:00:00,960405.7725699989,272254.0,688151.7725699989,卖,SH.601872,招商轮船,6.5,100,-39594.227430001134,-0.03959422743000118,超时卖/调仓卖,持仓不变,账户级撮合-卖出回款,1,650.0,2.0865,0.02402229250618848,0.024364701533793102,0.3184584178498986,4.0,"mom20@q0.6,hold_q=0.4,buy_top=10,hold_top=20,rebalance=20d,min_hold=5d,turnover_penalty=0.01,target_vol=0.18",-0.032600949745115515,-0.2618497239069419
2022-08-01 15:00:00,960405.7725699989,272254.0,688151.7725699989,买,SH.601991,大唐发电,2.61,200,-39594.227430001134,-0.03959422743000118,,持仓不变,账户级撮合-100股整手/现金约束,1,522.0,1.4146199999999998,0.039006116963679144,0.0388616989464,0.06530612244897949,32.0,"mom20@q0.6,hold_q=0.4,buy_top=10,hold_top=20,rebalance=20d,min_hold=5d,turnover_penalty=0.01,target_vol=0.18",-0.032600949745115515,-0.2618497239069419
2022-08-02 15:00:00,958638.3283599988,271997.0,686641.3283599988,卖,SH.605117,德业股份,66.67,100,-41361.67164000124,-0.04136167164000126,超时卖/调仓卖,持仓不变,账户级撮合-卖出回款,1,6667.0,21.401069999999997,0.020097377552626583,0.02086396861913182,0.32703025477707004,6.0,"mom20@q0.6,hold_q=0.4,buy_top=10,hold_top=20,rebalance=20d,min_hold=5d,turnover_penalty=0.01,target_vol=0.18",-0.032600949745115515,-0.2618497239069419
2022-08-02 15:00:00,958638.3283599988,271997.0,686641.3283599988,买,SH.600150,中国船舶,21.96,100,-41361.67164000124,-0.04136167164000126,,持仓不变,账户级撮合-100股整手/现金约束,1,2196.0,5.95116,0.034874891357499965,0.034361238253797416,0.1806451612903226,11.0,"mom20@q0.6,hold_q=0.4,buy_top=10,hold_top=20,rebalance=20d,min_hold=5d,turnover_penalty=0.01,target_vol=0.18",-0.032600949745115515,-0.2618497239069419
2022-08-02 15:00:00,958638.3283599988,271997.0,686641.3283599988,买,SH.600673,东阳光,10.4,200,-41361.67164000124,-0.04136167164000126,,持仓不变,账户级撮合-100股整手/现金约束,1,2080.0,5.636799999999999,0.04019481590620082,0.04014026860977914,0.14035087719298267,18.0,"mom20@q0.6,hold_q=0.4,buy_top=10,hold_top=20,rebalance=20d,min_hold=5d,turnover_penalty=0.01,target_vol=0.18",-0.032600949745115515,-0.2618497239069419
2022-08-02 15:00:00,958638.3283599988,271997.0,686641.3283599988,买,SZ.300548,长芯博创,18.82,100,-41361.67164000124,-0.04136167164000126,,持仓不变,账户级撮合-100股整手/现金约束,1,1882.0,5.100219999999999,0.03756018204434394,0.03730082445292313,0.06810442678774109,28.0,"mom20@q0.6,hold_q=0.4,buy_top=10,hold_top=20,rebalance=20d,min_hold=5d,turnover_penalty=0.01,target_vol=0.18",-0.032600949745115515,-0.2618497239069419
2022-08-02 15:00:00,958638.3283599988,271997.0,686641.3283599988,买,SH.601991,大唐发电,2.47,800,-41361.67164000124,-0.04136167164000126,,持仓不变,账户级撮合-100股整手/现金约束,1,1976.0000000000002,5.35496,0.039006116963679144,0.038906226568059574,-0.0119999999999999,51.0,"mom20@q0.6,hold_q=0.4,buy_top=10,hold_top=20,rebalance=20d,min_hold=5d,turnover_penalty=0.01,target_vol=0.18",-0.032600949745115515,-0.2618497239069419
2022-08-03 15:00:00,954422.3663599987,269987.0,684435.3663599987,买,SH.601872,招商轮船,5.99,200,-45577.633640001295,-0.045577633640001336,,持仓不变,账户级撮合-100股整手/现金约束,1,1198.0,3.24658,0.02402229250618848,0.02384898007661987,0.17913385826771666,14.0,"mom20@q0.6,hold_q=0.4,buy_top=10,hold_top=20,rebalance=20d,min_hold=5d,turnover_penalty=0.01,target_vol=0.18",-0.032600949745115515,-0.2618497239069419
2022-08-03 15:00:00,954422.3663599987,269987.0,684435.3663599987,买,SH.600673,东阳光,10.02,100,-45577.633640001295,-0.045577633640001336,,持仓不变,账户级撮合-100股整手/现金约束,1,1002.0,2.71542,0.04019481590620082,0.039894287206632906,0.13476783691959215,18.0,"mom20@q0.6,hold_q=0.4,buy_top=10,hold_top=20,rebalance=20d,min_hold=5d,turnover_penalty=0.01,target_vol=0.18",-0.032600949745115515,-0.2618497239069419
2022-08-04 15:00:00,955651.5203599987,270781.0,684870.5203599987,卖,SH.601991,大唐发电,2.55,400,-44348.479640001315,-0.044348479640001326,超时卖/调仓卖,持仓不变,账户级撮合-卖出回款,1,1019.9999999999999,3.2741999999999996,0.039006116963679144,0.039224549117945436,-0.0449438202247191,71.0,"mom20@q0.6,hold_q=0.4,buy_top=10,hold_top=20,rebalance=20d,min_hold=5d,turnover_penalty=0.01,target_vol=0.18",-0.032600949745115515,-0.2618497239069419
2022-08-04 15:00:00,955651.5203599987,270781.0,684870.5203599987,买,SH.601872,招商轮船,5.8,100,-44348.479640001315,-0.044348479640001326,,持仓不变,账户级撮合-100股整手/现金约束,1,580.0,1.5717999999999999,0.02402229250618848,0.02366971591431041,0.18126272912423613,8.0,"mom20@q0.6,hold_q=0.4,buy_top=10,hold_top=20,rebalance=20d,min_hold=5d,turnover_penalty=0.01,target_vol=0.18",-0.032600949745115515,-0.2618497239069419
2022-08-05 15:00:00,958189.2473099986,271525.0,686664.2473099986,卖,SZ.300548,长芯博创,20.53,100,-41810.75269000139,-0.04181075269000134,超时卖/调仓卖,持仓不变,账户级撮合-卖出回款,1,2053.0,6.590129999999999,0.03756018204434394,0.038566494148983534,0.08970276008492584,31.0,"mom20@q0.6,hold_q=0.4,buy_top=10,hold_top=20,rebalance=20d,min_hold=5d,turnover_penalty=0.01,target_vol=0.18",-0.032600949745115515,-0.2618497239069419
2022-08-05 15:00:00,958189.2473099986,271525.0,686664.2473099986,买,SH.601991,大唐发电,2.52,100,-41810.75269000139,-0.04181075269000134,,持仓不变,账户级撮合-100股整手/现金约束,1,252.0,0.68292,0.039006116963679144,0.038923417377834335,-0.041825095057034134,79.0,"mom20@q0.6,hold_q=0.4,buy_top=10,hold_top=20,rebalance=20d,min_hold=5d,turnover_penalty=0.01,target_vol=0.18",-0.032600949745115515,-0.2618497239069419
2022-08-08 15:00:00,960544.5909499986,273366.0,687178.5909499986,卖,SH.601991,大唐发电,2.58,200,-39455.40905000141,-0.039455409050001444,超时卖/调仓卖,持仓不变,账户级撮合-卖出回款,1,516.0,1.6563599999999998,0.039006116963679144,0.03921525388295151,-0.05494505494505486,96.0,"mom20@q0.6,hold_q=0.4,buy_top=10,hold_top=20,rebalance=20d,min_hold=5d,turnover_penalty=0.01,target_vol=0.18",-0.032600949745115515,-0.2618497239069419
2022-08-09 15:00:00,965296.6296399985,277509.0,687787.6296399985,卖,SH.601872,招商轮船,6.11,100,-34703.370360001456,-0.034703370360001484,超时卖/调仓卖,持仓不变,账户级撮合-卖出回款,1,611.0,1.9613099999999999,0.02402229250618848,0.02405271010700515,0.2863157894736843,12.0,"mom20@q0.6,hold_q=0.4,buy_top=10,hold_top=20,rebalance=20d,min_hold=5d,turnover_penalty=0.01,target_vol=0.18",-0.032600949745115515,-0.2618497239069419
2022-08-10 15:00:00,965310.2529599986,278032.0,687278.2529599986,买,SH.601991,大唐发电,2.54,200,-34689.74704000144,-0.034689747040001495,,持仓不变,账户级撮合-100股整手/现金约束,1,508.0,1.37668,0.039006116963679144,0.03894292004537299,-0.06273062730627299,93.0,"mom20@q0.6,hold_q=0.4,buy_top=10,hold_top=20,rebalance=20d,min_hold=5d,turnover_penalty=0.01,target_vol=0.18",-0.032600949745115515,-0.2618497239069419
2022-08-11 15:00:00,971187.8027199985,280975.0,690212.8027199985,卖,SH.600150,中国船舶,24.24,100,-28812.197280001477,-0.028812197280001506,超时卖/调仓卖,持仓不变,账户级撮合-卖出回款,1,2424.0,7.781039999999999,0.034874891357499965,0.03494277821957369,0.2335877862595419,15.0,"mom20@q0.6,hold_q=0.4,buy_top=10,hold_top=20,rebalance=20d,min_hold=5d,turnover_penalty=0.01,target_vol=0.18",-0.032600949745115515,-0.2618497239069419
2022-08-11 15:00:00,971187.8027199985,280975.0,690212.8027199985,卖,SH.601991,大唐发电,2.6,200,-28812.197280001477,-0.028812197280001506,超时卖/调仓卖,持仓不变,账户级撮合-卖出回款,1,520.0,1.6691999999999998,0.039006116963679144,0.039086158098038,-0.015151515151515138,79.0,"mom20@q0.6,hold_q=0.4,buy_top=10,hold_top=20,rebalance=20d,min_hold=5d,turnover_penalty=0.01,target_vol=0.18",-0.032600949745115515,-0.2618497239069419
2022-08-12 15:00:00,968335.4629699986,276154.0,692181.4629699986,卖,SH.601872,招商轮船,6.3,100,-31664.537030001404,-0.03166453703000138,超时卖/调仓卖,持仓不变,账户级撮合-卖出回款,1,630.0,2.0223,0.02402229250618848,0.02407223621502562,0.351931330472103,5.0,"mom20@q0.6,hold_q=0.4,buy_top=10,hold_top=20,rebalance=20d,min_hold=5d,turnover_penalty=0.01,target_vol=0.18",-0.032600949745115515,-0.2618497239069419
2022-08-12 15:00:00,968335.4629699986,276154.0,692181.4629699986,卖,SH.601991,大唐发电,2.69,500,-31664.537030001404,-0.03166453703000138,超时卖/调仓卖,持仓不变,账户级撮合-卖出回款,1,1345.0,4.31745,0.039006116963679144,0.03916927702272444,0.03461538461538449,68.0,"mom20@q0.6,hold_q=0.4,buy_top=10,hold_top=20,rebalance=20d,min_hold=5d,turnover_penalty=0.01,target_vol=0.18",-0.032600949745115515,-0.2618497239069419
2022-08-15 15:00:00,974263.9529199986,280682.0,693581.9529199986,卖,SH.601991,大唐发电,2.81,500,-25736.047080001445,-0.025736047080001434,超时卖/调仓卖,持仓不变,账户级撮合-卖出回款,1,1405.0,4.51005,0.039006116963679144,0.03922550956079363,0.014440433212996373,66.0,"mom20@q0.6,hold_q=0.4,buy_top=10,hold_top=20,rebalance=20d,min_hold=5d,turnover_penalty=0.01,target_vol=0.18",-0.032600949745115515,-0.2618497239069419
2022-08-16 15:00:00,978350.7255199986,282835.0,695515.7255199986,卖,SH.601872,招商轮船,6.84,200,-21649.27448000142,-0.021649274480001424,超时卖/调仓卖,持仓不变,账户级撮合-卖出回款,1,1368.0,4.39128,0.02402229250618848,0.024469752385859134,0.23913043478260887,10.0,"mom20@q0.6,hold_q=0.4,buy_top=10,hold_top=20,rebalance=20d,min_hold=5d,turnover_penalty=0.01,target_vol=0.18",-0.032600949745115515,-0.2618497239069419
2022-08-16 15:00:00,978350.7255199986,282835.0,695515.7255199986,卖,SH.601991,大唐发电,2.86,200,-21649.27448000142,-0.021649274480001424,超时卖/调仓卖,持仓不变,账户级撮合-卖出回款,1,572.0,1.8361199999999998,0.039006116963679144,0.03917204638411301,0.040000000000000036,47.0,"mom20@q0.6,hold_q=0.4,buy_top=10,hold_top=20,rebalance=20d,min_hold=5d,turnover_penalty=0.01,target_vol=0.18",-0.032600949745115515,-0.2618497239069419
2022-08-17 15:00:00,986474.7438499986,287764.0,698710.7438499986,卖,SH.600673,东阳光,11.64,300,-13525.256150001427,-0.013525256150001441,超时卖/调仓卖,持仓不变,账户级撮合-卖出回款,1,3492.0,11.20932,0.04019481590620082,0.041298573789127685,0.19140225179119774,14.0,"mom20@q0.6,hold_q=0.4,buy_top=10,hold_top=20,rebalance=20d,min_hold=5d,turnover_penalty=0.01,target_vol=0.18",-0.032600949745115515,-0.2618497239069419
2022-08-17 15:00:00,986474.7438499986,287764.0,698710.7438499986,买,SH.601991,大唐发电,2.85,100,-13525.256150001427,-0.013525256150001441,,持仓不变,账户级撮合-100股整手/现金约束,1,285.0,0.7723499999999999,0.039006116963679144,0.03900251906079253,0.047794117647058876,46.0,"mom20@q0.6,hold_q=0.4,buy_top=10,hold_top=20,rebalance=20d,min_hold=5d,turnover_penalty=0.01,target_vol=0.18",-0.032600949745115515,-0.2618497239069419
2022-08-18 15:00:00,994593.3499799987,291832.0,702761.3499799987,卖,SH.600673,东阳光,12.5,300,-5406.65002000134,-0.005406650020001291,超时卖/调仓卖,持仓不变,账户级撮合-卖出回款,1,3750.0,12.0375,0.04019481590620082,0.0402174416316019,0.2846865364850977,7.0,"mom20@q0.6,hold_q=0.4,buy_top=10,hold_top=20,rebalance=20d,min_hold=5d,turnover_penalty=0.01,target_vol=0.18",-0.032600949745115515,-0.2618497239069419
2022-08-18 15:00:00,994593.3499799987,291832.0,702761.3499799987,卖,SZ.300548,长芯博创,22.36,100,-5406.65002000134,-0.005406650020001291,超时卖/调仓卖,持仓不变,账户级撮合-卖出回款,1,2236.0,7.17756,0.03756018204434394,0.038218634782511286,0.10693069306930703,32.0,"mom20@q0.6,hold_q=0.4,buy_top=10,hold_top=20,rebalance=20d,min_hold=5d,turnover_penalty=0.01,target_vol=0.18",-0.032600949745115515,-0.2618497239069419
2022-08-18 15:00:00,994593.3499799987,291832.0,702761.3499799987,买,SH.601991,大唐发电,2.73,700,-5406.65002000134,-0.005406650020001291,,持仓不变,账户级撮合-100股整手/现金约束,1,1911.0,5.1788099999999995,0.039006116963679144,0.03897673355726698,0.018656716417910335,62.0,"mom20@q0.6,hold_q=0.4,buy_top=10,hold_top=20,rebalance=20d,min_hold=5d,turnover_penalty=0.01,target_vol=0.18",-0.032600949745115515,-0.2618497239069419
2022-08-19 15:00:00,989003.9335299986,283008.0,705995.9335299986,卖,SH.601991,大唐发电,2.95,1100,-10996.066470001359,-0.010996066470001398,超时卖/调仓卖,持仓不变,账户级撮合-卖出回款,1,3245.0,10.41645,0.039006116963679144,0.039074667642692254,0.09665427509293689,28.0,"mom20@q0.6,hold_q=0.4,buy_top=10,hold_top=20,rebalance=20d,min_hold=5d,turnover_penalty=0.01,target_vol=0.18",-0.032600949745115515,-0.2618497239069419
2022-08-22 15:00:00,996229.9477299986,285270.0,710959.9477299986,卖,SH.601872,招商轮船,7.53,300,-3770.0522700013826,-0.0037700522700013783,超时卖/调仓卖,持仓不变,账户级撮合-卖出回款,1,2259.0,7.25139,0.02402229250618848,0.024187186959100104,0.22838499184339311,10.0,"mom20@q0.6,hold_q=0.4,buy_top=10,hold_top=20,rebalance=20d,min_hold=5d,turnover_penalty=0.01,target_vol=0.18",-0.032600949745115515,-0.2618497239069419
2022-08-22 15:00:00,996229.9477299986,285270.0,710959.9477299986,卖,SH.600150,中国船舶,27.21,100,-3770.0522700013826,-0.0037700522700013783,超时卖/调仓卖,持仓不变,账户级撮合-卖出回款,1,2721.0,8.734409999999999,0.034874891357499965,0.03550686272842994,0.17894280762565007,18.0,"mom20@q0.6,hold_q=0.4,buy_top=10,hold_top=20,rebalance=20d,min_hold=5d,turnover_penalty=0.01,target_vol=0.18",-0.032600949745115515,-0.2618497239069419
2022-08-23 15:00:00,996566.7386699987,256058.0,740508.7386699987,卖,SZ.002028,思源电气,44.6,500,-3433.261330001289,-0.003433261330001325,超时卖/调仓卖,调仓卖出-跌出持有排名,账户级撮合-卖出回款,1,22300.0,71.583,0.0,0.0,0.006999322646195516,68.0,"mom20@q0.6,hold_q=0.4,buy_top=10,hold_top=20,rebalance=20d,min_hold=5d,turnover_penalty=0.01,target_vol=0.18",-0.032600949745115515,-0.2618497239069419
2022-08-23 15:00:00,996566.7386699987,256058.0,740508.7386699987,卖,SH.688048,长光华芯,110.73,200,-3433.261330001289,-0.003433261330001325,超时卖/调仓卖,调仓卖出-跌出持有排名,账户级撮合-卖出回款,1,22146.0,71.08865999999999,0.0,0.0,0.017645437000275654,61.0,"mom20@q0.6,hold_q=0.4,buy_top=10,hold_top=20,rebalance=20d,min_hold=5d,turnover_penalty=0.01,target_vol=0.18",-0.032600949745115515,-0.2618497239069419
2022-08-23 15:00:00,996566.7386699987,256058.0,740508.7386699987,卖,SH.600673,东阳光,12.07,700,-3433.261330001289,-0.003433261330001325,超时卖/调仓卖,调仓卖出-权重下调,账户级撮合-卖出回款,1,8449.0,27.12129,0.03003942889866071,0.030278955567261907,0.19504950495049522,15.0,"mom20@q0.6,hold_q=0.4,buy_top=10,hold_top=20,rebalance=20d,min_hold=5d,turnover_penalty=0.01,target_vol=0.18",-0.032600949745115515,-0.2618497239069419
2022-08-23 15:00:00,996566.7386699987,256058.0,740508.7386699987,卖,SZ.300548,长芯博创,21.84,1700,-3433.261330001289,-0.003433261330001325,超时卖/调仓卖,调仓卖出-跌出持有排名,账户级撮合-卖出回款,1,37128.0,119.18087999999999,0.0,0.0,0.0622568093385214,45.0,"mom20@q0.6,hold_q=0.4,buy_top=10,hold_top=20,rebalance=20d,min_hold=5d,turnover_penalty=0.01,target_vol=0.18",-0.032600949745115515,-0.2618497239069419
2022-08-23 15:00:00,996566.7386699987,256058.0,740508.7386699987,卖,SH.601991,大唐发电,3.02,13100,-3433.261330001289,-0.003433261330001325,超时卖/调仓卖,调仓卖出-调仓移出持仓,账户级撮合-卖出回款,1,39562.0,126.99401999999999,0.0,0.0,0.1705426356589148,17.0,"mom20@q0.6,hold_q=0.4,buy_top=10,hold_top=20,rebalance=20d,min_hold=5d,turnover_penalty=0.01,target_vol=0.18",-0.032600949745115515,-0.2618497239069419
2022-08-23 15:00:00,996566.7386699987,256058.0,740508.7386699987,买,SZ.300395,菲利华,64.72,400,-3433.261330001289,-0.003433261330001325,,调仓买入-新进前N、满足动量阈值,账户级撮合-100股整手/现金约束,1,25888.0,70.15647999999999,0.026787681756314644,0.02597718646976889,0.37614288751860503,2.0,"mom20@q0.6,hold_q=0.4,buy_top=10,hold_top=20,rebalance=20d,min_hold=5d,turnover_penalty=0.01,target_vol=0.18",-0.032600949745115515,-0.2618497239069419
2022-08-23 15:00:00,996566.7386699987,256058.0,740508.7386699987,买,SZ.002156,通富微电,19.96,1100,-3433.261330001289,-0.003433261330001325,,调仓买入-新进前N、满足动量阈值,账户级撮合-100股整手/现金约束,1,21956.0,59.50075999999999,0.02307816255150441,0.022031640378949544,0.3477380148548279,3.0,"mom20@q0.6,hold_q=0.4,buy_top=10,hold_top=20,rebalance=20d,min_hold=5d,turnover_penalty=0.01,target_vol=0.18",-0.032600949745115515,-0.2618497239069419
2022-08-23 15:00:00,996566.7386699987,256058.0,740508.7386699987,买,SZ.300620,光库科技,29.79,700,-3433.261330001289,-0.003433261330001325,,调仓买入-新进前N、满足动量阈值,账户级撮合-100股整手/现金约束,1,20853.0,56.51163,0.023216441122151057,0.020924840445538113,0.3455284552845528,4.0,"mom20@q0.6,hold_q=0.4,buy_top=10,hold_top=20,rebalance=20d,min_hold=5d,turnover_penalty=0.01,target_vol=0.18",-0.032600949745115515,-0.2618497239069419
2022-08-23 15:00:00,996566.7386699987,256058.0,740508.7386699987,买,SZ.002384,东山精密,29.18,900,-3433.261330001289,-0.003433261330001325,,调仓买入-新进前N、满足动量阈值,账户级撮合-100股整手/现金约束,1,26262.0,71.17002,0.02879568686137071,0.02635247493313777,0.2900088417329796,7.0,"mom20@q0.6,hold_q=0.4,buy_top=10,hold_top=20,rebalance=20d,min_hold=5d,turnover_penalty=0.01,target_vol=0.18",-0.032600949745115515,-0.2618497239069419
2022-08-23 15:00:00,996566.7386699987,256058.0,740508.7386699987,买,SH.601872,招商轮船,7.32,600,-3433.261330001289,-0.003433261330001325,,调仓买入-权重上调,账户级撮合-100股整手/现金约束,1,4392.0,11.90232,0.02813127244972778,0.027911828601788143,0.15094339622641506,20.0,"mom20@q0.6,hold_q=0.4,buy_top=10,hold_top=20,rebalance=20d,min_hold=5d,turnover_penalty=0.01,target_vol=0.18",-0.032600949745115515,-0.2618497239069419
2022-08-24 15:00:00,985220.5166499987,252194.0,733026.5166499987,买,SZ.002156,通富微电,18.74,100,-14779.483350001276,-0.014779483350001232,,持仓不变,账户级撮合-100股整手/现金约束,1,1873.9999999999998,5.0785399999999985,0.02307816255150441,0.02282534683348347,0.26280323450134757,3.0,"mom20@q0.6,hold_q=0.4,buy_top=10,hold_top=20,rebalance=20d,min_hold=5d,turnover_penalty=0.01,target_vol=0.18",-0.032600949745115515,-0.2618497239069419
2022-08-24 15:00:00,985220.5166499987,252194.0,733026.5166499987,买,SZ.300620,光库科技,28.07,100,-14779.483350001276,-0.014779483350001232,,持仓不变,账户级撮合-100股整手/现金约束,1,2807.0,7.60697,0.023216441122151057,0.022792866795299932,0.24203539823008846,4.0,"mom20@q0.6,hold_q=0.4,buy_top=10,hold_top=20,rebalance=20d,min_hold=5d,turnover_penalty=0.01,target_vol=0.18",-0.032600949745115515,-0.2618497239069419
2022-08-24 15:00:00,985220.5166499987,252194.0,733026.5166499987,买,SZ.002384,东山精密,27.81,100,-14779.483350001276,-0.014779483350001232,,持仓不变,账户级撮合-100股整手/现金约束,1,2781.0,7.536509999999999,0.02879568686137071,0.028227183183883644,0.2007772020725389,6.0,"mom20@q0.6,hold_q=0.4,buy_top=10,hold_top=20,rebalance=20d,min_hold=5d,turnover_penalty=0.01,target_vol=0.18",-0.032600949745115515,-0.2618497239069419
2022-08-25 15:00:00,985394.6413599987,270000.0,715394.6413599987,卖,SH.601872,招商轮船,7.81,200,-14605.358640001272,-0.014605358640001231,超时卖/调仓卖,持仓不变,账户级撮合-卖出回款,1,1562.0,5.0140199999999995,0.02813127244972778,0.0285327307658133,0.24760383386581464,3.0,"mom20@q0.6,hold_q=0.4,buy_top=10,hold_top=20,rebalance=20d,min_hold=5d,turnover_penalty=0.01,target_vol=0.18",-0.032600949745115515,-0.2618497239069419
2022-08-25 15:00:00,985394.6413599987,270000.0,715394.6413599987,买,SH.605117,德业股份,78.38,100,-14605.358640001272,-0.014605358640001231,,持仓不变,账户级撮合-100股整手/现金约束,1,7838.0,21.240979999999997,0.03250258558180198,0.03181669422996794,0.2978970028150356,2.0,"mom20@q0.6,hold_q=0.4,buy_top=10,hold_top=20,rebalance=20d,min_hold=5d,turnover_penalty=0.01,target_vol=0.18",-0.032600949745115515,-0.2618497239069419
2022-08-25 15:00:00,985394.6413599987,270000.0,715394.6413599987,买,SZ.300274,阳光电源,91.27,100,-14605.358640001272,-0.014605358640001231,,持仓不变,账户级撮合-100股整手/现金约束,1,9127.0,24.73417,0.02858393103430771,0.027786836715704012,0.06387690873062124,24.0,"mom20@q0.6,hold_q=0.4,buy_top=10,hold_top=20,rebalance=20d,min_hold=5d,turnover_penalty=0.01,target_vol=0.18",-0.032600949745115515,-0.2618497239069419
2022-08-25 15:00:00,985394.6413599987,270000.0,715394.6413599987,买,SH.600673,东阳光,10.86,200,-14605.358640001272,-0.014605358640001231,,持仓不变,账户级撮合-100股整手/现金约束,1,2172.0,5.886119999999999,0.03003942889866071,0.029756605901094666,-0.0242587601078168,69.0,"mom20@q0.6,hold_q=0.4,buy_top=10,hold_top=20,rebalance=20d,min_hold=5d,turnover_penalty=0.01,target_vol=0.18",-0.032600949745115515,-0.2618497239069419
2022-08-26 15:00:00,974436.9666199987,261142.0,713294.9666199987,买,SH.601872,招商轮船,6.98,300,-25563.033380001318,-0.02556303338000132,,持仓不变,账户级撮合-100股整手/现金约束,1,2094.0,5.674739999999999,0.02813127244972778,0.02793613228203376,0.13128038897893046,10.0,"mom20@q0.6,hold_q=0.4,buy_top=10,hold_top=20,rebalance=20d,min_hold=5d,turnover_penalty=0.01,target_vol=0.18",-0.032600949745115515,-0.2618497239069419
2022-08-30 15:00:00,980099.1292499987,267854.0,712245.1292499987,买,SH.600673,东阳光,10.47,100,-19900.870750001282,-0.019900870750001243,,持仓不变,账户级撮合-100股整手/现金约束,1,1047.0,2.8373699999999995,0.03003942889866071,0.029911260121650636,0.006730769230769207,59.0,"mom20@q0.6,hold_q=0.4,buy_top=10,hold_top=20,rebalance=20d,min_hold=5d,turnover_penalty=0.01,target_vol=0.18",-0.032600949745115515,-0.2618497239069419
2022-08-31 15:00:00,961676.4464599986,254494.0,707182.4464599986,买,SH.601872,招商轮船,6.74,100,-38323.55354000139,-0.03832355354000139,,持仓不变,账户级撮合-100股整手/现金约束,1,674.0,1.8265399999999998,0.02813127244972778,0.02803437694584466,0.12520868113522532,6.0,"mom20@q0.6,hold_q=0.4,buy_top=10,hold_top=20,rebalance=20d,min_hold=5d,turnover_penalty=0.01,target_vol=0.18",-0.032600949745115515,-0.2618497239069419
2022-08-31 15:00:00,961676.4464599986,254494.0,707182.4464599986,买,SH.600150,中国船舶,24.57,100,-38323.55354000139,-0.03832355354000139,,持仓不变,账户级撮合-100股整手/现金约束,1,2457.0,6.6584699999999994,0.03579123640098194,0.03576878702459809,0.11732605729877221,8.0,"mom20@q0.6,hold_q=0.4,buy_top=10,hold_top=20,rebalance=20d,min_hold=5d,turnover_penalty=0.01,target_vol=0.18",-0.032600949745115515,-0.2618497239069419
2022-08-31 15:00:00,961676.4464599986,254494.0,707182.4464599986,买,SH.600673,东阳光,9.59,200,-38323.55354000139,-0.03832355354000139,,持仓不变,账户级撮合-100股整手/现金约束,1,1918.0,5.19778,0.03003942889866071,0.029916506852075326,-0.04291417165668665,75.0,"mom20@q0.6,hold_q=0.4,buy_top=10,hold_top=20,rebalance=20d,min_hold=5d,turnover_penalty=0.01,target_vol=0.18",-0.032600949745115515,-0.2618497239069419
2022-09-01 15:00:00,959210.3570799986,253911.0,705299.3570799986,买,SH.601872,招商轮船,6.26,300,-40789.64292000141,-0.04078964292000142,,持仓不变,账户级撮合-100股整手/现金约束,1,1878.0,5.089379999999999,0.02813127244972778,0.02806266613086104,0.07931034482758625,16.0,"mom20@q0.6,hold_q=0.4,buy_top=10,hold_top=20,rebalance=20d,min_hold=5d,turnover_penalty=0.01,target_vol=0.18",-0.032600949745115515,-0.2618497239069419
2022-09-02 15:00:00,964703.2705799986,258756.0,705947.2705799986,卖,SH.601872,招商轮船,6.5,100,-35296.729420001386,-0.035296729420001394,超时卖/调仓卖,持仓不变,账户级撮合-卖出回款,1,650.0,2.0865,0.02813127244972778,0.02829885710202548,0.11683848797250862,12.0,"mom20@q0.6,hold_q=0.4,buy_top=10,hold_top=20,rebalance=20d,min_hold=5d,turnover_penalty=0.01,target_vol=0.18",-0.032600949745115515,-0.2618497239069419
2022-09-05 15:00:00,971156.5143899986,263626.0,707530.5143899986,卖,SH.601872,招商轮船,6.85,200,-28843.48561000137,-0.028843485610001385,超时卖/调仓卖,持仓不变,账户级撮合-卖出回款,1,1370.0,4.3976999999999995,0.02813127244972778,0.02821378386903006,0.18103448275862077,8.0,"mom20@q0.6,hold_q=0.4,buy_top=10,hold_top=20,rebalance=20d,min_hold=5d,turnover_penalty=0.01,target_vol=0.18",-0.032600949745115515,-0.2618497239069419
2022-09-05 15:00:00,971156.5143899986,263626.0,707530.5143899986,卖,SH.600150,中国船舶,27.01,100,-28843.48561000137,-0.028843485610001385,超时卖/调仓卖,持仓不变,账户级撮合-卖出回款,1,2701.0,8.670209999999999,0.03579123640098194,0.0361558610581479,0.2041908158716006,6.0,"mom20@q0.6,hold_q=0.4,buy_top=10,hold_top=20,rebalance=20d,min_hold=5d,turnover_penalty=0.01,target_vol=0.18",-0.032600949745115515,-0.2618497239069419
2022-09-05 15:00:00,971156.5143899986,263626.0,707530.5143899986,买,SZ.300620,光库科技,24.68,100,-28843.48561000137,-0.028843485610001385,,持仓不变,账户级撮合-100股整手/现金约束,1,2468.0,6.68828,0.023216441122151057,0.022871699536456045,-0.20973422990714063,110.0,"mom20@q0.6,hold_q=0.4,buy_top=10,hold_top=20,rebalance=20d,min_hold=5d,turnover_penalty=0.01,target_vol=0.18",-0.032600949745115515,-0.2618497239069419
2022-09-08 15:00:00,999283.93128,264232.0,735051.93128,买,SH.601991,大唐发电,3.83,16600,-716.0687199999811,-0.0007160687199999627,,调仓买入-新进前N、满足动量阈值,账户级撮合-100股整手/现金约束,2,63578.0,172.29637999999997,0.06385660138569083,0.06362355884034064,0.47307692307692295,1.0,"mom20@q0.6,hold_q=0.4,buy_top=5,hold_top=10,rebalance=20d,min_hold=5d,turnover_penalty=0.01,target_vol=0.18",0.16672406721984,1.3865335159118868
2022-09-08 15:00:00,999283.93128,264232.0,735051.93128,买,SH.600875,东方电气,22.44,2900,-716.0687199999811,-0.0007160687199999627,,调仓买入-新进前N、满足动量阈值,账户级撮合-100股整手/现金约束,2,65076.00000000001,176.35596,0.06587314965771729,0.06512263227993974,0.4338658146964858,2.0,"mom20@q0.6,hold_q=0.4,buy_top=5,hold_top=10,rebalance=20d,min_hold=5d,turnover_penalty=0.01,target_vol=0.18",0.16672406721984,1.3865335159118868
2022-09-08 15:00:00,999283.93128,264232.0,735051.93128,买,SH.601869,长飞光纤,44.15,900,-716.0687199999811,-0.0007160687199999627,,调仓买入-新进前N、满足动量阈值,账户级撮合-100股整手/现金约束,2,39735.0,107.68184999999998,0.043267261640474314,0.0397634733794856,0.36265432098765427,3.0,"mom20@q0.6,hold_q=0.4,buy_top=5,hold_top=10,rebalance=20d,min_hold=5d,turnover_penalty=0.01,target_vol=0.18",0.16672406721984,1.3865335159118868
2022-09-08 15:00:00,999283.93128,264232.0,735051.93128,买,SH.600938,中国海油,11.8,3800,-716.0687199999811,-0.0007160687199999627,,调仓买入-满足动量阈值,账户级撮合-100股整手/现金约束,2,44840.0,121.51639999999999,0.04508004456483153,0.04487213152978821,0.17764471057884235,6.0,"mom20@q0.6,hold_q=0.4,buy_top=5,hold_top=10,rebalance=20d,min_hold=5d,turnover_penalty=0.01,target_vol=0.18",0.16672406721984,1.3865335159118868
2022-09-08 15:00:00,999283.93128,264232.0,735051.93128,买,SH.600487,亨通光电,18.89,2700,-716.0687199999811,-0.0007160687199999627,,调仓买入-满足动量阈值,账户级撮合-100股整手/现金约束,2,51003.0,138.21812999999997,0.05233534264603408,0.05103954782367948,0.17038413878562575,7.0,"mom20@q0.6,hold_q=0.4,buy_top=5,hold_top=10,rebalance=20d,min_hold=5d,turnover_penalty=0.01,target_vol=0.18",0.16672406721984,1.3865335159118868
2022-09-13 15:00:00,997318.46803,268358.0,728960.46803,买,SH.601869,长飞光纤,42.29,100,-2681.531970000011,-0.002681531969999984,,持仓不变,账户级撮合-100股整手/现金约束,2,4229.0,11.460589999999998,0.043267261640474314,0.042403706895687295,0.27610138805069395,3.0,"mom20@q0.6,hold_q=0.4,buy_top=5,hold_top=10,rebalance=20d,min_hold=5d,turnover_penalty=0.01,target_vol=0.18",0.16672406721984,1.3865335159118868
2022-09-13 15:00:00,997318.46803,268358.0,728960.46803,买,SH.600487,亨通光电,18.46,100,-2681.531970000011,-0.002681531969999984,,持仓不变,账户级撮合-100股整手/现金约束,2,1846.0,5.00266,0.05233534264603408,0.05182697569222712,0.1304347826086958,7.0,"mom20@q0.6,hold_q=0.4,buy_top=5,hold_top=10,rebalance=20d,min_hold=5d,turnover_penalty=0.01,target_vol=0.18",0.16672406721984,1.3865335159118868
2022-09-14 15:00:00,996643.4807999999,266837.0,729806.4807999999,卖,SH.600938,中国海油,12.32,100,-3356.519200000097,-0.00335651920000013,超时卖/调仓卖,持仓不变,账户级撮合-卖出回款,2,1232.0,3.9547199999999996,0.04508004456483153,0.045737518860214675,0.19727891156462607,5.0,"mom20@q0.6,hold_q=0.4,buy_top=5,hold_top=10,rebalance=20d,min_hold=5d,turnover_penalty=0.01,target_vol=0.18",0.16672406721984,1.3865335159118868
2022-09-14 15:00:00,996643.4807999999,266837.0,729806.4807999999,买,SH.601991,大唐发电,3.81,100,-3356.519200000097,-0.00335651920000013,,持仓不变,账户级撮合-100股整手/现金约束,2,381.0,1.0325099999999998,0.06385660138569083,0.06384128449716742,0.3321678321678323,2.0,"mom20@q0.6,hold_q=0.4,buy_top=5,hold_top=10,rebalance=20d,min_hold=5d,turnover_penalty=0.01,target_vol=0.18",0.16672406721984,1.3865335159118868
2022-09-15 15:00:00,987743.2207599999,262473.0,725270.2207599999,买,SH.601991,大唐发电,3.7,300,-12256.779240000062,-0.012256779240000015,,持仓不变,账户级撮合-100股整手/现金约束,2,1110.0,3.0080999999999998,0.06385660138569083,0.06368051805164789,0.29824561403508776,2.0,"mom20@q0.6,hold_q=0.4,buy_top=5,hold_top=10,rebalance=20d,min_hold=5d,turnover_penalty=0.01,target_vol=0.18",0.16672406721984,1.3865335159118868
2022-09-15 15:00:00,987743.2207599999,262473.0,725270.2207599999,买,SH.600487,亨通光电,17.07,200,-12256.779240000062,-0.012256779240000015,,持仓不变,账户级撮合-100股整手/现金约束,2,3414.0,9.25194,0.05233534264603408,0.05184545833743861,0.02522522522522541,19.0,"mom20@q0.6,hold_q=0.4,buy_top=5,hold_top=10,rebalance=20d,min_hold=5d,turnover_penalty=0.01,target_vol=0.18",0.16672406721984,1.3865335159118868
2022-09-16 15:00:00,977627.0854,257587.0,720040.0854,买,SH.600875,东方电气,20.84,100,-22372.91460000002,-0.022372914600000016,,持仓不变,账户级撮合-100股整手/现金约束,2,2084.0,5.647639999999999,0.06587314965771729,0.06395076500404005,0.310691823899371,1.0,"mom20@q0.6,hold_q=0.4,buy_top=5,hold_top=10,rebalance=20d,min_hold=5d,turnover_penalty=0.01,target_vol=0.18",0.16672406721984,1.3865335159118868
2022-09-16 15:00:00,977627.0854,257587.0,720040.0854,买,SH.601991,大唐发电,3.48,900,-22372.91460000002,-0.022372914600000016,,持仓不变,账户级撮合-100股整手/现金约束,2,3132.0,8.48772,0.06385660138569083,0.06371754724298885,0.27472527472527464,2.0,"mom20@q0.6,hold_q=0.4,buy_top=5,hold_top=10,rebalance=20d,min_hold=5d,turnover_penalty=0.01,target_vol=0.18",0.16672406721984,1.3865335159118868
2022-09-19 15:00:00,979288.5868299999,262023.0,717265.5868299999,买,SH.600875,东方电气,20.77,100,-20711.413170000073,-0.020711413170000026,,持仓不变,账户级撮合-100股整手/现金约束,2,2077.0,5.62867,0.06587314965771729,0.06574874951665019,0.3005635566687539,1.0,"mom20@q0.6,hold_q=0.4,buy_top=5,hold_top=10,rebalance=20d,min_hold=5d,turnover_penalty=0.01,target_vol=0.18",0.16672406721984,1.3865335159118868
2022-09-19 15:00:00,979288.5868299999,262023.0,717265.5868299999,买,SH.601991,大唐发电,3.45,200,-20711.413170000073,-0.020711413170000026,,持仓不变,账户级撮合-100股整手/现金约束,2,690.0,1.8699,0.06385660138569083,0.06376567728838463,0.1694915254237288,3.0,"mom20@q0.6,hold_q=0.4,buy_top=5,hold_top=10,rebalance=20d,min_hold=5d,turnover_penalty=0.01,target_vol=0.18",0.16672406721984,1.3865335159118868
2022-09-20 15:00:00,981026.7331899999,264447.0,716579.7331899999,买,SH.601991,大唐发电,3.42,200,-18973.26681000006,-0.01897326681000011,,持仓不变,账户级撮合-100股整手/现金约束,2,684.0,1.8536399999999997,0.06385660138569083,0.06379642662385906,0.15932203389830502,3.0,"mom20@q0.6,hold_q=0.4,buy_top=5,hold_top=10,rebalance=20d,min_hold=5d,turnover_penalty=0.01,target_vol=0.18",0.16672406721984,1.3865335159118868
2022-09-21 15:00:00,984949.49903,267676.0,717273.49903,卖,SH.601991,大唐发电,3.48,200,-15050.500970000052,-0.015050500970000047,超时卖/调仓卖,持仓不变,账户级撮合-卖出回款,2,696.0,2.2341599999999997,0.06385660138569083,0.06395048686458744,0.15231788079470188,3.0,"mom20@q0.6,hold_q=0.4,buy_top=5,hold_top=10,rebalance=20d,min_hold=5d,turnover_penalty=0.01,target_vol=0.18",0.16672406721984,1.3865335159118868
2022-09-23 15:00:00,979971.8513199999,261860.0,718111.8513199999,卖,SH.600938,中国海油,12.63,200,-20028.1486800001,-0.020028148680000135,超时卖/调仓卖,持仓不变,账户级撮合-卖出回款,2,2526.0,8.10846,0.04508004456483153,0.04510843851326634,-0.05108940646130722,31.0,"mom20@q0.6,hold_q=0.4,buy_top=5,hold_top=10,rebalance=20d,min_hold=5d,turnover_penalty=0.01,target_vol=0.18",0.16672406721984,1.3865335159118868
2022-09-23 15:00:00,979971.8513199999,261860.0,718111.8513199999,买,SH.601991,大唐发电,3.35,500,-20028.1486800001,-0.020028148680000135,,持仓不变,账户级撮合-100股整手/现金约束,2,1675.0,4.539249999999999,0.06385660138569083,0.06358345896983657,0.15517241379310343,2.0,"mom20@q0.6,hold_q=0.4,buy_top=5,hold_top=10,rebalance=20d,min_hold=5d,turnover_penalty=0.01,target_vol=0.18",0.16672406721984,1.3865335159118868
2022-09-26 15:00:00,981750.0366399998,266637.0,715113.0366399998,卖,SH.600487,亨通光电,18.14,100,-18249.96336000017,-0.018249963360000176,超时卖/调仓卖,持仓不变,账户级撮合-卖出回款,2,1814.0,5.822939999999999,0.05233534264603408,0.05358390428997785,0.14375788146279955,5.0,"mom20@q0.6,hold_q=0.4,buy_top=5,hold_top=10,rebalance=20d,min_hold=5d,turnover_penalty=0.01,target_vol=0.18",0.16672406721984,1.3865335159118868
2022-09-26 15:00:00,981750.0366399998,266637.0,715113.0366399998,买,SH.601991,大唐发电,3.34,100,-18249.96336000017,-0.018249963360000176,,持仓不变,账户级撮合-100股整手/现金约束,2,334.0,0.90514,0.06385660138569083,0.06361904524471423,0.1360544217687074,6.0,"mom20@q0.6,hold_q=0.4,buy_top=5,hold_top=10,rebalance=20d,min_hold=5d,turnover_penalty=0.01,target_vol=0.18",0.16672406721984,1.3865335159118868
2022-09-26 15:00:00,981750.0366399998,266637.0,715113.0366399998,买,SH.600938,中国海油,11.15,400,-18249.96336000017,-0.018249963360000176,,持仓不变,账户级撮合-100股整手/现金约束,2,4460.0,12.086599999999999,0.04508004456483153,0.044293352052041345,-0.09643435980551052,54.0,"mom20@q0.6,hold_q=0.4,buy_top=5,hold_top=10,rebalance=20d,min_hold=5d,turnover_penalty=0.01,target_vol=0.18",0.16672406721984,1.3865335159118868
2022-09-27 15:00:00,986357.7487699997,268826.0,717531.7487699997,卖,SH.600487,亨通光电,19.33,200,-13642.251230000285,-0.01364225123000029,超时卖/调仓卖,持仓不变,账户级撮合-卖出回款,2,3865.9999999999995,12.409859999999998,0.05233534264603408,0.05291285039843081,0.20136730888750765,2.0,"mom20@q0.6,hold_q=0.4,buy_top=5,hold_top=10,rebalance=20d,min_hold=5d,turnover_penalty=0.01,target_vol=0.18",0.16672406721984,1.3865335159118868
2022-09-27 15:00:00,986357.7487699997,268826.0,717531.7487699997,买,SH.601991,大唐发电,3.34,100,-13642.251230000285,-0.01364225123000029,,持仓不变,账户级撮合-100股整手/现金约束,2,334.0,0.90514,0.06385660138569083,0.06366047215455285,0.10231023102310233,6.0,"mom20@q0.6,hold_q=0.4,buy_top=5,hold_top=10,rebalance=20d,min_hold=5d,turnover_penalty=0.01,target_vol=0.18",0.16672406721984,1.3865335159118868
2022-09-27 15:00:00,986357.7487699997,268826.0,717531.7487699997,买,SH.600938,中国海油,10.97,100,-13642.251230000285,-0.01364225123000029,,持仓不变,账户级撮合-100股整手/现金约束,2,1097.0,2.97287,0.04508004456483153,0.04448690148652343,-0.1469673405909797,100.0,"mom20@q0.6,hold_q=0.4,buy_top=5,hold_top=10,rebalance=20d,min_hold=5d,turnover_penalty=0.01,target_vol=0.18",0.16672406721984,1.3865335159118868
2022-09-28 15:00:00,978315.9385699998,264414.0,713901.9385699998,买,SH.601991,大唐发电,3.22,500,-21684.061430000234,-0.021684061430000234,,持仓不变,账户级撮合-100股整手/现金约束,2,1610.0,4.363099999999999,0.06385660138569083,0.06352344631207639,0.1103448275862069,3.0,"mom20@q0.6,hold_q=0.4,buy_top=5,hold_top=10,rebalance=20d,min_hold=5d,turnover_penalty=0.01,target_vol=0.18",0.16672406721984,1.3865335159118868
2022-09-28 15:00:00,978315.9385699998,264414.0,713901.9385699998,买,SH.600875,东方电气,20.1,100,-21684.061430000234,-0.021684061430000234,,持仓不变,账户级撮合-100股整手/现金约束,2,2010.0000000000002,5.4471,0.06587314965771729,0.06574563233020232,0.1074380165289257,5.0,"mom20@q0.6,hold_q=0.4,buy_top=5,hold_top=10,rebalance=20d,min_hold=5d,turnover_penalty=0.01,target_vol=0.18",0.16672406721984,1.3865335159118868
2022-09-30 15:00:00,971211.5228999999,260510.0,710701.5228999999,卖,SH.600938,中国海油,11.46,100,-28788.477100000135,-0.0287884771000001,超时卖/调仓卖,持仓不变,账户级撮合-卖出回款,2,1146.0,3.67866,0.04508004456483153,0.04601881150106771,-0.014617368873602765,24.0,"mom20@q0.6,hold_q=0.4,buy_top=5,hold_top=10,rebalance=20d,min_hold=5d,turnover_penalty=0.01,target_vol=0.18",0.16672406721984,1.3865335159118868
2022-09-30 15:00:00,971211.5228999999,260510.0,710701.5228999999,买,SH.600875,东方电气,19.23,100,-28788.477100000135,-0.0287884771000001,,持仓不变,账户级撮合-100股整手/现金约束,2,1923.0,5.211329999999999,0.06587314965771729,0.06534004025252284,0.08094435075885342,4.0,"mom20@q0.6,hold_q=0.4,buy_top=5,hold_top=10,rebalance=20d,min_hold=5d,turnover_penalty=0.01,target_vol=0.18",0.16672406721984,1.3865335159118868
2022-09-30 15:00:00,971211.5228999999,260510.0,710701.5228999999,买,SH.600487,亨通光电,17.74,100,-28788.477100000135,-0.0287884771000001,,持仓不变,账户级撮合-100股整手/现金约束,2,1773.9999999999998,4.807539999999999,0.05233534264603408,0.05114436848080357,-0.0022497187851520106,16.0,"mom20@q0.6,hold_q=0.4,buy_top=5,hold_top=10,rebalance=20d,min_hold=5d,turnover_penalty=0.01,target_vol=0.18",0.16672406721984,1.3865335159118868
2022-09-30 15:00:00,971211.5228999999,260510.0,710701.5228999999,买,SH.601991,大唐发电,3.17,200,-28788.477100000135,-0.0287884771000001,,持仓不变,账户级撮合-100股整手/现金约束,2,634.0,1.7181399999999998,0.06385660138569083,0.06364730910051686,-0.003144654088050425,17.0,"mom20@q0.6,hold_q=0.4,buy_top=5,hold_top=10,rebalance=20d,min_hold=5d,turnover_penalty=0.01,target_vol=0.18",0.16672406721984,1.3865335159118868
2022-10-10 15:00:00,972509.7161799999,259384.0,713125.7161799999,卖,SH.600938,中国海油,12.16,200,-27490.283820000128,-0.027490283820000183,超时卖/调仓卖,持仓不变,账户级撮合-卖出回款,2,2432.0,7.806719999999999,0.04508004456483153,0.04626380513371912,0.04288164665523153,4.0,"mom20@q0.6,hold_q=0.4,buy_top=5,hold_top=10,rebalance=20d,min_hold=5d,turnover_penalty=0.01,target_vol=0.18",0.16672406721984,1.3865335159118868
2022-10-11 15:00:00,985101.4652999999,267861.0,717240.4652999999,卖,SH.601991,大唐发电,3.44,1200,-14898.534700000077,-0.014898534700000021,超时卖/调仓卖,持仓不变,账户级撮合-卖出回款,2,4128.0,13.250879999999999,0.06385660138569083,0.06390407711029927,-0.03370786516853941,22.0,"mom20@q0.6,hold_q=0.4,buy_top=5,hold_top=10,rebalance=20d,min_hold=5d,turnover_penalty=0.01,target_vol=0.18",0.16672406721984,1.3865335159118868
2022-10-12 15:00:00,993275.1103499999,270956.0,722319.1103499999,卖,SH.601991,大唐发电,3.54,300,-6724.889650000143,-0.0067248896500001765,超时卖/调仓卖,持仓不变,账户级撮合-卖出回款,2,1062.0,3.40902,0.06385660138569083,0.06415141116094918,-0.04582210242587603,27.0,"mom20@q0.6,hold_q=0.4,buy_top=5,hold_top=10,rebalance=20d,min_hold=5d,turnover_penalty=0.01,target_vol=0.18",0.16672406721984,1.3865335159118868
2022-10-12 15:00:00,993275.1103499999,270956.0,722319.1103499999,卖,SH.600875,东方电气,20.75,100,-6724.889650000143,-0.0067248896500001765,超时卖/调仓卖,持仓不变,账户级撮合-卖出回款,2,2075.0,6.660749999999999,0.06587314965771729,0.06684955588648815,-0.011434016198189512,14.0,"mom20@q0.6,hold_q=0.4,buy_top=5,hold_top=10,rebalance=20d,min_hold=5d,turnover_penalty=0.01,target_vol=0.18",0.16672406721984,1.3865335159118868
2022-10-12 15:00:00,993275.1103499999,270956.0,722319.1103499999,卖,SH.600487,亨通光电,19.58,100,-6724.889650000143,-0.0067248896500001765,超时卖/调仓卖,持仓不变,账户级撮合-卖出回款,2,1957.9999999999998,6.285179999999999,0.05233534264603408,0.0532239250225163,0.0337909186906018,4.0,"mom20@q0.6,hold_q=0.4,buy_top=5,hold_top=10,rebalance=20d,min_hold=5d,turnover_penalty=0.01,target_vol=0.18",0.16672406721984,1.3865335159118868
2022-10-13 15:00:00,996054.3343799999,270389.0,725665.3343799999,卖,SH.601991,大唐发电,3.73,900,-3945.6656200001016,-0.003945665620000094,超时卖/调仓卖,持仓不变,账户级撮合-卖出回款,2,3357.0,10.77597,0.06385660138569083,0.06403566331519667,-0.005333333333333301,14.0,"mom20@q0.6,hold_q=0.4,buy_top=5,hold_top=10,rebalance=20d,min_hold=5d,turnover_penalty=0.01,target_vol=0.18",0.16672406721984,1.3865335159118868
2022-10-14 15:00:00,992977.49375,317754.0,675223.49375,卖,SH.601991,大唐发电,3.73,17100,-7022.506249999977,-0.007022506250000005,超时卖/调仓卖,调仓卖出-跌出持有排名,账户级撮合-卖出回款,2,63783.0,204.74343,0.0,0.0,-0.026109660574412552,22.0,"mom20@q0.6,hold_q=0.4,buy_top=5,hold_top=10,rebalance=20d,min_hold=5d,turnover_penalty=0.01,target_vol=0.18",0.16672406721984,1.3865335159118868
2022-10-14 15:00:00,992977.49375,317754.0,675223.49375,卖,SH.600875,东方电气,20.81,3200,-7022.506249999977,-0.007022506250000005,超时卖/调仓卖,调仓卖出-跌破持有阈值、跌出持有排名,账户级撮合-卖出回款,2,66592.0,213.76031999999998,0.0,0.0,-0.07263814616755804,51.0,"mom20@q0.6,hold_q=0.4,buy_top=5,hold_top=10,rebalance=20d,min_hold=5d,turnover_penalty=0.01,target_vol=0.18",0.16672406721984,1.3865335159118868
2022-10-14 15:00:00,992977.49375,317754.0,675223.49375,卖,SH.601869,长飞光纤,40.19,1000,-7022.506249999977,-0.007022506250000005,超时卖/调仓卖,调仓卖出-跌破持有阈值、跌出持有排名,账户级撮合-卖出回款,2,40190.0,129.0099,0.0,0.0,-0.08969422423556062,59.0,"mom20@q0.6,hold_q=0.4,buy_top=5,hold_top=10,rebalance=20d,min_hold=5d,turnover_penalty=0.01,target_vol=0.18",0.16672406721984,1.3865335159118868
2022-10-14 15:00:00,992977.49375,317754.0,675223.49375,卖,SH.600938,中国海油,12.52,3700,-7022.506249999977,-0.007022506250000005,超时卖/调仓卖,调仓卖出-调仓移出持仓,账户级撮合-卖出回款,2,46324.0,148.70004,0.0,0.0,0.0610169491525423,7.0,"mom20@q0.6,hold_q=0.4,buy_top=5,hold_top=10,rebalance=20d,min_hold=5d,turnover_penalty=0.01,target_vol=0.18",0.16672406721984,1.3865335159118868
2022-10-14 15:00:00,992977.49375,317754.0,675223.49375,买,SH.603083,剑桥科技,13.47,3400,-7022.506249999977,-0.007022506250000005,,调仓买入-新进前N、满足动量阈值,账户级撮合-100股整手/现金约束,2,45798.0,124.11258,0.04654543003203028,0.04612189126970331,0.3524096385542168,1.0,"mom20@q0.6,hold_q=0.4,buy_top=5,hold_top=10,rebalance=20d,min_hold=5d,turnover_penalty=0.01,target_vol=0.18",0.16672406721984,1.3865335159118868
2022-10-14 15:00:00,992977.49375,317754.0,675223.49375,买,SZ.002837,英维克,16.38,2700,-7022.506249999977,-0.007022506250000005,,调仓买入-新进前N、满足动量阈值,账户级撮合-100股整手/现金约束,2,44226.0,119.85246,0.04541933987483901,0.04453877381750074,0.18523878437047747,2.0,"mom20@q0.6,hold_q=0.4,buy_top=5,hold_top=10,rebalance=20d,min_hold=5d,turnover_penalty=0.01,target_vol=0.18",0.16672406721984,1.3865335159118868
2022-10-14 15:00:00,992977.49375,317754.0,675223.49375,买,SZ.300274,阳光电源,91.01,600,-7022.506249999977,-0.007022506250000005,,调仓买入-新进前N、满足动量阈值,账户级撮合-100股整手/现金约束,2,54606.0,147.98226,0.05915935772805379,0.05499218294845668,0.09098537520978178,4.0,"mom20@q0.6,hold_q=0.4,buy_top=5,hold_top=10,rebalance=20d,min_hold=5d,turnover_penalty=0.01,target_vol=0.18",0.16672406721984,1.3865335159118868
2022-10-14 15:00:00,992977.49375,317754.0,675223.49375,买,SZ.300124,汇川技术,60.98,1800,-7022.506249999977,-0.007022506250000005,,调仓买入-新进前N、满足动量阈值,账户级撮合-100股整手/现金约束,2,109764.0,297.46043999999995,0.11356232468055866,0.11054026973509136,0.07340256997007555,5.0,"mom20@q0.6,hold_q=0.4,buy_top=5,hold_top=10,rebalance=20d,min_hold=5d,turnover_penalty=0.01,target_vol=0.18",0.16672406721984,1.3865335159118868
2022-10-14 15:00:00,992977.49375,317754.0,675223.49375,买,SH.600487,亨通光电,19.2,600,-7022.506249999977,-0.007022506250000005,,调仓买入-权重上调,账户级撮合-100股整手/现金约束,2,11520.0,31.219199999999997,0.06433952792122043,0.06380809272999698,0.0164107993647431,12.0,"mom20@q0.6,hold_q=0.4,buy_top=5,hold_top=10,rebalance=20d,min_hold=5d,turnover_penalty=0.01,target_vol=0.18",0.16672406721984,1.3865335159118868
2022-10-17 15:00:00,997744.13336,324134.0,673610.13336,买,SZ.002837,英维克,16.09,100,-2255.866640000022,-0.0022558666399999927,,持仓不变,账户级撮合-100股整手/现金约束,2,1609.0,4.36039,0.04541933987483901,0.04515386108889764,0.18833087149187588,2.0,"mom20@q0.6,hold_q=0.4,buy_top=5,hold_top=10,rebalance=20d,min_hold=5d,turnover_penalty=0.01,target_vol=0.18",0.16672406721984,1.3865335159118868
2022-10-19 15:00:00,995658.1172,325754.0,669904.1172,买,SH.603083,剑桥科技,12.32,300,-4341.882800000021,-0.00434188280000003,,持仓不变,账户级撮合-100股整手/现金约束,2,3696.0,10.01616,0.04654543003203028,0.04578278348012849,0.28066528066528074,1.0,"mom20@q0.6,hold_q=0.4,buy_top=5,hold_top=10,rebalance=20d,min_hold=5d,turnover_penalty=0.01,target_vol=0.18",0.16672406721984,1.3865335159118868
2022-10-20 15:00:00,985033.9221099999,316312.0,668721.9221099999,买,SH.603083,剑桥科技,11.79,100,-14966.077890000073,-0.01496607789000004,,持仓不变,账户级撮合-100股整手/现金约束,2,1179.0,3.1950899999999995,0.04654543003203028,0.04548269759485187,0.28291621327529914,2.0,"mom20@q0.6,hold_q=0.4,buy_top=5,hold_top=10,rebalance=20d,min_hold=5d,turnover_penalty=0.01,target_vol=0.18",0.16672406721984,1.3865335159118868
2022-10-21 15:00:00,990236.17502,321794.0,668442.17502,卖,SH.600487,亨通光电,20.31,100,-9763.824980000034,-0.009763824980000058,超时卖/调仓卖,持仓不变,账户级撮合-卖出回款,2,2030.9999999999998,6.519509999999999,0.06433952792122043,0.06563282744006735,0.2249698431845597,3.0,"mom20@q0.6,hold_q=0.4,buy_top=5,hold_top=10,rebalance=20d,min_hold=5d,turnover_penalty=0.01,target_vol=0.18",0.16672406721984,1.3865335159118868
2022-10-21 15:00:00,990236.17502,321794.0,668442.17502,买,SH.603083,剑桥科技,11.49,200,-9763.824980000034,-0.009763824980000058,,持仓不变,账户级撮合-100股整手/现金约束,2,2298.0,6.22758,0.04654543003203028,0.046413170069323856,0.28523489932885915,2.0,"mom20@q0.6,hold_q=0.4,buy_top=5,hold_top=10,rebalance=20d,min_hold=5d,turnover_penalty=0.01,target_vol=0.18",0.16672406721984,1.3865335159118868
2022-10-26 15:00:00,999752.65061,329595.0,670157.65061,卖,SZ.002837,英维克,17.21,100,-247.3493899999885,-0.0002473493900000401,超时卖/调仓卖,持仓不变,账户级撮合-卖出回款,2,1721.0,5.52441,0.04541933987483901,0.04647849642773952,0.47094017094017104,1.0,"mom20@q0.6,hold_q=0.4,buy_top=5,hold_top=10,rebalance=20d,min_hold=5d,turnover_penalty=0.01,target_vol=0.18",0.16672406721984,1.3865335159118868
2022-10-27 15:00:00,991971.52063,325562.0,666409.52063,买,SH.600487,亨通光电,18.69,200,-8028.479369999957,-0.008028479369999952,,持仓不变,账户级撮合-100股整手/现金约束,2,3738.0000000000005,10.12998,0.06433952792122043,0.06406030685199714,0.05355129650507351,22.0,"mom20@q0.6,hold_q=0.4,buy_top=5,hold_top=10,rebalance=20d,min_hold=5d,turnover_penalty=0.01,target_vol=0.18",0.16672406721984,1.3865335159118868
2022-10-28 15:00:00,984485.39063,321084.0,663401.39063,买,SZ.002837,英维克,15.0,200,-15514.609369999962,-0.015514609369999932,,持仓不变,账户级撮合-100股整手/现金约束,2,3000.0,8.129999999999999,0.04541933987483901,0.04418552109967129,0.22549019607843146,2.0,"mom20@q0.6,hold_q=0.4,buy_top=5,hold_top=10,rebalance=20d,min_hold=5d,turnover_penalty=0.01,target_vol=0.18",0.16672406721984,1.3865335159118868
2022-11-01 15:00:00,992036.1891800001,323844.0,668192.1891800001,卖,SZ.300124,汇川技术,66.31,100,-7963.810819999897,-0.007963810819999861,超时卖/调仓卖,持仓不变,账户级撮合-卖出回款,2,6631.0,21.28551,0.11356232468055866,0.11363194329954654,0.16887008637405265,5.0,"mom20@q0.6,hold_q=0.4,buy_top=5,hold_top=10,rebalance=20d,min_hold=5d,turnover_penalty=0.01,target_vol=0.18",0.16672406721984,1.3865335159118868
2022-11-01 15:00:00,992036.1891800001,323844.0,668192.1891800001,买,SH.600487,亨通光电,18.14,100,-7963.810819999897,-0.007963810819999861,,持仓不变,账户级撮合-100股整手/现金约束,2,1814.0,4.915939999999999,0.06433952792122043,0.0639996813548503,-0.06156233833419544,73.0,"mom20@q0.6,hold_q=0.4,buy_top=5,hold_top=10,rebalance=20d,min_hold=5d,turnover_penalty=0.01,target_vol=0.18",0.16672406721984,1.3865335159118868
2022-11-02 15:00:00,995273.4222900001,328845.0,666428.4222900001,买,SH.600487,亨通光电,17.59,100,-4726.577709999867,-0.004726577709999846,,持仓不变,账户级撮合-100股整手/现金约束,2,1759.0,4.766889999999999,0.06433952792122043,0.06362472721747092,-0.06136606189967975,87.0,"mom20@q0.6,hold_q=0.4,buy_top=5,hold_top=10,rebalance=20d,min_hold=5d,turnover_penalty=0.01,target_vol=0.18",0.16672406721984,1.3865335159118868
2022-11-07 15:00:00,986675.4305100001,323574.0,663101.4305100001,买,SH.600487,亨通光电,16.59,200,-13324.569489999907,-0.013324569489999938,,持仓不变,账户级撮合-100股整手/现金约束,2,3318.0,8.991779999999999,0.06433952792122043,0.06389335140068744,-0.06005665722379594,105.0,"mom20@q0.6,hold_q=0.4,buy_top=5,hold_top=10,rebalance=20d,min_hold=5d,turnover_penalty=0.01,target_vol=0.18",0.16672406721984,1.3865335159118868
2022-11-08 15:00:00,988082.8643700001,323253.0,664829.8643700001,卖,SH.600487,亨通光电,17.34,100,-11917.135629999917,-0.011917135629999964,超时卖/调仓卖,持仓不变,账户级撮合-卖出回款,2,1734.0,5.56614,0.06433952792122043,0.06493180108017259,-0.08350951374207194,107.0,"mom20@q0.6,hold_q=0.4,buy_top=5,hold_top=10,rebalance=20d,min_hold=5d,turnover_penalty=0.01,target_vol=0.18",0.16672406721984,1.3865335159118868
2022-11-10 15:00:00,979488.39291,317793.0,661695.39291,买,SZ.002837,英维克,14.79,100,-20511.607089999947,-0.020511607089999995,,持仓不变,账户级撮合-100股整手/现金约束,2,1479.0,4.008089999999999,0.04541933987483901,0.04529915854151109,-0.08703703703703702,102.0,"mom20@q0.6,hold_q=0.4,buy_top=5,hold_top=10,rebalance=20d,min_hold=5d,turnover_penalty=0.01,target_vol=0.18",0.16672406721984,1.3865335159118868
2022-11-10 15:00:00,979488.39291,317793.0,661695.39291,买,SH.600487,亨通光电,16.47,100,-20511.607089999947,-0.020511607089999995,,持仓不变,账户级撮合-100股整手/现金约束,2,1647.0,4.463369999999999,0.06433952792122043,0.0638966224133201,-0.15408320493066252,111.0,"mom20@q0.6,hold_q=0.4,buy_top=5,hold_top=10,rebalance=20d,min_hold=5d,turnover_penalty=0.01,target_vol=0.18",0.16672406721984,1.3865335159118868
2022-11-11 15:00:00,983027.0241699999,253638.0,729389.0241699999,卖,SH.600487,亨通光电,16.59,3800,-16972.975830000127,-0.016972975830000125,超时卖/调仓卖,调仓卖出-跌破持有阈值、跌出持有排名,账户级撮合-卖出回款,2,63042.0,202.36481999999998,0.0,0.0,-0.13593749999999993,111.0,"mom20@q0.6,hold_q=0.4,buy_top=5,hold_top=10,rebalance=20d,min_hold=5d,turnover_penalty=0.01,target_vol=0.18",0.16672406721984,1.3865335159118868
2022-11-11 15:00:00,983027.0241699999,253638.0,729389.0241699999,卖,SH.603083,剑桥科技,11.52,4000,-16972.975830000127,-0.016972975830000125,超时卖/调仓卖,调仓卖出-跌破持有阈值、跌出持有排名,账户级撮合-卖出回款,2,46080.0,147.9168,0.0,0.0,-0.14476614699331858,112.0,"mom20@q0.6,hold_q=0.4,buy_top=5,hold_top=10,rebalance=20d,min_hold=5d,turnover_penalty=0.01,target_vol=0.18",0.16672406721984,1.3865335159118868
2022-11-11 15:00:00,983027.0241699999,253638.0,729389.0241699999,卖,SZ.002837,英维克,14.66,3000,-16972.975830000127,-0.016972975830000125,超时卖/调仓卖,调仓卖出-跌破持有阈值、跌出持有排名,账户级撮合-卖出回款,2,43980.0,141.17579999999998,0.0,0.0,-0.10500610500610497,106.0,"mom20@q0.6,hold_q=0.4,buy_top=5,hold_top=10,rebalance=20d,min_hold=5d,turnover_penalty=0.01,target_vol=0.18",0.16672406721984,1.3865335159118868
2022-11-11 15:00:00,983027.0241699999,253638.0,729389.0241699999,卖,SZ.300274,阳光电源,84.98,600,-16972.975830000127,-0.016972975830000125,超时卖/调仓卖,调仓卖出-跌破持有阈值、跌出持有排名,账户级撮合-卖出回款,2,50988.0,163.67147999999997,0.0,0.0,-0.06625645533457858,99.0,"mom20@q0.6,hold_q=0.4,buy_top=5,hold_top=10,rebalance=20d,min_hold=5d,turnover_penalty=0.01,target_vol=0.18",0.16672406721984,1.3865335159118868
2022-11-11 15:00:00,983027.0241699999,253638.0,729389.0241699999,卖,SZ.300124,汇川技术,69.98,1700,-16972.975830000127,-0.016972975830000125,超时卖/调仓卖,调仓卖出-跌出持有排名,账户级撮合-卖出回款,2,118966.0,381.88086,0.0,0.0,0.1475893735651035,13.0,"mom20@q0.6,hold_q=0.4,buy_top=5,hold_top=10,rebalance=20d,min_hold=5d,turnover_penalty=0.01,target_vol=0.18",0.16672406721984,1.3865335159118868
2022-11-11 15:00:00,983027.0241699999,253638.0,729389.0241699999,买,SH.688008,澜起科技,64.66,900,-16972.975830000127,-0.016972975830000125,,调仓买入-新进前N、满足动量阈值,账户级撮合-100股整手/现金约束,2,58194.0,157.70574,0.06455173342370507,0.05919877945281819,0.40840775430189513,1.0,"mom20@q0.6,hold_q=0.4,buy_top=5,hold_top=10,rebalance=20d,min_hold=5d,turnover_penalty=0.01,target_vol=0.18",0.16672406721984,1.3865335159118868
2022-11-11 15:00:00,983027.0241699999,253638.0,729389.0241699999,买,SZ.301308,江波龙,67.11,600,-16972.975830000127,-0.016972975830000125,,调仓买入-新进前N、满足动量阈值,账户级撮合-100股整手/现金约束,2,40266.0,109.12086,0.04397548607531911,0.04096123403524723,0.3107421874999998,2.0,"mom20@q0.6,hold_q=0.4,buy_top=5,hold_top=10,rebalance=20d,min_hold=5d,turnover_penalty=0.01,target_vol=0.18",0.16672406721984,1.3865335159118868
2022-11-11 15:00:00,983027.0241699999,253638.0,729389.0241699999,买,SH.688012,DR中微公,104.4,400,-16972.975830000127,-0.016972975830000125,,调仓买入-新进前N、满足动量阈值,账户级撮合-100股整手/现金约束,2,41760.0,113.16959999999999,0.05198533387537897,0.04248102948671147,0.27941176470588247,4.0,"mom20@q0.6,hold_q=0.4,buy_top=5,hold_top=10,rebalance=20d,min_hold=5d,turnover_penalty=0.01,target_vol=0.18",0.16672406721984,1.3865335159118868
2022-11-11 15:00:00,983027.0241699999,253638.0,729389.0241699999,买,SZ.002463,沪电股份,10.78,5500,-16972.975830000127,-0.016972975830000125,,调仓买入-新进前N、满足动量阈值,账户级撮合-100股整手/现金约束,2,59290.0,160.67589999999998,0.06101267448740621,0.06031370302363801,0.2362385321100915,5.0,"mom20@q0.6,hold_q=0.4,buy_top=5,hold_top=10,rebalance=20d,min_hold=5d,turnover_penalty=0.01,target_vol=0.18",0.16672406721984,1.3865335159118868
2022-11-11 15:00:00,983027.0241699999,253638.0,729389.0241699999,买,SZ.300058,蓝色光标,3.98,13600,-16972.975830000127,-0.016972975830000125,,调仓买入-满足动量阈值,账户级撮合-100股整手/现金约束,2,54128.0,146.68687999999997,0.05547136056719714,0.05506257576764173,0.19519519519519513,8.0,"mom20@q0.6,hold_q=0.4,buy_top=5,hold_top=10,rebalance=20d,min_hold=5d,turnover_penalty=0.01,target_vol=0.18",0.16672406721984,1.3865335159118868
2022-11-14 15:00:00,982692.0567299998,254771.0,727921.0567299998,买,SZ.002463,沪电股份,10.68,100,-17307.943270000163,-0.01730794327000018,,持仓不变,账户级撮合-100股整手/现金约束,2,1068.0,2.8942799999999997,0.06101267448740621,0.06086138540593962,0.18141592920354,8.0,"mom20@q0.6,hold_q=0.4,buy_top=5,hold_top=10,rebalance=20d,min_hold=5d,turnover_penalty=0.01,target_vol=0.18",0.16672406721984,1.3865335159118868
2022-11-14 15:00:00,982692.0567299998,254771.0,727921.0567299998,买,SZ.300058,蓝色光标,3.96,100,-17307.943270000163,-0.01730794327000018,,持仓不变,账户级撮合-100股整手/现金约束,2,396.0,1.07316,0.05547136056719714,0.05520752877613423,0.16814159292035402,9.0,"mom20@q0.6,hold_q=0.4,buy_top=5,hold_top=10,rebalance=20d,min_hold=5d,turnover_penalty=0.01,target_vol=0.18",0.16672406721984,1.3865335159118868
2022-11-15 15:00:00,998704.7190099999,267263.0,731441.7190099999,卖,SZ.002463,沪电股份,11.45,200,-1295.2809900001157,-0.0012952809900000917,超时卖/调仓卖,持仓不变,账户级撮合-卖出回款,2,2290.0,7.350899999999999,0.06101267448740621,0.061910191093610824,0.26940133037694003,7.0,"mom20@q0.6,hold_q=0.4,buy_top=5,hold_top=10,rebalance=20d,min_hold=5d,turnover_penalty=0.01,target_vol=0.18",0.16672406721984,1.3865335159118868
2022-11-15 15:00:00,998704.7190099999,267263.0,731441.7190099999,卖,SZ.300058,蓝色光标,4.14,300,-1295.2809900001157,-0.0012952809900000917,超时卖/调仓卖,持仓不变,账户级撮合-卖出回款,2,1242.0,3.98682,0.05547136056719714,0.05554795020393262,0.23214285714285698,9.0,"mom20@q0.6,hold_q=0.4,buy_top=5,hold_top=10,rebalance=20d,min_hold=5d,turnover_penalty=0.01,target_vol=0.18",0.16672406721984,1.3865335159118868
2022-11-16 15:00:00,995066.0226099999,262787.0,732279.0226099999,卖,SZ.300058,蓝色光标,4.2,200,-4933.977390000131,-0.004933977390000122,超时卖/调仓卖,持仓不变,账户级撮合-卖出回款,2,840.0,2.6963999999999997,0.05547136056719714,0.05571489603733441,0.2688821752265862,5.0,"mom20@q0.6,hold_q=0.4,buy_top=5,hold_top=10,rebalance=20d,min_hold=5d,turnover_penalty=0.01,target_vol=0.18",0.16672406721984,1.3865335159118868
2022-11-17 15:00:00,1001380.9253299999,279498.0,721882.9253299999,买,SH.688012,DR中微公,103.68,100,1380.9253299998818,0.0013809253299998936,,持仓不变,账户级撮合-100股整手/现金约束,2,10368.0,28.097279999999998,0.05198533387537897,0.05176851155110269,0.04516129032258065,63.0,"mom20@q0.6,hold_q=0.4,buy_top=5,hold_top=10,rebalance=20d,min_hold=5d,turnover_penalty=0.01,target_vol=0.18",0.16672406721984,1.3865335159118868
2022-11-18 15:00:00,996838.8622199999,275020.0,721818.8622199999,卖,SZ.002463,沪电股份,11.67,100,-3161.1377800001064,-0.003161137780000156,超时卖/调仓卖,持仓不变,账户级撮合-卖出回款,2,1167.0,3.7460699999999996,0.06101267448740621,0.062047139556994556,0.29810901001112344,3.0,"mom20@q0.6,hold_q=0.4,buy_top=5,hold_top=10,rebalance=20d,min_hold=5d,turnover_penalty=0.01,target_vol=0.18",0.16672406721984,1.3865335159118868
2022-11-18 15:00:00,996838.8622199999,275020.0,721818.8622199999,买,SZ.300058,蓝色光标,4.08,300,-3161.1377800001064,-0.003161137780000156,,持仓不变,账户级撮合-100股整手/现金约束,2,1224.0,3.3170399999999995,0.05547136056719714,0.05525466761732648,0.25153374233128845,4.0,"mom20@q0.6,hold_q=0.4,buy_top=5,hold_top=10,rebalance=20d,min_hold=5d,turnover_penalty=0.01,target_vol=0.18",0.16672406721984,1.3865335159118868
2022-11-21 15:00:00,993414.5695799999,273184.0,720230.5695799999,买,SZ.300058,蓝色光标,3.96,400,-6585.430420000106,-0.006585430420000149,,持仓不变,账户级撮合-100股整手/现金约束,2,1584.0,4.29264,0.05547136056719714,0.055408891398957175,0.24528301886792447,5.0,"mom20@q0.6,hold_q=0.4,buy_top=5,hold_top=10,rebalance=20d,min_hold=5d,turnover_penalty=0.01,target_vol=0.18",0.16672406721984,1.3865335159118868
2022-11-22 15:00:00,992755.6273099999,272433.0,720322.6273099999,卖,SZ.300058,蓝色光标,4.06,300,-7244.372690000106,-0.0072443726900001115,超时卖/调仓卖,持仓不变,账户级撮合-卖出回款,2,1217.9999999999998,3.909779999999999,0.05547136056719714,0.05561892421563493,0.2848101265822782,2.0,"mom20@q0.6,hold_q=0.4,buy_top=5,hold_top=10,rebalance=20d,min_hold=5d,turnover_penalty=0.01,target_vol=0.18",0.16672406721984,1.3865335159118868
2022-11-22 15:00:00,992755.6273099999,272433.0,720322.6273099999,买,SZ.002463,沪电股份,11.19,100,-7244.372690000106,-0.0072443726900001115,,持仓不变,账户级撮合-100股整手/现金约束,2,1119.0,3.0324899999999997,0.06101267448740621,0.06086694281827652,0.20452099031216364,10.0,"mom20@q0.6,hold_q=0.4,buy_top=5,hold_top=10,rebalance=20d,min_hold=5d,turnover_penalty=0.01,target_vol=0.18",0.16672406721984,1.3865335159118868
2022-11-23 15:00:00,989920.3888699999,271166.0,718754.3888699999,买,SZ.300058,蓝色光标,3.91,400,-10079.611130000092,-0.01007961113000011,,持仓不变,账户级撮合-100股整手/现金约束,2,1564.0,4.23844,0.05547136056719714,0.055297376047063786,0.1884498480243162,6.0,"mom20@q0.6,hold_q=0.4,buy_top=5,hold_top=10,rebalance=20d,min_hold=5d,turnover_penalty=0.01,target_vol=0.18",0.16672406721984,1.3865335159118868
2022-11-24 15:00:00,986797.3075899999,268813.0,717984.3075899999,买,SZ.300058,蓝色光标,3.84,200,-13202.692410000134,-0.01320269241000016,,持仓不变,账户级撮合-100股整手/现金约束,2,768.0,2.0812799999999996,0.05547136056719714,0.055257548415054654,0.14970059880239517,9.0,"mom20@q0.6,hold_q=0.4,buy_top=5,hold_top=10,rebalance=20d,min_hold=5d,turnover_penalty=0.01,target_vol=0.18",0.16672406721984,1.3865335159118868
2022-11-25 15:00:00,983116.2642499999,265888.0,717228.2642499999,买,SZ.300058,蓝色光标,3.77,200,-16883.73575000011,-0.01688373575000013,,持仓不变,账户级撮合-100股整手/现金约束,2,754.0,2.0433399999999997,0.05547136056719714,0.05522032538177491,0.19303797468354422,11.0,"mom20@q0.6,hold_q=0.4,buy_top=5,hold_top=10,rebalance=20d,min_hold=5d,turnover_penalty=0.01,target_vol=0.18",0.16672406721984,1.3865335159118868
2022-11-29 15:00:00,984201.7861299999,266204.0,717997.7861299999,卖,SZ.300058,蓝色光标,3.86,200,-15798.213870000094,-0.015798213870000133,超时卖/调仓卖,持仓不变,账户级撮合-卖出回款,2,772.0,2.4781199999999997,0.05547136056719714,0.055691831464284774,0.1352941176470588,15.0,"mom20@q0.6,hold_q=0.4,buy_top=5,hold_top=10,rebalance=20d,min_hold=5d,turnover_penalty=0.01,target_vol=0.18",0.16672406721984,1.3865335159118868
2022-12-02 15:00:00,980926.8511999999,264015.0,716911.8511999999,买,SZ.002463,沪电股份,10.83,100,-19073.148800000083,-0.019073148800000106,,持仓不变,账户级撮合-100股整手/现金约束,2,1083.0,2.9349299999999996,0.06101267448740621,0.06072318229145444,-0.03130590339892658,71.0,"mom20@q0.6,hold_q=0.4,buy_top=5,hold_top=10,rebalance=20d,min_hold=5d,turnover_penalty=0.01,target_vol=0.18",0.16672406721984,1.3865335159118868
2022-12-05 15:00:00,982691.7665599999,264201.0,718490.7665599999,卖,SZ.300058,蓝色光标,3.96,400,-17308.2334400001,-0.017308233440000098,超时卖/调仓卖,持仓不变,账户级撮合-卖出回款,2,1584.0,5.084639999999999,0.05547136056719714,0.05561051985944707,0.0,58.0,"mom20@q0.6,hold_q=0.4,buy_top=5,hold_top=10,rebalance=20d,min_hold=5d,turnover_penalty=0.01,target_vol=0.18",0.16672406721984,1.3865335159118868
2022-12-06 15:00:00,985968.5931599999,269022.0,716946.5931599999,买,SZ.300058,蓝色光标,3.85,400,-14031.406840000069,-0.014031406840000038,,持仓不变,账户级撮合-100股整手/现金约束,2,1540.0,4.1734,0.05547136056719714,0.055448013637822154,-0.012820512820512775,67.0,"mom20@q0.6,hold_q=0.4,buy_top=5,hold_top=10,rebalance=20d,min_hold=5d,turnover_penalty=0.01,target_vol=0.18",0.16672406721984,1.3865335159118868
2022-12-08 15:00:00,982569.6961899999,267435.0,715134.6961899999,买,SZ.002463,沪电股份,10.53,100,-17430.30381000007,-0.017430303810000103,,持仓不变,账户级撮合-100股整手/现金约束,2,1053.0,2.85363,0.06101267448740621,0.06001406335718839,-0.000948766603415585,72.0,"mom20@q0.6,hold_q=0.4,buy_top=5,hold_top=10,rebalance=20d,min_hold=5d,turnover_penalty=0.01,target_vol=0.18",0.16672406721984,1.3865335159118868
2022-12-08 15:00:00,982569.6961899999,267435.0,715134.6961899999,买,SZ.300058,蓝色光标,3.77,200,-17430.30381000007,-0.017430303810000103,,持仓不变,账户级撮合-100股整手/现金约束,2,754.0,2.0433399999999997,0.05547136056719714,0.055251042455824226,-0.08272506082725073,103.0,"mom20@q0.6,hold_q=0.4,buy_top=5,hold_top=10,rebalance=20d,min_hold=5d,turnover_penalty=0.01,target_vol=0.18",0.16672406721984,1.3865335159118868
2022-12-09 15:00:00,980271.4584799999,352153.0,628118.4584799999,卖,SH.688008,澜起科技,67.32,900,-19728.541520000086,-0.01972854152000003,超时卖/调仓卖,调仓卖出-跌出持有排名,账户级撮合-卖出回款,2,60587.99999999999,194.48747999999995,0.0,0.0,0.04113826167646151,33.0,"mom20@q0.6,hold_q=0.4,buy_top=5,hold_top=10,rebalance=20d,min_hold=5d,turnover_penalty=0.01,target_vol=0.18",0.16672406721984,1.3865335159118868
2022-12-09 15:00:00,980271.4584799999,352153.0,628118.4584799999,卖,SZ.301308,江波龙,67.94,600,-19728.541520000086,-0.01972854152000003,超时卖/调仓卖,调仓卖出-跌出持有排名,账户级撮合-卖出回款,2,40764.0,130.85244,0.0,0.0,0.012367754433020295,52.0,"mom20@q0.6,hold_q=0.4,buy_top=5,hold_top=10,rebalance=20d,min_hold=5d,turnover_penalty=0.01,target_vol=0.18",0.16672406721984,1.3865335159118868
2022-12-09 15:00:00,980271.4584799999,352153.0,628118.4584799999,卖,SH.688012,DR中微公,106.2,500,-19728.541520000086,-0.01972854152000003,超时卖/调仓卖,调仓卖出-跌出持有排名,账户级撮合-卖出回款,2,53100.0,170.451,0.0,0.0,0.01724137931034475,48.0,"mom20@q0.6,hold_q=0.4,buy_top=5,hold_top=10,rebalance=20d,min_hold=5d,turnover_penalty=0.01,target_vol=0.18",0.16672406721984,1.3865335159118868
2022-12-09 15:00:00,980271.4584799999,352153.0,628118.4584799999,卖,SZ.002463,沪电股份,10.6,5600,-19728.541520000086,-0.01972854152000003,超时卖/调仓卖,调仓卖出-跌出持有排名,账户级撮合-卖出回款,2,59360.0,190.54559999999998,0.0,0.0,-0.016697588126159513,77.0,"mom20@q0.6,hold_q=0.4,buy_top=5,hold_top=10,rebalance=20d,min_hold=5d,turnover_penalty=0.01,target_vol=0.18",0.16672406721984,1.3865335159118868
2022-12-09 15:00:00,980271.4584799999,352153.0,628118.4584799999,卖,SZ.300058,蓝色光标,3.69,14400,-19728.541520000086,-0.01972854152000003,超时卖/调仓卖,调仓卖出-跌破持有阈值、跌出持有排名,账户级撮合-卖出回款,2,53136.0,170.56655999999998,0.0,0.0,-0.07286432160804024,98.0,"mom20@q0.6,hold_q=0.4,buy_top=5,hold_top=10,rebalance=20d,min_hold=5d,turnover_penalty=0.01,target_vol=0.18",0.16672406721984,1.3865335159118868
2022-12-09 15:00:00,980271.4584799999,352153.0,628118.4584799999,买,SZ.000858,五 粮 液,166.5,500,-19728.541520000086,-0.01972854152000003,,调仓买入-新进前N、满足动量阈值,账户级撮合-100股整手/现金约束,2,83250.0,225.6075,0.09190164183848461,0.0849254553724197,0.24953095684802995,1.0,"mom20@q0.6,hold_q=0.4,buy_top=5,hold_top=10,rebalance=20d,min_hold=5d,turnover_penalty=0.01,target_vol=0.18",0.16672406721984,1.3865335159118868
2022-12-09 15:00:00,980271.4584799999,352153.0,628118.4584799999,买,SZ.000333,美的集团,44.85,1600,-19728.541520000086,-0.01972854152000003,,调仓买入-新进前N、满足动量阈值,账户级撮合-100股整手/现金约束,2,71760.0,194.46959999999999,0.07443484057871842,0.07320421234264068,0.23963515754560527,2.0,"mom20@q0.6,hold_q=0.4,buy_top=5,hold_top=10,rebalance=20d,min_hold=5d,turnover_penalty=0.01,target_vol=0.18",0.16672406721984,1.3865335159118868
2022-12-09 15:00:00,980271.4584799999,352153.0,628118.4584799999,买,SH.600036,招商银行,30.03,1700,-19728.541520000086,-0.01972854152000003,,调仓买入-新进前N、满足动量阈值,账户级撮合-100股整手/现金约束,2,51051.0,138.34821,0.053764356841996964,0.052078431498106884,0.22471451876019577,3.0,"mom20@q0.6,hold_q=0.4,buy_top=5,hold_top=10,rebalance=20d,min_hold=5d,turnover_penalty=0.01,target_vol=0.18",0.16672406721984,1.3865335159118868
2022-12-09 15:00:00,980271.4584799999,352153.0,628118.4584799999,买,SZ.002080,中材科技,22.71,3600,-19728.541520000086,-0.01972854152000003,,调仓买入-新进前N、满足动量阈值,账户级撮合-100股整手/现金约束,2,81756.0,221.55875999999998,0.08453605113311866,0.08340138774087141,0.22096774193548385,4.0,"mom20@q0.6,hold_q=0.4,buy_top=5,hold_top=10,rebalance=20d,min_hold=5d,turnover_penalty=0.01,target_vol=0.18",0.16672406721984,1.3865335159118868
2022-12-09 15:00:00,980271.4584799999,352153.0,628118.4584799999,买,SH.601318,中国平安,40.21,1600,-19728.541520000086,-0.01972854152000003,,调仓买入-新进前N、满足动量阈值,账户级撮合-100股整手/现金约束,2,64336.0,174.35055999999997,0.06724591360488304,0.06563079996204196,0.22070431086824538,5.0,"mom20@q0.6,hold_q=0.4,buy_top=5,hold_top=10,rebalance=20d,min_hold=5d,turnover_penalty=0.01,target_vol=0.18",0.16672406721984,1.3865335159118868
2022-12-12 15:00:00,971933.4666699999,346032.0,625901.4666699999,买,SZ.002080,中材科技,22.11,100,-28066.533330000122,-0.028066533330000087,,持仓不变,账户级撮合-100股整手/现金约束,2,2211.0,5.991809999999999,0.08453605113311866,0.08416934163228675,0.20424836601307184,5.0,"mom20@q0.6,hold_q=0.4,buy_top=5,hold_top=10,rebalance=20d,min_hold=5d,turnover_penalty=0.01,target_vol=0.18",0.16672406721984,1.3865335159118868
2022-12-19 15:00:00,970022.6266199999,346282.0,623740.6266199999,买,SZ.002080,中材科技,21.55,100,-29977.37338000012,-0.029977373380000172,,持仓不变,账户级撮合-100股整手/现金约束,2,2155.0,5.84005,0.08453605113311866,0.0844207111800495,0.01891252955082745,26.0,"mom20@q0.6,hold_q=0.4,buy_top=5,hold_top=10,rebalance=20d,min_hold=5d,turnover_penalty=0.01,target_vol=0.18",0.16672406721984,1.3865335159118868
2022-12-20 15:00:00,958118.4532799999,338142.0,619976.4532799999,买,SH.601318,中国平安,37.54,100,-41881.5467200001,-0.04188154672000011,,持仓不变,账户级撮合-100股整手/现金约束,2,3754.0,10.17334,0.06724591360488304,0.06660763059257128,0.08559861191440143,7.0,"mom20@q0.6,hold_q=0.4,buy_top=5,hold_top=10,rebalance=20d,min_hold=5d,turnover_penalty=0.01,target_vol=0.18",0.16672406721984,1.3865335159118868
2022-12-22 15:00:00,964530.8381599999,346632.0,617898.8381599999,买,SZ.002080,中材科技,20.72,100,-35469.16184000007,-0.03546916184000004,,持仓不变,账户级撮合-100股整手/现金约束,2,2072.0,5.615119999999999,0.08453605113311866,0.083779591904137,-0.020793950850661713,35.0,"mom20@q0.6,hold_q=0.4,buy_top=5,hold_top=10,rebalance=20d,min_hold=5d,turnover_penalty=0.01,target_vol=0.18",0.16672406721984,1.3865335159118868
2022-12-28 15:00:00,965000.34228,349135.0,615865.34228,买,SZ.002080,中材科技,20.28,100,-34999.65772000002,-0.03499965772000002,,持仓不变,账户级撮合-100股整手/现金约束,2,2028.0,5.49588,0.08453605113311866,0.08406214634943891,-0.0714285714285714,76.0,"mom20@q0.6,hold_q=0.4,buy_top=5,hold_top=10,rebalance=20d,min_hold=5d,turnover_penalty=0.01,target_vol=0.18",0.16672406721984,1.3865335159118868
2023-01-03 15:00:00,968555.59807,350596.0,617959.59807,卖,SZ.002080,中材科技,21.01,100,-31444.40193000005,-0.03144440193000009,超时卖/调仓卖,持仓不变,账户级撮合-卖出回款,2,2101.0,6.74421,0.08453605113311866,0.08459917031430762,-0.09165585819282307,102.0,"mom20@q0.6,hold_q=0.4,buy_top=5,hold_top=10,rebalance=20d,min_hold=5d,turnover_penalty=0.01,target_vol=0.18",0.16672406721984,1.3865335159118868
2023-01-04 15:00:00,976104.3921299999,354044.0,622060.3921299999,卖,SH.601318,中国平安,41.14,100,-23895.607870000065,-0.023895607870000113,超时卖/调仓卖,持仓不变,账户级撮合-卖出回款,2,4114.0,13.205939999999998,0.06724591360488304,0.06743541011670133,0.027215980024968944,11.0,"mom20@q0.6,hold_q=0.4,buy_top=5,hold_top=10,rebalance=20d,min_hold=5d,turnover_penalty=0.01,target_vol=0.18",0.16672406721984,1.3865335159118868
2023-01-09 15:00:00,991333.20027,398835.0,592498.20027,卖,SZ.000333,美的集团,44.66,1600,-8666.79972999997,-0.008666799729999952,超时卖/调仓卖,调仓卖出-跌出持有排名,账户级撮合-卖出回款,2,71456.0,229.37375999999998,0.0,0.0,-0.00423634336677825,41.0,"mom20@q0.6,hold_q=0.4,buy_top=5,hold_top=10,rebalance=20d,min_hold=5d,turnover_penalty=0.01,target_vol=0.18",0.16672406721984,1.3865335159118868
2023-01-09 15:00:00,991333.20027,398835.0,592498.20027,卖,SZ.002080,中材科技,21.82,3900,-8666.79972999997,-0.008666799729999952,超时卖/调仓卖,调仓卖出-跌破持有阈值、跌出持有排名,账户级撮合-卖出回款,2,85098.0,273.16458,0.0,0.0,-0.039189784236019376,79.0,"mom20@q0.6,hold_q=0.4,buy_top=5,hold_top=10,rebalance=20d,min_hold=5d,turnover_penalty=0.01,target_vol=0.18",0.16672406721984,1.3865335159118868
2023-01-09 15:00:00,991333.20027,398835.0,592498.20027,买,SZ.000938,紫光股份,23.19,2600,-8666.79972999997,-0.008666799729999952,,调仓买入-新进前N、满足动量阈值,账户级撮合-100股整手/现金约束,2,60294.0,163.39674,0.06265888606152693,0.06082112450544206,0.1898409440738842,1.0,"mom20@q0.6,hold_q=0.4,buy_top=5,hold_top=10,rebalance=20d,min_hold=5d,turnover_penalty=0.01,target_vol=0.18",0.16672406721984,1.3865335159118868
2023-01-09 15:00:00,991333.20027,398835.0,592498.20027,买,SZ.300757,罗博特科,41.7,900,-8666.79972999997,-0.008666799729999952,,调仓买入-新进前N、满足动量阈值,账户级撮合-100股整手/现金约束,2,37530.0,101.70629999999998,0.038502057839223315,0.03785810864578964,0.09048117154811708,5.0,"mom20@q0.6,hold_q=0.4,buy_top=5,hold_top=10,rebalance=20d,min_hold=5d,turnover_penalty=0.01,target_vol=0.18",0.16672406721984,1.3865335159118868
2023-01-09 15:00:00,991333.20027,398835.0,592498.20027,买,SH.601318,中国平安,43.52,900,-8666.79972999997,-0.008666799729999952,,调仓买入-权重上调,账户级撮合-100股整手/现金约束,2,39168.0,106.14527999999999,0.11251936477659884,0.10975119159770619,0.08231783138522752,9.0,"mom20@q0.6,hold_q=0.4,buy_top=5,hold_top=10,rebalance=20d,min_hold=5d,turnover_penalty=0.01,target_vol=0.18",0.16672406721984,1.3865335159118868
2023-01-09 15:00:00,991333.20027,398835.0,592498.20027,买,SH.600036,招商银行,32.08,1500,-8666.79972999997,-0.008666799729999952,,调仓买入-权重上调,账户级撮合-100股整手/现金约束,2,48120.0,130.40519999999998,0.10682039975749527,0.10355347724865924,0.06826506826506806,14.0,"mom20@q0.6,hold_q=0.4,buy_top=5,hold_top=10,rebalance=20d,min_hold=5d,turnover_penalty=0.01,target_vol=0.18",0.16672406721984,1.3865335159118868
2023-01-10 15:00:00,983725.1815599999,400854.0,582871.1815599999,买,SZ.000938,紫光股份,22.66,100,-16274.818440000061,-0.016274818440000116,,持仓不变,账户级撮合-100股整手/现金约束,2,2266.0,6.140859999999999,0.06265888606152693,0.06219419930165562,0.14041268243583294,2.0,"mom20@q0.6,hold_q=0.4,buy_top=5,hold_top=10,rebalance=20d,min_hold=5d,turnover_penalty=0.01,target_vol=0.18",0.16672406721984,1.3865335159118868
2023-01-10 15:00:00,983725.1815599999,400854.0,582871.1815599999,买,SH.600036,招商银行,31.53,100,-16274.818440000061,-0.016274818440000116,,持仓不变,账户级撮合-100股整手/现金约束,2,3153.0,8.54463,0.10682039975749527,0.10577039395799362,0.08462332301341591,11.0,"mom20@q0.6,hold_q=0.4,buy_top=5,hold_top=10,rebalance=20d,min_hold=5d,turnover_penalty=0.01,target_vol=0.18",0.16672406721984,1.3865335159118868
2023-01-10 15:00:00,983725.1815599999,400854.0,582871.1815599999,买,SH.601318,中国平安,41.82,100,-16274.818440000061,-0.016274818440000116,,持仓不变,账户级撮合-100股整手/现金约束,2,4182.0,11.333219999999999,0.11251936477659884,0.11053086983863913,0.07839092315626606,12.0,"mom20@q0.6,hold_q=0.4,buy_top=5,hold_top=10,rebalance=20d,min_hold=5d,turnover_penalty=0.01,target_vol=0.18",0.16672406721984,1.3865335159118868
2023-01-16 15:00:00,1006526.34781,420291.0,586235.34781,卖,SH.600036,招商银行,33.75,100,6526.347809999948,0.006526347809999944,超时卖/调仓卖,持仓不变,账户级撮合-卖出回款,2,3375.0,10.833749999999998,0.10682039975749527,0.10729972467684169,0.11129404017122146,14.0,"mom20@q0.6,hold_q=0.4,buy_top=5,hold_top=10,rebalance=20d,min_hold=5d,turnover_penalty=0.01,target_vol=0.18",0.16672406721984,1.3865335159118868
2023-01-30 15:00:00,1014228.0133,424473.0,589755.0133,卖,SH.600036,招商银行,35.31,100,14228.013299999991,0.014228013299999898,超时卖/调仓卖,持仓不变,账户级撮合-卖出回款,2,3531.0,11.33451,0.10682039975749527,0.10792543546874245,0.19089376053962903,22.0,"mom20@q0.6,hold_q=0.4,buy_top=5,hold_top=10,rebalance=20d,min_hold=5d,turnover_penalty=0.01,target_vol=0.18",0.16672406721984,1.3865335159118868
2023-02-02 15:00:00,1004827.98629,418413.0,586414.98629,买,SH.600036,招商银行,33.31,100,4827.98629000003,0.00482798629000003,,持仓不变,账户级撮合-100股整手/现金约束,2,3331.0,9.027009999999999,0.10682039975749527,0.10607984794845955,0.08820646847435487,78.0,"mom20@q0.6,hold_q=0.4,buy_top=5,hold_top=10,rebalance=20d,min_hold=5d,turnover_penalty=0.01,target_vol=0.18",0.16672406721984,1.3865335159118868
2023-02-06 15:00:00,986005.36589,406850.0,579155.36589,买,SH.600036,招商银行,31.63,100,-13994.634109999985,-0.013994634110000015,,持仓不变,账户级撮合-100股整手/现金约束,2,3163.0,8.571729999999999,0.10682039975749527,0.10586047866563503,0.03569089718402085,97.0,"mom20@q0.6,hold_q=0.4,buy_top=5,hold_top=10,rebalance=20d,min_hold=5d,turnover_penalty=0.01,target_vol=0.18",0.16672406721984,1.3865335159118868
2023-02-06 15:00:00,986005.36589,406850.0,579155.36589,买,SH.601318,中国平安,40.77,100,-13994.634109999985,-0.013994634110000015,,持仓不变,账户级撮合-100股整手/现金约束,2,4077.0000000000005,11.04867,0.11251936477659884,0.11164138026839153,0.029285533956071808,99.0,"mom20@q0.6,hold_q=0.4,buy_top=5,hold_top=10,rebalance=20d,min_hold=5d,turnover_penalty=0.01,target_vol=0.18",0.16672406721984,1.3865335159118868
2023-02-13 15:00:00,997809.28166,331360.0,666449.28166,卖,SZ.000858,五 粮 液,195.63,500,-2190.7183400000213,-0.002190718340000064,超时卖/调仓卖,调仓卖出-跌出持有排名,账户级撮合-卖出回款,2,97815.0,313.98614999999995,0.0,0.0,0.09223382279046377,58.0,"mom20@q0.6,hold_q=0.4,buy_top=5,hold_top=10,rebalance=20d,min_hold=5d,turnover_penalty=0.01,target_vol=0.18",0.16672406721984,1.3865335159118868
2023-02-13 15:00:00,997809.28166,331360.0,666449.28166,卖,SH.600036,招商银行,31.0,3300,-2190.7183400000213,-0.002190718340000064,超时卖/调仓卖,调仓卖出-跌破持有阈值、跌出持有排名,账户级撮合-卖出回款,2,102300.0,328.383,0.0,0.0,-0.03366583541147128,109.0,"mom20@q0.6,hold_q=0.4,buy_top=5,hold_top=10,rebalance=20d,min_hold=5d,turnover_penalty=0.01,target_vol=0.18",0.16672406721984,1.3865335159118868
2023-02-13 15:00:00,997809.28166,331360.0,666449.28166,卖,SH.601318,中国平安,41.86,2700,-2190.7183400000213,-0.002190718340000064,超时卖/调仓卖,调仓卖出-跌破持有阈值、跌出持有排名,账户级撮合-卖出回款,2,113022.0,362.80062,0.0,0.0,-0.038143382352941235,111.0,"mom20@q0.6,hold_q=0.4,buy_top=5,hold_top=10,rebalance=20d,min_hold=5d,turnover_penalty=0.01,target_vol=0.18",0.16672406721984,1.3865335159118868
2023-02-13 15:00:00,997809.28166,331360.0,666449.28166,卖,SZ.000938,紫光股份,24.99,2700,-2190.7183400000213,-0.002190718340000064,超时卖/调仓卖,调仓卖出-跌出持有排名,账户级撮合-卖出回款,2,67473.0,216.58832999999998,0.0,0.0,0.07761966364812412,66.0,"mom20@q0.6,hold_q=0.4,buy_top=5,hold_top=10,rebalance=20d,min_hold=5d,turnover_penalty=0.01,target_vol=0.18",0.16672406721984,1.3865335159118868
2023-02-13 15:00:00,997809.28166,331360.0,666449.28166,卖,SZ.300757,罗博特科,44.77,900,-2190.7183400000213,-0.002190718340000064,超时卖/调仓卖,调仓卖出-跌出持有排名,账户级撮合-卖出回款,2,40293.0,129.34053,0.0,0.0,0.07362110311750603,68.0,"mom20@q0.6,hold_q=0.4,buy_top=5,hold_top=10,rebalance=20d,min_hold=5d,turnover_penalty=0.01,target_vol=0.18",0.16672406721984,1.3865335159118868
2023-02-13 15:00:00,997809.28166,331360.0,666449.28166,买,SZ.300394,天孚通信,19.43,2800,-2190.7183400000213,-0.002190718340000064,,调仓买入-新进前N、满足动量阈值,账户级撮合-100股整手/现金约束,2,54404.0,147.43483999999998,0.055420657644872376,0.054523445512043224,0.701401050788091,1.0,"mom20@q0.6,hold_q=0.4,buy_top=5,hold_top=10,rebalance=20d,min_hold=5d,turnover_penalty=0.01,target_vol=0.18",0.16672406721984,1.3865335159118868
2023-02-13 15:00:00,997809.28166,331360.0,666449.28166,买,SH.688256,寒武纪,57.72,1300,-2190.7183400000213,-0.002190718340000064,,调仓买入-新进前N、满足动量阈值,账户级撮合-100股整手/现金约束,2,75036.0,203.34756,0.07793894334556012,0.07520074364829195,0.552865213882163,2.0,"mom20@q0.6,hold_q=0.4,buy_top=5,hold_top=10,rebalance=20d,min_hold=5d,turnover_penalty=0.01,target_vol=0.18",0.16672406721984,1.3865335159118868
2023-02-13 15:00:00,997809.28166,331360.0,666449.28166,买,SZ.300476,胜宏科技,16.6,3200,-2190.7183400000213,-0.002190718340000064,,调仓买入-新进前N、满足动量阈值,账户级撮合-100股整手/现金约束,2,53120.00000000001,143.95520000000002,0.054530090678666925,0.053236626453932366,0.5327793167128347,3.0,"mom20@q0.6,hold_q=0.4,buy_top=5,hold_top=10,rebalance=20d,min_hold=5d,turnover_penalty=0.01,target_vol=0.18",0.16672406721984,1.3865335159118868
2023-02-13 15:00:00,997809.28166,331360.0,666449.28166,买,SZ.002281,光迅科技,22.74,3200,-2190.7183400000213,-0.002190718340000064,,调仓买入-新进前N、满足动量阈值,账户级撮合-100股整手/现金约束,2,72768.0,197.20127999999997,0.07376037245800725,0.07292776419050734,0.45675848814862263,4.0,"mom20@q0.6,hold_q=0.4,buy_top=5,hold_top=10,rebalance=20d,min_hold=5d,turnover_penalty=0.01,target_vol=0.18",0.16672406721984,1.3865335159118868
2023-02-13 15:00:00,997809.28166,331360.0,666449.28166,买,SH.603083,剑桥科技,15.84,4800,-2190.7183400000213,-0.002190718340000064,,调仓买入-满足动量阈值,账户级撮合-100股整手/现金约束,2,76032.0,206.04672,0.0776298981396373,0.07619893039430319,0.42190305206463186,6.0,"mom20@q0.6,hold_q=0.4,buy_top=5,hold_top=10,rebalance=20d,min_hold=5d,turnover_penalty=0.01,target_vol=0.18",0.16672406721984,1.3865335159118868
2023-02-14 15:00:00,985499.86178,325496.0,660003.86178,买,SZ.300394,天孚通信,18.22,100,-14500.138219999964,-0.014500138219999958,,持仓不变,账户级撮合-100股整手/现金约束,2,1822.0,4.93762,0.055420657644872376,0.053615431162582335,0.5968448729184925,1.0,"mom20@q0.6,hold_q=0.4,buy_top=5,hold_top=10,rebalance=20d,min_hold=5d,turnover_penalty=0.01,target_vol=0.18",0.16672406721984,1.3865335159118868
2023-02-14 15:00:00,985499.86178,325496.0,660003.86178,买,SZ.300476,胜宏科技,15.37,200,-14500.138219999964,-0.014500138219999958,,持仓不变,账户级撮合-100股整手/现金约束,2,3074.0,8.33054,0.054530090678666925,0.05302689734081963,0.43109869646182486,5.0,"mom20@q0.6,hold_q=0.4,buy_top=5,hold_top=10,rebalance=20d,min_hold=5d,turnover_penalty=0.01,target_vol=0.18",0.16672406721984,1.3865335159118868
2023-02-14 15:00:00,985499.86178,325496.0,660003.86178,买,SH.603083,剑桥科技,15.32,100,-14500.138219999964,-0.014500138219999958,,持仓不变,账户级撮合-100股整手/现金约束,2,1532.0,4.151719999999999,0.0776298981396373,0.07617251195186667,0.39146230699364226,6.0,"mom20@q0.6,hold_q=0.4,buy_top=5,hold_top=10,rebalance=20d,min_hold=5d,turnover_penalty=0.01,target_vol=0.18",0.16672406721984,1.3865335159118868
2023-02-16 15:00:00,973720.8729500001,325923.0,647797.8729500001,买,SZ.300394,天孚通信,17.92,100,-26279.127049999894,-0.026279127049999906,,持仓不变,账户级撮合-100股整手/现金约束,2,1792.0000000000002,4.85632,0.055420657644872376,0.05521089410061414,0.5746924428822495,2.0,"mom20@q0.6,hold_q=0.4,buy_top=5,hold_top=10,rebalance=20d,min_hold=5d,turnover_penalty=0.01,target_vol=0.18",0.16672406721984,1.3865335159118868
2023-02-16 15:00:00,973720.8729500001,325923.0,647797.8729500001,买,SH.688256,寒武纪,53.02,100,-26279.127049999894,-0.026279127049999906,,持仓不变,账户级撮合-100股整手/现金约束,2,5302.0,14.368419999999999,0.07793894334556012,0.07623129180246253,0.45659340659340675,3.0,"mom20@q0.6,hold_q=0.4,buy_top=5,hold_top=10,rebalance=20d,min_hold=5d,turnover_penalty=0.01,target_vol=0.18",0.16672406721984,1.3865335159118868
2023-02-16 15:00:00,973720.8729500001,325923.0,647797.8729500001,买,SZ.002281,光迅科技,21.55,100,-26279.127049999894,-0.026279127049999906,,持仓不变,账户级撮合-100股整手/现金约束,2,2155.0,5.84005,0.07376037245800725,0.07303427704548314,0.3849614395886889,5.0,"mom20@q0.6,hold_q=0.4,buy_top=5,hold_top=10,rebalance=20d,min_hold=5d,turnover_penalty=0.01,target_vol=0.18",0.16672406721984,1.3865335159118868
2023-02-16 15:00:00,973720.8729500001,325923.0,647797.8729500001,买,SH.603083,剑桥科技,14.62,200,-26279.127049999894,-0.026279127049999906,,持仓不变,账户级撮合-100股整手/现金约束,2,2924.0,7.924039999999999,0.0776298981396373,0.07657430591387632,0.31830477908025245,8.0,"mom20@q0.6,hold_q=0.4,buy_top=5,hold_top=10,rebalance=20d,min_hold=5d,turnover_penalty=0.01,target_vol=0.18",0.16672406721984,1.3865335159118868
2023-02-17 15:00:00,966000.9788300002,325194.0,640806.9788300002,买,SZ.300476,胜宏科技,14.55,200,-33999.02116999985,-0.033999021169999866,,持仓不变,账户级撮合-100股整手/现金约束,2,2910.0,7.886099999999999,0.054530090678666925,0.05422354754075047,0.3687676387582315,4.0,"mom20@q0.6,hold_q=0.4,buy_top=5,hold_top=10,rebalance=20d,min_hold=5d,turnover_penalty=0.01,target_vol=0.18",0.16672406721984,1.3865335159118868
2023-02-17 15:00:00,966000.9788300002,325194.0,640806.9788300002,买,SZ.002281,光迅科技,20.31,200,-33999.02116999985,-0.033999021169999866,,持仓不变,账户级撮合-100股整手/现金约束,2,4061.9999999999995,11.008019999999998,0.07376037245800725,0.07358688195750758,0.3027581783194355,6.0,"mom20@q0.6,hold_q=0.4,buy_top=5,hold_top=10,rebalance=20d,min_hold=5d,turnover_penalty=0.01,target_vol=0.18",0.16672406721984,1.3865335159118868
2023-02-20 15:00:00,979021.1016600002,335147.0,643874.1016600002,卖,SZ.300476,胜宏科技,15.28,100,-20978.89833999984,-0.020978898339999885,超时卖/调仓卖,持仓不变,账户级撮合-卖出回款,2,1528.0,4.9048799999999995,0.054530090678666925,0.05462599315716571,0.39798719121683446,4.0,"mom20@q0.6,hold_q=0.4,buy_top=5,hold_top=10,rebalance=20d,min_hold=5d,turnover_penalty=0.01,target_vol=0.18",0.16672406721984,1.3865335159118868
2023-02-20 15:00:00,979021.1016600002,335147.0,643874.1016600002,卖,SH.603083,剑桥科技,15.49,100,-20978.89833999984,-0.020978898339999885,超时卖/调仓卖,持仓不变,账户级撮合-卖出回款,2,1549.0,4.972289999999999,0.0776298981396373,0.07910963294731646,0.36596119929453264,5.0,"mom20@q0.6,hold_q=0.4,buy_top=5,hold_top=10,rebalance=20d,min_hold=5d,turnover_penalty=0.01,target_vol=0.18",0.16672406721984,1.3865335159118868
2023-02-21 15:00:00,980175.1101100001,334751.0,645424.1101100001,卖,SH.603083,剑桥科技,15.55,100,-19824.889889999875,-0.019824889889999864,超时卖/调仓卖,持仓不变,账户级撮合-卖出回款,2,1555.0,4.991549999999999,0.0776298981396373,0.07773610981761107,0.36763412489006164,4.0,"mom20@q0.6,hold_q=0.4,buy_top=5,hold_top=10,rebalance=20d,min_hold=5d,turnover_penalty=0.01,target_vol=0.18",0.16672406721984,1.3865335159118868
2023-02-22 15:00:00,980032.9837400002,333017.0,647015.9837400002,卖,SH.603083,剑桥科技,15.97,100,-19967.01625999983,-0.01996701625999986,超时卖/调仓卖,持仓不变,账户级撮合-卖出回款,2,1597.0,5.12637,0.0776298981396373,0.0782177755971697,0.37672413793103465,4.0,"mom20@q0.6,hold_q=0.4,buy_top=5,hold_top=10,rebalance=20d,min_hold=5d,turnover_penalty=0.01,target_vol=0.18",0.16672406721984,1.3865335159118868
2023-02-23 15:00:00,977382.9919100002,331844.0,645538.9919100002,买,SZ.300476,胜宏科技,14.73,100,-22617.008089999785,-0.02261700808999978,,持仓不变,账户级撮合-100股整手/现金约束,2,1473.0,3.9918299999999998,0.054530090678666925,0.05425508775876361,0.3116651825467498,5.0,"mom20@q0.6,hold_q=0.4,buy_top=5,hold_top=10,rebalance=20d,min_hold=5d,turnover_penalty=0.01,target_vol=0.18",0.16672406721984,1.3865335159118868
2023-02-24 15:00:00,997036.0789300002,344382.0,652654.0789300002,卖,SZ.300394,天孚通信,19.3,100,-2963.9210699998075,-0.0029639210699997642,超时卖/调仓卖,持仓不变,账户级撮合-卖出回款,2,1930.0,6.1953,0.055420657644872376,0.05613638381077034,0.6191275167785235,1.0,"mom20@q0.6,hold_q=0.4,buy_top=5,hold_top=10,rebalance=20d,min_hold=5d,turnover_penalty=0.01,target_vol=0.18",0.16672406721984,1.3865335159118868
2023-02-24 15:00:00,997036.0789300002,344382.0,652654.0789300002,卖,SH.603083,剑桥科技,17.36,300,-2963.9210699998075,-0.0029639210699997642,超时卖/调仓卖,持仓不变,账户级撮合-卖出回款,2,5208.0,16.717679999999998,0.0776298981396373,0.07835222982485937,0.4850299401197604,3.0,"mom20@q0.6,hold_q=0.4,buy_top=5,hold_top=10,rebalance=20d,min_hold=5d,turnover_penalty=0.01,target_vol=0.18",0.16672406721984,1.3865335159118868
2023-02-27 15:00:00,990610.4982500002,337626.0,652984.4982500002,卖,SH.603083,剑桥科技,17.74,100,-9389.501749999821,-0.009389501749999862,超时卖/调仓卖,持仓不变,账户级撮合-卖出回款,2,1773.9999999999998,5.694539999999999,0.0776298981396373,0.07879585380721559,0.423756019261637,3.0,"mom20@q0.6,hold_q=0.4,buy_top=5,hold_top=10,rebalance=20d,min_hold=5d,turnover_penalty=0.01,target_vol=0.18",0.16672406721984,1.3865335159118868
2023-02-27 15:00:00,990610.4982500002,337626.0,652984.4982500002,买,SZ.300476,胜宏科技,14.34,100,-9389.501749999821,-0.009389501749999862,,持仓不变,账户级撮合-100股整手/现金约束,2,1434.0,3.8861399999999997,0.054530090678666925,0.053560910260623706,0.24048442906574397,9.0,"mom20@q0.6,hold_q=0.4,buy_top=5,hold_top=10,rebalance=20d,min_hold=5d,turnover_penalty=0.01,target_vol=0.18",0.16672406721984,1.3865335159118868
2023-02-28 15:00:00,998829.0182800002,340106.0,658723.0182800002,卖,SH.603083,剑桥科技,19.19,300,-1170.981719999807,-0.001170981719999853,超时卖/调仓卖,持仓不变,账户级撮合-卖出回款,2,5757.0,18.479969999999998,0.0776298981396373,0.07877123968172903,0.4957131722525332,2.0,"mom20@q0.6,hold_q=0.4,buy_top=5,hold_top=10,rebalance=20d,min_hold=5d,turnover_penalty=0.01,target_vol=0.18",0.16672406721984,1.3865335159118868
2023-03-01 15:00:00,1016044.6989800002,351012.0,665032.6989800002,卖,SZ.002281,光迅科技,22.12,100,16044.69898000022,0.01604469898000027,超时卖/调仓卖,持仓不变,账户级撮合-卖出回款,2,2212.0,7.1005199999999995,0.07376037245800725,0.07402036551689188,0.2928112215078902,7.0,"mom20@q0.6,hold_q=0.4,buy_top=5,hold_top=10,rebalance=20d,min_hold=5d,turnover_penalty=0.01,target_vol=0.18",0.16672406721984,1.3865335159118868
2023-03-01 15:00:00,1016044.6989800002,351012.0,665032.6989800002,卖,SH.603083,剑桥科技,20.59,200,16044.69898000022,0.01604469898000027,超时卖/调仓卖,持仓不变,账户级撮合-卖出回款,2,4118.0,13.218779999999999,0.0776298981396373,0.07903294026396042,0.5814132104454686,2.0,"mom20@q0.6,hold_q=0.4,buy_top=5,hold_top=10,rebalance=20d,min_hold=5d,turnover_penalty=0.01,target_vol=0.18",0.16672406721984,1.3865335159118868
2023-03-02 15:00:00,1029232.3257900001,355389.0,673843.3257900001,卖,SZ.300394,天孚通信,20.47,100,29232.325790000148,0.029232325790000235,超时卖/调仓卖,持仓不变,账户级撮合-卖出回款,2,2047.0,6.570869999999999,0.055420657644872376,0.05568810711032263,0.5721966205837172,3.0,"mom20@q0.6,hold_q=0.4,buy_top=5,hold_top=10,rebalance=20d,min_hold=5d,turnover_penalty=0.01,target_vol=0.18",0.16672406721984,1.3865335159118868
2023-03-02 15:00:00,1029232.3257900001,355389.0,673843.3257900001,卖,SH.603083,剑桥科技,22.64,300,29232.325790000148,0.029232325790000235,超时卖/调仓卖,持仓不变,账户级撮合-卖出回款,2,6792.0,21.802319999999998,0.0776298981396373,0.07918911790633916,0.7604976671850701,2.0,"mom20@q0.6,hold_q=0.4,buy_top=5,hold_top=10,rebalance=20d,min_hold=5d,turnover_penalty=0.01,target_vol=0.18",0.16672406721984,1.3865335159118868
2023-03-03 15:00:00,1024731.3128600001,348473.0,676258.3128600001,卖,SH.688256,寒武纪,61.89,100,24731.312860000064,0.024731312859999965,超时卖/调仓卖,持仓不变,账户级撮合-卖出回款,2,6189.0,19.86669,0.07793894334556012,0.07851521563779142,0.3247003424657535,4.0,"mom20@q0.6,hold_q=0.4,buy_top=5,hold_top=10,rebalance=20d,min_hold=5d,turnover_penalty=0.01,target_vol=0.18",0.16672406721984,1.3865335159118868
2023-03-03 15:00:00,1024731.3128600001,348473.0,676258.3128600001,买,SZ.300394,天孚通信,18.72,200,24731.312860000064,0.024731312859999965,,持仓不变,账户级撮合-100股整手/现金约束,2,3744.0,10.146239999999999,0.055420657644872376,0.05480461004285973,0.3155305692199577,6.0,"mom20@q0.6,hold_q=0.4,buy_top=5,hold_top=10,rebalance=20d,min_hold=5d,turnover_penalty=0.01,target_vol=0.18",0.16672406721984,1.3865335159118868
2023-03-06 15:00:00,1017704.6787700001,343531.0,674173.6787700001,买,SH.603083,剑桥科技,20.79,100,17704.678770000115,0.01770467877000015,,持仓不变,账户级撮合-100股整手/现金约束,2,2079.0,5.63409,0.0776298981396373,0.07558479547619776,0.575,1.0,"mom20@q0.6,hold_q=0.4,buy_top=5,hold_top=10,rebalance=20d,min_hold=5d,turnover_penalty=0.01,target_vol=0.18",0.16672406721984,1.3865335159118868
2023-03-07 15:00:00,1005389.9932200002,334430.0,670959.9932200002,买,SZ.300476,胜宏科技,14.39,100,5389.993220000179,0.005389993220000111,,持仓不变,账户级撮合-100股整手/现金约束,2,1439.0,3.8996899999999997,0.054530090678666925,0.05438884449691797,0.16423948220064744,11.0,"mom20@q0.6,hold_q=0.4,buy_top=5,hold_top=10,rebalance=20d,min_hold=5d,turnover_penalty=0.01,target_vol=0.18",0.16672406721984,1.3865335159118868
2023-03-07 15:00:00,1005389.9932200002,334430.0,670959.9932200002,买,SZ.300394,天孚通信,17.66,100,5389.993220000179,0.005389993220000111,,持仓不变,账户级撮合-100股整手/现金约束,2,1766.0,4.78586,0.055420657644872376,0.054452501386713564,0.14230271668822758,16.0,"mom20@q0.6,hold_q=0.4,buy_top=5,hold_top=10,rebalance=20d,min_hold=5d,turnover_penalty=0.01,target_vol=0.18",0.16672406721984,1.3865335159118868
2023-03-10 15:00:00,1010955.1748300001,341408.0,669547.1748300001,买,SZ.300476,胜宏科技,14.09,100,10955.174830000149,0.01095517483000008,,持仓不变,账户级撮合-100股整手/现金约束,2,1409.0,3.8183899999999995,0.054530090678666925,0.054355525712839275,-0.09737347853939782,99.0,"mom20@q0.6,hold_q=0.4,buy_top=5,hold_top=10,rebalance=20d,min_hold=5d,turnover_penalty=0.01,target_vol=0.18",0.16672406721984,1.3865335159118868
2023-03-13 15:00:00,1019952.9187800001,285108.0,734844.9187800001,卖,SZ.300394,天孚通信,18.53,3100,19952.918780000065,0.01995291878000005,超时卖/调仓卖,调仓卖出-跌破持有阈值、跌出持有排名,账户级撮合-卖出回款,2,57443.0,184.39202999999998,0.0,0.0,-0.046320123520329326,73.0,"mom20@q0.6,hold_q=0.4,buy_top=5,hold_top=10,rebalance=20d,min_hold=5d,turnover_penalty=0.01,target_vol=0.18",0.16672406721984,1.3865335159118868
2023-03-13 15:00:00,1019952.9187800001,285108.0,734844.9187800001,卖,SH.688256,寒武纪,63.28,400,19952.918780000065,0.01995291878000005,超时卖/调仓卖,调仓卖出-权重下调,账户级撮合-卖出回款,2,25312.0,81.25152,0.04971561170907354,0.05583787148540366,0.09632709632709635,18.0,"mom20@q0.6,hold_q=0.4,buy_top=5,hold_top=10,rebalance=20d,min_hold=5d,turnover_penalty=0.01,target_vol=0.18",0.16672406721984,1.3865335159118868
2023-03-13 15:00:00,1019952.9187800001,285108.0,734844.9187800001,卖,SZ.300476,胜宏科技,14.06,3900,19952.918780000065,0.01995291878000005,超时卖/调仓卖,调仓卖出-跌破持有阈值、跌出持有排名,账户级撮合-卖出回款,2,54834.0,176.01713999999998,0.0,0.0,-0.15301204819277114,111.0,"mom20@q0.6,hold_q=0.4,buy_top=5,hold_top=10,rebalance=20d,min_hold=5d,turnover_penalty=0.01,target_vol=0.18",0.16672406721984,1.3865335159118868
2023-03-13 15:00:00,1019952.9187800001,285108.0,734844.9187800001,卖,SZ.002281,光迅科技,22.47,3400,19952.918780000065,0.01995291878000005,超时卖/调仓卖,调仓卖出-跌出持有排名,账户级撮合-卖出回款,2,76398.0,245.23757999999998,0.0,0.0,-0.01187335092348285,57.0,"mom20@q0.6,hold_q=0.4,buy_top=5,hold_top=10,rebalance=20d,min_hold=5d,turnover_penalty=0.01,target_vol=0.18",0.16672406721984,1.3865335159118868
2023-03-13 15:00:00,1019952.9187800001,285108.0,734844.9187800001,卖,SH.603083,剑桥科技,21.82,1400,19952.918780000065,0.01995291878000005,超时卖/调仓卖,调仓卖出-权重下调,账户级撮合-卖出回款,2,30548.0,98.05908,0.04878516326114079,0.04920423195614672,0.3775252525252526,1.0,"mom20@q0.6,hold_q=0.4,buy_top=5,hold_top=10,rebalance=20d,min_hold=5d,turnover_penalty=0.01,target_vol=0.18",0.16672406721984,1.3865335159118868
2023-03-13 15:00:00,1019952.9187800001,285108.0,734844.9187800001,买,SH.600118,中国卫星,31.5,2400,19952.918780000065,0.01995291878000005,,调仓买入-新进前N、满足动量阈值,账户级撮合-100股整手/现金约束,2,75600.0,204.87599999999998,0.07522044671760998,0.07412106834345618,0.321863197650021,2.0,"mom20@q0.6,hold_q=0.4,buy_top=5,hold_top=10,rebalance=20d,min_hold=5d,turnover_penalty=0.01,target_vol=0.18",0.16672406721984,1.3865335159118868
2023-03-13 15:00:00,1019952.9187800001,285108.0,734844.9187800001,买,SH.603019,中科曙光,33.01,1400,19952.918780000065,0.01995291878000005,,调仓买入-满足动量阈值,账户级撮合-100股整手/现金约束,2,46214.0,125.23993999999999,0.04624228410610174,0.04530993455587942,0.22304557243423484,6.0,"mom20@q0.6,hold_q=0.4,buy_top=5,hold_top=10,rebalance=20d,min_hold=5d,turnover_penalty=0.01,target_vol=0.18",0.16672406721984,1.3865335159118868
2023-03-13 15:00:00,1019952.9187800001,285108.0,734844.9187800001,买,SH.688072,拓荆科技,140.39,400,19952.918780000065,0.01995291878000005,,调仓买入-满足动量阈值,账户级撮合-100股整手/现金约束,2,56155.99999999999,152.18275999999997,0.06065429405208172,0.055057443305491074,0.1761896782841823,9.0,"mom20@q0.6,hold_q=0.4,buy_top=5,hold_top=10,rebalance=20d,min_hold=5d,turnover_penalty=0.01,target_vol=0.18",0.16672406721984,1.3865335159118868
2023-03-14 15:00:00,1032134.5761700001,288178.0,743956.5761700001,卖,SH.688256,寒武纪,68.05,100,32134.57617000013,0.03213457617000004,超时卖/调仓卖,持仓不变,账户级撮合-卖出回款,2,6805.0,21.84405,0.04971561170907354,0.052745059856451636,0.2074166075230659,7.0,"mom20@q0.6,hold_q=0.4,buy_top=5,hold_top=10,rebalance=20d,min_hold=5d,turnover_penalty=0.01,target_vol=0.18",0.16672406721984,1.3865335159118868
2023-03-14 15:00:00,1032134.5761700001,288178.0,743956.5761700001,卖,SH.603083,剑桥科技,23.36,100,32134.57617000013,0.03213457617000004,超时卖/调仓卖,持仓不变,账户级撮合-卖出回款,2,2336.0,7.4985599999999994,0.04878516326114079,0.04979195657866941,0.5248041775456918,1.0,"mom20@q0.6,hold_q=0.4,buy_top=5,hold_top=10,rebalance=20d,min_hold=5d,turnover_penalty=0.01,target_vol=0.18",0.16672406721984,1.3865335159118868
2023-03-15 15:00:00,1025336.0152800002,284547.0,740789.0152800002,买,SH.603019,中科曙光,31.59,100,25336.015280000167,0.02533601528000018,,持仓不变,账户级撮合-100股整手/现金约束,2,3159.0,8.560889999999999,0.04624228410610174,0.04621411839031134,0.0249837767683323,37.0,"mom20@q0.6,hold_q=0.4,buy_top=5,hold_top=10,rebalance=20d,min_hold=5d,turnover_penalty=0.01,target_vol=0.18",0.16672406721984,1.3865335159118868
2023-03-17 15:00:00,1035193.8537800001,286281.0,748912.8537800001,卖,SH.688256,寒武纪,81.5,100,35193.85378000012,0.03519385378000006,超时卖/调仓卖,持仓不变,账户级撮合-卖出回款,2,8150.0,26.161499999999997,0.04971561170907354,0.05511045085100002,0.54707668944571,3.0,"mom20@q0.6,hold_q=0.4,buy_top=5,hold_top=10,rebalance=20d,min_hold=5d,turnover_penalty=0.01,target_vol=0.18",0.16672406721984,1.3865335159118868
2023-03-20 15:00:00,1040972.8222000002,283635.0,757337.8222000002,卖,SH.688256,寒武纪,89.6,100,40972.82220000017,0.04097282220000009,超时卖/调仓卖,持仓不变,账户级撮合-卖出回款,2,8960.0,28.761599999999998,0.04971561170907354,0.05164399958721611,0.6491809313454813,1.0,"mom20@q0.6,hold_q=0.4,buy_top=5,hold_top=10,rebalance=20d,min_hold=5d,turnover_penalty=0.01,target_vol=0.18",0.16672406721984,1.3865335159118868
2023-03-20 15:00:00,1040972.8222000002,283635.0,757337.8222000002,卖,SH.603083,剑桥科技,25.24,100,40972.82220000017,0.04097282220000009,超时卖/调仓卖,持仓不变,账户级撮合-卖出回款,2,2524.0,8.102039999999999,0.04878516326114079,0.050917755843020884,0.629438347320852,3.0,"mom20@q0.6,hold_q=0.4,buy_top=5,hold_top=10,rebalance=20d,min_hold=5d,turnover_penalty=0.01,target_vol=0.18",0.16672406721984,1.3865335159118868
2023-03-20 15:00:00,1040972.8222000002,283635.0,757337.8222000002,买,SH.600118,中国卫星,30.14,100,40972.82220000017,0.04097282220000009,,持仓不变,账户级撮合-100股整手/现金约束,2,3014.0,8.16794,0.07522044671760998,0.07238421445120413,0.28091797705057364,5.0,"mom20@q0.6,hold_q=0.4,buy_top=5,hold_top=10,rebalance=20d,min_hold=5d,turnover_penalty=0.01,target_vol=0.18",0.16672406721984,1.3865335159118868
2023-03-21 15:00:00,1047238.0196500001,290254.0,756984.0196500001,卖,SH.603083,剑桥科技,26.84,100,47238.01965000015,0.047238019650000185,超时卖/调仓卖,持仓不变,账户级撮合-卖出回款,2,2684.0,8.615639999999999,0.04878516326114079,0.05125864320504762,0.7260450160771703,1.0,"mom20@q0.6,hold_q=0.4,buy_top=5,hold_top=10,rebalance=20d,min_hold=5d,turnover_penalty=0.01,target_vol=0.18",0.16672406721984,1.3865335159118868
2023-03-21 15:00:00,1047238.0196500001,290254.0,756984.0196500001,买,SH.600118,中国卫星,30.21,100,47238.01965000015,0.047238019650000185,,持仓不变,账户级撮合-100股整手/现金约束,2,3021.0,8.18691,0.07522044671760998,0.07500300650491189,0.2059880239520957,11.0,"mom20@q0.6,hold_q=0.4,buy_top=5,hold_top=10,rebalance=20d,min_hold=5d,turnover_penalty=0.01,target_vol=0.18",0.16672406721984,1.3865335159118868
2023-03-22 15:00:00,1060087.82297,298741.0,761346.8229700002,卖,SH.688256,寒武纪,106.48,100,60087.822970000096,0.06008782297000015,超时卖/调仓卖,持仓不变,账户级撮合-卖出回款,2,10648.0,34.18008,0.04971561170907354,0.0502222540872509,0.9137311286843999,1.0,"mom20@q0.6,hold_q=0.4,buy_top=5,hold_top=10,rebalance=20d,min_hold=5d,turnover_penalty=0.01,target_vol=0.18",0.16672406721984,1.3865335159118868
2023-03-22 15:00:00,1060087.82297,298741.0,761346.8229700002,卖,SH.603083,剑桥科技,28.04,100,60087.822970000096,0.06008782297000015,超时卖/调仓卖,持仓不变,账户级撮合-卖出回款,2,2804.0,9.00084,0.04878516326114079,0.05025621353779826,0.7557921102066374,3.0,"mom20@q0.6,hold_q=0.4,buy_top=5,hold_top=10,rebalance=20d,min_hold=5d,turnover_penalty=0.01,target_vol=0.18",0.16672406721984,1.3865335159118868
2023-03-22 15:00:00,1060087.82297,298741.0,761346.8229700002,卖,SH.603019,中科曙光,36.53,100,60087.822970000096,0.06008782297000015,超时卖/调仓卖,持仓不变,账户级撮合-卖出回款,2,3653.0,11.72613,0.04624228410610174,0.04824317277479688,0.23662830060934326,12.0,"mom20@q0.6,hold_q=0.4,buy_top=5,hold_top=10,rebalance=20d,min_hold=5d,turnover_penalty=0.01,target_vol=0.18",0.16672406721984,1.3865335159118868
2023-03-22 15:00:00,1060087.82297,298741.0,761346.8229700002,买,SH.688072,拓荆科技,126.53,100,60087.822970000096,0.06008782297000015,,持仓不变,账户级撮合-100股整手/现金约束,2,12653.0,34.289629999999995,0.06065429405208172,0.05967901774661774,-0.0011840858856962955,60.0,"mom20@q0.6,hold_q=0.4,buy_top=5,hold_top=10,rebalance=20d,min_hold=5d,turnover_penalty=0.01,target_vol=0.18",0.16672406721984,1.3865335159118868
2023-03-24 15:00:00,1068252.0884800002,303070.0,765182.0884800002,卖,SH.603083,剑桥科技,29.23,100,68252.08848000015,0.0682520884800002,超时卖/调仓卖,持仓不变,账户级撮合-卖出回款,2,2923.0,9.382829999999998,0.04878516326114079,0.049252419506020974,0.6837557603686637,4.0,"mom20@q0.6,hold_q=0.4,buy_top=5,hold_top=10,rebalance=20d,min_hold=5d,turnover_penalty=0.01,target_vol=0.18",0.16672406721984,1.3865335159118868
2023-03-24 15:00:00,1068252.0884800002,303070.0,765182.0884800002,卖,SH.603019,中科曙光,38.69,100,68252.08848000015,0.0682520884800002,超时卖/调仓卖,持仓不变,账户级撮合-卖出回款,2,3869.0,12.41949,0.04624228410610174,0.047083455808232345,0.25780234070221053,15.0,"mom20@q0.6,hold_q=0.4,buy_top=5,hold_top=10,rebalance=20d,min_hold=5d,turnover_penalty=0.01,target_vol=0.18",0.16672406721984,1.3865335159118868
2023-03-24 15:00:00,1068252.0884800002,303070.0,765182.0884800002,买,SH.600118,中国卫星,29.27,100,68252.08848000015,0.0682520884800002,,持仓不变,账户级撮合-100股整手/现金约束,2,2927.0,7.932169999999999,0.07522044671760998,0.07397972899116835,0.015261879986125715,65.0,"mom20@q0.6,hold_q=0.4,buy_top=5,hold_top=10,rebalance=20d,min_hold=5d,turnover_penalty=0.01,target_vol=0.18",0.16672406721984,1.3865335159118868
2023-03-27 15:00:00,1073896.7458600001,305503.0,768393.7458600001,卖,SH.603083,剑桥科技,32.22,100,73896.74586000014,0.07389674586000017,超时卖/调仓卖,持仓不变,账户级撮合-卖出回款,2,3222.0,10.342619999999998,0.04878516326114079,0.05100490360098426,0.8162344983089065,3.0,"mom20@q0.6,hold_q=0.4,buy_top=5,hold_top=10,rebalance=20d,min_hold=5d,turnover_penalty=0.01,target_vol=0.18",0.16672406721984,1.3865335159118868
2023-03-28 15:00:00,1065667.9827300003,293932.0,771735.9827300002,卖,SH.603083,剑桥科技,33.53,100,65667.98273000028,0.06566798273000019,超时卖/调仓卖,持仓不变,账户级撮合-卖出回款,2,3353.0,10.763129999999999,0.04878516326114079,0.05034213363768888,0.7472642001042209,3.0,"mom20@q0.6,hold_q=0.4,buy_top=5,hold_top=10,rebalance=20d,min_hold=5d,turnover_penalty=0.01,target_vol=0.18",0.16672406721984,1.3865335159118868
2023-03-29 15:00:00,1079074.42809,306502.0,772572.4280900002,卖,SH.603083,剑桥科技,36.95,100,79074.42809000006,0.07907442808999998,超时卖/调仓卖,持仓不变,账户级撮合-卖出回款,2,3695.0000000000005,11.86095,0.04878516326114079,0.051363463499088026,0.7945604662457506,2.0,"mom20@q0.6,hold_q=0.4,buy_top=5,hold_top=10,rebalance=20d,min_hold=5d,turnover_penalty=0.01,target_vol=0.18",0.16672406721984,1.3865335159118868
2023-03-29 15:00:00,1079074.42809,306502.0,772572.4280900002,买,SH.600118,中国卫星,28.39,100,79074.42809000006,0.07907442808999998,,持仓不变,账户级撮合-100股整手/现金约束,2,2839.0,7.693689999999999,0.07522044671760998,0.07366683699539026,-0.05618351063829785,83.0,"mom20@q0.6,hold_q=0.4,buy_top=5,hold_top=10,rebalance=20d,min_hold=5d,turnover_penalty=0.01,target_vol=0.18",0.16672406721984,1.3865335159118868
2023-03-30 15:00:00,1078448.3103400003,302113.0,776335.3103400002,卖,SH.603083,剑桥科技,37.75,100,78448.31034000032,0.07844831034000022,超时卖/调仓卖,持仓不变,账户级撮合-卖出回款,2,3775.0,12.11775,0.04878516326114079,0.049005593956875024,0.6674028268551235,3.0,"mom20@q0.6,hold_q=0.4,buy_top=5,hold_top=10,rebalance=20d,min_hold=5d,turnover_penalty=0.01,target_vol=0.18",0.16672406721984,1.3865335159118868
2023-04-03 15:00:00,1109282.1777400002,318932.0,790350.1777400002,卖,SH.688256,寒武纪,140.6,100,109282.17774000019,0.10928217774000015,超时卖/调仓卖,持仓不变,账户级撮合-卖出回款,2,14060.0,45.1326,0.04971561170907354,0.05069945332988289,1.3347725008302889,1.0,"mom20@q0.6,hold_q=0.4,buy_top=5,hold_top=10,rebalance=20d,min_hold=5d,turnover_penalty=0.01,target_vol=0.18",0.16672406721984,1.3865335159118868
2023-04-04 15:00:00,1113320.80015,318506.0,794814.8001500001,卖,SH.603083,剑桥科技,44.79,100,113320.80015000002,0.11332080015000012,超时卖/调仓卖,持仓不变,账户级撮合-卖出回款,2,4479.0,14.37759,0.04878516326114079,0.0523002893614805,1.1690072639225182,3.0,"mom20@q0.6,hold_q=0.4,buy_top=5,hold_top=10,rebalance=20d,min_hold=5d,turnover_penalty=0.01,target_vol=0.18",0.16672406721984,1.3865335159118868
2023-04-07 15:00:00,1134033.59779,320309.0,813724.59779,卖,SH.603083,剑桥科技,46.26,100,134033.59779000003,0.13403359779000001,超时卖/调仓卖,持仓不变,账户级撮合-卖出回款,2,4626.0,14.849459999999999,0.04878516326114079,0.04895093064983397,1.2283236994219648,3.0,"mom20@q0.6,hold_q=0.4,buy_top=5,hold_top=10,rebalance=20d,min_hold=5d,turnover_penalty=0.01,target_vol=0.18",0.16672406721984,1.3865335159118868
2023-04-07 15:00:00,1134033.59779,320309.0,813724.59779,卖,SH.688072,拓荆科技,172.76,100,134033.59779000003,0.13403359779000001,超时卖/调仓卖,持仓不变,账户级撮合-卖出回款,2,17276.0,55.45596,0.06065429405208172,0.06093646619877011,0.289927574105876,24.0,"mom20@q0.6,hold_q=0.4,buy_top=5,hold_top=10,rebalance=20d,min_hold=5d,turnover_penalty=0.01,target_vol=0.18",0.16672406721984,1.3865335159118868
2023-04-07 15:00:00,1134033.59779,320309.0,813724.59779,买,SH.600118,中国卫星,29.14,100,134033.59779000003,0.13403359779000001,,持仓不变,账户级撮合-100股整手/现金约束,2,2914.0,7.896939999999999,0.07522044671760998,0.0745180743892288,-0.03413987404706664,91.0,"mom20@q0.6,hold_q=0.4,buy_top=5,hold_top=10,rebalance=20d,min_hold=5d,turnover_penalty=0.01,target_vol=0.18",0.16672406721984,1.3865335159118868
2023-04-11 15:00:00,1116266.4903,191339.0,924927.4903,卖,SH.688256,寒武纪,134.23,100,116266.49029999995,0.11626649029999991,超时卖/调仓卖,调仓卖出-权重下调,账户级撮合-卖出回款,2,13422.999999999998,43.08782999999999,0.030593846720816265,0.03607471902984169,1.1212073324905183,3.0,"mom20@q0.6,hold_q=0.4,buy_top=5,hold_top=10,rebalance=20d,min_hold=5d,turnover_penalty=0.01,target_vol=0.18",0.16672406721984,1.3865335159118868
2023-04-11 15:00:00,1116266.4903,191339.0,924927.4903,卖,SH.603083,剑桥科技,45.33,200,116266.49029999995,0.11626649029999991,超时卖/调仓卖,调仓卖出-权重下调,账户级撮合-卖出回款,2,9066.0,29.10186,0.03776636243813279,0.040608582622432235,1.0774518790100824,4.0,"mom20@q0.6,hold_q=0.4,buy_top=5,hold_top=10,rebalance=20d,min_hold=5d,turnover_penalty=0.01,target_vol=0.18",0.16672406721984,1.3865335159118868
2023-04-11 15:00:00,1116266.4903,191339.0,924927.4903,卖,SH.600118,中国卫星,27.99,2900,116266.49029999995,0.11626649029999991,超时卖/调仓卖,调仓卖出-跌破持有阈值、跌出持有排名,账户级撮合-卖出回款,2,81171.0,260.55890999999997,0.0,0.0,-0.11142857142857143,115.0,"mom20@q0.6,hold_q=0.4,buy_top=5,hold_top=10,rebalance=20d,min_hold=5d,turnover_penalty=0.01,target_vol=0.18",0.16672406721984,1.3865335159118868
2023-04-11 15:00:00,1116266.4903,191339.0,924927.4903,卖,SH.603019,中科曙光,40.21,1300,116266.49029999995,0.11626649029999991,超时卖/调仓卖,调仓卖出-跌出持有排名,账户级撮合-卖出回款,2,52273.0,167.79632999999998,0.0,0.0,0.218115722508331,28.0,"mom20@q0.6,hold_q=0.4,buy_top=5,hold_top=10,rebalance=20d,min_hold=5d,turnover_penalty=0.01,target_vol=0.18",0.16672406721984,1.3865335159118868
2023-04-11 15:00:00,1116266.4903,191339.0,924927.4903,卖,SH.688072,拓荆科技,154.99,400,116266.49029999995,0.11626649029999991,超时卖/调仓卖,调仓卖出-跌出持有排名,账户级撮合-卖出回款,2,61996.0,199.00715999999997,0.0,0.0,0.10399601111190271,49.0,"mom20@q0.6,hold_q=0.4,buy_top=5,hold_top=10,rebalance=20d,min_hold=5d,turnover_penalty=0.01,target_vol=0.18",0.16672406721984,1.3865335159118868
2023-04-11 15:00:00,1116266.4903,191339.0,924927.4903,买,SH.688525,佰维存储,94.88,300,116266.49029999995,0.11626649029999991,,调仓买入-新进前N、满足动量阈值,账户级撮合-100股整手/现金约束,2,28464.0,77.13744,0.025956307467854663,0.025499287354178495,1.834777412608306,1.0,"mom20@q0.6,hold_q=0.4,buy_top=5,hold_top=10,rebalance=20d,min_hold=5d,turnover_penalty=0.01,target_vol=0.18",0.16672406721984,1.3865335159118868
2023-04-11 15:00:00,1116266.4903,191339.0,924927.4903,买,SZ.300502,新易盛,36.28,1100,116266.49029999995,0.11626649029999991,,调仓买入-新进前N、满足动量阈值,账户级撮合-100股整手/现金约束,2,39908.0,108.15068,0.03831051570617003,0.03575131955208528,1.3182108626198081,2.0,"mom20@q0.6,hold_q=0.4,buy_top=5,hold_top=10,rebalance=20d,min_hold=5d,turnover_penalty=0.01,target_vol=0.18",0.16672406721984,1.3865335159118868
2023-04-11 15:00:00,1116266.4903,191339.0,924927.4903,买,SZ.300308,中际旭创,46.71,800,116266.49029999995,0.11626649029999991,,调仓买入-新进前N、满足动量阈值,账户级撮合-100股整手/现金约束,2,37368.0,101.26727999999999,0.033624672365554824,0.03347587724321747,1.0659000442282176,5.0,"mom20@q0.6,hold_q=0.4,buy_top=5,hold_top=10,rebalance=20d,min_hold=5d,turnover_penalty=0.01,target_vol=0.18",0.16672406721984,1.3865335159118868
2023-04-12 15:00:00,1116594.11761,186893.0,929701.11761,卖,SH.603083,剑桥科技,47.89,100,116594.11761000007,0.11659411761000005,超时卖/调仓卖,持仓不变,账户级撮合-卖出回款,2,4789.0,15.372689999999999,0.03776636243813279,0.03860041829009005,1.050085616438356,4.0,"mom20@q0.6,hold_q=0.4,buy_top=5,hold_top=10,rebalance=20d,min_hold=5d,turnover_penalty=0.01,target_vol=0.18",0.16672406721984,1.3865335159118868
2023-04-13 15:00:00,1104513.00659,178183.0,926330.00659,买,SZ.300502,新易盛,33.62,100,104513.00658999989,0.10451300658999996,,持仓不变,账户级撮合-100股整手/现金约束,2,3361.9999999999995,9.111019999999998,0.03831051570617003,0.03652650512876746,1.2700877785280213,2.0,"mom20@q0.6,hold_q=0.4,buy_top=5,hold_top=10,rebalance=20d,min_hold=5d,turnover_penalty=0.01,target_vol=0.18",0.16672406721984,1.3865335159118868
2023-04-18 15:00:00,1120747.07992,190403.0,930344.07992,卖,SZ.300502,新易盛,40.27,100,120747.07991999993,0.12074707991999989,超时卖/调仓卖,持仓不变,账户级撮合-卖出回款,2,4027.0000000000005,12.92667,0.03831051570617003,0.03952452858780767,1.5519645120405579,1.0,"mom20@q0.6,hold_q=0.4,buy_top=5,hold_top=10,rebalance=20d,min_hold=5d,turnover_penalty=0.01,target_vol=0.18",0.16672406721984,1.3865335159118868
2023-04-20 15:00:00,1154395.82621,195094.0,959301.8262100001,卖,SH.688256,寒武纪,177.62,100,154395.8262100001,0.15439582621000003,超时卖/调仓卖,持仓不变,账户级撮合-卖出回款,2,17762.0,57.01602,0.030593846720816265,0.030772807033293714,0.668106686701728,6.0,"mom20@q0.6,hold_q=0.4,buy_top=5,hold_top=10,rebalance=20d,min_hold=5d,turnover_penalty=0.01,target_vol=0.18",0.16672406721984,1.3865335159118868
2023-04-20 15:00:00,1154395.82621,195094.0,959301.8262100001,卖,SH.603083,剑桥科技,57.05,100,154395.8262100001,0.15439582621000003,超时卖/调仓卖,持仓不变,账户级撮合-卖出回款,2,5705.0,18.313049999999997,0.03776636243813279,0.03953583247943714,1.0345934379457917,3.0,"mom20@q0.6,hold_q=0.4,buy_top=5,hold_top=10,rebalance=20d,min_hold=5d,turnover_penalty=0.01,target_vol=0.18",0.16672406721984,1.3865335159118868
2023-04-20 15:00:00,1154395.82621,195094.0,959301.8262100001,卖,SZ.300308,中际旭创,55.84,100,154395.8262100001,0.15439582621000003,超时卖/调仓卖,持仓不变,账户级撮合-卖出回款,2,5584.0,17.92464,0.033624672365554824,0.03386013628300261,0.8993197278911567,5.0,"mom20@q0.6,hold_q=0.4,buy_top=5,hold_top=10,rebalance=20d,min_hold=5d,turnover_penalty=0.01,target_vol=0.18",0.16672406721984,1.3865335159118868
2023-04-26 15:00:00,1144808.66858,182750.0,962058.66858,卖,SH.603083,剑桥科技,63.7,100,144808.66858000006,0.14480866858000008,超时卖/调仓卖,持仓不变,账户级撮合-卖出回款,2,6370.0,20.447699999999998,0.03776636243813279,0.038949740007916456,0.8997912317327765,2.0,"mom20@q0.6,hold_q=0.4,buy_top=5,hold_top=10,rebalance=20d,min_hold=5d,turnover_penalty=0.01,target_vol=0.18",0.16672406721984,1.3865335159118868
2023-04-26 15:00:00,1144808.66858,182750.0,962058.66858,买,SZ.300502,新易盛,35.83,100,144808.66858000006,0.14480866858000008,,持仓不变,账户级撮合-100股整手/现金约束,2,3583.0,9.709929999999998,0.03831051570617003,0.037557367602161384,0.6821596244131454,3.0,"mom20@q0.6,hold_q=0.4,buy_top=5,hold_top=10,rebalance=20d,min_hold=5d,turnover_penalty=0.01,target_vol=0.18",0.16672406721984,1.3865335159118868
2023-04-27 15:00:00,1134049.09143,175164.0,958885.09143,买,SZ.300502,新易盛,31.65,100,134049.09143000003,0.1340490914300001,,持仓不变,账户级撮合-100股整手/现金约束,2,3165.0,8.57715,0.03831051570617003,0.036281498138777624,0.3992042440318302,8.0,"mom20@q0.6,hold_q=0.4,buy_top=5,hold_top=10,rebalance=20d,min_hold=5d,turnover_penalty=0.01,target_vol=0.18",0.16672406721984,1.3865335159118868
2023-05-05 15:00:00,1133315.97769,177433.0,955882.9776900001,买,SZ.300502,新易盛,29.94,100,133315.9776900001,0.13331597769000014,,持仓不变,账户级撮合-100股整手/现金约束,2,2994.0,8.11374,0.03831051570617003,0.03698527226752417,0.025342465753424692,39.0,"mom20@q0.6,hold_q=0.4,buy_top=5,hold_top=10,rebalance=20d,min_hold=5d,turnover_penalty=0.01,target_vol=0.18",0.16672406721984,1.3865335159118868
2023-05-11 15:00:00,1119025.7556600003,170255.0,948770.7556600001,买,SH.688525,佰维存储,70.93,100,119025.75566000026,0.11902575566000029,,持仓不变,账户级撮合-100股整手/现金约束,2,7093.000000000001,19.22203,0.025956307467854663,0.02535419748517426,-0.1339438339438339,85.0,"mom20@q0.6,hold_q=0.4,buy_top=5,hold_top=10,rebalance=20d,min_hold=5d,turnover_penalty=0.01,target_vol=0.18",0.16672406721984,1.3865335159118868
2023-05-12 15:00:00,1121344.75882,246195.0,875149.7588200001,卖,SH.688256,寒武纪,130.54,200,121344.7588200001,0.12134475882000006,超时卖/调仓卖,调仓卖出-跌出持有排名,账户级撮合-卖出回款,2,26108.0,83.80668,0.0,0.0,-0.02749012888326008,40.0,"mom20@q0.6,hold_q=0.4,buy_top=5,hold_top=10,rebalance=20d,min_hold=5d,turnover_penalty=0.01,target_vol=0.18",0.16672406721984,1.3865335159118868
2023-05-12 15:00:00,1121344.75882,246195.0,875149.7588200001,卖,SH.688525,佰维存储,66.0,400,121344.7588200001,0.12134475882000006,超时卖/调仓卖,调仓卖出-跌破持有阈值、跌出持有排名,账户级撮合-卖出回款,2,26400.0,84.744,0.0,0.0,-0.30438448566610454,115.0,"mom20@q0.6,hold_q=0.4,buy_top=5,hold_top=10,rebalance=20d,min_hold=5d,turnover_penalty=0.01,target_vol=0.18",0.16672406721984,1.3865335159118868
2023-05-12 15:00:00,1121344.75882,246195.0,875149.7588200001,卖,SZ.300502,新易盛,31.53,1400,121344.7588200001,0.12134475882000006,超时卖/调仓卖,调仓卖出-跌破持有阈值、跌出持有排名,账户级撮合-卖出回款,2,44142.0,141.69582,0.0,0.0,-0.13092613009922827,70.0,"mom20@q0.6,hold_q=0.4,buy_top=5,hold_top=10,rebalance=20d,min_hold=5d,turnover_penalty=0.01,target_vol=0.18",0.16672406721984,1.3865335159118868
2023-05-12 15:00:00,1121344.75882,246195.0,875149.7588200001,卖,SZ.300308,中际旭创,52.12,700,121344.7588200001,0.12134475882000006,超时卖/调仓卖,调仓卖出-调仓移出持仓,账户级撮合-卖出回款,2,36484.0,117.11363999999999,0.0,0.0,0.11582102333547417,10.0,"mom20@q0.6,hold_q=0.4,buy_top=5,hold_top=10,rebalance=20d,min_hold=5d,turnover_penalty=0.01,target_vol=0.18",0.16672406721984,1.3865335159118868
2023-05-12 15:00:00,1121344.75882,246195.0,875149.7588200001,买,SZ.300058,蓝色光标,8.69,3900,121344.7588200001,0.12134475882000006,,调仓买入-新进前N、满足动量阈值,账户级撮合-100股整手/现金约束,2,33891.0,91.84460999999999,0.030407341029050447,0.030223532712333506,0.4339933993399341,1.0,"mom20@q0.6,hold_q=0.4,buy_top=5,hold_top=10,rebalance=20d,min_hold=5d,turnover_penalty=0.01,target_vol=0.18",0.16672406721984,1.3865335159118868
2023-05-12 15:00:00,1121344.75882,246195.0,875149.7588200001,买,SH.601857,中国石油,6.15,10100,121344.7588200001,0.12134475882000006,,调仓买入-新进前N、满足动量阈值,账户级撮合-100股整手/现金约束,2,62115.0,168.33165,0.05588771456950882,0.055393311924304266,0.18042226487524005,3.0,"mom20@q0.6,hold_q=0.4,buy_top=5,hold_top=10,rebalance=20d,min_hold=5d,turnover_penalty=0.01,target_vol=0.18",0.16672406721984,1.3865335159118868
2023-05-12 15:00:00,1121344.75882,246195.0,875149.7588200001,买,SH.601288,农业银行,2.62,28200,121344.7588200001,0.12134475882000006,,调仓买入-新进前N、满足动量阈值,账户级撮合-100股整手/现金约束,2,73884.0,200.22563999999997,0.06614058076678528,0.06588874600684691,0.1541850220264318,5.0,"mom20@q0.6,hold_q=0.4,buy_top=5,hold_top=10,rebalance=20d,min_hold=5d,turnover_penalty=0.01,target_vol=0.18",0.16672406721984,1.3865335159118868
2023-05-12 15:00:00,1121344.75882,246195.0,875149.7588200001,买,SH.603019,中科曙光,44.85,800,121344.7588200001,0.12134475882000006,,调仓买入-满足动量阈值,账户级撮合-100股整手/现金约束,2,35880.0,97.23479999999999,0.033552081991983854,0.03199729585195262,0.11539418055210149,11.0,"mom20@q0.6,hold_q=0.4,buy_top=5,hold_top=10,rebalance=20d,min_hold=5d,turnover_penalty=0.01,target_vol=0.18",0.16672406721984,1.3865335159118868
2023-05-15 15:00:00,1124521.20167,249085.0,875436.2016700001,卖,SZ.300058,蓝色光标,9.03,100,124521.2016700001,0.12452120167000014,超时卖/调仓卖,持仓不变,账户级撮合-卖出回款,2,902.9999999999999,2.8986299999999994,0.030407341029050447,0.030514320182706278,0.4541062801932365,1.0,"mom20@q0.6,hold_q=0.4,buy_top=5,hold_top=10,rebalance=20d,min_hold=5d,turnover_penalty=0.01,target_vol=0.18",0.16672406721984,1.3865335159118868
2023-05-15 15:00:00,1124521.20167,249085.0,875436.2016700001,买,SH.601857,中国石油,6.12,100,124521.2016700001,0.12452120167000014,,持仓不变,账户级撮合-100股整手/现金约束,2,612.0,1.6585199999999998,0.05588771456950882,0.0555116256654793,0.11678832116788307,12.0,"mom20@q0.6,hold_q=0.4,buy_top=5,hold_top=10,rebalance=20d,min_hold=5d,turnover_penalty=0.01,target_vol=0.18",0.16672406721984,1.3865335159118868
2023-05-16 15:00:00,1117267.2713700002,242441.0,874826.2713700001,卖,SH.601288,农业银行,2.66,400,117267.2713700002,0.11726727137000026,超时卖/调仓卖,持仓不变,账户级撮合-卖出回款,2,1064.0,3.41544,0.06614058076678528,0.06618649081998482,0.156521739130435,7.0,"mom20@q0.6,hold_q=0.4,buy_top=5,hold_top=10,rebalance=20d,min_hold=5d,turnover_penalty=0.01,target_vol=0.18",0.16672406721984,1.3865335159118868
2023-05-16 15:00:00,1117267.2713700002,242441.0,874826.2713700001,买,SZ.300058,蓝色光标,8.33,200,117267.2713700002,0.11726727137000026,,持仓不变,账户级撮合-100股整手/现金约束,2,1666.0,4.51486,0.030407341029050447,0.029822765647778086,0.22320117474302514,1.0,"mom20@q0.6,hold_q=0.4,buy_top=5,hold_top=10,rebalance=20d,min_hold=5d,turnover_penalty=0.01,target_vol=0.18",0.16672406721984,1.3865335159118868
2023-05-17 15:00:00,1116170.55593,241609.0,874561.55593,买,SH.601288,农业银行,2.64,100,116170.55593000003,0.11617055593000014,,持仓不变,账户级撮合-100股整手/现金约束,2,264.0,0.71544,0.06614058076678528,0.06598991490026306,0.15283842794759828,7.0,"mom20@q0.6,hold_q=0.4,buy_top=5,hold_top=10,rebalance=20d,min_hold=5d,turnover_penalty=0.01,target_vol=0.18",0.16672406721984,1.3865335159118868
2023-05-18 15:00:00,1128534.2935600001,250786.0,877748.29356,卖,SH.601857,中国石油,6.36,200,128534.29356000014,0.12853429356000023,超时卖/调仓卖,持仓不变,账户级撮合-卖出回款,2,1272.0,4.08312,0.05588771456950882,0.0563562847517656,0.06176961602671116,18.0,"mom20@q0.6,hold_q=0.4,buy_top=5,hold_top=10,rebalance=20d,min_hold=5d,turnover_penalty=0.01,target_vol=0.18",0.16672406721984,1.3865335159118868
2023-05-18 15:00:00,1128534.2935600001,250786.0,877748.29356,卖,SH.601288,农业银行,2.75,700,128534.29356000014,0.12853429356000023,超时卖/调仓卖,持仓不变,账户级撮合-卖出回款,2,1925.0,6.17925,0.06614058076678528,0.06628066194075577,0.1652542372881356,6.0,"mom20@q0.6,hold_q=0.4,buy_top=5,hold_top=10,rebalance=20d,min_hold=5d,turnover_penalty=0.01,target_vol=0.18",0.16672406721984,1.3865335159118868
2023-05-19 15:00:00,1117299.16358,243299.0,874000.16358,买,SZ.300058,蓝色光标,7.72,300,117299.16357999993,0.11729916358000003,,持仓不变,账户级撮合-100股整手/现金约束,2,2316.0,6.2763599999999995,0.030407341029050447,0.029710932471868023,0.2532467532467533,2.0,"mom20@q0.6,hold_q=0.4,buy_top=5,hold_top=10,rebalance=20d,min_hold=5d,turnover_penalty=0.01,target_vol=0.18",0.16672406721984,1.3865335159118868
2023-05-19 15:00:00,1117299.16358,243299.0,874000.16358,买,SH.601288,农业银行,2.68,300,117299.16357999993,0.11729916358000003,,持仓不变,账户级撮合-100股整手/现金约束,2,804.0,2.1788399999999997,0.06614058076678528,0.06596263776288327,0.11203319502074693,6.0,"mom20@q0.6,hold_q=0.4,buy_top=5,hold_top=10,rebalance=20d,min_hold=5d,turnover_penalty=0.01,target_vol=0.18",0.16672406721984,1.3865335159118868
2023-05-19 15:00:00,1117299.16358,243299.0,874000.16358,买,SH.601857,中国石油,6.18,100,117299.16357999993,0.11729916358000003,,持仓不变,账户级撮合-100股整手/现金约束,2,618.0,1.67478,0.05588771456950882,0.05586507359407935,0.04040404040404022,17.0,"mom20@q0.6,hold_q=0.4,buy_top=5,hold_top=10,rebalance=20d,min_hold=5d,turnover_penalty=0.01,target_vol=0.18",0.16672406721984,1.3865335159118868
2023-05-22 15:00:00,1116718.3587500001,244496.0,872222.35875,买,SZ.300058,蓝色光标,7.53,200,116718.35875000013,0.11671835875000003,,持仓不变,账户级撮合-100股整手/现金约束,2,1506.0,4.081259999999999,0.030407341029050447,0.03034337148171291,0.21256038647343,1.0,"mom20@q0.6,hold_q=0.4,buy_top=5,hold_top=10,rebalance=20d,min_hold=5d,turnover_penalty=0.01,target_vol=0.18",0.16672406721984,1.3865335159118868
2023-05-22 15:00:00,1116718.3587500001,244496.0,872222.35875,买,SH.601288,农业银行,2.67,100,116718.35875000013,0.11671835875000003,,持仓不变,账户级撮合-100股整手/现金约束,2,267.0,0.7235699999999999,0.06614058076678528,0.06598978106036263,0.09876543209876543,7.0,"mom20@q0.6,hold_q=0.4,buy_top=5,hold_top=10,rebalance=20d,min_hold=5d,turnover_penalty=0.01,target_vol=0.18",0.16672406721984,1.3865335159118868
2023-05-23 15:00:00,1111762.5133500001,244293.0,867469.51335,买,SH.601288,农业银行,2.56,1100,111762.51335000014,0.1117625133500002,,持仓不变,账户级撮合-100股整手/现金约束,2,2816.0,7.631359999999999,0.06614058076678528,0.06608605625549624,0.05349794238683114,13.0,"mom20@q0.6,hold_q=0.4,buy_top=5,hold_top=10,rebalance=20d,min_hold=5d,turnover_penalty=0.01,target_vol=0.18",0.16672406721984,1.3865335159118868
2023-05-23 15:00:00,1111762.5133500001,244293.0,867469.51335,买,SH.601857,中国石油,6.0,200,111762.51335000014,0.1117625133500002,,持仓不变,账户级撮合-100股整手/现金约束,2,1200.0,3.252,0.05588771456950882,0.05558741121229404,0.005025125628140836,24.0,"mom20@q0.6,hold_q=0.4,buy_top=5,hold_top=10,rebalance=20d,min_hold=5d,turnover_penalty=0.01,target_vol=0.18",0.16672406721984,1.3865335159118868
2023-05-23 15:00:00,1111762.5133500001,244293.0,867469.51335,买,SZ.300058,蓝色光标,7.24,100,111762.51335000014,0.1117625133500002,,持仓不变,账户级撮合-100股整手/现金约束,2,724.0,1.9620399999999998,0.030407341029050447,0.029956037912851792,-0.028187919463087296,37.0,"mom20@q0.6,hold_q=0.4,buy_top=5,hold_top=10,rebalance=20d,min_hold=5d,turnover_penalty=0.01,target_vol=0.18",0.16672406721984,1.3865335159118868
2023-05-24 15:00:00,1110321.6381100002,246506.0,863815.63811,买,SH.601288,农业银行,2.47,1000,110321.63811000017,0.11032163811000006,,持仓不变,账户级撮合-100股整手/现金约束,2,2470.0,6.6937,0.06614058076678528,0.06607004446465835,0.03347280334728042,21.0,"mom20@q0.6,hold_q=0.4,buy_top=5,hold_top=10,rebalance=20d,min_hold=5d,turnover_penalty=0.01,target_vol=0.18",0.16672406721984,1.3865335159118868
2023-05-24 15:00:00,1110321.6381100002,246506.0,863815.63811,买,SH.601857,中国石油,5.87,200,110321.63811000017,0.11032163811000006,,持仓不变,账户级撮合-100股整手/现金约束,2,1174.0,3.1815399999999996,0.05588771456950882,0.05551094195094285,-0.011784511784511786,43.0,"mom20@q0.6,hold_q=0.4,buy_top=5,hold_top=10,rebalance=20d,min_hold=5d,turnover_penalty=0.01,target_vol=0.18",0.16672406721984,1.3865335159118868
2023-05-25 15:00:00,1116419.07973,247513.0,868906.0797300001,卖,SH.603083,剑桥科技,67.48,100,116419.07973000011,0.11641907973000021,超时卖/调仓卖,持仓不变,账户级撮合-卖出回款,2,6748.0,21.66108,0.03571052444007183,0.036265951321605684,0.13430828710707687,6.0,"mom20@q0.6,hold_q=0.4,buy_top=5,hold_top=10,rebalance=20d,min_hold=5d,turnover_penalty=0.01,target_vol=0.18",0.16672406721984,1.3865335159118868
2023-05-25 15:00:00,1116419.07973,247513.0,868906.0797300001,卖,SH.601288,农业银行,2.5,100,116419.07973000011,0.11641907973000021,超时卖/调仓卖,持仓不变,账户级撮合-卖出回款,2,250.0,0.8025,0.06614058076678528,0.06628335303790804,0.03305785123966953,25.0,"mom20@q0.6,hold_q=0.4,buy_top=5,hold_top=10,rebalance=20d,min_hold=5d,turnover_penalty=0.01,target_vol=0.18",0.16672406721984,1.3865335159118868
2023-05-25 15:00:00,1116419.07973,247513.0,868906.0797300001,买,SH.601857,中国石油,5.81,200,116419.07973000011,0.11641907973000021,,持仓不变,账户级撮合-100股整手/现金约束,2,1162.0,3.1490199999999997,0.05588771456950882,0.055684286598751735,-0.02680067001675046,48.0,"mom20@q0.6,hold_q=0.4,buy_top=5,hold_top=10,rebalance=20d,min_hold=5d,turnover_penalty=0.01,target_vol=0.18",0.16672406721984,1.3865335159118868
2023-05-25 15:00:00,1116419.07973,247513.0,868906.0797300001,买,SZ.300058,蓝色光标,7.18,100,116419.07973000011,0.11641907973000021,,持仓不变,账户级撮合-100股整手/现金约束,2,718.0,1.9457799999999998,0.030407341029050447,0.030227000427260065,-0.08301404853128991,79.0,"mom20@q0.6,hold_q=0.4,buy_top=5,hold_top=10,rebalance=20d,min_hold=5d,turnover_penalty=0.01,target_vol=0.18",0.16672406721984,1.3865335159118868
2023-05-26 15:00:00,1122589.40997,252985.0,869604.40997,卖,SH.601288,农业银行,2.56,500,122589.40996999992,0.12258940997000001,超时卖/调仓卖,持仓不变,账户级撮合-卖出回款,2,1280.0,4.1088,0.06614058076678528,0.06636086118253229,0.032258064516129004,35.0,"mom20@q0.6,hold_q=0.4,buy_top=5,hold_top=10,rebalance=20d,min_hold=5d,turnover_penalty=0.01,target_vol=0.18",0.16672406721984,1.3865335159118868
2023-05-26 15:00:00,1122589.40997,252985.0,869604.40997,买,SH.601857,中国石油,5.76,100,122589.40996999992,0.12258940997000001,,持仓不变,账户级撮合-100股整手/现金约束,2,576.0,1.56096,0.05588771456950882,0.05541473975036202,-0.08133971291866027,86.0,"mom20@q0.6,hold_q=0.4,buy_top=5,hold_top=10,rebalance=20d,min_hold=5d,turnover_penalty=0.01,target_vol=0.18",0.16672406721984,1.3865335159118868
2023-05-29 15:00:00,1129461.7151000001,253431.0,876030.7151,卖,SZ.300058,蓝色光标,7.48,100,129461.71510000015,0.12946171510000015,超时卖/调仓卖,持仓不变,账户级撮合-卖出回款,2,748.0,2.40108,0.030407341029050447,0.030464069334969524,-0.03732303732303721,72.0,"mom20@q0.6,hold_q=0.4,buy_top=5,hold_top=10,rebalance=20d,min_hold=5d,turnover_penalty=0.01,target_vol=0.18",0.16672406721984,1.3865335159118868
2023-05-29 15:00:00,1129461.7151000001,253431.0,876030.7151,卖,SH.601857,中国石油,6.27,700,129461.71510000015,0.12946171510000015,超时卖/调仓卖,持仓不变,账户级撮合-卖出回款,2,4389.0,14.08869,0.05588771456950882,0.05606830152219294,0.012924071082390798,42.0,"mom20@q0.6,hold_q=0.4,buy_top=5,hold_top=10,rebalance=20d,min_hold=5d,turnover_penalty=0.01,target_vol=0.18",0.16672406721984,1.3865335159118868
2023-05-29 15:00:00,1129461.7151000001,253431.0,876030.7151,卖,SH.601288,农业银行,2.62,500,129461.71510000015,0.12946171510000015,超时卖/调仓卖,持仓不变,账户级撮合-卖出回款,2,1310.0,4.2051,0.06614058076678528,0.06634310751592468,0.06938775510204076,23.0,"mom20@q0.6,hold_q=0.4,buy_top=5,hold_top=10,rebalance=20d,min_hold=5d,turnover_penalty=0.01,target_vol=0.18",0.16672406721984,1.3865335159118868
2023-05-30 15:00:00,1135028.74204,259206.0,875822.74204,卖,SZ.300058,蓝色光标,7.97,200,135028.74203999992,0.13502874203999982,超时卖/调仓卖,持仓不变,账户级撮合-卖出回款,2,1594.0,5.116739999999999,0.030407341029050447,0.03089613390491935,-0.0025031289111390187,64.0,"mom20@q0.6,hold_q=0.4,buy_top=5,hold_top=10,rebalance=20d,min_hold=5d,turnover_penalty=0.01,target_vol=0.18",0.16672406721984,1.3865335159118868
2023-05-30 15:00:00,1135028.74204,259206.0,875822.74204,买,SH.601288,农业银行,2.56,700,135028.74203999992,0.13502874203999982,,持仓不变,账户级撮合-100股整手/现金约束,2,1792.0,4.856319999999999,0.06614058076678528,0.06608467012490563,0.032258064516129004,44.0,"mom20@q0.6,hold_q=0.4,buy_top=5,hold_top=10,rebalance=20d,min_hold=5d,turnover_penalty=0.01,target_vol=0.18",0.16672406721984,1.3865335159118868
2023-05-31 15:00:00,1132576.41903,256856.0,875720.41903,卖,SH.601288,农业银行,2.58,200,132576.41903,0.13257641903000006,超时卖/调仓卖,持仓不变,账户级撮合-卖出回款,2,516.0,1.6563599999999998,0.06614058076678528,0.06628956663630775,0.040322580645161255,33.0,"mom20@q0.6,hold_q=0.4,buy_top=5,hold_top=10,rebalance=20d,min_hold=5d,turnover_penalty=0.01,target_vol=0.18",0.16672406721984,1.3865335159118868
2023-05-31 15:00:00,1132576.41903,256856.0,875720.41903,买,SH.601857,中国石油,6.15,100,132576.41903,0.13257641903000006,,持仓不变,账户级撮合-100股整手/现金约束,2,615.0,1.6666499999999997,0.05588771456950882,0.05538699106390135,-0.059633027522935755,87.0,"mom20@q0.6,hold_q=0.4,buy_top=5,hold_top=10,rebalance=20d,min_hold=5d,turnover_penalty=0.01,target_vol=0.18",0.16672406721984,1.3865335159118868
2023-06-01 15:00:00,1131321.6984700002,254596.0,876725.6984700001,卖,SZ.300058,蓝色光标,8.24,200,131321.69847000018,0.13132169847000008,超时卖/调仓卖,持仓不变,账户级撮合-卖出回款,2,1648.0,5.29008,0.030407341029050447,0.030590768343614263,-0.17928286852589637,118.0,"mom20@q0.6,hold_q=0.4,buy_top=5,hold_top=10,rebalance=20d,min_hold=5d,turnover_penalty=0.01,target_vol=0.18",0.16672406721984,1.3865335159118868
2023-06-01 15:00:00,1131321.6984700002,254596.0,876725.6984700001,卖,SH.601857,中国石油,6.28,100,131321.69847000018,0.13132169847000008,超时卖/调仓卖,持仓不变,账户级撮合-卖出回款,2,628.0,2.0158799999999997,0.05588771456950882,0.056065396859072046,-0.05705705705705699,85.0,"mom20@q0.6,hold_q=0.4,buy_top=5,hold_top=10,rebalance=20d,min_hold=5d,turnover_penalty=0.01,target_vol=0.18",0.16672406721984,1.3865335159118868
2023-06-01 15:00:00,1131321.6984700002,254596.0,876725.6984700001,买,SH.601288,农业银行,2.52,500,131321.69847000018,0.13132169847000008,,持仓不变,账户级撮合-100股整手/现金约束,2,1260.0,3.4145999999999996,0.06614058076678528,0.06593350070177055,-0.045454545454545525,80.0,"mom20@q0.6,hold_q=0.4,buy_top=5,hold_top=10,rebalance=20d,min_hold=5d,turnover_penalty=0.01,target_vol=0.18",0.16672406721984,1.3865335159118868
2023-06-05 15:00:00,1136534.35923,255977.0,880557.3592300001,卖,SZ.300058,蓝色光标,8.49,100,136534.35923000006,0.13653435923000012,超时卖/调仓卖,持仓不变,账户级撮合-卖出回款,2,849.0,2.7252899999999998,0.030407341029050447,0.03062731867040345,-0.12293388429752061,111.0,"mom20@q0.6,hold_q=0.4,buy_top=5,hold_top=10,rebalance=20d,min_hold=5d,turnover_penalty=0.01,target_vol=0.18",0.16672406721984,1.3865335159118868
2023-06-05 15:00:00,1136534.35923,255977.0,880557.3592300001,卖,SH.601857,中国石油,6.37,100,136534.35923000006,0.13653435923000012,超时卖/调仓卖,持仓不变,账户级撮合-卖出回款,2,637.0,2.0447699999999998,0.05588771456950882,0.056047579628966636,-0.11894882434301524,110.0,"mom20@q0.6,hold_q=0.4,buy_top=5,hold_top=10,rebalance=20d,min_hold=5d,turnover_penalty=0.01,target_vol=0.18",0.16672406721984,1.3865335159118868
2023-06-05 15:00:00,1136534.35923,255977.0,880557.3592300001,卖,SH.601288,农业银行,2.62,900,136534.35923000006,0.13653435923000012,超时卖/调仓卖,持仓不变,账户级撮合-卖出回款,2,2358.0,7.569179999999999,0.06614058076678528,0.06616078026091864,-0.11186440677966103,105.0,"mom20@q0.6,hold_q=0.4,buy_top=5,hold_top=10,rebalance=20d,min_hold=5d,turnover_penalty=0.01,target_vol=0.18",0.16672406721984,1.3865335159118868
2023-06-06 15:00:00,1133667.15871,253924.0,879743.1587100001,买,SZ.300058,蓝色光标,8.12,100,133667.1587100001,0.13366715871,,持仓不变,账户级撮合-100股整手/现金约束,2,811.9999999999999,2.2005199999999996,0.030407341029050447,0.030082903732350282,-0.10276243093922666,109.0,"mom20@q0.6,hold_q=0.4,buy_top=5,hold_top=10,rebalance=20d,min_hold=5d,turnover_penalty=0.01,target_vol=0.18",0.16672406721984,1.3865335159118868
2023-06-07 15:00:00,1134979.9970300002,253634.0,881345.9970300001,卖,SH.601288,农业银行,2.68,600,134979.9970300002,0.1349799970300003,超时卖/调仓卖,持仓不变,账户级撮合-卖出回款,2,1608.0,5.16168,0.06614058076678528,0.06635183016182217,0.0037453183520599342,57.0,"mom20@q0.6,hold_q=0.4,buy_top=5,hold_top=10,rebalance=20d,min_hold=5d,turnover_penalty=0.01,target_vol=0.18",0.16672406721984,1.3865335159118868
2023-06-08 15:00:00,1134471.7484,251370.0,883101.7484,卖,SH.601857,中国石油,6.47,200,134471.74839999992,0.13447174839999998,超时卖/调仓卖,持仓不变,账户级撮合-卖出回款,2,1294.0,4.15374,0.05588771456950882,0.05589032965291955,0.030254777070063632,47.0,"mom20@q0.6,hold_q=0.4,buy_top=5,hold_top=10,rebalance=20d,min_hold=5d,turnover_penalty=0.01,target_vol=0.18",0.16672406721984,1.3865335159118868
2023-06-08 15:00:00,1134471.7484,251370.0,883101.7484,卖,SH.601288,农业银行,2.77,1000,134471.74839999992,0.13447174839999998,超时卖/调仓卖,持仓不变,账户级撮合-卖出回款,2,2770.0,8.8917,0.06614058076678528,0.06616912241831549,0.04528301886792452,41.0,"mom20@q0.6,hold_q=0.4,buy_top=5,hold_top=10,rebalance=20d,min_hold=5d,turnover_penalty=0.01,target_vol=0.18",0.16672406721984,1.3865335159118868
2023-06-08 15:00:00,1134471.7484,251370.0,883101.7484,买,SZ.300058,蓝色光标,7.63,300,134471.74839999992,0.13447174839999998,,持仓不变,账户级撮合-100股整手/现金约束,2,2289.0,6.203189999999999,0.030407341029050447,0.030265187342412275,-0.11893764434180143,113.0,"mom20@q0.6,hold_q=0.4,buy_top=5,hold_top=10,rebalance=20d,min_hold=5d,turnover_penalty=0.01,target_vol=0.18",0.16672406721984,1.3865335159118868
2023-06-09 15:00:00,1134537.1436899998,198217.0,936320.1436899999,卖,SH.603083,剑桥科技,64.42,600,134537.14368999982,0.1345371436899998,超时卖/调仓卖,调仓卖出-跌出持有排名,账户级撮合-卖出回款,2,38652.0,124.07292,0.0,0.0,0.11549783549783554,33.0,"mom20@q0.6,hold_q=0.4,buy_top=5,hold_top=10,rebalance=20d,min_hold=5d,turnover_penalty=0.01,target_vol=0.18",0.16672406721984,1.3865335159118868
2023-06-09 15:00:00,1134537.1436899998,198217.0,936320.1436899999,卖,SZ.300058,蓝色光标,7.76,4500,134537.14368999982,0.1345371436899998,超时卖/调仓卖,调仓卖出-跌破持有阈值、跌出持有排名,账户级撮合-卖出回款,2,34920.0,112.0932,0.0,0.0,-0.10701956271576518,113.0,"mom20@q0.6,hold_q=0.4,buy_top=5,hold_top=10,rebalance=20d,min_hold=5d,turnover_penalty=0.01,target_vol=0.18",0.16672406721984,1.3865335159118868
2023-06-09 15:00:00,1134537.1436899998,198217.0,936320.1436899999,卖,SH.601857,中国石油,6.51,9800,134537.14368999982,0.1345371436899998,超时卖/调仓卖,调仓卖出-跌出持有排名,账户级撮合-卖出回款,2,63798.0,204.79157999999998,0.0,0.0,0.05853658536585349,51.0,"mom20@q0.6,hold_q=0.4,buy_top=5,hold_top=10,rebalance=20d,min_hold=5d,turnover_penalty=0.01,target_vol=0.18",0.16672406721984,1.3865335159118868
2023-06-09 15:00:00,1134537.1436899998,198217.0,936320.1436899999,卖,SH.601288,农业银行,2.74,27100,134537.14368999982,0.1345371436899998,超时卖/调仓卖,调仓卖出-跌出持有排名,账户级撮合-卖出回款,2,74254.0,238.35533999999998,0.0,0.0,0.04580152671755733,55.0,"mom20@q0.6,hold_q=0.4,buy_top=5,hold_top=10,rebalance=20d,min_hold=5d,turnover_penalty=0.01,target_vol=0.18",0.16672406721984,1.3865335159118868
2023-06-09 15:00:00,1134537.1436899998,198217.0,936320.1436899999,卖,SH.603019,中科曙光,51.45,800,134537.14368999982,0.1345371436899998,超时卖/调仓卖,调仓卖出-跌出持有排名,账户级撮合-卖出回款,2,41160.0,132.12359999999998,0.0,0.0,0.14715719063545163,29.0,"mom20@q0.6,hold_q=0.4,buy_top=5,hold_top=10,rebalance=20d,min_hold=5d,turnover_penalty=0.01,target_vol=0.18",0.16672406721984,1.3865335159118868
2023-06-09 15:00:00,1134537.1436899998,198217.0,936320.1436899999,买,SZ.300476,胜宏科技,22.62,1700,134537.14368999982,0.1345371436899998,,调仓买入-新进前N、满足动量阈值,账户级撮合-100股整手/现金约束,2,38454.0,104.21033999999999,0.03462663382759916,0.03389399828279853,0.6656848306332843,1.0,"mom20@q0.6,hold_q=0.4,buy_top=5,hold_top=10,rebalance=20d,min_hold=5d,turnover_penalty=0.01,target_vol=0.18",0.16672406721984,1.3865335159118868
2023-06-09 15:00:00,1134537.1436899998,198217.0,936320.1436899999,买,SZ.300620,光库科技,53.08,600,134537.14368999982,0.1345371436899998,,调仓买入-新进前N、满足动量阈值,账户级撮合-100股整手/现金约束,2,31848.0,86.30807999999999,0.0301324011989559,0.028071359476532155,0.5858978189423365,2.0,"mom20@q0.6,hold_q=0.4,buy_top=5,hold_top=10,rebalance=20d,min_hold=5d,turnover_penalty=0.01,target_vol=0.18",0.16672406721984,1.3865335159118868
2023-06-09 15:00:00,1134537.1436899998,198217.0,936320.1436899999,买,SZ.300308,中际旭创,80.55,500,134537.14368999982,0.1345371436899998,,调仓买入-新进前N、满足动量阈值,账户级撮合-100股整手/现金约束,2,40275.0,109.14524999999999,0.036234499842469084,0.03549905811722345,0.5454719877206446,3.0,"mom20@q0.6,hold_q=0.4,buy_top=5,hold_top=10,rebalance=20d,min_hold=5d,turnover_penalty=0.01,target_vol=0.18",0.16672406721984,1.3865335159118868
2023-06-09 15:00:00,1134537.1436899998,198217.0,936320.1436899999,买,SZ.300394,天孚通信,38.17,800,134537.14368999982,0.1345371436899998,,调仓买入-新进前N、满足动量阈值,账户级撮合-100股整手/现金约束,2,30536.0,82.75255999999999,0.029036457966677927,0.026914940749038743,0.5353982300884956,4.0,"mom20@q0.6,hold_q=0.4,buy_top=5,hold_top=10,rebalance=20d,min_hold=5d,turnover_penalty=0.01,target_vol=0.18",0.16672406721984,1.3865335159118868
2023-06-09 15:00:00,1134537.1436899998,198217.0,936320.1436899999,买,SZ.001309,德明利,35.69,1600,134537.14368999982,0.1345371436899998,,调仓买入-新进前N、满足动量阈值,账户级撮合-100股整手/现金约束,2,57104.0,154.75184,0.05109698977037075,0.050332419980780335,0.4555464926590538,5.0,"mom20@q0.6,hold_q=0.4,buy_top=5,hold_top=10,rebalance=20d,min_hold=5d,turnover_penalty=0.01,target_vol=0.18",0.16672406721984,1.3865335159118868
2023-06-14 15:00:00,1158242.35539,216709.0,941533.3553899999,卖,SZ.300394,天孚通信,52.3,100,158242.35538999992,0.15824235538999987,超时卖/调仓卖,持仓不变,账户级撮合-卖出回款,2,5230.0,16.7883,0.029036457966677927,0.0316082379733668,1.050176401411211,1.0,"mom20@q0.6,hold_q=0.4,buy_top=5,hold_top=10,rebalance=20d,min_hold=5d,turnover_penalty=0.01,target_vol=0.18",0.16672406721984,1.3865335159118868
2023-06-16 15:00:00,1170122.31824,217709.0,952413.3182399999,卖,SZ.300308,中际旭创,109.15,100,170122.31823999994,0.17012231824000001,超时卖/调仓卖,持仓不变,账户级撮合-卖出回款,2,10915.0,35.03715,0.036234499842469084,0.037312338478997405,0.6831148804934466,4.0,"mom20@q0.6,hold_q=0.4,buy_top=5,hold_top=10,rebalance=20d,min_hold=5d,turnover_penalty=0.01,target_vol=0.18",0.16672406721984,1.3865335159118868
2023-06-19 15:00:00,1182876.05217,217338.0,965538.05217,卖,SZ.300620,光库科技,71.79,100,182876.05217000004,0.18287605217000014,超时卖/调仓卖,持仓不变,账户级撮合-卖出回款,2,7179.000000000001,23.04459,0.0301324011989559,0.030345529385052812,1.0279661016949153,3.0,"mom20@q0.6,hold_q=0.4,buy_top=5,hold_top=10,rebalance=20d,min_hold=5d,turnover_penalty=0.01,target_vol=0.18",0.16672406721984,1.3865335159118868
2023-06-19 15:00:00,1182876.05217,217338.0,965538.05217,卖,SZ.300394,天孚通信,59.88,100,182876.05217000004,0.18287605217000014,超时卖/调仓卖,持仓不变,账户级撮合-卖出回款,2,5988.0,19.22148,0.029036457966677927,0.03037342748979461,1.3537735849056602,1.0,"mom20@q0.6,hold_q=0.4,buy_top=5,hold_top=10,rebalance=20d,min_hold=5d,turnover_penalty=0.01,target_vol=0.18",0.16672406721984,1.3865335159118868
2023-06-21 15:00:00,1169312.64311,209476.0,959836.6431100001,买,SZ.300476,胜宏科技,21.79,100,169312.64311000006,0.16931264311000005,,持仓不变,账户级撮合-100股整手/现金约束,2,2179.0,5.9050899999999995,0.03462663382759916,0.03354278278876892,0.23386183465458665,19.0,"mom20@q0.6,hold_q=0.4,buy_top=5,hold_top=10,rebalance=20d,min_hold=5d,turnover_penalty=0.01,target_vol=0.18",0.16672406721984,1.3865335159118868
2023-06-21 15:00:00,1169312.64311,209476.0,959836.6431100001,买,SZ.001309,德明利,35.07,100,169312.64311000006,0.16931264311000005,,持仓不变,账户级撮合-100股整手/现金约束,2,3507.0,9.503969999999999,0.05109698977037075,0.05098636395603524,0.05031446540880502,50.0,"mom20@q0.6,hold_q=0.4,buy_top=5,hold_top=10,rebalance=20d,min_hold=5d,turnover_penalty=0.01,target_vol=0.18",0.16672406721984,1.3865335159118868
2023-06-26 15:00:00,1162376.0849000001,204596.0,957780.0849,买,SZ.300476,胜宏科技,20.51,100,162376.08490000013,0.16237608490000022,,持仓不变,账户级撮合-100股整手/现金约束,2,2051.0,5.55821,0.03462663382759916,0.03352529401304099,0.16600341102899385,17.0,"mom20@q0.6,hold_q=0.4,buy_top=5,hold_top=10,rebalance=20d,min_hold=5d,turnover_penalty=0.01,target_vol=0.18",0.16672406721984,1.3865335159118868
2023-06-28 15:00:00,1149500.50787,199334.0,950166.5078700001,买,SZ.300620,光库科技,56.5,100,149500.5078700001,0.14950050787000002,,持仓不变,账户级撮合-100股整手/现金约束,2,5650.0,15.311499999999999,0.0301324011989559,0.029491070049908873,-0.03583617747440271,89.0,"mom20@q0.6,hold_q=0.4,buy_top=5,hold_top=10,rebalance=20d,min_hold=5d,turnover_penalty=0.01,target_vol=0.18",0.16672406721984,1.3865335159118868
2023-06-28 15:00:00,1149500.50787,199334.0,950166.5078700001,买,SZ.300476,胜宏科技,19.43,100,149500.5078700001,0.14950050787000002,,持仓不变,账户级撮合-100股整手/现金约束,2,1943.0,5.265529999999999,0.03462663382759916,0.03380598767373035,-0.15558452846588444,117.0,"mom20@q0.6,hold_q=0.4,buy_top=5,hold_top=10,rebalance=20d,min_hold=5d,turnover_penalty=0.01,target_vol=0.18",0.16672406721984,1.3865335159118868
2023-06-30 15:00:00,1163861.56464,211539.0,952322.5646400001,卖,SZ.300476,胜宏科技,21.63,100,163861.56464,0.1638615646399999,超时卖/调仓卖,持仓不变,账户级撮合-卖出回款,2,2163.0,6.94323,0.03462663382759916,0.03531090058181612,-0.15242946708463956,113.0,"mom20@q0.6,hold_q=0.4,buy_top=5,hold_top=10,rebalance=20d,min_hold=5d,turnover_penalty=0.01,target_vol=0.18",0.16672406721984,1.3865335159118868
2023-07-05 15:00:00,1161711.55282,205659.0,956052.5528200001,卖,SZ.001309,德明利,37.42,100,161711.5528200001,0.16171155282000016,超时卖/调仓卖,持仓不变,账户级撮合-卖出回款,2,3742.0,12.011819999999998,0.05109698977037075,0.05153775036037434,0.09768260486946323,28.0,"mom20@q0.6,hold_q=0.4,buy_top=5,hold_top=10,rebalance=20d,min_hold=5d,turnover_penalty=0.01,target_vol=0.18",0.16672406721984,1.3865335159118868
2023-07-06 15:00:00,1173390.3179900001,213228.0,960162.3179900001,卖,SZ.001309,德明利,41.23,100,173390.31799000013,0.17339031799000004,超时卖/调仓卖,持仓不变,账户级撮合-卖出回款,2,4123.0,13.234829999999999,0.05109698977037075,0.05270624706188094,0.1529642058165548,22.0,"mom20@q0.6,hold_q=0.4,buy_top=5,hold_top=10,rebalance=20d,min_hold=5d,turnover_penalty=0.01,target_vol=0.18",0.16672406721984,1.3865335159118868
2023-07-07 15:00:00,1173166.26663,217833.0,955333.2666300001,买,SZ.300394,天孚通信,48.16,100,173166.26662999997,0.17316626663,,持仓不变,账户级撮合-100股整手/现金约束,2,4816.0,13.051359999999999,0.029036457966677927,0.028735909784416164,0.27441121989944417,6.0,"mom20@q0.6,hold_q=0.4,buy_top=5,hold_top=10,rebalance=20d,min_hold=5d,turnover_penalty=0.01,target_vol=0.18",0.16672406721984,1.3865335159118868
2023-07-11 15:00:00,1173084.59399,219101.0,953983.59399,卖,SZ.300476,胜宏科技,20.71,1900,173084.59398999996,0.17308459398999987,超时卖/调仓卖,调仓卖出-跌破持有阈值、跌出持有排名,账户级撮合-卖出回款,2,39349.0,126.31029,0.0,0.0,-0.08443854995579136,110.0,"mom20@q0.6,hold_q=0.4,buy_top=5,hold_top=10,rebalance=20d,min_hold=5d,turnover_penalty=0.01,target_vol=0.18",0.16672406721984,1.3865335159118868
2023-07-11 15:00:00,1173084.59399,219101.0,953983.59399,卖,SZ.001309,德明利,42.65,1500,173084.59398999996,0.17308459398999987,超时卖/调仓卖,调仓卖出-跌出持有排名,账户级撮合-卖出回款,2,63975.0,205.35975,0.0,0.0,0.19501260857383018,14.0,"mom20@q0.6,hold_q=0.4,buy_top=5,hold_top=10,rebalance=20d,min_hold=5d,turnover_penalty=0.01,target_vol=0.18",0.16672406721984,1.3865335159118868
2023-07-11 15:00:00,1173084.59399,219101.0,953983.59399,买,SZ.002428,云南锗业,16.28,3400,173084.59398999996,0.17308459398999987,,调仓买入-新进前N、满足动量阈值,账户级撮合-100股整手/现金约束,2,55352.00000000001,150.00392,0.04754271452866961,0.04718500292611622,0.5960784313725493,1.0,"mom20@q0.6,hold_q=0.4,buy_top=5,hold_top=10,rebalance=20d,min_hold=5d,turnover_penalty=0.01,target_vol=0.18",0.16672406721984,1.3865335159118868
2023-07-11 15:00:00,1173084.59399,219101.0,953983.59399,买,SH.601138,工业富联,22.14,2200,173084.59398999996,0.17308459398999987,,调仓买入-新进前N、满足动量阈值,账户级撮合-100股整手/现金约束,2,48708.0,131.99867999999998,0.043157642066824826,0.04152130225692421,0.2622576966932726,5.0,"mom20@q0.6,hold_q=0.4,buy_top=5,hold_top=10,rebalance=20d,min_hold=5d,turnover_penalty=0.01,target_vol=0.18",0.16672406721984,1.3865335159118868
2023-07-12 15:00:00,1158892.64029,213402.0,945490.64029,买,SH.601138,工业富联,20.43,200,158892.64029,0.15889264028999994,,持仓不变,账户级撮合-100股整手/现金约束,2,4086.0,11.073059999999998,0.043157642066824826,0.042309354892210105,0.061298701298701186,29.0,"mom20@q0.6,hold_q=0.4,buy_top=5,hold_top=10,rebalance=20d,min_hold=5d,turnover_penalty=0.01,target_vol=0.18",0.16672406721984,1.3865335159118868
2023-07-12 15:00:00,1158892.64029,213402.0,945490.64029,买,SZ.300394,天孚通信,43.84,100,158892.64029,0.15889264028999994,,持仓不变,账户级撮合-100股整手/现金约束,2,4384.0,11.88064,0.03355114371918228,0.03026337279286166,0.037387600567913015,46.0,"mom20@q0.6,hold_q=0.4,buy_top=5,hold_top=10,rebalance=20d,min_hold=5d,turnover_penalty=0.01,target_vol=0.18",0.16672406721984,1.3865335159118868
2023-07-13 15:00:00,1170813.36001,223062.0,947751.3600100001,卖,SH.601138,工业富联,22.68,100,170813.36000999995,0.17081336000999991,超时卖/调仓卖,持仓不变,账户级撮合-卖出回款,2,2268.0,7.280279999999999,0.043157642066824826,0.044553642605815895,0.13855421686746983,13.0,"mom20@q0.6,hold_q=0.4,buy_top=5,hold_top=10,rebalance=20d,min_hold=5d,turnover_penalty=0.01,target_vol=0.18",0.16672406721984,1.3865335159118868
2023-07-14 15:00:00,1178128.91736,226949.0,951179.9173600001,卖,SH.601138,工业富联,25.16,200,178128.91736000008,0.17812891736000003,超时卖/调仓卖,持仓不变,账户级撮合-卖出回款,2,5032.0,16.15272,0.043157642066824826,0.0448473840353542,0.21604639922667945,5.0,"mom20@q0.6,hold_q=0.4,buy_top=5,hold_top=10,rebalance=20d,min_hold=5d,turnover_penalty=0.01,target_vol=0.18",0.16672406721984,1.3865335159118868
2023-07-14 15:00:00,1178128.91736,226949.0,951179.9173600001,买,SZ.002428,云南锗业,15.83,100,178128.91736000008,0.17812891736000003,,持仓不变,账户级撮合-100股整手/现金约束,2,1583.0,4.28993,0.04754271452866961,0.047027960339139974,0.39964633068081334,2.0,"mom20@q0.6,hold_q=0.4,buy_top=5,hold_top=10,rebalance=20d,min_hold=5d,turnover_penalty=0.01,target_vol=0.18",0.16672406721984,1.3865335159118868
2023-07-17 15:00:00,1175053.8036200001,226876.0,948177.8036200001,买,SZ.002428,云南锗业,14.97,200,175053.80362000014,0.17505380362000023,,持仓不变,账户级撮合-100股整手/现金约束,2,2994.0,8.11374,0.04754271452866961,0.04713741603096177,0.24129353233830853,3.0,"mom20@q0.6,hold_q=0.4,buy_top=5,hold_top=10,rebalance=20d,min_hold=5d,turnover_penalty=0.01,target_vol=0.18",0.16672406721984,1.3865335159118868
2023-07-19 15:00:00,1166174.5409300001,224754.0,941420.5409300001,买,SZ.002428,云南锗业,14.58,100,166174.54093000013,0.16617454093000017,,持仓不变,账户级撮合-100股整手/现金约束,2,1458.0,3.9511799999999995,0.04754271452866961,0.04750918327870239,0.15074980268350435,3.0,"mom20@q0.6,hold_q=0.4,buy_top=5,hold_top=10,rebalance=20d,min_hold=5d,turnover_penalty=0.01,target_vol=0.18",0.16672406721984,1.3865335159118868
2023-07-19 15:00:00,1166174.5409300001,224754.0,941420.5409300001,买,SZ.300620,光库科技,52.81,100,166174.54093000013,0.16617454093000017,,持仓不变,账户级撮合-100股整手/现金约束,2,5281.0,14.311509999999998,0.03213019143331339,0.03169937149418438,-0.26438222593676,115.0,"mom20@q0.6,hold_q=0.4,buy_top=5,hold_top=10,rebalance=20d,min_hold=5d,turnover_penalty=0.01,target_vol=0.18",0.16672406721984,1.3865335159118868
2023-07-20 15:00:00,1148227.3651400004,220192.0,928035.3651400002,买,SH.601138,工业富联,21.15,200,148227.36514000036,0.14822736514000034,,持仓不变,账户级撮合-100股整手/现金约束,2,4230.0,11.463299999999998,0.043157642066824826,0.0423653027935533,-0.11617216882574177,89.0,"mom20@q0.6,hold_q=0.4,buy_top=5,hold_top=10,rebalance=20d,min_hold=5d,turnover_penalty=0.01,target_vol=0.18",0.16672406721984,1.3865335159118868
2023-07-20 15:00:00,1148227.3651400004,220192.0,928035.3651400002,买,SZ.300308,中际旭创,91.19,100,148227.36514000036,0.14822736514000034,,持仓不变,账户级撮合-100股整手/现金约束,2,9119.0,24.71249,0.040997245278017264,0.03970903445106512,-0.2396397898774285,103.0,"mom20@q0.6,hold_q=0.4,buy_top=5,hold_top=10,rebalance=20d,min_hold=5d,turnover_penalty=0.01,target_vol=0.18",0.16672406721984,1.3865335159118868
2023-07-26 15:00:00,1146307.5982400002,219666.0,926641.5982400002,买,SZ.002428,云南锗业,13.9,100,146307.5982400002,0.14630759824000017,,持仓不变,账户级撮合-100股整手/现金约束,2,1390.0,3.7668999999999997,0.04754271452866961,0.04729097153611483,0.18297872340425525,3.0,"mom20@q0.6,hold_q=0.4,buy_top=5,hold_top=10,rebalance=20d,min_hold=5d,turnover_penalty=0.01,target_vol=0.18",0.16672406721984,1.3865335159118868
2023-07-28 15:00:00,1146059.0773800001,216461.0,929598.0773800001,卖,SZ.002428,云南锗业,14.83,200,146059.07738000015,0.14605907738000012,超时卖/调仓卖,持仓不变,账户级撮合-卖出回款,2,2966.0,9.520859999999999,0.04754271452866961,0.04787798559690336,0.22460776218001666,2.0,"mom20@q0.6,hold_q=0.4,buy_top=5,hold_top=10,rebalance=20d,min_hold=5d,turnover_penalty=0.01,target_vol=0.18",0.16672406721984,1.3865335159118868
2023-08-02 15:00:00,1149485.1885300002,221326.0,928159.1885300002,买,SZ.002428,云南锗业,14.35,100,149485.18853000016,0.14948518853000015,,持仓不变,账户级撮合-100股整手/现金约束,2,1435.0,3.8888499999999997,0.04754271452866961,0.04743862778235079,0.0,50.0,"mom20@q0.6,hold_q=0.4,buy_top=5,hold_top=10,rebalance=20d,min_hold=5d,turnover_penalty=0.01,target_vol=0.18",0.16672406721984,1.3865335159118868
2023-08-04 15:00:00,1159595.3647200002,232851.0,926744.3647200002,买,SZ.002428,云南锗业,14.11,100,159595.3647200002,0.15959536472000013,,持仓不变,账户级撮合-100股整手/现金约束,2,1411.0,3.8238099999999995,0.04754271452866961,0.047455346644376666,-0.16061867935752527,110.0,"mom20@q0.6,hold_q=0.4,buy_top=5,hold_top=10,rebalance=20d,min_hold=5d,turnover_penalty=0.01,target_vol=0.18",0.16672406721984,1.3865335159118868
2023-08-07 15:00:00,1164187.8436900002,235108.0,929079.8436900002,卖,SH.601138,工业富联,23.43,100,164187.84369000024,0.16418784369000017,超时卖/调仓卖,持仓不变,账户级撮合-卖出回款,2,2343.0,7.52103,0.043157642066824826,0.04427635993571297,0.0797235023041476,24.0,"mom20@q0.6,hold_q=0.4,buy_top=5,hold_top=10,rebalance=20d,min_hold=5d,turnover_penalty=0.01,target_vol=0.18",0.16672406721984,1.3865335159118868
2023-08-08 15:00:00,1157270.52881,432726.0,724544.52881,卖,SZ.300620,光库科技,51.55,700,157270.52881000005,0.15727052881000003,超时卖/调仓卖,调仓卖出-跌破持有阈值、跌出持有排名,账户级撮合-卖出回款,2,36085.0,115.83285,0.0,0.0,-0.1994098462494177,114.0,"mom20@q0.6,hold_q=0.4,buy_top=5,hold_top=10,rebalance=20d,min_hold=5d,turnover_penalty=0.01,target_vol=0.18",0.16672406721984,1.3865335159118868
2023-08-08 15:00:00,1157270.52881,432726.0,724544.52881,卖,SZ.300308,中际旭创,94.43,500,157270.52881000005,0.15727052881000003,超时卖/调仓卖,调仓卖出-跌破持有阈值、跌出持有排名,账户级撮合-卖出回款,2,47215.0,151.56015,0.0,0.0,-0.09619065849923425,98.0,"mom20@q0.6,hold_q=0.4,buy_top=5,hold_top=10,rebalance=20d,min_hold=5d,turnover_penalty=0.01,target_vol=0.18",0.16672406721984,1.3865335159118868
2023-08-08 15:00:00,1157270.52881,432726.0,724544.52881,卖,SZ.300394,天孚通信,51.85,800,157270.52881000005,0.15727052881000003,超时卖/调仓卖,调仓卖出-跌出持有排名,账户级撮合-卖出回款,2,41480.0,133.15079999999998,0.0,0.0,0.04853387259858444,22.0,"mom20@q0.6,hold_q=0.4,buy_top=5,hold_top=10,rebalance=20d,min_hold=5d,turnover_penalty=0.01,target_vol=0.18",0.16672406721984,1.3865335159118868
2023-08-08 15:00:00,1157270.52881,432726.0,724544.52881,卖,SZ.002428,云南锗业,14.24,3900,157270.52881000005,0.15727052881000003,超时卖/调仓卖,调仓卖出-跌破持有阈值、跌出持有排名,账户级撮合-卖出回款,2,55536.0,178.27056,0.0,0.0,-0.1253071253071254,105.0,"mom20@q0.6,hold_q=0.4,buy_top=5,hold_top=10,rebalance=20d,min_hold=5d,turnover_penalty=0.01,target_vol=0.18",0.16672406721984,1.3865335159118868
2023-08-08 15:00:00,1157270.52881,432726.0,724544.52881,卖,SH.601138,工业富联,22.63,2200,157270.52881000005,0.15727052881000003,超时卖/调仓卖,调仓卖出-跌出持有排名,账户级撮合-卖出回款,2,49786.0,159.81305999999998,0.0,0.0,0.02213188798554655,41.0,"mom20@q0.6,hold_q=0.4,buy_top=5,hold_top=10,rebalance=20d,min_hold=5d,turnover_penalty=0.01,target_vol=0.18",0.16672406721984,1.3865335159118868
2023-08-08 15:00:00,1157270.52881,432726.0,724544.52881,买,SH.600030,中信证券,23.13,3900,157270.52881000005,0.15727052881000003,,调仓买入-新进前N、满足动量阈值,账户级撮合-100股整手/现金约束,2,90207.0,244.46096999999997,0.07834720995220251,0.07794806638060522,0.25230102869518145,1.0,"mom20@q0.6,hold_q=0.4,buy_top=5,hold_top=10,rebalance=20d,min_hold=5d,turnover_penalty=0.01,target_vol=0.18",0.16672406721984,1.3865335159118868
2023-08-08 15:00:00,1157270.52881,432726.0,724544.52881,买,SZ.300059,东方财富,16.42,5000,157270.52881000005,0.15727052881000003,,调仓买入-新进前N、满足动量阈值,账户级撮合-100股整手/现金约束,2,82100.00000000001,222.491,0.07165591574662697,0.07094278991483688,0.1745350500715308,2.0,"mom20@q0.6,hold_q=0.4,buy_top=5,hold_top=10,rebalance=20d,min_hold=5d,turnover_penalty=0.01,target_vol=0.18",0.16672406721984,1.3865335159118868
2023-08-08 15:00:00,1157270.52881,432726.0,724544.52881,买,SH.603259,XD药明康,70.94,1400,157270.52881000005,0.15727052881000003,,调仓买入-新进前N、满足动量阈值,账户级撮合-100股整手/现金约束,2,99316.0,269.14635999999996,0.09150122620853325,0.08581917324216734,0.15858239425118414,3.0,"mom20@q0.6,hold_q=0.4,buy_top=5,hold_top=10,rebalance=20d,min_hold=5d,turnover_penalty=0.01,target_vol=0.18",0.16672406721984,1.3865335159118868
2023-08-08 15:00:00,1157270.52881,432726.0,724544.52881,买,SZ.300033,同花顺,125.51,300,157270.52881000005,0.15727052881000003,,调仓买入-新进前N、满足动量阈值,账户级撮合-100股整手/现金约束,2,37653.0,102.03962999999999,0.03878804339198463,0.03253603981319553,0.1347075309646506,4.0,"mom20@q0.6,hold_q=0.4,buy_top=5,hold_top=10,rebalance=20d,min_hold=5d,turnover_penalty=0.01,target_vol=0.18",0.16672406721984,1.3865335159118868
2023-08-08 15:00:00,1157270.52881,432726.0,724544.52881,买,SH.603799,华友钴业,49.38,2500,157270.52881000005,0.15727052881000003,,调仓买入-满足动量阈值,账户级撮合-100股整手/现金约束,2,123450.0,334.54949999999997,0.10941219532982437,0.10667341552967857,0.12201772324471727,7.0,"mom20@q0.6,hold_q=0.4,buy_top=5,hold_top=10,rebalance=20d,min_hold=5d,turnover_penalty=0.01,target_vol=0.18",0.16672406721984,1.3865335159118868
2023-08-11 15:00:00,1153644.19842,437732.0,715912.19842,买,SH.600030,中信证券,22.33,100,153644.19842000003,0.1536441984200001,,持仓不变,账户级撮合-100股整手/现金约束,2,2233.0,6.051429999999999,0.07834720995220251,0.07742421807549525,0.1922050186865989,1.0,"mom20@q0.6,hold_q=0.4,buy_top=5,hold_top=10,rebalance=20d,min_hold=5d,turnover_penalty=0.01,target_vol=0.18",0.16672406721984,1.3865335159118868
2023-08-11 15:00:00,1153644.19842,437732.0,715912.19842,买,SZ.300059,东方财富,15.92,100,153644.19842000003,0.1536441984200001,,持仓不变,账户级撮合-100股整手/现金约束,2,1592.0,4.3143199999999995,0.07165591574662697,0.07037871824883128,0.1203377902885292,3.0,"mom20@q0.6,hold_q=0.4,buy_top=5,hold_top=10,rebalance=20d,min_hold=5d,turnover_penalty=0.01,target_vol=0.18",0.16672406721984,1.3865335159118868
2023-08-11 15:00:00,1153644.19842,437732.0,715912.19842,买,SH.603799,华友钴业,47.84,100,153644.19842000003,0.1536441984200001,,持仓不变,账户级撮合-100股整手/现金约束,2,4784.0,12.96464,0.10941219532982437,0.10781833789859385,0.09323583180987205,4.0,"mom20@q0.6,hold_q=0.4,buy_top=5,hold_top=10,rebalance=20d,min_hold=5d,turnover_penalty=0.01,target_vol=0.18",0.16672406721984,1.3865335159118868
2023-08-14 15:00:00,1151324.98985,439190.0,712134.98985,买,SH.600030,中信证券,21.98,100,151324.98985,0.15132498984999998,,持仓不变,账户级撮合-100股整手/现金约束,2,2198.0,5.95658,0.07834720995220251,0.07827329450370134,0.18746623446785504,2.0,"mom20@q0.6,hold_q=0.4,buy_top=5,hold_top=10,rebalance=20d,min_hold=5d,turnover_penalty=0.01,target_vol=0.18",0.16672406721984,1.3865335159118868
2023-08-14 15:00:00,1151324.98985,439190.0,712134.98985,买,SZ.300059,东方财富,15.69,100,151324.98985,0.15132498984999998,,持仓不变,账户级撮合-100股整手/现金约束,2,1569.0,4.251989999999999,0.07165591574662697,0.07086443942351123,0.11752136752136755,3.0,"mom20@q0.6,hold_q=0.4,buy_top=5,hold_top=10,rebalance=20d,min_hold=5d,turnover_penalty=0.01,target_vol=0.18",0.16672406721984,1.3865335159118868
2023-08-15 15:00:00,1154118.75434,440358.0,713760.75434,卖,SZ.300059,东方财富,16.31,100,154118.75433999998,0.15411875434,超时卖/调仓卖,持仓不变,账户级撮合-卖出回款,2,1630.9999999999998,5.235509999999999,0.07165591574662697,0.07207317244191937,0.1559177888022678,2.0,"mom20@q0.6,hold_q=0.4,buy_top=5,hold_top=10,rebalance=20d,min_hold=5d,turnover_penalty=0.01,target_vol=0.18",0.16672406721984,1.3865335159118868
2023-08-21 15:00:00,1135504.3860399998,431500.0,704004.3860399999,买,SH.600030,中信证券,21.17,100,135504.38603999978,0.1355043860399998,,持仓不变,账户级撮合-100股整手/现金约束,2,2117.0,5.737069999999999,0.07834720995220251,0.07830352845230479,0.13694951664876487,2.0,"mom20@q0.6,hold_q=0.4,buy_top=5,hold_top=10,rebalance=20d,min_hold=5d,turnover_penalty=0.01,target_vol=0.18",0.16672406721984,1.3865335159118868
2023-08-21 15:00:00,1135504.3860399998,431500.0,704004.3860399999,买,SZ.300059,东方财富,15.16,200,135504.38603999978,0.1355043860399998,,持仓不变,账户级撮合-100股整手/现金约束,2,3032.0,8.216719999999999,0.07165591574662697,0.07075974429320225,0.09143268538516924,4.0,"mom20@q0.6,hold_q=0.4,buy_top=5,hold_top=10,rebalance=20d,min_hold=5d,turnover_penalty=0.01,target_vol=0.18",0.16672406721984,1.3865335159118868
2023-08-21 15:00:00,1135504.3860399998,431500.0,704004.3860399999,买,SH.603799,华友钴业,45.81,100,135504.38603999978,0.1355043860399998,,持仓不变,账户级撮合-100股整手/现金约束,2,4581.0,12.414509999999998,0.10941219532982437,0.10892692403536251,-0.03088639729215148,38.0,"mom20@q0.6,hold_q=0.4,buy_top=5,hold_top=10,rebalance=20d,min_hold=5d,turnover_penalty=0.01,target_vol=0.18",0.16672406721984,1.3865335159118868
2023-08-23 15:00:00,1125414.47317,436548.0,688866.4731699999,买,SZ.300033,同花顺,107.5,100,125414.4731699999,0.12541447316999998,,持仓不变,账户级撮合-100股整手/现金约束,2,10750.0,29.132499999999997,0.03878804339198463,0.03820814555448197,-0.06521739130434778,42.0,"mom20@q0.6,hold_q=0.4,buy_top=5,hold_top=10,rebalance=20d,min_hold=5d,turnover_penalty=0.01,target_vol=0.18",0.16672406721984,1.3865335159118868
2023-08-23 15:00:00,1125414.47317,436548.0,688866.4731699999,买,SH.603799,华友钴业,43.47,100,125414.4731699999,0.12541447316999998,,持仓不变,账户级撮合-100股整手/现金约束,2,4347.0,11.78037,0.10941219532982437,0.10815215451882157,-0.09286310517529217,62.0,"mom20@q0.6,hold_q=0.4,buy_top=5,hold_top=10,rebalance=20d,min_hold=5d,turnover_penalty=0.01,target_vol=0.18",0.16672406721984,1.3865335159118868
2023-08-24 15:00:00,1137053.4785799999,446015.0,691038.4785799999,卖,SH.600030,中信证券,21.79,100,137053.47857999988,0.13705347857999994,超时卖/调仓卖,持仓不变,账户级撮合-卖出回款,2,2179.0,6.99459,0.07834720995220251,0.07857062282731882,0.10329113924050626,2.0,"mom20@q0.6,hold_q=0.4,buy_top=5,hold_top=10,rebalance=20d,min_hold=5d,turnover_penalty=0.01,target_vol=0.18",0.16672406721984,1.3865335159118868
2023-08-28 15:00:00,1135147.9068899998,446756.0,688391.9068899998,卖,SH.600030,中信证券,22.51,100,135147.90688999975,0.13514790688999967,超时卖/调仓卖,持仓不变,账户级撮合-卖出回款,2,2251.0,7.225709999999999,0.07834720995220251,0.07932005992653891,0.008060904612628983,9.0,"mom20@q0.6,hold_q=0.4,buy_top=5,hold_top=10,rebalance=20d,min_hold=5d,turnover_penalty=0.01,target_vol=0.18",0.16672406721984,1.3865335159118868
2023-08-28 15:00:00,1135147.9068899998,446756.0,688391.9068899998,卖,SZ.300059,东方财富,16.2,200,135147.90688999975,0.13514790688999967,超时卖/调仓卖,持仓不变,账户级撮合-卖出回款,2,3240.0,10.4004,0.07165591574662697,0.0727834668050938,0.02015113350125941,5.0,"mom20@q0.6,hold_q=0.4,buy_top=5,hold_top=10,rebalance=20d,min_hold=5d,turnover_penalty=0.01,target_vol=0.18",0.16672406721984,1.3865335159118868
2023-08-28 15:00:00,1135147.9068899998,446756.0,688391.9068899998,买,SH.603799,华友钴业,40.49,200,135147.90688999975,0.13514790688999967,,持仓不变,账户级撮合-100股整手/现金约束,2,8098.0,21.945579999999996,0.10941219532982437,0.10700808173341496,-0.16256463288521195,99.0,"mom20@q0.6,hold_q=0.4,buy_top=5,hold_top=10,rebalance=20d,min_hold=5d,turnover_penalty=0.01,target_vol=0.18",0.16672406721984,1.3865335159118868
2023-08-29 15:00:00,1138350.6232299998,448318.0,690032.6232299998,卖,SZ.300059,东方财富,16.46,100,138350.6232299998,0.1383506232299998,超时卖/调仓卖,持仓不变,账户级撮合-卖出回款,2,1646.0,5.283659999999999,0.07165591574662697,0.07229758417180712,0.047740292807129325,4.0,"mom20@q0.6,hold_q=0.4,buy_top=5,hold_top=10,rebalance=20d,min_hold=5d,turnover_penalty=0.01,target_vol=0.18",0.16672406721984,1.3865335159118868
2023-08-30 15:00:00,1129320.2954799999,445329.0,683991.2954799997,买,SH.600030,中信证券,21.28,100,129320.29547999986,0.1293202954799999,,持仓不变,账户级撮合-100股整手/现金约束,2,2128.0,5.76688,0.07834720995220251,0.07725709025969166,-0.03623188405797084,40.0,"mom20@q0.6,hold_q=0.4,buy_top=5,hold_top=10,rebalance=20d,min_hold=5d,turnover_penalty=0.01,target_vol=0.18",0.16672406721984,1.3865335159118868
2023-08-30 15:00:00,1129320.2954799999,445329.0,683991.2954799997,买,SH.603799,华友钴业,38.97,100,129320.29547999986,0.1293202954799999,,持仓不变,账户级撮合-100股整手/现金约束,2,3897.0,10.56087,0.10941219532982437,0.10697319483544115,-0.1941687344913151,117.0,"mom20@q0.6,hold_q=0.4,buy_top=5,hold_top=10,rebalance=20d,min_hold=5d,turnover_penalty=0.01,target_vol=0.18",0.16672406721984,1.3865335159118868
2023-08-31 15:00:00,1120856.7725899997,442239.0,678617.7725899998,买,SZ.300059,东方财富,15.67,100,120856.77258999972,0.1208567725899996,,持仓不变,账户级撮合-100股整手/现金约束,2,1567.0,4.246569999999999,0.07165591574662697,0.07129992159063572,-0.06279904306220085,53.0,"mom20@q0.6,hold_q=0.4,buy_top=5,hold_top=10,rebalance=20d,min_hold=5d,turnover_penalty=0.01,target_vol=0.18",0.16672406721984,1.3865335159118868
2023-08-31 15:00:00,1120856.7725899997,442239.0,678617.7725899998,买,SH.603799,华友钴业,37.92,100,120856.77258999972,0.1208567725899996,,持仓不变,账户级撮合-100股整手/现金约束,2,3792.0,10.276319999999998,0.10941219532982437,0.10826004086106963,-0.21032902957101207,117.0,"mom20@q0.6,hold_q=0.4,buy_top=5,hold_top=10,rebalance=20d,min_hold=5d,turnover_penalty=0.01,target_vol=0.18",0.16672406721984,1.3865335159118868
2023-09-05 15:00:00,1120067.1043,546120.0,573947.1043,卖,SH.600030,中信证券,21.1,4100,120067.1043,0.12006710430000012,超时卖/调仓卖,调仓卖出-跌破持有阈值、跌出持有排名,账户级撮合-卖出回款,2,86510.0,277.6971,0.0,0.0,-0.0877648076091655,82.0,"mom20@q0.6,hold_q=0.4,buy_top=5,hold_top=10,rebalance=20d,min_hold=5d,turnover_penalty=0.01,target_vol=0.18",0.16672406721984,1.3865335159118868
2023-09-05 15:00:00,1120067.1043,546120.0,573947.1043,卖,SZ.300059,东方财富,15.69,5100,120067.1043,0.12006710430000012,超时卖/调仓卖,调仓卖出-跌破持有阈值、跌出持有排名,账户级撮合-卖出回款,2,80019.0,256.86098999999996,0.0,0.0,-0.04445797807551777,55.0,"mom20@q0.6,hold_q=0.4,buy_top=5,hold_top=10,rebalance=20d,min_hold=5d,turnover_penalty=0.01,target_vol=0.18",0.16672406721984,1.3865335159118868
2023-09-05 15:00:00,1120067.1043,546120.0,573947.1043,卖,SZ.300033,同花顺,108.14,400,120067.1043,0.12006710430000012,超时卖/调仓卖,调仓卖出-跌破持有阈值、跌出持有排名,账户级撮合-卖出回款,2,43256.0,138.85175999999998,0.0,0.0,-0.1383953469843041,100.0,"mom20@q0.6,hold_q=0.4,buy_top=5,hold_top=10,rebalance=20d,min_hold=5d,turnover_penalty=0.01,target_vol=0.18",0.16672406721984,1.3865335159118868
2023-09-05 15:00:00,1120067.1043,546120.0,573947.1043,卖,SH.603799,华友钴业,38.65,3200,120067.1043,0.12006710430000012,超时卖/调仓卖,调仓卖出-跌破持有阈值、跌出持有排名,账户级撮合-卖出回款,2,123680.0,397.01279999999997,0.0,0.0,-0.21729445119481583,116.0,"mom20@q0.6,hold_q=0.4,buy_top=5,hold_top=10,rebalance=20d,min_hold=5d,turnover_penalty=0.01,target_vol=0.18",0.16672406721984,1.3865335159118868
2023-09-05 15:00:00,1120067.1043,546120.0,573947.1043,买,SH.603256,宏和科技,9.02,7300,120067.1043,0.12006710430000012,,调仓买入-新进前N、满足动量阈值,账户级撮合-100股整手/现金约束,2,65846.0,178.44266,0.05925134724956678,0.058787549198805626,0.15938303341902293,1.0,"mom20@q0.6,hold_q=0.4,buy_top=5,hold_top=10,rebalance=20d,min_hold=5d,turnover_penalty=0.01,target_vol=0.18",0.16672406721984,1.3865335159118868
2023-09-05 15:00:00,1120067.1043,546120.0,573947.1043,买,SH.688981,中芯国际,55.63,1900,120067.1043,0.12006710430000012,,调仓买入-新进前N、满足动量阈值,账户级撮合-100股整手/现金约束,2,105697.0,286.43886999999995,0.0985405524934073,0.09436666749181663,0.12451991105720639,2.0,"mom20@q0.6,hold_q=0.4,buy_top=5,hold_top=10,rebalance=20d,min_hold=5d,turnover_penalty=0.01,target_vol=0.18",0.16672406721984,1.3865335159118868
2023-09-05 15:00:00,1120067.1043,546120.0,573947.1043,买,SH.603259,XD药明康,78.74,300,120067.1043,0.12006710430000012,,调仓买入-权重上调,账户级撮合-100股整手/现金约束,2,23622.0,64.01562,0.12619586939856628,0.11950891110551473,0.10995207217366776,3.0,"mom20@q0.6,hold_q=0.4,buy_top=5,hold_top=10,rebalance=20d,min_hold=5d,turnover_penalty=0.01,target_vol=0.18",0.16672406721984,1.3865335159118868
2023-09-05 15:00:00,1120067.1043,546120.0,573947.1043,买,SH.601088,中国神华,24.26,6400,120067.1043,0.12006710430000012,,调仓买入-新进前N、满足动量阈值,账户级撮合-100股整手/现金约束,2,155264.0,420.76543999999996,0.1399182233529714,0.13862026605721467,0.08206958073148973,5.0,"mom20@q0.6,hold_q=0.4,buy_top=5,hold_top=10,rebalance=20d,min_hold=5d,turnover_penalty=0.01,target_vol=0.18",0.16672406721984,1.3865335159118868
2023-09-05 15:00:00,1120067.1043,546120.0,573947.1043,买,SH.601600,中国铝业,6.33,13500,120067.1043,0.12006710430000012,,调仓买入-满足动量阈值,账户级撮合-100股整手/现金约束,2,85455.0,231.58305,0.07662641305474446,0.07629453598979337,0.06745362563237789,6.0,"mom20@q0.6,hold_q=0.4,buy_top=5,hold_top=10,rebalance=20d,min_hold=5d,turnover_penalty=0.01,target_vol=0.18",0.16672406721984,1.3865335159118868
2023-09-06 15:00:00,1115171.96087,548678.0,566493.96087,买,SH.603259,XD药明康,74.33,100,115171.96087000007,0.11517196087000015,,持仓不变,账户级撮合-100股整手/现金约束,2,7433.0,20.14343,0.12619586939856628,0.11997611551820292,0.010330297675683164,32.0,"mom20@q0.6,hold_q=0.4,buy_top=5,hold_top=10,rebalance=20d,min_hold=5d,turnover_penalty=0.01,target_vol=0.18",0.16672406721984,1.3865335159118868
2023-09-07 15:00:00,1111294.2656299998,555651.0,555643.2656299999,卖,SH.603256,宏和科技,10.01,700,111294.2656299998,0.11129426562999978,超时卖/调仓卖,持仓不变,账户级撮合-卖出回款,2,7007.0,22.492469999999997,0.05925134724956678,0.059449600383339296,0.2983138780804151,1.0,"mom20@q0.6,hold_q=0.4,buy_top=5,hold_top=10,rebalance=20d,min_hold=5d,turnover_penalty=0.01,target_vol=0.18",0.16672406721984,1.3865335159118868
2023-09-07 15:00:00,1111294.2656299998,555651.0,555643.2656299999,买,SH.688981,中芯国际,52.12,200,111294.2656299998,0.11129426562999978,,持仓不变,账户级撮合-100股整手/现金约束,2,10424.0,28.249039999999997,0.0985405524934073,0.09849056490717241,0.07530431194553322,6.0,"mom20@q0.6,hold_q=0.4,buy_top=5,hold_top=10,rebalance=20d,min_hold=5d,turnover_penalty=0.01,target_vol=0.18",0.16672406721984,1.3865335159118868
2023-09-07 15:00:00,1111294.2656299998,555651.0,555643.2656299999,买,SH.603259,XD药明康,73.63,100,111294.2656299998,0.11129426562999978,,持仓不变,账户级撮合-100股整手/现金约束,2,7363.0,19.953729999999997,0.12619586939856628,0.1258865489787185,-0.03410730683457963,48.0,"mom20@q0.6,hold_q=0.4,buy_top=5,hold_top=10,rebalance=20d,min_hold=5d,turnover_penalty=0.01,target_vol=0.18",0.16672406721984,1.3865335159118868
2023-09-08 15:00:00,1101289.2820699997,552300.0,548989.2820699998,买,SH.603256,宏和科技,9.01,600,101289.28206999972,0.10128928206999976,,持仓不变,账户级撮合-100股整手/现金约束,2,5406.0,14.65026,0.05925134724956678,0.058905503809195,0.19337748344370853,1.0,"mom20@q0.6,hold_q=0.4,buy_top=5,hold_top=10,rebalance=20d,min_hold=5d,turnover_penalty=0.01,target_vol=0.18",0.16672406721984,1.3865335159118868
2023-09-08 15:00:00,1101289.2820699997,552300.0,548989.2820699998,买,SH.601600,中国铝业,6.15,200,101289.28206999972,0.10128928206999976,,持仓不变,账户级撮合-100股整手/现金约束,2,1230.0,3.3332999999999995,0.07662641305474446,0.076505784058511,0.08274647887323949,11.0,"mom20@q0.6,hold_q=0.4,buy_top=5,hold_top=10,rebalance=20d,min_hold=5d,turnover_penalty=0.01,target_vol=0.18",0.16672406721984,1.3865335159118868
2023-09-11 15:00:00,1099952.65319,556863.0,543089.6531899999,卖,SH.601600,中国铝业,6.24,100,99952.65318999998,0.09995265318999991,超时卖/调仓卖,持仓不变,账户级撮合-卖出回款,2,624.0,2.00304,0.07662641305474446,0.0771524117459818,0.10247349823321561,5.0,"mom20@q0.6,hold_q=0.4,buy_top=5,hold_top=10,rebalance=20d,min_hold=5d,turnover_penalty=0.01,target_vol=0.18",0.16672406721984,1.3865335159118868
2023-09-11 15:00:00,1099952.65319,556863.0,543089.6531899999,买,SH.603256,宏和科技,8.13,800,99952.65318999998,0.09995265318999991,,持仓不变,账户级撮合-100股整手/现金约束,2,6504.000000000001,17.62584,0.05925134724956678,0.05912981782568176,0.08111702127659592,10.0,"mom20@q0.6,hold_q=0.4,buy_top=5,hold_top=10,rebalance=20d,min_hold=5d,turnover_penalty=0.01,target_vol=0.18",0.16672406721984,1.3865335159118868
2023-09-12 15:00:00,1096049.4987399997,553757.0,542292.4987399998,买,SH.603256,宏和科技,7.95,100,96049.49873999972,0.0960494987399998,,持仓不变,账户级撮合-100股整手/现金约束,2,795.0,2.1544499999999998,0.05925134724956678,0.05875190862641461,0.0628342245989304,19.0,"mom20@q0.6,hold_q=0.4,buy_top=5,hold_top=10,rebalance=20d,min_hold=5d,turnover_penalty=0.01,target_vol=0.18",0.16672406721984,1.3865335159118868
2023-09-13 15:00:00,1096090.3968999998,550418.0,545672.3968999998,卖,SH.601088,中国神华,24.76,200,96090.39689999982,0.09609039689999976,超时卖/调仓卖,持仓不变,账户级撮合-卖出回款,2,4952.0,15.895919999999998,0.1399182233529714,0.14005414191581997,0.13059360730593617,8.0,"mom20@q0.6,hold_q=0.4,buy_top=5,hold_top=10,rebalance=20d,min_hold=5d,turnover_penalty=0.01,target_vol=0.18",0.16672406721984,1.3865335159118868
2023-09-13 15:00:00,1096090.3968999998,550418.0,545672.3968999998,买,SH.603256,宏和科技,7.76,200,96090.39689999982,0.09609039689999976,,持仓不变,账户级撮合-100股整手/现金约束,2,1552.0,4.20592,0.05925134724956678,0.05876157676607778,0.043010752688172005,30.0,"mom20@q0.6,hold_q=0.4,buy_top=5,hold_top=10,rebalance=20d,min_hold=5d,turnover_penalty=0.01,target_vol=0.18",0.16672406721984,1.3865335159118868
2023-09-14 15:00:00,1110230.4565499998,557745.0,552485.4565499999,卖,SH.603256,宏和科技,8.54,500,110230.45654999977,0.11023045654999986,超时卖/调仓卖,持仓不变,账户级撮合-卖出回款,2,4270.0,13.7067,0.05925134724956678,0.05999835404173142,0.12813738441215317,5.0,"mom20@q0.6,hold_q=0.4,buy_top=5,hold_top=10,rebalance=20d,min_hold=5d,turnover_penalty=0.01,target_vol=0.18",0.16672406721984,1.3865335159118868
2023-09-14 15:00:00,1110230.4565499998,557745.0,552485.4565499999,卖,SH.601088,中国神华,25.65,100,110230.45654999977,0.11023045654999986,超时卖/调仓卖,持仓不变,账户级撮合-卖出回款,2,2565.0,8.233649999999999,0.1399182233529714,0.1409301997408801,0.17069831127339108,2.0,"mom20@q0.6,hold_q=0.4,buy_top=5,hold_top=10,rebalance=20d,min_hold=5d,turnover_penalty=0.01,target_vol=0.18",0.16672406721984,1.3865335159118868
2023-09-18 15:00:00,1114700.88741,558869.0,555831.8874099999,卖,SH.603259,XD药明康,78.33,100,114700.88740999997,0.11470088740999995,超时卖/调仓卖,持仓不变,账户级撮合-卖出回款,2,7833.0,25.143929999999997,0.12619586939856628,0.12648594936315033,0.042592839078929856,33.0,"mom20@q0.6,hold_q=0.4,buy_top=5,hold_top=10,rebalance=20d,min_hold=5d,turnover_penalty=0.01,target_vol=0.18",0.16672406721984,1.3865335159118868
2023-09-18 15:00:00,1114700.88741,558869.0,555831.8874099999,卖,SH.603256,宏和科技,8.78,200,114700.88740999997,0.11470088740999995,超时卖/调仓卖,持仓不变,账户级撮合-卖出回款,2,1755.9999999999998,5.636759999999999,0.05925134724956678,0.05986179858082114,0.1848852901484479,3.0,"mom20@q0.6,hold_q=0.4,buy_top=5,hold_top=10,rebalance=20d,min_hold=5d,turnover_penalty=0.01,target_vol=0.18",0.16672406721984,1.3865335159118868
2023-09-18 15:00:00,1114700.88741,558869.0,555831.8874099999,买,SH.601600,中国铝业,6.16,200,114700.88740999997,0.11470088740999995,,持仓不变,账户级撮合-100股整手/现金约束,2,1232.0,3.3387199999999995,0.07662641305474446,0.076260816655054,0.13235294117647056,7.0,"mom20@q0.6,hold_q=0.4,buy_top=5,hold_top=10,rebalance=20d,min_hold=5d,turnover_penalty=0.01,target_vol=0.18",0.16672406721984,1.3865335159118868
2023-09-18 15:00:00,1114700.88741,558869.0,555831.8874099999,买,SH.688981,中芯国际,49.63,100,114700.88740999997,0.11470088740999995,,持仓不变,账户级撮合-100股整手/现金约束,2,4963.0,13.449729999999999,0.0985405524934073,0.097950940232669,0.04089765100671139,34.0,"mom20@q0.6,hold_q=0.4,buy_top=5,hold_top=10,rebalance=20d,min_hold=5d,turnover_penalty=0.01,target_vol=0.18",0.16672406721984,1.3865335159118868
2023-09-21 15:00:00,998836.7650199999,429238.0,569598.7650199999,买,SH.603256,宏和科技,8.97,4100,-1163.2349800000666,-0.0011632349800000386,,调仓买入-新进前N、满足动量阈值,账户级撮合-100股整手/现金约束,3,36777.0,99.66566999999999,0.03759369185860616,0.03681983011434667,0.23383768913342529,1.0,"mom20@q0.6,hold_q=0.4,buy_top=5,hold_top=10,rebalance=20d,min_hold=5d,turnover_penalty=0.01,target_vol=0.18",0.11504032864857394,0.8654499609585041
2023-09-21 15:00:00,998836.7650199999,429238.0,569598.7650199999,买,SZ.301308,江波龙,92.11,700,-1163.2349800000666,-0.0011632349800000386,,调仓买入-新进前N、满足动量阈值,账户级撮合-100股整手/现金约束,3,64477.0,174.73266999999998,0.06550083629615434,0.06455208924824564,0.1578881206788183,2.0,"mom20@q0.6,hold_q=0.4,buy_top=5,hold_top=10,rebalance=20d,min_hold=5d,turnover_penalty=0.01,target_vol=0.18",0.11504032864857394,0.8654499609585041
2023-09-21 15:00:00,998836.7650199999,429238.0,569598.7650199999,买,SH.601088,中国神华,25.66,6000,-1163.2349800000666,-0.0011632349800000386,,调仓买入-新进前N、满足动量阈值,账户级撮合-100股整手/现金约束,3,153960.0,417.23159999999996,0.15581934517820753,0.1541393002258154,0.15015688032272534,3.0,"mom20@q0.6,hold_q=0.4,buy_top=5,hold_top=10,rebalance=20d,min_hold=5d,turnover_penalty=0.01,target_vol=0.18",0.11504032864857394,0.8654499609585041
2023-09-21 15:00:00,998836.7650199999,429238.0,569598.7650199999,买,SH.600276,恒瑞医药,43.29,2600,-1163.2349800000666,-0.0011632349800000386,,调仓买入-满足动量阈值,账户级撮合-100股整手/现金约束,3,112554.0,305.02133999999995,0.11349130572015292,0.11268507922587963,0.08659638554216853,10.0,"mom20@q0.6,hold_q=0.4,buy_top=5,hold_top=10,rebalance=20d,min_hold=5d,turnover_penalty=0.01,target_vol=0.18",0.11504032864857394,0.8654499609585041
2023-09-21 15:00:00,998836.7650199999,429238.0,569598.7650199999,买,SZ.001309,德明利,40.98,1500,-1163.2349800000666,-0.0011632349800000386,,调仓买入-满足动量阈值,账户级撮合-100股整手/现金约束,3,61469.99999999999,166.58369999999996,0.06217397458328251,0.06154158732710361,0.046475995914198265,23.0,"mom20@q0.6,hold_q=0.4,buy_top=5,hold_top=10,rebalance=20d,min_hold=5d,turnover_penalty=0.01,target_vol=0.18",0.11504032864857394,0.8654499609585041
2023-09-22 15:00:00,999274.3964799999,430552.0,568722.3964799999,买,SH.603256,宏和科技,8.74,100,-725.6035200001206,-0.0007256035200001731,,持仓不变,账户级撮合-100股整手/现金约束,3,874.0,2.36854,0.03759369185860616,0.036734654794825114,0.22408963585434183,4.0,"mom20@q0.6,hold_q=0.4,buy_top=5,hold_top=10,rebalance=20d,min_hold=5d,turnover_penalty=0.01,target_vol=0.18",0.11504032864857394,0.8654499609585041
2023-09-26 15:00:00,997215.8599399999,430172.0,567043.8599399999,买,SH.603256,宏和科技,8.37,200,-2784.1400600001216,-0.002784140060000162,,持仓不变,账户级撮合-100股整手/现金约束,3,1673.9999999999998,4.536539999999999,0.03759369185860616,0.03693082057701715,0.11599999999999988,9.0,"mom20@q0.6,hold_q=0.4,buy_top=5,hold_top=10,rebalance=20d,min_hold=5d,turnover_penalty=0.01,target_vol=0.18",0.11504032864857394,0.8654499609585041
2023-09-27 15:00:00,992349.6268999999,426132.0,566217.6268999999,买,SH.603256,宏和科技,8.24,100,-7650.373100000084,-0.007650373100000052,,持仓不变,账户级撮合-100股整手/现金约束,3,824.0,2.23304,0.03759369185860616,0.03736586279155884,-0.00121212121212122,41.0,"mom20@q0.6,hold_q=0.4,buy_top=5,hold_top=10,rebalance=20d,min_hold=5d,turnover_penalty=0.01,target_vol=0.18",0.11504032864857394,0.8654499609585041
2023-10-10 15:00:00,1007744.87855,443214.0,564530.87855,卖,SH.603256,宏和科技,8.79,100,7744.878550000023,0.007744878550000056,超时卖/调仓卖,持仓不变,账户级撮合-卖出回款,3,878.9999999999999,2.8215899999999996,0.03759369185860616,0.03837876115594772,0.0068728522336767295,37.0,"mom20@q0.6,hold_q=0.4,buy_top=5,hold_top=10,rebalance=20d,min_hold=5d,turnover_penalty=0.01,target_vol=0.18",0.11504032864857394,0.8654499609585041
2023-10-10 15:00:00,1007744.87855,443214.0,564530.87855,买,SH.601088,中国神华,25.56,100,7744.878550000023,0.007744878550000056,,持仓不变,账户级撮合-100股整手/现金约束,3,2556.0,6.926759999999999,0.15581934517820753,0.15471772997183642,0.06146179401993357,15.0,"mom20@q0.6,hold_q=0.4,buy_top=5,hold_top=10,rebalance=20d,min_hold=5d,turnover_penalty=0.01,target_vol=0.18",0.11504032864857394,0.8654499609585041
2023-10-11 15:00:00,1006493.0427700001,440150.0,566343.0427700001,卖,SH.603256,宏和科技,9.09,200,6493.042770000058,0.006493042770000068,超时卖/调仓卖,持仓不变,账户级撮合-卖出回款,3,1818.0,5.83578,0.03759369185860616,0.03793170779892245,0.0077605321507761005,41.0,"mom20@q0.6,hold_q=0.4,buy_top=5,hold_top=10,rebalance=20d,min_hold=5d,turnover_penalty=0.01,target_vol=0.18",0.11504032864857394,0.8654499609585041
2023-10-12 15:00:00,1007383.21357,443567.0,563816.21357,买,SH.601088,中国神华,25.2,100,7383.213570000022,0.007383213570000047,,持仓不变,账户级撮合-100股整手/现金约束,3,2520.0,6.829199999999999,0.15581934517820753,0.15509490122066974,0.042183622828784184,23.0,"mom20@q0.6,hold_q=0.4,buy_top=5,hold_top=10,rebalance=20d,min_hold=5d,turnover_penalty=0.01,target_vol=0.18",0.11504032864857394,0.8654499609585041
2023-10-13 15:00:00,1012747.14262,444251.0,568496.14262,卖,SZ.001309,德明利,46.95,100,12747.142620000057,0.012747142620000096,超时卖/调仓卖,持仓不变,账户级撮合-卖出回款,3,4695.0,15.070949999999998,0.06217397458328251,0.06490267632842191,0.05695632597928868,27.0,"mom20@q0.6,hold_q=0.4,buy_top=5,hold_top=10,rebalance=20d,min_hold=5d,turnover_penalty=0.01,target_vol=0.18",0.11504032864857394,0.8654499609585041
2023-10-16 15:00:00,1019595.2081800001,446151.0,573444.2081800001,卖,SZ.001309,德明利,49.64,100,19595.208180000074,0.019595208180000157,超时卖/调仓卖,持仓不变,账户级撮合-卖出回款,3,4964.0,15.934439999999999,0.06217397458328251,0.06329178431035493,0.13905461220743476,8.0,"mom20@q0.6,hold_q=0.4,buy_top=5,hold_top=10,rebalance=20d,min_hold=5d,turnover_penalty=0.01,target_vol=0.18",0.11504032864857394,0.8654499609585041
2023-10-17 15:00:00,1022412.82067,449852.0,572560.82067,买,SH.603256,宏和科技,8.81,100,22412.820670000045,0.022412820670000055,,持仓不变,账户级撮合-100股整手/现金约束,3,881.0,2.38751,0.03759369185860616,0.0370525478888017,0.08364083640836406,15.0,"mom20@q0.6,hold_q=0.4,buy_top=5,hold_top=10,rebalance=20d,min_hold=5d,turnover_penalty=0.01,target_vol=0.18",0.11504032864857394,0.8654499609585041
2023-10-18 15:00:00,1013147.1119700001,438847.0,574300.1119700001,卖,SH.601088,中国神华,26.1,100,13147.111970000085,0.01314711197000018,超时卖/调仓卖,持仓不变,账户级撮合-卖出回款,3,2610.0,8.3781,0.15581934517820753,0.15714401010375115,0.07363225010283836,18.0,"mom20@q0.6,hold_q=0.4,buy_top=5,hold_top=10,rebalance=20d,min_hold=5d,turnover_penalty=0.01,target_vol=0.18",0.11504032864857394,0.8654499609585041
2023-10-18 15:00:00,1013147.1119700001,438847.0,574300.1119700001,买,SH.603256,宏和科技,8.6,100,13147.111970000085,0.01314711197000018,,持仓不变,账户级撮合-100股整手/现金约束,3,860.0,2.3305999999999996,0.03759369185860616,0.03734896892359741,0.08176100628930816,15.0,"mom20@q0.6,hold_q=0.4,buy_top=5,hold_top=10,rebalance=20d,min_hold=5d,turnover_penalty=0.01,target_vol=0.18",0.11504032864857394,0.8654499609585041
2023-10-20 15:00:00,999236.8789300001,425763.0,573473.8789300001,买,SH.603256,宏和科技,8.24,100,-763.1210699998774,-0.0007631210699998725,,持仓不变,账户级撮合-100股整手/现金约束,3,824.0,2.23304,0.03759369185860616,0.03710831813944447,-0.03512880562060883,42.0,"mom20@q0.6,hold_q=0.4,buy_top=5,hold_top=10,rebalance=20d,min_hold=5d,turnover_penalty=0.01,target_vol=0.18",0.11504032864857394,0.8654499609585041
2023-10-23 15:00:00,999433.6296500001,427532.0,571901.6296500001,买,SH.603256,宏和科技,7.84,200,-566.3703499998664,-0.0005663703499998451,,持仓不变,账户级撮合-100股整手/现金约束,3,1568.0,4.24928,0.03759369185860616,0.03686888144128601,-0.08731082654249123,68.0,"mom20@q0.6,hold_q=0.4,buy_top=5,hold_top=10,rebalance=20d,min_hold=5d,turnover_penalty=0.01,target_vol=0.18",0.11504032864857394,0.8654499609585041
2023-10-24 15:00:00,1004608.1723800001,434397.0,570211.1723800001,卖,SH.603256,宏和科技,8.28,100,4608.17238000012,0.0046081723800002194,超时卖/调仓卖,持仓不变,账户级撮合-卖出回款,3,827.9999999999999,2.6578799999999996,0.03759369185860616,0.03791328902866315,-0.056947608200455635,50.0,"mom20@q0.6,hold_q=0.4,buy_top=5,hold_top=10,rebalance=20d,min_hold=5d,turnover_penalty=0.01,target_vol=0.18",0.11504032864857394,0.8654499609585041
2023-10-24 15:00:00,1004608.1723800001,434397.0,570211.1723800001,买,SH.601088,中国神华,25.09,100,4608.17238000012,0.0046081723800002194,,持仓不变,账户级撮合-100股整手/现金约束,3,2509.0,6.799389999999999,0.15581934517820753,0.15484445008193612,-0.024873688301593533,34.0,"mom20@q0.6,hold_q=0.4,buy_top=5,hold_top=10,rebalance=20d,min_hold=5d,turnover_penalty=0.01,target_vol=0.18",0.11504032864857394,0.8654499609585041
2023-10-27 15:00:00,1006419.9651600003,282516.0,723903.9651600003,卖,SH.603256,宏和科技,8.09,4600,6419.965160000254,0.006419965160000318,超时卖/调仓卖,调仓卖出-跌破持有阈值、跌出持有排名,账户级撮合-卖出回款,3,37214.0,119.45693999999999,0.0,0.0,-0.09810479375696779,103.0,"mom20@q0.6,hold_q=0.4,buy_top=5,hold_top=10,rebalance=20d,min_hold=5d,turnover_penalty=0.01,target_vol=0.18",0.11504032864857394,0.8654499609585041
2023-10-27 15:00:00,1006419.9651600003,282516.0,723903.9651600003,卖,SZ.301308,江波龙,95.71,700,6419.965160000254,0.006419965160000318,超时卖/调仓卖,调仓卖出-跌出持有排名,账户级撮合-卖出回款,3,66997.0,215.06036999999998,0.0,0.0,0.03908370426663765,25.0,"mom20@q0.6,hold_q=0.4,buy_top=5,hold_top=10,rebalance=20d,min_hold=5d,turnover_penalty=0.01,target_vol=0.18",0.11504032864857394,0.8654499609585041
2023-10-27 15:00:00,1006419.9651600003,282516.0,723903.9651600003,卖,SH.601088,中国神华,24.85,6200,6419.965160000254,0.006419965160000318,超时卖/调仓卖,调仓卖出-跌出持有排名,账户级撮合-卖出回款,3,154070.0,494.56469999999996,0.0,0.0,-0.03156664068589243,67.0,"mom20@q0.6,hold_q=0.4,buy_top=5,hold_top=10,rebalance=20d,min_hold=5d,turnover_penalty=0.01,target_vol=0.18",0.11504032864857394,0.8654499609585041
2023-10-27 15:00:00,1006419.9651600003,282516.0,723903.9651600003,卖,SH.600276,恒瑞医药,44.8,2600,6419.965160000254,0.006419965160000318,超时卖/调仓卖,调仓卖出-跌出持有排名,账户级撮合-卖出回款,3,116479.99999999999,373.90079999999995,0.0,0.0,0.03488103488103489,26.0,"mom20@q0.6,hold_q=0.4,buy_top=5,hold_top=10,rebalance=20d,min_hold=5d,turnover_penalty=0.01,target_vol=0.18",0.11504032864857394,0.8654499609585041
2023-10-27 15:00:00,1006419.9651600003,282516.0,723903.9651600003,买,SZ.300136,信维通信,24.51,1600,6419.965160000254,0.006419965160000318,,调仓买入-新进前N、满足动量阈值,账户级撮合-100股整手/现金约束,3,39216.0,106.27535999999999,0.04134267024040717,0.03896584066052928,0.4477259303012404,1.0,"mom20@q0.6,hold_q=0.4,buy_top=5,hold_top=10,rebalance=20d,min_hold=5d,turnover_penalty=0.01,target_vol=0.18",0.11504032864857394,0.8654499609585041
2023-10-27 15:00:00,1006419.9651600003,282516.0,723903.9651600003,买,SZ.300857,协创数据,13.19,4500,6419.965160000254,0.006419965160000318,,调仓买入-新进前N、满足动量阈值,账户级撮合-100股整手/现金约束,3,59355.0,160.85205,0.05956582707665528,0.05897637373535586,0.22356215213358066,2.0,"mom20@q0.6,hold_q=0.4,buy_top=5,hold_top=10,rebalance=20d,min_hold=5d,turnover_penalty=0.01,target_vol=0.18",0.11504032864857394,0.8654499609585041
2023-10-27 15:00:00,1006419.9651600003,282516.0,723903.9651600003,买,SH.688012,DR中微公,164.96,400,6419.965160000254,0.006419965160000318,,调仓买入-新进前N、满足动量阈值,账户级撮合-100股整手/现金约束,3,65984.0,178.81663999999998,0.07407912084060847,0.06556308726398317,0.2092068611640523,3.0,"mom20@q0.6,hold_q=0.4,buy_top=5,hold_top=10,rebalance=20d,min_hold=5d,turnover_penalty=0.01,target_vol=0.18",0.11504032864857394,0.8654499609585041
2023-10-27 15:00:00,1006419.9651600003,282516.0,723903.9651600003,买,SZ.001309,德明利,48.65,100,6419.965160000254,0.006419965160000318,,调仓买入-权重上调,账户级撮合-100股整手/现金约束,3,4865.0,13.184149999999999,0.07194017650621497,0.06767552548420669,0.18716447047340168,5.0,"mom20@q0.6,hold_q=0.4,buy_top=5,hold_top=10,rebalance=20d,min_hold=5d,turnover_penalty=0.01,target_vol=0.18",0.11504032864857394,0.8654499609585041
2023-10-27 15:00:00,1006419.9651600003,282516.0,723903.9651600003,买,SH.688072,拓荆科技,166.17,300,6419.965160000254,0.006419965160000318,,调仓买入-满足动量阈值,账户级撮合-100股整手/现金约束,3,49850.99999999999,135.09620999999996,0.06323308545956512,0.049532999866586214,0.17285431959345,6.0,"mom20@q0.6,hold_q=0.4,buy_top=5,hold_top=10,rebalance=20d,min_hold=5d,turnover_penalty=0.01,target_vol=0.18",0.11504032864857394,0.8654499609585041
2023-10-30 15:00:00,1018927.4486900002,293621.0,725306.4486900002,卖,SZ.300857,协创数据,14.07,100,18927.448690000223,0.01892744869000018,超时卖/调仓卖,持仓不变,账户级撮合-卖出回款,3,1407.0,4.51647,0.05956582707665528,0.06075800595969122,0.2652877697841727,2.0,"mom20@q0.6,hold_q=0.4,buy_top=5,hold_top=10,rebalance=20d,min_hold=5d,turnover_penalty=0.01,target_vol=0.18",0.11504032864857394,0.8654499609585041
2023-11-02 15:00:00,1004212.3842700003,301870.0,702342.3842700003,买,SZ.300136,信维通信,23.85,100,4212.3842700002715,0.004212384270000369,,持仓不变,账户级撮合-100股整手/现金约束,3,2385.0,6.463349999999999,0.04134267024040717,0.04037492529976484,0.3939216832261836,1.0,"mom20@q0.6,hold_q=0.4,buy_top=5,hold_top=10,rebalance=20d,min_hold=5d,turnover_penalty=0.01,target_vol=0.18",0.11504032864857394,0.8654499609585041
2023-11-02 15:00:00,1004212.3842700003,301870.0,702342.3842700003,买,SZ.001309,德明利,47.83,100,4212.3842700002715,0.004212384270000369,,持仓不变,账户级撮合-100股整手/现金约束,3,4783.0,12.961929999999999,0.07194017650621497,0.07144405020672409,0.1984465046354298,2.0,"mom20@q0.6,hold_q=0.4,buy_top=5,hold_top=10,rebalance=20d,min_hold=5d,turnover_penalty=0.01,target_vol=0.18",0.11504032864857394,0.8654499609585041
2023-11-02 15:00:00,1004212.3842700003,301870.0,702342.3842700003,买,SH.688072,拓荆科技,157.34,100,4212.3842700002715,0.004212384270000369,,持仓不变,账户级撮合-100股整手/现金约束,3,15734.0,42.63914,0.06323308545956512,0.0626720014469355,0.08780420353982321,13.0,"mom20@q0.6,hold_q=0.4,buy_top=5,hold_top=10,rebalance=20d,min_hold=5d,turnover_penalty=0.01,target_vol=0.18",0.11504032864857394,0.8654499609585041
2023-11-03 15:00:00,1011222.8260700003,307465.0,703757.8260700003,卖,SZ.300857,协创数据,14.2,100,11222.826070000301,0.011222826070000247,超时卖/调仓卖,持仓不变,账户级撮合-卖出回款,3,1420.0,4.558199999999999,0.05956582707665528,0.06038233950602418,0.10850897736143628,10.0,"mom20@q0.6,hold_q=0.4,buy_top=5,hold_top=10,rebalance=20d,min_hold=5d,turnover_penalty=0.01,target_vol=0.18",0.11504032864857394,0.8654499609585041
2023-11-06 15:00:00,1015458.1447100003,308694.0,706764.1447100003,卖,SZ.300857,协创数据,15.08,200,15458.144710000255,0.015458144710000177,超时卖/调仓卖,持仓不变,账户级撮合-卖出回款,3,3016.0,9.68136,0.05956582707665528,0.06088680298847488,0.16989914662529082,5.0,"mom20@q0.6,hold_q=0.4,buy_top=5,hold_top=10,rebalance=20d,min_hold=5d,turnover_penalty=0.01,target_vol=0.18",0.11504032864857394,0.8654499609585041
2023-11-10 15:00:00,1028122.6052700003,315912.0,712210.6052700003,卖,SZ.001309,德明利,54.64,100,28122.60527000029,0.028122605270000323,超时卖/调仓卖,持仓不变,账户级撮合-卖出回款,3,5464.0,17.53944,0.07194017650621497,0.0744035775576698,0.1637912673056443,4.0,"mom20@q0.6,hold_q=0.4,buy_top=5,hold_top=10,rebalance=20d,min_hold=5d,turnover_penalty=0.01,target_vol=0.18",0.11504032864857394,0.8654499609585041
2023-11-13 15:00:00,1030117.0345700003,315245.0,714872.0345700003,卖,SZ.300136,信维通信,26.7,100,30117.03457000025,0.030117034570000145,超时卖/调仓卖,持仓不变,账户级撮合-卖出回款,3,2670.0,8.570699999999999,0.04134267024040717,0.04147101597813352,0.2720343020485947,1.0,"mom20@q0.6,hold_q=0.4,buy_top=5,hold_top=10,rebalance=20d,min_hold=5d,turnover_penalty=0.01,target_vol=0.18",0.11504032864857394,0.8654499609585041
2023-11-15 15:00:00,1035853.0396500003,314151.0,721702.0396500003,卖,SZ.300857,协创数据,17.13,400,35853.03965000028,0.03585303965000031,超时卖/调仓卖,持仓不变,账户级撮合-卖出回款,3,6852.0,21.994919999999997,0.05956582707665528,0.06118725106161344,0.29283018867924526,3.0,"mom20@q0.6,hold_q=0.4,buy_top=5,hold_top=10,rebalance=20d,min_hold=5d,turnover_penalty=0.01,target_vol=0.18",0.11504032864857394,0.8654499609585041
2023-11-16 15:00:00,1043491.4686500003,311968.0,731523.4686500003,卖,SZ.300857,协创数据,20.64,600,43491.468650000286,0.04349146865000031,超时卖/调仓卖,持仓不变,账户级撮合-卖出回款,3,12384.0,39.75264,0.05956582707665528,0.06131722387992135,0.5938223938223939,1.0,"mom20@q0.6,hold_q=0.4,buy_top=5,hold_top=10,rebalance=20d,min_hold=5d,turnover_penalty=0.01,target_vol=0.18",0.11504032864857394,0.8654499609585041
2023-11-16 15:00:00,1043491.4686500003,311968.0,731523.4686500003,买,SZ.300136,信维通信,25.16,100,43491.468650000286,0.04349146865000031,,持仓不变,账户级撮合-100股整手/现金约束,3,2516.0,6.818359999999999,0.04134267024040717,0.040989314512878156,0.2929085303186023,3.0,"mom20@q0.6,hold_q=0.4,buy_top=5,hold_top=10,rebalance=20d,min_hold=5d,turnover_penalty=0.01,target_vol=0.18",0.11504032864857394,0.8654499609585041
2023-11-17 15:00:00,1047367.7693800003,313764.0,733603.7693800003,卖,SZ.300857,协创数据,20.87,100,47367.7693800003,0.04736776938000031,超时卖/调仓卖,持仓不变,账户级撮合-卖出回款,3,2087.0,6.699269999999999,0.05956582707665528,0.0597784291539376,0.6407232704402515,1.0,"mom20@q0.6,hold_q=0.4,buy_top=5,hold_top=10,rebalance=20d,min_hold=5d,turnover_penalty=0.01,target_vol=0.18",0.11504032864857394,0.8654499609585041
2023-11-20 15:00:00,1048753.0868400005,310590.0,738163.0868400004,卖,SZ.300857,协创数据,22.87,200,48753.08684000047,0.04875308684000057,超时卖/调仓卖,持仓不变,账户级撮合-卖出回款,3,4574.0,14.68254,0.05956582707665528,0.06105917665801296,0.9010806317539486,1.0,"mom20@q0.6,hold_q=0.4,buy_top=5,hold_top=10,rebalance=20d,min_hold=5d,turnover_penalty=0.01,target_vol=0.18",0.11504032864857394,0.8654499609585041
2023-11-21 15:00:00,1040439.9807200003,307212.0,733227.9807200003,卖,SZ.300857,协创数据,23.32,100,40439.98072000034,0.040439980720000435,超时卖/调仓卖,持仓不变,账户级撮合-卖出回款,3,2332.0,7.48572,0.05956582707665528,0.060516705592597426,0.8147859922178988,1.0,"mom20@q0.6,hold_q=0.4,buy_top=5,hold_top=10,rebalance=20d,min_hold=5d,turnover_penalty=0.01,target_vol=0.18",0.11504032864857394,0.8654499609585041
2023-11-21 15:00:00,1040439.9807200003,307212.0,733227.9807200003,买,SZ.001309,德明利,48.68,100,40439.98072000034,0.040439980720000435,,持仓不变,账户级撮合-100股整手/现金约束,3,4868.0,13.192279999999998,0.07194017650621497,0.07018184744253007,0.0049545829892652105,89.0,"mom20@q0.6,hold_q=0.4,buy_top=5,hold_top=10,rebalance=20d,min_hold=5d,turnover_penalty=0.01,target_vol=0.18",0.11504032864857394,0.8654499609585041
2023-11-21 15:00:00,1040439.9807200003,307212.0,733227.9807200003,买,SZ.300136,信维通信,23.72,100,40439.98072000034,0.040439980720000435,,持仓不变,账户级撮合-100股整手/现金约束,3,2372.0,6.428119999999999,0.04134267024040717,0.0410364853246544,-0.04431909750201457,112.0,"mom20@q0.6,hold_q=0.4,buy_top=5,hold_top=10,rebalance=20d,min_hold=5d,turnover_penalty=0.01,target_vol=0.18",0.11504032864857394,0.8654499609585041
2023-11-22 15:00:00,1029849.1596400003,298775.0,731074.1596400003,买,SZ.300857,协创数据,21.48,100,29849.159640000318,0.029849159640000344,,持仓不变,账户级撮合-100股整手/现金约束,3,2148.0,5.821079999999999,0.05956582707665528,0.05840078562672641,0.6101949025487257,1.0,"mom20@q0.6,hold_q=0.4,buy_top=5,hold_top=10,rebalance=20d,min_hold=5d,turnover_penalty=0.01,target_vol=0.18",0.11504032864857394,0.8654499609585041
2023-11-23 15:00:00,1040922.6225600003,307508.0,733414.6225600003,卖,SZ.300857,协创数据,23.48,100,40922.62256000028,0.040922622560000343,超时卖/调仓卖,持仓不变,账户级撮合-卖出回款,3,2348.0,7.53708,0.05956582707665528,0.0609036624106474,0.7522388059701492,1.0,"mom20@q0.6,hold_q=0.4,buy_top=5,hold_top=10,rebalance=20d,min_hold=5d,turnover_penalty=0.01,target_vol=0.18",0.11504032864857394,0.8654499609585041
2023-11-24 15:00:00,1035092.6389800003,211328.0,823764.6389800003,卖,SZ.001309,德明利,46.97,1500,35092.63898000028,0.03509263898000037,超时卖/调仓卖,调仓卖出-跌出持有排名,账户级撮合-卖出回款,3,70455.0,226.16054999999997,0.0,0.0,-0.03453237410071941,88.0,"mom20@q0.6,hold_q=0.4,buy_top=5,hold_top=10,rebalance=20d,min_hold=5d,turnover_penalty=0.01,target_vol=0.18",0.11504032864857394,0.8654499609585041
2023-11-24 15:00:00,1035092.6389800003,211328.0,823764.6389800003,卖,SZ.300136,信维通信,22.79,1800,35092.63898000028,0.03509263898000037,超时卖/调仓卖,调仓卖出-跌破持有阈值、跌出持有排名,账户级撮合-卖出回款,3,41022.0,131.68061999999998,0.0,0.0,-0.07017543859649134,111.0,"mom20@q0.6,hold_q=0.4,buy_top=5,hold_top=10,rebalance=20d,min_hold=5d,turnover_penalty=0.01,target_vol=0.18",0.11504032864857394,0.8654499609585041
2023-11-24 15:00:00,1035092.6389800003,211328.0,823764.6389800003,卖,SZ.300857,协创数据,23.79,1100,35092.63898000028,0.03509263898000037,超时卖/调仓卖,调仓卖出-权重下调,账户级撮合-卖出回款,3,26169.0,84.00249,0.035012618374089706,0.03677352013391669,0.8036391205458682,1.0,"mom20@q0.6,hold_q=0.4,buy_top=5,hold_top=10,rebalance=20d,min_hold=5d,turnover_penalty=0.01,target_vol=0.18",0.11504032864857394,0.8654499609585041
2023-11-24 15:00:00,1035092.6389800003,211328.0,823764.6389800003,卖,SH.688012,DR中微公,160.17,400,35092.63898000028,0.03509263898000037,超时卖/调仓卖,调仓卖出-跌出持有排名,账户级撮合-卖出回款,3,64067.99999999999,205.65827999999996,0.0,0.0,-0.02903734238603306,82.0,"mom20@q0.6,hold_q=0.4,buy_top=5,hold_top=10,rebalance=20d,min_hold=5d,turnover_penalty=0.01,target_vol=0.18",0.11504032864857394,0.8654499609585041
2023-11-24 15:00:00,1035092.6389800003,211328.0,823764.6389800003,卖,SH.688072,拓荆科技,158.05,400,35092.63898000028,0.03509263898000037,超时卖/调仓卖,调仓卖出-跌破持有阈值、跌出持有排名,账户级撮合-卖出回款,3,63220.00000000001,202.9362,0.0,0.0,-0.048865619546247685,95.0,"mom20@q0.6,hold_q=0.4,buy_top=5,hold_top=10,rebalance=20d,min_hold=5d,turnover_penalty=0.01,target_vol=0.18",0.11504032864857394,0.8654499609585041
2023-11-24 15:00:00,1035092.6389800003,211328.0,823764.6389800003,买,SZ.300502,新易盛,29.98,1200,35092.63898000028,0.03509263898000037,,调仓买入-新进前N、满足动量阈值,账户级撮合-100股整手/现金约束,3,35976.0,97.49495999999999,0.03731133399871076,0.03475630938256061,0.31954225352112675,2.0,"mom20@q0.6,hold_q=0.4,buy_top=5,hold_top=10,rebalance=20d,min_hold=5d,turnover_penalty=0.01,target_vol=0.18",0.11504032864857394,0.8654499609585041
2023-11-24 15:00:00,1035092.6389800003,211328.0,823764.6389800003,买,SH.688256,寒武纪,94.35,500,35092.63898000028,0.03509263898000037,,调仓买入-新进前N、满足动量阈值,账户级撮合-100股整手/现金约束,3,47175.0,127.84424999999999,0.046220504333212536,0.04557563084062421,0.3057016329919733,3.0,"mom20@q0.6,hold_q=0.4,buy_top=5,hold_top=10,rebalance=20d,min_hold=5d,turnover_penalty=0.01,target_vol=0.18",0.11504032864857394,0.8654499609585041
2023-11-24 15:00:00,1035092.6389800003,211328.0,823764.6389800003,买,SH.688048,长光华芯,71.15,700,35092.63898000028,0.03509263898000037,,调仓买入-新进前N、满足动量阈值,账户级撮合-100股整手/现金约束,3,49805.00000000001,134.97155,0.04845566678482812,0.04811646622188212,0.2592920353982302,4.0,"mom20@q0.6,hold_q=0.4,buy_top=5,hold_top=10,rebalance=20d,min_hold=5d,turnover_penalty=0.01,target_vol=0.18",0.11504032864857394,0.8654499609585041
2023-11-24 15:00:00,1035092.6389800003,211328.0,823764.6389800003,买,SZ.300475,香农芯创,33.59,1200,35092.63898000028,0.03509263898000037,,调仓买入-新进前N、满足动量阈值,账户级撮合-100股整手/现金约束,3,40308.00000000001,109.23468000000001,0.04128291378716015,0.038941442033362604,0.2589955022488757,5.0,"mom20@q0.6,hold_q=0.4,buy_top=5,hold_top=10,rebalance=20d,min_hold=5d,turnover_penalty=0.01,target_vol=0.18",0.11504032864857394,0.8654499609585041
2023-11-27 15:00:00,1042955.7415400003,213944.0,829011.7415400003,卖,SZ.300857,协创数据,26.32,200,42955.74154000031,0.04295574154000037,超时卖/调仓卖,持仓不变,账户级撮合-卖出回款,3,5264.0,16.89744,0.035012618374089706,0.03533035826198266,0.8706467661691542,1.0,"mom20@q0.6,hold_q=0.4,buy_top=5,hold_top=10,rebalance=20d,min_hold=5d,turnover_penalty=0.01,target_vol=0.18",0.11504032864857394,0.8654499609585041
2023-12-04 15:00:00,1054558.4197000004,222652.0,831906.4197000003,卖,SZ.300857,协创数据,29.04,100,54558.419700000435,0.054558419700000416,超时卖/调仓卖,持仓不变,账户级撮合-卖出回款,3,2904.0,9.32184,0.035012618374089706,0.03579887021407467,0.9257294429708223,1.0,"mom20@q0.6,hold_q=0.4,buy_top=5,hold_top=10,rebalance=20d,min_hold=5d,turnover_penalty=0.01,target_vol=0.18",0.11504032864857394,0.8654499609585041
2023-12-07 15:00:00,1049116.8701200003,213624.0,835492.8701200003,卖,SZ.300502,新易盛,35.98,100,49116.87012000033,0.04911687012000043,超时卖/调仓卖,持仓不变,账户级撮合-卖出回款,3,3597.9999999999995,11.549579999999997,0.03731133399871076,0.03772506298127965,0.23430531732418514,3.0,"mom20@q0.6,hold_q=0.4,buy_top=5,hold_top=10,rebalance=20d,min_hold=5d,turnover_penalty=0.01,target_vol=0.18",0.11504032864857394,0.8654499609585041
2023-12-15 15:00:00,1043672.8593500003,210774.0,832898.8593500003,买,SZ.300857,协创数据,25.87,100,43672.859350000275,0.043672859350000204,,持仓不变,账户级撮合-100股整手/现金约束,3,2587.0,7.010769999999999,0.035012618374089706,0.03470244500039656,0.23957834211787254,1.0,"mom20@q0.6,hold_q=0.4,buy_top=5,hold_top=10,rebalance=20d,min_hold=5d,turnover_penalty=0.01,target_vol=0.18",0.11504032864857394,0.8654499609585041
2023-12-18 15:00:00,1041770.7917700002,215187.0,826583.7917700002,买,SH.688048,长光华芯,62.98,100,41770.79177000024,0.041770791770000315,,持仓不变,账户级撮合-100股整手/现金约束,3,6298.0,17.06758,0.04845566678482812,0.0483638055491996,-0.14312925170068036,106.0,"mom20@q0.6,hold_q=0.4,buy_top=5,hold_top=10,rebalance=20d,min_hold=5d,turnover_penalty=0.01,target_vol=0.18",0.11504032864857394,0.8654499609585041
2023-12-20 15:00:00,1035210.9815600002,211887.0,823323.9815600002,买,SZ.300475,香农芯创,32.51,100,35210.98156000022,0.03521098156000013,,持仓不变,账户级撮合-100股整手/现金约束,3,3251.0,8.81021,0.04128291378716015,0.040825494273942324,-0.06714490674318518,66.0,"mom20@q0.6,hold_q=0.4,buy_top=5,hold_top=10,rebalance=20d,min_hold=5d,turnover_penalty=0.01,target_vol=0.18",0.11504032864857394,0.8654499609585041
2023-12-22 15:00:00,1035336.4116100002,271798.0,763538.4116100002,卖,SZ.300857,协创数据,24.83,1400,35336.411610000185,0.03533641161000012,超时卖/调仓卖,调仓卖出-跌出持有排名,账户级撮合-卖出回款,3,34762.0,111.58601999999999,0.0,0.0,0.04371584699453557,16.0,"mom20@q0.6,hold_q=0.4,buy_top=5,hold_top=10,rebalance=20d,min_hold=5d,turnover_penalty=0.01,target_vol=0.18",0.11504032864857394,0.8654499609585041
2023-12-22 15:00:00,1035336.4116100002,271798.0,763538.4116100002,卖,SH.688256,寒武纪,97.65,500,35336.411610000185,0.03533641161000012,超时卖/调仓卖,调仓卖出-跌出持有排名,账户级撮合-卖出回款,3,48825.0,156.72824999999997,0.0,0.0,0.03497615262321152,19.0,"mom20@q0.6,hold_q=0.4,buy_top=5,hold_top=10,rebalance=20d,min_hold=5d,turnover_penalty=0.01,target_vol=0.18",0.11504032864857394,0.8654499609585041
2023-12-22 15:00:00,1035336.4116100002,271798.0,763538.4116100002,卖,SH.688048,长光华芯,61.67,800,35336.411610000185,0.03533641161000012,超时卖/调仓卖,调仓卖出-跌破持有阈值、跌出持有排名,账户级撮合-卖出回款,3,49336.0,158.36855999999997,0.0,0.0,-0.1332396345748419,112.0,"mom20@q0.6,hold_q=0.4,buy_top=5,hold_top=10,rebalance=20d,min_hold=5d,turnover_penalty=0.01,target_vol=0.18",0.11504032864857394,0.8654499609585041
2023-12-22 15:00:00,1035336.4116100002,271798.0,763538.4116100002,卖,SZ.300475,香农芯创,32.6,1300,35336.411610000185,0.03533641161000012,超时卖/调仓卖,调仓卖出-跌出持有排名,账户级撮合-卖出回款,3,42380.0,136.03979999999999,0.0,0.0,-0.029473057457576668,45.0,"mom20@q0.6,hold_q=0.4,buy_top=5,hold_top=10,rebalance=20d,min_hold=5d,turnover_penalty=0.01,target_vol=0.18",0.11504032864857394,0.8654499609585041
2023-12-22 15:00:00,1035336.4116100002,271798.0,763538.4116100002,买,SZ.300394,天孚通信,45.72,1000,35336.411610000185,0.03533641161000012,,调仓买入-新进前N、满足动量阈值,账户级撮合-100股整手/现金约束,3,45720.0,123.90119999999999,0.04424883838550894,0.04415955962458917,0.2661312655774024,1.0,"mom20@q0.6,hold_q=0.4,buy_top=5,hold_top=10,rebalance=20d,min_hold=5d,turnover_penalty=0.01,target_vol=0.18",0.11504032864857394,0.8654499609585041
2023-12-22 15:00:00,1035336.4116100002,271798.0,763538.4116100002,买,SH.688041,海光信息,74.94,800,35336.411610000185,0.03533641161000012,,调仓买入-新进前N、满足动量阈值,账户级撮合-100股整手/现金约束,3,59952.0,162.46991999999997,0.06012489816578895,0.05790581624263714,0.1883920076117982,2.0,"mom20@q0.6,hold_q=0.4,buy_top=5,hold_top=10,rebalance=20d,min_hold=5d,turnover_penalty=0.01,target_vol=0.18",0.11504032864857394,0.8654499609585041
2023-12-22 15:00:00,1035336.4116100002,271798.0,763538.4116100002,买,SZ.300308,中际旭创,77.1,700,35336.411610000185,0.03533641161000012,,调仓买入-新进前N、满足动量阈值,账户级撮合-100股整手/现金约束,3,53969.99999999999,146.25869999999998,0.05455013058856212,0.052127984097530125,0.17512574302697748,3.0,"mom20@q0.6,hold_q=0.4,buy_top=5,hold_top=10,rebalance=20d,min_hold=5d,turnover_penalty=0.01,target_vol=0.18",0.11504032864857394,0.8654499609585041
2023-12-22 15:00:00,1035336.4116100002,271798.0,763538.4116100002,买,SZ.300502,新易盛,34.46,500,35336.411610000185,0.03533641161000012,,调仓买入-权重上调,账户级撮合-100股整手/现金约束,3,17230.0,46.693299999999994,0.05574861585748922,0.053254188089705785,0.14943295530353562,4.0,"mom20@q0.6,hold_q=0.4,buy_top=5,hold_top=10,rebalance=20d,min_hold=5d,turnover_penalty=0.01,target_vol=0.18",0.11504032864857394,0.8654499609585041
2023-12-22 15:00:00,1035336.4116100002,271798.0,763538.4116100002,买,SZ.300757,罗博特科,57.02,1000,35336.411610000185,0.03533641161000012,,调仓买入-新进前N、满足动量阈值,账户级撮合-100股整手/现金约束,3,57020.0,154.52419999999998,0.057031192716491125,0.05507388647843558,0.1456700823789432,5.0,"mom20@q0.6,hold_q=0.4,buy_top=5,hold_top=10,rebalance=20d,min_hold=5d,turnover_penalty=0.01,target_vol=0.18",0.11504032864857394,0.8654499609585041
2023-12-26 15:00:00,1024734.3602100002,264545.0,760189.3602100002,买,SZ.300502,新易盛,33.4,100,24734.360210000188,0.024734360210000084,,持仓不变,账户级撮合-100股整手/现金约束,3,3340.0,9.0514,0.05574861585748922,0.055409481915258504,0.056962025316455556,8.0,"mom20@q0.6,hold_q=0.4,buy_top=5,hold_top=10,rebalance=20d,min_hold=5d,turnover_penalty=0.01,target_vol=0.18",0.11504032864857394,0.8654499609585041
2024-01-03 15:00:00,1019869.3820300002,264852.0,755017.3820300002,买,SZ.300757,罗博特科,51.58,100,19869.38203000021,0.019869382030000216,,持仓不变,账户级撮合-100股整手/现金约束,3,5158.0,13.978179999999998,0.057031192716491125,0.05563261433249989,-0.03099755776817581,74.0,"mom20@q0.6,hold_q=0.4,buy_top=5,hold_top=10,rebalance=20d,min_hold=5d,turnover_penalty=0.01,target_vol=0.18",0.11504032864857394,0.8654499609585041
2024-01-08 15:00:00,1004224.9891600002,252313.0,751911.9891600002,买,SZ.300502,新易盛,30.97,100,4224.98916000023,0.004224989160000137,,持仓不变,账户级撮合-100股整手/现金约束,3,3097.0,8.392869999999998,0.05574861585748922,0.0555114646635408,-0.19096133751306166,105.0,"mom20@q0.6,hold_q=0.4,buy_top=5,hold_top=10,rebalance=20d,min_hold=5d,turnover_penalty=0.01,target_vol=0.18",0.11504032864857394,0.8654499609585041
2024-01-12 15:00:00,1004419.3633200002,259029.0,745390.3633200002,买,SH.688041,海光信息,65.04,100,4419.363320000237,0.004419363320000258,,持仓不变,账户级撮合-100股整手/现金约束,3,6504.000000000001,17.62584,0.06012489816578895,0.05827844637175806,-0.13545128273295226,86.0,"mom20@q0.6,hold_q=0.4,buy_top=5,hold_top=10,rebalance=20d,min_hold=5d,turnover_penalty=0.01,target_vol=0.18",0.11504032864857394,0.8654499609585041
2024-01-16 15:00:00,1009326.5456200002,260577.0,748749.5456200002,卖,SZ.300502,新易盛,33.7,100,9326.545620000223,0.009326545620000237,超时卖/调仓卖,持仓不变,账户级撮合-卖出回款,3,3370.0000000000005,10.8177,0.05574861585748922,0.056760619492880186,-0.0767123287671232,69.0,"mom20@q0.6,hold_q=0.4,buy_top=5,hold_top=10,rebalance=20d,min_hold=5d,turnover_penalty=0.01,target_vol=0.18",0.11504032864857394,0.8654499609585041
2024-01-18 15:00:00,1029350.6365200002,276903.0,752447.6365200002,卖,SZ.300502,新易盛,37.1,100,29350.636520000175,0.02935063652000025,超时卖/调仓卖,持仓不变,账户级撮合-卖出回款,3,3710.0,11.909099999999999,0.05574861585748922,0.05766742438775054,0.06824071408004628,19.0,"mom20@q0.6,hold_q=0.4,buy_top=5,hold_top=10,rebalance=20d,min_hold=5d,turnover_penalty=0.01,target_vol=0.18",0.11504032864857394,0.8654499609585041
2024-01-19 15:00:00,1022302.2138800002,274451.0,747851.2138800002,买,SZ.300757,罗博特科,45.84,100,22302.21388000017,0.0223022138800002,,持仓不变,账户级撮合-100股整手/现金约束,3,4584.0,12.42264,0.057031192716491125,0.05380796329416631,-0.21627628654470843,115.0,"mom20@q0.6,hold_q=0.4,buy_top=5,hold_top=10,rebalance=20d,min_hold=5d,turnover_penalty=0.01,target_vol=0.18",0.11504032864857394,0.8654499609585041
2024-01-22 15:00:00,1021367.3036300001,625328.0,396039.3036300001,卖,SZ.300502,新易盛,37.08,1600,21367.303630000097,0.021367303630000167,超时卖/调仓卖,调仓卖出-调仓移出持仓,账户级撮合-卖出回款,3,59328.0,190.44287999999997,0.0,0.0,0.07603017991874639,4.0,"mom20@q0.6,hold_q=0.4,buy_top=5,hold_top=10,rebalance=20d,min_hold=5d,turnover_penalty=0.01,target_vol=0.18",0.11504032864857394,0.8654499609585041
2024-01-22 15:00:00,1021367.3036300001,625328.0,396039.3036300001,卖,SZ.300394,天孚通信,46.3,1000,21367.303630000097,0.021367303630000167,超时卖/调仓卖,调仓卖出-跌出持有排名,账户级撮合-卖出回款,3,46300.0,148.623,0.0,0.0,0.012685914260717412,22.0,"mom20@q0.6,hold_q=0.4,buy_top=5,hold_top=10,rebalance=20d,min_hold=5d,turnover_penalty=0.01,target_vol=0.18",0.11504032864857394,0.8654499609585041
2024-01-22 15:00:00,1021367.3036300001,625328.0,396039.3036300001,卖,SH.688041,海光信息,70.02,900,21367.303630000097,0.021367303630000167,超时卖/调仓卖,调仓卖出-跌破持有阈值、跌出持有排名,账户级撮合-卖出回款,3,63018.0,202.28778,0.0,0.0,-0.06565252201761407,54.0,"mom20@q0.6,hold_q=0.4,buy_top=5,hold_top=10,rebalance=20d,min_hold=5d,turnover_penalty=0.01,target_vol=0.18",0.11504032864857394,0.8654499609585041
2024-01-22 15:00:00,1021367.3036300001,625328.0,396039.3036300001,卖,SZ.300308,中际旭创,77.97,700,21367.303630000097,0.021367303630000167,超时卖/调仓卖,调仓卖出-跌出持有排名,账户级撮合-卖出回款,3,54579.0,175.19859,0.0,0.0,0.011284046692606964,23.0,"mom20@q0.6,hold_q=0.4,buy_top=5,hold_top=10,rebalance=20d,min_hold=5d,turnover_penalty=0.01,target_vol=0.18",0.11504032864857394,0.8654499609585041
2024-01-22 15:00:00,1021367.3036300001,625328.0,396039.3036300001,卖,SZ.300757,罗博特科,44.06,1200,21367.303630000097,0.021367303630000167,超时卖/调仓卖,调仓卖出-跌破持有阈值、跌出持有排名,账户级撮合-卖出回款,3,52872.0,169.71911999999998,0.0,0.0,-0.22728867064188008,112.0,"mom20@q0.6,hold_q=0.4,buy_top=5,hold_top=10,rebalance=20d,min_hold=5d,turnover_penalty=0.01,target_vol=0.18",0.11504032864857394,0.8654499609585041
2024-01-22 15:00:00,1021367.3036300001,625328.0,396039.3036300001,买,SH.605117,德业股份,25.54,1400,21367.303630000097,0.021367303630000167,,调仓买入-新进前N、满足动量阈值,账户级撮合-100股整手/现金约束,3,35756.0,96.89876,0.0374381383821041,0.03500797399027857,0.16408386508659967,1.0,"mom20@q0.6,hold_q=0.4,buy_top=5,hold_top=10,rebalance=20d,min_hold=5d,turnover_penalty=0.01,target_vol=0.18",0.11504032864857394,0.8654499609585041
2024-01-22 15:00:00,1021367.3036300001,625328.0,396039.3036300001,买,SH.601088,中国神华,27.46,4900,21367.303630000097,0.021367303630000167,,调仓买入-新进前N、满足动量阈值,账户级撮合-100股整手/现金约束,3,134554.0,364.64133999999996,0.13299330378426286,0.13173909084595434,0.061051004636785144,5.0,"mom20@q0.6,hold_q=0.4,buy_top=5,hold_top=10,rebalance=20d,min_hold=5d,turnover_penalty=0.01,target_vol=0.18",0.11504032864857394,0.8654499609585041
2024-01-22 15:00:00,1021367.3036300001,625328.0,396039.3036300001,买,SZ.000333,美的集团,48.39,4200,21367.303630000097,0.021367303630000167,,调仓买入-满足动量阈值,账户级撮合-100股整手/现金约束,3,203238.0,550.7749799999999,0.2,0.19898620141616055,0.05608904408555215,7.0,"mom20@q0.6,hold_q=0.4,buy_top=5,hold_top=10,rebalance=20d,min_hold=5d,turnover_penalty=0.01,target_vol=0.18",0.11504032864857394,0.8654499609585041
2024-01-22 15:00:00,1021367.3036300001,625328.0,396039.3036300001,买,SH.600089,特变电工,13.59,13000,21367.303630000097,0.021367303630000167,,调仓买入-满足动量阈值,账户级撮合-100股整手/现金约束,3,176670.0,478.7757,0.17335325328072076,0.17297401177040259,0.05512422360248448,8.0,"mom20@q0.6,hold_q=0.4,buy_top=5,hold_top=10,rebalance=20d,min_hold=5d,turnover_penalty=0.01,target_vol=0.18",0.11504032864857394,0.8654499609585041
2024-01-22 15:00:00,1021367.3036300001,625328.0,396039.3036300001,买,SZ.002466,天齐锂业,53.65,1400,21367.303630000097,0.021367303630000167,,调仓买入-调仓纳入持仓,账户级撮合-100股整手/现金约束,3,75110.0,203.54809999999998,0.07588198714335374,0.07353867676501352,0.017254455821008596,19.0,"mom20@q0.6,hold_q=0.4,buy_top=5,hold_top=10,rebalance=20d,min_hold=5d,turnover_penalty=0.01,target_vol=0.18",0.11504032864857394,0.8654499609585041
2024-01-23 15:00:00,1030568.5557300001,637026.0,393542.5557300001,买,SH.605117,德业股份,24.9,100,30568.55573000014,0.03056855573000017,,持仓不变,账户级撮合-100股整手/现金约束,3,2490.0,6.7479,0.0374381383821041,0.03624213041658664,0.0954685437747469,5.0,"mom20@q0.6,hold_q=0.4,buy_top=5,hold_top=10,rebalance=20d,min_hold=5d,turnover_penalty=0.01,target_vol=0.18",0.11504032864857394,0.8654499609585041
2024-01-24 15:00:00,1040675.2114200001,644231.0,396444.21142000007,卖,SH.601088,中国神华,29.11,100,40675.211420000065,0.04067521141999997,超时卖/调仓卖,持仓不变,账户级撮合-卖出回款,3,2911.0,9.34431,0.13299330378426286,0.1342666746230472,0.12785741960480435,3.0,"mom20@q0.6,hold_q=0.4,buy_top=5,hold_top=10,rebalance=20d,min_hold=5d,turnover_penalty=0.01,target_vol=0.18",0.11504032864857394,0.8654499609585041
2024-01-25 15:00:00,1041163.76644,642738.0,398425.76644000004,卖,SH.601088,中国神华,29.62,100,41163.766440000036,0.04116376643999997,超时卖/调仓卖,持仓不变,账户级撮合-卖出回款,3,2962.0,9.508019999999998,0.13299330378426286,0.13370999307439171,0.13269598470363309,5.0,"mom20@q0.6,hold_q=0.4,buy_top=5,hold_top=10,rebalance=20d,min_hold=5d,turnover_penalty=0.01,target_vol=0.18",0.11504032864857394,0.8654499609585041
2024-01-25 15:00:00,1041163.76644,642738.0,398425.76644000004,卖,SH.600089,特变电工,14.08,100,41163.766440000036,0.04116376643999997,超时卖/调仓卖,持仓不变,账户级撮合-卖出回款,3,1408.0,4.519679999999999,0.17335325328072076,0.17445094216162108,0.08725868725868735,13.0,"mom20@q0.6,hold_q=0.4,buy_top=5,hold_top=10,rebalance=20d,min_hold=5d,turnover_penalty=0.01,target_vol=0.18",0.11504032864857394,0.8654499609585041
2024-01-25 15:00:00,1041163.76644,642738.0,398425.76644000004,买,SH.605117,德业股份,23.68,100,41163.766440000036,0.04116376643999997,,持仓不变,账户级撮合-100股整手/现金约束,3,2368.0,6.417279999999999,0.0374381383821041,0.03639004854111334,-0.04051863857374394,72.0,"mom20@q0.6,hold_q=0.4,buy_top=5,hold_top=10,rebalance=20d,min_hold=5d,turnover_penalty=0.01,target_vol=0.18",0.11504032864857394,0.8654499609585041
2024-01-26 15:00:00,1046987.04014,645541.0,401446.04014000006,卖,SH.601088,中国神华,30.3,100,46987.040140000056,0.0469870401400001,超时卖/调仓卖,持仓不变,账户级撮合-卖出回款,3,3030.0,9.726299999999998,0.13299330378426286,0.13312485700048637,0.17807153965785383,3.0,"mom20@q0.6,hold_q=0.4,buy_top=5,hold_top=10,rebalance=20d,min_hold=5d,turnover_penalty=0.01,target_vol=0.18",0.11504032864857394,0.8654499609585041
2024-01-29 15:00:00,1038985.4617100001,643471.0,395514.46171000006,卖,SZ.000333,美的集团,51.74,100,38985.46171000006,0.03898546171000006,超时卖/调仓卖,持仓不变,账户级撮合-卖出回款,3,5174.0,16.608539999999998,0.2,0.20417417549891617,0.0851510067114094,9.0,"mom20@q0.6,hold_q=0.4,buy_top=5,hold_top=10,rebalance=20d,min_hold=5d,turnover_penalty=0.01,target_vol=0.18",0.11504032864857394,0.8654499609585041
2024-01-29 15:00:00,1038985.4617100001,643471.0,395514.46171000006,买,SZ.002466,天齐锂业,49.66,100,38985.46171000006,0.03898546171000006,,持仓不变,账户级撮合-100股整手/现金约束,3,4966.0,13.457859999999998,0.07588198714335374,0.0716949396745183,-0.08780308596620134,51.0,"mom20@q0.6,hold_q=0.4,buy_top=5,hold_top=10,rebalance=20d,min_hold=5d,turnover_penalty=0.01,target_vol=0.18",0.11504032864857394,0.8654499609585041
2024-01-29 15:00:00,1038985.4617100001,643471.0,395514.46171000006,买,SH.605117,德业股份,20.31,300,38985.46171000006,0.03898546171000006,,持仓不变,账户级撮合-100股整手/现金约束,3,6093.0,16.51203,0.0374381383821041,0.03714103942945344,-0.21279069767441872,98.0,"mom20@q0.6,hold_q=0.4,buy_top=5,hold_top=10,rebalance=20d,min_hold=5d,turnover_penalty=0.01,target_vol=0.18",0.11504032864857394,0.8654499609585041
2024-01-30 15:00:00,1036422.43478,647208.0,389214.43478000007,买,SH.600089,特变电工,13.79,100,36422.43478000001,0.03642243477999996,,持仓不变,账户级撮合-100股整手/现金约束,3,1379.0,3.73709,0.17335325328072076,0.17297001105350773,0.027570789865871692,14.0,"mom20@q0.6,hold_q=0.4,buy_top=5,hold_top=10,rebalance=20d,min_hold=5d,turnover_penalty=0.01,target_vol=0.18",0.11504032864857394,0.8654499609585041
2024-01-30 15:00:00,1036422.43478,647208.0,389214.43478000007,买,SZ.002466,天齐锂业,49.04,100,36422.43478000001,0.03642243477999996,,持仓不变,账户级撮合-100股整手/现金约束,3,4904.0,13.289839999999998,0.07588198714335374,0.07570658195628065,-0.09302755687072317,50.0,"mom20@q0.6,hold_q=0.4,buy_top=5,hold_top=10,rebalance=20d,min_hold=5d,turnover_penalty=0.01,target_vol=0.18",0.11504032864857394,0.8654499609585041
2024-01-31 15:00:00,1031696.21349,642069.0,389627.21349000005,卖,SH.601088,中国神华,31.62,200,31696.213489999995,0.03169621349000007,超时卖/调仓卖,持仓不变,账户级撮合-卖出回款,3,6324.0,20.30004,0.13299330378426286,0.13485364992216145,0.1506550218340612,2.0,"mom20@q0.6,hold_q=0.4,buy_top=5,hold_top=10,rebalance=20d,min_hold=5d,turnover_penalty=0.01,target_vol=0.18",0.11504032864857394,0.8654499609585041
2024-01-31 15:00:00,1031696.21349,642069.0,389627.21349000005,买,SH.600089,特变电工,13.6,100,31696.213489999995,0.03169621349000007,,持仓不变,账户级撮合-100股整手/现金约束,3,1360.0,3.6855999999999995,0.17335325328072076,0.1726864920801872,0.0014727540500736325,18.0,"mom20@q0.6,hold_q=0.4,buy_top=5,hold_top=10,rebalance=20d,min_hold=5d,turnover_penalty=0.01,target_vol=0.18",0.11504032864857394,0.8654499609585041
2024-01-31 15:00:00,1031696.21349,642069.0,389627.21349000005,买,SZ.002466,天齐锂业,45.15,100,31696.213489999995,0.03169621349000007,,持仓不变,账户级撮合-100股整手/现金约束,3,4515.0,12.23565,0.07588198714335374,0.074396899975386,-0.16342412451361865,68.0,"mom20@q0.6,hold_q=0.4,buy_top=5,hold_top=10,rebalance=20d,min_hold=5d,turnover_penalty=0.01,target_vol=0.18",0.11504032864857394,0.8654499609585041
2024-02-01 15:00:00,1032628.8943800001,639191.0,393437.89438000007,卖,SZ.000333,美的集团,51.86,100,32628.89438000007,0.03262889438000016,超时卖/调仓卖,持仓不变,账户级撮合-卖出回款,3,5186.0,16.64706,0.2,0.20088533366534247,0.07370600414078687,6.0,"mom20@q0.6,hold_q=0.4,buy_top=5,hold_top=10,rebalance=20d,min_hold=5d,turnover_penalty=0.01,target_vol=0.18",0.11504032864857394,0.8654499609585041
2024-02-01 15:00:00,1032628.8943800001,639191.0,393437.89438000007,买,SH.600089,特变电工,13.55,100,32628.89438000007,0.03262889438000016,,持仓不变,账户级撮合-100股整手/现金约束,3,1355.0,3.6720499999999996,0.17335325328072076,0.17320840136609697,0.0014781966001480296,19.0,"mom20@q0.6,hold_q=0.4,buy_top=5,hold_top=10,rebalance=20d,min_hold=5d,turnover_penalty=0.01,target_vol=0.18",0.11504032864857394,0.8654499609585041
2024-02-02 15:00:00,1024572.6777300001,636765.0,387807.67773000005,买,SH.600089,特变电工,13.32,100,24572.677730000112,0.02457267773000016,,持仓不变,账户级撮合-100股整手/现金约束,3,1332.0,3.60972,0.17335325328072076,0.17290720692698866,-0.011135857461024523,23.0,"mom20@q0.6,hold_q=0.4,buy_top=5,hold_top=10,rebalance=20d,min_hold=5d,turnover_penalty=0.01,target_vol=0.18",0.11504032864857394,0.8654499609585041
2024-02-02 15:00:00,1024572.6777300001,636765.0,387807.67773000005,买,SZ.002466,天齐锂业,42.83,100,24572.677730000112,0.02457267773000016,,持仓不变,账户级撮合-100股整手/现金约束,3,4283.0,11.606929999999998,0.07588198714335374,0.07524502817194599,-0.18651471984805323,77.0,"mom20@q0.6,hold_q=0.4,buy_top=5,hold_top=10,rebalance=20d,min_hold=5d,turnover_penalty=0.01,target_vol=0.18",0.11504032864857394,0.8654499609585041
2024-02-05 15:00:00,1027133.63729,638775.0,388358.63729000004,卖,SH.601088,中国神华,32.63,200,27133.637289999984,0.027133637289999957,超时卖/调仓卖,持仓不变,账户级撮合-卖出回款,3,6526.000000000001,20.94846,0.13299330378426286,0.133425676099542,0.1591474245115454,3.0,"mom20@q0.6,hold_q=0.4,buy_top=5,hold_top=10,rebalance=20d,min_hold=5d,turnover_penalty=0.01,target_vol=0.18",0.11504032864857394,0.8654499609585041
2024-02-05 15:00:00,1027133.63729,638775.0,388358.63729000004,买,SZ.002466,天齐锂业,40.54,100,27133.637289999984,0.027133637289999957,,持仓不变,账户级撮合-100股整手/现金约束,3,4054.0,10.986339999999998,0.07588198714335374,0.07499121555713646,-0.22485659655831736,85.0,"mom20@q0.6,hold_q=0.4,buy_top=5,hold_top=10,rebalance=20d,min_hold=5d,turnover_penalty=0.01,target_vol=0.18",0.11504032864857394,0.8654499609585041
2024-02-05 15:00:00,1027133.63729,638775.0,388358.63729000004,买,SH.605117,德业股份,18.84,100,27133.637289999984,0.027133637289999957,,持仓不变,账户级撮合-100股整手/现金约束,3,1884.0,5.105639999999999,0.0374381383821041,0.036684613016291924,-0.23039215686274517,88.0,"mom20@q0.6,hold_q=0.4,buy_top=5,hold_top=10,rebalance=20d,min_hold=5d,turnover_penalty=0.01,target_vol=0.18",0.11504032864857394,0.8654499609585041
2024-02-06 15:00:00,1044604.45677,655304.0,389300.45677000005,卖,SH.600089,特变电工,13.96,300,44604.45677000005,0.044604456770000134,超时卖/调仓卖,持仓不变,账户级撮合-卖出回款,3,4188.0,13.44348,0.17335325328072076,0.17373083067360306,0.022710622710622852,33.0,"mom20@q0.6,hold_q=0.4,buy_top=5,hold_top=10,rebalance=20d,min_hold=5d,turnover_penalty=0.01,target_vol=0.18",0.11504032864857394,0.8654499609585041
2024-02-06 15:00:00,1044604.45677,655304.0,389300.45677000005,买,SH.601088,中国神华,32.24,100,44604.45677000005,0.044604456770000134,,持仓不变,账户级撮合-100股整手/现金约束,3,3224.0,8.737039999999999,0.13299330378426286,0.1327124339758813,0.12924693520140118,7.0,"mom20@q0.6,hold_q=0.4,buy_top=5,hold_top=10,rebalance=20d,min_hold=5d,turnover_penalty=0.01,target_vol=0.18",0.11504032864857394,0.8654499609585041
2024-02-07 15:00:00,1057315.42366,665831.0,391484.42366000003,卖,SH.605117,德业股份,21.91,100,57315.42366000009,0.0573154236600002,超时卖/调仓卖,持仓不变,账户级撮合-卖出回款,3,2191.0,7.03311,0.0374381383821041,0.03937235669550452,-0.19478133039323775,100.0,"mom20@q0.6,hold_q=0.4,buy_top=5,hold_top=10,rebalance=20d,min_hold=5d,turnover_penalty=0.01,target_vol=0.18",0.11504032864857394,0.8654499609585041
2024-02-08 15:00:00,1055716.05148,657595.0,398121.05148,卖,SH.605117,德业股份,22.07,100,55716.05147999991,0.05571605147999992,超时卖/调仓卖,持仓不变,账户级撮合-卖出回款,3,2207.0,7.08447,0.0374381383821041,0.037629436385198875,-0.2381774249223334,107.0,"mom20@q0.6,hold_q=0.4,buy_top=5,hold_top=10,rebalance=20d,min_hold=5d,turnover_penalty=0.01,target_vol=0.18",0.11504032864857394,0.8654499609585041
2024-02-08 15:00:00,1055716.05148,657595.0,398121.05148,卖,SZ.002466,天齐锂业,44.51,100,55716.05147999991,0.05571605147999992,超时卖/调仓卖,持仓不变,账户级撮合-卖出回款,3,4451.0,14.287709999999999,0.07588198714335374,0.07588972421863172,-0.23875491705147944,109.0,"mom20@q0.6,hold_q=0.4,buy_top=5,hold_top=10,rebalance=20d,min_hold=5d,turnover_penalty=0.01,target_vol=0.18",0.11504032864857394,0.8654499609585041
2024-02-19 15:00:00,1068002.41557,665026.0,402976.41557,卖,SH.601088,中国神华,34.31,100,68002.41556999995,0.06800241556999986,超时卖/调仓卖,持仓不变,账户级撮合-卖出回款,3,3431.0,11.013509999999998,0.13299330378426286,0.134926661119106,0.22012802275960164,11.0,"mom20@q0.6,hold_q=0.4,buy_top=5,hold_top=10,rebalance=20d,min_hold=5d,turnover_penalty=0.01,target_vol=0.18",0.11504032864857394,0.8654499609585041
2024-02-19 15:00:00,1068002.41557,665026.0,402976.41557,卖,SH.600089,特变电工,14.4,100,68002.41556999995,0.06800241556999986,超时卖/调仓卖,持仓不变,账户级撮合-卖出回款,3,1440.0,4.6224,0.17335325328072076,0.1739321908751102,0.042722664735698856,50.0,"mom20@q0.6,hold_q=0.4,buy_top=5,hold_top=10,rebalance=20d,min_hold=5d,turnover_penalty=0.01,target_vol=0.18",0.11504032864857394,0.8654499609585041
2024-02-22 15:00:00,1080988.38669,672103.0,408885.38669,卖,SH.605117,德业股份,23.95,100,80988.38669000007,0.08098838669000008,超时卖/调仓卖,持仓不变,账户级撮合-卖出回款,3,2395.0,7.687949999999999,0.0374381383821041,0.03766460445025671,-0.11980889378904824,108.0,"mom20@q0.6,hold_q=0.4,buy_top=5,hold_top=10,rebalance=20d,min_hold=5d,turnover_penalty=0.01,target_vol=0.18",0.11504032864857394,0.8654499609585041
2024-02-22 15:00:00,1080988.38669,672103.0,408885.38669,卖,SH.601088,中国神华,35.33,100,80988.38669000007,0.08098838669000008,超时卖/调仓卖,持仓不变,账户级撮合-卖出回款,3,3533.0,11.340929999999998,0.13299330378426286,0.1340005145138901,0.2335893854748603,10.0,"mom20@q0.6,hold_q=0.4,buy_top=5,hold_top=10,rebalance=20d,min_hold=5d,turnover_penalty=0.01,target_vol=0.18",0.11504032864857394,0.8654499609585041
2024-02-23 15:00:00,1074276.69688,663935.0,410341.69688,卖,SH.600089,特变电工,14.61,100,74276.69687999994,0.07427669687999994,超时卖/调仓卖,持仓不变,账户级撮合-卖出回款,3,1461.0,4.68981,0.17335325328072076,0.17407805693181613,0.03837953091684421,63.0,"mom20@q0.6,hold_q=0.4,buy_top=5,hold_top=10,rebalance=20d,min_hold=5d,turnover_penalty=0.01,target_vol=0.18",0.11504032864857394,0.8654499609585041
2024-02-26 15:00:00,1067483.84335,661898.0,405585.84335000004,买,SH.601088,中国神华,33.1,100,67483.84334999998,0.06748384335000002,,持仓不变,账户级撮合-100股整手/现金约束,3,3310.0,8.970099999999999,0.13299330378426286,0.13023147925473472,0.19279279279279282,11.0,"mom20@q0.6,hold_q=0.4,buy_top=5,hold_top=10,rebalance=20d,min_hold=5d,turnover_penalty=0.01,target_vol=0.18",0.11504032864857394,0.8654499609585041
2024-02-26 15:00:00,1067483.84335,661898.0,405585.84335000004,买,SH.600089,特变电工,14.33,100,67483.84334999998,0.06748384335000002,,持仓不变,账户级撮合-100股整手/现金约束,3,1433.0,3.8834299999999997,0.17335325328072076,0.17317077082860377,0.034657039711191384,69.0,"mom20@q0.6,hold_q=0.4,buy_top=5,hold_top=10,rebalance=20d,min_hold=5d,turnover_penalty=0.01,target_vol=0.18",0.11504032864857394,0.8654499609585041
2024-02-27 15:00:00,1075648.43571,230836.0,844812.4357100001,卖,SH.605117,德业股份,24.74,1700,75648.4357100001,0.07564843571000002,超时卖/调仓卖,调仓卖出-跌出持有排名,账户级撮合-卖出回款,3,42058.0,135.00618,0.0,0.0,-0.03132341425215346,111.0,"mom20@q0.6,hold_q=0.4,buy_top=5,hold_top=10,rebalance=20d,min_hold=5d,turnover_penalty=0.01,target_vol=0.18",0.11504032864857394,0.8654499609585041
2024-02-27 15:00:00,1075648.43571,230836.0,844812.4357100001,卖,SH.601088,中国神华,33.08,4200,75648.4357100001,0.07564843571000002,超时卖/调仓卖,调仓卖出-跌出持有排名,账户级撮合-卖出回款,3,138936.0,445.98456,0.0,0.0,0.20466132556445737,27.0,"mom20@q0.6,hold_q=0.4,buy_top=5,hold_top=10,rebalance=20d,min_hold=5d,turnover_penalty=0.01,target_vol=0.18",0.11504032864857394,0.8654499609585041
2024-02-27 15:00:00,1075648.43571,230836.0,844812.4357100001,卖,SZ.000333,美的集团,54.97,4000,75648.4357100001,0.07564843571000002,超时卖/调仓卖,调仓卖出-跌出持有排名,账户级撮合-卖出回款,3,219880.0,705.8148,0.0,0.0,0.13597850795618927,50.0,"mom20@q0.6,hold_q=0.4,buy_top=5,hold_top=10,rebalance=20d,min_hold=5d,turnover_penalty=0.01,target_vol=0.18",0.11504032864857394,0.8654499609585041
2024-02-27 15:00:00,1075648.43571,230836.0,844812.4357100001,卖,SH.600089,特变电工,14.38,12900,75648.4357100001,0.07564843571000002,超时卖/调仓卖,调仓卖出-跌出持有排名,账户级撮合-卖出回款,3,185502.0,595.46142,0.0,0.0,0.058130978660779986,87.0,"mom20@q0.6,hold_q=0.4,buy_top=5,hold_top=10,rebalance=20d,min_hold=5d,turnover_penalty=0.01,target_vol=0.18",0.11504032864857394,0.8654499609585041
2024-02-27 15:00:00,1075648.43571,230836.0,844812.4357100001,卖,SZ.002466,天齐锂业,48.04,1800,75648.4357100001,0.07564843571000002,超时卖/调仓卖,调仓卖出-跌破持有阈值、跌出持有排名,账户级撮合-卖出回款,3,86472.0,277.57511999999997,0.0,0.0,-0.10456663560111834,117.0,"mom20@q0.6,hold_q=0.4,buy_top=5,hold_top=10,rebalance=20d,min_hold=5d,turnover_penalty=0.01,target_vol=0.18",0.11504032864857394,0.8654499609585041
2024-02-27 15:00:00,1075648.43571,230836.0,844812.4357100001,买,SZ.300308,中际旭创,114.13,300,75648.4357100001,0.07564843571000002,,调仓买入-新进前N、满足动量阈值,账户级撮合-100股整手/现金约束,3,34239.0,92.78769,0.03448345596197016,0.03183103220654057,0.46376811594202905,2.0,"mom20@q0.6,hold_q=0.4,buy_top=5,hold_top=10,rebalance=20d,min_hold=5d,turnover_penalty=0.01,target_vol=0.18",0.11504032864857394,0.8654499609585041
2024-02-27 15:00:00,1075648.43571,230836.0,844812.4357100001,买,SH.603019,中科曙光,45.35,1200,75648.4357100001,0.07564843571000002,,调仓买入-新进前N、满足动量阈值,账户级撮合-100股整手/现金约束,3,54420.0,147.4782,0.052051430322039044,0.05059273847600508,0.44013972689742786,3.0,"mom20@q0.6,hold_q=0.4,buy_top=5,hold_top=10,rebalance=20d,min_hold=5d,turnover_penalty=0.01,target_vol=0.18",0.11504032864857394,0.8654499609585041
2024-02-27 15:00:00,1075648.43571,230836.0,844812.4357100001,买,SZ.300394,天孚通信,66.13,500,75648.4357100001,0.07564843571000002,,调仓买入-新进前N、满足动量阈值,账户级撮合-100股整手/现金约束,3,33065.0,89.60614999999999,0.0317039824393262,0.03073959753232466,0.42829373650107994,4.0,"mom20@q0.6,hold_q=0.4,buy_top=5,hold_top=10,rebalance=20d,min_hold=5d,turnover_penalty=0.01,target_vol=0.18",0.11504032864857394,0.8654499609585041
2024-02-27 15:00:00,1075648.43571,230836.0,844812.4357100001,买,SH.601138,工业富联,17.78,2600,75648.4357100001,0.07564843571000002,,调仓买入-新进前N、满足动量阈值,账户级撮合-100股整手/现金约束,3,46228.0,125.27787999999998,0.043226773598282774,0.04297686722287326,0.3836575875486383,5.0,"mom20@q0.6,hold_q=0.4,buy_top=5,hold_top=10,rebalance=20d,min_hold=5d,turnover_penalty=0.01,target_vol=0.18",0.11504032864857394,0.8654499609585041
2024-02-27 15:00:00,1075648.43571,230836.0,844812.4357100001,买,SH.601857,中国石油,7.96,7900,75648.4357100001,0.07564843571000002,,调仓买入-满足动量阈值,账户级撮合-100股整手/现金约束,3,62884.0,170.41564,0.058870826315214175,0.05846148045433854,0.298531810766721,10.0,"mom20@q0.6,hold_q=0.4,buy_top=5,hold_top=10,rebalance=20d,min_hold=5d,turnover_penalty=0.01,target_vol=0.18",0.11504032864857394,0.8654499609585041
2024-02-28 15:00:00,1069701.92356,226559.0,843142.9235600001,买,SH.601138,工业富联,16.65,100,69701.92356000002,0.06970192356000005,,持仓不变,账户级撮合-100股整手/现金约束,3,1664.9999999999998,4.512149999999999,0.043226773598282774,0.04202572605496343,0.2857142857142856,5.0,"mom20@q0.6,hold_q=0.4,buy_top=5,hold_top=10,rebalance=20d,min_hold=5d,turnover_penalty=0.01,target_vol=0.18",0.11504032864857394,0.8654499609585041
2024-02-29 15:00:00,1077634.7772400002,235286.0,842348.7772400001,买,SH.601857,中国石油,7.92,100,77634.7772400002,0.07763477724000012,,持仓不变,账户级撮合-100股整手/现金约束,3,792.0,2.14632,0.058870826315214175,0.05879542989720077,0.24921135646687698,14.0,"mom20@q0.6,hold_q=0.4,buy_top=5,hold_top=10,rebalance=20d,min_hold=5d,turnover_penalty=0.01,target_vol=0.18",0.11504032864857394,0.8654499609585041
2024-03-01 15:00:00,1086774.70852,238091.0,848683.7085200001,卖,SH.603019,中科曙光,52.99,100,86774.7085200001,0.08677470852000013,超时卖/调仓卖,持仓不变,账户级撮合-卖出回款,3,5299.0,17.00979,0.052051430322039044,0.05363485140299186,0.5368329466357311,1.0,"mom20@q0.6,hold_q=0.4,buy_top=5,hold_top=10,rebalance=20d,min_hold=5d,turnover_penalty=0.01,target_vol=0.18",0.11504032864857394,0.8654499609585041
2024-03-01 15:00:00,1086774.70852,238091.0,848683.7085200001,卖,SH.601138,工业富联,18.47,100,86774.7085200001,0.08677470852000013,超时卖/调仓卖,持仓不变,账户级撮合-卖出回款,3,1847.0,5.92887,0.043226773598282774,0.04418763118383357,0.36511456023651134,6.0,"mom20@q0.6,hold_q=0.4,buy_top=5,hold_top=10,rebalance=20d,min_hold=5d,turnover_penalty=0.01,target_vol=0.18",0.11504032864857394,0.8654499609585041
2024-03-01 15:00:00,1086774.70852,238091.0,848683.7085200001,买,SH.601857,中国石油,7.86,100,86774.7085200001,0.08677470852000013,,持仓不变,账户级撮合-100股整手/现金约束,3,786.0,2.13006,0.058870826315214175,0.05858251899025339,0.11173974540311171,39.0,"mom20@q0.6,hold_q=0.4,buy_top=5,hold_top=10,rebalance=20d,min_hold=5d,turnover_penalty=0.01,target_vol=0.18",0.11504032864857394,0.8654499609585041
2024-03-04 15:00:00,1097386.3023800002,242987.0,854399.3023800001,卖,SH.601138,工业富联,20.47,200,97386.30238000024,0.09738630238000034,超时卖/调仓卖,持仓不变,账户级撮合-卖出回款,3,4094.0,13.141739999999999,0.043226773598282774,0.04476819137750462,0.5917573872472783,3.0,"mom20@q0.6,hold_q=0.4,buy_top=5,hold_top=10,rebalance=20d,min_hold=5d,turnover_penalty=0.01,target_vol=0.18",0.11504032864857394,0.8654499609585041
2024-03-04 15:00:00,1097386.3023800002,242987.0,854399.3023800001,卖,SH.601857,中国石油,8.2,200,97386.30238000024,0.09738630238000034,超时卖/调仓卖,持仓不变,账户级撮合-卖出回款,3,1639.9999999999998,5.264399999999998,0.058870826315214175,0.05903117239526846,0.08179419525065956,72.0,"mom20@q0.6,hold_q=0.4,buy_top=5,hold_top=10,rebalance=20d,min_hold=5d,turnover_penalty=0.01,target_vol=0.18",0.11504032864857394,0.8654499609585041
2024-03-05 15:00:00,1096698.4971800002,240186.0,856512.4971800002,卖,SH.601138,工业富联,21.2,100,96698.49718000018,0.09669849718000023,超时卖/调仓卖,持仓不变,账户级撮合-卖出回款,3,2120.0,6.805199999999999,0.043226773598282774,0.04446071561635145,0.760797342192691,2.0,"mom20@q0.6,hold_q=0.4,buy_top=5,hold_top=10,rebalance=20d,min_hold=5d,turnover_penalty=0.01,target_vol=0.18",0.11504032864857394,0.8654499609585041
2024-03-06 15:00:00,1095732.3129200002,240028.0,855704.3129200002,买,SH.601857,中国石油,8.06,100,95732.31292000017,0.09573231292000006,,持仓不变,账户级撮合-100股整手/现金约束,3,806.0,2.1842599999999996,0.058870826315214175,0.05884648945705384,0.07754010695187175,97.0,"mom20@q0.6,hold_q=0.4,buy_top=5,hold_top=10,rebalance=20d,min_hold=5d,turnover_penalty=0.01,target_vol=0.18",0.11504032864857394,0.8654499609585041
2024-03-08 15:00:00,1105944.69002,244768.0,861176.6900200002,卖,SH.601138,工业富联,23.32,200,105944.6900200001,0.10594469002000007,超时卖/调仓卖,持仓不变,账户级撮合-卖出回款,3,4664.0,14.97144,0.043226773598282774,0.04428069544699779,0.7924673328209071,3.0,"mom20@q0.6,hold_q=0.4,buy_top=5,hold_top=10,rebalance=20d,min_hold=5d,turnover_penalty=0.01,target_vol=0.18",0.11504032864857394,0.8654499609585041
2024-03-08 15:00:00,1105944.69002,244768.0,861176.6900200002,卖,SH.601857,中国石油,8.26,100,105944.6900200001,0.10594469002000007,超时卖/调仓卖,持仓不变,账户级撮合-卖出回款,3,826.0,2.6514599999999997,0.058870826315214175,0.0590029506799476,0.14246196403872746,79.0,"mom20@q0.6,hold_q=0.4,buy_top=5,hold_top=10,rebalance=20d,min_hold=5d,turnover_penalty=0.01,target_vol=0.18",0.11504032864857394,0.8654499609585041
2024-03-11 15:00:00,1106689.7096700002,243904.0,862785.7096700002,卖,SH.601138,工业富联,24.27,100,106689.70967000024,0.10668970967000035,超时卖/调仓卖,持仓不变,账户级撮合-卖出回款,3,2427.0,7.7906699999999995,0.043226773598282774,0.043860532519520726,0.9620048504446241,3.0,"mom20@q0.6,hold_q=0.4,buy_top=5,hold_top=10,rebalance=20d,min_hold=5d,turnover_penalty=0.01,target_vol=0.18",0.11504032864857394,0.8654499609585041
2024-03-11 15:00:00,1106689.7096700002,243904.0,862785.7096700002,买,SH.601857,中国石油,8.08,100,106689.70967000024,0.10668970967000035,,持仓不变,账户级撮合-100股整手/现金约束,3,808.0,2.1896799999999996,0.058870826315214175,0.05840842237457396,0.1253481894150419,100.0,"mom20@q0.6,hold_q=0.4,buy_top=5,hold_top=10,rebalance=20d,min_hold=5d,turnover_penalty=0.01,target_vol=0.18",0.11504032864857394,0.8654499609585041
2024-03-12 15:00:00,1097632.4007900003,237181.0,860451.4007900002,买,SH.601857,中国石油,7.76,300,97632.40079000033,0.09763240079000024,,持仓不变,账户级撮合-100股整手/现金约束,3,2328.0,6.308879999999999,0.058870826315214175,0.058679025832003094,0.05006765899864685,112.0,"mom20@q0.6,hold_q=0.4,buy_top=5,hold_top=10,rebalance=20d,min_hold=5d,turnover_penalty=0.01,target_vol=0.18",0.11504032864857394,0.8654499609585041
2024-03-14 15:00:00,1097791.8561900002,241612.0,856179.8561900002,买,SH.601138,工业富联,21.3,200,97791.8561900002,0.09779185619000019,,持仓不变,账户级撮合-100股整手/现金约束,3,4260.0,11.544599999999999,0.043226773598282774,0.04268568739672788,0.5490909090909091,15.0,"mom20@q0.6,hold_q=0.4,buy_top=5,hold_top=10,rebalance=20d,min_hold=5d,turnover_penalty=0.01,target_vol=0.18",0.11504032864857394,0.8654499609585041
2024-03-15 15:00:00,1103005.3106600002,246035.0,856970.3106600002,卖,SH.601857,中国石油,7.93,100,103005.31066000019,0.10300531066000018,超时卖/调仓卖,持仓不变,账户级撮合-卖出回款,3,793.0,2.54553,0.058870826315214175,0.05895347862023501,0.07744565217391286,82.0,"mom20@q0.6,hold_q=0.4,buy_top=5,hold_top=10,rebalance=20d,min_hold=5d,turnover_penalty=0.01,target_vol=0.18",0.11504032864857394,0.8654499609585041
2024-03-18 15:00:00,1110331.7800000003,251023.0,859308.7800000001,卖,SH.601138,工业富联,23.46,100,110331.78000000026,0.11033178000000032,超时卖/调仓卖,持仓不变,账户级撮合-卖出回款,3,2346.0,7.530659999999999,0.043226773598282774,0.044370521394965376,0.49236641221374056,8.0,"mom20@q0.6,hold_q=0.4,buy_top=5,hold_top=10,rebalance=20d,min_hold=5d,turnover_penalty=0.01,target_vol=0.18",0.11504032864857394,0.8654499609585041
2024-03-20 15:00:00,1110625.50276,249678.0,860947.5027600002,卖,SH.601857,中国石油,8.22,200,110625.50276000006,0.11062550276000005,超时卖/调仓卖,持仓不变,账户级撮合-卖出回款,3,1644.0000000000002,5.27724,0.058870826315214175,0.0592098775298971,0.0551989730423621,93.0,"mom20@q0.6,hold_q=0.4,buy_top=5,hold_top=10,rebalance=20d,min_hold=5d,turnover_penalty=0.01,target_vol=0.18",0.11504032864857394,0.8654499609585041
2024-03-25 15:00:00,1105475.1356400002,242861.0,862614.1356400002,卖,SH.601857,中国石油,8.36,200,105475.13564000023,0.10547513564000033,超时卖/调仓卖,持仓不变,账户级撮合-卖出回款,3,1672.0,5.36712,0.058870826315214175,0.0589864013198711,0.05555555555555558,69.0,"mom20@q0.6,hold_q=0.4,buy_top=5,hold_top=10,rebalance=20d,min_hold=5d,turnover_penalty=0.01,target_vol=0.18",0.11504032864857394,0.8654499609585041
2024-03-26 15:00:00,1097966.7181300002,216283.0,881683.7181300002,卖,SZ.300308,中际旭创,111.66,300,97966.71813000017,0.09796671813000013,超时卖/调仓卖,调仓卖出-跌出持有排名,账户级撮合-卖出回款,3,33498.0,107.52857999999999,0.0,0.0,-0.021641987207570268,97.0,"mom20@q0.6,hold_q=0.4,buy_top=5,hold_top=10,rebalance=20d,min_hold=5d,turnover_penalty=0.01,target_vol=0.18",0.11504032864857394,0.8654499609585041
2024-03-26 15:00:00,1097966.7181300002,216283.0,881683.7181300002,卖,SH.603019,中科曙光,48.26,1100,97966.71813000017,0.09796671813000013,超时卖/调仓卖,调仓卖出-跌出持有排名,账户级撮合-卖出回款,3,53086.0,170.40606,0.0,0.0,0.0641675854465269,49.0,"mom20@q0.6,hold_q=0.4,buy_top=5,hold_top=10,rebalance=20d,min_hold=5d,turnover_penalty=0.01,target_vol=0.18",0.11504032864857394,0.8654499609585041
2024-03-26 15:00:00,1097966.7181300002,216283.0,881683.7181300002,卖,SH.601857,中国石油,8.29,7800,97966.71813000017,0.09796671813000013,超时卖/调仓卖,调仓卖出-跌出持有排名,账户级撮合-卖出回款,3,64661.99999999999,207.56501999999995,0.0,0.0,0.041457286432160734,55.0,"mom20@q0.6,hold_q=0.4,buy_top=5,hold_top=10,rebalance=20d,min_hold=5d,turnover_penalty=0.01,target_vol=0.18",0.11504032864857394,0.8654499609585041
2024-03-26 15:00:00,1097966.7181300002,216283.0,881683.7181300002,买,SZ.300757,罗博特科,94.77,300,97966.71813000017,0.09796671813000013,,调仓买入-新进前N、满足动量阈值,账户级撮合-100股整手/现金约束,3,28431.0,77.04800999999999,0.03332724043156631,0.025894227512125504,0.8281249999999998,1.0,"mom20@q0.6,hold_q=0.4,buy_top=5,hold_top=10,rebalance=20d,min_hold=5d,turnover_penalty=0.01,target_vol=0.18",0.11504032864857394,0.8654499609585041
2024-03-26 15:00:00,1097966.7181300002,216283.0,881683.7181300002,买,SZ.001309,德明利,71.13,600,97966.71813000017,0.09796671813000013,,调仓买入-新进前N、满足动量阈值,账户级撮合-100股整手/现金约束,3,42678.0,115.65737999999999,0.04356237786099148,0.03887003066239289,0.5234525594345685,2.0,"mom20@q0.6,hold_q=0.4,buy_top=5,hold_top=10,rebalance=20d,min_hold=5d,turnover_penalty=0.01,target_vol=0.18",0.11504032864857394,0.8654499609585041
2024-03-26 15:00:00,1097966.7181300002,216283.0,881683.7181300002,买,SZ.002916,深南电路,65.69,800,97966.71813000017,0.09796671813000013,,调仓买入-新进前N、满足动量阈值,账户级撮合-100股整手/现金约束,3,52552.0,142.41592,0.048310644719119014,0.0478630172775217,0.26399846065037513,5.0,"mom20@q0.6,hold_q=0.4,buy_top=5,hold_top=10,rebalance=20d,min_hold=5d,turnover_penalty=0.01,target_vol=0.18",0.11504032864857394,0.8654499609585041
2024-03-26 15:00:00,1097966.7181300002,216283.0,881683.7181300002,买,SZ.300394,天孚通信,76.74,100,97966.71813000017,0.09796671813000013,,调仓买入-权重上调,账户级撮合-100股整手/现金约束,3,7673.999999999999,20.796539999999997,0.045982267780653306,0.04193569735740237,0.16044155451383646,19.0,"mom20@q0.6,hold_q=0.4,buy_top=5,hold_top=10,rebalance=20d,min_hold=5d,turnover_penalty=0.01,target_vol=0.18",0.11504032864857394,0.8654499609585041
2024-03-27 15:00:00,1092896.4310500002,217979.0,874917.4310500001,买,SZ.001309,德明利,67.48,100,92896.43105000025,0.09289643105000023,,持仓不变,账户级撮合-100股整手/现金约束,3,6748.0,18.28708,0.04356237786099148,0.043220929868549404,0.5660245996750985,2.0,"mom20@q0.6,hold_q=0.4,buy_top=5,hold_top=10,rebalance=20d,min_hold=5d,turnover_penalty=0.01,target_vol=0.18",0.11504032864857394,0.8654499609585041
2024-04-02 15:00:00,1103169.4854800003,236742.0,866427.4854800001,买,SZ.300757,罗博特科,84.67,100,103169.48548000026,0.10316948548000027,,持仓不变,账户级撮合-100股整手/现金约束,3,8467.0,22.945569999999996,0.03332724043156631,0.030700631630745014,0.09195254062419389,34.0,"mom20@q0.6,hold_q=0.4,buy_top=5,hold_top=10,rebalance=20d,min_hold=5d,turnover_penalty=0.01,target_vol=0.18",0.11504032864857394,0.8654499609585041
2024-04-10 15:00:00,1083335.1874300002,218868.0,864467.1874300002,买,SH.601138,工业富联,19.55,100,83335.18743000017,0.08333518743000012,,持仓不变,账户级撮合-100股整手/现金约束,3,1955.0,5.29805,0.04041097926006842,0.039701470513510015,-0.19447878038730937,112.0,"mom20@q0.6,hold_q=0.4,buy_top=5,hold_top=10,rebalance=20d,min_hold=5d,turnover_penalty=0.01,target_vol=0.18",0.11504032864857394,0.8654499609585041
2024-04-16 15:00:00,1082212.9952100003,224847.0,857365.9952100002,买,SZ.300757,罗博特科,70.82,100,82212.99521000031,0.08221299521000036,,持仓不变,账户级撮合-100股整手/现金约束,3,7081.999999999999,19.192219999999995,0.03332724043156631,0.03271999149587812,-0.24531116794543917,111.0,"mom20@q0.6,hold_q=0.4,buy_top=5,hold_top=10,rebalance=20d,min_hold=5d,turnover_penalty=0.01,target_vol=0.18",0.11504032864857394,0.8654499609585041
2024-04-18 15:00:00,1091905.1418600003,232411.0,859494.1418600002,卖,SH.601138,工业富联,21.35,100,91905.14186000032,0.09190514186000032,超时卖/调仓卖,持仓不变,账户级撮合-卖出回款,3,2135.0,6.85335,0.04041097926006842,0.04106125915262753,-0.10893155258764609,83.0,"mom20@q0.6,hold_q=0.4,buy_top=5,hold_top=10,rebalance=20d,min_hold=5d,turnover_penalty=0.01,target_vol=0.18",0.11504032864857394,0.8654499609585041
2024-04-22 15:00:00,1077784.91427,220225.0,857559.9142700002,买,SH.601138,工业富联,19.29,100,77784.91427000007,0.07778491427,,持仓不变,账户级撮合-100股整手/现金约束,3,1929.0,5.227589999999999,0.04041097926006842,0.03937520319510493,-0.17704778156996592,101.0,"mom20@q0.6,hold_q=0.4,buy_top=5,hold_top=10,rebalance=20d,min_hold=5d,turnover_penalty=0.01,target_vol=0.18",0.11504032864857394,0.8654499609585041
2024-04-25 15:00:00,1082827.34356,346167.0,736660.3435600001,卖,SZ.300394,天孚通信,73.12,600,82827.34355999995,0.08282734355999999,超时卖/调仓卖,调仓卖出-跌破持有阈值、跌出持有排名,账户级撮合-卖出回款,3,43872.0,140.82912,0.0,0.0,-0.04717227000260604,67.0,"mom20@q0.6,hold_q=0.4,buy_top=5,hold_top=10,rebalance=20d,min_hold=5d,turnover_penalty=0.01,target_vol=0.18",0.11504032864857394,0.8654499609585041
2024-04-25 15:00:00,1082827.34356,346167.0,736660.3435600001,卖,SH.601138,工业富联,20.64,2200,82827.34355999995,0.08282734355999999,超时卖/调仓卖,调仓卖出-跌破持有阈值、跌出持有排名,账户级撮合-卖出回款,3,45408.0,145.75967999999997,0.0,0.0,-0.06943192064923354,78.0,"mom20@q0.6,hold_q=0.4,buy_top=5,hold_top=10,rebalance=20d,min_hold=5d,turnover_penalty=0.01,target_vol=0.18",0.11504032864857394,0.8654499609585041
2024-04-25 15:00:00,1082827.34356,346167.0,736660.3435600001,卖,SZ.300757,罗博特科,78.06,500,82827.34355999995,0.08282734355999999,超时卖/调仓卖,调仓卖出-跌破持有阈值、跌出持有排名,账户级撮合-卖出回款,3,39030.0,125.2863,0.0,0.0,-0.17632162076606517,114.0,"mom20@q0.6,hold_q=0.4,buy_top=5,hold_top=10,rebalance=20d,min_hold=5d,turnover_penalty=0.01,target_vol=0.18",0.11504032864857394,0.8654499609585041
2024-04-25 15:00:00,1082827.34356,346167.0,736660.3435600001,卖,SZ.001309,德明利,66.4,700,82827.34355999995,0.08282734355999999,超时卖/调仓卖,调仓卖出-跌破持有阈值、跌出持有排名,账户级撮合-卖出回款,3,46480.00000000001,149.20080000000002,0.0,0.0,-0.06649796147898202,75.0,"mom20@q0.6,hold_q=0.4,buy_top=5,hold_top=10,rebalance=20d,min_hold=5d,turnover_penalty=0.01,target_vol=0.18",0.11504032864857394,0.8654499609585041
2024-04-25 15:00:00,1082827.34356,346167.0,736660.3435600001,卖,SZ.002916,深南电路,65.18,800,82827.34355999995,0.08282734355999999,超时卖/调仓卖,调仓卖出-跌出持有排名,账户级撮合-卖出回款,3,52144.00000000001,167.38224,0.0,0.0,-0.00776373877302472,53.0,"mom20@q0.6,hold_q=0.4,buy_top=5,hold_top=10,rebalance=20d,min_hold=5d,turnover_penalty=0.01,target_vol=0.18",0.11504032864857394,0.8654499609585041
2024-04-25 15:00:00,1082827.34356,346167.0,736660.3435600001,买,SH.601179,中国西电,7.25,8200,82827.34355999995,0.08282734355999999,,调仓买入-新进前N、满足动量阈值,账户级撮合-100股整手/现金约束,3,59450.0,161.1095,0.05504956686705753,0.054902566280370116,0.39423076923076916,1.0,"mom20@q0.6,hold_q=0.4,buy_top=5,hold_top=10,rebalance=20d,min_hold=5d,turnover_penalty=0.01,target_vol=0.18",0.11504032864857394,0.8654499609585041
2024-04-25 15:00:00,1082827.34356,346167.0,736660.3435600001,买,SZ.300476,胜宏科技,26.95,1500,82827.34355999995,0.08282734355999999,,调仓买入-新进前N、满足动量阈值,账户级撮合-100股整手/现金约束,3,40425.0,109.55174999999998,0.03974024846034662,0.03733282156238792,0.2402208927749654,2.0,"mom20@q0.6,hold_q=0.4,buy_top=5,hold_top=10,rebalance=20d,min_hold=5d,turnover_penalty=0.01,target_vol=0.18",0.11504032864857394,0.8654499609585041
2024-04-25 15:00:00,1082827.34356,346167.0,736660.3435600001,买,SH.603993,洛阳钼业,8.18,9500,82827.34355999995,0.08282734355999999,,调仓买入-新进前N、满足动量阈值,账户级撮合-100股整手/现金约束,3,77710.0,210.59409999999997,0.0719532443252601,0.07176582717657799,0.15373765867418898,4.0,"mom20@q0.6,hold_q=0.4,buy_top=5,hold_top=10,rebalance=20d,min_hold=5d,turnover_penalty=0.01,target_vol=0.18",0.11504032864857394,0.8654499609585041
2024-04-25 15:00:00,1082827.34356,346167.0,736660.3435600001,买,SH.600875,东方电气,16.71,5900,82827.34355999995,0.08282734355999999,,调仓买入-新进前N、满足动量阈值,账户级撮合-100股整手/现金约束,3,98589.0,267.17618999999996,0.09215595125350103,0.09104775621556618,0.13364993215739496,5.0,"mom20@q0.6,hold_q=0.4,buy_top=5,hold_top=10,rebalance=20d,min_hold=5d,turnover_penalty=0.01,target_vol=0.18",0.11504032864857394,0.8654499609585041
2024-04-25 15:00:00,1082827.34356,346167.0,736660.3435600001,买,SH.600176,中国巨石,11.11,6300,82827.34355999995,0.08282734355999999,,调仓买入-满足动量阈值,账户级撮合-100股整手/现金约束,3,69993.0,189.68103,0.06545007954152696,0.06463911390516308,0.11546184738955811,8.0,"mom20@q0.6,hold_q=0.4,buy_top=5,hold_top=10,rebalance=20d,min_hold=5d,turnover_penalty=0.01,target_vol=0.18",0.11504032864857394,0.8654499609585041
2024-04-26 15:00:00,1085326.5282100001,349602.0,735724.52821,卖,SH.603993,洛阳钼业,8.59,400,85326.52821000014,0.0853265282100002,超时卖/调仓卖,持仓不变,账户级撮合-卖出回款,3,3436.0,11.029559999999998,0.0719532443252601,0.0720234859908216,0.19305555555555554,6.0,"mom20@q0.6,hold_q=0.4,buy_top=5,hold_top=10,rebalance=20d,min_hold=5d,turnover_penalty=0.01,target_vol=0.18",0.11504032864857394,0.8654499609585041
2024-04-26 15:00:00,1085326.5282100001,349602.0,735724.52821,买,SH.600176,中国巨石,11.05,100,85326.52821000014,0.0853265282100002,,持仓不变,账户级撮合-100股整手/现金约束,3,1105.0,2.99455,0.06545007954152696,0.06516011371862125,0.1474558670820354,10.0,"mom20@q0.6,hold_q=0.4,buy_top=5,hold_top=10,rebalance=20d,min_hold=5d,turnover_penalty=0.01,target_vol=0.18",0.11504032864857394,0.8654499609585041
2024-04-26 15:00:00,1085326.5282100001,349602.0,735724.52821,买,SH.600875,东方电气,16.22,200,85326.52821000014,0.0853265282100002,,持仓不变,账户级撮合-100股整手/现金约束,3,3244.0,8.791239999999998,0.09215595125350103,0.0911633480139681,0.13585434173669464,12.0,"mom20@q0.6,hold_q=0.4,buy_top=5,hold_top=10,rebalance=20d,min_hold=5d,turnover_penalty=0.01,target_vol=0.18",0.11504032864857394,0.8654499609585041
2024-04-29 15:00:00,1083490.07299,350154.0,733336.07299,买,SH.601179,中国西电,7.18,100,83490.07299000002,0.08349007299000011,,持仓不变,账户级撮合-100股整手/现金约束,3,718.0,1.9457799999999998,0.05504956686705753,0.055001888328837525,0.38878143133462273,1.0,"mom20@q0.6,hold_q=0.4,buy_top=5,hold_top=10,rebalance=20d,min_hold=5d,turnover_penalty=0.01,target_vol=0.18",0.11504032864857394,0.8654499609585041
2024-04-29 15:00:00,1083490.07299,350154.0,733336.07299,买,SH.603993,洛阳钼业,8.32,200,83490.07299000002,0.08349007299000011,,持仓不变,账户级撮合-100股整手/现金约束,3,1664.0,4.50944,0.0719532443252601,0.07141366767345927,0.11229946524064172,15.0,"mom20@q0.6,hold_q=0.4,buy_top=5,hold_top=10,rebalance=20d,min_hold=5d,turnover_penalty=0.01,target_vol=0.18",0.11504032864857394,0.8654499609585041
2024-04-30 15:00:00,1076506.1571,346839.0,729667.1571000001,买,SH.601179,中国西电,6.87,300,76506.15709999995,0.07650615709999986,,持仓不变,账户级撮合-100股整手/现金约束,3,2061.0,5.58531,0.05504956686705753,0.05488310457894733,0.29622641509433967,1.0,"mom20@q0.6,hold_q=0.4,buy_top=5,hold_top=10,rebalance=20d,min_hold=5d,turnover_penalty=0.01,target_vol=0.18",0.11504032864857394,0.8654499609585041
2024-04-30 15:00:00,1076506.1571,346839.0,729667.1571000001,买,SH.600875,东方电气,15.98,100,76506.15709999995,0.07650615709999986,,持仓不变,账户级撮合-100股整手/现金约束,3,1598.0,4.330579999999999,0.09215595125350103,0.09203477318411336,0.07464694014794904,27.0,"mom20@q0.6,hold_q=0.4,buy_top=5,hold_top=10,rebalance=20d,min_hold=5d,turnover_penalty=0.01,target_vol=0.18",0.11504032864857394,0.8654499609585041
2024-05-06 15:00:00,1081915.76632,352603.0,729312.76632,卖,SH.600875,东方电气,16.49,100,81915.76631999994,0.08191576631999986,超时卖/调仓卖,持仓不变,账户级撮合-卖出回款,3,1648.9999999999998,5.293289999999999,0.09215595125350103,0.09297304201614584,0.10301003344481607,17.0,"mom20@q0.6,hold_q=0.4,buy_top=5,hold_top=10,rebalance=20d,min_hold=5d,turnover_penalty=0.01,target_vol=0.18",0.11504032864857394,0.8654499609585041
2024-05-06 15:00:00,1081915.76632,352603.0,729312.76632,卖,SH.600176,中国巨石,11.6,200,81915.76631999994,0.08191576631999986,超时卖/调仓卖,持仓不变,账户级撮合-卖出回款,3,2320.0,7.4472,0.06545007954152696,0.06647467597651045,0.1229428848015488,11.0,"mom20@q0.6,hold_q=0.4,buy_top=5,hold_top=10,rebalance=20d,min_hold=5d,turnover_penalty=0.01,target_vol=0.18",0.11504032864857394,0.8654499609585041
2024-05-06 15:00:00,1081915.76632,352603.0,729312.76632,买,SZ.300476,胜宏科技,26.71,100,81915.76631999994,0.08191576631999986,,持仓不变,账户级撮合-100股整手/现金约束,3,2671.0,7.238409999999999,0.03974024846034662,0.03950030245456272,0.21464301955434295,2.0,"mom20@q0.6,hold_q=0.4,buy_top=5,hold_top=10,rebalance=20d,min_hold=5d,turnover_penalty=0.01,target_vol=0.18",0.11504032864857394,0.8654499609585041
2024-05-06 15:00:00,1081915.76632,352603.0,729312.76632,买,SH.603993,洛阳钼业,8.14,200,81915.76631999994,0.08191576631999986,,持仓不变,账户级撮合-100股整手/现金约束,3,1628.0,4.411879999999999,0.0719532443252601,0.0714750652567235,0.07671957671957674,24.0,"mom20@q0.6,hold_q=0.4,buy_top=5,hold_top=10,rebalance=20d,min_hold=5d,turnover_penalty=0.01,target_vol=0.18",0.11504032864857394,0.8654499609585041
2024-05-07 15:00:00,1083567.088,351870.0,731697.0880000001,卖,SH.600176,中国巨石,11.96,200,83567.08799999999,0.0835670879999999,超时卖/调仓卖,持仓不变,账户级撮合-卖出回款,3,2392.0,7.678319999999999,0.06545007954152696,0.06622571024416349,0.165692007797271,8.0,"mom20@q0.6,hold_q=0.4,buy_top=5,hold_top=10,rebalance=20d,min_hold=5d,turnover_penalty=0.01,target_vol=0.18",0.11504032864857394,0.8654499609585041
2024-05-08 15:00:00,1083702.8089,351298.0,732404.8089000001,卖,SH.601179,中国西电,7.1,100,83702.80890000006,0.08370280890000004,超时卖/调仓卖,持仓不变,账户级撮合-卖出回款,3,710.0,2.2790999999999997,0.05504956686705753,0.055688699433433755,0.3627639155470248,1.0,"mom20@q0.6,hold_q=0.4,buy_top=5,hold_top=10,rebalance=20d,min_hold=5d,turnover_penalty=0.01,target_vol=0.18",0.11504032864857394,0.8654499609585041
2024-05-09 15:00:00,1089657.69081,354732.0,734925.6908100001,卖,SH.603993,洛阳钼业,8.35,100,89657.69081000006,0.08965769080999997,超时卖/调仓卖,持仓不变,账户级撮合-卖出回款,3,835.0,2.68035,0.0719532443252601,0.07203179554641076,0.05031446540880502,47.0,"mom20@q0.6,hold_q=0.4,buy_top=5,hold_top=10,rebalance=20d,min_hold=5d,turnover_penalty=0.01,target_vol=0.18",0.11504032864857394,0.8654499609585041
2024-05-09 15:00:00,1089657.69081,354732.0,734925.6908100001,卖,SH.600875,东方电气,16.94,100,89657.69081000006,0.08965769080999997,超时卖/调仓卖,持仓不变,账户级撮合-卖出回款,3,1694.0000000000002,5.437740000000001,0.09215595125350103,0.0932769996093412,0.1731301939058174,11.0,"mom20@q0.6,hold_q=0.4,buy_top=5,hold_top=10,rebalance=20d,min_hold=5d,turnover_penalty=0.01,target_vol=0.18",0.11504032864857394,0.8654499609585041
2024-05-10 15:00:00,1095478.82547,355316.0,740162.8254700002,卖,SH.601179,中国西电,7.32,200,95478.82547000004,0.09547882547000008,超时卖/调仓卖,持仓不变,账户级撮合-卖出回款,3,1464.0,4.69944,0.05504956686705753,0.05546067946492118,0.3969465648854962,1.0,"mom20@q0.6,hold_q=0.4,buy_top=5,hold_top=10,rebalance=20d,min_hold=5d,turnover_penalty=0.01,target_vol=0.18",0.11504032864857394,0.8654499609585041
2024-05-10 15:00:00,1095478.82547,355316.0,740162.8254700002,卖,SH.603993,洛阳钼业,8.51,100,95478.82547000004,0.09547882547000008,超时卖/调仓卖,持仓不变,账户级撮合-卖出回款,3,851.0,2.7317099999999996,0.0719532443252601,0.07224512072704353,0.09242618741976893,22.0,"mom20@q0.6,hold_q=0.4,buy_top=5,hold_top=10,rebalance=20d,min_hold=5d,turnover_penalty=0.01,target_vol=0.18",0.11504032864857394,0.8654499609585041
2024-05-10 15:00:00,1095478.82547,355316.0,740162.8254700002,卖,SH.600875,东方电气,17.19,100,95478.82547000004,0.09547882547000008,超时卖/调仓卖,持仓不变,账户级撮合-卖出回款,3,1719.0000000000002,5.51799,0.09215595125350103,0.09258143347178503,0.16305818673883632,12.0,"mom20@q0.6,hold_q=0.4,buy_top=5,hold_top=10,rebalance=20d,min_hold=5d,turnover_penalty=0.01,target_vol=0.18",0.11504032864857394,0.8654499609585041
2024-05-10 15:00:00,1095478.82547,355316.0,740162.8254700002,卖,SH.600176,中国巨石,12.2,100,95478.82547000004,0.09547882547000008,超时卖/调仓卖,持仓不变,账户级撮合-卖出回款,3,1220.0,3.9162,0.06545007954152696,0.06570642747852107,0.21393034825870627,5.0,"mom20@q0.6,hold_q=0.4,buy_top=5,hold_top=10,rebalance=20d,min_hold=5d,turnover_penalty=0.01,target_vol=0.18",0.11504032864857394,0.8654499609585041
2024-05-13 15:00:00,1100040.2904200002,355985.0,744055.2904200002,卖,SH.601179,中国西电,7.81,500,100040.29042000021,0.10004029042000018,超时卖/调仓卖,持仓不变,账户级撮合-卖出回款,3,3905.0,12.535049999999998,0.05504956686705753,0.05537797163478552,0.4791666666666665,1.0,"mom20@q0.6,hold_q=0.4,buy_top=5,hold_top=10,rebalance=20d,min_hold=5d,turnover_penalty=0.01,target_vol=0.18",0.11504032864857394,0.8654499609585041
2024-05-14 15:00:00,1093275.8558900002,351774.0,741501.8558900001,卖,SH.603993,洛阳钼业,8.77,300,93275.85589000024,0.0932758558900002,超时卖/调仓卖,持仓不变,账户级撮合-卖出回款,3,2631.0,8.445509999999999,0.0719532443252601,0.07219586856763215,0.09488139825218478,27.0,"mom20@q0.6,hold_q=0.4,buy_top=5,hold_top=10,rebalance=20d,min_hold=5d,turnover_penalty=0.01,target_vol=0.18",0.11504032864857394,0.8654499609585041
2024-05-14 15:00:00,1093275.8558900002,351774.0,741501.8558900001,买,SH.601179,中国西电,7.45,200,93275.85589000024,0.0932758558900002,,持仓不变,账户级撮合-100股整手/现金约束,3,1490.0,4.0379,0.05504956686705753,0.05451506102408306,0.2778730703259005,4.0,"mom20@q0.6,hold_q=0.4,buy_top=5,hold_top=10,rebalance=20d,min_hold=5d,turnover_penalty=0.01,target_vol=0.18",0.11504032864857394,0.8654499609585041
2024-05-14 15:00:00,1093275.8558900002,351774.0,741501.8558900001,买,SZ.300476,胜宏科技,24.93,100,93275.85589000024,0.0932758558900002,,持仓不变,账户级撮合-100股整手/现金约束,3,2493.0,6.756029999999999,0.03974024846034662,0.03876514767217557,0.20960698689956336,7.0,"mom20@q0.6,hold_q=0.4,buy_top=5,hold_top=10,rebalance=20d,min_hold=5d,turnover_penalty=0.01,target_vol=0.18",0.11504032864857394,0.8654499609585041
2024-05-14 15:00:00,1093275.8558900002,351774.0,741501.8558900001,买,SH.600176,中国巨石,11.79,100,93275.85589000024,0.0932758558900002,,持仓不变,账户级撮合-100股整手/现金约束,3,1179.0,3.1950899999999995,0.06545007954152696,0.06470462108798046,0.19695431472081215,9.0,"mom20@q0.6,hold_q=0.4,buy_top=5,hold_top=10,rebalance=20d,min_hold=5d,turnover_penalty=0.01,target_vol=0.18",0.11504032864857394,0.8654499609585041
2024-05-15 15:00:00,1083704.9076,350324.0,733380.9076000002,买,SH.601179,中国西电,6.8,700,83704.90760000004,0.08370490760000004,,持仓不变,账户级撮合-100股整手/现金约束,3,4760.0,12.8996,0.05504956686705753,0.05459050668231928,0.05754276827371707,33.0,"mom20@q0.6,hold_q=0.4,buy_top=5,hold_top=10,rebalance=20d,min_hold=5d,turnover_penalty=0.01,target_vol=0.18",0.11504032864857394,0.8654499609585041
2024-05-15 15:00:00,1083704.9076,350324.0,733380.9076000002,买,SH.600875,东方电气,16.51,100,83704.90760000004,0.08370490760000004,,持仓不变,账户级撮合-100股整手/现金约束,3,1651.0000000000002,4.47421,0.09215595125350103,0.09140864759889365,0.048919949174078825,39.0,"mom20@q0.6,hold_q=0.4,buy_top=5,hold_top=10,rebalance=20d,min_hold=5d,turnover_penalty=0.01,target_vol=0.18",0.11504032864857394,0.8654499609585041
2024-05-15 15:00:00,1083704.9076,350324.0,733380.9076000002,买,SH.603993,洛阳钼业,8.44,200,83704.90760000004,0.08370490760000004,,持仓不变,账户级撮合-100股整手/现金约束,3,1688.0,4.574479999999999,0.0719532443252601,0.07165050140075604,0.02055622732769047,66.0,"mom20@q0.6,hold_q=0.4,buy_top=5,hold_top=10,rebalance=20d,min_hold=5d,turnover_penalty=0.01,target_vol=0.18",0.11504032864857394,0.8654499609585041
2024-05-16 15:00:00,1083206.3460700002,351726.0,731480.3460700002,卖,SZ.300476,胜宏科技,27.82,100,83206.3460700002,0.0832063460700001,超时卖/调仓卖,持仓不变,账户级撮合-卖出回款,3,2782.0,8.930219999999998,0.03974024846034662,0.04109281685940519,0.20851433536055608,4.0,"mom20@q0.6,hold_q=0.4,buy_top=5,hold_top=10,rebalance=20d,min_hold=5d,turnover_penalty=0.01,target_vol=0.18",0.11504032864857394,0.8654499609585041
2024-05-16 15:00:00,1083206.3460700002,351726.0,731480.3460700002,买,SH.601179,中国西电,6.71,100,83206.3460700002,0.0832063460700001,,持仓不变,账户级撮合-100股整手/现金约束,3,671.0,1.8184099999999999,0.05504956686705753,0.0545122360243116,-0.01900584795321636,85.0,"mom20@q0.6,hold_q=0.4,buy_top=5,hold_top=10,rebalance=20d,min_hold=5d,turnover_penalty=0.01,target_vol=0.18",0.11504032864857394,0.8654499609585041
2024-05-16 15:00:00,1083206.3460700002,351726.0,731480.3460700002,买,SH.603993,洛阳钼业,7.98,500,83206.3460700002,0.0832063460700001,,持仓不变,账户级撮合-100股整手/现金约束,3,3990.0,10.812899999999999,0.0719532443252601,0.07146006878637487,-0.05785123966942152,101.0,"mom20@q0.6,hold_q=0.4,buy_top=5,hold_top=10,rebalance=20d,min_hold=5d,turnover_penalty=0.01,target_vol=0.18",0.11504032864857394,0.8654499609585041
2024-05-17 15:00:00,1082690.54392,351877.0,730813.5439200002,买,SH.601179,中国西电,6.65,100,82690.54392000008,0.08269054392000008,,持仓不变,账户级撮合-100股整手/现金约束,3,665.0,1.80215,0.05504956686705753,0.05466474269343316,-0.08904109589041087,115.0,"mom20@q0.6,hold_q=0.4,buy_top=5,hold_top=10,rebalance=20d,min_hold=5d,turnover_penalty=0.01,target_vol=0.18",0.11504032864857394,0.8654499609585041
2024-05-20 15:00:00,1088945.7294300003,354774.0,734171.7294300002,卖,SH.603993,洛阳钼业,8.25,200,88945.7294300003,0.08894572943000023,超时卖/调仓卖,持仓不变,账户级撮合-卖出回款,3,1650.0,5.2965,0.0719532443252601,0.07197328377514713,-0.0119760479041916,83.0,"mom20@q0.6,hold_q=0.4,buy_top=5,hold_top=10,rebalance=20d,min_hold=5d,turnover_penalty=0.01,target_vol=0.18",0.11504032864857394,0.8654499609585041
2024-05-20 15:00:00,1088945.7294300003,354774.0,734171.7294300002,卖,SH.600875,东方电气,17.19,100,88945.7294300003,0.08894572943000023,超时卖/调仓卖,持仓不变,账户级撮合-卖出回款,3,1719.0000000000002,5.51799,0.09215595125350103,0.09313687290282868,0.0011648223645894795,73.0,"mom20@q0.6,hold_q=0.4,buy_top=5,hold_top=10,rebalance=20d,min_hold=5d,turnover_penalty=0.01,target_vol=0.18",0.11504032864857394,0.8654499609585041
2024-05-21 15:00:00,1079666.2552800002,349370.0,730296.2552800002,买,SH.603993,洛阳钼业,7.73,500,79666.25528000016,0.07966625528000026,,持仓不变,账户级撮合-100股整手/现金约束,3,3865.0,10.47415,0.0719532443252601,0.07159619893830345,-0.11958997722095666,114.0,"mom20@q0.6,hold_q=0.4,buy_top=5,hold_top=10,rebalance=20d,min_hold=5d,turnover_penalty=0.01,target_vol=0.18",0.11504032864857394,0.8654499609585041
2024-05-22 15:00:00,1075729.17944,346941.0,728788.1794400002,买,SH.603993,洛阳钼业,7.52,200,75729.1794400001,0.07572917944000013,,持仓不变,账户级撮合-100股整手/现金约束,3,1504.0,4.0758399999999995,0.0719532443252601,0.07130419204574365,-0.1444823663253697,116.0,"mom20@q0.6,hold_q=0.4,buy_top=5,hold_top=10,rebalance=20d,min_hold=5d,turnover_penalty=0.01,target_vol=0.18",0.11504032864857394,0.8654499609585041
2024-05-23 15:00:00,1072581.66188,345835.0,726746.6618800001,买,SH.603993,洛阳钼业,7.48,100,72581.66188000003,0.07258166187999993,,持仓不变,账户级撮合-100股整手/现金约束,3,748.0,2.0270799999999998,0.0719532443252601,0.07183042815123167,-0.12,115.0,"mom20@q0.6,hold_q=0.4,buy_top=5,hold_top=10,rebalance=20d,min_hold=5d,turnover_penalty=0.01,target_vol=0.18",0.11504032864857394,0.8654499609585041
2024-05-23 15:00:00,1072581.66188,345835.0,726746.6618800001,买,SH.601179,中国西电,6.44,200,72581.66188000003,0.07258166187999993,,持仓不变,账户级撮合-100股整手/现金约束,3,1288.0,3.49048,0.05504956686705753,0.05463826399686907,-0.15596330275229353,118.0,"mom20@q0.6,hold_q=0.4,buy_top=5,hold_top=10,rebalance=20d,min_hold=5d,turnover_penalty=0.01,target_vol=0.18",0.11504032864857394,0.8654499609585041
2024-05-24 15:00:00,1073183.3990000002,345113.0,728070.3990000001,卖,SH.601179,中国西电,6.64,200,73183.39900000021,0.07318339900000015,超时卖/调仓卖,持仓不变,账户级撮合-卖出回款,3,1328.0,4.26288,0.05504956686705753,0.05506607729402641,-0.11819389110225775,116.0,"mom20@q0.6,hold_q=0.4,buy_top=5,hold_top=10,rebalance=20d,min_hold=5d,turnover_penalty=0.01,target_vol=0.18",0.11504032864857394,0.8654499609585041
2024-05-27 15:00:00,1081964.2300600002,349603.0,732361.2300600002,卖,SH.601179,中国西电,6.77,100,81964.2300600002,0.08196423006000031,超时卖/调仓卖,持仓不变,账户级撮合-卖出回款,3,677.0,2.17317,0.05504956686705753,0.05506281847847799,-0.09370816599732268,112.0,"mom20@q0.6,hold_q=0.4,buy_top=5,hold_top=10,rebalance=20d,min_hold=5d,turnover_penalty=0.01,target_vol=0.18",0.11504032864857394,0.8654499609585041
2024-05-27 15:00:00,1081964.2300600002,349603.0,732361.2300600002,卖,SH.603993,洛阳钼业,7.85,300,81964.2300600002,0.08196423006000031,超时卖/调仓卖,持仓不变,账户级撮合-卖出回款,3,2355.0,7.55955,0.0719532443252601,0.07255323033705725,-0.03799019607843146,96.0,"mom20@q0.6,hold_q=0.4,buy_top=5,hold_top=10,rebalance=20d,min_hold=5d,turnover_penalty=0.01,target_vol=0.18",0.11504032864857394,0.8654499609585041
2024-05-27 15:00:00,1081964.2300600002,349603.0,732361.2300600002,卖,SH.600875,东方电气,17.67,200,81964.2300600002,0.08196423006000031,超时卖/调仓卖,持仓不变,账户级撮合-卖出回款,3,3534.0000000000005,11.344140000000001,0.09215595125350103,0.09308902937984803,0.04991087344028533,40.0,"mom20@q0.6,hold_q=0.4,buy_top=5,hold_top=10,rebalance=20d,min_hold=5d,turnover_penalty=0.01,target_vol=0.18",0.11504032864857394,0.8654499609585041
2024-05-27 15:00:00,1081964.2300600002,349603.0,732361.2300600002,买,SH.600176,中国巨石,11.24,200,81964.2300600002,0.08196423006000031,,持仓不变,账户级撮合-100股整手/现金约束,3,2248.0,6.092079999999999,0.06545007954152696,0.06440878363985791,0.00267618198037467,71.0,"mom20@q0.6,hold_q=0.4,buy_top=5,hold_top=10,rebalance=20d,min_hold=5d,turnover_penalty=0.01,target_vol=0.18",0.11504032864857394,0.8654499609585041
2024-05-28 15:00:00,1077427.4295700002,364351.0,713076.42957,卖,SH.601179,中国西电,6.8,8800,77427.42957000015,0.07742742957000015,超时卖/调仓卖,调仓卖出-跌破持有阈值、跌出持有排名,账户级撮合-卖出回款,3,59840.0,192.0864,0.0,0.0,-0.06206896551724139,103.0,"mom20@q0.6,hold_q=0.4,buy_top=5,hold_top=10,rebalance=20d,min_hold=5d,turnover_penalty=0.01,target_vol=0.18",0.11504032864857394,0.8654499609585041
2024-05-28 15:00:00,1077427.4295700002,364351.0,713076.42957,卖,SZ.300476,胜宏科技,24.41,1600,77427.42957000015,0.07742742957000015,超时卖/调仓卖,调仓卖出-跌破持有阈值、跌出持有排名,账户级撮合-卖出回款,3,39056.0,125.36975999999999,0.0,0.0,-0.09424860853432282,114.0,"mom20@q0.6,hold_q=0.4,buy_top=5,hold_top=10,rebalance=20d,min_hold=5d,turnover_penalty=0.01,target_vol=0.18",0.11504032864857394,0.8654499609585041
2024-05-28 15:00:00,1077427.4295700002,364351.0,713076.42957,卖,SH.603993,洛阳钼业,7.85,10000,77427.42957000015,0.07742742957000015,超时卖/调仓卖,调仓卖出-跌破持有阈值、跌出持有排名,账户级撮合-卖出回款,3,78500.0,251.98499999999999,0.0,0.0,-0.04034229828850855,94.0,"mom20@q0.6,hold_q=0.4,buy_top=5,hold_top=10,rebalance=20d,min_hold=5d,turnover_penalty=0.01,target_vol=0.18",0.11504032864857394,0.8654499609585041
2024-05-28 15:00:00,1077427.4295700002,364351.0,713076.42957,卖,SH.600875,东方电气,17.7,5700,77427.42957000015,0.07742742957000015,超时卖/调仓卖,调仓卖出-跌出持有排名,账户级撮合-卖出回款,3,100890.0,323.8569,0.0,0.0,0.05924596050269293,35.0,"mom20@q0.6,hold_q=0.4,buy_top=5,hold_top=10,rebalance=20d,min_hold=5d,turnover_penalty=0.01,target_vol=0.18",0.11504032864857394,0.8654499609585041
2024-05-28 15:00:00,1077427.4295700002,364351.0,713076.42957,卖,SH.600176,中国巨石,11.11,6200,77427.42957000015,0.07742742957000015,超时卖/调仓卖,调仓卖出-跌出持有排名,账户级撮合-卖出回款,3,68882.0,221.11121999999997,0.0,0.0,0.0,67.0,"mom20@q0.6,hold_q=0.4,buy_top=5,hold_top=10,rebalance=20d,min_hold=5d,turnover_penalty=0.01,target_vol=0.18",0.11504032864857394,0.8654499609585041
2024-05-28 15:00:00,1077427.4295700002,364351.0,713076.42957,买,SH.688183,生益电子,15.06,2600,77427.42957000015,0.07742742957000015,,调仓买入-新进前N、满足动量阈值,账户级撮合-100股整手/现金约束,3,39156.0,106.11276,0.03675199652741978,0.03634212284313859,0.608974358974359,1.0,"mom20@q0.6,hold_q=0.4,buy_top=5,hold_top=10,rebalance=20d,min_hold=5d,turnover_penalty=0.01,target_vol=0.18",0.11504032864857394,0.8654499609585041
2024-05-28 15:00:00,1077427.4295700002,364351.0,713076.42957,买,SH.600183,生益科技,18.82,4200,77427.42957000015,0.07742742957000015,,调仓买入-新进前N、满足动量阈值,账户级撮合-100股整手/现金约束,3,79044.0,214.20923999999997,0.07404971585899507,0.07336364179214033,0.26563550773369204,2.0,"mom20@q0.6,hold_q=0.4,buy_top=5,hold_top=10,rebalance=20d,min_hold=5d,turnover_penalty=0.01,target_vol=0.18",0.11504032864857394,0.8654499609585041
2024-05-28 15:00:00,1077427.4295700002,364351.0,713076.42957,买,SZ.002938,鹏鼎控股,26.87,3000,77427.42957000015,0.07742742957000015,,调仓买入-新进前N、满足动量阈值,账户级撮合-100股整手/现金约束,3,80610.0,218.45309999999998,0.07682885916335949,0.07481710395304428,0.2158371040723981,3.0,"mom20@q0.6,hold_q=0.4,buy_top=5,hold_top=10,rebalance=20d,min_hold=5d,turnover_penalty=0.01,target_vol=0.18",0.11504032864857394,0.8654499609585041
2024-05-28 15:00:00,1077427.4295700002,364351.0,713076.42957,买,SH.600522,中天科技,14.71,6100,77427.42957000015,0.07742742957000015,,调仓买入-新进前N、满足动量阈值,账户级撮合-100股整手/现金约束,3,89731.0,243.17100999999997,0.08381861061679213,0.08328263931039098,0.1959349593495936,4.0,"mom20@q0.6,hold_q=0.4,buy_top=5,hold_top=10,rebalance=20d,min_hold=5d,turnover_penalty=0.01,target_vol=0.18",0.11504032864857394,0.8654499609585041
2024-05-28 15:00:00,1077427.4295700002,364351.0,713076.42957,买,SZ.000938,紫光股份,21.66,3500,77427.42957000015,0.07742742957000015,,调仓买入-满足动量阈值,账户级撮合-100股整手/现金约束,3,75810.0,205.44509999999997,0.07053304312022006,0.07036204752115478,0.12636505460218417,9.0,"mom20@q0.6,hold_q=0.4,buy_top=5,hold_top=10,rebalance=20d,min_hold=5d,turnover_penalty=0.01,target_vol=0.18",0.11504032864857394,0.8654499609585041
2024-05-30 15:00:00,1082457.3127600001,367969.0,714488.31276,卖,SZ.002938,鹏鼎控股,28.68,100,82457.31276000012,0.08245731276000012,超时卖/调仓卖,持仓不变,账户级撮合-卖出回款,3,2868.0,9.20628,0.07682885916335949,0.07683628630853982,0.24858511101436664,2.0,"mom20@q0.6,hold_q=0.4,buy_top=5,hold_top=10,rebalance=20d,min_hold=5d,turnover_penalty=0.01,target_vol=0.18",0.11504032864857394,0.8654499609585041
2024-05-30 15:00:00,1082457.3127600001,367969.0,714488.31276,买,SH.688183,生益电子,14.43,100,82457.31276000012,0.08245731276000012,,持仓不变,账户级撮合-100股整手/现金约束,3,1443.0,3.9105299999999996,0.03675199652741978,0.03599310526219184,0.4860968074150358,1.0,"mom20@q0.6,hold_q=0.4,buy_top=5,hold_top=10,rebalance=20d,min_hold=5d,turnover_penalty=0.01,target_vol=0.18",0.11504032864857394,0.8654499609585041
2024-05-31 15:00:00,1079062.37242,366032.0,713030.37242,买,SH.600522,中天科技,14.54,100,79062.37241999991,0.07906237241999992,,持仓不变,账户级撮合-100股整手/现金约束,3,1454.0,3.9403399999999995,0.08381861061679213,0.08354290011783674,0.11417624521072778,4.0,"mom20@q0.6,hold_q=0.4,buy_top=5,hold_top=10,rebalance=20d,min_hold=5d,turnover_penalty=0.01,target_vol=0.18",0.11504032864857394,0.8654499609585041
2024-06-03 15:00:00,1085584.1241100002,370761.0,714823.1241100001,卖,SH.688183,生益电子,16.17,200,85584.12411000021,0.08558412411000016,超时卖/调仓卖,持仓不变,账户级撮合-卖出回款,3,3234.0000000000005,10.38114,0.03675199652741978,0.03723801693686506,0.6516853932584272,1.0,"mom20@q0.6,hold_q=0.4,buy_top=5,hold_top=10,rebalance=20d,min_hold=5d,turnover_penalty=0.01,target_vol=0.18",0.11504032864857394,0.8654499609585041
2024-06-03 15:00:00,1085584.1241100002,370761.0,714823.1241100001,买,SH.600522,中天科技,14.27,100,85584.12411000021,0.08558412411000016,,持仓不变,账户级撮合-100股整手/现金约束,3,1427.0,3.8671699999999998,0.08381861061679213,0.08281348078271132,0.0657206870799103,17.0,"mom20@q0.6,hold_q=0.4,buy_top=5,hold_top=10,rebalance=20d,min_hold=5d,turnover_penalty=0.01,target_vol=0.18",0.11504032864857394,0.8654499609585041
2024-06-05 15:00:00,1084233.3246900002,370816.0,713417.32469,买,SH.600522,中天科技,14.02,100,84233.32469000015,0.08423332469000022,,持仓不变,账户级撮合-100股整手/现金约束,3,1402.0,3.7994199999999996,0.08381861061679213,0.08275709476616086,0.04470938897168408,27.0,"mom20@q0.6,hold_q=0.4,buy_top=5,hold_top=10,rebalance=20d,min_hold=5d,turnover_penalty=0.01,target_vol=0.18",0.11504032864857394,0.8654499609585041
2024-06-06 15:00:00,1090459.7966800001,375407.0,715052.79668,卖,SZ.002938,鹏鼎控股,30.4,100,90459.79668000014,0.09045979668000004,超时卖/调仓卖,持仓不变,账户级撮合-卖出回款,3,3040.0,9.7584,0.07682885916335949,0.07805881542735942,0.19921104536489143,2.0,"mom20@q0.6,hold_q=0.4,buy_top=5,hold_top=10,rebalance=20d,min_hold=5d,turnover_penalty=0.01,target_vol=0.18",0.11504032864857394,0.8654499609585041
2024-06-06 15:00:00,1090459.7966800001,375407.0,715052.79668,买,SH.600522,中天科技,13.91,100,90459.79668000014,0.09045979668000004,,持仓不变,账户级撮合-100股整手/现金约束,3,1391.0,3.7696099999999997,0.08381861061679213,0.082914565282715,0.018301610541727742,32.0,"mom20@q0.6,hold_q=0.4,buy_top=5,hold_top=10,rebalance=20d,min_hold=5d,turnover_penalty=0.01,target_vol=0.18",0.11504032864857394,0.8654499609585041
2024-06-07 15:00:00,1086692.5067699999,369376.0,717316.50677,卖,SZ.000938,紫光股份,22.71,100,86692.50676999986,0.08669250676999996,超时卖/调仓卖,持仓不变,账户级撮合-卖出回款,3,2271.0,7.289909999999999,0.07053304312022006,0.07105413860771423,0.12481426448736999,6.0,"mom20@q0.6,hold_q=0.4,buy_top=5,hold_top=10,rebalance=20d,min_hold=5d,turnover_penalty=0.01,target_vol=0.18",0.11504032864857394,0.8654499609585041
2024-06-11 15:00:00,1096552.53719,373656.0,722896.53719,卖,SH.688183,生益电子,18.66,300,96552.53719000006,0.09655253719000001,超时卖/调仓卖,持仓不变,账户级撮合-卖出回款,3,5598.0,17.969579999999997,0.03675199652741978,0.037437330732186254,0.9478079331941545,1.0,"mom20@q0.6,hold_q=0.4,buy_top=5,hold_top=10,rebalance=20d,min_hold=5d,turnover_penalty=0.01,target_vol=0.18",0.11504032864857394,0.8654499609585041
2024-06-12 15:00:00,1102020.45701,378572.0,723448.4570099999,卖,SH.688183,生益电子,19.6,100,102020.45701000001,0.10202045701000007,超时卖/调仓卖,持仓不变,账户级撮合-卖出回款,3,1960.0000000000002,6.2916,0.03675199652741978,0.037349578892278676,1.0718816067653276,1.0,"mom20@q0.6,hold_q=0.4,buy_top=5,hold_top=10,rebalance=20d,min_hold=5d,turnover_penalty=0.01,target_vol=0.18",0.11504032864857394,0.8654499609585041
2024-06-12 15:00:00,1102020.45701,378572.0,723448.4570099999,买,SH.600522,中天科技,13.98,100,102020.45701000001,0.10202045701000007,,持仓不变,账户级撮合-100股整手/现金约束,3,1398.0,3.7885799999999996,0.08381861061679213,0.08372621344102937,-0.03252595155709337,59.0,"mom20@q0.6,hold_q=0.4,buy_top=5,hold_top=10,rebalance=20d,min_hold=5d,turnover_penalty=0.01,target_vol=0.18",0.11504032864857394,0.8654499609585041
2024-06-14 15:00:00,1118506.6959199999,384264.0,734242.6959199999,卖,SH.688183,生益电子,20.81,100,118506.69591999985,0.11850669591999985,超时卖/调仓卖,持仓不变,账户级撮合-卖出回款,3,2081.0,6.680009999999999,0.03675199652741978,0.03721032708326033,0.7576013513513513,1.0,"mom20@q0.6,hold_q=0.4,buy_top=5,hold_top=10,rebalance=20d,min_hold=5d,turnover_penalty=0.01,target_vol=0.18",0.11504032864857394,0.8654499609585041
2024-06-14 15:00:00,1118506.6959199999,384264.0,734242.6959199999,卖,SH.600183,生益科技,20.48,100,118506.69591999985,0.11850669591999985,超时卖/调仓卖,持仓不变,账户级撮合-卖出回款,3,2048.0,6.5740799999999995,0.07404971585899507,0.07507152197326294,0.07393812270582067,33.0,"mom20@q0.6,hold_q=0.4,buy_top=5,hold_top=10,rebalance=20d,min_hold=5d,turnover_penalty=0.01,target_vol=0.18",0.11504032864857394,0.8654499609585041
2024-06-14 15:00:00,1118506.6959199999,384264.0,734242.6959199999,卖,SZ.002938,鹏鼎控股,33.5,200,118506.69591999985,0.11850669591999985,超时卖/调仓卖,持仓不变,账户级撮合-卖出回款,3,6700.0,21.506999999999998,0.07682885916335949,0.07787168402095086,0.2575075075075075,3.0,"mom20@q0.6,hold_q=0.4,buy_top=5,hold_top=10,rebalance=20d,min_hold=5d,turnover_penalty=0.01,target_vol=0.18",0.11504032864857394,0.8654499609585041
2024-06-17 15:00:00,1129179.3580799997,386856.0,742323.3580799998,卖,SZ.002938,鹏鼎控股,36.95,200,129179.35807999969,0.12917935807999958,超时卖/调仓卖,持仓不变,账户级撮合-卖出回款,3,7390.000000000001,23.7219,0.07682885916335949,0.07853491065474935,0.41679447852760765,2.0,"mom20@q0.6,hold_q=0.4,buy_top=5,hold_top=10,rebalance=20d,min_hold=5d,turnover_penalty=0.01,target_vol=0.18",0.11504032864857394,0.8654499609585041
2024-06-17 15:00:00,1129179.3580799997,386856.0,742323.3580799998,卖,SH.600522,中天科技,14.86,200,129179.35807999969,0.12917935807999958,超时卖/调仓卖,持仓不变,账户级撮合-卖出回款,3,2972.0,9.54012,0.08381861061679213,0.08422399800303657,0.042807017543859516,39.0,"mom20@q0.6,hold_q=0.4,buy_top=5,hold_top=10,rebalance=20d,min_hold=5d,turnover_penalty=0.01,target_vol=0.18",0.11504032864857394,0.8654499609585041
2024-06-17 15:00:00,1129179.3580799997,386856.0,742323.3580799998,买,SZ.000938,紫光股份,22.42,100,129179.35807999969,0.12917935807999958,,持仓不变,账户级撮合-100股整手/现金约束,3,2242.0,6.075819999999999,0.07053304312022006,0.0694929458624062,0.030804597701149516,41.0,"mom20@q0.6,hold_q=0.4,buy_top=5,hold_top=10,rebalance=20d,min_hold=5d,turnover_penalty=0.01,target_vol=0.18",0.11504032864857394,0.8654499609585041
2024-06-18 15:00:00,1139513.6733399997,394804.0,744709.6733399997,卖,SZ.000938,紫光股份,23.94,100,139513.67333999975,0.13951367333999976,超时卖/调仓卖,持仓不变,账户级撮合-卖出回款,3,2394.0,7.68474,0.07053304312022006,0.0714304724061996,0.08473040326234704,28.0,"mom20@q0.6,hold_q=0.4,buy_top=5,hold_top=10,rebalance=20d,min_hold=5d,turnover_penalty=0.01,target_vol=0.18",0.11504032864857394,0.8654499609585041
2024-06-19 15:00:00,1128594.2900499997,386291.0,742303.2900499997,卖,SH.600522,中天科技,15.04,100,128594.29004999972,0.12859429004999967,超时卖/调仓卖,持仓不变,账户级撮合-卖出回款,3,1504.0,4.827839999999999,0.08381861061679213,0.08395576766191351,0.056921995783555834,34.0,"mom20@q0.6,hold_q=0.4,buy_top=5,hold_top=10,rebalance=20d,min_hold=5d,turnover_penalty=0.01,target_vol=0.18",0.11504032864857394,0.8654499609585041
2024-06-19 15:00:00,1128594.2900499997,386291.0,742303.2900499997,买,SH.688183,生益电子,19.51,100,128594.29004999972,0.12859429004999967,,持仓不变,账户级撮合-100股整手/现金约束,3,1951.0000000000002,5.28721,0.03675199652741978,0.036302682337853116,0.29376657824933705,2.0,"mom20@q0.6,hold_q=0.4,buy_top=5,hold_top=10,rebalance=20d,min_hold=5d,turnover_penalty=0.01,target_vol=0.18",0.11504032864857394,0.8654499609585041
2024-06-19 15:00:00,1128594.2900499997,386291.0,742303.2900499997,买,SH.600183,生益科技,19.44,100,128594.29004999972,0.12859429004999967,,持仓不变,账户级撮合-100股整手/现金约束,3,1944.0000000000002,5.2682400000000005,0.07404971585899507,0.07234486362356377,0.002578648788035043,53.0,"mom20@q0.6,hold_q=0.4,buy_top=5,hold_top=10,rebalance=20d,min_hold=5d,turnover_penalty=0.01,target_vol=0.18",0.11504032864857394,0.8654499609585041
2024-06-21 15:00:00,1129637.3819599997,385810.0,743827.3819599997,卖,SH.600522,中天科技,15.29,100,129637.38195999968,0.12963738195999963,超时卖/调仓卖,持仓不变,账户级撮合-卖出回款,3,1529.0,4.90809,0.08381861061679213,0.08391896507135667,0.09058487874465038,31.0,"mom20@q0.6,hold_q=0.4,buy_top=5,hold_top=10,rebalance=20d,min_hold=5d,turnover_penalty=0.01,target_vol=0.18",0.11504032864857394,0.8654499609585041
2024-06-24 15:00:00,1123932.4091199997,382315.0,741617.4091199997,买,SZ.000938,紫光股份,22.04,100,123932.40911999973,0.12393240911999981,,持仓不变,账户级撮合-100股整手/现金约束,3,2204.0,5.97284,0.07053304312022006,0.06863402049274293,-0.008100810081008047,59.0,"mom20@q0.6,hold_q=0.4,buy_top=5,hold_top=10,rebalance=20d,min_hold=5d,turnover_penalty=0.01,target_vol=0.18",0.11504032864857394,0.8654499609585041
2024-06-25 15:00:00,1112461.5502399998,378192.0,734269.5502399998,买,SH.688183,生益电子,18.26,100,112461.55023999978,0.11246155023999971,,持仓不变,账户级撮合-100股整手/现金约束,3,1826.0000000000002,4.94846,0.03675199652741978,0.03611091097155977,0.18725617685305607,7.0,"mom20@q0.6,hold_q=0.4,buy_top=5,hold_top=10,rebalance=20d,min_hold=5d,turnover_penalty=0.01,target_vol=0.18",0.11504032864857394,0.8654499609585041
2024-06-25 15:00:00,1112461.5502399998,378192.0,734269.5502399998,买,SH.600522,中天科技,14.76,100,112461.55023999978,0.11246155023999971,,持仓不变,账户级撮合-100股整手/现金约束,3,1476.0,3.9999599999999997,0.08381861061679213,0.0835876080210943,-0.004048582995951455,41.0,"mom20@q0.6,hold_q=0.4,buy_top=5,hold_top=10,rebalance=20d,min_hold=5d,turnover_penalty=0.01,target_vol=0.18",0.11504032864857394,0.8654499609585041
2024-06-25 15:00:00,1112461.5502399998,378192.0,734269.5502399998,买,SH.600183,生益科技,18.88,100,112461.55023999978,0.11246155023999971,,持仓不变,账户级撮合-100股整手/现金约束,3,1888.0,5.116479999999999,0.07404971585899507,0.07297690421973287,-0.014099216710182771,43.0,"mom20@q0.6,hold_q=0.4,buy_top=5,hold_top=10,rebalance=20d,min_hold=5d,turnover_penalty=0.01,target_vol=0.18",0.11504032864857394,0.8654499609585041
2024-06-25 15:00:00,1112461.5502399998,378192.0,734269.5502399998,买,SZ.000938,紫光股份,21.38,100,112461.55023999978,0.11246155023999971,,持仓不变,账户级撮合-100股整手/现金约束,3,2138.0,5.7939799999999995,0.07053304312022006,0.06918711031711174,-0.061045234958278516,74.0,"mom20@q0.6,hold_q=0.4,buy_top=5,hold_top=10,rebalance=20d,min_hold=5d,turnover_penalty=0.01,target_vol=0.18",0.11504032864857394,0.8654499609585041
2024-06-26 15:00:00,1126862.74406,347330.0,779532.7440599998,卖,SH.600183,生益科技,19.46,4300,126862.74405999994,0.12686274405999987,超时卖/调仓卖,调仓卖出-跌出持有排名,账户级撮合-卖出回款,3,83678.0,268.60638,0.0,0.0,0.0340063761955367,36.0,"mom20@q0.6,hold_q=0.4,buy_top=5,hold_top=10,rebalance=20d,min_hold=5d,turnover_penalty=0.01,target_vol=0.18",0.11504032864857394,0.8654499609585041
2024-06-26 15:00:00,1126862.74406,347330.0,779532.7440599998,卖,SZ.002938,鹏鼎控股,39.47,500,126862.74405999994,0.12686274405999987,超时卖/调仓卖,调仓卖出-权重下调,账户级撮合-卖出回款,3,19735.0,63.349349999999994,0.06310294372830287,0.06655025236685524,0.4689244510606623,1.0,"mom20@q0.6,hold_q=0.4,buy_top=5,hold_top=10,rebalance=20d,min_hold=5d,turnover_penalty=0.01,target_vol=0.18",0.11504032864857394,0.8654499609585041
2024-06-26 15:00:00,1126862.74406,347330.0,779532.7440599998,卖,SH.600522,中天科技,14.8,6300,126862.74405999994,0.12686274405999987,超时卖/调仓卖,调仓卖出-跌出持有排名,账户级撮合-卖出回款,3,93240.0,299.30039999999997,0.0,0.0,0.00611828687967364,52.0,"mom20@q0.6,hold_q=0.4,buy_top=5,hold_top=10,rebalance=20d,min_hold=5d,turnover_penalty=0.01,target_vol=0.18",0.11504032864857394,0.8654499609585041
2024-06-26 15:00:00,1126862.74406,347330.0,779532.7440599998,卖,SZ.000938,紫光股份,22.4,3600,126862.74405999994,0.12686274405999987,超时卖/调仓卖,调仓卖出-跌出持有排名,账户级撮合-卖出回款,3,80640.0,258.8544,0.0,0.0,0.03416435826408115,35.0,"mom20@q0.6,hold_q=0.4,buy_top=5,hold_top=10,rebalance=20d,min_hold=5d,turnover_penalty=0.01,target_vol=0.18",0.11504032864857394,0.8654499609585041
2024-06-26 15:00:00,1126862.74406,347330.0,779532.7440599998,买,SH.688525,佰维存储,62.5,800,126862.74405999994,0.12686274405999987,,调仓买入-新进前N、满足动量阈值,账户级撮合-100股整手/现金约束,3,50000.0,135.5,0.04905523788719496,0.04437097620234905,0.33832976445396135,2.0,"mom20@q0.6,hold_q=0.4,buy_top=5,hold_top=10,rebalance=20d,min_hold=5d,turnover_penalty=0.01,target_vol=0.18",0.11504032864857394,0.8654499609585041
2024-06-26 15:00:00,1126862.74406,347330.0,779532.7440599998,买,SZ.002384,东山精密,19.13,4300,126862.74405999994,0.12686274405999987,,调仓买入-新进前N、满足动量阈值,账户级撮合-100股整手/现金约束,3,82259.0,222.92189,0.07354261717417658,0.0729982426285806,0.26187335092348274,4.0,"mom20@q0.6,hold_q=0.4,buy_top=5,hold_top=10,rebalance=20d,min_hold=5d,turnover_penalty=0.01,target_vol=0.18",0.11504032864857394,0.8654499609585041
2024-06-26 15:00:00,1126862.74406,347330.0,779532.7440599998,买,SZ.002594,比亚迪,81.88,1200,126862.74405999994,0.12686274405999987,,调仓买入-满足动量阈值,账户级撮合-100股整手/现金约束,3,98256.0,266.27376,0.09214514529996515,0.08719429275476015,0.2262992361839149,8.0,"mom20@q0.6,hold_q=0.4,buy_top=5,hold_top=10,rebalance=20d,min_hold=5d,turnover_penalty=0.01,target_vol=0.18",0.11504032864857394,0.8654499609585041
2024-06-27 15:00:00,1125779.3482899999,346105.0,779674.3482899999,卖,SZ.002384,东山精密,19.95,100,125779.34828999988,0.12577934828999981,超时卖/调仓卖,持仓不变,账户级撮合-卖出回款,3,1995.0,6.403949999999999,0.07354261717417658,0.07442843939824677,0.31857237276933237,2.0,"mom20@q0.6,hold_q=0.4,buy_top=5,hold_top=10,rebalance=20d,min_hold=5d,turnover_penalty=0.01,target_vol=0.18",0.11504032864857394,0.8654499609585041
2024-06-27 15:00:00,1125779.3482899999,346105.0,779674.3482899999,买,SH.688183,生益电子,18.42,100,125779.34828999988,0.12577934828999981,,持仓不变,账户级撮合-100股整手/现金约束,3,1842.0000000000002,4.99182,0.038091677848697214,0.037632596533549625,0.24796747967479682,6.0,"mom20@q0.6,hold_q=0.4,buy_top=5,hold_top=10,rebalance=20d,min_hold=5d,turnover_penalty=0.01,target_vol=0.18",0.11504032864857394,0.8654499609585041
2024-06-28 15:00:00,1131881.7260599998,350151.0,781730.7260599999,卖,SZ.002384,东山精密,20.63,100,131881.72605999978,0.13188172605999982,超时卖/调仓卖,持仓不变,账户级撮合-卖出回款,3,2063.0,6.622229999999999,0.07354261717417658,0.07472777239228647,0.3275418275418276,2.0,"mom20@q0.6,hold_q=0.4,buy_top=5,hold_top=10,rebalance=20d,min_hold=5d,turnover_penalty=0.01,target_vol=0.18",0.11504032864857394,0.8654499609585041
2024-07-01 15:00:00,1133828.5381,358082.0,775746.5380999999,卖,SH.688183,生益电子,20.35,100,133828.5381,0.13382853809999995,超时卖/调仓卖,持仓不变,账户级撮合-卖出回款,3,2035.0000000000002,6.53235,0.038091677848697214,0.03948568808739177,0.43410852713178305,1.0,"mom20@q0.6,hold_q=0.4,buy_top=5,hold_top=10,rebalance=20d,min_hold=5d,turnover_penalty=0.01,target_vol=0.18",0.11504032864857394,0.8654499609585041
2024-07-01 15:00:00,1133828.5381,358082.0,775746.5380999999,买,SZ.002594,比亚迪,79.91,100,133828.5381,0.13382853809999995,,持仓不变,账户级撮合-100股整手/现金约束,3,7991.0,21.65561,0.09214514529996515,0.09162143702440294,0.08015679913490126,31.0,"mom20@q0.6,hold_q=0.4,buy_top=5,hold_top=10,rebalance=20d,min_hold=5d,turnover_penalty=0.01,target_vol=0.18",0.11504032864857394,0.8654499609585041
2024-07-04 15:00:00,1130619.6837399998,350571.0,780048.6837399999,卖,SZ.002384,东山精密,21.58,200,130619.68373999977,0.13061968373999977,超时卖/调仓卖,持仓不变,账户级撮合-卖出回款,3,4316.0,13.85436,0.07354261717417658,0.07443882431057525,0.40129870129870127,1.0,"mom20@q0.6,hold_q=0.4,buy_top=5,hold_top=10,rebalance=20d,min_hold=5d,turnover_penalty=0.01,target_vol=0.18",0.11504032864857394,0.8654499609585041
2024-07-09 15:00:00,1153968.75742,362764.0,791204.7574199999,卖,SZ.002938,鹏鼎控股,40.52,100,153968.75741999992,0.15396875741999994,超时卖/调仓卖,持仓不变,账户级撮合-卖出回款,3,4052.0000000000005,13.006920000000001,0.06310294372830287,0.06320448411711559,0.3744911804613298,2.0,"mom20@q0.6,hold_q=0.4,buy_top=5,hold_top=10,rebalance=20d,min_hold=5d,turnover_penalty=0.01,target_vol=0.18",0.11504032864857394,0.8654499609585041
2024-07-09 15:00:00,1153968.75742,362764.0,791204.7574199999,卖,SZ.002384,东山精密,23.8,300,153968.75741999992,0.15396875741999994,超时卖/调仓卖,持仓不变,账户级撮合-卖出回款,3,7140.0,22.9194,0.07354261717417658,0.07424811066077745,0.5464587394411955,1.0,"mom20@q0.6,hold_q=0.4,buy_top=5,hold_top=10,rebalance=20d,min_hold=5d,turnover_penalty=0.01,target_vol=0.18",0.11504032864857394,0.8654499609585041
2024-07-10 15:00:00,1170646.22306,367165.0,803481.22306,卖,SH.688183,生益电子,23.74,300,170646.22306,0.17064622305999988,超时卖/调仓卖,持仓不变,账户级撮合-卖出回款,3,7121.999999999999,22.861619999999995,0.038091677848697214,0.038530855105050936,0.21122448979591812,12.0,"mom20@q0.6,hold_q=0.4,buy_top=5,hold_top=10,rebalance=20d,min_hold=5d,turnover_penalty=0.01,target_vol=0.18",0.11504032864857394,0.8654499609585041
2024-07-10 15:00:00,1170646.22306,367165.0,803481.22306,卖,SZ.002384,东山精密,25.97,200,170646.22306,0.17064622305999988,超时卖/调仓卖,持仓不变,账户级撮合-卖出回款,3,5194.0,16.672739999999997,0.07354261717417658,0.0754267158264042,0.6100433973961563,1.0,"mom20@q0.6,hold_q=0.4,buy_top=5,hold_top=10,rebalance=20d,min_hold=5d,turnover_penalty=0.01,target_vol=0.18",0.11504032864857394,0.8654499609585041
2024-07-11 15:00:00,1173922.13302,365134.0,808788.13302,卖,SH.688183,生益电子,26.62,200,173922.13302000007,0.17392213302000004,超时卖/调仓卖,持仓不变,账户级撮合-卖出回款,3,5324.0,17.09004,0.038091677848697214,0.038549405217857845,0.3857365955231651,2.0,"mom20@q0.6,hold_q=0.4,buy_top=5,hold_top=10,rebalance=20d,min_hold=5d,turnover_penalty=0.01,target_vol=0.18",0.11504032864857394,0.8654499609585041
2024-07-12 15:00:00,1175402.60738,370509.0,804893.60738,买,SZ.002938,鹏鼎控股,38.84,100,175402.60737999994,0.1754026073799999,,持仓不变,账户级撮合-100股整手/现金约束,3,3884.0000000000005,10.525640000000001,0.06310294372830287,0.0627835939248876,0.15940298507462702,13.0,"mom20@q0.6,hold_q=0.4,buy_top=5,hold_top=10,rebalance=20d,min_hold=5d,turnover_penalty=0.01,target_vol=0.18",0.11504032864857394,0.8654499609585041
2024-07-15 15:00:00,1172170.86223,371060.0,801110.86223,卖,SZ.002384,东山精密,26.29,100,172170.8622300001,0.17217086223,超时卖/调仓卖,持仓不变,账户级撮合-卖出回款,3,2629.0,8.43909,0.07354261717417658,0.07401395376348878,0.41648706896551735,1.0,"mom20@q0.6,hold_q=0.4,buy_top=5,hold_top=10,rebalance=20d,min_hold=5d,turnover_penalty=0.01,target_vol=0.18",0.11504032864857394,0.8654499609585041
2024-07-15 15:00:00,1172170.86223,371060.0,801110.86223,买,SH.688525,佰维存储,63.86,100,172170.8622300001,0.17217086223,,持仓不变,账户级撮合-100股整手/现金约束,3,6386.0,17.30606,0.04905523788719496,0.04903210090946845,0.12429577464788744,14.0,"mom20@q0.6,hold_q=0.4,buy_top=5,hold_top=10,rebalance=20d,min_hold=5d,turnover_penalty=0.01,target_vol=0.18",0.11504032864857394,0.8654499609585041
2024-07-16 15:00:00,1181805.40473,374963.0,806842.40473,卖,SZ.002384,东山精密,28.75,200,181805.40473000007,0.18180540473000018,超时卖/调仓卖,持仓不变,账户级撮合-卖出回款,3,5750.0,18.4575,0.07354261717417658,0.07541427687104024,0.4911825726141077,1.0,"mom20@q0.6,hold_q=0.4,buy_top=5,hold_top=10,rebalance=20d,min_hold=5d,turnover_penalty=0.01,target_vol=0.18",0.11504032864857394,0.8654499609585041
2024-07-17 15:00:00,1165068.2692999998,360866.0,804202.2692999999,买,SZ.002384,东山精密,26.33,100,165068.2692999998,0.16506826929999985,,持仓不变,账户级撮合-100股整手/现金约束,3,2633.0,7.1354299999999995,0.07354261717417658,0.07231850889787168,0.3821522309711285,1.0,"mom20@q0.6,hold_q=0.4,buy_top=5,hold_top=10,rebalance=20d,min_hold=5d,turnover_penalty=0.01,target_vol=0.18",0.11504032864857394,0.8654499609585041
2024-07-18 15:00:00,1162652.40768,364689.0,797963.40768,买,SZ.002384,东山精密,25.64,100,162652.40767999995,0.16265240768,,持仓不变,账户级撮合-100股整手/现金约束,3,2564.0,6.94844,0.07354261717417658,0.07277497508377241,0.3807215939687669,2.0,"mom20@q0.6,hold_q=0.4,buy_top=5,hold_top=10,rebalance=20d,min_hold=5d,turnover_penalty=0.01,target_vol=0.18",0.11504032864857394,0.8654499609585041
2024-07-18 15:00:00,1162652.40768,364689.0,797963.40768,买,SZ.002938,鹏鼎控股,36.58,100,162652.40767999995,0.16265240768,,持仓不变,账户级撮合-100股整手/现金约束,3,3658.0,9.913179999999999,0.06310294372830287,0.06292508364214047,-0.0019099590723056226,57.0,"mom20@q0.6,hold_q=0.4,buy_top=5,hold_top=10,rebalance=20d,min_hold=5d,turnover_penalty=0.01,target_vol=0.18",0.11504032864857394,0.8654499609585041
2024-07-19 15:00:00,1157190.72211,361701.0,795489.72211,买,SZ.002384,东山精密,24.67,100,157190.72210999997,0.15719072210999996,,持仓不变,账户级撮合-100股整手/现金约束,3,2467.0,6.685569999999999,0.07354261717417658,0.07248416220193886,0.3059820010587613,2.0,"mom20@q0.6,hold_q=0.4,buy_top=5,hold_top=10,rebalance=20d,min_hold=5d,turnover_penalty=0.01,target_vol=0.18",0.11504032864857394,0.8654499609585041
2024-07-23 15:00:00,1148340.76291,358386.0,789954.7629099999,买,SH.688525,佰维存储,55.2,100,148340.76291000005,0.14834076290999998,,持仓不变,账户级撮合-100股整手/现金约束,3,5520.0,14.9592,0.04905523788719496,0.04806935518000613,-0.039999999999999925,82.0,"mom20@q0.6,hold_q=0.4,buy_top=5,hold_top=10,rebalance=20d,min_hold=5d,turnover_penalty=0.01,target_vol=0.18",0.11504032864857394,0.8654499609585041
2024-07-24 15:00:00,1141293.85012,248572.0,892721.85012,卖,SZ.002938,鹏鼎控股,34.73,2000,141293.85012000008,0.14129385012000006,超时卖/调仓卖,调仓卖出-跌破持有阈值、跌出持有排名,账户级撮合-卖出回款,3,69460.0,222.96659999999997,0.0,0.0,-0.12009120851279453,106.0,"mom20@q0.6,hold_q=0.4,buy_top=5,hold_top=10,rebalance=20d,min_hold=5d,turnover_penalty=0.01,target_vol=0.18",0.11504032864857394,0.8654499609585041
2024-07-24 15:00:00,1141293.85012,248572.0,892721.85012,卖,SH.688525,佰维存储,54.04,1000,141293.85012000008,0.14129385012000006,超时卖/调仓卖,调仓卖出-跌破持有阈值、跌出持有排名,账户级撮合-卖出回款,3,54040.0,173.46839999999997,0.0,0.0,-0.13536000000000004,109.0,"mom20@q0.6,hold_q=0.4,buy_top=5,hold_top=10,rebalance=20d,min_hold=5d,turnover_penalty=0.01,target_vol=0.18",0.11504032864857394,0.8654499609585041
2024-07-24 15:00:00,1141293.85012,248572.0,892721.85012,卖,SZ.002384,东山精密,24.23,1000,141293.85012000008,0.14129385012000006,超时卖/调仓卖,调仓卖出-权重下调,账户级撮合-卖出回款,3,24230.0,77.77829999999999,0.04901966932604118,0.05095269723383305,0.26659696811291167,5.0,"mom20@q0.6,hold_q=0.4,buy_top=5,hold_top=10,rebalance=20d,min_hold=5d,turnover_penalty=0.01,target_vol=0.18",0.11504032864857394,0.8654499609585041
2024-07-24 15:00:00,1141293.85012,248572.0,892721.85012,卖,SZ.002594,比亚迪,80.97,1300,141293.85012000008,0.14129385012000006,超时卖/调仓卖,调仓卖出-跌出持有排名,账户级撮合-卖出回款,3,105261.0,337.88780999999994,0.0,0.0,-0.011113825109916875,52.0,"mom20@q0.6,hold_q=0.4,buy_top=5,hold_top=10,rebalance=20d,min_hold=5d,turnover_penalty=0.01,target_vol=0.18",0.11504032864857394,0.8654499609585041
2024-07-24 15:00:00,1141293.85012,248572.0,892721.85012,买,SH.605117,德业股份,45.92,1300,141293.85012000008,0.14129385012000006,,调仓买入-新进前N、满足动量阈值,账户级撮合-100股整手/现金约束,3,59696.0,161.77615999999998,0.055192106047164874,0.052305547772577,0.3873111782477341,1.0,"mom20@q0.6,hold_q=0.4,buy_top=5,hold_top=10,rebalance=20d,min_hold=5d,turnover_penalty=0.01,target_vol=0.18",0.11504032864857394,0.8654499609585041
2024-07-24 15:00:00,1141293.85012,248572.0,892721.85012,买,SZ.300476,胜宏科技,38.89,1400,141293.85012000008,0.14129385012000006,,调仓买入-新进前N、满足动量阈值,账户级撮合-100股整手/现金约束,3,54446.0,147.54865999999998,0.04805259597954044,0.04770550546143339,0.31119352663519884,2.0,"mom20@q0.6,hold_q=0.4,buy_top=5,hold_top=10,rebalance=20d,min_hold=5d,turnover_penalty=0.01,target_vol=0.18",0.11504032864857394,0.8654499609585041
2024-07-24 15:00:00,1141293.85012,248572.0,892721.85012,买,SH.688256,寒武纪,174.33,200,141293.85012000008,0.14129385012000006,,调仓买入-新进前N、满足动量阈值,账户级撮合-100股整手/现金约束,3,34866.0,94.48686,0.04042962603972192,0.03054953813720634,0.28932771244730415,3.0,"mom20@q0.6,hold_q=0.4,buy_top=5,hold_top=10,rebalance=20d,min_hold=5d,turnover_penalty=0.01,target_vol=0.18",0.11504032864857394,0.8654499609585041
2024-07-25 15:00:00,1132266.9912,245413.0,886853.9911999999,买,SZ.300476,胜宏科技,36.06,100,132266.99120000005,0.13226699120000007,,持仓不变,账户级撮合-100股整手/现金约束,3,3606.0,9.77226,0.04805259597954044,0.04777141824356665,0.25426086956521754,3.0,"mom20@q0.6,hold_q=0.4,buy_top=5,hold_top=10,rebalance=20d,min_hold=5d,turnover_penalty=0.01,target_vol=0.18",0.11504032864857394,0.8654499609585041
2024-07-25 15:00:00,1132266.9912,245413.0,886853.9911999999,买,SH.688183,生益电子,22.46,100,132266.99120000005,0.13226699120000007,,持仓不变,账户级撮合-100股整手/现金约束,3,2246.0,6.086659999999999,0.03660671766960379,0.035705359525807216,0.21932681867535275,4.0,"mom20@q0.6,hold_q=0.4,buy_top=5,hold_top=10,rebalance=20d,min_hold=5d,turnover_penalty=0.01,target_vol=0.18",0.11504032864857394,0.8654499609585041
2024-07-26 15:00:00,1132141.2229999998,242875.0,889266.2229999999,卖,SZ.002384,东山精密,24.2,100,132141.22299999977,0.13214122299999986,超时卖/调仓卖,持仓不变,账户级撮合-卖出回款,3,2420.0,7.768199999999999,0.04901966932604118,0.0491634779029683,0.17304895782840535,8.0,"mom20@q0.6,hold_q=0.4,buy_top=5,hold_top=10,rebalance=20d,min_hold=5d,turnover_penalty=0.01,target_vol=0.18",0.11504032864857394,0.8654499609585041
2024-08-02 15:00:00,1123501.4669899999,237475.0,886026.4669899999,买,SZ.300476,胜宏科技,32.31,100,123501.46698999987,0.12350146698999986,,持仓不变,账户级撮合-100股整手/现金约束,3,3231.0,8.75601,0.04805259597954044,0.0460132910538159,0.029308697037273124,40.0,"mom20@q0.6,hold_q=0.4,buy_top=5,hold_top=10,rebalance=20d,min_hold=5d,turnover_penalty=0.01,target_vol=0.18",0.11504032864857394,0.8654499609585041
2024-08-05 15:00:00,1104320.02287,230298.0,874022.02287,买,SH.688183,生益电子,20.36,100,104320.02286999999,0.10432002287000008,,持仓不变,账户级撮合-100股整手/现金约束,3,2036.0,5.51756,0.03660671766960379,0.03502970081033645,0.06485355648535562,19.0,"mom20@q0.6,hold_q=0.4,buy_top=5,hold_top=10,rebalance=20d,min_hold=5d,turnover_penalty=0.01,target_vol=0.18",0.11504032864857394,0.8654499609585041
2024-08-05 15:00:00,1104320.02287,230298.0,874022.02287,买,SZ.002384,东山精密,21.35,200,104320.02286999999,0.10432002287000008,,持仓不变,账户级撮合-100股整手/现金约束,3,4270.0,11.571699999999998,0.04901966932604118,0.04833290974955299,-0.012944983818770073,55.0,"mom20@q0.6,hold_q=0.4,buy_top=5,hold_top=10,rebalance=20d,min_hold=5d,turnover_penalty=0.01,target_vol=0.18",0.11504032864857394,0.8654499609585041
2024-08-05 15:00:00,1104320.02287,230298.0,874022.02287,买,SZ.300476,胜宏科技,28.33,200,104320.02286999999,0.10432002287000008,,持仓不变,账户级撮合-100股整手/现金约束,3,5666.0,15.354859999999999,0.04805259597954044,0.0461768318457837,-0.10319721430832551,92.0,"mom20@q0.6,hold_q=0.4,buy_top=5,hold_top=10,rebalance=20d,min_hold=5d,turnover_penalty=0.01,target_vol=0.18",0.11504032864857394,0.8654499609585041
2024-08-07 15:00:00,1110328.55409,238330.0,871998.55409,买,SH.688183,生益电子,20.18,100,110328.55408999999,0.11032855409000009,,持仓不变,账户级撮合-100股整手/现金约束,3,2018.0,5.46878,0.03660671766960379,0.03634960107198012,-0.1499578770008424,96.0,"mom20@q0.6,hold_q=0.4,buy_top=5,hold_top=10,rebalance=20d,min_hold=5d,turnover_penalty=0.01,target_vol=0.18",0.11504032864857394,0.8654499609585041
2024-08-08 15:00:00,1106975.01487,237766.0,869209.01487,买,SZ.300476,胜宏科技,27.82,100,106975.01487000007,0.10697501487000016,,持仓不变,账户级撮合-100股整手/现金约束,3,2782.0,7.539219999999999,0.04805259597954044,0.04774994854441904,-0.23550425941192632,110.0,"mom20@q0.6,hold_q=0.4,buy_top=5,hold_top=10,rebalance=20d,min_hold=5d,turnover_penalty=0.01,target_vol=0.18",0.11504032864857394,0.8654499609585041
2024-08-12 15:00:00,1113672.17943,241409.0,872263.1794299999,卖,SZ.300476,胜宏科技,30.64,100,113672.17943000002,0.11367217942999996,超时卖/调仓卖,持仓不变,账户级撮合-卖出回款,3,3064.0,9.835439999999998,0.04805259597954044,0.04952265219395883,-0.16421167484997268,99.0,"mom20@q0.6,hold_q=0.4,buy_top=5,hold_top=10,rebalance=20d,min_hold=5d,turnover_penalty=0.01,target_vol=0.18",0.11504032864857394,0.8654499609585041
2024-08-13 15:00:00,1119415.4602299999,241650.0,877765.46023,卖,SZ.002384,东山精密,22.9,100,119415.46022999985,0.11941546022999994,超时卖/调仓卖,持仓不变,账户级撮合-卖出回款,3,2290.0,7.350899999999999,0.04901966932604118,0.04909705283926281,-0.20347826086956522,110.0,"mom20@q0.6,hold_q=0.4,buy_top=5,hold_top=10,rebalance=20d,min_hold=5d,turnover_penalty=0.01,target_vol=0.18",0.11504032864857394,0.8654499609585041
2024-08-13 15:00:00,1119415.4602299999,241650.0,877765.46023,卖,SZ.300476,胜宏科技,32.3,100,119415.46022999985,0.11941546022999994,超时卖/调仓卖,持仓不变,账户级撮合-卖出回款,3,3229.9999999999995,10.368299999999998,0.04805259597954044,0.049052386670377014,-0.17936991869918706,105.0,"mom20@q0.6,hold_q=0.4,buy_top=5,hold_top=10,rebalance=20d,min_hold=5d,turnover_penalty=0.01,target_vol=0.18",0.11504032864857394,0.8654499609585041
2024-08-14 15:00:00,1113510.68257,240103.0,873407.68257,买,SH.605117,德业股份,43.46,100,113510.68256999995,0.11351068256999985,,持仓不变,账户级撮合-100股整手/现金约束,3,4346.0,11.77766,0.055192106047164874,0.05464159522885861,0.0631115459882583,5.0,"mom20@q0.6,hold_q=0.4,buy_top=5,hold_top=10,rebalance=20d,min_hold=5d,turnover_penalty=0.01,target_vol=0.18",0.11504032864857394,0.8654499609585041
2024-08-19 15:00:00,1114521.4360099998,243055.0,871466.43601,买,SH.688183,生益电子,19.36,100,114521.43600999983,0.11452143600999976,,持仓不变,账户级撮合-100股整手/现金约束,3,1936.0,5.24656,0.03660671766960379,0.03647843701019244,-0.21555915721231766,118.0,"mom20@q0.6,hold_q=0.4,buy_top=5,hold_top=10,rebalance=20d,min_hold=5d,turnover_penalty=0.01,target_vol=0.18",0.11504032864857394,0.8654499609585041
2024-08-21 15:00:00,1114806.3783999998,762644.0,352162.37839999987,卖,SH.688183,生益电子,19.98,2100,114806.37839999981,0.11480637839999974,超时卖/调仓卖,调仓卖出-跌破持有阈值、跌出持有排名,账户级撮合-卖出回款,3,41958.0,134.68518,0.0,0.0,-0.17980295566502458,116.0,"mom20@q0.6,hold_q=0.4,buy_top=5,hold_top=10,rebalance=20d,min_hold=5d,turnover_penalty=0.01,target_vol=0.18",0.11504032864857394,0.8654499609585041
2024-08-21 15:00:00,1114806.3783999998,762644.0,352162.37839999987,卖,SZ.002384,东山精密,22.82,2400,114806.37839999981,0.11480637839999974,超时卖/调仓卖,调仓卖出-跌破持有阈值、跌出持有排名,账户级撮合-卖出回款,3,54768.0,175.80527999999998,0.0,0.0,-0.058192323565827486,69.0,"mom20@q0.6,hold_q=0.4,buy_top=5,hold_top=10,rebalance=20d,min_hold=5d,turnover_penalty=0.01,target_vol=0.18",0.11504032864857394,0.8654499609585041
2024-08-21 15:00:00,1114806.3783999998,762644.0,352162.37839999987,卖,SH.605117,德业股份,42.5,1400,114806.37839999981,0.11480637839999974,超时卖/调仓卖,调仓卖出-跌破持有阈值、跌出持有排名,账户级撮合-卖出回款,3,59500.0,190.99499999999998,0.0,0.0,-0.07447735191637639,84.0,"mom20@q0.6,hold_q=0.4,buy_top=5,hold_top=10,rebalance=20d,min_hold=5d,turnover_penalty=0.01,target_vol=0.18",0.11504032864857394,0.8654499609585041
2024-08-21 15:00:00,1114806.3783999998,762644.0,352162.37839999987,卖,SZ.300476,胜宏科技,32.21,1700,114806.37839999981,0.11480637839999974,超时卖/调仓卖,调仓卖出-跌破持有阈值、跌出持有排名,账户级撮合-卖出回款,3,54757.0,175.76996999999997,0.0,0.0,-0.1717665209565441,115.0,"mom20@q0.6,hold_q=0.4,buy_top=5,hold_top=10,rebalance=20d,min_hold=5d,turnover_penalty=0.01,target_vol=0.18",0.11504032864857394,0.8654499609585041
2024-08-21 15:00:00,1114806.3783999998,762644.0,352162.37839999987,卖,SH.688256,寒武纪,176.07,200,114806.37839999981,0.11480637839999974,超时卖/调仓卖,调仓卖出-跌出持有排名,账户级撮合-卖出回款,3,35214.0,113.03693999999999,0.0,0.0,0.009981070383754842,23.0,"mom20@q0.6,hold_q=0.4,buy_top=5,hold_top=10,rebalance=20d,min_hold=5d,turnover_penalty=0.01,target_vol=0.18",0.11504032864857394,0.8654499609585041
2024-08-21 15:00:00,1114806.3783999998,762644.0,352162.37839999987,买,SH.600105,永鼎股份,3.79,16500,114806.37839999981,0.11480637839999974,,调仓买入-新进前N、满足动量阈值,账户级撮合-100股整手/现金约束,3,62535.0,169.46984999999998,0.05619324410781125,0.056094942773606944,0.14848484848484866,1.0,"mom20@q0.6,hold_q=0.4,buy_top=5,hold_top=10,rebalance=20d,min_hold=5d,turnover_penalty=0.01,target_vol=0.18",0.11504032864857394,0.8654499609585041
2024-08-21 15:00:00,1114806.3783999998,762644.0,352162.37839999987,买,SZ.000988,华工科技,29.78,5300,114806.37839999981,0.11480637839999974,,调仓买入-新进前N、满足动量阈值,账户级撮合-100股整手/现金约束,3,157834.0,427.73013999999995,0.14200471799943434,0.14157974250786726,0.07122302158273386,2.0,"mom20@q0.6,hold_q=0.4,buy_top=5,hold_top=10,rebalance=20d,min_hold=5d,turnover_penalty=0.01,target_vol=0.18",0.11504032864857394,0.8654499609585041
2024-08-21 15:00:00,1114806.3783999998,762644.0,352162.37839999987,买,SZ.002028,思源电气,64.08,1900,114806.37839999981,0.11480637839999974,,调仓买入-满足动量阈值,账户级撮合-100股整手/现金约束,3,121752.0,329.94791999999995,0.11472189939807731,0.10921358395414077,0.05325443786982231,6.0,"mom20@q0.6,hold_q=0.4,buy_top=5,hold_top=10,rebalance=20d,min_hold=5d,turnover_penalty=0.01,target_vol=0.18",0.11504032864857394,0.8654499609585041
2024-08-21 15:00:00,1114806.3783999998,762644.0,352162.37839999987,买,SH.601398,工商银行,5.68,34800,114806.37839999981,0.11480637839999974,,调仓买入-满足动量阈值,账户级撮合-100股整手/现金约束,3,197664.0,535.6694399999999,0.17751925941151803,0.17730791985931468,0.04411764705882337,9.0,"mom20@q0.6,hold_q=0.4,buy_top=5,hold_top=10,rebalance=20d,min_hold=5d,turnover_penalty=0.01,target_vol=0.18",0.11504032864857394,0.8654499609585041
2024-08-21 15:00:00,1114806.3783999998,762644.0,352162.37839999987,买,SH.601868,中国能建,2.17,102700,114806.37839999981,0.11480637839999974,,调仓买入-满足动量阈值,账户级撮合-100股整手/现金约束,3,222859.0,603.9478899999999,0.2,0.19990825700141154,0.043269230769230616,10.0,"mom20@q0.6,hold_q=0.4,buy_top=5,hold_top=10,rebalance=20d,min_hold=5d,turnover_penalty=0.01,target_vol=0.18",0.11504032864857394,0.8654499609585041
2024-08-22 15:00:00,1115466.3676399998,765326.0,350140.36763999984,卖,SH.601398,工商银行,5.8,600,115466.36763999984,0.11546636763999985,超时卖/调仓卖,持仓不变,账户级撮合-卖出回款,3,3480.0,11.1708,0.17751925941151803,0.1778269661501957,0.06617647058823528,5.0,"mom20@q0.6,hold_q=0.4,buy_top=5,hold_top=10,rebalance=20d,min_hold=5d,turnover_penalty=0.01,target_vol=0.18",0.11504032864857394,0.8654499609585041
2024-08-22 15:00:00,1115466.3676399998,765326.0,350140.36763999984,买,SH.600105,永鼎股份,3.69,400,115466.36763999984,0.11546636763999985,,持仓不变,账户级撮合-100股整手/现金约束,3,1476.0,3.9999599999999997,0.05619324410781125,0.0559057644489431,0.12158054711246202,1.0,"mom20@q0.6,hold_q=0.4,buy_top=5,hold_top=10,rebalance=20d,min_hold=5d,turnover_penalty=0.01,target_vol=0.18",0.11504032864857394,0.8654499609585041
2024-08-22 15:00:00,1115466.3676399998,765326.0,350140.36763999984,买,SZ.000988,华工科技,29.2,100,115466.36763999984,0.11546636763999985,,持仓不变,账户级撮合-100股整手/现金约束,3,2920.0,7.913199999999999,0.14200471799943434,0.14135791501594502,0.06027596223674658,8.0,"mom20@q0.6,hold_q=0.4,buy_top=5,hold_top=10,rebalance=20d,min_hold=5d,turnover_penalty=0.01,target_vol=0.18",0.11504032864857394,0.8654499609585041
2024-08-22 15:00:00,1115466.3676399998,765326.0,350140.36763999984,买,SH.601868,中国能建,2.16,500,115466.36763999984,0.11546636763999985,,持仓不变,账户级撮合-100股整手/现金约束,3,1080.0,2.9267999999999996,0.2,0.19983749081706206,0.02369668246445511,16.0,"mom20@q0.6,hold_q=0.4,buy_top=5,hold_top=10,rebalance=20d,min_hold=5d,turnover_penalty=0.01,target_vol=0.18",0.11504032864857394,0.8654499609585041
2024-08-23 15:00:00,1118431.05228,767328.0,351103.0522799999,卖,SH.600105,永鼎股份,3.82,400,118431.05227999995,0.11843105227999984,超时卖/调仓卖,持仓不变,账户级撮合-卖出回款,3,1528.0,4.9048799999999995,0.05619324410781125,0.05635573142529344,0.12352941176470589,1.0,"mom20@q0.6,hold_q=0.4,buy_top=5,hold_top=10,rebalance=20d,min_hold=5d,turnover_penalty=0.01,target_vol=0.18",0.11504032864857394,0.8654499609585041
2024-08-23 15:00:00,1118431.05228,767328.0,351103.0522799999,卖,SH.601398,工商银行,5.84,200,118431.05227999995,0.11843105227999984,超时卖/调仓卖,持仓不变,账户级撮合-卖出回款,3,1168.0,3.7492799999999997,0.17751925941151803,0.177534412689295,0.09981167608286268,2.0,"mom20@q0.6,hold_q=0.4,buy_top=5,hold_top=10,rebalance=20d,min_hold=5d,turnover_penalty=0.01,target_vol=0.18",0.11504032864857394,0.8654499609585041
2024-08-23 15:00:00,1118431.05228,767328.0,351103.0522799999,买,SH.601868,中国能建,2.15,800,118431.05227999995,0.11843105227999984,,持仓不变,账户级撮合-100股整手/现金约束,3,1720.0,4.661199999999999,0.2,0.1999229183991054,0.014150943396226356,18.0,"mom20@q0.6,hold_q=0.4,buy_top=5,hold_top=10,rebalance=20d,min_hold=5d,turnover_penalty=0.01,target_vol=0.18",0.11504032864857394,0.8654499609585041
2024-08-26 15:00:00,1113378.15833,765504.0,347874.1583299999,卖,SH.601868,中国能建,2.18,1800,113378.15833,0.11337815832999998,超时卖/调仓卖,持仓不变,账户级撮合-卖出回款,3,3924.0000000000005,12.59604,0.2,0.20010811091730107,0.013953488372093092,19.0,"mom20@q0.6,hold_q=0.4,buy_top=5,hold_top=10,rebalance=20d,min_hold=5d,turnover_penalty=0.01,target_vol=0.18",0.11504032864857394,0.8654499609585041
2024-08-26 15:00:00,1113378.15833,765504.0,347874.1583299999,买,SH.600105,永鼎股份,3.74,200,113378.15833,0.11337815832999998,,持仓不变,账户级撮合-100股整手/现金约束,3,748.0,2.0270799999999998,0.05619324410781125,0.0560977413942476,0.0935672514619883,1.0,"mom20@q0.6,hold_q=0.4,buy_top=5,hold_top=10,rebalance=20d,min_hold=5d,turnover_penalty=0.01,target_vol=0.18",0.11504032864857394,0.8654499609585041
2024-08-26 15:00:00,1113378.15833,765504.0,347874.1583299999,买,SZ.002028,思源电气,63.73,100,113378.15833,0.11337815832999998,,持仓不变,账户级撮合-100股整手/现金约束,3,6373.0,17.270829999999997,0.11472189939807731,0.11448042073250503,-0.01009630319975141,36.0,"mom20@q0.6,hold_q=0.4,buy_top=5,hold_top=10,rebalance=20d,min_hold=5d,turnover_penalty=0.01,target_vol=0.18",0.11504032864857394,0.8654499609585041
2024-08-27 15:00:00,1102965.22828,758427.0,344538.22827999986,卖,SH.601398,工商银行,5.91,800,102965.22827999992,0.10296522827999999,超时卖/调仓卖,持仓不变,账户级撮合-卖出回款,3,4728.0,15.176879999999999,0.17751925941151803,0.17789500064836986,0.1005586592178771,2.0,"mom20@q0.6,hold_q=0.4,buy_top=5,hold_top=10,rebalance=20d,min_hold=5d,turnover_penalty=0.01,target_vol=0.18",0.11504032864857394,0.8654499609585041
2024-08-27 15:00:00,1102965.22828,758427.0,344538.22827999986,买,SH.600105,永鼎股份,3.5,1000,102965.22827999992,0.10296522827999999,,持仓不变,账户级撮合-100股整手/现金约束,3,3500.0,9.485,0.05619324410781125,0.05616677517260164,0.014492753623188248,21.0,"mom20@q0.6,hold_q=0.4,buy_top=5,hold_top=10,rebalance=20d,min_hold=5d,turnover_penalty=0.01,target_vol=0.18",0.11504032864857394,0.8654499609585041
2024-08-27 15:00:00,1102965.22828,758427.0,344538.22827999986,买,SZ.000988,华工科技,28.15,100,102965.22827999992,0.10296522827999999,,持仓不变,账户级撮合-100股整手/现金约束,3,2815.0,7.6286499999999995,0.14200471799943434,0.14037160558673203,0.010046645138141352,22.0,"mom20@q0.6,hold_q=0.4,buy_top=5,hold_top=10,rebalance=20d,min_hold=5d,turnover_penalty=0.01,target_vol=0.18",0.11504032864857394,0.8654499609585041
2024-08-27 15:00:00,1102965.22828,758427.0,344538.22827999986,买,SH.601868,中国能建,2.14,800,102965.22827999992,0.10296522827999999,,持仓不变,账户级撮合-100股整手/现金约束,3,1712.0,4.639519999999999,0.2,0.19984310869321797,-0.0092592592592593,30.0,"mom20@q0.6,hold_q=0.4,buy_top=5,hold_top=10,rebalance=20d,min_hold=5d,turnover_penalty=0.01,target_vol=0.18",0.11504032864857394,0.8654499609585041
2024-08-28 15:00:00,1102552.7513599999,759671.0,342881.7513599999,买,SH.601398,工商银行,5.87,100,102552.75135999988,0.10255275135999997,,持仓不变,账户级撮合-100股整手/现金约束,3,587.0,1.5907699999999998,0.17751925941151803,0.17728947640726153,0.12237093690248568,1.0,"mom20@q0.6,hold_q=0.4,buy_top=5,hold_top=10,rebalance=20d,min_hold=5d,turnover_penalty=0.01,target_vol=0.18",0.11504032864857394,0.8654499609585041
2024-08-28 15:00:00,1102552.7513599999,759671.0,342881.7513599999,买,SH.601868,中国能建,2.13,500,102552.75135999988,0.10255275135999997,,持仓不变,账户级撮合-100股整手/现金约束,3,1065.0,2.8861499999999998,0.2,0.19994961667645247,-0.009302325581395321,20.0,"mom20@q0.6,hold_q=0.4,buy_top=5,hold_top=10,rebalance=20d,min_hold=5d,turnover_penalty=0.01,target_vol=0.18",0.11504032864857394,0.8654499609585041
2024-08-29 15:00:00,1093172.37362,758834.0,334338.3736199999,卖,SH.600105,永鼎股份,3.55,300,93172.37361999997,0.09317237361999986,超时卖/调仓卖,持仓不变,账户级撮合-卖出回款,3,1065.0,3.4186499999999995,0.05619324410781125,0.05650526988296541,-0.011142061281337101,23.0,"mom20@q0.6,hold_q=0.4,buy_top=5,hold_top=10,rebalance=20d,min_hold=5d,turnover_penalty=0.01,target_vol=0.18",0.11504032864857394,0.8654499609585041
2024-08-29 15:00:00,1093172.37362,758834.0,334338.3736199999,买,SH.601398,工商银行,5.6,1300,93172.37361999997,0.09317237361999986,,持仓不变,账户级撮合-100股整手/现金约束,3,7279.999999999999,19.728799999999996,0.17751925941151803,0.17724560616032667,0.06463878326996197,2.0,"mom20@q0.6,hold_q=0.4,buy_top=5,hold_top=10,rebalance=20d,min_hold=5d,turnover_penalty=0.01,target_vol=0.18",0.11504032864857394,0.8654499609585041
2024-08-29 15:00:00,1093172.37362,758834.0,334338.3736199999,买,SH.601868,中国能建,2.09,1100,93172.37361999997,0.09317237361999986,,持仓不变,账户级撮合-100股整手/现金约束,3,2299.0,6.230289999999999,0.2,0.19998127036092925,-0.045662100456621,42.0,"mom20@q0.6,hold_q=0.4,buy_top=5,hold_top=10,rebalance=20d,min_hold=5d,turnover_penalty=0.01,target_vol=0.18",0.11504032864857394,0.8654499609585041
2024-08-30 15:00:00,1095031.8315299999,762132.0,332899.8315299999,卖,SH.600105,永鼎股份,3.64,400,95031.83152999985,0.09503183152999983,超时卖/调仓卖,持仓不变,账户级撮合-卖出回款,3,1456.0,4.67376,0.05619324410781125,0.05650977279221195,0.0370370370370372,19.0,"mom20@q0.6,hold_q=0.4,buy_top=5,hold_top=10,rebalance=20d,min_hold=5d,turnover_penalty=0.01,target_vol=0.18",0.11504032864857394,0.8654499609585041
2024-08-30 15:00:00,1095031.8315299999,762132.0,332899.8315299999,卖,SZ.000988,华工科技,29.69,200,95031.83152999985,0.09503183152999983,超时卖/调仓卖,持仓不变,账户级撮合-卖出回款,3,5938.0,19.060979999999997,0.14200471799943434,0.14370084546322068,0.04065895548545395,16.0,"mom20@q0.6,hold_q=0.4,buy_top=5,hold_top=10,rebalance=20d,min_hold=5d,turnover_penalty=0.01,target_vol=0.18",0.11504032864857394,0.8654499609585041
2024-08-30 15:00:00,1095031.8315299999,762132.0,332899.8315299999,买,SH.601398,工商银行,5.36,1600,95031.83152999985,0.09503183152999983,,持仓不变,账户级撮合-100股整手/现金约束,3,8576.0,23.240959999999998,0.17751925941151803,0.1771930225342351,0.019011406844106515,25.0,"mom20@q0.6,hold_q=0.4,buy_top=5,hold_top=10,rebalance=20d,min_hold=5d,turnover_penalty=0.01,target_vol=0.18",0.11504032864857394,0.8654499609585041
2024-08-30 15:00:00,1095031.8315299999,762132.0,332899.8315299999,买,SH.601868,中国能建,2.09,100,95031.83152999985,0.09503183152999983,,持仓不变,账户级撮合-100股整手/现金约束,3,209.0,0.56639,0.2,0.19983254705414016,-0.041284403669724856,71.0,"mom20@q0.6,hold_q=0.4,buy_top=5,hold_top=10,rebalance=20d,min_hold=5d,turnover_penalty=0.01,target_vol=0.18",0.11504032864857394,0.8654499609585041
2024-09-02 15:00:00,1081630.09139,751912.0,329718.0913899999,卖,SH.601398,工商银行,5.32,100,81630.09138999996,0.08163009138999988,超时卖/调仓卖,持仓不变,账户级撮合-卖出回款,3,532.0,1.70772,0.17751925941151803,0.17755792995107458,0.01333333333333342,42.0,"mom20@q0.6,hold_q=0.4,buy_top=5,hold_top=10,rebalance=20d,min_hold=5d,turnover_penalty=0.01,target_vol=0.18",0.11504032864857394,0.8654499609585041
2024-09-02 15:00:00,1081630.09139,751912.0,329718.0913899999,买,SH.600105,永鼎股份,3.5,300,81630.09138999996,0.08163009138999988,,持仓不变,账户级撮合-100股整手/现金约束,3,1050.0,2.8455,0.05619324410781125,0.055980321259542026,0.04477611940298498,18.0,"mom20@q0.6,hold_q=0.4,buy_top=5,hold_top=10,rebalance=20d,min_hold=5d,turnover_penalty=0.01,target_vol=0.18",0.11504032864857394,0.8654499609585041
2024-09-02 15:00:00,1081630.09139,751912.0,329718.0913899999,买,SH.601868,中国能建,2.04,1300,81630.09138999996,0.08163009138999988,,持仓不变,账户级撮合-100股整手/现金约束,3,2652.0,7.186919999999999,0.2,0.1999204734791638,-0.05990783410138245,82.0,"mom20@q0.6,hold_q=0.4,buy_top=5,hold_top=10,rebalance=20d,min_hold=5d,turnover_penalty=0.01,target_vol=0.18",0.11504032864857394,0.8654499609585041
2024-09-03 15:00:00,1082994.0784699998,751932.0,331062.0784699999,卖,SH.600105,永鼎股份,3.56,200,82994.07846999983,0.08299407846999984,超时卖/调仓卖,持仓不变,账户级撮合-卖出回款,3,712.0,2.28552,0.05619324410781125,0.05621083366033043,0.05014749262536866,17.0,"mom20@q0.6,hold_q=0.4,buy_top=5,hold_top=10,rebalance=20d,min_hold=5d,turnover_penalty=0.01,target_vol=0.18",0.11504032864857394,0.8654499609585041
2024-09-03 15:00:00,1082994.0784699998,751932.0,331062.0784699999,卖,SZ.002028,思源电气,67.43,100,82994.07846999983,0.08299407846999984,超时卖/调仓卖,持仓不变,账户级撮合-卖出回款,3,6743.000000000001,21.645030000000002,0.11472189939807731,0.11829889243807994,0.06591843186847934,12.0,"mom20@q0.6,hold_q=0.4,buy_top=5,hold_top=10,rebalance=20d,min_hold=5d,turnover_penalty=0.01,target_vol=0.18",0.11504032864857394,0.8654499609585041
2024-09-03 15:00:00,1082994.0784699998,751932.0,331062.0784699999,卖,SH.601868,中国能建,2.05,300,82994.07846999983,0.08299407846999984,超时卖/调仓卖,持仓不变,账户级撮合-卖出回款,3,615.0,1.9741499999999998,0.2,0.20007957966503545,-0.05092592592592604,75.0,"mom20@q0.6,hold_q=0.4,buy_top=5,hold_top=10,rebalance=20d,min_hold=5d,turnover_penalty=0.01,target_vol=0.18",0.11504032864857394,0.8654499609585041
2024-09-03 15:00:00,1082994.0784699998,751932.0,331062.0784699999,买,SH.601398,工商银行,5.14,1300,82994.07846999983,0.08299407846999984,,持仓不变,账户级撮合-100股整手/现金约束,3,6682.0,18.10822,0.17751925941151803,0.17750420230513306,-0.007722007722007707,46.0,"mom20@q0.6,hold_q=0.4,buy_top=5,hold_top=10,rebalance=20d,min_hold=5d,turnover_penalty=0.01,target_vol=0.18",0.11504032864857394,0.8654499609585041
2024-09-04 15:00:00,1075555.6476099999,745763.0,329792.64760999987,买,SH.601398,工商银行,5.09,100,75555.64760999987,0.07555564760999989,,持仓不变,账户级撮合-100股整手/现金约束,3,509.0,1.37939,0.17751925941151803,0.17746641043087333,-0.02115384615384619,46.0,"mom20@q0.6,hold_q=0.4,buy_top=5,hold_top=10,rebalance=20d,min_hold=5d,turnover_penalty=0.01,target_vol=0.18",0.11504032864857394,0.8654499609585041
2024-09-04 15:00:00,1075555.6476099999,745763.0,329792.64760999987,买,SH.600105,永鼎股份,3.51,100,75555.64760999987,0.07555564760999989,,持仓不变,账户级撮合-100股整手/现金约束,3,351.0,0.9512099999999999,0.05619324410781125,0.05613098693140895,-0.06149732620320869,74.0,"mom20@q0.6,hold_q=0.4,buy_top=5,hold_top=10,rebalance=20d,min_hold=5d,turnover_penalty=0.01,target_vol=0.18",0.11504032864857394,0.8654499609585041
2024-09-04 15:00:00,1075555.6476099999,745763.0,329792.64760999987,买,SH.601868,中国能建,2.03,200,75555.64760999987,0.07555564760999989,,持仓不变,账户级撮合-100股整手/现金约束,3,405.99999999999994,1.1002599999999998,0.2,0.19987529281046681,-0.06880733944954143,82.0,"mom20@q0.6,hold_q=0.4,buy_top=5,hold_top=10,rebalance=20d,min_hold=5d,turnover_penalty=0.01,target_vol=0.18",0.11504032864857394,0.8654499609585041
2024-09-05 15:00:00,1074754.29934,745747.0,329007.2993399999,卖,SH.600105,永鼎股份,3.56,200,74754.29933999991,0.07475429933999989,超时卖/调仓卖,持仓不变,账户级撮合-卖出回款,3,712.0,2.28552,0.05619324410781125,0.05631054468650645,-0.05319148936170204,70.0,"mom20@q0.6,hold_q=0.4,buy_top=5,hold_top=10,rebalance=20d,min_hold=5d,turnover_penalty=0.01,target_vol=0.18",0.11504032864857394,0.8654499609585041
2024-09-05 15:00:00,1074754.29934,745747.0,329007.2993399999,卖,SH.601868,中国能建,2.04,500,74754.29933999991,0.07475429933999989,超时卖/调仓卖,持仓不变,账户级撮合-卖出回款,3,1020.0,3.2741999999999996,0.2,0.20006060932441957,-0.05990783410138245,79.0,"mom20@q0.6,hold_q=0.4,buy_top=5,hold_top=10,rebalance=20d,min_hold=5d,turnover_penalty=0.01,target_vol=0.18",0.11504032864857394,0.8654499609585041
2024-09-05 15:00:00,1074754.29934,745747.0,329007.2993399999,买,SH.601398,工商银行,5.01,500,74754.29933999991,0.07475429933999989,,持仓不变,账户级撮合-100股整手/现金约束,3,2505.0,6.788549999999999,0.17751925941151803,0.17713816089585424,-0.04571428571428571,67.0,"mom20@q0.6,hold_q=0.4,buy_top=5,hold_top=10,rebalance=20d,min_hold=5d,turnover_penalty=0.01,target_vol=0.18",0.11504032864857394,0.8654499609585041
2024-09-06 15:00:00,1071817.57582,744928.0,326889.5758199999,买,SH.600105,永鼎股份,3.49,200,71817.57581999991,0.07181757581999992,,持仓不变,账户级撮合-100股整手/现金约束,3,698.0,1.8915799999999998,0.05619324410781125,0.05600579926493112,-0.049046321525885506,53.0,"mom20@q0.6,hold_q=0.4,buy_top=5,hold_top=10,rebalance=20d,min_hold=5d,turnover_penalty=0.01,target_vol=0.18",0.11504032864857394,0.8654499609585041
2024-09-06 15:00:00,1071817.57582,744928.0,326889.5758199999,买,SH.601868,中国能建,2.02,700,71817.57581999991,0.07181757581999992,,持仓不变,账户级撮合-100股整手/现金约束,3,1414.0,3.8319399999999995,0.2,0.1999612665765737,-0.06912442396313356,72.0,"mom20@q0.6,hold_q=0.4,buy_top=5,hold_top=10,rebalance=20d,min_hold=5d,turnover_penalty=0.01,target_vol=0.18",0.11504032864857394,0.8654499609585041
2024-09-09 15:00:00,1064056.34803,737271.0,326785.34802999994,卖,SH.601398,工商银行,4.99,100,64056.348029999994,0.06405634803000004,超时卖/调仓卖,持仓不变,账户级撮合-卖出回款,3,499.0,1.6017899999999998,0.17751925941151803,0.17773588809477966,-0.07076350093109862,72.0,"mom20@q0.6,hold_q=0.4,buy_top=5,hold_top=10,rebalance=20d,min_hold=5d,turnover_penalty=0.01,target_vol=0.18",0.11504032864857394,0.8654499609585041
2024-09-09 15:00:00,1064056.34803,737271.0,326785.34802999994,买,SH.601868,中国能建,2.0,300,64056.348029999994,0.06405634803000004,,持仓不变,账户级撮合-100股整手/现金约束,3,600.0,1.626,0.2,0.19998940882593214,-0.07407407407407418,73.0,"mom20@q0.6,hold_q=0.4,buy_top=5,hold_top=10,rebalance=20d,min_hold=5d,turnover_penalty=0.01,target_vol=0.18",0.11504032864857394,0.8654499609585041
2024-09-10 15:00:00,1070851.56122,743261.0,327590.56122,卖,SH.601398,工商银行,5.05,200,70851.56122000003,0.07085156122000003,超时卖/调仓卖,持仓不变,账户级撮合-卖出回款,3,1010.0,3.2420999999999998,0.17751925941151803,0.17778841334750273,-0.06133828996282531,56.0,"mom20@q0.6,hold_q=0.4,buy_top=5,hold_top=10,rebalance=20d,min_hold=5d,turnover_penalty=0.01,target_vol=0.18",0.11504032864857394,0.8654499609585041
2024-09-10 15:00:00,1070851.56122,743261.0,327590.56122,买,SH.601868,中国能建,2.01,100,70851.56122000003,0.07085156122000003,,持仓不变,账户级撮合-100股整手/现金约束,3,200.99999999999997,0.5447099999999999,0.2,0.19990165560959722,-0.07373271889400923,75.0,"mom20@q0.6,hold_q=0.4,buy_top=5,hold_top=10,rebalance=20d,min_hold=5d,turnover_penalty=0.01,target_vol=0.18",0.11504032864857394,0.8654499609585041
2024-09-11 15:00:00,1064968.53153,741829.0,323139.53153,买,SH.601868,中国能建,1.99,500,64968.53153000004,0.06496853152999993,,持仓不变,账户级撮合-100股整手/现金约束,3,995.0,2.6964499999999996,0.2,0.19994018010475062,-0.08715596330275233,88.0,"mom20@q0.6,hold_q=0.4,buy_top=5,hold_top=10,rebalance=20d,min_hold=5d,turnover_penalty=0.01,target_vol=0.18",0.11504032864857394,0.8654499609585041
2024-09-11 15:00:00,1064968.53153,741829.0,323139.53153,买,SH.601398,工商银行,4.92,700,64968.53153000004,0.06496853152999993,,持仓不变,账户级撮合-100股整手/现金约束,3,3444.0,9.333239999999998,0.17751925941151803,0.17740242496045802,-0.08888888888888902,91.0,"mom20@q0.6,hold_q=0.4,buy_top=5,hold_top=10,rebalance=20d,min_hold=5d,turnover_penalty=0.01,target_vol=0.18",0.11504032864857394,0.8654499609585041
2024-09-12 15:00:00,1063034.89274,739697.0,323337.89274,卖,SH.601868,中国能建,1.99,100,63034.89274000004,0.06303489273999996,超时卖/调仓卖,持仓不变,账户级撮合-卖出回款,3,199.0,0.63879,0.2,0.20011666733881173,-0.09954751131221717,89.0,"mom20@q0.6,hold_q=0.4,buy_top=5,hold_top=10,rebalance=20d,min_hold=5d,turnover_penalty=0.01,target_vol=0.18",0.11504032864857394,0.8654499609585041
2024-09-13 15:00:00,1059229.72672,734307.0,324922.72672,卖,SH.601398,工商银行,4.94,300,59229.72671999992,0.05922972671999993,超时卖/调仓卖,持仓不变,账户级撮合-卖出回款,3,1482.0000000000002,4.75722,0.17751925941151803,0.17768949950340007,-0.10507246376811585,89.0,"mom20@q0.6,hold_q=0.4,buy_top=5,hold_top=10,rebalance=20d,min_hold=5d,turnover_penalty=0.01,target_vol=0.18",0.11504032864857394,0.8654499609585041
2024-09-13 15:00:00,1059229.72672,734307.0,324922.72672,卖,SH.601868,中国能建,1.99,400,59229.72671999992,0.05922972671999993,超时卖/调仓卖,持仓不变,账户级撮合-卖出回款,3,796.0,2.55516,0.2,0.20008407492138253,-0.09545454545454557,80.0,"mom20@q0.6,hold_q=0.4,buy_top=5,hold_top=10,rebalance=20d,min_hold=5d,turnover_penalty=0.01,target_vol=0.18",0.11504032864857394,0.8654499609585041
2024-09-13 15:00:00,1059229.72672,734307.0,324922.72672,买,SH.600105,永鼎股份,3.42,200,59229.72671999992,0.05922972671999993,,持仓不变,账户级撮合-100股整手/现金约束,3,684.0,1.8536399999999997,0.05619324410781125,0.05618044745049959,-0.13197969543147203,102.0,"mom20@q0.6,hold_q=0.4,buy_top=5,hold_top=10,rebalance=20d,min_hold=5d,turnover_penalty=0.01,target_vol=0.18",0.11504032864857394,0.8654499609585041
2024-09-18 15:00:00,1069778.63036,737303.0,332475.63036,卖,SZ.002028,思源电气,68.72,100,69778.63036000007,0.0697786303600001,超时卖/调仓卖,持仓不变,账户级撮合-卖出回款,3,6872.0,22.059119999999997,0.11472189939807731,0.11562766023693521,0.041369904530989654,14.0,"mom20@q0.6,hold_q=0.4,buy_top=5,hold_top=10,rebalance=20d,min_hold=5d,turnover_penalty=0.01,target_vol=0.18",0.11504032864857394,0.8654499609585041
2024-09-18 15:00:00,1069778.63036,737303.0,332475.63036,卖,SH.601398,工商银行,5.06,500,69778.63036000007,0.0697786303600001,超时卖/调仓卖,持仓不变,账户级撮合-卖出回款,3,2530.0,8.1213,0.17751925941151803,0.17784613994016252,-0.10442477876106204,85.0,"mom20@q0.6,hold_q=0.4,buy_top=5,hold_top=10,rebalance=20d,min_hold=5d,turnover_penalty=0.01,target_vol=0.18",0.11504032864857394,0.8654499609585041
2024-09-18 15:00:00,1069778.63036,737303.0,332475.63036,买,SH.601868,中国能建,2.0,400,69778.63036000007,0.0697786303600001,,持仓不变,账户级撮合-100股整手/现金约束,3,800.0,2.1679999999999997,0.2,0.1998544314986479,-0.09090909090909094,73.0,"mom20@q0.6,hold_q=0.4,buy_top=5,hold_top=10,rebalance=20d,min_hold=5d,turnover_penalty=0.01,target_vol=0.18",0.11504032864857394,0.8654499609585041
2024-09-18 15:00:00,1069778.63036,737303.0,332475.63036,买,SH.600105,永鼎股份,3.38,300,69778.63036000007,0.0697786303600001,,持仓不变,账户级撮合-100股整手/现金约束,3,1014.0,2.74794,0.05619324410781125,0.055923719452002384,-0.16748768472906395,114.0,"mom20@q0.6,hold_q=0.4,buy_top=5,hold_top=10,rebalance=20d,min_hold=5d,turnover_penalty=0.01,target_vol=0.18",0.11504032864857394,0.8654499609585041
2024-09-19 15:00:00,1069788.21807,735628.0,334160.21807,卖,SH.600105,永鼎股份,3.48,400,69788.21806999994,0.06978821807000002,超时卖/调仓卖,持仓不变,账户级撮合-卖出回款,3,1392.0,4.468319999999999,0.05619324410781125,0.05627655921338689,-0.10077519379844968,96.0,"mom20@q0.6,hold_q=0.4,buy_top=5,hold_top=10,rebalance=20d,min_hold=5d,turnover_penalty=0.01,target_vol=0.18",0.11504032864857394,0.8654499609585041
2024-09-19 15:00:00,1069788.21807,735628.0,334160.21807,卖,SH.601868,中国能建,2.01,400,69788.21806999994,0.06978821807000002,超时卖/调仓卖,持仓不变,账户级撮合-卖出回款,3,803.9999999999999,2.5808399999999994,0.2,0.20010035293358686,-0.08219178082191791,80.0,"mom20@q0.6,hold_q=0.4,buy_top=5,hold_top=10,rebalance=20d,min_hold=5d,turnover_penalty=0.01,target_vol=0.18",0.11504032864857394,0.8654499609585041
2024-09-19 15:00:00,1069788.21807,735628.0,334160.21807,买,SH.601398,工商银行,5.03,100,69788.21806999994,0.06978821807000002,,持仓不变,账户级撮合-100股整手/现金约束,3,503.0,1.36313,0.17751925941151803,0.17726031825449753,-0.12824956672443666,108.0,"mom20@q0.6,hold_q=0.4,buy_top=5,hold_top=10,rebalance=20d,min_hold=5d,turnover_penalty=0.01,target_vol=0.18",0.11504032864857394,0.8654499609585041
2024-09-20 15:00:00,1064232.58434,618508.0,445724.58433999994,卖,SH.600105,永鼎股份,3.5,17300,64232.58434000006,0.06423258434000001,超时卖/调仓卖,调仓卖出-跌破持有阈值、跌出持有排名,账户级撮合-卖出回款,3,60550.0,194.3655,0.0,0.0,-0.07651715039577833,80.0,"mom20@q0.6,hold_q=0.4,buy_top=5,hold_top=10,rebalance=20d,min_hold=5d,turnover_penalty=0.01,target_vol=0.18",0.11504032864857394,0.8654499609585041
2024-09-20 15:00:00,1064232.58434,618508.0,445724.58433999994,卖,SZ.000988,华工科技,28.03,5300,64232.58434000006,0.06423258434000001,超时卖/调仓卖,调仓卖出-跌破持有阈值、跌出持有排名,账户级撮合-卖出回款,3,148559.0,476.87438999999995,0.0,0.0,-0.05876427132303563,66.0,"mom20@q0.6,hold_q=0.4,buy_top=5,hold_top=10,rebalance=20d,min_hold=5d,turnover_penalty=0.01,target_vol=0.18",0.11504032864857394,0.8654499609585041
2024-09-20 15:00:00,1064232.58434,618508.0,445724.58433999994,卖,SZ.002028,思源电气,66.97,1800,64232.58434000006,0.06423258434000001,超时卖/调仓卖,调仓卖出-跌出持有排名,账户级撮合-卖出回款,3,120546.0,386.95266,0.0,0.0,0.04509987515605496,17.0,"mom20@q0.6,hold_q=0.4,buy_top=5,hold_top=10,rebalance=20d,min_hold=5d,turnover_penalty=0.01,target_vol=0.18",0.11504032864857394,0.8654499609585041
2024-09-20 15:00:00,1064232.58434,618508.0,445724.58433999994,卖,SH.601398,工商银行,5.05,37700,64232.58434000006,0.06423258434000001,超时卖/调仓卖,调仓卖出-跌破持有阈值、跌出持有排名,账户级撮合-卖出回款,3,190385.0,611.13585,0.0,0.0,-0.1109154929577465,104.0,"mom20@q0.6,hold_q=0.4,buy_top=5,hold_top=10,rebalance=20d,min_hold=5d,turnover_penalty=0.01,target_vol=0.18",0.11504032864857394,0.8654499609585041
2024-09-20 15:00:00,1064232.58434,618508.0,445724.58433999994,卖,SH.601868,中国能建,2.01,106500,64232.58434000006,0.06423258434000001,超时卖/调仓卖,调仓卖出-跌破持有阈值、跌出持有排名,账户级撮合-卖出回款,3,214064.99999999997,687.1486499999999,0.0,0.0,-0.07373271889400923,77.0,"mom20@q0.6,hold_q=0.4,buy_top=5,hold_top=10,rebalance=20d,min_hold=5d,turnover_penalty=0.01,target_vol=0.18",0.11504032864857394,0.8654499609585041
2024-09-20 15:00:00,1064232.58434,618508.0,445724.58433999994,买,SZ.300274,阳光电源,76.1,1300,64232.58434000006,0.06423258434000001,,调仓买入-新进前N、满足动量阈值,账户级撮合-100股整手/现金约束,3,98929.99999999999,268.10029999999995,0.09553455450154383,0.09295900299966188,0.19316400125431166,1.0,"mom20@q0.6,hold_q=0.4,buy_top=5,hold_top=10,rebalance=20d,min_hold=5d,turnover_penalty=0.01,target_vol=0.18",0.11504032864857394,0.8654499609585041
2024-09-20 15:00:00,1064232.58434,618508.0,445724.58433999994,买,SZ.002202,金风科技,8.07,14400,64232.58434000006,0.06423258434000001,,调仓买入-新进前N、满足动量阈值,账户级撮合-100股整手/现金约束,3,116208.0,314.92368,0.10920566273011521,0.10919417588784706,0.12395543175487478,2.0,"mom20@q0.6,hold_q=0.4,buy_top=5,hold_top=10,rebalance=20d,min_hold=5d,turnover_penalty=0.01,target_vol=0.18",0.11504032864857394,0.8654499609585041
2024-09-20 15:00:00,1064232.58434,618508.0,445724.58433999994,买,SH.600487,亨通光电,14.4,5600,64232.58434000006,0.06423258434000001,,调仓买入-新进前N、满足动量阈值,账户级撮合-100股整手/现金约束,3,80640.0,218.53439999999998,0.07666368631897978,0.07577291015761382,0.11627906976744184,3.0,"mom20@q0.6,hold_q=0.4,buy_top=5,hold_top=10,rebalance=20d,min_hold=5d,turnover_penalty=0.01,target_vol=0.18",0.11504032864857394,0.8654499609585041
2024-09-20 15:00:00,1064232.58434,618508.0,445724.58433999994,买,SH.600406,国电南瑞,25.03,7300,64232.58434000006,0.06423258434000001,,调仓买入-新进前N、满足动量阈值,账户级撮合-100股整手/现金约束,3,182719.0,495.16848999999996,0.17270683267627696,0.17169085281608432,0.0992534036012298,4.0,"mom20@q0.6,hold_q=0.4,buy_top=5,hold_top=10,rebalance=20d,min_hold=5d,turnover_penalty=0.01,target_vol=0.18",0.11504032864857394,0.8654499609585041
2024-09-20 15:00:00,1064232.58434,618508.0,445724.58433999994,买,SH.600309,万华化学,73.69,1900,64232.58434000006,0.06423258434000001,,调仓买入-新进前N、满足动量阈值,账户级撮合-100股整手/现金约束,3,140011.0,379.42981,0.13812254268964316,0.13156052733231235,0.08992752551397709,5.0,"mom20@q0.6,hold_q=0.4,buy_top=5,hold_top=10,rebalance=20d,min_hold=5d,turnover_penalty=0.01,target_vol=0.18",0.11504032864857394,0.8654499609585041
2024-09-23 15:00:00,1058994.73614,614694.0,444300.73613999994,买,SH.600487,亨通光电,14.2,100,58994.736139999935,0.05899473613999984,,持仓不变,账户级撮合-100股整手/现金约束,3,1420.0,3.8482,0.07666368631897978,0.07643097480826351,0.1207576953433307,2.0,"mom20@q0.6,hold_q=0.4,buy_top=5,hold_top=10,rebalance=20d,min_hold=5d,turnover_penalty=0.01,target_vol=0.18",0.11504032864857394,0.8654499609585041
2024-09-24 15:00:00,1070401.6508,626955.0,443446.6507999999,卖,SZ.002202,金风科技,8.28,200,70401.65079999994,0.07040165080000005,超时卖/调仓卖,持仓不变,账户级撮合-卖出回款,3,1655.9999999999998,5.315759999999999,0.10920566273011521,0.10984287992467658,0.14206896551724135,5.0,"mom20@q0.6,hold_q=0.4,buy_top=5,hold_top=10,rebalance=20d,min_hold=5d,turnover_penalty=0.01,target_vol=0.18",0.11504032864857394,0.8654499609585041
2024-09-24 15:00:00,1070401.6508,626955.0,443446.6507999999,买,SH.600406,国电南瑞,24.98,100,70401.65079999994,0.07040165080000005,,持仓不变,账户级撮合-100股整手/现金约束,3,2498.0,6.7695799999999995,0.17270683267627696,0.17269405354695105,0.0837310195227765,19.0,"mom20@q0.6,hold_q=0.4,buy_top=5,hold_top=10,rebalance=20d,min_hold=5d,turnover_penalty=0.01,target_vol=0.18",0.11504032864857394,0.8654499609585041
2024-09-25 15:00:00,1076748.96978,629054.0,447694.96977999987,卖,SZ.002202,金风科技,8.43,200,76748.96977999993,0.0767489697799999,超时卖/调仓卖,持仓不变,账户级撮合-卖出回款,3,1686.0,5.412059999999999,0.10920566273011521,0.10960772038083649,0.07800511508951402,23.0,"mom20@q0.6,hold_q=0.4,buy_top=5,hold_top=10,rebalance=20d,min_hold=5d,turnover_penalty=0.01,target_vol=0.18",0.11504032864857394,0.8654499609585041
2024-09-25 15:00:00,1076748.96978,629054.0,447694.96977999987,卖,SH.600406,国电南瑞,25.76,100,76748.96977999993,0.0767489697799999,超时卖/调仓卖,持仓不变,账户级撮合-卖出回款,3,2576.0,8.26896,0.17270683267627696,0.1746442348938785,0.12636641888937472,9.0,"mom20@q0.6,hold_q=0.4,buy_top=5,hold_top=10,rebalance=20d,min_hold=5d,turnover_penalty=0.01,target_vol=0.18",0.11504032864857394,0.8654499609585041
2024-09-26 15:00:00,1082939.4421599999,633528.0,449411.44215999986,卖,SZ.002202,金风科技,8.61,200,82939.44215999986,0.08293944215999982,超时卖/调仓卖,持仓不变,账户级撮合-卖出回款,3,1722.0,5.52762,0.10920566273011521,0.10971804643388833,0.06165228113440202,72.0,"mom20@q0.6,hold_q=0.4,buy_top=5,hold_top=10,rebalance=20d,min_hold=5d,turnover_penalty=0.01,target_vol=0.18",0.11504032864857394,0.8654499609585041
2024-09-27 15:00:00,1112225.0820099998,663690.0,448535.08200999984,卖,SZ.002202,金风科技,9.0,300,112225.08200999978,0.1122250820099997,超时卖/调仓卖,持仓不变,账户级撮合-卖出回款,3,2700.0,8.667,0.10920566273011521,0.10924047835751614,0.0869565217391306,91.0,"mom20@q0.6,hold_q=0.4,buy_top=5,hold_top=10,rebalance=20d,min_hold=5d,turnover_penalty=0.01,target_vol=0.18",0.11504032864857394,0.8654499609585041
2024-09-27 15:00:00,1112225.0820099998,663690.0,448535.08200999984,卖,SH.600487,亨通光电,15.33,100,112225.08200999978,0.1122250820099997,超时卖/调仓卖,持仓不变,账户级撮合-卖出回款,3,1533.0,4.920929999999999,0.07666368631897978,0.07718581552293043,0.2109004739336493,26.0,"mom20@q0.6,hold_q=0.4,buy_top=5,hold_top=10,rebalance=20d,min_hold=5d,turnover_penalty=0.01,target_vol=0.18",0.11504032864857394,0.8654499609585041
2024-09-27 15:00:00,1112225.0820099998,663690.0,448535.08200999984,买,SH.600406,国电南瑞,25.41,200,112225.08200999978,0.1122250820099997,,持仓不变,账户级撮合-100股整手/现金约束,3,5082.0,13.772219999999999,0.17270683267627696,0.1713457132755855,0.12483399734395761,65.0,"mom20@q0.6,hold_q=0.4,buy_top=5,hold_top=10,rebalance=20d,min_hold=5d,turnover_penalty=0.01,target_vol=0.18",0.11504032864857394,0.8654499609585041
2024-09-30 15:00:00,1173155.4175699998,706714.0,466441.4175699999,卖,SZ.300274,阳光电源,96.88,100,173155.41756999982,0.17315541756999986,超时卖/调仓卖,持仓不变,账户级撮合-卖出回款,3,9688.0,31.09848,0.09553455450154383,0.09909684450914896,0.32621492128678975,33.0,"mom20@q0.6,hold_q=0.4,buy_top=5,hold_top=10,rebalance=20d,min_hold=5d,turnover_penalty=0.01,target_vol=0.18",0.11504032864857394,0.8654499609585041
2024-09-30 15:00:00,1173155.4175699998,706714.0,466441.4175699999,卖,SZ.002202,金风科技,9.88,500,173155.41756999982,0.17315541756999986,超时卖/调仓卖,持仓不变,账户级撮合-卖出回款,3,4940.0,15.857399999999998,0.10920566273011521,0.10948251022532252,0.20341047503045062,80.0,"mom20@q0.6,hold_q=0.4,buy_top=5,hold_top=10,rebalance=20d,min_hold=5d,turnover_penalty=0.01,target_vol=0.18",0.11504032864857394,0.8654499609585041
2024-09-30 15:00:00,1173155.4175699998,706714.0,466441.4175699999,卖,SH.600487,亨通光电,16.68,200,173155.41756999982,0.17315541756999986,超时卖/调仓卖,持仓不变,账户级撮合-卖出回款,3,3336.0,10.708559999999999,0.07666368631897978,0.0767775510823361,0.1956989247311829,84.0,"mom20@q0.6,hold_q=0.4,buy_top=5,hold_top=10,rebalance=20d,min_hold=5d,turnover_penalty=0.01,target_vol=0.18",0.11504032864857394,0.8654499609585041
2024-10-08 15:00:00,1221833.13577,739870.0,481963.13576999994,卖,SZ.300274,阳光电源,116.49,100,221833.13577000005,0.22183313577000008,超时卖/调仓卖,持仓不变,账户级撮合-卖出回款,3,11649.0,37.39329,0.09553455450154383,0.10487438607502383,0.5678331090174966,18.0,"mom20@q0.6,hold_q=0.4,buy_top=5,hold_top=10,rebalance=20d,min_hold=5d,turnover_penalty=0.01,target_vol=0.18",0.11504032864857394,0.8654499609585041
2024-10-08 15:00:00,1221833.13577,739870.0,481963.13576999994,卖,SZ.002202,金风科技,10.88,700,221833.13577000005,0.22183313577000008,超时卖/调仓卖,持仓不变,账户级撮合-卖出回款,3,7616.000000000001,24.44736,0.10920566273011521,0.10952723091411662,0.33990147783251246,59.0,"mom20@q0.6,hold_q=0.4,buy_top=5,hold_top=10,rebalance=20d,min_hold=5d,turnover_penalty=0.01,target_vol=0.18",0.11504032864857394,0.8654499609585041
2024-10-08 15:00:00,1221833.13577,739870.0,481963.13576999994,卖,SH.600487,亨通光电,17.77,100,221833.13577000005,0.22183313577000008,超时卖/调仓卖,持仓不变,账户级撮合-卖出回款,3,1777.0,5.7041699999999995,0.07666368631897978,0.0770817202797885,0.27749820273184755,75.0,"mom20@q0.6,hold_q=0.4,buy_top=5,hold_top=10,rebalance=20d,min_hold=5d,turnover_penalty=0.01,target_vol=0.18",0.11504032864857394,0.8654499609585041
2024-10-08 15:00:00,1221833.13577,739870.0,481963.13576999994,买,SH.600406,国电南瑞,27.19,200,221833.13577000005,0.22183313577000008,,持仓不变,账户级撮合-100股整手/现金约束,3,5438.0,14.736979999999999,0.17270683267627696,0.17135154864502777,0.13718109577582616,104.0,"mom20@q0.6,hold_q=0.4,buy_top=5,hold_top=10,rebalance=20d,min_hold=5d,turnover_penalty=0.01,target_vol=0.18",0.11504032864857394,0.8654499609585041
2024-10-10 15:00:00,1168655.34989,687723.0,480932.34988999995,买,SZ.002202,金风科技,10.28,100,168655.34988999995,0.16865534988999986,,持仓不变,账户级撮合-100股整手/现金约束,3,1028.0,2.7858799999999997,0.10920566273011521,0.10907578527065172,0.24908869987849314,60.0,"mom20@q0.6,hold_q=0.4,buy_top=5,hold_top=10,rebalance=20d,min_hold=5d,turnover_penalty=0.01,target_vol=0.18",0.11504032864857394,0.8654499609585041
2024-10-11 15:00:00,1145507.21994,669433.0,476074.21994,买,SZ.002202,金风科技,9.69,500,145507.21993999998,0.14550721994000004,,持仓不变,账户级撮合-100股整手/现金约束,3,4845.0,13.12995,0.10920566273011521,0.10912283905687419,0.17312348668280864,74.0,"mom20@q0.6,hold_q=0.4,buy_top=5,hold_top=10,rebalance=20d,min_hold=5d,turnover_penalty=0.01,target_vol=0.18",0.11504032864857394,0.8654499609585041
2024-10-15 15:00:00,999717.5448299998,104227.0,895490.5448299998,买,SZ.300757,罗博特科,174.36,100,-282.4551700002048,-0.0002824551700002509,,调仓买入-新进前N、满足动量阈值,账户级撮合-100股整手/现金约束,4,17436.0,47.25156,0.02932099840470867,0.01744092627979732,1.4183079056865466,1.0,"mom20@q0.6,hold_q=0.4,buy_top=5,hold_top=10,rebalance=20d,min_hold=5d,turnover_penalty=0.01,target_vol=0.18",0.28334493863104626,2.0430343095309547
2024-10-15 15:00:00,999717.5448299998,104227.0,895490.5448299998,买,SZ.300059,东方财富,20.0,1200,-282.4551700002048,-0.0002824551700002509,,调仓买入-新进前N、满足动量阈值,账户级撮合-100股整手/现金约束,4,24000.0,65.03999999999999,0.0248054030112872,0.02400678083936314,0.9230769230769229,2.0,"mom20@q0.6,hold_q=0.4,buy_top=5,hold_top=10,rebalance=20d,min_hold=5d,turnover_penalty=0.01,target_vol=0.18",0.28334493863104626,2.0430343095309547
2024-10-15 15:00:00,999717.5448299998,104227.0,895490.5448299998,买,SZ.300033,同花顺,124.08,100,-282.4551700002048,-0.0002824551700002509,,调仓买入-新进前N、满足动量阈值,账户级撮合-100股整手/现金约束,4,12408.0,33.625679999999996,0.023309547624672772,0.012411505693950744,0.9004441721550005,3.0,"mom20@q0.6,hold_q=0.4,buy_top=5,hold_top=10,rebalance=20d,min_hold=5d,turnover_penalty=0.01,target_vol=0.18",0.28334493863104626,2.0430343095309547
2024-10-15 15:00:00,999717.5448299998,104227.0,895490.5448299998,买,SH.688256,寒武纪,237.62,100,-282.4551700002048,-0.0002824551700002509,,调仓买入-新进前N、满足动量阈值,账户级撮合-100股整手/现金约束,4,23762.0,64.39501999999999,0.03129698484709526,0.023768713596039454,0.656927689840318,5.0,"mom20@q0.6,hold_q=0.4,buy_top=5,hold_top=10,rebalance=20d,min_hold=5d,turnover_penalty=0.01,target_vol=0.18",0.28334493863104626,2.0430343095309547
2024-10-15 15:00:00,999717.5448299998,104227.0,895490.5448299998,买,SZ.300857,协创数据,38.03,700,-282.4551700002048,-0.0002824551700002509,,调仓买入-满足动量阈值,账户级撮合-100股整手/现金约束,4,26621.0,72.14290999999999,0.02910456101626794,0.026628521363528588,0.6259085079093629,7.0,"mom20@q0.6,hold_q=0.4,buy_top=5,hold_top=10,rebalance=20d,min_hold=5d,turnover_penalty=0.01,target_vol=0.18",0.28334493863104626,2.0430343095309547
2024-10-31 15:00:00,1014113.1521999998,116327.0,897786.1521999998,卖,SZ.300059,东方财富,23.03,100,14113.152199999779,0.014113152199999757,超时卖/调仓卖,持仓不变,账户级撮合-卖出回款,4,2303.0,7.39263,0.0248054030112872,0.024980447147384906,0.6520803443328553,7.0,"mom20@q0.6,hold_q=0.4,buy_top=5,hold_top=10,rebalance=20d,min_hold=5d,turnover_penalty=0.01,target_vol=0.18",0.28334493863104626,2.0430343095309547
2024-11-01 15:00:00,1008740.5289899998,114515.0,894225.5289899998,买,SZ.300857,协创数据,35.51,100,8740.528989999788,0.008740528989999774,,持仓不变,账户级撮合-100股整手/现金约束,4,3551.0,9.623209999999998,0.02910456101626794,0.028161850529038895,0.22279614325068864,31.0,"mom20@q0.6,hold_q=0.4,buy_top=5,hold_top=10,rebalance=20d,min_hold=5d,turnover_penalty=0.01,target_vol=0.18",0.28334493863104626,2.0430343095309547
2024-11-05 15:00:00,1025233.8009999997,128298.0,896935.8009999997,卖,SZ.300059,东方财富,27.19,100,25233.800999999745,0.025233800999999723,超时卖/调仓卖,持仓不变,账户级撮合-卖出回款,4,2719.0,8.72799,0.0248054030112872,0.026520779917204473,0.1235537190082645,16.0,"mom20@q0.6,hold_q=0.4,buy_top=5,hold_top=10,rebalance=20d,min_hold=5d,turnover_penalty=0.01,target_vol=0.18",0.28334493863104626,2.0430343095309547
2024-11-07 15:00:00,1039462.3183299998,134924.0,904538.3183299998,卖,SZ.300059,东方财富,29.84,100,39462.318329999805,0.0394623183299998,超时卖/调仓卖,持仓不变,账户级撮合-卖出回款,4,2984.0,9.57864,0.0248054030112872,0.025836434401149674,0.4634624816086317,5.0,"mom20@q0.6,hold_q=0.4,buy_top=5,hold_top=10,rebalance=20d,min_hold=5d,turnover_penalty=0.01,target_vol=0.18",0.28334493863104626,2.0430343095309547
2024-11-07 15:00:00,1039462.3183299998,134924.0,904538.3183299998,卖,SZ.300857,协创数据,46.43,100,39462.318329999805,0.0394623183299998,超时卖/调仓卖,持仓不变,账户级撮合-卖出回款,4,4643.0,14.904029999999999,0.02910456101626794,0.0312671266931697,0.24443848834092718,18.0,"mom20@q0.6,hold_q=0.4,buy_top=5,hold_top=10,rebalance=20d,min_hold=5d,turnover_penalty=0.01,target_vol=0.18",0.28334493863104626,2.0430343095309547
2024-11-12 15:00:00,1035022.7776599999,208954.0,826068.7776599999,卖,SZ.300757,罗博特科,230.95,100,35022.777659999905,0.03502277765999984,超时卖/调仓卖,调仓卖出-跌出持有排名,账户级撮合-卖出回款,4,23095.0,74.13494999999999,0.0,0.0,0.32455838495067657,22.0,"mom20@q0.6,hold_q=0.4,buy_top=5,hold_top=10,rebalance=20d,min_hold=5d,turnover_penalty=0.01,target_vol=0.18",0.28334493863104626,2.0430343095309547
2024-11-12 15:00:00,1035022.7776599999,208954.0,826068.7776599999,卖,SZ.300059,东方财富,28.19,900,35022.777659999905,0.03502277765999984,超时卖/调仓卖,调仓卖出-跌出持有排名,账户级撮合-卖出回款,4,25371.0,81.44090999999999,0.0,0.0,0.4095,13.0,"mom20@q0.6,hold_q=0.4,buy_top=5,hold_top=10,rebalance=20d,min_hold=5d,turnover_penalty=0.01,target_vol=0.18",0.28334493863104626,2.0430343095309547
2024-11-12 15:00:00,1035022.7776599999,208954.0,826068.7776599999,卖,SH.688256,寒武纪,282.88,100,35022.777659999905,0.03502277765999984,超时卖/调仓卖,调仓卖出-跌出持有排名,账户级撮合-卖出回款,4,28288.0,90.80448,0.0,0.0,0.19047218247622255,49.0,"mom20@q0.6,hold_q=0.4,buy_top=5,hold_top=10,rebalance=20d,min_hold=5d,turnover_penalty=0.01,target_vol=0.18",0.28334493863104626,2.0430343095309547
2024-11-12 15:00:00,1035022.7776599999,208954.0,826068.7776599999,卖,SZ.300857,协创数据,46.29,700,35022.777659999905,0.03502277765999984,超时卖/调仓卖,调仓卖出-跌出持有排名,账户级撮合-卖出回款,4,32403.0,104.01362999999999,0.0,0.0,0.2171969497764923,44.0,"mom20@q0.6,hold_q=0.4,buy_top=5,hold_top=10,rebalance=20d,min_hold=5d,turnover_penalty=0.01,target_vol=0.18",0.28334493863104626,2.0430343095309547
2024-11-12 15:00:00,1035022.7776599999,208954.0,826068.7776599999,买,SH.603083,剑桥科技,56.39,1000,35022.777659999905,0.03502277765999984,,调仓买入-新进前N、满足动量阈值,账户级撮合-100股整手/现金约束,4,56390.0,152.81689999999998,0.05588001202000608,0.054481892782579755,0.8255098737455486,1.0,"mom20@q0.6,hold_q=0.4,buy_top=5,hold_top=10,rebalance=20d,min_hold=5d,turnover_penalty=0.01,target_vol=0.18",0.28334493863104626,2.0430343095309547
2024-11-12 15:00:00,1035022.7776599999,208954.0,826068.7776599999,买,SZ.002428,云南锗业,24.32,1500,35022.777659999905,0.03502277765999984,,调仓买入-新进前N、满足动量阈值,账户级撮合-100股整手/现金约束,4,36480.0,98.86079999999998,0.036500434081551174,0.03524560114751746,0.7777777777777779,3.0,"mom20@q0.6,hold_q=0.4,buy_top=5,hold_top=10,rebalance=20d,min_hold=5d,turnover_penalty=0.01,target_vol=0.18",0.28334493863104626,2.0430343095309547
2024-11-12 15:00:00,1035022.7776599999,208954.0,826068.7776599999,买,SZ.002156,通富微电,36.47,1200,35022.777659999905,0.03502277765999984,,调仓买入-新进前N、满足动量阈值,账户级撮合-100股整手/现金约束,4,43764.0,118.60043999999999,0.04469832046387017,0.04228312742927506,0.6892079666512274,4.0,"mom20@q0.6,hold_q=0.4,buy_top=5,hold_top=10,rebalance=20d,min_hold=5d,turnover_penalty=0.01,target_vol=0.18",0.28334493863104626,2.0430343095309547
2024-11-12 15:00:00,1035022.7776599999,208954.0,826068.7776599999,买,SH.603019,中科曙光,83.56,600,35022.777659999905,0.03502277765999984,,调仓买入-新进前N、满足动量阈值,账户级撮合-100股整手/现金约束,4,50136.0,135.86855999999997,0.049342714923655474,0.04843951368234472,0.6432645034414946,5.0,"mom20@q0.6,hold_q=0.4,buy_top=5,hold_top=10,rebalance=20d,min_hold=5d,turnover_penalty=0.01,target_vol=0.18",0.28334493863104626,2.0430343095309547
2024-11-13 15:00:00,1026940.6232799999,204259.0,822681.6232799999,买,SZ.002156,通富微电,33.78,100,26940.62327999994,0.02694062328000002,,持仓不变,账户级撮合-100股整手/现金约束,4,3378.0,9.15438,0.04469832046387017,0.04276196598372042,0.5911446066886481,5.0,"mom20@q0.6,hold_q=0.4,buy_top=5,hold_top=10,rebalance=20d,min_hold=5d,turnover_penalty=0.01,target_vol=0.18",0.28334493863104626,2.0430343095309547
2024-11-14 15:00:00,1019527.90261,204143.0,815384.90261,买,SZ.002428,云南锗业,22.52,100,19527.90260999999,0.019527902609999925,,持仓不变,账户级撮合-100股整手/现金约束,4,2252.0,6.102919999999999,0.036500434081551174,0.03534184783737432,0.6474030724213606,2.0,"mom20@q0.6,hold_q=0.4,buy_top=5,hold_top=10,rebalance=20d,min_hold=5d,turnover_penalty=0.01,target_vol=0.18",0.28334493863104626,2.0430343095309547
2024-11-14 15:00:00,1019527.90261,204143.0,815384.90261,买,SH.603083,剑桥科技,50.25,100,19527.90260999999,0.019527902609999925,,持仓不变,账户级撮合-100股整手/现金约束,4,5025.0,13.61775,0.05588001202000608,0.05421626996033707,0.6330841728956775,3.0,"mom20@q0.6,hold_q=0.4,buy_top=5,hold_top=10,rebalance=20d,min_hold=5d,turnover_penalty=0.01,target_vol=0.18",0.28334493863104626,2.0430343095309547
2024-11-15 15:00:00,1003694.00038,196043.0,807651.00038,买,SH.603083,剑桥科技,46.1,100,3694.000379999983,0.0036940003799998955,,持仓不变,账户级撮合-100股整手/现金约束,4,4610.0,12.493099999999998,0.05588001202000608,0.055116399997465135,0.43748051138135335,2.0,"mom20@q0.6,hold_q=0.4,buy_top=5,hold_top=10,rebalance=20d,min_hold=5d,turnover_penalty=0.01,target_vol=0.18",0.28334493863104626,2.0430343095309547
2024-11-15 15:00:00,1003694.00038,196043.0,807651.00038,买,SZ.002156,通富微电,31.03,100,3694.000379999983,0.0036940003799998955,,持仓不变,账户级撮合-100股整手/现金约束,4,3103.0,8.40913,0.04469832046387017,0.04328211584761172,0.36156208863536654,4.0,"mom20@q0.6,hold_q=0.4,buy_top=5,hold_top=10,rebalance=20d,min_hold=5d,turnover_penalty=0.01,target_vol=0.18",0.28334493863104626,2.0430343095309547
2024-11-18 15:00:00,995879.48832,193228.0,802651.48832,买,SZ.002428,云南锗业,20.29,100,-4120.511679999996,-0.00412051168000005,,持仓不变,账户级撮合-100股整手/现金约束,4,2029.0,5.498589999999999,0.036500434081551174,0.034635716875932455,0.3098773402194963,2.0,"mom20@q0.6,hold_q=0.4,buy_top=5,hold_top=10,rebalance=20d,min_hold=5d,turnover_penalty=0.01,target_vol=0.18",0.28334493863104626,2.0430343095309547
2024-11-18 15:00:00,995879.48832,193228.0,802651.48832,买,SZ.002156,通富微电,29.57,100,-4120.511679999996,-0.00412051168000005,,持仓不变,账户级撮合-100股整手/现金约束,4,2957.0,8.01347,0.04469832046387017,0.04453852149804262,0.2625960717335609,7.0,"mom20@q0.6,hold_q=0.4,buy_top=5,hold_top=10,rebalance=20d,min_hold=5d,turnover_penalty=0.01,target_vol=0.18",0.28334493863104626,2.0430343095309547
2024-11-25 15:00:00,999748.97624,201357.0,798391.97624,买,SH.603083,剑桥科技,42.48,100,-251.02376000001095,-0.00025102375999996873,,持仓不变,账户级撮合-100股整手/现金约束,4,4248.0,11.51208,0.05588001202000608,0.055237866016821915,0.1606557377049178,11.0,"mom20@q0.6,hold_q=0.4,buy_top=5,hold_top=10,rebalance=20d,min_hold=5d,turnover_penalty=0.01,target_vol=0.18",0.28334493863104626,2.0430343095309547
2024-12-04 15:00:00,1009438.3236,208670.0,800768.3236,卖,SZ.002428,云南锗业,23.84,100,9438.323600000003,0.009438323599999965,超时卖/调仓卖,持仓不变,账户级撮合-卖出回款,4,2384.0,7.652639999999999,0.036500434081551174,0.03778735075558211,-0.11309523809523803,112.0,"mom20@q0.6,hold_q=0.4,buy_top=5,hold_top=10,rebalance=20d,min_hold=5d,turnover_penalty=0.01,target_vol=0.18",0.28334493863104626,2.0430343095309547
2024-12-05 15:00:00,1010538.427,207318.0,803220.427,卖,SZ.002428,云南锗业,24.6,100,10538.427000000025,0.010538426999999961,超时卖/调仓卖,持仓不变,账户级撮合-卖出回款,4,2460.0,7.896599999999999,0.036500434081551174,0.03651518736357762,-0.16807575245180928,117.0,"mom20@q0.6,hold_q=0.4,buy_top=5,hold_top=10,rebalance=20d,min_hold=5d,turnover_penalty=0.01,target_vol=0.18",0.28334493863104626,2.0430343095309547
2024-12-10 15:00:00,1002458.65314,188102.0,814356.65314,卖,SH.603083,剑桥科技,41.6,1300,2458.6531399999512,0.0024586531399999334,超时卖/调仓卖,调仓卖出-跌破持有阈值、跌出持有排名,账户级撮合-卖出回款,4,54080.0,173.59679999999997,0.0,0.0,-0.26228054619613406,119.0,"mom20@q0.6,hold_q=0.4,buy_top=5,hold_top=10,rebalance=20d,min_hold=5d,turnover_penalty=0.01,target_vol=0.18",0.28334493863104626,2.0430343095309547
2024-12-10 15:00:00,1002458.65314,188102.0,814356.65314,卖,SZ.002428,云南锗业,23.07,1500,2458.6531399999512,0.0024586531399999334,超时卖/调仓卖,调仓卖出-跌破持有阈值、跌出持有排名,账户级撮合-卖出回款,4,34605.0,111.08205,0.0,0.0,-0.05139802631578949,53.0,"mom20@q0.6,hold_q=0.4,buy_top=5,hold_top=10,rebalance=20d,min_hold=5d,turnover_penalty=0.01,target_vol=0.18",0.28334493863104626,2.0430343095309547
2024-12-10 15:00:00,1002458.65314,188102.0,814356.65314,卖,SZ.002156,通富微电,29.36,1500,2458.6531399999512,0.0024586531399999334,超时卖/调仓卖,调仓卖出-跌破持有阈值、跌出持有排名,账户级撮合-卖出回款,4,44040.0,141.36839999999998,0.0,0.0,-0.19495475733479573,116.0,"mom20@q0.6,hold_q=0.4,buy_top=5,hold_top=10,rebalance=20d,min_hold=5d,turnover_penalty=0.01,target_vol=0.18",0.28334493863104626,2.0430343095309547
2024-12-10 15:00:00,1002458.65314,188102.0,814356.65314,卖,SH.603019,中科曙光,74.6,600,2458.6531399999512,0.0024586531399999334,超时卖/调仓卖,调仓卖出-跌破持有阈值、跌出持有排名,账户级撮合-卖出回款,4,44760.0,143.6796,0.0,0.0,-0.10722833891814276,87.0,"mom20@q0.6,hold_q=0.4,buy_top=5,hold_top=10,rebalance=20d,min_hold=5d,turnover_penalty=0.01,target_vol=0.18",0.28334493863104626,2.0430343095309547
2024-12-10 15:00:00,1002458.65314,188102.0,814356.65314,买,SH.688256,寒武纪,360.36,100,2458.6531399999512,0.0024586531399999334,,调仓买入-新进前N、满足动量阈值,账户级撮合-100股整手/现金约束,4,36036.0,97.65755999999999,0.05018273130261164,0.035947617277904166,0.27389705882352944,1.0,"mom20@q0.6,hold_q=0.4,buy_top=5,hold_top=10,rebalance=20d,min_hold=5d,turnover_penalty=0.01,target_vol=0.18",0.28334493863104626,2.0430343095309547
2024-12-10 15:00:00,1002458.65314,188102.0,814356.65314,买,SZ.300058,蓝色光标,8.29,3700,2458.6531399999512,0.0024586531399999334,,调仓买入-新进前N、满足动量阈值,账户级撮合-100股整手/现金约束,4,30672.999999999996,83.12382999999998,0.031059947959483476,0.030597770695003728,0.21732745961820843,2.0,"mom20@q0.6,hold_q=0.4,buy_top=5,hold_top=10,rebalance=20d,min_hold=5d,turnover_penalty=0.01,target_vol=0.18",0.28334493863104626,2.0430343095309547
2024-12-10 15:00:00,1002458.65314,188102.0,814356.65314,买,SH.603256,宏和科技,9.86,5400,2458.6531399999512,0.0024586531399999334,,调仓买入-新进前N、满足动量阈值,账户级撮合-100股整手/现金约束,4,53244.0,144.29124,0.053478170894482695,0.05311341254147878,0.15863689776733247,3.0,"mom20@q0.6,hold_q=0.4,buy_top=5,hold_top=10,rebalance=20d,min_hold=5d,turnover_penalty=0.01,target_vol=0.18",0.28334493863104626,2.0430343095309547
2024-12-10 15:00:00,1002458.65314,188102.0,814356.65314,买,SZ.300857,协创数据,50.42,900,2458.6531399999512,0.0024586531399999334,,调仓买入-满足动量阈值,账户级撮合-100股整手/现金约束,4,45378.0,122.97437999999998,0.049203917544726104,0.04526670487392428,0.0892201339382157,7.0,"mom20@q0.6,hold_q=0.4,buy_top=5,hold_top=10,rebalance=20d,min_hold=5d,turnover_penalty=0.01,target_vol=0.18",0.28334493863104626,2.0430343095309547
2024-12-12 15:00:00,1014862.2062199999,196918.0,817944.2062199999,卖,SH.603256,宏和科技,11.07,400,14862.206219999935,0.014862206219999896,超时卖/调仓卖,持仓不变,账户级撮合-卖出回款,4,4428.0,14.21388,0.053478170894482695,0.054539423835831886,0.3337349397590361,1.0,"mom20@q0.6,hold_q=0.4,buy_top=5,hold_top=10,rebalance=20d,min_hold=5d,turnover_penalty=0.01,target_vol=0.18",0.28334493863104626,2.0430343095309547
2024-12-12 15:00:00,1014862.2062199999,196918.0,817944.2062199999,买,SZ.300058,蓝色光标,8.24,100,14862.206219999935,0.014862206219999896,,持仓不变,账户级撮合-100股整手/现金约束,4,824.0,2.23304,0.031059947959483476,0.030853449668429414,0.25037936267071337,4.0,"mom20@q0.6,hold_q=0.4,buy_top=5,hold_top=10,rebalance=20d,min_hold=5d,turnover_penalty=0.01,target_vol=0.18",0.28334493863104626,2.0430343095309547
2024-12-13 15:00:00,1010965.46488,192170.0,818795.46488,卖,SZ.300058,蓝色光标,8.54,100,10965.464879999985,0.010965464879999942,超时卖/调仓卖,持仓不变,账户级撮合-卖出回款,4,853.9999999999999,2.741339999999999,0.031059947959483476,0.03125527141894074,0.20451339915373756,5.0,"mom20@q0.6,hold_q=0.4,buy_top=5,hold_top=10,rebalance=20d,min_hold=5d,turnover_penalty=0.01,target_vol=0.18",0.28334493863104626,2.0430343095309547
2024-12-16 15:00:00,1007251.43241,190318.0,816933.43241,买,SH.603256,宏和科技,10.44,100,7251.4324100000085,0.007251432409999925,,持仓不变,账户级撮合-100股整手/现金约束,4,1044.0,2.8292399999999995,0.053478170894482695,0.052860684320503525,0.326556543837357,2.0,"mom20@q0.6,hold_q=0.4,buy_top=5,hold_top=10,rebalance=20d,min_hold=5d,turnover_penalty=0.01,target_vol=0.18",0.28334493863104626,2.0430343095309547
2024-12-16 15:00:00,1007251.43241,190318.0,816933.43241,买,SZ.300058,蓝色光标,8.13,100,7251.4324100000085,0.007251432409999925,,持仓不变,账户级撮合-100股整手/现金约束,4,813.0000000000001,2.20323,0.031059947959483476,0.030671587059530388,0.22995461422087748,6.0,"mom20@q0.6,hold_q=0.4,buy_top=5,hold_top=10,rebalance=20d,min_hold=5d,turnover_penalty=0.01,target_vol=0.18",0.28334493863104626,2.0430343095309547
2024-12-17 15:00:00,999633.4162900001,187886.0,811747.4162900001,买,SH.603256,宏和科技,9.8,300,-366.58370999991894,-0.0003665837099998681,,持仓不变,账户级撮合-100股整手/现金约束,4,2940.0,7.9674,0.053478170894482695,0.05293940672412213,0.19512195121951237,5.0,"mom20@q0.6,hold_q=0.4,buy_top=5,hold_top=10,rebalance=20d,min_hold=5d,turnover_penalty=0.01,target_vol=0.18",0.28334493863104626,2.0430343095309547
2024-12-17 15:00:00,999633.4162900001,187886.0,811747.4162900001,买,SZ.300058,蓝色光标,7.44,300,-366.58370999991894,-0.0003665837099998681,,持仓不变,账户级撮合-100股整手/现金约束,4,2232.0,6.048719999999999,0.031059947959483476,0.03051518637023094,0.16068642745709827,8.0,"mom20@q0.6,hold_q=0.4,buy_top=5,hold_top=10,rebalance=20d,min_hold=5d,turnover_penalty=0.01,target_vol=0.18",0.28334493863104626,2.0430343095309547
2024-12-18 15:00:00,1003319.7821700001,192547.0,810772.7821700001,买,SH.603256,宏和科技,9.72,100,3319.782170000137,0.003319782170000174,,持仓不变,账户级撮合-100股整手/现金约束,4,972.0000000000001,2.6341200000000002,0.053478170894482695,0.053283111675896236,0.15852205005959474,7.0,"mom20@q0.6,hold_q=0.4,buy_top=5,hold_top=10,rebalance=20d,min_hold=5d,turnover_penalty=0.01,target_vol=0.18",0.28334493863104626,2.0430343095309547
2024-12-19 15:00:00,1005535.1805700001,195725.0,809810.1805700001,买,SH.603256,宏和科技,9.6,100,5535.180570000084,0.005535180570000131,,持仓不变,账户级撮合-100股整手/现金约束,4,960.0,2.6016,0.053478170894482695,0.05346406673660635,0.14014251781472686,12.0,"mom20@q0.6,hold_q=0.4,buy_top=5,hold_top=10,rebalance=20d,min_hold=5d,turnover_penalty=0.01,target_vol=0.18",0.28334493863104626,2.0430343095309547
2024-12-23 15:00:00,1002989.50321,198610.0,804379.50321,买,SH.603256,宏和科技,9.0,300,2989.5032099999953,0.002989503210000022,,持仓不变,账户级撮合-100股整手/现金约束,4,2700.0,7.316999999999999,0.053478170894482695,0.052941730526647635,0.07526881720430123,40.0,"mom20@q0.6,hold_q=0.4,buy_top=5,hold_top=10,rebalance=20d,min_hold=5d,turnover_penalty=0.01,target_vol=0.18",0.28334493863104626,2.0430343095309547
2024-12-23 15:00:00,1002989.50321,198610.0,804379.50321,买,SZ.300058,蓝色光标,6.79,400,2989.5032099999953,0.002989503210000022,,持仓不变,账户级撮合-100股整手/现金约束,4,2716.0,7.360359999999999,0.031059947959483476,0.030463927989486224,-0.1586121437422553,118.0,"mom20@q0.6,hold_q=0.4,buy_top=5,hold_top=10,rebalance=20d,min_hold=5d,turnover_penalty=0.01,target_vol=0.18",0.28334493863104626,2.0430343095309547
2024-12-25 15:00:00,995304.77439,197485.0,797819.77439,买,SZ.300857,协创数据,48.18,100,-4695.225609999965,-0.00469522561000002,,持仓不变,账户级撮合-100股整手/现金约束,4,4818.0,13.056779999999998,0.049203917544726104,0.04840728311539392,0.16264478764478763,12.0,"mom20@q0.6,hold_q=0.4,buy_top=5,hold_top=10,rebalance=20d,min_hold=5d,turnover_penalty=0.01,target_vol=0.18",0.28334493863104626,2.0430343095309547
2024-12-25 15:00:00,995304.77439,197485.0,797819.77439,买,SH.603256,宏和科技,8.62,200,-4695.225609999965,-0.00469522561000002,,持仓不变,账户级撮合-100股整手/现金约束,4,1723.9999999999998,4.672039999999999,0.053478170894482695,0.05283004899903783,-0.05066079295154191,93.0,"mom20@q0.6,hold_q=0.4,buy_top=5,hold_top=10,rebalance=20d,min_hold=5d,turnover_penalty=0.01,target_vol=0.18",0.28334493863104626,2.0430343095309547
2024-12-27 15:00:00,998136.9559800001,200990.0,797146.9559800001,买,SZ.300058,蓝色光标,6.71,100,-1863.0440199999139,-0.0018630440199999265,,持仓不变,账户级撮合-100股整手/现金约束,4,671.0,1.8184099999999999,0.031059947959483476,0.030923612050507494,-0.1430395913154534,116.0,"mom20@q0.6,hold_q=0.4,buy_top=5,hold_top=10,rebalance=20d,min_hold=5d,turnover_penalty=0.01,target_vol=0.18",0.28334493863104626,2.0430343095309547
2024-12-31 15:00:00,996725.4302800001,201253.0,795472.4302800001,买,SH.603256,宏和科技,8.35,200,-3274.569719999912,-0.0032745697199999535,,持仓不变,账户级撮合-100股整手/现金约束,4,1670.0,4.5257,0.053478170894482695,0.05277782466654052,-0.11826821541710675,105.0,"mom20@q0.6,hold_q=0.4,buy_top=5,hold_top=10,rebalance=20d,min_hold=5d,turnover_penalty=0.01,target_vol=0.18",0.28334493863104626,2.0430343095309547
2025-01-02 15:00:00,989765.41189,215760.0,774005.41189,买,SZ.300058,蓝色光标,6.3,200,-10234.588110000012,-0.010234588109999998,,持仓不变,账户级撮合-100股整手/现金约束,4,1260.0,3.4145999999999996,0.031059947959483476,0.03055269424120955,-0.13342503438789544,105.0,"mom20@q0.6,hold_q=0.4,buy_top=5,hold_top=10,rebalance=20d,min_hold=5d,turnover_penalty=0.01,target_vol=0.18",0.28334493863104626,2.0430343095309547
2025-01-02 15:00:00,989765.41189,215760.0,774005.41189,买,SH.603256,宏和科技,8.12,200,-10234.588110000012,-0.010234588109999998,,持仓不变,账户级撮合-100股整手/现金约束,4,1623.9999999999998,4.401039999999999,0.053478170894482695,0.05332576726359259,-0.1960396039603961,116.0,"mom20@q0.6,hold_q=0.4,buy_top=5,hold_top=10,rebalance=20d,min_hold=5d,turnover_penalty=0.01,target_vol=0.18",0.28334493863104626,2.0430343095309547
2025-01-02 15:00:00,989765.41189,215760.0,774005.41189,买,SZ.300033,同花顺,185.25,100,-10234.588110000012,-0.010234588109999998,,持仓不变,账户级撮合-100股整手/现金约束,4,18525.0,50.202749999999995,0.0386969768263696,0.037433112487989875,-0.19732224099831008,117.0,"mom20@q0.6,hold_q=0.4,buy_top=5,hold_top=10,rebalance=20d,min_hold=5d,turnover_penalty=0.01,target_vol=0.18",0.28334493863104626,2.0430343095309547
2025-01-03 15:00:00,981234.4282399999,210553.0,770681.4282399999,买,SH.603256,宏和科技,7.77,200,-18765.57176000008,-0.018765571760000044,,持仓不变,账户级撮合-100股整手/现金约束,4,1554.0,4.21134,0.053478170894482695,0.05305459990165255,-0.24342745861733206,116.0,"mom20@q0.6,hold_q=0.4,buy_top=5,hold_top=10,rebalance=20d,min_hold=5d,turnover_penalty=0.01,target_vol=0.18",0.28334493863104626,2.0430343095309547
2025-01-03 15:00:00,981234.4282399999,210553.0,770681.4282399999,买,SZ.300058,蓝色光标,5.87,300,-18765.57176000008,-0.018765571760000044,,持仓不变,账户级撮合-100股整手/现金约束,4,1761.0,4.772309999999999,0.031059947959483476,0.030509528751143367,-0.30859835100117783,119.0,"mom20@q0.6,hold_q=0.4,buy_top=5,hold_top=10,rebalance=20d,min_hold=5d,turnover_penalty=0.01,target_vol=0.18",0.28334493863104626,2.0430343095309547
2025-01-06 15:00:00,981764.8591499999,211664.0,770100.8591499999,买,SZ.300058,蓝色光标,5.79,100,-18235.140850000083,-0.01823514085000011,,持仓不变,账户级撮合-100股整手/现金约束,4,579.0,1.5690899999999999,0.031059947959483476,0.030667221096166694,-0.3147928994082839,119.0,"mom20@q0.6,hold_q=0.4,buy_top=5,hold_top=10,rebalance=20d,min_hold=5d,turnover_penalty=0.01,target_vol=0.18",0.28334493863104626,2.0430343095309547
2025-01-07 15:00:00,991974.2686799999,221069.0,770905.2686799999,卖,SH.603256,宏和科技,8.07,100,-8025.731320000137,-0.008025731320000173,超时卖/调仓卖,持仓不变,账户级撮合-卖出回款,4,807.0,2.59047,0.053478170894482695,0.05369292498975268,-0.19057171514543636,115.0,"mom20@q0.6,hold_q=0.4,buy_top=5,hold_top=10,rebalance=20d,min_hold=5d,turnover_penalty=0.01,target_vol=0.18",0.28334493863104626,2.0430343095309547
2025-01-08 15:00:00,990886.0291199998,215398.0,775488.0291199998,卖,SZ.300033,同花顺,179.08,200,-9113.970880000154,-0.0091139708800001,超时卖/调仓卖,调仓卖出-跌破持有阈值、跌出持有排名,账户级撮合-卖出回款,4,35816.0,114.96936,0.0,0.0,-0.21356110842738574,117.0,"mom20@q0.6,hold_q=0.4,buy_top=5,hold_top=10,rebalance=20d,min_hold=5d,turnover_penalty=0.01,target_vol=0.18",0.28334493863104626,2.0430343095309547
2025-01-08 15:00:00,990886.0291199998,215398.0,775488.0291199998,卖,SZ.300058,蓝色光标,5.89,5200,-9113.970880000154,-0.0091139708800001,超时卖/调仓卖,调仓卖出-跌破持有阈值、跌出持有排名,账户级撮合-卖出回款,4,30628.0,98.31587999999999,0.0,0.0,-0.28950542822677927,119.0,"mom20@q0.6,hold_q=0.4,buy_top=5,hold_top=10,rebalance=20d,min_hold=5d,turnover_penalty=0.01,target_vol=0.18",0.28334493863104626,2.0430343095309547
2025-01-08 15:00:00,990886.0291199998,215398.0,775488.0291199998,卖,SH.603256,宏和科技,8.03,6600,-9113.970880000154,-0.0091139708800001,超时卖/调仓卖,调仓卖出-跌破持有阈值、跌出持有排名,账户级撮合-卖出回款,4,52997.99999999999,170.12357999999998,0.0,0.0,-0.18559837728194728,113.0,"mom20@q0.6,hold_q=0.4,buy_top=5,hold_top=10,rebalance=20d,min_hold=5d,turnover_penalty=0.01,target_vol=0.18",0.28334493863104626,2.0430343095309547
2025-01-08 15:00:00,990886.0291199998,215398.0,775488.0291199998,卖,SZ.300857,协创数据,52.92,1000,-9113.970880000154,-0.0091139708800001,超时卖/调仓卖,调仓卖出-跌出持有排名,账户级撮合-卖出回款,4,52920.0,169.8732,0.0,0.0,0.049583498611662113,27.0,"mom20@q0.6,hold_q=0.4,buy_top=5,hold_top=10,rebalance=20d,min_hold=5d,turnover_penalty=0.01,target_vol=0.18",0.28334493863104626,2.0430343095309547
2025-01-08 15:00:00,990886.0291199998,215398.0,775488.0291199998,买,SZ.300548,长芯博创,50.12,500,-9113.970880000154,-0.0091139708800001,,调仓买入-新进前N、满足动量阈值,账户级撮合-100股整手/现金约束,4,25060.0,67.9126,0.02891719767400591,0.025290496851848483,1.1510729613733903,1.0,"mom20@q0.6,hold_q=0.4,buy_top=5,hold_top=10,rebalance=20d,min_hold=5d,turnover_penalty=0.01,target_vol=0.18",0.28334493863104626,2.0430343095309547
2025-01-08 15:00:00,990886.0291199998,215398.0,775488.0291199998,买,SH.600673,东阳光,12.95,4200,-9113.970880000154,-0.0091139708800001,,调仓买入-新进前N、满足动量阈值,账户级撮合-100股整手/现金约束,4,54390.0,147.3969,0.05624145372738361,0.05489026830694489,0.48169336384439343,2.0,"mom20@q0.6,hold_q=0.4,buy_top=5,hold_top=10,rebalance=20d,min_hold=5d,turnover_penalty=0.01,target_vol=0.18",0.28334493863104626,2.0430343095309547
2025-01-08 15:00:00,990886.0291199998,215398.0,775488.0291199998,买,SZ.300442,润泽科技,48.56,600,-9113.970880000154,-0.0091139708800001,,调仓买入-新进前N、满足动量阈值,账户级撮合-100股整手/现金约束,4,29136.0,78.95855999999999,0.03263725712142497,0.029403987082021445,0.4002306805074971,3.0,"mom20@q0.6,hold_q=0.4,buy_top=5,hold_top=10,rebalance=20d,min_hold=5d,turnover_penalty=0.01,target_vol=0.18",0.28334493863104626,2.0430343095309547
2025-01-08 15:00:00,990886.0291199998,215398.0,775488.0291199998,买,SZ.002916,深南电路,96.98,600,-9113.970880000154,-0.0091139708800001,,调仓买入-满足动量阈值,账户级撮合-100股整手/现金约束,4,58188.0,157.68947999999997,0.06743813000705294,0.05872320154889703,0.294447410571276,6.0,"mom20@q0.6,hold_q=0.4,buy_top=5,hold_top=10,rebalance=20d,min_hold=5d,turnover_penalty=0.01,target_vol=0.18",0.28334493863104626,2.0430343095309547
2025-01-09 15:00:00,987334.8016399998,217851.0,769483.8016399998,买,SZ.300548,长芯博创,47.23,100,-12665.198360000155,-0.01266519836000013,,持仓不变,账户级撮合-100股整手/现金约束,4,4723.0,12.79933,0.02891719767400591,0.028701510321452788,0.9945101351351351,1.0,"mom20@q0.6,hold_q=0.4,buy_top=5,hold_top=10,rebalance=20d,min_hold=5d,turnover_penalty=0.01,target_vol=0.18",0.28334493863104626,2.0430343095309547
2025-01-09 15:00:00,987334.8016399998,217851.0,769483.8016399998,买,SH.600673,东阳光,12.65,100,-12665.198360000155,-0.01266519836000013,,持仓不变,账户级撮合-100股整手/现金约束,4,1265.0,3.4281499999999996,0.05624145372738361,0.055092760743010255,0.4245495495495495,3.0,"mom20@q0.6,hold_q=0.4,buy_top=5,hold_top=10,rebalance=20d,min_hold=5d,turnover_penalty=0.01,target_vol=0.18",0.28334493863104626,2.0430343095309547
2025-01-10 15:00:00,984603.4303999998,216367.0,768236.4303999998,买,SH.600673,东阳光,12.44,100,-15396.569600000163,-0.015396569600000132,,持仓不变,账户级撮合-100股整手/现金约束,4,1244.0,3.37124,0.05624145372738361,0.055591924941560726,0.39149888143176725,3.0,"mom20@q0.6,hold_q=0.4,buy_top=5,hold_top=10,rebalance=20d,min_hold=5d,turnover_penalty=0.01,target_vol=0.18",0.28334493863104626,2.0430343095309547
2025-01-13 15:00:00,983901.0647999998,225050.0,758851.0647999998,买,SZ.002916,深南电路,93.6,100,-16098.935200000182,-0.016098935200000164,,持仓不变,账户级撮合-100股整手/现金约束,4,9360.0,25.365599999999997,0.06743813000705294,0.06659206127937103,0.23940677966101687,6.0,"mom20@q0.6,hold_q=0.4,buy_top=5,hold_top=10,rebalance=20d,min_hold=5d,turnover_penalty=0.01,target_vol=0.18",0.28334493863104626,2.0430343095309547
2025-01-15 15:00:00,979781.6313199998,225531.0,754250.6313199998,买,SH.600673,东阳光,11.47,400,-20218.36868000019,-0.020218368680000154,,持仓不变,账户级撮合-100股整手/现金约束,4,4588.0,12.43348,0.05624145372738361,0.05619211285460253,0.2674033149171271,3.0,"mom20@q0.6,hold_q=0.4,buy_top=5,hold_top=10,rebalance=20d,min_hold=5d,turnover_penalty=0.01,target_vol=0.18",0.28334493863104626,2.0430343095309547
2025-01-16 15:00:00,977690.9337399998,221050.0,756640.9337399998,卖,SH.600673,东阳光,11.99,200,-22309.066260000225,-0.022309066260000177,超时卖/调仓卖,持仓不变,账户级撮合-卖出回款,4,2398.0,7.697579999999999,0.05624145372738361,0.05641251043314601,0.3609534619750283,2.0,"mom20@q0.6,hold_q=0.4,buy_top=5,hold_top=10,rebalance=20d,min_hold=5d,turnover_penalty=0.01,target_vol=0.18",0.28334493863104626,2.0430343095309547
2025-01-21 15:00:00,993258.1648699997,230789.0,762469.1648699997,卖,SZ.300548,长芯博创,58.47,100,-6741.835130000254,-0.006741835130000262,超时卖/调仓卖,持仓不变,账户级撮合-卖出回款,4,5847.0,18.76887,0.02891719767400591,0.029433435368564378,0.7136576787807738,1.0,"mom20@q0.6,hold_q=0.4,buy_top=5,hold_top=10,rebalance=20d,min_hold=5d,turnover_penalty=0.01,target_vol=0.18",0.28334493863104626,2.0430343095309547
2025-01-24 15:00:00,1000811.1491599998,237095.0,763716.1491599998,卖,SH.600673,东阳光,12.51,100,811.1491599997971,0.0008111491599998022,超时卖/调仓卖,持仓不变,账户级撮合-卖出回款,4,1251.0,4.0157099999999994,0.05624145372738361,0.056249373368042,0.11896243291592135,11.0,"mom20@q0.6,hold_q=0.4,buy_top=5,hold_top=10,rebalance=20d,min_hold=5d,turnover_penalty=0.01,target_vol=0.18",0.28334493863104626,2.0430343095309547
2025-01-27 15:00:00,988506.9134199998,225988.0,762518.9134199998,买,SH.600673,东阳光,11.94,100,-11493.086580000236,-0.011493086580000256,,持仓不变,账户级撮合-100股整手/现金约束,4,1194.0,3.23574,0.05624145372738361,0.05556258560698981,0.06702412868632712,19.0,"mom20@q0.6,hold_q=0.4,buy_top=5,hold_top=10,rebalance=20d,min_hold=5d,turnover_penalty=0.01,target_vol=0.18",0.28334493863104626,2.0430343095309547
2025-02-05 15:00:00,976187.3471699997,219058.0,757129.3471699997,买,SH.600673,东阳光,10.75,500,-23812.65283000027,-0.023812652830000225,,持仓不变,账户级撮合-100股整手/现金约束,4,5375.0,14.566249999999998,0.05624145372738361,0.05616237514134918,-0.086661002548853,85.0,"mom20@q0.6,hold_q=0.4,buy_top=5,hold_top=10,rebalance=20d,min_hold=5d,turnover_penalty=0.01,target_vol=0.18",0.28334493863104626,2.0430343095309547
2025-02-07 15:00:00,984664.9898499998,225251.0,759413.9898499998,卖,SH.600673,东阳光,11.46,200,-15335.01015000022,-0.015335010150000272,超时卖/调仓卖,持仓不变,账户级撮合-卖出回款,4,2292.0,7.35732,0.05624145372738361,0.05702853313445652,0.015057573073516517,78.0,"mom20@q0.6,hold_q=0.4,buy_top=5,hold_top=10,rebalance=20d,min_hold=5d,turnover_penalty=0.01,target_vol=0.18",0.28334493863104626,2.0430343095309547
2025-02-10 15:00:00,990909.9871699997,232607.0,758302.9871699997,买,SH.600673,东阳光,11.08,100,-9090.012830000254,-0.009090012830000216,,持仓不变,账户级撮合-100股整手/现金约束,4,1108.0,3.00268,0.05624145372738361,0.0559082063126846,0.018382352941176405,90.0,"mom20@q0.6,hold_q=0.4,buy_top=5,hold_top=10,rebalance=20d,min_hold=5d,turnover_penalty=0.01,target_vol=0.18",0.28334493863104626,2.0430343095309547
2025-02-13 15:00:00,990130.1949499998,223351.0,766779.1949499998,卖,SH.688256,寒武纪,427.18,100,-9869.8050500002,-0.009869805050000235,超时卖/调仓卖,调仓卖出-跌破持有阈值、跌出持有排名,账户级撮合-卖出回款,4,42718.0,137.12478,0.0,0.0,-0.12146265218821983,117.0,"mom20@q0.6,hold_q=0.4,buy_top=5,hold_top=10,rebalance=20d,min_hold=5d,turnover_penalty=0.01,target_vol=0.18",0.28334493863104626,2.0430343095309547
2025-02-13 15:00:00,990130.1949499998,223351.0,766779.1949499998,卖,SZ.300548,长芯博创,56.82,500,-9869.8050500002,-0.009869805050000235,超时卖/调仓卖,调仓卖出-跌出持有排名,账户级撮合-卖出回款,4,28410.0,91.19609999999999,0.0,0.0,0.13367916999201923,24.0,"mom20@q0.6,hold_q=0.4,buy_top=5,hold_top=10,rebalance=20d,min_hold=5d,turnover_penalty=0.01,target_vol=0.18",0.28334493863104626,2.0430343095309547
2025-02-13 15:00:00,990130.1949499998,223351.0,766779.1949499998,卖,SH.600673,东阳光,11.1,5000,-9869.8050500002,-0.009869805050000235,超时卖/调仓卖,调仓卖出-跌破持有阈值、跌出持有排名,账户级撮合-卖出回款,4,55500.0,178.15499999999997,0.0,0.0,-0.1428571428571428,119.0,"mom20@q0.6,hold_q=0.4,buy_top=5,hold_top=10,rebalance=20d,min_hold=5d,turnover_penalty=0.01,target_vol=0.18",0.28334493863104626,2.0430343095309547
2025-02-13 15:00:00,990130.1949499998,223351.0,766779.1949499998,卖,SZ.300442,润泽科技,56.08,600,-9869.8050500002,-0.009869805050000235,超时卖/调仓卖,调仓卖出-跌出持有排名,账户级撮合-卖出回款,4,33648.0,108.01007999999999,0.0,0.0,0.15485996705107086,16.0,"mom20@q0.6,hold_q=0.4,buy_top=5,hold_top=10,rebalance=20d,min_hold=5d,turnover_penalty=0.01,target_vol=0.18",0.28334493863104626,2.0430343095309547
2025-02-13 15:00:00,990130.1949499998,223351.0,766779.1949499998,卖,SZ.002916,深南电路,104.15,700,-9869.8050500002,-0.009869805050000235,超时卖/调仓卖,调仓卖出-跌出持有排名,账户级撮合-卖出回款,4,72905.0,234.02505,0.0,0.0,0.07393276964322548,45.0,"mom20@q0.6,hold_q=0.4,buy_top=5,hold_top=10,rebalance=20d,min_hold=5d,turnover_penalty=0.01,target_vol=0.18",0.28334493863104626,2.0430343095309547
2025-02-13 15:00:00,990130.1949499998,223351.0,766779.1949499998,买,SH.688048,长光华芯,62.55,500,-9869.8050500002,-0.009869805050000235,,调仓买入-新进前N、满足动量阈值,账户级撮合-100股整手/现金约束,4,31275.0,84.75524999999999,0.03239452181121625,0.031586755115148614,0.8151479976784677,1.0,"mom20@q0.6,hold_q=0.4,buy_top=5,hold_top=10,rebalance=20d,min_hold=5d,turnover_penalty=0.01,target_vol=0.18",0.28334493863104626,2.0430343095309547
2025-02-13 15:00:00,990130.1949499998,223351.0,766779.1949499998,买,SZ.002050,三花智控,32.03,1500,-9869.8050500002,-0.009869805050000235,,调仓买入-新进前N、满足动量阈值,账户级撮合-100股整手/现金约束,4,48045.0,130.20194999999998,0.04915470376701244,0.04852392164691655,0.4279982166740972,2.0,"mom20@q0.6,hold_q=0.4,buy_top=5,hold_top=10,rebalance=20d,min_hold=5d,turnover_penalty=0.01,target_vol=0.18",0.28334493863104626,2.0430343095309547
2025-02-13 15:00:00,990130.1949499998,223351.0,766779.1949499998,买,SZ.300433,蓝思科技,27.76,1300,-9869.8050500002,-0.009869805050000235,,调仓买入-新进前N、满足动量阈值,账户级撮合-100股整手/现金约束,4,36088.0,97.79847999999998,0.039067214888060975,0.036447732009447904,0.3168880455407972,3.0,"mom20@q0.6,hold_q=0.4,buy_top=5,hold_top=10,rebalance=20d,min_hold=5d,turnover_penalty=0.01,target_vol=0.18",0.28334493863104626,2.0430343095309547
2025-02-13 15:00:00,990130.1949499998,223351.0,766779.1949499998,买,SH.601869,长飞光纤,37.61,1100,-9869.8050500002,-0.009869805050000235,,调仓买入-新进前N、满足动量阈值,账户级撮合-100股整手/现金约束,4,41371.0,112.11540999999998,0.04507373919369466,0.04178339395263991,0.2893383613301337,4.0,"mom20@q0.6,hold_q=0.4,buy_top=5,hold_top=10,rebalance=20d,min_hold=5d,turnover_penalty=0.01,target_vol=0.18",0.28334493863104626,2.0430343095309547
2025-02-13 15:00:00,990130.1949499998,223351.0,766779.1949499998,买,SZ.000977,浪潮信息,60.52,1100,-9869.8050500002,-0.009869805050000235,,调仓买入-满足动量阈值,账户级撮合-100股整手/现金约束,4,66572.0,180.41011999999998,0.06802332499978574,0.06723560228699196,0.26531465607359417,7.0,"mom20@q0.6,hold_q=0.4,buy_top=5,hold_top=10,rebalance=20d,min_hold=5d,turnover_penalty=0.01,target_vol=0.18",0.28334493863104626,2.0430343095309547
2025-02-14 15:00:00,990816.7207699998,226803.0,764013.7207699998,买,SZ.300433,蓝思科技,27.58,100,-9183.279230000218,-0.009183279230000174,,持仓不变,账户级撮合-100股整手/现金约束,4,2758.0,7.47418,0.039067214888060975,0.03896987120886818,0.2744916820702401,7.0,"mom20@q0.6,hold_q=0.4,buy_top=5,hold_top=10,rebalance=20d,min_hold=5d,turnover_penalty=0.01,target_vol=0.18",0.28334493863104626,2.0430343095309547
2025-02-17 15:00:00,998615.6585399997,238325.0,760290.6585399997,买,SH.601869,长飞光纤,37.13,100,-1384.341460000258,-0.0013843414600002157,,持仓不变,账户级撮合-100股整手/现金约束,4,3713.0000000000005,10.06223,0.04507373919369466,0.04461776622363598,0.36407053637031606,4.0,"mom20@q0.6,hold_q=0.4,buy_top=5,hold_top=10,rebalance=20d,min_hold=5d,turnover_penalty=0.01,target_vol=0.18",0.28334493863104626,2.0430343095309547
2025-02-24 15:00:00,1007031.0256699998,242507.0,764524.0256699998,卖,SH.601869,长飞光纤,42.47,100,7031.02566999977,0.007031025669999691,超时卖/调仓卖,持仓不变,账户级撮合-卖出回款,4,4247.0,13.632869999999999,0.04507373919369466,0.04639082491914105,0.4256461899966433,4.0,"mom20@q0.6,hold_q=0.4,buy_top=5,hold_top=10,rebalance=20d,min_hold=5d,turnover_penalty=0.01,target_vol=0.18",0.28334493863104626,2.0430343095309547
2025-02-28 15:00:00,980404.0908899998,222516.0,757888.0908899998,买,SH.601869,长飞光纤,36.23,100,-19595.90911000024,-0.019595909110000198,,持仓不变,账户级撮合-100股整手/现金约束,4,3622.9999999999995,9.818329999999998,0.04507373919369466,0.04434498020151361,0.04741254697889552,48.0,"mom20@q0.6,hold_q=0.4,buy_top=5,hold_top=10,rebalance=20d,min_hold=5d,turnover_penalty=0.01,target_vol=0.18",0.28334493863104626,2.0430343095309547
2025-02-28 15:00:00,980404.0908899998,222516.0,757888.0908899998,买,SZ.002050,三花智控,29.95,100,-19595.90911000024,-0.019595909110000198,,持仓不变,账户级撮合-100股整手/现金约束,4,2995.0,8.116449999999999,0.04915470376701244,0.04887780502476154,0.018361101666099833,63.0,"mom20@q0.6,hold_q=0.4,buy_top=5,hold_top=10,rebalance=20d,min_hold=5d,turnover_penalty=0.01,target_vol=0.18",0.28334493863104626,2.0430343095309547
2025-03-13 15:00:00,976620.4070599998,218592.0,758028.4070599998,卖,SH.688048,长光华芯,61.99,500,-23379.592940000235,-0.02337959294000025,超时卖/调仓卖,调仓卖出-跌出持有排名,账户级撮合-卖出回款,4,30995.0,99.49395,0.0,0.0,-0.008952837729816032,65.0,"mom20@q0.6,hold_q=0.4,buy_top=5,hold_top=10,rebalance=20d,min_hold=5d,turnover_penalty=0.01,target_vol=0.18",0.28334493863104626,2.0430343095309547
2025-03-13 15:00:00,976620.4070599998,218592.0,758028.4070599998,卖,SZ.002050,三花智控,29.1,1600,-23379.592940000235,-0.02337959294000025,超时卖/调仓卖,调仓卖出-跌破持有阈值、跌出持有排名,账户级撮合-卖出回款,4,46560.0,149.45759999999999,0.0,0.0,-0.09147674055572896,114.0,"mom20@q0.6,hold_q=0.4,buy_top=5,hold_top=10,rebalance=20d,min_hold=5d,turnover_penalty=0.01,target_vol=0.18",0.28334493863104626,2.0430343095309547
2025-03-13 15:00:00,976620.4070599998,218592.0,758028.4070599998,卖,SZ.300433,蓝思科技,25.28,1400,-23379.592940000235,-0.02337959294000025,超时卖/调仓卖,调仓卖出-跌破持有阈值、跌出持有排名,账户级撮合-卖出回款,4,35392.0,113.60831999999999,0.0,0.0,-0.08933717579250722,113.0,"mom20@q0.6,hold_q=0.4,buy_top=5,hold_top=10,rebalance=20d,min_hold=5d,turnover_penalty=0.01,target_vol=0.18",0.28334493863104626,2.0430343095309547
2025-03-13 15:00:00,976620.4070599998,218592.0,758028.4070599998,卖,SH.601869,长飞光纤,36.4,1200,-23379.592940000235,-0.02337959294000025,超时卖/调仓卖,调仓卖出-跌出持有排名,账户级撮合-卖出回款,4,43680.0,140.2128,0.0,0.0,-0.032172294602499374,78.0,"mom20@q0.6,hold_q=0.4,buy_top=5,hold_top=10,rebalance=20d,min_hold=5d,turnover_penalty=0.01,target_vol=0.18",0.28334493863104626,2.0430343095309547
2025-03-13 15:00:00,976620.4070599998,218592.0,758028.4070599998,卖,SZ.000977,浪潮信息,57.64,1100,-23379.592940000235,-0.02337959294000025,超时卖/调仓卖,调仓卖出-跌破持有阈值、跌出持有排名,账户级撮合-卖出回款,4,63404.0,203.52684,0.0,0.0,-0.047587574355584916,90.0,"mom20@q0.6,hold_q=0.4,buy_top=5,hold_top=10,rebalance=20d,min_hold=5d,turnover_penalty=0.01,target_vol=0.18",0.28334493863104626,2.0430343095309547
2025-03-13 15:00:00,976620.4070599998,218592.0,758028.4070599998,买,SH.688521,芯原股份,84.8,300,-23379.592940000235,-0.02337959294000025,,调仓买入-新进前N、满足动量阈值,账户级撮合-100股整手/现金约束,4,25440.0,68.94239999999999,0.031481398797633675,0.026049015375978177,0.47967195951840846,1.0,"mom20@q0.6,hold_q=0.4,buy_top=5,hold_top=10,rebalance=20d,min_hold=5d,turnover_penalty=0.01,target_vol=0.18",0.28334493863104626,2.0430343095309547
2025-03-13 15:00:00,976620.4070599998,218592.0,758028.4070599998,买,SZ.300857,协创数据,64.9,500,-23379.592940000235,-0.02337959294000025,,调仓买入-新进前N、满足动量阈值,账户级撮合-100股整手/现金约束,4,32450.000000000004,87.9395,0.03975474078565383,0.03322682975434323,0.38645588549455256,2.0,"mom20@q0.6,hold_q=0.4,buy_top=5,hold_top=10,rebalance=20d,min_hold=5d,turnover_penalty=0.01,target_vol=0.18",0.28334493863104626,2.0430343095309547
2025-03-13 15:00:00,976620.4070599998,218592.0,758028.4070599998,买,SZ.300476,胜宏科技,69.45,800,-23379.592940000235,-0.02337959294000025,,调仓买入-新进前N、满足动量阈值,账户级撮合-100股整手/现金约束,4,55560.0,150.5676,0.057231502184180195,0.056890066599424034,0.35037915613455195,3.0,"mom20@q0.6,hold_q=0.4,buy_top=5,hold_top=10,rebalance=20d,min_hold=5d,turnover_penalty=0.01,target_vol=0.18",0.28334493863104626,2.0430343095309547
2025-03-13 15:00:00,976620.4070599998,218592.0,758028.4070599998,买,SZ.001309,德明利,99.23,400,-23379.592940000235,-0.02337959294000025,,调仓买入-新进前N、满足动量阈值,账户级撮合-100股整手/现金约束,4,39692.0,107.56531999999999,0.04407112170033565,0.04064219804651438,0.34951720386236906,4.0,"mom20@q0.6,hold_q=0.4,buy_top=5,hold_top=10,rebalance=20d,min_hold=5d,turnover_penalty=0.01,target_vol=0.18",0.28334493863104626,2.0430343095309547
2025-03-13 15:00:00,976620.4070599998,218592.0,758028.4070599998,买,SZ.300395,菲利华,46.75,1400,-23379.592940000235,-0.02337959294000025,,调仓买入-新进前N、满足动量阈值,账户级撮合-100股整手/现金约束,4,65450.0,177.3695,0.070634653122004,0.06701682611469229,0.3120965478529327,5.0,"mom20@q0.6,hold_q=0.4,buy_top=5,hold_top=10,rebalance=20d,min_hold=5d,turnover_penalty=0.01,target_vol=0.18",0.28334493863104626,2.0430343095309547
2025-03-14 15:00:00,987001.8624699998,233615.0,753386.8624699998,买,SZ.300395,菲利华,46.29,100,-12998.137530000182,-0.012998137530000231,,持仓不变,账户级撮合-100股整手/现金约束,4,4629.0,12.54459,0.070634653122004,0.07034941132353789,0.30984719864176546,6.0,"mom20@q0.6,hold_q=0.4,buy_top=5,hold_top=10,rebalance=20d,min_hold=5d,turnover_penalty=0.01,target_vol=0.18",0.28334493863104626,2.0430343095309547
2025-03-17 15:00:00,996339.0206199999,233996.0,762343.0206199999,卖,SZ.300476,胜宏科技,89.85,100,-3660.97938000015,-0.0036609793800000956,超时卖/调仓卖,持仓不变,账户级撮合-卖出回款,4,8985.0,28.841849999999997,0.057231502184180195,0.06312610336275078,0.6734959955298938,1.0,"mom20@q0.6,hold_q=0.4,buy_top=5,hold_top=10,rebalance=20d,min_hold=5d,turnover_penalty=0.01,target_vol=0.18",0.28334493863104626,2.0430343095309547
2025-03-20 15:00:00,988781.9557499998,232753.0,756028.9557499998,买,SZ.300857,协创数据,62.97,100,-11218.044250000152,-0.01121804425000017,,持仓不变,账户级撮合-100股整手/现金约束,4,6297.0,17.06487,0.03975474078565383,0.03821064874848168,0.14076086956521738,10.0,"mom20@q0.6,hold_q=0.4,buy_top=5,hold_top=10,rebalance=20d,min_hold=5d,turnover_penalty=0.01,target_vol=0.18",0.28334493863104626,2.0430343095309547
2025-03-24 15:00:00,986325.2078999998,234643.0,751682.2078999998,买,SZ.300395,菲利华,43.35,100,-13674.792100000195,-0.013674792100000221,,持仓不变,账户级撮合-100股整手/现金约束,4,4335.0,11.74785,0.070634653122004,0.07032163372127075,0.03782619104620544,25.0,"mom20@q0.6,hold_q=0.4,buy_top=5,hold_top=10,rebalance=20d,min_hold=5d,turnover_penalty=0.01,target_vol=0.18",0.28334493863104626,2.0430343095309547
2025-04-01 15:00:00,979901.2749799998,223582.0,756319.2749799998,卖,SZ.300395,菲利华,46.52,100,-20098.725020000245,-0.020098725020000208,超时卖/调仓卖,持仓不变,账户级撮合-卖出回款,4,4652.0,14.93292,0.070634653122004,0.07121125544144663,0.06526219372566988,16.0,"mom20@q0.6,hold_q=0.4,buy_top=5,hold_top=10,rebalance=20d,min_hold=5d,turnover_penalty=0.01,target_vol=0.18",0.28334493863104626,2.0430343095309547
2025-04-07 15:00:00,954223.4653199997,221514.0,732709.4653199997,买,SZ.300476,胜宏科技,61.01,100,-45776.53468000027,-0.045776534680000314,,持仓不变,账户级撮合-100股整手/现金约束,4,6101.0,16.53371,0.057231502184180195,0.051149444311382755,0.06549074397485155,2.0,"mom20@q0.6,hold_q=0.4,buy_top=5,hold_top=10,rebalance=20d,min_hold=5d,turnover_penalty=0.01,target_vol=0.18",0.28334493863104626,2.0430343095309547
2025-04-07 15:00:00,954223.4653199997,221514.0,732709.4653199997,买,SZ.300857,协创数据,46.82,200,-45776.53468000027,-0.045776534680000314,,持仓不变,账户级撮合-100股整手/现金约束,4,9364.0,25.37644,0.03975474078565383,0.03925285990262155,-0.2546959567016873,103.0,"mom20@q0.6,hold_q=0.4,buy_top=5,hold_top=10,rebalance=20d,min_hold=5d,turnover_penalty=0.01,target_vol=0.18",0.28334493863104626,2.0430343095309547
2025-04-07 15:00:00,954223.4653199997,221514.0,732709.4653199997,买,SZ.001309,德明利,80.81,100,-45776.53468000027,-0.045776534680000314,,持仓不变,账户级撮合-100股整手/现金约束,4,8081.0,21.89951,0.04407112170033565,0.04234333095806876,-0.26442745312215543,107.0,"mom20@q0.6,hold_q=0.4,buy_top=5,hold_top=10,rebalance=20d,min_hold=5d,turnover_penalty=0.01,target_vol=0.18",0.28334493863104626,2.0430343095309547
2025-04-08 15:00:00,947012.4952899998,220212.0,726800.4952899998,买,SZ.300476,胜宏科技,58.93,100,-52987.50471000024,-0.052987504710000244,,持仓不变,账户级撮合-100股整手/现金约束,4,5893.0,15.970029999999998,0.057231502184180195,0.05600454087330568,-0.055154721821388475,27.0,"mom20@q0.6,hold_q=0.4,buy_top=5,hold_top=10,rebalance=20d,min_hold=5d,turnover_penalty=0.01,target_vol=0.18",0.28334493863104626,2.0430343095309547
2025-04-09 15:00:00,958839.9332099998,227207.0,731632.9332099998,卖,SZ.300395,菲利华,48.48,100,-41160.066790000186,-0.04116006679000017,超时卖/调仓卖,持仓不变,账户级撮合-卖出回款,4,4848.0,15.562079999999998,0.070634653122004,0.07078553744917407,0.023432552248258354,9.0,"mom20@q0.6,hold_q=0.4,buy_top=5,hold_top=10,rebalance=20d,min_hold=5d,turnover_penalty=0.01,target_vol=0.18",0.28334493863104626,2.0430343095309547
2025-04-11 15:00:00,974006.02086,560368.0,413638.02086,卖,SH.688521,芯原股份,96.72,300,-25993.979139999952,-0.0259939791399999,超时卖/调仓卖,调仓卖出-调仓移出持仓,账户级撮合-卖出回款,4,29016.0,93.14135999999999,0.0,0.0,0.14056603773584908,1.0,"mom20@q0.6,hold_q=0.4,buy_top=5,hold_top=10,rebalance=20d,min_hold=5d,turnover_penalty=0.01,target_vol=0.18",0.28334493863104626,2.0430343095309547
2025-04-11 15:00:00,974006.02086,560368.0,413638.02086,卖,SZ.300857,协创数据,52.46,800,-25993.979139999952,-0.0259939791399999,超时卖/调仓卖,调仓卖出-跌破持有阈值、跌出持有排名,账户级撮合-卖出回款,4,41968.0,134.71728,0.0,0.0,-0.19167950693374425,101.0,"mom20@q0.6,hold_q=0.4,buy_top=5,hold_top=10,rebalance=20d,min_hold=5d,turnover_penalty=0.01,target_vol=0.18",0.28334493863104626,2.0430343095309547
2025-04-11 15:00:00,974006.02086,560368.0,413638.02086,卖,SZ.300476,胜宏科技,68.98,900,-25993.979139999952,-0.0259939791399999,超时卖/调仓卖,调仓卖出-跌出持有排名,账户级撮合-卖出回款,4,62082.0,199.28321999999997,0.0,0.0,-0.006767458603311738,23.0,"mom20@q0.6,hold_q=0.4,buy_top=5,hold_top=10,rebalance=20d,min_hold=5d,turnover_penalty=0.01,target_vol=0.18",0.28334493863104626,2.0430343095309547
2025-04-11 15:00:00,974006.02086,560368.0,413638.02086,卖,SZ.001309,德明利,87.01,500,-25993.979139999952,-0.0259939791399999,超时卖/调仓卖,调仓卖出-跌破持有阈值、跌出持有排名,账户级撮合-卖出回款,4,43505.0,139.65105,0.0,0.0,-0.12314824145923609,70.0,"mom20@q0.6,hold_q=0.4,buy_top=5,hold_top=10,rebalance=20d,min_hold=5d,turnover_penalty=0.01,target_vol=0.18",0.28334493863104626,2.0430343095309547
2025-04-11 15:00:00,974006.02086,560368.0,413638.02086,买,SZ.002714,牧原股份,39.03,2600,-25993.979139999952,-0.0259939791399999,,调仓买入-新进前N、满足动量阈值,账户级撮合-100股整手/现金约束,4,101478.0,275.00537999999995,0.1068598468283813,0.10418621428068776,0.08026570716855796,2.0,"mom20@q0.6,hold_q=0.4,buy_top=5,hold_top=10,rebalance=20d,min_hold=5d,turnover_penalty=0.01,target_vol=0.18",0.28334493863104626,2.0430343095309547
2025-04-11 15:00:00,974006.02086,560368.0,413638.02086,买,SH.600276,恒瑞医药,47.98,1800,-25993.979139999952,-0.0259939791399999,,调仓买入-新进前N、满足动量阈值,账户级撮合-100股整手/现金约束,4,86364.0,234.04644,0.0908259917719311,0.08866885640372611,0.07506161774591069,3.0,"mom20@q0.6,hold_q=0.4,buy_top=5,hold_top=10,rebalance=20d,min_hold=5d,turnover_penalty=0.01,target_vol=0.18",0.28334493863104626,2.0430343095309547
2025-04-11 15:00:00,974006.02086,560368.0,413638.02086,买,SH.600900,长江电力,28.26,6800,-25993.979139999952,-0.0259939791399999,,调仓买入-新进前N、满足动量阈值,账户级撮合-100股整手/现金约束,4,192168.0,520.77528,0.2,0.19729652166864942,0.07411630558722937,4.0,"mom20@q0.6,hold_q=0.4,buy_top=5,hold_top=10,rebalance=20d,min_hold=5d,turnover_penalty=0.01,target_vol=0.18",0.28334493863104626,2.0430343095309547
2025-04-11 15:00:00,974006.02086,560368.0,413638.02086,买,SZ.300395,菲利华,48.36,100,-25993.979139999952,-0.0259939791399999,,调仓买入-权重上调,账户级撮合-100股整手/现金约束,4,4836.0,13.105559999999999,0.0779161410046054,0.07447592565798587,0.03443850267379678,8.0,"mom20@q0.6,hold_q=0.4,buy_top=5,hold_top=10,rebalance=20d,min_hold=5d,turnover_penalty=0.01,target_vol=0.18",0.28334493863104626,2.0430343095309547
2025-04-11 15:00:00,974006.02086,560368.0,413638.02086,买,SH.601088,中国神华,34.78,3100,-25993.979139999952,-0.0259939791399999,,调仓买入-满足动量阈值,账户级撮合-100股整手/现金约束,4,107818.0,292.18678,0.1141674597120894,0.11069541428994652,0.023543260741612837,9.0,"mom20@q0.6,hold_q=0.4,buy_top=5,hold_top=10,rebalance=20d,min_hold=5d,turnover_penalty=0.01,target_vol=0.18",0.28334493863104626,2.0430343095309547
2025-04-14 15:00:00,975109.37595,564300.0,410809.37595,买,SH.600900,长江电力,28.21,100,-24890.624049999984,-0.024890624049999976,,持仓不变,账户级撮合-100股整手/现金约束,4,2821.0,7.644909999999999,0.2,0.19961760680473745,0.06412674462466983,2.0,"mom20@q0.6,hold_q=0.4,buy_top=5,hold_top=10,rebalance=20d,min_hold=5d,turnover_penalty=0.01,target_vol=0.18",0.28334493863104626,2.0430343095309547
2025-04-15 15:00:00,971371.96957,565153.0,406218.96957,买,SZ.300395,菲利华,45.78,100,-28628.030430000043,-0.028628030430000062,,持仓不变,账户级撮合-100股整手/现金约束,4,4578.0,12.406379999999999,0.0779161410046054,0.07540674663736169,0.021646953804954183,12.0,"mom20@q0.6,hold_q=0.4,buy_top=5,hold_top=10,rebalance=20d,min_hold=5d,turnover_penalty=0.01,target_vol=0.18",0.28334493863104626,2.0430343095309547
2025-04-18 15:00:00,977066.5442,574705.0,402361.5442,买,SZ.002714,牧原股份,38.47,100,-22933.455799999996,-0.022933455799999947,,持仓不变,账户级撮合-100股整手/现金约束,4,3847.0,10.42537,0.1068598468283813,0.10630698657791582,0.05803080308030806,4.0,"mom20@q0.6,hold_q=0.4,buy_top=5,hold_top=10,rebalance=20d,min_hold=5d,turnover_penalty=0.01,target_vol=0.18",0.28334493863104626,2.0430343095309547
2025-04-28 15:00:00,976655.88586,574911.0,401744.88586,卖,SH.600900,长江电力,28.78,100,-23344.11413999996,-0.023344114139999927,超时卖/调仓卖,持仓不变,账户级撮合-卖出回款,4,2878.0,9.23838,0.2,0.20038173407174187,0.06949089557785215,8.0,"mom20@q0.6,hold_q=0.4,buy_top=5,hold_top=10,rebalance=20d,min_hold=5d,turnover_penalty=0.01,target_vol=0.18",0.28334493863104626,2.0430343095309547
2025-04-28 15:00:00,976655.88586,574911.0,401744.88586,买,SH.601088,中国神华,34.76,100,-23344.11413999996,-0.023344114139999927,,持仓不变,账户级撮合-100股整手/现金约束,4,3476.0,9.41996,0.1141674597120894,0.11389067696249433,0.00491471523561704,23.0,"mom20@q0.6,hold_q=0.4,buy_top=5,hold_top=10,rebalance=20d,min_hold=5d,turnover_penalty=0.01,target_vol=0.18",0.28334493863104626,2.0430343095309547
2025-05-06 15:00:00,977139.23282,578226.0,398913.23282,买,SH.600900,长江电力,28.24,100,-22860.767179999966,-0.022860767179999963,,持仓不变,账户级撮合-100股整手/现金约束,4,2824.0,7.653039999999999,0.2,0.19941477473752675,0.05020453700260319,15.0,"mom20@q0.6,hold_q=0.4,buy_top=5,hold_top=10,rebalance=20d,min_hold=5d,turnover_penalty=0.01,target_vol=0.18",0.28334493863104626,2.0430343095309547
2025-05-13 15:00:00,977693.98802,575910.0,401783.98802,卖,SH.600900,长江电力,28.8,100,-22306.011979999952,-0.02230601197999993,超时卖/调仓卖,持仓不变,账户级撮合-卖出回款,4,2880.0,9.2448,0.2,0.2003080743051412,0.020191285866099973,90.0,"mom20@q0.6,hold_q=0.4,buy_top=5,hold_top=10,rebalance=20d,min_hold=5d,turnover_penalty=0.01,target_vol=0.18",0.28334493863104626,2.0430343095309547
2025-05-14 15:00:00,983696.5230899998,243684.0,740012.5230899998,卖,SZ.300395,菲利华,46.05,1600,-16303.476910000201,-0.016303476910000225,超时卖/调仓卖,调仓卖出-跌破持有阈值、跌出持有排名,账户级撮合-卖出回款,4,73680.0,236.51279999999997,0.0,0.0,-0.04776674937965264,113.0,"mom20@q0.6,hold_q=0.4,buy_top=5,hold_top=10,rebalance=20d,min_hold=5d,turnover_penalty=0.01,target_vol=0.18",0.28334493863104626,2.0430343095309547
2025-05-14 15:00:00,983696.5230899998,243684.0,740012.5230899998,卖,SZ.002714,牧原股份,38.07,2700,-16303.476910000201,-0.016303476910000225,超时卖/调仓卖,调仓卖出-跌出持有排名,账户级撮合-卖出回款,4,102789.0,329.95268999999996,0.0,0.0,-0.024596464258262896,109.0,"mom20@q0.6,hold_q=0.4,buy_top=5,hold_top=10,rebalance=20d,min_hold=5d,turnover_penalty=0.01,target_vol=0.18",0.28334493863104626,2.0430343095309547
2025-05-14 15:00:00,983696.5230899998,243684.0,740012.5230899998,卖,SH.600276,恒瑞医药,52.5,1800,-16303.476910000201,-0.016303476910000225,超时卖/调仓卖,调仓卖出-跌出持有排名,账户级撮合-卖出回款,4,94500.0,303.34499999999997,0.0,0.0,0.09420591913297205,42.0,"mom20@q0.6,hold_q=0.4,buy_top=5,hold_top=10,rebalance=20d,min_hold=5d,turnover_penalty=0.01,target_vol=0.18",0.28334493863104626,2.0430343095309547
2025-05-14 15:00:00,983696.5230899998,243684.0,740012.5230899998,卖,SH.600900,长江电力,29.14,6800,-16303.476910000201,-0.016303476910000225,超时卖/调仓卖,调仓卖出-跌出持有排名,账户级撮合-卖出回款,4,198152.0,636.06792,0.0,0.0,0.03113941967445144,82.0,"mom20@q0.6,hold_q=0.4,buy_top=5,hold_top=10,rebalance=20d,min_hold=5d,turnover_penalty=0.01,target_vol=0.18",0.28334493863104626,2.0430343095309547
2025-05-14 15:00:00,983696.5230899998,243684.0,740012.5230899998,卖,SH.601088,中国神华,36.04,3200,-16303.476910000201,-0.016303476910000225,超时卖/调仓卖,调仓卖出-跌出持有排名,账户级撮合-卖出回款,4,115328.0,370.20288,0.0,0.0,0.03622771707878081,79.0,"mom20@q0.6,hold_q=0.4,buy_top=5,hold_top=10,rebalance=20d,min_hold=5d,turnover_penalty=0.01,target_vol=0.18",0.28334493863104626,2.0430343095309547
2025-05-14 15:00:00,983696.5230899998,243684.0,740012.5230899998,买,SH.688313,仕佳光子,29.63,1100,-16303.476910000201,-0.016303476910000225,,调仓买入-新进前N、满足动量阈值,账户级撮合-100股整手/现金约束,4,32593.0,88.32703,0.03322181322768325,0.03313318613510848,0.9227774172615184,1.0,"mom20@q0.6,hold_q=0.4,buy_top=5,hold_top=10,rebalance=20d,min_hold=5d,turnover_penalty=0.01,target_vol=0.18",0.28334493863104626,2.0430343095309547
2025-05-14 15:00:00,983696.5230899998,243684.0,740012.5230899998,买,SZ.300548,长芯博创,52.03,800,-16303.476910000201,-0.016303476910000225,,调仓买入-新进前N、满足动量阈值,账户级撮合-100股整手/现金约束,4,41624.0,112.80103999999999,0.044813457725062934,0.04231386308985842,0.5891875381795968,2.0,"mom20@q0.6,hold_q=0.4,buy_top=5,hold_top=10,rebalance=20d,min_hold=5d,turnover_penalty=0.01,target_vol=0.18",0.28334493863104626,2.0430343095309547
2025-05-14 15:00:00,983696.5230899998,243684.0,740012.5230899998,买,SZ.300502,新易盛,84.57,500,-16303.476910000201,-0.016303476910000225,,调仓买入-新进前N、满足动量阈值,账户级撮合-100股整手/现金约束,4,42285.0,114.59234999999998,0.048187020624529286,0.04298581829604707,0.5317877196160115,3.0,"mom20@q0.6,hold_q=0.4,buy_top=5,hold_top=10,rebalance=20d,min_hold=5d,turnover_penalty=0.01,target_vol=0.18",0.28334493863104626,2.0430343095309547
2025-05-14 15:00:00,983696.5230899998,243684.0,740012.5230899998,买,SH.600105,永鼎股份,7.22,7800,-16303.476910000201,-0.016303476910000225,,调仓买入-新进前N、满足动量阈值,账户级撮合-100股整手/现金约束,4,56316.0,152.61636,0.05763784735518286,0.05724936367885034,0.37523809523809515,4.0,"mom20@q0.6,hold_q=0.4,buy_top=5,hold_top=10,rebalance=20d,min_hold=5d,turnover_penalty=0.01,target_vol=0.18",0.28334493863104626,2.0430343095309547
2025-05-14 15:00:00,983696.5230899998,243684.0,740012.5230899998,买,SH.603083,剑桥科技,39.37,1800,-16303.476910000201,-0.016303476910000225,,调仓买入-满足动量阈值,账户级撮合-100股整手/现金约束,4,70866.0,192.04685999999998,0.07371236468765878,0.07204051080448555,0.26307346807828025,7.0,"mom20@q0.6,hold_q=0.4,buy_top=5,hold_top=10,rebalance=20d,min_hold=5d,turnover_penalty=0.01,target_vol=0.18",0.28334493863104626,2.0430343095309547
2025-05-15 15:00:00,979385.5989899999,240085.0,739300.5989899999,买,SH.600105,永鼎股份,7.1,100,-20614.401010000147,-0.020614401010000116,,持仓不变,账户级撮合-100股整手/现金约束,4,710.0,1.9241,0.05763784735518286,0.05727059909584469,0.2678571428571428,5.0,"mom20@q0.6,hold_q=0.4,buy_top=5,hold_top=10,rebalance=20d,min_hold=5d,turnover_penalty=0.01,target_vol=0.18",0.28334493863104626,2.0430343095309547
2025-05-16 15:00:00,988509.7378699998,246147.0,742362.7378699998,卖,SH.600105,永鼎股份,7.68,400,-11490.262130000163,-0.01149026213000015,超时卖/调仓卖,持仓不变,账户级撮合-卖出回款,4,3072.0,9.86112,0.05763784735518286,0.05826953219916084,0.42486085343228197,4.0,"mom20@q0.6,hold_q=0.4,buy_top=5,hold_top=10,rebalance=20d,min_hold=5d,turnover_penalty=0.01,target_vol=0.18",0.28334493863104626,2.0430343095309547
2025-05-19 15:00:00,984198.2725899998,241070.0,743128.2725899998,卖,SH.600105,永鼎股份,7.68,100,-15801.727410000167,-0.015801727410000188,超时卖/调仓卖,持仓不变,账户级撮合-卖出回款,4,768.0,2.46528,0.05763784735518286,0.057744462251942234,0.47126436781609193,4.0,"mom20@q0.6,hold_q=0.4,buy_top=5,hold_top=10,rebalance=20d,min_hold=5d,turnover_penalty=0.01,target_vol=0.18",0.28334493863104626,2.0430343095309547
2025-05-20 15:00:00,980970.2483299999,242661.0,738309.2483299999,买,SZ.300548,长芯博创,48.06,100,-19029.751670000143,-0.019029751670000095,,持仓不变,账户级撮合-100股整手/现金约束,4,4806.0,13.024259999999998,0.044813457725062934,0.0440930803698027,0.49812967581047407,3.0,"mom20@q0.6,hold_q=0.4,buy_top=5,hold_top=10,rebalance=20d,min_hold=5d,turnover_penalty=0.01,target_vol=0.18",0.28334493863104626,2.0430343095309547
2025-05-21 15:00:00,976883.0397999999,243831.0,733052.0397999999,买,SH.600105,永鼎股份,7.33,200,-23116.96020000009,-0.023116960200000092,,持仓不变,账户级撮合-100股整手/现金约束,4,1466.0,3.9728599999999994,0.05763784735518286,0.05702627410893044,0.3599257884972171,4.0,"mom20@q0.6,hold_q=0.4,buy_top=5,hold_top=10,rebalance=20d,min_hold=5d,turnover_penalty=0.01,target_vol=0.18",0.28334493863104626,2.0430343095309547
2025-05-21 15:00:00,976883.0397999999,243831.0,733052.0397999999,买,SH.603083,剑桥科技,37.77,100,-23116.96020000009,-0.023116960200000092,,持仓不变,账户级撮合-100股整手/现金约束,4,3777.0000000000005,10.23567,0.07371236468765878,0.0734611996280458,0.20095389507154215,14.0,"mom20@q0.6,hold_q=0.4,buy_top=5,hold_top=10,rebalance=20d,min_hold=5d,turnover_penalty=0.01,target_vol=0.18",0.28334493863104626,2.0430343095309547
2025-05-22 15:00:00,976001.0615,243681.0,732320.0615,买,SH.600105,永鼎股份,7.3,100,-23998.938500000047,-0.02399893850000001,,持仓不变,账户级撮合-100股整手/现金约束,4,730.0,1.9782999999999997,0.05763784735518286,0.05759215047738962,0.32727272727272716,4.0,"mom20@q0.6,hold_q=0.4,buy_top=5,hold_top=10,rebalance=20d,min_hold=5d,turnover_penalty=0.01,target_vol=0.18",0.28334493863104626,2.0430343095309547
2025-05-23 15:00:00,973141.2336599999,239322.0,733819.2336599999,卖,SH.600105,永鼎股份,7.52,200,-26858.76634000009,-0.026858766340000062,超时卖/调仓卖,持仓不变,账户级撮合-卖出回款,4,1504.0,4.827839999999999,0.05763784735518286,0.05795664395791625,0.24092409240924084,4.0,"mom20@q0.6,hold_q=0.4,buy_top=5,hold_top=10,rebalance=20d,min_hold=5d,turnover_penalty=0.01,target_vol=0.18",0.28334493863104626,2.0430343095309547
2025-05-26 15:00:00,980042.28638,241271.0,738771.28638,卖,SH.600105,永鼎股份,8.28,600,-19957.713620000053,-0.019957713620000095,超时卖/调仓卖,持仓不变,账户级撮合-卖出回款,4,4968.0,15.94728,0.05763784735518286,0.05829544377215549,0.32692307692307687,2.0,"mom20@q0.6,hold_q=0.4,buy_top=5,hold_top=10,rebalance=20d,min_hold=5d,turnover_penalty=0.01,target_vol=0.18",0.28334493863104626,2.0430343095309547
2025-05-27 15:00:00,973672.8176399999,238405.0,735267.8176399999,买,SH.603083,剑桥科技,34.94,100,-26327.182360000093,-0.02632718236000009,,持仓不变,账户级撮合-100股整手/现金约束,4,3494.0,9.468739999999999,0.07371236468765878,0.0717694884092338,0.0925578486554095,16.0,"mom20@q0.6,hold_q=0.4,buy_top=5,hold_top=10,rebalance=20d,min_hold=5d,turnover_penalty=0.01,target_vol=0.18",0.28334493863104626,2.0430343095309547
2025-05-28 15:00:00,988094.3913899999,250210.0,737884.3913899999,卖,SH.600105,永鼎股份,8.75,300,-11905.608610000112,-0.011905608610000118,超时卖/调仓卖,持仓不变,账户级撮合-卖出回款,4,2625.0,8.42625,0.05763784735518286,0.058445833215144856,0.3999999999999999,1.0,"mom20@q0.6,hold_q=0.4,buy_top=5,hold_top=10,rebalance=20d,min_hold=5d,turnover_penalty=0.01,target_vol=0.18",0.28334493863104626,2.0430343095309547
2025-05-30 15:00:00,982046.7410499998,246623.0,735423.7410499998,买,SH.600105,永鼎股份,8.18,300,-17953.258950000163,-0.017953258950000217,,持仓不变,账户级撮合-100股整手/现金约束,4,2454.0,6.650339999999999,0.05763784735518286,0.057473842782322634,0.3193548387096774,2.0,"mom20@q0.6,hold_q=0.4,buy_top=5,hold_top=10,rebalance=20d,min_hold=5d,turnover_penalty=0.01,target_vol=0.18",0.28334493863104626,2.0430343095309547
2025-06-05 15:00:00,1007342.8490899998,265314.0,742028.8490899998,卖,SH.603083,剑桥科技,41.28,200,7342.8490899998,0.0073428490899998256,超时卖/调仓卖,持仓不变,账户级撮合-卖出回款,4,8256.0,26.501759999999997,0.07371236468765878,0.07376237401905794,0.21197886083382267,7.0,"mom20@q0.6,hold_q=0.4,buy_top=5,hold_top=10,rebalance=20d,min_hold=5d,turnover_penalty=0.01,target_vol=0.18",0.28334493863104626,2.0430343095309547
2025-06-05 15:00:00,1007342.8490899998,265314.0,742028.8490899998,买,SH.600105,永鼎股份,8.1,200,7342.8490899998,0.0073428490899998256,,持仓不变,账户级撮合-100股整手/现金约束,4,1620.0,4.390199999999999,0.05763784735518286,0.05709079093771562,0.13128491620111715,16.0,"mom20@q0.6,hold_q=0.4,buy_top=5,hold_top=10,rebalance=20d,min_hold=5d,turnover_penalty=0.01,target_vol=0.18",0.28334493863104626,2.0430343095309547
2025-06-06 15:00:00,1017842.0650799997,268672.0,749170.0650799997,卖,SH.688313,仕佳光子,35.19,100,17842.06507999974,0.017842065079999747,超时卖/调仓卖,持仓不变,账户级撮合-卖出回款,4,3519.0,11.29599,0.03322181322768325,0.03457314371973235,0.21680497925311193,6.0,"mom20@q0.6,hold_q=0.4,buy_top=5,hold_top=10,rebalance=20d,min_hold=5d,turnover_penalty=0.01,target_vol=0.18",0.28334493863104626,2.0430343095309547
2025-06-06 15:00:00,1017842.0650799997,268672.0,749170.0650799997,卖,SH.603083,剑桥科技,44.56,100,17842.06507999974,0.017842065079999747,超时卖/调仓卖,持仓不变,账户级撮合-卖出回款,4,4456.0,14.303759999999999,0.07371236468765878,0.0744241200073079,0.187633262260128,8.0,"mom20@q0.6,hold_q=0.4,buy_top=5,hold_top=10,rebalance=20d,min_hold=5d,turnover_penalty=0.01,target_vol=0.18",0.28334493863104626,2.0430343095309547
2025-06-06 15:00:00,1017842.0650799997,268672.0,749170.0650799997,买,SH.600105,永鼎股份,8.06,100,17842.06507999974,0.017842065079999747,,持仓不变,账户级撮合-100股整手/现金约束,4,806.0,2.1842599999999996,0.05763784735518286,0.05701473931069928,0.10259917920656658,17.0,"mom20@q0.6,hold_q=0.4,buy_top=5,hold_top=10,rebalance=20d,min_hold=5d,turnover_penalty=0.01,target_vol=0.18",0.28334493863104626,2.0430343095309547
2025-06-09 15:00:00,1019484.8506899998,267764.0,751720.8506899998,卖,SH.600105,永鼎股份,8.53,300,19484.85068999976,0.019484850689999833,超时卖/调仓卖,持仓不变,账户级撮合-卖出回款,4,2559.0,8.21439,0.05763784735518286,0.05773209867725338,0.21857142857142842,6.0,"mom20@q0.6,hold_q=0.4,buy_top=5,hold_top=10,rebalance=20d,min_hold=5d,turnover_penalty=0.01,target_vol=0.18",0.28334493863104626,2.0430343095309547
2025-06-10 15:00:00,1016033.5905499997,265149.0,750884.5905499997,买,SH.600105,永鼎股份,8.34,100,16033.590549999732,0.016033590549999754,,持仓不变,账户级撮合-100股整手/现金约束,4,834.0,2.26014,0.05763784735518286,0.057458730245717286,0.16317991631799167,8.0,"mom20@q0.6,hold_q=0.4,buy_top=5,hold_top=10,rebalance=20d,min_hold=5d,turnover_penalty=0.01,target_vol=0.18",0.28334493863104626,2.0430343095309547
2025-06-12 15:00:00,1021436.9825199997,271098.0,750338.9825199997,卖,SZ.300548,长芯博创,56.16,900,21436.98251999973,0.021436982519999814,超时卖/调仓卖,调仓卖出-跌出持有排名,账户级撮合-卖出回款,4,50544.0,162.24624,0.0,0.0,0.07937728233711305,20.0,"mom20@q0.6,hold_q=0.4,buy_top=5,hold_top=10,rebalance=20d,min_hold=5d,turnover_penalty=0.01,target_vol=0.18",0.28334493863104626,2.0430343095309547
2025-06-12 15:00:00,1021436.9825199997,271098.0,750338.9825199997,卖,SH.600105,永鼎股份,8.54,200,21436.98251999973,0.021436982519999814,超时卖/调仓卖,调仓卖出-权重下调,账户级撮合-卖出回款,4,1707.9999999999998,5.482679999999998,0.05641075537245165,0.056853238128043736,0.18282548476454297,7.0,"mom20@q0.6,hold_q=0.4,buy_top=5,hold_top=10,rebalance=20d,min_hold=5d,turnover_penalty=0.01,target_vol=0.18",0.28334493863104626,2.0430343095309547
2025-06-12 15:00:00,1021436.9825199997,271098.0,750338.9825199997,卖,SH.603083,剑桥科技,44.5,1700,21436.98251999973,0.021436982519999814,超时卖/调仓卖,调仓卖出-跌出持有排名,账户级撮合-卖出回款,4,75650.0,242.83649999999997,0.0,0.0,0.13030226060452121,11.0,"mom20@q0.6,hold_q=0.4,buy_top=5,hold_top=10,rebalance=20d,min_hold=5d,turnover_penalty=0.01,target_vol=0.18",0.28334493863104626,2.0430343095309547
2025-06-12 15:00:00,1021436.9825199997,271098.0,750338.9825199997,买,SH.688183,生益电子,41.47,1000,21436.98251999973,0.021436982519999814,,调仓买入-新进前N、满足动量阈值,账户级撮合-100股整手/现金约束,4,41470.0,112.38369999999999,0.04098947165712841,0.040599665676573464,0.33301189328190284,2.0,"mom20@q0.6,hold_q=0.4,buy_top=5,hold_top=10,rebalance=20d,min_hold=5d,turnover_penalty=0.01,target_vol=0.18",0.28334493863104626,2.0430343095309547
2025-06-12 15:00:00,1021436.9825199997,271098.0,750338.9825199997,买,SZ.300476,胜宏科技,104.02,400,21436.98251999973,0.021436982519999814,,调仓买入-新进前N、满足动量阈值,账户级撮合-100股整手/现金约束,4,41608.0,112.75768,0.049680729118474085,0.04073476945914802,0.31670886075949367,3.0,"mom20@q0.6,hold_q=0.4,buy_top=5,hold_top=10,rebalance=20d,min_hold=5d,turnover_penalty=0.01,target_vol=0.18",0.28334493863104626,2.0430343095309547
2025-06-12 15:00:00,1021436.9825199997,271098.0,750338.9825199997,买,SZ.300502,新易盛,100.81,200,21436.98251999973,0.021436982519999814,,调仓买入-权重上调,账户级撮合-100股整手/现金约束,4,20162.0,54.639019999999995,0.07864524535449821,0.06908600452854496,0.19203027078160106,6.0,"mom20@q0.6,hold_q=0.4,buy_top=5,hold_top=10,rebalance=20d,min_hold=5d,turnover_penalty=0.01,target_vol=0.18",0.28334493863104626,2.0430343095309547
2025-06-12 15:00:00,1021436.9825199997,271098.0,750338.9825199997,买,SH.688313,仕佳光子,34.93,700,21436.98251999973,0.021436982519999814,,调仓买入-权重上调,账户级撮合-100股整手/现金约束,4,24451.0,66.26221,0.05827610200495284,0.05813476603666768,0.17887276409044883,9.0,"mom20@q0.6,hold_q=0.4,buy_top=5,hold_top=10,rebalance=20d,min_hold=5d,turnover_penalty=0.01,target_vol=0.18",0.28334493863104626,2.0430343095309547
2025-06-13 15:00:00,1022517.6169599997,283044.0,739473.6169599997,买,SZ.300502,新易盛,100.05,100,22517.616959999665,0.022517616959999653,,持仓不变,账户级撮合-100股整手/现金约束,4,10005.0,27.113549999999996,0.07864524535449821,0.07827737994183735,0.21331554693184573,6.0,"mom20@q0.6,hold_q=0.4,buy_top=5,hold_top=10,rebalance=20d,min_hold=5d,turnover_penalty=0.01,target_vol=0.18",0.28334493863104626,2.0430343095309547
2025-06-13 15:00:00,1022517.6169599997,283044.0,739473.6169599997,买,SH.600105,永鼎股份,8.31,100,22517.616959999665,0.022517616959999653,,持仓不变,账户级撮合-100股整手/现金约束,4,831.0,2.25201,0.05641075537245165,0.05607629545833348,0.17042253521126782,10.0,"mom20@q0.6,hold_q=0.4,buy_top=5,hold_top=10,rebalance=20d,min_hold=5d,turnover_penalty=0.01,target_vol=0.18",0.28334493863104626,2.0430343095309547
2025-06-16 15:00:00,1034148.0122999997,292934.0,741214.0122999997,卖,SH.600105,永鼎股份,8.73,200,34148.01229999971,0.03414801229999975,超时卖/调仓卖,持仓不变,账户级撮合-卖出回款,4,1746.0,5.60466,0.05641075537245165,0.05655960201471831,0.13671875,16.0,"mom20@q0.6,hold_q=0.4,buy_top=5,hold_top=10,rebalance=20d,min_hold=5d,turnover_penalty=0.01,target_vol=0.18",0.28334493863104626,2.0430343095309547
2025-06-17 15:00:00,1032777.7087999997,292416.0,740361.7087999997,买,SH.600105,永鼎股份,8.5,100,32777.70879999967,0.03277770879999964,,持仓不变,账户级撮合-100股整手/现金约束,4,850.0,2.3034999999999997,0.05641075537245165,0.055965576626512116,0.10677083333333348,20.0,"mom20@q0.6,hold_q=0.4,buy_top=5,hold_top=10,rebalance=20d,min_hold=5d,turnover_penalty=0.01,target_vol=0.18",0.28334493863104626,2.0430343095309547
2025-06-18 15:00:00,1046895.1968799997,303266.0,743629.1968799997,卖,SH.688183,生益电子,49.7,100,46895.19687999971,0.04689519687999977,超时卖/调仓卖,持仓不变,账户级撮合-卖出回款,4,4970.0,15.9537,0.04098947165712841,0.04272633987939403,0.6655495978552279,1.0,"mom20@q0.6,hold_q=0.4,buy_top=5,hold_top=10,rebalance=20d,min_hold=5d,turnover_penalty=0.01,target_vol=0.18",0.28334493863104626,2.0430343095309547
2025-06-18 15:00:00,1046895.1968799997,303266.0,743629.1968799997,买,SH.600105,永鼎股份,8.41,200,46895.19687999971,0.04689519687999977,,持仓不变,账户级撮合-100股整手/现金约束,4,1682.0,4.5582199999999995,0.05641075537245165,0.056232944974288546,0.11390728476821188,22.0,"mom20@q0.6,hold_q=0.4,buy_top=5,hold_top=10,rebalance=20d,min_hold=5d,turnover_penalty=0.01,target_vol=0.18",0.28334493863104626,2.0430343095309547
2025-06-19 15:00:00,1038373.7091999997,299365.0,739008.7091999997,买,SH.600105,永鼎股份,7.68,600,38373.70919999969,0.038373709199999606,,持仓不变,账户级撮合-100股整手/现金约束,4,4608.0,12.48768,0.05641075537245165,0.056210976340077795,0.04774897680763979,37.0,"mom20@q0.6,hold_q=0.4,buy_top=5,hold_top=10,rebalance=20d,min_hold=5d,turnover_penalty=0.01,target_vol=0.18",0.28334493863104626,2.0430343095309547
2025-06-20 15:00:00,1036252.2779699997,294151.0,742101.2779699997,卖,SH.688313,仕佳光子,38.6,100,36252.277969999705,0.036252277969999636,超时卖/调仓卖,持仓不变,账户级撮合-卖出回款,4,3860.0,12.3906,0.05827610200495284,0.059599386474678516,0.3314936184891344,8.0,"mom20@q0.6,hold_q=0.4,buy_top=5,hold_top=10,rebalance=20d,min_hold=5d,turnover_penalty=0.01,target_vol=0.18",0.28334493863104626,2.0430343095309547
2025-06-20 15:00:00,1036252.2779699997,294151.0,742101.2779699997,买,SH.600105,永鼎股份,7.53,100,36252.277969999705,0.036252277969999636,,持仓不变,账户级撮合-100股整手/现金约束,4,753.0,2.0406299999999997,0.05641075537245165,0.055952591113800756,0.03150684931506853,48.0,"mom20@q0.6,hold_q=0.4,buy_top=5,hold_top=10,rebalance=20d,min_hold=5d,turnover_penalty=0.01,target_vol=0.18",0.28334493863104626,2.0430343095309547
2025-06-23 15:00:00,1035038.8062699997,292170.0,742868.8062699997,卖,SH.600105,永鼎股份,7.7,100,35038.80626999971,0.03503880626999978,超时卖/调仓卖,持仓不变,账户级撮合-卖出回款,4,770.0,2.4717,0.05641075537245165,0.056538942931898636,0.02393617021276606,65.0,"mom20@q0.6,hold_q=0.4,buy_top=5,hold_top=10,rebalance=20d,min_hold=5d,turnover_penalty=0.01,target_vol=0.18",0.28334493863104626,2.0430343095309547
2025-06-24 15:00:00,1034219.7344699997,289776.0,744443.7344699997,卖,SH.600105,永鼎股份,7.9,200,34219.734469999676,0.03421973446999971,超时卖/调仓卖,持仓不变,账户级撮合-卖出回款,4,1580.0,5.0718,0.05641075537245165,0.056525705371459234,-0.045893719806763156,113.0,"mom20@q0.6,hold_q=0.4,buy_top=5,hold_top=10,rebalance=20d,min_hold=5d,turnover_penalty=0.01,target_vol=0.18",0.28334493863104626,2.0430343095309547
2025-06-26 15:00:00,1046566.6260899997,302903.0,743663.6260899997,买,SH.600105,永鼎股份,7.78,100,46566.626089999685,0.04656662608999973,,持仓不变,账户级撮合-100股整手/现金约束,4,778.0,2.10838,0.05641075537245165,0.055753736594866515,-0.11085714285714288,118.0,"mom20@q0.6,hold_q=0.4,buy_top=5,hold_top=10,rebalance=20d,min_hold=5d,turnover_penalty=0.01,target_vol=0.18",0.28334493863104626,2.0430343095309547
2025-06-27 15:00:00,1057123.0853099995,301181.0,755942.0853099996,卖,SZ.300502,新易盛,123.18,100,57123.08530999953,0.057123085309999544,超时卖/调仓卖,持仓不变,账户级撮合-卖出回款,4,12318.0,39.54078,0.07864524535449821,0.08156666068333412,0.4132629646626895,4.0,"mom20@q0.6,hold_q=0.4,buy_top=5,hold_top=10,rebalance=20d,min_hold=5d,turnover_penalty=0.01,target_vol=0.18",0.28334493863104626,2.0430343095309547
2025-06-30 15:00:00,1004061.7362699996,244906.0,759155.7362699996,卖,SH.600105,永鼎股份,8.06,400,4061.7362699996447,0.004061736269999727,超时卖/调仓卖,持仓不变,账户级撮合-卖出回款,4,3224.0,10.349039999999999,0.05641075537245165,0.05699450335851809,-0.014669926650366705,112.0,"mom20@q0.6,hold_q=0.4,buy_top=5,hold_top=10,rebalance=20d,min_hold=5d,turnover_penalty=0.01,target_vol=0.18",0.28334493863104626,2.0430343095309547
2025-07-01 15:00:00,1009067.8851199996,245611.0,763456.8851199996,卖,SH.600105,永鼎股份,8.63,500,9067.885119999642,0.009067885119999675,超时卖/调仓卖,持仓不变,账户级撮合-卖出回款,4,4315.0,13.851149999999999,0.05641075537245165,0.05644615277120477,0.04479418886198561,79.0,"mom20@q0.6,hold_q=0.4,buy_top=5,hold_top=10,rebalance=20d,min_hold=5d,turnover_penalty=0.01,target_vol=0.18",0.28334493863104626,2.0430343095309547
2025-07-07 15:00:00,1012021.0685999996,246758.0,765263.0685999996,卖,SH.600105,永鼎股份,9.06,200,12021.06859999965,0.01202106859999974,超时卖/调仓卖,持仓不变,账户级撮合-卖出回款,4,1812.0,5.81652,0.05641075537245165,0.05729524987084841,0.062133645955451566,41.0,"mom20@q0.6,hold_q=0.4,buy_top=5,hold_top=10,rebalance=20d,min_hold=5d,turnover_penalty=0.01,target_vol=0.18",0.28334493863104626,2.0430343095309547
2025-07-08 15:00:00,1024315.7400199997,245598.0,778717.7400199997,卖,SZ.300502,新易盛,134.98,100,24315.740019999677,0.024315740019999588,超时卖/调仓卖,持仓不变,账户级撮合-卖出回款,4,13497.999999999998,43.32857999999999,0.07864524535449821,0.0790654647154194,0.3552208835341366,9.0,"mom20@q0.6,hold_q=0.4,buy_top=5,hold_top=10,rebalance=20d,min_hold=5d,turnover_penalty=0.01,target_vol=0.18",0.28334493863104626,2.0430343095309547
2025-07-10 15:00:00,1014411.2683299996,301096.0,713315.2683299996,卖,SH.600105,永鼎股份,8.79,6400,14411.268329999642,0.014411268329999727,超时卖/调仓卖,调仓卖出-跌出持有排名,账户级撮合-卖出回款,4,56255.99999999999,180.58175999999997,0.0,0.0,0.02927400468384067,81.0,"mom20@q0.6,hold_q=0.4,buy_top=5,hold_top=10,rebalance=20d,min_hold=5d,turnover_penalty=0.01,target_vol=0.18",0.28334493863104626,2.0430343095309547
2025-07-10 15:00:00,1014411.2683299996,301096.0,713315.2683299996,卖,SH.688183,生益电子,47.91,900,14411.268329999642,0.014411268329999727,超时卖/调仓卖,调仓卖出-跌出持有排名,账户级撮合-卖出回款,4,43119.0,138.41199,0.0,0.0,0.1552929828791898,19.0,"mom20@q0.6,hold_q=0.4,buy_top=5,hold_top=10,rebalance=20d,min_hold=5d,turnover_penalty=0.01,target_vol=0.18",0.28334493863104626,2.0430343095309547
2025-07-10 15:00:00,1014411.2683299996,301096.0,713315.2683299996,买,SH.603256,宏和科技,22.03,2200,14411.268329999642,0.014411268329999727,,调仓买入-新进前N、满足动量阈值,账户级撮合-100股整手/现金约束,4,48466.0,131.34285999999997,0.048900655349177466,0.04777746611567948,0.9240174672489085,1.0,"mom20@q0.6,hold_q=0.4,buy_top=5,hold_top=10,rebalance=20d,min_hold=5d,turnover_penalty=0.01,target_vol=0.18",0.28334493863104626,2.0430343095309547
2025-07-10 15:00:00,1014411.2683299996,301096.0,713315.2683299996,买,SZ.002080,中材科技,24.66,2800,14411.268329999642,0.014411268329999727,,调仓买入-新进前N、满足动量阈值,账户级撮合-100股整手/现金约束,4,69048.0,187.12007999999997,0.06955676481204381,0.06806706722971644,0.512883435582822,2.0,"mom20@q0.6,hold_q=0.4,buy_top=5,hold_top=10,rebalance=20d,min_hold=5d,turnover_penalty=0.01,target_vol=0.18",0.28334493863104626,2.0430343095309547
2025-07-10 15:00:00,1014411.2683299996,301096.0,713315.2683299996,买,SZ.002384,东山精密,46.5,1000,14411.268329999642,0.014411268329999727,,调仓买入-新进前N、满足动量阈值,账户级撮合-100股整手/现金约束,4,46500.0,126.01499999999999,0.04922566822565816,0.04583939616182676,0.45448858304660633,3.0,"mom20@q0.6,hold_q=0.4,buy_top=5,hold_top=10,rebalance=20d,min_hold=5d,turnover_penalty=0.01,target_vol=0.18",0.28334493863104626,2.0430343095309547
2025-07-11 15:00:00,1077566.1787299998,375828.0,701738.1787299997,卖,SH.688313,仕佳光子,43.7,100,77566.17872999981,0.07756617872999971,超时卖/调仓卖,持仓不变,账户级撮合-卖出回款,4,4370.0,14.0277,0.05827610200495284,0.06083153062325699,0.5247732030704817,2.0,"mom20@q0.6,hold_q=0.4,buy_top=5,hold_top=10,rebalance=20d,min_hold=5d,turnover_penalty=0.01,target_vol=0.18",0.28334493863104626,2.0430343095309547
2025-07-11 15:00:00,1077566.1787299998,375828.0,701738.1787299997,买,SH.603256,宏和科技,21.6,200,77566.17872999981,0.07756617872999971,,持仓不变,账户级撮合-100股整手/现金约束,4,4320.0,11.707199999999998,0.048900655349177466,0.048108414149651293,0.935483870967742,1.0,"mom20@q0.6,hold_q=0.4,buy_top=5,hold_top=10,rebalance=20d,min_hold=5d,turnover_penalty=0.01,target_vol=0.18",0.28334493863104626,2.0430343095309547
2025-07-11 15:00:00,1077566.1787299998,375828.0,701738.1787299997,买,SZ.002080,中材科技,23.76,300,77566.17872999981,0.07756617872999971,,持仓不变,账户级撮合-100股整手/现金约束,4,7128.000000000001,19.31688,0.06955676481204381,0.06835403843762955,0.4981084489281211,3.0,"mom20@q0.6,hold_q=0.4,buy_top=5,hold_top=10,rebalance=20d,min_hold=5d,turnover_penalty=0.01,target_vol=0.18",0.28334493863104626,2.0430343095309547
2025-07-11 15:00:00,1077566.1787299998,375828.0,701738.1787299997,买,SZ.002384,东山精密,44.42,100,77566.17872999981,0.07756617872999971,,持仓不变,账户级撮合-100股整手/现金约束,4,4442.0,12.037819999999998,0.04922566822565816,0.04534477878434147,0.41240063593004783,4.0,"mom20@q0.6,hold_q=0.4,buy_top=5,hold_top=10,rebalance=20d,min_hold=5d,turnover_penalty=0.01,target_vol=0.18",0.28334493863104626,2.0430343095309547
2025-07-14 15:00:00,1078493.0659699996,314763.0,763730.0659699996,卖,SH.688313,仕佳光子,42.87,1500,78493.06596999965,0.07849306596999961,超时卖/调仓卖,调仓卖出-调仓移出持仓,账户级撮合-卖出回款,4,64304.99999999999,206.41904999999997,0.0,0.0,0.507914175167077,3.0,"mom20@q0.6,hold_q=0.4,buy_top=5,hold_top=10,rebalance=20d,min_hold=5d,turnover_penalty=0.01,target_vol=0.18",0.28334493863104626,2.0430343095309547
2025-07-14 15:00:00,1078493.0659699996,314763.0,763730.0659699996,买,SH.603256,宏和科技,21.01,100,78493.06596999965,0.07849306596999961,,持仓不变,账户级撮合-100股整手/现金约束,4,2101.0,5.693709999999999,0.048900655349177466,0.048702213910628046,0.7911338448422849,1.0,"mom20@q0.6,hold_q=0.4,buy_top=5,hold_top=10,rebalance=20d,min_hold=5d,turnover_penalty=0.01,target_vol=0.18",0.28334493863104626,2.0430343095309547
2025-07-15 15:00:00,1108138.4833699996,346474.0,761664.4833699997,买,SH.603256,宏和科技,20.6,100,108138.48336999957,0.10813848336999965,,持仓不变,账户级撮合-100股整手/现金约束,4,2060.0,5.582599999999999,0.048900655349177466,0.048333309242286016,0.7296389588581025,1.0,"mom20@q0.6,hold_q=0.4,buy_top=5,hold_top=10,rebalance=20d,min_hold=5d,turnover_penalty=0.01,target_vol=0.18",0.28334493863104626,2.0430343095309547
2025-07-16 15:00:00,1109456.9775699996,330867.0,778589.9775699996,卖,SZ.300502,新易盛,169.8,100,109456.97756999964,0.10945697756999961,超时卖/调仓卖,持仓不变,账户级撮合-卖出回款,4,16980.0,54.505799999999994,0.07306033876772158,0.07652392270852464,0.5130992692924614,2.0,"mom20@q0.6,hold_q=0.4,buy_top=5,hold_top=10,rebalance=20d,min_hold=5d,turnover_penalty=0.01,target_vol=0.18",0.28334493863104626,2.0430343095309547
2025-07-17 15:00:00,1135330.4068699996,354079.0,781251.4068699996,卖,SZ.002080,中材科技,26.7,100,135330.4068699996,0.13533040686999964,超时卖/调仓卖,持仓不变,账户级撮合-卖出回款,4,2670.0,8.570699999999999,0.06955676481204381,0.0705521489738201,0.5327210103329505,3.0,"mom20@q0.6,hold_q=0.4,buy_top=5,hold_top=10,rebalance=20d,min_hold=5d,turnover_penalty=0.01,target_vol=0.18",0.28334493863104626,2.0430343095309547
2025-07-21 15:00:00,1134156.1483899998,347235.0,786921.1483899996,卖,SZ.002080,中材科技,28.44,200,134156.14838999975,0.13415614838999979,超时卖/调仓卖,持仓不变,账户级撮合-卖出回款,4,5688.0,18.25848,0.06955676481204381,0.07021255416464675,0.6031567080045097,2.0,"mom20@q0.6,hold_q=0.4,buy_top=5,hold_top=10,rebalance=20d,min_hold=5d,turnover_penalty=0.01,target_vol=0.18",0.28334493863104626,2.0430343095309547
2025-07-28 15:00:00,1151835.1225499995,359627.0,792208.1225499996,卖,SH.603256,宏和科技,23.33,100,151835.1225499995,0.15183512254999942,超时卖/调仓卖,持仓不变,账户级撮合-卖出回款,4,2333.0,7.488929999999999,0.048900655349177466,0.05063658752728144,0.5742240215924426,4.0,"mom20@q0.6,hold_q=0.4,buy_top=5,hold_top=10,rebalance=20d,min_hold=5d,turnover_penalty=0.01,target_vol=0.18",0.28334493863104626,2.0430343095309547
2025-07-28 15:00:00,1151835.1225499995,359627.0,792208.1225499996,卖,SZ.002080,中材科技,29.71,100,151835.1225499995,0.15183512254999942,超时卖/调仓卖,持仓不变,账户级撮合-卖出回款,4,2971.0,9.536909999999999,0.06955676481204381,0.06964277996872587,0.5235897435897436,6.0,"mom20@q0.6,hold_q=0.4,buy_top=5,hold_top=10,rebalance=20d,min_hold=5d,turnover_penalty=0.01,target_vol=0.18",0.28334493863104626,2.0430343095309547
2025-07-29 15:00:00,1163771.7035699997,365844.0,797927.7035699997,卖,SZ.002384,东山精密,57.38,100,163771.70356999966,0.1637717035699997,超时卖/调仓卖,持仓不变,账户级撮合-卖出回款,4,5738.0,18.418979999999998,0.04922566822565816,0.04930520292251517,0.3809867629362216,14.0,"mom20@q0.6,hold_q=0.4,buy_top=5,hold_top=10,rebalance=20d,min_hold=5d,turnover_penalty=0.01,target_vol=0.18",0.28334493863104626,2.0430343095309547
2025-07-30 15:00:00,1155444.2646799996,362489.0,792955.2646799997,买,SZ.002080,中材科技,28.19,100,155444.26467999956,0.1554442646799996,,持仓不变,账户级撮合-100股整手/现金约束,4,2819.0,7.6394899999999994,0.06955676481204381,0.06831311765770046,0.3533365338454155,16.0,"mom20@q0.6,hold_q=0.4,buy_top=5,hold_top=10,rebalance=20d,min_hold=5d,turnover_penalty=0.01,target_vol=0.18",0.28334493863104626,2.0430343095309547
2025-07-30 15:00:00,1155444.2646799996,362489.0,792955.2646799997,买,SH.603256,宏和科技,21.4,100,155444.26467999956,0.1554442646799996,,持仓不变,账户级撮合-100股整手/现金约束,4,2140.0,5.7993999999999994,0.048900655349177466,0.048154637744824064,0.33583021223470655,18.0,"mom20@q0.6,hold_q=0.4,buy_top=5,hold_top=10,rebalance=20d,min_hold=5d,turnover_penalty=0.01,target_vol=0.18",0.28334493863104626,2.0430343095309547
2025-07-31 15:00:00,1162214.7083399997,366913.0,795301.7083399997,卖,SH.603256,宏和科技,23.54,100,162214.70833999966,0.16221470833999962,超时卖/调仓卖,持仓不变,账户级撮合-卖出回款,4,2354.0,7.55634,0.048900655349177466,0.050636082625434946,0.33598183881952304,16.0,"mom20@q0.6,hold_q=0.4,buy_top=5,hold_top=10,rebalance=20d,min_hold=5d,turnover_penalty=0.01,target_vol=0.18",0.28334493863104626,2.0430343095309547
2025-08-01 15:00:00,1158410.4213299998,358088.0,800322.4213299997,卖,SH.603256,宏和科技,25.89,300,158410.4213299998,0.15841042132999972,超时卖/调仓卖,持仓不变,账户级撮合-卖出回款,4,7767.0,24.93207,0.048900655349177466,0.04916910185822146,0.4063009234111896,8.0,"mom20@q0.6,hold_q=0.4,buy_top=5,hold_top=10,rebalance=20d,min_hold=5d,turnover_penalty=0.01,target_vol=0.18",0.28334493863104626,2.0430343095309547
2025-08-01 15:00:00,1158410.4213299998,358088.0,800322.4213299997,买,SZ.002080,中材科技,27.14,100,158410.4213299998,0.15841042132999972,,持仓不变,账户级撮合-100股整手/现金约束,4,2714.0,7.354939999999999,0.06955676481204381,0.06794310423212153,0.2219720846465556,22.0,"mom20@q0.6,hold_q=0.4,buy_top=5,hold_top=10,rebalance=20d,min_hold=5d,turnover_penalty=0.01,target_vol=0.18",0.28334493863104626,2.0430343095309547
2025-08-05 15:00:00,1150847.8468699995,352958.0,797889.8468699997,买,SH.603256,宏和科技,24.26,100,150847.84686999954,0.15084784686999964,,持仓不变,账户级撮合-100股整手/现金约束,4,2426.0,6.574459999999999,0.048900655349177466,0.048484254588263546,0.0888689407540395,38.0,"mom20@q0.6,hold_q=0.4,buy_top=5,hold_top=10,rebalance=20d,min_hold=5d,turnover_penalty=0.01,target_vol=0.18",0.28334493863104626,2.0430343095309547
2025-08-06 15:00:00,1160145.0436799997,362272.0,797873.0436799997,卖,SH.603256,宏和科技,26.69,100,160145.04367999965,0.1601450436799996,超时卖/调仓卖,持仓不变,账户级撮合-卖出回款,4,2669.0,8.56749,0.048900655349177466,0.05061263703178485,0.0902777777777779,46.0,"mom20@q0.6,hold_q=0.4,buy_top=5,hold_top=10,rebalance=20d,min_hold=5d,turnover_penalty=0.01,target_vol=0.18",0.28334493863104626,2.0430343095309547
2025-08-06 15:00:00,1160145.0436799997,362272.0,797873.0436799997,买,SZ.002080,中材科技,26.7,100,160145.04367999965,0.1601450436799996,,持仓不变,账户级撮合-100股整手/现金约束,4,2670.0,7.2357,0.06955676481204381,0.06904309115170759,0.10330578512396693,39.0,"mom20@q0.6,hold_q=0.4,buy_top=5,hold_top=10,rebalance=20d,min_hold=5d,turnover_penalty=0.01,target_vol=0.18",0.28334493863104626,2.0430343095309547
2025-08-07 15:00:00,1152543.7434999994,245078.0,907465.7434999995,卖,SZ.300502,新易盛,183.62,200,152543.7434999994,0.15254374349999944,超时卖/调仓卖,调仓卖出-权重下调,账户级撮合-卖出回款,4,36724.0,117.88403999999998,0.04074166123338026,0.04779514904372914,0.3800826756858322,7.0,"mom20@q0.6,hold_q=0.4,buy_top=5,hold_top=10,rebalance=20d,min_hold=5d,turnover_penalty=0.01,target_vol=0.18",0.28334493863104626,2.0430343095309547
2025-08-07 15:00:00,1152543.7434999994,245078.0,907465.7434999995,卖,SZ.300476,胜宏科技,189.71,400,152543.7434999994,0.15254374349999944,超时卖/调仓卖,调仓卖出-跌出持有排名,账户级撮合-卖出回款,4,75884.0,243.58764,0.0,0.0,0.32543841263187323,12.0,"mom20@q0.6,hold_q=0.4,buy_top=5,hold_top=10,rebalance=20d,min_hold=5d,turnover_penalty=0.01,target_vol=0.18",0.28334493863104626,2.0430343095309547
2025-08-07 15:00:00,1152543.7434999994,245078.0,907465.7434999995,卖,SH.603256,宏和科技,25.89,2200,152543.7434999994,0.15254374349999944,超时卖/调仓卖,调仓卖出-跌出持有排名,账户级撮合-卖出回款,4,56958.0,182.83517999999998,0.0,0.0,0.17521561507035854,25.0,"mom20@q0.6,hold_q=0.4,buy_top=5,hold_top=10,rebalance=20d,min_hold=5d,turnover_penalty=0.01,target_vol=0.18",0.28334493863104626,2.0430343095309547
2025-08-07 15:00:00,1152543.7434999994,245078.0,907465.7434999995,卖,SZ.002080,中材科技,26.42,3000,152543.7434999994,0.15254374349999944,超时卖/调仓卖,调仓卖出-跌出持有排名,账户级撮合-卖出回款,4,79260.0,254.42459999999997,0.0,0.0,0.07137064071370647,54.0,"mom20@q0.6,hold_q=0.4,buy_top=5,hold_top=10,rebalance=20d,min_hold=5d,turnover_penalty=0.01,target_vol=0.18",0.28334493863104626,2.0430343095309547
2025-08-07 15:00:00,1152543.7434999994,245078.0,907465.7434999995,卖,SZ.002384,东山精密,52.24,1000,152543.7434999994,0.15254374349999944,超时卖/调仓卖,调仓卖出-跌出持有排名,账户级撮合-卖出回款,4,52240.0,167.69039999999998,0.0,0.0,0.12344086021505385,34.0,"mom20@q0.6,hold_q=0.4,buy_top=5,hold_top=10,rebalance=20d,min_hold=5d,turnover_penalty=0.01,target_vol=0.18",0.28334493863104626,2.0430343095309547
2025-08-07 15:00:00,1152543.7434999994,245078.0,907465.7434999995,买,SH.688313,仕佳光子,55.85,600,152543.7434999994,0.15254374349999944,,调仓买入-新进前N、满足动量阈值,账户级撮合-100股整手/现金约束,4,33510.0,90.81209999999999,0.03164014282675291,0.02907481836501767,0.4678055190538766,1.0,"mom20@q0.6,hold_q=0.4,buy_top=5,hold_top=10,rebalance=20d,min_hold=5d,turnover_penalty=0.01,target_vol=0.18",0.28334493863104626,2.0430343095309547
2025-08-07 15:00:00,1152543.7434999994,245078.0,907465.7434999995,买,SZ.300395,菲利华,75.92,800,152543.7434999994,0.15254374349999944,,调仓买入-新进前N、满足动量阈值,账户级撮合-100股整手/现金约束,4,60736.0,164.59455999999997,0.05331994325085641,0.0526973490963209,0.4502387774594079,2.0,"mom20@q0.6,hold_q=0.4,buy_top=5,hold_top=10,rebalance=20d,min_hold=5d,turnover_penalty=0.01,target_vol=0.18",0.28334493863104626,2.0430343095309547
2025-08-07 15:00:00,1152543.7434999994,245078.0,907465.7434999995,买,SH.600111,北方稀土,38.81,1400,152543.7434999994,0.15254374349999944,,调仓买入-新进前N、满足动量阈值,账户级撮合-100股整手/现金约束,4,54334.0,147.24514,0.04789511155571849,0.047142679231419585,0.43687523139577933,3.0,"mom20@q0.6,hold_q=0.4,buy_top=5,hold_top=10,rebalance=20d,min_hold=5d,turnover_penalty=0.01,target_vol=0.18",0.28334493863104626,2.0430343095309547
2025-08-07 15:00:00,1152543.7434999994,245078.0,907465.7434999995,买,SZ.300308,中际旭创,207.06,200,152543.7434999994,0.15254374349999944,,调仓买入-新进前N、满足动量阈值,账户级撮合-100股整手/现金约束,4,41412.0,112.22652,0.050137640387968474,0.035930957270430074,0.4261312762586955,4.0,"mom20@q0.6,hold_q=0.4,buy_top=5,hold_top=10,rebalance=20d,min_hold=5d,turnover_penalty=0.01,target_vol=0.18",0.28334493863104626,2.0430343095309547
2025-08-13 15:00:00,1190992.2942499993,278209.0,912783.2942499995,卖,SZ.300395,菲利华,91.16,100,190992.29424999934,0.1909922942499993,超时卖/调仓卖,持仓不变,账户级撮合-卖出回款,4,9116.0,29.262359999999997,0.05331994325085641,0.05357885211187212,0.5015648163399768,5.0,"mom20@q0.6,hold_q=0.4,buy_top=5,hold_top=10,rebalance=20d,min_hold=5d,turnover_penalty=0.01,target_vol=0.18",0.28334493863104626,2.0430343095309547
2025-08-13 15:00:00,1190992.2942499993,278209.0,912783.2942499995,买,SH.600111,北方稀土,37.59,100,190992.29424999934,0.1909922942499993,,持仓不变,账户级撮合-100股整手/现金约束,4,3759.0000000000005,10.18689,0.04789511155571849,0.04734287557713142,0.294421487603306,19.0,"mom20@q0.6,hold_q=0.4,buy_top=5,hold_top=10,rebalance=20d,min_hold=5d,turnover_penalty=0.01,target_vol=0.18",0.28334493863104626,2.0430343095309547
2025-08-18 15:00:00,1213057.5233499995,295998.0,917059.5233499995,卖,SH.600111,北方稀土,42.9,100,213057.52334999945,0.2130575233499994,超时卖/调仓卖,持仓不变,账户级撮合-卖出回款,4,4290.0,13.7709,0.04789511155571849,0.04951125469642802,0.22396576319543504,24.0,"mom20@q0.6,hold_q=0.4,buy_top=5,hold_top=10,rebalance=20d,min_hold=5d,turnover_penalty=0.01,target_vol=0.18",0.28334493863104626,2.0430343095309547
2025-08-19 15:00:00,1216220.0937599996,273564.0,942656.0937599995,卖,SZ.300502,新易盛,256.79,100,216220.0937599996,0.21622009375999962,超时卖/调仓卖,持仓不变,账户级撮合-卖出回款,4,25679.000000000004,82.42959,0.04074166123338026,0.042227554258887814,0.453171863505178,9.0,"mom20@q0.6,hold_q=0.4,buy_top=5,hold_top=10,rebalance=20d,min_hold=5d,turnover_penalty=0.01,target_vol=0.18",0.28334493863104626,2.0430343095309547
2025-08-20 15:00:00,1213533.5107299995,266349.0,947184.5107299995,卖,SH.600111,北方稀土,45.43,100,213533.5107299995,0.2135335107299996,超时卖/调仓卖,持仓不变,账户级撮合-卖出回款,4,4543.0,14.583029999999999,0.04789511155571849,0.04866697085643159,0.2983709631323235,19.0,"mom20@q0.6,hold_q=0.4,buy_top=5,hold_top=10,rebalance=20d,min_hold=5d,turnover_penalty=0.01,target_vol=0.18",0.28334493863104626,2.0430343095309547
2025-08-25 15:00:00,1251143.5972399996,298707.0,952436.5972399996,卖,SH.600111,北方稀土,52.69,100,251143.59723999957,0.25114359723999957,超时卖/调仓卖,持仓不变,账户级撮合-卖出回款,4,5269.0,16.91349,0.04789511155571849,0.050536165584414004,0.3152770843734398,24.0,"mom20@q0.6,hold_q=0.4,buy_top=5,hold_top=10,rebalance=20d,min_hold=5d,turnover_penalty=0.01,target_vol=0.18",0.28334493863104626,2.0430343095309547
2025-08-27 15:00:00,1256192.5962399994,295682.0,960510.5962399995,卖,SH.688313,仕佳光子,81.0,100,256192.5962399994,0.25619259623999935,超时卖/调仓卖,持仓不变,账户级撮合-卖出回款,4,8100.0,26.000999999999998,0.03164014282675291,0.032240279174724856,0.3106796116504855,22.0,"mom20@q0.6,hold_q=0.4,buy_top=5,hold_top=10,rebalance=20d,min_hold=5d,turnover_penalty=0.01,target_vol=0.18",0.28334493863104626,2.0430343095309547
2025-08-28 15:00:00,1287101.5752999997,320995.0,966106.5752999996,卖,SH.600111,北方稀土,56.14,100,287101.5752999997,0.2871015752999997,超时卖/调仓卖,持仓不变,账户级撮合-卖出回款,4,5614.0,18.02094,0.04789511155571849,0.04797911927472102,0.49706666666666677,14.0,"mom20@q0.6,hold_q=0.4,buy_top=5,hold_top=10,rebalance=20d,min_hold=5d,turnover_penalty=0.01,target_vol=0.18",0.28334493863104626,2.0430343095309547
2025-09-02 15:00:00,1271538.7652299996,313872.0,957666.7652299996,买,SZ.300395,菲利华,84.17,100,271538.76522999955,0.27153876522999965,,持仓不变,账户级撮合-100股整手/现金约束,4,8417.0,22.810069999999996,0.05331994325085641,0.05295630919110836,0.07979474021808852,88.0,"mom20@q0.6,hold_q=0.4,buy_top=5,hold_top=10,rebalance=20d,min_hold=5d,turnover_penalty=0.01,target_vol=0.18",0.28334493863104626,2.0430343095309547
2025-09-04 15:00:00,1247043.4690199997,198596.0,1048447.4690199998,卖,SH.688313,仕佳光子,70.9,500,247043.46901999973,0.24704346901999963,超时卖/调仓卖,调仓卖出-跌出持有排名,账户级撮合-卖出回款,4,35450.0,113.79449999999999,0.0,0.0,0.26947179946284705,26.0,"mom20@q0.6,hold_q=0.4,buy_top=5,hold_top=10,rebalance=20d,min_hold=5d,turnover_penalty=0.01,target_vol=0.18",0.28334493863104626,2.0430343095309547
2025-09-04 15:00:00,1247043.4690199997,198596.0,1048447.4690199998,卖,SZ.300395,菲利华,80.23,800,247043.46901999973,0.24704346901999963,超时卖/调仓卖,调仓卖出-跌出持有排名,账户级撮合-卖出回款,4,64184.0,206.03063999999998,0.0,0.0,0.05677028451001065,79.0,"mom20@q0.6,hold_q=0.4,buy_top=5,hold_top=10,rebalance=20d,min_hold=5d,turnover_penalty=0.01,target_vol=0.18",0.28334493863104626,2.0430343095309547
2025-09-04 15:00:00,1247043.4690199997,198596.0,1048447.4690199998,卖,SH.600111,北方稀土,49.49,1100,247043.46901999973,0.24704346901999963,超时卖/调仓卖,调仓卖出-跌出持有排名,账户级撮合-卖出回款,4,54439.0,174.74919,0.0,0.0,0.27518680752383395,25.0,"mom20@q0.6,hold_q=0.4,buy_top=5,hold_top=10,rebalance=20d,min_hold=5d,turnover_penalty=0.01,target_vol=0.18",0.28334493863104626,2.0430343095309547
2025-09-04 15:00:00,1247043.4690199997,198596.0,1048447.4690199998,买,SZ.300620,光库科技,93.32,300,247043.46901999973,0.24704346901999963,,调仓买入-新进前N、满足动量阈值,账户级撮合-100股整手/现金约束,4,27995.999999999996,75.86915999999998,0.025658119018660303,0.022449899057649454,0.7452777258275667,2.0,"mom20@q0.6,hold_q=0.4,buy_top=5,hold_top=10,rebalance=20d,min_hold=5d,turnover_penalty=0.01,target_vol=0.18",0.28334493863104626,2.0430343095309547
2025-09-04 15:00:00,1247043.4690199997,198596.0,1048447.4690199998,买,SZ.300394,天孚通信,173.16,200,247043.46901999973,0.24704346901999963,,调仓买入-新进前N、满足动量阈值,账户级撮合-100股整手/现金约束,4,34632.0,93.85271999999999,0.031739742617143185,0.027771285332351618,0.7060098522167488,5.0,"mom20@q0.6,hold_q=0.4,buy_top=5,hold_top=10,rebalance=20d,min_hold=5d,turnover_penalty=0.01,target_vol=0.18",0.28334493863104626,2.0430343095309547
2025-10-10 15:00:00,1257921.6528899998,219308.0,1038613.6528899998,卖,SZ.300502,新易盛,346.2,200,257921.6528899998,0.2579216528899997,超时卖/调仓卖,调仓卖出-跌出持有排名,账户级撮合-卖出回款,4,69240.0,222.26039999999998,0.0,0.0,0.10925985261134241,65.0,"mom20@q0.6,hold_q=0.4,buy_top=5,hold_top=10,rebalance=20d,min_hold=5d,turnover_penalty=0.01,target_vol=0.18",0.28334493863104626,2.0430343095309547
2025-10-10 15:00:00,1257921.6528899998,219308.0,1038613.6528899998,卖,SZ.300308,中际旭创,388.6,200,257921.6528899998,0.2579216528899997,超时卖/调仓卖,调仓卖出-跌出持有排名,账户级撮合-卖出回款,4,77720.0,249.48119999999997,0.0,0.0,0.05672485995540333,79.0,"mom20@q0.6,hold_q=0.4,buy_top=5,hold_top=10,rebalance=20d,min_hold=5d,turnover_penalty=0.01,target_vol=0.18",0.28334493863104626,2.0430343095309547
2025-10-10 15:00:00,1257921.6528899998,219308.0,1038613.6528899998,卖,SZ.300620,光库科技,107.15,300,257921.6528899998,0.2579216528899997,超时卖/调仓卖,调仓卖出-跌出持有排名,账户级撮合-卖出回款,4,32145.0,103.18544999999999,0.0,0.0,0.14819974282040316,56.0,"mom20@q0.6,hold_q=0.4,buy_top=5,hold_top=10,rebalance=20d,min_hold=5d,turnover_penalty=0.01,target_vol=0.18",0.28334493863104626,2.0430343095309547
2025-10-10 15:00:00,1257921.6528899998,219308.0,1038613.6528899998,卖,SZ.300394,天孚通信,158.2,200,257921.6528899998,0.2579216528899997,超时卖/调仓卖,调仓卖出-跌破持有阈值、跌出持有排名,账户级撮合-卖出回款,4,31639.999999999996,101.56439999999998,0.0,0.0,-0.08639408639408641,116.0,"mom20@q0.6,hold_q=0.4,buy_top=5,hold_top=10,rebalance=20d,min_hold=5d,turnover_penalty=0.01,target_vol=0.18",0.28334493863104626,2.0430343095309547
2025-10-10 15:00:00,1257921.6528899998,219308.0,1038613.6528899998,买,SZ.300475,香农芯创,100.99,300,257921.6528899998,0.2579216528899997,,调仓买入-新进前N、满足动量阈值,账户级撮合-100股整手/现金约束,4,30297.0,82.10486999999999,0.02853112051439227,0.024084965808796162,1.5374371859296483,1.0,"mom20@q0.6,hold_q=0.4,buy_top=5,hold_top=10,rebalance=20d,min_hold=5d,turnover_penalty=0.01,target_vol=0.18",0.28334493863104626,2.0430343095309547
2025-10-10 15:00:00,1257921.6528899998,219308.0,1038613.6528899998,买,SZ.001309,德明利,197.6,200,257921.6528899998,0.2579216528899997,,调仓买入-新进前N、满足动量阈值,账户级撮合-100股整手/现金约束,4,39520.0,107.0992,0.04183476957135239,0.03141690097249313,1.2849213691026824,2.0,"mom20@q0.6,hold_q=0.4,buy_top=5,hold_top=10,rebalance=20d,min_hold=5d,turnover_penalty=0.01,target_vol=0.18",0.28334493863104626,2.0430343095309547
2025-10-10 15:00:00,1257921.6528899998,219308.0,1038613.6528899998,买,SZ.301308,江波龙,180.01,200,257921.6528899998,0.2579216528899997,,调仓买入-新进前N、满足动量阈值,账户级撮合-100股整手/现金约束,4,36002.0,97.56541999999999,0.034411014740060815,0.02862022441325146,1.0719383057090242,3.0,"mom20@q0.6,hold_q=0.4,buy_top=5,hold_top=10,rebalance=20d,min_hold=5d,turnover_penalty=0.01,target_vol=0.18",0.28334493863104626,2.0430343095309547
2025-10-10 15:00:00,1257921.6528899998,219308.0,1038613.6528899998,买,SZ.002460,赣锋锂业,63.93,900,257921.6528899998,0.2579216528899997,,调仓买入-满足动量阈值,账户级撮合-100股整手/现金约束,4,57537.0,155.92526999999998,0.049311624060553054,0.045739732572225134,0.5765721331689273,7.0,"mom20@q0.6,hold_q=0.4,buy_top=5,hold_top=10,rebalance=20d,min_hold=5d,turnover_penalty=0.01,target_vol=0.18",0.28334493863104626,2.0430343095309547
2025-10-10 15:00:00,1257921.6528899998,219308.0,1038613.6528899998,买,SZ.002709,天赐材料,34.97,1600,257921.6528899998,0.2579216528899997,,调仓买入-满足动量阈值,账户级撮合-100股整手/现金约束,4,55952.0,151.62992,0.046907131560713265,0.044479717692635014,0.5337719298245613,9.0,"mom20@q0.6,hold_q=0.4,buy_top=5,hold_top=10,rebalance=20d,min_hold=5d,turnover_penalty=0.01,target_vol=0.18",0.28334493863104626,2.0430343095309547
2025-10-14 15:00:00,1249942.4960399999,223597.0,1026345.4960399999,买,SZ.300475,香农芯创,88.14,100,249942.49603999988,0.24994249603999985,,持仓不变,账户级撮合-100股整手/现金约束,4,8814.0,23.885939999999998,0.02853112051439227,0.028206097569845132,0.7488095238095238,3.0,"mom20@q0.6,hold_q=0.4,buy_top=5,hold_top=10,rebalance=20d,min_hold=5d,turnover_penalty=0.01,target_vol=0.18",0.28334493863104626,2.0430343095309547
2025-10-14 15:00:00,1249942.4960399999,223597.0,1026345.4960399999,买,SZ.002709,天赐材料,34.21,100,249942.49603999988,0.24994249603999985,,持仓不变,账户级撮合-100股整手/现金约束,4,3421.0,9.270909999999999,0.046907131560713265,0.04652774042345936,0.2363570654138054,20.0,"mom20@q0.6,hold_q=0.4,buy_top=5,hold_top=10,rebalance=20d,min_hold=5d,turnover_penalty=0.01,target_vol=0.18",0.28334493863104626,2.0430343095309547
2025-10-17 15:00:00,1251306.9758799998,231074.0,1020232.9758799999,买,SZ.002460,赣锋锂业,60.96,100,251306.9758799998,0.2513069758799997,,持仓不变,账户级撮合-100股整手/现金约束,4,6096.0,16.520159999999997,0.049311624060553054,0.04871706237962031,0.2901587301587303,8.0,"mom20@q0.6,hold_q=0.4,buy_top=5,hold_top=10,rebalance=20d,min_hold=5d,turnover_penalty=0.01,target_vol=0.18",0.28334493863104626,2.0430343095309547
2025-10-22 15:00:00,1253435.14941,236468.0,1016967.14941,买,SZ.002709,天赐材料,32.57,100,253435.14941000007,0.25343514941,,持仓不变,账户级撮合-100股整手/现金约束,4,3257.0,8.826469999999999,0.046907131560713265,0.04677226422730816,0.10331978319783208,30.0,"mom20@q0.6,hold_q=0.4,buy_top=5,hold_top=10,rebalance=20d,min_hold=5d,turnover_penalty=0.01,target_vol=0.18",0.28334493863104626,2.0430343095309547
2025-10-24 15:00:00,1280948.2090699999,251268.0,1029680.20907,卖,SZ.300475,香农芯创,127.54,100,280948.20906999987,0.28094820906999995,超时卖/调仓卖,持仓不变,账户级撮合-卖出回款,4,12754.0,40.94034,0.02853112051439227,0.029870060107878335,0.6897191308956014,3.0,"mom20@q0.6,hold_q=0.4,buy_top=5,hold_top=10,rebalance=20d,min_hold=5d,turnover_penalty=0.01,target_vol=0.18",0.28334493863104626,2.0430343095309547
