date,trade_cash_flow,exposure,daily_pnl,buy_amount,sell_amount,buy_cost,sell_cost,trade_cost,net_daily_pnl,account_total_assets,stock_assets,cash_assets,profit,profit_rate,fold,selected_params,strategy_daily_return,fold_start_asset,fold_end_asset,strategy_asset,strategy_profit_rate_continuous,benchmark_daily_return,benchmark_asset,benchmark_profit_rate_continuous,excess_asset,excess_profit_rate
2021-08-24,0.0,0.0,0.0,0.0,0.0,0.0,0.0,0.0,0.0,1000000.0,0.0,1000000.0,0.0,0.0,1,"mom20@q0.6,hold_q=0.4,buy_top=10,hold_top=20,rebalance=20d,min_hold=5d,turnover_penalty=0.01,target_vol=0.18",0.0,1000000.0,972398.7682129578,1000000.0,0.0,0.0,1000000.0,0.0,0.0,0.0
2021-08-25,-207889.95180321383,0.2073280926720725,-65.89523891655008,207328.09267207253,0.0,561.8591311413165,0.0,561.8591311413165,-627.7543700578666,999372.2456299422,207197.94155586188,792174.3040740803,-627.754370057839,-0.0006277543700577,1,"mom20@q0.6,hold_q=0.4,buy_top=10,hold_top=20,rebalance=20d,min_hold=5d,turnover_penalty=0.01,target_vol=0.18",-0.0006277543700577981,1000000.0,972398.7682129578,999372.2456299422,-0.0006277543700577981,0.0019986130402851465,1001998.6130402852,0.0019986130402851465,-2626.367410343024,-0.0026263674103429446
2021-08-26,0.0,0.2073280926720725,-1943.680597044034,0.0,0.0,0.0,0.0,0.0,-1943.680597044034,997428.565032898,206794.961964913,790633.603067985,-2571.434967101901,-0.0025714349671018,1,"mom20@q0.6,hold_q=0.4,buy_top=10,hold_top=20,rebalance=20d,min_hold=5d,turnover_penalty=0.01,target_vol=0.18",-0.0019449015174710649,1000000.0,972398.7682129578,997428.565032898,-0.002571434967101993,-0.019711483495843396,982247.7339164836,-0.017752266083516433,15180.831116414396,0.01518083111641444
2021-08-27,0.0,0.2073280926720725,3305.5780117092004,0.0,0.0,0.0,0.0,0.0,3305.5780117092004,1000734.1430446072,207480.3011492594,793253.8418953478,734.1430446072482,0.0007341430446072,1,"mom20@q0.6,hold_q=0.4,buy_top=10,hold_top=20,rebalance=20d,min_hold=5d,turnover_penalty=0.01,target_vol=0.18",0.0033141000043448443,1000000.0,972398.7682129578,1000734.1430446072,0.0007341430446072827,0.005296140252956771,987449.8556784543,-0.012550144321545775,13284.287366152974,0.013284287366153058
2021-08-30,0.0,0.2073280926720725,5669.808317824373,0.0,0.0,0.0,0.0,0.0,5669.808317824373,1006403.9513624316,208655.8116936102,797748.1396688215,6403.951362431631,0.0064039513624316,1,"mom20@q0.6,hold_q=0.4,buy_top=10,hold_top=20,rebalance=20d,min_hold=5d,turnover_penalty=0.01,target_vol=0.18",0.005665648921075794,1000000.0,972398.7682129578,1006403.9513624316,0.006403951362431659,-0.0028526799032118078,984632.9773197309,-0.015367022680269127,21770.97404270072,0.021770974042700786
2021-08-31,0.0,0.2073280926720725,939.1102714118866,0.0,0.0,0.0,0.0,0.0,939.1102714118866,1007343.0616338436,208850.5156349908,798492.5459988528,7343.061633843579,0.0073430616338436,1,"mom20@q0.6,hold_q=0.4,buy_top=10,hold_top=20,rebalance=20d,min_hold=5d,turnover_penalty=0.01,target_vol=0.18",0.0009331345233101196,1000000.0,972398.7682129578,1007343.0616338437,0.007343061633843684,-0.0015914336822993036,983065.9992349216,-0.01693400076507834,24277.062398922048,0.024277062398922022
2021-09-01,0.0,0.2073280926720725,-1456.3367420263498,0.0,0.0,0.0,0.0,0.0,-1456.3367420263498,1005886.7248918172,208548.5761159782,797338.148775839,5886.724891817197,0.0058867248918172,1,"mom20@q0.6,hold_q=0.4,buy_top=10,hold_top=20,rebalance=20d,min_hold=5d,turnover_penalty=0.01,target_vol=0.18",-0.0014457207256327598,1000000.0,972398.7682129578,1005886.7248918173,0.0058867248918172965,0.013286554672559792,996127.559380491,-0.0038724406195089767,9759.165511326282,0.009759165511326273
2021-09-02,0.0,0.2073280926720725,10240.919583171555,0.0,0.0,0.0,0.0,0.0,10240.919583171555,1016127.6444749888,210671.80644036524,805455.8380346235,16127.644474988803,0.0161276444749887,1,"mom20@q0.6,hold_q=0.4,buy_top=10,hold_top=20,rebalance=20d,min_hold=5d,turnover_penalty=0.01,target_vol=0.18",0.010180986914081203,1000000.0,972398.7682129578,1016127.6444749889,0.016127644474988934,-1.026807900672555e-05,996117.3310640106,-0.0038826689359894306,20010.3134109783,0.020010313410978364
2021-09-03,0.0,0.2073280926720725,-3106.432669555562,0.0,0.0,0.0,0.0,0.0,-3106.432669555562,1013021.2118054332,210027.7556799721,802993.456125461,13021.211805433151,0.0130212118054331,1,"mom20@q0.6,hold_q=0.4,buy_top=10,hold_top=20,rebalance=20d,min_hold=5d,turnover_penalty=0.01,target_vol=0.18",-0.0030571283897710133,1000000.0,972398.7682129578,1013021.2118054334,0.013021211805433364,-0.005411333200531332,990727.0082787992,-0.009272991721200774,22294.20352663414,0.022294203526634138
2021-09-06,0.0,0.2073280926720725,-323.3522946728175,0.0,0.0,0.0,0.0,0.0,-323.3522946728175,1012697.8595107604,209960.71566545643,802737.1438453039,12697.859510760403,0.0126978595107603,1,"mom20@q0.6,hold_q=0.4,buy_top=10,hold_top=20,rebalance=20d,min_hold=5d,turnover_penalty=0.01,target_vol=0.18",-0.0003191959762584018,1000000.0,972398.7682129578,1012697.8595107608,0.012697859510760745,0.018721634668990017,1009275.0373844963,0.00927503738449631,3422.822126264451,0.0034228221262644354
2021-09-07,0.0,0.2073280926720725,8455.70100702887,0.0,0.0,0.0,0.0,0.0,8455.70100702887,1021153.5605177892,211713.82002744905,809439.7404903402,21153.56051778921,0.0211535605177892,1,"mom20@q0.6,hold_q=0.4,buy_top=10,hold_top=20,rebalance=20d,min_hold=5d,turnover_penalty=0.01,target_vol=0.18",0.008349677969215596,1000000.0,972398.7682129578,1021153.5605177894,0.021153560517789494,0.011978766572147359,1021364.9074644204,0.021364907464420435,-211.34694663097616,-0.00021134694663094145
2021-09-08,0.0,0.2073280926720725,1271.4442807682562,0.0,0.0,0.0,0.0,0.0,1271.4442807682562,1022425.0047985576,211977.42614511956,810447.578653438,22425.004798557493,0.0224250047985574,1,"mom20@q0.6,hold_q=0.4,buy_top=10,hold_top=20,rebalance=20d,min_hold=5d,turnover_penalty=0.01,target_vol=0.18",0.0012451058586366859,1000000.0,972398.7682129578,1022425.004798558,0.022425004798557913,-0.004145945285539465,1017130.384441503,0.017130384441502944,5294.620357054984,0.005294620357054969
2021-09-09,0.0,0.2073280926720725,2145.3314259051767,0.0,0.0,0.0,0.0,0.0,2145.3314259051767,1024570.3362244628,212422.21361780196,812148.1226066608,24570.33622446272,0.0245703362244626,1,"mom20@q0.6,hold_q=0.4,buy_top=10,hold_top=20,rebalance=20d,min_hold=5d,turnover_penalty=0.01,target_vol=0.18",0.0020982775419580157,1000000.0,972398.7682129578,1024570.3362244632,0.02457033622446314,-0.00042637662329825243,1016696.7038227308,0.016696703822730807,7873.632401732379,0.007873632401732333
2021-09-10,0.0,0.2073280926720725,4109.057414798308,0.0,0.0,0.0,0.0,0.0,4109.057414798308,1028679.393639261,213274.1366542921,815405.2569849689,28679.39363926102,0.028679393639261,1,"mom20@q0.6,hold_q=0.4,buy_top=10,hold_top=20,rebalance=20d,min_hold=5d,turnover_penalty=0.01,target_vol=0.18",0.004010517647758505,1000000.0,972398.7682129578,1028679.3936392613,0.028679393639261308,0.008754509548270617,1025597.3848240421,0.025597384824042058,3082.00881521916,0.0030820088152192504
2021-09-13,0.0,0.2073280926720725,-598.8893385800961,0.0,0.0,0.0,0.0,0.0,-598.8893385800961,1028080.504300681,213149.97007000263,814930.5342306783,28080.504300680943,0.0280805043006808,1,"mom20@q0.6,hold_q=0.4,buy_top=10,hold_top=20,rebalance=20d,min_hold=5d,turnover_penalty=0.01,target_vol=0.18",-0.0005821924131884648,1000000.0,972398.7682129578,1028080.5043006813,0.02808050430068132,-0.00436020999218123,1021125.5648587773,0.021125564858777368,6954.93944190396,0.006954939441903951
2021-09-14,0.0,0.2073280926720725,972.3973309324545,0.0,0.0,0.0,0.0,0.0,972.3973309324545,1029052.9016316134,213351.57535394427,815701.326277669,29052.90163161338,0.0290529016316134,1,"mom20@q0.6,hold_q=0.4,buy_top=10,hold_top=20,rebalance=20d,min_hold=5d,turnover_penalty=0.01,target_vol=0.18",0.000945837730474075,1000000.0,972398.7682129578,1029052.9016316137,0.02905290163161367,-0.014924894724400284,1005885.3733028664,0.005885373302866315,23167.528328747372,0.023167528328747355
2021-09-15,0.0,0.2073280926720725,3785.3097182915535,0.0,0.0,0.0,0.0,0.0,3785.3097182915535,1032838.2113499048,214136.3763980107,818701.8349518941,32838.21134990489,0.0328382113499048,1,"mom20@q0.6,hold_q=0.4,buy_top=10,hold_top=20,rebalance=20d,min_hold=5d,turnover_penalty=0.01,target_vol=0.18",0.003678440352570478,1000000.0,972398.7682129578,1032838.211349905,0.032838211349905055,-0.010135932123420899,995689.7874351266,-0.004310212564873406,37148.423914778396,0.03714842391477846
2021-09-16,0.0,0.2073280926720725,-12739.142776656412,0.0,0.0,0.0,0.0,0.0,-12739.142776656412,1020099.0685732485,211495.1942238493,808603.8743493991,20099.068573248456,0.0200990685732485,1,"mom20@q0.6,hold_q=0.4,buy_top=10,hold_top=20,rebalance=20d,min_hold=5d,turnover_penalty=0.01,target_vol=0.18",-0.012334112580910883,1000000.0,972398.7682129578,1020099.0685732487,0.020099068573248724,-0.012249040539763167,983493.5428638055,-0.016506457136194475,36605.52570944314,0.0366055257094432
2021-09-17,0.0,0.2073280926720725,4282.810975860989,0.0,0.0,0.0,0.0,0.0,4282.810975860989,1024381.8795491096,212383.1412547496,811998.7382943599,24381.879549109493,0.0243818795491095,1,"mom20@q0.6,hold_q=0.4,buy_top=10,hold_top=20,rebalance=20d,min_hold=5d,turnover_penalty=0.01,target_vol=0.18",0.004198426513467135,1000000.0,972398.7682129578,1024381.8795491097,0.024381879549109753,0.010033903945753542,993361.8226041698,-0.006638177395830169,31020.05694493989,0.031020056944939922
2021-09-22,0.0,0.2073280926720725,4398.454896208024,0.0,0.0,0.0,0.0,0.0,4398.454896208024,1028780.3344453176,213295.06451908452,815485.269926233,28780.33444531751,0.0287803344453174,1,"mom20@q0.6,hold_q=0.4,buy_top=10,hold_top=20,rebalance=20d,min_hold=5d,turnover_penalty=0.01,target_vol=0.18",0.004293764839089054,1000000.0,972398.7682129578,1028780.3344453177,0.02878033444531769,-0.007036742628615533,986371.7911214118,-0.013628208878588177,42408.543323905906,0.04240854332390587
2021-09-23,0.0,0.2073280926720725,2280.611468462653,0.0,0.0,0.0,0.0,0.0,2280.611468462653,1031060.94591378,213767.89934496695,817293.0465688132,31060.94591378013,0.03106094591378,1,"mom20@q0.6,hold_q=0.4,buy_top=10,hold_top=20,rebalance=20d,min_hold=5d,turnover_penalty=0.01,target_vol=0.18",0.0022168109090965338,1000000.0,972398.7682129578,1031060.94591378,0.031060945913780058,0.006518353218838646,992801.3108610397,-0.007198689138960379,38259.63505274034,0.03825963505274044
2021-09-24,-9027.063421493349,0.2154253930907203,-8104.583757757855,161445.15830901216,153347.8578903643,437.5163790174229,492.24662382806935,929.7630028454922,-9034.346760603346,1022026.5991531768,220170.4818717452,801856.1172814316,22026.599153176765,0.0220265991531767,1,"mom20@q0.6,hold_q=0.4,buy_top=10,hold_top=20,rebalance=20d,min_hold=5d,turnover_penalty=0.01,target_vol=0.18",-0.008762185006043977,1000000.0,972398.7682129578,1022026.5991531768,0.02202659915317673,-0.0007768070551388284,992030.0957984119,-0.007969904201588163,29996.503354764893,0.029996503354764892
2021-09-27,0.0,0.2154253930907203,-12570.716657724864,0.0,0.0,0.0,0.0,0.0,-12570.716657724864,1009455.882495452,217462.4302943228,791993.4522011292,9455.882495451951,0.009455882495452,1,"mom20@q0.6,hold_q=0.4,buy_top=10,hold_top=20,rebalance=20d,min_hold=5d,turnover_penalty=0.01,target_vol=0.18",-0.012299794025067978,1000000.0,972398.7682129578,1009455.8824954521,0.00945588249545204,0.005761501867229679,997745.6790477023,-0.002254320952297606,11710.203447749722,0.011710203447749645
2021-09-28,0.0,0.2154253930907203,6109.836408680039,0.0,0.0,0.0,0.0,0.0,6109.836408680039,1015565.718904132,218778.64420438267,796787.0746997494,15565.718904132023,0.015565718904132,1,"mom20@q0.6,hold_q=0.4,buy_top=10,hold_top=20,rebalance=20d,min_hold=5d,turnover_penalty=0.01,target_vol=0.18",0.006052603699307824,1000000.0,972398.7682129578,1015565.718904132,0.015565718904132053,0.0013244843019906138,999067.17753698,-0.0009328224630199555,16498.541367152007,0.01649854136715201
2021-09-29,0.0,0.2154253930907203,-14876.326819818629,0.0,0.0,0.0,0.0,0.0,-14876.326819818629,1000689.3920843132,215573.9056514772,785115.4864328362,689.3920843133237,0.0006893920843134,1,"mom20@q0.6,hold_q=0.4,buy_top=10,hold_top=20,rebalance=20d,min_hold=5d,turnover_penalty=0.01,target_vol=0.18",-0.01464831526203092,1000000.0,972398.7682129578,1000689.3920843132,0.0006893920843131784,-0.01021739085922313,988859.3176894638,-0.01114068231053611,11830.074394849362,0.011830074394849288
2021-09-30,0.0,0.2154253930907203,7666.82087795036,0.0,0.0,0.0,0.0,0.0,7666.82087795036,1008356.2129622636,217225.53355286585,791130.6794093979,8356.21296226373,0.0083562129622636,1,"mom20@q0.6,hold_q=0.4,buy_top=10,hold_top=20,rebalance=20d,min_hold=5d,turnover_penalty=0.01,target_vol=0.18",0.007661539073559487,1000000.0,972398.7682129578,1008356.2129622636,0.008356212962263632,0.006712964399567145,995497.4950852935,-0.0045025049147064955,12858.71787697007,0.012858717876970127
2021-10-08,0.0,0.2154253930907203,-7180.122891626264,0.0,0.0,0.0,0.0,0.0,-7180.122891626264,1001176.0900706374,215678.75275649756,785497.3373141398,1176.0900706374086,0.0011760900706374,1,"mom20@q0.6,hold_q=0.4,buy_top=10,hold_top=20,rebalance=20d,min_hold=5d,turnover_penalty=0.01,target_vol=0.18",-0.0071206214622638875,1000000.0,972398.7682129578,1001176.0900706374,0.0011760900706374589,0.013061043321729748,1008499.7309952759,0.0084997309952759,-7323.6409246384865,-0.0073236409246384415
2021-10-11,0.0,0.2154253930907203,-6604.062613899966,0.0,0.0,0.0,0.0,0.0,-6604.062613899966,994572.0274567376,214256.0699719024,780315.9574848351,-5427.972543262527,-0.0054279725432625,1,"mom20@q0.6,hold_q=0.4,buy_top=10,hold_top=20,rebalance=20d,min_hold=5d,turnover_penalty=0.01,target_vol=0.18",-0.006596304765362326,1000000.0,972398.7682129578,994572.0274567377,-0.005427972543262327,0.0012677639078770842,1009778.2705553356,0.009778270555335533,-15206.243098597857,-0.01520624309859786
2021-10-12,0.0,0.2154253930907203,-9214.71870202843,0.0,0.0,0.0,0.0,0.0,-9214.71870202843,985357.3087547092,212270.9855732975,773086.3231814116,-14642.691245290916,-0.0146426912452909,1,"mom20@q0.6,hold_q=0.4,buy_top=10,hold_top=20,rebalance=20d,min_hold=5d,turnover_penalty=0.01,target_vol=0.18",-0.009265008916037765,1000000.0,972398.7682129578,985357.3087547093,-0.014642691245290718,-0.01060534541822733,999069.223200276,-0.0009307767997239758,-13711.914445566712,-0.013711914445566742
2021-10-13,0.0,0.2154253930907203,-2410.161509446225,0.0,0.0,0.0,0.0,0.0,-2410.161509446225,982947.1472452627,211751.77558271296,771195.3716625499,-17052.852754737134,-0.0170528527547371,1,"mom20@q0.6,hold_q=0.4,buy_top=10,hold_top=20,rebalance=20d,min_hold=5d,turnover_penalty=0.01,target_vol=0.18",-0.0024459771983549317,1000000.0,972398.7682129578,982947.1472452629,-0.017052852754737113,0.011521671471628858,1010580.1705674052,0.010580170567405123,-27633.02332214231,-0.027633023322142236
2021-10-14,0.0,0.2154253930907203,525.8586944776795,0.0,0.0,0.0,0.0,0.0,525.8586944776795,983473.0059397406,211865.058898681,771607.9470410596,-16526.99406025943,-0.0165269940602594,1,"mom20@q0.6,hold_q=0.4,buy_top=10,hold_top=20,rebalance=20d,min_hold=5d,turnover_penalty=0.01,target_vol=0.18",0.0005349816579167666,1000000.0,972398.7682129578,983473.0059397407,-0.01652699406025926,-0.005364253022705934,1005159.1628327523,0.0051591628327523065,-21686.15689301165,-0.021686156893011566
2021-10-15,0.0,0.2154253930907203,3358.78962548,0.0,0.0,0.0,0.0,0.0,3358.78962548,986831.7955652204,212588.62747405903,774243.1680911615,-13168.204434779473,-0.0131682044347795,1,"mom20@q0.6,hold_q=0.4,buy_top=10,hold_top=20,rebalance=20d,min_hold=5d,turnover_penalty=0.01,target_vol=0.18",0.003415233163690523,1000000.0,972398.7682129578,986831.7955652206,-0.013168204434779396,0.0037650525784505007,1008943.6399305289,0.008943639930528935,-22111.844365308294,-0.02211184436530833
2021-10-18,0.0,0.2154253930907203,9323.075238272091,0.0,0.0,0.0,0.0,0.0,9323.075238272091,996154.8708034926,214597.05462207817,781557.8161814144,-3845.129196507391,-0.0038451291965073,1,"mom20@q0.6,hold_q=0.4,buy_top=10,hold_top=20,rebalance=20d,min_hold=5d,turnover_penalty=0.01,target_vol=0.18",0.009447481607473218,1000000.0,972398.7682129578,996154.8708034927,-0.0038451291965072576,-0.011623828341217002,997215.8522540138,-0.002784147745986232,-1060.981450521038,-0.0010609814505210258
2021-10-19,0.0,0.2154253930907203,1647.547253162324,0.0,0.0,0.0,0.0,0.0,1647.547253162324,997802.418056655,214951.9781367262,782850.4399199288,-2197.581943345024,-0.002197581943345,1,"mom20@q0.6,hold_q=0.4,buy_top=10,hold_top=20,rebalance=20d,min_hold=5d,turnover_penalty=0.01,target_vol=0.18",0.001653906738249944,1000000.0,972398.7682129578,997802.4180566551,-0.0021975819433449617,0.009834289957700859,1007022.7620954955,0.007022762095495461,-9220.344038840383,-0.009220344038840422
2021-10-20,0.0,0.2154253930907203,1531.7324120093713,0.0,0.0,0.0,0.0,0.0,1531.7324120093713,999334.1504686644,215281.9521936931,784052.1982749712,-665.8495313356398,-0.0006658495313356,1,"mom20@q0.6,hold_q=0.4,buy_top=10,hold_top=20,rebalance=20d,min_hold=5d,turnover_penalty=0.01,target_vol=0.18",0.0015351059330890315,1000000.0,972398.7682129578,999334.1504686645,-0.0006658495313355273,-0.0025473721844834207,1004457.5003221919,0.004457500322191832,-5123.349853527383,-0.005123349853527359
2021-10-21,0.0,0.2154253930907203,455.57084652659466,0.0,0.0,0.0,0.0,0.0,455.57084652659466,999789.7213151908,215380.0937223868,784409.6275928041,-210.27868480910547,-0.000210278684809,1,"mom20@q0.6,hold_q=0.4,buy_top=10,hold_top=20,rebalance=20d,min_hold=5d,turnover_penalty=0.01,target_vol=0.18",0.0004558743902756124,1000000.0,972398.7682129578,999789.7213151909,-0.00021027868480905099,0.003633268026834058,1008106.9636424261,0.008106963642426024,-8317.242327235173,-0.008317242327235075
2021-10-22,0.0,0.2154253930907203,-5716.286061735416,0.0,0.0,0.0,0.0,0.0,-5716.286061735416,994073.4352534557,214148.66055051843,779924.7747029371,-5926.564746544464,-0.0059265647465445,1,"mom20@q0.6,hold_q=0.4,buy_top=10,hold_top=20,rebalance=20d,min_hold=5d,turnover_penalty=0.01,target_vol=0.18",-0.005717488327661058,1000000.0,972398.7682129578,994073.4352534558,-0.005926564746544183,0.006434632976326959,1014593.7619543443,0.014593761954344364,-20520.326700888574,-0.020520326700888547
2021-10-25,0.0,0.2154253930907203,9165.840037688096,0.0,0.0,0.0,0.0,0.0,9165.840037688096,1003239.2752911436,216123.215243644,787116.0600474996,3239.2752911435678,0.0032392752911436,1,"mom20@q0.6,hold_q=0.4,buy_top=10,hold_top=20,rebalance=20d,min_hold=5d,turnover_penalty=0.01,target_vol=0.18",0.00922048584403723,1000000.0,972398.7682129578,1003239.2752911439,0.0032392752911438727,0.003990136559853141,1018642.1296173173,0.01864212961731737,-15402.85432617343,-0.015402854326173498
2021-10-26,0.0,0.2154253930907203,-934.3347401491998,0.0,0.0,0.0,0.0,0.0,-934.3347401491998,1002304.9405509944,215921.93581496907,786383.0047360254,2304.940550994361,0.0023049405509942,1,"mom20@q0.6,hold_q=0.4,buy_top=10,hold_top=20,rebalance=20d,min_hold=5d,turnover_penalty=0.01,target_vol=0.18",-0.0009313179449419451,1000000.0,972398.7682129578,1002304.9405509947,0.0023049405509947274,-0.003297506586980248,1015283.1504851287,0.015283150485128738,-12978.209934134036,-0.01297820993413401
2021-10-27,0.0,0.2154253930907203,292.08233640250546,0.0,0.0,0.0,0.0,0.0,292.08233640250546,1002597.0228873967,215984.85776710344,786612.1651202934,2597.022887396859,0.0025970228873968,1,"mom20@q0.6,hold_q=0.4,buy_top=10,hold_top=20,rebalance=20d,min_hold=5d,turnover_penalty=0.01,target_vol=0.18",0.0002914106521731963,1000000.0,972398.7682129578,1002597.0228873971,0.002597022887397049,-0.013084564082932126,1001998.613040285,0.0019986130402849245,598.4098471121397,0.0005984098471121246
2021-10-28,0.0,0.2154253930907203,-9449.234807374103,0.0,0.0,0.0,0.0,0.0,-9449.234807374103,993147.7880800228,213949.2526443184,779198.5354357044,-6852.211919977213,-0.0068522119199772,1,"mom20@q0.6,hold_q=0.4,buy_top=10,hold_top=20,rebalance=20d,min_hold=5d,turnover_penalty=0.01,target_vol=0.18",-0.009424758493857266,1000000.0,972398.7682129578,993147.788080023,-0.00685221191997698,-0.006945465235925208,995039.2665069684,-0.0049607334930316105,-1891.4784269453958,-0.00189147842694537
2021-10-29,-80409.21626309663,0.2943454177598665,3849.160516674471,294345.41775986657,215425.3930907204,797.6760821292382,691.5155118212124,1489.1915939504506,2359.968922724021,995507.7570027468,293023.14661816123,702484.6103845856,-4492.242997253197,-0.0044922429972531,1,"mom20@q0.6,hold_q=0.4,buy_top=10,hold_top=20,rebalance=20d,min_hold=5d,turnover_penalty=0.01,target_vol=0.18",0.002376251501588156,1000000.0,972398.7682129578,995507.7570027472,-0.0044922429972528155,0.009175311565867705,1004169.0617974424,0.004169061797442364,-8661.304794695228,-0.00866130479469518
2021-11-01,0.0,0.2943454177598665,-2121.2720604816327,0.0,0.0,0.0,0.0,0.0,-2121.2720604816327,993386.4849422652,292398.75990733644,700987.7250349288,-6613.515057734796,-0.0066135150577347,1,"mom20@q0.6,hold_q=0.4,buy_top=10,hold_top=20,rebalance=20d,min_hold=5d,turnover_penalty=0.01,target_vol=0.18",-0.0021308443310057434,1000000.0,972398.7682129578,993386.4849422657,-0.006613515057734332,-0.003683203735355467,1000470.5025581016,0.00047050255810154873,-7084.017615835881,-0.00708401761583588
2021-11-02,0.0,0.2943454177598665,3341.604176541983,0.0,0.0,0.0,0.0,0.0,3341.604176541983,996728.0891188072,293382.3457846688,703345.7433341383,-3271.910881192889,-0.0032719108811929,1,"mom20@q0.6,hold_q=0.4,buy_top=10,hold_top=20,rebalance=20d,min_hold=5d,turnover_penalty=0.01,target_vol=0.18",0.003363851056153777,1000000.0,972398.7682129578,996728.0891188076,-0.003271910881192386,-0.01039526120036216,990070.3503607525,-0.009929649639247473,6657.738758055028,0.006657738758055087
2021-11-03,0.0,0.2943454177598665,-4396.289207186509,0.0,0.0,0.0,0.0,0.0,-4396.289207186509,992331.7999116208,292088.3182013863,700243.4817102344,-7668.200088379323,-0.0076682000883793,1,"mom20@q0.6,hold_q=0.4,buy_top=10,hold_top=20,rebalance=20d,min_hold=5d,turnover_penalty=0.01,target_vol=0.18",-0.004410720692213155,1000000.0,972398.7682129578,992331.7999116213,-0.007668200088378763,-0.0038720208270919265,986236.7773438694,-0.013763222656130503,6095.022567751817,0.00609502256775174
2021-11-04,0.0,0.2943454177598665,8527.670740048356,0.0,0.0,0.0,0.0,0.0,8527.670740048356,1000859.470651669,294598.3990078844,706261.0716437846,859.4706516689621,0.0008594706516689,1,"mom20@q0.6,hold_q=0.4,buy_top=10,hold_top=20,rebalance=20d,min_hold=5d,turnover_penalty=0.01,target_vol=0.18",0.008593567938473434,1000000.0,972398.7682129578,1000859.4706516693,0.0008594706516693584,0.009879467591488389,995980.2716231721,-0.004019728376827847,4879.199028497213,0.004879199028497205
2021-11-05,0.0,0.2943454177598665,-8410.170404719516,0.0,0.0,0.0,0.0,0.0,-8410.170404719516,992449.3002469494,292122.90388667554,700326.3963602739,-7550.699753050576,-0.0075506997530505,1,"mom20@q0.6,hold_q=0.4,buy_top=10,hold_top=20,rebalance=20d,min_hold=5d,turnover_penalty=0.01,target_vol=0.18",-0.008402948317253411,1000000.0,972398.7682129578,992449.3002469498,-0.007550699753050227,-0.005420293546174015,990581.7661847764,-0.009418233815223553,1867.534062173334,0.001867534062173326
2021-11-08,0.0,0.2943454177598665,10099.524276117045,0.0,0.0,0.0,0.0,0.0,10099.524276117045,1002548.8245230664,295095.6525789052,707453.1719441614,2548.82452306652,0.0025488245230664,1,"mom20@q0.6,hold_q=0.4,buy_top=10,hold_top=20,rebalance=20d,min_hold=5d,turnover_penalty=0.01,target_vol=0.18",0.010176362937234007,1000000.0,972398.7682129578,1002548.8245230668,0.002548824523066706,0.0012039608867595586,991774.3878864001,-0.008225612113599845,10774.43663666665,0.010774436636666551
2021-11-09,0.0,0.2943454177598665,4126.2879415609295,0.0,0.0,0.0,0.0,0.0,4126.2879415609295,1006675.1124646276,296310.2065268614,710364.9059377661,6675.112464627484,0.0066751124646273,1,"mom20@q0.6,hold_q=0.4,buy_top=10,hold_top=20,rebalance=20d,min_hold=5d,turnover_penalty=0.01,target_vol=0.18",0.004115797495971574,1000000.0,972398.7682129578,1006675.1124646281,0.006675112464628041,-0.0002970186750492765,991479.8123717624,-0.008520187628237696,15195.300092865713,0.015195300092865738
2021-11-10,0.0,0.2943454177598665,-5055.796943477723,0.0,0.0,0.0,0.0,0.0,-5055.796943477723,1001619.3155211498,294822.05586342444,706797.2596577253,1619.3155211497797,0.0016193155211496,1,"mom20@q0.6,hold_q=0.4,buy_top=10,hold_top=20,rebalance=20d,min_hold=5d,turnover_penalty=0.01,target_vol=0.18",-0.005022272708321784,1000000.0,972398.7682129578,1001619.3155211501,0.001619315521150133,-0.0052715846115121145,986253.1426502385,-0.013746857349761554,15366.172870911658,0.015366172870911687
2021-11-11,0.0,0.2943454177598665,1345.176262952912,0.0,0.0,0.0,0.0,0.0,1345.176262952912,1002964.4917841026,295218.002332504,707746.4894515986,2964.4917841026327,0.0029644917841027,1,"mom20@q0.6,hold_q=0.4,buy_top=10,hold_top=20,rebalance=20d,min_hold=5d,turnover_penalty=0.01,target_vol=0.18",0.001343001519747089,1000000.0,972398.7682129578,1002964.4917841032,0.002964491784103185,0.016066572775601085,1002098.8505417939,0.0020988505417938175,865.641242309357,0.0008656412423093673
2021-11-12,0.0,0.2943454177598665,3851.8047498259466,0.0,0.0,0.0,0.0,0.0,3851.8047498259466,1006816.2965339286,296351.7634107209,710464.5331232077,6816.296533928602,0.0068162965339286,1,"mom20@q0.6,hold_q=0.4,buy_top=10,hold_top=20,rebalance=20d,min_hold=5d,turnover_penalty=0.01,target_vol=0.18",0.0038404198567132397,1000000.0,972398.7682129578,1006816.2965339291,0.006816296533929123,-0.0020964959733803523,999997.9543367039,-2.045663296090794e-06,6818.342197225196,0.006818342197225213
2021-11-15,0.0,0.2943454177598665,-9837.750225974129,0.0,0.0,0.0,0.0,0.0,-9837.750225974129,996978.5463079544,293456.06671063934,703522.4795973152,-3021.4536920455284,-0.0030214536920455,1,"mom20@q0.6,hold_q=0.4,buy_top=10,hold_top=20,rebalance=20d,min_hold=5d,turnover_penalty=0.01,target_vol=0.18",-0.009771147189255647,1000000.0,972398.7682129578,996978.5463079548,-0.003021453692045206,-0.001227400488505448,998770.5563590466,-0.0012294436409533427,-1792.0100510917837,-0.0017920100510918635
2021-11-16,0.0,0.2943454177598665,-3165.4897049972133,0.0,0.0,0.0,0.0,0.0,-3165.4897049972133,993813.0566029572,292524.3193210073,701288.7372819498,-6186.943397042807,-0.0061869433970428,1,"mom20@q0.6,hold_q=0.4,buy_top=10,hold_top=20,rebalance=20d,min_hold=5d,turnover_penalty=0.01,target_vol=0.18",-0.0031750830714659672,1000000.0,972398.7682129578,993813.0566029577,-0.006186943397042288,0.00019252905345346072,998962.8487088796,-0.001037151291120475,-5149.792105921893,-0.005149792105921813
2021-11-17,0.0,0.2943454177598665,7012.11978543214,0.0,0.0,0.0,0.0,0.0,7012.11978543214,1000825.1763883894,294588.30464863265,706236.8717397568,825.1763883894309,0.0008251763883895,1,"mom20@q0.6,hold_q=0.4,buy_top=10,hold_top=20,rebalance=20d,min_hold=5d,turnover_penalty=0.01,target_vol=0.18",0.007055773456429604,1000000.0,972398.7682129578,1000825.17638839,0.0008251763883899699,0.00049761228017009,999459.9448898308,-0.0005400551101691908,1365.2314985592384,0.0013652314985591607
2021-11-18,0.0,0.2943454177598665,-812.9721934932421,0.0,0.0,0.0,0.0,0.0,-812.9721934932421,1000012.2041948962,294349.0100087117,705663.1941861844,12.204194896155968,1.2204194896225928e-05,1,"mom20@q0.6,hold_q=0.4,buy_top=10,hold_top=20,rebalance=20d,min_hold=5d,turnover_penalty=0.01,target_vol=0.18",-0.0008123019011442301,1000000.0,972398.7682129578,1000012.2041948966,1.2204194896670018e-05,-0.009851097579696044,989614.1674457235,-0.010385832554276497,10398.036749173072,0.010398036749173167
2021-11-19,0.0,0.2943454177598665,2561.547205877843,0.0,0.0,0.0,0.0,0.0,2561.547205877843,1002573.751400774,295102.9896911374,707470.7617096365,2573.751400773996,0.0025737514007739,1,"mom20@q0.6,hold_q=0.4,buy_top=10,hold_top=20,rebalance=20d,min_hold=5d,turnover_penalty=0.01,target_vol=0.18",0.0025615159446379376,1000000.0,972398.7682129578,1002573.7514007745,0.0025737514007744267,0.01084004117727333,1000341.6257704482,0.0003416257704482728,2232.12563032622,0.002232125630326154
2021-11-22,0.0,0.2943454177598665,13158.10511389831,0.0,0.0,0.0,0.0,0.0,13158.10511389831,1015731.8565146724,298976.017637816,716755.8388768563,15731.856514672285,0.0157318565146722,1,"mom20@q0.6,hold_q=0.4,buy_top=10,hold_top=20,rebalance=20d,min_hold=5d,turnover_penalty=0.01,target_vol=0.18",0.013124326360543837,1000000.0,972398.7682129578,1015731.8565146729,0.015731856514672904,0.0045684511028492025,1004911.6375739253,0.00491163757392532,10820.218940747553,0.010820218940747584
2021-11-23,0.0,0.2943454177598665,501.23025164812304,0.0,0.0,0.0,0.0,0.0,501.23025164812304,1016233.0867663204,299123.5524656313,717109.5343006891,16233.086766320395,0.0162330867663202,1,"mom20@q0.6,hold_q=0.4,buy_top=10,hold_top=20,rebalance=20d,min_hold=5d,turnover_penalty=0.01,target_vol=0.18",0.0004934670980665246,1000000.0,972398.7682129578,1016233.086766321,0.01623308676632096,0.00019338816057334896,1005105.9755870544,0.00510597558705439,11127.11117926659,0.011127111179266569
2021-11-24,0.0,0.2943454177598665,-3954.910001743396,0.0,0.0,0.0,0.0,0.0,-3954.910001743396,1012278.176764577,297959.4428289655,714318.7339356116,12278.176764577043,0.0122781767645769,1,"mom20@q0.6,hold_q=0.4,buy_top=10,hold_top=20,rebalance=20d,min_hold=5d,turnover_penalty=0.01,target_vol=0.18",-0.003891735127743212,1000000.0,972398.7682129578,1012278.1767645776,0.012278176764577653,0.0006736747840068169,1005783.090138062,0.005783090138061997,6495.086626515607,0.006495086626515656
2021-11-25,0.0,0.2943454177598665,-412.4517605412684,0.0,0.0,0.0,0.0,0.0,-412.4517605412684,1011865.7250040356,297838.03954320314,714027.6854608327,11865.725004035748,0.0118657250040357,1,"mom20@q0.6,hold_q=0.4,buy_top=10,hold_top=20,rebalance=20d,min_hold=5d,turnover_penalty=0.01,target_vol=0.18",-0.0004074490293366484,1000000.0,972398.7682129578,1011865.7250040361,0.011865725004036154,-0.00411254794921756,1001646.7589533571,0.0016467589533570859,10218.96605067898,0.010218966050679068
2021-11-26,32799.88872861131,0.2600439169715997,-825.7056938290938,235051.392250888,269352.8930391549,636.9892729999063,864.622786655687,1501.6120596555934,-2327.3177534846877,1009538.407250551,262524.3217547033,747014.0854958477,9538.40725055104,0.0095384072505511,1,"mom20@q0.6,hold_q=0.4,buy_top=10,hold_top=20,rebalance=20d,min_hold=5d,turnover_penalty=0.01,target_vol=0.18",-0.002300026274212774,1000000.0,972398.7682129578,1009538.4072505515,0.00953840725055155,-0.007415591736036675,994218.9555252347,-0.005781044474765351,15319.451725316816,0.015319451725316902
2021-11-29,0.0,0.2600439169715997,3314.060655961732,0.0,0.0,0.0,0.0,0.0,3314.060655961732,1012852.4679065128,263386.123068761,749466.3448377517,12852.467906512786,0.0128524679065127,1,"mom20@q0.6,hold_q=0.4,buy_top=10,hold_top=20,rebalance=20d,min_hold=5d,turnover_penalty=0.01,target_vol=0.18",0.003282748464209062,1000000.0,972398.7682129578,1012852.4679065134,0.012852467906513398,-0.001792133132241358,992437.1827943354,-0.00756281720566454,20415.285112177953,0.02041528511217794
2021-11-30,0.0,0.2600439169715997,-1642.6335714246454,0.0,0.0,0.0,0.0,0.0,-1642.6335714246454,1011209.834335088,262958.96620069875,748250.8681343894,11209.834335088148,0.0112098343350881,1,"mom20@q0.6,hold_q=0.4,buy_top=10,hold_top=20,rebalance=20d,min_hold=5d,turnover_penalty=0.01,target_vol=0.18",-0.0016217895729868648,1000000.0,972398.7682129578,1011209.8343350886,0.011209834335088598,-0.003996767956598313,988470.6416632063,-0.011529358336793694,22739.192671882338,0.02273919267188229
2021-12-01,0.0,0.2600439169715997,-2774.3481490148747,0.0,0.0,0.0,0.0,0.0,-2774.3481490148747,1008435.4861860732,262237.513840986,746197.9723450872,8435.486186073278,0.0084354861860733,1,"mom20@q0.6,hold_q=0.4,buy_top=10,hold_top=20,rebalance=20d,min_hold=5d,turnover_penalty=0.01,target_vol=0.18",-0.002743592926822247,1000000.0,972398.7682129578,1008435.4861860739,0.008435486186073815,0.0024461768656238725,990888.6156791912,-0.009111384320808824,17546.870506882668,0.01754687050688264
2021-12-02,0.0,0.2600439169715997,-3840.148590573797,0.0,0.0,0.0,0.0,0.0,-3840.148590573797,1004595.3375954996,261238.90655974025,743356.4310357593,4595.33759549947,0.0045953375954994,1,"mom20@q0.6,hold_q=0.4,buy_top=10,hold_top=20,rebalance=20d,min_hold=5d,turnover_penalty=0.01,target_vol=0.18",-0.0038080260395210175,1000000.0,972398.7682129578,1004595.3375955002,0.004595337595500126,0.002541366887909291,993406.8271966845,-0.006593172803315506,11188.510398815619,0.011188510398815632
2021-12-03,0.0,0.2600439169715997,1165.5003663739922,0.0,0.0,0.0,0.0,0.0,1165.5003663739922,1005760.8379618736,261541.98784024396,744218.8501216295,5760.837961873505,0.0057608379618734,1,"mom20@q0.6,hold_q=0.4,buy_top=10,hold_top=20,rebalance=20d,min_hold=5d,turnover_penalty=0.01,target_vol=0.18",0.0011601689981597385,1000000.0,972398.7682129578,1005760.8379618743,0.005760837961874321,0.0092377516391553,1002583.6727429687,0.002583672742968668,3177.165218905662,0.003177165218905653
2021-12-06,0.0,0.2600439169715997,-3280.0151302965646,0.0,0.0,0.0,0.0,0.0,-3280.0151302965646,1002480.8228315768,260689.0398580355,741791.7829735414,2480.822831576923,0.0024808228315769,1,"mom20@q0.6,hold_q=0.4,buy_top=10,hold_top=20,rebalance=20d,min_hold=5d,turnover_penalty=0.01,target_vol=0.18",-0.0032612277258116107,1000000.0,972398.7682129578,1002480.8228315776,0.002480822831577578,-0.0017139289372417599,1000865.3155742484,0.0008653155742484042,1615.5072573291836,0.001615507257329174
2021-12-07,0.0,0.2600439169715997,-3267.2876789216284,0.0,0.0,0.0,0.0,0.0,-3267.2876789216284,999213.5351526552,259839.40157213568,739374.1335805196,-786.4648473446723,-0.0007864648473446,1,"mom20@q0.6,hold_q=0.4,buy_top=10,hold_top=20,rebalance=20d,min_hold=5d,turnover_penalty=0.01,target_vol=0.18",-0.0032592021757512635,1000000.0,972398.7682129578,999213.535152656,-0.000786464847344015,0.006025401523110485,1006895.9309711378,0.006895930971137831,-7682.395818481804,-0.007682395818481846
2021-12-08,0.0,0.2600439169715997,7659.906393717661,0.0,0.0,0.0,0.0,0.0,7659.906393717661,1006873.441546373,261831.31363439385,745042.1279119791,6873.441546372953,0.0068734415463729,1,"mom20@q0.6,hold_q=0.4,buy_top=10,hold_top=20,rebalance=20d,min_hold=5d,turnover_penalty=0.01,target_vol=0.18",0.007665935382417999,1000000.0,972398.7682129578,1006873.4415463737,0.006873441546373593,0.014999695252026601,1021999.0630862106,0.02199906308621058,-15125.621539836982,-0.015125621539836986
2021-12-09,0.0,0.2600439169715997,726.1320934767014,0.0,0.0,0.0,0.0,0.0,726.1320934767014,1007599.5736398496,262020.1398682203,745579.4337716294,7599.573639849666,0.0075995736398497,1,"mom20@q0.6,hold_q=0.4,buy_top=10,hold_top=20,rebalance=20d,min_hold=5d,turnover_penalty=0.01,target_vol=0.18",0.0007211751383187082,1000000.0,972398.7682129578,1007599.5736398502,0.007599573639850199,0.016565484304223554,1038928.9725246964,0.038928972524696404,-31329.39888484613,-0.031329398884846205
2021-12-10,0.0,0.2600439169715997,1560.1373748362769,0.0,0.0,0.0,0.0,0.0,1560.1373748362769,1009159.711014686,262425.8441021865,746733.8669124994,9159.71101468592,0.0091597110146859,1,"mom20@q0.6,hold_q=0.4,buy_top=10,hold_top=20,rebalance=20d,min_hold=5d,turnover_penalty=0.01,target_vol=0.18",0.001548370419809375,1000000.0,972398.7682129578,1009159.7110146866,0.0091597110146866,-0.00464096056266472,1034107.3441357996,0.03410734413579952,-24947.633121112944,-0.024947633121112922
2021-12-13,0.0,0.2600439169715997,8538.719759623804,0.0,0.0,0.0,0.0,0.0,8538.719759623804,1017698.4307743096,264646.28623440186,753052.1445399078,17698.430774309672,0.0176984307743097,1,"mom20@q0.6,hold_q=0.4,buy_top=10,hold_top=20,rebalance=20d,min_hold=5d,turnover_penalty=0.01,target_vol=0.18",0.008461217452922387,1000000.0,972398.7682129578,1017698.4307743103,0.017698430774310214,0.005673455823007156,1039974.3064690012,0.03997430646900124,-22275.87569469097,-0.022275875694691027
2021-12-14,0.0,0.2600439169715997,-4588.394435377396,0.0,0.0,0.0,0.0,0.0,-4588.394435377396,1013110.0363389323,263453.10217281565,749656.9341661166,13110.036338932348,0.0131100363389322,1,"mom20@q0.6,hold_q=0.4,buy_top=10,hold_top=20,rebalance=20d,min_hold=5d,turnover_penalty=0.01,target_vol=0.18",-0.004508599302728733,1000000.0,972398.7682129578,1013110.0363389329,0.013110036338932929,-0.006707580943388858,1032998.5946293157,0.03299859462931565,-19888.55829038273,-0.01988855829038272
2021-12-15,0.0,0.2600439169715997,2908.059743789363,0.0,0.0,0.0,0.0,0.0,2908.059743789363,1016018.0960827216,264209.32541937806,751808.7706633436,16018.09608272172,0.0160180960827216,1,"mom20@q0.6,hold_q=0.4,buy_top=10,hold_top=20,rebalance=20d,min_hold=5d,turnover_penalty=0.01,target_vol=0.18",0.0028704283241514084,1000000.0,972398.7682129578,1016018.0960827223,0.01601809608272231,-0.008673782600946645,1024038.5893924176,0.024038589392417542,-8020.493309695274,-0.008020493309695231
2021-12-16,0.0,0.2600439169715997,4975.007876157426,0.0,0.0,0.0,0.0,0.0,4975.007876157426,1020993.1039588792,265503.0459544586,755490.0580044205,20993.10395887913,0.0209931039588791,1,"mom20@q0.6,hold_q=0.4,buy_top=10,hold_top=20,rebalance=20d,min_hold=5d,turnover_penalty=0.01,target_vol=0.18",0.004896574082035476,1000000.0,972398.7682129578,1020993.10395888,0.02099310395887999,0.005759204139115903,1029936.2366750608,0.029936236675060846,-8943.132716180873,-0.008943132716180857
2021-12-17,0.0,0.2600439169715997,-3453.19679590741,0.0,0.0,0.0,0.0,0.0,-3453.19679590741,1017539.9071629716,264605.06313357706,752934.8440293947,17539.90716297168,0.0175399071629716,1,"mom20@q0.6,hold_q=0.4,buy_top=10,hold_top=20,rebalance=20d,min_hold=5d,turnover_penalty=0.01,target_vol=0.18",-0.0033821940447178456,1000000.0,972398.7682129578,1017539.9071629723,0.017539907162972268,-0.015883672014189276,1013577.0672961856,0.013577067296185685,3962.839866786613,0.003962839866786583
2021-12-20,0.0,0.2600439169715997,-10603.28204178172,0.0,0.0,0.0,0.0,0.0,-10603.28204178172,1006936.62512119,261847.74413867752,745088.8809825125,6936.62512118998,0.0069366251211899,1,"mom20@q0.6,hold_q=0.4,buy_top=10,hold_top=20,rebalance=20d,min_hold=5d,turnover_penalty=0.01,target_vol=0.18",-0.01042050731095634,1000000.0,972398.7682129578,1006936.6251211907,0.006936625121190643,-0.015003753965883382,998369.606353012,-0.0016303936469879154,8567.018768178648,0.008567018768178558
2021-12-21,0.0,0.2600439169715997,5797.80847111014,0.0,0.0,0.0,0.0,0.0,5797.80847111014,1012734.4335923002,263355.4289633561,749379.004628944,12734.433592300164,0.0127344335923,1,"mom20@q0.6,hold_q=0.4,buy_top=10,hold_top=20,rebalance=20d,min_hold=5d,turnover_penalty=0.01,target_vol=0.18",0.005757868297235014,1000000.0,972398.7682129578,1012734.4335923007,0.012734433592300753,0.00677605615910104,1005134.6148731996,0.005134614873199661,7599.818719101138,0.007599818719101092
2021-12-22,0.0,0.2600439169715997,6459.440937035215,0.0,0.0,0.0,0.0,0.0,6459.440937035215,1019193.8745293352,265035.1672860694,754158.7072432658,19193.8745293353,0.0191938745293354,1,"mom20@q0.6,hold_q=0.4,buy_top=10,hold_top=20,rebalance=20d,min_hold=5d,turnover_penalty=0.01,target_vol=0.18",0.006378217944187581,1000000.0,972398.7682129578,1019193.8745293359,0.019193874529335853,0.0001953804729428743,1005330.9985496248,0.005330998549624821,13862.875979711069,0.013862875979711031
2021-12-23,0.0,0.2600439169715997,-1039.8166189710869,0.0,0.0,0.0,0.0,0.0,-1039.8166189710869,1018154.0579103642,264764.76929954,753389.2886108242,18154.05791036424,0.0181540579103642,1,"mom20@q0.6,hold_q=0.4,buy_top=10,hold_top=20,rebalance=20d,min_hold=5d,turnover_penalty=0.01,target_vol=0.18",-0.0010202343685111748,1000000.0,972398.7682129578,1018154.0579103649,0.01815405791036495,0.0069773830235326795,1012345.5779919361,0.01234557799193614,5808.479918428813,0.0058084799184288105
2021-12-24,-53251.80954066293,0.3118901851954704,-5127.669737205512,265535.10773492145,213688.83951105067,719.6001419616371,685.9411748304725,1405.5413167921097,-6533.211053997622,1011620.8468563666,315514.61327363085,696106.2335827358,11620.84685636661,0.0116208468563665,1,"mom20@q0.6,hold_q=0.4,buy_top=10,hold_top=20,rebalance=20d,min_hold=5d,turnover_penalty=0.01,target_vol=0.18",-0.006416721519930113,1000000.0,972398.7682129578,1011620.8468563674,0.01162084685636744,-0.0055367628931808355,1006740.4605606347,0.006740460560634709,4880.386295732693,0.00488038629573273
2021-12-27,0.0,0.3118901851954704,-3164.376515717826,0.0,0.0,0.0,0.0,0.0,-3164.376515717826,1008456.4703406488,314527.6752961154,693928.7950445334,8456.470340648782,0.0084564703406488,1,"mom20@q0.6,hold_q=0.4,buy_top=10,hold_top=20,rebalance=20d,min_hold=5d,turnover_penalty=0.01,target_vol=0.18",-0.0031280262022587157,1000000.0,972398.7682129578,1008456.4703406496,0.008456470340649558,-0.00041045731447131306,1006327.2365748235,0.0063272365748234805,2129.233765826095,0.0021292337658260774
2021-12-28,0.0,0.3118901851954704,-2567.348969683308,0.0,0.0,0.0,0.0,0.0,-2567.348969683308,1005889.1213709656,313726.9443504995,692162.177020466,5889.1213709654985,0.0058891213709655,1,"mom20@q0.6,hold_q=0.4,buy_top=10,hold_top=20,rebalance=20d,min_hold=5d,turnover_penalty=0.01,target_vol=0.18",-0.00254582031569095,1000000.0,972398.7682129578,1005889.1213709664,0.005889121370966421,0.007448183895335303,1013822.5468917175,0.013822546891717469,-7933.425520751043,-0.007933425520751047
2021-12-29,0.0,0.3118901851954704,-3079.456841816555,0.0,0.0,0.0,0.0,0.0,-3079.456841816555,1002809.664529149,312766.4919858039,690043.172543345,2809.664529148955,0.0028096645291488,1,"mom20@q0.6,hold_q=0.4,buy_top=10,hold_top=20,rebalance=20d,min_hold=5d,turnover_penalty=0.01,target_vol=0.18",-0.0030614277223910413,1000000.0,972398.7682129578,1002809.6645291498,0.002809664529149769,-0.01462481537381266,998995.5793216175,-0.0010044206783824672,3814.0852075322764,0.0038140852075322362
2021-12-30,0.0,0.3118901851954704,3942.9560687958256,0.0,0.0,0.0,0.0,0.0,3942.9560687958256,1006752.6205979448,313996.2612843182,692756.3593136265,6752.620597944828,0.0067526205979449,1,"mom20@q0.6,hold_q=0.4,buy_top=10,hold_top=20,rebalance=20d,min_hold=5d,turnover_penalty=0.01,target_vol=0.18",0.003931908724321254,1000000.0,972398.7682129578,1006752.6205979455,0.006752620597945569,0.007787479420413357,1006775.2368366685,0.0067752368366684745,-22.616238722926937,-2.2616238722905635e-05
2021-12-31,0.0,0.3118901851954704,920.1183295262074,0.0,0.0,0.0,0.0,0.0,920.1183295262074,1007672.738927471,314283.23716051586,693389.5017669551,7672.738927470986,0.0076727389274708,1,"mom20@q0.6,hold_q=0.4,buy_top=10,hold_top=20,rebalance=20d,min_hold=5d,turnover_penalty=0.01,target_vol=0.18",0.0009139467935823653,1000000.0,972398.7682129578,1007672.7389274718,0.007672738927471778,0.003832157203784936,1010633.3578131044,0.010633357813104372,-2960.6188856326044,-0.0029606188856325932
2022-01-04,0.0,0.3118901851954704,608.4571685360279,0.0,0.0,0.0,0.0,0.0,608.4571685360279,1008281.196096007,314473.0089794941,693808.1871165129,8281.196096007014,0.0082811960960069,1,"mom20@q0.6,hold_q=0.4,buy_top=10,hold_top=20,rebalance=20d,min_hold=5d,turnover_penalty=0.01,target_vol=0.18",0.0006038241832200253,1000000.0,972398.7682129578,1008281.1960960076,0.008281196096007637,-0.004574556156724974,1006010.1587639287,0.006010158763928741,2271.0373320789076,0.0022710373320788957
2022-01-05,0.0,0.3118901851954704,-9648.065165377224,0.0,0.0,0.0,0.0,0.0,-9648.065165377224,998633.1309306298,311463.8721482866,687169.2587823432,-1366.8690693702083,-0.0013668690693702,1,"mom20@q0.6,hold_q=0.4,buy_top=10,hold_top=20,rebalance=20d,min_hold=5d,turnover_penalty=0.01,target_vol=0.18",-0.009568823858596032,1000000.0,972398.7682129578,998633.1309306305,-0.0013668690693695584,-0.010096039465042228,995853.4404988148,-0.004146559501185143,2779.6904318156885,0.0027796904318155846
2022-01-06,0.0,0.3118901851954704,-4379.651031815864,0.0,0.0,0.0,0.0,0.0,-4379.651031815864,994253.479898814,310097.901976882,684155.5779219319,-5746.520101186121,-0.0057465201011861,1,"mom20@q0.6,hold_q=0.4,buy_top=10,hold_top=20,rebalance=20d,min_hold=5d,turnover_penalty=0.01,target_vol=0.18",-0.0043856456351837325,1000000.0,972398.7682129578,994253.4798988146,-0.005746520101185371,-0.010248309408971035,985647.6263145945,-0.014352373685405428,8605.85358422005,0.008605853584220058
2022-01-07,0.0,0.3118901851954704,-4763.914205535963,0.0,0.0,0.0,0.0,0.0,-4763.914205535963,989489.565693278,308612.0838930621,680877.4818002159,-10510.434306722018,-0.010510434306722,1,"mom20@q0.6,hold_q=0.4,buy_top=10,hold_top=20,rebalance=20d,min_hold=5d,turnover_penalty=0.01,target_vol=0.18",-0.0047914483598496815,1000000.0,972398.7682129578,989489.5656932786,-0.010510434306721383,0.000859236690652132,986494.5309191783,-0.01350546908082173,2995.0347741002915,0.002995034774100347
2022-01-10,0.0,0.3118901851954704,4896.810595179835,0.0,0.0,0.0,0.0,0.0,4896.810595179835,994386.3762884578,310139.3510564599,684247.025231998,-5613.623711542226,-0.0056136237115422,1,"mom20@q0.6,hold_q=0.4,buy_top=10,hold_top=20,rebalance=20d,min_hold=5d,turnover_penalty=0.01,target_vol=0.18",0.004948824894124959,1000000.0,972398.7682129578,994386.3762884584,-0.0056136237115416154,0.004495714762658309,990929.5289451133,-0.009070471054886675,3456.8473433450563,0.0034568473433450597
2022-01-11,0.0,0.3118901851954704,-6886.676304701935,0.0,0.0,0.0,0.0,0.0,-6886.676304701935,987499.6999837558,307991.4643084051,679508.2356753508,-12500.300016244177,-0.0125003000162441,1,"mom20@q0.6,hold_q=0.4,buy_top=10,hold_top=20,rebalance=20d,min_hold=5d,turnover_penalty=0.01,target_vol=0.18",-0.006925553757490599,1000000.0,972398.7682129578,987499.6999837564,-0.012500300016243582,-0.009553988914234979,981462.1992107836,-0.018537800789216408,6037.500772972824,0.006037500772972826
2022-01-12,0.0,0.3118901851954704,3855.489442511455,0.0,0.0,0.0,0.0,0.0,3855.489442511455,991355.1894262672,309193.9536246492,682161.2358016181,-8644.810573732713,-0.0086448105737326,1,"mom20@q0.6,hold_q=0.4,buy_top=10,hold_top=20,rebalance=20d,min_hold=5d,turnover_penalty=0.01,target_vol=0.18",0.0039042942925195945,1000000.0,972398.7682129578,991355.1894262678,-0.008644810573732231,0.009965046261075416,991242.5154294159,-0.008757484570584118,112.67399685189594,0.0001126739968518864
2022-01-13,0.0,0.3118901851954704,-8494.840397308508,0.0,0.0,0.0,0.0,0.0,-8494.840397308508,982860.3490289588,306544.4962799267,676315.8527490322,-17139.650971041177,-0.0171396509710411,1,"mom20@q0.6,hold_q=0.4,buy_top=10,hold_top=20,rebalance=20d,min_hold=5d,turnover_penalty=0.01,target_vol=0.18",-0.008568917062132475,1000000.0,972398.7682129578,982860.3490289595,-0.017139650971040532,-0.016439724449911042,974946.7616127195,-0.025053238387280463,7913.587416240014,0.007913587416239931
2022-01-14,0.0,0.3118901851954704,985.7058958733649,0.0,0.0,0.0,0.0,0.0,985.7058958733649,983846.0549248322,306851.9282743389,676994.1266504934,-16153.945075167809,-0.0161539450751677,1,"mom20@q0.6,hold_q=0.4,buy_top=10,hold_top=20,rebalance=20d,min_hold=5d,turnover_penalty=0.01,target_vol=0.18",0.0010028951690310706,1000000.0,972398.7682129578,983846.0549248328,-0.01615394507516721,-0.008222966394736075,966929.8071553214,-0.0330701928446786,16916.24776951142,0.016916247769511394
2022-01-17,0.0,0.3118901851954704,5978.70469483874,0.0,0.0,0.0,0.0,0.0,5978.70469483874,989824.7596196708,308716.6275888412,681108.1320308298,-10175.24038032908,-0.0101752403803291,1,"mom20@q0.6,hold_q=0.4,buy_top=10,hold_top=20,rebalance=20d,min_hold=5d,turnover_penalty=0.01,target_vol=0.18",0.006076870121002109,1000000.0,972398.7682129578,989824.7596196713,-0.010175240380328687,0.00857886953559861,975224.9718209885,-0.02477502817901156,14599.78779868281,0.014599787798682873
2022-01-18,0.0,0.3118901851954704,3836.756928429894,0.0,0.0,0.0,0.0,0.0,3836.756928429894,993661.5165481007,309913.2744177992,683748.2421303017,-6338.483451899141,-0.0063384834518991,1,"mom20@q0.6,hold_q=0.4,buy_top=10,hold_top=20,rebalance=20d,min_hold=5d,turnover_penalty=0.01,target_vol=0.18",0.0038761981766390896,1000000.0,972398.7682129578,993661.5165481013,-0.006338483451898691,0.00966379151214114,984649.3426261002,-0.015350657373899845,9012.173922001151,0.009012173922001154
2022-01-19,0.0,0.3118901851954704,136.4261351064825,0.0,0.0,0.0,0.0,0.0,136.4261351064825,993797.9426832072,309955.8243903431,683842.1182928642,-6202.057316792663,-0.0062020573167926,1,"mom20@q0.6,hold_q=0.4,buy_top=10,hold_top=20,rebalance=20d,min_hold=5d,turnover_penalty=0.01,target_vol=0.18",0.00013729638597692606,1000000.0,972398.7682129578,993797.9426832078,-0.006202057316792242,-0.006849699273894561,977904.7907388734,-0.022095209261126625,15893.151944334386,0.015893151944334383
2022-01-20,0.0,0.3118901851954704,119.4135941975228,0.0,0.0,0.0,0.0,0.0,119.4135941975228,993917.3562774048,309993.06831835216,683924.2879590527,-6082.643722595181,-0.0060826437225951,1,"mom20@q0.6,hold_q=0.4,buy_top=10,hold_top=20,rebalance=20d,min_hold=5d,turnover_penalty=0.01,target_vol=0.18",0.00012015882612437245,1000000.0,972398.7682129578,993917.3562774054,-0.006082643722594594,0.009022295298700023,986727.736534933,-0.013272263465067047,7189.619742472423,0.007189619742472453
2022-01-21,0.0,0.3118901851954704,-6357.348879319282,0.0,0.0,0.0,0.0,0.0,-6357.348879319282,987560.0073980856,308010.27359902905,679549.7337990565,-12439.992601914448,-0.0124399926019144,1,"mom20@q0.6,hold_q=0.4,buy_top=10,hold_top=20,rebalance=20d,min_hold=5d,turnover_penalty=0.01,target_vol=0.18",-0.006396255019763375,1000000.0,972398.7682129578,987560.0073980861,-0.012439992601913863,-0.009163451511451148,977685.9047661911,-0.022314095233808895,9874.102631894988,0.009874102631895032
2022-01-24,-139549.7576112713,0.449485804364476,-5491.87392545842,404699.38847944455,267103.76931043906,1096.7353427792946,857.4030994865093,1954.138442265804,-7446.012367724224,980113.9950303612,440547.327425102,539566.6676052593,-19886.004969638656,-0.0198860049696386,1,"mom20@q0.6,hold_q=0.4,buy_top=10,hold_top=20,rebalance=20d,min_hold=5d,turnover_penalty=0.01,target_vol=0.18",-0.0075398075174614165,1000000.0,972398.7682129578,980113.9950303618,-0.019886004969638216,0.0015546177167833353,979205.83259519,-0.020794167404809993,908.1624351717765,0.0009081624351717776
2022-01-25,0.0,0.449485804364476,-18880.335942767862,0.0,0.0,0.0,0.0,0.0,-18880.335942767862,961233.6590875934,432060.8844371954,529172.774650398,-38766.340912406566,-0.0387663409124066,1,"mom20@q0.6,hold_q=0.4,buy_top=10,hold_top=20,rebalance=20d,min_hold=5d,turnover_penalty=0.01,target_vol=0.18",-0.01926340817343697,1000000.0,972398.7682129578,961233.6590875939,-0.03876634091240605,-0.022622912462343936,957053.3447617724,-0.042946655238227605,4180.3143258214695,0.004180314325821555
2022-01-26,0.0,0.449485804364476,6968.859153897476,0.0,0.0,0.0,0.0,0.0,6968.859153897476,968202.5182414908,435193.2876994878,533009.2305420032,-31797.481758509064,-0.031797481758509,1,"mom20@q0.6,hold_q=0.4,buy_top=10,hold_top=20,rebalance=20d,min_hold=5d,turnover_penalty=0.01,target_vol=0.18",0.007249911702543077,1000000.0,972398.7682129578,968202.5182414914,-0.031797481758508606,0.007237439750344743,963979.9606823516,-0.03602003931764841,4222.557559139794,0.004222557559139806
2022-01-27,0.0,0.449485804364476,-13419.770371824608,0.0,0.0,0.0,0.0,0.0,-13419.770371824608,954782.7478696664,429161.2914195216,525621.4564501448,-45217.25213033368,-0.0452172521303336,1,"mom20@q0.6,hold_q=0.4,buy_top=10,hold_top=20,rebalance=20d,min_hold=5d,turnover_penalty=0.01,target_vol=0.18",-0.013860499346973643,1000000.0,972398.7682129578,954782.747869667,-0.04521725213033301,-0.019614583930174456,945071.8948365413,-0.054928105163458696,9710.85303312575,0.009710853033125688
2022-01-28,0.0,0.449485804364476,-3218.636846248676,0.0,0.0,0.0,0.0,0.0,-3218.636846248676,951564.1110234176,427714.5598477284,523849.55117568927,-48435.888976582326,-0.0484358889765823,1,"mom20@q0.6,hold_q=0.4,buy_top=10,hold_top=20,rebalance=20d,min_hold=5d,turnover_penalty=0.01,target_vol=0.18",-0.003371067243758241,1000000.0,972398.7682129578,951564.1110234181,-0.04843588897658191,-0.012145337108323107,933593.6780821498,-0.06640632191785012,17970.432941268315,0.01797043294126821
2022-02-07,0.0,0.449485804364476,14876.1436217666,0.0,0.0,0.0,0.0,0.0,14876.1436217666,966440.2546451844,434401.1752293997,532039.0794157847,-33559.745354815735,-0.0335597453548157,1,"mom20@q0.6,hold_q=0.4,buy_top=10,hold_top=20,rebalance=20d,min_hold=5d,turnover_penalty=0.01,target_vol=0.18",0.015633359275989633,1000000.0,972398.7682129578,966440.2546451848,-0.03355974535481521,0.015408313740613577,947978.7823802931,-0.052021217619706905,18461.472264891723,0.0184614722648917
2022-02-08,0.0,0.449485804364476,4759.385814308658,0.0,0.0,0.0,0.0,0.0,4759.385814308658,971199.6404594928,436540.451590425,534659.1888690679,-28800.35954050708,-0.028800359540507,1,"mom20@q0.6,hold_q=0.4,buy_top=10,hold_top=20,rebalance=20d,min_hold=5d,turnover_penalty=0.01,target_vol=0.18",0.004924656016171092,1000000.0,972398.7682129578,971199.6404594933,-0.028800359540506748,-0.005463855902669068,942799.1629145795,-0.05720083708542045,28400.477544913767,0.028400477544913705
2022-02-09,0.0,0.449485804364476,14724.093563610018,0.0,0.0,0.0,0.0,0.0,14724.093563610018,985923.7340231028,443158.7226294021,542765.0113937007,-14076.265976897092,-0.014076265976897,1,"mom20@q0.6,hold_q=0.4,buy_top=10,hold_top=20,rebalance=20d,min_hold=5d,turnover_penalty=0.01,target_vol=0.18",0.015160727980339628,1000000.0,972398.7682129578,985923.7340231033,-0.014076265976896707,0.00939296167958048,951654.8393233768,-0.0483451606766232,34268.89469972649,0.03426889469972649
2022-02-10,0.0,0.449485804364476,4157.756414155129,0.0,0.0,0.0,0.0,0.0,4157.756414155129,990081.490437258,445027.57511557016,545053.9153216879,-9918.509562741963,-0.0099185095627419,1,"mom20@q0.6,hold_q=0.4,buy_top=10,hold_top=20,rebalance=20d,min_hold=5d,turnover_penalty=0.01,target_vol=0.18",0.004217117684335747,1000000.0,972398.7682129578,990081.4904372585,-0.00991850956274154,-0.0026224941208842223,949159.1301021402,-0.05084086989785974,40922.360335118254,0.0409223603351182
2022-02-11,0.0,0.449485804364476,-5364.277044504332,0.0,0.0,0.0,0.0,0.0,-5364.277044504332,984717.2133927536,442616.4087333872,542100.8046593665,-15282.786607246264,-0.0152827866072462,1,"mom20@q0.6,hold_q=0.4,buy_top=10,hold_top=20,rebalance=20d,min_hold=5d,turnover_penalty=0.01,target_vol=0.18",-0.0054180156848860905,1000000.0,972398.7682129578,984717.213392754,-0.015282786607246024,-0.00828904320388979,941291.5090653572,-0.05870849093464281,43425.704327396816,0.043425704327396786
2022-02-14,0.0,0.449485804364476,-8310.832000953016,0.0,0.0,0.0,0.0,0.0,-8310.832000953016,976406.3813918008,438880.8077265009,537525.5736652999,-23593.618608199293,-0.0235936186081993,1,"mom20@q0.6,hold_q=0.4,buy_top=10,hold_top=20,rebalance=20d,min_hold=5d,turnover_penalty=0.01,target_vol=0.18",-0.008439815906455594,1000000.0,972398.7682129578,976406.3813918012,-0.023593618608198863,-0.010803233798409195,931122.5168204667,-0.06887748317953324,45283.864571334445,0.045283864571334376
2022-02-15,0.0,0.449485804364476,-1604.1019325308748,0.0,0.0,0.0,0.0,0.0,-1604.1019325308748,974802.2794592698,438159.7866790746,536642.4927801952,-25197.720540730166,-0.0251977205407302,1,"mom20@q0.6,hold_q=0.4,buy_top=10,hold_top=20,rebalance=20d,min_hold=5d,turnover_penalty=0.01,target_vol=0.18",-0.001642863015954954,1000000.0,972398.7682129578,974802.2794592701,-0.025197720540729884,0.010635610070105939,941025.572836865,-0.05897442716313506,33776.706622405094,0.03377670662240517
2022-02-16,0.0,0.449485804364476,1614.3302854322694,0.0,0.0,0.0,0.0,0.0,1614.3302854322694,976416.609744702,438885.4052259321,537531.2045187701,-23583.390255297883,-0.0235833902552978,1,"mom20@q0.6,hold_q=0.4,buy_top=10,hold_top=20,rebalance=20d,min_hold=5d,turnover_penalty=0.01,target_vol=0.18",0.001656059202413518,1000000.0,972398.7682129578,976416.6097447023,-0.023583390255297654,0.003889045890306697,944685.2644735797,-0.0553147355264203,31731.345271122642,0.031731345271122646
2022-02-17,0.0,0.449485804364476,-3181.5976492698737,0.0,0.0,0.0,0.0,0.0,-3181.5976492698737,973235.0120954324,437455.3222473859,535779.6898480463,-26764.987904567737,-0.0267649879045677,1,"mom20@q0.6,hold_q=0.4,buy_top=10,hold_top=20,rebalance=20d,min_hold=5d,turnover_penalty=0.01,target_vol=0.18",-0.003258442776901904,1000000.0,972398.7682129578,973235.0120954327,-0.026764987904567272,0.0024188012533592484,946970.2703753185,-0.053029729624681554,26264.741720114253,0.026264741720114282
2022-02-18,0.0,0.449485804364476,10703.747841738215,0.0,0.0,0.0,0.0,0.0,10703.747841738215,983938.7599371704,442266.5049557441,541672.2549814263,-16061.240062829573,-0.0160612400628296,1,"mom20@q0.6,hold_q=0.4,buy_top=10,hold_top=20,rebalance=20d,min_hold=5d,turnover_penalty=0.01,target_vol=0.18",0.010998112181242137,1000000.0,972398.7682129578,983938.7599371709,-0.016061240062829052,0.00476976384484451,951487.0949330973,-0.048512905066902756,32451.665004073642,0.032451665004073704
2022-02-21,0.0,0.449485804364476,9469.92051165188,0.0,0.0,0.0,0.0,0.0,9469.92051165188,993408.6804488224,446523.0997941916,546885.5806546307,-6591.319551177672,-0.0065913195511776,1,"mom20@q0.6,hold_q=0.4,buy_top=10,hold_top=20,rebalance=20d,min_hold=5d,turnover_penalty=0.01,target_vol=0.18",0.009624501947922859,1000000.0,972398.7682129578,993408.6804488229,-0.006591319551177088,-0.0036398895778329,948023.7869728077,-0.05197621302719224,45384.89347601519,0.04538489347601515
2022-02-22,0.0,0.449485804364476,-6837.555980170024,0.0,0.0,0.0,0.0,0.0,-6837.555980170024,986571.1244686524,443449.7154445577,543121.4090240946,-13428.8755313477,-0.0134288755313477,1,"mom20@q0.6,hold_q=0.4,buy_top=10,hold_top=20,rebalance=20d,min_hold=5d,turnover_penalty=0.01,target_vol=0.18",-0.006882923528593321,1000000.0,972398.7682129578,986571.1244686529,-0.013428875531347084,-0.0129814362871713,935717.0765834973,-0.06428292341650266,50854.04788515554,0.05085404788515557
2022-02-23,0.0,0.449485804364476,-552.0819367935042,0.0,0.0,0.0,0.0,0.0,-552.0819367935042,986019.0425318588,443201.562451123,542817.4800807358,-13980.95746814122,-0.0139809574681412,1,"mom20@q0.6,hold_q=0.4,buy_top=10,hold_top=20,rebalance=20d,min_hold=5d,turnover_penalty=0.01,target_vol=0.18",-0.0005595966911062789,1000000.0,972398.7682129578,986019.0425318592,-0.013980957468140764,0.01069051080528638,945720.3701014041,-0.054279629898595805,40298.6724304551,0.04029867243045504
2022-02-24,0.0,0.449485804364476,-8050.193955126248,0.0,0.0,0.0,0.0,0.0,-8050.193955126248,977968.8485767326,439583.11454591306,538385.7340308195,-22031.15142326744,-0.0220311514232673,1,"mom20@q0.6,hold_q=0.4,buy_top=10,hold_top=20,rebalance=20d,min_hold=5d,turnover_penalty=0.01,target_vol=0.18",-0.008164339234722373,1000000.0,972398.7682129578,977968.8485767329,-0.02203115142326706,-0.02027449411103066,926546.3680271015,-0.07345363197289845,51422.48054963141,0.05142248054963139
2022-02-25,0.0,0.449485804364476,-2064.923441261992,0.0,0.0,0.0,0.0,0.0,-2064.923441261992,975903.9251354706,438654.9607719664,537248.9643635042,-24096.074864529422,-0.0240960748645294,1,"mom20@q0.6,hold_q=0.4,buy_top=10,hold_top=20,rebalance=20d,min_hold=5d,turnover_penalty=0.01,target_vol=0.18",-0.0021114409157992897,1000000.0,972398.7682129578,975903.9251354708,-0.024096074864529138,0.0097365608965585,935567.7431628825,-0.06443225683711751,40336.181972588296,0.04033618197258837
2022-02-28,110003.21378874224,0.3373531334752393,4438.3299541751685,298903.9234695816,411036.5943588183,810.029632602566,1319.4274678918064,2129.4571004943723,2308.872853680796,978212.7979891512,330003.1526072215,648209.6453819298,-21787.20201084868,-0.0217872020108487,1,"mom20@q0.6,hold_q=0.4,buy_top=10,hold_top=20,rebalance=20d,min_hold=5d,turnover_penalty=0.01,target_vol=0.18",0.0023658813067690687,1000000.0,972398.7682129578,978212.7979891514,-0.021787202010848605,0.001799528580362031,937251.3240555689,-0.06274867594443112,40961.47393358254,0.040961473933582515
2022-03-01,0.0,0.3373531334752393,-8376.94462695181,0.0,0.0,0.0,0.0,0.0,-8376.94462695181,969835.8533621996,327177.16408837074,642658.6892738288,-30164.1466378005,-0.0301641466378005,1,"mom20@q0.6,hold_q=0.4,buy_top=10,hold_top=20,rebalance=20d,min_hold=5d,turnover_penalty=0.01,target_vol=0.18",-0.008563519761928595,1000000.0,972398.7682129578,969835.8533621999,-0.030164146637800204,0.008302685713662106,945033.0272339159,-0.05496697276608409,24802.82612828398,0.024802826128283884
2022-03-02,0.0,0.3373531334752393,-989.3006729244792,0.0,0.0,0.0,0.0,0.0,-989.3006729244792,968846.552689275,326843.42040641047,642003.1322828645,-31153.447310724998,-0.031153447310725,1,"mom20@q0.6,hold_q=0.4,buy_top=10,hold_top=20,rebalance=20d,min_hold=5d,turnover_penalty=0.01,target_vol=0.18",-0.0010200702206408785,1000000.0,972398.7682129578,968846.5526892752,-0.03115344731072478,-0.008894536213468696,936627.3967502599,-0.06337260324974003,32219.155939015327,0.032219155939015254
2022-03-03,0.0,0.3373531334752393,-5982.690930214317,0.0,0.0,0.0,0.0,0.0,-5982.690930214317,962863.8617590608,324825.1408744888,638038.720884572,-37136.13824093924,-0.0371361382409392,1,"mom20@q0.6,hold_q=0.4,buy_top=10,hold_top=20,rebalance=20d,min_hold=5d,turnover_penalty=0.01,target_vol=0.18",-0.006175065508163047,1000000.0,972398.7682129578,962863.861759061,-0.037136138240938976,-0.005890446861486098,931110.2428406904,-0.06888975715930956,31753.618918370572,0.031753618918370585
2022-03-04,0.0,0.3373531334752393,-7324.343582781457,0.0,0.0,0.0,0.0,0.0,-7324.343582781457,955539.5181762791,322354.2506161882,633185.2675600911,-44460.48182372074,-0.0444604818237207,1,"mom20@q0.6,hold_q=0.4,buy_top=10,hold_top=20,rebalance=20d,min_hold=5d,turnover_penalty=0.01,target_vol=0.18",-0.007606831945484727,1000000.0,972398.7682129578,955539.5181762794,-0.04446048182372064,-0.0121275235465097,919818.1814462437,-0.08018181855375639,35721.33673003572,0.035721336730035746
2022-03-07,0.0,0.3373531334752393,-6908.711891420694,0.0,0.0,0.0,0.0,0.0,-6908.711891420694,948630.8062848586,320023.5750113398,628607.2312735189,-51369.19371514139,-0.0513691937151413,1,"mom20@q0.6,hold_q=0.4,buy_top=10,hold_top=20,rebalance=20d,min_hold=5d,turnover_penalty=0.01,target_vol=0.18",-0.007230168674348891,1000000.0,972398.7682129578,948630.8062848587,-0.05136919371514126,-0.031947567292274215,890432.2281978324,-0.10956777180216759,58198.57808702637,0.05819857808702633
2022-03-08,0.0,0.3373531334752393,-19793.43714640264,0.0,0.0,0.0,0.0,0.0,-19793.43714640264,928837.369138456,313346.1969677557,615491.1721707003,-71162.63086154405,-0.071162630861544,1,"mom20@q0.6,hold_q=0.4,buy_top=10,hold_top=20,rebalance=20d,min_hold=5d,turnover_penalty=0.01,target_vol=0.18",-0.020865269201956527,1000000.0,972398.7682129578,928837.3691384561,-0.07116263086154395,-0.02007682446620307,872555.1766532544,-0.12744482334674556,56282.19248520164,0.05628219248520161
2022-03-09,0.0,0.3373531334752393,-5921.103667555446,0.0,0.0,0.0,0.0,0.0,-5921.103667555446,922916.2654709005,311348.69409187406,611567.5713790264,-77083.73452909954,-0.0770837345290995,1,"mom20@q0.6,hold_q=0.4,buy_top=10,hold_top=20,rebalance=20d,min_hold=5d,turnover_penalty=0.01,target_vol=0.18",-0.006374747468491315,1000000.0,972398.7682129578,922916.2654709006,-0.07708373452909945,-0.009152738671024174,864568.9071452979,-0.13543109285470212,58347.35832560272,0.05834735832560267
2022-03-10,0.0,0.3373531334752393,7976.156110754971,0.0,0.0,0.0,0.0,0.0,7976.156110754971,930892.4215816556,314039.475348925,616852.9462327305,-69107.57841834449,-0.0691075784183444,1,"mom20@q0.6,hold_q=0.4,buy_top=10,hold_top=20,rebalance=20d,min_hold=5d,turnover_penalty=0.01,target_vol=0.18",0.008642339949102018,1000000.0,972398.7682129578,930892.4215816557,-0.06910757841834425,0.01573225123333377,878170.5224010366,-0.12182947759896345,52721.89918061916,0.0527218991806192
2022-03-11,0.0,0.3373531334752393,3741.924362502456,0.0,0.0,0.0,0.0,0.0,3741.924362502456,934634.345944158,315301.8252578425,619332.5206863154,-65365.65405584208,-0.065365654055842,1,"mom20@q0.6,hold_q=0.4,buy_top=10,hold_top=20,rebalance=20d,min_hold=5d,turnover_penalty=0.01,target_vol=0.18",0.004019717290365987,1000000.0,972398.7682129578,934634.3459441582,-0.06536565405584183,0.0031867015775104424,880968.9897900951,-0.11903101020990492,53665.35615406302,0.05366535615406309
2022-03-14,0.0,0.3373531334752393,-9484.111857175589,0.0,0.0,0.0,0.0,0.0,-9484.111857175589,925150.2340869824,312102.33040459466,613047.9036823877,-74849.76591301768,-0.0748497659130177,1,"mom20@q0.6,hold_q=0.4,buy_top=10,hold_top=20,rebalance=20d,min_hold=5d,turnover_penalty=0.01,target_vol=0.18",-0.010147403525594623,1000000.0,972398.7682129578,925150.2340869826,-0.0748497659130174,-0.030595469195545455,854015.3302007414,-0.14598466979925862,71134.90388624114,0.07113490388624122
2022-03-15,0.0,0.3373531334752393,-6645.585764730737,0.0,0.0,0.0,0.0,0.0,-6645.585764730737,918504.6483222516,309860.4212230843,608644.2270991673,-81495.35167774837,-0.0814953516777483,1,"mom20@q0.6,hold_q=0.4,buy_top=10,hold_top=20,rebalance=20d,min_hold=5d,turnover_penalty=0.01,target_vol=0.18",-0.007183250373696604,1000000.0,972398.7682129578,918504.6483222517,-0.08149535167774824,-0.04573915626287506,814953.3895617989,-0.18504661043820114,103551.25876045285,0.1035512587604529
2022-03-16,0.0,0.3373531334752393,17597.08783012513,0.0,0.0,0.0,0.0,0.0,17597.08783012513,936101.7361523767,315796.853942616,620304.8822097607,-63898.26384762325,-0.0638982638476232,1,"mom20@q0.6,hold_q=0.4,buy_top=10,hold_top=20,rebalance=20d,min_hold=5d,turnover_penalty=0.01,target_vol=0.18",0.019158409118852138,1000000.0,972398.7682129578,936101.7361523769,-0.0638982638476231,0.04324252411636098,850194.0311636351,-0.14980596883636488,85907.70498874178,0.08590770498874178
2022-03-17,0.0,0.3373531334752393,1225.1408011144076,0.0,0.0,0.0,0.0,0.0,1225.1408011144076,937326.8769534912,316210.1590308203,621116.7179226708,-62673.12304650888,-0.0626731230465088,1,"mom20@q0.6,hold_q=0.4,buy_top=10,hold_top=20,rebalance=20d,min_hold=5d,turnover_penalty=0.01,target_vol=0.18",0.0013087688589812352,1000000.0,972398.7682129578,937326.8769534914,-0.06267312304650863,0.01963869800388829,866890.7349863661,-0.13310926501363385,70436.14196712524,0.07043614196712522
2022-03-18,0.0,0.3373531334752393,-2740.331687832012,0.0,0.0,0.0,0.0,0.0,-2740.331687832012,934586.5452656592,315285.6995491687,619300.8457164904,-65413.45473434089,-0.0654134547343409,1,"mom20@q0.6,hold_q=0.4,buy_top=10,hold_top=20,rebalance=20d,min_hold=5d,turnover_penalty=0.01,target_vol=0.18",-0.0029235603450726844,1000000.0,972398.7682129578,934586.5452656593,-0.06541345473434068,0.006654553177431133,872659.5054813552,-0.1273404945186447,61927.0397843041,0.06192703978430403
2022-03-21,0.0,0.3373531334752393,5663.83584216194,0.0,0.0,0.0,0.0,0.0,5663.83584216194,940250.3811078212,317196.4123180114,623053.9687898097,-59749.61889217887,-0.0597496188921788,1,"mom20@q0.6,hold_q=0.4,buy_top=10,hold_top=20,rebalance=20d,min_hold=5d,turnover_penalty=0.01,target_vol=0.18",0.006060258272337915,1000000.0,972398.7682129578,940250.3811078212,-0.05974961889217878,-0.0016760824210599878,871196.856224647,-0.12880314377535296,69053.52488317422,0.06905352488317418
2022-03-22,0.0,0.3373531334752393,1175.0131737579277,0.0,0.0,0.0,0.0,0.0,1175.0131737579277,941425.394281579,317592.8066940533,623832.5875875256,-58574.60571842105,-0.0585746057184211,1,"mom20@q0.6,hold_q=0.4,buy_top=10,hold_top=20,rebalance=20d,min_hold=5d,turnover_penalty=0.01,target_vol=0.18",0.0012496811459659085,1000000.0,972398.7682129578,941425.394281579,-0.0585746057184211,-0.0008100968594070279,870491.1023874942,-0.12950889761250584,70934.29189408477,0.07093429189408473
2022-03-23,0.0,0.3373531334752393,-2790.16951296194,0.0,0.0,0.0,0.0,0.0,-2790.16951296194,938635.2247686172,316651.5342659285,621983.6905026885,-61364.775231382926,-0.0613647752313829,1,"mom20@q0.6,hold_q=0.4,buy_top=10,hold_top=20,rebalance=20d,min_hold=5d,turnover_penalty=0.01,target_vol=0.18",-0.0029637712450820697,1000000.0,972398.7682129578,938635.2247686171,-0.06136477523138295,0.004986722440251112,874831.9999018088,-0.12516800009819118,63803.224866808276,0.06380322486680823
2022-03-24,0.0,0.3373531334752393,-958.656108166796,0.0,0.0,0.0,0.0,0.0,-958.656108166796,937676.5686604504,316328.1286239133,621348.440036537,-62323.43133954972,-0.0623234313395497,1,"mom20@q0.6,hold_q=0.4,buy_top=10,hold_top=20,rebalance=20d,min_hold=5d,turnover_penalty=0.01,target_vol=0.18",-0.0010213297805897747,1000000.0,972398.7682129578,937676.5686604503,-0.06232343133954976,-0.0058949800304920474,869674.8827323522,-0.13032511726764773,68001.68592809804,0.06800168592809797
2022-03-25,0.0,0.3373531334752393,-5206.85908660364,0.0,0.0,0.0,0.0,0.0,-5206.85908660364,932469.7095738468,314571.57839548355,617898.1311783631,-67530.29042615334,-0.0675302904261533,1,"mom20@q0.6,hold_q=0.4,buy_top=10,hold_top=20,rebalance=20d,min_hold=5d,turnover_penalty=0.01,target_vol=0.18",-0.005552937186051321,1000000.0,972398.7682129578,932469.7095738467,-0.06753029042615333,-0.018050906661711497,853976.4625981157,-0.14602353740188434,78493.24697573099,0.07849324697573101
2022-03-28,46795.72241917798,0.2886921517663191,5136.11131150008,288692.1517663191,337353.13347523933,782.3557312867248,1082.903558455518,1865.2592897422428,3270.852021757837,935740.5615956044,270140.956222059,665599.6053735455,-64259.43840439548,-0.0642594384043955,1,"mom20@q0.6,hold_q=0.4,buy_top=10,hold_top=20,rebalance=20d,min_hold=5d,turnover_penalty=0.01,target_vol=0.18",0.0035077300508263853,1000000.0,972398.7682129578,935740.5615956043,-0.06425943840439574,-0.006252140939066675,848637.2813953066,-0.1513627186046934,87103.28020029771,0.08710328020029767
2022-03-29,0.0,0.2886921517663191,440.7431527676304,0.0,0.0,0.0,0.0,0.0,440.7431527676304,936181.304748372,270268.1953112077,665913.1094371644,-63818.69525162794,-0.0638186952516279,1,"mom20@q0.6,hold_q=0.4,buy_top=10,hold_top=20,rebalance=20d,min_hold=5d,turnover_penalty=0.01,target_vol=0.18",0.0004710099902220932,1000000.0,972398.7682129578,936181.3047483718,-0.0638186952516282,-0.003454285555879566,845705.8458920019,-0.15429415410799807,90475.45885636995,0.09047545885636987
2022-03-30,0.0,0.2886921517663191,-1894.2508517922745,0.0,0.0,0.0,0.0,0.0,-1894.2508517922745,934287.0538965798,269721.3399568186,664565.7139397612,-65712.94610342022,-0.0657129461034202,1,"mom20@q0.6,hold_q=0.4,buy_top=10,hold_top=20,rebalance=20d,min_hold=5d,turnover_penalty=0.01,target_vol=0.18",-0.002023380345435699,1000000.0,972398.7682129578,934287.0538965797,-0.06571294610342038,0.029016917666068398,870245.6227919628,-0.12975437720803717,64041.431104616844,0.0640414311046168
2022-03-31,0.0,0.2886921517663191,-528.7939919666561,0.0,0.0,0.0,0.0,0.0,-528.7939919666561,933758.2599046133,269568.68128143664,664189.5786231766,-66241.74009538686,-0.0662417400953868,1,"mom20@q0.6,hold_q=0.4,buy_top=10,hold_top=20,rebalance=20d,min_hold=5d,turnover_penalty=0.01,target_vol=0.18",-0.0005659866416440895,1000000.0,972398.7682129578,933758.2599046131,-0.06624174009538686,-0.0074046214240379715,863801.7834092622,-0.13619821659073783,69956.47649535094,0.06995647649535097
2022-04-01,0.0,0.2886921517663191,-8279.085085115767,0.0,0.0,0.0,0.0,0.0,-8279.085085115767,925479.1748194974,267178.57439355814,658300.6004259393,-74520.82518050261,-0.0745208251805026,1,"mom20@q0.6,hold_q=0.4,buy_top=10,hold_top=20,rebalance=20d,min_hold=5d,turnover_penalty=0.01,target_vol=0.18",-0.008866411619171788,1000000.0,972398.7682129578,925479.1748194973,-0.07452082518050274,0.012684128262208105,874758.3560231493,-0.12524164397685067,50720.81879634794,0.05072081879634793
2022-04-06,0.0,0.2886921517663191,-1689.849302136318,0.0,0.0,0.0,0.0,0.0,-1689.849302136318,923789.325517361,266690.7281623636,657098.5973549974,-76210.67448263895,-0.0762106744826389,1,"mom20@q0.6,hold_q=0.4,buy_top=10,hold_top=20,rebalance=20d,min_hold=5d,turnover_penalty=0.01,target_vol=0.18",-0.0018259182357787118,1000000.0,972398.7682129578,923789.3255173609,-0.07621067448263907,-0.002881089575693996,872238.0988423598,-0.1277619011576402,51551.22667500109,0.051551226675001116
2022-04-07,0.0,0.2886921517663191,-1850.0328341736235,0.0,0.0,0.0,0.0,0.0,-1850.0328341736235,921939.2926831874,266156.63820262766,655782.6544805598,-78060.7073168126,-0.0780607073168125,1,"mom20@q0.6,hold_q=0.4,buy_top=10,hold_top=20,rebalance=20d,min_hold=5d,turnover_penalty=0.01,target_vol=0.18",-0.0020026566480810803,1000000.0,972398.7682129578,921939.2926831872,-0.0780607073168128,-0.012838192802731796,861040.1379595334,-0.13895986204046662,60899.1547236538,0.060899154723653814
2022-04-08,0.0,0.2886921517663191,2126.3892035875638,0.0,0.0,0.0,0.0,0.0,2126.3892035875638,924065.681886775,266770.51007730403,657295.171809471,-75934.31811322505,-0.075934318113225,1,"mom20@q0.6,hold_q=0.4,buy_top=10,hold_top=20,rebalance=20d,min_hold=5d,turnover_penalty=0.01,target_vol=0.18",0.0023064308251783405,1000000.0,972398.7682129578,924065.6818867748,-0.07593431811322515,0.005148369010002263,865473.0903221724,-0.13452690967782766,58592.59156460245,0.0585925915646025
2022-04-11,0.0,0.2886921517663191,-1907.0779152261437,0.0,0.0,0.0,0.0,0.0,-1907.0779152261437,922158.6039715488,266219.95165037137,655938.6523211775,-77841.39602845116,-0.0778413960284511,1,"mom20@q0.6,hold_q=0.4,buy_top=10,hold_top=20,rebalance=20d,min_hold=5d,turnover_penalty=0.01,target_vol=0.18",-0.0020637904346065827,1000000.0,972398.7682129578,922158.6039715487,-0.0778413960284513,-0.030892721655868982,838736.2710422047,-0.16126372895779528,83422.33292934403,0.08342233292934398
2022-04-12,0.0,0.2886921517663191,2306.6356903487604,0.0,0.0,0.0,0.0,0.0,2306.6356903487604,924465.2396618976,266885.8592711592,657579.3803907385,-75534.76033810235,-0.0755347603381023,1,"mom20@q0.6,hold_q=0.4,buy_top=10,hold_top=20,rebalance=20d,min_hold=5d,turnover_penalty=0.01,target_vol=0.18",0.0025013437823109275,1000000.0,972398.7682129578,924465.2396618974,-0.07553476033810258,0.019487472165109487,855081.1207780073,-0.14491887922199265,69384.1188838901,0.06938411888389007
2022-04-13,0.0,0.2886921517663191,6062.4840812327175,0.0,0.0,0.0,0.0,0.0,6062.4840812327175,930527.7237431305,268636.05084561923,661891.6728975112,-69472.27625686966,-0.0694722762568696,1,"mom20@q0.6,hold_q=0.4,buy_top=10,hold_top=20,rebalance=20d,min_hold=5d,turnover_penalty=0.01,target_vol=0.18",0.006557828051436454,1000000.0,972398.7682129578,930527.7237431301,-0.06947227625686991,-0.009624470989026301,846851.4173378153,-0.15314858266218467,83676.30640531483,0.08367630640531476
2022-04-14,0.0,0.2886921517663191,5649.286535159966,0.0,0.0,0.0,0.0,0.0,5649.286535159966,936177.0102782904,270266.9555313991,665910.0547468913,-63822.98972170963,-0.0638229897217096,1,"mom20@q0.6,hold_q=0.4,buy_top=10,hold_top=20,rebalance=20d,min_hold=5d,turnover_penalty=0.01,target_vol=0.18",0.006071056660660323,1000000.0,972398.7682129578,936177.0102782899,-0.06382298972171008,0.012520109958596315,857454.0902014779,-0.1425459097985221,78722.92007681204,0.07872292007681203
2022-04-15,0.0,0.2886921517663191,-12863.634902858996,0.0,0.0,0.0,0.0,0.0,-12863.634902858996,923313.3753754311,266553.3250917564,656760.0502836748,-76686.62462456874,-0.0766866246245687,1,"mom20@q0.6,hold_q=0.4,buy_top=10,hold_top=20,rebalance=20d,min_hold=5d,turnover_penalty=0.01,target_vol=0.18",-0.013740601148745757,1000000.0,972398.7682129578,923313.3753754307,-0.07668662462456932,-0.0006727789348620616,856877.213151979,-0.14312278684802093,66436.16222345165,0.06643616222345161
2022-04-18,0.0,0.2886921517663191,-4093.2389479502185,0.0,0.0,0.0,0.0,0.0,-4093.2389479502185,919220.1364274812,265371.6391321789,653848.4972953021,-80779.86357251892,-0.0807798635725188,1,"mom20@q0.6,hold_q=0.4,buy_top=10,hold_top=20,rebalance=20d,min_hold=5d,turnover_penalty=0.01,target_vol=0.18",-0.004433206598231765,1000000.0,972398.7682129578,919220.1364274807,-0.08077986357251932,-0.005340495374515086,852301.0643586136,-0.14769893564138648,66919.07206886716,0.06691907206886716
2022-04-19,0.0,0.2886921517663191,927.8616666518294,0.0,0.0,0.0,0.0,0.0,927.8616666518294,920147.998094133,265639.50551326614,654508.4925808669,-79852.00190586702,-0.079852001905867,1,"mom20@q0.6,hold_q=0.4,buy_top=10,hold_top=20,rebalance=20d,min_hold=5d,turnover_penalty=0.01,target_vol=0.18",0.001009400936600402,1000000.0,972398.7682129578,920147.9980941325,-0.0798520019058675,-0.0075557198335246545,845861.316302505,-0.15413868369749506,74286.68179162755,0.07428668179162756
2022-04-20,0.0,0.2886921517663191,-11244.585074427812,0.0,0.0,0.0,0.0,0.0,-11244.585074427812,908903.4130197052,262393.2820524101,646510.130967295,-91096.5869802949,-0.0910965869802948,1,"mom20@q0.6,hold_q=0.4,buy_top=10,hold_top=20,rebalance=20d,min_hold=5d,turnover_penalty=0.01,target_vol=0.18",-0.012220409214298456,1000000.0,972398.7682129578,908903.4130197046,-0.09109658698029532,-0.015504607124718794,832746.5689112371,-0.1672534310887629,76156.84410846757,0.07615684410846757
2022-04-21,0.0,0.2886921517663191,-10385.407239738608,0.0,0.0,0.0,0.0,0.0,-10385.407239738608,898518.0057799665,259395.0964894005,639122.909290566,-101481.99422003352,-0.1014819942200335,1,"mom20@q0.6,hold_q=0.4,buy_top=10,hold_top=20,rebalance=20d,min_hold=5d,turnover_penalty=0.01,target_vol=0.18",-0.011426304589653435,1000000.0,972398.7682129578,898518.005779966,-0.10148199422003401,-0.018414116178923523,817412.2768437057,-0.18258772315629435,81105.72893626033,0.08110572893626034
2022-04-22,0.0,0.2886921517663191,4988.873475923246,0.0,0.0,0.0,0.0,0.0,4988.873475923246,903506.8792558898,260835.3451080547,642671.5341478351,-96493.1207441102,-0.0964931207441102,1,"mom20@q0.6,hold_q=0.4,buy_top=10,hold_top=20,rebalance=20d,min_hold=5d,turnover_penalty=0.01,target_vol=0.18",0.005552335561258559,1000000.0,972398.7682129578,903506.8792558892,-0.09649312074411076,0.00435954482548051,820975.8223055039,-0.17902417769449608,82531.05695038533,0.08253105695038532
2022-04-25,0.0,0.2886921517663191,-20565.60991979984,0.0,0.0,0.0,0.0,0.0,-20565.60991979984,882941.26933609,254898.21492792093,628043.054408169,-117058.73066391004,-0.11705873066391,1,"mom20@q0.6,hold_q=0.4,buy_top=10,hold_top=20,rebalance=20d,min_hold=5d,turnover_penalty=0.01,target_vol=0.18",-0.022761984874688834,1000000.0,972398.7682129578,882941.2693360894,-0.11705873066391059,-0.04942129197034828,780402.1364907469,-0.21959786350925314,102539.13284534251,0.10253913284534255
2022-04-26,0.0,0.2886921517663191,-5775.545713667892,0.0,0.0,0.0,0.0,0.0,-5775.545713667892,877165.7236224221,253230.8602082174,623934.8634142047,-122834.27637757792,-0.1228342763775779,1,"mom20@q0.6,hold_q=0.4,buy_top=10,hold_top=20,rebalance=20d,min_hold=5d,turnover_penalty=0.01,target_vol=0.18",-0.006541256949072816,1000000.0,972398.7682129578,877165.7236224215,-0.12283427637757849,-0.008070963666246378,774103.5392020689,-0.22589646079793102,103062.18442035257,0.10306218442035253
2022-04-27,-233677.8871886178,0.5203114837368257,1342.0148351405433,473319.8097528,241700.47778229343,1282.6966844300878,775.8585336811619,2058.55521811125,-716.5403829707066,876449.1832394514,456026.574951248,420422.6082882034,-123550.81676054862,-0.1235508167605485,1,"mom20@q0.6,hold_q=0.4,buy_top=10,hold_top=20,rebalance=20d,min_hold=5d,turnover_penalty=0.01,target_vol=0.18",-0.0008168814212342612,1000000.0,972398.7682129578,876449.1832394509,-0.12355081676054913,0.02944409796729497,796896.3196471644,-0.20310368035283555,79552.86359228648,0.07955286359228642
2022-04-28,0.0,0.5203114837368257,7912.395452130945,0.0,0.0,0.0,0.0,0.0,7912.395452130945,884361.5786915823,460143.4851688587,424218.0935227236,-115638.42130841767,-0.1156384213084177,1,"mom20@q0.6,hold_q=0.4,buy_top=10,hold_top=20,rebalance=20d,min_hold=5d,turnover_penalty=0.01,target_vol=0.18",0.009027785755799211,1000000.0,972398.7682129578,884361.5786915818,-0.11563842130841817,0.006563916684208193,802127.0806952806,-0.1978729193047194,82234.49799630127,0.08223449799630123
2022-04-29,0.0,0.5203114837368257,-14930.02691186435,0.0,0.0,0.0,0.0,0.0,-14930.02691186435,869431.5517797179,452375.2207141158,417056.3310656021,-130568.4482202821,-0.1305684482202821,1,"mom20@q0.6,hold_q=0.4,buy_top=10,hold_top=20,rebalance=20d,min_hold=5d,turnover_penalty=0.01,target_vol=0.18",-0.016882265434861488,1000000.0,972398.7682129578,869431.5517797174,-0.13056844822028257,0.024260987322467287,821587.4756310366,-0.1784125243689635,47844.07614868088,0.047844076148680914
2022-05-05,0.0,0.5203114837368257,3884.4141858195153,0.0,0.0,0.0,0.0,0.0,3884.4141858195153,873315.9659655375,454396.326022588,418919.6399429495,-126684.03403446251,-0.1266840340344625,1,"mom20@q0.6,hold_q=0.4,buy_top=10,hold_top=20,rebalance=20d,min_hold=5d,turnover_penalty=0.01,target_vol=0.18",0.004467763077919296,1000000.0,972398.7682129578,873315.965965537,-0.12668403403446304,-0.001501404298547837,820353.940663491,-0.179646059336509,52962.02530204598,0.05296202530204597
2022-05-06,0.0,0.5203114837368257,-2697.6524069350894,0.0,0.0,0.0,0.0,0.0,-2697.6524069350894,870618.3135586024,452992.7064961293,417625.607062473,-129381.68644139764,-0.1293816864413977,1,"mom20@q0.6,hold_q=0.4,buy_top=10,hold_top=20,rebalance=20d,min_hold=5d,turnover_penalty=0.01,target_vol=0.18",-0.0030889763980812557,1000000.0,972398.7682129578,870618.3135586019,-0.12938168644139814,-0.02528296523124718,799612.9605043794,-0.20038703949562064,71005.35305422253,0.07100535305422251
2022-05-09,0.0,0.5203114837368257,-3699.12461729212,0.0,0.0,0.0,0.0,0.0,-3699.12461729212,866919.1889413103,451068.0094779787,415851.1794633316,-133080.81105868972,-0.1330808110586897,1,"mom20@q0.6,hold_q=0.4,buy_top=10,hold_top=20,rebalance=20d,min_hold=5d,turnover_penalty=0.01,target_vol=0.18",-0.004248847697875924,1000000.0,972398.7682129578,866919.1889413098,-0.13308081105869018,-0.00802799821941147,793193.6690812319,-0.2068063309187681,73725.51986007788,0.07372551986007791
2022-05-10,0.0,0.5203114837368257,-1175.0798509167098,0.0,0.0,0.0,0.0,0.0,-1175.0798509167098,865744.1090903935,450456.6019372389,415287.5071531546,-134255.89090960647,-0.1342558909096064,1,"mom20@q0.6,hold_q=0.4,buy_top=10,hold_top=20,rebalance=20d,min_hold=5d,turnover_penalty=0.01,target_vol=0.18",-0.0013554664216762768,1000000.0,972398.7682129578,865744.1090903931,-0.134255890909607,0.01094278699348017,801873.4184465648,-0.1981265815534352,63870.690643828246,0.06387069064382822
2022-05-11,0.0,0.5203114837368257,-3781.2606772828153,0.0,0.0,0.0,0.0,0.0,-3781.2606772828153,861962.8484131107,448489.1685838462,413473.6798292645,-138037.1515868893,-0.1380371515868893,1,"mom20@q0.6,hold_q=0.4,buy_top=10,hold_top=20,rebalance=20d,min_hold=5d,turnover_penalty=0.01,target_vol=0.18",-0.004367642398694027,1000000.0,972398.7682129578,861962.8484131102,-0.13803715158688978,0.014426498837971646,813441.6443859845,-0.18655835561401546,48521.20402712573,0.048521204027125675
2022-05-12,0.0,0.5203114837368257,-2800.4511163776115,0.0,0.0,0.0,0.0,0.0,-2800.4511163776115,859162.3972967331,447032.0617083513,412130.3355883818,-140837.6027032669,-0.1408376027032668,1,"mom20@q0.6,hold_q=0.4,buy_top=10,hold_top=20,rebalance=20d,min_hold=5d,turnover_penalty=0.01,target_vol=0.18",-0.003248923223933886,1000000.0,972398.7682129578,859162.3972967326,-0.1408376027032674,-0.004446210410369189,809824.9116784877,-0.1901750883215123,49337.48561824497,0.049337485618244914
2022-05-13,0.0,0.5203114837368257,19548.42524084685,0.0,0.0,0.0,0.0,0.0,19548.42524084685,878710.8225375799,457203.3318501347,421507.4906874452,-121289.17746242008,-0.12128917746242,1,"mom20@q0.6,hold_q=0.4,buy_top=10,hold_top=20,rebalance=20d,min_hold=5d,turnover_penalty=0.01,target_vol=0.18",0.022752887349765327,1000000.0,972398.7682129578,878710.8225375795,-0.12128917746242052,0.007542804023502381,815933.2622806287,-0.18406673771937132,62777.56025695079,0.0627775602569508
2022-05-16,0.0,0.5203114837368257,-1714.6903835011128,0.0,0.0,0.0,0.0,0.0,-1714.6903835011128,876996.1321540788,456311.158752546,420684.9734015328,-123003.8678459212,-0.1230038678459212,1,"mom20@q0.6,hold_q=0.4,buy_top=10,hold_top=20,rebalance=20d,min_hold=5d,turnover_penalty=0.01,target_vol=0.18",-0.0019513705072499166,1000000.0,972398.7682129578,876996.1321540783,-0.12300386784592166,-0.008037908037908048,809374.8657533467,-0.19062513424665328,67621.26640073163,0.06762126640073163
2022-05-17,0.0,0.5203114837368257,-186.28931140672933,0.0,0.0,0.0,0.0,0.0,-186.28931140672933,876809.8428426721,456214.2302845237,420595.61255814845,-123190.15715732786,-0.1231901571573278,1,"mom20@q0.6,hold_q=0.4,buy_top=10,hold_top=20,rebalance=20d,min_hold=5d,turnover_penalty=0.01,target_vol=0.18",-0.0002124174834717829,1000000.0,972398.7682129578,876809.8428426717,-0.12319015715732828,0.012473019355295323,819470.2141195778,-0.18052978588042223,57339.62872309389,0.05733962872309395
2022-05-18,0.0,0.5203114837368257,-6525.661836926144,0.0,0.0,0.0,0.0,0.0,-6525.661836926144,870284.181005746,452818.8534917879,417465.32751395815,-129715.818994254,-0.129715818994254,1,"mom20@q0.6,hold_q=0.4,buy_top=10,hold_top=20,rebalance=20d,min_hold=5d,turnover_penalty=0.01,target_vol=0.18",-0.007442505225271567,1000000.0,972398.7682129578,870284.1810057455,-0.12971581899425444,-0.0034898611794133005,816610.3768316364,-0.1833896231683636,53673.80417410913,0.05367380417410916
2022-05-19,0.0,0.5203114837368257,3387.243475856473,0.0,0.0,0.0,0.0,0.0,3387.243475856473,873671.4244816024,454581.2751704886,419090.1493111138,-126328.5755183976,-0.1263285755183976,1,"mom20@q0.6,hold_q=0.4,buy_top=10,hold_top=20,rebalance=20d,min_hold=5d,turnover_penalty=0.01,target_vol=0.18",0.0038921119673138715,1000000.0,972398.7682129578,873671.4244816019,-0.12632857551839805,0.0019263961361855042,818183.4919063338,-0.18181650809366612,55487.93257526809,0.05548793257526807
2022-05-20,0.0,0.5203114837368257,4237.076742154808,0.0,0.0,0.0,0.0,0.0,4237.076742154808,877908.5012237573,456785.874856906,421122.62636685127,-122091.49877624272,-0.1220914987762427,1,"mom20@q0.6,hold_q=0.4,buy_top=10,hold_top=20,rebalance=20d,min_hold=5d,turnover_penalty=0.01,target_vol=0.18",0.004849737124765108,1000000.0,972398.7682129578,877908.5012237567,-0.12209149877624326,0.019501950195019546,834139.6656158784,-0.16586033438412162,43768.83560787828,0.043768835607878365
2022-05-23,0.0,0.5203114837368257,-3760.448263666354,0.0,0.0,0.0,0.0,0.0,-3760.448263666354,874148.0529600909,454829.2704413222,419318.7825187688,-125851.94703990908,-0.1258519470399091,1,"mom20@q0.6,hold_q=0.4,buy_top=10,hold_top=20,rebalance=20d,min_hold=5d,turnover_penalty=0.01,target_vol=0.18",-0.004283417074130713,1000000.0,972398.7682129578,874148.0529600903,-0.12585194703990965,-0.00579262311163431,829307.808910501,-0.17069219108949907,44840.24404958938,0.04484024404958942
2022-05-24,0.0,0.5203114837368257,4528.05561255901,0.0,0.0,0.0,0.0,0.0,4528.05561255901,878676.1085726499,457185.2697755356,421490.8387971143,-121323.89142735011,-0.1213238914273501,1,"mom20@q0.6,hold_q=0.4,buy_top=10,hold_top=20,rebalance=20d,min_hold=5d,turnover_penalty=0.01,target_vol=0.18",0.005179964191678765,1000000.0,972398.7682129578,878676.1085726493,-0.12132389142735067,-0.023391827290711875,809908.7838736279,-0.19009121612637214,68767.32469902141,0.06876732469902147
2022-05-25,0.0,0.5203114837368257,4911.370523541465,0.0,0.0,0.0,0.0,0.0,4911.370523541465,883587.4790961914,459740.7122598208,423846.7668363706,-116412.52090380865,-0.1164125209038086,1,"mom20@q0.6,hold_q=0.4,buy_top=10,hold_top=20,rebalance=20d,min_hold=5d,turnover_penalty=0.01,target_vol=0.18",0.0055895118526889664,1000000.0,972398.7682129578,883587.4790961908,-0.11641252090380927,0.006069484611595843,814824.5127741451,-0.18517548722585486,68762.96632204566,0.0687629663220456
2022-05-26,0.0,0.5203114837368257,5239.035025230255,0.0,0.0,0.0,0.0,0.0,5239.035025230255,888826.5141214216,462466.6423471475,426359.8717742741,-111173.4858785784,-0.1111734858785783,1,"mom20@q0.6,hold_q=0.4,buy_top=10,hold_top=20,rebalance=20d,min_hold=5d,turnover_penalty=0.01,target_vol=0.18",0.005929277122157961,1000000.0,972398.7682129578,888826.514121421,-0.111173485878579,0.002475409095245462,816841.5367840952,-0.1831584632159048,71984.9773373258,0.07198497733732578
2022-05-27,0.0,0.5203114837368257,10423.37908107929,0.0,0.0,0.0,0.0,0.0,10423.37908107929,899249.8932025009,467890.0461823753,431359.8470201256,-100750.10679749912,-0.100750106797499,1,"mom20@q0.6,hold_q=0.4,buy_top=10,hold_top=20,rebalance=20d,min_hold=5d,turnover_penalty=0.01,target_vol=0.18",0.01172712437745238,1000000.0,972398.7682129578,899249.8932025004,-0.10075010679749963,0.002068599362891499,818531.2546666701,-0.1814687453333299,80718.63853583031,0.08071863853583028
2022-05-30,216993.198340699,0.3011744675068678,5141.298398152132,243308.795128495,462445.8113584528,659.3668347982214,1484.4510544606337,2143.817889258855,2997.480508893277,902247.373711394,271733.8723369991,630513.5013743951,-97752.62628860584,-0.0977526262886058,1,"mom20@q0.6,hold_q=0.4,buy_top=10,hold_top=20,rebalance=20d,min_hold=5d,turnover_penalty=0.01,target_vol=0.18",0.003333312054359272,1000000.0,972398.7682129578,902247.3737113936,-0.09775262628860648,0.006927748481743379,824201.8333234467,-0.17579816667655335,78045.54038794688,0.07804554038794687
2022-05-31,0.0,0.3011744675068678,4676.379410982651,0.0,0.0,0.0,0.0,0.0,4676.379410982651,906923.7531223767,273142.2784159619,633781.474706415,-93076.24687762314,-0.0930762468776231,1,"mom20@q0.6,hold_q=0.4,buy_top=10,hold_top=20,rebalance=20d,min_hold=5d,turnover_penalty=0.01,target_vol=0.18",0.005183034661266461,1000000.0,972398.7682129578,906923.7531223763,-0.09307624687762373,0.015512457123568524,836987.2289240432,-0.1630127710759568,69936.52419833303,0.06993652419833307
2022-06-01,0.0,0.3011744675068678,5314.132851259802,0.0,0.0,0.0,0.0,0.0,5314.132851259802,912237.8859736366,274742.7595477008,637495.1264259359,-87762.11402636336,-0.0877621140263633,1,"mom20@q0.6,hold_q=0.4,buy_top=10,hold_top=20,rebalance=20d,min_hold=5d,turnover_penalty=0.01,target_vol=0.18",0.005859514466309168,1000000.0,972398.7682129578,912237.8859736362,-0.0877621140263638,-0.0020383622712342175,835281.1457350996,-0.1647188542649004,76956.74023853661,0.0769567402385366
2022-06-02,0.0,0.3011744675068678,9239.966097218645,0.0,0.0,0.0,0.0,0.0,9239.966097218645,921477.8520708552,277525.60141681216,643952.2506540432,-78522.14792914467,-0.0785221479291446,1,"mom20@q0.6,hold_q=0.4,buy_top=10,hold_top=20,rebalance=20d,min_hold=5d,turnover_penalty=0.01,target_vol=0.18",0.010128899752235965,1000000.0,972398.7682129578,921477.8520708549,-0.07852214792914514,0.0015649567249056417,836588.3245813046,-0.1634116754186954,84889.5274895503,0.08488952748955025
2022-06-06,0.0,0.3011744675068678,15486.48686443296,0.0,0.0,0.0,0.0,0.0,15486.48686443296,936964.3389352884,282189.73585175985,654774.6030835283,-63035.66106471175,-0.0630356610647117,1,"mom20@q0.6,hold_q=0.4,buy_top=10,hold_top=20,rebalance=20d,min_hold=5d,turnover_penalty=0.01,target_vol=0.18",0.016806141167289068,1000000.0,972398.7682129578,936964.338935288,-0.06303566106471203,0.018711013627349615,852241.740123027,-0.147758259876973,84722.59881226101,0.08472259881226096
2022-06-07,0.0,0.3011744675068678,195.07277230324507,0.0,0.0,0.0,0.0,0.0,195.07277230324507,937159.4117075916,282248.4867900834,654910.9249175081,-62840.5882924085,-0.0628405882924084,1,"mom20@q0.6,hold_q=0.4,buy_top=10,hold_top=20,rebalance=20d,min_hold=5d,turnover_penalty=0.01,target_vol=0.18",0.00020819658144621833,1000000.0,972398.7682129578,937159.4117075913,-0.06284058829240868,0.0031300331965944395,854909.2850611355,-0.1450907149388645,82250.12664645573,0.08225012664645581
2022-06-08,0.0,0.3011744675068678,1254.4642565307267,0.0,0.0,0.0,0.0,0.0,1254.4642565307267,938413.8759641222,282626.29939455044,655787.5765695719,-61586.12403587776,-0.0615861240358777,1,"mom20@q0.6,hold_q=0.4,buy_top=10,hold_top=20,rebalance=20d,min_hold=5d,turnover_penalty=0.01,target_vol=0.18",0.0013385815058346573,1000000.0,972398.7682129578,938413.875964122,-0.06158612403587804,0.009734083409705052,863231.043349652,-0.13676895665034805,75182.83261447004,0.07518283261447001
2022-06-09,0.0,0.3011744675068678,-8543.006879296583,0.0,0.0,0.0,0.0,0.0,-8543.006879296583,929870.8690848256,280053.3638467708,649817.5052380548,-70129.13091517438,-0.0701291309151743,1,"mom20@q0.6,hold_q=0.4,buy_top=10,hold_top=20,rebalance=20d,min_hold=5d,turnover_penalty=0.01,target_vol=0.18",-0.00910366640787319,1000000.0,972398.7682129578,929870.8690848253,-0.0701291309151747,-0.010460186596079057,854201.4855606866,-0.14579851443931346,75669.38352413871,0.07566938352413877
2022-06-10,0.0,0.3011744675068678,9838.6500797745,0.0,0.0,0.0,0.0,0.0,9838.6500797745,939709.5191646002,283016.51404553326,656693.0051190669,-60290.48083539982,-0.0602904808353997,1,"mom20@q0.6,hold_q=0.4,buy_top=10,hold_top=20,rebalance=20d,min_hold=5d,turnover_penalty=0.01,target_vol=0.18",0.01058066276391445,1000000.0,972398.7682129578,939709.5191645998,-0.06029048083540012,0.015164033556291479,867154.6255515629,-0.13284537444843714,72554.89361303695,0.07255489361303702
2022-06-13,0.0,0.3011744675068678,797.5209263771355,0.0,0.0,0.0,0.0,0.0,797.5209263771355,940507.0400909772,283256.7069858605,657250.3331051167,-59492.95990902279,-0.0594929599090228,1,"mom20@q0.6,hold_q=0.4,buy_top=10,hold_top=20,rebalance=20d,min_hold=5d,turnover_penalty=0.01,target_vol=0.18",0.0008486887810672528,1000000.0,972398.7682129578,940507.040090977,-0.059492959909023035,-0.011710336660383569,856999.9529497452,-0.14300004705025482,83507.08714123175,0.08350708714123178
2022-06-14,0.0,0.3011744675068678,-3368.9010857394637,0.0,0.0,0.0,0.0,0.0,-3368.9010857394637,937138.1390052378,282242.0799952796,654896.0590099583,-62861.86099476216,-0.0628618609947622,1,"mom20@q0.6,hold_q=0.4,buy_top=10,hold_top=20,rebalance=20d,min_hold=5d,turnover_penalty=0.01,target_vol=0.18",-0.003582005176073433,1000000.0,972398.7682129578,937138.1390052376,-0.06286186099476243,0.007867568954611048,863742.4591736757,-0.13625754082632424,73395.67983156187,0.07339567983156181
2022-06-15,0.0,0.3011744675068678,-4151.774982483255,0.0,0.0,0.0,0.0,0.0,-4151.774982483255,932986.3640227546,280991.67137572187,651994.6926470327,-67013.6359772454,-0.0670136359772454,1,"mom20@q0.6,hold_q=0.4,buy_top=10,hold_top=20,rebalance=20d,min_hold=5d,turnover_penalty=0.01,target_vol=0.18",-0.00443026999935181,1000000.0,972398.7682129578,932986.3640227542,-0.06701363597724574,0.013241566820058281,875179.7626621454,-0.12482023733785452,57806.60136060882,0.05780660136060878
2022-06-16,0.0,0.3011744675068678,429.9219682749928,0.0,0.0,0.0,0.0,0.0,429.9219682749928,933416.2859910296,281121.15289558657,652295.133095443,-66583.71400897042,-0.0665837140089704,1,"mom20@q0.6,hold_q=0.4,buy_top=10,hold_top=20,rebalance=20d,min_hold=5d,turnover_penalty=0.01,target_vol=0.18",0.0004608019847378575,1000000.0,972398.7682129578,933416.2859910293,-0.06658371400897067,-0.00658217669965544,869419.1748203407,-0.1305808251796593,63997.111170688644,0.06399711117068863
2022-06-17,0.0,0.3011744675068678,5020.663311890454,0.0,0.0,0.0,0.0,0.0,5020.663311890454,938436.94930292,282633.24849507643,655803.7008078436,-61563.050697079976,-0.06156305069708,1,"mom20@q0.6,hold_q=0.4,buy_top=10,hold_top=20,rebalance=20d,min_hold=5d,turnover_penalty=0.01,target_vol=0.18",0.005378804063355114,1000000.0,972398.7682129578,938436.9493029198,-0.061563050697080235,0.013877451141866226,881484.4969407116,-0.11851550305928837,56952.45236220816,0.05695245236220814
2022-06-20,0.0,0.3011744675068678,1830.136459432674,0.0,0.0,0.0,0.0,0.0,1830.136459432674,940267.0857623528,283184.438868711,657082.6468936417,-59732.91423764732,-0.0597329142376473,1,"mom20@q0.6,hold_q=0.4,buy_top=10,hold_top=20,rebalance=20d,min_hold=5d,turnover_penalty=0.01,target_vol=0.18",0.0019501965057877602,1000000.0,972398.7682129578,940267.0857623524,-0.059732914237647594,0.004963982696842173,885860.17073106,-0.11413982926894006,54406.915031292476,0.05440691503129247
2022-06-21,0.0,0.3011744675068678,-6109.733180108989,0.0,0.0,0.0,0.0,0.0,-6109.733180108989,934157.3525822436,281344.34323158266,652813.0093506611,-65842.64741775626,-0.0658426474177562,1,"mom20@q0.6,hold_q=0.4,buy_top=10,hold_top=20,rebalance=20d,min_hold=5d,turnover_penalty=0.01,target_vol=0.18",-0.006497869884656726,1000000.0,972398.7682129578,934157.3525822433,-0.0658426474177567,-0.0011222903961040087,884865.9783691574,-0.11513402163084263,49291.37421308586,0.04929137421308594
2022-06-22,0.0,0.3011744675068678,2953.068053222158,0.0,0.0,0.0,0.0,0.0,2953.068053222158,937110.420635466,282233.7319300233,654876.6887054425,-62889.57936453412,-0.0628895793645341,1,"mom20@q0.6,hold_q=0.4,buy_top=10,hold_top=20,rebalance=20d,min_hold=5d,turnover_penalty=0.01,target_vol=0.18",0.003161210523108693,1000000.0,972398.7682129578,937110.4206354656,-0.06288957936453432,-0.012703528089939575,873625.0585571129,-0.12637494144288708,63485.362078352715,0.06348536207835276
2022-06-23,0.0,0.3011744675068678,7999.444590720112,0.0,0.0,0.0,0.0,0.0,7999.444590720112,945109.865226186,284642.96039498417,660466.9048312018,-54890.134773814,-0.0548901347738139,1,"mom20@q0.6,hold_q=0.4,buy_top=10,hold_top=20,rebalance=20d,min_hold=5d,turnover_penalty=0.01,target_vol=0.18",0.008536288162600325,1000000.0,972398.7682129578,945109.8652261855,-0.054890134773814436,0.017154417859701843,888611.5878643082,-0.11138841213569184,56498.27736187738,0.0564982773618774
2022-06-24,0.0,0.3011744675068678,-126.98838374133244,0.0,0.0,0.0,0.0,0.0,-126.98838374133244,944982.8768424446,284604.7147361313,660378.1621063133,-55017.12315755536,-0.0550171231575553,1,"mom20@q0.6,hold_q=0.4,buy_top=10,hold_top=20,rebalance=20d,min_hold=5d,turnover_penalty=0.01,target_vol=0.18",-0.00013436362100716082,1000000.0,972398.7682129578,944982.8768424442,-0.0550171231575558,0.01171533283608217,899021.9683781379,-0.10097803162186214,45960.90846430627,0.04596090846430634
2022-06-27,0.0,0.3011744675068678,7265.177437518886,0.0,0.0,0.0,0.0,0.0,7265.177437518886,952248.0542799636,286792.800682219,665455.2535977445,-47751.945720036514,-0.0477519457200364,1,"mom20@q0.6,hold_q=0.4,buy_top=10,hold_top=20,rebalance=20d,min_hold=5d,turnover_penalty=0.01,target_vol=0.18",0.007688157759847103,1000000.0,972398.7682129578,952248.054279963,-0.04775194572003694,0.01126111264070695,909145.9560305143,-0.09085404396948571,43102.098249448696,0.04310209824944877
2022-06-28,15166.23753451047,0.2849061046995034,1741.1563429347916,177348.6196355341,193616.98244289856,480.6147592122974,621.5105136417044,1102.1252728540017,639.03107008079,952887.0853500444,271483.3477055443,681403.7376445,-47112.914649955695,-0.0471129146499557,1,"mom20@q0.6,hold_q=0.4,buy_top=10,hold_top=20,rebalance=20d,min_hold=5d,turnover_penalty=0.01,target_vol=0.18",0.0006710762675845583,1000000.0,972398.7682129578,952887.085350044,-0.04711291464995604,0.010408931970676827,918609.1944382519,-0.08139080556174805,34277.890911792056,0.03427789091179201
2022-06-29,0.0,0.2849061046995034,-14300.45420140826,0.0,0.0,0.0,0.0,0.0,-14300.45420140826,938586.631148636,267409.0610035875,671177.5701450487,-61413.36885136389,-0.0614133688513638,1,"mom20@q0.6,hold_q=0.4,buy_top=10,hold_top=20,rebalance=20d,min_hold=5d,turnover_penalty=0.01,target_vol=0.18",-0.015007501330711381,1000000.0,972398.7682129578,938586.6311486355,-0.0614133688513645,-0.015401334366621389,904461.3870824556,-0.0955386129175444,34125.24406617996,0.034125244066179894
2022-06-30,0.0,0.2849061046995034,5458.515252806752,0.0,0.0,0.0,0.0,0.0,5458.515252806752,944045.1464014428,268964.2253217075,675080.9210797353,-55954.85359855718,-0.0559548535985572,1,"mom20@q0.6,hold_q=0.4,buy_top=10,hold_top=20,rebalance=20d,min_hold=5d,turnover_penalty=0.01,target_vol=0.18",0.005815675475929982,1000000.0,972398.7682129578,944045.1464014424,-0.055954853598557674,0.014396022943166997,917482.0339621033,-0.08251796603789674,26563.11243933905,0.026563112439339065
2022-07-01,0.0,0.2849061046995034,3902.590254088844,0.0,0.0,0.0,0.0,0.0,3902.590254088844,947947.7366555316,270076.0971092381,677871.6395462935,-52052.26334446832,-0.0520522633444683,1,"mom20@q0.6,hold_q=0.4,buy_top=10,hold_top=20,rebalance=20d,min_hold=5d,turnover_penalty=0.01,target_vol=0.18",0.004133902143308221,1000000.0,972398.7682129578,947947.736655531,-0.052052263344468996,-0.004078028811529966,913740.5157935447,-0.08625948420645524,34207.22086198628,0.03420722086198624
2022-07-04,0.0,0.2849061046995034,8297.520171307497,0.0,0.0,0.0,0.0,0.0,8297.520171307497,956245.2568268392,272440.111259911,683805.1455669282,-43754.74317316082,-0.0437547431731608,1,"mom20@q0.6,hold_q=0.4,buy_top=10,hold_top=20,rebalance=20d,min_hold=5d,turnover_penalty=0.01,target_vol=0.18",0.008753140970178652,1000000.0,972398.7682129578,956245.2568268387,-0.0437547431731613,0.006561861947916858,919736.3549144001,-0.08026364508559991,36508.90191243857,0.03650890191243861
2022-07-05,0.0,0.2849061046995034,-1331.9034032136904,0.0,0.0,0.0,0.0,0.0,-1331.9034032136904,954913.3534236256,272060.6438494653,682852.7095741602,-45086.64657637454,-0.0450866465763745,1,"mom20@q0.6,hold_q=0.4,buy_top=10,hold_top=20,rebalance=20d,min_hold=5d,turnover_penalty=0.01,target_vol=0.18",-0.0013928470689970052,1000000.0,972398.7682129578,954913.3534236251,-0.045086646576374845,-0.001443495706211828,918408.7194352344,-0.08159128056476561,36504.63398839068,0.03650463398839077
2022-07-06,0.0,0.2849061046995034,-4059.392048637208,0.0,0.0,0.0,0.0,0.0,-4059.392048637208,950853.9613749882,270904.0982734399,679949.8631015483,-49146.0386250118,-0.0491460386250117,1,"mom20@q0.6,hold_q=0.4,buy_top=10,hold_top=20,rebalance=20d,min_hold=5d,turnover_penalty=0.01,target_vol=0.18",-0.0042510579981768215,1000000.0,972398.7682129578,950853.9613749877,-0.04914603862501232,-0.014605059761133576,904995.3052027366,-0.09500469479726337,45858.656172251096,0.045858656172251044
2022-07-07,0.0,0.2849061046995034,11175.286614059238,0.0,0.0,0.0,0.0,0.0,11175.286614059238,962029.2479890474,274088.00565155206,687941.2423374953,-37970.752010952565,-0.0379707520109525,1,"mom20@q0.6,hold_q=0.4,buy_top=10,hold_top=20,rebalance=20d,min_hold=5d,turnover_penalty=0.01,target_vol=0.18",0.011752894837709027,1000000.0,972398.7682129578,962029.2479890471,-0.0379707520109529,0.0044078056587182335,908984.3486301227,-0.09101565136987733,53044.89935892436,0.053044899358924424
2022-07-08,0.0,0.2849061046995034,-7645.395715922177,0.0,0.0,0.0,0.0,0.0,-7645.395715922177,954383.8522731252,271909.78573924245,682474.0665338829,-45616.14772687468,-0.0456161477268747,1,"mom20@q0.6,hold_q=0.4,buy_top=10,hold_top=20,rebalance=20d,min_hold=5d,turnover_penalty=0.01,target_vol=0.18",-0.00794715517423572,1000000.0,972398.7682129578,954383.8522731249,-0.04561614772687517,-0.003305974834982739,905979.2692481583,-0.0940207307518417,48404.58302496653,0.04840458302496653
2022-07-11,0.0,0.2849061046995034,-8809.72818158602,0.0,0.0,0.0,0.0,0.0,-8809.72818158602,945574.1240915392,269399.8403995653,676174.283691974,-54425.8759084607,-0.0544258759084607,1,"mom20@q0.6,hold_q=0.4,buy_top=10,hold_top=20,rebalance=20d,min_hold=5d,turnover_penalty=0.01,target_vol=0.18",-0.009230801800138688,1000000.0,972398.7682129578,945574.1240915387,-0.05442587590846126,-0.01674501781528992,890808.6302443146,-0.10919136975568544,54765.49384722416,0.05476549384722418
2022-07-12,0.0,0.2849061046995034,-8827.72510176063,0.0,0.0,0.0,0.0,0.0,-8827.72510176063,936746.3989897788,266884.76762746467,669861.6313623141,-63253.60101022129,-0.0632536010102212,1,"mom20@q0.6,hold_q=0.4,buy_top=10,hold_top=20,rebalance=20d,min_hold=5d,turnover_penalty=0.01,target_vol=0.18",-0.00933583616222744,1000000.0,972398.7682129578,936746.3989897784,-0.0632536010102216,-0.009415287671484585,882421.4107303232,-0.11757858926967679,54324.98825945519,0.0543249882594552
2022-07-13,0.0,0.2849061046995034,9704.247643017516,0.0,0.0,0.0,0.0,0.0,9704.247643017516,946450.6466327962,269649.5670224761,676801.07961032,-53549.35336720385,-0.0535493533672039,1,"mom20@q0.6,hold_q=0.4,buy_top=10,hold_top=20,rebalance=20d,min_hold=5d,turnover_penalty=0.01,target_vol=0.18",0.010359524897541883,1000000.0,972398.7682129578,946450.6466327958,-0.05354935336720423,0.0018174989915662465,884025.210754462,-0.11597478924553795,62425.43587833375,0.06242543587833371
2022-07-14,0.0,0.2849061046995034,6729.810146348442,0.0,0.0,0.0,0.0,0.0,6729.810146348442,953180.4567791446,271566.93101663946,681613.5257625051,-46819.54322085541,-0.0468195432208554,1,"mom20@q0.6,hold_q=0.4,buy_top=10,hold_top=20,rebalance=20d,min_hold=5d,turnover_penalty=0.01,target_vol=0.18",0.0071105769437542765,1000000.0,972398.7682129578,953180.4567791442,-0.0468195432208558,0.00014115599820430091,884149.9962155238,-0.11585000378447619,69030.46056362044,0.06903046056362039
2022-07-15,0.0,0.2849061046995034,-1172.2294461458762,0.0,0.0,0.0,0.0,0.0,-1172.2294461458762,952008.2273329988,271232.955691324,680775.2716416748,-47991.772667001234,-0.0479917726670012,1,"mom20@q0.6,hold_q=0.4,buy_top=10,hold_top=20,rebalance=20d,min_hold=5d,turnover_penalty=0.01,target_vol=0.18",-0.0012298085192670172,1000000.0,972398.7682129578,952008.2273329984,-0.04799177266700161,-0.017014995129648547,869106.1883360379,-0.13089381166396208,82902.0389969605,0.08290203899696047
2022-07-18,0.0,0.2849061046995034,2405.6134917088334,0.0,0.0,0.0,0.0,0.0,2405.6134917088334,954413.8408247076,271918.3296606593,682495.5111640482,-45586.15917529247,-0.0455861591752925,1,"mom20@q0.6,hold_q=0.4,buy_top=10,hold_top=20,rebalance=20d,min_hold=5d,turnover_penalty=0.01,target_vol=0.18",0.0025268830905464945,1000000.0,972398.7682129578,954413.8408247073,-0.04558615917529274,0.010370645846916604,878119.3808186346,-0.12188061918136539,76294.46000607265,0.07629446000607265
2022-07-19,0.0,0.2849061046995034,-5737.55990603299,0.0,0.0,0.0,0.0,0.0,-5737.55990603299,948676.2809186744,270283.6638173514,678392.6171013231,-51323.71908132546,-0.0513237190813254,1,"mom20@q0.6,hold_q=0.4,buy_top=10,hold_top=20,rebalance=20d,min_hold=5d,turnover_penalty=0.01,target_vol=0.18",-0.006011605930898223,1000000.0,972398.7682129578,948676.2809186741,-0.051323719081325936,-0.0054163104326292455,873363.2136552128,-0.12663678634478726,75313.0672634613,0.07531306726346132
2022-07-20,0.0,0.2849061046995034,1619.5067275761894,0.0,0.0,0.0,0.0,0.0,1619.5067275761894,950295.7876462508,270745.07117063977,679550.7164756111,-49704.2123537492,-0.0497042123537492,1,"mom20@q0.6,hold_q=0.4,buy_top=10,hold_top=20,rebalance=20d,min_hold=5d,turnover_penalty=0.01,target_vol=0.18",0.0017071226087872482,1000000.0,972398.7682129578,950295.7876462506,-0.049704212353749444,0.003386940370174285,876321.2427813667,-0.1236787572186333,73974.54486488388,0.07397454486488386
2022-07-21,0.0,0.2849061046995034,-4803.222034038736,0.0,0.0,0.0,0.0,0.0,-4803.222034038736,945492.565612212,269376.603890915,676115.9617212971,-54507.43438778794,-0.0545074343877879,1,"mom20@q0.6,hold_q=0.4,buy_top=10,hold_top=20,rebalance=20d,min_hold=5d,turnover_penalty=0.01,target_vol=0.18",-0.005054449463504085,1000000.0,972398.7682129578,945492.5656122117,-0.05450743438778827,-0.011144311125636075,866555.2462058071,-0.13344475379419296,78937.31940640463,0.0789373194064047
2022-07-22,0.0,0.2849061046995034,-557.228339843304,0.0,0.0,0.0,0.0,0.0,-557.228339843304,944935.3372723688,269217.846135182,675717.4911371868,-55064.66272763128,-0.0550646627276313,1,"mom20@q0.6,hold_q=0.4,buy_top=10,hold_top=20,rebalance=20d,min_hold=5d,turnover_penalty=0.01,target_vol=0.18",-0.000589352428680856,1000000.0,972398.7682129578,944935.3372723685,-0.05506466272763155,0.000512268475894917,866999.1551410597,-0.13300084485894037,77936.18213130883,0.07793618213130882
2022-07-25,0.0,0.2849061046995034,-575.2305326732136,0.0,0.0,0.0,0.0,0.0,-575.2305326732136,944360.1067396956,269053.9594448139,675306.1472948816,-55639.89326030447,-0.0556398932603044,1,"mom20@q0.6,hold_q=0.4,buy_top=10,hold_top=20,rebalance=20d,min_hold=5d,turnover_penalty=0.01,target_vol=0.18",-0.0006087512128963857,1000000.0,972398.7682129578,944360.1067396953,-0.05563989326030472,-0.006037897896055466,861764.3027663515,-0.13823569723364848,82595.8039733438,0.08259580397334376
2022-07-26,1127.1482061797724,0.2822185720421156,2103.2564546367616,262121.19448948905,264808.7271468768,710.3484370665152,850.0360141414744,1560.3844512079895,542.8720034287721,944902.9787431244,266669.16937922605,678233.8093638982,-55097.02125687571,-0.0550970212568757,1,"mom20@q0.6,hold_q=0.4,buy_top=10,hold_top=20,rebalance=20d,min_hold=5d,turnover_penalty=0.01,target_vol=0.18",0.0005748569846972806,1000000.0,972398.7682129578,944902.978743124,-0.05509702125687599,0.00791427703292924,868584.5441955335,-0.13141545580446645,76318.43454759056,0.07631843454759046
2022-07-27,0.0,0.2822185720421156,4343.921647195838,0.0,0.0,0.0,0.0,0.0,4343.921647195838,949246.90039032,267895.1047435605,681351.7956467597,-50753.09960967989,-0.0507530996096798,1,"mom20@q0.6,hold_q=0.4,buy_top=10,hold_top=20,rebalance=20d,min_hold=5d,turnover_penalty=0.01,target_vol=0.18",0.0045972144706050155,1000000.0,972398.7682129578,949246.9003903196,-0.05075309960968033,-0.004931723653903153,864300.9252535098,-0.13569907474649023,84945.97513680987,0.0849459751368099
2022-07-28,0.0,0.2822185720421156,6011.428567150395,0.0,0.0,0.0,0.0,0.0,6011.428567150395,955258.3289574704,269591.64152971486,685666.6874277557,-44741.67104252952,-0.0447416710425294,1,"mom20@q0.6,hold_q=0.4,buy_top=10,hold_top=20,rebalance=20d,min_hold=5d,turnover_penalty=0.01,target_vol=0.18",0.006332839817205116,1000000.0,972398.7682129578,955258.32895747,-0.04474167104253002,0.00014911101433368046,864429.8020411638,-0.13557019795883618,90828.52691630623,0.09082852691630616
2022-07-29,0.0,0.2822185720421156,-2578.4202761585016,0.0,0.0,0.0,0.0,0.0,-2578.4202761585016,952679.908681312,268863.96344125294,683815.945240059,-47320.091318688006,-0.0473200913186879,1,"mom20@q0.6,hold_q=0.4,buy_top=10,hold_top=20,rebalance=20d,min_hold=5d,turnover_penalty=0.01,target_vol=0.18",-0.002699186385500929,1000000.0,972398.7682129578,952679.9086813115,-0.04732009131868842,-0.013150577304900657,853062.0511047615,-0.14693794889523848,99617.85757654998,0.09961785757655006
2022-08-01,0.0,0.2822185720421156,1616.5890624572287,0.0,0.0,0.0,0.0,0.0,1616.5890624572287,954296.4977437692,269320.1948980385,684976.3028457307,-45703.5022562308,-0.0457035022562307,1,"mom20@q0.6,hold_q=0.4,buy_top=10,hold_top=20,rebalance=20d,min_hold=5d,turnover_penalty=0.01,target_vol=0.18",0.0016968858561265954,1000000.0,972398.7682129578,954296.4977437689,-0.0457035022562311,0.004455528644397022,856862.8935089068,-0.14313710649109312,97433.60423486202,0.09743360423486203
2022-08-02,0.0,0.2822185720421156,-2288.4609022538907,0.0,0.0,0.0,0.0,0.0,-2288.4609022538907,952008.0368415152,268674.34873003024,683333.6881114851,-47991.963158484665,-0.0479919631584846,1,"mom20@q0.6,hold_q=0.4,buy_top=10,hold_top=20,rebalance=20d,min_hold=5d,turnover_penalty=0.01,target_vol=0.18",-0.002398060673663327,1000000.0,972398.7682129578,952008.0368415149,-0.047991963158485085,-0.019495401892720365,840158.0070329915,-0.15984199296700852,111850.02980852337,0.11185002980852343
2022-08-03,0.0,0.2822185720421156,-4190.346611735792,0.0,0.0,0.0,0.0,0.0,-4190.346611735792,947817.6902297796,267491.75509290467,680325.9351368749,-52182.309770220425,-0.0521823097702204,1,"mom20@q0.6,hold_q=0.4,buy_top=10,hold_top=20,rebalance=20d,min_hold=5d,turnover_penalty=0.01,target_vol=0.18",-0.004401587433692233,1000000.0,972398.7682129578,947817.6902297792,-0.05218230977022076,-0.009749161192300071,831967.1711954253,-0.1680328288045747,115850.5190343539,0.11585051903435395
2022-08-04,0.0,0.2822185720421156,1266.1015602091188,0.0,0.0,0.0,0.0,0.0,1266.1015602091188,949083.7917899886,267849.0724672872,681234.7193227015,-50916.20821001136,-0.0509162082100114,1,"mom20@q0.6,hold_q=0.4,buy_top=10,hold_top=20,rebalance=20d,min_hold=5d,turnover_penalty=0.01,target_vol=0.18",0.0013358070578974868,1000000.0,972398.7682129578,949083.7917899883,-0.05091620821001175,0.008497705914462417,839036.9835467312,-0.16096301645326883,110046.80824325711,0.11004680824325708
2022-08-05,0.0,0.2822185720421156,2510.671303695998,0.0,0.0,0.0,0.0,0.0,2510.671303695998,951594.4630936846,268557.6305374833,683036.8325562014,-48405.53690631536,-0.0484055369063153,1,"mom20@q0.6,hold_q=0.4,buy_top=10,hold_top=20,rebalance=20d,min_hold=5d,turnover_penalty=0.01,target_vol=0.18",0.0026453631654175247,1000000.0,972398.7682129578,951594.4630936842,-0.04840553690631588,0.013499807389419471,850363.8212172115,-0.14963617878278845,101230.64187647263,0.10123064187647257
2022-08-08,0.0,0.2822185720421156,2614.154362287712,0.0,0.0,0.0,0.0,0.0,2614.154362287712,954208.6174559724,269295.39344870584,684913.2240072666,-45791.38254402764,-0.0457913825440275,1,"mom20@q0.6,hold_q=0.4,buy_top=10,hold_top=20,rebalance=20d,min_hold=5d,turnover_penalty=0.01,target_vol=0.18",0.002747130698710576,1000000.0,972398.7682129578,954208.6174559719,-0.04579138254402815,-0.0021265795987885916,848555.4548634631,-0.15144454513653693,105653.16259250883,0.10565316259250879
2022-08-09,0.0,0.2822185720421156,4906.057218599461,0.0,0.0,0.0,0.0,0.0,4906.057218599461,959114.6746745718,270679.97391129594,688434.7007632758,-40885.32532542816,-0.0408853253254282,1,"mom20@q0.6,hold_q=0.4,buy_top=10,hold_top=20,rebalance=20d,min_hold=5d,turnover_penalty=0.01,target_vol=0.18",0.0051414933053943734,1000000.0,972398.7682129578,959114.6746745714,-0.040885325325428656,0.0019816444756237672,850236.9900928537,-0.1497630099071463,108877.68458171771,0.10887768458171765
2022-08-10,0.0,0.2822185720421156,5.497878828122452,0.0,0.0,0.0,0.0,0.0,5.497878828122452,959120.1725534,270681.525514808,688438.6470385919,-40879.82744660007,-0.0408798274466001,1,"mom20@q0.6,hold_q=0.4,buy_top=10,hold_top=20,rebalance=20d,min_hold=5d,turnover_penalty=0.01,target_vol=0.18",5.732243467226894e-06,1000000.0,972398.7682129578,959120.1725533996,-0.04087982744660046,-0.0111998922115637,840714.4274495294,-0.1592855725504706,118405.74510387017,0.11840574510387014
2022-08-11,0.0,0.2822185720421156,6104.195092809597,0.0,0.0,0.0,0.0,0.0,6104.195092809597,965224.3676462095,272404.2427373672,692820.1249088424,-34775.63235379045,-0.0347756323537904,1,"mom20@q0.6,hold_q=0.4,buy_top=10,hold_top=20,rebalance=20d,min_hold=5d,turnover_penalty=0.01,target_vol=0.18",0.006364369416356652,1000000.0,972398.7682129578,965224.3676462091,-0.034775632353790886,0.02039058431920271,857857.0858708093,-0.14214291412919078,107367.28177539981,0.10736728177539989
2022-08-12,0.0,0.2822185720421156,-2452.5165207010104,0.0,0.0,0.0,0.0,0.0,-2452.5165207010104,962771.8511255084,271712.0970269853,691059.7540985232,-37228.14887449145,-0.0372281488744914,1,"mom20@q0.6,hold_q=0.4,buy_top=10,hold_top=20,rebalance=20d,min_hold=5d,turnover_penalty=0.01,target_vol=0.18",-0.0025408771296168142,1000000.0,972398.7682129578,962771.851125508,-0.037228148874491995,-0.0005699242167716001,857368.1723430423,-0.1426318276569577,105403.67878246563,0.1054036787824657
2022-08-15,0.0,0.2822185720421156,6026.782468586112,0.0,0.0,0.0,0.0,0.0,6026.782468586112,968798.6335940948,273412.9669692782,695385.6666248165,-31201.36640590534,-0.0312013664059053,1,"mom20@q0.6,hold_q=0.4,buy_top=10,hold_top=20,rebalance=20d,min_hold=5d,turnover_penalty=0.01,target_vol=0.18",0.006259824133350911,1000000.0,972398.7682129578,968798.6335940943,-0.03120136640590565,-0.0013051310499503366,856249.1945200783,-0.1437508054799217,112549.43907401606,0.11254943907401604
2022-08-16,0.0,0.2822185720421156,4198.183534669808,0.0,0.0,0.0,0.0,0.0,4198.183534669808,972996.8171287643,274597.7723316034,698399.0447971611,-27003.18287123553,-0.0270031828712354,1,"mom20@q0.6,hold_q=0.4,buy_top=10,hold_top=20,rebalance=20d,min_hold=5d,turnover_penalty=0.01,target_vol=0.18",0.0043333912632546046,1000000.0,972398.7682129578,972996.817128764,-0.027003182871236042,-0.0018730528850748884,854645.3944959394,-0.14535460550406065,118351.42263282463,0.11835142263282461
2022-08-17,0.0,0.2822185720421156,8146.542539947188,0.0,0.0,0.0,0.0,0.0,8146.542539947188,981143.3596687115,276896.8779343076,704246.4817344041,-18856.64033128833,-0.0188566403312883,1,"mom20@q0.6,hold_q=0.4,buy_top=10,hold_top=20,rebalance=20d,min_hold=5d,turnover_penalty=0.01,target_vol=0.18",0.008372630204471765,1000000.0,972398.7682129578,981143.3596687111,-0.018856640331288865,0.009363690328016316,862648.0293102646,-0.13735197068973537,118495.33035844646,0.1184953303584465
2022-08-18,0.0,0.2822185720421156,7890.79410605417,0.0,0.0,0.0,0.0,0.0,7890.79410605417,989034.1537747658,279123.8065791966,709910.3471955692,-10965.846225234214,-0.0109658462252342,1,"mom20@q0.6,hold_q=0.4,buy_top=10,hold_top=20,rebalance=20d,min_hold=5d,turnover_penalty=0.01,target_vol=0.18",0.00804244764874995,1000000.0,972398.7682129578,989034.1537747653,-0.010965846225234666,-0.008740893914099157,855107.7144008569,-0.14489228559914313,133926.43937390845,0.13392643937390847
2022-08-19,0.0,0.2822185720421156,-5383.030099280116,0.0,0.0,0.0,0.0,0.0,-5383.030099280116,983651.1236754856,277604.615511318,706046.5081641676,-16348.876324514276,-0.0163488763245143,1,"mom20@q0.6,hold_q=0.4,buy_top=10,hold_top=20,rebalance=20d,min_hold=5d,turnover_penalty=0.01,target_vol=0.18",-0.005442714064762266,1000000.0,972398.7682129578,983651.1236754851,-0.01634887632451487,-0.0069448099327769075,849169.1538522916,-0.15083084614770836,134481.9698231935,0.1344819698231935
2022-08-22,0.0,0.2822185720421156,7422.929983272446,0.0,0.0,0.0,0.0,0.0,7422.929983272446,991074.0536587582,279699.50421156577,711374.5494471923,-8925.946341241826,-0.0089259463412417,1,"mom20@q0.6,hold_q=0.4,buy_top=10,hold_top=20,rebalance=20d,min_hold=5d,turnover_penalty=0.01,target_vol=0.18",0.007546303566996704,1000000.0,972398.7682129578,991074.0536587578,-0.008925946341242219,0.007306549877501345,855373.650629349,-0.144626349370651,135700.40302940877,0.13570040302940878
2022-08-23,-5416.660926190751,0.2868270724026991,443.5290151350793,139012.47496025515,134403.9745996716,376.7238071422914,431.43675846494585,808.1605656072372,-364.6315504721579,990709.422108286,284162.2831450896,706547.1389631964,-9290.57789171394,-0.0092905778917139,1,"mom20@q0.6,hold_q=0.4,buy_top=10,hold_top=20,rebalance=20d,min_hold=5d,turnover_penalty=0.01,target_vol=0.18",-0.0003679155448840232,1000000.0,972398.7682129578,990709.4221082855,-0.009290577891714502,-0.004859616396422184,851216.8628116831,-0.14878313718831693,139492.55929660238,0.13949255929660243
2022-08-24,0.0,0.2868270724026991,-12670.059714841183,0.0,0.0,0.0,0.0,0.0,-12670.059714841183,978039.3623934448,280528.1670099143,697511.1953835306,-21960.63760655513,-0.021960637606555,1,"mom20@q0.6,hold_q=0.4,buy_top=10,hold_top=20,rebalance=20d,min_hold=5d,turnover_penalty=0.01,target_vol=0.18",-0.012788875761248542,1000000.0,972398.7682129578,978039.3623934443,-0.021960637606555755,-0.018903746142828304,835125.6753245963,-0.16487432467540364,142913.68706884794,0.14291368706884788
2022-08-25,0.0,0.2868270724026991,-529.2497624097343,0.0,0.0,0.0,0.0,0.0,-529.2497624097343,977510.112631035,280376.36384999246,697133.7487810426,-22489.887368964963,-0.0224898873689649,1,"mom20@q0.6,hold_q=0.4,buy_top=10,hold_top=20,rebalance=20d,min_hold=5d,turnover_penalty=0.01,target_vol=0.18",-0.0005411333968343701,1000000.0,972398.7682129578,977510.1126310346,-0.0224898873689654,0.008284301958152218,842044.1085919911,-0.15795589140800892,135466.00403904344,0.13546600403904352
2022-08-26,0.0,0.2868270724026991,-11377.025677981776,0.0,0.0,0.0,0.0,0.0,-11377.025677981776,966133.0869530533,277113.1248821266,689019.9620709267,-33866.91304694675,-0.0338669130469467,1,"mom20@q0.6,hold_q=0.4,buy_top=10,hold_top=20,rebalance=20d,min_hold=5d,turnover_penalty=0.01,target_vol=0.18",-0.011638780541471605,1000000.0,972398.7682129578,966133.0869530528,-0.03386691304694722,-0.0021111499815364976,840266.4271876842,-0.15973357281231582,125866.65976536856,0.1258666597653686
2022-08-29,0.0,0.2868270724026991,10630.319977554997,0.0,0.0,0.0,0.0,0.0,10630.319977554997,976763.4069306084,280162.18843999266,696601.2184906157,-23236.593069391674,-0.0232365930693916,1,"mom20@q0.6,hold_q=0.4,buy_top=10,hold_top=20,rebalance=20d,min_hold=5d,turnover_penalty=0.01,target_vol=0.18",0.011002956136282105,1000000.0,972398.7682129578,976763.4069306081,-0.023236593069391853,-0.00438947791262434,836578.096264824,-0.16342190373517596,140185.31066578405,0.1401853106657841
2022-08-30,0.0,0.2868270724026991,-2751.185103844992,0.0,0.0,0.0,0.0,0.0,-2751.185103844992,974012.2218267634,279373.0740710189,694639.1477557444,-25987.77817323664,-0.0259877781732366,1,"mom20@q0.6,hold_q=0.4,buy_top=10,hold_top=20,rebalance=20d,min_hold=5d,turnover_penalty=0.01,target_vol=0.18",-0.002816634083877556,1000000.0,972398.7682129578,974012.2218267629,-0.025987778173237053,-0.0033573622332205844,833769.400559285,-0.16623059944071505,140242.82126747794,0.140242821267478
2022-08-31,0.0,0.2868270724026991,-19750.63622766188,0.0,0.0,0.0,0.0,0.0,-19750.63622766188,954261.5855991014,273708.0569037479,680553.5286953535,-45738.41440089862,-0.0457384144008986,1,"mom20@q0.6,hold_q=0.4,buy_top=10,hold_top=20,rebalance=20d,min_hold=5d,turnover_penalty=0.01,target_vol=0.18",-0.02027760615839047,1000000.0,972398.7682129578,954261.585599101,-0.045738414400898986,0.0007483211843593018,834393.327864594,-0.16560667213540603,119868.25773450709,0.11986825773450704
2022-09-01,0.0,0.2868270724026991,-2398.793604867317,0.0,0.0,0.0,0.0,0.0,-2398.793604867317,951862.791994234,273020.0179567655,678842.7740374686,-48137.20800576592,-0.0481372080057659,1,"mom20@q0.6,hold_q=0.4,buy_top=10,hold_top=20,rebalance=20d,min_hold=5d,turnover_penalty=0.01,target_vol=0.18",-0.0025137694328976057,1000000.0,972398.7682129578,951862.7919942336,-0.048137208005766374,-0.008605387806337239,827213.0496952989,-0.17278695030470115,124649.74229893473,0.12464974229893477
2022-09-02,0.0,0.2868270724026991,5907.258304656716,0.0,0.0,0.0,0.0,0.0,5907.258304656716,957770.0502988908,274714.3795622167,683055.6707366741,-42229.9497011092,-0.0422299497011091,1,"mom20@q0.6,hold_q=0.4,buy_top=10,hold_top=20,rebalance=20d,min_hold=5d,turnover_penalty=0.01,target_vol=0.18",0.00620599770717023,1000000.0,972398.7682129578,957770.0502988906,-0.04222994970110938,-0.004978064860747589,823095.1294802589,-0.17690487051974113,134674.92081863165,0.13467492081863175
2022-09-05,0.0,0.2868270724026991,7382.976032549913,0.0,0.0,0.0,0.0,0.0,7382.976032549913,965153.0263314408,276832.01696325233,688321.0093681884,-34846.97366855922,-0.0348469736685592,1,"mom20@q0.6,hold_q=0.4,buy_top=10,hold_top=20,rebalance=20d,min_hold=5d,turnover_penalty=0.01,target_vol=0.18",0.007708505846728109,1000000.0,972398.7682129578,965153.0263314407,-0.03484697366855938,-0.002033000216223768,821421.7769040528,-0.17857822309594718,143731.24942738784,0.1437312494273878
2022-09-06,0.0,0.2868270724026991,7245.741881517011,0.0,0.0,0.0,0.0,0.0,7245.741881517011,972398.7682129578,278910.2918945135,693488.4763184444,-27601.231787042227,-0.0276012317870422,1,"mom20@q0.6,hold_q=0.4,buy_top=10,hold_top=20,rebalance=20d,min_hold=5d,turnover_penalty=0.01,target_vol=0.18",0.0075073503204545755,1000000.0,972398.7682129578,972398.7682129577,-0.027601231787042324,0.009177099339298778,828960.0461501646,-0.1710399538498354,143438.7220627931,0.14343872206279307
2022-09-07,0.0,0.0,0.0,0.0,0.0,0.0,0.0,0.0,0.0,1000000.0,0.0,1000000.0,0.0,0.0,2,"mom20@q0.6,hold_q=0.4,buy_top=5,hold_top=10,rebalance=20d,min_hold=5d,turnover_penalty=0.01,target_vol=0.18",0.0,1000000.0,1160943.74041707,972398.7682129577,-0.027601231787042324,0.0006662915691906246,829512.3752401103,-0.17048762475988966,142886.39297284733,0.14288639297284733
2022-09-08,-271145.2174984628,0.270412399894748,2313.8782573727103,270412.39989474806,0.0,732.8176037147671,0.0,732.8176037147671,1581.0606536579432,1001581.060653658,270839.9383004828,730741.1223531751,1581.0606536578853,0.0015810606536579,2,"mom20@q0.6,hold_q=0.4,buy_top=5,hold_top=10,rebalance=20d,min_hold=5d,turnover_penalty=0.01,target_vol=0.18",0.0015810606536579286,1000000.0,1160943.74041707,973936.1896450446,-0.02606381035495542,-0.004266358896961364,825973.3777378652,-0.17402662226213483,147962.81190717942,0.14796281190717941
2022-09-09,0.0,0.270412399894748,233.4852484247008,0.0,0.0,0.0,0.0,0.0,233.4852484247008,1001814.5459020828,270903.0756068494,730911.4702952333,1814.5459020826968,0.0018145459020826,2,"mom20@q0.6,hold_q=0.4,buy_top=5,hold_top=10,rebalance=20d,min_hold=5d,turnover_penalty=0.01,target_vol=0.18",0.00023311667681946702,1000000.0,1160943.74041707,974163.230413009,-0.025836769586991104,0.013896594083731229,837451.5944922568,-0.1625484055077432,136711.6359207522,0.13671163592075208
2022-09-13,0.0,0.270412399894748,-2374.862094278015,0.0,0.0,0.0,0.0,0.0,-2374.862094278015,999439.6838078046,270260.8834485166,729178.800359288,-560.3161921954015,-0.0005603161921954,2,"mom20@q0.6,hold_q=0.4,buy_top=5,hold_top=10,rebalance=20d,min_hold=5d,turnover_penalty=0.01,target_vol=0.18",-0.002370560603249916,1000000.0,1160943.74041707,971853.9174378571,-0.028146082562142904,0.004230798355558063,840994.683321094,-0.15900531667890594,130859.23411676311,0.13085923411676303
2022-09-14,0.0,0.270412399894748,-705.0859449711902,0.0,0.0,0.0,0.0,0.0,-705.0859449711902,998734.5978628334,270070.21946600487,728664.3783968285,-1265.4021371665876,-0.0012654021371666,2,"mom20@q0.6,hold_q=0.4,buy_top=5,hold_top=10,rebalance=20d,min_hold=5d,turnover_penalty=0.01,target_vol=0.18",-0.0007054812375318908,1000000.0,1160943.74041707,971168.2927334828,-0.02883170726651718,-0.01112838138604888,831635.7737414575,-0.16836422625854253,139532.5189920253,0.13953251899202535
2022-09-15,0.0,0.270412399894748,-9087.796269905935,0.0,0.0,0.0,0.0,0.0,-9087.796269905935,989646.8015929275,267612.7666669051,722034.0349260224,-10353.198407072456,-0.0103531984070724,2,"mom20@q0.6,hold_q=0.4,buy_top=5,hold_top=10,rebalance=20d,min_hold=5d,turnover_penalty=0.01,target_vol=0.18",-0.009099310556931361,1000000.0,1160943.74041707,962331.330834856,-0.037668669165144,-0.009406301040990273,823813.1572971884,-0.1761868427028116,138518.1735376676,0.1385181735376676
2022-09-16,0.0,0.270412399894748,-10264.298037097951,0.0,0.0,0.0,0.0,0.0,-10264.298037097951,979382.5035558296,264837.17320145847,714545.3303543711,-20617.49644417048,-0.0206174964441704,2,"mom20@q0.6,hold_q=0.4,buy_top=5,hold_top=10,rebalance=20d,min_hold=5d,turnover_penalty=0.01,target_vol=0.18",-0.01037167807805428,1000000.0,1160943.74041707,952350.3400670113,-0.04764965993298864,-0.02345100220504981,804493.913128863,-0.19550608687113702,147856.42693814833,0.14785642693814838
2022-09-19,0.0,0.270412399894748,1841.2182065619836,0.0,0.0,0.0,0.0,0.0,1841.2182065619836,981223.7217623916,265335.0614354248,715888.6603269668,-18776.27823760849,-0.0187762782376085,2,"mom20@q0.6,hold_q=0.4,buy_top=5,hold_top=10,rebalance=20d,min_hold=5d,turnover_penalty=0.01,target_vol=0.18",0.0018799786598975299,1000000.0,1160943.74041707,954140.7383830835,-0.04585926161691656,-0.0011900281741712426,803536.5427062904,-0.19646345729370962,150604.1956767931,0.15060419567679306
2022-09-20,0.0,0.270412399894748,1803.73113538036,0.0,0.0,0.0,0.0,0.0,1803.73113538036,983027.4528977718,265822.8127005079,717204.640197264,-16972.547102228156,-0.0169725471022281,2,"mom20@q0.6,hold_q=0.4,buy_top=5,hold_top=10,rebalance=20d,min_hold=5d,turnover_penalty=0.01,target_vol=0.18",0.0018382465643416168,1000000.0,1160943.74041707,955894.6843173145,-0.0441053156826855,0.0012321792260692188,804526.6437416006,-0.19547335625839946,151368.04057571397,0.15136804057571396
2022-09-21,0.0,0.270412399894748,4025.1026252967968,0.0,0.0,0.0,0.0,0.0,4025.1026252967968,987052.5555230686,266911.25036123703,720141.3051618317,-12947.444476931356,-0.0129474444769313,2,"mom20@q0.6,hold_q=0.4,buy_top=5,hold_top=10,rebalance=20d,min_hold=5d,turnover_penalty=0.01,target_vol=0.18",0.004094598389324355,1000000.0,1160943.74041707,959808.6891520838,-0.04019131084791616,-0.007401775815949807,798571.7178866667,-0.2014282821133333,161236.97126541717,0.16123697126541714
2022-09-22,0.0,0.270412399894748,3186.128373584237,0.0,0.0,0.0,0.0,0.0,3186.128373584237,990238.6838966528,267772.8189811107,722465.8649155422,-9761.316103347111,-0.009761316103347,2,"mom20@q0.6,hold_q=0.4,buy_top=5,hold_top=10,rebalance=20d,min_hold=5d,turnover_penalty=0.01,target_vol=0.18",0.0032279217107094027,1000000.0,1160943.74041707,962906.8764579254,-0.03709312354207461,-0.008809523199606484,791536.6818113945,-0.20846331818860553,171370.1946465309,0.17137019464653092
2022-09-23,0.0,0.270412399894748,-8105.739432719118,0.0,0.0,0.0,0.0,0.0,-8105.739432719118,982132.9444639338,265580.92652818764,716552.0179357461,-17867.055536066182,-0.0178670555360661,2,"mom20@q0.6,hold_q=0.4,buy_top=5,hold_top=10,rebalance=20d,min_hold=5d,turnover_penalty=0.01,target_vol=0.18",-0.008185642072497501,1000000.0,1160943.74041707,955024.8654180943,-0.04497513458190572,-0.0034424475491944273,788811.8583009953,-0.21118814169900468,166213.007117099,0.16621300711709897
2022-09-26,0.0,0.270412399894748,2079.3955914182766,0.0,0.0,0.0,0.0,0.0,2079.3955914182766,984212.340055352,266143.2208803936,718069.1191749584,-15787.659944647923,-0.0157876599446479,2,"mom20@q0.6,hold_q=0.4,buy_top=5,hold_top=10,rebalance=20d,min_hold=5d,turnover_penalty=0.01,target_vol=0.18",0.002117224152941022,1000000.0,1160943.74041707,957046.8671298167,-0.04295313287018332,-0.005015534151793899,784855.5454863466,-0.21514445451365338,172191.3216434701,0.17219132164347006
2022-09-27,0.0,0.270412399894748,4556.888549925483,0.0,0.0,0.0,0.0,0.0,4556.888549925483,988769.2286052776,267375.4600492318,721393.7685560458,-11230.771394722397,-0.0112307713947223,2,"mom20@q0.6,hold_q=0.4,buy_top=5,hold_top=10,rebalance=20d,min_hold=5d,turnover_penalty=0.01,target_vol=0.18",0.004629985181520135,1000000.0,1160943.74041707,961477.9799426481,-0.03852202005735195,0.014496908785721185,796233.5247392296,-0.2037664752607704,165244.4552034185,0.16524445520341846
2022-09-28,0.0,0.270412399894748,-8066.121018462274,0.0,0.0,0.0,0.0,0.0,-8066.121018462274,980703.1075868153,265194.280906788,715508.8266800273,-19296.892413184745,-0.0192968924131847,2,"mom20@q0.6,hold_q=0.4,buy_top=5,hold_top=10,rebalance=20d,min_hold=5d,turnover_penalty=0.01,target_vol=0.18",-0.008157738717091911,1000000.0,1160943.74041707,953634.4938000386,-0.04636550619996138,-0.0163373840659764,783225.1518393587,-0.2167748481606413,170409.34196067986,0.17040934196067992
2022-09-29,0.0,0.270412399894748,-799.9612459523719,0.0,0.0,0.0,0.0,0.0,-799.9612459523719,979903.146340863,264977.9614664472,714925.1848744157,-20096.85365913704,-0.020096853659137,2,"mom20@q0.6,hold_q=0.4,buy_top=5,hold_top=10,rebalance=20d,min_hold=5d,turnover_penalty=0.01,target_vol=0.18",-0.0008157017549589307,1000000.0,1160943.74041707,952856.6124698565,-0.047143387530143466,-0.00041005978514963015,782903.9827018717,-0.21709601729812833,169952.62976798485,0.16995262976798486
2022-09-30,0.0,0.270412399894748,-6403.540272182438,0.0,0.0,0.0,0.0,0.0,-6403.540272182438,973499.6060686804,263246.3647736237,710253.2412950569,-26500.39393131947,-0.0265003939313194,2,"mom20@q0.6,hold_q=0.4,buy_top=5,hold_top=10,rebalance=20d,min_hold=5d,turnover_penalty=0.01,target_vol=0.18",-0.006534870610523602,1000000.0,1160943.74041707,946629.8177969842,-0.053370182203015815,-0.005813740809063717,778352.3818680593,-0.22164761813194067,168277.43592892494,0.16827743592892486
2022-10-10,0.0,0.270412399894748,1233.2475437055366,0.0,0.0,0.0,0.0,0.0,1233.2475437055366,974732.853612386,263579.85020158143,711153.0034108046,-25267.14638761396,-0.0252671463876139,2,"mom20@q0.6,hold_q=0.4,buy_top=5,hold_top=10,rebalance=20d,min_hold=5d,turnover_penalty=0.01,target_vol=0.18",0.0012668187393376495,1000000.0,1160943.74041707,947829.0261893851,-0.05217097381061486,-0.022063712748594533,761179.0384973382,-0.23882096150266185,186649.9876920469,0.186649987692047
2022-10-11,0.0,0.270412399894748,13145.341118111925,0.0,0.0,0.0,0.0,0.0,13145.341118111925,987878.194730498,267134.51344076515,720743.6812897327,-12121.805269502103,-0.0121218052695021,2,"mom20@q0.6,hold_q=0.4,buy_top=5,hold_top=10,rebalance=20d,min_hold=5d,turnover_penalty=0.01,target_vol=0.18",0.013486096287198102,1000000.0,1160943.74041707,960611.5397003763,-0.03938846029962362,0.0018140577380985068,762559.8612222027,-0.23744013877779735,198051.67847817368,0.19805167847817373
2022-10-12,0.0,0.270412399894748,8361.278965778982,0.0,0.0,0.0,0.0,0.0,8361.278965778982,996239.4736962768,269395.50695209095,726843.9667441859,-3760.526303723105,-0.0037605263037231,2,"mom20@q0.6,hold_q=0.4,buy_top=5,hold_top=10,rebalance=20d,min_hold=5d,turnover_penalty=0.01,target_vol=0.18",0.008463876427659889,1000000.0,1160943.74041707,968742.0370673845,-0.03125796293261551,0.015189031276742426,774142.406804695,-0.22585759319530496,194599.63026268943,0.19459963026268945
2022-10-13,0.0,0.270412399894748,2804.221808909216,0.0,0.0,0.0,0.0,0.0,2804.221808909216,999043.695505186,270153.80330127524,728889.8922039109,-956.3044948138996,-0.0009563044948138,2,"mom20@q0.6,hold_q=0.4,buy_top=5,hold_top=10,rebalance=20d,min_hold=5d,turnover_penalty=0.01,target_vol=0.18",0.002814806964539285,1000000.0,1160943.74041707,971468.8589001638,-0.028531141099836232,-0.008360837246420005,767669.9281358491,-0.2323300718641509,203798.93076431472,0.20379893076431466
2022-10-14,-60063.43932359319,0.3290259802367021,7847.869475088892,276690.63759066805,218077.057248714,749.8316278707105,700.0273537683718,1449.8589816390822,6398.0104934498095,1005441.705998636,330816.4428870633,674625.2631115727,5441.705998635967,0.005441705998636,2,"mom20@q0.6,hold_q=0.4,buy_top=5,hold_top=10,rebalance=20d,min_hold=5d,turnover_penalty=0.01,target_vol=0.18",0.006404134796341054,1000000.0,1160943.74041707,977690.2764230081,-0.022309723576991902,0.023929628770981592,786039.9845347861,-0.21396001546521393,191650.29188822198,0.19165029188822202
2022-10-17,0.0,0.3290259802367021,4882.733387743878,0.0,0.0,0.0,0.0,0.0,4882.733387743878,1010324.4393863798,332422.9890262002,677901.4503601796,10324.439386379789,0.0103244393863797,2,"mom20@q0.6,hold_q=0.4,buy_top=5,hold_top=10,rebalance=20d,min_hold=5d,turnover_penalty=0.01,target_vol=0.18",0.004856306793932008,1000000.0,1160943.74041707,982438.2403547624,-0.01756175964523754,0.0010253821109860173,786845.9758734477,-0.21315402412655227,195592.2644813147,0.19559226448131473
2022-10-18,0.0,0.3290259802367021,8285.99926899362,0.0,0.0,0.0,0.0,0.0,8285.99926899362,1018610.4386553734,335149.2980579214,683461.140597452,18610.438655373408,0.0186104386553733,2,"mom20@q0.6,hold_q=0.4,buy_top=5,hold_top=10,rebalance=20d,min_hold=5d,turnover_penalty=0.01,target_vol=0.18",0.008201325184240993,1000000.0,1160943.74041707,990495.5358373454,-0.009504464162654602,-0.002116259057146741,785180.805950426,-0.21481919404957395,205314.72988691938,0.20531472988691934
2022-10-19,0.0,0.3290259802367021,-9911.92797165735,0.0,0.0,0.0,0.0,0.0,-9911.92797165735,1008698.5106837162,331888.01624101127,676810.4944427048,8698.510683716158,0.008698510683716,2,"mom20@q0.6,hold_q=0.4,buy_top=5,hold_top=10,rebalance=20d,min_hold=5d,turnover_penalty=0.01,target_vol=0.18",-0.009730832902853037,1000000.0,1160943.74041707,980857.1892870903,-0.019142810712909686,-0.016085371795105496,772550.8807603328,-0.22744911923966715,208306.30852675752,0.20830630852675747
2022-10-20,0.0,0.3290259802367021,-10733.611439636705,0.0,0.0,0.0,0.0,0.0,-10733.611439636705,997964.8992440794,328356.3792156049,669608.5200284745,-2035.1007559206337,-0.0020351007559206,2,"mom20@q0.6,hold_q=0.4,buy_top=5,hold_top=10,rebalance=20d,min_hold=5d,turnover_penalty=0.01,target_vol=0.18",-0.01064105015121053,1000000.0,1160943.74041707,970419.8387447109,-0.02958016125528906,-0.005719536187982155,768132.2480407666,-0.23186775195923348,202287.59070394433,0.20228759070394442
2022-10-21,0.0,0.3290259802367021,5471.266399358222,0.0,0.0,0.0,0.0,0.0,5471.266399358222,1003436.1656434376,330156.5680057899,673279.5976376478,3436.165643437649,0.0034361656434376,2,"mom20@q0.6,hold_q=0.4,buy_top=5,hold_top=10,rebalance=20d,min_hold=5d,turnover_penalty=0.01,target_vol=0.18",0.005482423683941695,1000000.0,1160943.74041707,975740.0914520118,-0.024259908547988207,-0.0032064512520872945,765669.2694322676,-0.23433073056773235,210070.8220197442,0.21007082201974414
2022-10-24,0.0,0.3290259802367021,684.4106290446734,0.0,0.0,0.0,0.0,0.0,684.4106290446734,1004120.5762724824,330381.7568838957,673738.8193885866,4120.576272482285,0.0041205762724823,2,"mom20@q0.6,hold_q=0.4,buy_top=5,hold_top=10,rebalance=20d,min_hold=5d,turnover_penalty=0.01,target_vol=0.18",0.0006820669340792396,1000000.0,1160943.74041707,976405.6115046467,-0.023594388495353336,-0.0292608118325679,743265.1650134303,-0.2567348349865697,233140.44649121643,0.23314044649121635
2022-10-25,0.0,0.3290259802367021,6134.960981983113,0.0,0.0,0.0,0.0,0.0,6134.960981983113,1010255.5372544654,332400.31843470666,677855.2188197587,10255.537254465396,0.0102555372544654,2,"mom20@q0.6,hold_q=0.4,buy_top=5,hold_top=10,rebalance=20d,min_hold=5d,turnover_penalty=0.01,target_vol=0.18",0.006109785146279245,1000000.0,1160943.74041707,982371.2400065615,-0.017628759993438492,-0.0016293413552707081,742054.1323421418,-0.2579458676578582,240317.1076644197,0.24031710766441972
2022-10-26,0.0,0.3290259802367021,3003.0724975633843,0.0,0.0,0.0,0.0,0.0,3003.0724975633843,1013258.6097520288,333388.40730693936,679870.2024450895,13258.609752028831,0.0132586097520288,2,"mom20@q0.6,hold_q=0.4,buy_top=5,hold_top=10,rebalance=20d,min_hold=5d,turnover_penalty=0.01,target_vol=0.18",0.00297258702063119,1000000.0,1160943.74041707,985291.4240040464,-0.014708575995953654,0.008118650842878772,748078.610749143,-0.25192138925085705,237212.81325490342,0.2372128132549034
2022-10-27,0.0,0.3290259802367021,-7675.851997608807,0.0,0.0,0.0,0.0,0.0,-7675.851997608807,1005582.75775442,330862.8525792742,674719.9051751457,5582.75775441993,0.0055827577544198,2,"mom20@q0.6,hold_q=0.4,buy_top=5,hold_top=10,rebalance=20d,min_hold=5d,turnover_penalty=0.01,target_vol=0.18",-0.007575412558781247,1000000.0,1160943.74041707,977827.4349765866,-0.02217256502341336,-0.007044217780087014,742808.9820984011,-0.25719101790159893,235018.45287818555,0.23501845287818557
2022-10-28,0.0,0.3290259802367021,-7635.0922420347315,0.0,0.0,0.0,0.0,0.0,-7635.0922420347315,997947.6655123852,328350.7088701411,669596.956642244,-2052.334487614804,-0.0020523344876147,2,"mom20@q0.6,hold_q=0.4,buy_top=5,hold_top=10,rebalance=20d,min_hold=5d,turnover_penalty=0.01,target_vol=0.18",-0.007592704014819152,1000000.0,1160943.74041707,970403.0806852396,-0.029596919314760384,-0.024733279355794613,724436.8800361679,-0.2755631199638321,245966.20064907172,0.2459662006490717
2022-10-31,0.0,0.3290259802367021,4440.467633329385,0.0,0.0,0.0,0.0,0.0,4440.467633329385,1002388.1331457146,329811.73808590666,672576.3950598079,2388.1331457146443,0.0023881331457147,2,"mom20@q0.6,hold_q=0.4,buy_top=5,hold_top=10,rebalance=20d,min_hold=5d,turnover_penalty=0.01,target_vol=0.18",0.004449599700250273,1000000.0,1160943.74041707,974720.9859421786,-0.025279014057821403,-0.009214052347564339,717761.8807010085,-0.28223811929899156,256959.10524117015,0.25695910524117016
2022-11-01,0.0,0.3290259802367021,3416.30819242205,0.0,0.0,0.0,0.0,0.0,3416.30819242205,1005804.4413381368,330935.792237709,674868.6491004277,5804.441338136676,0.0058044413381366,2,"mom20@q0.6,hold_q=0.4,buy_top=5,hold_top=10,rebalance=20d,min_hold=5d,turnover_penalty=0.01,target_vol=0.18",0.003408169030993058,1000000.0,1160943.74041707,978042.9998203258,-0.02195700017967428,0.03575968307350319,743428.8180771181,-0.25657118192288186,234614.18174320762,0.23461418174320758
2022-11-02,0.0,0.3290259802367021,3211.4217499192423,0.0,0.0,0.0,0.0,0.0,3211.4217499192423,1009015.863088056,331992.4334269297,677023.4296611263,9015.86308805598,0.0090158630880559,2,"mom20@q0.6,hold_q=0.4,buy_top=5,hold_top=10,rebalance=20d,min_hold=5d,turnover_penalty=0.01,target_vol=0.18",0.0031928888140986267,1000000.0,1160943.74041707,981165.7823741595,-0.018834217625840477,0.012008243973176791,752356.0927012786,-0.24764390729872132,228809.68967288092,0.22880968967288084
2022-11-03,0.0,0.3290259802367021,-1937.953627311075,0.0,0.0,0.0,0.0,0.0,-1937.953627311075,1007077.9094607448,331354.7963350504,675723.1131256944,7077.9094607448205,0.0070779094607447,2,"mom20@q0.6,hold_q=0.4,buy_top=5,hold_top=10,rebalance=20d,min_hold=5d,turnover_penalty=0.01,target_vol=0.18",-0.0019206374232612067,1000000.0,1160943.74041707,979281.3186541084,-0.02071868134589161,-0.008132557146780295,746237.5137826572,-0.25376248621734276,233043.80487145123,0.23304380487145115
2022-11-04,0.0,0.3290259802367021,3823.4449287853977,0.0,0.0,0.0,0.0,0.0,3823.4449287853977,1010901.3543895304,332612.809050625,678288.5453389052,10901.354389530256,0.0109013543895302,2,"mom20@q0.6,hold_q=0.4,buy_top=5,hold_top=10,rebalance=20d,min_hold=5d,turnover_penalty=0.01,target_vol=0.18",0.003796573127925029,1000000.0,1160943.74041707,982999.2317931897,-0.01700076820681029,0.032695523451848896,770636.1399151875,-0.22936386008481247,212363.09187800216,0.21236309187800217
2022-11-07,0.0,0.3290259802367021,-10239.331170467123,0.0,0.0,0.0,0.0,0.0,-10239.331170467123,1000662.0232190632,329243.8030752939,671418.2201437693,662.0232190631796,0.0006620232190632,2,"mom20@q0.6,hold_q=0.4,buy_top=5,hold_top=10,rebalance=20d,min_hold=5d,turnover_penalty=0.01,target_vol=0.18",-0.010128912307819204,1000000.0,1160943.74041707,973042.5187757027,-0.02695748122429731,0.002158118693873723,772299.2641749133,-0.22770073582508676,200743.2546007894,0.20074325460078946
2022-11-08,0.0,0.3290259802367021,1331.3732809918847,0.0,0.0,0.0,0.0,0.0,1331.3732809918847,1001993.396500055,329681.8594741332,672311.5370259217,1993.39650005498,0.0019933965000549,2,"mom20@q0.6,hold_q=0.4,buy_top=5,hold_top=10,rebalance=20d,min_hold=5d,turnover_penalty=0.01,target_vol=0.18",0.0013304924640877847,1000000.0,1160943.74041707,974337.1445141707,-0.02566285548582925,-0.006878923529256009,766986.6765949533,-0.23301332340504677,207350.46791921742,0.20735046791921752
2022-11-09,0.0,0.3290259802367021,-5510.98720667701,0.0,0.0,0.0,0.0,0.0,-5510.98720667701,996482.409293378,327868.6015063843,668613.8077869937,-3517.590706621995,-0.0035175907066219,2,"mom20@q0.6,hold_q=0.4,buy_top=5,hold_top=10,rebalance=20d,min_hold=5d,turnover_penalty=0.01,target_vol=0.18",-0.005500023479123484,1000000.0,1160943.74041707,968978.2673427607,-0.031021732657239287,-0.009351004046056266,759814.5810788427,-0.2401854189211573,209163.68626391795,0.20916368626391801
2022-11-10,0.0,0.3290259802367021,-3487.556883130697,0.0,0.0,0.0,0.0,0.0,-3487.556883130697,992994.8524102472,326721.104684281,666273.7477259664,-7005.147589752683,-0.0070051475897526,2,"mom20@q0.6,hold_q=0.4,buy_top=5,hold_top=10,rebalance=20d,min_hold=5d,turnover_penalty=0.01,target_vol=0.18",-0.0034998679862335846,1000000.0,1160943.74041707,965586.9713255317,-0.03441302867446827,-0.007694647938895072,753968.075378602,-0.246031924621398,211618.8959469297,0.21161889594692973
2022-11-11,50222.55765649324,0.2769965884290065,3697.386956827223,276996.5884290065,329025.98023670213,750.6607546426076,1056.173396559814,1806.8341512024213,1890.5528056248013,994885.405215872,275579.86312260624,719305.5420932658,-5114.594784127898,-0.0051145947841279,2,"mom20@q0.6,hold_q=0.4,buy_top=5,hold_top=10,rebalance=20d,min_hold=5d,turnover_penalty=0.01,target_vol=0.18",0.001903889834913075,1000000.0,1160943.74041707,967425.3425449629,-0.03257465745503707,0.027878090669589684,774987.2657459826,-0.22501273425401735,192438.07679898024,0.19243807679898028
2022-11-14,0.0,0.2769965884290065,-266.4577630338716,0.0,0.0,0.0,0.0,0.0,-266.4577630338716,994618.9474528382,275506.05523128546,719112.8922215528,-5381.052547161817,-0.0053810525471618,2,"mom20@q0.6,hold_q=0.4,buy_top=5,hold_top=10,rebalance=20d,min_hold=5d,turnover_penalty=0.01,target_vol=0.18",-0.00026782759264221134,1000000.0,1160943.74041707,967166.239344408,-0.03283376065559196,0.0014729017748729145,776128.7458652039,-0.22387125413479614,191037.49347920413,0.19103749347920418
2022-11-15,0.0,0.2769965884290065,17261.331477930325,0.0,0.0,0.0,0.0,0.0,17261.331477930325,1011880.2789307686,280287.3851624144,731592.8937683542,11880.278930768603,0.0118802789307685,2,"mom20@q0.6,hold_q=0.4,buy_top=5,hold_top=10,rebalance=20d,min_hold=5d,turnover_penalty=0.01,target_vol=0.18",0.017354718128119062,1000000.0,1160943.74041707,983951.1368112633,-0.016048863188736773,0.018964053958598015,790847.2932806106,-0.20915270671938946,193103.8435306527,0.19310384353065269
2022-11-16,0.0,0.2769965884290065,-3843.130836588961,0.0,0.0,0.0,0.0,0.0,-3843.130836588961,1008037.1480941796,279222.85103179293,728814.2970623866,8037.148094179574,0.0080371480941796,2,"mom20@q0.6,hold_q=0.4,buy_top=5,hold_top=10,rebalance=20d,min_hold=5d,turnover_penalty=0.01,target_vol=0.18",-0.00379800942523556,1000000.0,1160943.74041707,980214.0811196828,-0.01978591888031722,-0.008168713156077256,784387.0885915412,-0.21561291140845884,195826.9925281416,0.19582699252814162
2022-11-17,0.0,0.2769965884290065,6425.226409352393,0.0,0.0,0.0,0.0,0.0,6425.226409352393,1014462.374503532,281002.6168270675,733459.7576764645,14462.37450353196,0.0144623745035319,2,"mom20@q0.6,hold_q=0.4,buy_top=5,hold_top=10,rebalance=20d,min_hold=5d,turnover_penalty=0.01,target_vol=0.18",0.0063739976463170755,1000000.0,1160943.74041707,986461.9633656265,-0.013538036634373474,-0.004102347439879583,781169.260226783,-0.218830739773217,205292.70313884353,0.2052927031388435
2022-11-18,0.0,0.2769965884290065,-4505.342401334424,0.0,0.0,0.0,0.0,0.0,-4505.342401334424,1009957.0321021976,279754.6523521933,730202.3797500043,9957.032102197523,0.0099570321021975,2,"mom20@q0.6,hold_q=0.4,buy_top=5,hold_top=10,rebalance=20d,min_hold=5d,turnover_penalty=0.01,target_vol=0.18",-0.004441113356756232,1000000.0,1160943.74041707,982080.9739641915,-0.017919026035808527,-0.004475391891396341,777673.221653756,-0.22232677834624404,204407.75231043552,0.2044077523104355
2022-11-21,0.0,0.2769965884290065,-3488.5895531110727,0.0,0.0,0.0,0.0,0.0,-3488.5895531110727,1006468.4425490864,278788.32494755246,727680.1176015341,6468.442549086525,0.0064684425490866,2,"mom20@q0.6,hold_q=0.4,buy_top=5,hold_top=10,rebalance=20d,min_hold=5d,turnover_penalty=0.01,target_vol=0.18",-0.0034541960125271665,1000000.0,1160943.74041707,978688.6737799456,-0.021311326220054383,-0.008533316498183674,771037.0899212223,-0.22896291007877767,207651.5838587233,0.2076515838587233
2022-11-22,0.0,0.2769965884290065,-437.4274907207586,0.0,0.0,0.0,0.0,0.0,-437.4274907207586,1006031.0150583658,278667.1590249378,727363.856033428,6031.015058365767,0.0060310150583657,2,"mom20@q0.6,hold_q=0.4,buy_top=5,hold_top=10,rebalance=20d,min_hold=5d,turnover_penalty=0.01,target_vol=0.18",-0.0004346162007948795,1000000.0,1160943.74041707,978263.3198267864,-0.02173668017321362,0.0001167378148272391,771127.0991062504,-0.22887290089374956,207136.22072053596,0.20713622072053595
2022-11-23,0.0,0.2769965884290065,-2797.242535974367,0.0,0.0,0.0,0.0,0.0,-2797.242535974367,1003233.7725223914,277892.33238546434,725341.4401369271,3233.772522391402,0.0032337725223914,2,"mom20@q0.6,hold_q=0.4,buy_top=5,hold_top=10,rebalance=20d,min_hold=5d,turnover_penalty=0.01,target_vol=0.18",-0.002780473458675714,1000000.0,1160943.74041707,975543.284630412,-0.024456715369588045,0.001050517698305109,771937.1817715042,-0.22806281822849572,203606.10285890778,0.20360610285890768
2022-11-24,0.0,0.2769965884290065,-3177.7076292494016,0.0,0.0,0.0,0.0,0.0,-3177.7076292494016,1000056.064893142,277012.11821313744,723043.9466800045,56.06489314197097,5.606489314202712e-05,2,"mom20@q0.6,hold_q=0.4,buy_top=5,hold_top=10,rebalance=20d,min_hold=5d,turnover_penalty=0.01,target_vol=0.18",-0.0031674647687147672,1000000.0,1160943.74041707,972453.2856459889,-0.027546714354011126,-0.004430864469078144,768516.8327404326,-0.2314831672595674,203936.4529055563,0.2039364529055563
2022-11-25,0.0,0.2769965884290065,-3798.583212088134,0.0,0.0,0.0,0.0,0.0,-3798.583212088134,996257.481681054,275959.92362252536,720297.5580585285,-3742.518318946124,-0.0037425183189461,2,"mom20@q0.6,hold_q=0.4,buy_top=5,hold_top=10,rebalance=20d,min_hold=5d,turnover_penalty=0.01,target_vol=0.18",-0.0037983702568654687,1000000.0,1160943.74041707,968759.5480096,-0.03124045199039993,0.005049496780513252,772397.4560131256,-0.2276025439868744,196362.09199647442,0.19636209199647447
2022-11-28,0.0,0.2769965884290065,-801.6047760354568,0.0,0.0,0.0,0.0,0.0,-801.6047760354568,995455.8769050183,275737.8818342951,719717.9950707232,-4544.123094981653,-0.0045441230949816,2,"mom20@q0.6,hold_q=0.4,buy_top=5,hold_top=10,rebalance=20d,min_hold=5d,turnover_penalty=0.01,target_vol=0.18",-0.0008046160664039181,1000000.0,1160943.74041707,967980.0685127894,-0.03201993148721061,-0.011266546250046416,763695.2043515355,-0.23630479564846452,204284.8641612539,0.2042848641612539
2022-11-29,0.0,0.2769965884290065,1935.5421795956424,0.0,0.0,0.0,0.0,0.0,1935.5421795956424,997391.419084614,276274.0204148036,721117.3986698105,-2608.5809153859736,-0.0026085809153859,2,"mom20@q0.6,hold_q=0.4,buy_top=5,hold_top=10,rebalance=20d,min_hold=5d,turnover_penalty=0.01,target_vol=0.18",0.0019443776710761362,1000000.0,1160943.74041707,969862.1873440524,-0.030137812655947616,0.030852557028211436,787257.1541959628,-0.21274284580403713,182605.03314808954,0.1826050331480895
2022-11-30,0.0,0.2769965884290065,-3372.932476349051,0.0,0.0,0.0,0.0,0.0,-3372.932476349051,994018.486608265,275339.7296258535,718678.7569824115,-5981.513391735032,-0.005981513391735,2,"mom20@q0.6,hold_q=0.4,buy_top=5,hold_top=10,rebalance=20d,min_hold=5d,turnover_penalty=0.01,target_vol=0.18",-0.0033817540554386127,1000000.0,1160943.74041707,966582.3519587851,-0.03341764804121494,0.001200492669718889,788202.2506387589,-0.21179774936124107,178380.1013200262,0.17838010132002613
2022-12-01,0.0,0.2769965884290065,3164.682317710312,0.0,0.0,0.0,0.0,0.0,3164.682317710312,997183.1689259752,276216.33583132084,720966.8330946545,-2816.831074024667,-0.0028168310740246,2,"mom20@q0.6,hold_q=0.4,buy_top=5,hold_top=10,rebalance=20d,min_hold=5d,turnover_penalty=0.01,target_vol=0.18",0.0031837258163160964,1000000.0,1160943.74041707,969659.6851463118,-0.030340314853688266,0.010830409235305094,796738.8035733652,-0.20326119642663476,172920.88157294656,0.1729208815729465
2022-12-02,0.0,0.2769965884290065,-3085.588308052079,0.0,0.0,0.0,0.0,0.0,-3085.588308052079,994097.5806179232,275361.638396694,718735.9422212292,-5902.419382076827,-0.0059024193820768,2,"mom20@q0.6,hold_q=0.4,buy_top=5,hold_top=10,rebalance=20d,min_hold=5d,turnover_penalty=0.01,target_vol=0.18",-0.003094304440953821,1000000.0,1160943.74041707,966659.2628763496,-0.03334073712365038,-0.006115893878200773,791866.0336020659,-0.20813396639793413,174793.22927428375,0.17479322927428376
2022-12-05,0.0,0.2769965884290065,1865.91866791394,0.0,0.0,0.0,0.0,0.0,1865.91866791394,995963.4992858372,275878.49150199216,720085.0077838451,-4036.5007141628303,-0.0040365007141628,2,"mom20@q0.6,hold_q=0.4,buy_top=5,hold_top=10,rebalance=20d,min_hold=5d,turnover_penalty=0.01,target_vol=0.18",0.0018769974943044776,1000000.0,1160943.74041707,968473.6798906147,-0.031526320109385275,0.019615339903641393,807398.7550093187,-0.19260124499068132,161074.924881296,0.16107492488129604
2022-12-06,0.0,0.2769965884290065,3540.109482281604,0.0,0.0,0.0,0.0,0.0,3540.109482281604,999503.6087681188,276859.0897512493,722644.5190168695,-496.39123188122176,-0.0004963912318812,2,"mom20@q0.6,hold_q=0.4,buy_top=5,hold_top=10,rebalance=20d,min_hold=5d,turnover_penalty=0.01,target_vol=0.18",0.0035544570507053397,1000000.0,1160943.74041707,971916.0779905245,-0.028083922009475515,0.005401735041349109,811760.1091565941,-0.18823989084340587,160155.96883393032,0.16015596883393035
2022-12-07,0.0,0.2769965884290065,242.5002590997119,0.0,0.0,0.0,0.0,0.0,242.5002590997119,999746.1090272184,276926.2614957131,722819.8475315054,-253.89097278157715,-0.0002538909727816,2,"mom20@q0.6,hold_q=0.4,buy_top=5,hold_top=10,rebalance=20d,min_hold=5d,turnover_penalty=0.01,target_vol=0.18",0.00024262069388480967,1000000.0,1160943.74041707,972151.8849437644,-0.027848115056235523,-0.0024595534499268767,809763.541779605,-0.19023645822039503,162388.34316415945,0.1623883431641595
2022-12-08,0.0,0.2769965884290065,-3647.683307761671,0.0,0.0,0.0,0.0,0.0,-3647.683307761671,996098.4257194567,275915.86566379364,720182.5600556631,-3901.574280543253,-0.0039015742805432,2,"mom20@q0.6,hold_q=0.4,buy_top=5,hold_top=10,rebalance=20d,min_hold=5d,turnover_penalty=0.01,target_vol=0.18",-0.0036486096568167925,1000000.0,1160943.74041707,968604.8821884659,-0.031395117811534035,0.0001869423308171747,809914.920863516,-0.19008507913648398,158689.96132494987,0.15868996132494995
2022-12-09,-96783.1770158847,0.3718828039972017,13344.497596414009,371882.80399720167,276996.5884290065,1007.8023988324164,889.1590488571107,1896.9614476895272,11447.53614872448,1007545.9618681812,374689.0174555969,632856.9444125844,7545.961868181243,0.0075459618681812,2,"mom20@q0.6,hold_q=0.4,buy_top=5,hold_top=10,rebalance=20d,min_hold=5d,turnover_penalty=0.01,target_vol=0.18",0.011492374501501867,1000000.0,1160943.74041707,979736.4522385588,-0.020263547761441236,0.009865679256815696,817905.2816980648,-0.18209471830193524,161831.17054049403,0.161831170540494
2022-12-12,0.0,0.3718828039972017,-8843.574916944419,0.0,0.0,0.0,0.0,0.0,-8843.574916944419,998702.3869512368,371400.2440181243,627302.1429331126,-1297.6130487631308,-0.001297613048763,2,"mom20@q0.6,hold_q=0.4,buy_top=5,hold_top=10,rebalance=20d,min_hold=5d,turnover_penalty=0.01,target_vol=0.18",-0.008777341433185648,1000000.0,1160943.74041707,971136.970882723,-0.028863029117277006,-0.011204930169274374,808740.7101315572,-0.19125928986844276,162396.2607511658,0.16239626075116576
2022-12-13,0.0,0.3718828039972017,1141.4128255587484,0.0,0.0,0.0,0.0,0.0,1141.4128255587484,999843.7997767956,371824.71582021145,628019.0839565841,-156.20022320444696,-0.0001562002232043,2,"mom20@q0.6,hold_q=0.4,buy_top=5,hold_top=10,rebalance=20d,min_hold=5d,turnover_penalty=0.01,target_vol=0.18",0.0011428958621428897,1000000.0,1160943.74041707,972246.8793083188,-0.02775312069168112,-0.0019628475454288585,807153.2754137871,-0.19284672458621288,165093.60389453173,0.16509360389453176
2022-12-14,0.0,0.3718828039972017,6752.313365009861,0.0,0.0,0.0,0.0,0.0,6752.313365009861,1006596.1131418054,374335.7850478591,632260.3280939463,6596.113141805399,0.0065961131418053,2,"mom20@q0.6,hold_q=0.4,buy_top=5,hold_top=10,rebalance=20d,min_hold=5d,turnover_penalty=0.01,target_vol=0.18",0.006753368242636837,1000000.0,1160943.74041707,978812.8205070425,-0.021187179492957564,0.002334198414468469,809037.331309491,-0.19096266869050904,169775.4891975515,0.16977548919755148
2022-12-15,0.0,0.3718828039972017,-4778.67104271299,0.0,0.0,0.0,0.0,0.0,-4778.67104271299,1001817.4420990924,372558.6794611148,629258.7626379777,1817.442099092412,0.0018174420990924,2,"mom20@q0.6,hold_q=0.4,buy_top=5,hold_top=10,rebalance=20d,min_hold=5d,turnover_penalty=0.01,target_vol=0.18",-0.004747356939217351,1000000.0,1160943.74041707,974166.0466714134,-0.025833953328586623,-0.0007332694461793521,808444.0889536232,-0.19155591104637681,165721.95771779015,0.1657219577177902
2022-12-16,0.0,0.3718828039972017,2178.027789847094,0.0,0.0,0.0,0.0,0.0,2178.027789847094,1003995.4698889396,373368.6505427869,630626.8193461526,3995.469888939522,0.0039954698889395,2,"mom20@q0.6,hold_q=0.4,buy_top=5,hold_top=10,rebalance=20d,min_hold=5d,turnover_penalty=0.01,target_vol=0.18",0.002174076531632041,1000000.0,1160943.74041707,976283.9582113945,-0.023716041788605535,0.0005668030536514213,808902.3175319486,-0.19109768246805148,167381.64067944593,0.16738164067944594
2022-12-19,0.0,0.3718828039972017,-6956.533825659661,0.0,0.0,0.0,0.0,0.0,-6956.533825659661,997038.93606328,370781.6352375992,626257.3008256806,-2961.063936720137,-0.0029610639367201,2,"mom20@q0.6,hold_q=0.4,buy_top=5,hold_top=10,rebalance=20d,min_hold=5d,turnover_penalty=0.01,target_vol=0.18",-0.006928849814859417,1000000.0,1160943.74041707,969519.4332882912,-0.030480566711708734,-0.015429046868796203,796421.7257624702,-0.20357827423752983,173097.70752582105,0.1730977075258211
2022-12-20,0.0,0.3718828039972017,-12817.80593048413,0.0,0.0,0.0,0.0,0.0,-12817.80593048413,984221.1301327958,366014.9136270788,618206.216505717,-15778.869867204225,-0.0157788698672042,2,"mom20@q0.6,hold_q=0.4,buy_top=5,hold_top=10,rebalance=20d,min_hold=5d,turnover_penalty=0.01,target_vol=0.18",-0.012855872992377004,1000000.0,1160943.74041707,957055.4145902956,-0.04294458540970436,-0.01649020605051854,783288.5674015376,-0.21671143259846248,173766.84718875808,0.17376684718875812
2022-12-21,0.0,0.3718828039972017,1856.756953473971,0.0,0.0,0.0,0.0,0.0,1856.756953473971,986077.8870862698,366705.4096092781,619372.4774769917,-13922.112913730203,-0.0139221129137302,2,"mom20@q0.6,hold_q=0.4,buy_top=5,hold_top=10,rebalance=20d,min_hold=5d,turnover_penalty=0.01,target_vol=0.18",0.001886524172899584,1000000.0,1160943.74041707,958860.9227647247,-0.04113907723527532,0.0003969684148945607,783599.508222544,-0.21640049177745602,175261.41454218072,0.1752614145421807
2022-12-22,0.0,0.3718828039972017,5381.050666123326,0.0,0.0,0.0,0.0,0.0,5381.050666123326,991458.9377523932,368706.52981944697,622752.4079329461,-8541.062247606926,-0.0085410622476069,2,"mom20@q0.6,hold_q=0.4,buy_top=5,hold_top=10,rebalance=20d,min_hold=5d,turnover_penalty=0.01,target_vol=0.18",0.005457023970006691,1000000.0,1160943.74041707,964093.4498041546,-0.03590655019584543,0.0014332182929821524,784722.5773721004,-0.21527742262789962,179370.87243205414,0.17937087243205418
2022-12-23,0.0,0.3718828039972017,-1118.420058150458,0.0,0.0,0.0,0.0,0.0,-1118.420058150458,990340.5176942426,368290.6086321753,622049.9090620673,-9659.482305757352,-0.0096594823057573,2,"mom20@q0.6,hold_q=0.4,buy_top=5,hold_top=10,rebalance=20d,min_hold=5d,turnover_penalty=0.01,target_vol=0.18",-0.0011280548447987204,1000000.0,1160943.74041707,963005.8995172642,-0.03699410048273577,-0.0020359590514152925,783124.9143378497,-0.2168750856621503,179880.9851794145,0.17988098517941453
2022-12-26,0.0,0.3718828039972017,-3593.9491189702785,0.0,0.0,0.0,0.0,0.0,-3593.9491189702785,986746.5685752725,366954.08075638936,619792.487818883,-13253.431424727663,-0.0132534314247276,2,"mom20@q0.6,hold_q=0.4,buy_top=5,hold_top=10,rebalance=20d,min_hold=5d,turnover_penalty=0.01,target_vol=0.18",-0.003629003413227805,1000000.0,1160943.74041707,959511.1478209576,-0.04048885217904241,0.003988798971845897,786248.6421909875,-0.21375135780901255,173262.5056299701,0.17326250562997014
2022-12-27,0.0,0.3718828039972017,7250.55308083994,0.0,0.0,0.0,0.0,0.0,7250.55308083994,993997.1216561124,369650.43676662265,624346.6848894896,-6002.878343887744,-0.0060028783438877,2,"mom20@q0.6,hold_q=0.4,buy_top=5,hold_top=10,rebalance=20d,min_hold=5d,turnover_penalty=0.01,target_vol=0.18",0.007347938479592253,1000000.0,1160943.74041707,966561.5767056289,-0.03343842329437108,0.011541593707802056,795323.2045724669,-0.20467679542753314,171238.372133162,0.17123837213316206
2022-12-28,0.0,0.3718828039972017,-1824.706722049857,0.0,0.0,0.0,0.0,0.0,-1824.706722049857,992172.4149340624,368971.8597143542,623200.5552197082,-7827.585065937601,-0.0078275850659376,2,"mom20@q0.6,hold_q=0.4,buy_top=5,hold_top=10,rebalance=20d,min_hold=5d,turnover_penalty=0.01,target_vol=0.18",-0.0018357263640862431,1000000.0,1160943.74041707,964787.2341367576,-0.0352127658632424,-0.004267139935954289,791929.4491642446,-0.20807055083575543,172857.78497251298,0.17285778497251303
2022-12-29,0.0,0.3718828039972017,-3209.7824986750134,0.0,0.0,0.0,0.0,0.0,-3209.7824986750134,988962.6324353872,367778.19679852575,621184.4356368616,-11037.36756461265,-0.0110373675646125,2,"mom20@q0.6,hold_q=0.4,buy_top=5,hold_top=10,rebalance=20d,min_hold=5d,turnover_penalty=0.01,target_vol=0.18",-0.0032351055626641534,1000000.0,1160943.74041707,961666.0455888144,-0.03833395441118559,-0.003761049374105707,788950.9634051295,-0.2110490365948705,172715.08218368492,0.17271508218368492
2022-12-30,0.0,0.3718828039972017,3004.621480830051,0.0,0.0,0.0,0.0,0.0,3004.621480830051,991967.2539162176,368895.5638597671,623071.6900564504,-8032.74608378252,-0.0080327460837825,2,"mom20@q0.6,hold_q=0.4,buy_top=5,hold_top=10,rebalance=20d,min_hold=5d,turnover_penalty=0.01,target_vol=0.18",0.0030381547110949203,1000000.0,1160943.74041707,964587.73581572,-0.035412264184279896,0.003871185210153838,792005.1387062,-0.20799486129379996,172582.59710952,0.17258259710952006
2023-01-03,0.0,0.3718828039972017,3876.088679449832,0.0,0.0,0.0,0.0,0.0,3876.088679449832,995843.3425956672,370337.0145864227,625506.3280092445,-4156.657404332771,-0.0041566574043327,2,"mom20@q0.6,hold_q=0.4,buy_top=5,hold_top=10,rebalance=20d,min_hold=5d,turnover_penalty=0.01,target_vol=0.18",0.003907476445565328,1000000.0,1160943.74041707,968356.8396731013,-0.031643160326898734,0.004202364378827594,795333.4328889474,-0.20466656711105258,173023.4067841539,0.17302340678415384
2023-01-04,0.0,0.3718828039972017,7918.965739451517,0.0,0.0,0.0,0.0,0.0,7918.965739451517,1003762.3083351188,373281.9417703677,630480.3665647511,3762.30833511881,0.0037623083351188,2,"mom20@q0.6,hold_q=0.4,buy_top=5,hold_top=10,rebalance=20d,min_hold=5d,turnover_penalty=0.01,target_vol=0.18",0.007952019560436785,1000000.0,1160943.74041707,976057.2322036645,-0.02394276779633553,0.0012989017207232223,796366.4928534756,-0.2036335071465244,179690.73935018887,0.17969073935018887
2023-01-05,0.0,0.3718828039972017,10733.021697503777,0.0,0.0,0.0,0.0,0.0,10733.021697503777,1014495.3300326226,377273.3679745982,637221.9620580244,14495.330032622558,0.0144953300326224,2,"mom20@q0.6,hold_q=0.4,buy_top=5,hold_top=10,rebalance=20d,min_hold=5d,turnover_penalty=0.01,target_vol=0.18",0.010692792116597793,1000000.0,1160943.74041707,986494.00928152,-0.013505990718480021,0.01942742650175311,811837.8443618454,-0.18816215563815464,174656.16491967463,0.17465616491967462
2023-01-06,0.0,0.3718828039972017,-54.25645081117062,0.0,0.0,0.0,0.0,0.0,-54.25645081117062,1014441.0735818114,377253.1909335356,637187.8826482757,14441.07358181139,0.0144410735818114,2,"mom20@q0.6,hold_q=0.4,buy_top=5,hold_top=10,rebalance=20d,min_hold=5d,turnover_penalty=0.01,target_vol=0.18",-5.34812228356607e-05,1000000.0,1160943.74041707,986441.2503755837,-0.013558749624416389,0.0031018651507592754,814356.0558793389,-0.1856439441206611,172085.19449624477,0.1720851944962447
2023-01-09,-37040.50996223758,0.4078578103369009,5454.353402709244,199490.4379879644,163515.4316482651,540.6190869473834,524.8845355909309,1065.5036225383142,4388.849780170929,1018829.9233619825,415537.7416481307,603292.1817138516,18829.92336198233,0.0188299233619824,2,"mom20@q0.6,hold_q=0.4,buy_top=5,hold_top=10,rebalance=20d,min_hold=5d,turnover_penalty=0.01,target_vol=0.18",0.0043263723191675485,1000000.0,1160943.74041707,990708.9624956935,-0.009291037504306487,0.008096179497549594,820949.2286826546,-0.17905077131734548,169759.7338130389,0.169759733813039
2023-01-10,0.0,0.4078578103369009,-7841.616441871152,0.0,0.0,0.0,0.0,0.0,-7841.616441871152,1010988.3069201112,412339.4771366473,598648.8297834639,10988.30692011118,0.0109883069201111,2,"mom20@q0.6,hold_q=0.4,buy_top=5,hold_top=10,rebalance=20d,min_hold=5d,turnover_penalty=0.01,target_vol=0.18",-0.0076966883893585525,1000000.0,1160943.74041707,983083.7843268195,-0.01691621567318058,0.0010839446615102943,821839.0922164561,-0.17816090778354388,161244.6921103634,0.1612446921103633
2023-01-11,0.0,0.4078578103369009,6219.05404247304,0.0,0.0,0.0,0.0,0.0,6219.05404247304,1017207.3609625844,414875.9669007773,602331.3940618071,17207.360962584266,0.0172073609625842,2,"mom20@q0.6,hold_q=0.4,buy_top=5,hold_top=10,rebalance=20d,min_hold=5d,turnover_penalty=0.01,target_vol=0.18",0.00615145991294308,1000000.0,1160943.74041707,989131.1848171703,-0.010868815182829783,-0.00185191177532118,820317.1187241613,-0.17968288127583876,168814.06609300897,0.16881406609300897
2023-01-12,0.0,0.4078578103369009,731.5745564072208,0.0,0.0,0.0,0.0,0.0,731.5745564072208,1017938.9355189914,415174.34529745165,602764.5902215398,17938.935518991435,0.0179389355189913,2,"mom20@q0.6,hold_q=0.4,buy_top=5,hold_top=10,rebalance=20d,min_hold=5d,turnover_penalty=0.01,target_vol=0.18",0.0007191990389401326,1000000.0,1160943.74041707,989842.5670146764,-0.010157432985323567,0.0019550975927860037,821920.9187482999,-0.17807908125170002,167921.64826637646,0.16792164826637646
2023-01-13,0.0,0.4078578103369009,8643.001763785665,0.0,0.0,0.0,0.0,0.0,8643.001763785665,1026581.9372827772,418699.46107156726,607882.4762112099,26581.93728277716,0.0265819372827771,2,"mom20@q0.6,hold_q=0.4,buy_top=5,hold_top=10,rebalance=20d,min_hold=5d,turnover_penalty=0.01,target_vol=0.18",0.008490687861722357,1000000.0,1160943.74041707,998247.011283444,-0.0017529887165560476,0.014064666104179668,833480.9620345354,-0.16651903796546463,164766.04924890865,0.16476604924890859
2023-01-16,0.0,0.4078578103369009,7255.626809779686,0.0,0.0,0.0,0.0,0.0,7255.626809779686,1033837.5640925568,421658.7251348257,612178.8389577311,33837.56409255683,0.0338375640925567,2,"mom20@q0.6,hold_q=0.4,buy_top=5,hold_top=10,rebalance=20d,min_hold=5d,turnover_penalty=0.01,target_vol=0.18",0.007067752262410076,1000000.0,1160943.74041707,1005302.3738558869,0.005302373855886833,0.0156048282192629,846487.2892711103,-0.15351271072888972,158815.08458477654,0.15881508458477656
2023-01-17,0.0,0.4078578103369009,-1111.5111486843202,0.0,0.0,0.0,0.0,0.0,-1111.5111486843202,1032726.0529438724,421205.3866315583,611520.6663123142,32726.05294387252,0.0327260529438724,2,"mom20@q0.6,hold_q=0.4,buy_top=5,hold_top=10,rebalance=20d,min_hold=5d,turnover_penalty=0.01,target_vol=0.18",-0.0010751313236136983,1000000.0,1160943.74041707,1004221.5417840512,0.004221541784051208,-0.00017399878200863306,846340.0015137913,-0.1536599984862087,157881.54027025995,0.1578815402702599
2023-01-18,0.0,0.4078578103369009,-1314.091924110074,0.0,0.0,0.0,0.0,0.0,-1314.091924110074,1031411.9610197624,420669.4239768093,610742.5370429531,31411.96101976244,0.0314119610197625,2,"mom20@q0.6,hold_q=0.4,buy_top=5,hold_top=10,rebalance=20d,min_hold=5d,turnover_penalty=0.01,target_vol=0.18",-0.0012724496688778508,1000000.0,1160943.74041707,1002943.720415728,0.0029437204157281016,-0.0016750297299648054,844922.3568495973,-0.15507764315040273,158021.36356613075,0.15802136356613083
2023-01-19,0.0,0.4078578103369009,266.155592684844,0.0,0.0,0.0,0.0,0.0,266.155592684844,1031678.1166124472,420777.9776140507,610900.1389983965,31678.116612447197,0.0316781166124471,2,"mom20@q0.6,hold_q=0.4,buy_top=5,hold_top=10,rebalance=20d,min_hold=5d,turnover_penalty=0.01,target_vol=0.18",0.00025804974417953375,1000000.0,1160943.74041707,1003202.529786208,0.0032025297862079416,0.006222293241911592,850179.7115205625,-0.1498202884794375,153022.81826564542,0.15302281826564545
2023-01-20,0.0,0.4078578103369009,3986.7232691834392,0.0,0.0,0.0,0.0,0.0,3986.7232691834392,1035664.8398816306,422403.993837039,613260.8460445916,35664.839881630614,0.0356648398816306,2,"mom20@q0.6,hold_q=0.4,buy_top=5,hold_top=10,rebalance=20d,min_hold=5d,turnover_penalty=0.01,target_vol=0.18",0.003864309230745322,1000000.0,1160943.74041707,1007079.2145823679,0.007079214582367932,0.006140504955473913,855400.2442521978,-0.14459975574780226,151678.97033017012,0.1516789703301702
2023-01-30,0.0,0.4078578103369009,5470.417086037111,0.0,0.0,0.0,0.0,0.0,5470.417086037111,1041135.2569676676,424635.14617137966,616500.1107962881,41135.25696766772,0.0411352569676677,2,"mom20@q0.6,hold_q=0.4,buy_top=5,hold_top=10,rebalance=20d,min_hold=5d,turnover_penalty=0.01,target_vol=0.18",0.005282034182662931,1000000.0,1160943.74041707,1012398.6414184414,0.01239864141844138,0.004739891857765022,859454.7489050591,-0.14054525109494098,152943.89251338236,0.15294389251338236
2023-01-31,0.0,0.4078578103369009,-7535.771913700073,0.0,0.0,0.0,0.0,0.0,-7535.771913700073,1033599.4850539676,421561.6227394596,612037.8623145081,33599.485053967685,0.0335994850539675,2,"mom20@q0.6,hold_q=0.4,buy_top=5,hold_top=10,rebalance=20d,min_hold=5d,turnover_penalty=0.01,target_vol=0.18",-0.007238033543929934,1000000.0,1160943.74041707,1005070.8660920255,0.005070866092025561,-0.010589453389981962,850353.5929007302,-0.1496464070992698,154717.27319129533,0.15471727319129536
2023-02-01,0.0,0.4078578103369009,1288.3935033097275,0.0,0.0,0.0,0.0,0.0,1288.3935033097275,1034887.8785572774,422087.1040925718,612800.7744647055,34887.87855727738,0.0348878785572774,2,"mom20@q0.6,hold_q=0.4,buy_top=5,hold_top=10,rebalance=20d,min_hold=5d,turnover_penalty=0.01,target_vol=0.18",0.0012465113633861602,1000000.0,1160943.74041707,1006323.6983476176,0.00632369834761759,0.0093989213011747,858345.9993985754,-0.14165400060142463,147977.69894904224,0.14797769894904222
2023-02-02,0.0,0.4078578103369009,-2651.802561769958,0.0,0.0,0.0,0.0,0.0,-2651.802561769958,1032236.0759955074,421005.54570628254,611230.5302892248,32236.075995507417,0.0322360759955073,2,"mom20@q0.6,hold_q=0.4,buy_top=5,hold_top=10,rebalance=20d,min_hold=5d,turnover_penalty=0.01,target_vol=0.18",-0.0025624056641447845,1000000.0,1160943.74041707,1003745.0888030087,0.0037450888030086116,-0.003522461051542969,855322.5090469462,-0.14467749095305382,148422.57975606248,0.14842257975606243
2023-02-03,0.0,0.4078578103369009,-6568.988721427117,0.0,0.0,0.0,0.0,0.0,-6568.988721427117,1025667.0872740804,418326.3323502335,607340.7549238468,25667.08727408037,0.0256670872740802,2,"mom20@q0.6,hold_q=0.4,buy_top=5,hold_top=10,rebalance=20d,min_hold=5d,turnover_penalty=0.01,target_vol=0.18",-0.006363843382524492,1000000.0,1160943.74041707,997357.4122618882,-0.002642587738111879,-0.009451945039044118,847238.0477007772,-0.15276195229922285,150119.36456111097,0.15011936456111097
2023-02-06,0.0,0.4078578103369009,-11828.527513895926,0.0,0.0,0.0,0.0,0.0,-11828.527513895926,1013838.5597601844,413501.9750189061,600336.5847412783,13838.559760184491,0.0138385597601844,2,"mom20@q0.6,hold_q=0.4,buy_top=5,hold_top=10,rebalance=20d,min_hold=5d,turnover_penalty=0.01,target_vol=0.18",-0.011532521283619146,1000000.0,1160943.74041707,985855.3666776025,-0.01414463332239746,-0.013219432928581298,836038.0411546545,-0.1639619588453456,149817.32552294806,0.14981732552294813
2023-02-07,0.0,0.4078578103369009,6476.154656195919,0.0,0.0,0.0,0.0,0.0,6476.154656195919,1020314.7144163804,416143.3252763853,604171.3891399951,20314.71441638039,0.0203147144163804,2,"mom20@q0.6,hold_q=0.4,buy_top=5,hold_top=10,rebalance=20d,min_hold=5d,turnover_penalty=0.01,target_vol=0.18",0.006387757295133856,1000000.0,1160943.74041707,992152.7714880443,-0.00784722851195574,0.0017984379281994478,837541.6036772846,-0.16245839632271541,154611.16781075974,0.15461116781075968
2023-02-08,0.0,0.4078578103369009,-3983.043608853192,0.0,0.0,0.0,0.0,0.0,-3983.043608853192,1016331.6708075271,414518.809831602,601812.8609759251,16331.670807527144,0.0163316708075271,2,"mom20@q0.6,hold_q=0.4,buy_top=5,hold_top=10,rebalance=20d,min_hold=5d,turnover_penalty=0.01,target_vol=0.18",-0.0039037402407074984,1000000.0,1160943.74041707,988279.664789057,-0.011720335210943067,-0.0044184132303266566,833840.998774648,-0.1661590012253521,154438.66601440904,0.15443866601440903
2023-02-09,0.0,0.4078578103369009,10220.76900566767,0.0,0.0,0.0,0.0,0.0,10220.76900566767,1026552.4398131948,418687.4302982129,607865.0095149819,26552.4398131948,0.0265524398131948,2,"mom20@q0.6,hold_q=0.4,buy_top=5,hold_top=10,rebalance=20d,min_hold=5d,turnover_penalty=0.01,target_vol=0.18",0.010056529083214194,1000000.0,1160943.74041707,998218.3279803572,-0.0017816720196427438,0.013424465302958044,845034.868330882,-0.15496513166911796,153183.45964947517,0.15318345964947522
2023-02-10,0.0,0.4078578103369009,-4611.083218055497,0.0,0.0,0.0,0.0,0.0,-4611.083218055497,1021941.3565951394,416806.7639936156,605134.5926015237,21941.35659513937,0.0219413565951394,2,"mom20@q0.6,hold_q=0.4,buy_top=5,hold_top=10,rebalance=20d,min_hold=5d,turnover_penalty=0.01,target_vol=0.18",-0.004491814581722209,1000000.0,1160943.74041707,993734.5163389926,-0.006265483661007321,-0.005943072386863535,840012.7649389679,-0.15998723506103207,153721.75140002475,0.15372175140002475
2023-02-13,66349.17580123266,0.3392799622667439,22598.573223319952,339279.962266744,407857.8103369009,919.448697742876,1309.223571181452,2228.672268924328,20369.900954395624,1042311.257549535,353635.32413160865,688675.9334179263,42311.25754953502,0.042311257549535,2,"mom20@q0.6,hold_q=0.4,buy_top=5,hold_top=10,rebalance=20d,min_hold=5d,turnover_penalty=0.01,target_vol=0.18",0.019932553686116794,1000000.0,1160943.74041707,1013542.182935667,0.013542182935667002,0.009073840016949442,847634.9063802194,-0.15236509361978057,165907.2765554476,0.16590727655544757
2023-02-14,0.0,0.3392799622667439,-12590.251067874764,0.0,0.0,0.0,0.0,0.0,-12590.251067874764,1029721.0064816602,349363.7042243713,680357.302257289,29721.00648166018,0.0297210064816602,2,"mom20@q0.6,hold_q=0.4,buy_top=5,hold_top=10,rebalance=20d,min_hold=5d,turnover_penalty=0.01,target_vol=0.18",-0.012079166349478365,1000000.0,1160943.74041707,1001299.4383057737,0.0012994383057736147,0.00041510098779551363,847986.7604671478,-0.15201323953285217,153312.67783862585,0.1533126778386258
2023-02-15,0.0,0.3392799622667439,12025.785628043126,0.0,0.0,0.0,0.0,0.0,12025.785628043126,1041746.7921097032,353443.8123184817,688302.9797912217,41746.792109703296,0.0417467921097032,2,"mom20@q0.6,hold_q=0.4,buy_top=5,hold_top=10,rebalance=20d,min_hold=5d,turnover_penalty=0.01,target_vol=0.18",0.011678683402927437,1000000.0,1160943.74041707,1012993.2974372758,0.01299329743727573,-0.0052107331453288275,843568.1277475816,-0.1564318722524184,169425.1696896942,0.16942516968969412
2023-02-16,0.0,0.3392799622667439,-23431.28073089835,0.0,0.0,0.0,0.0,0.0,-23431.28073089835,1018315.5113788048,345494.048276241,672821.463102564,18315.51137880492,0.0183155113788049,2,"mom20@q0.6,hold_q=0.4,buy_top=5,hold_top=10,rebalance=20d,min_hold=5d,turnover_penalty=0.01,target_vol=0.18",-0.022492299384427428,1000000.0,1160943.74041707,990208.7489168982,-0.00979125108310186,-0.007323537899308619,837390.2245933734,-0.1626097754066267,152818.5243235248,0.15281852432352483
2023-02-17,0.0,0.3392799622667439,-7995.812488906651,0.0,0.0,0.0,0.0,0.0,-7995.812488906651,1010319.6988898984,342781.2293167128,667538.4695731855,10319.698889898367,0.0103196988898983,2,"mom20@q0.6,hold_q=0.4,buy_top=5,hold_top=10,rebalance=20d,min_hold=5d,turnover_penalty=0.01,target_vol=0.18",-0.007851999109863339,1000000.0,1160943.74041707,982433.6307018237,-0.017566369298176232,-0.014408243332706183,825324.9024730026,-0.1746750975269974,157108.7282288212,0.15710872822882116
2023-02-20,0.0,0.3392799622667439,13583.169764281349,0.0,0.0,0.0,0.0,0.0,13583.169764281349,1023902.8686541796,347389.7266418009,676513.1420123787,23902.86865417962,0.0239028686541795,2,"mom20@q0.6,hold_q=0.4,buy_top=5,hold_top=10,rebalance=20d,min_hold=5d,turnover_penalty=0.01,target_vol=0.18",0.013444427322565344,1000000.0,1160943.74041707,995641.8882490385,-0.0043581117509615686,0.024533338621046896,845572.8777777553,-0.15442712222224475,150069.01047128323,0.15006901047128318
2023-02-21,0.0,0.3392799622667439,1211.2215230288646,0.0,0.0,0.0,0.0,0.0,1211.2215230288646,1025114.0901772084,347800.66983443085,677313.4203427776,25114.09017720853,0.0251140901772084,2,"mom20@q0.6,hold_q=0.4,buy_top=5,hold_top=10,rebalance=20d,min_hold=5d,turnover_penalty=0.01,target_vol=0.18",0.0011829457266985255,1000000.0,1160943.74041707,996819.6785660647,-0.003180321433935318,0.0026273197709443252,847794.4681173151,-0.15220553188268493,149025.2104487496,0.1490252104487496
2023-02-22,0.0,0.3392799622667439,-113.02791247362372,0.0,0.0,0.0,0.0,0.0,-113.02791247362372,1025001.0622647348,347762.3217285517,677238.7405361831,25001.06226473488,0.0250010622647349,2,"mom20@q0.6,hold_q=0.4,buy_top=5,hold_top=10,rebalance=20d,min_hold=5d,turnover_penalty=0.01,target_vol=0.18",-0.00011025886148352537,1000000.0,1160943.74041707,996709.7703632016,-0.0032902296367983697,-0.009024334334696738,840143.687389918,-0.15985631261008193,156566.0829732836,0.15656608297328356
2023-02-23,0.0,0.3392799622667439,-2694.7131991462497,0.0,0.0,0.0,0.0,0.0,-2694.7131991462497,1022306.3490655888,346848.0595360257,675458.2895295629,22306.34906558867,0.0223063490655885,2,"mom20@q0.6,hold_q=0.4,buy_top=5,hold_top=10,rebalance=20d,min_hold=5d,turnover_penalty=0.01,target_vol=0.18",-0.002628985762406888,1000000.0,1160943.74041707,994089.434567665,-0.005910565432335035,-0.000803515991185666,839468.6185022065,-0.16053138149779345,154620.81606545846,0.1546208160654584
2023-02-24,0.0,0.3392799622667439,20244.58850276607,0.0,0.0,0.0,0.0,0.0,20244.58850276607,1042550.9375683548,353716.64275934995,688834.2948090048,42550.93756835477,0.0425509375683548,2,"mom20@q0.6,hold_q=0.4,buy_top=5,hold_top=10,rebalance=20d,min_hold=5d,turnover_penalty=0.01,target_vol=0.18",0.01980285901703538,1000000.0,1160943.74041707,1013775.2474907329,0.01377524749073289,-0.010381002278459284,830754.0928608401,-0.16924590713915988,183021.1546298928,0.18302115462989277
2023-02-27,0.0,0.3392799622667439,-6306.190580114544,0.0,0.0,0.0,0.0,0.0,-6306.190580114544,1036244.7469882402,351577.07865728176,684667.6683309583,36244.74698824016,0.03624474698824,2,"mom20@q0.6,hold_q=0.4,buy_top=5,hold_top=10,rebalance=20d,min_hold=5d,turnover_penalty=0.01,target_vol=0.18",-0.006048808123297222,1000000.0,1160943.74041707,1007643.1155385133,0.007643115538513268,-0.004237820268157222,827233.5063282598,-0.17276649367174013,180409.60921025346,0.1804096092102534
2023-02-28,0.0,0.3392799622667439,8239.714473393979,0.0,0.0,0.0,0.0,0.0,8239.714473393979,1044484.461461634,354372.6486729036,690111.8127887305,44484.46146163414,0.0444844614616342,2,"mom20@q0.6,hold_q=0.4,buy_top=5,hold_top=10,rebalance=20d,min_hold=5d,turnover_penalty=0.01,target_vol=0.18",0.007951513865177118,1000000.0,1160943.74041707,1015655.403742868,0.015655403742868,0.006335562237872905,832474.4956928564,-0.16752550430714364,183180.9080500116,0.18318090805001164
2023-03-01,0.0,0.3392799622667439,17212.314081056793,0.0,0.0,0.0,0.0,0.0,17212.314081056793,1061696.775542691,360212.4419448479,701484.3335978431,61696.77554269088,0.0616967755426909,2,"mom20@q0.6,hold_q=0.4,buy_top=5,hold_top=10,rebalance=20d,min_hold=5d,turnover_penalty=0.01,target_vol=0.18",0.01647924379551835,1000000.0,1160943.74041707,1032392.6367533824,0.03239263675338244,0.014124724164876756,844232.9683188129,-0.1557670316811871,188159.6684345695,0.18815966843456955
2023-03-02,0.0,0.3392799622667439,12883.891169930148,0.0,0.0,0.0,0.0,0.0,12883.891169930148,1074580.6667126212,364583.6880548307,709996.9786577905,74580.66671262123,0.0745806667126212,2,"mom20@q0.6,hold_q=0.4,buy_top=5,hold_top=10,rebalance=20d,min_hold=5d,turnover_penalty=0.01,target_vol=0.18",0.012135189130008106,1000000.0,1160943.74041707,1044920.9166568125,0.044920916656812526,-0.002229254605106923,842350.9580864052,-0.15764904191359486,202569.95857040735,0.20256995857040738
2023-03-03,0.0,0.3392799622667439,-4375.596774277356,0.0,0.0,0.0,0.0,0.0,-4375.596774277356,1070205.0699383435,363099.1357463593,707105.9341919844,70205.06993834372,0.0702050699383436,2,"mom20@q0.6,hold_q=0.4,buy_top=5,hold_top=10,rebalance=20d,min_hold=5d,turnover_penalty=0.01,target_vol=0.18",-0.004071910941468637,1000000.0,1160943.74041707,1040666.0917433081,0.04066609174330815,0.003110929781870775,844971.4527687036,-0.15502854723129644,195694.63897460455,0.1956946389746046
2023-03-06,0.0,0.3392799622667439,-6803.789683927284,0.0,0.0,0.0,0.0,0.0,-6803.789683927284,1063401.2802544164,360790.7462391256,702610.5340152908,63401.2802544164,0.0634012802544163,2,"mom20@q0.6,hold_q=0.4,buy_top=5,hold_top=10,rebalance=20d,min_hold=5d,turnover_penalty=0.01,target_vol=0.18",-0.006357463513342432,1000000.0,1160943.74041707,1034050.0950354774,0.0340500950354774,-0.0052148019028942505,840565.094028914,-0.159434905971086,193485.00100656343,0.1934850010065634
2023-03-07,0.0,0.3392799622667439,-12074.119338524888,0.0,0.0,0.0,0.0,0.0,-12074.119338524888,1051327.1609158916,356694.2394855468,694632.9214303449,51327.16091589164,0.0513271609158916,2,"mom20@q0.6,hold_q=0.4,buy_top=5,hold_top=10,rebalance=20d,min_hold=5d,turnover_penalty=0.01,target_vol=0.18",-0.01135424562930376,1000000.0,1160943.74041707,1022309.2362634396,0.022309236263439614,-0.01464099624970494,828258.3836396039,-0.1717416163603962,194050.8526238358,0.1940508526238358
2023-03-08,0.0,0.3392799622667439,6971.138836171967,0.0,0.0,0.0,0.0,0.0,6971.138836171967,1058298.2997520636,359059.4072068394,699238.8925452242,58298.29975206358,0.0582982997520635,2,"mom20@q0.6,hold_q=0.4,buy_top=5,hold_top=10,rebalance=20d,min_hold=5d,turnover_penalty=0.01,target_vol=0.18",0.006630798761157131,1000000.0,1160943.74041707,1029087.9630807748,0.02908796308077477,-0.0036405399063931254,825243.0759411592,-0.1747569240588408,203844.8871396156,0.20384488713961557
2023-03-09,0.0,0.3392799622667439,-52.68084478356019,0.0,0.0,0.0,0.0,0.0,-52.68084478356019,1058245.61890728,359041.5336518091,699204.0852554709,58245.61890728003,0.0582456189072799,2,"mom20@q0.6,hold_q=0.4,buy_top=5,hold_top=10,rebalance=20d,min_hold=5d,turnover_penalty=0.01,target_vol=0.18",-4.9778823981716513e-05,1000000.0,1160943.74041707,1029036.7362921989,0.029036736292198828,-0.003534856511101636,822325.9600809271,-0.17767403991907282,206710.77621127176,0.20671077621127165
2023-03-10,0.0,0.3392799622667439,-1139.4134966839472,0.0,0.0,0.0,0.0,0.0,-1139.4134966839472,1057106.205410596,358654.9534836479,698451.2519269481,57106.20541059598,0.0571062054105959,2,"mom20@q0.6,hold_q=0.4,buy_top=5,hold_top=10,rebalance=20d,min_hold=5d,turnover_penalty=0.01,target_vol=0.18",-0.0010767004146547965,1000000.0,1160943.74041707,1027928.772011538,0.027928772011537983,-0.013112429568267525,811543.268847208,-0.18845673115279205,216385.50316433003,0.21638550316433003
2023-03-13,57395.724092100936,0.2806177998460077,8775.888222836711,182117.02487579343,240779.18729652965,493.5371374134002,772.90119122186,1266.4383286352602,7509.449894201451,1064615.6553047977,298750.10287324805,765865.5524315494,64615.65530479746,0.0646156553047974,2,"mom20@q0.6,hold_q=0.4,buy_top=5,hold_top=10,rebalance=20d,min_hold=5d,turnover_penalty=0.01,target_vol=0.18",0.007103779975716762,1000000.0,1160943.74041707,1035230.9518386166,0.035230951838616686,0.010473540132186043,820042.9998424846,-0.17995700015751537,215187.95199613203,0.21518795199613205
2023-03-14,0.0,0.2806177998460077,11673.001888647748,0.0,0.0,0.0,0.0,0.0,11673.001888647748,1076288.6571934451,302025.7549808386,774262.9022126065,76288.65719344513,0.0762886571934451,2,"mom20@q0.6,hold_q=0.4,buy_top=5,hold_top=10,rebalance=20d,min_hold=5d,turnover_penalty=0.01,target_vol=0.18",0.01096452210756338,1000000.0,1160943.74041707,1046581.764496485,0.04658176449648499,-0.005984498676625094,815135.4535951517,-0.1848645464048484,231446.31090133335,0.23144631090133339
2023-03-15,0.0,0.2806177998460077,-6755.179205200396,0.0,0.0,0.0,0.0,0.0,-6755.179205200396,1069533.4779882447,300130.1314547098,769403.3465335349,69533.47798824473,0.0695334779882448,2,"mom20@q0.6,hold_q=0.4,buy_top=5,hold_top=10,rebalance=20d,min_hold=5d,turnover_penalty=0.01,target_vol=0.18",-0.006276363836087762,1000000.0,1160943.74041707,1040013.0365582902,0.04001303655829025,0.0005521118277411752,815585.4995202927,-0.1844145004797073,224427.5370379975,0.22442753703799756
2023-03-16,0.0,0.2806177998460077,-9656.681668603522,0.0,0.0,0.0,0.0,0.0,-9656.681668603522,1059876.7963196414,297420.29469105304,762456.5016285884,59876.796319641406,0.0598767963196413,2,"mom20@q0.6,hold_q=0.4,buy_top=5,hold_top=10,rebalance=20d,min_hold=5d,turnover_penalty=0.01,target_vol=0.18",-0.009028872744373806,1000000.0,1160943.74041707,1030622.8911987157,0.03062289119871564,-0.011976723770347864,805817.4572814369,-0.19418254271856317,224805.43391727877,0.2248054339172788
2023-03-17,0.0,0.2806177998460077,18911.720699943267,0.0,0.0,0.0,0.0,0.0,18911.720699943267,1078788.5170195843,302727.2601451733,776061.2568744113,78788.51701958454,0.0787885170195845,2,"mom20@q0.6,hold_q=0.4,buy_top=5,hold_top=10,rebalance=20d,min_hold=5d,turnover_penalty=0.01,target_vol=0.18",0.01784331987039689,1000000.0,1160943.74041707,1049012.6251121277,0.04901262511212767,0.0049934630567507465,809841.2769848567,-0.19015872301514325,239171.34812727105,0.23917134812727092
2023-03-20,0.0,0.2806177998460077,4749.900055217525,0.0,0.0,0.0,0.0,0.0,4749.900055217525,1083538.417074802,304060.1666481569,779478.2504266452,83538.4170748021,0.0835384170748021,2,"mom20@q0.6,hold_q=0.4,buy_top=5,hold_top=10,rebalance=20d,min_hold=5d,turnover_penalty=0.01,target_vol=0.18",0.004402994637299651,1000000.0,1160943.74041707,1053631.4220749561,0.05363142207495608,-0.004986334311739449,805803.1376383642,-0.1941968623616358,247828.2844365919,0.24782828443659188
2023-03-21,0.0,0.2806177998460077,5992.713156521565,0.0,0.0,0.0,0.0,0.0,5992.713156521565,1089531.1302313237,305741.8286292482,783789.3016020755,89531.13023132365,0.0895311302313237,2,"mom20@q0.6,hold_q=0.4,buy_top=5,hold_top=10,rebalance=20d,min_hold=5d,turnover_penalty=0.01,target_vol=0.18",0.00553068821749747,1000000.0,1160943.74041707,1059458.728966611,0.05945872896661086,0.010992414472414946,814660.8597104575,-0.18533914028954246,244797.86925615347,0.24479786925615332
2023-03-22,0.0,0.2806177998460077,11248.62862388168,0.0,0.0,0.0,0.0,0.0,11248.62862388168,1100779.7588552053,308898.39404496667,791881.3648102386,100779.75885520526,0.1007797588552052,2,"mom20@q0.6,hold_q=0.4,buy_top=5,hold_top=10,rebalance=20d,min_hold=5d,turnover_penalty=0.01,target_vol=0.18",0.01032428382426609,1000000.0,1160943.74041707,1070396.8815845586,0.07039688158455859,0.004283870449329319,818150.7612935965,-0.18184923870640357,252246.12029096216,0.25224612029096216
2023-03-23,0.0,0.2806177998460077,3036.7691230351147,0.0,0.0,0.0,0.0,0.0,3036.7691230351147,1103816.5279782405,309750.5655149131,794065.9624633275,103816.52797824053,0.1038165279782405,2,"mom20@q0.6,hold_q=0.4,buy_top=5,hold_top=10,rebalance=20d,min_hold=5d,turnover_penalty=0.01,target_vol=0.18",0.0027587436075255933,1000000.0,1160943.74041707,1073349.8321391454,0.07334983213914525,0.009913887944312139,826261.8162626149,-0.17373818373738503,247088.01587653044,0.2470880158765303
2023-03-24,0.0,0.2806177998460077,4532.281841216804,0.0,0.0,0.0,0.0,0.0,4532.281841216804,1108348.8098194574,311022.4044734774,797326.40534598,108348.80981945735,0.1083488098194573,2,"mom20@q0.6,hold_q=0.4,buy_top=5,hold_top=10,rebalance=20d,min_hold=5d,turnover_penalty=0.01,target_vol=0.18",0.00410601012608347,1000000.0,1160943.74041707,1077757.0174187385,0.07775701741873853,-0.0029808694532679203,823798.837654116,-0.176201162345884,253958.17976462247,0.25395817976462254
2023-03-27,0.0,0.2806177998460077,5114.9419590725165,0.0,0.0,0.0,0.0,0.0,5114.9419590725165,1113463.7517785295,312457.74823237234,801006.0035461574,113463.75177852972,0.1134637517785297,2,"mom20@q0.6,hold_q=0.4,buy_top=5,hold_top=10,rebalance=20d,min_hold=5d,turnover_penalty=0.01,target_vol=0.18",0.004614920784644871,1000000.0,1160943.74041707,1082730.7806792213,0.08273078067922124,-0.0036180330514893333,820818.3062317049,-0.17918169376829507,261912.47444751638,0.2619124744475163
2023-03-28,0.0,0.2806177998460077,-7346.756497469594,0.0,0.0,0.0,0.0,0.0,-7346.756497469594,1106116.9952810602,310396.1175880481,795720.8776930121,106116.99528106024,0.1061169952810603,2,"mom20@q0.6,hold_q=0.4,buy_top=5,hold_top=10,rebalance=20d,min_hold=5d,turnover_penalty=0.01,target_vol=0.18",-0.0065981101636530815,1000000.0,1160943.74041707,1075586.8037107217,0.07558680371072168,-0.003232414865619204,818165.0809366691,-0.18183491906333082,257421.72277405253,0.2574217227740525
2023-03-29,0.0,0.2806177998460077,13249.08134441829,0.0,0.0,0.0,0.0,0.0,13249.08134441829,1119366.0766254785,314114.0456448995,805252.030980579,119366.07662547844,0.1193660766254784,2,"mom20@q0.6,hold_q=0.4,buy_top=5,hold_top=10,rebalance=20d,min_hold=5d,turnover_penalty=0.01,target_vol=0.18",0.01197801082610761,1000000.0,1160943.74041707,1088470.1940899873,0.08847019408998724,0.001657703068625782,819521.3557019804,-0.18047864429801963,268948.8383880069,0.2689488383880069
2023-03-30,0.0,0.2806177998460077,-680.4384004648346,0.0,0.0,0.0,0.0,0.0,-680.4384004648346,1118685.6382250136,313923.1025180303,804762.5357069833,118685.63822501362,0.1186856382250136,2,"mom20@q0.6,hold_q=0.4,buy_top=5,hold_top=10,rebalance=20d,min_hold=5d,turnover_penalty=0.01,target_vol=0.18",-0.0006078783471052951,1000000.0,1160943.74041707,1087808.5366275306,0.08780853662753052,0.008085089387789735,826147.2591180336,-0.17385274088196645,261661.277509497,0.26166127750949697
2023-03-31,0.0,0.2806177998460077,3226.8351381092866,0.0,0.0,0.0,0.0,0.0,3226.8351381092866,1121912.473363123,314828.6098949524,807083.8634681706,121912.4733631229,0.1219124733631229,2,"mom20@q0.6,hold_q=0.4,buy_top=5,hold_top=10,rebalance=20d,min_hold=5d,turnover_penalty=0.01,target_vol=0.18",0.002884487855971063,1000000.0,1160943.74041707,1090946.3071410544,0.09094630714105434,0.0030704241394763354,828683.8816051919,-0.1713161183948081,262262.42553586257,0.26226242553586243
2023-04-03,0.0,0.2806177998460077,24539.48313191064,0.0,0.0,0.0,0.0,0.0,24539.48313191064,1146451.9564950336,321714.82566078735,824737.1308342463,146451.95649503358,0.1464519564950335,2,"mom20@q0.6,hold_q=0.4,buy_top=5,hold_top=10,rebalance=20d,min_hold=5d,turnover_penalty=0.01,target_vol=0.18",0.02187290338108938,1000000.0,1160943.74041707,1114808.4703111069,0.11480847031110697,0.009785407301533322,836792.8909109143,-0.16320710908908576,278015.5794001926,0.2780155794001927
2023-04-04,0.0,0.2806177998460077,3457.626030652382,0.0,0.0,0.0,0.0,0.0,3457.626030652382,1149909.582525686,322685.09707019926,827224.4854554867,149909.5825256859,0.1499095825256859,2,"mom20@q0.6,hold_q=0.4,buy_top=5,hold_top=10,rebalance=20d,min_hold=5d,turnover_penalty=0.01,target_vol=0.18",0.0030159362641091203,1000000.0,1160943.74041707,1118170.661604254,0.11817066160425393,0.0030655874364695634,839358.1526842178,-0.16064184731578224,278812.50892003626,0.2788125089200362
2023-04-06,0.0,0.2806177998460077,2267.1620807885547,0.0,0.0,0.0,0.0,0.0,2267.1620807885547,1152176.7446064744,323321.3031052044,828855.44150127,152176.7446064744,0.1521767446064743,2,"mom20@q0.6,hold_q=0.4,buy_top=5,hold_top=10,rebalance=20d,min_hold=5d,turnover_penalty=0.01,target_vol=0.18",0.001971600302528964,1000000.0,1160943.74041707,1120375.247218952,0.1203752472189521,-0.0015768526800401528,838034.6085316441,-0.16196539146835587,282340.63868730795,0.28234063868730797
2023-04-07,0.0,0.2806177998460077,15553.25186155321,0.0,0.0,0.0,0.0,0.0,15553.25186155321,1167729.9964680276,327685.8224230443,840044.1740449832,167729.9964680276,0.1677299964680276,2,"mom20@q0.6,hold_q=0.4,buy_top=5,hold_top=10,rebalance=20d,min_hold=5d,turnover_penalty=0.01,target_vol=0.18",0.013499015610547893,1000000.0,1160943.74041707,1135499.210170832,0.1354992101708321,0.006502890173410325,843484.2555524423,-0.15651574444755767,292014.9546183897,0.2920149546183898
2023-04-10,0.0,0.2806177998460077,-13079.441723687358,0.0,0.0,0.0,0.0,0.0,-13079.441723687358,1154650.5547443402,324015.4982633291,830635.0564810112,154650.55474434025,0.1546505547443402,2,"mom20@q0.6,hold_q=0.4,buy_top=5,hold_top=10,rebalance=20d,min_hold=5d,turnover_penalty=0.01,target_vol=0.18",-0.011200741407044523,1000000.0,1160943.74041707,1122780.7771498053,0.12278077714980529,-0.004479443549795126,839705.9154445542,-0.1602940845554458,283074.86170525115,0.2830748617052511
2023-04-11,113419.46232846148,0.1662517046985285,2651.753386968512,97891.49553957953,212257.59068705872,265.2859529122605,681.3468661054584,946.6328190177188,1705.1205679507932,1156355.6753122911,192246.10225848664,964109.5730538043,156355.67531229113,0.1563556753122912,2,"mom20@q0.6,hold_q=0.4,buy_top=5,hold_top=10,rebalance=20d,min_hold=5d,turnover_penalty=0.01,target_vol=0.18",0.001476741652220781,1000000.0,1160943.74041707,1124438.8342897352,0.12443883428973512,-0.0011352535196514912,838752.6363485736,-0.16124736365142645,285686.1979411616,0.28568619794116157
2023-04-12,0.0,0.1662517046985285,-58.2387597247548,0.0,0.0,0.0,0.0,0.0,-58.2387597247548,1156297.4365525665,192236.4199654029,964061.0165871636,156297.43655256648,0.1562974365525664,2,"mom20@q0.6,hold_q=0.4,buy_top=5,hold_top=10,rebalance=20d,min_hold=5d,turnover_penalty=0.01,target_vol=0.18",-5.036405404323929e-05,1000000.0,1160943.74041707,1124382.2029915168,0.1243822029915167,-0.0006975354560198044,838167.5766458904,-0.16183242335410963,286214.6263456264,0.28621462634562633
2023-04-13,0.0,0.1662517046985285,-10491.675487871182,0.0,0.0,0.0,0.0,0.0,-10491.675487871182,1145805.7610646952,190492.1610304005,955313.6000342946,145805.7610646952,0.1458057610646952,2,"mom20@q0.6,hold_q=0.4,buy_top=5,hold_top=10,rebalance=20d,min_hold=5d,turnover_penalty=0.01,target_vol=0.18",-0.009073509251349421,1000000.0,1160943.74041707,1114180.1106706206,0.11418011067062062,-0.006909445023417948,832376.3038546441,-0.16762369614535588,281803.8068159765,0.2818038068159765
2023-04-14,0.0,0.1662517046985285,2885.8795804202514,0.0,0.0,0.0,0.0,0.0,2885.8795804202514,1148691.6406451154,190971.9434302,957719.6972149154,148691.6406451154,0.1486916406451153,2,"mom20@q0.6,hold_q=0.4,buy_top=5,hold_top=10,rebalance=20d,min_hold=5d,turnover_penalty=0.01,target_vol=0.18",0.0025186464220066096,1000000.0,1160943.74041707,1116986.336419832,0.11698633641983203,0.005657437490476758,837085.4207622559,-0.1629145792377441,279900.91565757606,0.27990091565757613
2023-04-17,0.0,0.1662517046985285,-838.9454002488161,0.0,0.0,0.0,0.0,0.0,-838.9454002488161,1147852.695244867,190832.46732725968,957020.227917607,147852.69524486666,0.1478526952448666,2,"mom20@q0.6,hold_q=0.4,buy_top=5,hold_top=10,rebalance=20d,min_hold=5d,turnover_penalty=0.01,target_vol=0.18",-0.0007303486597824982,1000000.0,1160943.74041707,1116170.5469460324,0.11617054694603235,0.01402248289345076,848823.4367552516,-0.15117656324474837,267347.11019078083,0.2673471101907807
2023-04-18,0.0,0.1662517046985285,13200.442712539892,0.0,0.0,0.0,0.0,0.0,13200.442712539892,1161053.1379574065,193027.0634309947,968026.0745264116,161053.13795740646,0.1610531379574065,2,"mom20@q0.6,hold_q=0.4,buy_top=5,hold_top=10,rebalance=20d,min_hold=5d,turnover_penalty=0.01,target_vol=0.18",0.011500119106941264,1000000.0,1160943.74041707,1129006.6411795714,0.1290066411795714,0.003048648231783968,851411.2008248124,-0.14858879917518764,277595.440354759,0.277595440354759
2023-04-19,0.0,0.1662517046985285,7566.567704410687,0.0,0.0,0.0,0.0,0.0,7566.567704410687,1168619.7056618172,194285.0182105698,974334.6874512474,168619.70566181722,0.1686197056618172,2,"mom20@q0.6,hold_q=0.4,buy_top=5,hold_top=10,rebalance=20d,min_hold=5d,turnover_penalty=0.01,target_vol=0.18",0.0065169865676624195,1000000.0,1160943.74041707,1136364.3622949405,0.13636436229494042,-0.00900281833624439,843746.1004543428,-0.15625389954565727,292618.2618405977,0.2926182618405977
2023-04-20,0.0,0.1662517046985285,20488.52185814758,0.0,0.0,0.0,0.0,0.0,20488.52185814758,1189108.2275199648,197691.26989623992,991416.9576237248,189108.2275199648,0.1891082275199647,2,"mom20@q0.6,hold_q=0.4,buy_top=5,hold_top=10,rebalance=20d,min_hold=5d,turnover_penalty=0.01,target_vol=0.18",0.017532240607344818,1000000.0,1160943.74041707,1156287.3757123074,0.15628737571230733,-0.0027978741974901133,841385.4050106488,-0.15861459498935127,314901.97070165863,0.3149019707016586
2023-04-21,0.0,0.1662517046985285,-7198.458543221543,0.0,0.0,0.0,0.0,0.0,-7198.458543221543,1181909.768976743,196494.51389222767,985415.2550845155,181909.76897674333,0.1819097689767432,2,"mom20@q0.6,hold_q=0.4,buy_top=5,hold_top=10,rebalance=20d,min_hold=5d,turnover_penalty=0.01,target_vol=0.18",-0.006053661371290819,1000000.0,1160943.74041707,1149287.6034918465,0.14928760349184644,-0.019559836810907894,824928.0437935608,-0.17507195620643923,324359.55969828565,0.32435955969828567
2023-04-24,0.0,0.1662517046985285,6168.5661132086425,0.0,0.0,0.0,0.0,0.0,6168.5661132086425,1188078.3350899518,197520.04852409413,990558.2865658576,188078.33508995172,0.1880783350899517,2,"mom20@q0.6,hold_q=0.4,buy_top=5,hold_top=10,rebalance=20d,min_hold=5d,turnover_penalty=0.01,target_vol=0.18",0.0052191514742696565,1000000.0,1160943.74041707,1155285.9095819707,0.15528590958197075,-0.012381682153068674,814714.0469561563,-0.18528595304384377,340571.8626258144,0.3405718626258145
2023-04-25,0.0,0.1662517046985285,-8270.62477850784,0.0,0.0,0.0,0.0,0.0,-8270.62477850784,1179807.710311444,196145.0430557453,983662.6672556988,179807.710311444,0.1798077103114439,2,"mom20@q0.6,hold_q=0.4,buy_top=5,hold_top=10,rebalance=20d,min_hold=5d,turnover_penalty=0.01,target_vol=0.18",-0.006961346347487685,1000000.0,1160943.74041707,1147243.5642349983,0.1472435642349983,-0.005014261896631345,810628.8573538538,-0.18937114264614618,336614.70688114455,0.3366147068811445
2023-04-26,0.0,0.1662517046985285,1015.9689405559149,0.0,0.0,0.0,0.0,0.0,1015.9689405559149,1180823.679252,196313.94962403356,984509.7296279664,180823.6792520001,0.1808236792520001,2,"mom20@q0.6,hold_q=0.4,buy_top=5,hold_top=10,rebalance=20d,min_hold=5d,turnover_penalty=0.01,target_vol=0.18",0.0008611309552197799,1000000.0,1160943.74041707,1148231.4911813377,0.14823149118133783,-0.000868101557788048,809925.1491799969,-0.19007485082000308,338306.3420013408,0.3383063420013409
2023-04-27,0.0,0.1662517046985285,-9412.669165846975,0.0,0.0,0.0,0.0,0.0,-9412.669165846975,1171411.010086153,194749.07732944816,976661.9327567047,171411.01008615294,0.171411010086153,2,"mom20@q0.6,hold_q=0.4,buy_top=5,hold_top=10,rebalance=20d,min_hold=5d,turnover_penalty=0.01,target_vol=0.18",-0.00797127406168685,1000000.0,1160943.74041707,1139078.623278872,0.1390786232788721,0.007372645691207547,815896.4403412995,-0.1841035596587005,323182.1829375726,0.3231821829375726
2023-04-28,0.0,0.1662517046985285,17951.262505908577,0.0,0.0,0.0,0.0,0.0,17951.262505908577,1189362.2725920617,197733.50532254623,991628.7672695154,189362.2725920617,0.1893622725920616,2,"mom20@q0.6,hold_q=0.4,buy_top=5,hold_top=10,rebalance=20d,min_hold=5d,turnover_penalty=0.01,target_vol=0.18",0.015324478215881232,1000000.0,1160943.74041707,1156534.408827485,0.15653440882748515,0.010197020373982735,824216.1529665197,-0.17578384703348027,332318.25586096535,0.3323182558609654
2023-05-04,0.0,0.1662517046985285,-5624.779838245095,0.0,0.0,0.0,0.0,0.0,-5624.779838245095,1183737.4927538163,196798.3760858841,986939.1166679324,183737.4927538165,0.1837374927538164,2,"mom20@q0.6,hold_q=0.4,buy_top=5,hold_top=10,rebalance=20d,min_hold=5d,turnover_penalty=0.01,target_vol=0.18",-0.004729240171698845,1000000.0,1160943.74041707,1151064.879841306,0.15106487984130612,0.00028790620214480533,824453.4499088667,-0.1755465500911333,326611.42993243935,0.3266114299324394
2023-05-05,0.0,0.1662517046985285,-11549.223601487707,0.0,0.0,0.0,0.0,0.0,-11549.223601487707,1172188.2691523288,194878.2979741923,977309.9711781364,172188.26915232884,0.1721882691523288,2,"mom20@q0.6,hold_q=0.4,buy_top=5,hold_top=10,rebalance=20d,min_hold=5d,turnover_penalty=0.01,target_vol=0.18",-0.009756574977294763,1000000.0,1160943.74041707,1139834.4290374035,0.13983442903740362,-0.0033174120712113897,821718.3980819872,-0.1782816019180128,318116.0309554164,0.3181160309554164
2023-05-08,0.0,0.1662517046985285,-2401.452476541804,0.0,0.0,0.0,0.0,0.0,-2401.452476541804,1169786.8166757869,194479.0524062147,975307.7642695722,169786.81667578686,0.1697868166757867,2,"mom20@q0.6,hold_q=0.4,buy_top=5,hold_top=10,rebalance=20d,min_hold=5d,turnover_penalty=0.01,target_vol=0.18",-0.002048691784194867,1000000.0,1160943.74041707,1137499.2596072922,0.13749925960729215,0.011396905060643947,831083.4446515121,-0.16891655534848793,306415.81495578017,0.3064158149557801
2023-05-09,0.0,0.1662517046985285,501.15812027599486,0.0,0.0,0.0,0.0,0.0,501.15812027599486,1170287.974796063,194562.37079803413,975725.6039980288,170287.97479606303,0.170287974796063,2,"mom20@q0.6,hold_q=0.4,buy_top=5,hold_top=10,rebalance=20d,min_hold=5d,turnover_penalty=0.01,target_vol=0.18",0.0004284183349752002,1000000.0,1160943.74041707,1137986.5851461287,0.1379865851461286,-0.008560893601728847,823968.6277076922,-0.1760313722923078,314017.95743843645,0.3140179574384364
2023-05-10,0.0,0.1662517046985285,-8193.042524900702,0.0,0.0,0.0,0.0,0.0,-8193.042524900702,1162094.9322711625,193200.26351160184,968894.6687595604,162094.93227116228,0.1620949322711622,2,"mom20@q0.6,hold_q=0.4,buy_top=5,hold_top=10,rebalance=20d,min_hold=5d,turnover_penalty=0.01,target_vol=0.18",-0.007000877306569175,1000000.0,1160943.74041707,1130019.6806869989,0.13001968068699887,-0.007698839091532128,817625.0258265001,-0.1823749741734999,312394.65486049873,0.3123946548604988
2023-05-11,0.0,0.1662517046985285,-3691.2986998261954,0.0,0.0,0.0,0.0,0.0,-3691.2986998261954,1158403.633571336,192586.57881020423,965817.0547611318,158403.63357133605,0.1584036335713361,2,"mom20@q0.6,hold_q=0.4,buy_top=5,hold_top=10,rebalance=20d,min_hold=5d,turnover_penalty=0.01,target_vol=0.18",-0.0031764175174676668,1000000.0,1160943.74041707,1126430.2663781815,0.12643026637818155,-0.0015537157825998849,816354.6689196249,-0.18364533108037517,310075.59745855664,0.31007559745855673
2023-05-12,-56369.60200424965,0.2216982427974002,-172.22916047480115,185987.7183573284,130541.18025845676,504.02671674836,419.03718862964615,923.063905378006,-1095.293065852807,1157308.340505483,256573.22546484097,900735.1150406424,157308.34050548333,0.1573083405054833,2,"mom20@q0.6,hold_q=0.4,buy_top=5,hold_top=10,rebalance=20d,min_hold=5d,turnover_penalty=0.01,target_vol=0.18",-0.0009455193631223713,1000000.0,1160943.74041707,1125365.204750114,0.12536520475011392,-0.013255952649436353,805533.11008328,-0.19446688991672,319832.0946668339,0.31983209466683393
2023-05-15,0.0,0.2216982427974002,2843.730490549298,0.0,0.0,0.0,0.0,0.0,2843.730490549298,1160152.0709960326,257203.67551758516,902948.3954784474,160152.07099603256,0.1601520709960324,2,"mom20@q0.6,hold_q=0.4,buy_top=5,hold_top=10,rebalance=20d,min_hold=5d,turnover_penalty=0.01,target_vol=0.18",0.002457193464368679,1000000.0,1160943.74041707,1128130.444776254,0.1281304447762539,0.015524054284669297,818038.2498123114,-0.18196175018768868,310092.19496394263,0.3100921949639426
2023-05-16,0.0,0.2216982427974002,-6344.756776277264,0.0,0.0,0.0,0.0,0.0,-6344.756776277264,1153807.3142197554,255797.0540893076,898010.2601304478,153807.31421975535,0.1538073142197553,2,"mom20@q0.6,hold_q=0.4,buy_top=5,hold_top=10,rebalance=20d,min_hold=5d,turnover_penalty=0.01,target_vol=0.18",-0.005468900961259293,1000000.0,1160943.74041707,1121960.811102391,0.1219608111023911,-0.005171435073232811,813807.818115986,-0.1861921818840141,308152.99298640504,0.3081529929864052
2023-05-17,0.0,0.2216982427974002,-968.6763183240652,0.0,0.0,0.0,0.0,0.0,-968.6763183240652,1152838.6379014312,255582.30025169565,897256.3376497355,152838.63790143118,0.1528386379014312,2,"mom20@q0.6,hold_q=0.4,buy_top=5,hold_top=10,rebalance=20d,min_hold=5d,turnover_penalty=0.01,target_vol=0.18",-0.0008395477359053327,1000000.0,1160943.74041707,1121018.8714436556,0.12101887144365553,-0.00453470279346746,810117.4415298296,-0.18988255847017033,310901.42991382594,0.31090142991382586
2023-05-18,0.0,0.2216982427974002,11519.353064072007,0.0,0.0,0.0,0.0,0.0,11519.353064072007,1164357.9909655033,258136.1205841633,906221.87038134,164357.99096550327,0.1643579909655033,2,"mom20@q0.6,hold_q=0.4,buy_top=5,hold_top=10,rebalance=20d,min_hold=5d,turnover_penalty=0.01,target_vol=0.18",0.00999216428505667,1000000.0,1160943.74041707,1132220.2761737695,0.1322202761737694,-0.0010353090902662787,809278.7195784305,-0.19072128042156944,322941.556595339,0.32294155659533885
2023-05-19,0.0,0.2216982427974002,-9944.277485365224,0.0,0.0,0.0,0.0,0.0,-9944.277485365224,1154413.713480138,255931.49173976804,898482.2217403699,154413.713480138,0.154413713480138,2,"mom20@q0.6,hold_q=0.4,buy_top=5,hold_top=10,rebalance=20d,min_hold=5d,turnover_penalty=0.01,target_vol=0.18",-0.00854056704426387,1000000.0,1160943.74041707,1122550.4729962323,0.12255047299623234,-0.0029145085905962764,806920.0697980324,-0.19307993020196756,315630.4031981999,0.3156304031981999
2023-05-22,0.0,0.2216982427974002,-421.96242345536575,0.0,0.0,0.0,0.0,0.0,-421.96242345536575,1153991.7510566826,255837.94341196143,898153.8076447211,153991.75105668255,0.1539917510566826,2,"mom20@q0.6,hold_q=0.4,buy_top=5,hold_top=10,rebalance=20d,min_hold=5d,turnover_penalty=0.01,target_vol=0.18",-0.0003655209727051467,1000000.0,1160943.74041707,1122140.157255432,0.12214015725543215,0.006284636484862549,811991.269109053,-0.18800873089094705,310148.88814637915,0.3101488881463792
2023-05-23,0.0,0.2216982427974002,-4420.399959350146,0.0,0.0,0.0,0.0,0.0,-4420.399959350146,1149571.3510973323,254857.94850851185,894713.4025888207,149571.35109733255,0.1495713510973324,2,"mom20@q0.6,hold_q=0.4,buy_top=5,hold_top=10,rebalance=20d,min_hold=5d,turnover_penalty=0.01,target_vol=0.18",-0.0038305299455586583,1000000.0,1160943.74041707,1117841.7657799514,0.11784176577995131,-0.01414344486349084,800506.9153647731,-0.19949308463522686,317334.8504151782,0.31733485041517817
2023-05-24,0.0,0.2216982427974002,-1340.1473430422952,0.0,0.0,0.0,0.0,0.0,-1340.1473430422952,1148231.2037542902,254560.84019746972,893670.3635568204,148231.20375429024,0.1482312037542903,2,"mom20@q0.6,hold_q=0.4,buy_top=5,hold_top=10,rebalance=20d,min_hold=5d,turnover_penalty=0.01,target_vol=0.18",-0.0011657800464170975,1000000.0,1160943.74041707,1116538.6081543535,0.11653860815435335,-0.01382503788469247,789439.8769328969,-0.21056012306710314,327098.73122145655,0.3270987312214565
2023-05-25,0.0,0.2216982427974002,5322.392764223455,0.0,0.0,0.0,0.0,0.0,5322.392764223455,1153553.5965185135,255740.8053207757,897812.7911977379,153553.5965185135,0.1535535965185135,2,"mom20@q0.6,hold_q=0.4,buy_top=5,hold_top=10,rebalance=20d,min_hold=5d,turnover_penalty=0.01,target_vol=0.18",0.004635297095934243,1000000.0,1160943.74041707,1121714.0963222296,0.12171409632222963,-0.0022259133629949357,787682.6521615508,-0.21231734783844913,334031.4441606788,0.33403144416067876
2023-05-26,0.0,0.2216982427974002,5529.827620280144,0.0,0.0,0.0,0.0,0.0,5529.827620280144,1159083.4241387935,256966.7583871643,902116.6657516294,159083.42413879372,0.1590834241387937,2,"mom20@q0.6,hold_q=0.4,buy_top=5,hold_top=10,rebalance=20d,min_hold=5d,turnover_penalty=0.01,target_vol=0.18",0.004793732720325572,1000000.0,1160943.74041707,1127091.2938886199,0.12709129388861995,0.0001168679392287153,787774.7070098752,-0.21222529299012483,339316.58687874465,0.3393165868787448
2023-05-29,0.0,0.2216982427974002,6203.549128397159,0.0,0.0,0.0,0.0,0.0,6203.549128397159,1165286.9732671909,258342.0743280373,906944.8989391536,165286.97326719086,0.1652869732671908,2,"mom20@q0.6,hold_q=0.4,buy_top=5,hold_top=10,rebalance=20d,min_hold=5d,turnover_penalty=0.01,target_vol=0.18",0.00535211616282627,1000000.0,1160943.74041707,1133123.617419622,0.13312361741962198,-0.00441709188641759,784295.0337432169,-0.21570496625678315,348828.583676405,0.3488285836764051
2023-05-30,0.0,0.2216982427974002,4799.167015143481,0.0,0.0,0.0,0.0,0.0,4799.167015143481,1170086.1402823343,259406.04122218583,910680.0990601483,170086.1402823343,0.1700861402823343,2,"mom20@q0.6,hold_q=0.4,buy_top=5,hold_top=10,rebalance=20d,min_hold=5d,turnover_penalty=0.01,target_vol=0.18",0.004118442173679959,1000000.0,1160943.74041707,1137790.3215135958,0.13779032151359583,0.0009937557708257216,785074.4314590291,-0.2149255685409709,352715.89005456667,0.3527158900545667
2023-05-31,0.0,0.2216982427974002,-2086.82150009341,0.0,0.0,0.0,0.0,0.0,-2086.82150009341,1167999.318782241,258943.3965625833,909055.9222196578,167999.31878224108,0.167999318782241,2,"mom20@q0.6,hold_q=0.4,buy_top=5,hold_top=10,rebalance=20d,min_hold=5d,turnover_penalty=0.01,target_vol=0.18",-0.0017834768127324985,1000000.0,1160943.74041707,1135761.098857425,0.13576109885742493,-0.010216923978893844,777053.3856750389,-0.2229466143249611,358707.713182386,0.35870771318238603
2023-06-01,0.0,0.2216982427974002,-946.2553861752904,0.0,0.0,0.0,0.0,0.0,-946.2553861752904,1167053.0633960655,258733.6134062307,908319.449989835,167053.06339606573,0.1670530633960656,2,"mom20@q0.6,hold_q=0.4,buy_top=5,hold_top=10,rebalance=20d,min_hold=5d,turnover_penalty=0.01,target_vol=0.18",-0.0008101506319045937,1000000.0,1160943.74041707,1134840.9612854929,0.13484096128549283,0.0021929478167928007,778757.4232006865,-0.22124257679931358,356083.5380848064,0.3560835380848064
2023-06-02,0.0,0.2216982427974002,-40.75222883834983,0.0,0.0,0.0,0.0,0.0,-40.75222883834983,1167012.311167227,258724.57870870715,908287.7324585202,167012.31116722734,0.1670123111672272,2,"mom20@q0.6,hold_q=0.4,buy_top=5,hold_top=10,rebalance=20d,min_hold=5d,turnover_penalty=0.01,target_vol=0.18",-3.491891681417503e-05,1000000.0,1160943.74041707,1134801.3338683685,0.13480133386836846,0.01443705721498234,790000.388676027,-0.20999961132397305,344800.9451923416,0.3448009451923415
2023-06-05,0.0,0.2216982427974002,4736.655862011402,0.0,0.0,0.0,0.0,0.0,4736.655862011402,1171748.9670292388,259774.6869900511,911974.2800391878,171748.96702923882,0.1717489670292389,2,"mom20@q0.6,hold_q=0.4,buy_top=5,hold_top=10,rebalance=20d,min_hold=5d,turnover_penalty=0.01,target_vol=0.18",0.0040587882550049414,1000000.0,1160943.74041707,1139407.2521940372,0.13940725219403727,-0.004552245955932843,786404.1126014912,-0.21359588739850888,353003.13959254604,0.35300313959254614
2023-06-06,0.0,0.2216982427974002,-2442.864758202423,0.0,0.0,0.0,0.0,0.0,-2442.864758202423,1169306.1022710362,259233.10816576588,910072.9941052704,169306.10227103624,0.1693061022710362,2,"mom20@q0.6,hold_q=0.4,buy_top=5,hold_top=10,rebalance=20d,min_hold=5d,turnover_penalty=0.01,target_vol=0.18",-0.0020848021435819764,1000000.0,1160943.74041707,1137031.8135122503,0.13703181351225036,-0.009388047083306317,779021.3137658825,-0.22097868623411754,358010.4997463678,0.3580104997463679
2023-06-07,0.0,0.2216982427974002,1175.4617981650645,0.0,0.0,0.0,0.0,0.0,1175.4617981650645,1170481.5640692012,259493.70598089453,910987.8580883068,170481.56406920124,0.1704815640692012,2,"mom20@q0.6,hold_q=0.4,buy_top=5,hold_top=10,rebalance=20d,min_hold=5d,turnover_penalty=0.01,target_vol=0.18",0.0010052644007261247,1000000.0,1160943.74041707,1138174.8311168673,0.13817483111686735,-0.00494201924288884,775171.3754426311,-0.22482862455736896,363003.4556742362,0.3630034556742363
2023-06-08,0.0,0.2216982427974002,-380.2212072769312,0.0,0.0,0.0,0.0,0.0,-380.2212072769312,1170101.3428619243,259409.41160736693,910691.9312545572,170101.34286192432,0.1701013428619242,2,"mom20@q0.6,hold_q=0.4,buy_top=5,hold_top=10,rebalance=20d,min_hold=5d,turnover_penalty=0.01,target_vol=0.18",-0.00032484168819801873,1000000.0,1160943.74041707,1137805.1044832629,0.13780510448326289,0.008141259427763226,781482.2467110856,-0.21851775328891443,356322.8577721773,0.3563228577721773
2023-06-09,39368.7547090853,0.1811269826060728,7508.353423164057,181126.9826060728,221698.24279740025,490.8541228624573,711.6513593796547,1202.505482242112,6305.847940921945,1176407.1908028463,213079.0847862061,963328.1060166402,176407.19080284634,0.1764071908028464,2,"mom20@q0.6,hold_q=0.4,buy_top=5,hold_top=10,rebalance=20d,min_hold=5d,turnover_penalty=0.01,target_vol=0.18",0.005389146828512104,1000000.0,1160943.74041707,1143936.903253554,0.1439369032535538,0.004321774571421688,784859.6368129391,-0.21514036318706098,359077.2664406148,0.3590772664406148
2023-06-12,0.0,0.1811269826060728,6708.689626451036,0.0,0.0,0.0,0.0,0.0,6708.689626451036,1183115.8804292977,214294.2094954859,968821.6709338116,183115.88042929745,0.1831158804292973,2,"mom20@q0.6,hold_q=0.4,buy_top=5,hold_top=10,rebalance=20d,min_hold=5d,turnover_penalty=0.01,target_vol=0.18",0.00570269348819008,1000000.0,1160943.74041707,1150460.4247826382,0.1504604247826382,0.0020147522610576285,786440.9345408208,-0.21355906545917924,364019.49024181743,0.36401949024181746
2023-06-13,0.0,0.1811269826060728,3624.760361212944,0.0,0.0,0.0,0.0,0.0,3624.760361212944,1186740.6407905105,214950.7514023825,971789.889388128,186740.6407905105,0.1867406407905105,2,"mom20@q0.6,hold_q=0.4,buy_top=5,hold_top=10,rebalance=20d,min_hold=5d,turnover_penalty=0.01,target_vol=0.18",0.003063740772287993,1000000.0,1160943.74041707,1153985.1372929486,0.1539851372929486,0.005327187645502773,790630.4529712242,-0.20936954702877575,363354.68432172434,0.36335468432172435
2023-06-14,0.0,0.1811269826060728,10484.830972618453,0.0,0.0,0.0,0.0,0.0,10484.830972618453,1197225.4717631289,216849.8371995876,980375.6345635412,197225.47176312888,0.197225471763129,2,"mom20@q0.6,hold_q=0.4,buy_top=5,hold_top=10,rebalance=20d,min_hold=5d,turnover_penalty=0.01,target_vol=0.18",0.008834980965709782,1000000.0,1160943.74041707,1164180.574015644,0.1641805740156439,-0.00023027703103040142,790448.3889378718,-0.20955161106212816,373732.1850777721,0.37373218507777206
2023-06-15,0.0,0.1811269826060728,-4962.983130834879,0.0,0.0,0.0,0.0,0.0,-4962.983130834879,1192262.488632294,215950.9070403746,976311.5815919192,192262.48863229388,0.1922624886322939,2,"mom20@q0.6,hold_q=0.4,buy_top=5,hold_top=10,rebalance=20d,min_hold=5d,turnover_penalty=0.01,target_vol=0.18",-0.004145403892489963,1000000.0,1160943.74041707,1159354.5753325582,0.15935457533255826,0.015910890730379323,803025.1268822667,-0.19697487311773332,356329.44845029153,0.3563294484502916
2023-06-16,0.0,0.1811269826060728,14938.909110334183,0.0,0.0,0.0,0.0,0.0,14938.909110334183,1207201.397742628,218656.74657095585,988544.6511716724,207201.3977426281,0.2072013977426281,2,"mom20@q0.6,hold_q=0.4,buy_top=5,hold_top=10,rebalance=20d,min_hold=5d,turnover_penalty=0.01,target_vol=0.18",0.012529882683360416,1000000.0,1160943.74041707,1173881.1521498924,0.17388115214989242,0.009642083810979418,810767.9624579878,-0.18923203754201212,363113.1896919046,0.36311318969190454
2023-06-19,0.0,0.1811269826060728,10275.753648720442,0.0,0.0,0.0,0.0,0.0,10275.753648720442,1217477.1513913486,220517.96282335187,996959.1885679968,217477.15139134857,0.2174771513913485,2,"mom20@q0.6,hold_q=0.4,buy_top=5,hold_top=10,rebalance=20d,min_hold=5d,turnover_penalty=0.01,target_vol=0.18",0.00851204585078813,1000000.0,1160943.74041707,1183873.2823403683,0.18387328234036815,-0.008184995016841778,804131.8307254543,-0.19586816927454576,379741.451614914,0.3797414516149139
2023-06-20,0.0,0.1811269826060728,-356.93637458483624,0.0,0.0,0.0,0.0,0.0,-356.93637458483624,1217120.2150167637,220453.31201484092,996666.9030019226,217120.2150167637,0.2171202150167637,2,"mom20@q0.6,hold_q=0.4,buy_top=5,hold_top=10,rebalance=20d,min_hold=5d,turnover_penalty=0.01,target_vol=0.18",-0.00029317706223641604,1000000.0,1160943.74041707,1183526.1978493917,0.18352619784939184,-0.0016968081182220374,802767.3733069586,-0.19723262669304142,380758.82454243314,0.38075882454243326
2023-06-21,0.0,0.1811269826060728,-10937.448628869412,0.0,0.0,0.0,0.0,0.0,-10937.448628869412,1206182.7663878943,218472.24494728493,987710.5214406094,206182.76638789428,0.2061827663878943,2,"mom20@q0.6,hold_q=0.4,buy_top=5,hold_top=10,rebalance=20d,min_hold=5d,turnover_penalty=0.01,target_vol=0.18",-0.008986333883805209,1000000.0,1160943.74041707,1172890.6362752866,0.17289063627528645,-0.015343098281450529,790450.434601168,-0.20954956539883196,382440.2016741185,0.3824402016741184
2023-06-26,0.0,0.1811269826060728,-5853.5641620688175,0.0,0.0,0.0,0.0,0.0,-5853.5641620688175,1200329.2022258255,217412.0065331184,982917.1956927072,200329.20222582552,0.2003292022258256,2,"mom20@q0.6,hold_q=0.4,buy_top=5,hold_top=10,rebalance=20d,min_hold=5d,turnover_penalty=0.01,target_vol=0.18",-0.00485296617161779,1000000.0,1160943.74041707,1167198.6376944352,0.16719863769443521,-0.014060449841228007,779336.3459134814,-0.22066365408651856,387862.29178095376,0.38786229178095377
2023-06-27,0.0,0.1811269826060728,-3974.582245718434,0.0,0.0,0.0,0.0,0.0,-3974.582245718434,1196354.619980107,216692.1024438317,979662.5175362752,196354.61998010703,0.1963546199801071,2,"mom20@q0.6,hold_q=0.4,buy_top=5,hold_top=10,rebalance=20d,min_hold=5d,turnover_penalty=0.01,target_vol=0.18",-0.003311243480828563,1000000.0,1160943.74041707,1163333.7588145377,0.1633337588145376,0.009378691235530257,786645.5008704304,-0.2133544991295696,376688.2579441073,0.3766882579441072
2023-06-28,0.0,0.1811269826060728,-7651.464881967246,0.0,0.0,0.0,0.0,0.0,-7651.464881967246,1188703.1550981398,215306.21569724465,973396.9394008951,188703.15509813977,0.1887031550981397,2,"mom20@q0.6,hold_q=0.4,buy_top=5,hold_top=10,rebalance=20d,min_hold=5d,turnover_penalty=0.01,target_vol=0.18",-0.006395649545863358,1000000.0,1160943.74041707,1155893.483788288,0.15589348378828793,-0.0012040265978056075,785698.3587643382,-0.21430164123566176,370195.1250239498,0.3701951250239497
2023-06-29,0.0,0.1811269826060728,5292.821318318602,0.0,0.0,0.0,0.0,0.0,5292.821318318602,1193995.9764164584,216264.8884521048,977731.0879643536,193995.9764164584,0.1939959764164582,2,"mom20@q0.6,hold_q=0.4,buy_top=5,hold_top=10,rebalance=20d,min_hold=5d,turnover_penalty=0.01,target_vol=0.18",0.0044526013880072934,1000000.0,1160943.74041707,1161040.2167185922,0.16104021671859226,-0.004936471568423251,781819.7811549413,-0.21818021884505867,379220.4355636509,0.3792204355636509
2023-06-30,0.0,0.1811269826060728,7652.072356238372,0.0,0.0,0.0,0.0,0.0,7652.072356238372,1201648.0487726969,217650.8852286736,983997.1635440232,201648.04877269687,0.2016480487726968,2,"mom20@q0.6,hold_q=0.4,buy_top=5,hold_top=10,rebalance=20d,min_hold=5d,turnover_penalty=0.01,target_vol=0.18",0.006408792414196229,1000000.0,1160943.74041707,1168481.082452075,0.16848108245207505,0.005392690431833769,786035.8932081941,-0.213964106791806,382445.18924388103,0.38244518924388105
2023-07-03,0.0,0.1811269826060728,-2087.006096640702,0.0,0.0,0.0,0.0,0.0,-2087.006096640702,1199561.042676056,217272.8721117086,982288.1705643474,199561.04267605604,0.1995610426760561,2,"mom20@q0.6,hold_q=0.4,buy_top=5,hold_top=10,rebalance=20d,min_hold=5d,turnover_penalty=0.01,target_vol=0.18",-0.0017367864898315544,1000000.0,1160943.74041707,1166451.6802944485,0.16645168029444846,0.013124438834597685,796352.1732104033,-0.2036478267895967,370099.5070840452,0.37009950708404515
2023-07-04,0.0,0.1811269826060728,-2.896599674789238,0.0,0.0,0.0,0.0,0.0,-2.896599674789238,1199558.1460763812,217272.3474593497,982285.7986170317,199558.1460763812,0.1995581460763811,2,"mom20@q0.6,hold_q=0.4,buy_top=5,hold_top=10,rebalance=20d,min_hold=5d,turnover_penalty=0.01,target_vol=0.18",-2.4147163601995203e-06,1000000.0,1160943.74041707,1166448.8636444928,0.16644886364449274,0.0015746696533158744,797606.1648109099,-0.20239383518909015,368842.6988335829,0.3688426988335829
2023-07-05,0.0,0.1811269826060728,66.64064249480224,0.0,0.0,0.0,0.0,0.0,66.64064249480224,1199624.786718876,217284.4178778437,982340.3688410324,199624.7867188761,0.199624786718876,2,"mom20@q0.6,hold_q=0.4,buy_top=5,hold_top=10,rebalance=20d,min_hold=5d,turnover_penalty=0.01,target_vol=0.18",5.555432449266817e-05,1000000.0,1160943.74041707,1166513.6649231678,0.16651366492316777,-0.0077455559231702775,791428.2616567016,-0.20857173834329845,375085.4032664662,0.3750854032664662
2023-07-06,0.0,0.1811269826060728,9930.309271927435,0.0,0.0,0.0,0.0,0.0,9930.309271927435,1209555.0959908036,219083.06483261305,990472.0311581906,209555.0959908036,0.2095550959908034,2,"mom20@q0.6,hold_q=0.4,buy_top=5,hold_top=10,rebalance=20d,min_hold=5d,turnover_penalty=0.01,target_vol=0.18",0.008277846024745905,1000000.0,1160943.74041707,1176169.885427164,0.17616988542716383,-0.006735921381510024,786097.2631070769,-0.21390273689292316,390072.62232008704,0.390072622320087
2023-07-07,0.0,0.1811269826060728,-124.13211330491924,0.0,0.0,0.0,0.0,0.0,-124.13211330491924,1209430.9638774986,219060.5811574856,990370.382720013,209430.96387749864,0.2094309638774987,2,"mom20@q0.6,hold_q=0.4,buy_top=5,hold_top=10,rebalance=20d,min_hold=5d,turnover_penalty=0.01,target_vol=0.18",-0.00010262625796575442,1000000.0,1160943.74041707,1176049.1795130905,0.17604917951309051,-0.0044369266801119744,782609.407187234,-0.21739059281276596,393439.7723258565,0.3934397723258565
2023-07-10,0.0,0.1811269826060728,-3956.103448487248,0.0,0.0,0.0,0.0,0.0,-3956.103448487248,1205474.8604290113,218344.0240769836,987130.8363520276,205474.86042901129,0.2054748604290113,2,"mom20@q0.6,hold_q=0.4,buy_top=5,hold_top=10,rebalance=20d,min_hold=5d,turnover_penalty=0.01,target_vol=0.18",-0.003271045282158047,1000000.0,1160943.74041707,1172202.2693928585,0.17220226939285843,0.004869697048906163,786420.47790786,-0.21357952209214004,385781.79148499854,0.38578179148499847
2023-07-11,-16803.481068112556,0.1973789370260073,2261.711840811891,101975.57801790444,85723.62359796991,276.35381642852104,275.1728317494834,551.5266481780045,1710.1851926338863,1207185.0456216452,238272.90109849253,968912.1445231526,207185.0456216452,0.207185045621645,2,"mom20@q0.6,hold_q=0.4,buy_top=5,hold_top=10,rebalance=20d,min_hold=5d,turnover_penalty=0.01,target_vol=0.18",0.0014186817566856913,1000000.0,1160943.74041707,1173865.2513675916,0.17386525136759157,0.006544703498398974,791567.3667608362,-0.20843263323916383,382297.88460675534,0.3822978846067554
2023-07-12,0.0,0.1973789370260073,-12918.794568963474,0.0,0.0,0.0,0.0,0.0,-12918.794568963474,1194266.2510526818,235723.0031588132,958543.2478938686,194266.25105268185,0.1942662510526818,2,"mom20@q0.6,hold_q=0.4,buy_top=5,hold_top=10,rebalance=20d,min_hold=5d,turnover_penalty=0.01,target_vol=0.18",-0.010701585987847206,1000000.0,1160943.74041707,1161303.0314419356,0.16130303144193547,-0.0067321533328681404,786238.4138745075,-0.21376158612549245,375064.61756742804,0.3750646175674279
2023-07-13,0.0,0.1973789370260073,11525.551939494771,0.0,0.0,0.0,0.0,0.0,11525.551939494771,1205791.8029921765,237997.90434926868,967793.898642908,205791.8029921765,0.2057918029921766,2,"mom20@q0.6,hold_q=0.4,buy_top=5,hold_top=10,rebalance=20d,min_hold=5d,turnover_penalty=0.01,target_vol=0.18",0.009650739045280243,1000000.0,1160943.74041707,1172510.4639508745,0.17251046395087455,0.014304893532876894,797485.4706764404,-0.20251452932355962,375024.9932744341,0.37502499327443417
2023-07-14,0.0,0.1973789370260073,6257.409216056428,0.0,0.0,0.0,0.0,0.0,6257.409216056428,1212049.212208233,239232.98512887067,972816.2270793624,212049.21220823308,0.2120492122082331,2,"mom20@q0.6,hold_q=0.4,buy_top=5,hold_top=10,rebalance=20d,min_hold=5d,turnover_penalty=0.01,target_vol=0.18",0.005189460734870588,1000000.0,1160943.74041707,1178595.1609647726,0.17859516096477268,0.0001744296407262258,797624.5757805749,-0.20237542421942512,380970.58518419764,0.3809705851841978
2023-07-17,0.0,0.1973789370260073,-2595.5537045101023,0.0,0.0,0.0,0.0,0.0,-2595.5537045101023,1209453.6585037229,238720.67749768053,970732.9810060424,209453.6585037229,0.2094536585037227,2,"mom20@q0.6,hold_q=0.4,buy_top=5,hold_top=10,rebalance=20d,min_hold=5d,turnover_penalty=0.01,target_vol=0.18",-0.002141459008732305,1000000.0,1160943.74041707,1176071.2477396762,0.1760712477396762,-0.008189069272396154,791092.7728761422,-0.20890722712385779,384978.474863534,0.384978474863534
2023-07-18,0.0,0.1973789370260073,-3994.890156395497,0.0,0.0,0.0,0.0,0.0,-3994.890156395497,1205458.7683473274,237932.17032507557,967526.598022252,205458.76834732736,0.2054587683473274,2,"mom20@q0.6,hold_q=0.4,buy_top=5,hold_top=10,rebalance=20d,min_hold=5d,turnover_penalty=0.01,target_vol=0.18",-0.0033030535137144046,1000000.0,1160943.74041707,1172186.6214724511,0.17218662147245123,-0.003162519361703753,788590.9266650175,-0.2114090733349825,383595.69480743364,0.3835956948074337
2023-07-19,0.0,0.1973789370260073,-3997.158945491249,0.0,0.0,0.0,0.0,0.0,-3997.158945491249,1201461.609401836,237143.2153412905,964318.3940605456,201461.6094018361,0.201461609401836,2,"mom20@q0.6,hold_q=0.4,buy_top=5,hold_top=10,rebalance=20d,min_hold=5d,turnover_penalty=0.01,target_vol=0.18",-0.003315881928480535,1000000.0,1160943.74041707,1168299.789037504,0.16829978903750398,-0.001055788157532933,787758.3417035067,-0.21224165829649333,380541.44733399735,0.3805414473339973
2023-07-20,0.0,0.1973789370260073,-15854.99115947797,0.0,0.0,0.0,0.0,0.0,-15854.99115947797,1185606.6182423583,234013.774039676,951592.8442026824,185606.61824235832,0.1856066182423583,2,"mom20@q0.6,hold_q=0.4,buy_top=5,hold_top=10,rebalance=20d,min_hold=5d,turnover_penalty=0.01,target_vol=0.18",-0.013196419290809724,1000000.0,1160943.74041707,1152882.4151640006,0.1528824151640007,-0.0070581453022303675,782198.2288647193,-0.21780177113528076,370684.1862992813,0.37068418629928146
2023-07-21,0.0,0.1973789370260073,-2407.608375618417,0.0,0.0,0.0,0.0,0.0,-2407.608375618417,1183199.00986674,233538.56285772152,949660.4470090184,183199.00986673983,0.1831990098667397,2,"mom20@q0.6,hold_q=0.4,buy_top=5,hold_top=10,rebalance=20d,min_hold=5d,turnover_penalty=0.01,target_vol=0.18",-0.0020306974831056923,1000000.0,1160943.74041707,1150541.25974521,0.15054125974521004,-0.0004655189097443335,781834.1007980142,-0.2181658992019858,368707.15894719574,0.36870715894719586
2023-07-24,0.0,0.1973789370260073,3028.102473216846,0.0,0.0,0.0,0.0,0.0,3028.102473216846,1186227.1123399567,234136.24650509088,952090.8658348658,186227.1123399567,0.1862271123399566,2,"mom20@q0.6,hold_q=0.4,buy_top=5,hold_top=10,rebalance=20d,min_hold=5d,turnover_penalty=0.01,target_vol=0.18",0.0025592503441644876,1000000.0,1160943.74041707,1153485.7828601883,0.15348578286018832,-0.004366926484401845,778419.8887568308,-0.22158011124316912,375065.89410335745,0.37506589410335744
2023-07-25,0.0,0.1973789370260073,4078.2298763229737,0.0,0.0,0.0,0.0,0.0,4078.2298763229737,1190305.3422162796,234941.2031830272,955364.1390332524,190305.3422162796,0.1903053422162794,2,"mom20@q0.6,hold_q=0.4,buy_top=5,hold_top=10,rebalance=20d,min_hold=5d,turnover_penalty=0.01,target_vol=0.18",0.0034379840368663483,1000000.0,1160943.74041707,1157451.448568414,0.15745144856841398,0.02888137873762897,800901.7283809199,-0.1990982716190801,356549.72018749407,0.3565497201874941
2023-07-26,0.0,0.1973789370260073,-6189.648249195716,0.0,0.0,0.0,0.0,0.0,-6189.648249195716,1184115.693967084,233719.49699103608,950396.1969760478,184115.69396708396,0.1841156939670838,2,"mom20@q0.6,hold_q=0.4,buy_top=5,hold_top=10,rebalance=20d,min_hold=5d,turnover_penalty=0.01,target_vol=0.18",-0.005200050801814293,1000000.0,1160943.74041707,1151432.6422352248,0.1514326422352248,-0.00207145630274419,799242.6954477865,-0.20075730455221352,352189.94678743836,0.3521899467874383
2023-07-27,0.0,0.1973789370260073,-2284.4085070073343,0.0,0.0,0.0,0.0,0.0,-2284.4085070073343,1181831.2854600763,233268.60286818977,948562.6825918868,181831.28546007653,0.1818312854600765,2,"mom20@q0.6,hold_q=0.4,buy_top=5,hold_top=10,rebalance=20d,min_hold=5d,turnover_penalty=0.01,target_vol=0.18",-0.0019292105650202673,1000000.0,1160943.74041707,1149211.2862169156,0.14921128621691548,-0.0011927279428515236,798289.4163518059,-0.20171058364819405,350921.8698651097,0.35092186986510954
2023-07-28,0.0,0.1973789370260073,1911.8604939736751,0.0,0.0,0.0,0.0,0.0,1911.8604939736751,1183743.1459540504,233645.96386023235,950097.182093818,183743.1459540504,0.1837431459540504,2,"mom20@q0.6,hold_q=0.4,buy_top=5,hold_top=10,rebalance=20d,min_hold=5d,turnover_penalty=0.01,target_vol=0.18",0.0016177101736054578,1000000.0,1160943.74041707,1151070.3770062507,0.1510703770062507,0.02316296590515976,816780.1668852128,-0.1832198331147873,334290.2101210379,0.334290210121038
2023-07-31,0.0,0.1973789370260073,-974.1490646573604,0.0,0.0,0.0,0.0,0.0,-974.1490646573604,1182768.9968893928,233453.68735334536,949315.3095360476,182768.99688939285,0.1827689968893928,2,"mom20@q0.6,hold_q=0.4,buy_top=5,hold_top=10,rebalance=20d,min_hold=5d,turnover_penalty=0.01,target_vol=0.18",-0.0008229395608220225,1000000.0,1160943.74041707,1150123.1156557219,0.1501231156557219,0.005482450647926074,821258.1238403657,-0.17874187615963433,328864.9918153562,0.3288649918153562
2023-08-01,0.0,0.1973789370260073,6943.794832357792,0.0,0.0,0.0,0.0,0.0,6943.794832357792,1189712.7917217507,234824.24619628285,954888.545525468,189712.79172175075,0.1897127917217507,2,"mom20@q0.6,hold_q=0.4,buy_top=5,hold_top=10,rebalance=20d,min_hold=5d,turnover_penalty=0.01,target_vol=0.18",0.005870795439024468,1000000.0,1160943.74041707,1156875.25319743,0.15687525319743,-0.004142349357226016,817856.185778959,-0.1821438142210411,339019.067418471,0.3390190674184711
2023-08-02,0.0,0.1973789370260073,-2565.404143928009,0.0,0.0,0.0,0.0,0.0,-2565.404143928009,1187147.387577823,234317.8894533122,952829.4981245104,187147.38757782264,0.1871473875778226,2,"mom20@q0.6,hold_q=0.4,buy_top=5,hold_top=10,rebalance=20d,min_hold=5d,turnover_penalty=0.01,target_vol=0.18",-0.0021563222332132703,1000000.0,1160943.74041707,1154380.657367906,0.15438065736790607,-0.007028514257128582,812107.8719169307,-0.18789212808306932,342272.7854509754,0.3422727854509754
2023-08-03,0.0,0.1973789370260073,-1918.957455364532,0.0,0.0,0.0,0.0,0.0,-1918.957455364532,1185228.430122458,233939.12767057423,951289.302451884,185228.4301224581,0.185228430122458,2,"mom20@q0.6,hold_q=0.4,buy_top=5,hold_top=10,rebalance=20d,min_hold=5d,turnover_penalty=0.01,target_vol=0.18",-0.0016164441546556718,1000000.0,1160943.74041707,1152514.6655020562,0.15251466550205617,0.008836494622030733,819284.0587596335,-0.1807159412403665,333230.6067424228,0.33323060674242266
2023-08-04,0.0,0.1973789370260073,11208.33801965322,0.0,0.0,0.0,0.0,0.0,11208.33801965322,1196436.7681421114,236151.4175147216,960285.3506273896,196436.76814211137,0.1964367681421113,2,"mom20@q0.6,hold_q=0.4,buy_top=5,hold_top=10,rebalance=20d,min_hold=5d,turnover_penalty=0.01,target_vol=0.18",0.00945669014916839,1000000.0,1160943.74041707,1163413.6395860815,0.16341363958608146,0.003895150537580605,822475.2935015424,-0.17752470649845753,340938.3460845391,0.340938346084539
2023-08-07,0.0,0.1973789370260073,3892.330725009093,0.0,0.0,0.0,0.0,0.0,3892.330725009093,1200329.0988671205,236919.68161577755,963409.4172513428,200329.09886712045,0.2003290988671204,2,"mom20@q0.6,hold_q=0.4,buy_top=5,hold_top=10,rebalance=20d,min_hold=5d,turnover_penalty=0.01,target_vol=0.18",0.003253269064150688,1000000.0,1160943.74041707,1167198.537188558,0.16719853718855782,-0.0075685597600345655,816250.340091524,-0.18374965990847603,350948.19709703396,0.35094819709703384
2023-08-08,-194015.33943162288,0.3897045906291717,-2124.80627850991,389704.5906291717,197378.93702600736,1056.0994406050554,633.5863878534836,1689.6858284585392,-3814.492106968449,1196514.606760152,466287.2350092895,730227.3717508627,196514.60676015212,0.1965146067601522,2,"mom20@q0.6,hold_q=0.4,buy_top=5,hold_top=10,rebalance=20d,min_hold=5d,turnover_penalty=0.01,target_vol=0.18",-0.0031778718941068984,1000000.0,1160943.74041707,1163489.3297623836,0.16348932976238362,-0.0026114306479706473,814118.7589369925,-0.18588124106300752,349370.5708253911,0.34937057082539114
2023-08-09,0.0,0.3897045906291717,2876.28348077813,0.0,0.0,0.0,0.0,0.0,2876.28348077813,1199390.8902409305,467408.1358856996,731982.7543552306,199390.89024093025,0.1993908902409302,2,"mom20@q0.6,hold_q=0.4,buy_top=5,hold_top=10,rebalance=20d,min_hold=5d,turnover_penalty=0.01,target_vol=0.18",0.002403884971004855,1000000.0,1160943.74041707,1166286.2242761238,0.16628622427612383,-0.003055483663464531,811631.2323689405,-0.18836876763105947,354654.9919071833,0.3546549919071833
2023-08-10,0.0,0.3897045906291717,7483.022240379158,0.0,0.0,0.0,0.0,0.0,7483.022240379158,1206873.9124813094,470324.3040045555,736549.6084767538,206873.91248130935,0.2068739124813094,2,"mom20@q0.6,hold_q=0.4,buy_top=5,hold_top=10,rebalance=20d,min_hold=5d,turnover_penalty=0.01,target_vol=0.18",0.0062390187396501595,1000000.0,1160943.74041707,1173562.7058851784,0.1735627058851783,0.002054154053992674,813298.4479552583,-0.1867015520447417,360264.2579299201,0.36026425792992
2023-08-11,0.0,0.3897045906291717,-13279.361575655212,0.0,0.0,0.0,0.0,0.0,-13279.361575655212,1193594.5509056542,465149.2758378981,728445.2750677562,193594.5509056542,0.1935945509056542,2,"mom20@q0.6,hold_q=0.4,buy_top=5,hold_top=10,rebalance=20d,min_hold=5d,turnover_penalty=0.01,target_vol=0.18",-0.011003105990047501,1000000.0,1160943.74041707,1160649.8710463566,0.16064987104635664,-0.023007153421267024,794586.7657858733,-0.20541323421412672,366063.10526048334,0.36606310526048336
2023-08-14,0.0,0.3897045906291717,-2018.2828759711888,0.0,0.0,0.0,0.0,0.0,-2018.2828759711888,1191576.2680296828,464362.74173594377,727213.526293739,191576.2680296828,0.1915762680296828,2,"mom20@q0.6,hold_q=0.4,buy_top=5,hold_top=10,rebalance=20d,min_hold=5d,turnover_penalty=0.01,target_vol=0.18",-0.0016909283595840652,1000000.0,1160943.74041707,1158687.2952638566,0.15868729526385672,-0.007296131814378604,788789.3560047387,-0.21121064399526124,369897.93925911793,0.36989793925911796
2023-08-15,0.0,0.3897045906291717,2608.579348127147,0.0,0.0,0.0,0.0,0.0,2608.579348127147,1194184.8473778102,465379.3170829294,728805.5302948807,194184.84737781016,0.19418484737781,2,"mom20@q0.6,hold_q=0.4,buy_top=5,hold_top=10,rebalance=20d,min_hold=5d,turnover_penalty=0.01,target_vol=0.18",0.0021891837040701745,1000000.0,1160943.74041707,1161223.8746087616,0.16122387460876153,-0.0024300359707565278,786872.5694962974,-0.21312743050370264,374351.30511246424,0.37435130511246417
2023-08-16,0.0,0.3897045906291717,-57.7907898227113,0.0,0.0,0.0,0.0,0.0,-57.7907898227113,1194127.056587987,465356.7957468394,728770.260841148,194127.05658798732,0.1941270565879873,2,"mom20@q0.6,hold_q=0.4,buy_top=5,hold_top=10,rebalance=20d,min_hold=5d,turnover_penalty=0.01,target_vol=0.18",-4.83935045315631e-05,1000000.0,1160943.74041707,1161167.6789159235,0.16116767891592354,-0.007333863680086483,781101.7533380121,-0.21889824666198787,380065.9255779113,0.3800659255779114
2023-08-17,0.0,0.3897045906291717,1232.6514552919937,0.0,0.0,0.0,0.0,0.0,1232.6514552919937,1195359.7080432794,465837.1656776124,729522.542365667,195359.70804327936,0.1953597080432794,2,"mom20@q0.6,hold_q=0.4,buy_top=5,hold_top=10,rebalance=20d,min_hold=5d,turnover_penalty=0.01,target_vol=0.18",0.0010322615575049099,1000000.0,1160943.74041707,1162366.3076726855,0.16236630767268556,0.003344394015184715,783714.065367126,-0.21628593463287393,378652.24230555946,0.3786522423055595
2023-08-18,0.0,0.3897045906291717,-7797.029773217417,0.0,0.0,0.0,0.0,0.0,-7797.029773217417,1187562.678270062,462798.62738171726,724764.0508883446,187562.678270062,0.1875626782700619,2,"mom20@q0.6,hold_q=0.4,buy_top=5,hold_top=10,rebalance=20d,min_hold=5d,turnover_penalty=0.01,target_vol=0.18",-0.006522747689045483,1000000.0,1160943.74041707,1154784.485525489,0.15478448552548918,-0.012294119182480245,774078.9912425166,-0.22592100875748344,380705.49428297253,0.3807054942829726
2023-08-21,0.0,0.3897045906291717,-10336.515049843478,0.0,0.0,0.0,0.0,0.0,-10336.515049843478,1177226.1632202184,458770.4400156857,718455.7232045326,177226.16322021838,0.1772261632202183,2,"mom20@q0.6,hold_q=0.4,buy_top=5,hold_top=10,rebalance=20d,min_hold=5d,turnover_penalty=0.01,target_vol=0.18",-0.008703974315613316,1000000.0,1160943.74041707,1144733.2710234066,0.1447332710234066,-0.014386892177589816,762942.400258573,-0.23705759974142704,381790.87076483364,0.38179087076483365
2023-08-22,0.0,0.3897045906291717,1240.4216440722005,0.0,0.0,0.0,0.0,0.0,1240.4216440722005,1178466.584864291,459253.83802469645,719212.7468395942,178466.58486429066,0.1784665848642905,2,"mom20@q0.6,hold_q=0.4,buy_top=5,hold_top=10,rebalance=20d,min_hold=5d,turnover_penalty=0.01,target_vol=0.18",0.0010536816822686035,1000000.0,1160943.74041707,1145939.4555021673,0.14593945550216736,0.007687233882817335,768807.3169284787,-0.2311926830715213,377132.1385736887,0.37713213857368866
2023-08-23,0.0,0.3897045906291717,-10392.01897209765,0.0,0.0,0.0,0.0,0.0,-10392.01897209765,1168074.565892193,455204.02052536455,712870.5453668284,168074.565892193,0.1680745658921929,2,"mom20@q0.6,hold_q=0.4,buy_top=5,hold_top=10,rebalance=20d,min_hold=5d,turnover_penalty=0.01,target_vol=0.18",-0.008818255099948047,1000000.0,1160943.74041707,1135834.2690544536,0.13583426905445362,-0.016390694555681762,756206.0310245308,-0.24379396897546923,379628.2380299228,0.37962823802992285
2023-08-24,0.0,0.3897045906291717,10387.61774995278,0.0,0.0,0.0,0.0,0.0,10387.61774995278,1178462.1836421457,459252.1228482222,719210.0607939234,178462.1836421457,0.1784621836421456,2,"mom20@q0.6,hold_q=0.4,buy_top=5,hold_top=10,rebalance=20d,min_hold=5d,turnover_penalty=0.01,target_vol=0.18",0.00889294061635404,1000000.0,1160943.74041707,1145935.1757591746,0.1459351757591747,0.007249846481795608,761688.4086580665,-0.23831159134193347,384246.7671011081,0.38424676710110817
2023-08-25,0.0,0.3897045906291717,-107.3484923045587,0.0,0.0,0.0,0.0,0.0,-107.3484923045587,1178354.8351498412,459210.288647974,719144.5465018672,178354.83514984115,0.1783548351498411,2,"mom20@q0.6,hold_q=0.4,buy_top=5,hold_top=10,rebalance=20d,min_hold=5d,turnover_penalty=0.01,target_vol=0.18",-9.109201278978407e-05,1000000.0,1160943.74041707,1145830.7902174883,0.14583079021748824,-0.00383517348251472,758767.2014712424,-0.24123279852875767,387063.58874624595,0.3870635887462459
2023-08-28,0.0,0.3897045906291717,-1748.389810472449,0.0,0.0,0.0,0.0,0.0,-1748.389810472449,1176606.445339369,458528.9331126236,718077.512226745,176606.44533936866,0.1766064453393687,2,"mom20@q0.6,hold_q=0.4,buy_top=5,hold_top=10,rebalance=20d,min_hold=5d,turnover_penalty=0.01,target_vol=0.18",-0.0014837549423302177,1000000.0,1160943.74041707,1144130.658119429,0.14413065811942882,0.011719666230807446,767659.6998193691,-0.2323403001806309,376470.9583000598,0.3764709583000597
2023-08-29,0.0,0.3897045906291717,2725.482134684328,0.0,0.0,0.0,0.0,0.0,2725.482134684328,1179331.927474053,459591.0660121879,719740.8614618653,179331.9274740531,0.179331927474053,2,"mom20@q0.6,hold_q=0.4,buy_top=5,hold_top=10,rebalance=20d,min_hold=5d,turnover_penalty=0.01,target_vol=0.18",0.002316392320881766,1000000.0,1160943.74041707,1146780.913589982,0.14678091358998202,0.009990353406420072,775328.8915164309,-0.22467110848356908,371452.0220735512,0.3714520220735511
2023-08-30,0.0,0.3897045906291717,-8075.612271982959,0.0,0.0,0.0,0.0,0.0,-8075.612271982959,1171256.3152020702,456443.96283765486,714812.3523644153,171256.31520207017,0.17125631520207,2,"mom20@q0.6,hold_q=0.4,buy_top=5,hold_top=10,rebalance=20d,min_hold=5d,turnover_penalty=0.01,target_vol=0.18",-0.006847616081487429,1000000.0,1160943.74041707,1138928.1981641403,0.13892819816414037,-0.0004221513359770057,775001.5853890558,-0.22499841461094428,363926.61277508456,0.36392661277508465
2023-08-31,0.0,0.3897045906291717,-7481.3950616115935,0.0,0.0,0.0,0.0,0.0,-7481.3950616115935,1163774.9201404585,453528.4288378344,710246.4913026241,163774.9201404585,0.1637749201404585,2,"mom20@q0.6,hold_q=0.4,buy_top=5,hold_top=10,rebalance=20d,min_hold=5d,turnover_penalty=0.01,target_vol=0.18",-0.006387496028417039,1000000.0,1160943.74041707,1131653.2988217147,0.13165329882171473,-0.006134337773953447,770247.4638889298,-0.22975253611107016,361405.8349327849,0.3614058349327849
2023-09-01,0.0,0.3897045906291717,1190.3902447882906,0.0,0.0,0.0,0.0,0.0,1190.3902447882906,1164965.3103852468,453992.3293808686,710972.9810043782,164965.31038524676,0.1649653103852468,2,"mom20@q0.6,hold_q=0.4,buy_top=5,hold_top=10,rebalance=20d,min_hold=5d,turnover_penalty=0.01,target_vol=0.18",0.0010228698214638232,1000000.0,1160943.74041707,1132810.8328294395,0.1328108328294395,0.006963644041463102,775611.193051292,-0.224388806948708,357199.63977814757,0.3571996397781475
2023-09-04,0.0,0.3897045906291717,4304.237230913924,0.0,0.0,0.0,0.0,0.0,4304.237230913924,1169269.5476161607,455669.7103889128,713599.8372272479,169269.5476161607,0.1692695476161607,2,"mom20@q0.6,hold_q=0.4,buy_top=5,hold_top=10,rebalance=20d,min_hold=5d,turnover_penalty=0.01,target_vol=0.18",0.0036947342487738677,1000000.0,1160943.74041707,1136996.2678108765,0.13699626781087648,0.015154991836982212,787365.5743506564,-0.21263442564934365,349630.6934602201,0.34963069346022013
2023-09-05,-112893.52221588812,0.5005324055492563,24.7445313888079,409031.17934072297,298203.3644206385,1108.4744960133592,957.2327997902494,2065.7072958036088,-2040.9627644148009,1167228.584851746,584235.7314016985,582992.8534500474,167228.58485174598,0.167228584851746,2,"mom20@q0.6,hold_q=0.4,buy_top=5,hold_top=10,rebalance=20d,min_hold=5d,turnover_penalty=0.01,target_vol=0.18",-0.0017455023681884896,1000000.0,1160943.74041707,1135011.638132791,0.13501163813279105,-0.0074383922888059395,781508.8403339352,-0.2184911596660648,353502.7977988558,0.35350279779885585
2023-09-06,0.0,0.5005324055492563,-4636.017814667241,0.0,0.0,0.0,0.0,0.0,-4636.017814667241,1162592.5670370786,581915.2542527539,580677.3127843246,162592.56703707855,0.1625925670370784,2,"mom20@q0.6,hold_q=0.4,buy_top=5,hold_top=10,rebalance=20d,min_hold=5d,turnover_penalty=0.01,target_vol=0.18",-0.003971816553187235,1000000.0,1160943.74041707,1130503.5801203952,0.1305035801203951,-0.002169975290028048,779812.9854614721,-0.22018701453852796,350690.5946589231,0.35069059465892305
2023-09-07,0.0,0.5005324055492563,-3638.411728236188,0.0,0.0,0.0,0.0,0.0,-3638.411728236188,1158954.1553088424,580094.1112780413,578860.0440308012,158954.15530884243,0.1589541553088425,2,"mom20@q0.6,hold_q=0.4,buy_top=5,hold_top=10,rebalance=20d,min_hold=5d,turnover_penalty=0.01,target_vol=0.18",-0.0031295673406107616,1000000.0,1160943.74041707,1126965.5930376067,0.12696559303760657,-0.014050256687381912,768856.4128475848,-0.23114358715241523,358109.18019002187,0.3581091801900218
2023-09-08,0.0,0.5005324055492563,-8974.489628031708,0.0,0.0,0.0,0.0,0.0,-8974.489628031708,1149979.6656808108,575602.0883959457,574377.5772848651,149979.6656808108,0.1499796656808107,2,"mom20@q0.6,hold_q=0.4,buy_top=5,hold_top=10,rebalance=20d,min_hold=5d,turnover_penalty=0.01,target_vol=0.18",-0.007743610553464952,1000000.0,1160943.74041707,1118238.8103779687,0.1182388103779688,-0.004916894374572656,765076.0270764004,-0.23492397292359968,353162.78330156836,0.3531627833015685
2023-09-11,0.0,0.5005324055492563,-1214.8233785786747,0.0,0.0,0.0,0.0,0.0,-1214.8233785786747,1148764.842302232,574994.0299279483,573770.8123742838,148764.84230223205,0.148764842302232,2,"mom20@q0.6,hold_q=0.4,buy_top=5,hold_top=10,rebalance=20d,min_hold=5d,turnover_penalty=0.01,target_vol=0.18",-0.0010563868343355098,1000000.0,1160943.74041707,1117057.5176210424,0.11705751762104244,0.007366329856496989,770711.8294571433,-0.22928817054285666,346345.6881638991,0.3463456881638991
2023-09-12,0.0,0.5005324055492563,-3531.066963225177,0.0,0.0,0.0,0.0,0.0,-3531.066963225177,1145233.775339007,573226.6164866897,572007.1588523173,145233.7753390069,0.1452337753390069,2,"mom20@q0.6,hold_q=0.4,buy_top=5,hold_top=10,rebalance=20d,min_hold=5d,turnover_penalty=0.01,target_vol=0.18",-0.003073794420926479,1000000.0,1160943.74041707,1113623.912455525,0.11362391245552494,-0.0018420507811462983,769292.1391296531,-0.2307078608703469,344331.7733258719,0.34433177332587184
2023-09-13,0.0,0.5005324055492563,17.003725246310523,0.0,0.0,0.0,0.0,0.0,17.003725246310523,1145250.7790642532,573235.1274021905,572015.6516620627,145250.7790642532,0.1452507790642532,2,"mom20@q0.6,hold_q=0.4,buy_top=5,hold_top=10,rebalance=20d,min_hold=5d,turnover_penalty=0.01,target_vol=0.18",1.4847383662974778e-05,1000000.0,1160943.74041707,1113640.4468570093,0.11364044685700936,-0.006368664574801897,764392.7755355046,-0.23560722446449545,349247.67132150475,0.3492476713215048
2023-09-14,0.0,0.5005324055492563,12937.269842539234,0.0,0.0,0.0,0.0,0.0,12937.269842539234,1158188.0489067924,579710.6501977164,578477.398709076,158188.04890679242,0.1581880489067924,2,"mom20@q0.6,hold_q=0.4,buy_top=5,hold_top=10,rebalance=20d,min_hold=5d,turnover_penalty=0.01,target_vol=0.18",0.011296451466385138,1000000.0,1160943.74041707,1126220.6321159329,0.12622063211593293,-0.0008403248899414573,763750.4372605307,-0.2362495627394694,362470.1948554022,0.36247019485540233
2023-09-15,0.0,0.5005324055492563,5467.741760937249,0.0,0.0,0.0,0.0,0.0,5467.741760937249,1163655.7906677297,582447.4321342405,581208.3585334892,163655.79066772969,0.1636557906677296,2,"mom20@q0.6,hold_q=0.4,buy_top=5,hold_top=10,rebalance=20d,min_hold=5d,turnover_penalty=0.01,target_vol=0.18",0.0047209447257707815,1000000.0,1160943.74041707,1131537.4574691749,0.13153745746917478,-0.006623793695476943,758691.5119292865,-0.24130848807071348,372845.94553988834,0.37284594553988826
2023-09-18,0.0,0.5005324055492563,-1568.5197390074943,0.0,0.0,0.0,0.0,0.0,-1568.5197390074943,1162087.2709287223,581662.3371761236,580424.9337525987,162087.27092872234,0.1620872709287224,2,"mom20@q0.6,hold_q=0.4,buy_top=5,hold_top=10,rebalance=20d,min_hold=5d,turnover_penalty=0.01,target_vol=0.18",-0.0013479241469741554,1000000.0,1160943.74041707,1130012.2308070464,0.13001223080704638,0.005104104314626268,762563.9525487951,-0.23743604745120483,367448.27825825126,0.3674482782582512
2023-09-19,0.0,0.5005324055492563,-1143.530511652192,0.0,0.0,0.0,0.0,0.0,-1143.530511652192,1160943.74041707,581089.9630983074,579853.7773187626,160943.74041707,0.1609437404170699,2,"mom20@q0.6,hold_q=0.4,buy_top=5,hold_top=10,rebalance=20d,min_hold=5d,turnover_penalty=0.01,target_vol=0.18",-0.000984031526942375,1000000.0,1160943.74041707,1128900.2631461017,0.1289002631461018,-0.0019341633335211439,761089.0293123104,-0.23891097068768963,367811.23383379134,0.36781123383379144
2023-09-20,0.0,0.0,0.0,0.0,0.0,0.0,0.0,0.0,0.0,1000000.0,0.0,1000000.0,0.0,0.0,3,"mom20@q0.6,hold_q=0.4,buy_top=5,hold_top=10,rebalance=20d,min_hold=5d,turnover_penalty=0.01,target_vol=0.18",0.0,1000000.0,1118146.8913723077,1128900.2631461017,0.1289002631461018,-0.003980647762397482,758059.401970793,-0.24194059802920698,370840.8611753087,0.3708408611753088
2023-09-21,-435756.8631427581,0.4345791536364035,-5541.482746202528,434579.1536364034,0.0,1177.7095063546533,0.0,1177.7095063546533,-6719.192252557181,993280.8077474429,431659.1327541669,561621.6749932759,-6719.192252557143,-0.0067191922525571,3,"mom20@q0.6,hold_q=0.4,buy_top=5,hold_top=10,rebalance=20d,min_hold=5d,turnover_penalty=0.01,target_vol=0.18",-0.006719192252557127,1000000.0,1118146.8913723077,1121314.9652440608,0.12131496524406082,-0.008972687947453761,751257.5715112757,-0.2487424284887243,370057.39373278513,0.3700573937327851
2023-09-22,0.0,0.4345791536364035,435.0313650858407,0.0,0.0,0.0,0.0,0.0,435.0313650858407,993715.8391125288,431848.1883166112,561867.6507959175,-6284.160887471284,-0.0062841608874713,3,"mom20@q0.6,hold_q=0.4,buy_top=5,hold_top=10,rebalance=20d,min_hold=5d,turnover_penalty=0.01,target_vol=0.18",0.00043797419792346304,1000000.0,1118146.8913723077,1121806.0722665833,0.12180607226658324,0.0181051290150418,764859.1867670143,-0.23514081323298563,356946.885499569,0.3569468854995689
2023-09-25,0.0,0.4345791536364035,1245.126799138278,0.0,0.0,0.0,0.0,0.0,1245.126799138278,994960.965911667,432389.2944671508,562571.6714445162,-5039.034088333021,-0.005039034088333,3,"mom20@q0.6,hold_q=0.4,buy_top=5,hold_top=10,rebalance=20d,min_hold=5d,turnover_penalty=0.01,target_vol=0.18",0.0012530008581226326,1000000.0,1118146.8913723077,1123211.6962377804,0.12321169623778028,-0.0065072092817998195,759882.0879676142,-0.24011791203238586,363329.6082701662,0.36332960827016614
2023-09-26,0.0,0.4345791536364035,-3325.781648189821,0.0,0.0,0.0,0.0,0.0,-3325.781648189821,991635.1842634772,430943.9790933009,560691.2051701762,-8364.815736522898,-0.0083648157365229,3,"mom20@q0.6,hold_q=0.4,buy_top=5,hold_top=10,rebalance=20d,min_hold=5d,turnover_penalty=0.01,target_vol=0.18",-0.0033426252507728904,1000000.0,1118146.8913723077,1119457.2204599727,0.11945722045997265,-0.005844505464922212,755440.9529517909,-0.24455904704820908,364016.26750818186,0.3640162675081817
2023-09-27,0.0,0.4345791536364035,-5015.793148666074,0.0,0.0,0.0,0.0,0.0,-5015.793148666074,986619.3911148112,428764.2199519383,557855.1711628728,-13380.608885188936,-0.0133806088851888,3,"mom20@q0.6,hold_q=0.4,buy_top=5,hold_top=10,rebalance=20d,min_hold=5d,turnover_penalty=0.01,target_vol=0.18",-0.005058103250331403,1000000.0,1118146.8913723077,1113794.8902545571,0.11379489025455714,0.0020607166744746053,756997.7027201197,-0.24300229727988032,356797.1875344374,0.35679718753443745
2023-09-28,0.0,0.4345791536364035,3716.453413464079,0.0,0.0,0.0,0.0,0.0,3716.453413464079,990335.8445282752,430379.31313089066,559956.5313973844,-9664.155471724924,-0.0096641554717249,3,"mom20@q0.6,hold_q=0.4,buy_top=5,hold_top=10,rebalance=20d,min_hold=5d,turnover_penalty=0.01,target_vol=0.18",0.003766856243586192,1000000.0,1118146.8913723077,1117990.395490987,0.11799039549098689,-0.0029671665991082286,754751.5644210068,-0.24524843557899312,363238.83106998017,0.36323883106998
2023-10-09,0.0,0.4345791536364035,10319.653671243816,0.0,0.0,0.0,0.0,0.0,10319.653671243816,1000655.4981995188,434864.01948916056,565791.4787103583,655.4981995188864,0.0006554981995188,3,"mom20@q0.6,hold_q=0.4,buy_top=5,hold_top=10,rebalance=20d,min_hold=5d,turnover_penalty=0.01,target_vol=0.18",0.010420357627425991,1000000.0,1118146.8913723077,1129640.2552360303,0.1296402552360303,-0.0012982718619224398,753771.6917021772,-0.24622830829782283,375868.56353385316,0.3758685635338531
2023-10-10,0.0,0.4345791536364035,1911.092943136448,0.0,0.0,0.0,0.0,0.0,1911.092943136448,1002566.5911426554,435694.54064290936,566872.050499746,2566.5911426553503,0.0025665911426553,3,"mom20@q0.6,hold_q=0.4,buy_top=5,hold_top=10,rebalance=20d,min_hold=5d,turnover_penalty=0.01,target_vol=0.18",0.0019098410457696335,1000000.0,1118146.8913723077,1131797.6885624337,0.13179768856243368,-0.007490372428916037,748125.6610049538,-0.2518743389950462,383672.0275574799,0.38367202755747987
2023-10-11,0.0,0.4345791536364035,-1124.9876147320972,0.0,0.0,0.0,0.0,0.0,-1124.9876147320972,1001441.6035279232,435205.6444774476,566235.9590504756,1441.603527923231,0.0014416035279232,3,"mom20@q0.6,hold_q=0.4,buy_top=5,hold_top=10,rebalance=20d,min_hold=5d,turnover_penalty=0.01,target_vol=0.18",-0.001122107623245161,1000000.0,1118146.8913723077,1130527.6897481265,0.13052768974812645,0.0028492287668198113,750257.2421594852,-0.2497427578405148,380270.4475886413,0.38027044758864126
2023-10-12,0.0,0.4345791536364035,817.6113975949823,0.0,0.0,0.0,0.0,0.0,817.6113975949823,1002259.2149255184,435560.961346618,566698.2535789004,2259.2149255182594,0.0022592149255182,3,"mom20@q0.6,hold_q=0.4,buy_top=5,hold_top=10,rebalance=20d,min_hold=5d,turnover_penalty=0.01,target_vol=0.18",0.0008164344228509535,1000000.0,1118146.8913723077,1131450.691470023,0.13145069147002308,0.009496803042903235,757382.2874197855,-0.24261771258021447,374068.4040502375,0.37406840405023756
2023-10-13,0.0,0.4345791536364035,5070.930253589721,0.0,0.0,0.0,0.0,0.0,5070.930253589721,1007330.145179108,437764.6819243722,569565.4632547358,7330.145179108018,0.0073301451791081,3,"mom20@q0.6,hold_q=0.4,buy_top=5,hold_top=10,rebalance=20d,min_hold=5d,turnover_penalty=0.01,target_vol=0.18",0.005059499756224772,1000000.0,1118146.8913723077,1137175.265967696,0.13717526596769591,-0.010525661871553016,749410.3375549015,-0.2505896624450985,387764.9284127945,0.3877649284127944
2023-10-16,0.0,0.4345791536364035,6653.010833556651,0.0,0.0,0.0,0.0,0.0,6653.010833556651,1013983.1560126648,440655.9417415531,573327.2142711116,13983.156012664664,0.0139831560126646,3,"mom20@q0.6,hold_q=0.4,buy_top=5,hold_top=10,rebalance=20d,min_hold=5d,turnover_penalty=0.01,target_vol=0.18",0.006604598170120157,1000000.0,1118146.8913723077,1144685.851648412,0.14468585164841197,-0.010048015373654628,741880.2509619741,-0.2581197490380258,402805.6006864378,0.4028056006864378
2023-10-17,0.0,0.4345791536364035,2729.5634568424257,0.0,0.0,0.0,0.0,0.0,2729.5634568424257,1016712.7194695072,441842.1531184245,574870.5663510826,16712.71946950711,0.0167127194695071,3,"mom20@q0.6,hold_q=0.4,buy_top=5,hold_top=10,rebalance=20d,min_hold=5d,turnover_penalty=0.01,target_vol=0.18",0.0026919218930381295,1000000.0,1118146.8913723077,1147767.2565531153,0.1477672565531154,0.0035294766447913073,744498.6999809764,-0.2555013000190236,403268.5565721389,0.403268556572139
2023-10-18,0.0,0.4345791536364035,-8822.051391370318,0.0,0.0,0.0,0.0,0.0,-8822.051391370318,1007890.6680781367,438008.273491426,569882.3945867107,7890.668078136747,0.0078906680781367,3,"mom20@q0.6,hold_q=0.4,buy_top=5,hold_top=10,rebalance=20d,min_hold=5d,turnover_penalty=0.01,target_vol=0.18",-0.008677034547156626,1000000.0,1118146.8913723077,1137808.0404159087,0.13780804041590877,-0.007918887728746493,738603.0983616293,-0.2613969016383707,399204.9420542794,0.3992049420542795
2023-10-19,0.0,0.4345791536364035,-6270.580750588974,0.0,0.0,0.0,0.0,0.0,-6270.580750588974,1001620.0873275476,435283.2098160262,566336.8775115216,1620.0873275477206,0.0016200873275478,3,"mom20@q0.6,hold_q=0.4,buy_top=5,hold_top=10,rebalance=20d,min_hold=5d,turnover_penalty=0.01,target_vol=0.18",-0.006221489045578732,1000000.0,1118146.8913723077,1130729.1801564898,0.13072918015648982,-0.021337292069418146,722843.30832851,-0.27715669167148993,407885.8718279798,0.40788587182797975
2023-10-20,0.0,0.4345791536364035,-7547.486850979303,0.0,0.0,0.0,0.0,0.0,-7547.486850979303,994072.6004765684,432003.22936824575,562069.3711083226,-5927.399523431552,-0.0059273995234315,3,"mom20@q0.6,hold_q=0.4,buy_top=5,hold_top=10,rebalance=20d,min_hold=5d,turnover_penalty=0.01,target_vol=0.18",-0.0075352790408954595,1000000.0,1118146.8913723077,1122208.8202643276,0.12220882026432767,-0.006494903128307583,718148.5110639711,-0.28185148893602896,404060.3092003565,0.4040603092003566
2023-10-23,0.0,0.4345791536364035,233.09603573589905,0.0,0.0,0.0,0.0,0.0,233.09603573589905,994305.6965123044,432104.5280461719,562201.1684661325,-5694.303487695637,-0.0056943034876956,3,"mom20@q0.6,hold_q=0.4,buy_top=5,hold_top=10,rebalance=20d,min_hold=5d,turnover_penalty=0.01,target_vol=0.18",0.00023448592751096342,1000000.0,1118146.8913723077,1122471.9624404083,0.12247196244040826,-0.010354384875476907,710712.524982664,-0.289287475017336,411759.43745774426,0.41175943745774424
2023-10-24,0.0,0.4345791536364035,5346.309119220468,0.0,0.0,0.0,0.0,0.0,5346.309119220468,999652.0056315248,434427.9225382813,565224.0830932435,-347.99436847516336,-0.0003479943684752,3,"mom20@q0.6,hold_q=0.4,buy_top=5,hold_top=10,rebalance=20d,min_hold=5d,turnover_penalty=0.01,target_vol=0.18",0.005376926973237328,1000000.0,1118146.8913723077,1128507.4122119567,0.12850741221195672,0.0037101639495258354,713349.3849713311,-0.28665061502866884,415158.0272406256,0.41515802724062556
2023-10-25,0.0,0.4345791536364035,-1582.8340890908446,0.0,0.0,0.0,0.0,0.0,-1582.8340890908446,998069.171542434,433740.05583949736,564329.1157029367,-1930.8284575659784,-0.0019308284575659,3,"mom20@q0.6,hold_q=0.4,buy_top=5,hold_top=10,rebalance=20d,min_hold=5d,turnover_penalty=0.01,target_vol=0.18",-0.001583385098188117,1000000.0,1118146.8913723077,1126720.5503922654,0.12672055039226549,0.004969702878871773,716894.5194634646,-0.2831054805365354,409826.0309288008,0.4098260309288009
2023-10-26,0.0,0.4345791536364035,-4073.3009052556895,0.0,0.0,0.0,0.0,0.0,-4073.3009052556895,993995.8706371784,431969.884179585,562025.9864575933,-6004.129362821695,-0.0060041293628216,3,"mom20@q0.6,hold_q=0.4,buy_top=5,hold_top=10,rebalance=20d,min_hold=5d,turnover_penalty=0.01,target_vol=0.18",-0.004081180965604503,1000000.0,1118146.8913723077,1122122.1999284492,0.1221221999284492,0.002762194460772749,718874.721534085,-0.28112527846591495,403247.47839436424,0.40324747839436414
2023-10-27,122550.8083741781,0.310160880123451,701.9087085814456,247986.9055401685,372405.17905312096,672.0445140138565,1195.4206247605182,1867.4651387743747,-1165.5564301929292,992830.3142069854,307937.12406768097,684893.1901393044,-7169.6857930145925,-0.0071696857930145,3,"mom20@q0.6,hold_q=0.4,buy_top=5,hold_top=10,rebalance=20d,min_hold=5d,turnover_penalty=0.01,target_vol=0.18",-0.0011725968533912168,1000000.0,1118146.8913723077,1120806.4029676928,0.12080640296769274,0.013730244099552147,728745.0469377454,-0.27125495306225456,392061.3560299474,0.3920613560299473
2023-10-30,0.0,0.310160880123451,13252.08082791952,0.0,0.0,0.0,0.0,0.0,13252.08082791952,1006082.3950349048,312047.4011207356,694034.9939141693,6082.395034904941,0.0060823950349049,3,"mom20@q0.6,hold_q=0.4,buy_top=5,hold_top=10,rebalance=20d,min_hold=5d,turnover_penalty=0.01,target_vol=0.18",0.013347780218117444,1000000.0,1118146.8913723077,1135766.6805015642,0.13576668050156426,0.006001588820988113,733118.6750647974,-0.26688132493520256,402648.0054367668,0.4026480054367668
2023-10-31,0.0,0.310160880123451,-1879.3344857949744,0.0,0.0,0.0,0.0,0.0,-1879.3344857949744,1004203.06054911,311464.5050825751,692738.5554665348,4203.060549109941,0.0042030605491099,3,"mom20@q0.6,hold_q=0.4,buy_top=5,hold_top=10,rebalance=20d,min_hold=5d,turnover_penalty=0.01,target_vol=0.18",-0.0018679727376896826,1000000.0,1118146.8913723077,1133645.0993060109,0.13364509930601098,-0.0031419427027961078,730815.258193394,-0.2691847418066059,402829.8411126168,0.4028298411126169
2023-11-01,0.0,0.310160880123451,-3363.8345617351533,0.0,0.0,0.0,0.0,0.0,-3363.8345617351533,1000839.2259873748,310421.17519431765,690418.0507930571,839.2259873747826,0.0008392259873748,3,"mom20@q0.6,hold_q=0.4,buy_top=5,hold_top=10,rebalance=20d,min_hold=5d,turnover_penalty=0.01,target_vol=0.18",-0.003349755337228255,1000000.0,1118146.8913723077,1129847.665584088,0.1298476655840881,-0.0004142745576639628,730512.500025572,-0.269487499974428,399335.16555851605,0.3993351655585161
2023-11-02,0.0,0.310160880123451,-10341.46739973772,0.0,0.0,0.0,0.0,0.0,-10341.46739973772,990497.7585876372,307213.65656384703,683284.1020237901,-9502.2414123629,-0.0095022414123628,3,"mom20@q0.6,hold_q=0.4,buy_top=5,hold_top=10,rebalance=20d,min_hold=5d,turnover_penalty=0.01,target_vol=0.18",-0.01033279584893887,1000000.0,1118146.8913723077,1118173.1803152075,0.11817318031520752,-0.004715726275052345,727067.6030349472,-0.2729323969650528,391105.5772802603,0.3911055772802603
2023-11-03,0.0,0.310160880123451,6989.594933514226,0.0,0.0,0.0,0.0,0.0,6989.594933514226,997487.3535211512,309381.55548013217,688105.7980410191,-2512.6464788487647,-0.0025126464788487,3,"mom20@q0.6,hold_q=0.4,buy_top=5,hold_top=10,rebalance=20d,min_hold=5d,turnover_penalty=0.01,target_vol=0.18",0.007056648915067187,1000000.0,1118146.8913723077,1126063.7358749362,0.12606373587493613,0.008426673869432966,733194.364606753,-0.266805635393247,392869.3712681832,0.3928693712681831
2023-11-06,0.0,0.310160880123451,3990.2626532847808,0.0,0.0,0.0,0.0,0.0,3990.2626532847808,1001477.616174436,310619.17885659874,690858.4373178373,1477.616174436058,0.001477616174436,3,"mom20@q0.6,hold_q=0.4,buy_top=5,hold_top=10,rebalance=20d,min_hold=5d,turnover_penalty=0.01,target_vol=0.18",0.00400031402824208,1000000.0,1118146.8913723077,1130568.3444342513,0.13056834443425136,0.013523467275273982,743109.6946029278,-0.25689030539707225,387458.64983132354,0.3874586498313236
2023-11-07,0.0,0.310160880123451,-776.6031558531795,0.0,0.0,0.0,0.0,0.0,-776.6031558531795,1000701.0130185828,310378.30693827267,690322.7060803102,701.0130185828311,0.0007010130185829,3,"mom20@q0.6,hold_q=0.4,buy_top=5,hold_top=10,rebalance=20d,min_hold=5d,turnover_penalty=0.01,target_vol=0.18",-0.0007754573275634558,1000000.0,1118146.8913723077,1129691.6369272484,0.1296916369272485,-0.0035374014826804467,740481.0172674451,-0.2595189827325549,389210.61965980334,0.3892106196598034
2023-11-08,0.0,0.310160880123451,10218.16396179874,0.0,0.0,0.0,0.0,0.0,10218.16396179874,1010919.1769803816,313547.5816659099,697371.5953144717,10919.1769803816,0.0109191769803815,3,"mom20@q0.6,hold_q=0.4,buy_top=5,hold_top=10,rebalance=20d,min_hold=5d,turnover_penalty=0.01,target_vol=0.18",0.010211005913720372,1000000.0,1118146.8913723077,1141226.924912593,0.14122692491259303,-0.0024007116493911518,738703.3358631381,-0.2612966641368619,402523.589049455,0.40252358904945496
2023-11-09,0.0,0.310160880123451,-6414.119689347941,0.0,0.0,0.0,0.0,0.0,-6414.119689347941,1004505.0572910336,311558.1726578445,692946.8846331891,4505.057291033678,0.0045050572910336,3,"mom20@q0.6,hold_q=0.4,buy_top=5,hold_top=10,rebalance=20d,min_hold=5d,turnover_penalty=0.01,target_vol=0.18",-0.006344839266485214,1000000.0,1118146.8913723077,1133986.0235074374,0.1339860235074375,0.00048739016413401615,739063.3726032507,-0.2609366273967494,394922.65090418677,0.3949226509041869
2023-11-10,0.0,0.310160880123451,10069.29026958511,0.0,0.0,0.0,0.0,0.0,10069.29026958511,1014574.3475606188,314681.2725900776,699893.0749705412,14574.347560618771,0.0145743475606188,3,"mom20@q0.6,hold_q=0.4,buy_top=5,hold_top=10,rebalance=20d,min_hold=5d,turnover_penalty=0.01,target_vol=0.18",0.01002413098520405,1000000.0,1118146.8913723077,1145353.2479424665,0.14535324794246662,-0.007290683480817073,733675.0954813353,-0.26632490451866475,411678.1524611312,0.4116781524611314
2023-11-13,0.0,0.310160880123451,2048.7614824896973,0.0,0.0,0.0,0.0,0.0,2048.7614824896973,1016623.1090431084,315316.71825464966,701306.3907884589,16623.109043108532,0.0166231090431085,3,"mom20@q0.6,hold_q=0.4,buy_top=5,hold_top=10,rebalance=20d,min_hold=5d,turnover_penalty=0.01,target_vol=0.18",0.0020193310499281303,1000000.0,1118146.8913723077,1147666.0953191728,0.14766609531917285,-0.001974074931200165,732226.7658676996,-0.26777323413230036,415439.3294514732,0.4154393294514732
2023-11-14,0.0,0.310160880123451,2686.126068604056,0.0,0.0,0.0,0.0,0.0,2686.126068604056,1019309.2351117124,316149.8494802104,703159.3856315021,19309.23511171248,0.0193092351117125,3,"mom20@q0.6,hold_q=0.4,buy_top=5,hold_top=10,rebalance=20d,min_hold=5d,turnover_penalty=0.01,target_vol=0.18",0.0026422044164746694,1000000.0,1118146.8913723077,1150698.4637448634,0.1506984637448634,0.0007403454759304928,732768.866641165,-0.26723113335883497,417929.5971036984,0.41792959710369837
2023-11-15,0.0,0.310160880123451,2737.3791614278416,0.0,0.0,0.0,0.0,0.0,2737.3791614278416,1022046.6142731404,316998.8774101504,705047.7368629898,22046.614273140323,0.0220466142731403,3,"mom20@q0.6,hold_q=0.4,buy_top=5,hold_top=10,rebalance=20d,min_hold=5d,turnover_penalty=0.01,target_vol=0.18",0.0026855237519045616,1000000.0,1118146.8913723077,1153788.6918005303,0.15378869180053023,0.007032266349530802,737921.8924840295,-0.2620781075159705,415866.7993165008,0.4158667993165007
2023-11-16,0.0,0.310160880123451,6971.631000044077,0.0,0.0,0.0,0.0,0.0,6971.631000044077,1029018.2452731844,319161.2046170201,709857.0406561644,29018.245273184497,0.0290182452731844,3,"mom20@q0.6,hold_q=0.4,buy_top=5,hold_top=10,rebalance=20d,min_hold=5d,turnover_penalty=0.01,target_vol=0.18",0.006821245628803263,1000000.0,1118146.8913723077,1161658.967871037,0.16165896787103717,-0.009672187954813172,730784.5732439525,-0.2692154267560475,430874.3946270846,0.43087439462708466
2023-11-17,0.0,0.310160880123451,3904.611803181372,0.0,0.0,0.0,0.0,0.0,3904.611803181372,1032922.8570763658,320372.2624504352,712550.5946259307,32922.85707636585,0.0329228570763657,3,"mom20@q0.6,hold_q=0.4,buy_top=5,hold_top=10,rebalance=20d,min_hold=5d,turnover_penalty=0.01,target_vol=0.18",0.0037945020130765172,1000000.0,1118146.8913723077,1166066.885163132,0.16606688516313217,-0.001200886808720325,729906.9836899276,-0.27009301631007243,436159.9014732045,0.4361599014732046
2023-11-20,0.0,0.310160880123451,1141.452186984037,0.0,0.0,0.0,0.0,0.0,1141.452186984037,1034064.30926335,320726.296265369,713338.0129979809,34064.30926334986,0.0340643092633499,3,"mom20@q0.6,hold_q=0.4,buy_top=5,hold_top=10,rebalance=20d,min_hold=5d,turnover_penalty=0.01,target_vol=0.18",0.0011050701213204395,1000000.0,1118146.8913723077,1167355.4708373873,0.16735547083738722,0.0023121743687763985,731594.6559092064,-0.26840534409079364,435760.8149281809,0.43576081492818086
2023-11-21,0.0,0.310160880123451,-8352.001420761551,0.0,0.0,0.0,0.0,0.0,-8352.001420761551,1025712.3078425884,318135.8321539133,707576.475688675,25712.307842588285,0.0257123078425882,3,"mom20@q0.6,hold_q=0.4,buy_top=5,hold_top=10,rebalance=20d,min_hold=5d,turnover_penalty=0.01,target_vol=0.18",-0.008076868475144883,1000000.0,1118146.8913723077,1157926.894235693,0.15792689423569284,0.0013281809234073627,732566.3459748517,-0.2674336540251483,425360.54826084117,0.42536054826084113
2023-11-22,0.0,0.310160880123451,-10365.26053238318,0.0,0.0,0.0,0.0,0.0,-10365.26053238318,1015347.0473102052,314920.93382448045,700426.1134857247,15347.047310205176,0.015347047310205,3,"mom20@q0.6,hold_q=0.4,buy_top=5,hold_top=10,rebalance=20d,min_hold=5d,turnover_penalty=0.01,target_vol=0.18",-0.010105426690438013,1000000.0,1118146.8913723077,1146225.5488931076,0.14622554889310746,-0.010234371291262145,725068.9899946619,-0.27493101000533815,421156.5588984457,0.4211565588984456
2023-11-23,0.0,0.310160880123451,11280.761142757454,0.0,0.0,0.0,0.0,0.0,11280.761142757454,1026627.8084529624,318419.78462898056,708208.023823982,26627.80845296255,0.0266278084529625,3,"mom20@q0.6,hold_q=0.4,buy_top=5,hold_top=10,rebalance=20d,min_hold=5d,turnover_penalty=0.01,target_vol=0.18",0.011110251586037956,1000000.0,1118146.8913723077,1158960.4031156544,0.1589604031156544,0.004824484682966368,728567.074230985,-0.271432925769015,430393.32888466935,0.4303933288846694
2023-11-24,100525.05409000468,0.2082830372780012,-8032.624514765034,173270.41890391157,275148.2617493613,469.5628352296003,883.2259202154497,1352.78875544505,-9385.413270210083,1017242.3951827524,211874.33571661252,805368.05946614,17242.395182752516,0.0172423951827525,3,"mom20@q0.6,hold_q=0.4,buy_top=5,hold_top=10,rebalance=20d,min_hold=5d,turnover_penalty=0.01,target_vol=0.18",-0.009141982316213548,1000000.0,1118146.8913723077,1148365.2076051794,0.14836520760517935,-0.006601114131045138,723757.7198218646,-0.27624228017813535,424607.4877833148,0.4246074877833147
2023-11-27,0.0,0.2082830372780012,7705.422066575955,0.0,0.0,0.0,0.0,0.0,7705.422066575955,1024947.8172493284,213479.2444281479,811468.5728211806,24947.81724932848,0.0249478172493284,3,"mom20@q0.6,hold_q=0.4,buy_top=5,hold_top=10,rebalance=20d,min_hold=5d,turnover_penalty=0.01,target_vol=0.18",0.007574814127945917,1000000.0,1118146.8913723077,1157063.8606037886,0.15706386060378863,-0.007368548986577239,718424.6756089438,-0.28157532439105615,438639.18499484484,0.4386391849948448
2023-11-28,0.0,0.2082830372780012,-360.39213864143846,0.0,0.0,0.0,0.0,0.0,-360.39213864143846,1024587.425110687,213404.18085890057,811183.2442517865,24587.42511068704,0.024587425110687,3,"mom20@q0.6,hold_q=0.4,buy_top=5,hold_top=10,rebalance=20d,min_hold=5d,turnover_penalty=0.01,target_vol=0.18",-0.0003516199874531445,1000000.0,1118146.8913723077,1156657.0138236408,0.15665701382364072,0.001873608319048703,719770.7220577745,-0.2802292779422254,436886.2917658662,0.43688629176586613
2023-11-29,0.0,0.2082830372780012,-1554.7170259434813,0.0,0.0,0.0,0.0,0.0,-1554.7170259434813,1023032.7080847436,213080.35967462923,809952.3484101144,23032.708084743583,0.0230327080847436,3,"mom20@q0.6,hold_q=0.4,buy_top=5,hold_top=10,rebalance=20d,min_hold=5d,turnover_penalty=0.01,target_vol=0.18",-0.0015174078734916385,1000000.0,1118146.8913723077,1154901.8933639354,0.15490189336393545,-0.008585996384843586,713590.7732402703,-0.2864092267597297,441311.1201236651,0.44131112012366513
2023-11-30,0.0,0.2082830372780012,4148.65275861678,0.0,0.0,0.0,0.0,0.0,4148.65275861678,1027181.3608433604,213944.45367180568,813236.9071715546,27181.360843360308,0.0271813608433602,3,"mom20@q0.6,hold_q=0.4,buy_top=5,hold_top=10,rebalance=20d,min_hold=5d,turnover_penalty=0.01,target_vol=0.18",0.004055249383358994,1000000.0,1118146.8913723077,1159585.3085548398,0.15958530855483977,0.002261840260756598,715204.8015808896,-0.2847951984191104,444380.5069739502,0.44438050697395015
2023-12-01,0.0,0.2082830372780012,5850.995002811733,0.0,0.0,0.0,0.0,0.0,5850.995002811733,1033032.355846172,215163.1166820897,817869.2391640823,33032.35584617208,0.033032355846172,3,"mom20@q0.6,hold_q=0.4,buy_top=5,hold_top=10,rebalance=20d,min_hold=5d,turnover_penalty=0.01,target_vol=0.18",0.005696165473648707,1000000.0,1118146.8913723077,1166190.49835318,0.16619049835318012,-0.003809850695040251,712479.9780704905,-0.28752002192950943,453710.5202826895,0.45371052028268954
2023-12-04,0.0,0.2082830372780012,3097.77703622504,0.0,0.0,0.0,0.0,0.0,3097.77703622504,1036130.132882397,215808.3310920047,820321.8017903924,36130.13288239704,0.036130132882397,3,"mom20@q0.6,hold_q=0.4,buy_top=5,hold_top=10,rebalance=20d,min_hold=5d,turnover_penalty=0.01,target_vol=0.18",0.0029987221781524465,1000000.0,1118146.8913723077,1169687.5796645426,0.1696875796645425,-0.006529079382579961,707828.1397351696,-0.29217186026483044,461859.439929373,0.46185943992937295
2023-12-05,0.0,0.2082830372780012,-6664.65782954679,0.0,0.0,0.0,0.0,0.0,-6664.65782954679,1029465.4750528504,214420.1959168481,815045.2791360022,29465.47505285032,0.0294654750528502,3,"mom20@q0.6,hold_q=0.4,buy_top=5,hold_top=10,rebalance=20d,min_hold=5d,turnover_penalty=0.01,target_vol=0.18",-0.00643225944120196,1000000.0,1118146.8913723077,1162163.8456869884,0.1621638456869885,-0.019039692035582312,694351.3099404927,-0.30564869005950723,467812.5357464957,0.46781253574649573
2023-12-06,0.0,0.2082830372780012,2933.046089706412,0.0,0.0,0.0,0.0,0.0,2933.046089706412,1032398.5211425568,215031.0996648885,817367.4214776682,32398.52114255668,0.0323985211425565,3,"mom20@q0.6,hold_q=0.4,buy_top=5,hold_top=10,rebalance=20d,min_hold=5d,turnover_penalty=0.01,target_vol=0.18",0.0028490961190863473,1000000.0,1118146.8913723077,1165474.9621894779,0.16547496218947777,0.0015732442417493164,695443.6941406077,-0.3045563058593923,470031.26804887014,0.4700312680488701
2023-12-07,0.0,0.2082830372780012,-1464.9005232180382,0.0,0.0,0.0,0.0,0.0,-1464.9005232180382,1030933.6206193388,214725.98573460247,816207.6348847362,30933.620619338704,0.0309336206193386,3,"mom20@q0.6,hold_q=0.4,buy_top=5,hold_top=10,rebalance=20d,min_hold=5d,turnover_penalty=0.01,target_vol=0.18",-0.0014189293119063473,1000000.0,1118146.8913723077,1163821.2356033341,0.16382123560333417,-0.0024473467466760157,693741.7022782564,-0.3062582977217436,470079.53332507773,0.4700795333250778
2023-12-08,0.0,0.2082830372780012,12823.025211027798,0.0,0.0,0.0,0.0,0.0,12823.025211027798,1043756.6458303664,217396.8043726478,826359.8414577188,43756.64583036653,0.0437566458303664,3,"mom20@q0.6,hold_q=0.4,buy_top=5,hold_top=10,rebalance=20d,min_hold=5d,turnover_penalty=0.01,target_vol=0.18",0.012438264651146058,1000000.0,1118146.8913723077,1178297.1521383922,0.17829715213839226,0.0024120685994668545,695415.0548544624,-0.3045849451455376,482882.0972839298,0.48288209728392983
2023-12-11,0.0,0.2082830372780012,1199.7701937720249,0.0,0.0,0.0,0.0,0.0,1199.7701937720249,1044956.4160241385,217646.69615264225,827309.7198714962,44956.41602413845,0.0449564160241384,3,"mom20@q0.6,hold_q=0.4,buy_top=5,hold_top=10,rebalance=20d,min_hold=5d,turnover_penalty=0.01,target_vol=0.18",0.0011494731061736374,1000000.0,1118146.8913723077,1179651.5730258564,0.17965157302585633,0.0058803457019642735,699504.3357833571,-0.30049566421664287,480147.23724249925,0.4801472372424992
2023-12-12,0.0,0.2082830372780012,-5749.905008253065,0.0,0.0,0.0,0.0,0.0,-5749.905008253065,1039206.5110158854,216449.0884734633,822757.4225424221,39206.51101588539,0.0392065110158854,3,"mom20@q0.6,hold_q=0.4,buy_top=5,hold_top=10,rebalance=20d,min_hold=5d,turnover_penalty=0.01,target_vol=0.18",-0.0055025309382091825,1000000.0,1118146.8913723077,1173160.5037489745,0.17316050374897451,0.002149468481773553,701007.8983059875,-0.2989921016940126,472152.60544298706,0.4721526054429871
2023-12-13,0.0,0.2082830372780012,-5363.0099360050735,0.0,0.0,0.0,0.0,0.0,-5363.0099360050735,1033843.5010798804,215332.06447504007,818511.4366048403,33843.5010798804,0.0338435010798803,3,"mom20@q0.6,hold_q=0.4,buy_top=5,hold_top=10,rebalance=20d,min_hold=5d,turnover_penalty=0.01,target_vol=0.18",-0.005160677766310684,1000000.0,1118146.8913723077,1167106.2004209633,0.16710620042096336,-0.01668903933699084,689308.7499156175,-0.3106912500843825,477797.4505053458,0.47779745050534583
2023-12-14,0.0,0.2082830372780012,894.8484106452845,0.0,0.0,0.0,0.0,0.0,894.8484106452845,1034738.3494905256,215518.44621991267,819219.9032706129,34738.34949052567,0.0347383494905255,3,"mom20@q0.6,hold_q=0.4,buy_top=5,hold_top=10,rebalance=20d,min_hold=5d,turnover_penalty=0.01,target_vol=0.18",0.0008655549990985723,1000000.0,1118146.8913723077,1168116.3950272168,0.16811639502721665,-0.005237994901487131,685698.154198009,-0.31430184580199094,482418.2408292077,0.4824182408292076
2023-12-15,0.0,0.2082830372780012,-7885.792355154553,0.0,0.0,0.0,0.0,0.0,-7885.792355154553,1026852.557135371,213875.96943683745,812976.5876985337,26852.557135371026,0.026852557135371,3,"mom20@q0.6,hold_q=0.4,buy_top=5,hold_top=10,rebalance=20d,min_hold=5d,turnover_penalty=0.01,target_vol=0.18",-0.00762104966829269,1000000.0,1118146.8913723077,1159214.1219623673,0.15921412196236728,-0.003105645652096034,683568.6187067737,-0.31643138129322623,475645.5032555936,0.4756455032555935
2023-12-18,0.0,0.2082830372780012,-1992.1084793475504,0.0,0.0,0.0,0.0,0.0,-1992.1084793475504,1024860.4486560236,213461.04703217163,811399.4016238519,24860.44865602348,0.0248604486560235,3,"mom20@q0.6,hold_q=0.4,buy_top=5,hold_top=10,rebalance=20d,min_hold=5d,turnover_penalty=0.01,target_vol=0.18",-0.0019400141388408176,1000000.0,1118146.8913723077,1156965.2301758165,0.15696523017581643,-0.003645015037931576,681077.0008121294,-0.3189229991878707,475888.2293636871,0.47588822936368713
2023-12-19,0.0,0.2082830372780012,3001.796017194623,0.0,0.0,0.0,0.0,0.0,3001.796017194623,1027862.244673218,214086.27022392195,813775.9744492961,27862.244673218112,0.0278622446732181,3,"mom20@q0.6,hold_q=0.4,buy_top=5,hold_top=10,rebalance=20d,min_hold=5d,turnover_penalty=0.01,target_vol=0.18",0.0029289802539760323,1000000.0,1118146.8913723077,1160353.9584895382,0.16035395848953815,0.0014026677719809477,682032.325571406,-0.31796767442859397,478321.6329181321,0.4783216329181321
2023-12-20,0.0,0.2082830372780012,-9215.353503556877,0.0,0.0,0.0,0.0,0.0,-9215.353503556877,1018646.8911696612,212166.86840661065,806480.0227630506,18646.891169661307,0.0186468911696613,3,"mom20@q0.6,hold_q=0.4,buy_top=5,hold_top=10,rebalance=20d,min_hold=5d,turnover_penalty=0.01,target_vol=0.18",-0.008965553070281906,1000000.0,1118146.8913723077,1149950.7434943884,0.1499507434943883,-0.010959676548571662,674557.4718874732,-0.3254425281125267,475393.27160691516,0.475393271606915
2023-12-21,0.0,0.2082830372780012,3933.239894872134,0.0,0.0,0.0,0.0,0.0,3933.239894872134,1022580.1310645334,212986.09555825763,809594.0355062757,22580.13106453337,0.0225801310645332,3,"mom20@q0.6,hold_q=0.4,buy_top=5,hold_top=10,rebalance=20d,min_hold=5d,turnover_penalty=0.01,target_vol=0.18",0.0038612397769710594,1000000.0,1118146.8913723077,1154390.9790467266,0.1543909790467266,0.010119787717968176,681383.8503065438,-0.3186161496934562,473007.12874018284,0.4730071287401828
2023-12-22,-64604.6608494136,0.2717036757138403,-7279.864630688608,234392.3417151296,170971.70327929052,635.2032460480011,548.8191675265225,1184.0224135745236,-8463.88704426313,1014116.2440202704,275539.1111014213,738577.132918849,14116.2440202703,0.0141162440202702,3,"mom20@q0.6,hold_q=0.4,buy_top=5,hold_top=10,rebalance=20d,min_hold=5d,turnover_penalty=0.01,target_vol=0.18",-0.008276991491563468,1000000.0,1118146.8913723077,1144836.0947352191,0.1448360947352192,0.0019094110547694942,682684.8921628606,-0.31731510783713934,462151.20257235854,0.46215120257235853
2023-12-25,0.0,0.2717036757138403,-1272.8663712647806,0.0,0.0,0.0,0.0,0.0,-1272.8663712647806,1012843.3776490056,275193.2686296561,737650.1090193493,12843.377649005502,0.0128433776490055,3,"mom20@q0.6,hold_q=0.4,buy_top=5,hold_top=10,rebalance=20d,min_hold=5d,turnover_penalty=0.01,target_vol=0.18",-0.0012551483903056049,1000000.0,1118146.8913723077,1143399.1555537486,0.1433991555537486,0.00306242003098367,684775.56005147,-0.31522443994853,458623.59550227865,0.4586235955022786
2023-12-26,0.0,0.2717036757138403,-9335.18411362136,0.0,0.0,0.0,0.0,0.0,-9335.18411362136,1003508.193535384,272656.8647925198,730851.3287428643,3508.19353538414,0.0035081935353842,3,"mom20@q0.6,hold_q=0.4,buy_top=5,hold_top=10,rebalance=20d,min_hold=5d,turnover_penalty=0.01,target_vol=0.18",-0.009216809152951422,1000000.0,1118146.8913723077,1132860.6637513638,0.13286066375136385,-0.006769331879490359,680140.0870225177,-0.3198599129774823,452720.57672884606,0.45272057672884614
2023-12-27,0.0,0.2717036757138403,-1494.5789559247346,0.0,0.0,0.0,0.0,0.0,-1494.5789559247346,1002013.6145794594,272250.78219655046,729762.832382909,2013.6145794594197,0.0020136145794593,3,"mom20@q0.6,hold_q=0.4,buy_top=5,hold_top=10,rebalance=20d,min_hold=5d,turnover_penalty=0.01,target_vol=0.18",-0.0014893540138014583,1000000.0,1118146.8913723077,1131173.4331747282,0.1311734331747283,0.0034799190324803497,682506.9194561002,-0.3174930805438998,448666.513718628,0.4486665137186281
2023-12-28,0.0,0.2717036757138403,6277.388796320912,0.0,0.0,0.0,0.0,0.0,6277.388796320912,1008291.0033757804,273956.3718063957,734334.6315693846,8291.003375780303,0.0082910033757803,3,"mom20@q0.6,hold_q=0.4,buy_top=5,hold_top=10,rebalance=20d,min_hold=5d,turnover_penalty=0.01,target_vol=0.18",0.006264773956145886,1000000.0,1118146.8913723077,1138259.9790387652,0.13825997903876508,0.02343272308743649,698499.9151049743,-0.30150008489502567,439760.0639337909,0.43976006393379075
2023-12-29,0.0,0.2717036757138403,4606.598493796022,0.0,0.0,0.0,0.0,0.0,4606.598493796022,1012897.6018695764,275208.00154969795,737689.6003198784,12897.601869576378,0.0128976018695763,3,"mom20@q0.6,hold_q=0.4,buy_top=5,hold_top=10,rebalance=20d,min_hold=5d,turnover_penalty=0.01,target_vol=0.18",0.004568719227259654,1000000.0,1118146.8913723077,1143460.3692906199,0.14346036929061978,0.004852776655127844,701889.5791866046,-0.29811042081339545,441570.79010401526,0.44157079010401523
2024-01-02,0.0,0.2717036757138403,-4736.240251869688,0.0,0.0,0.0,0.0,0.0,-4736.240251869688,1008161.3616177066,273921.1476642011,734240.2139535055,8161.3616177066,0.0081613616177065,3,"mom20@q0.6,hold_q=0.4,buy_top=5,hold_top=10,rebalance=20d,min_hold=5d,turnover_penalty=0.01,target_vol=0.18",-0.004675931943295963,1000000.0,1118146.8913723077,1138113.6264239608,0.13811362642396086,-0.013045341012092315,692733.1902732813,-0.3072668097267187,445380.4361506795,0.44538043615067957
2024-01-03,0.0,0.2717036757138403,-9176.673817123525,0.0,0.0,0.0,0.0,0.0,-9176.673817123525,998984.6878005832,271427.8116572617,727556.8761433214,-1015.3121994169196,-0.0010153121994169,3,"mom20@q0.6,hold_q=0.4,buy_top=5,hold_top=10,rebalance=20d,min_hold=5d,turnover_penalty=0.01,target_vol=0.18",-0.009102385953770775,1000000.0,1118146.8913723077,1127754.0769370042,0.12775407693700425,-0.00237719078063392,691086.4313199245,-0.30891356868007547,436667.6456170797,0.4366676456170797
2024-01-04,0.0,0.2717036757138403,1121.9086185506071,0.0,0.0,0.0,0.0,0.0,1121.9086185506071,1000106.5964191336,271732.6383527369,728373.9580663969,106.5964191337116,0.0001065964191337,3,"mom20@q0.6,hold_q=0.4,buy_top=5,hold_top=10,rebalance=20d,min_hold=5d,turnover_penalty=0.01,target_vol=0.18",0.0011230488637623548,1000000.0,1118146.8913723077,1129020.5998717118,0.12902059987171177,-0.00925021460497888,684693.7335196263,-0.31530626648037363,444326.8663520855,0.4443268663520854
2024-01-05,0.0,0.2717036757138403,-12514.458401736592,0.0,0.0,0.0,0.0,0.0,-12514.458401736592,987592.1380173973,268332.41400541714,719259.72401198,-12407.86198260286,-0.0124078619826029,3,"mom20@q0.6,hold_q=0.4,buy_top=5,hold_top=10,rebalance=20d,min_hold=5d,turnover_penalty=0.01,target_vol=0.18",-0.012513124547467447,1000000.0,1118146.8913723077,1114893.0244888607,0.11489302448886085,-0.005359943831134917,681023.813566431,-0.31897618643356895,433869.2109224297,0.4338692109224298
2024-01-08,0.0,0.2717036757138403,-4699.282482397698,0.0,0.0,0.0,0.0,0.0,-4699.282482397698,982892.8555349994,267055.601681732,715837.2538532674,-17107.1444650006,-0.0171071444650006,3,"mom20@q0.6,hold_q=0.4,buy_top=5,hold_top=10,rebalance=20d,min_hold=5d,turnover_penalty=0.01,target_vol=0.18",-0.004758323098674855,1000000.0,1118146.8913723077,1109588.0032578837,0.10958800325788376,-0.012931384063608609,672217.2330767402,-0.3277827669232598,437370.77018114354,0.43737077018114356
2024-01-09,0.0,0.2717036757138403,6183.566252213181,0.0,0.0,0.0,0.0,0.0,6183.566252213181,989076.4217872126,268735.6993614784,720340.7224257342,-10923.578212787395,-0.0109235782127874,3,"mom20@q0.6,hold_q=0.4,buy_top=5,hold_top=10,rebalance=20d,min_hold=5d,turnover_penalty=0.01,target_vol=0.18",0.0062911905579448035,1000000.0,1118146.8913723077,1116568.6328271886,0.11656863282718866,0.001959793795609288,673534.6402394257,-0.32646535976057434,443033.9925877629,0.443033992587763
2024-01-10,0.0,0.2717036757138403,-4496.1766322085405,0.0,0.0,0.0,0.0,0.0,-4496.1766322085405,984580.245155004,267514.07164384867,717066.1735111554,-15419.754844995914,-0.0154197548449959,3,"mom20@q0.6,hold_q=0.4,buy_top=5,hold_top=10,rebalance=20d,min_hold=5d,turnover_penalty=0.01,target_vol=0.18",-0.004545833398883592,1000000.0,1118146.8913723077,1111492.8978439372,0.11149289784393712,-0.004668185269551928,670390.455753327,-0.329609544246673,441102.44209061016,0.4411024420906101
2024-01-11,0.0,0.2717036757138403,7972.027106565041,0.0,0.0,0.0,0.0,0.0,7972.027106565041,992552.2722615692,269680.1007115928,722872.1715499763,-7447.72773843084,-0.0074477277384308,3,"mom20@q0.6,hold_q=0.4,buy_top=5,hold_top=10,rebalance=20d,min_hold=5d,turnover_penalty=0.01,target_vol=0.18",0.008096878995688339,1000000.0,1118146.8913723077,1120492.5213423464,0.12049252134234645,0.0056573892399751635,674183.1155042879,-0.3258168844957121,446309.40583805856,0.44630940583805856
2024-01-12,0.0,0.2717036757138403,-9156.89716474175,0.0,0.0,0.0,0.0,0.0,-9156.89716474175,983395.3750968274,267192.1380937988,716203.2370030286,-16604.624903172604,-0.0166046249031726,3,"mom20@q0.6,hold_q=0.4,buy_top=5,hold_top=10,rebalance=20d,min_hold=5d,turnover_penalty=0.01,target_vol=0.18",-0.00922560697370367,1000000.0,1118146.8913723077,1110155.2977234677,0.11015529772346766,-0.0034894270360806834,671830.6027137781,-0.32816939728622185,438324.69500968955,0.4383246950096895
2024-01-15,0.0,0.2717036757138403,5610.908608252488,0.0,0.0,0.0,0.0,0.0,5610.908608252488,989006.2837050798,268716.6425867554,720289.6411183244,-10993.716294920188,-0.0109937162949201,3,"mom20@q0.6,hold_q=0.4,buy_top=5,hold_top=10,rebalance=20d,min_hold=5d,turnover_penalty=0.01,target_vol=0.18",0.005705648765838456,1000000.0,1118146.8913723077,1116489.4539278124,0.11648945392781229,-0.0009895955446885818,671165.7621425472,-0.3288342378574528,445323.6917852652,0.4453236917852651
2024-01-16,0.0,0.2717036757138403,-765.0131371483443,0.0,0.0,0.0,0.0,0.0,-765.0131371483443,988241.2705679316,268508.7857054228,719732.4848625087,-11758.729432068532,-0.0117587294320685,3,"mom20@q0.6,hold_q=0.4,buy_top=5,hold_top=10,rebalance=20d,min_hold=5d,turnover_penalty=0.01,target_vol=0.18",-0.0007735169631908345,1000000.0,1118146.8913723077,1115625.8303959756,0.11562583039597563,0.006083659461370683,675248.9060815538,-0.32475109391844625,440376.92431442183,0.4403769243144219
2024-01-17,0.0,0.2717036757138403,-1029.7389968049722,0.0,0.0,0.0,0.0,0.0,-1029.7389968049722,987211.5315711264,268229.001834965,718982.5297361615,-12788.468428873455,-0.0127884684288734,3,"mom20@q0.6,hold_q=0.4,buy_top=5,hold_top=10,rebalance=20d,min_hold=5d,turnover_penalty=0.01,target_vol=0.18",-0.001041991492840011,1000000.0,1118146.8913723077,1114463.3577715105,0.1144633577715104,-0.02175177528416672,660561.0436155885,-0.33943895638441157,453902.31415592204,0.45390231415592197
2024-01-18,0.0,0.2717036757138403,22029.197696303152,0.0,0.0,0.0,0.0,0.0,22029.197696303152,1009240.7292674296,274214.4158220775,735026.3134453523,9240.729267429677,0.0092407292674296,3,"mom20@q0.6,hold_q=0.4,buy_top=5,hold_top=10,rebalance=20d,min_hold=5d,turnover_penalty=0.01,target_vol=0.18",0.022314566829708893,1000000.0,1118146.8913723077,1139332.1248477646,0.13933212484776458,0.014137153616510023,669899.4965622642,-0.3301005034377359,469432.62828550045,0.4694326282855005
2024-01-19,0.0,0.2717036757138403,-7032.566285772253,0.0,0.0,0.0,0.0,0.0,-7032.566285772253,1002208.1629816574,272303.6417125319,729904.5212691255,2208.162981657428,0.0022081629816574,3,"mom20@q0.6,hold_q=0.4,buy_top=5,hold_top=10,rebalance=20d,min_hold=5d,turnover_penalty=0.01,target_vol=0.18",-0.006968175264663423,1000000.0,1118146.8913723077,1131393.0589171639,0.1313930589171639,-0.0015115750000762596,668886.893230697,-0.33111310676930295,462506.16568646685,0.46250616568646685
2024-01-22,-350514.47238546266,0.6196666825904414,-11414.839692635976,619666.6825904414,271703.67571384035,1679.296709820096,872.1687990414274,2551.465508861524,-13966.3052014975,988241.85778016,612380.5536076465,375861.3041725134,-11758.142219840083,-0.01175814221984,3,"mom20@q0.6,hold_q=0.4,buy_top=5,hold_top=10,rebalance=20d,min_hold=5d,turnover_penalty=0.01,target_vol=0.18",-0.013935533272794731,1000000.0,1118146.8913723077,1115626.4933000149,0.11562649330001484,-0.015560679923419918,658478.5583801634,-0.34152144161983666,457147.9349198515,0.4571479349198515
2024-01-23,0.0,0.6196666825904414,9035.363518527634,0.0,0.0,0.0,0.0,0.0,9035.363518527634,997277.2212986876,617979.4673451713,379297.7539535164,-2722.7787013123743,-0.0027227787013123,3,"mom20@q0.6,hold_q=0.4,buy_top=5,hold_top=10,rebalance=20d,min_hold=5d,turnover_penalty=0.01,target_vol=0.18",0.009142866644834546,1000000.0,1118146.8913723077,1125826.5175537013,0.12582651755370122,0.004047966696697491,661144.0576549758,-0.33885594234502425,464682.4598987255,0.4646824598987255
2024-01-24,0.0,0.6196666825904414,9772.702462856982,0.0,0.0,0.0,0.0,0.0,9772.702462856982,1007049.9237615444,624035.2854602733,383014.6383012713,7049.923761544516,0.0070499237615444,3,"mom20@q0.6,hold_q=0.4,buy_top=5,hold_top=10,rebalance=20d,min_hold=5d,turnover_penalty=0.01,target_vol=0.18",0.009799384016944135,1000000.0,1118146.8913723077,1136858.9239356688,0.13685892393566879,0.013979263164734412,670386.3644267351,-0.32961363557326495,466472.5595089337,0.46647255950893374
2024-01-25,0.0,0.6196666825904414,492.12437200056456,0.0,0.0,0.0,0.0,0.0,492.12437200056456,1007542.0481335452,624340.2385372928,383201.8095962523,7542.0481335450895,0.007542048133545,3,"mom20@q0.6,hold_q=0.4,buy_top=5,hold_top=10,rebalance=20d,min_hold=5d,turnover_penalty=0.01,target_vol=0.18",0.0004886792207505763,1000000.0,1118146.8913723077,1137414.483268721,0.13741448326872097,0.020081718343296417,683848.8745783392,-0.3161511254216608,453565.60869038187,0.45356560869038176
2024-01-26,0.0,0.6196666825904414,5522.136218080839,0.0,0.0,0.0,0.0,0.0,5522.136218080839,1013064.184351626,627762.1223683634,385302.06198326254,13064.184351625969,0.0130641843516259,3,"mom20@q0.6,hold_q=0.4,buy_top=5,hold_top=10,rebalance=20d,min_hold=5d,turnover_penalty=0.01,target_vol=0.18",0.005480799762461963,1000000.0,1118146.8913723077,1143648.424298441,0.14364842429844105,-0.002722171036100174,681987.3209788924,-0.31801267902110764,461661.10331954865,0.4616611033195487
2024-01-29,0.0,0.6196666825904414,-8227.314302107316,0.0,0.0,0.0,0.0,0.0,-8227.314302107316,1004836.8700495186,622663.9298081477,382172.9402413709,4836.8700495186495,0.0048368700495187,3,"mom20@q0.6,hold_q=0.4,buy_top=5,hold_top=10,rebalance=20d,min_hold=5d,turnover_penalty=0.01,target_vol=0.18",-0.008121217223144517,1000000.0,1118146.8913723077,1134360.6070178065,0.1343606070178065,-0.008956692322920845,675878.9703767514,-0.3241210296232486,458481.6366410551,0.4584816366410551
2024-01-30,0.0,0.6196666825904414,-2460.097477755701,0.0,0.0,0.0,0.0,0.0,-2460.097477755701,1002376.7725717628,621139.4893652577,381237.2832065053,2376.772571762908,0.0023767725717629,3,"mom20@q0.6,hold_q=0.4,buy_top=5,hold_top=10,rebalance=20d,min_hold=5d,turnover_penalty=0.01,target_vol=0.18",-0.0024482555836496944,1000000.0,1118146.8913723077,1131583.402327803,0.13158340232780286,-0.017833145679729823,663825.922236157,-0.336174077763843,467757.48009164596,0.46775748009164586
2024-01-31,0.0,0.6196666825904414,-4532.361652440481,0.0,0.0,0.0,0.0,0.0,-4532.361652440481,997844.4109193224,618330.9358557898,379513.4750635327,-2155.589080677484,-0.0021555890806774,3,"mom20@q0.6,hold_q=0.4,buy_top=5,hold_top=10,rebalance=20d,min_hold=5d,turnover_penalty=0.01,target_vol=0.18",-0.0045216148023979885,1000000.0,1118146.8913723077,1126466.8180656896,0.1264668180656896,-0.009149347927914664,657752.3479100496,-0.34224765208995045,468714.47015564004,0.46871447015564005
2024-02-01,0.0,0.6196666825904414,996.7928924966774,0.0,0.0,0.0,0.0,0.0,996.7928924966774,998841.2038118192,618948.615200713,379892.58861110616,-1158.7961881808003,-0.0011587961881808,3,"mom20@q0.6,hold_q=0.4,buy_top=5,hold_top=10,rebalance=20d,min_hold=5d,turnover_penalty=0.01,target_vol=0.18",0.0009989462100392643,1000000.0,1118146.8913723077,1127592.0978243311,0.12759209782433123,0.0007339791935558893,658235.124447928,-0.3417648755520719,469356.9733764031,0.46935697337640314
2024-02-02,0.0,0.6196666825904414,-7728.805676329151,0.0,0.0,0.0,0.0,0.0,-7728.805676329151,991112.39813549,614159.3318268759,376953.0663086141,-8887.601864509983,-0.0088876018645099,3,"mom20@q0.6,hold_q=0.4,buy_top=5,hold_top=10,rebalance=20d,min_hold=5d,turnover_penalty=0.01,target_vol=0.18",-0.007737772177233149,1000000.0,1118146.8913723077,1118867.047062518,0.11886704706251816,-0.011834503420134146,650445.2386163967,-0.3495547613836033,468421.8084461214,0.46842180844612147
2024-02-05,0.0,0.6196666825904414,2430.610002331093,0.0,0.0,0.0,0.0,0.0,2430.610002331093,993543.0081378212,615665.4998636915,377877.5082741296,-6456.991862178897,-0.0064569918621788,3,"mom20@q0.6,hold_q=0.4,buy_top=5,hold_top=10,rebalance=20d,min_hold=5d,turnover_penalty=0.01,target_vol=0.18",0.0024524060105632906,1000000.0,1118146.8913723077,1121610.9633337555,0.12161096333375543,0.006538496617531031,654698.1726089792,-0.3453018273910209,466912.79072477634,0.4669127907247763
2024-02-06,0.0,0.6196666825904414,17165.407194747615,0.0,0.0,0.0,0.0,0.0,17165.407194747615,1010708.4153325688,626302.3307953749,384406.08453719376,10708.415332568691,0.0107084153325687,3,"mom20@q0.6,hold_q=0.4,buy_top=5,hold_top=10,rebalance=20d,min_hold=5d,turnover_penalty=0.01,target_vol=0.18",0.0172769644133679,1000000.0,1118146.8913723077,1140988.996032916,0.14098899603291604,0.03476731179032755,677460.2681046332,-0.3225397318953668,463528.7279282828,0.4635287279282828
2024-02-07,0.0,0.6196666825904414,12011.92814126211,0.0,0.0,0.0,0.0,0.0,12011.92814126211,1022720.3434738308,633745.7224581856,388974.6210156452,22720.34347383084,0.0227203434738307,3,"mom20@q0.6,hold_q=0.4,buy_top=5,hold_top=10,rebalance=20d,min_hold=5d,turnover_penalty=0.01,target_vol=0.18",0.011884662241888666,1000000.0,1118146.8913723077,1154549.2648724788,0.1545492648724789,0.009644622534114022,683994.1166723621,-0.3160058833276379,470555.1482001167,0.4705551482001168
2024-02-08,0.0,0.6196666825904414,-1458.8150683931356,0.0,0.0,0.0,0.0,0.0,-1458.8150683931356,1021261.5284054376,632841.7433642414,388419.7850411963,21261.52840543771,0.0212615284054376,3,"mom20@q0.6,hold_q=0.4,buy_top=5,hold_top=10,rebalance=20d,min_hold=5d,turnover_penalty=0.01,target_vol=0.18",-0.001426406620052334,1000000.0,1118146.8913723077,1152902.4081578883,0.15290240815788825,0.006370322075109902,688351.3794930454,-0.31164862050695463,464551.02866484295,0.4645510286648429
2024-02-19,0.0,0.6196666825904414,11634.706259519782,0.0,0.0,0.0,0.0,0.0,11634.706259519782,1032896.2346649576,640051.3831949923,392844.8514699652,32896.234664957505,0.0328962346649575,3,"mom20@q0.6,hold_q=0.4,buy_top=5,hold_top=10,rebalance=20d,min_hold=5d,turnover_penalty=0.01,target_vol=0.18",0.011392484624076715,1000000.0,1118146.8913723077,1166036.831115888,0.16603683111588796,0.011554475130240549,696304.9183882646,-0.3036950816117354,469731.91272762336,0.4697319127276234
2024-02-20,0.0,0.6196666825904414,2196.014498649401,0.0,0.0,0.0,0.0,0.0,2196.014498649401,1035092.2491636068,641412.180214291,393680.06894931593,35092.2491636069,0.0350922491636069,3,"mom20@q0.6,hold_q=0.4,buy_top=5,hold_top=10,rebalance=20d,min_hold=5d,turnover_penalty=0.01,target_vol=0.18",0.002126074648109766,1000000.0,1118146.8913723077,1168515.9124612857,0.1685159124612856,0.002068270555642071,697745.0653487159,-0.30225493465128417,470770.84711256984,0.4707708471125698
2024-02-21,0.0,0.6196666825904414,5216.872553679696,0.0,0.0,0.0,0.0,0.0,5216.872553679696,1040309.1217172864,644644.9023231267,395664.2193941599,40309.12171728653,0.0403091217172866,3,"mom20@q0.6,hold_q=0.4,buy_top=5,hold_top=10,rebalance=20d,min_hold=5d,turnover_penalty=0.01,target_vol=0.18",0.005040007359629062,1000000.0,1118146.8913723077,1174405.2412599341,0.17440524125993417,0.013492238005189394,707159.207837347,-0.2928407921626529,467246.0334225871,0.4672460334225871
2024-02-22,0.0,0.6196666825904414,4827.121323263116,0.0,0.0,0.0,0.0,0.0,4827.121323263116,1045136.2430405496,647636.1085799747,397500.13446057495,45136.243040549685,0.0451362430405497,3,"mom20@q0.6,hold_q=0.4,buy_top=5,hold_top=10,rebalance=20d,min_hold=5d,turnover_penalty=0.01,target_vol=0.18",0.004640083627542202,1000000.0,1118146.8913723077,1179854.579792004,0.17985457979200414,0.008620515090240755,713255.2844597116,-0.28674471554028835,466599.29533229244,0.4665992953322925
2024-02-23,0.0,0.6196666825904414,-6137.343862417789,0.0,0.0,0.0,0.0,0.0,-6137.343862417789,1038998.8991781318,643833.0010688335,395165.8981092983,38998.89917813183,0.0389988991781318,3,"mom20@q0.6,hold_q=0.4,buy_top=5,hold_top=10,rebalance=20d,min_hold=5d,turnover_penalty=0.01,target_vol=0.18",-0.005872290721219975,1000000.0,1118146.8913723077,1172926.1306907027,0.17292613069070262,0.0008804962901565183,713883.303091613,-0.28611669690838704,459042.8275990897,0.45904282759908965
2024-02-26,0.0,0.6196666825904414,-6291.985449596343,0.0,0.0,0.0,0.0,0.0,-6291.985449596343,1032706.9137285356,639934.0673183749,392772.8464101607,32706.913728535525,0.0327069137285356,3,"mom20@q0.6,hold_q=0.4,buy_top=5,hold_top=10,rebalance=20d,min_hold=5d,turnover_penalty=0.01,target_vol=0.18",-0.00605581531854682,1000000.0,1118146.8913723077,1165823.1066609418,0.1658231066609419,-0.010424845403955496,706441.1800204178,-0.2935588199795822,459381.92664052406,0.45938192664052413
2024-02-27,396743.97207248793,0.2203364686368323,16911.44743166168,220336.46863683235,619666.6825904414,597.1118300058156,1989.130051115317,2586.241881121133,14325.205550540548,1047032.119279076,230699.35971129025,816332.7595677859,47032.11927907611,0.0470321192790761,3,"mom20@q0.6,hold_q=0.4,buy_top=5,hold_top=10,rebalance=20d,min_hold=5d,turnover_penalty=0.01,target_vol=0.18",0.01387151122947361,1000000.0,1118146.8913723077,1181994.834976569,0.181994834976569,0.011997011606087904,714916.3630561412,-0.28508363694385885,467078.47192042787,0.46707847192042784
2024-02-28,0.0,0.2203364686368323,-5751.479050345256,0.0,0.0,0.0,0.0,0.0,-5751.479050345256,1041280.6402287307,229432.0991278985,811848.5411008324,41280.64022873086,0.0412806402287309,3,"mom20@q0.6,hold_q=0.4,buy_top=5,hold_top=10,rebalance=20d,min_hold=5d,turnover_penalty=0.01,target_vol=0.18",-0.005493125706884094,1000000.0,1118146.8913723077,1175501.988763155,0.17550198876315504,-0.012741824258395984,705807.0243986282,-0.2941929756013718,469694.9643645268,0.46969496436452685
2024-02-29,0.0,0.2203364686368323,7856.930453224036,0.0,0.0,0.0,0.0,0.0,7856.930453224036,1049137.570681955,231163.26743828703,817974.3032436679,49137.57068195497,0.049137570681955,3,"mom20@q0.6,hold_q=0.4,buy_top=5,hold_top=10,rebalance=20d,min_hold=5d,turnover_penalty=0.01,target_vol=0.18",0.007545449468356891,1000000.0,1118146.8913723077,1184371.6796193204,0.18437167961932044,0.019076823195933068,719271.5802135285,-0.28072841978647156,465100.09940579196,0.465100099405792
2024-03-01,0.0,0.2203364686368323,8476.409126240304,0.0,0.0,0.0,0.0,0.0,8476.409126240304,1057613.9798081953,233030.92949188384,824583.0503163114,57613.97980819526,0.0576139798081951,3,"mom20@q0.6,hold_q=0.4,buy_top=5,hold_top=10,rebalance=20d,min_hold=5d,turnover_penalty=0.01,target_vol=0.18",0.00807940670805496,1000000.0,1118146.8913723077,1193940.7001124672,0.1939407001124671,0.006177333849059163,723714.7608926478,-0.27628523910735225,470225.9392198194,0.47022593921981937
2024-03-04,0.0,0.2203364686368323,9781.240004111482,0.0,0.0,0.0,0.0,0.0,9781.240004111482,1067395.2198123066,235186.09337327903,832209.1264390275,67395.21981230658,0.0673952198123066,3,"mom20@q0.6,hold_q=0.4,buy_top=5,hold_top=10,rebalance=20d,min_hold=5d,turnover_penalty=0.01,target_vol=0.18",0.009248402716731441,1000000.0,1118146.8913723077,1204982.7445270035,0.2049827445270036,0.0008677709310871418,724342.779524549,-0.27565722047545094,480639.96500245447,0.48063996500245454
2024-03-05,0.0,0.2203364686368323,-572.2861422759536,0.0,0.0,0.0,0.0,0.0,-572.2861422759536,1066822.933670031,235059.99786564015,831762.9358043905,66822.93367003067,0.0668229336700307,3,"mom20@q0.6,hold_q=0.4,buy_top=5,hold_top=10,rebalance=20d,min_hold=5d,turnover_penalty=0.01,target_vol=0.18",-0.000536152056570316,1000000.0,1118146.8913723077,1204336.6905503937,0.2043366905503936,0.006958741778150701,729383.2938861283,-0.2706167061138717,474953.3966642653,0.4749533966642653
2024-03-06,0.0,0.2203364686368323,-875.9543211438097,0.0,0.0,0.0,0.0,0.0,-875.9543211438097,1065946.9793488868,234866.99318383212,831079.9861650546,65946.97934888676,0.0659469793488867,3,"mom20@q0.6,hold_q=0.4,buy_top=5,hold_top=10,rebalance=20d,min_hold=5d,turnover_penalty=0.01,target_vol=0.18",-0.0008210868865845544,1000000.0,1118146.8913723077,1203347.82548675,0.20334782548675,-0.004055520809084778,726425.2647599743,-0.2735747352400256,476922.5607267758,0.47692256072677564
2024-03-07,0.0,0.2203364686368323,-1642.6432930748006,0.0,0.0,0.0,0.0,0.0,-1642.6432930748006,1064304.336055812,234505.0589614061,829799.2770944058,64304.33605581196,0.0643043360558119,3,"mom20@q0.6,hold_q=0.4,buy_top=5,hold_top=10,rebalance=20d,min_hold=5d,turnover_penalty=0.01,target_vol=0.18",-0.0015410178225545579,1000000.0,1118146.8913723077,1201493.4450409426,0.2014934450409427,-0.006006674082313812,722061.8649494027,-0.2779381350505973,479431.5800915399,0.47943158009153997
2024-03-08,0.0,0.2203364686368323,11218.065354502534,0.0,0.0,0.0,0.0,0.0,11218.065354502534,1075522.4014103147,236976.8078665544,838545.5935437602,75522.40141031472,0.0755224014103146,3,"mom20@q0.6,hold_q=0.4,buy_top=5,hold_top=10,rebalance=20d,min_hold=5d,turnover_penalty=0.01,target_vol=0.18",0.010540279668572516,1000000.0,1118146.8913723077,1214157.5219716309,0.21415752197163096,0.004303457498045171,725169.2274961717,-0.27483077250382826,488988.29447545914,0.4889882944754592
2024-03-11,0.0,0.2203364686368323,619.9869723276652,0.0,0.0,0.0,0.0,0.0,619.9869723276652,1076142.3883826423,237113.4136066379,839028.9747760044,76142.3883826423,0.0761423883826422,3,"mom20@q0.6,hold_q=0.4,buy_top=5,hold_top=10,rebalance=20d,min_hold=5d,turnover_penalty=0.01,target_vol=0.18",0.0005764519376951771,1000000.0,1118146.8913723077,1214857.4254278387,0.2148574254278386,0.01251089590426857,734241.7442143551,-0.2657582557856448,480615.68121348356,0.4806156812134834
2024-03-12,0.0,0.2203364686368323,-8171.05334237314,0.0,0.0,0.0,0.0,0.0,-8171.05334237314,1067971.3350402692,235313.03256813623,832658.302472133,67971.33504026919,0.067971335040269,3,"mom20@q0.6,hold_q=0.4,buy_top=5,hold_top=10,rebalance=20d,min_hold=5d,turnover_penalty=0.01,target_vol=0.18",-0.00759291096659942,1000000.0,1118146.8913723077,1205633.121159453,0.20563312115945287,0.0022929517504999275,735925.3251070415,-0.26407467489295844,469707.79605241143,0.4697077960524113
2024-03-13,0.0,0.2203364686368323,-1661.58319738034,0.0,0.0,0.0,0.0,0.0,-1661.58319738034,1066309.7518428888,234946.92519407917,831362.8266488096,66309.75184288877,0.0663097518428887,3,"mom20@q0.6,hold_q=0.4,buy_top=5,hold_top=10,rebalance=20d,min_hold=5d,turnover_penalty=0.01,target_vol=0.18",-0.0015558312689335496,1000000.0,1118146.8913723077,1203757.359450691,0.20375735945069096,-0.006985425949759372,730784.5732439538,-0.26921542675604626,472972.78620673716,0.4729727862067372
2024-03-14,0.0,0.2203364686368323,1873.1027942942032,0.0,0.0,0.0,0.0,0.0,1873.1027942942032,1068182.854637183,235359.63804916773,832823.2165880153,68182.85463718302,0.0681828546371829,3,"mom20@q0.6,hold_q=0.4,buy_top=5,hold_top=10,rebalance=20d,min_hold=5d,turnover_penalty=0.01,target_vol=0.18",0.0017566216486879505,1000000.0,1118146.8913723077,1205871.9056880695,0.20587190568806957,-0.002838459729702536,728710.2706617129,-0.2712897293382871,477161.6350263567,0.47716163502635667
2024-03-15,0.0,0.2203364686368323,4733.3850110109,0.0,0.0,0.0,0.0,0.0,4733.3850110109,1072916.2396481938,236402.5753871924,836513.6642610014,72916.23964819382,0.0729162396481937,3,"mom20@q0.6,hold_q=0.4,buy_top=5,hold_top=10,rebalance=20d,min_hold=5d,turnover_penalty=0.01,target_vol=0.18",0.004431249753225508,1000000.0,1118146.8913723077,1211215.4252725714,0.2112154252725713,0.0021812240681373662,730299.7510427791,-0.2697002489572209,480915.6742297923,0.4809156742297922
2024-03-18,0.0,0.2203364686368323,6544.977386129018,0.0,0.0,0.0,0.0,0.0,6544.977386129018,1079461.217034323,237844.67259176,841616.544442563,79461.21703432291,0.0794612170343229,3,"mom20@q0.6,hold_q=0.4,buy_top=5,hold_top=10,rebalance=20d,min_hold=5d,turnover_penalty=0.01,target_vol=0.18",0.0061001755256078205,1000000.0,1118146.8913723077,1218604.0519660576,0.2186040519660577,0.009394984299676112,737160.9057378834,-0.2628390942621166,481443.1462281742,0.4814431462281743
2024-03-19,0.0,0.2203364686368323,-723.0914903816021,0.0,0.0,0.0,0.0,0.0,-723.0914903816021,1078738.1255439413,237685.34916626796,841052.7763776734,78738.12554394128,0.0787381255439412,3,"mom20@q0.6,hold_q=0.4,buy_top=5,hold_top=10,rebalance=20d,min_hold=5d,turnover_penalty=0.01,target_vol=0.18",-0.0006698633345699756,1000000.0,1118146.8913723077,1217787.7537922873,0.2177877537922872,-0.0071873968025797375,731862.6378009962,-0.26813736219900386,485925.1159912911,0.48592511599129107
2024-03-20,0.0,0.2203364686368323,966.0073267431098,0.0,0.0,0.0,0.0,0.0,966.0073267431098,1079704.1328706844,237898.19580931985,841805.9370613645,79704.13287068438,0.0797041328706844,3,"mom20@q0.6,hold_q=0.4,buy_top=5,hold_top=10,rebalance=20d,min_hold=5d,turnover_penalty=0.01,target_vol=0.18",0.0008954975298161028,1000000.0,1118146.8913723077,1218878.2797176484,0.2188782797176485,0.002166238543393151,733448.02685547,-0.26655197314452994,485430.2528621784,0.48543025286217845
2024-03-21,0.0,0.2203364686368323,-1682.3174779576116,0.0,0.0,0.0,0.0,0.0,-1682.3174779576116,1078021.8153927268,237527.5199171006,840494.2954756261,78021.8153927268,0.0780218153927267,3,"mom20@q0.6,hold_q=0.4,buy_top=5,hold_top=10,rebalance=20d,min_hold=5d,turnover_penalty=0.01,target_vol=0.18",-0.0015581282193342094,1000000.0,1118146.8913723077,1216979.1110740867,0.21697911107408685,-0.0011965258912584043,732570.437301445,-0.267429562698555,484408.6737726417,0.48440867377264185
2024-03-22,0.0,0.2203364686368323,315.79789715488,0.0,0.0,0.0,0.0,0.0,315.79789715488,1078337.6132898815,237597.10171056268,840740.511579319,78337.61328988173,0.0783376132898816,3,"mom20@q0.6,hold_q=0.4,buy_top=5,hold_top=10,rebalance=20d,min_hold=5d,turnover_penalty=0.01,target_vol=0.18",0.0002929420283017681,1000000.0,1118146.8913723077,1217335.6154032857,0.21733561540328572,-0.010077937164382988,725187.6384658365,-0.27481236153416344,492147.9769374492,0.49214797693744916
2024-03-25,0.0,0.2203364686368323,-3013.16572943748,0.0,0.0,0.0,0.0,0.0,-3013.16572943748,1075324.4475604442,236933.1914143209,838391.2561461234,75324.44756044424,0.0753244475604442,3,"mom20@q0.6,hold_q=0.4,buy_top=5,hold_top=10,rebalance=20d,min_hold=5d,turnover_penalty=0.01,target_vol=0.18",-0.0027942693385649697,1000000.0,1118146.8913723077,1213934.051818421,0.21393405181842118,-0.005427362482369524,721251.7822841489,-0.2787482177158511,492682.26953427226,0.4926822695342723
2024-03-26,7889.180681128004,0.2115935100523985,-1247.4233576839815,139478.54835300392,148221.50693743775,377.98686603664055,475.7910372691751,853.7779033058157,-2101.201260989797,1073223.2462994545,227087.0737543314,846136.1725451231,73223.24629945448,0.0732232462994544,3,"mom20@q0.6,hold_q=0.4,buy_top=5,hold_top=10,rebalance=20d,min_hold=5d,turnover_penalty=0.01,target_vol=0.18",-0.0019540160792927974,1000000.0,1118146.8913723077,1211562.005161967,0.21156200516196688,0.005102445997458682,724931.9305538245,-0.27506806944617546,486630.0746081424,0.48663007460814234
2024-03-27,0.0,0.2115935100523985,-4525.151306242705,0.0,0.0,0.0,0.0,0.0,-4525.151306242705,1068698.0949932118,226129.5811059253,842568.5138872865,68698.0949932118,0.0686980949932118,3,"mom20@q0.6,hold_q=0.4,buy_top=5,hold_top=10,rebalance=20d,min_hold=5d,turnover_penalty=0.01,target_vol=0.18",-0.00421641193651523,1000000.0,1118146.8913723077,1206453.5606615737,0.2064535606615736,-0.011558377425044064,716552.8936930175,-0.28344710630698244,489900.6669685561,0.48990066696855605
2024-03-28,0.0,0.2115935100523985,5569.151736756089,0.0,0.0,0.0,0.0,0.0,5569.151736756089,1074267.246729968,227307.97746991995,846959.2692600479,74267.24672996788,0.0742672467299678,3,"mom20@q0.6,hold_q=0.4,buy_top=5,hold_top=10,rebalance=20d,min_hold=5d,turnover_penalty=0.01,target_vol=0.18",0.005211155295258285,1000000.0,1118146.8913723077,1212740.5775226986,0.21274057752269848,0.005187293557421313,720269.863902023,-0.27973013609797703,492470.7136206756,0.4924707136206755
2024-03-29,0.0,0.2115935100523985,4470.087412540122,0.0,0.0,0.0,0.0,0.0,4470.087412540122,1078737.334142508,228253.81895578036,850483.5151867276,78737.33414250799,0.0787373341425079,3,"mom20@q0.6,hold_q=0.4,buy_top=5,hold_top=10,rebalance=20d,min_hold=5d,turnover_penalty=0.01,target_vol=0.18",0.004161057154210557,1000000.0,1118146.8913723077,1217786.8603790007,0.21778686037900075,0.004691902208488585,723649.2996671726,-0.2763507003328274,494137.56071182806,0.4941375607118281
2024-04-01,0.0,0.2115935100523985,7226.862930957095,0.0,0.0,0.0,0.0,0.0,7226.862930957095,1085964.197073465,229782.9762500091,856181.2208234558,85964.19707346498,0.085964197073465,3,"mom20@q0.6,hold_q=0.4,buy_top=5,hold_top=10,rebalance=20d,min_hold=5d,turnover_penalty=0.01,target_vol=0.18",0.0066993722217851825,1000000.0,1118146.8913723077,1225945.2678434788,0.2259452678434788,0.01644390922351513,735548.9230605599,-0.26445107693944014,490396.3447829189,0.49039634478291894
2024-04-02,0.0,0.2115935100523985,-7784.2464853625,0.0,0.0,0.0,0.0,0.0,-7784.2464853625,1078179.9505881025,228135.8802130582,850044.0703750442,78179.95058810245,0.0781799505881024,3,"mom20@q0.6,hold_q=0.4,buy_top=5,hold_top=10,rebalance=20d,min_hold=5d,turnover_penalty=0.01,target_vol=0.18",-0.007168050757419109,1000000.0,1118146.8913723077,1217157.629937759,0.2171576299377589,-0.004163364064911801,732486.565106305,-0.26751343489369506,484671.06483145396,0.48467106483145395
2024-04-03,0.0,0.2115935100523985,-5084.64421051093,0.0,0.0,0.0,0.0,0.0,-5084.64421051093,1073095.3063775916,227060.00249718857,846035.303880403,73095.30637759157,0.0730953063775916,3,"mom20@q0.6,hold_q=0.4,buy_top=5,hold_top=10,rebalance=20d,min_hold=5d,turnover_penalty=0.01,target_vol=0.18",-0.004715951365759863,1000000.0,1118146.8913723077,1211417.573750509,0.21141757375050885,-0.0035970821184801993,729851.7507809341,-0.2701482492190659,481565.82296957483,0.48156582296957473
2024-04-08,0.0,0.2115935100523985,-1933.746221587172,0.0,0.0,0.0,0.0,0.0,-1933.746221587172,1071161.5601560045,226650.8343466124,844510.725809392,71161.5601560045,0.0711615601560045,3,"mom20@q0.6,hold_q=0.4,buy_top=5,hold_top=10,rebalance=20d,min_hold=5d,turnover_penalty=0.01,target_vol=0.18",-0.0018020265395761736,1000000.0,1118146.8913723077,1209234.5671321014,0.20923456713210142,-0.008798138909131725,723430.4136944904,-0.27656958630550954,485804.15343761095,0.48580415343761096
2024-04-09,0.0,0.2115935100523985,-546.8795231226298,0.0,0.0,0.0,0.0,0.0,-546.8795231226298,1070614.6806328818,226535.1181887391,844079.5624441428,70614.68063288182,0.0706146806328817,3,"mom20@q0.6,hold_q=0.4,buy_top=5,hold_top=10,rebalance=20d,min_hold=5d,turnover_penalty=0.01,target_vol=0.18",-0.0005105481222114072,1000000.0,1118146.8913723077,1208617.194694539,0.208617194694539,-0.0008256961155522768,722833.0800120306,-0.2771669199879695,485784.1146825085,0.4857841146825085
2024-04-10,0.0,0.2115935100523985,-10296.17932018321,0.0,0.0,0.0,0.0,0.0,-10296.17932018321,1060318.5013126985,224356.5134662526,835961.9878464459,60318.50131269847,0.0603185013126985,3,"mom20@q0.6,hold_q=0.4,buy_top=5,hold_top=10,rebalance=20d,min_hold=5d,turnover_penalty=0.01,target_vol=0.18",-0.00961707279606594,1000000.0,1118146.8913723077,1196993.8351505846,0.19699383515058466,-0.008144921876105382,716945.6610458678,-0.2830543389541321,480048.17410471675,0.4800481741047168
2024-04-11,0.0,0.2115935100523985,-591.6807984947388,0.0,0.0,0.0,0.0,0.0,-591.6807984947388,1059726.8205142035,224231.3176492685,835495.5028649352,59726.82051420375,0.0597268205142036,3,"mom20@q0.6,hold_q=0.4,buy_top=5,hold_top=10,rebalance=20d,min_hold=5d,turnover_penalty=0.01,target_vol=0.18",-0.0005580217621049544,1000000.0,1118146.8913723077,1196325.8865414653,0.1963258865414652,-0.0001341052469392423,716849.5148709513,-0.2831504851290487,479476.371670514,0.47947637167051393
2024-04-12,0.0,0.2115935100523985,13645.160516078831,0.0,0.0,0.0,0.0,0.0,13645.160516078831,1073371.9810302826,227118.545058094,846253.4359721886,73371.98103028256,0.0733719810302826,3,"mom20@q0.6,hold_q=0.4,buy_top=5,hold_top=10,rebalance=20d,min_hold=5d,turnover_penalty=0.01,target_vol=0.18",0.012876111325990758,1000000.0,1118146.8913723077,1211729.9118387378,0.21172991183873768,-0.008104467730520648,711039.8311100403,-0.2889601688899597,500690.0807286975,0.5006900807286974
2024-04-15,0.0,0.2115935100523985,-4117.035614214668,0.0,0.0,0.0,0.0,0.0,-4117.035614214668,1069254.945416068,226247.4070414716,843007.5383745964,69254.94541606796,0.069254945416068,3,"mom20@q0.6,hold_q=0.4,buy_top=5,hold_top=10,rebalance=20d,min_hold=5d,turnover_penalty=0.01,target_vol=0.18",-0.0038356093572172734,1000000.0,1118146.8913723077,1207082.189250469,0.20708218925046906,0.02107116553120969,726022.2690906434,-0.2739777309093566,481059.9201598256,0.4810599201598257
2024-04-16,0.0,0.2115935100523985,-9399.50760871481,0.0,0.0,0.0,0.0,0.0,-9399.50760871481,1059855.4378073532,224258.53223377944,835596.9055735738,59855.43780735321,0.0598554378073532,3,"mom20@q0.6,hold_q=0.4,buy_top=5,hold_top=10,rebalance=20d,min_hold=5d,turnover_penalty=0.01,target_vol=0.18",-0.008790707631524897,1000000.0,1118146.8913723077,1196471.082637547,0.1964710826375471,-0.010698547229140987,718254.885555369,-0.281745114444631,478216.1970821781,0.4782161970821781
2024-04-17,0.0,0.2115935100523985,10336.348010317,0.0,0.0,0.0,0.0,0.0,10336.348010317,1070191.7858176702,226445.6363904055,843746.1494272647,70191.78581767017,0.0701917858176701,3,"mom20@q0.6,hold_q=0.4,buy_top=5,hold_top=10,rebalance=20d,min_hold=5d,turnover_penalty=0.01,target_vol=0.18",0.009752601762086588,1000000.0,1118146.8913723077,1208139.7886263637,0.20813978862636384,0.015462346665299664,729360.7915898712,-0.2706392084101288,478778.99703649257,0.4787789970364926
2024-04-18,0.0,0.2115935100523985,-819.2773308903887,0.0,0.0,0.0,0.0,0.0,-819.2773308903887,1069372.50848678,226272.28262425607,843100.2258625238,69372.50848677987,0.0693725084867797,3,"mom20@q0.6,hold_q=0.4,buy_top=5,hold_top=10,rebalance=20d,min_hold=5d,turnover_penalty=0.01,target_vol=0.18",-0.0007655425333544796,1000000.0,1118146.8913723077,1207214.906231932,0.20721490623193217,0.0012340831323274237,730260.8834401533,-0.2697391165598467,476954.0227917788,0.4769540227917789
2024-04-19,0.0,0.2115935100523985,-7764.103634028237,0.0,0.0,0.0,0.0,0.0,-7764.103634028237,1061608.4048527516,224629.44868392145,836978.9561688302,61608.40485275164,0.0616084048527516,3,"mom20@q0.6,hold_q=0.4,buy_top=5,hold_top=10,rebalance=20d,min_hold=5d,turnover_penalty=0.01,target_vol=0.18",-0.007260429431662718,1000000.0,1118146.8913723077,1198450.007596384,0.19845000759638398,-0.007882794554316841,724504.3869249406,-0.2754956130750593,473945.6206714434,0.4739456206714433
2024-04-22,0.0,0.2115935100523985,-5179.884970877015,0.0,0.0,0.0,0.0,0.0,-5179.884970877015,1056428.5198818746,223533.41864126592,832895.1012406086,56428.51988187456,0.0564285198818745,3,"mom20@q0.6,hold_q=0.4,buy_top=5,hold_top=10,rebalance=20d,min_hold=5d,turnover_penalty=0.01,target_vol=0.18",-0.0048792802950684555,1000000.0,1118146.8913723077,1192602.4340896944,0.19260243408969435,-0.003038123365879164,722303.2532183421,-0.2776967467816579,470299.1808713523,0.47029918087135225
2024-04-23,0.0,0.2115935100523985,479.4626781053368,0.0,0.0,0.0,0.0,0.0,479.4626781053368,1056907.98255998,223634.8698322653,833273.1127277146,56907.98255997989,0.0569079825599798,3,"mom20@q0.6,hold_q=0.4,buy_top=5,hold_top=10,rebalance=20d,min_hold=5d,turnover_penalty=0.01,target_vol=0.18",0.00045385245578088984,1000000.0,1118146.8913723077,1193143.6996331762,0.19314369963317612,-0.0069897193350138,717254.5562035785,-0.2827454437964215,475889.1434295977,0.47588914342959765
2024-04-24,0.0,0.2115935100523985,8992.804366491091,0.0,0.0,0.0,0.0,0.0,8992.804366491091,1065900.786926471,225537.6888733857,840363.0980530852,65900.78692647093,0.0659007869264709,3,"mom20@q0.6,hold_q=0.4,buy_top=5,hold_top=10,rebalance=20d,min_hold=5d,turnover_penalty=0.01,target_vol=0.18",0.008508597261900785,1000000.0,1118146.8913723077,1203295.678848929,0.20329567884892907,0.004392194443018527,720404.8776795656,-0.2795951223204344,482890.80116936343,0.48289080116936345
2024-04-25,-114313.78159767514,0.3243490904476922,-3579.5413616512933,324349.0904476922,211593.5100523985,878.9860351132459,679.2151672681993,1558.201202381445,-5137.742564032738,1060763.044362438,344057.52861948183,716705.5157429563,60763.044362438144,0.060763044362438,3,"mom20@q0.6,hold_q=0.4,buy_top=5,hold_top=10,rebalance=20d,min_hold=5d,turnover_penalty=0.01,target_vol=0.18",-0.0048200945407383955,1000000.0,1118146.8913723077,1197495.6799164151,0.19749567991641515,0.002459095529898203,722176.4220939842,-0.27782357790601575,475319.2578224309,0.4753192578224309
2024-04-26,0.0,0.3243490904476922,2400.476115153081,0.0,0.0,0.0,0.0,0.0,2400.476115153081,1063163.5204775913,344836.1208640732,718327.3996135182,63163.52047759132,0.0631635204775913,3,"mom20@q0.6,hold_q=0.4,buy_top=5,hold_top=10,rebalance=20d,min_hold=5d,turnover_penalty=0.01,target_vol=0.18",0.0022629711017092546,1000000.0,1118146.8913723077,1200205.5780344876,0.20020557803448757,0.015293404489162166,733220.9582296035,-0.2667790417703966,466984.6198048841,0.46698461980488415
2024-04-29,0.0,0.3243490904476922,-1672.8607749789735,0.0,0.0,0.0,0.0,0.0,-1672.8607749789735,1061490.6597026123,344293.5299932631,717197.1297093492,61490.65970261232,0.0614906597026123,3,"mom20@q0.6,hold_q=0.4,buy_top=5,hold_top=10,rebalance=20d,min_hold=5d,turnover_penalty=0.01,target_vol=0.18",-0.001573474581057388,1000000.0,1118146.8913723077,1198317.085065407,0.19831708506540702,0.011059434696604864,741329.9675353258,-0.25867003246467424,456987.1175300812,0.45698711753008125
2024-04-30,0.0,0.3243490904476922,-6467.718305651914,0.0,0.0,0.0,0.0,0.0,-6467.718305651914,1055022.9413969603,342195.73144355306,712827.2099534075,55022.94139696052,0.0550229413969605,3,"mom20@q0.6,hold_q=0.4,buy_top=5,hold_top=10,rebalance=20d,min_hold=5d,turnover_penalty=0.01,target_vol=0.18",-0.006093052488529649,1000000.0,1118146.8913723077,1191015.6761682015,0.1910156761682016,-0.005386447235168679,737336.8327813474,-0.26266316721865257,453678.84338685405,0.45367884338685416
2024-05-06,0.0,0.3243490904476922,5000.317683757897,0.0,0.0,0.0,0.0,0.0,5000.317683757897,1060023.2590807185,343817.5799362294,716205.6791444889,60023.25908071827,0.0600232590807183,3,"mom20@q0.6,hold_q=0.4,buy_top=5,hold_top=10,rebalance=20d,min_hold=5d,turnover_penalty=0.01,target_vol=0.18",0.004739534551862157,1000000.0,1118146.8913723077,1196660.5361172103,0.19666053611721024,0.014840236489392256,748279.085752162,-0.25172091424783793,448381.45036504825,0.4483814503650482
2024-05-07,0.0,0.3243490904476922,1509.8421621112816,0.0,0.0,0.0,0.0,0.0,1509.8421621112816,1061533.1012428296,344307.29586822976,717225.8053745998,61533.10124282958,0.0615331012428295,3,"mom20@q0.6,hold_q=0.4,buy_top=5,hold_top=10,rebalance=20d,min_hold=5d,turnover_penalty=0.01,target_vol=0.18",0.0014243481444176087,1000000.0,1118146.8913723077,1198364.9973313266,0.19836499733132662,0.000308922107887577,748510.2457046207,-0.25148975429537923,449854.75162670587,0.44985475162670585
2024-05-08,0.0,0.3243490904476922,142.91965110975025,0.0,0.0,0.0,0.0,0.0,142.91965110975025,1061676.0208939393,344353.6517270743,717322.369166865,61676.020893939305,0.0616760208939393,3,"mom20@q0.6,hold_q=0.4,buy_top=5,hold_top=10,rebalance=20d,min_hold=5d,turnover_penalty=0.01,target_vol=0.18",0.0001346351337911944,1000000.0,1118146.8913723077,1198526.339363073,0.19852633936307296,-0.007868248515308873,742620.7810751619,-0.25737921892483817,455905.5582879111,0.45590555828791113
2024-05-09,0.0,0.3243490904476922,5567.073106183774,0.0,0.0,0.0,0.0,0.0,5567.073106183774,1067243.0940001232,346159.32682552084,721083.7671746024,67243.09400012321,0.0672430940001231,3,"mom20@q0.6,hold_q=0.4,buy_top=5,hold_top=10,rebalance=20d,min_hold=5d,turnover_penalty=0.01,target_vol=0.18",0.005243664730692821,1000000.0,1118146.8913723077,1204811.0096575974,0.20481100965759746,0.009459481794491742,749645.5888339537,-0.2503544111660463,455165.4208236437,0.45516542082364375
2024-05-10,0.0,0.3243490904476922,5458.088272358191,0.0,0.0,0.0,0.0,0.0,5458.088272358191,1072701.1822724813,347929.6527922434,724771.5294802379,72701.18227248127,0.0727011822724812,3,"mom20@q0.6,hold_q=0.4,buy_top=5,hold_top=10,rebalance=20d,min_hold=5d,turnover_penalty=0.01,target_vol=0.18",0.005114194041678566,1000000.0,1118146.8913723077,1210972.646944537,0.210972646944537,0.00046936057807767106,749997.4429208823,-0.2500025570791178,460975.2040236548,0.46097520402365477
2024-05-13,0.0,0.3243490904476922,4128.536963229198,0.0,0.0,0.0,0.0,0.0,4128.536963229198,1076829.7192357106,349268.7400011465,727560.9792345641,76829.71923571057,0.0768297192357105,3,"mom20@q0.6,hold_q=0.4,buy_top=5,hold_top=10,rebalance=20d,min_hold=5d,turnover_penalty=0.01,target_vol=0.18",0.0038487297594687053,1000000.0,1118146.8913723077,1215633.353408735,0.2156333534087349,-0.0004336820973848132,749672.182456803,-0.250327817543197,465961.17095193197,0.4659611709519319
2024-05-14,0.0,0.3243490904476922,-6199.126095931717,0.0,0.0,0.0,0.0,0.0,-6199.126095931717,1070630.5931397788,347258.0590903605,723372.5340494183,70630.59313977882,0.0706305931397788,3,"mom20@q0.6,hold_q=0.4,buy_top=5,hold_top=10,rebalance=20d,min_hold=5d,turnover_penalty=0.01,target_vol=0.18",-0.005756830430285298,1000000.0,1118146.8913723077,1208635.1583277618,0.2086351583277617,-0.0020847602389287845,748109.295698586,-0.2518907043014139,460525.86262917577,0.4605258626291756
2024-05-15,0.0,0.3243490904476922,-8744.711381501955,0.0,0.0,0.0,0.0,0.0,-8744.711381501955,1061885.8817582768,344421.71990754275,717464.1618507341,61885.88175827684,0.0618858817582768,3,"mom20@q0.6,hold_q=0.4,buy_top=5,hold_top=10,rebalance=20d,min_hold=5d,turnover_penalty=0.01,target_vol=0.18",-0.008167813844976002,1000000.0,1118146.8913723077,1198763.2513480478,0.19876325134804773,-0.00847404328625534,741769.7851439862,-0.2582302148560137,456993.4662040615,0.45699346620406145
2024-05-16,0.0,0.3243490904476922,-527.012499405736,0.0,0.0,0.0,0.0,0.0,-527.012499405736,1061358.869258871,344250.7838827059,717108.0853761651,61358.86925887107,0.0613588692588711,3,"mom20@q0.6,hold_q=0.4,buy_top=5,hold_top=10,rebalance=20d,min_hold=5d,turnover_penalty=0.01,target_vol=0.18",-0.0004962986215930609,1000000.0,1118146.8913723077,1198168.3067987873,0.19816830679878739,0.003943674401416519,744695.0836574029,-0.2553049163425971,453473.2231413844,0.4534732231413845
2024-05-17,0.0,0.3243490904476922,-464.41409312335753,0.0,0.0,0.0,0.0,0.0,-464.41409312335753,1060894.4551657478,344100.1515940103,716794.3035717375,60894.455165747786,0.0608944551657477,3,"mom20@q0.6,hold_q=0.4,buy_top=5,hold_top=10,rebalance=20d,min_hold=5d,turnover_penalty=0.01,target_vol=0.18",-0.00043756556483820486,1000000.0,1118146.8913723077,1197644.0296068517,0.1976440296068518,0.010331395796020049,752388.8233140178,-0.2476111766859822,445255.2062928339,0.445255206292834
2024-05-20,0.0,0.3243490904476922,5780.342380734421,0.0,0.0,0.0,0.0,0.0,5780.342380734421,1066674.7975464822,345975.00038767775,720699.7971588045,66674.79754648218,0.066674797546482,3,"mom20@q0.6,hold_q=0.4,buy_top=5,hold_top=10,rebalance=20d,min_hold=5d,turnover_penalty=0.01,target_vol=0.18",0.005448555558555723,1000000.0,1118146.8913723077,1204169.4596415374,0.20416945964153732,0.003531839574548057,755046.1399356459,-0.24495386006435416,449123.31970589154,0.4491233197058915
2024-05-21,0.0,0.3243490904476922,-8484.900255180635,0.0,0.0,0.0,0.0,0.0,-8484.900255180635,1058189.8972913015,343222.9307073705,714966.966583931,58189.89729130152,0.0581898972913015,3,"mom20@q0.6,hold_q=0.4,buy_top=5,hold_top=10,rebalance=20d,min_hold=5d,turnover_penalty=0.01,target_vol=0.18",-0.007954533354211812,1000000.0,1118146.8913723077,1194590.8535106955,0.1945908535106955,-0.004009796909205221,752018.5582574246,-0.24798144174257541,442572.2952532709,0.4425722952532709
2024-05-22,0.0,0.3243490904476922,-3619.890017031581,0.0,0.0,0.0,0.0,0.0,-3619.890017031581,1054570.0072742698,342048.8226728256,712521.1846014443,54570.00727426983,0.0545700072742698,3,"mom20@q0.6,hold_q=0.4,buy_top=5,hold_top=10,rebalance=20d,min_hold=5d,turnover_penalty=0.01,target_vol=0.18",-0.0034208321458158997,1000000.0,1118146.8913723077,1190504.3587179084,0.1905043587179085,0.0022550705083566047,753714.4131298878,-0.24628558687011226,436789.9455880206,0.43678994558802076
2024-05-23,0.0,0.3243490904476922,-2939.7716789569604,0.0,0.0,0.0,0.0,0.0,-2939.7716789569604,1051630.235595313,341095.31040263205,710534.9251926809,51630.2355953129,0.0516302355953128,3,"mom20@q0.6,hold_q=0.4,buy_top=5,hold_top=10,rebalance=20d,min_hold=5d,turnover_penalty=0.01,target_vol=0.18",-0.0027876496189714883,1000000.0,1118146.8913723077,1187185.6496959445,0.18718564969594453,-0.011578390261775762,744987.6135087446,-0.25501238649125535,442198.0361871999,0.4421980361871999
2024-05-24,0.0,0.3243490904476922,590.3926061636794,0.0,0.0,0.0,0.0,0.0,590.3926061636794,1052220.6282014768,341286.8037074483,710933.8244940285,52220.62820147677,0.0522206282014767,3,"mom20@q0.6,hold_q=0.4,buy_top=5,hold_top=10,rebalance=20d,min_hold=5d,turnover_penalty=0.01,target_vol=0.18",0.0005614070289921003,1000000.0,1118146.8913723077,1187852.1440644022,0.18785214406440232,-0.011068732683652827,736741.5447621839,-0.2632584552378161,451110.5993022183,0.4511105993022184
2024-05-27,0.0,0.3243490904476922,8239.591411684436,0.0,0.0,0.0,0.0,0.0,8239.591411684436,1060460.2196131612,343959.3076874888,716500.9119256723,60460.21961316117,0.0604602196131611,3,"mom20@q0.6,hold_q=0.4,buy_top=5,hold_top=10,rebalance=20d,min_hold=5d,turnover_penalty=0.01,target_vol=0.18",0.007830668959387443,1000000.0,1118146.8913723077,1197153.8209772692,0.1971538209772692,0.0095044259582171,743743.8502247186,-0.25625614977528144,453409.97075255064,0.45340997075255063
2024-05-28,-19601.06724995857,0.3419822252867865,-7861.307920292272,341982.22528678656,324349.0904476922,926.7718305271916,1041.160580337092,1967.9324108642836,-9829.240331156556,1050630.9792820043,359297.1202500957,691333.8590319089,50630.979282004526,0.0506309792820045,3,"mom20@q0.6,hold_q=0.4,buy_top=5,hold_top=10,rebalance=20d,min_hold=5d,turnover_penalty=0.01,target_vol=0.18",-0.00926884398807759,1000000.0,1118146.8913723077,1186057.5889809,0.18605758898089997,-0.007299812141232431,738314.6598368812,-0.26168534016311884,447742.9291440187,0.4477429291440188
2024-05-29,0.0,0.3419822252867865,1714.2475265169107,0.0,0.0,0.0,0.0,0.0,1714.2475265169107,1052345.2268085214,359883.3624339063,692461.8643746151,52345.22680852143,0.0523452268085213,3,"mom20@q0.6,hold_q=0.4,buy_top=5,hold_top=10,rebalance=20d,min_hold=5d,turnover_penalty=0.01,target_vol=0.18",0.0016316361884631814,1000000.0,1118146.8913723077,1187992.8034646825,0.1879928034646825,0.0012052632599739432,739204.5233706827,-0.26079547662931724,448788.2800939998,0.44878828009399974
2024-05-30,0.0,0.3419822252867865,3021.272315932917,0.0,0.0,0.0,0.0,0.0,3021.272315932917,1055366.4991244543,360916.5838637064,694449.915260748,55366.499124454334,0.0553664991244542,3,"mom20@q0.6,hold_q=0.4,buy_top=5,hold_top=10,rebalance=20d,min_hold=5d,turnover_penalty=0.01,target_vol=0.18",0.002870989708477767,1000000.0,1118146.8913723077,1191403.5185771752,0.1914035185771752,-0.005316146029356372,735274.8041788834,-0.26472519582111653,456128.7143982918,0.4561287143982917
2024-05-31,0.0,0.3419822252867865,-3144.869494999291,0.0,0.0,0.0,0.0,0.0,-3144.869494999291,1052221.629629455,359841.09439557,692380.535233885,52221.62962945504,0.052221629629455,3,"mom20@q0.6,hold_q=0.4,buy_top=5,hold_top=10,rebalance=20d,min_hold=5d,turnover_penalty=0.01,target_vol=0.18",-0.002979883763231328,1000000.0,1118146.8913723077,1187853.2745767103,0.1878532745767103,-0.004003550055504346,732331.0946958022,-0.26766890530419785,455522.1798809081,0.45552217988090815
2024-06-03,0.0,0.3419822252867865,6249.750114137892,0.0,0.0,0.0,0.0,0.0,6249.750114137892,1058471.379743593,361978.3978470893,696492.9818965038,58471.37974359305,0.0584713797435929,3,"mom20@q0.6,hold_q=0.4,buy_top=5,hold_top=10,rebalance=20d,min_hold=5d,turnover_penalty=0.01,target_vol=0.18",0.005939575787221596,1000000.0,1118146.8913723077,1194908.619125158,0.1949086191251581,0.0024665355650406173,734137.4153862544,-0.26586258461374557,460771.2037389036,0.4607712037389037
2024-06-04,0.0,0.3419822252867865,2331.053793975136,0.0,0.0,0.0,0.0,0.0,2331.053793975136,1060802.4335375682,362775.57681081607,698026.8567267521,60802.4335375682,0.060802433537568,3,"mom20@q0.6,hold_q=0.4,buy_top=5,hold_top=10,rebalance=20d,min_hold=5d,turnover_penalty=0.01,target_vol=0.18",0.0022022832535537606,1000000.0,1118146.8913723077,1197540.1463665843,0.19754014636658446,0.007501219087425959,739644.3409793434,-0.2603556590206566,457895.80538724095,0.45789580538724106
2024-06-05,0.0,0.3419822252867865,-3449.7081470816147,0.0,0.0,0.0,0.0,0.0,-3449.7081470816147,1057352.7253904864,361595.8379420871,695756.8874483993,57352.72539048642,0.0573527253904864,3,"mom20@q0.6,hold_q=0.4,buy_top=5,hold_top=10,rebalance=20d,min_hold=5d,turnover_penalty=0.01,target_vol=0.18",-0.003251979857905929,1000000.0,1118146.8913723077,1193645.7699315667,0.19364576993156657,-0.005774863303343536,735372.9960170961,-0.26462700398290395,458272.77391447057,0.4582727739144705
2024-06-06,0.0,0.3419822252867865,5747.956862339358,0.0,0.0,0.0,0.0,0.0,5747.956862339358,1063100.682252826,363561.5370207224,699539.1452321035,63100.682252825936,0.0631006822528259,3,"mom20@q0.6,hold_q=0.4,buy_top=5,hold_top=10,rebalance=20d,min_hold=5d,turnover_penalty=0.01,target_vol=0.18",0.0054361772796460706,1000000.0,1118146.8913723077,1200134.6399460142,0.20013463994601421,-0.0007065781311286212,734853.3975398879,-0.2651466024601121,465281.2424061262,0.46528124240612634
2024-06-07,0.0,0.3419822252867865,-3400.1185452575924,0.0,0.0,0.0,0.0,0.0,-3400.1185452575924,1059700.5637075682,362398.75691437634,697301.8067931919,59700.56370756822,0.0597005637075682,3,"mom20@q0.6,hold_q=0.4,buy_top=5,hold_top=10,rebalance=20d,min_hold=5d,turnover_penalty=0.01,target_vol=0.18",-0.0031983034175582237,1000000.0,1118146.8913723077,1196296.2452255448,0.19629624522554479,-0.005049759899784179,731142.5643207708,-0.26885743567922926,465153.680904774,0.46515368090477405
2024-06-11,0.0,0.3419822252867865,9058.305319655376,0.0,0.0,0.0,0.0,0.0,9058.305319655376,1068758.8690272237,365496.5363249192,703262.3327023045,68758.86902722367,0.0687588690272236,3,"mom20@q0.6,hold_q=0.4,buy_top=5,hold_top=10,rebalance=20d,min_hold=5d,turnover_penalty=0.01,target_vol=0.18",0.008547985751713894,1000000.0,1118146.8913723077,1206522.1684845616,0.2065221684845615,-0.00873783963000585,724753.9578470646,-0.27524604215293536,481768.210637497,0.48176821063749686
2024-06-12,0.0,0.3419822252867865,5057.900726073225,0.0,0.0,0.0,0.0,0.0,5057.900726073225,1073816.7697532969,367226.2484705014,706590.5212827955,73816.76975329686,0.0738167697532967,3,"mom20@q0.6,hold_q=0.4,buy_top=5,hold_top=10,rebalance=20d,min_hold=5d,turnover_penalty=0.01,target_vol=0.18",0.0047324994183925995,1000000.0,1118146.8913723077,1212232.0339451924,0.2122320339451924,0.0003499977419498812,725007.6200957804,-0.27499237990421965,487224.413849412,0.48722441384941206
2024-06-13,0.0,0.3419822252867865,2511.056897372141,0.0,0.0,0.0,0.0,0.0,2511.056897372141,1076327.826650669,368084.98529608647,708242.8413545827,76327.8266506691,0.076327826650669,3,"mom20@q0.6,hold_q=0.4,buy_top=5,hold_top=10,rebalance=20d,min_hold=5d,turnover_penalty=0.01,target_vol=0.18",0.0023384407546076513,1000000.0,1118146.8913723077,1215066.7667374108,0.21506676673741087,-0.00507601322754303,721327.4718261047,-0.2786725281738953,493739.2949113061,0.4937392949113062
2024-06-14,0.0,0.3419822252867865,12358.331866413102,0.0,0.0,0.0,0.0,0.0,12358.331866413102,1088686.1585170822,372311.31512859504,716374.8433884871,88686.15851708222,0.0886861585170821,3,"mom20@q0.6,hold_q=0.4,buy_top=5,hold_top=10,rebalance=20d,min_hold=5d,turnover_penalty=0.01,target_vol=0.18",0.011481940316334649,1000000.0,1118146.8913723077,1229018.0908334516,0.2290180908334516,0.004367394282116743,724477.7933020918,-0.2755222066979083,504540.2975313598,0.5045402975313599
2024-06-17,0.0,0.3419822252867865,9456.67148650048,0.0,0.0,0.0,0.0,0.0,9456.67148650048,1098142.8300035826,375545.3286873546,722597.5013162281,98142.83000358264,0.0981428300035827,3,"mom20@q0.6,hold_q=0.4,buy_top=5,hold_top=10,rebalance=20d,min_hold=5d,turnover_penalty=0.01,target_vol=0.18",0.008686315530438637,1000000.0,1118146.8913723077,1239693.7297630482,0.23969372976304815,-0.0015049992517359723,723387.4547652728,-0.2766125452347272,516306.27499777544,0.5163062749977754
2024-06-18,0.0,0.3419822252867865,9184.992344263475,0.0,0.0,0.0,0.0,0.0,9184.992344263475,1107327.822347846,378686.4328084879,728641.3895393582,107327.82234784612,0.1073278223478462,3,"mom20@q0.6,hold_q=0.4,buy_top=5,hold_top=10,rebalance=20d,min_hold=5d,turnover_penalty=0.01,target_vol=0.18",0.008364114478836449,1000000.0,1118146.8913723077,1250062.670037482,0.25006267003748195,0.002655392794525202,725308.3326003064,-0.27469166739969364,524754.3374371756,0.5247543374371756
2024-06-19,0.0,0.3419822252867865,-9487.873360282478,0.0,0.0,0.0,0.0,0.0,-9487.873360282478,1097839.9489875636,375441.74876349926,722398.2002240643,97839.9489875636,0.0978399489875636,3,"mom20@q0.6,hold_q=0.4,buy_top=5,hold_top=10,rebalance=20d,min_hold=5d,turnover_penalty=0.01,target_vol=0.18",-0.008568260607925038,1000000.0,1118146.8913723077,1239351.807304362,0.23935180730436212,-0.004749562132113416,721863.4356096815,-0.2781365643903184,517488.37169468054,0.5174883716946805
2024-06-20,0.0,0.3419822252867865,-2268.6416180442843,0.0,0.0,0.0,0.0,0.0,-2268.6416180442843,1095571.3073695193,374665.9136545822,720905.393714937,95571.30736951926,0.0955713073695192,3,"mom20@q0.6,hold_q=0.4,buy_top=5,hold_top=10,rebalance=20d,min_hold=5d,turnover_penalty=0.01,target_vol=0.18",-0.0020664593414883026,1000000.0,1118146.8913723077,1236790.7371847676,0.2367907371847675,-0.0072178533475025786,716653.1311945266,-0.28334686880547344,520137.60599024105,0.520137605990241
2024-06-21,0.0,0.3419822252867865,3246.9486093353707,0.0,0.0,0.0,0.0,0.0,3246.9486093353707,1098818.2559788546,375776.31236539455,723041.94361346,98818.2559788546,0.0988182559788546,3,"mom20@q0.6,hold_q=0.4,buy_top=5,hold_top=10,rebalance=20d,min_hold=5d,turnover_penalty=0.01,target_vol=0.18",0.0029637035832303926,1000000.0,1118146.8913723077,1240456.2183242682,0.24045621832426822,-0.0021865223447741222,715086.1531097173,-0.28491384689028265,525370.0652145509,0.5253700652145509
2024-06-24,0.0,0.3419822252867865,-5075.378037782717,0.0,0.0,0.0,0.0,0.0,-5075.378037782717,1093742.877941072,374040.623289862,719702.25465121,93742.877941072,0.093742877941072,3,"mom20@q0.6,hold_q=0.4,buy_top=5,hold_top=10,rebalance=20d,min_hold=5d,turnover_penalty=0.01,target_vol=0.18",-0.004618942222853195,1000000.0,1118146.8913723077,1234726.6227218495,0.2347266227218494,-0.005381019676051757,711238.2604497618,-0.2887617395502382,523488.3622720877,0.5234883622720876
2024-06-25,0.0,0.3419822252867865,-10281.310160252351,0.0,0.0,0.0,0.0,0.0,-10281.310160252351,1083461.5677808195,370524.5979623952,712936.9698184243,83461.56778081949,0.0834615677808194,3,"mom20@q0.6,hold_q=0.4,buy_top=5,hold_top=10,rebalance=20d,min_hold=5d,turnover_penalty=0.01,target_vol=0.18",-0.009400116213425513,1000000.0,1118146.8913723077,1223120.0489764535,0.22312004897645354,-0.005438893698534009,707369.9111568453,-0.29263008884315467,515750.1378196082,0.5157501378196082
2024-06-26,24681.79069614014,0.3159376219383367,13144.598925922255,216082.68168261411,242127.2850310639,585.5840673598842,777.228584949715,1362.8126523095991,11781.786273612655,1095243.3540544324,346028.58072372514,749214.7733307072,95243.35405443236,0.0952433540544324,3,"mom20@q0.6,hold_q=0.4,buy_top=5,hold_top=10,rebalance=20d,min_hold=5d,turnover_penalty=0.01,target_vol=0.18",0.010874207838995842,1000000.0,1118146.8913723077,1236420.5106010663,0.2364205106010664,0.006466352410422482,711944.0142869148,-0.2880559857130851,524476.4963141514,0.5244764963141515
2024-06-27,0.0,0.3159376219383367,-1042.0812724554162,0.0,0.0,0.0,0.0,0.0,-1042.0812724554162,1094201.2727819767,345699.34804463905,748501.9247373377,94201.27278197672,0.0942012727819767,3,"mom20@q0.6,hold_q=0.4,buy_top=5,hold_top=10,rebalance=20d,min_hold=5d,turnover_penalty=0.01,target_vol=0.18",-0.0009514609411670483,1000000.0,1118146.8913723077,1235244.1047783715,0.23524410477837154,-0.007510933091205874,706596.6504309212,-0.29340334956907876,528647.4543474503,0.5286474543474503
2024-06-28,0.0,0.3159376219383367,5660.327654865331,0.0,0.0,0.0,0.0,0.0,5660.327654865331,1099861.600436842,347487.658503309,752373.9419335331,99861.60043684208,0.099861600436842,3,"mom20@q0.6,hold_q=0.4,buy_top=5,hold_top=10,rebalance=20d,min_hold=5d,turnover_penalty=0.01,target_vol=0.18",0.005173022364042934,1000000.0,1118146.8913723077,1241634.0501574422,0.24163405015744233,0.002182900420367506,708139.0805561772,-0.29186091944382286,533494.969601265,0.5334949696012652
2024-07-01,0.0,0.3159376219383367,1816.209097262843,0.0,0.0,0.0,0.0,0.0,1816.209097262843,1101677.809534105,348061.467286441,753616.342247664,101677.809534105,0.1016778095341051,3,"mom20@q0.6,hold_q=0.4,buy_top=5,hold_top=10,rebalance=20d,min_hold=5d,turnover_penalty=0.01,target_vol=0.18",0.0016513069431114413,1000000.0,1118146.8913723077,1243684.369085271,0.2436843690852708,0.004772276884500437,711518.5163213268,-0.2884814836786732,532165.8527639441,0.532165852763944
2024-07-02,0.0,0.3159376219383367,-6516.330557514784,0.0,0.0,0.0,0.0,0.0,-6516.330557514784,1095161.4789765903,346002.71330633573,749158.7656702546,95161.47897659033,0.0951614789765902,3,"mom20@q0.6,hold_q=0.4,buy_top=5,hold_top=10,rebalance=20d,min_hold=5d,turnover_penalty=0.01,target_vol=0.18",-0.00591491496072738,1000000.0,1118146.8913723077,1236328.0818041456,0.23632808180414555,-0.0018371677141493237,710211.3374751217,-0.2897886625248782,526116.7443290239,0.5261167443290238
2024-07-03,0.0,0.3159376219383367,573.4422940914828,0.0,0.0,0.0,0.0,0.0,573.4422940914828,1095734.9212706818,346183.88530104986,749551.035969632,95734.92127068178,0.0957349212706817,3,"mom20@q0.6,hold_q=0.4,buy_top=5,hold_top=10,rebalance=20d,min_hold=5d,turnover_penalty=0.01,target_vol=0.18",0.0005236143756877087,1000000.0,1118146.8913723077,1236975.4409608447,0.23697544096084466,-0.002413740462412828,708497.0716329936,-0.2915029283670063,528478.3693278511,0.528478369327851
2024-07-04,0.0,0.3159376219383367,3077.0575601264945,0.0,0.0,0.0,0.0,0.0,3077.0575601264945,1098811.9788308083,347156.0435491636,751655.9352816447,98811.97883080832,0.0988119788308083,3,"mom20@q0.6,hold_q=0.4,buy_top=5,hold_top=10,rebalance=20d,min_hold=5d,turnover_penalty=0.01,target_vol=0.18",0.0028082134651310486,1000000.0,1118146.8913723077,1240449.1320501873,0.24044913205018736,-0.005081696940298697,704896.7042318657,-0.2951032957681343,535552.4278183216,0.5355524278183217
2024-07-05,0.0,0.3159376219383367,-3804.6641751582806,0.0,0.0,0.0,0.0,0.0,-3804.6641751582806,1095007.31465565,345954.00699739007,749053.3076582599,95007.31465564994,0.09500731465565,3,"mom20@q0.6,hold_q=0.4,buy_top=5,hold_top=10,rebalance=20d,min_hold=5d,turnover_penalty=0.01,target_vol=0.18",-0.0034625252076398993,1000000.0,1118146.8913723077,1236154.0456616688,0.23615404566166887,-0.004280561029191943,701879.3508701249,-0.2981206491298751,534274.6947915439,0.534274694791544
2024-07-08,0.0,0.3159376219383367,5902.197593931065,0.0,0.0,0.0,0.0,0.0,5902.197593931065,1100909.512249581,347818.73326942686,753090.7789801542,100909.51224958104,0.1009095122495811,3,"mom20@q0.6,hold_q=0.4,buy_top=5,hold_top=10,rebalance=20d,min_hold=5d,turnover_penalty=0.01,target_vol=0.18",0.005390098782844355,1000000.0,1118146.8913723077,1242817.0380785977,0.24281703807859767,-0.008539634981609145,695885.5574125652,-0.3041144425874348,546931.4806660325,0.5469314806660325
2024-07-09,0.0,0.3159376219383367,18905.006500479896,0.0,0.0,0.0,0.0,0.0,18905.006500479896,1119814.5187500608,353791.53606591723,766022.9826841436,119814.51875006082,0.1198145187500607,3,"mom20@q0.6,hold_q=0.4,buy_top=5,hold_top=10,rebalance=20d,min_hold=5d,turnover_penalty=0.01,target_vol=0.18",0.017172171091382138,1000000.0,1118146.8913723077,1264158.904891768,0.2641589048917681,0.011185386388222529,703669.3062542083,-0.2963306937457917,560489.5986375597,0.5604895986375598
2024-07-10,0.0,0.3159376219383367,14384.406049713238,0.0,0.0,0.0,0.0,0.0,14384.406049713238,1134198.924799774,358336.11110625905,775862.813693515,134198.92479977407,0.1341989247997741,3,"mom20@q0.6,hold_q=0.4,buy_top=5,hold_top=10,rebalance=20d,min_hold=5d,turnover_penalty=0.01,target_vol=0.18",0.012845346982792494,1000000.0,1118146.8913723077,1280397.4646664897,0.28039746466648974,-0.0031513368470933445,701451.8072412407,-0.2985481927587592,578945.657425249,0.578945657425249
2024-07-11,0.0,0.3159376219383367,2841.5514811354424,0.0,0.0,0.0,0.0,0.0,2841.5514811354424,1137040.4762809095,359233.86412382434,777806.6121570852,137040.4762809095,0.1370404762809094,3,"mom20@q0.6,hold_q=0.4,buy_top=5,hold_top=10,rebalance=20d,min_hold=5d,turnover_penalty=0.01,target_vol=0.18",0.0025053378371320267,1000000.0,1118146.8913723077,1283605.2928812867,0.28360529288128666,0.011432004362826209,709470.807361935,-0.290529192638065,574134.4855193517,0.5741344855193516
2024-07-12,0.0,0.3159376219383367,1220.216403033849,0.0,0.0,0.0,0.0,0.0,1220.216403033849,1138260.6926839435,359619.3763924491,778641.3162914945,138260.69268394355,0.1382606926839436,3,"mom20@q0.6,hold_q=0.4,buy_top=5,hold_top=10,rebalance=20d,min_hold=5d,turnover_penalty=0.01,target_vol=0.18",0.0010731512452619718,1000000.0,1118146.8913723077,1284982.795499767,0.284982795499767,0.0012196633959695724,710336.1229361834,-0.2896638770638167,574646.6725635836,0.5746466725635837
2024-07-15,0.0,0.3159376219383367,-2760.454243485604,0.0,0.0,0.0,0.0,0.0,-2760.454243485604,1135500.2384404575,358747.2450432926,776752.9933971651,135500.23844045773,0.1355002384404577,3,"mom20@q0.6,hold_q=0.4,buy_top=5,hold_top=10,rebalance=20d,min_hold=5d,turnover_penalty=0.01,target_vol=0.18",-0.0024251511637259915,1000000.0,1118146.8913723077,1281866.517977893,0.28186651797789297,0.001108743232346443,711123.7033051801,-0.28887629669481996,570742.8146727128,0.5707428146727129
2024-07-16,0.0,0.3159376219383367,8280.399304240236,0.0,0.0,0.0,0.0,0.0,8280.399304240236,1143780.637744698,361363.3347081741,782417.3030365239,143780.63774469795,0.1437806377446979,3,"mom20@q0.6,hold_q=0.4,buy_top=5,hold_top=10,rebalance=20d,min_hold=5d,turnover_penalty=0.01,target_vol=0.18",0.0072922919995270785,1000000.0,1118146.8913723077,1291214.2629314046,0.29121426293140473,0.006337288745055902,715630.2995464784,-0.2843697004535216,575583.9633849262,0.5755839633849263
2024-07-17,0.0,0.3159376219383367,-14015.919110623196,0.0,0.0,0.0,0.0,0.0,-14015.919110623196,1129764.7186340748,356935.1785550837,772829.5400789911,129764.7186340748,0.1297647186340746,3,"mom20@q0.6,hold_q=0.4,buy_top=5,hold_top=10,rebalance=20d,min_hold=5d,turnover_penalty=0.01,target_vol=0.18",-0.012254027256712208,1000000.0,1118146.8913723077,1275391.6881591878,0.2753916881591878,0.0009433207176097191,716305.3684341898,-0.2836946315658102,559086.319724998,0.559086319724998
2024-07-18,0.0,0.3159376219383367,-2065.7318951054285,0.0,0.0,0.0,0.0,0.0,-2065.7318951054285,1127698.986738969,356282.53613258194,771416.4506063873,127698.98673896934,0.1276989867389693,3,"mom20@q0.6,hold_q=0.4,buy_top=5,hold_top=10,rebalance=20d,min_hold=5d,turnover_penalty=0.01,target_vol=0.18",-0.0018284620337615243,1000000.0,1118146.8913723077,1273059.6828792137,0.2730596828792138,0.005526076799616142,720263.7269121344,-0.27973627308786553,552795.9559670793,0.5527959559670793
2024-07-19,0.0,0.3159376219383367,-4846.895685771657,0.0,0.0,0.0,0.0,0.0,-4846.895685771657,1122852.091053198,354751.2194358361,768100.8716173618,122852.09105319786,0.1228520910531978,3,"mom20@q0.6,hold_q=0.4,buy_top=5,hold_top=10,rebalance=20d,min_hold=5d,turnover_penalty=0.01,target_vol=0.18",-0.00429804029512082,1000000.0,1118146.8913723077,1267588.0210641052,0.2675880210641053,0.00513784710289622,723964.3318147713,-0.27603566818522873,543623.6892493339,0.543623689249334
2024-07-22,0.0,0.3159376219383367,1893.942245727181,0.0,0.0,0.0,0.0,0.0,1893.942245727181,1124746.033298925,355349.5870450397,769396.4462538853,124746.03329892505,0.1247460332989249,3,"mom20@q0.6,hold_q=0.4,buy_top=5,hold_top=10,rebalance=20d,min_hold=5d,turnover_penalty=0.01,target_vol=0.18",0.0016867246014125037,1000000.0,1118146.8913723077,1269726.09296369,0.26972609296369,-0.006809794801950764,719034.2832711813,-0.28096571672881876,550691.8096925087,0.5506918096925087
2024-07-23,0.0,0.3159376219383367,-9516.243717864896,0.0,0.0,0.0,0.0,0.0,-9516.243717864896,1115229.78958106,352343.04763503175,762886.7419460282,115229.78958105994,0.1152297895810599,3,"mom20@q0.6,hold_q=0.4,buy_top=5,hold_top=10,rebalance=20d,min_hold=5d,turnover_penalty=0.01,target_vol=0.18",-0.008460793313450066,1000000.0,1118146.8913723077,1258983.2029264297,0.2589832029264296,-0.02134899229569942,703683.6258972811,-0.29631637410271894,555299.5770291486,0.5552995770291486
2024-07-24,85508.25038303848,0.2293007150620722,3316.851837534125,143674.32806642723,230311.2349426918,389.3574290600178,739.2990641660406,1128.6564932260585,2188.195344308067,1117417.984925368,256224.74296660675,861193.2419587614,117417.9849253681,0.117417984925368,3,"mom20@q0.6,hold_q=0.4,buy_top=5,hold_top=10,rebalance=20d,min_hold=5d,turnover_penalty=0.01,target_vol=0.18",0.0019621026668683594,1000000.0,1118146.8913723077,1261453.457226434,0.261453457226434,-0.006311266672093252,699242.4908814578,-0.30075750911854215,562210.9663449762,0.5622109663449761
2024-07-25,0.0,0.2293007150620722,-8009.92669927664,0.0,0.0,0.0,0.0,0.0,-8009.92669927664,1109408.0582260916,254388.06104686784,855019.9971792237,109408.05822609155,0.1094080582260914,3,"mom20@q0.6,hold_q=0.4,buy_top=5,hold_top=10,rebalance=20d,min_hold=5d,turnover_penalty=0.01,target_vol=0.18",-0.007168245730188039,1000000.0,1118146.8913723077,1252411.0488678396,0.2524110488678397,-0.00552927443632123,695376.1872518375,-0.3046238127481625,557034.8616160022,0.5570348616160022
2024-07-26,0.0,0.2293007150620722,-361.5929040421554,0.0,0.0,0.0,0.0,0.0,-361.5929040421554,1109046.465322049,254305.1475354096,854741.3177866398,109046.46532204932,0.1090464653220493,3,"mom20@q0.6,hold_q=0.4,buy_top=5,hold_top=10,rebalance=20d,min_hold=5d,turnover_penalty=0.01,target_vol=0.18",-0.00032593318694718043,1000000.0,1118146.8913723077,1252002.8465433144,0.2520028465433144,0.002947691710278866,697425.941874525,-0.302574058125475,554576.9046687894,0.5545769046687894
2024-07-29,0.0,0.2293007150620722,1442.6373344730164,0.0,0.0,0.0,0.0,0.0,1442.6373344730164,1110489.1026565223,254635.9453077795,855853.1573487428,110489.1026565223,0.1104891026565222,3,"mom20@q0.6,hold_q=0.4,buy_top=5,hold_top=10,rebalance=20d,min_hold=5d,turnover_penalty=0.01,target_vol=0.18",0.0013007907058739665,1000000.0,1118146.8913723077,1253631.4402098258,0.25363144020982586,-0.005441015578023678,693631.2364602679,-0.3063687635397321,560000.2037495578,0.560000203749558
2024-07-30,0.0,0.2293007150620722,-2966.9596661725245,0.0,0.0,0.0,0.0,0.0,-2966.9596661725245,1107522.1429903498,253955.6193347658,853566.523655584,107522.1429903498,0.1075221429903499,3,"mom20@q0.6,hold_q=0.4,buy_top=5,hold_top=10,rebalance=20d,min_hold=5d,turnover_penalty=0.01,target_vol=0.18",-0.0026717593707807907,1000000.0,1118146.8913723077,1250282.0386619396,0.25028203866193954,-0.006299509841509399,689261.6996598081,-0.3107383003401919,561020.3390021315,0.5610203390021314
2024-07-31,0.0,0.2293007150620722,6321.255023373997,0.0,0.0,0.0,0.0,0.0,6321.255023373997,1113843.3980137238,255405.0876317152,858438.3103820086,113843.39801372378,0.1138433980137236,3,"mom20@q0.6,hold_q=0.4,buy_top=5,hold_top=10,rebalance=20d,min_hold=5d,turnover_penalty=0.01,target_vol=0.18",0.005707565364161837,1000000.0,1118146.8913723077,1257418.10512124,0.2574181051212401,0.02157666989179008,704133.671822422,-0.2958663281775781,553284.4332988181,0.5532844332988182
2024-08-01,0.0,0.2293007150620722,-825.3247377836663,0.0,0.0,0.0,0.0,0.0,-825.3247377836663,1113018.0732759405,255215.840079183,857802.2331967573,113018.07327594026,0.1130180732759402,3,"mom20@q0.6,hold_q=0.4,buy_top=5,hold_top=10,rebalance=20d,min_hold=5d,turnover_penalty=0.01,target_vol=0.18",-0.0007409701752104647,1000000.0,1118146.8913723077,1256486.3958075757,0.2564863958075756,-0.006626807046901884,699467.5138440281,-0.30053248615597183,557018.8819635476,0.5570188819635474
2024-08-02,0.0,0.2293007150620722,-11476.12649299832,0.0,0.0,0.0,0.0,0.0,-11476.12649299832,1101541.946782942,252584.3560681957,848957.5907147463,101541.94678294192,0.1015419467829419,3,"mom20@q0.6,hold_q=0.4,buy_top=5,hold_top=10,rebalance=20d,min_hold=5d,turnover_penalty=0.01,target_vol=0.18",-0.010310817738314881,1000000.0,1118146.8913723077,1243530.9935897314,0.2435309935897314,-0.010201007817458141,692332.2402672473,-0.30766775973275273,551198.7533224841,0.5511987533224841
2024-08-05,0.0,0.2293007150620722,-18270.169447971813,0.0,0.0,0.0,0.0,0.0,-18270.169447971813,1083271.77733497,248394.9931494705,834876.7841854994,83271.77733496996,0.08327177733497,3,"mom20@q0.6,hold_q=0.4,buy_top=5,hold_top=10,rebalance=20d,min_hold=5d,turnover_penalty=0.01,target_vol=0.18",-0.016585995205475434,1000000.0,1118146.8913723077,1222905.7944921919,0.22290579449219194,-0.012135126270908403,683930.7011101833,-0.3160692988898167,538975.0933820086,0.5389750933820087
2024-08-06,0.0,0.2293007150620722,8766.016230064113,0.0,0.0,0.0,0.0,0.0,8766.016230064113,1092037.7935650342,250405.04693927,841632.7466257642,92037.79356503415,0.0920377935650342,3,"mom20@q0.6,hold_q=0.4,buy_top=5,hold_top=10,rebalance=20d,min_hold=5d,turnover_penalty=0.01,target_vol=0.18",0.008092167093681768,1000000.0,1118146.8913723077,1232801.7525210544,0.2328017525210544,-0.0001016953208188287,683861.148558116,-0.3161388514418839,548940.6039629383,0.5489406039629383
2024-08-07,0.0,0.2293007150620722,-2921.2700602884497,0.0,0.0,0.0,0.0,0.0,-2921.2700602884497,1089116.5235047457,249735.1976255564,839381.3258791893,89116.52350474568,0.0891165235047457,3,"mom20@q0.6,hold_q=0.4,buy_top=5,hold_top=10,rebalance=20d,min_hold=5d,turnover_penalty=0.01,target_vol=0.18",-0.002675063150288759,1000000.0,1118146.8913723077,1229503.929981274,0.229503929981274,-0.0004457101149274445,683556.3447269978,-0.3164436552730022,545947.5852542763,0.5459475852542762
2024-08-08,0.0,0.2293007150620722,-3076.984786646512,0.0,0.0,0.0,0.0,0.0,-3076.984786646512,1086039.5387180992,249029.64281374324,837009.895904356,86039.53871809924,0.0860395387180992,3,"mom20@q0.6,hold_q=0.4,buy_top=5,hold_top=10,rebalance=20d,min_hold=5d,turnover_penalty=0.01,target_vol=0.18",-0.0028252117383590347,1000000.0,1118146.8913723077,1226030.3210459321,0.22603032104593224,0.0004339381533389197,683852.9659049318,-0.3161470340950683,542177.3551410004,0.5421773551410005
2024-08-09,0.0,0.2293007150620722,7172.090779219581,0.0,0.0,0.0,0.0,0.0,7172.090779219581,1093211.6294973188,250674.2083579084,842537.4211394105,93211.62949731876,0.0932116294973188,3,"mom20@q0.6,hold_q=0.4,buy_top=5,hold_top=10,rebalance=20d,min_hold=5d,turnover_penalty=0.01,target_vol=0.18",0.006603894723469228,1000000.0,1118146.8913723077,1234126.8962139008,0.2341268962139007,-0.003383249475013006,681539.3207170478,-0.3184606792829522,552587.575496853,0.5525875754968529
2024-08-12,0.0,0.2293007150620722,-499.3591178197028,0.0,0.0,0.0,0.0,0.0,-499.3591178197028,1092712.270379499,250559.70495511955,842152.5654243795,92712.27037949908,0.0927122703794991,3,"mom20@q0.6,hold_q=0.4,buy_top=5,hold_top=10,rebalance=20d,min_hold=5d,turnover_penalty=0.01,target_vol=0.18",-0.00045678174686936135,1000000.0,1118146.8913723077,1233563.1695743897,0.2335631695743896,-0.001731884993231514,680358.9729952008,-0.31964102700479924,553204.1965791889,0.5532041965791888
2024-08-13,0.0,0.2293007150620722,5071.438455379588,0.0,0.0,0.0,0.0,0.0,5071.438455379588,1097783.7088348786,251722.58941933137,846061.1194155472,97783.70883487863,0.0977837088348785,3,"mom20@q0.6,hold_q=0.4,buy_top=5,hold_top=10,rebalance=20d,min_hold=5d,turnover_penalty=0.01,target_vol=0.18",0.004641147164585524,1000000.0,1118146.8913723077,1239288.317781197,0.23928831778119686,0.0025647501698808917,682103.9237867702,-0.3178960762132298,557184.3939944267,0.5571843939944267
2024-08-14,0.0,0.2293007150620722,-5227.526733638132,0.0,0.0,0.0,0.0,0.0,-5227.526733638132,1092556.1821012406,250523.9138013021,842032.2682999385,92556.1821012406,0.0925561821012406,3,"mom20@q0.6,hold_q=0.4,buy_top=5,hold_top=10,rebalance=20d,min_hold=5d,turnover_penalty=0.01,target_vol=0.18",-0.004761891337580648,1000000.0,1118146.8913723077,1233386.9614759895,0.23338696147598958,-0.007542608992949229,676959.0805970902,-0.3230409194029098,556427.8808788994,0.5564278808788994
2024-08-15,0.0,0.2293007150620722,-2030.825074291188,0.0,0.0,0.0,0.0,0.0,-2030.825074291188,1090525.3570269493,250058.24415960108,840467.1128673482,90525.35702694928,0.0905253570269493,3,"mom20@q0.6,hold_q=0.4,buy_top=5,hold_top=10,rebalance=20d,min_hold=5d,turnover_penalty=0.01,target_vol=0.18",-0.0018587831981194958,1000000.0,1118146.8913723077,1231094.3625152183,0.23109436251521842,0.009884444766774303,683650.4452386184,-0.3163495547613816,547443.9172765999,0.5474439172766
2024-08-16,0.0,0.2293007150620722,1712.3655093461202,0.0,0.0,0.0,0.0,0.0,1712.3655093461202,1092237.7225362954,250450.89079534175,841786.8317409536,92237.72253629542,0.0922377225362953,3,"mom20@q0.6,hold_q=0.4,buy_top=5,hold_top=10,rebalance=20d,min_hold=5d,turnover_penalty=0.01,target_vol=0.18",0.0015702207182182182,1000000.0,1118146.8913723077,1233027.4523893215,0.23302745238932143,0.001101153518155762,684403.2493315818,-0.3155967506684182,548624.2030577398,0.5486242030577396
2024-08-19,0.0,0.2293007150620722,1836.6954677164044,0.0,0.0,0.0,0.0,0.0,1836.6954677164044,1094074.4180040115,250872.0463794404,843202.3716245713,94074.41800401174,0.0940744180040118,3,"mom20@q0.6,hold_q=0.4,buy_top=5,hold_top=10,rebalance=20d,min_hold=5d,turnover_penalty=0.01,target_vol=0.18",0.0016815894835155998,1000000.0,1118146.8913723077,1235100.8983861452,0.23510089838614534,0.003389496148707316,686723.0315093539,-0.3132769684906461,548377.8668767913,0.5483778668767915
2024-08-20,0.0,0.2293007150620722,-2240.023126045572,0.0,0.0,0.0,0.0,0.0,-2240.023126045572,1091834.3948779665,250358.40747488255,841475.9874030837,91834.39487796626,0.0918343948779663,3,"mom20@q0.6,hold_q=0.4,buy_top=5,hold_top=10,rebalance=20d,min_hold=5d,turnover_penalty=0.01,target_vol=0.18",-0.002047413858859426,1000000.0,1118146.8913723077,1232572.1356897,0.23257213568969992,-0.007229733956514384,681758.2066897302,-0.3182417933102698,550813.9289999699,0.5508139289999697
2024-08-21,-463745.5511678026,0.6904391209168409,-5851.7710590722045,690439.1209168409,229300.7150620722,1871.0900176846387,736.0552953492518,2607.1453130338905,-8458.916372106094,1083375.47850586,748004.813002448,335370.66550341214,83375.47850586008,0.08337547850586,3,"mom20@q0.6,hold_q=0.4,buy_top=5,hold_top=10,rebalance=20d,min_hold=5d,turnover_penalty=0.01,target_vol=0.18",-0.007747435336154518,1000000.0,1118146.8913723077,1223022.862771298,0.223022862771298,-0.003318630539802525,679495.7030842487,-0.32050429691575133,543527.1596870493,0.5435271596870493
2024-08-22,0.0,0.6904391209168409,710.8174172853505,0.0,0.0,0.0,0.0,0.0,710.8174172853505,1084086.2959231455,748495.5891551708,335590.70676797465,84086.29592314549,0.0840862959231454,3,"mom20@q0.6,hold_q=0.4,buy_top=5,hold_top=10,rebalance=20d,min_hold=5d,turnover_penalty=0.01,target_vol=0.18",0.0006561136294738201,1000000.0,1118146.8913723077,1223825.3047407204,0.22382530474072038,-0.0025589768909334287,677756.8892825675,-0.3222431107174325,546068.4154581529,0.5460684154581529
2024-08-23,0.0,0.6904391209168409,2701.615970822687,0.0,0.0,0.0,0.0,0.0,2701.615970822687,1086787.9118939682,750360.8905111206,336427.0213828477,86787.91189396824,0.0867879118939682,3,"mom20@q0.6,hold_q=0.4,buy_top=5,hold_top=10,rebalance=20d,min_hold=5d,turnover_penalty=0.01,target_vol=0.18",0.002492067265293052,1000000.0,1118146.8913723077,1226875.159721102,0.22687515972110206,0.004240690100629774,680631.0462135817,-0.3193689537864183,546244.1135075204,0.5462441135075203
2024-08-26,0.0,0.6904391209168409,-4595.6395988773,0.0,0.0,0.0,0.0,0.0,-4595.6395988773,1082192.2722950908,747187.8811464211,335004.39114866976,82192.27229509084,0.0821922722950907,3,"mom20@q0.6,hold_q=0.4,buy_top=5,hold_top=10,rebalance=20d,min_hold=5d,turnover_penalty=0.01,target_vol=0.18",-0.004228644382755831,1000000.0,1118146.8913723077,1221687.1409686047,0.22168714096860476,-0.0008926451450023132,680023.4842146413,-0.3199765157853587,541663.6567539634,0.5416636567539634
2024-08-27,0.0,0.6904391209168409,-9380.027353498454,0.0,0.0,0.0,0.0,0.0,-9380.027353498454,1072812.2449415924,740711.5433062956,332100.7016352968,72812.24494159245,0.0728122449415924,3,"mom20@q0.6,hold_q=0.4,buy_top=5,hold_top=10,rebalance=20d,min_hold=5d,turnover_penalty=0.01,target_vol=0.18",-0.008667616276362256,1000000.0,1118146.8913723077,1211098.0256209227,0.21109802562092272,-0.005682536053570386,676159.226248317,-0.32384077375168296,534938.7993726056,0.5349387993726057
2024-08-28,0.0,0.6904391209168409,-347.02178585491424,0.0,0.0,0.0,0.0,0.0,-347.02178585491424,1072465.2231557376,740471.945889531,331993.27726620657,72465.22315573762,0.0724652231557376,3,"mom20@q0.6,hold_q=0.4,buy_top=5,hold_top=10,rebalance=20d,min_hold=5d,turnover_penalty=0.01,target_vol=0.18",-0.00032346926267023957,1000000.0,1118146.8913723077,1210706.2726355537,0.21070627263555375,-0.0056968593151062175,672307.2422617693,-0.3276927577382307,538399.0303737845,0.5383990303737844
2024-08-29,0.0,0.6904391209168409,-8477.764990521935,0.0,0.0,0.0,0.0,0.0,-8477.764990521935,1063987.4581652156,734618.5652821355,329368.89288308006,63987.45816521556,0.0639874581652155,3,"mom20@q0.6,hold_q=0.4,buy_top=5,hold_top=10,rebalance=20d,min_hold=5d,turnover_penalty=0.01,target_vol=0.18",-0.007904932306873502,1000000.0,1118146.8913723077,1201135.7215068624,0.20113572150686254,-0.0026837060702875615,670502.9672346131,-0.3294970327653869,530632.7542722493,0.5306327542722494
2024-08-30,0.0,0.6904391209168409,1609.2445758602862,0.0,0.0,0.0,0.0,0.0,1609.2445758602862,1065596.702741076,735729.6506924328,329867.05204864324,65596.702741076,0.0655967027410759,3,"mom20@q0.6,hold_q=0.4,buy_top=5,hold_top=10,rebalance=20d,min_hold=5d,turnover_penalty=0.01,target_vol=0.18",0.0015124657377405537,1000000.0,1118146.8913723077,1202952.398132018,0.20295239813201804,0.013347855800444286,679452.7441550308,-0.32054725584496924,523499.65397698723,0.5234996539769873
2024-09-02,0.0,0.6904391209168409,-12172.74896123599,0.0,0.0,0.0,0.0,0.0,-12172.74896123599,1053423.95377984,727325.1086004955,326098.8451793444,53423.95377983991,0.0534239537798399,3,"mom20@q0.6,hold_q=0.4,buy_top=5,hold_top=10,rebalance=20d,min_hold=5d,turnover_penalty=0.01,target_vol=0.18",-0.011423410873854678,1000000.0,1118146.8913723077,1189210.5786264674,0.18921057862646729,-0.016986659360576528,667911.1118384603,-0.3320888881615397,521299.46678800706,0.521299466788007
2024-09-03,0.0,0.6904391209168409,1104.0507490076684,0.0,0.0,0.0,0.0,0.0,1104.0507490076684,1054528.0045288475,728087.3884290879,326440.6160997596,54528.00452884752,0.0545280045288474,3,"mom20@q0.6,hold_q=0.4,buy_top=5,hold_top=10,rebalance=20d,min_hold=5d,turnover_penalty=0.01,target_vol=0.18",0.0010480592785517828,1000000.0,1118146.8913723077,1190456.9418075487,0.1904569418075488,0.002578858870263767,669633.5603337727,-0.33036643966622736,520823.38147377607,0.5208233814737762
2024-09-04,0.0,0.6904391209168409,-6841.12872472739,0.0,0.0,0.0,0.0,0.0,-6841.12872472739,1047686.8758041202,723364.0055263082,324322.870277812,47686.87580412021,0.0476868758041202,3,"mom20@q0.6,hold_q=0.4,buy_top=5,hold_top=10,rebalance=20d,min_hold=5d,turnover_penalty=0.01,target_vol=0.18",-0.006487384588504952,1000000.0,1118146.8913723077,1182733.9897899877,0.18273398978998778,-0.006497771450741263,665282.4345029776,-0.33471756549702236,517451.55528701004,0.5174515552870101
2024-09-05,0.0,0.6904391209168409,-703.4055330443157,0.0,0.0,0.0,0.0,0.0,-703.4055330443157,1046983.4702710758,722878.3468284251,324105.1234426508,46983.47027107584,0.0469834702710758,3,"mom20@q0.6,hold_q=0.4,buy_top=5,hold_top=10,rebalance=20d,min_hold=5d,turnover_penalty=0.01,target_vol=0.18",-0.000671389085125762,1000000.0,1118146.8913723077,1181939.9150986357,0.1819399150986356,0.0017219325002459929,666428.005948791,-0.33357199405120896,515511.90914984467,0.5155119091498446
2024-09-06,0.0,0.6904391209168409,-2714.9985307388224,0.0,0.0,0.0,0.0,0.0,-2714.9985307388224,1044268.4717403372,721003.8056295712,323264.6661107659,44268.47174033709,0.0442684717403369,3,"mom20@q0.6,hold_q=0.4,buy_top=5,hold_top=10,rebalance=20d,min_hold=5d,turnover_penalty=0.01,target_vol=0.18",-0.0025931627459560014,1000000.0,1118146.8913723077,1178874.9525428435,0.17887495254284347,-0.008106797308580216,661025.4091838029,-0.3389745908161971,517849.54335904063,0.5178495433590405
2024-09-09,0.0,0.6904391209168409,-7168.28574561444,0.0,0.0,0.0,0.0,0.0,-7168.28574561444,1037100.1859947226,716054.5407208885,321045.6452738341,37100.18599472265,0.0371001859947226,3,"mom20@q0.6,hold_q=0.4,buy_top=5,hold_top=10,rebalance=20d,min_hold=5d,turnover_penalty=0.01,target_vol=0.18",-0.006864408856151916,1000000.0,1118146.8913723077,1170782.6728783126,0.1707826728783126,-0.011883578071084866,653170.0621267965,-0.3468299378732035,517612.6107515162,0.5176126107515161
2024-09-10,0.0,0.6904391209168409,6367.984052154047,0.0,0.0,0.0,0.0,0.0,6367.984052154047,1043468.1700468768,720451.2460318701,323016.9240150065,43468.17004687665,0.0434681700468766,3,"mom20@q0.6,hold_q=0.4,buy_top=5,hold_top=10,rebalance=20d,min_hold=5d,turnover_penalty=0.01,target_vol=0.18",0.006140182152263751,1000000.0,1118146.8913723077,1177971.4917504997,0.17797149175049976,0.0008800638907595637,653744.8935129994,-0.34625510648700064,524226.5982375003,0.5242265982375004
2024-09-11,0.0,0.6904391209168409,-5507.877691988475,0.0,0.0,0.0,0.0,0.0,-5507.877691988475,1037960.2923548882,716648.3918000961,321311.900554792,37960.292354888166,0.037960292354888,3,"mom20@q0.6,hold_q=0.4,buy_top=5,hold_top=10,rebalance=20d,min_hold=5d,turnover_penalty=0.01,target_vol=0.18",-0.005278433832573093,1000000.0,1118146.8913723077,1171753.6471746373,0.17175364717463726,-0.0030133677122187175,651774.9197588593,-0.3482250802411406,519978.727415778,0.5199787274157779
2024-09-12,0.0,0.6904391209168409,-1799.1223238627065,0.0,0.0,0.0,0.0,0.0,-1799.1223238627065,1036161.1700310257,715406.2073643865,320754.962666639,36161.17003102554,0.0361611700310255,3,"mom20@q0.6,hold_q=0.4,buy_top=5,hold_top=10,rebalance=20d,min_hold=5d,turnover_penalty=0.01,target_vol=0.18",-0.001733324807426606,1000000.0,1118146.8913723077,1169722.6175097967,0.16972261750979678,-0.004287332908575747,648980.5436963929,-0.3510194563036071,520742.07381340384,0.5207420738134039
2024-09-13,0.0,0.6904391209168409,-3440.246904667737,0.0,0.0,0.0,0.0,0.0,-3440.246904667737,1032720.9231263576,713030.9263157909,319689.99681056687,32720.923126357724,0.0327209231263576,3,"mom20@q0.6,hold_q=0.4,buy_top=5,hold_top=10,rebalance=20d,min_hold=5d,turnover_penalty=0.01,target_vol=0.18",-0.0033201851257995685,1000000.0,1118146.8913723077,1165838.9218738293,0.16583892187382943,-0.0041671000829006655,646276.1768189548,-0.3537238231810452,519562.74505487457,0.5195627450548747
2024-09-18,0.0,0.6904391209168409,9842.117626278625,0.0,0.0,0.0,0.0,0.0,9842.117626278625,1042563.0407526364,719826.3093576388,322736.7313949976,42563.04075263639,0.0425630407526362,3,"mom20@q0.6,hold_q=0.4,buy_top=5,hold_top=10,rebalance=20d,min_hold=5d,turnover_penalty=0.01,target_vol=0.18",0.009530278128270897,1000000.0,1118146.8913723077,1176949.6910520506,0.1769496910520505,0.0037224024689404,648681.876855163,-0.351318123144837,528267.8141968875,0.5282678141968875
2024-09-19,0.0,0.6904391209168409,40.97512023475497,0.0,0.0,0.0,0.0,0.0,40.97512023475497,1042604.0158728712,719854.6001836332,322749.415689238,42604.015872871154,0.0426040158728711,3,"mom20@q0.6,hold_q=0.4,buy_top=5,hold_top=10,rebalance=20d,min_hold=5d,turnover_penalty=0.01,target_vol=0.18",3.930229504889304e-05,1000000.0,1118146.8913723077,1176995.947876066,0.17699594787606587,0.007893384126823833,653802.1720852898,-0.3461978279147102,523193.7757907761,0.5231937757907761
2024-09-20,94384.58023627504,0.592233278916559,-179.66419146394435,592233.278916559,690439.1209168409,1604.9521858638743,2216.3095781430598,3821.261764006934,-4000.9259554708783,1038603.0899174004,615095.3134346517,423507.77648274857,38603.08991740027,0.0386030899174003,3,"mom20@q0.6,hold_q=0.4,buy_top=5,hold_top=10,rebalance=20d,min_hold=5d,turnover_penalty=0.01,target_vol=0.18",-0.003837435780564502,1000000.0,1118146.8913723077,1172479.3015121068,0.1724793015121069,0.001567564861516102,654827.0493966336,-0.3451729506033664,517652.25211547315,0.5176522521154733
2024-09-23,0.0,0.592233278916559,-5004.74644562464,0.0,0.0,0.0,0.0,0.0,-5004.74644562464,1033598.3434717756,612131.3360370134,421467.0074347622,33598.343471775646,0.0335983434717757,3,"mom20@q0.6,hold_q=0.4,buy_top=5,hold_top=10,rebalance=20d,min_hold=5d,turnover_penalty=0.01,target_vol=0.18",-0.004818728630994862,1000000.0,1118146.8913723077,1166829.4419326617,0.1668294419326617,0.0036581746614392507,657222.5211163614,-0.34277747888363863,509606.9208163003,0.5096069208163003
2024-09-24,0.0,0.592233278916559,11028.73581162033,0.0,0.0,0.0,0.0,0.0,11028.73581162033,1044627.079283396,618662.9204090338,425964.1588743621,44627.0792833959,0.0446270792833958,3,"mom20@q0.6,hold_q=0.4,buy_top=5,hold_top=10,rebalance=20d,min_hold=5d,turnover_penalty=0.01,target_vol=0.18",0.010670233636961735,1000000.0,1118146.8913723077,1179279.784692569,0.1792797846925689,0.04331166971700329,685687.9258815293,-0.3143120741184706,493591.8588110396,0.4935918588110395
2024-09-25,0.0,0.592233278916559,5985.039391763915,0.0,0.0,0.0,0.0,0.0,5985.039391763915,1050612.1186751598,622207.4599124629,428404.6587626969,50612.11867515976,0.0506121186751598,3,"mom20@q0.6,hold_q=0.4,buy_top=5,hold_top=10,rebalance=20d,min_hold=5d,turnover_penalty=0.01,target_vol=0.18",0.005729355011426129,1000000.0,1118146.8913723077,1186036.2972368707,0.18603629723687076,0.014803500093976352,695838.5071567551,-0.3041614928432449,490197.79008011566,0.49019779008011566
2024-09-26,0.0,0.592233278916559,5991.120704451524,0.0,0.0,0.0,0.0,0.0,5991.120704451524,1056603.239379611,625755.6009716451,430847.63840796624,56603.23937961133,0.0566032393796114,3,"mom20@q0.6,hold_q=0.4,buy_top=5,hold_top=10,rebalance=20d,min_hold=5d,turnover_penalty=0.01,target_vol=0.18",0.005702504852129753,1000000.0,1118146.8913723077,1192799.674976666,0.19279967497666606,0.04227215400128759,725253.0996913115,-0.27474690030868854,467546.5752853545,0.4675465752853546
2024-09-27,0.0,0.592233278916559,27630.242697524896,0.0,0.0,0.0,0.0,0.0,27630.242697524896,1084233.4820771362,642119.1502016606,442114.3318754756,84233.48207713617,0.0842334820771362,3,"mom20@q0.6,hold_q=0.4,buy_top=5,hold_top=10,rebalance=20d,min_hold=5d,turnover_penalty=0.01,target_vol=0.18",0.02615006434557987,1000000.0,1118146.8913723077,1223991.4632286925,0.22399146322869257,0.04466733609377993,757648.223648279,-0.242351776351721,466343.23958041356,0.46634323958041357
2024-09-30,0.0,0.592233278916559,54400.40438756524,0.0,0.0,0.0,0.0,0.0,54400.40438756524,1138633.8864647015,674336.8800664952,464297.0063982064,138633.8864647015,0.1386338864647014,3,"mom20@q0.6,hold_q=0.4,buy_top=5,hold_top=10,rebalance=20d,min_hold=5d,turnover_penalty=0.01,target_vol=0.18",0.050174067935392364,1000000.0,1118146.8913723077,1285404.0940570692,0.28540409405706924,0.08482644288923447,821916.8274217097,-0.17808317257829032,463487.2666353595,0.46348726663535955
2024-10-08,0.0,0.592233278916559,40630.911246137024,0.0,0.0,0.0,0.0,0.0,40630.911246137024,1179264.7977108385,698399.8578591625,480864.939851676,179264.7977108385,0.1792647977108385,3,"mom20@q0.6,hold_q=0.4,buy_top=5,hold_top=10,rebalance=20d,min_hold=5d,turnover_penalty=0.01,target_vol=0.18",0.03568391186063358,1000000.0,1118146.8913723077,1331272.3404546992,0.33127234045469933,0.05929788319623697,870654.7554511839,-0.12934524454881613,460617.58500351536,0.46061758500351546
2024-10-09,0.0,0.592233278916559,-45564.7241847744,0.0,0.0,0.0,0.0,0.0,-45564.7241847744,1133700.0735260642,671414.9118522849,462285.1616737793,133700.07352606417,0.133700073526064,3,"mom20@q0.6,hold_q=0.4,buy_top=5,hold_top=10,rebalance=20d,min_hold=5d,turnover_penalty=0.01,target_vol=0.18",-0.038638246705255286,1000000.0,1118146.8913723077,1279834.311332328,0.27983431133232806,-0.07051526044970757,809260.3086087672,-0.1907396913912328,470574.0027235608,0.47057400272356087
2024-10-10,0.0,0.592233278916559,4448.593653447661,0.0,0.0,0.0,0.0,0.0,4448.593653447661,1138148.667179512,674049.5170582337,464099.1501212781,138148.66717951186,0.1381486671795118,3,"mom20@q0.6,hold_q=0.4,buy_top=5,hold_top=10,rebalance=20d,min_hold=5d,turnover_penalty=0.01,target_vol=0.18",0.00392395992320238,1000000.0,1118146.8913723077,1284856.3298783356,0.28485632987833553,0.010568809751313246,817813.2268497424,-0.18218677315025766,467043.10302859324,0.4670431030285932
2024-10-11,0.0,0.592233278916559,-20001.77580720404,0.0,0.0,0.0,0.0,0.0,-20001.77580720404,1118146.8913723077,662203.7997877792,455943.0915845285,118146.89137230768,0.1181468913723076,3,"mom20@q0.6,hold_q=0.4,buy_top=5,hold_top=10,rebalance=20d,min_hold=5d,turnover_penalty=0.01,target_vol=0.18",-0.01757395706201681,1000000.0,1118146.8913723077,1262276.3199061933,0.26227631990619327,-0.02767028783402825,795184.0994683346,-0.20481590053166543,467092.2204378587,0.4670922204378587
2024-10-14,0.0,0.0,0.0,0.0,0.0,0.0,0.0,0.0,0.0,1000000.0,0.0,1000000.0,0.0,0.0,4,"mom20@q0.6,hold_q=0.4,buy_top=5,hold_top=10,rebalance=20d,min_hold=5d,turnover_penalty=0.01,target_vol=0.18",0.0,1000000.0,1257824.4648300582,1262276.3199061933,0.26227631990619327,0.019080719392257084,810356.7841354745,-0.18964321586452548,451919.5357707188,0.45191953577071875
2024-10-15,-138211.03451522178,0.1378374949040318,-6046.423283586129,137837.49490403183,0.0,373.5396111899263,0.0,373.5396111899263,-6419.962894776056,993580.037105224,136952.5833012391,856627.4538039849,-6419.962894776021,-0.0064199628947759,4,"mom20@q0.6,hold_q=0.4,buy_top=5,hold_top=10,rebalance=20d,min_hold=5d,turnover_penalty=0.01,target_vol=0.18",-0.006419962894775977,1000000.0,1257824.4648300582,1254172.5527694412,0.2541725527694412,-0.02659453619229868,788805.7213111088,-0.21119427868889118,465366.83145833237,0.46536683145833235
2024-10-16,0.0,0.1378374949040318,-4262.190937066142,0.0,0.0,0.0,0.0,0.0,-4262.190937066142,989317.8461681578,136365.09357967123,852952.7525884865,-10682.15383184224,-0.0106821538318422,4,"mom20@q0.6,hold_q=0.4,buy_top=5,hold_top=10,rebalance=20d,min_hold=5d,turnover_penalty=0.01,target_vol=0.18",-0.004289730849951434,1000000.0,1257824.4648300582,1248792.4900786637,0.24879249007866377,-0.006327817240189826,783814.3028686361,-0.21618569713136393,464978.1872100276,0.4649781872100277
2024-10-17,0.0,0.1378374949040318,1831.360459348003,0.0,0.0,0.0,0.0,0.0,1831.360459348003,991149.2066275058,136617.52371765405,854531.6829098518,-8850.793372494169,-0.0088507933724941,4,"mom20@q0.6,hold_q=0.4,buy_top=5,hold_top=10,rebalance=20d,min_hold=5d,turnover_penalty=0.01,target_vol=0.18",0.0018511345635190413,1000000.0,1257824.4648300582,1251104.1730197114,0.25110417301971144,-0.011319060755456745,774942.26115347,-0.22505773884653002,476161.91186624137,0.47616191186624146
2024-10-18,0.0,0.1378374949040318,22304.36547295281,0.0,0.0,0.0,0.0,0.0,22304.36547295281,1013453.5721004588,139691.90157986985,873761.6705205888,13453.572100458669,0.0134535721004587,4,"mom20@q0.6,hold_q=0.4,buy_top=5,hold_top=10,rebalance=20d,min_hold=5d,turnover_penalty=0.01,target_vol=0.18",0.02250353965256746,1000000.0,1257824.4648300582,1279258.445386753,0.27925844538675304,0.03616738204222569,802969.8939732738,-0.19703010602672621,476288.55141347914,0.47628855141347926
2024-10-21,0.0,0.1378374949040318,3874.2811102928745,0.0,0.0,0.0,0.0,0.0,3874.2811102928745,1017327.8532107514,140225.9227826666,877101.9304280848,17327.853210751433,0.0173278532107514,4,"mom20@q0.6,hold_q=0.4,buy_top=5,hold_top=10,rebalance=20d,min_hold=5d,turnover_penalty=0.01,target_vol=0.18",0.003822850120566379,1000000.0,1257824.4648300582,1284148.8586889354,0.28414885868893536,0.002539978549027655,805009.4202794809,-0.19499057972051914,479139.43840945454,0.4791394384094545
2024-10-22,0.0,0.1378374949040318,-1373.312591627257,0.0,0.0,0.0,0.0,0.0,-1373.312591627257,1015954.5406191242,140036.62881531657,875917.9118038076,15954.540619124193,0.0159545406191241,4,"mom20@q0.6,hold_q=0.4,buy_top=5,hold_top=10,rebalance=20d,min_hold=5d,turnover_penalty=0.01,target_vol=0.18",-0.0013499213525836051,1000000.0,1257824.4648300582,1282415.3587246954,0.28241535872469536,0.00573795486887585,809628.5280020644,-0.19037147199793558,472786.83072263096,0.47278683072263095
2024-10-23,0.0,0.1378374949040318,-1641.762294621703,0.0,0.0,0.0,0.0,0.0,-1641.762294621703,1014312.7783245024,139810.33241339802,874502.4459111046,14312.77832450252,0.0143127783245025,4,"mom20@q0.6,hold_q=0.4,buy_top=5,hold_top=10,rebalance=20d,min_hold=5d,turnover_penalty=0.01,target_vol=0.18",-0.00161598007487751,1000000.0,1257824.4648300582,1280343.0010572793,0.2803430010572794,0.00389865025342484,812784.9864679396,-0.18721501353206038,467558.0145893397,0.46755801458933977
2024-10-24,0.0,0.1378374949040318,-1055.18932464071,0.0,0.0,0.0,0.0,0.0,-1055.18932464071,1013257.588999862,139664.88776024006,873592.7012396217,13257.588999861851,0.0132575889998618,4,"mom20@q0.6,hold_q=0.4,buy_top=5,hold_top=10,rebalance=20d,min_hold=5d,turnover_penalty=0.01,target_vol=0.18",-0.0010402997449991958,1000000.0,1257824.4648300582,1279011.060559768,0.279011060559768,-0.011169809801143238,803706.3327598679,-0.19629366724013209,475304.7277999001,0.4753047277999001
2024-10-25,0.0,0.1378374949040318,-1120.013016535445,0.0,0.0,0.0,0.0,0.0,-1120.013016535445,1012137.5759833264,139510.5079717809,872627.0680115456,12137.575983326416,0.0121375759833264,4,"mom20@q0.6,hold_q=0.4,buy_top=5,hold_top=10,rebalance=20d,min_hold=5d,turnover_penalty=0.01,target_vol=0.18",-0.001105358626172337,1000000.0,1257824.4648300582,1277597.2946510084,0.27759729465100835,0.0070224468862232214,809350.3177937953,-0.1906496822062047,468246.9768572132,0.46824697685721306
2024-10-28,0.0,0.1378374949040318,471.4575732560047,0.0,0.0,0.0,0.0,0.0,471.4575732560047,1012609.0335565824,139575.49250263206,873033.5410539503,12609.033556582406,0.0126090335565824,4,"mom20@q0.6,hold_q=0.4,buy_top=5,hold_top=10,rebalance=20d,min_hold=5d,turnover_penalty=0.01,target_vol=0.18",0.00046580384370953354,1000000.0,1257824.4648300582,1278192.4043815697,0.2781924043815698,0.001956314041481999,810933.6611849732,-0.18906633881502677,467258.7431965965,0.46725874319659655
2024-10-29,0.0,0.1378374949040318,-1289.04670359842,0.0,0.0,0.0,0.0,0.0,-1289.04670359842,1011319.986852984,139397.81353419373,871922.1733187903,11319.986852983944,0.0113199868529838,4,"mom20@q0.6,hold_q=0.4,buy_top=5,hold_top=10,rebalance=20d,min_hold=5d,turnover_penalty=0.01,target_vol=0.18",-0.0012729954611119254,1000000.0,1257824.4648300582,1276565.2712523644,0.2765652712523643,-0.00996680255085558,802851.2455021002,-0.19714875449789981,473714.0257502642,0.4737140257502641
2024-10-30,0.0,0.1378374949040318,286.88216283566624,0.0,0.0,0.0,0.0,0.0,286.88216283566624,1011606.8690158196,139437.35665285165,872169.512362968,11606.869015819626,0.0116068690158195,4,"mom20@q0.6,hold_q=0.4,buy_top=5,hold_top=10,rebalance=20d,min_hold=5d,turnover_penalty=0.01,target_vol=0.18",0.00028367101072368506,1000000.0,1257824.4648300582,1276927.3958131154,0.2769273958131153,-0.008968952645458939,795650.5106998441,-0.20434948930015595,481276.8851132713,0.48127688511327127
2024-10-31,0.0,0.1378374949040318,2899.346679534499,0.0,0.0,0.0,0.0,0.0,2899.346679534499,1014506.2156953542,139836.99533601702,874669.2203593372,14506.215695354156,0.0145062156953541,4,"mom20@q0.6,hold_q=0.4,buy_top=5,hold_top=10,rebalance=20d,min_hold=5d,turnover_penalty=0.01,target_vol=0.18",0.002866080459057452,1000000.0,1257824.4648300582,1280587.1724698904,0.2805871724698905,0.0004087981591227585,795975.7711639233,-0.20402422883607674,484611.4013059671,0.48461140130596725
2024-11-01,0.0,0.1378374949040318,-6150.274602470018,0.0,0.0,0.0,0.0,0.0,-6150.274602470018,1008355.941092884,138989.25689184066,869366.6842010433,8355.941092884052,0.0083559410928839,4,"mom20@q0.6,hold_q=0.4,buy_top=5,hold_top=10,rebalance=20d,min_hold=5d,turnover_penalty=0.01,target_vol=0.18",-0.006062333091034433,1000000.0,1257824.4648300582,1272823.826478272,0.2728238264782721,-0.00026214071302277375,795767.1135077216,-0.20423288649227844,477056.7129705504,0.4770567129705505
2024-11-04,0.0,0.1378374949040318,8001.330590114246,0.0,0.0,0.0,0.0,0.0,8001.330590114246,1016357.2716829984,140092.140256281,876265.1314267174,16357.271682998398,0.0163572716829984,4,"mom20@q0.6,hold_q=0.4,buy_top=5,hold_top=10,rebalance=20d,min_hold=5d,turnover_penalty=0.01,target_vol=0.18",0.00793502598045115,1000000.0,1257824.4648300582,1282923.7166099143,0.28292371660991433,0.014071907085310587,806965.0743905479,-0.193034925609452,475958.6422193664,0.47595864221936635
2024-11-05,0.0,0.1378374949040318,11512.29557715908,0.0,0.0,0.0,0.0,0.0,11512.29557715908,1027869.5672601574,141678.96623923138,886190.601020926,27869.567260157437,0.0278695672601574,4,"mom20@q0.6,hold_q=0.4,buy_top=5,hold_top=10,rebalance=20d,min_hold=5d,turnover_penalty=0.01,target_vol=0.18",0.011327016491057051,1000000.0,1257824.4648300582,1297455.414704723,0.29745541470472303,0.025301919508411208,827382.8397488768,-0.17261716025112328,470072.5749558463,0.4700725749558463
2024-11-06,0.0,0.1378374949040318,1976.6425358868603,0.0,0.0,0.0,0.0,0.0,1976.6425358868603,1029846.2097960444,141951.42169469877,887894.7881013455,29846.20979604428,0.0298462097960443,4,"mom20@q0.6,hold_q=0.4,buy_top=5,hold_top=10,rebalance=20d,min_hold=5d,turnover_penalty=0.01,target_vol=0.18",0.0019230480197558464,1000000.0,1257824.4648300582,1299950.4837706925,0.29995048377069256,-0.005016602506570544,823232.1889210991,-0.17676781107890094,476718.2948495934,0.4767182948495935
2024-11-07,0.0,0.1378374949040318,12883.156818061154,0.0,0.0,0.0,0.0,0.0,12883.156818061154,1042729.3666141054,143727.20375695612,899002.1628571493,42729.36661410541,0.0427293666141053,4,"mom20@q0.6,hold_q=0.4,buy_top=5,hold_top=10,rebalance=20d,min_hold=5d,turnover_penalty=0.01,target_vol=0.18",0.012509787088125002,1000000.0,1257824.4648300582,1316212.587547769,0.31621258754776904,0.03017185682904766,848070.63266229,-0.15192936733771,468141.95488547906,0.46814195488547905
2024-11-08,0.0,0.1378374949040318,-2695.631750171198,0.0,0.0,0.0,0.0,0.0,-2695.631750171198,1040033.7348639342,143355.64462932874,896678.0902346055,40033.73486393422,0.0400337348639341,4,"mom20@q0.6,hold_q=0.4,buy_top=5,hold_top=10,rebalance=20d,min_hold=5d,turnover_penalty=0.01,target_vol=0.18",-0.002585169111448682,1000000.0,1257824.4648300582,1312809.9554223407,0.3128099554223407,-0.010046554261041507,839550.4450340525,-0.16044955496594748,473259.5103882882,0.4732595103882882
2024-11-11,0.0,0.1378374949040318,-697.5419871173169,0.0,0.0,0.0,0.0,0.0,-697.5419871173169,1039336.192876817,143259.49718923413,896076.6956875828,39336.19287681696,0.039336192876817,4,"mom20@q0.6,hold_q=0.4,buy_top=5,hold_top=10,rebalance=20d,min_hold=5d,turnover_penalty=0.01,target_vol=0.18",-0.0006706916936771723,1000000.0,1257824.4648300582,1311929.4646898622,0.31192946468986227,0.0065983601564307826,845090.1012398789,-0.15490989876012107,466839.3634499833,0.46683936344998334
2024-11-12,-77070.44374711518,0.2140234692128762,-36.55602049296658,190713.92158820343,114527.94727935908,516.8347275040313,367.63471076674256,884.4694382707739,-921.0254587637404,1038415.1674180533,222245.2166140814,816169.9508039717,38415.16741805314,0.038415167418053,4,"mom20@q0.6,hold_q=0.4,buy_top=5,hold_top=10,rebalance=20d,min_hold=5d,turnover_penalty=0.01,target_vol=0.18",-0.0008861670218703877,1000000.0,1257824.4648300582,1310766.876063234,0.31076687606323383,-0.010987308557222963,835804.8355389016,-0.1641951644610984,474962.0405243323,0.4749620405243322
2024-11-13,0.0,0.2140234692128762,-8117.806773945011,0.0,0.0,0.0,0.0,0.0,-8117.806773945011,1030297.3606441082,220507.81544592197,809789.5451981862,30297.36064410815,0.0302973606441081,4,"mom20@q0.6,hold_q=0.4,buy_top=5,hold_top=10,rebalance=20d,min_hold=5d,turnover_penalty=0.01,target_vol=0.18",-0.007817496343133556,1000000.0,1257824.4648300582,1300519.9608029092,0.3005199608029092,0.006155555664335122,840949.6787285819,-0.15905032127141816,459570.28207432735,0.4595702820743274
2024-11-14,0.0,0.2140234692128762,-7569.391353263433,0.0,0.0,0.0,0.0,0.0,-7569.391353263433,1022727.9692908447,218887.78804866652,803840.1812421782,22727.969290844747,0.0227279692908446,4,"mom20@q0.6,hold_q=0.4,buy_top=5,hold_top=10,rebalance=20d,min_hold=5d,turnover_penalty=0.01,target_vol=0.18",-0.007346802624565885,1000000.0,1257824.4648300582,1290965.2973415821,0.29096529734158216,-0.017336878388864774,826370.2364173096,-0.17362976358269033,464595.0609242725,0.4645950609242725
2024-11-15,0.0,0.2140234692128762,-16863.052714171856,0.0,0.0,0.0,0.0,0.0,-16863.052714171856,1005864.9165766728,215278.69900525987,790586.217571413,5864.916576672928,0.0058649165766728,4,"mom20@q0.6,hold_q=0.4,buy_top=5,hold_top=10,rebalance=20d,min_hold=5d,turnover_penalty=0.01,target_vol=0.18",-0.016488306979484224,1000000.0,1257824.4648300582,1269679.465219153,0.269679465219153,-0.01752392551774673,811888.9859442499,-0.18811101405575015,457790.4792749032,0.45779047927490313
2024-11-18,0.0,0.2140234692128762,-8289.93674056078,0.0,0.0,0.0,0.0,0.0,-8289.93674056078,997574.979836112,213504.45798448977,784070.5218516224,-2425.020163887879,-0.0024250201638879,4,"mom20@q0.6,hold_q=0.4,buy_top=5,hold_top=10,rebalance=20d,min_hold=5d,turnover_penalty=0.01,target_vol=0.18",-0.008241600441513008,1000000.0,1257824.4648300582,1259215.2743780226,0.2592152743780227,-0.004648725191051195,808114.7371629538,-0.1918852628370462,451100.5372150688,0.45110053721506893
2024-11-19,0.0,0.2140234692128762,12692.109286262585,0.0,0.0,0.0,0.0,0.0,12692.109286262585,1010267.0891223748,216220.86724556464,794046.2218768101,10267.089122374658,0.0102670891223746,4,"mom20@q0.6,hold_q=0.4,buy_top=5,hold_top=10,rebalance=20d,min_hold=5d,turnover_penalty=0.01,target_vol=0.18",0.012722962727421239,1000000.0,1257824.4648300582,1275236.223379734,0.2752362233797341,0.0067107468142304505,813537.7905609028,-0.1864622094390972,461698.4328188312,0.4616984328188313
2024-11-20,0.0,0.2140234692128762,3828.1244935316663,0.0,0.0,0.0,0.0,0.0,3828.1244935316663,1014095.2136159064,217040.1757302491,797055.0378856573,14095.213615906308,0.0140952136159062,4,"mom20@q0.6,hold_q=0.4,buy_top=5,hold_top=10,rebalance=20d,min_hold=5d,turnover_penalty=0.01,target_vol=0.18",0.0037892202317084678,1000000.0,1257824.4648300582,1280068.374277572,0.2800683742775718,0.0022329005831189797,815354.3395678356,-0.18464566043216446,464714.03470973636,0.46471403470973627
2024-11-21,0.0,0.2140234692128762,796.5391116216592,0.0,0.0,0.0,0.0,0.0,796.5391116216592,1014891.752727528,217210.6537942821,797681.0989332459,14891.752727527986,0.014891752727528,4,"mom20@q0.6,hold_q=0.4,buy_top=5,hold_top=10,rebalance=20d,min_hold=5d,turnover_penalty=0.01,target_vol=0.18",0.0007854677755370076,1000000.0,1257824.4648300582,1281073.826736051,0.28107382673605086,0.0008856507023737858,816076.4587113572,-0.18392354128864274,464997.3680246937,0.4649973680246936
2024-11-22,0.0,0.2140234692128762,-11200.057842677768,0.0,0.0,0.0,0.0,0.0,-11200.057842677768,1003691.6948848504,214813.57855940727,788878.1163254429,3691.6948848502943,0.0036916948848502,4,"mom20@q0.6,hold_q=0.4,buy_top=5,hold_top=10,rebalance=20d,min_hold=5d,turnover_penalty=0.01,target_vol=0.18",-0.011035716678726937,1000000.0,1257824.4648300582,1266936.2589396592,0.26693625893965933,-0.030982879201865043,790792.0603716174,-0.20920793962838258,476144.1985680418,0.4761441985680419
2024-11-25,0.0,0.2140234692128762,-437.1656835658175,0.0,0.0,0.0,0.0,0.0,-437.1656835658175,1003254.5292012844,214720.0148431897,788534.5143580947,3254.5292012844,0.0032545292012844,4,"mom20@q0.6,hold_q=0.4,buy_top=5,hold_top=10,rebalance=20d,min_hold=5d,turnover_penalty=0.01,target_vol=0.18",-0.0004355577372952002,1000000.0,1257824.4648300582,1266384.4350494181,0.2663844350494182,-0.004555449207129247,787189.6473071934,-0.21281035269280668,479194.78774222475,0.4791947877422249
2024-11-26,0.0,0.2140234692128762,-1444.6485547549423,0.0,0.0,0.0,0.0,0.0,-1444.6485547549423,1001809.8806465296,214410.82614770773,787399.0544988217,1809.880646529491,0.0018098806465294,4,"mom20@q0.6,hold_q=0.4,buy_top=5,hold_top=10,rebalance=20d,min_hold=5d,turnover_penalty=0.01,target_vol=0.18",-0.0014399621558697229,1000000.0,1257824.4648300582,1264560.8893881645,0.2645608893881646,-0.0020555652284640624,785571.5276399818,-0.21442847236001816,478989.3617481827,0.47898936174818274
2024-11-27,0.0,0.2140234692128762,5644.808949486013,0.0,0.0,0.0,0.0,0.0,5644.808949486013,1007454.6895960156,215618.9477421206,791835.7418538949,7454.689596015494,0.0074546895960154,4,"mom20@q0.6,hold_q=0.4,buy_top=5,hold_top=10,rebalance=20d,min_hold=5d,turnover_penalty=0.01,target_vol=0.18",0.005634610976129606,1000000.0,1257824.4648300582,1271686.1980554955,0.27168619805549543,0.017410642209479743,799248.832437676,-0.20075116756232392,472437.3656178195,0.47243736561781935
2024-11-28,0.0,0.2140234692128762,784.4752721091271,0.0,0.0,0.0,0.0,0.0,784.4752721091271,1008239.1648681246,215786.84386136915,792452.3210067556,8239.164868124644,0.0082391648681245,4,"mom20@q0.6,hold_q=0.4,buy_top=5,hold_top=10,rebalance=20d,min_hold=5d,turnover_penalty=0.01,target_vol=0.18",0.0007786705250472092,1000000.0,1257824.4648300582,1272676.4226150308,0.2726764226150309,-0.008827654695114373,792193.3397294428,-0.20780666027055716,480483.08288558794,0.48048308288558805
2024-11-29,0.0,0.2140234692128762,5719.152840239764,0.0,0.0,0.0,0.0,0.0,5719.152840239764,1013958.3177083645,217010.8767931959,796947.4409151685,13958.31770836434,0.0139583177083644,4,"mom20@q0.6,hold_q=0.4,buy_top=5,hold_top=10,rebalance=20d,min_hold=5d,turnover_penalty=0.01,target_vol=0.18",0.005672416862508856,1000000.0,1257824.4648300582,1279895.5738151895,0.2798955738151896,0.011369769273475994,801200.3952221511,-0.19879960477784897,478695.17859303846,0.47869517859303856
2024-12-02,0.0,0.2140234692128762,3783.491902421355,0.0,0.0,0.0,0.0,0.0,3783.491902421355,1017741.8096107858,217820.63285589096,799921.1767548949,17741.8096107858,0.0177418096107857,4,"mom20@q0.6,hold_q=0.4,buy_top=5,hold_top=10,rebalance=20d,min_hold=5d,turnover_penalty=0.01,target_vol=0.18",0.003731407727856517,1000000.0,1257824.4648300582,1284671.3860501728,0.28467138605017284,0.007927834998902039,807552.1797565274,-0.19244782024347262,477119.20629364543,0.47711920629364546
2024-12-03,0.0,0.2140234692128762,-5964.122014698752,0.0,0.0,0.0,0.0,0.0,-5964.122014698752,1011777.687596087,216544.17077149625,795233.5168245907,11777.687596086997,0.0117776875960871,4,"mom20@q0.6,hold_q=0.4,buy_top=5,hold_top=10,rebalance=20d,min_hold=5d,turnover_penalty=0.01,target_vol=0.18",-0.005860152308157285,1000000.0,1257824.4648300582,1277143.0160619873,0.2771430160619872,0.0010791284897520015,808423.6323206639,-0.19157636767933606,468719.38374132337,0.46871938374132327
2024-12-04,0.0,0.2140234692128762,3001.420857370116,0.0,0.0,0.0,0.0,0.0,3001.420857370116,1014779.1084534572,217186.5452759585,797592.5631774986,14779.108453457127,0.0147791084534572,4,"mom20@q0.6,hold_q=0.4,buy_top=5,hold_top=10,rebalance=20d,min_hold=5d,turnover_penalty=0.01,target_vol=0.18",0.002966482552606342,1000000.0,1257824.4648300582,1280931.638536318,0.28093163853631786,-0.0053974174382384055,804060.2325100924,-0.1959397674899076,476871.40602622554,0.47687140602622546
2024-12-05,0.0,0.2140234692128762,1196.3900588119193,0.0,0.0,0.0,0.0,0.0,1196.3900588119193,1015975.498512269,217442.6008268772,798532.8976853918,15975.498512268998,0.015975498512269,4,"mom20@q0.6,hold_q=0.4,buy_top=5,hold_top=10,rebalance=20d,min_hold=5d,turnover_penalty=0.01,target_vol=0.18",0.001178965992544967,1000000.0,1257824.4648300582,1282441.8133769273,0.2824418133769273,-0.0022821175608563893,802225.2725334949,-0.19777472746650515,480216.5408434324,0.48021654084343246
2024-12-06,0.0,0.2140234692128762,-1321.7217949633314,0.0,0.0,0.0,0.0,0.0,-1321.7217949633314,1014653.7767173056,217159.72134298488,797494.0553743208,14653.776717305647,0.0146537767173056,4,"mom20@q0.6,hold_q=0.4,buy_top=5,hold_top=10,rebalance=20d,min_hold=5d,turnover_penalty=0.01,target_vol=0.18",-0.0013009386514721832,1000000.0,1257824.4648300582,1280773.4352536413,0.2807734352536413,0.013145178358777931,812770.6668248669,-0.18722933317513313,468002.76842877443,0.4680027684287744
2024-12-09,0.0,0.2140234692128762,-5868.5362432330685,0.0,0.0,0.0,0.0,0.0,-5868.5362432330685,1008785.2404740726,215903.71685700663,792881.523617066,8785.240474072634,0.0087852404740726,4,"mom20@q0.6,hold_q=0.4,buy_top=5,hold_top=10,rebalance=20d,min_hold=5d,turnover_penalty=0.01,target_vol=0.18",-0.005783781993321302,1000000.0,1257824.4648300582,1273365.7209212969,0.27336572092129696,-0.0016536039505277156,811426.6660393322,-0.1885733339606679,461939.0548819647,0.46193905488196485
2024-12-10,-9725.191811315744,0.2226217445276735,-3926.121438574805,195019.75680388015,186421.4814890829,528.5035409385152,598.412955579956,1126.9164965184714,-5053.037935093276,1003732.2025389794,223452.6139678317,780279.5885711476,3732.202538979356,0.0037322025389794,4,"mom20@q0.6,hold_q=0.4,buy_top=5,hold_top=10,rebalance=20d,min_hold=5d,turnover_penalty=0.01,target_vol=0.18",-0.005009032381083078,1000000.0,1257824.4648300582,1266987.390792241,0.2669873907922411,0.007328750028361863,817373.4092410816,-0.1826265907589184,449613.9815511595,0.4496139815511595
2024-12-11,0.0,0.2226217445276735,1487.65797458429,0.0,0.0,0.0,0.0,0.0,1487.65797458429,1005219.8605135636,223783.79898139415,781436.0615321695,5219.860513563617,0.0052198605135636,4,"mom20@q0.6,hold_q=0.4,buy_top=5,hold_top=10,rebalance=20d,min_hold=5d,turnover_penalty=0.01,target_vol=0.18",0.001482126378750337,1000000.0,1257824.4648300582,1268865.2262256783,0.2688652262256783,-0.0017043577499474827,815980.3125364406,-0.18401968746355946,452884.9136892378,0.4528849136892378
2024-12-12,0.0,0.2226217445276735,11930.956358435456,0.0,0.0,0.0,0.0,0.0,11930.956358435456,1017150.8168719992,226439.88929979265,790710.9275722065,17150.816871999064,0.0171508168719991,4,"mom20@q0.6,hold_q=0.4,buy_top=5,hold_top=10,rebalance=20d,min_hold=5d,turnover_penalty=0.01,target_vol=0.18",0.011869001824476477,1000000.0,1257824.4648300582,1283925.3899107657,0.28392538991076566,0.00994527217254193,824095.4588320513,-0.17590454116794874,459829.93107871443,0.4598299310787144
2024-12-13,0.0,0.2226217445276735,-4905.1689836577125,0.0,0.0,0.0,0.0,0.0,-4905.1689836577125,1012245.6478883412,225347.8920234477,786897.7558648937,12245.647888341337,0.0122456478883412,4,"mom20@q0.6,hold_q=0.4,buy_top=5,hold_top=10,rebalance=20d,min_hold=5d,turnover_penalty=0.01,target_vol=0.18",-0.00482245985776486,1000000.0,1257824.4648300582,1277733.711257556,0.27773371125755597,-0.02366141243639075,804596.1962936694,-0.1954038037063306,473137.5149638866,0.47313751496388656
2024-12-16,0.0,0.2226217445276735,-4011.8114141763376,0.0,0.0,0.0,0.0,0.0,-4011.8114141763376,1008233.8364741652,224454.77556770772,783779.0609064574,8233.836474165088,0.0082338364741649,4,"mom20@q0.6,hold_q=0.4,buy_top=5,hold_top=10,rebalance=20d,min_hold=5d,turnover_penalty=0.01,target_vol=0.18",-0.003963278501167289,1000000.0,1257824.4648300582,1272669.696709512,0.27266969670951213,-0.005425635236627757,800230.7508198018,-0.19976924918019823,472438.9458897102,0.47243894588971036
2024-12-17,0.0,0.2226217445276735,-7728.312571206982,0.0,0.0,0.0,0.0,0.0,-7728.312571206982,1000505.523902958,222734.2851408505,777771.2387621076,505.52390295802616,0.0005055239029581,4,"mom20@q0.6,hold_q=0.4,buy_top=5,hold_top=10,rebalance=20d,min_hold=5d,turnover_penalty=0.01,target_vol=0.18",-0.00766519857956105,1000000.0,1257824.4648300582,1262914.430758044,0.262914430758044,0.00260491226635029,802315.281718523,-0.19768471828147705,460599.1490395209,0.46059914903952104
2024-12-18,0.0,0.2226217445276735,4654.536570030602,0.0,0.0,0.0,0.0,0.0,4654.536570030602,1005160.0604729886,223770.48619203852,781389.5742809501,5160.06047298864,0.0051600604729886,4,"mom20@q0.6,hold_q=0.4,buy_top=5,hold_top=10,rebalance=20d,min_hold=5d,turnover_penalty=0.01,target_vol=0.18",0.00465218477942364,1000000.0,1257824.4648300582,1268789.7420505309,0.26878974205053074,0.005063704255194201,806377.9690245683,-0.19362203097543162,462411.7730259625,0.46241177302596237
2024-12-19,0.0,0.2226217445276735,3009.973051612489,0.0,0.0,0.0,0.0,0.0,3009.973051612489,1008170.0335246013,224440.5716437698,783729.4618808313,8170.033524601138,0.0081700335246011,4,"mom20@q0.6,hold_q=0.4,buy_top=5,hold_top=10,rebalance=20d,min_hold=5d,turnover_penalty=0.01,target_vol=0.18",0.002994521141435058,1000000.0,1257824.4648300582,1272589.1597571373,0.27258915975713727,0.0009056569310661455,807108.2708212746,-0.19289172917872544,465480.8889358627,0.4654808889358627
2024-12-20,0.0,0.2226217445276735,7408.834805781147,0.0,0.0,0.0,0.0,0.0,7408.834805781147,1015578.8683303824,226089.93937315012,789488.9289572322,15578.868330382276,0.0155788683303823,4,"mom20@q0.6,hold_q=0.4,buy_top=5,hold_top=10,rebalance=20d,min_hold=5d,turnover_penalty=0.01,target_vol=0.18",0.007348794905041478,1000000.0,1257824.4648300582,1281941.1564905716,0.2819411564905716,-0.004491238030546518,803483.3554605935,-0.19651664453940654,478457.8010299781,0.47845780102997815
2024-12-23,0.0,0.2226217445276735,-9536.139905099137,0.0,0.0,0.0,0.0,0.0,-9536.139905099137,1006042.7284252832,223966.98727141705,782075.7411538662,6042.728425283218,0.0060427284252833,4,"mom20@q0.6,hold_q=0.4,buy_top=5,hold_top=10,rebalance=20d,min_hold=5d,turnover_penalty=0.01,target_vol=0.18",-0.009389856566015986,1000000.0,1257824.4648300582,1269903.9129050525,0.26990391290505245,0.0014843141348461764,804675.9771622173,-0.19532402283778272,465227.9357428353,0.46522793574283516
2024-12-24,0.0,0.2226217445276735,-234.52612085041775,0.0,0.0,0.0,0.0,0.0,-234.52612085041775,1005808.2023044328,223914.776657256,781893.4256471768,5808.202304432751,0.0058082023044327,4,"mom20@q0.6,hold_q=0.4,buy_top=5,hold_top=10,rebalance=20d,min_hold=5d,turnover_penalty=0.01,target_vol=0.18",-0.00023311745537646367,1000000.0,1257824.4648300582,1269607.8761363034,0.26960787613630344,0.012741606225388002,814928.8416022476,-0.18507115839775246,454679.03453405586,0.4546790345340559
2024-12-25,0.0,0.2226217445276735,-6872.6292402626805,0.0,0.0,0.0,0.0,0.0,-6872.6292402626805,998935.57306417,222384.77994629685,776550.7931178733,-1064.4269358299207,-0.0010644269358298,4,"mom20@q0.6,hold_q=0.4,buy_top=5,hold_top=10,rebalance=20d,min_hold=5d,turnover_penalty=0.01,target_vol=0.18",-0.006832942130037045,1000000.0,1257824.4648300582,1260932.718990825,0.2609327189908248,0.00048698568412697263,815325.70028169,-0.18467429971830995,445607.0187091349,0.4456070187091348
2024-12-26,0.0,0.2226217445276735,626.302471611227,0.0,0.0,0.0,0.0,0.0,626.302471611227,999561.8755357811,222524.2084951289,777037.6670406524,-438.1244642187376,-0.0004381244642187,4,"mom20@q0.6,hold_q=0.4,buy_top=5,hold_top=10,rebalance=20d,min_hold=5d,turnover_penalty=0.01,target_vol=0.18",0.0006269698351917263,1000000.0,1257824.4648300582,1261723.2857698384,0.2617232857698384,0.0004641675218222119,815704.1479914677,-0.18429585200853227,446019.13777837064,0.44601913777837066
2024-12-27,0.0,0.2226217445276735,1989.1970833292903,0.0,0.0,0.0,0.0,0.0,1989.1970833292903,1001551.0726191106,222967.04702002904,778584.0255990815,1551.072619110579,0.0015510726191105,4,"mom20@q0.6,hold_q=0.4,buy_top=5,hold_top=10,rebalance=20d,min_hold=5d,turnover_penalty=0.01,target_vol=0.18",0.0019900689812355488,1000000.0,1257824.4648300582,1264234.2021437516,0.2642342021437516,-0.001617562972102582,814384.6951654863,-0.18561530483451372,449849.50697826524,0.4498495069782653
2024-12-30,0.0,0.2226217445276735,5318.9371206527785,0.0,0.0,0.0,0.0,0.0,5318.9371206527785,1006870.0097397632,224151.15808086176,782718.8516589015,6870.009739763336,0.0068700097397633,4,"mom20@q0.6,hold_q=0.4,buy_top=5,hold_top=10,rebalance=20d,min_hold=5d,turnover_penalty=0.01,target_vol=0.18",0.0053106998395431315,1000000.0,1257824.4648300582,1270948.1705182213,0.2709481705182213,0.004526466768650428,818070.9804250504,-0.18192901957494967,452877.19009317097,0.45287719009317096
2024-12-31,0.0,0.2226217445276735,-7898.570451110228,0.0,0.0,0.0,0.0,0.0,-7898.570451110228,998971.4392886532,222392.7645477609,776578.6747408923,-1028.560711346916,-0.0010285607113469,4,"mom20@q0.6,hold_q=0.4,buy_top=5,hold_top=10,rebalance=20d,min_hold=5d,turnover_penalty=0.01,target_vol=0.18",-0.007844677440687176,1000000.0,1257824.4648300582,1260977.9920766745,0.2609779920766744,-0.016038809217189143,804950.0960438941,-0.19504990395610589,456027.8960327804,0.45602789603278027
2025-01-02,0.0,0.2226217445276735,-8255.26124047591,0.0,0.0,0.0,0.0,0.0,-8255.26124047591,990716.1780481772,220554.96388887445,770161.2141593029,-9283.821951822729,-0.0092838219518227,4,"mom20@q0.6,hold_q=0.4,buy_top=5,hold_top=10,rebalance=20d,min_hold=5d,turnover_penalty=0.01,target_vol=0.18",-0.008263761020389615,1000000.0,1257824.4648300582,1250557.571298182,0.250557571298182,-0.02910104678378911,781525.2056403053,-0.21847479435969475,469032.3656578767,0.46903236565787676
2025-01-03,0.0,0.2226217445276735,-8877.72667800303,0.0,0.0,0.0,0.0,0.0,-8877.72667800303,981838.4513701742,218578.58888837756,763259.8624817966,-18161.54862982582,-0.0181615486298257,4,"mom20@q0.6,hold_q=0.4,buy_top=5,hold_top=10,rebalance=20d,min_hold=5d,turnover_penalty=0.01,target_vol=0.18",-0.008960918247537975,1000000.0,1257824.4648300582,1239351.4271379393,0.23935142713793933,-0.011841691969427304,772270.6248887694,-0.2277293751112307,467080.8022491699,0.46708080224917004
2025-01-06,0.0,0.2226217445276735,942.9888895034768,0.0,0.0,0.0,0.0,0.0,942.9888895034768,982781.4402596776,218788.518720029,763992.9215396487,-17218.559740322293,-0.0172185597403222,4,"mom20@q0.6,hold_q=0.4,buy_top=5,hold_top=10,rebalance=20d,min_hold=5d,turnover_penalty=0.01,target_vol=0.18",0.0009604318186839933,1000000.0,1257824.4648300582,1240541.739683094,0.240541739683094,-0.0016396656035770896,771004.3593084863,-0.22899564069151368,469537.38037460763,0.4695373803746077
2025-01-07,0.0,0.2226217445276735,11028.820602395564,0.0,0.0,0.0,0.0,0.0,11028.820602395564,993810.2608620732,221243.77400261705,772566.4868594562,-6189.739137926721,-0.0061897391379267,4,"mom20@q0.6,hold_q=0.4,buy_top=5,hold_top=10,rebalance=20d,min_hold=5d,turnover_penalty=0.01,target_vol=0.18",0.011222048108154636,1000000.0,1257824.4648300582,1254463.1587659917,0.2544631587659918,0.007200906348418856,776556.2894940894,-0.2234437105059106,477906.86927190225,0.4779068692719024
2025-01-08,-18629.1863038738,0.2401825022199089,6153.931615155152,189999.7709172973,172439.01322506188,514.8993791858758,553.5292324524486,1068.4286116383244,5085.503003516827,998895.76386559,239917.28402210475,758978.4798434854,-1104.2361344099045,-0.0011042361344099,4,"mom20@q0.6,hold_q=0.4,buy_top=5,hold_top=10,rebalance=20d,min_hold=5d,turnover_penalty=0.01,target_vol=0.18",0.005117176994233752,1000000.0,1257824.4648300582,1260882.4687821427,0.2608824687821427,-0.0018150158978533781,775146.8274830796,-0.22485317251692039,485735.6412990631,0.4857356412990631
2025-01-09,0.0,0.2401825022199089,-3935.224850635873,0.0,0.0,0.0,0.0,0.0,-3935.224850635873,994960.5390149542,238972.11187068108,755988.4271442732,-5039.460985045764,-0.0050394609850458,4,"mom20@q0.6,hold_q=0.4,buy_top=5,hold_top=10,rebalance=20d,min_hold=5d,turnover_penalty=0.01,target_vol=0.18",-0.003939575071784218,1000000.0,1257824.4648300582,1255915.127639679,0.25591512763967894,-0.00246488723272853,773236.1779645266,-0.2267638220354734,482678.9496751524,0.48267894967515235
2025-01-10,0.0,0.2401825022199089,-2704.637613756617,0.0,0.0,0.0,0.0,0.0,-2704.637613756617,992255.9014011977,238322.5052410109,753933.3961601866,-7744.098598802462,-0.0077440985988024,4,"mom20@q0.6,hold_q=0.4,buy_top=5,hold_top=10,rebalance=20d,min_hold=5d,turnover_penalty=0.01,target_vol=0.18",-0.002718336564819235,1000000.0,1257824.4648300582,1252501.1276259064,0.2525011276259064,-0.012540080637480577,763539.7339410342,-0.23646026605896586,488961.3936848722,0.48896139368487224
2025-01-13,0.0,0.2401825022199089,-879.0863249328722,0.0,0.0,0.0,0.0,0.0,-879.0863249328722,991376.8150762648,238111.3640878212,753265.4509884435,-8623.18492373533,-0.0086231849237353,4,"mom20@q0.6,hold_q=0.4,buy_top=5,hold_top=10,rebalance=20d,min_hold=5d,turnover_penalty=0.01,target_vol=0.18",-0.0008859471873047253,1000000.0,1257824.4648300582,1251391.47777479,0.2513914777747901,-0.0026711462620027104,761500.207634827,-0.23849979236517305,489891.270139963,0.48989127013996314
2025-01-14,0.0,0.2401825022199089,5619.863527364279,0.0,0.0,0.0,0.0,0.0,5619.863527364279,996996.678603629,239461.156971958,757535.521631671,-3003.3213963710004,-0.003003321396371,4,"mom20@q0.6,hold_q=0.4,buy_top=5,hold_top=10,rebalance=20d,min_hold=5d,turnover_penalty=0.01,target_vol=0.18",0.005668746173907557,1000000.0,1257824.4648300582,1258485.2984264866,0.2584852984264865,0.026334381908980742,781553.8449264506,-0.21844615507354936,476931.4535000359,0.47693145350003585
2025-01-15,0.0,0.2401825022199089,-9542.221632956149,0.0,0.0,0.0,0.0,0.0,-9542.221632956149,987454.4569706728,237169.28230341765,750285.1746672553,-12545.543029327178,-0.0125455430293272,4,"mom20@q0.6,hold_q=0.4,buy_top=5,hold_top=10,rebalance=20d,min_hold=5d,turnover_penalty=0.01,target_vol=0.18",-0.009570966320891605,1000000.0,1257824.4648300582,1246440.3780199094,0.24644037801990937,-0.006415323488302649,776539.9241877208,-0.22346007581227922,469900.4538321886,0.4699004538321886
2025-01-16,0.0,0.2401825022199089,-3028.7734900628275,0.0,0.0,0.0,0.0,0.0,-3028.7734900628275,984425.68348061,236441.82390791705,747983.859572693,-15574.316519389977,-0.01557431651939,4,"mom20@q0.6,hold_q=0.4,buy_top=5,hold_top=10,rebalance=20d,min_hold=5d,turnover_penalty=0.01,target_vol=0.18",-0.0030672538552861672,1000000.0,1257824.4648300582,1242617.2289650436,0.24261722896504345,0.0011459340416171138,777429.7877215223,-0.22257021227847773,465187.4412435213,0.4651874412435212
2025-01-17,0.0,0.2401825022199089,1304.2724367274411,0.0,0.0,0.0,0.0,0.0,1304.2724367274411,985729.9559173374,236755.08732534669,748974.8685919908,-14270.044082662556,-0.0142700440826625,4,"mom20@q0.6,hold_q=0.4,buy_top=5,hold_top=10,rebalance=20d,min_hold=5d,turnover_penalty=0.01,target_vol=0.18",0.0013249069570351324,1000000.0,1257824.4648300582,1244263.581176631,0.24426358117663094,0.003147053715681025,779876.4010236524,-0.2201235989763476,464387.1801529785,0.46438718015297853
2025-01-20,0.0,0.2401825022199089,6700.300008636153,0.0,0.0,0.0,0.0,0.0,6700.300008636153,992430.2559259736,238364.382147045,754065.8737789287,-7569.7440740263555,-0.0075697440740263,4,"mom20@q0.6,hold_q=0.4,buy_top=5,hold_top=10,rebalance=20d,min_hold=5d,turnover_penalty=0.01,target_vol=0.18",0.006797297747130671,1000000.0,1257824.4648300582,1252721.2112137994,0.25272121121379953,0.004548387604463411,783423.5811790819,-0.21657641882091805,469297.6300347175,0.4692976300347176
2025-01-21,0.0,0.2401825022199089,8222.585142346921,0.0,0.0,0.0,0.0,0.0,8222.585142346921,1000652.8410683206,240339.30322125013,760313.5378470705,652.8410683205584,0.0006528410683206,4,"mom20@q0.6,hold_q=0.4,buy_top=5,hold_top=10,rebalance=20d,min_hold=5d,turnover_penalty=0.01,target_vol=0.18",0.008285302763844982,1000000.0,1257824.4648300582,1263100.3857273965,0.26310038572739636,0.0007650769777109989,784022.960524838,-0.215977039475162,479077.4252025585,0.47907742520255836
2025-01-22,0.0,0.2401825022199089,7555.055115182184,0.0,0.0,0.0,0.0,0.0,7555.055115182184,1008207.8961835027,242153.8952632239,766054.0009202788,8207.896183502744,0.0082078961835028,4,"mom20@q0.6,hold_q=0.4,buy_top=5,hold_top=10,rebalance=20d,min_hold=5d,turnover_penalty=0.01,target_vol=0.18",0.007550126082804365,1000000.0,1257824.4648300582,1272636.9528948772,0.2726369528948771,-0.0092861000727964,776742.4448540342,-0.2232575551459658,495894.50804084295,0.4958945080408429
2025-01-23,0.0,0.2401825022199089,-4841.747944150358,0.0,0.0,0.0,0.0,0.0,-4841.747944150358,1003366.1482393524,240990.99212687975,762375.1561124726,3366.148239352391,0.0033661482393523,4,"mom20@q0.6,hold_q=0.4,buy_top=5,hold_top=10,rebalance=20d,min_hold=5d,turnover_penalty=0.01,target_vol=0.18",-0.004802330910597341,1000000.0,1257824.4648300582,1266525.3291180215,0.2665253291180216,0.0017698089554438745,778117.1305890102,-0.22188286941098978,488408.19852901134,0.4884081985290114
2025-01-24,0.0,0.2401825022199089,4690.602054547299,0.0,0.0,0.0,0.0,0.0,4690.602054547299,1008056.7502938996,242117.5926652588,765939.1576286409,8056.750293899677,0.0080567502938997,4,"mom20@q0.6,hold_q=0.4,buy_top=5,hold_top=10,rebalance=20d,min_hold=5d,turnover_penalty=0.01,target_vol=0.18",0.004674865763388603,1000000.0,1257824.4648300582,1272446.16501758,0.27244616501758,0.007655623149847246,784074.1021072401,-0.21592589789275984,488372.0629103398,0.48837206291033985
2025-01-27,0.0,0.2401825022199089,-12728.58410590098,0.0,0.0,0.0,0.0,0.0,-12728.58410590098,995328.1661879988,239060.4094849869,756267.7567030118,-4671.833812001278,-0.0046718338120013,4,"mom20@q0.6,hold_q=0.4,buy_top=5,hold_top=10,rebalance=20d,min_hold=5d,turnover_penalty=0.01,target_vol=0.18",-0.01262685270664543,1000000.0,1257824.4648300582,1256379.1747147671,0.25637917471476723,-0.004117030102847585,780846.0454260014,-0.21915395457399856,475533.1292887657,0.4755331292887658
2025-02-05,0.0,0.2401825022199089,-12446.39247746715,0.0,0.0,0.0,0.0,0.0,-12446.39247746715,982881.7737105316,236071.0037961378,746810.7699143938,-17118.226289468468,-0.0171182262894684,4,"mom20@q0.6,hold_q=0.4,buy_top=5,hold_top=10,rebalance=20d,min_hold=5d,turnover_penalty=0.01,target_vol=0.18",-0.012504812885116623,1000000.0,1257824.4648300582,1240668.3882222017,0.24066838822220182,-0.005763567962945526,776345.5861745914,-0.22365441382540852,464322.8020476103,0.46432280204761034
2025-02-06,0.0,0.2401825022199089,2329.0214581080204,0.0,0.0,0.0,0.0,0.0,2329.0214581080204,985210.7951686396,236630.39399767003,748580.4011709695,-14789.20483136049,-0.0147892048313604,4,"mom20@q0.6,hold_q=0.4,buy_top=5,hold_top=10,rebalance=20d,min_hold=5d,turnover_penalty=0.01,target_vol=0.18",0.002369584542518899,1000000.0,1257824.4648300582,1243608.256857325,0.243608256857325,0.012582079956153791,786113.6284134472,-0.21388637158655277,457494.6284438779,0.4574946284438778
2025-02-07,0.0,0.2401825022199089,7505.561544402867,0.0,0.0,0.0,0.0,0.0,7505.561544402867,992716.3567130424,238433.09854997025,754283.2581630722,-7283.643286957638,-0.0072836432869576,4,"mom20@q0.6,hold_q=0.4,buy_top=5,hold_top=10,rebalance=20d,min_hold=5d,turnover_penalty=0.01,target_vol=0.18",0.007618229094940032,1000000.0,1257824.4648300582,1253082.3494624232,0.25308234946242325,0.01297741508211403,796315.3512710753,-0.20368464872892467,456766.9981913479,0.4567669981913479
2025-02-10,0.0,0.2401825022199089,7848.706342780231,0.0,0.0,0.0,0.0,0.0,7848.706342780231,1000565.0630558226,240318.2204785685,760246.8425772542,565.0630558226258,0.0005650630558227,4,"mom20@q0.6,hold_q=0.4,buy_top=5,hold_top=10,rebalance=20d,min_hold=5d,turnover_penalty=0.01,target_vol=0.18",0.007906292960426109,1000000.0,1257824.4648300582,1262989.5856208121,0.2629895856208122,0.002147609628278646,798025.5257866113,-0.20197447421338877,464964.0598342009,0.46496405983420097
2025-02-11,0.0,0.2401825022199089,5715.273572867018,0.0,0.0,0.0,0.0,0.0,5715.273572867018,1006280.3366286895,241690.929186171,764589.4074425186,6280.336628689664,0.0062803366286896,4,"mom20@q0.6,hold_q=0.4,buy_top=5,hold_top=10,rebalance=20d,min_hold=5d,turnover_penalty=0.01,target_vol=0.18",0.005712045906751895,1000000.0,1257824.4648300582,1270203.8401136277,0.27020384011362775,-0.004593623271623604,794359.6971600082,-0.2056403028399918,475844.1429536195,0.47584414295361954
2025-02-12,0.0,0.2401825022199089,3461.870435462823,0.0,0.0,0.0,0.0,0.0,3461.870435462823,1009742.2070641523,242522.4098897216,767219.7971744309,9742.207064152462,0.0097422070641524,4,"mom20@q0.6,hold_q=0.4,buy_top=5,hold_top=10,rebalance=20d,min_hold=5d,turnover_penalty=0.01,target_vol=0.18",0.0034402644168334273,1000000.0,1257824.4648300582,1274573.6771868959,0.27457367718689585,0.009456264775413725,801871.3727832707,-0.1981286272167293,472702.3044036252,0.47270230440362515
2025-02-13,5064.648130385067,0.23371350465977,-5413.87596775703,233713.5046597701,240182.502219909,633.3635976279768,770.9858321259078,1404.3494297538846,-6818.225397510914,1002923.9816666415,234396.87866264177,768527.1030039998,2923.9816666415427,0.0029239816666415,4,"mom20@q0.6,hold_q=0.4,buy_top=5,hold_top=10,rebalance=20d,min_hold=5d,turnover_penalty=0.01,target_vol=0.18",-0.0067524417121622715,1000000.0,1257824.4648300582,1265967.192723835,0.26596719272383496,-0.0037552361563933934,798860.1564114181,-0.20113984358858195,467107.0363124168,0.4671070363124169
2025-02-14,0.0,0.23371350465977,686.6990417412741,0.0,0.0,0.0,0.0,0.0,686.6990417412741,1003610.6807083827,234557.36950233363,769053.3112060493,3610.6807083828608,0.0036106807083828,4,"mom20@q0.6,hold_q=0.4,buy_top=5,hold_top=10,rebalance=20d,min_hold=5d,turnover_penalty=0.01,target_vol=0.18",0.0006846970002651886,1000000.0,1257824.4648300582,1266833.996663127,0.266833996663127,0.008673184572128179,805788.8179952935,-0.19421118200470644,461045.17866783356,0.46104517866783346
2025-02-17,0.0,0.23371350465977,7811.316548871942,0.0,0.0,0.0,0.0,0.0,7811.316548871942,1011421.9972572548,236382.97966897732,775039.0175882775,11421.997257254783,0.0114219972572546,4,"mom20@q0.6,hold_q=0.4,buy_top=5,hold_top=10,rebalance=20d,min_hold=5d,turnover_penalty=0.01,target_vol=0.18",0.007783213848779003,1000000.0,1257824.4648300582,1276694.0365700594,0.2766940365700594,0.0021299768215872206,807505.1295007177,-0.19249487049928227,469188.9070693416,0.4691889070693417
2025-02-18,0.0,0.23371350465977,-8894.048768735078,0.0,0.0,0.0,0.0,0.0,-8894.048768735078,1002527.9484885198,234304.32036062135,768223.6281278983,2527.94848851976,0.0025279484885196,4,"mom20@q0.6,hold_q=0.4,buy_top=5,hold_top=10,rebalance=20d,min_hold=5d,turnover_penalty=0.01,target_vol=0.18",-0.008793608199993308,1000000.0,1257824.4648300582,1265467.2894211945,0.26546728942119446,-0.008770329837361257,800423.0431696353,-0.1995769568303647,465044.2462515591,0.46504424625155916
2025-02-19,0.0,0.23371350465977,10023.482725974443,0.0,0.0,0.0,0.0,0.0,10023.482725974443,1012551.4312144942,236646.94363740552,775904.4875770886,12551.431214494163,0.012551431214494,4,"mom20@q0.6,hold_q=0.4,buy_top=5,hold_top=10,rebalance=20d,min_hold=5d,turnover_penalty=0.01,target_vol=0.18",0.009998207771749978,1000000.0,1257824.4648300582,1278119.6943091808,0.2781196943091808,0.00699758228165126,806024.0692743446,-0.19397593072565544,472095.62503483624,0.47209562503483626
2025-02-20,0.0,0.23371350465977,-1584.0744847912442,0.0,0.0,0.0,0.0,0.0,-1584.0744847912442,1010967.3567297028,236276.72403792283,774690.6326917801,10967.356729702908,0.0109673567297028,4,"mom20@q0.6,hold_q=0.4,buy_top=5,hold_top=10,rebalance=20d,min_hold=5d,turnover_penalty=0.01,target_vol=0.18",-0.0015644385420415796,1000000.0,1257824.4648300582,1276120.1545980612,0.27612015459806116,-0.0028577519694631404,803720.6524029411,-0.1962793475970589,472399.5021951201,0.47239950219512006
2025-02-21,0.0,0.23371350465977,6567.891437172251,0.0,0.0,0.0,0.0,0.0,6567.891437172251,1017535.2481668752,237811.7289639293,779723.519202946,17535.248166875215,0.0175352481668751,4,"mom20@q0.6,hold_q=0.4,buy_top=5,hold_top=10,rebalance=20d,min_hold=5d,turnover_penalty=0.01,target_vol=0.18",0.006496640463662828,1000000.0,1257824.4648300582,1284410.6484309186,0.28441064843091857,0.012609127236631101,813854.868371798,-0.186145131628202,470555.7800591206,0.4705557800591206
2025-02-24,0.0,0.23371350465977,3034.146434595764,0.0,0.0,0.0,0.0,0.0,3034.146434595764,1020569.3946014708,238520.8499608096,782048.5446406613,20569.394601470907,0.0205693946014708,4,"mom20@q0.6,hold_q=0.4,buy_top=5,hold_top=10,rebalance=20d,min_hold=5d,turnover_penalty=0.01,target_vol=0.18",0.002981858800529702,1000000.0,1257824.4648300582,1288240.5796264363,0.28824057962643646,-0.0021918138767960116,812071.0499776027,-0.1879289500223973,476169.5296488337,0.47616952964883374
2025-02-25,0.0,0.23371350465977,-2240.8636817718207,0.0,0.0,0.0,0.0,0.0,-2240.8636817718207,1018328.5309196992,237997.1298562779,780331.4010634213,18328.530919699115,0.0183285309196992,4,"mom20@q0.6,hold_q=0.4,buy_top=5,hold_top=10,rebalance=20d,min_hold=5d,turnover_penalty=0.01,target_vol=0.18",-0.002195699472887447,1000000.0,1257824.4648300582,1285411.9904647984,0.2854119904647985,-0.011101538647562026,803055.81183171,-0.19694418816828996,482356.17863308836,0.48235617863308844
2025-02-26,0.0,0.23371350465977,3278.8311903027848,0.0,0.0,0.0,0.0,0.0,3278.8311903027848,1021607.3621100018,238763.4369849513,782843.9251250506,21607.36211000185,0.0216073621100019,4,"mom20@q0.6,hold_q=0.4,buy_top=5,hold_top=10,rebalance=20d,min_hold=5d,turnover_penalty=0.01,target_vol=0.18",0.0032198166807144712,1000000.0,1257824.4648300582,1289550.7814332873,0.2895507814332874,0.008734859195292488,810070.3912740214,-0.18992960872597864,479480.39015926595,0.479480390159266
2025-02-27,0.0,0.23371350465977,-8508.76808797212,0.0,0.0,0.0,0.0,0.0,-8508.76808797212,1013098.5940220298,236774.8229747741,776323.7710472556,13098.594022029778,0.0130985940220298,4,"mom20@q0.6,hold_q=0.4,buy_top=5,hold_top=10,rebalance=20d,min_hold=5d,turnover_penalty=0.01,target_vol=0.18",-0.00832880459122598,1000000.0,1257824.4648300582,1278810.3649642668,0.2788103649642668,0.002065687863957555,811743.7438502274,-0.1882562561497726,467066.6211140393,0.4670666211140394
2025-02-28,0.0,0.23371350465977,-18336.87127089011,0.0,0.0,0.0,0.0,0.0,-18336.87127089011,994761.7227511395,232489.24852555935,762272.4742255802,-5238.277248860337,-0.0052382772488603,4,"mom20@q0.6,hold_q=0.4,buy_top=5,hold_top=10,rebalance=20d,min_hold=5d,turnover_penalty=0.01,target_vol=0.18",-0.018099789476651362,1000000.0,1257824.4648300582,1255664.166577854,0.25566416657785407,-0.019674304204509885,795773.2504976103,-0.20422674950238973,459890.91608024365,0.4598909160802438
2025-03-03,0.0,0.23371350465977,-1317.6927807188583,0.0,0.0,0.0,0.0,0.0,-1317.6927807188583,993444.0299704208,232181.28592771268,761262.7440427081,-6555.970029579243,-0.0065559700295791,4,"mom20@q0.6,hold_q=0.4,buy_top=5,hold_top=10,rebalance=20d,min_hold=5d,turnover_penalty=0.01,target_vol=0.18",-0.001324631568125234,1000000.0,1257824.4648300582,1254000.874183841,0.2540008741838411,-0.00040616444518715156,795450.0356968271,-0.20454996430317285,458550.83848701394,0.45855083848701395
2025-03-04,0.0,0.23371350465977,4388.7746355665895,0.0,0.0,0.0,0.0,0.0,4388.7746355665895,997832.8046059874,233207.00182895287,764625.8027770345,-2167.195394012612,-0.0021671953940126,4,"mom20@q0.6,hold_q=0.4,buy_top=5,hold_top=10,rebalance=20d,min_hold=5d,turnover_penalty=0.01,target_vol=0.18",0.004417737188170845,1000000.0,1257824.4648300582,1259540.7204797217,0.25954072047972176,-0.0008358043137789428,794785.1951255961,-0.2052148048744039,464755.52535412554,0.4647555253541257
2025-03-05,0.0,0.23371350465977,2647.6194348857207,0.0,0.0,0.0,0.0,0.0,2647.6194348857207,1000480.4240408732,233825.7862460853,766654.6377947878,480.4240408730693,0.0004804240408731,4,"mom20@q0.6,hold_q=0.4,buy_top=5,hold_top=10,rebalance=20d,min_hold=5d,turnover_penalty=0.01,target_vol=0.18",0.002653369805707406,1000000.0,1257824.4648300582,1262882.7477965017,0.26288274779650167,0.004465641585289948,798334.4209443217,-0.20166557905567828,464548.32685218006,0.46454832685217995
2025-03-06,0.0,0.23371350465977,5526.420681435326,0.0,0.0,0.0,0.0,0.0,5526.420681435326,1006006.8447223085,235117.3853917678,770889.4593305406,6006.844722308451,0.0060068447223085,4,"mom20@q0.6,hold_q=0.4,buy_top=5,hold_top=10,rebalance=20d,min_hold=5d,turnover_penalty=0.01,target_vol=0.18",0.005523766931005536,1000000.0,1257824.4648300582,1269858.6177565174,0.2698586177565174,0.013752475932526487,809313.495854466,-0.190686504145534,460545.1219020514,0.46054512190205144
2025-03-07,0.0,0.23371350465977,-3556.547758121416,0.0,0.0,0.0,0.0,0.0,-3556.547758121416,1002450.2969641872,234286.17215072745,768164.1248134596,2450.2969641870586,0.002450296964187,4,"mom20@q0.6,hold_q=0.4,buy_top=5,hold_top=10,rebalance=20d,min_hold=5d,turnover_penalty=0.01,target_vol=0.18",-0.00353531168975596,1000000.0,1257824.4648300582,1265369.2717408254,0.26536927174082536,-0.0030913190301902205,806811.6496433413,-0.1931883503566587,458557.62209748407,0.4585576220974841
2025-03-10,0.0,0.23371350465977,952.2134230046436,0.0,0.0,0.0,0.0,0.0,952.2134230046436,1003402.5103871915,234508.7172870019,768893.7931001898,3402.5103871916654,0.0034025103871917,4,"mom20@q0.6,hold_q=0.4,buy_top=5,hold_top=10,rebalance=20d,min_hold=5d,turnover_penalty=0.01,target_vol=0.18",0.0009498859204173371,1000000.0,1257824.4648300582,1266571.2281961807,0.26657122819618073,-0.0038564810941148497,803700.1957699801,-0.19629980423001991,462871.0324262006,0.46287103242620065
2025-03-11,0.0,0.23371350465977,-3619.6679325318673,0.0,0.0,0.0,0.0,0.0,-3619.6679325318673,999782.8424546598,233662.7520087853,766120.0904458745,-217.15754534024745,-0.0002171575453402,4,"mom20@q0.6,hold_q=0.4,buy_top=5,hold_top=10,rebalance=20d,min_hold=5d,turnover_penalty=0.01,target_vol=0.18",-0.003607393737868003,1000000.0,1257824.4648300582,1262002.207079022,0.262002207079022,0.0032121767460802086,806281.8228496525,-0.19371817715034745,455720.38422936946,0.45572038422936945
2025-03-12,0.0,0.23371350465977,2630.891492302323,0.0,0.0,0.0,0.0,0.0,2630.891492302323,1002413.7339469622,234277.62687983084,768136.1070671313,2413.7339469621656,0.002413733946962,4,"mom20@q0.6,hold_q=0.4,buy_top=5,hold_top=10,rebalance=20d,min_hold=5d,turnover_penalty=0.01,target_vol=0.18",0.002631462934333806,1000000.0,1257824.4648300582,1265323.1191099978,0.26532311910999784,-0.003600225299511317,803379.0266324931,-0.19662097336750683,461944.09247750463,0.4619440924775047
2025-03-13,-10869.132238953534,0.2431734165898073,-3890.049502585978,243173.41658980737,233713.5046597701,658.9999589583779,750.2203499578618,1409.2203089162397,-5299.269811502218,997114.46413546,242471.7309749347,754642.7331605251,-2885.535864540143,-0.0028855358645401,4,"mom20@q0.6,hold_q=0.4,buy_top=5,hold_top=10,rebalance=20d,min_hold=5d,turnover_penalty=0.01,target_vol=0.18",-0.005286509583858678,1000000.0,1257824.4648300582,1258633.976314145,0.258633976314145,-0.003984997058995798,800177.5635741038,-0.19982243642589625,458456.41274004115,0.45845641274004123
2025-03-14,0.0,0.2431734165898073,11035.262672667235,0.0,0.0,0.0,0.0,0.0,11035.262672667235,1008149.7268081272,245155.21350201315,762994.513306114,8149.726808127132,0.0081497268081272,4,"mom20@q0.6,hold_q=0.4,buy_top=5,hold_top=10,rebalance=20d,min_hold=5d,turnover_penalty=0.01,target_vol=0.18",0.011067197467880874,1000000.0,1257824.4648300582,1272563.5270697977,0.2725635270697977,0.024281748040433815,819607.2735604183,-0.1803927264395817,452956.25350937946,0.4529562535093794
2025-03-17,0.0,0.2431734165898073,9004.046000206017,0.0,0.0,0.0,0.0,0.0,9004.046000206017,1017153.7728083332,247344.75813101503,769809.014677318,17153.77280833316,0.017153772808333,4,"mom20@q0.6,hold_q=0.4,buy_top=5,hold_top=10,rebalance=20d,min_hold=5d,turnover_penalty=0.01,target_vol=0.18",0.008931258681895704,1000000.0,1257824.4648300582,1283929.1211192037,0.28392912111920365,-0.0024385008585918744,817608.660520133,-0.18239133947986697,466320.46059907076,0.4663204605990706
2025-03-18,0.0,0.2431734165898073,1333.351588520013,0.0,0.0,0.0,0.0,0.0,1333.351588520013,1018487.1243968531,247668.9937923109,770818.1306045422,18487.12439685315,0.0184871243968531,4,"mom20@q0.6,hold_q=0.4,buy_top=5,hold_top=10,rebalance=20d,min_hold=5d,turnover_penalty=0.01,target_vol=0.18",0.00131086530293123,1000000.0,1257824.4648300582,1285612.1792555018,0.28561217925550175,0.0027346945924102695,819844.5705027652,-0.18015542949723473,465767.6087527366,0.4657676087527365
2025-03-19,0.0,0.2431734165898073,-9463.988972352605,0.0,0.0,0.0,0.0,0.0,-9463.988972352605,1009023.1354245006,245367.60325933568,763655.5321651648,9023.135424500564,0.0090231354245005,4,"mom20@q0.6,hold_q=0.4,buy_top=5,hold_top=10,rebalance=20d,min_hold=5d,turnover_penalty=0.01,target_vol=0.18",-0.009292202862119736,1000000.0,1257824.4648300582,1273666.0100838477,0.2736660100838477,0.0006113201521065204,820345.7580103087,-0.17965424198969127,453320.25207353896,0.453320252073539
2025-03-20,0.0,0.2431734165898073,965.6250018294522,0.0,0.0,0.0,0.0,0.0,965.6250018294522,1009988.76042633,245602.4175901751,764386.342836155,9988.76042633003,0.00998876042633,4,"mom20@q0.6,hold_q=0.4,buy_top=5,hold_top=10,rebalance=20d,min_hold=5d,turnover_penalty=0.01,target_vol=0.18",0.0009569899518937497,1000000.0,1257824.4648300582,1274884.8956575664,0.27488489565756646,-0.008772695421889964,813149.1145346449,-0.1868508854653551,461735.7811229215,0.4617357811229216
2025-03-21,0.0,0.2431734165898073,-6514.906101956258,0.0,0.0,0.0,0.0,0.0,-6514.906101956258,1003473.8543243738,244018.16561460056,759455.6887097731,3473.854324373766,0.0034738543243737,4,"mom20@q0.6,hold_q=0.4,buy_top=5,hold_top=10,rebalance=20d,min_hold=5d,turnover_penalty=0.01,target_vol=0.18",-0.006450473863893524,1000000.0,1257824.4648300582,1266661.2839586546,0.2666612839586546,-0.015167333754298795,800815.8105224854,-0.1991841894775146,465845.4734361692,0.4658454734361692
2025-03-24,0.0,0.2431734165898073,3622.4946938422954,0.0,0.0,0.0,0.0,0.0,3622.4946938422954,1007096.349018216,244899.06002588067,762197.2889923353,7096.349018216017,0.007096349018216,4,"mom20@q0.6,hold_q=0.4,buy_top=5,hold_top=10,rebalance=20d,min_hold=5d,turnover_penalty=0.01,target_vol=0.18",0.0036099542386993644,1000000.0,1257824.4648300582,1271233.8732296776,0.2712338732296775,0.005147265435410109,804937.8220641176,-0.19506217793588232,466296.0511655599,0.46629605116555983
2025-03-25,0.0,0.2431734165898073,-6804.688458596358,0.0,0.0,0.0,0.0,0.0,-6804.688458596358,1000291.6605596195,243244.34068457456,757047.3198750451,291.6605596196605,0.0002916605596197,4,"mom20@q0.6,hold_q=0.4,buy_top=5,hold_top=10,rebalance=20d,min_hold=5d,turnover_penalty=0.01,target_vol=0.18",-0.006756740271405159,1000000.0,1257824.4648300582,1262644.4761240522,0.2626444761240523,-0.0006480551990545314,804416.1779236135,-0.19558382207638658,458228.29820043873,0.45822829820043887
2025-03-26,0.0,0.2431734165898073,2518.3585383343766,0.0,0.0,0.0,0.0,0.0,2518.3585383343766,1002810.019097954,243856.73853453944,758953.2805634146,2810.019097954035,0.002810019097954,4,"mom20@q0.6,hold_q=0.4,buy_top=5,hold_top=10,rebalance=20d,min_hold=5d,turnover_penalty=0.01,target_vol=0.18",0.0025176242466378174,1000000.0,1257824.4648300582,1265823.3404720256,0.2658233404720256,-0.003290695013096645,801769.089618466,-0.19823091038153406,464054.2508535596,0.46405425085355967
2025-03-27,0.0,0.2431734165898073,946.54397038435,0.0,0.0,0.0,0.0,0.0,946.54397038435,1003756.5630683384,244086.91286577028,759669.6502025682,3756.563068338437,0.0037565630683384,4,"mom20@q0.6,hold_q=0.4,buy_top=5,hold_top=10,rebalance=20d,min_hold=5d,turnover_penalty=0.01,target_vol=0.18",0.0009438916169144385,1000000.0,1257824.4648300582,1267018.1405115917,0.2670181405115917,0.0033296252449379615,804438.6802198705,-0.19556131978012947,462579.46029172116,0.46257946029172115
2025-03-28,0.0,0.2431734165898073,-981.8811596795975,0.0,0.0,0.0,0.0,0.0,-981.8811596795975,1002774.6819086588,243848.14546948584,758926.5364391729,2774.681908658822,0.0027746819086589,4,"mom20@q0.6,hold_q=0.4,buy_top=5,hold_top=10,rebalance=20d,min_hold=5d,turnover_penalty=0.01,target_vol=0.18",-0.000978206465398479,1000000.0,1257824.4648300582,1265778.735174766,0.265778735174766,-0.004384079991659018,800911.956697402,-0.199088043302598,464866.778477364,0.464866778477364
2025-03-31,0.0,0.2431734165898073,902.8903043028916,0.0,0.0,0.0,0.0,0.0,902.8903043028916,1003677.5722129616,244067.704389589,759609.8678233727,3677.572212961735,0.0036775722129618,4,"mom20@q0.6,hold_q=0.4,buy_top=5,hold_top=10,rebalance=20d,min_hold=5d,turnover_penalty=0.01,target_vol=0.18",0.0009003920029015955,1000000.0,1257824.4648300582,1266918.4322253603,0.2669184322253604,-0.00711591067565398,795212.73875448,-0.20478726124551994,471705.6934708803,0.4717056934708803
2025-04-01,0.0,0.2431734165898073,-2809.141587312869,0.0,0.0,0.0,0.0,0.0,-2809.141587312869,1000868.4306256488,243384.5958321176,757483.8347935312,868.4306256488198,0.0008684306256487,4,"mom20@q0.6,hold_q=0.4,buy_top=5,hold_top=10,rebalance=20d,min_hold=5d,turnover_penalty=0.01,target_vol=0.18",-0.002798848619401828,1000000.0,1257824.4648300582,1263372.5193204316,0.2633725193204317,9.518150083209775e-05,795288.4282964355,-0.20471157170356447,468084.0910239961,0.4680840910239962
2025-04-02,0.0,0.2431734165898073,2268.7330895902496,0.0,0.0,0.0,0.0,0.0,2268.7330895902496,1003137.1637152391,243936.2914088436,759200.8723063956,3137.1637152391486,0.003137163715239,4,"mom20@q0.6,hold_q=0.4,buy_top=5,hold_top=10,rebalance=20d,min_hold=5d,turnover_penalty=0.01,target_vol=0.18",0.002266764561823731,1000000.0,1257824.4648300582,1266236.2873756092,0.2662362873756092,-0.0008462630669190396,794615.4050720203,-0.20538459492797978,471620.8823035889,0.471620882303589
2025-04-03,0.0,0.2431734165898073,-5631.9816481934295,0.0,0.0,0.0,0.0,0.0,-5631.9816481934295,997505.1820670456,242566.7431892813,754938.4388777644,-2494.817932954291,-0.0024948179329542,4,"mom20@q0.6,hold_q=0.4,buy_top=5,hold_top=10,rebalance=20d,min_hold=5d,turnover_penalty=0.01,target_vol=0.18",-0.00561436845519192,1000000.0,1257824.4648300582,1259127.1703069482,0.2591271703069482,-0.005892817147608698,789932.8817872577,-0.21006711821274227,469194.2885196905,0.46919428851969047
2025-04-07,0.0,0.2431734165898073,-25289.82975334868,0.0,0.0,0.0,0.0,0.0,-25289.82975334868,972215.352313697,236416.92888318497,735798.423430512,-27784.64768630301,-0.027784647686303,4,"mom20@q0.6,hold_q=0.4,buy_top=5,hold_top=10,rebalance=20d,min_hold=5d,turnover_penalty=0.01,target_vol=0.18",-0.02535308107466938,1000000.0,1257824.4648300582,1227204.417074837,0.22720441707483707,-0.07045448659847209,734278.5661536849,-0.2657214338463152,492925.85092115216,0.49292585092115226
2025-04-08,0.0,0.2431734165898073,-7900.076373014026,0.0,0.0,0.0,0.0,0.0,-7900.076373014026,964315.275940683,234495.84032023876,729819.4356204442,-35684.72405931703,-0.035684724059317,4,"mom20@q0.6,hold_q=0.4,buy_top=5,hold_top=10,rebalance=20d,min_hold=5d,turnover_penalty=0.01,target_vol=0.18",-0.00812585025962953,1000000.0,1257824.4648300582,1217232.337743731,0.21723233774373107,0.01708344477132928,746822.5734853422,-0.2531774265146578,470409.7642583888,0.4704097642583889
2025-04-09,0.0,0.2431734165898073,13083.401659369798,0.0,0.0,0.0,0.0,0.0,13083.401659369798,977398.6776000528,237677.37580236443,739721.3017976884,-22601.32239994721,-0.0226013223999471,4,"mom20@q0.6,hold_q=0.4,buy_top=5,hold_top=10,rebalance=20d,min_hold=5d,turnover_penalty=0.01,target_vol=0.18",0.013567556156991234,1000000.0,1257824.4648300582,1233747.2058421748,0.2337472058421748,0.009869177924596517,754193.0983411741,-0.2458069016588259,479554.10750100075,0.4795541075010007
2025-04-10,0.0,0.2431734165898073,11185.905046216252,0.0,0.0,0.0,0.0,0.0,11185.905046216252,988584.582646269,240397.490550102,748187.092096167,-11415.417353730998,-0.0114154173537309,4,"mom20@q0.6,hold_q=0.4,buy_top=5,hold_top=10,rebalance=20d,min_hold=5d,turnover_penalty=0.01,target_vol=0.18",0.011444567403838368,1000000.0,1257824.4648300582,1247866.9088987329,0.24786690889873286,0.013108964709137139,764079.7890512033,-0.23592021094879667,483787.11984752957,0.48378711984752953
2025-04-11,-348556.7274285199,0.5897694393170072,-10028.41527586162,519134.7861950032,172538.76346780336,1406.8552705884588,553.8494307316488,1960.704701320108,-11989.119977181728,976595.4626690872,575966.1584578808,400629.3042112064,-23404.53733091277,-0.0234045373309127,4,"mom20@q0.6,hold_q=0.4,buy_top=5,hold_top=10,rebalance=20d,min_hold=5d,turnover_penalty=0.01,target_vol=0.18",-0.012127561149182564,1000000.0,1257824.4648300582,1232733.326655022,0.232733326655022,0.004123026837156596,767230.1105271904,-0.23276988947280963,465503.2161278317,0.46550321612783163
2025-04-14,0.0,0.5897694393170072,1167.9246331887837,0.0,0.0,0.0,0.0,0.0,1167.9246331887837,977763.387302276,576654.9647139611,401108.422588315,-22236.612697723904,-0.0222366126977239,4,"mom20@q0.6,hold_q=0.4,buy_top=5,hold_top=10,rebalance=20d,min_hold=5d,turnover_penalty=0.01,target_vol=0.18",0.0011959144577600167,1000000.0,1257824.4648300582,1234207.5702629313,0.23420757026293137,0.002298347962415903,768993.4722884246,-0.23100652771157537,465214.0979745067,0.46521409797450675
2025-04-15,0.0,0.5897694393170072,-4033.0325495115626,0.0,0.0,0.0,0.0,0.0,-4033.0325495115626,973730.3547527645,574276.4053684884,399453.94938427606,-26269.645247235545,-0.0262696452472355,4,"mom20@q0.6,hold_q=0.4,buy_top=5,hold_top=10,rebalance=20d,min_hold=5d,turnover_penalty=0.01,target_vol=0.18",-0.004124753086366839,1000000.0,1257824.4648300582,1229116.768778272,0.22911676877827203,0.0005559782290631698,769421.0159173087,-0.23057898408269129,459695.7528609632,0.4596957528609633
2025-04-16,0.0,0.5897694393170072,7099.22947810379,0.0,0.0,0.0,0.0,0.0,7099.22947810379,980829.5842308684,578463.3139573724,402366.2702734958,-19170.415769131738,-0.0191704157691317,4,"mom20@q0.6,hold_q=0.4,buy_top=5,hold_top=10,rebalance=20d,min_hold=5d,turnover_penalty=0.01,target_vol=0.18",0.007290755026227336,1000000.0,1257824.4648300582,1238077.9580380626,0.23807795803806253,0.0030814387846529456,771791.9396774834,-0.22820806032251661,466286.01836057915,0.46628601836057915
2025-04-17,0.0,0.5897694393170072,-1410.060136505558,0.0,0.0,0.0,0.0,0.0,-1410.060136505558,979419.5240943627,577631.7035812624,401787.8205131004,-20580.475905637257,-0.0205804759056372,4,"mom20@q0.6,hold_q=0.4,buy_top=5,hold_top=10,rebalance=20d,min_hold=5d,turnover_penalty=0.01,target_vol=0.18",-0.0014376199078572904,1000000.0,1257824.4648300582,1236298.0725181077,0.23629807251810764,-0.00015903223583435544,771669.1998797175,-0.2283308001202825,464628.87263839017,0.46462887263839014
2025-04-18,0.0,0.5897694393170072,278.4137005318668,0.0,0.0,0.0,0.0,0.0,278.4137005318668,979697.9377948946,577795.9034733232,401902.03432157135,-20302.06220510544,-0.0203020622051054,4,"mom20@q0.6,hold_q=0.4,buy_top=5,hold_top=10,rebalance=20d,min_hold=5d,turnover_penalty=0.01,target_vol=0.18",0.0002842639887021825,1000000.0,1257824.4648300582,1236649.5075394264,0.23664950753942637,7.952876555461508e-05,771730.5697786005,-0.22826943022139956,464918.93776082597,0.46491893776082593
2025-04-21,0.0,0.5897694393170072,1458.1223644714917,0.0,0.0,0.0,0.0,0.0,1458.1223644714917,981156.060159366,578655.8594826731,402500.200676693,-18843.939840633888,-0.0188439398406339,4,"mom20@q0.6,hold_q=0.4,buy_top=5,hold_top=10,rebalance=20d,min_hold=5d,turnover_penalty=0.01,target_vol=0.18",0.0014883387095345757,1000000.0,1257824.4648300582,1238490.0608716244,0.2384900608716245,0.0032763245787961193,774259.0096125745,-0.22574099038742557,464231.0512590499,0.46423105125905006
2025-04-22,0.0,0.5897694393170072,2318.7938434808884,0.0,0.0,0.0,0.0,0.0,2318.7938434808884,983474.854002847,580023.4132276346,403451.4407752124,-16525.145997153013,-0.016525145997153,4,"mom20@q0.6,hold_q=0.4,buy_top=5,hold_top=10,rebalance=20d,min_hold=5d,turnover_penalty=0.01,target_vol=0.18",0.0023633282590176385,1000000.0,1257824.4648300582,1241417.0194309945,0.24141701943099458,-0.00024571452727706333,774068.7629260374,-0.22593123707396257,467348.2565049571,0.46734825650495715
2025-04-23,0.0,0.5897694393170072,-2261.7692260599574,0.0,0.0,0.0,0.0,0.0,-2261.7692260599574,981213.084776787,578689.4908593167,402523.5939174703,-18786.91522321303,-0.018786915223213,4,"mom20@q0.6,hold_q=0.4,buy_top=5,hold_top=10,rebalance=20d,min_hold=5d,turnover_penalty=0.01,target_vol=0.18",-0.0022997733158650613,1000000.0,1257824.4648300582,1238562.0416958465,0.2385620416958465,0.0007743231279484508,774668.1422717934,-0.22533185772820652,463893.89942405303,0.463893899424053
2025-04-24,0.0,0.5897694393170072,3654.659601813746,0.0,0.0,0.0,0.0,0.0,3654.659601813746,984867.7443786009,580844.8974035729,404022.8469750278,-15132.255621399265,-0.0151322556213993,4,"mom20@q0.6,hold_q=0.4,buy_top=5,hold_top=10,rebalance=20d,min_hold=5d,turnover_penalty=0.01,target_vol=0.18",0.0037246339847223364,1000000.0,1257824.4648300582,1243175.231968534,0.24317523196853386,-0.000665455467297571,774152.6351211775,-0.2258473648788225,469022.5968473564,0.46902259684735637
2025-04-25,0.0,0.5897694393170072,-4690.629488878454,0.0,0.0,0.0,0.0,0.0,-4690.629488878454,980177.1148897224,578078.5074798733,402098.60740984906,-19822.885110277683,-0.0198228851102776,4,"mom20@q0.6,hold_q=0.4,buy_top=5,hold_top=10,rebalance=20d,min_hold=5d,turnover_penalty=0.01,target_vol=0.18",-0.004762699880924592,1000000.0,1257824.4648300582,1237254.3614392688,0.2372543614392688,0.0006949655952392941,774690.6445680506,-0.2253093554319494,462563.7168712182,0.4625637168712182
2025-04-28,0.0,0.5897694393170072,-702.3752382051989,0.0,0.0,0.0,0.0,0.0,-702.3752382051989,979474.7396515172,577664.2680294468,401810.4716220703,-20525.260348482872,-0.0205252603484829,4,"mom20@q0.6,hold_q=0.4,buy_top=5,hold_top=10,rebalance=20d,min_hold=5d,turnover_penalty=0.01,target_vol=0.18",-0.0007165799196242606,1000000.0,1257824.4648300582,1236367.769808394,0.2363677698083939,-0.0014180127225051908,773592.1233780474,-0.2264078766219526,462775.64643034653,0.4627756464303465
2025-04-29,0.0,0.5897694393170072,-473.86124194072,0.0,0.0,0.0,0.0,0.0,-473.86124194072,979000.8784095764,577384.7991504734,401616.0792591029,-20999.12159042363,-0.0209991215904236,4,"mom20@q0.6,hold_q=0.4,buy_top=5,hold_top=10,rebalance=20d,min_hold=5d,turnover_penalty=0.01,target_vol=0.18",-0.000483791181903781,1000000.0,1257824.4648300582,1235769.6259837705,0.2357696259837705,-0.0017294175512082566,772254.2595824009,-0.2277457404175991,463515.36640136957,0.4635153664013696
2025-04-30,0.0,0.5897694393170072,2278.0724158512844,0.0,0.0,0.0,0.0,0.0,2278.0724158512844,981278.9508254275,578728.3366418936,402550.61418353405,-18721.04917457234,-0.0187210491745722,4,"mom20@q0.6,hold_q=0.4,buy_top=5,hold_top=10,rebalance=20d,min_hold=5d,turnover_penalty=0.01,target_vol=0.18",0.002326936028445692,1000000.0,1257824.4648300582,1238645.182849331,0.238645182849331,-0.001194676669103667,771331.6654358618,-0.22866833456413815,467313.51741346926,0.46731351741346916
2025-05-06,0.0,0.5897694393170072,-1273.77523507255,0.0,0.0,0.0,0.0,0.0,-1273.77523507255,980005.1755903552,577977.1029356889,402028.0726546663,-19994.824409644814,-0.0199948244096448,4,"mom20@q0.6,hold_q=0.4,buy_top=5,hold_top=10,rebalance=20d,min_hold=5d,turnover_penalty=0.01,target_vol=0.18",-0.001298076590760311,1000000.0,1257824.4648300582,1237037.3265332163,0.23703732653321619,0.010070095502801912,779099.0489711362,-0.22090095102886376,457938.27756208007,0.45793827756207994
2025-05-07,0.0,0.5897694393170072,5500.206137240997,0.0,0.0,0.0,0.0,0.0,5500.206137240997,985505.3817275962,581220.9564253775,404284.42530221865,-14494.618272403835,-0.0144946182724038,4,"mom20@q0.6,hold_q=0.4,buy_top=5,hold_top=10,rebalance=20d,min_hold=5d,turnover_penalty=0.01,target_vol=0.18",0.005612425601658311,1000000.0,1257824.4648300582,1243980.1064948582,0.24398010649485813,0.006062690689870642,783822.4855218206,-0.21617751447817934,460157.62097303756,0.4601576209730375
2025-05-08,0.0,0.5897694393170072,-1578.8951048326128,0.0,0.0,0.0,0.0,0.0,-1578.8951048326128,983926.4866227636,580289.77234466,403636.7142781036,-16073.513377236435,-0.0160735133772363,4,"mom20@q0.6,hold_q=0.4,buy_top=5,hold_top=10,rebalance=20d,min_hold=5d,turnover_penalty=0.01,target_vol=0.18",-0.0016021171818105806,1000000.0,1257824.4648300582,1241987.1045924122,0.24198710459241224,0.00555116229907382,788173.6113526158,-0.21182638864738423,453813.4932397965,0.4538134932397965
2025-05-09,0.0,0.5897694393170072,1160.9160944248856,0.0,0.0,0.0,0.0,0.0,1160.9160944248856,985087.4027171883,580974.445178763,404112.9575384253,-14912.59728281165,-0.0149125972828116,4,"mom20@q0.6,hold_q=0.4,buy_top=5,hold_top=10,rebalance=20d,min_hold=5d,turnover_penalty=0.01,target_vol=0.18",0.001179880926276855,1000000.0,1257824.4648300582,1243452.5014878027,0.24345250148780262,-0.00174933167224689,786794.8342910474,-0.21320516570895254,456657.6671967553,0.45665766719675516
2025-05-12,0.0,0.5897694393170072,-4778.432426566662,0.0,0.0,0.0,0.0,0.0,-4778.432426566662,980308.9702906216,578156.2717657327,402152.698524889,-19691.029709378257,-0.0196910297093783,4,"mom20@q0.6,hold_q=0.4,buy_top=5,hold_top=10,rebalance=20d,min_hold=5d,turnover_penalty=0.01,target_vol=0.18",-0.004850770006180394,1000000.0,1257824.4648300582,1237420.7993894757,0.2374207993894757,0.011556981508829667,795887.8076421918,-0.2041121923578082,441532.99174728396,0.4415329917472839
2025-05-13,0.0,0.5897694393170072,453.0428580079706,0.0,0.0,0.0,0.0,0.0,453.0428580079706,980762.0131486296,578423.4625980866,402338.5505505431,-19237.98685137031,-0.0192379868513703,4,"mom20@q0.6,hold_q=0.4,buy_top=5,hold_top=10,rebalance=20d,min_hold=5d,turnover_penalty=0.01,target_vol=0.18",0.0004621429281359557,1000000.0,1257824.4648300582,1237992.664661042,0.23799266466104196,0.0014522144342403731,797043.6074044858,-0.20295639259551423,440949.0572565561,0.4409490572565562
2025-05-14,329605.75431187195,0.2575725036201171,2742.402847549655,257572.50362011712,589769.4393170072,698.0214848105173,1893.159900207593,2591.18138501811,151.2214625315446,980913.2346111612,252656.2776729041,728256.9569382572,-19086.765388838718,-0.0190867653888386,4,"mom20@q0.6,hold_q=0.4,buy_top=5,hold_top=10,rebalance=20d,min_hold=5d,turnover_penalty=0.01,target_vol=0.18",0.00015418772393727131,1000000.0,1257824.4648300582,1238183.5479322572,0.23818354793225716,0.012050017195977647,806647.9965796539,-0.19335200342034609,431535.55135260324,0.43153555135260324
2025-05-15,0.0,0.2575725036201171,-4618.628593961959,0.0,0.0,0.0,0.0,0.0,-4618.628593961959,976294.6060171992,251466.6459426659,724827.9600745335,-23705.39398280065,-0.0237053939828006,4,"mom20@q0.6,hold_q=0.4,buy_top=5,hold_top=10,rebalance=20d,min_hold=5d,turnover_penalty=0.01,target_vol=0.18",-0.004708498602114197,1000000.0,1257824.4648300582,1232353.5624276574,0.23235356242765737,-0.00913215375290699,799281.5630504141,-0.2007184369495859,433071.99937724334,0.4330719993772433
2025-05-16,0.0,0.2575725036201171,9556.436681520498,0.0,0.0,0.0,0.0,0.0,9556.436681520498,985851.0426987198,253928.12126441224,731922.9214343075,-14148.957301280228,-0.0141489573012801,4,"mom20@q0.6,hold_q=0.4,buy_top=5,hold_top=10,rebalance=20d,min_hold=5d,turnover_penalty=0.01,target_vol=0.18",0.009788476370371502,1000000.0,1257824.4648300582,1244416.4261534237,0.24441642615342363,-0.004635032760032631,795576.8668211853,-0.20442313317881466,448839.5593322384,0.4488395593322383
2025-05-19,0.0,0.2575725036201171,-4607.416956700941,0.0,0.0,0.0,0.0,0.0,-4607.416956700941,981243.6257420188,252741.377343653,728502.2483983658,-18756.374257981195,-0.0187563742579811,4,"mom20@q0.6,hold_q=0.4,buy_top=5,hold_top=10,rebalance=20d,min_hold=5d,turnover_penalty=0.01,target_vol=0.18",-0.0046735427129928064,1000000.0,1257824.4648300582,1238600.5928330456,0.2386005928330457,-0.003070126944863749,793134.3448456473,-0.20686565515435262,445466.2479873983,0.4454662479873983
2025-05-20,0.0,0.2575725036201171,-3304.2417472727266,0.0,0.0,0.0,0.0,0.0,-3304.2417472727266,977939.383994746,251890.29552424187,726049.0884705043,-22060.61600525386,-0.0220606160052538,4,"mom20@q0.6,hold_q=0.4,buy_top=5,hold_top=10,rebalance=20d,min_hold=5d,turnover_penalty=0.01,target_vol=0.18",-0.0033674019994516247,1000000.0,1257824.4648300582,1234429.7267202178,0.23442972672021778,0.005421508066492109,797434.32909404,-0.20256567090596,436995.3976261779,0.4369953976261778
2025-05-21,0.0,0.2575725036201171,-4217.811929088768,0.0,0.0,0.0,0.0,0.0,-4217.811929088768,973721.5720656574,250803.9031458677,722917.6689197897,-26278.42793434265,-0.0262784279343426,4,"mom20@q0.6,hold_q=0.4,buy_top=5,hold_top=10,rebalance=20d,min_hold=5d,turnover_penalty=0.01,target_vol=0.18",-0.0043129584492849204,1000000.0,1257824.4648300582,1229105.6826003112,0.22910568260031128,0.004671422744518594,801159.4819562298,-0.19884051804377023,427946.20064408146,0.4279462006440815
2025-05-22,0.0,0.2575725036201171,-862.8904497390492,0.0,0.0,0.0,0.0,0.0,-862.8904497390492,972858.6816159184,250581.6462923785,722277.0353235397,-27141.318384081707,-0.0271413183840817,4,"mom20@q0.6,hold_q=0.4,buy_top=5,hold_top=10,rebalance=20d,min_hold=5d,turnover_penalty=0.01,target_vol=0.18",-0.0008861778094413353,1000000.0,1257824.4648300582,1228016.4764189327,0.22801647641893275,-0.0006408979721069796,800646.0204689098,-0.19935397953109024,427370.4559500229,0.427370455950023
2025-05-23,0.0,0.2575725036201171,-3068.2614227038084,0.0,0.0,0.0,0.0,0.0,-3068.2614227038084,969790.4201932144,249791.34651597164,719999.0736772427,-30209.579806785565,-0.0302095798067855,4,"mom20@q0.6,hold_q=0.4,buy_top=5,hold_top=10,rebalance=20d,min_hold=5d,turnover_penalty=0.01,target_vol=0.18",-0.003153861378517586,1000000.0,1257824.4648300582,1224143.482681772,0.22414348268177187,-0.00807385017897888,794181.7244532481,-0.20581827554675192,429961.7582285239,0.4299617582285238
2025-05-26,0.0,0.2575725036201171,7120.84164661827,0.0,0.0,0.0,0.0,0.0,7120.84164661827,976911.2618398328,251625.47952677356,725285.7823130592,-23088.73816016724,-0.0230887381601672,4,"mom20@q0.6,hold_q=0.4,buy_top=5,hold_top=10,rebalance=20d,min_hold=5d,turnover_penalty=0.01,target_vol=0.18",0.007342660329846984,1000000.0,1257824.4648300582,1233131.9524701,0.2331319524701001,-0.005708000731530771,789648.5345891005,-0.21035146541089944,443483.4178809995,0.44348341788099954
2025-05-27,0.0,0.2575725036201171,-6855.939900707251,0.0,0.0,0.0,0.0,0.0,-6855.939900707251,970055.3219391257,249859.5779218793,720195.7440172462,-29944.67806087446,-0.0299446780608744,4,"mom20@q0.6,hold_q=0.4,buy_top=5,hold_top=10,rebalance=20d,min_hold=5d,turnover_penalty=0.01,target_vol=0.18",-0.007017976113608548,1000000.0,1257824.4648300582,1224477.8618827374,0.22447786188273744,-0.0053651320817282855,785411.9659028868,-0.21458803409711313,439065.89597985055,0.4390658959798506
2025-05-28,0.0,0.2575725036201171,15560.914135235967,0.0,0.0,0.0,0.0,0.0,15560.914135235967,985616.2360743616,253867.6415343097,731748.5945400518,-14383.763925638516,-0.0143837639256385,4,"mom20@q0.6,hold_q=0.4,buy_top=5,hold_top=10,rebalance=20d,min_hold=5d,turnover_penalty=0.01,target_vol=0.18",0.016041264640587638,1000000.0,1257824.4648300582,1244120.0353117394,0.24412003531173943,-0.0008230452674897748,784765.5363013207,-0.21523446369867938,459354.4990104188,0.4593544990104188
2025-05-29,0.0,0.2575725036201171,-81.46886054564084,0.0,0.0,0.0,0.0,0.0,-81.46886054564084,985534.7672138158,253846.65739593183,731688.1098178839,-14465.232786184177,-0.0144652327861841,4,"mom20@q0.6,hold_q=0.4,buy_top=5,hold_top=10,rebalance=20d,min_hold=5d,turnover_penalty=0.01,target_vol=0.18",-8.26577906937187e-05,1000000.0,1257824.4648300582,1244017.1990982627,0.2440171990982627,0.0058546910516548145,789360.096064351,-0.21063990393564902,454657.10303391167,0.4546571030339117
2025-05-30,0.0,0.2575725036201171,-5800.992353175735,0.0,0.0,0.0,0.0,0.0,-5800.992353175735,979733.77486064,252352.4812720432,727381.2935885969,-20266.225139359944,-0.0202662251393599,4,"mom20@q0.6,hold_q=0.4,buy_top=5,hold_top=10,rebalance=20d,min_hold=5d,turnover_penalty=0.01,target_vol=0.18",-0.005886136690616883,1000000.0,1257824.4648300582,1236694.743818892,0.236694743818892,-0.004786586155959172,785581.7559564628,-0.21441824404353715,451112.9878624291,0.45111298786242915
2025-06-03,0.0,0.2575725036201171,-980.0463701560736,0.0,0.0,0.0,0.0,0.0,-980.0463701560736,978753.728490484,252100.04827481837,726653.6802156657,-21246.271509515936,-0.0212462715095159,4,"mom20@q0.6,hold_q=0.4,buy_top=5,hold_top=10,rebalance=20d,min_hold=5d,turnover_penalty=0.01,target_vol=0.18",-0.0010003190614670254,1000000.0,1257824.4648300582,1235457.654493434,0.23545765449343392,0.0030675246013911472,787991.5473192633,-0.21200845268073665,447466.10717417055,0.44746610717417057
2025-06-04,0.0,0.2575725036201171,9437.070188111502,0.0,0.0,0.0,0.0,0.0,9437.070188111502,988190.7986785956,254530.778070009,733660.0206085866,-11809.201321404427,-0.0118092013214043,4,"mom20@q0.6,hold_q=0.4,buy_top=5,hold_top=10,rebalance=20d,min_hold=5d,turnover_penalty=0.01,target_vol=0.18",0.009641925147673591,1000000.0,1257824.4648300582,1247369.8447211802,0.24736984472118007,0.0043431870633772185,791413.942013631,-0.20858605798636898,455955.90270754916,0.45595590270754904
2025-06-05,0.0,0.2575725036201171,17485.733473463595,0.0,0.0,0.0,0.0,0.0,17485.733473463595,1005676.5321520593,259034.6222184031,746641.909933656,5676.532152059139,0.005676532152059,4,"mom20@q0.6,hold_q=0.4,buy_top=5,hold_top=10,rebalance=20d,min_hold=5d,turnover_penalty=0.01,target_vol=0.18",0.017694693673373063,1000000.0,1257824.4648300582,1269441.6720209243,0.2694416720209243,0.0022798120318243686,793218.2170407872,-0.2067817829592128,476223.45498013706,0.4762234549801371
2025-06-06,0.0,0.2575725036201171,10187.189122839609,0.0,0.0,0.0,0.0,0.0,10187.189122839609,1015863.7212748989,261658.56202562453,754205.1592492742,15863.721274898737,0.0158637212748986,4,"mom20@q0.6,hold_q=0.4,buy_top=5,hold_top=10,rebalance=20d,min_hold=5d,turnover_penalty=0.01,target_vol=0.18",0.010129687625344053,1000000.0,1257824.4648300582,1282300.719617091,0.2823007196170908,-0.0009232610198165458,792485.869580785,-0.20751413041921496,489814.85003630584,0.48981485003630576
2025-06-09,0.0,0.2575725036201171,1733.5443135129815,0.0,0.0,0.0,0.0,0.0,1733.5443135129815,1017597.2655884116,262105.07537459247,755492.1902138193,17597.265588411712,0.0175972655884117,4,"mom20@q0.6,hold_q=0.4,buy_top=5,hold_top=10,rebalance=20d,min_hold=5d,turnover_penalty=0.01,target_vol=0.18",0.0017064732967697616,1000000.0,1257824.4648300582,1284488.9315535459,0.28448893155354593,0.0029091528608820028,794791.3321154846,-0.20520866788451542,489697.59943806124,0.48969759943806135
2025-06-10,0.0,0.2575725036201171,-3306.0950456985847,0.0,0.0,0.0,0.0,0.0,-3306.0950456985847,1014291.1705427133,261253.51619646585,753037.6543462473,14291.170542713138,0.0142911705427131,4,"mom20@q0.6,hold_q=0.4,buy_top=5,hold_top=10,rebalance=20d,min_hold=5d,turnover_penalty=0.01,target_vol=0.18",-0.0032489228867833564,1000000.0,1257824.4648300582,1280315.7260660017,0.28031572606600164,-0.005091049482015331,790745.0101158078,-0.20925498988419222,489570.71595019393,0.48957071595019386
2025-06-11,0.0,0.2575725036201171,-2952.1888410854654,0.0,0.0,0.0,0.0,0.0,-2952.1888410854654,1011338.9817016276,260493.1135255081,750845.8681761196,11338.981701627725,0.0113389817016276,4,"mom20@q0.6,hold_q=0.4,buy_top=5,hold_top=10,rebalance=20d,min_hold=5d,turnover_penalty=0.01,target_vol=0.18",-0.0029105930592948637,1000000.0,1257824.4648300582,1276589.2480000078,0.27658924800000784,0.007543713959751397,796710.1642872222,-0.2032898357127778,479879.0837127856,0.47987908371278565
2025-06-12,-27210.361898303985,0.2840023035075052,5563.975279309615,146182.714282841,119752.91439545291,396.1551557064991,384.40685520940383,780.5620109159029,4783.413268393712,1016122.3949700212,288581.1008170491,727541.2941529723,16122.394970021329,0.0161223949700213,4,"mom20@q0.6,hold_q=0.4,buy_top=5,hold_top=10,rebalance=20d,min_hold=5d,turnover_penalty=0.01,target_vol=0.18",0.004729782352842049,1000000.0,1257824.4648300582,1282627.2372970262,0.2826272372970262,-0.0006239360350021039,796213.0681062709,-0.2037869318937291,486414.16919075535,0.4864141691907553
2025-06-13,0.0,0.2840023035075052,970.9775428096268,0.0,0.0,0.0,0.0,0.0,970.9775428096268,1017093.372512831,288856.86067586107,728236.51183697,17093.372512831003,0.017093372512831,4,"mom20@q0.6,hold_q=0.4,buy_top=5,hold_top=10,rebalance=20d,min_hold=5d,turnover_penalty=0.01,target_vol=0.18",0.0009555714425901751,1000000.0,1257824.4648300582,1283852.8792564757,0.2838528792564756,-0.007199013411438249,790481.1195506115,-0.2095188804493885,493371.75970586424,0.4933717597058641
2025-06-16,0.0,0.2840023035075052,12023.764719482624,0.0,0.0,0.0,0.0,0.0,12023.764719482624,1029117.1372323136,292271.63755302643,736845.4996792872,29117.13723231363,0.0291171372323135,4,"mom20@q0.6,hold_q=0.4,buy_top=5,hold_top=10,rebalance=20d,min_hold=5d,turnover_penalty=0.01,target_vol=0.18",0.01182169213213613,1000000.0,1257824.4648300582,1299030.1927380022,0.29903019273800213,0.0024895320611360017,792449.0476414554,-0.2075509523585446,506581.14509654674,0.5065811450965467
2025-06-17,0.0,0.2840023035075052,-1397.0201022295605,0.0,0.0,0.0,0.0,0.0,-1397.0201022295605,1027720.117130084,291874.880625947,735845.236504137,27720.11713008408,0.027720117130084,4,"mom20@q0.6,hold_q=0.4,buy_top=5,hold_top=10,rebalance=20d,min_hold=5d,turnover_penalty=0.01,target_vol=0.18",-0.0013574937698411782,1000000.0,1257824.4648300582,1297266.7673445246,0.2972667673445246,-0.000882854045123671,791749.4307941908,-0.2082505692058092,505517.33655033377,0.5055173365503338
2025-06-18,0.0,0.2840023035075052,13776.687821866704,0.0,0.0,0.0,0.0,0.0,13776.687821866704,1041496.8049519508,295787.4917020609,745709.3132498899,41496.80495195079,0.0414968049519508,4,"mom20@q0.6,hold_q=0.4,buy_top=5,hold_top=10,rebalance=20d,min_hold=5d,turnover_penalty=0.01,target_vol=0.18",0.013405096963887697,1000000.0,1257824.4648300582,1314656.754148807,0.314656754148807,0.0011859300637147019,792688.3902470986,-0.20731160975290142,521968.3639017083,0.5219683639017084
2025-06-19,0.0,0.2840023035075052,-8019.331889708696,0.0,0.0,0.0,0.0,0.0,-8019.331889708696,1033477.473062242,293509.9829727924,739967.4900894496,33477.47306224203,0.033477473062242,4,"mom20@q0.6,hold_q=0.4,buy_top=5,hold_top=10,rebalance=20d,min_hold=5d,turnover_penalty=0.01,target_vol=0.18",-0.007699814201617916,1000000.0,1257824.4648300582,1304534.1414029591,0.3045341414029592,-0.008227160468339045,786166.8156591464,-0.21383318434085363,518367.3257438127,0.5183673257438128
2025-06-20,0.0,0.2840023035075052,-2006.4410787793445,0.0,0.0,0.0,0.0,0.0,-2006.4410787793445,1031471.0319834627,292940.14908456703,738530.8828988958,31471.031983462744,0.0314710319834627,4,"mom20@q0.6,hold_q=0.4,buy_top=5,hold_top=10,rebalance=20d,min_hold=5d,turnover_penalty=0.01,target_vol=0.18",-0.001941446360542387,1000000.0,1257824.4648300582,1302001.4583419291,0.30200145834192904,0.0009237358479763369,786893.0261292602,-0.21310697387073985,515108.43221266894,0.5151084322126689
2025-06-23,0.0,0.2840023035075052,-1052.5006368586355,0.0,0.0,0.0,0.0,0.0,-1052.5006368586355,1030418.531346604,292641.236479256,737777.2948673482,30418.53134660411,0.0304185313466041,4,"mom20@q0.6,hold_q=0.4,buy_top=5,hold_top=10,rebalance=20d,min_hold=5d,turnover_penalty=0.01,target_vol=0.18",-0.001020387974284498,1000000.0,1257824.4648300582,1300672.911711336,0.30067291171133603,0.0029272299981282224,789196.4430006637,-0.2108035569993364,511476.46871067246,0.5114764687106724
2025-06-24,0.0,0.2840023035075052,-421.6189224250973,0.0,0.0,0.0,0.0,0.0,-421.6189224250973,1029996.912424179,292521.495734085,737475.416690094,29996.912424179027,0.029996912424179,4,"mom20@q0.6,hold_q=0.4,buy_top=5,hold_top=10,rebalance=20d,min_hold=5d,turnover_penalty=0.01,target_vol=0.18",-0.0004091724960283427,1000000.0,1257824.4648300582,1300140.7121295347,0.30014071212953475,0.011957282459369223,798633.087785552,-0.20136691221444802,501507.62434398266,0.5015076243439828
2025-06-25,0.0,0.2840023035075052,6064.588458493453,0.0,0.0,0.0,0.0,0.0,6064.588458493453,1036061.5008826724,294243.85282612214,741817.6480565504,36061.500882672495,0.0360615008826725,4,"mom20@q0.6,hold_q=0.4,buy_top=5,hold_top=10,rebalance=20d,min_hold=5d,turnover_penalty=0.01,target_vol=0.18",0.005887967609747413,1000000.0,1257824.4648300582,1307795.8985306674,0.30779589853066747,0.014354397891409576,810096.9848968709,-0.18990301510312912,497698.9136337965,0.4976989136337966
2025-06-26,0.0,0.2840023035075052,5803.777309055785,0.0,0.0,0.0,0.0,0.0,5803.777309055785,1041865.2781917284,295892.1389509386,745973.1392407897,41865.278191728285,0.0418652781917283,4,"mom20@q0.6,hold_q=0.4,buy_top=5,hold_top=10,rebalance=20d,min_hold=5d,turnover_penalty=0.01,target_vol=0.18",0.005601769107443477,1000000.0,1257824.4648300582,1315121.869193898,0.31512186919389795,-0.003547917082273866,807222.8279658568,-0.19277717203414324,507899.0412280413,0.5078990412280412
2025-06-27,0.0,0.2840023035075052,9701.097149453042,0.0,0.0,0.0,0.0,0.0,9701.097149453042,1051566.3753411812,298647.2728879333,752919.1024532479,51566.37534118118,0.0515663753411812,4,"mom20@q0.6,hold_q=0.4,buy_top=5,hold_top=10,rebalance=20d,min_hold=5d,turnover_penalty=0.01,target_vol=0.18",0.009311277909453075,1000000.0,1257824.4648300582,1327367.3344027617,0.32736733440276167,-0.0061479668121295905,802260.0488095293,-0.19773995119047072,525107.2855932324,0.5251072855932324
2025-06-30,0.0,0.2257262015025523,7361.708158303007,0.0,0.0,0.0,0.0,0.0,7361.708158303007,1058928.0834994842,239027.81395271613,819900.269546768,58928.08349948423,0.0589280834994843,4,"mom20@q0.6,hold_q=0.4,buy_top=5,hold_top=10,rebalance=20d,min_hold=5d,turnover_penalty=0.01,target_vol=0.18",0.007000707069883871,1000000.0,1257824.4648300582,1336659.8442850478,0.3366598442850479,0.003651421810615618,805189.438649538,-0.19481056135046204,531470.4056355099,0.53147040563551
2025-07-01,0.0,0.2257262015025523,4914.538850693687,0.0,0.0,0.0,0.0,0.0,4914.538850693687,1063842.622350178,240137.15413962,823705.4682105579,63842.62235017796,0.063842622350178,4,"mom20@q0.6,hold_q=0.4,buy_top=5,hold_top=10,rebalance=20d,min_hold=5d,turnover_penalty=0.01,target_vol=0.18",0.004641050631552179,1000000.0,1257824.4648300582,1342863.3502995374,0.3428633502995375,0.0016971199772362056,806555.9417313298,-0.19344405826867017,536307.4085682076,0.5363074085682077
2025-07-02,0.0,0.2257262015025523,-5638.29783469181,0.0,0.0,0.0,0.0,0.0,-5638.29783469181,1058204.324515486,238864.4425864549,819339.8819290312,58204.324515486136,0.0582043245154861,4,"mom20@q0.6,hold_q=0.4,buy_top=5,hold_top=10,rebalance=20d,min_hold=5d,turnover_penalty=0.01,target_vol=0.18",-0.005299936020833895,1000000.0,1257824.4648300582,1335746.2604582272,0.3357462604582273,0.0002333390822670811,806744.1427545703,-0.1932558572454296,529002.1177036569,0.5290021177036569
2025-07-03,0.0,0.2257262015025523,8844.787818391012,0.0,0.0,0.0,0.0,0.0,8844.787818391012,1067049.1123338772,240860.9429437964,826188.1693900808,67049.11233387724,0.0670491123338772,4,"mom20@q0.6,hold_q=0.4,buy_top=5,hold_top=10,rebalance=20d,min_hold=5d,turnover_penalty=0.01,target_vol=0.18",0.00835829868909399,1000000.0,1257824.4648300582,1346910.8266759776,0.3469108266759775,0.006184578870496615,811733.5155337472,-0.18826648446625283,535177.3111422304,0.5351773111422303
2025-07-04,0.0,0.2257262015025523,1351.9649346334274,0.0,0.0,0.0,0.0,0.0,1351.9649346334274,1068401.0772685106,241166.11685305584,827234.9604154548,68401.07726851059,0.0684010772685106,4,"mom20@q0.6,hold_q=0.4,buy_top=5,hold_top=10,rebalance=20d,min_hold=5d,turnover_penalty=0.01,target_vol=0.18",0.0012670128478682319,1000000.0,1257824.4648300582,1348617.3799983088,0.3486173799983088,0.003560925084486799,814624.0377711299,-0.1853759622288701,533993.342227179,0.5339933422271789
2025-07-07,0.0,0.2257262015025523,-1351.365713330987,0.0,0.0,0.0,0.0,0.0,-1351.365713330987,1067049.7115551797,240861.07820374484,826188.6333514348,67049.71155517967,0.0670497115551795,4,"mom20@q0.6,hold_q=0.4,buy_top=5,hold_top=10,rebalance=20d,min_hold=5d,turnover_penalty=0.01,target_vol=0.18",-0.0012648486996904573,1000000.0,1257824.4648300582,1346911.583058838,0.34691158305883807,-0.004276530560996417,811140.2731778794,-0.1888597268221206,535771.3098809586,0.5357713098809587
2025-07-08,0.0,0.2257262015025523,10921.04878430779,0.0,0.0,0.0,0.0,0.0,10921.04878430779,1077970.760339487,243326.24506225067,834644.5152772367,77970.76033948734,0.0779707603394872,4,"mom20@q0.6,hold_q=0.4,buy_top=5,hold_top=10,rebalance=20d,min_hold=5d,turnover_penalty=0.01,target_vol=0.18",0.010234807868876539,1000000.0,1257824.4648300582,1360696.9643278094,0.3606969643278095,0.008393082768204163,817948.2406272851,-0.1820517593727149,542748.7237005243,0.5427487237005244
2025-07-09,0.0,0.2257262015025523,-3316.634242001939,0.0,0.0,0.0,0.0,0.0,-3316.634242001939,1074654.1260974854,242577.59381303028,832076.5322844551,74654.12609748542,0.0746541260974853,4,"mom20@q0.6,hold_q=0.4,buy_top=5,hold_top=10,rebalance=20d,min_hold=5d,turnover_penalty=0.01,target_vol=0.18",-0.003076738594428252,1000000.0,1257824.4648300582,1356510.4554623407,0.35651045546234084,-0.0017631832335028852,816506.0480035379,-0.18349395199646212,540004.4074588028,0.540004407458803
2025-07-10,-80388.30829362343,0.3052892220195658,-8080.899655467327,182548.15413337015,102985.13361635667,494.7054977014331,330.582278908505,825.2877766099381,-8906.187432077264,1065747.9386654082,325361.3590641184,740386.5796012897,65747.93866540818,0.065747938665408,4,"mom20@q0.6,hold_q=0.4,buy_top=5,hold_top=10,rebalance=20d,min_hold=5d,turnover_penalty=0.01,target_vol=0.18",-0.00828749196210632,1000000.0,1257824.4648300582,1345268.3859661836,0.3452683859661836,0.004665029814100219,820315.0730608675,-0.17968492693913252,524953.3129053161,0.5249533129053161
2025-07-11,0.0,0.3635653240245187,1888.9729930744493,0.0,0.0,0.0,0.0,0.0,1888.9729930744493,1067636.9116584826,388155.7597276527,679481.15193083,67636.91165848263,0.0676369116584827,4,"mom20@q0.6,hold_q=0.4,buy_top=5,hold_top=10,rebalance=20d,min_hold=5d,turnover_penalty=0.01,target_vol=0.18",0.0017724387958375498,1000000.0,1257824.4648300582,1347652.7918442837,0.34765279184428377,0.0011945077580659547,821294.945779697,-0.17870505422030292,526357.8460645867,0.5263578460645867
2025-07-14,58089.03571751694,0.3052892220195658,2396.8331766385672,0.0,58276.10200495284,0.0,187.0662874358986,187.0662874358986,2209.7668892026686,1069846.6785476853,326612.66017403937,743234.0183736458,69846.67854768527,0.0698466785476852,4,"mom20@q0.6,hold_q=0.4,buy_top=5,hold_top=10,rebalance=20d,min_hold=5d,turnover_penalty=0.01,target_vol=0.18",0.0020697737827084506,1000000.0,1257824.4648300582,1350442.128261037,0.35044212826103704,0.0007123624779254989,821880.0054823804,-0.17811999451761962,528562.1227786565,0.5285621227786567
2025-07-15,0.0,0.3052892220195658,29272.5535281223,0.0,0.0,0.0,0.0,0.0,29272.5535281223,1099119.2320758076,335549.25526716595,763569.9768086417,99119.23207580764,0.0991192320758076,4,"mom20@q0.6,hold_q=0.4,buy_top=5,hold_top=10,rebalance=20d,min_hold=5d,turnover_penalty=0.01,target_vol=0.18",0.027361447313048348,1000000.0,1257824.4648300582,1387392.179402772,0.38739217940277215,0.00034597167014704944,822164.3526805375,-0.17783564731946255,565227.8267222346,0.5652278267222347
2025-07-16,0.0,0.3052892220195658,-14.486970771721644,0.0,0.0,0.0,0.0,0.0,-14.486970771721644,1099104.7451050358,335544.8325511296,763559.9125539062,99104.74510503584,0.0991047451050357,4,"mom20@q0.6,hold_q=0.4,buy_top=5,hold_top=10,rebalance=20d,min_hold=5d,turnover_penalty=0.01,target_vol=0.18",-1.3180527052014668e-05,1000000.0,1257824.4648300582,1387373.89284262,0.3873738928426198,-0.0029509387767289175,819738.1960113683,-0.18026180398863167,567635.6968312516,0.5676356968312515
2025-07-17,0.0,0.3052892220195658,23968.046111117463,0.0,0.0,0.0,0.0,0.0,23968.046111117463,1123072.7912161534,342862.01870172174,780210.7725144317,123072.79121615342,0.1230727912161533,4,"mom20@q0.6,hold_q=0.4,buy_top=5,hold_top=10,rebalance=20d,min_hold=5d,turnover_penalty=0.01,target_vol=0.18",0.021806880752595736,1000000.0,1257824.4648300582,1417628.1898831034,0.41762818988310335,0.006810241565182729,825320.8111464129,-0.17467918885358713,592307.3787366905,0.5923073787366905
2025-07-18,0.0,0.3052892220195658,-4247.5184890439305,0.0,0.0,0.0,0.0,0.0,-4247.5184890439305,1118825.2727271095,341565.2970866878,777259.9756404217,118825.27272710948,0.1188252727271095,4,"mom20@q0.6,hold_q=0.4,buy_top=5,hold_top=10,rebalance=20d,min_hold=5d,turnover_penalty=0.01,target_vol=0.18",-0.0037820509251624834,1000000.0,1257824.4648300582,1412266.6478760196,0.4122666478760195,0.005963579039730105,830242.6770368187,-0.16975732296318136,582023.9708392009,0.5820239708392009
2025-07-21,0.0,0.3052892220195658,3254.443826583952,0.0,0.0,0.0,0.0,0.0,3254.443826583952,1122079.7165536934,342558.843710612,779520.8728430814,122079.7165536934,0.1220797165536933,4,"mom20@q0.6,hold_q=0.4,buy_top=5,hold_top=10,rebalance=20d,min_hold=5d,turnover_penalty=0.01,target_vol=0.18",0.002908804355707284,1000000.0,1257824.4648300582,1416374.6552527815,0.4163746552527814,0.00666740584691583,835778.241916053,-0.164221758083947,580596.4133367285,0.5805964133367284
2025-07-22,0.0,0.3052892220195658,-2370.57642061773,0.0,0.0,0.0,0.0,0.0,-2370.57642061773,1119709.1401330756,341835.13227942365,777874.007853652,119709.14013307563,0.1197091401330756,4,"mom20@q0.6,hold_q=0.4,buy_top=5,hold_top=10,rebalance=20d,min_hold=5d,turnover_penalty=0.01,target_vol=0.18",-0.0021126631073045132,1000000.0,1257824.4648300582,1413382.3327725078,0.4133823327725077,0.008162795763668074,842600.5290085314,-0.15739947099146867,570781.8037639764,0.5707818037639764
2025-07-23,0.0,0.3052892220195658,-5470.678595972776,0.0,0.0,0.0,0.0,0.0,-5470.678595972776,1114238.461537103,340164.99306694005,774073.468470163,114238.46153710294,0.114238461537103,4,"mom20@q0.6,hold_q=0.4,buy_top=5,hold_top=10,rebalance=20d,min_hold=5d,turnover_penalty=0.01,target_vol=0.18",-0.004885803285773371,1000000.0,1257824.4648300582,1406476.8247269937,0.40647682472699365,0.00019665158195292243,842766.2277355152,-0.15723377226448476,563710.5969914785,0.5637105969914784
2025-07-24,0.0,0.3052892220195658,2424.851014894712,0.0,0.0,0.0,0.0,0.0,2424.851014894712,1116663.3125519976,340905.2739467906,775758.038605207,116663.3125519976,0.1166633125519975,4,"mom20@q0.6,hold_q=0.4,buy_top=5,hold_top=10,rebalance=20d,min_hold=5d,turnover_penalty=0.01,target_vol=0.18",0.0021762406330414485,1000000.0,1257824.4648300582,1409537.6567423956,0.4095376567423956,0.007104765557300441,848753.8842031865,-0.15124611579681346,560783.7725392091,0.5607837725392091
2025-07-25,0.0,0.3052892220195658,-1292.6016252294476,0.0,0.0,0.0,0.0,0.0,-1292.6016252294476,1115370.710926768,340510.6566022431,774860.0543245251,115370.71092676814,0.1153707109267681,4,"mom20@q0.6,hold_q=0.4,buy_top=5,hold_top=10,rebalance=20d,min_hold=5d,turnover_penalty=0.01,target_vol=0.18",-0.0011575571711723853,1000000.0,1257824.4648300582,1407906.036319796,0.40790603631979594,-0.005273509052696523,844277.9729113297,-0.15572202708867033,563628.0634084663,0.5636280634084663
2025-07-28,0.0,0.3052892220195658,24350.81829440319,0.0,0.0,0.0,0.0,0.0,24350.81829440319,1139721.5292211713,347944.6989748812,791776.8302462901,139721.52922117128,0.1397215292211713,4,"mom20@q0.6,hold_q=0.4,buy_top=5,hold_top=10,rebalance=20d,min_hold=5d,turnover_penalty=0.01,target_vol=0.18",0.021832040285664434,1000000.0,1257824.4648300582,1438643.49762316,0.4386434976231599,0.002098295195727795,846049.5173257483,-0.1539504826742517,592593.9802974117,0.5925939802974116
2025-07-29,0.0,0.3052892220195658,9942.160497946385,0.0,0.0,0.0,0.0,0.0,9942.160497946385,1149663.6897191177,350979.93341849296,798683.7563006247,149663.6897191177,0.1496636897191177,4,"mom20@q0.6,hold_q=0.4,buy_top=5,hold_top=10,rebalance=20d,min_hold=5d,turnover_penalty=0.01,target_vol=0.18",0.008723324288469225,1000000.0,1257824.4648300582,1451193.2513884243,0.45119325138842425,0.0039169983219773385,849363.491865423,-0.15063650813457696,601829.7595230013,0.6018297595230012
2025-07-30,0.0,0.3052892220195658,-6970.599190601823,0.0,0.0,0.0,0.0,0.0,-6970.599190601823,1142693.090528516,348851.8846145839,793841.205913932,142693.09052851587,0.1426930905285159,4,"mom20@q0.6,hold_q=0.4,buy_top=5,hold_top=10,rebalance=20d,min_hold=5d,turnover_penalty=0.01,target_vol=0.18",-0.006063163734695842,1000000.0,1257824.4648300582,1442394.4290945707,0.4423944290945707,-0.0001878603667614387,849203.9301283275,-0.1507960698716726,593190.4989662432,0.5931904989662433
2025-07-31,0.0,0.3052892220195658,6000.98881715681,0.0,0.0,0.0,0.0,0.0,6000.98881715681,1148694.0793456729,350683.9218219219,798010.157523751,148694.07934567286,0.1486940793456728,4,"mom20@q0.6,hold_q=0.4,buy_top=5,hold_top=10,rebalance=20d,min_hold=5d,turnover_penalty=0.01,target_vol=0.18",0.005251619062806467,1000000.0,1257824.4648300582,1449969.3351744895,0.44996933517448956,-0.018223470577465872,833728.4872933654,-0.16627151270663454,616240.8478811241,0.6162408478811241
2025-08-01,0.0,0.3052892220195658,-3144.6899584597536,0.0,0.0,0.0,0.0,0.0,-3144.6899584597536,1145549.389387213,349723.8818710109,795825.507516202,145549.38938721293,0.1455493893872128,4,"mom20@q0.6,hold_q=0.4,buy_top=5,hold_top=10,rebalance=20d,min_hold=5d,turnover_penalty=0.01,target_vol=0.18",-0.002737621804624668,1000000.0,1257824.4648300582,1445999.8675064787,0.4459998675064787,-0.005069204704104213,829502.1469236322,-0.17049785307636778,616497.7205828464,0.6164977205828465
2025-08-04,0.0,0.3052892220195658,1557.269020635781,0.0,0.0,0.0,0.0,0.0,1557.269020635781,1147106.6584078488,350199.299318796,796907.3590890528,147106.6584078488,0.1471066584078488,4,"mom20@q0.6,hold_q=0.4,buy_top=5,hold_top=10,rebalance=20d,min_hold=5d,turnover_penalty=0.01,target_vol=0.18",0.0013594080142358411,1000000.0,1257824.4648300582,1447965.571314951,0.44796557131495085,0.0038890930299659843,832728.1579415747,-0.16727184205842527,615237.4133733762,0.6152374133733761
2025-08-05,0.0,0.3052892220195658,-7891.646710034099,0.0,0.0,0.0,0.0,0.0,-7891.646710034099,1139215.0116978146,347790.0646342364,791424.9470635782,139215.01169781457,0.1392150116978145,4,"mom20@q0.6,hold_q=0.4,buy_top=5,hold_top=10,rebalance=20d,min_hold=5d,turnover_penalty=0.01,target_vol=0.18",-0.006879610236930844,1000000.0,1257824.4648300582,1438004.132547809,0.438004132547809,0.008045299334266787,839427.7052362873,-0.1605722947637127,598576.4273115217,0.5985764273115217
2025-08-06,0.0,0.3052892220195658,7922.948360908293,0.0,0.0,0.0,0.0,0.0,7922.948360908293,1147137.9600587229,350208.8553754393,796929.1046832836,147137.96005872288,0.1471379600587228,4,"mom20@q0.6,hold_q=0.4,buy_top=5,hold_top=10,rebalance=20d,min_hold=5d,turnover_penalty=0.01,target_vol=0.18",0.006954743643256878,1000000.0,1257824.4648300582,1448005.082647623,0.44800508264762295,0.002446721661041318,841481.5511855672,-0.1585184488144329,606523.5314620559,0.6065235314620558
2025-08-07,80209.61450372792,0.2237344992546765,652.6518709725841,182992.83802129628,264547.56078618555,495.9105910377129,849.1976701236556,1345.1082611613683,-692.4563901887844,1146445.503668534,256499.4106860549,889946.0929824791,146445.5036685341,0.1464455036685341,4,"mom20@q0.6,hold_q=0.4,buy_top=5,hold_top=10,rebalance=20d,min_hold=5d,turnover_penalty=0.01,target_vol=0.18",-0.0006036382844076815,1000000.0,1257824.4648300582,1447131.01134372,0.4471310113437199,0.0002868610352766421,841722.9394545064,-0.15827706054549362,605408.0718892135,0.6054080718892135
2025-08-08,0.0,0.2237344992546765,-775.8993023380754,0.0,0.0,0.0,0.0,0.0,-775.8993023380754,1145669.604366196,256325.81524417427,889343.7891220218,145669.6043661961,0.145669604366196,4,"mom20@q0.6,hold_q=0.4,buy_top=5,hold_top=10,rebalance=20d,min_hold=5d,turnover_penalty=0.01,target_vol=0.18",-0.0006767869033942331,1000000.0,1257824.4648300582,1446151.6120277469,0.4461516120277469,-0.002357418699433955,839738.6460572938,-0.16026135394270624,606412.9659704531,0.6064129659704531
2025-08-11,0.0,0.2237344992546765,3709.8185967642303,0.0,0.0,0.0,0.0,0.0,3709.8185967642303,1149379.4229629603,257155.829650247,892223.5933127133,149379.42296296032,0.1493794229629603,4,"mom20@q0.6,hold_q=0.4,buy_top=5,hold_top=10,rebalance=20d,min_hold=5d,turnover_penalty=0.01,target_vol=0.18",0.0032381225639799283,1000000.0,1257824.4648300582,1450834.42819359,0.4508344281935899,0.004272869229251297,843326.7394786451,-0.15667326052135488,607507.6887149448,0.6075076887149448
2025-08-12,0.0,0.2237344992546765,5989.468477918801,0.0,0.0,0.0,0.0,0.0,5989.468477918801,1155368.891440879,258495.88038095584,896873.0110599233,155368.8914408791,0.155368891440879,4,"mom20@q0.6,hold_q=0.4,buy_top=5,hold_top=10,rebalance=20d,min_hold=5d,turnover_penalty=0.01,target_vol=0.18",0.005211045507042877,1000000.0,1257824.4648300582,1458394.7924220914,0.45839479242209125,0.005171606618298075,847688.0936259206,-0.15231190637407943,610706.6987961708,0.6107066987961707
2025-08-13,0.0,0.2237344992546765,24311.00620343736,0.0,0.0,0.0,0.0,0.0,24311.00620343736,1179679.8976443163,263935.09118025925,915744.8064640572,179679.89764431654,0.1796798976443165,4,"mom20@q0.6,hold_q=0.4,buy_top=5,hold_top=10,rebalance=20d,min_hold=5d,turnover_penalty=0.01,target_vol=0.18",0.02104176976162009,1000000.0,1257824.4648300582,1489081.9998657827,0.4890819998657827,0.007903316497057,854387.6409206331,-0.14561235907936687,634694.3589451496,0.6346943589451496
2025-08-14,0.0,0.2237344992546765,-6896.985022348116,0.0,0.0,0.0,0.0,0.0,-6896.985022348116,1172782.9126219684,262391.9976899172,910390.9149320512,172782.91262196843,0.1727829126219684,4,"mom20@q0.6,hold_q=0.4,buy_top=5,hold_top=10,rebalance=20d,min_hold=5d,turnover_penalty=0.01,target_vol=0.18",-0.005846488556870644,1000000.0,1257824.4648300582,1480376.0989933254,0.48037609899332545,-0.0007829372357286424,853718.70902281,-0.14628129097719,626657.3899705154,0.6266573899705155
2025-08-15,0.0,0.2237344992546765,7476.685399714788,0.0,0.0,0.0,0.0,0.0,7476.685399714788,1180259.5980216833,264064.79015390715,916194.807867776,180259.59802168328,0.1802595980216832,4,"mom20@q0.6,hold_q=0.4,buy_top=5,hold_top=10,rebalance=20d,min_hold=5d,turnover_penalty=0.01,target_vol=0.18",0.0063751657013824126,1000000.0,1257824.4648300582,1489813.741924774,0.4898137419247739,0.006958505359055511,859659.3152346712,-0.1403406847653288,630154.4266901027,0.6301544266901027
2025-08-18,0.0,0.2237344992546765,18284.18185270343,0.0,0.0,0.0,0.0,0.0,18284.18185270343,1198543.7798743865,268155.5924250031,930388.1874493832,198543.7798743865,0.1985437798743865,4,"mom20@q0.6,hold_q=0.4,buy_top=5,hold_top=10,rebalance=20d,min_hold=5d,turnover_penalty=0.01,target_vol=0.18",0.015491661227200026,1000000.0,1257824.4648300582,1512893.4317062995,0.5128934317062996,0.00881887515318791,867240.5434100007,-0.13275945658999921,645652.8882962988,0.6456528882962989
2025-08-19,0.0,0.2237344992546765,2491.147075113926,0.0,0.0,0.0,0.0,0.0,2491.147075113926,1201034.9269495006,268712.94796842354,932321.978981077,201034.92694950057,0.2010349269495006,4,"mom20@q0.6,hold_q=0.4,buy_top=5,hold_top=10,rebalance=20d,min_hold=5d,turnover_penalty=0.01,target_vol=0.18",0.002078478164039277,1000000.0,1257824.4648300582,1516037.9476686197,0.5160379476686197,-0.0037835453518295648,863959.2994830637,-0.13604070051693629,652078.6481855559,0.6520786481855559
2025-08-20,0.0,0.2237344992546765,-2373.163659793838,0.0,0.0,0.0,0.0,0.0,-2373.163659793838,1198661.7632897068,268181.98938535014,930479.7739043566,198661.7632897068,0.1986617632897067,4,"mom20@q0.6,hold_q=0.4,buy_top=5,hold_top=10,rebalance=20d,min_hold=5d,turnover_penalty=0.01,target_vol=0.18",-0.001975932261871316,1000000.0,1257824.4648300582,1513042.3593776,0.5130423593776001,0.01137243480916883,873784.62029421,-0.12621537970579,639257.73908339,0.6392577390833901
2025-08-21,0.0,0.2237344992546765,-1788.721209067932,0.0,0.0,0.0,0.0,0.0,-1788.721209067932,1196873.0420806387,267781.7907413331,929091.2513393057,196873.0420806387,0.1968730420806386,4,"mom20@q0.6,hold_q=0.4,buy_top=5,hold_top=10,rebalance=20d,min_hold=5d,turnover_penalty=0.01,target_vol=0.18",-0.0014922651775918228,1000000.0,1257824.4648300582,1510784.4989524796,0.5107844989524795,0.0039027016903123712,877194.7410088012,-0.12280525899119887,633589.7579436784,0.6335897579436783
2025-08-22,0.0,0.2237344992546765,14902.152134827087,0.0,0.0,0.0,0.0,0.0,14902.152134827087,1211775.1942154658,271115.9162870356,940659.27792843,211775.1942154658,0.2117751942154657,4,"mom20@q0.6,hold_q=0.4,buy_top=5,hold_top=10,rebalance=20d,min_hold=5d,turnover_penalty=0.01,target_vol=0.18",0.012450904658125816,1000000.0,1257824.4648300582,1529595.132707911,0.5295951327079111,0.020972138980940302,895591.3910305876,-0.1044086089694124,634003.7416773235,0.6340037416773235
2025-08-25,0.0,0.2237344992546765,18082.33279295178,0.0,0.0,0.0,0.0,0.0,18082.33279295178,1229857.5270084175,275161.5579598231,954695.9690485944,229857.52700841756,0.2298575270084175,4,"mom20@q0.6,hold_q=0.4,buy_top=5,hold_top=10,rebalance=20d,min_hold=5d,turnover_penalty=0.01,target_vol=0.18",0.014922184312131215,1000000.0,1257824.4648300582,1552420.0332011173,0.5524200332011173,0.020835998172681558,914251.9316175702,-0.08574806838242977,638168.1015835471,0.6381681015835471
2025-08-26,0.0,0.2237344992546765,-9737.60047155021,0.0,0.0,0.0,0.0,0.0,-9737.60047155021,1220119.9265368674,272982.92079437873,947137.0057424888,220119.9265368674,0.2201199265368674,4,"mom20@q0.6,hold_q=0.4,buy_top=5,hold_top=10,rebalance=20d,min_hold=5d,turnover_penalty=0.01,target_vol=0.18",-0.007917665467508606,1000000.0,1257824.4648300582,1540128.4907131724,0.5401284907131723,-0.003721007245112151,910849.9935561635,-0.08915000644383653,629278.4971570089,0.6292784971570088
2025-08-27,0.0,0.2237344992546765,13813.906443141175,0.0,0.0,0.0,0.0,0.0,13813.906443141175,1233933.8329800086,276073.56823518587,957860.2647448226,233933.83298000856,0.2339338329800084,4,"mom20@q0.6,hold_q=0.4,buy_top=5,hold_top=10,rebalance=20d,min_hold=5d,turnover_penalty=0.01,target_vol=0.18",0.011321761199614144,1000000.0,1257824.4648300582,1557565.457701749,0.557565457701749,-0.014926144109383532,897254.515290313,-0.10274548470968692,660310.9424114359,0.660310942411436
2025-08-28,0.0,0.2237344992546765,23275.04194695572,0.0,0.0,0.0,0.0,0.0,23275.04194695572,1257208.8749269643,281280.9980903196,975927.8768366448,257208.8749269643,0.2572088749269643,4,"mom20@q0.6,hold_q=0.4,buy_top=5,hold_top=10,rebalance=20d,min_hold=5d,turnover_penalty=0.01,target_vol=0.18",0.018862471653561252,1000000.0,1257824.4648300582,1586944.9919962145,0.5869449919962144,0.017703533638993685,913139.0907844941,-0.08686090921550593,673805.9012117204,0.6738059012117203
2025-08-29,0.0,0.2237344992546765,-5983.415679376882,0.0,0.0,0.0,0.0,0.0,-5983.415679376882,1251225.4592475872,279942.3015794616,971283.1576681256,251225.45924758725,0.2512254592475873,4,"mom20@q0.6,hold_q=0.4,buy_top=5,hold_top=10,rebalance=20d,min_hold=5d,turnover_penalty=0.01,target_vol=0.18",-0.004759285269700819,1000000.0,1257824.4648300582,1579392.2680719814,0.5793922680719814,0.007388356953075714,919885.688335017,-0.08011431166498306,659506.5797369644,0.6595065797369645
2025-09-01,0.0,0.2237344992546765,9318.428897020714,0.0,0.0,0.0,0.0,0.0,9318.428897020714,1260543.888144608,282027.1556025769,978516.7325420312,260543.8881446081,0.260543888144608,4,"mom20@q0.6,hold_q=0.4,buy_top=5,hold_top=10,rebalance=20d,min_hold=5d,turnover_penalty=0.01,target_vol=0.18",0.007447441888390083,1000000.0,1257824.4648300582,1591154.70020742,0.59115470020742,0.00599320399576575,925398.7509179941,-0.07460124908200594,665755.9492894259,0.6657559492894259
2025-09-02,0.0,0.2237344992546765,-15006.310616687995,0.0,0.0,0.0,0.0,0.0,-15006.310616687995,1245537.57752792,278669.726211092,966867.851316828,245537.57752792,0.24553757752792,4,"mom20@q0.6,hold_q=0.4,buy_top=5,hold_top=10,rebalance=20d,min_hold=5d,turnover_penalty=0.01,target_vol=0.18",-0.011904631610070826,1000000.0,1257824.4648300582,1572212.589666818,0.572212589666818,-0.0073523722785059364,918594.8747951805,-0.08140512520481946,653617.7148716375,0.6536177148716374
2025-09-03,0.0,0.2237344992546765,7469.648113463615,0.0,0.0,0.0,0.0,0.0,7469.648113463615,1253007.2256413838,280340.9441913665,972666.2814500174,253007.2256413838,0.2530072256413838,4,"mom20@q0.6,hold_q=0.4,buy_top=5,hold_top=10,rebalance=20d,min_hold=5d,turnover_penalty=0.01,target_vol=0.18",0.005997127865294161,1000000.0,1257824.4648300582,1581641.349598475,0.5816413495984751,-0.006818915698872052,912331.0537825363,-0.08766894621746368,669310.2958159387,0.6693102958159388
2025-09-04,64182.31372675426,0.1588348633693932,-22598.45437234154,85978.77150968209,150878.40739496544,233.0024707912385,484.319687737839,717.3221585290775,-23315.77653087062,1229691.449110513,195317.87330597948,1034373.5758045336,229691.4491105131,0.2296914491105131,4,"mom20@q0.6,hold_q=0.4,buy_top=5,hold_top=10,rebalance=20d,min_hold=5d,turnover_penalty=0.01,target_vol=0.18",-0.01860785481020344,1000000.0,1257824.4648300582,1552210.3970033326,0.5522103970033325,-0.02121605532049431,892974.9876748811,-0.10702501232511885,659235.4093284515,0.6592354093284514
2025-09-05,0.0,0.1588348633693932,14254.82492187041,0.0,0.0,0.0,0.0,0.0,14254.82492187041,1243946.2740323837,197582.0364747994,1046364.237557584,243946.27403238343,0.2439462740323834,4,"mom20@q0.6,hold_q=0.4,buy_top=5,hold_top=10,rebalance=20d,min_hold=5d,turnover_penalty=0.01,target_vol=0.18",0.011592196507653751,1000000.0,1257824.4648300582,1570203.9249466185,0.5702039249466184,0.02178818430270235,912431.2912840447,-0.08756870871595523,657772.6336625738,0.6577726336625737
2025-09-08,0.0,0.1588348633693932,-13252.85971980372,0.0,0.0,0.0,0.0,0.0,-13252.85971980372,1230693.4143125797,195477.02031195065,1035216.3940006292,230693.41431257967,0.2306934143125796,4,"mom20@q0.6,hold_q=0.4,buy_top=5,hold_top=10,rebalance=20d,min_hold=5d,turnover_penalty=0.01,target_vol=0.18",-0.010653884332836538,1000000.0,1257824.4648300582,1553475.1539512712,0.5534751539512712,0.0016254439143379429,913914.3971737139,-0.08608560282628608,639560.7567775573,0.6395607567775573
2025-09-09,0.0,0.1588348633693932,-2511.013332948984,0.0,0.0,0.0,0.0,0.0,-2511.013332948984,1228182.4009796309,195078.18385229295,1033104.217127338,228182.40097963088,0.2281824009796309,4,"mom20@q0.6,hold_q=0.4,buy_top=5,hold_top=10,rebalance=20d,min_hold=5d,turnover_penalty=0.01,target_vol=0.18",-0.0020403240187576444,1000000.0,1257824.4648300582,1550305.5612821213,0.5503055612821213,-0.007008284145519683,907509.4253936392,-0.09249057460636079,642796.1358884821,0.6427961358884821
2025-09-10,0.0,0.1588348633693932,8786.851029533404,0.0,0.0,0.0,0.0,0.0,8786.851029533404,1236969.252009164,196473.84213501608,1040495.409874148,236969.25200916408,0.2369692520091639,4,"mom20@q0.6,hold_q=0.4,buy_top=5,hold_top=10,rebalance=20d,min_hold=5d,turnover_penalty=0.01,target_vol=0.18",0.007154353475936848,1000000.0,1257824.4648300582,1561396.9952632443,0.5613969952632443,0.0020512774273824252,909370.9789930859,-0.09062902100691406,652026.0162701583,0.6520260162701583
2025-09-11,0.0,0.1588348633693932,19124.94452642263,0.0,0.0,0.0,0.0,0.0,19124.94452642263,1256094.1965355868,199511.55008581767,1056582.6464497691,256094.19653558685,0.2560941965355867,4,"mom20@q0.6,hold_q=0.4,buy_top=5,hold_top=10,rebalance=20d,min_hold=5d,turnover_penalty=0.01,target_vol=0.18",0.015461131709910259,1000000.0,1257824.4648300582,1585537.9598584673,0.5855379598584673,0.023095992225601547,930373.804054098,-0.06962619594590203,655164.1558043694,0.6551641558043694
2025-09-12,0.0,0.1588348633693932,-4124.943931524125,0.0,0.0,0.0,0.0,0.0,-4124.943931524125,1251969.252604063,198856.3651800476,1053112.887424015,251969.25260406267,0.2519692526040626,4,"mom20@q0.6,hold_q=0.4,buy_top=5,hold_top=10,rebalance=20d,min_hold=5d,turnover_penalty=0.01,target_vol=0.18",-0.003283944741485856,1000000.0,1257824.4648300582,1580331.1408127637,0.5803311408127636,-0.005723357145841157,925048.9424943615,-0.07495105750563846,655282.1983184022,0.6552821983184021
2025-09-15,0.0,0.1588348633693932,-2705.192782958818,0.0,0.0,0.0,0.0,0.0,-2705.192782958818,1249264.059821104,198426.6862539785,1050837.3735671255,249264.05982110396,0.249264059821104,4,"mom20@q0.6,hold_q=0.4,buy_top=5,hold_top=10,rebalance=20d,min_hold=5d,turnover_penalty=0.01,target_vol=0.18",-0.0021607501760384507,1000000.0,1257824.4648300582,1576916.4400220537,0.5769164400220537,0.002445820433436552,927311.4460998431,-0.07268855390015683,649604.9939222105,0.6496049939222105
2025-09-16,0.0,0.1588348633693932,-1063.138142197844,0.0,0.0,0.0,0.0,0.0,-1063.138142197844,1248200.921678906,198257.8228524197,1049943.0988264864,248200.92167890607,0.248200921678906,4,"mom20@q0.6,hold_q=0.4,buy_top=5,hold_top=10,rebalance=20d,min_hold=5d,turnover_penalty=0.01,target_vol=0.18",-0.0008510115486313197,1000000.0,1257824.4648300582,1575574.4659203682,0.5755744659203683,-0.002144246932535676,925323.0613760384,-0.07467693862396163,650251.4045443299,0.65025140454433
2025-09-17,0.0,0.1588348633693932,2169.9628816007507,0.0,0.0,0.0,0.0,0.0,2169.9628816007507,1250370.8845605068,198602.48861023545,1051768.3959502713,250370.8845605068,0.2503708845605068,4,"mom20@q0.6,hold_q=0.4,buy_top=5,hold_top=10,rebalance=20d,min_hold=5d,turnover_penalty=0.01,target_vol=0.18",0.001738472423719939,1000000.0,1257824.4648300582,1578313.558680888,0.5783135586808881,0.006119371968501319,930985.4573796307,-0.06901454262036932,647328.1013012574,0.6473281013012574
2025-09-18,0.0,0.1588348633693932,3104.724162504428,0.0,0.0,0.0,0.0,0.0,3104.724162504428,1253475.608723011,199095.62704838644,1054379.9816746246,253475.6087230111,0.253475608723011,4,"mom20@q0.6,hold_q=0.4,buy_top=5,hold_top=10,rebalance=20d,min_hold=5d,turnover_penalty=0.01,target_vol=0.18",0.002483042592275053,1000000.0,1257824.4648300582,1582232.578471058,0.582232578471058,-0.011625965168248209,920161.8528799894,-0.07983814712001058,662070.7255910686,0.6620707255910686
2025-09-19,0.0,0.1588348633693932,2070.110587344339,0.0,0.0,0.0,0.0,0.0,2070.110587344339,1255545.7193103556,199424.43278068685,1056121.2865296688,255545.7193103556,0.2555457193103556,4,"mom20@q0.6,hold_q=0.4,buy_top=5,hold_top=10,rebalance=20d,min_hold=5d,turnover_penalty=0.01,target_vol=0.18",0.0016514965053475716,1000000.0,1257824.4648300582,1584845.63004505,0.58484563004505,0.0008470224160814777,920941.2505958017,-0.07905874940419821,663904.3794492483,0.6639043794492482
2025-09-22,0.0,0.1588348633693932,2226.622536387696,0.0,0.0,0.0,0.0,0.0,2226.622536387696,1257772.3418467431,199778.0980670292,1057994.243779714,257772.34184674316,0.257772341846743,4,"mom20@q0.6,hold_q=0.4,buy_top=5,hold_top=10,rebalance=20d,min_hold=5d,turnover_penalty=0.01,target_vol=0.18",0.00177343007278985,1000000.0,1257824.4648300582,1587656.2429461014,0.5876562429461014,0.004595816895902161,925173.7279554232,-0.07482627204457681,662482.5149906782,0.6624825149906782
2025-09-23,0.0,0.1588348633693932,1748.5814070873218,0.0,0.0,0.0,0.0,0.0,1748.5814070873218,1259520.9232538303,200055.83375591412,1059465.0894979164,259520.9232538305,0.2595209232538304,4,"mom20@q0.6,hold_q=0.4,buy_top=5,hold_top=10,rebalance=20d,min_hold=5d,turnover_penalty=0.01,target_vol=0.18",0.0013902209079583727,1000000.0,1257824.4648300582,1589863.4358496957,0.5898634358496957,-0.0006257448685603739,924594.8052426282,-0.07540519475737184,665268.6306070675,0.6652686306070675
2025-09-24,0.0,0.1588348633693932,-3521.247865169476,0.0,0.0,0.0,0.0,0.0,-3521.247865169476,1255999.675388661,199496.53683236017,1056503.138556301,255999.67538866095,0.2559996753886611,4,"mom20@q0.6,hold_q=0.4,buy_top=5,hold_top=10,rebalance=20d,min_hold=5d,turnover_penalty=0.01,target_vol=0.18",-0.002795704144455624,1000000.0,1257824.4648300582,1585418.6480529723,0.5854186480529722,0.010241648929815161,934064.1806402539,-0.06593581935974602,651354.4674127183,0.6513544674127182
2025-09-25,0.0,0.1588348633693932,3816.293890345081,0.0,0.0,0.0,0.0,0.0,3816.293890345081,1259815.969279006,200102.6973510106,1059713.2719279956,259815.9692790061,0.2598159692790061,4,"mom20@q0.6,hold_q=0.4,buy_top=5,hold_top=10,rebalance=20d,min_hold=5d,turnover_penalty=0.01,target_vol=0.18",0.0030384513349208664,1000000.0,1257824.4648300582,1590235.8654605572,0.5902358654605571,0.006005164178385369,939673.3893981477,-0.06032661060185229,650562.4760624095,0.6505624760624094
2025-09-26,0.0,0.1588348633693932,-5728.359664007027,0.0,0.0,0.0,0.0,0.0,-5728.359664007027,1254087.609614999,199192.8341264473,1054894.7754885517,254087.60961499903,0.2540876096149991,4,"mom20@q0.6,hold_q=0.4,buy_top=5,hold_top=10,rebalance=20d,min_hold=5d,turnover_penalty=0.01,target_vol=0.18",-0.004546981308139131,1000000.0,1257824.4648300582,1583005.0927047755,0.5830050927047754,-0.00945686177612226,930787.0280399091,-0.06921297196009091,652218.0646648664,0.6522180646648663
2025-09-29,0.0,0.1588348633693932,2907.185747009322,0.0,0.0,0.0,0.0,0.0,2907.185747009322,1256994.7953620085,199654.596577363,1057340.1987846454,256994.7953620085,0.2569947953620084,4,"mom20@q0.6,hold_q=0.4,buy_top=5,hold_top=10,rebalance=20d,min_hold=5d,turnover_penalty=0.01,target_vol=0.18",0.002318167985011721,1000000.0,1257824.4648300582,1586674.7644307942,0.5866747644307941,0.015384446324765655,945106.6711125772,-0.05489332888742282,641568.093318217,0.641568093318217
2025-09-30,0.0,0.1588348633693932,-6058.065465973111,0.0,0.0,0.0,0.0,0.0,-6058.065465973111,1250936.7298960353,198692.3645767923,1052244.365319243,250936.72989603528,0.2509367298960352,4,"mom20@q0.6,hold_q=0.4,buy_top=5,hold_top=10,rebalance=20d,min_hold=5d,turnover_penalty=0.01,target_vol=0.18",-0.0048194833330463815,1000000.0,1257824.4648300582,1579027.8118486546,0.5790278118486547,0.004467484118137133,949328.9201557181,-0.050671079844281874,629698.8916929365,0.6296988916929366
2025-10-09,0.0,0.1588348633693932,-3001.4825977391465,0.0,0.0,0.0,0.0,0.0,-3001.4825977391465,1247935.247298296,198215.6244984748,1049719.6227998212,247935.24729829608,0.247935247298296,4,"mom20@q0.6,hold_q=0.4,buy_top=5,hold_top=10,rebalance=20d,min_hold=5d,turnover_penalty=0.01,target_vol=0.18",-0.002399388015402404,1000000.0,1257824.4648300582,1575239.111440918,0.5752391114409179,0.014823226718440496,963401.0379695586,-0.03659896203044133,611838.0734713593,0.6118380734713592
2025-10-10,-43215.3552289059,0.2009956604470718,-8976.368488849033,200995.66044707177,158834.8633693932,544.6982398115645,509.85991141575215,1054.5581512273166,-10030.92664007635,1237904.3206582195,248813.3965009826,989090.9241572372,237904.32065821972,0.2379043206582196,4,"mom20@q0.6,hold_q=0.4,buy_top=5,hold_top=10,rebalance=20d,min_hold=5d,turnover_penalty=0.01,target_vol=0.18",-0.00803801852843955,1000000.0,1257824.4648300582,1562577.3102764331,0.5625773102764331,-0.019673084926573603,944447.9675312344,-0.05555203246876561,618129.3427451988,0.6181293427451987
2025-10-13,0.0,0.2009956604470718,3805.4736523946895,0.0,0.0,0.0,0.0,0.0,3805.4736523946895,1241709.7943106145,249578.28019105963,992131.5141195548,241709.79431061447,0.2417097943106145,4,"mom20@q0.6,hold_q=0.4,buy_top=5,hold_top=10,rebalance=20d,min_hold=5d,turnover_penalty=0.01,target_vol=0.18",0.0030741258341933086,1000000.0,1257824.4648300582,1567380.8695538782,0.5673808695538782,-0.004949283382754022,939773.6268996563,-0.06022637310034373,627607.242654222,0.627607242654222
2025-10-14,0.0,0.2009956604470718,-12002.265525721936,0.0,0.0,0.0,0.0,0.0,-12002.265525721936,1229707.5287848923,247165.876904856,982541.6518800366,229707.5287848925,0.2297075287848924,4,"mom20@q0.6,hold_q=0.4,buy_top=5,hold_top=10,rebalance=20d,min_hold=5d,turnover_penalty=0.01,target_vol=0.18",-0.00966591838182751,1000000.0,1257824.4648300582,1552230.6939955326,0.5522306939955326,-0.011954775597629808,928538.8440775002,-0.0714611559224998,623691.8499180324,0.6236918499180324
2025-10-15,0.0,0.2009956604470718,164.19737713297718,0.0,0.0,0.0,0.0,0.0,164.19737713297718,1229871.7261620257,247198.87986511653,982672.8462969088,229871.72616202547,0.2298717261620255,4,"mom20@q0.6,hold_q=0.4,buy_top=5,hold_top=10,rebalance=20d,min_hold=5d,turnover_penalty=0.01,target_vol=0.18",0.00013352555245038644,1000000.0,1257824.4648300582,1552437.9564564787,0.5524379564564788,0.014811436729190497,942291.8384171498,-0.05770816158285019,610146.1180393288,0.6101461180393289
2025-10-16,0.0,0.2009956604470718,11277.660422115989,0.0,0.0,0.0,0.0,0.0,11277.660422115989,1241149.3865841415,249465.6406699576,991683.745914184,241149.38658414152,0.2411493865841414,4,"mom20@q0.6,hold_q=0.4,buy_top=5,hold_top=10,rebalance=20d,min_hold=5d,turnover_penalty=0.01,target_vol=0.18",0.009169785907111816,1000000.0,1257824.4648300582,1566673.4801512586,0.5666734801512587,0.0026333556940618674,944773.2279953136,-0.0552267720046864,621900.252155945,0.6219002521559451
2025-10-17,0.0,0.2009956604470718,-8944.378498622316,0.0,0.0,0.0,0.0,0.0,-8944.378498622316,1232205.0080855193,247667.8594063384,984537.1486791808,232205.0080855193,0.2322050080855193,4,"mom20@q0.6,hold_q=0.4,buy_top=5,hold_top=10,rebalance=20d,min_hold=5d,turnover_penalty=0.01,target_vol=0.18",-0.007206528557564429,1000000.0,1257824.4648300582,1555383.2029761698,0.5553832029761698,-0.02255966326146186,923459.462113295,-0.076540537886705,631923.7408628748,0.6319237408628748
2025-10-20,0.0,0.2009956604470718,-969.4677333119862,0.0,0.0,0.0,0.0,0.0,-969.4677333119862,1231235.5403522071,247473.0005989992,983762.539753208,231235.54035220717,0.231235540352207,4,"mom20@q0.6,hold_q=0.4,buy_top=5,hold_top=10,rebalance=20d,min_hold=5d,turnover_penalty=0.01,target_vol=0.18",-0.0007867747062791919,1000000.0,1257824.4648300582,1554159.4668134965,0.5541594668134966,0.0053143060942841824,928367.008360628,-0.07163299163937198,625792.4584528685,0.6257924584528686
2025-10-21,0.0,0.2009956604470718,5911.296697063445,0.0,0.0,0.0,0.0,0.0,5911.296697063445,1237146.8370492707,248661.14558272407,988485.6914665466,237146.83704927075,0.2371468370492706,4,"mom20@q0.6,hold_q=0.4,buy_top=5,hold_top=10,rebalance=20d,min_hold=5d,turnover_penalty=0.01,target_vol=0.18",0.004801109538612458,1000000.0,1257824.4648300582,1561621.1566541397,0.5616211566541398,0.015347426964757105,942615.0532179328,-0.05738494678206718,619006.1034362069,0.619006103436207
2025-10-22,0.0,0.2009956604470718,-2821.171447917653,0.0,0.0,0.0,0.0,0.0,-2821.171447917653,1234325.6656013532,248094.10236431545,986231.5632370376,234325.6656013532,0.2343256656013532,4,"mom20@q0.6,hold_q=0.4,buy_top=5,hold_top=10,rebalance=20d,min_hold=5d,turnover_penalty=0.01,target_vol=0.18",-0.002280385289305187,1000000.0,1257824.4648300582,1558060.058741038,0.558060058741038,-0.0033204061746534563,939485.1883749067,-0.06051481162509331,618574.8703661313,0.6185748703661313
2025-10-23,0.0,0.2009956604470718,6919.792424783443,0.0,0.0,0.0,0.0,0.0,6919.792424783443,1241245.4580261365,249484.95061289144,991760.507413245,241245.4580261365,0.2412454580261365,4,"mom20@q0.6,hold_q=0.4,buy_top=5,hold_top=10,rebalance=20d,min_hold=5d,turnover_penalty=0.01,target_vol=0.18",0.00560613184804204,1000000.0,1257824.4648300582,1566794.7488575084,0.5667947488575085,0.002998321201418852,942302.0667336301,-0.05769793326636985,624492.6821238783,0.6244926821238783
2025-10-24,0.0,0.2009956604470718,16579.006803921544,0.0,0.0,0.0,0.0,0.0,16579.006803921544,1257824.4648300582,252817.25903500212,1005007.205795056,257824.46483005816,0.257824464830058,4,"mom20@q0.6,hold_q=0.4,buy_top=5,hold_top=10,rebalance=20d,min_hold=5d,turnover_penalty=0.01,target_vol=0.18",0.013356751234591568,1000000.0,1257824.4648300582,1587722.0365536625,0.5877220365536624,0.011796784431891805,953418.201084613,-0.04658179891538705,634303.8354690495,0.6343038354690494
