date,trade_cash_flow,exposure,daily_pnl,buy_amount,sell_amount,buy_cost,sell_cost,trade_cost,net_daily_pnl,account_total_assets,stock_assets,cash_assets,profit,profit_rate,fold,selected_params
2021-08-24,0.0,0.0,0.0,0.0,0.0,0.0,0.0,0.0,0.0,1000000.0,0.0,1000000.0,0.0,0.0,1,"mom20@q0.6,hold_q=0.4,buy_top=10,hold_top=20,rebalance=20d,min_hold=5d,turnover_penalty=0.01,target_vol=0.18"
2021-08-25,-183485.90290000002,0.18308079029484148,0.0,182990.0,0.0,495.90289999999993,0.0,495.90289999999993,-495.90289999987,999504.0971000001,182990.0,816514.0971000001,-495.90289999987,-0.0004959028999999004,1,"mom20@q0.6,hold_q=0.4,buy_top=10,hold_top=20,rebalance=20d,min_hold=5d,turnover_penalty=0.01,target_vol=0.18"
2021-08-26,0.0,0.1818849311492322,-1461.0,0.0,0.0,0.0,0.0,0.0,-1461.0,998043.0971000001,181529.0,816514.0971000001,-1956.90289999987,-0.001956902899999835,1,"mom20@q0.6,hold_q=0.4,buy_top=10,hold_top=20,rebalance=20d,min_hold=5d,turnover_penalty=0.01,target_vol=0.18"
2021-08-27,-400.5778,0.18385017778460294,1917.0,988.0000000000001,592.0,2.67748,1.9003199999999998,4.5778,1912.42220000003,999955.5193000002,183842.0,816113.5193000002,-44.48069999984,-4.448069999984927e-05,1,"mom20@q0.6,hold_q=0.4,buy_top=10,hold_top=20,rebalance=20d,min_hold=5d,turnover_penalty=0.01,target_vol=0.18"
2021-08-30,2619.56412,0.1857955894325083,5615.0,0.0,2628.0,0.0,8.43588,8.43588,5606.5641199999955,1005562.0834200002,186829.0,818733.0834200002,5562.0834200001555,0.005562083420000086,1,"mom20@q0.6,hold_q=0.4,buy_top=10,hold_top=20,rebalance=20d,min_hold=5d,turnover_penalty=0.01,target_vol=0.18"
2021-08-31,2117.18196,0.18452879907107447,1041.0,0.0,2124.0,0.0,6.81804,6.81804,1034.181959999958,1006596.2653800001,185746.0,820850.2653800001,6596.2653800001135,0.0065962653800000215,1,"mom20@q0.6,hold_q=0.4,buy_top=10,hold_top=20,rebalance=20d,min_hold=5d,turnover_penalty=0.01,target_vol=0.18"
2021-09-01,2708.52869,0.18182463136874,6.0,2315.0,5046.0,6.273649999999999,16.19766,22.47131,-16.47130999993533,1006579.7940700002,183021.0,823558.7940700002,6579.794070000178,0.006579794070000089,1,"mom20@q0.6,hold_q=0.4,buy_top=10,hold_top=20,rebalance=20d,min_hold=5d,turnover_penalty=0.01,target_vol=0.18"
2021-09-02,2604.61227,0.1869401958425227,9545.0,0.0,2613.0,0.0,8.38773,8.38773,9536.612270000041,1016116.4063400002,189953.0,826163.4063400002,16116.40634000022,0.01611640634000011,1,"mom20@q0.6,hold_q=0.4,buy_top=10,hold_top=20,rebalance=20d,min_hold=5d,turnover_penalty=0.01,target_vol=0.18"
2021-09-03,-11658.52085,0.19710013718703526,-1615.0,14323.0,2711.9999999999995,38.815329999999996,8.705519999999998,47.520849999999996,-1662.5208499999717,1014453.8854900002,199949.0,814504.8854900002,14453.885490000248,0.014453885490000262,1,"mom20@q0.6,hold_q=0.4,buy_top=10,hold_top=20,rebalance=20d,min_hold=5d,turnover_penalty=0.01,target_vol=0.18"
2021-09-06,0.0,0.196477567111368,-786.0,0.0,0.0,0.0,0.0,0.0,-786.0,1013667.8854900002,199163.0,814504.8854900002,13667.885490000248,0.013667885490000309,1,"mom20@q0.6,hold_q=0.4,buy_top=10,hold_top=20,rebalance=20d,min_hold=5d,turnover_penalty=0.01,target_vol=0.18"
2021-09-07,3927.3526,0.1993213991599935,8518.0,0.0,3940.0,0.0,12.6474,12.6474,8505.352599999984,1022173.2380900002,203741.0,818432.2380900002,22173.23809000023,0.022173238090000158,1,"mom20@q0.6,hold_q=0.4,buy_top=10,hold_top=20,rebalance=20d,min_hold=5d,turnover_penalty=0.01,target_vol=0.18"
2021-09-08,-1412.4231300000001,0.20155193918962022,1100.0,3026.0,1627.0,8.20046,5.22267,13.42313,1086.5768699999899,1023259.8149600002,206240.0,817019.8149600002,23259.81496000022,0.02325981496000029,1,"mom20@q0.6,hold_q=0.4,buy_top=10,hold_top=20,rebalance=20d,min_hold=5d,turnover_penalty=0.01,target_vol=0.18"
2021-09-09,1620.15825,0.2016664183846123,2187.0,947.0000000000001,2578.0,2.56637,8.275379999999998,10.841749999999998,2176.1582499999786,1025435.9732100002,206796.0,818639.9732100002,25435.9732100002,0.02543597321000024,1,"mom20@q0.6,hold_q=0.4,buy_top=10,hold_top=20,rebalance=20d,min_hold=5d,turnover_penalty=0.01,target_vol=0.18"
2021-09-10,0.0,0.2048510897436636,4107.0,0.0,0.0,0.0,0.0,0.0,4107.0,1029542.9732100002,210903.0,818639.9732100002,29542.9732100002,0.0295429732100001,1,"mom20@q0.6,hold_q=0.4,buy_top=10,hold_top=20,rebalance=20d,min_hold=5d,turnover_penalty=0.01,target_vol=0.18"
2021-09-13,0.0,0.20404318284169423,-1045.0,0.0,0.0,0.0,0.0,0.0,-1045.0,1028497.9732100002,209858.0,818639.9732100002,28497.9732100002,0.028497973210000138,1,"mom20@q0.6,hold_q=0.4,buy_top=10,hold_top=20,rebalance=20d,min_hold=5d,turnover_penalty=0.01,target_vol=0.18"
2021-09-14,-1528.13004,0.20674286110435275,1578.0,1524.0,0.0,4.130039999999999,0.0,4.130039999999999,1573.86996000004,1030071.8431700002,212960.0,817111.8431700002,30071.84317000024,0.030071843170000223,1,"mom20@q0.6,hold_q=0.4,buy_top=10,hold_top=20,rebalance=20d,min_hold=5d,turnover_penalty=0.01,target_vol=0.18"
2021-09-15,166.44110000000023,0.20921482544446118,3442.0,1855.9999999999998,2034.0,5.029759999999999,6.529139999999999,11.558899999999998,3430.4411000000546,1033502.2842700003,216224.0,817278.2842700003,33502.284270000295,0.03350228427000035,1,"mom20@q0.6,hold_q=0.4,buy_top=10,hold_top=20,rebalance=20d,min_hold=5d,turnover_penalty=0.01,target_vol=0.18"
2021-09-16,-790.25234,0.1999788293697582,-12911.0,1818.0,1036.0,4.92678,3.32556,8.25234,-12919.252340000006,1020583.0319300003,204095.0,816488.0319300003,20583.03193000029,0.020583031930000217,1,"mom20@q0.6,hold_q=0.4,buy_top=10,hold_top=20,rebalance=20d,min_hold=5d,turnover_penalty=0.01,target_vol=0.18"
2021-09-17,959.9087700000001,0.2029811979704075,5052.0,0.0,963.0000000000001,0.0,3.09123,3.09123,5048.90876999998,1025631.9407000003,208184.0,817447.9407000003,25631.94070000027,0.0256319407000003,1,"mom20@q0.6,hold_q=0.4,buy_top=10,hold_top=20,rebalance=20d,min_hold=5d,turnover_penalty=0.01,target_vol=0.18"
2021-09-22,-6359.54032,0.2128919486546102,4874.0,10106.0,3786.0,27.387259999999998,12.15306,39.540319999999994,4834.459679999971,1030466.4003800002,219378.0,811088.4003800002,30466.40038000024,0.030466400380000147,1,"mom20@q0.6,hold_q=0.4,buy_top=10,hold_top=20,rebalance=20d,min_hold=5d,turnover_penalty=0.01,target_vol=0.18"
2021-09-23,3032.2351799999997,0.21155479519355153,2108.0,0.0,3042.0,0.0,9.76482,9.76482,2098.2351799999597,1032564.6355600002,218444.0,814120.6355600002,32564.6355600002,0.03256463556000022,1,"mom20@q0.6,hold_q=0.4,buy_top=10,hold_top=20,rebalance=20d,min_hold=5d,turnover_penalty=0.01,target_vol=0.18"
2021-09-24,-5732.552599999981,0.21415855901665892,-2929.0,162149.0,157361.0,439.42379,505.12881,944.5526,-3873.5525999999372,1028691.0829600003,220303.0,808388.0829600003,28691.08296000026,0.028691082960000225,1,"mom20@q0.6,hold_q=0.4,buy_top=10,hold_top=20,rebalance=20d,min_hold=5d,turnover_penalty=0.01,target_vol=0.18"
2021-09-27,-4992.26136,0.20909013139731006,-12880.0,6792.0,1823.9999999999998,18.40632,5.855039999999999,24.26136,-12904.261360000004,1015786.8216000003,212391.0,803395.8216000003,15786.821600000258,0.015786821600000334,1,"mom20@q0.6,hold_q=0.4,buy_top=10,hold_top=20,rebalance=20d,min_hold=5d,turnover_penalty=0.01,target_vol=0.18"
2021-09-28,3034.4115899999997,0.2109125155505407,6206.0,811.0,3860.0,2.1978099999999996,12.3906,14.58841,6191.411589999916,1021978.2331900002,215548.0,806430.2331900002,21978.233190000174,0.02197823319000025,1,"mom20@q0.6,hold_q=0.4,buy_top=10,hold_top=20,rebalance=20d,min_hold=5d,turnover_penalty=0.01,target_vol=0.18"
2021-09-29,-10464.28156,0.20958744872301696,-14924.0,10436.0,0.0,28.28156,0.0,28.28156,-14952.281560000032,1007025.9516300001,211060.0,795965.9516300001,7025.951630000141,0.007025951630000193,1,"mom20@q0.6,hold_q=0.4,buy_top=10,hold_top=20,rebalance=20d,min_hold=5d,turnover_penalty=0.01,target_vol=0.18"
2021-09-30,-376.68813000000006,0.21577901060450774,7476.0,1162.0,791.0,3.1490199999999997,2.53911,5.688129999999999,7470.311869999976,1014496.2635000001,218907.0,795589.2635000001,14496.263500000117,0.014496263500000106,1,"mom20@q0.6,hold_q=0.4,buy_top=10,hold_top=20,rebalance=20d,min_hold=5d,turnover_penalty=0.01,target_vol=0.18"
2021-10-08,-2782.45428,0.21292843114473436,-7191.0,4616.0,1852.0,12.50936,5.94492,18.454279999999997,-7209.454279999947,1007286.8092200002,214480.0,792806.8092200002,7286.80922000017,0.0072868092200002454,1,"mom20@q0.6,hold_q=0.4,buy_top=10,hold_top=20,rebalance=20d,min_hold=5d,turnover_penalty=0.01,target_vol=0.18"
2021-10-11,-6508.59061,0.2141852292609715,-6654.0,6491.0,0.0,17.590609999999998,0.0,17.590609999999998,-6671.590609999956,1000615.2186100002,214317.0,786298.2186100002,615.2186100002145,0.0006152186100001344,1,"mom20@q0.6,hold_q=0.4,buy_top=10,hold_top=20,rebalance=20d,min_hold=5d,turnover_penalty=0.01,target_vol=0.18"
2021-10-12,-3480.40641,0.21040892729311686,-9184.0,3471.0,0.0,9.40641,0.0,9.40641,-9193.406410000054,991421.8122000002,208604.0,782817.8122000002,-8578.18779999984,-0.008578187799999859,1,"mom20@q0.6,hold_q=0.4,buy_top=10,hold_top=20,rebalance=20d,min_hold=5d,turnover_penalty=0.01,target_vol=0.18"
2021-10-13,-3924.6069399999997,0.21242950467927613,-2429.0,3914.0,0.0,10.606939999999998,0.0,10.606939999999998,-2439.606940000085,988982.2052600001,210089.0,778893.2052600001,-11017.794739999925,-0.011017794739999975,1,"mom20@q0.6,hold_q=0.4,buy_top=10,hold_top=20,rebalance=20d,min_hold=5d,turnover_penalty=0.01,target_vol=0.18"
2021-10-14,-1513.0893899999999,0.21436134158468959,510.0,1509.0,0.0,4.08939,0.0,4.08939,505.9106100000208,989488.1158700001,212108.0,777380.1158700001,-10511.884129999904,-0.010511884129999927,1,"mom20@q0.6,hold_q=0.4,buy_top=10,hold_top=20,rebalance=20d,min_hold=5d,turnover_penalty=0.01,target_vol=0.18"
2021-10-15,1349.4923600000002,0.21551510322964465,3182.0,364.0,1720.0,0.9864399999999999,5.521199999999999,6.507639999999999,3175.492360000033,992663.6082300001,213934.0,778729.6082300001,-7336.391769999871,-0.007336391769999895,1,"mom20@q0.6,hold_q=0.4,buy_top=10,hold_top=20,rebalance=20d,min_hold=5d,turnover_penalty=0.01,target_vol=0.18"
2021-10-18,4052.94814,0.21879513089966654,9369.0,0.0,4066.0,0.0,13.051860000000001,13.051860000000001,9355.94814000011,1002019.5563700002,219237.0,782782.5563700002,2019.5563700002385,0.002019556370000286,1,"mom20@q0.6,hold_q=0.4,buy_top=10,hold_top=20,rebalance=20d,min_hold=5d,turnover_penalty=0.01,target_vol=0.18"
2021-10-19,841.29076,0.21928342205811227,1707.0,0.0,844.0,0.0,2.70924,2.70924,1704.2907600000035,1003723.8471300002,220100.0,783623.8471300002,3723.847130000242,0.0037238471300002907,1,"mom20@q0.6,hold_q=0.4,buy_top=10,hold_top=20,rebalance=20d,min_hold=5d,turnover_penalty=0.01,target_vol=0.18"
2021-10-20,1289.9337599999994,0.21933365364869425,1739.0,3016.0,4328.0,8.173359999999999,13.892879999999998,22.066239999999997,1716.9337599999271,1005440.7808900002,220527.0,784913.7808900002,5440.780890000169,0.0054407808900001076,1,"mom20@q0.6,hold_q=0.4,buy_top=10,hold_top=20,rebalance=20d,min_hold=5d,turnover_penalty=0.01,target_vol=0.18"
2021-10-21,0.0,0.2195851397824541,324.0,0.0,0.0,0.0,0.0,0.0,324.0,1005764.7808900002,220851.0,784913.7808900002,5764.780890000169,0.0057647808900000985,1,"mom20@q0.6,hold_q=0.4,buy_top=10,hold_top=20,rebalance=20d,min_hold=5d,turnover_penalty=0.01,target_vol=0.18"
2021-10-22,-2801.5717400000003,0.21773384802902734,-5954.0,2794.0,0.0,7.571739999999998,0.0,7.571739999999998,-5961.571739999927,999803.2091500002,217691.0,782112.2091500002,-196.79084999975748,-0.00019679084999979501,1,"mom20@q0.6,hold_q=0.4,buy_top=10,hold_top=20,rebalance=20d,min_hold=5d,turnover_penalty=0.01,target_vol=0.18"
2021-10-25,3368.15341,0.22143127429595197,9085.0,0.0,3379.0,0.0,10.846589999999999,10.846589999999999,9074.153410000028,1008877.3625600003,223397.0,785480.3625600003,8877.36256000027,0.008877362560000268,1,"mom20@q0.6,hold_q=0.4,buy_top=10,hold_top=20,rebalance=20d,min_hold=5d,turnover_penalty=0.01,target_vol=0.18"
2021-10-26,3090.049,0.21756575977051545,-1025.0,0.0,3100.0,0.0,9.950999999999999,9.950999999999999,-1034.951000000001,1007842.4115600003,219272.0,788570.4115600003,7842.41156000027,0.007842411560000206,1,"mom20@q0.6,hold_q=0.4,buy_top=10,hold_top=20,rebalance=20d,min_hold=5d,turnover_penalty=0.01,target_vol=0.18"
2021-10-27,-2150.77589,0.22003661705000074,447.0,3149.0,1010.0,8.53379,3.2420999999999998,11.77589,435.2241099999519,1008277.6356700002,221858.0,786419.6356700002,8277.635670000222,0.008277635670000283,1,"mom20@q0.6,hold_q=0.4,buy_top=10,hold_top=20,rebalance=20d,min_hold=5d,turnover_penalty=0.01,target_vol=0.18"
2021-10-28,-6135.80291,0.21866201162271384,-9600.0,7840.0,1730.9999999999998,21.246399999999994,5.5565099999999985,26.802909999999994,-9626.802910000086,998650.8327600001,218367.0,780283.8327600001,-1349.1672399998643,-0.0013491672399998933,1,"mom20@q0.6,hold_q=0.4,buy_top=10,hold_top=20,rebalance=20d,min_hold=5d,turnover_penalty=0.01,target_vol=0.18"
2021-10-29,-39397.35815999999,0.2602767214665226,4343.0,260686.0,222710.0,706.4590599999999,714.8991,1421.3581599999998,2921.6418399999384,1001572.4746000001,260686.0,740886.4746000001,1572.4746000000741,0.0015724746000000955,1,"mom20@q0.6,hold_q=0.4,buy_top=10,hold_top=20,rebalance=20d,min_hold=5d,turnover_penalty=0.01,target_vol=0.18"
2021-11-01,0.0,0.25876994644293294,-2036.0,0.0,0.0,0.0,0.0,0.0,-2036.0,999536.4746000001,258650.0,740886.4746000001,-463.52539999992587,-0.00046352539999994224,1,"mom20@q0.6,hold_q=0.4,buy_top=10,hold_top=20,rebalance=20d,min_hold=5d,turnover_penalty=0.01,target_vol=0.18"
2021-11-02,-4154.22753,0.2649966623773631,2827.0,4143.0,0.0,11.22753,0.0,11.22753,2815.772469999967,1002352.24707,265620.0,736732.24707,2352.2470700000413,0.0023522470700001463,1,"mom20@q0.6,hold_q=0.4,buy_top=10,hold_top=20,rebalance=20d,min_hold=5d,turnover_penalty=0.01,target_vol=0.18"
2021-11-03,0.0,0.26217595563853163,-3832.0,0.0,0.0,0.0,0.0,0.0,-3832.0,998520.24707,261788.0,736732.24707,-1479.7529299999587,-0.0014797529299999113,1,"mom20@q0.6,hold_q=0.4,buy_top=10,hold_top=20,rebalance=20d,min_hold=5d,turnover_penalty=0.01,target_vol=0.18"
2021-11-04,0.0,0.2675367298382031,7308.0,0.0,0.0,0.0,0.0,0.0,7308.0,1005828.24707,269096.0,736732.24707,5828.247070000041,0.005828247069999959,1,"mom20@q0.6,hold_q=0.4,buy_top=10,hold_top=20,rebalance=20d,min_hold=5d,turnover_penalty=0.01,target_vol=0.18"
2021-11-05,-1406.80213,0.2631488642123281,-7895.0,1403.0,0.0,3.8021299999999996,0.0,3.8021299999999996,-7898.802129999967,997929.4449400001,262604.0,735325.4449400001,-2070.555059999926,-0.002070555059999979,1,"mom20@q0.6,hold_q=0.4,buy_top=10,hold_top=20,rebalance=20d,min_hold=5d,turnover_penalty=0.01,target_vol=0.18"
2021-11-08,0.0,0.2698045033173797,9096.0,0.0,0.0,0.0,0.0,0.0,9096.0,1007025.4449400001,271700.0,735325.4449400001,7025.444940000074,0.007025444940000014,1,"mom20@q0.6,hold_q=0.4,buy_top=10,hold_top=20,rebalance=20d,min_hold=5d,turnover_penalty=0.01,target_vol=0.18"
2021-11-09,0.0,0.27268767851613207,3992.0,0.0,0.0,0.0,0.0,0.0,3992.0,1011017.4449400001,275692.0,735325.4449400001,11017.444940000074,0.01101744494000001,1,"mom20@q0.6,hold_q=0.4,buy_top=10,hold_top=20,rebalance=20d,min_hold=5d,turnover_penalty=0.01,target_vol=0.18"
2021-11-10,-2322.27636,0.2715924772758071,-4702.0,2316.0,0.0,6.2763599999999995,0.0,6.2763599999999995,-4708.276360000018,1006309.16858,273306.0,733003.16858,6309.168580000056,0.00630916858000008,1,"mom20@q0.6,hold_q=0.4,buy_top=10,hold_top=20,rebalance=20d,min_hold=5d,turnover_penalty=0.01,target_vol=0.18"
2021-11-11,0.0,0.2723257128957954,1014.0,0.0,0.0,0.0,0.0,0.0,1014.0,1007323.16858,274320.0,733003.16858,7323.168580000056,0.00732316858000015,1,"mom20@q0.6,hold_q=0.4,buy_top=10,hold_top=20,rebalance=20d,min_hold=5d,turnover_penalty=0.01,target_vol=0.18"
2021-11-12,0.0,0.27509558574049336,3849.0,0.0,0.0,0.0,0.0,0.0,3849.0,1011172.16858,278169.0,733003.16858,11172.168580000056,0.011172168580000141,1,"mom20@q0.6,hold_q=0.4,buy_top=10,hold_top=20,rebalance=20d,min_hold=5d,turnover_penalty=0.01,target_vol=0.18"
2021-11-15,-1375.71812,0.2699068042221103,-9067.0,1372.0,0.0,3.7181199999999994,0.0,3.7181199999999994,-9070.718119999976,1002101.4504600001,270474.0,731627.4504600001,2101.45046000008,0.0021014504600000983,1,"mom20@q0.6,hold_q=0.4,buy_top=10,hold_top=20,rebalance=20d,min_hold=5d,turnover_penalty=0.01,target_vol=0.18"
2021-11-16,0.0,0.2678208162528898,-2855.0,0.0,0.0,0.0,0.0,0.0,-2855.0,999246.4504600001,267619.0,731627.4504600001,-753.54953999992,-0.0007535495399999537,1,"mom20@q0.6,hold_q=0.4,buy_top=10,hold_top=20,rebalance=20d,min_hold=5d,turnover_penalty=0.01,target_vol=0.18"
2021-11-17,2536.83055,0.2699824239641228,6442.0,0.0,2545.0,0.0,8.16945,8.16945,6433.830549999955,1005680.28101,271516.0,734164.28101,5680.281010000035,0.005680281010000066,1,"mom20@q0.6,hold_q=0.4,buy_top=10,hold_top=20,rebalance=20d,min_hold=5d,turnover_penalty=0.01,target_vol=0.18"
2021-11-18,0.0,0.2695974971301869,-530.0,0.0,0.0,0.0,0.0,0.0,-530.0,1005150.28101,270986.0,734164.28101,5150.281010000035,0.005150281010000146,1,"mom20@q0.6,hold_q=0.4,buy_top=10,hold_top=20,rebalance=20d,min_hold=5d,turnover_penalty=0.01,target_vol=0.18"
2021-11-19,1550.00845,0.26981705768677716,2430.0,0.0,1555.0,0.0,4.991549999999999,4.991549999999999,2425.008449999965,1007575.28946,271861.0,735714.28946,7575.28946,0.007575289460000079,1,"mom20@q0.6,hold_q=0.4,buy_top=10,hold_top=20,rebalance=20d,min_hold=5d,turnover_penalty=0.01,target_vol=0.18"
2021-11-22,0.0,0.2784124390906576,12002.0,0.0,0.0,0.0,0.0,0.0,12002.0,1019577.28946,283863.0,735714.28946,19577.28946,0.019577289459999925,1,"mom20@q0.6,hold_q=0.4,buy_top=10,hold_top=20,rebalance=20d,min_hold=5d,turnover_penalty=0.01,target_vol=0.18"
2021-11-23,0.0,0.27884672505935354,614.0,0.0,0.0,0.0,0.0,0.0,614.0,1020191.28946,284477.0,735714.28946,20191.28946,0.02019128946000004,1,"mom20@q0.6,hold_q=0.4,buy_top=10,hold_top=20,rebalance=20d,min_hold=5d,turnover_penalty=0.01,target_vol=0.18"
2021-11-24,-1614.7365899999995,0.278159857356278,-3182.0,5209.0,3620.0000000000005,14.116389999999999,11.6202,25.73659,-3207.736589999986,1016983.55287,282884.0,734099.55287,16983.552870000014,0.016983552869999974,1,"mom20@q0.6,hold_q=0.4,buy_top=10,hold_top=20,rebalance=20d,min_hold=5d,turnover_penalty=0.01,target_vol=0.18"
2021-11-25,-396.42326,0.278802528028392,375.0,3317.0,2939.0,8.98907,9.43419,18.42326,356.5767400000477,1017340.1296100001,283637.0,733703.1296100001,17340.12961000006,0.017340129609999977,1,"mom20@q0.6,hold_q=0.4,buy_top=10,hold_top=20,rebalance=20d,min_hold=5d,turnover_penalty=0.01,target_vol=0.18"
2021-11-26,24739.140409999975,0.2546243661084475,1634.0,229698.0,255881.0,622.4815799999999,821.3780099999999,1443.8595899999998,190.14041000022553,1017530.2700200003,259088.0,758442.2700200003,17530.270020000287,0.017530270020000183,1,"mom20@q0.6,hold_q=0.4,buy_top=10,hold_top=20,rebalance=20d,min_hold=5d,turnover_penalty=0.01,target_vol=0.18"
2021-11-29,1030.63427,0.2560320603353788,3317.0,513.0,1550.0,1.3902299999999999,4.975499999999999,6.365729999999999,3310.6342700000387,1020840.9042900003,261368.0,759472.9042900003,20840.904290000326,0.020840904290000406,1,"mom20@q0.6,hold_q=0.4,buy_top=10,hold_top=20,rebalance=20d,min_hold=5d,turnover_penalty=0.01,target_vol=0.18"
2021-11-30,-2378.42812,0.2570137014545664,-1846.0,2372.0,0.0,6.42812,0.0,6.42812,-1852.428120000055,1018988.4761700003,261894.0,757094.4761700003,18988.47617000027,0.018988476170000324,1,"mom20@q0.6,hold_q=0.4,buy_top=10,hold_top=20,rebalance=20d,min_hold=5d,turnover_penalty=0.01,target_vol=0.18"
2021-12-01,-5534.42109,0.2604175238573332,-2766.0,7618.0,2111.0,20.644779999999997,6.776309999999999,27.421089999999996,-2793.42108999996,1016195.0550800003,264635.0,751560.0550800003,16195.055080000311,0.016195055080000298,1,"mom20@q0.6,hold_q=0.4,buy_top=10,hold_top=20,rebalance=20d,min_hold=5d,turnover_penalty=0.01,target_vol=0.18"
2021-12-02,726.8323599999999,0.2569410776776094,-3771.0,476.0,1208.0,1.2899599999999998,3.87768,5.16764,-3776.1676399999997,1012418.8874400003,260132.0,752286.8874400003,12418.887440000311,0.012418887440000415,1,"mom20@q0.6,hold_q=0.4,buy_top=10,hold_top=20,rebalance=20d,min_hold=5d,turnover_penalty=0.01,target_vol=0.18"
2021-12-03,-1631.0375900000001,0.2593589867242662,1117.0,3248.0,1630.9999999999998,8.80208,5.235509999999999,14.037589999999998,1102.9624100000365,1013521.8498500003,262866.0,750655.8498500003,13521.849850000348,0.013521849850000267,1,"mom20@q0.6,hold_q=0.4,buy_top=10,hold_top=20,rebalance=20d,min_hold=5d,turnover_penalty=0.01,target_vol=0.18"
2021-12-06,-60.06119000000001,0.2569136845995747,-3413.0,548.0,491.0,1.48508,1.57611,3.06119,-3416.0611900000367,1010105.7886600003,259510.0,750595.7886600003,10105.788660000311,0.010105788660000226,1,"mom20@q0.6,hold_q=0.4,buy_top=10,hold_top=20,rebalance=20d,min_hold=5d,turnover_penalty=0.01,target_vol=0.18"
2021-12-07,-1312.54585,0.25575695182191643,-3324.0,2319.0,1016.0,6.28449,3.26136,9.54585,-3333.545849999995,1006772.2428100003,257489.0,749283.2428100003,6772.242810000316,0.0067722428100003285,1,"mom20@q0.6,hold_q=0.4,buy_top=10,hold_top=20,rebalance=20d,min_hold=5d,turnover_penalty=0.01,target_vol=0.18"
2021-12-08,2547.71313,0.2588190406090553,7608.0,519.0,3078.0,1.4064899999999998,9.880379999999999,11.286869999999999,7596.713130000047,1014368.9559400004,262538.0,751830.9559400004,14368.955940000364,0.014368955940000427,1,"mom20@q0.6,hold_q=0.4,buy_top=10,hold_top=20,rebalance=20d,min_hold=5d,turnover_penalty=0.01,target_vol=0.18"
2021-12-09,-715.3124900000001,0.26002442499343253,698.0,2461.0,1758.0,6.669309999999999,5.643179999999999,12.312489999999999,685.6875099999597,1015054.6434500003,263939.0,751115.6434500003,15054.643450000323,0.015054643450000293,1,"mom20@q0.6,hold_q=0.4,buy_top=10,hold_top=20,rebalance=20d,min_hold=5d,turnover_penalty=0.01,target_vol=0.18"
2021-12-10,-494.33603,0.26179188890795024,1762.0,493.0,0.0,1.3360299999999998,0.0,1.3360299999999998,1760.6639699999942,1016815.3074200003,266194.0,750621.3074200003,16815.307420000318,0.01681530742000037,1,"mom20@q0.6,hold_q=0.4,buy_top=10,hold_top=20,rebalance=20d,min_hold=5d,turnover_penalty=0.01,target_vol=0.18"
2021-12-13,4144.65282,0.2641483415318045,8902.0,0.0,4158.0,0.0,13.34718,13.34718,8888.65281999996,1025703.9602400003,270938.0,754765.9602400003,25703.960240000277,0.025703960240000212,1,"mom20@q0.6,hold_q=0.4,buy_top=10,hold_top=20,rebalance=20d,min_hold=5d,turnover_penalty=0.01,target_vol=0.18"
2021-12-14,-1220.29807,0.26172457726232007,-5017.0,1217.0,0.0,3.2980699999999996,0.0,3.2980699999999996,-5020.298070000019,1020683.6621700003,267138.0,753545.6621700003,20683.662170000258,0.020683662170000172,1,"mom20@q0.6,hold_q=0.4,buy_top=10,hold_top=20,rebalance=20d,min_hold=5d,turnover_penalty=0.01,target_vol=0.18"
2021-12-15,4782.598419999999,0.2589393858923087,2633.0,0.0,4798.0,0.0,15.401579999999997,15.401579999999997,2617.598420000053,1023301.2605900003,264973.0,758328.2605900003,23301.26059000031,0.02330126059000026,1,"mom20@q0.6,hold_q=0.4,buy_top=10,hold_top=20,rebalance=20d,min_hold=5d,turnover_penalty=0.01,target_vol=0.18"
2021-12-16,544.4368599999998,0.2620150065278752,5012.0,1315.0,1869.0,3.5636499999999995,5.99949,9.563139999999999,5002.4368599999,1028303.6974500002,269431.0,758872.6974500002,28303.69745000021,0.028303697450000165,1,"mom20@q0.6,hold_q=0.4,buy_top=10,hold_top=20,rebalance=20d,min_hold=5d,turnover_penalty=0.01,target_vol=0.18"
2021-12-17,787.4641,0.25861581965041197,-3650.0,0.0,790.0,0.0,2.5359,2.5359,-3652.535900000017,1024651.1615500002,264991.0,759660.1615500002,24651.161550000194,0.024651161550000245,1,"mom20@q0.6,hold_q=0.4,buy_top=10,hold_top=20,rebalance=20d,min_hold=5d,turnover_penalty=0.01,target_vol=0.18"
2021-12-20,-3366.0974699999997,0.25391834936283364,-10954.0,3357.0,0.0,9.097469999999998,0.0,9.097469999999998,-10963.097470000037,1013688.0640800002,257394.0,756294.0640800002,13688.064080000157,0.013688064080000117,1,"mom20@q0.6,hold_q=0.4,buy_top=10,hold_top=20,rebalance=20d,min_hold=5d,turnover_penalty=0.01,target_vol=0.18"
2021-12-21,763.54114,0.2573218361931428,5676.0,0.0,766.0,0.0,2.4588599999999996,2.4588599999999996,5673.541139999987,1019361.6052200001,262304.0,757057.6052200001,19361.605220000143,0.019361605220000078,1,"mom20@q0.6,hold_q=0.4,buy_top=10,hold_top=20,rebalance=20d,min_hold=5d,turnover_penalty=0.01,target_vol=0.18"
2021-12-22,3987.16,0.2582256173140097,6630.0,0.0,4000.0,0.0,12.84,12.84,6617.160000000033,1025978.7652200002,264934.0,761044.7652200002,25978.765220000176,0.02597876522000009,1,"mom20@q0.6,hold_q=0.4,buy_top=10,hold_top=20,rebalance=20d,min_hold=5d,turnover_penalty=0.01,target_vol=0.18"
2021-12-23,2300.59132,0.25524983120763295,-1003.0,0.0,2308.0,0.0,7.408679999999999,7.408679999999999,-1010.4086799999932,1024968.3565400002,261623.0,763345.3565400002,24968.356540000183,0.02496835654000029,1,"mom20@q0.6,hold_q=0.4,buy_top=10,hold_top=20,rebalance=20d,min_hold=5d,turnover_penalty=0.01,target_vol=0.18"
2021-12-24,-48616.948890000036,0.2978874370964375,-5638.0,255682.0,208427.0,692.8982199999999,669.05067,1361.94889,-6999.9488900002325,1017968.40765,303240.0,714728.40765,17968.40764999995,0.017968407649999962,1,"mom20@q0.6,hold_q=0.4,buy_top=10,hold_top=20,rebalance=20d,min_hold=5d,turnover_penalty=0.01,target_vol=0.18"
2021-12-27,-8276.36834,0.30388666333043174,-3094.0,8254.0,0.0,22.36834,0.0,22.36834,-3116.3683400000446,1014852.0393099999,308400.0,706452.0393099999,14852.039309999906,0.01485203931000001,1,"mom20@q0.6,hold_q=0.4,buy_top=10,hold_top=20,rebalance=20d,min_hold=5d,turnover_penalty=0.01,target_vol=0.18"
2021-12-28,-539.62666,0.3024156373297448,-2908.0,1240.0,706.0,3.3604,2.26626,5.626659999999999,-2913.626659999951,1011938.41265,306026.0,705912.41265,11938.412649999955,0.011938412649999952,1,"mom20@q0.6,hold_q=0.4,buy_top=10,hold_top=20,rebalance=20d,min_hold=5d,turnover_penalty=0.01,target_vol=0.18"
2021-12-29,-2640.1354300000003,0.3029014210448945,-3075.0,2633.0,0.0,7.1354299999999995,0.0,7.1354299999999995,-3082.135430000024,1008856.2772199999,305584.0,703272.2772199999,8856.27721999993,0.008856277220000042,1,"mom20@q0.6,hold_q=0.4,buy_top=10,hold_top=20,rebalance=20d,min_hold=5d,turnover_penalty=0.01,target_vol=0.18"
2021-12-30,1859.0133500000002,0.3037275856733534,3873.0,0.0,1865.0,0.0,5.986649999999999,5.986649999999999,3867.013350000023,1012723.29057,307592.0,705131.29057,12723.290569999954,0.012723290569999879,1,"mom20@q0.6,hold_q=0.4,buy_top=10,hold_top=20,rebalance=20d,min_hold=5d,turnover_penalty=0.01,target_vol=0.18"
2021-12-31,308.00811,0.3040179137834401,866.0,0.0,309.0,0.0,0.9918899999999999,0.9918899999999999,865.0081100000534,1013588.29868,308149.0,705439.29868,13588.298680000007,0.01358829868,1,"mom20@q0.6,hold_q=0.4,buy_top=10,hold_top=20,rebalance=20d,min_hold=5d,turnover_penalty=0.01,target_vol=0.18"
2022-01-04,-2461.41609,0.30695066087143297,760.0,5109.0,2670.0,13.84539,8.570699999999999,22.416089999999997,737.5839099999284,1014325.8825899999,311348.0,702977.8825899999,14325.882589999936,0.014325882589999894,1,"mom20@q0.6,hold_q=0.4,buy_top=10,hold_top=20,rebalance=20d,min_hold=5d,turnover_penalty=0.01,target_vol=0.18"
2022-01-05,-7045.04046,0.3072702309607887,-9683.0,7026.0,0.0,19.04046,0.0,19.04046,-9702.040460000047,1004623.8421299999,308691.0,695932.8421299999,4623.842129999888,0.004623842129999778,1,"mom20@q0.6,hold_q=0.4,buy_top=10,hold_top=20,rebalance=20d,min_hold=5d,turnover_penalty=0.01,target_vol=0.18"
2022-01-06,0.0,0.30436756126404085,-4192.0,0.0,0.0,0.0,0.0,0.0,-4192.0,1000431.8421299999,304499.0,695932.8421299999,431.84212999988813,0.0004318421299998043,1,"mom20@q0.6,hold_q=0.4,buy_top=10,hold_top=20,rebalance=20d,min_hold=5d,turnover_penalty=0.01,target_vol=0.18"
2022-01-07,-1069.13673,0.3023048421082819,-4484.0,1613.0,550.0,4.37123,1.7654999999999998,6.13673,-4490.136729999911,995941.7054,301078.0,694863.7054,-4058.294600000023,-0.0040582946000000675,1,"mom20@q0.6,hold_q=0.4,buy_top=10,hold_top=20,rebalance=20d,min_hold=5d,turnover_penalty=0.01,target_vol=0.18"
2022-01-10,-541.4634,0.30618857111402586,4796.0,540.0,0.0,1.4633999999999998,0.0,1.4633999999999998,4794.536599999992,1000736.242,306414.0,694322.242,736.2419999999693,0.000736241999999887,1,"mom20@q0.6,hold_q=0.4,buy_top=10,hold_top=20,rebalance=20d,min_hold=5d,turnover_penalty=0.01,target_vol=0.18"
2022-01-11,-7708.611670000001,0.309211680491492,-6752.0,8829.0,1148.0,23.92659,3.6850799999999997,27.61167,-6779.611670000013,993956.63033,307343.0,686613.63033,-6043.369670000044,-0.006043369670000076,1,"mom20@q0.6,hold_q=0.4,buy_top=10,hold_top=20,rebalance=20d,min_hold=5d,turnover_penalty=0.01,target_vol=0.18"
2022-01-12,1444.34871,0.31038831137125844,3795.0,0.0,1449.0,0.0,4.6512899999999995,4.6512899999999995,3790.3487100000493,997746.97904,309689.0,688057.97904,-2253.0209599999944,-0.0022530209600000184,1,"mom20@q0.6,hold_q=0.4,buy_top=10,hold_top=20,rebalance=20d,min_hold=5d,turnover_penalty=0.01,target_vol=0.18"
2022-01-13,516.9581300000001,0.30405425774753314,-8332.0,737.0,1260.0,1.9972699999999999,4.0446,6.041869999999999,-8338.041870000074,989408.9371699999,300834.0,688574.9371699999,-10591.062830000068,-0.010591062830000109,1,"mom20@q0.6,hold_q=0.4,buy_top=10,hold_top=20,rebalance=20d,min_hold=5d,turnover_penalty=0.01,target_vol=0.18"
2022-01-14,-1489.07532,0.3061426887935487,845.0,3009.0,1533.0,8.15439,4.920929999999999,13.075319999999998,831.9246799999382,990240.8618499999,303155.0,687085.8618499999,-9759.13815000013,-0.00975913815000018,1,"mom20@q0.6,hold_q=0.4,buy_top=10,hold_top=20,rebalance=20d,min_hold=5d,turnover_penalty=0.01,target_vol=0.18"
2022-01-17,456.77562000000023,0.3097589600718367,5863.0,1979.0,2449.0,5.36309,7.86129,13.22438,5849.775619999971,996090.6374699998,308548.0,687542.6374699998,-3909.3625300001586,-0.003909362530000182,1,"mom20@q0.6,hold_q=0.4,buy_top=10,hold_top=20,rebalance=20d,min_hold=5d,turnover_penalty=0.01,target_vol=0.18"
2022-01-18,2081.29752,0.310265662676399,3756.0,0.0,2088.0,0.0,6.7024799999999995,6.7024799999999995,3749.297520000022,999839.9349899999,310216.0,689623.9349899999,-160.06501000013668,-0.00016006501000009887,1,"mom20@q0.6,hold_q=0.4,buy_top=10,hold_top=20,rebalance=20d,min_hold=5d,turnover_penalty=0.01,target_vol=0.18"
2022-01-19,0.0,0.3103601584601585,137.0,0.0,0.0,0.0,0.0,0.0,137.0,999976.9349899999,310353.0,689623.9349899999,-23.06501000013668,-2.306501000015615e-05,1,"mom20@q0.6,hold_q=0.4,buy_top=10,hold_top=20,rebalance=20d,min_hold=5d,turnover_penalty=0.01,target_vol=0.18"
2022-01-20,-3892.5202200000003,0.31434292058456376,142.0,3882.0,0.0,10.520219999999998,0.0,10.520219999999998,131.479779999936,1000108.4147699998,314377.0,685731.4147699998,108.41476999979932,0.0001084147699998983,1,"mom20@q0.6,hold_q=0.4,buy_top=10,hold_top=20,rebalance=20d,min_hold=5d,turnover_penalty=0.01,target_vol=0.18"
2022-01-21,0.0,0.30991095916536077,-6423.0,0.0,0.0,0.0,0.0,0.0,-6423.0,993685.4147699998,307954.0,685731.4147699998,-6314.585230000201,-0.006314585230000169,1,"mom20@q0.6,hold_q=0.4,buy_top=10,hold_top=20,rebalance=20d,min_hold=5d,turnover_penalty=0.01,target_vol=0.18"
2022-01-24,-120130.29676999999,0.43137099967147285,2877.0,382915.0,264672.0,1037.6996499999998,849.59712,1887.29677,989.7032299996354,994675.1179999994,429074.0,565601.1179999994,-5324.882000000565,-0.005324882000000586,1,"mom20@q0.6,hold_q=0.4,buy_top=10,hold_top=20,rebalance=20d,min_hold=5d,turnover_penalty=0.01,target_vol=0.18"
2022-01-25,-13967.7503,0.4350764485510009,-18163.0,13930.0,0.0,37.750299999999996,0.0,37.750299999999996,-18200.750299999956,976474.3676999995,424841.0,551633.3676999995,-23525.63230000052,-0.023525632300000487,1,"mom20@q0.6,hold_q=0.4,buy_top=10,hold_top=20,rebalance=20d,min_hold=5d,turnover_penalty=0.01,target_vol=0.18"
2022-01-26,-1261.40918,0.44012127754901303,6549.0,1258.0,0.0,3.4091799999999997,0.0,3.4091799999999997,6545.590820000041,983019.9585199995,432648.0,550371.9585199995,-16980.04148000048,-0.01698004148000043,1,"mom20@q0.6,hold_q=0.4,buy_top=10,hold_top=20,rebalance=20d,min_hold=5d,turnover_penalty=0.01,target_vol=0.18"
2022-01-27,-6403.30606,0.4392466844136627,-12935.0,6386.0,0.0,17.30606,0.0,17.30606,-12952.30606000009,970067.6524599994,426099.0,543968.6524599994,-29932.34754000057,-0.029932347540000515,1,"mom20@q0.6,hold_q=0.4,buy_top=10,hold_top=20,rebalance=20d,min_hold=5d,turnover_penalty=0.01,target_vol=0.18"
2022-01-28,-1198.23845,0.4386525871113041,-3158.0,1195.0,0.0,3.23845,0.0,3.23845,-3161.238449999946,966906.4140099995,424136.0,542770.4140099995,-33093.585990000516,-0.03309358599000056,1,"mom20@q0.6,hold_q=0.4,buy_top=10,hold_top=20,rebalance=20d,min_hold=5d,turnover_penalty=0.01,target_vol=0.18"
2022-02-07,1287.85268,0.4452038008337355,13743.0,0.0,1292.0,0.0,4.14732,4.14732,13738.85268000001,980645.2666899995,436587.0,544058.2666899995,-19354.733310000505,-0.019354733310000483,1,"mom20@q0.6,hold_q=0.4,buy_top=10,hold_top=20,rebalance=20d,min_hold=5d,turnover_penalty=0.01,target_vol=0.18"
2022-02-08,-1456.90564,0.4493198086863203,4705.0,4310.0,2874.0,11.6801,9.225539999999999,20.90564,4684.094359999988,985329.3610499995,442728.0,542601.3610499995,-14670.638950000517,-0.014670638950000536,1,"mom20@q0.6,hold_q=0.4,buy_top=10,hold_top=20,rebalance=20d,min_hold=5d,turnover_penalty=0.01,target_vol=0.18"
2022-02-09,0.0,0.45723600571665535,14371.0,0.0,0.0,0.0,0.0,0.0,14371.0,999700.3610499995,457099.0,542601.3610499995,-299.63895000051707,-0.00029963895000051366,1,"mom20@q0.6,hold_q=0.4,buy_top=10,hold_top=20,rebalance=20d,min_hold=5d,turnover_penalty=0.01,target_vol=0.18"
2022-02-10,3154.8403500000004,0.4563223876088428,4133.0,0.0,3165.0,0.0,10.15965,10.15965,4122.840349999955,1003823.2013999994,458067.0,545756.2013999994,3823.201399999438,0.0038232013999994763,1,"mom20@q0.6,hold_q=0.4,buy_top=10,hold_top=20,rebalance=20d,min_hold=5d,turnover_penalty=0.01,target_vol=0.18"
2022-02-11,-1957.45337,0.455209596164181,-5629.0,3495.0,1552.0,9.471449999999999,4.98192,14.45337,-5643.453370000003,998179.7480299994,454381.0,543798.7480299994,-1820.251970000565,-0.0018202519700005748,1,"mom20@q0.6,hold_q=0.4,buy_top=10,hold_top=20,rebalance=20d,min_hold=5d,turnover_penalty=0.01,target_vol=0.18"
2022-02-14,0.0,0.4505661196522994,-8436.0,0.0,0.0,0.0,0.0,0.0,-8436.0,989743.7480299994,445945.0,543798.7480299994,-10256.251970000565,-0.010256251970000574,1,"mom20@q0.6,hold_q=0.4,buy_top=10,hold_top=20,rebalance=20d,min_hold=5d,turnover_penalty=0.01,target_vol=0.18"
2022-02-15,0.0,0.44964695893145923,-1653.0,0.0,0.0,0.0,0.0,0.0,-1653.0,988090.7480299994,444292.0,543798.7480299994,-11909.251970000565,-0.01190925197000059,1,"mom20@q0.6,hold_q=0.4,buy_top=10,hold_top=20,rebalance=20d,min_hold=5d,turnover_penalty=0.01,target_vol=0.18"
2022-02-16,1527.08228,0.44892359387998254,1479.0,0.0,1532.0,0.0,4.917719999999999,4.917719999999999,1474.0822799999733,989564.8303099994,444239.0,545325.8303099994,-10435.169690000592,-0.010435169690000579,1,"mom20@q0.6,hold_q=0.4,buy_top=10,hold_top=20,rebalance=20d,min_hold=5d,turnover_penalty=0.01,target_vol=0.18"
2022-02-17,1553.99561,0.4456266124957865,-3077.0,0.0,1559.0,0.0,5.00439,5.00439,-3082.0043900000164,986482.8259199994,439603.0,546879.8259199994,-13517.174080000608,-0.013517174080000638,1,"mom20@q0.6,hold_q=0.4,buy_top=10,hold_top=20,rebalance=20d,min_hold=5d,turnover_penalty=0.01,target_vol=0.18"
2022-02-18,0.0,0.4514062717738255,10393.0,0.0,0.0,0.0,0.0,0.0,10393.0,996875.8259199994,449996.0,546879.8259199994,-3124.1740800006082,-0.0031241740800006523,1,"mom20@q0.6,hold_q=0.4,buy_top=10,hold_top=20,rebalance=20d,min_hold=5d,turnover_penalty=0.01,target_vol=0.18"
2022-02-21,7668.30547,0.44902939315229046,9642.0,0.0,7693.0,0.0,24.69453,24.69453,9617.305470000021,1006493.1313899994,451945.0,554548.1313899994,6493.131389999413,0.006493131389999407,1,"mom20@q0.6,hold_q=0.4,buy_top=10,hold_top=20,rebalance=20d,min_hold=5d,turnover_penalty=0.01,target_vol=0.18"
2022-02-22,1595.8607900000002,0.44366128491915324,-6838.0,0.0,1601.0000000000002,0.0,5.13921,5.13921,-6843.139210000052,999649.9921799994,443506.0,556143.9921799994,-350.0078200006392,-0.0003500078200006085,1,"mom20@q0.6,hold_q=0.4,buy_top=10,hold_top=20,rebalance=20d,min_hold=5d,turnover_penalty=0.01,target_vol=0.18"
2022-02-23,749.7245500000001,0.4426044693990275,-539.0,1492.0,2253.0,4.04332,7.23213,11.27545,-550.2754500000738,999099.7167299993,442206.0,556893.7167299993,-900.283270000713,-0.0009002832700006902,1,"mom20@q0.6,hold_q=0.4,buy_top=10,hold_top=20,rebalance=20d,min_hold=5d,turnover_penalty=0.01,target_vol=0.18"
2022-02-24,-5730.48765,0.4438431661129359,-8063.0,5715.0,0.0,15.487649999999999,0.0,15.487649999999999,-8078.487650000025,991021.2290799993,439858.0,551163.2290799993,-8978.770920000738,-0.008978770920000767,1,"mom20@q0.6,hold_q=0.4,buy_top=10,hold_top=20,rebalance=20d,min_hold=5d,turnover_penalty=0.01,target_vol=0.18"
2022-02-25,-1401.78858,0.44412979076129416,-2007.0,1398.0,0.0,3.7885799999999996,0.0,3.7885799999999996,-2010.7885800000513,989010.4404999992,439249.0,549761.4404999992,-10989.559500000789,-0.0109895595000008,1,"mom20@q0.6,hold_q=0.4,buy_top=10,hold_top=20,rebalance=20d,min_hold=5d,turnover_penalty=0.01,target_vol=0.18"
2022-02-28,128513.78792999998,0.3130028122045163,315.0,270641.0,401176.0,733.4371099999998,1287.77496,2021.2120699999998,-1706.2120699997758,987304.2284299994,309029.0,678275.2284299994,-12695.771570000565,-0.012695771570000569,1,"mom20@q0.6,hold_q=0.4,buy_top=10,hold_top=20,rebalance=20d,min_hold=5d,turnover_penalty=0.01,target_vol=0.18"
2022-03-01,-17158.37352,0.32555053011340845,-7026.0,17112.0,0.0,46.37352,0.0,46.37352,-7072.373520000023,980231.8549099994,319115.0,661116.8549099994,-19768.145090000588,-0.019768145090000577,1,"mom20@q0.6,hold_q=0.4,buy_top=10,hold_top=20,rebalance=20d,min_hold=5d,turnover_penalty=0.01,target_vol=0.18"
2022-03-02,-5813.71258,0.3308768840698724,-870.0,5798.0,0.0,15.712579999999999,0.0,15.712579999999999,-885.7125800000504,979346.1423299994,324043.0,655303.1423299994,-20653.857670000638,-0.020653857670000608,1,"mom20@q0.6,hold_q=0.4,buy_top=10,hold_top=20,rebalance=20d,min_hold=5d,turnover_penalty=0.01,target_vol=0.18"
2022-03-03,70.13573000000008,0.3267660114224815,-5871.0,781.0,856.0,2.11651,2.74776,4.864269999999999,-5875.86427000002,973470.2780599993,318097.0,655373.2780599993,-26529.721940000658,-0.026529721940000695,1,"mom20@q0.6,hold_q=0.4,buy_top=10,hold_top=20,rebalance=20d,min_hold=5d,turnover_penalty=0.01,target_vol=0.18"
2022-03-04,-769.07857,0.3227542558968988,-6900.0,767.0,0.0,2.0785699999999996,0.0,2.0785699999999996,-6902.078570000012,966568.1994899993,311964.0,654604.1994899993,-33431.80051000067,-0.03343180051000072,1,"mom20@q0.6,hold_q=0.4,buy_top=10,hold_top=20,rebalance=20d,min_hold=5d,turnover_penalty=0.01,target_vol=0.18"
2022-03-07,-2718.8810699999995,0.3209940418069298,-6500.0,3138.0,429.0,8.503979999999999,1.37709,9.881069999999998,-6509.881070000003,960058.3184199993,308173.0,651885.3184199993,-39941.68158000067,-0.039941681580000665,1,"mom20@q0.6,hold_q=0.4,buy_top=10,hold_top=20,rebalance=20d,min_hold=5d,turnover_penalty=0.01,target_vol=0.18"
2022-03-08,-8969.24095,0.3177154760713768,-17735.0,8945.0,0.0,24.240949999999998,0.0,24.240949999999998,-17759.240950000007,942299.0774699993,299383.0,642916.0774699993,-57700.92253000068,-0.0577009225300007,1,"mom20@q0.6,hold_q=0.4,buy_top=10,hold_top=20,rebalance=20d,min_hold=5d,turnover_penalty=0.01,target_vol=0.18"
2022-03-09,-1761.76147,0.31568403967848474,-5367.0,1757.0,0.0,4.761469999999999,0.0,4.761469999999999,-5371.76146999991,936927.3159999994,295773.0,641154.3159999994,-63072.68400000059,-0.06307268400000055,1,"mom20@q0.6,hold_q=0.4,buy_top=10,hold_top=20,rebalance=20d,min_hold=5d,turnover_penalty=0.01,target_vol=0.18"
2022-03-10,-402.08671,0.3208775054859533,6574.0,401.0,0.0,1.0867099999999998,0.0,1.0867099999999998,6572.913290000055,943500.2292899995,302748.0,640752.2292899995,-56499.770710000535,-0.05649977071000056,1,"mom20@q0.6,hold_q=0.4,buy_top=10,hold_top=20,rebalance=20d,min_hold=5d,turnover_penalty=0.01,target_vol=0.18"
2022-03-11,2825.56667,0.32038478920362395,3485.0,393.0,3230.0,1.06503,10.3683,11.43333,3473.566669999971,946973.7959599994,303396.0,643577.7959599994,-53026.204040000564,-0.05302620404000058,1,"mom20@q0.6,hold_q=0.4,buy_top=10,hold_top=20,rebalance=20d,min_hold=5d,turnover_penalty=0.01,target_vol=0.18"
2022-03-14,-4725.7722300000005,0.3193209451830685,-8410.0,4713.0,0.0,12.772229999999997,0.0,12.772229999999997,-8422.772230000002,938551.0237299994,299699.0,638852.0237299994,-61448.97627000057,-0.061448976270000566,1,"mom20@q0.6,hold_q=0.4,buy_top=10,hold_top=20,rebalance=20d,min_hold=5d,turnover_penalty=0.01,target_vol=0.18"
2022-03-15,-6578.78031,0.3215604684852341,-6581.0,6561.0,0.0,17.78031,0.0,17.78031,-6598.780309999944,931952.2434199995,299679.0,632273.2434199995,-68047.75658000051,-0.0680477565800005,1,"mom20@q0.6,hold_q=0.4,buy_top=10,hold_top=20,rebalance=20d,min_hold=5d,turnover_penalty=0.01,target_vol=0.18"
2022-03-16,0.0,0.3327257135884769,15594.0,0.0,0.0,0.0,0.0,0.0,15594.0,947546.2434199995,315273.0,632273.2434199995,-52453.75658000051,-0.05245375658000051,1,"mom20@q0.6,hold_q=0.4,buy_top=10,hold_top=20,rebalance=20d,min_hold=5d,turnover_penalty=0.01,target_vol=0.18"
2022-03-17,2188.95084,0.33131038922238076,1275.0,0.0,2196.0,0.0,7.04916,7.04916,1267.9508399999468,948814.1942599994,314352.0,634462.1942599994,-51185.805740000564,-0.051185805740000534,1,"mom20@q0.6,hold_q=0.4,buy_top=10,hold_top=20,rebalance=20d,min_hold=5d,turnover_penalty=0.01,target_vol=0.18"
2022-03-18,1450.3294500000002,0.32798588599810186,-2531.0,0.0,1455.0,0.0,4.6705499999999995,4.6705499999999995,-2535.670550000039,946278.5237099994,310366.0,635912.5237099994,-53721.4762900006,-0.05372147629000057,1,"mom20@q0.6,hold_q=0.4,buy_top=10,hold_top=20,rebalance=20d,min_hold=5d,turnover_penalty=0.01,target_vol=0.18"
2022-03-21,755.56682,0.33070729726631515,4979.0,0.0,758.0,0.0,2.4331799999999997,2.4331799999999997,4976.566819999949,951255.0905299993,314587.0,636668.0905299993,-48744.90947000065,-0.04874490947000065,1,"mom20@q0.6,hold_q=0.4,buy_top=10,hold_top=20,rebalance=20d,min_hold=5d,turnover_penalty=0.01,target_vol=0.18"
2022-03-22,737.6246,0.33065987692307947,1037.0,0.0,740.0,0.0,2.3754,2.3754,1034.624599999981,952289.7151299993,314884.0,637405.7151299993,-47710.28487000067,-0.04771028487000062,1,"mom20@q0.6,hold_q=0.4,buy_top=10,hold_top=20,rebalance=20d,min_hold=5d,turnover_penalty=0.01,target_vol=0.18"
2022-03-23,0.0,0.3288238665157974,-2605.0,0.0,0.0,0.0,0.0,0.0,-2605.0,949684.7151299993,312279.0,637405.7151299993,-50315.28487000067,-0.0503152848700007,1,"mom20@q0.6,hold_q=0.4,buy_top=10,hold_top=20,rebalance=20d,min_hold=5d,turnover_penalty=0.01,target_vol=0.18"
2022-03-24,-1447.91324,0.32971615956768957,-892.0,1444.0,0.0,3.9132399999999996,0.0,3.9132399999999996,-895.9132400000235,948788.8018899993,312831.0,635957.8018899993,-51211.198110000696,-0.051211198110000744,1,"mom20@q0.6,hold_q=0.4,buy_top=10,hold_top=20,rebalance=20d,min_hold=5d,turnover_penalty=0.01,target_vol=0.18"
2022-03-25,-1024.9664400000001,0.3273117533263436,-4910.0,1392.0,372.0,3.7723199999999997,1.1941199999999998,4.9664399999999995,-4914.966439999989,943873.8354499993,308941.0,634932.8354499993,-56126.164550000685,-0.056126164550000635,1,"mom20@q0.6,hold_q=0.4,buy_top=10,hold_top=20,rebalance=20d,min_hold=5d,turnover_penalty=0.01,target_vol=0.18"
2022-03-28,35786.99469000002,0.2851220366336925,-3940.0,267510.0,305001.0,724.9521,979.0532100000001,1704.00531,-5644.00530999992,938229.8301399994,267510.0,670719.8301399994,-61770.169860000606,-0.06177016986000061,1,"mom20@q0.6,hold_q=0.4,buy_top=10,hold_top=20,rebalance=20d,min_hold=5d,turnover_penalty=0.01,target_vol=0.18"
2022-03-29,-2729.37662,0.2883319546184445,404.0,2722.0,0.0,7.376619999999999,0.0,7.376619999999999,396.62338000000454,938626.4535199994,270636.0,667990.4535199994,-61373.5464800006,-0.061373546480000596,1,"mom20@q0.6,hold_q=0.4,buy_top=10,hold_top=20,rebalance=20d,min_hold=5d,turnover_penalty=0.01,target_vol=0.18"
2022-03-30,0.0,0.2868953011121002,-1891.0,0.0,0.0,0.0,0.0,0.0,-1891.0,936735.4535199994,268745.0,667990.4535199994,-63264.5464800006,-0.06326454648000057,1,"mom20@q0.6,hold_q=0.4,buy_top=10,hold_top=20,rebalance=20d,min_hold=5d,turnover_penalty=0.01,target_vol=0.18"
2022-03-31,-1011.73439,0.28757095757981704,-529.0,1009.0,0.0,2.73439,0.0,2.73439,-531.7343899999978,936203.7191299994,269225.0,666978.7191299994,-63796.2808700006,-0.06379628087000055,1,"mom20@q0.6,hold_q=0.4,buy_top=10,hold_top=20,rebalance=20d,min_hold=5d,turnover_penalty=0.01,target_vol=0.18"
2022-04-01,-5101.78848,0.28714075223128865,-7708.0,5088.0,0.0,13.788479999999998,0.0,13.788479999999998,-7721.788479999988,928481.9306499994,266605.0,661876.9306499994,-71518.06935000059,-0.0715180693500006,1,"mom20@q0.6,hold_q=0.4,buy_top=10,hold_top=20,rebalance=20d,min_hold=5d,turnover_penalty=0.01,target_vol=0.18"
2022-04-06,-228.7288199999998,0.2861933786056867,-1546.0,1257.0,1035.0,3.4064699999999997,3.3223499999999997,6.728819999999999,-1552.7288200000767,926929.2018299993,265281.0,661648.2018299993,-73070.79817000066,-0.07307079817000062,1,"mom20@q0.6,hold_q=0.4,buy_top=10,hold_top=20,rebalance=20d,min_hold=5d,turnover_penalty=0.01,target_vol=0.18"
2022-04-07,-2464.66118,0.28755749243663503,-1678.0,2458.0,0.0,6.661179999999999,0.0,6.661179999999999,-1684.6611800000537,925244.5406499993,266061.0,659183.5406499993,-74755.45935000072,-0.07475545935000072,1,"mom20@q0.6,hold_q=0.4,buy_top=10,hold_top=20,rebalance=20d,min_hold=5d,turnover_penalty=0.01,target_vol=0.18"
2022-04-08,2915.44876,0.286013459145353,2099.0,1206.0,4138.0,3.2682599999999997,13.282979999999998,16.55124,2082.448759999941,927326.9894099992,265228.0,662098.9894099992,-72673.01059000078,-0.07267301059000075,1,"mom20@q0.6,hold_q=0.4,buy_top=10,hold_top=20,rebalance=20d,min_hold=5d,turnover_penalty=0.01,target_vol=0.18"
2022-04-11,871.1271899999999,0.28377970413394116,-1666.0,1190.0,2071.0,3.2249,6.6479099999999995,9.87281,-1675.872810000088,925651.1165999991,262681.0,662970.1165999991,-74348.88340000086,-0.0743488834000009,1,"mom20@q0.6,hold_q=0.4,buy_top=10,hold_top=20,rebalance=20d,min_hold=5d,turnover_penalty=0.01,target_vol=0.18"
2022-04-12,0.0,0.28530768381048943,1979.0,0.0,0.0,0.0,0.0,0.0,1979.0,927630.1165999991,264660.0,662970.1165999991,-72369.88340000086,-0.07236988340000083,1,"mom20@q0.6,hold_q=0.4,buy_top=10,hold_top=20,rebalance=20d,min_hold=5d,turnover_penalty=0.01,target_vol=0.18"
2022-04-13,5506.26796,0.2837722720204079,5717.0,0.0,5524.0,0.0,17.732039999999998,17.732039999999998,5699.267960000085,933329.3845599992,264853.0,668476.3845599992,-66670.61544000078,-0.06667061544000075,1,"mom20@q0.6,hold_q=0.4,buy_top=10,hold_top=20,rebalance=20d,min_hold=5d,turnover_penalty=0.01,target_vol=0.18"
2022-04-14,1145.31171,0.28638059626446827,5020.0,0.0,1149.0,0.0,3.68829,3.68829,5016.311710000038,938345.6962699993,268724.0,669621.6962699993,-61654.30373000074,-0.06165430373000069,1,"mom20@q0.6,hold_q=0.4,buy_top=10,hold_top=20,rebalance=20d,min_hold=5d,turnover_penalty=0.01,target_vol=0.18"
2022-04-15,-6726.17868,0.28416993547491803,-12276.0,6708.0,0.0,18.178679999999996,0.0,18.178679999999996,-12294.178680000012,926051.5175899992,263156.0,662895.5175899992,-73948.48241000075,-0.07394848241000074,1,"mom20@q0.6,hold_q=0.4,buy_top=10,hold_top=20,rebalance=20d,min_hold=5d,turnover_penalty=0.01,target_vol=0.18"
2022-04-18,-1943.25198,0.28340193519967233,-3699.0,1938.0,0.0,5.25198,0.0,5.25198,-3704.2519799999427,922347.2656099993,261395.0,660952.2656099993,-77652.7343900007,-0.07765273439000064,1,"mom20@q0.6,hold_q=0.4,buy_top=10,hold_top=20,rebalance=20d,min_hold=5d,turnover_penalty=0.01,target_vol=0.18"
2022-04-19,0.0,0.2840966123086894,895.0,0.0,0.0,0.0,0.0,0.0,895.0,923242.2656099993,262290.0,660952.2656099993,-76757.7343900007,-0.07675773439000066,1,"mom20@q0.6,hold_q=0.4,buy_top=10,hold_top=20,rebalance=20d,min_hold=5d,turnover_penalty=0.01,target_vol=0.18"
2022-04-20,-4967.42534,0.28145019487390566,-10300.0,4954.0,0.0,13.425339999999998,0.0,13.425339999999998,-10313.425339999958,912928.8402699993,256944.0,655984.8402699993,-87071.15973000065,-0.08707115973000068,1,"mom20@q0.6,hold_q=0.4,buy_top=10,hold_top=20,rebalance=20d,min_hold=5d,turnover_penalty=0.01,target_vol=0.18"
2022-04-21,-5197.04593,0.27987241240412936,-9203.0,5183.0,0.0,14.045929999999998,0.0,14.045929999999998,-9217.045930000022,903711.7943399993,252924.0,650787.7943399993,-96288.20566000068,-0.09628820566000063,1,"mom20@q0.6,hold_q=0.4,buy_top=10,hold_top=20,rebalance=20d,min_hold=5d,turnover_penalty=0.01,target_vol=0.18"
2022-04-22,-1116.97004,0.2843638572306825,4120.0,2116.0,1008.0,5.73436,3.23568,8.97004,4111.029959999956,907822.8242999993,258152.0,649670.8242999993,-92177.17570000072,-0.09217717570000072,1,"mom20@q0.6,hold_q=0.4,buy_top=10,hold_top=20,rebalance=20d,min_hold=5d,turnover_penalty=0.01,target_vol=0.18"
2022-04-25,-10455.25717,0.28119194320697904,-18523.0,10427.0,0.0,28.257169999999995,0.0,28.257169999999995,-18551.257169999997,889271.5671299993,250056.0,639215.5671299993,-110728.43287000072,-0.11072843287000067,1,"mom20@q0.6,hold_q=0.4,buy_top=10,hold_top=20,rebalance=20d,min_hold=5d,turnover_penalty=0.01,target_vol=0.18"
2022-04-26,-5436.69362,0.28297030279944313,-5362.0,5422.0,0.0,14.693619999999997,0.0,14.693619999999997,-5376.693619999918,883894.8735099994,250116.0,633778.8735099994,-116105.12649000064,-0.1161051264900006,1,"mom20@q0.6,hold_q=0.4,buy_top=10,hold_top=20,rebalance=20d,min_hold=5d,turnover_penalty=0.01,target_vol=0.18"
2022-04-27,-201020.83457,0.5171049147419307,14133.0,421142.0,221975.0,1141.2948199999998,712.5397499999999,1853.8345699999998,12279.165430000052,896174.0389399994,463416.0,432758.0389399994,-103825.96106000058,-0.10382596106000064,1,"mom20@q0.6,hold_q=0.4,buy_top=10,hold_top=20,rebalance=20d,min_hold=5d,turnover_penalty=0.01,target_vol=0.18"
2022-04-28,635.6947799999998,0.5202142112511476,7163.0,4758.0,5424.0,12.894179999999999,17.41104,30.30522,7132.69478000002,903306.7337199994,469913.0,433393.7337199994,-96693.26628000056,-0.09669326628000052,1,"mom20@q0.6,hold_q=0.4,buy_top=10,hold_top=20,rebalance=20d,min_hold=5d,turnover_penalty=0.01,target_vol=0.18"
2022-04-29,-6261.1874,0.520004355607322,-13398.0,10330.0,4110.0,27.994299999999996,13.1931,41.1874,-13439.18740000017,889867.5463199993,462735.0,427132.5463199993,-110132.45368000073,-0.11013245368000069,1,"mom20@q0.6,hold_q=0.4,buy_top=10,hold_top=20,rebalance=20d,min_hold=5d,turnover_penalty=0.01,target_vol=0.18"
2022-05-05,-1517.62265,0.5235390312170984,3423.0,1938.0,426.99999999999994,5.25198,1.3706699999999996,6.622649999999999,3416.3773500000825,893283.9236699993,467669.0,425614.92366999935,-106716.07633000065,-0.10671607633000069,1,"mom20@q0.6,hold_q=0.4,buy_top=10,hold_top=20,rebalance=20d,min_hold=5d,turnover_penalty=0.01,target_vol=0.18"
2022-05-06,1336.69539,0.520730680142142,-2441.0,0.0,1341.0,0.0,4.304609999999999,4.304609999999999,-2445.304609999992,890838.6190599994,463887.0,426951.61905999936,-109161.38094000064,-0.10916138094000061,1,"mom20@q0.6,hold_q=0.4,buy_top=10,hold_top=20,rebalance=20d,min_hold=5d,turnover_penalty=0.01,target_vol=0.18"
2022-05-09,-134.67236000000003,0.5191114367254909,-3269.0,1870.0,1746.0,5.067699999999999,5.604659999999999,10.672359999999998,-3279.672360000084,887558.9466999993,460742.0,426816.94669999933,-112441.05330000073,-0.11244105330000076,1,"mom20@q0.6,hold_q=0.4,buy_top=10,hold_top=20,rebalance=20d,min_hold=5d,turnover_penalty=0.01,target_vol=0.18"
2022-05-10,-2231.9967,0.5210763485616191,-989.0,6261.0,4059.0,16.967309999999998,13.02939,29.996699999999997,-1018.9967000000179,886539.9499999993,461955.0,424584.9499999993,-113460.05000000075,-0.1134600500000007,1,"mom20@q0.6,hold_q=0.4,buy_top=10,hold_top=20,rebalance=20d,min_hold=5d,turnover_penalty=0.01,target_vol=0.18"
2022-05-11,-1826.76586,0.5213044094713744,-3381.0,3140.0,1326.0,8.5094,4.25646,12.76586,-3393.7658599999268,883146.1841399993,460388.0,422758.1841399993,-116853.81586000067,-0.11685381586000065,1,"mom20@q0.6,hold_q=0.4,buy_top=10,hold_top=20,rebalance=20d,min_hold=5d,turnover_penalty=0.01,target_vol=0.18"
2022-05-12,-511.44122000000016,0.5205221819790434,-2498.0,1867.0000000000002,1365.0,5.05957,4.38165,9.44122,-2507.4412199999206,880638.7429199994,458392.0,422246.74291999935,-119361.25708000059,-0.11936125708000056,1,"mom20@q0.6,hold_q=0.4,buy_top=10,hold_top=20,rebalance=20d,min_hold=5d,turnover_penalty=0.01,target_vol=0.18"
2022-05-13,7309.68311,0.5215654710125143,17226.0,636.0,7973.0,1.7235599999999998,25.593329999999998,27.316889999999997,17198.683109999867,897837.4260299993,468281.0,429556.42602999933,-102162.57397000073,-0.10216257397000073,1,"mom20@q0.6,hold_q=0.4,buy_top=10,hold_top=20,rebalance=20d,min_hold=5d,turnover_penalty=0.01,target_vol=0.18"
2022-05-16,365.07086000000004,0.5203259942285954,-1554.0,632.0,1002.0,1.7127199999999998,3.21642,4.929139999999999,-1558.9291399999056,896278.4968899994,466357.0,429921.4968899993,-103721.50311000063,-0.10372150311000061,1,"mom20@q0.6,hold_q=0.4,buy_top=10,hold_top=20,rebalance=20d,min_hold=5d,turnover_penalty=0.01,target_vol=0.18"
2022-05-17,-944.55282,0.5212973083592882,-152.0,942.0,0.0,2.5528199999999996,0.0,2.5528199999999996,-154.55282000009902,896123.9440699993,467147.0,428976.9440699993,-103876.05593000073,-0.10387605593000071,1,"mom20@q0.6,hold_q=0.4,buy_top=10,hold_top=20,rebalance=20d,min_hold=5d,turnover_penalty=0.01,target_vol=0.18"
2022-05-18,-2203.95658,0.5206198262450906,-5858.0,2198.0,0.0,5.95658,0.0,5.95658,-5863.956579999998,890259.9874899993,463487.0,426772.98748999933,-109740.01251000073,-0.10974001251000076,1,"mom20@q0.6,hold_q=0.4,buy_top=10,hold_top=20,rebalance=20d,min_hold=5d,turnover_penalty=0.01,target_vol=0.18"
2022-05-19,1028.1833900000001,0.5210692185988705,2991.0,927.0,1964.0,2.51217,6.30444,8.816609999999999,2982.1833900001366,893242.1708799994,465441.0,427801.17087999935,-106757.82912000059,-0.10675782912000065,1,"mom20@q0.6,hold_q=0.4,buy_top=10,hold_top=20,rebalance=20d,min_hold=5d,turnover_penalty=0.01,target_vol=0.18"
2022-05-20,1691.7250800000002,0.5212248086854584,3832.0,476.0,2176.0,1.2899599999999998,6.984959999999999,8.274919999999998,3823.725080000004,897065.8959599994,467573.0,429492.89595999935,-102934.10404000059,-0.10293410404000058,1,"mom20@q0.6,hold_q=0.4,buy_top=10,hold_top=20,rebalance=20d,min_hold=5d,turnover_penalty=0.01,target_vol=0.18"
2022-05-23,-473.27912,0.5199483036420618,-3370.0,472.0,0.0,1.2791199999999998,0.0,1.2791199999999998,-3371.2791200000793,893694.6168399993,464675.0,429019.61683999933,-106305.38316000067,-0.10630538316000071,1,"mom20@q0.6,hold_q=0.4,buy_top=10,hold_top=20,rebalance=20d,min_hold=5d,turnover_penalty=0.01,target_vol=0.18"
2022-05-24,1433.9495000000002,0.5205097130594014,4053.0,1925.0,3375.0,5.216749999999999,10.833749999999998,16.0505,4036.949499999988,897731.5663399993,467278.0,430453.5663399993,-102268.43366000068,-0.10226843366000071,1,"mom20@q0.6,hold_q=0.4,buy_top=10,hold_top=20,rebalance=20d,min_hold=5d,turnover_penalty=0.01,target_vol=0.18"
2022-05-25,2326.91196,0.5202854378121395,4444.0,942.0,3282.0,2.5528199999999996,10.535219999999999,13.08804,4430.911960000056,902162.4782999994,469382.0,432780.4782999993,-97837.52170000062,-0.0978375217000006,1,"mom20@q0.6,hold_q=0.4,buy_top=10,hold_top=20,rebalance=20d,min_hold=5d,turnover_penalty=0.01,target_vol=0.18"
2022-05-26,2763.6643599999998,0.5197456903914532,4757.0,1252.0,4032.0,3.3929199999999997,12.94272,16.335639999999998,4740.664359999937,906903.1426599993,471359.0,435544.1426599993,-93096.85734000069,-0.09309685734000073,1,"mom20@q0.6,hold_q=0.4,buy_top=10,hold_top=20,rebalance=20d,min_hold=5d,turnover_penalty=0.01,target_vol=0.18"
2022-05-27,1653.93217,0.5228408351368626,9358.0,630.0,2293.0,1.7072999999999998,7.36053,9.067829999999999,9348.932170000044,916252.0748299994,479054.0,437198.0748299993,-83747.92517000064,-0.08374792517000063,1,"mom20@q0.6,hold_q=0.4,buy_top=10,hold_top=20,rebalance=20d,min_hold=5d,turnover_penalty=0.01,target_vol=0.18"
2022-05-30,215356.25546999995,0.28213608340661933,-5333.0,202595.0,419848.0,549.0324499999999,1347.7120799999998,1896.7445299999997,-7229.744530000258,909022.3302999991,256468.0,652554.3302999991,-90977.6697000009,-0.09097766970000087,1,"mom20@q0.6,hold_q=0.4,buy_top=10,hold_top=20,rebalance=20d,min_hold=5d,turnover_penalty=0.01,target_vol=0.18"
2022-05-31,0.0,0.28525838180485147,3971.0,0.0,0.0,0.0,0.0,0.0,3971.0,912993.3302999991,260439.0,652554.3302999991,-87006.6697000009,-0.08700666970000093,1,"mom20@q0.6,hold_q=0.4,buy_top=10,hold_top=20,rebalance=20d,min_hold=5d,turnover_penalty=0.01,target_vol=0.18"
2022-06-01,3468.8292,0.28527673254203906,4888.0,0.0,3480.0,0.0,11.1708,11.1708,4876.8292000000365,917870.1594999991,261847.0,656023.1594999991,-82129.84050000086,-0.08212984050000083,1,"mom20@q0.6,hold_q=0.4,buy_top=10,hold_top=20,rebalance=20d,min_hold=5d,turnover_penalty=0.01,target_vol=0.18"
2022-06-02,1077.52999,0.2904100089470331,8162.0,0.0,1081.0,0.0,3.47001,3.47001,8158.529989999952,926028.6894899991,268928.0,657100.6894899991,-73971.31051000091,-0.07397131051000094,1,"mom20@q0.6,hold_q=0.4,buy_top=10,hold_top=20,rebalance=20d,min_hold=5d,turnover_penalty=0.01,target_vol=0.18"
2022-06-06,0.0,0.30053159240141086,13400.0,0.0,0.0,0.0,0.0,0.0,13400.0,939428.6894899991,282328.0,657100.6894899991,-60571.31051000091,-0.060571310510000864,1,"mom20@q0.6,hold_q=0.4,buy_top=10,hold_top=20,rebalance=20d,min_hold=5d,turnover_penalty=0.01,target_vol=0.18"
2022-06-07,609.03869,0.30001817940522324,183.0,0.0,611.0,0.0,1.9613099999999999,1.9613099999999999,181.03868999995757,939609.728179999,281900.0,657709.728179999,-60390.271820000955,-0.06039027182000101,1,"mom20@q0.6,hold_q=0.4,buy_top=10,hold_top=20,rebalance=20d,min_hold=5d,turnover_penalty=0.01,target_vol=0.18"
2022-06-08,-585.58264,0.3011935489734601,744.0,584.0,0.0,1.5826399999999998,0.0,1.5826399999999998,742.4173599999631,940352.145539999,283228.0,657124.145539999,-59647.85446000099,-0.05964785446000098,1,"mom20@q0.6,hold_q=0.4,buy_top=10,hold_top=20,rebalance=20d,min_hold=5d,turnover_penalty=0.01,target_vol=0.18"
2022-06-09,-2161.84276,0.29736481531842107,-8195.0,2156.0,0.0,5.842759999999999,0.0,5.842759999999999,-8200.842760000029,932151.302779999,277189.0,654962.302779999,-67848.69722000102,-0.06784869722000098,1,"mom20@q0.6,hold_q=0.4,buy_top=10,hold_top=20,rebalance=20d,min_hold=5d,turnover_penalty=0.01,target_vol=0.18"
2022-06-10,1150.29566,0.30290341947146376,9060.0,0.0,1154.0,0.0,3.7043399999999997,3.7043399999999997,9056.295659999945,941207.5984399989,285095.0,656112.5984399989,-58792.401560001075,-0.058792401560001095,1,"mom20@q0.6,hold_q=0.4,buy_top=10,hold_top=20,rebalance=20d,min_hold=5d,turnover_penalty=0.01,target_vol=0.18"
2022-06-13,1279.7630400000003,0.30188769843569047,480.0,2039.9999999999998,3336.0,5.528399999999999,10.708559999999999,16.236959999999996,463.76304000010714,941671.361479999,284279.0,657392.361479999,-58328.63852000097,-0.05832863852000092,1,"mom20@q0.6,hold_q=0.4,buy_top=10,hold_top=20,rebalance=20d,min_hold=5d,turnover_penalty=0.01,target_vol=0.18"
2022-06-14,519.32759,0.2990557218619444,-3062.0,0.0,521.0,0.0,1.67241,1.67241,-3063.672409999999,938607.689069999,280696.0,657911.689069999,-61392.31093000097,-0.06139231093000097,1,"mom20@q0.6,hold_q=0.4,buy_top=10,hold_top=20,rebalance=20d,min_hold=5d,turnover_penalty=0.01,target_vol=0.18"
2022-06-15,-1635.42001,0.2976550046317555,-4196.0,1631.0,0.0,4.4200099999999996,0.0,4.4200099999999996,-4200.420010000002,934407.269059999,278131.0,656276.269059999,-65592.73094000097,-0.06559273094000095,1,"mom20@q0.6,hold_q=0.4,buy_top=10,hold_top=20,rebalance=20d,min_hold=5d,turnover_penalty=0.01,target_vol=0.18"
2022-06-16,-1458.94305,0.29945556491901537,323.0,1455.0,0.0,3.9430499999999995,0.0,3.9430499999999995,319.0569499999983,934726.326009999,279909.0,654817.326009999,-65273.67399000097,-0.06527367399000095,1,"mom20@q0.6,hold_q=0.4,buy_top=10,hold_top=20,rebalance=20d,min_hold=5d,turnover_penalty=0.01,target_vol=0.18"
2022-06-17,-476.28725,0.3033693265808205,4569.0,475.0,0.0,1.2872499999999998,0.0,1.2872499999999998,4567.712749999948,939294.038759999,284953.0,654341.038759999,-60705.96124000102,-0.06070596124000105,1,"mom20@q0.6,hold_q=0.4,buy_top=10,hold_top=20,rebalance=20d,min_hold=5d,turnover_penalty=0.01,target_vol=0.18"
2022-06-20,-3434.28175,0.3084499892696285,1944.0,3425.0,0.0,9.281749999999999,0.0,9.281749999999999,1934.7182500000345,941228.757009999,290322.0,650906.757009999,-58771.24299000099,-0.05877124299000103,1,"mom20@q0.6,hold_q=0.4,buy_top=10,hold_top=20,rebalance=20d,min_hold=5d,turnover_penalty=0.01,target_vol=0.18"
2022-06-21,950.9376599999999,0.302997222623464,-5996.0,0.0,953.9999999999999,0.0,3.0623399999999994,3.0623399999999994,-5999.062339999946,935229.6946699991,283372.0,651857.6946699991,-64770.305330000934,-0.06477030533000094,1,"mom20@q0.6,hold_q=0.4,buy_top=10,hold_top=20,rebalance=20d,min_hold=5d,turnover_penalty=0.01,target_vol=0.18"
2022-06-22,980.84136,0.3042463609510032,3092.0,0.0,984.0,0.0,3.1586399999999997,3.1586399999999997,3088.841359999962,938318.536029999,285480.0,652838.536029999,-61681.46397000097,-0.06168146397000096,1,"mom20@q0.6,hold_q=0.4,buy_top=10,hold_top=20,rebalance=20d,min_hold=5d,turnover_penalty=0.01,target_vol=0.18"
2022-06-23,5681.703,0.3037280629743507,7480.0,0.0,5700.0,0.0,18.296999999999997,18.296999999999997,7461.7029999999795,945780.239029999,287260.0,658520.239029999,-54219.76097000099,-0.05421976097000103,1,"mom20@q0.6,hold_q=0.4,buy_top=10,hold_top=20,rebalance=20d,min_hold=5d,turnover_penalty=0.01,target_vol=0.18"
2022-06-24,-495.33874000000003,0.3042412503049331,-13.0,494.00000000000006,0.0,1.33874,0.0,1.33874,-14.338740000035614,945765.900289999,287741.0,658024.900289999,-54234.09971000103,-0.05423409971000104,1,"mom20@q0.6,hold_q=0.4,buy_top=10,hold_top=20,rebalance=20d,min_hold=5d,turnover_penalty=0.01,target_vol=0.18"
2022-06-27,0.0,0.3089149018779422,6396.0,0.0,0.0,0.0,0.0,0.0,6396.0,952161.900289999,294137.0,658024.900289999,-47838.09971000103,-0.04783809971000108,1,"mom20@q0.6,hold_q=0.4,buy_top=10,hold_top=20,rebalance=20d,min_hold=5d,turnover_penalty=0.01,target_vol=0.18"
2022-06-28,37129.03657999998,0.27210760073647766,3898.0,154468.0,192634.0,418.6082799999999,618.3551399999999,1036.9634199999998,2861.0365800000727,955022.936869999,259869.0,695153.936869999,-44977.063130000955,-0.04497706313000094,1,"mom20@q0.6,hold_q=0.4,buy_top=10,hold_top=20,rebalance=20d,min_hold=5d,turnover_penalty=0.01,target_vol=0.18"
2022-06-29,-7185.41986,0.26967676453353884,-12998.0,7166.0,0.0,19.419859999999996,0.0,19.419859999999996,-13017.419860000024,942005.517009999,254037.0,687968.517009999,-57994.48299000098,-0.057994482990000984,1,"mom20@q0.6,hold_q=0.4,buy_top=10,hold_top=20,rebalance=20d,min_hold=5d,turnover_penalty=0.01,target_vol=0.18"
2022-06-30,0.0,0.27341226748445774,4843.0,0.0,0.0,0.0,0.0,0.0,4843.0,946848.517009999,258880.0,687968.517009999,-53151.48299000098,-0.05315148299000094,1,"mom20@q0.6,hold_q=0.4,buy_top=10,hold_top=20,rebalance=20d,min_hold=5d,turnover_penalty=0.01,target_vol=0.18"
2022-07-01,0.0,0.27604476658423105,3443.0,0.0,0.0,0.0,0.0,0.0,3443.0,950291.517009999,262323.0,687968.517009999,-49708.48299000098,-0.04970848299000097,1,"mom20@q0.6,hold_q=0.4,buy_top=10,hold_top=20,rebalance=20d,min_hold=5d,turnover_penalty=0.01,target_vol=0.18"
2022-07-04,-766.9627399999999,0.2827286776448825,7803.0,3272.0,2522.0,8.86712,8.095619999999998,16.962739999999997,7786.037260000012,958077.554269999,270876.0,687201.554269999,-41922.44573000097,-0.04192244573000092,1,"mom20@q0.6,hold_q=0.4,buy_top=10,hold_top=20,rebalance=20d,min_hold=5d,turnover_penalty=0.01,target_vol=0.18"
2022-07-05,0.0,0.28150178000734877,-1636.0,0.0,0.0,0.0,0.0,0.0,-1636.0,956441.554269999,269240.0,687201.554269999,-43558.44573000097,-0.043558445730001005,1,"mom20@q0.6,hold_q=0.4,buy_top=10,hold_top=20,rebalance=20d,min_hold=5d,turnover_penalty=0.01,target_vol=0.18"
2022-07-06,-1184.20051,0.27996106109784863,-3688.0,1181.0,0.0,3.2005099999999995,0.0,3.2005099999999995,-3691.200509999995,952750.353759999,266733.0,686017.353759999,-47249.64624000096,-0.04724964624000094,1,"mom20@q0.6,hold_q=0.4,buy_top=10,hold_top=20,rebalance=20d,min_hold=5d,turnover_penalty=0.01,target_vol=0.18"
2022-07-07,0.0,0.28773153153847575,10394.0,0.0,0.0,0.0,0.0,0.0,10394.0,963144.353759999,277127.0,686017.353759999,-36855.64624000096,-0.03685564624000093,1,"mom20@q0.6,hold_q=0.4,buy_top=10,hold_top=20,rebalance=20d,min_hold=5d,turnover_penalty=0.01,target_vol=0.18"
2022-07-08,0.0,0.28193193205084965,-7779.0,0.0,0.0,0.0,0.0,0.0,-7779.0,955365.353759999,269348.0,686017.353759999,-44634.64624000096,-0.04463464624000091,1,"mom20@q0.6,hold_q=0.4,buy_top=10,hold_top=20,rebalance=20d,min_hold=5d,turnover_penalty=0.01,target_vol=0.18"
2022-07-11,-1127.04604,0.27674179006201655,-8411.0,1124.0,0.0,3.0460399999999996,0.0,3.0460399999999996,-8414.046040000045,946951.307719999,262061.0,684890.307719999,-53048.69228000101,-0.053048692280000975,1,"mom20@q0.6,hold_q=0.4,buy_top=10,hold_top=20,rebalance=20d,min_hold=5d,turnover_penalty=0.01,target_vol=0.18"
2022-07-12,0.0,0.27038059944761844,-8256.0,0.0,0.0,0.0,0.0,0.0,-8256.0,938695.307719999,253805.0,684890.307719999,-61304.69228000101,-0.061304692280001016,1,"mom20@q0.6,hold_q=0.4,buy_top=10,hold_top=20,rebalance=20d,min_hold=5d,turnover_penalty=0.01,target_vol=0.18"
2022-07-13,-1068.88886,0.27816030879362474,8639.0,1066.0,0.0,2.8888599999999998,0.0,2.8888599999999998,8636.111140000052,947331.418859999,263510.0,683821.418859999,-52668.581140000955,-0.05266858114000095,1,"mom20@q0.6,hold_q=0.4,buy_top=10,hold_top=20,rebalance=20d,min_hold=5d,turnover_penalty=0.01,target_vol=0.18"
2022-07-14,0.0,0.28304630011022064,6456.0,0.0,0.0,0.0,0.0,0.0,6456.0,953787.418859999,269966.0,683821.418859999,-46212.581140000955,-0.04621258114000093,1,"mom20@q0.6,hold_q=0.4,buy_top=10,hold_top=20,rebalance=20d,min_hold=5d,turnover_penalty=0.01,target_vol=0.18"
2022-07-15,0.0,0.28243917154350445,-807.0,0.0,0.0,0.0,0.0,0.0,-807.0,952980.418859999,269159.0,683821.418859999,-47019.581140000955,-0.04701958114000093,1,"mom20@q0.6,hold_q=0.4,buy_top=10,hold_top=20,rebalance=20d,min_hold=5d,turnover_penalty=0.01,target_vol=0.18"
2022-07-18,1161.26035,0.2831164915797468,2524.0,0.0,1165.0,0.0,3.7396499999999997,3.7396499999999997,2520.260349999997,955500.679209999,270518.0,684982.679209999,-44499.32079000096,-0.04449932079000096,1,"mom20@q0.6,hold_q=0.4,buy_top=10,hold_top=20,rebalance=20d,min_hold=5d,turnover_penalty=0.01,target_vol=0.18"
2022-07-19,0.0,0.2787846738775986,-5739.0,0.0,0.0,0.0,0.0,0.0,-5739.0,949761.679209999,264779.0,684982.679209999,-50238.32079000096,-0.05023832079000101,1,"mom20@q0.6,hold_q=0.4,buy_top=10,hold_top=20,rebalance=20d,min_hold=5d,turnover_penalty=0.01,target_vol=0.18"
2022-07-20,0.0,0.2798575762192653,1415.0,0.0,0.0,0.0,0.0,0.0,1415.0,951176.679209999,266194.0,684982.679209999,-48823.32079000096,-0.04882332079000096,1,"mom20@q0.6,hold_q=0.4,buy_top=10,hold_top=20,rebalance=20d,min_hold=5d,turnover_penalty=0.01,target_vol=0.18"
2022-07-21,4029.02518,0.27257187380234765,-3975.0,0.0,4042.0,0.0,12.97482,12.97482,-3987.974820000003,947188.704389999,258177.0,689011.704389999,-52811.29561000096,-0.052811295610000974,1,"mom20@q0.6,hold_q=0.4,buy_top=10,hold_top=20,rebalance=20d,min_hold=5d,turnover_penalty=0.01,target_vol=0.18"
2022-07-22,0.0,0.27196465803056935,-790.0,0.0,0.0,0.0,0.0,0.0,-790.0,946398.704389999,257387.0,689011.704389999,-53601.29561000096,-0.05360129561000093,1,"mom20@q0.6,hold_q=0.4,buy_top=10,hold_top=20,rebalance=20d,min_hold=5d,turnover_penalty=0.01,target_vol=0.18"
2022-07-25,1188.17368,0.27026441862564077,-573.0,0.0,1192.0,0.0,3.8263199999999995,3.8263199999999995,-576.8263199999928,945821.878069999,255622.0,690199.878069999,-54178.121930000954,-0.05417812193000093,1,"mom20@q0.6,hold_q=0.4,buy_top=10,hold_top=20,rebalance=20d,min_hold=5d,turnover_penalty=0.01,target_vol=0.18"
2022-07-26,-1731.3877700000157,0.27642015236469647,7074.0,240099.0,239788.0,650.6682900000001,769.7194799999999,1420.3877699999998,5653.612229999853,951475.4902999989,263007.0,688468.4902999989,-48524.5097000011,-0.048524509700001106,1,"mom20@q0.6,hold_q=0.4,buy_top=10,hold_top=20,rebalance=20d,min_hold=5d,turnover_penalty=0.01,target_vol=0.18"
2022-07-27,-1393.7669,0.2809767161467066,4095.0,1390.0,0.0,3.7668999999999997,0.0,3.7668999999999997,4091.2331000000704,955566.723399999,268492.0,687074.723399999,-44433.27660000103,-0.04443327660000107,1,"mom20@q0.6,hold_q=0.4,buy_top=10,hold_top=20,rebalance=20d,min_hold=5d,turnover_penalty=0.01,target_vol=0.18"
2022-07-28,2218.85454,0.28291700198591013,5687.0,0.0,2226.0,0.0,7.145459999999999,7.145459999999999,5679.854539999971,961246.5779399989,271953.0,689293.5779399989,-38753.42206000106,-0.0387534220600011,1,"mom20@q0.6,hold_q=0.4,buy_top=10,hold_top=20,rebalance=20d,min_hold=5d,turnover_penalty=0.01,target_vol=0.18"
2022-07-29,-1266.3042500000001,0.2825316071743231,-2270.0,2590.0,1335.0,7.0188999999999995,4.285349999999999,11.30425,-2281.3042500000447,958965.2736899989,270938.0,688027.2736899989,-41034.726310001104,-0.04103472631000116,1,"mom20@q0.6,hold_q=0.4,buy_top=10,hold_top=20,rebalance=20d,min_hold=5d,turnover_penalty=0.01,target_vol=0.18"
2022-08-01,124.49887999999999,0.2834780962128764,1444.0,522.0,650.0,1.4146199999999998,2.0865,3.50112,1440.49887999997,960405.7725699989,272254.0,688151.7725699989,-39594.227430001134,-0.03959422743000118,1,"mom20@q0.6,hold_q=0.4,buy_top=10,hold_top=20,rebalance=20d,min_hold=5d,turnover_penalty=0.01,target_vol=0.18"
2022-08-02,-1510.4442100000008,0.2837326569920503,-1724.0,8134.0,6667.0,22.04314,21.401069999999997,43.44421,-1767.4442100001033,958638.3283599988,271997.0,686641.3283599988,-41361.67164000124,-0.04136167164000126,1,"mom20@q0.6,hold_q=0.4,buy_top=10,hold_top=20,rebalance=20d,min_hold=5d,turnover_penalty=0.01,target_vol=0.18"
2022-08-03,-2205.962,0.2828800010520327,-4210.0,2200.0,0.0,5.962,0.0,5.962,-4215.962000000058,954422.3663599987,269987.0,684435.3663599987,-45577.633640001295,-0.045577633640001336,1,"mom20@q0.6,hold_q=0.4,buy_top=10,hold_top=20,rebalance=20d,min_hold=5d,turnover_penalty=0.01,target_vol=0.18"
2022-08-04,435.1539999999999,0.28334700906246185,1234.0,580.0,1019.9999999999999,1.5717999999999999,3.2741999999999996,4.845999999999999,1229.1539999999804,955651.5203599987,270781.0,684870.5203599987,-44348.479640001315,-0.044348479640001326,1,"mom20@q0.6,hold_q=0.4,buy_top=10,hold_top=20,rebalance=20d,min_hold=5d,turnover_penalty=0.01,target_vol=0.18"
2022-08-05,1793.72695,0.2833730400985754,2545.0,252.0,2053.0,0.68292,6.590129999999999,7.27305,2537.726949999924,958189.2473099986,271525.0,686664.2473099986,-41810.75269000139,-0.04181075269000134,1,"mom20@q0.6,hold_q=0.4,buy_top=10,hold_top=20,rebalance=20d,min_hold=5d,turnover_penalty=0.01,target_vol=0.18"
2022-08-08,514.34364,0.28459480442197416,2357.0,0.0,516.0,0.0,1.6563599999999998,1.6563599999999998,2355.3436399999773,960544.5909499986,273366.0,687178.5909499986,-39455.40905000141,-0.039455409050001444,1,"mom20@q0.6,hold_q=0.4,buy_top=10,hold_top=20,rebalance=20d,min_hold=5d,turnover_penalty=0.01,target_vol=0.18"
2022-08-09,609.03869,0.2874857235371217,4754.0,0.0,611.0,0.0,1.9613099999999999,1.9613099999999999,4752.038689999958,965296.6296399985,277509.0,687787.6296399985,-34703.370360001456,-0.034703370360001484,1,"mom20@q0.6,hold_q=0.4,buy_top=10,hold_top=20,rebalance=20d,min_hold=5d,turnover_penalty=0.01,target_vol=0.18"
2022-08-10,-509.37668,0.2880234610038078,15.0,508.0,0.0,1.37668,0.0,1.37668,13.623320000013337,965310.2529599986,278032.0,687278.2529599986,-34689.74704000144,-0.034689747040001495,1,"mom20@q0.6,hold_q=0.4,buy_top=10,hold_top=20,rebalance=20d,min_hold=5d,turnover_penalty=0.01,target_vol=0.18"
2022-08-11,2934.54976,0.28931067628019563,5887.0,0.0,2944.0,0.0,9.450239999999999,9.450239999999999,5877.549759999965,971187.8027199985,280975.0,690212.8027199985,-28812.197280001477,-0.028812197280001506,1,"mom20@q0.6,hold_q=0.4,buy_top=10,hold_top=20,rebalance=20d,min_hold=5d,turnover_penalty=0.01,target_vol=0.18"
2022-08-12,1968.66025,0.28518422650039404,-2846.0,0.0,1975.0,0.0,6.33975,6.33975,-2852.3397499999264,968335.4629699986,276154.0,692181.4629699986,-31664.537030001404,-0.03166453703000138,1,"mom20@q0.6,hold_q=0.4,buy_top=10,hold_top=20,rebalance=20d,min_hold=5d,turnover_penalty=0.01,target_vol=0.18"
2022-08-15,1400.48995,0.2880964641653412,5933.0,0.0,1405.0,0.0,4.51005,4.51005,5928.489949999959,974263.9529199986,280682.0,693581.9529199986,-25736.047080001445,-0.025736047080001434,1,"mom20@q0.6,hold_q=0.4,buy_top=10,hold_top=20,rebalance=20d,min_hold=5d,turnover_penalty=0.01,target_vol=0.18"
2022-08-16,1933.7725999999998,0.28909366817270127,4093.0,0.0,1940.0,0.0,6.227399999999999,6.227399999999999,4086.7726000000257,978350.7255199986,282835.0,695515.7255199986,-21649.27448000142,-0.021649274480001424,1,"mom20@q0.6,hold_q=0.4,buy_top=10,hold_top=20,rebalance=20d,min_hold=5d,turnover_penalty=0.01,target_vol=0.18"
2022-08-17,3195.01833,0.2917094449645199,8136.0,285.0,3492.0,0.7723499999999999,11.20932,11.98167,8124.018329999992,986474.7438499986,287764.0,698710.7438499986,-13525.256150001427,-0.013525256150001441,1,"mom20@q0.6,hold_q=0.4,buy_top=10,hold_top=20,rebalance=20d,min_hold=5d,turnover_penalty=0.01,target_vol=0.18"
2022-08-18,4050.606129999999,0.2934184106558412,8143.0,1911.0,5986.0,5.1788099999999995,19.21506,24.39387,8118.606130000087,994593.3499799987,291832.0,702761.3499799987,-5406.65002000134,-0.005406650020001291,1,"mom20@q0.6,hold_q=0.4,buy_top=10,hold_top=20,rebalance=20d,min_hold=5d,turnover_penalty=0.01,target_vol=0.18"
2022-08-19,3234.58355,0.28615457472436406,-5579.0,0.0,3245.0,0.0,10.41645,10.41645,-5589.416450000019,989003.9335299986,283008.0,705995.9335299986,-10996.066470001359,-0.010996066470001398,1,"mom20@q0.6,hold_q=0.4,buy_top=10,hold_top=20,rebalance=20d,min_hold=5d,turnover_penalty=0.01,target_vol=0.18"
2022-08-22,4964.0142,0.28634955278147767,7242.0,0.0,4980.0,0.0,15.985799999999998,15.985799999999998,7226.014199999976,996229.9477299986,285270.0,710959.9477299986,-3770.0522700013826,-0.0037700522700013783,1,"mom20@q0.6,hold_q=0.4,buy_top=10,hold_top=20,rebalance=20d,min_hold=5d,turnover_penalty=0.01,target_vol=0.18"
2022-08-23,29548.79094,0.25694014265590553,1022.0,99351.0,129585.0,269.24120999999997,415.96784999999994,685.2090599999999,336.79094000009354,996566.7386699987,256058.0,740508.7386699987,-3433.261330001289,-0.003433261330001325,1,"mom20@q0.6,hold_q=0.4,buy_top=10,hold_top=20,rebalance=20d,min_hold=5d,turnover_penalty=0.01,target_vol=0.18"
2022-08-24,-7482.222019999999,0.2559772109268735,-11326.0,7462.0,0.0,20.222019999999997,0.0,20.222019999999997,-11346.222019999987,985220.5166499987,252194.0,733026.5166499987,-14779.483350001276,-0.014779483350001232,1,"mom20@q0.6,hold_q=0.4,buy_top=10,hold_top=20,rebalance=20d,min_hold=5d,turnover_penalty=0.01,target_vol=0.18"
2022-08-25,-17631.87529,0.27400189595851443,231.0,19137.0,1562.0,51.86127,5.0140199999999995,56.87529,174.1247100000037,985394.6413599987,270000.0,715394.6413599987,-14605.358640001272,-0.014605358640001231,1,"mom20@q0.6,hold_q=0.4,buy_top=10,hold_top=20,rebalance=20d,min_hold=5d,turnover_penalty=0.01,target_vol=0.18"
2022-08-26,-2099.67474,0.2679927065019051,-10952.0,2094.0,0.0,5.674739999999999,0.0,5.674739999999999,-10957.674740000046,974436.9666199987,261142.0,713294.9666199987,-25563.033380001318,-0.02556303338000132,1,"mom20@q0.6,hold_q=0.4,buy_top=10,hold_top=20,rebalance=20d,min_hold=5d,turnover_penalty=0.01,target_vol=0.18"
2022-08-29,0.0,0.2742230979928484,8365.0,0.0,0.0,0.0,0.0,0.0,8365.0,982801.9666199987,269507.0,713294.9666199987,-17198.033380001318,-0.017198033380001365,1,"mom20@q0.6,hold_q=0.4,buy_top=10,hold_top=20,rebalance=20d,min_hold=5d,turnover_penalty=0.01,target_vol=0.18"
2022-08-30,-1049.83737,0.27329276397273194,-2700.0,1047.0,0.0,2.8373699999999995,0.0,2.8373699999999995,-2702.8373699999647,980099.1292499987,267854.0,712245.1292499987,-19900.870750001282,-0.019900870750001243,1,"mom20@q0.6,hold_q=0.4,buy_top=10,hold_top=20,rebalance=20d,min_hold=5d,turnover_penalty=0.01,target_vol=0.18"
2022-08-31,-5062.68279,0.26463578362224743,-18409.0,5049.0,0.0,13.682789999999999,0.0,13.682789999999999,-18422.682790000108,961676.4464599986,254494.0,707182.4464599986,-38323.55354000139,-0.03832355354000139,1,"mom20@q0.6,hold_q=0.4,buy_top=10,hold_top=20,rebalance=20d,min_hold=5d,turnover_penalty=0.01,target_vol=0.18"
2022-09-01,-1883.08938,0.26470835946032606,-2461.0,1878.0,0.0,5.089379999999999,0.0,5.089379999999999,-2466.0893800000194,959210.3570799986,253911.0,705299.3570799986,-40789.64292000141,-0.04078964292000142,1,"mom20@q0.6,hold_q=0.4,buy_top=10,hold_top=20,rebalance=20d,min_hold=5d,turnover_penalty=0.01,target_vol=0.18"
2022-09-02,647.9135,0.26822340909493425,5495.0,0.0,650.0,0.0,2.0865,2.0865,5492.913500000024,964703.2705799986,258756.0,705947.2705799986,-35296.729420001386,-0.035296729420001394,1,"mom20@q0.6,hold_q=0.4,buy_top=10,hold_top=20,rebalance=20d,min_hold=5d,turnover_penalty=0.01,target_vol=0.18"
2022-09-05,1583.24381,0.27145572942543494,6473.0,2468.0,4071.0,6.68828,13.067909999999998,19.756189999999997,6453.2438100000145,971156.5143899986,263626.0,707530.5143899986,-28843.48561000137,-0.028843485610001385,1,"mom20@q0.6,hold_q=0.4,buy_top=10,hold_top=20,rebalance=20d,min_hold=5d,turnover_penalty=0.01,target_vol=0.18"
2022-09-06,0.0,0.27638091100777035,6610.0,0.0,0.0,0.0,0.0,0.0,6610.0,977766.5143899986,270236.0,707530.5143899986,-22233.48561000137,-0.02223348561000138,1,"mom20@q0.6,hold_q=0.4,buy_top=10,hold_top=20,rebalance=20d,min_hold=5d,turnover_penalty=0.01,target_vol=0.18"
2022-09-07,0.0,0.0,0.0,0.0,0.0,0.0,0.0,0.0,0.0,1000000.0,0.0,1000000.0,0.0,0.0,2,"mom20@q0.6,hold_q=0.4,buy_top=5,hold_top=10,rebalance=20d,min_hold=5d,turnover_penalty=0.01,target_vol=0.18"
2022-09-08,-264948.06872,0.2644213438532337,0.0,264232.0,0.0,716.06872,0.0,716.06872,-716.0687199999811,999283.93128,264232.0,735051.93128,-716.0687199999811,-0.0007160687199999627,2,"mom20@q0.6,hold_q=0.4,buy_top=5,hold_top=10,rebalance=20d,min_hold=5d,turnover_penalty=0.01,target_vol=0.18"
2022-09-09,0.0,0.26464063797277726,298.0,0.0,0.0,0.0,0.0,0.0,298.0,999581.93128,264530.0,735051.93128,-418.0687199999811,-0.0004180687199999422,2,"mom20@q0.6,hold_q=0.4,buy_top=5,hold_top=10,rebalance=20d,min_hold=5d,turnover_penalty=0.01,target_vol=0.18"
2022-09-13,-6091.46325,0.26907954540347245,-2247.0,6075.0,0.0,16.46325,0.0,16.46325,-2263.46325000003,997318.46803,268358.0,728960.46803,-2681.531970000011,-0.002681531969999984,2,"mom20@q0.6,hold_q=0.4,buy_top=5,hold_top=10,rebalance=20d,min_hold=5d,turnover_penalty=0.01,target_vol=0.18"
2022-09-14,846.01277,0.2677356598829217,-670.0,381.0,1232.0,1.0325099999999998,3.9547199999999996,4.987229999999999,-674.9872300000861,996643.4807999999,266837.0,729806.4807999999,-3356.519200000097,-0.00335651920000013,2,"mom20@q0.6,hold_q=0.4,buy_top=5,hold_top=10,rebalance=20d,min_hold=5d,turnover_penalty=0.01,target_vol=0.18"
2022-09-15,-4536.26004,0.26572999387233986,-8888.0,4524.0,0.0,12.26004,0.0,12.26004,-8900.260039999965,987743.2207599999,262473.0,725270.2207599999,-12256.779240000062,-0.012256779240000015,2,"mom20@q0.6,hold_q=0.4,buy_top=5,hold_top=10,rebalance=20d,min_hold=5d,turnover_penalty=0.01,target_vol=0.18"
2022-09-16,-5230.13536,0.26348185708726274,-10102.0,5216.0,0.0,14.135359999999999,0.0,14.135359999999999,-10116.135359999957,977627.0854,257587.0,720040.0854,-22372.91460000002,-0.022372914600000016,2,"mom20@q0.6,hold_q=0.4,buy_top=5,hold_top=10,rebalance=20d,min_hold=5d,turnover_penalty=0.01,target_vol=0.18"
2022-09-19,-2774.49857,0.2675646418469758,1669.0,2767.0,0.0,7.498569999999999,0.0,7.498569999999999,1661.5014299999457,979288.5868299999,262023.0,717265.5868299999,-20711.413170000073,-0.020711413170000026,2,"mom20@q0.6,hold_q=0.4,buy_top=5,hold_top=10,rebalance=20d,min_hold=5d,turnover_penalty=0.01,target_vol=0.18"
2022-09-20,-685.85364,0.26956146153132743,1740.0,684.0,0.0,1.8536399999999997,0.0,1.8536399999999997,1738.1463600000134,981026.7331899999,264447.0,716579.7331899999,-18973.26681000006,-0.01897326681000011,2,"mom20@q0.6,hold_q=0.4,buy_top=5,hold_top=10,rebalance=20d,min_hold=5d,turnover_penalty=0.01,target_vol=0.18"
2022-09-21,693.76584,0.27176621772346016,3925.0,0.0,696.0,0.0,2.2341599999999997,2.2341599999999997,3922.7658400000073,984949.49903,267676.0,717273.49903,-15050.500970000052,-0.015050500970000047,2,"mom20@q0.6,hold_q=0.4,buy_top=5,hold_top=10,rebalance=20d,min_hold=5d,turnover_penalty=0.01,target_vol=0.18"
2022-09-22,0.0,0.2740554556559159,3106.0,0.0,0.0,0.0,0.0,0.0,3106.0,988055.49903,270782.0,717273.49903,-11944.500970000052,-0.011944500970000105,2,"mom20@q0.6,hold_q=0.4,buy_top=5,hold_top=10,rebalance=20d,min_hold=5d,turnover_penalty=0.01,target_vol=0.18"
2022-09-23,838.35229,0.2672117567941166,-8071.0,1675.0,2526.0,4.539249999999999,8.10846,12.647709999999998,-8083.647710000048,979971.8513199999,261860.0,718111.8513199999,-20028.1486800001,-0.020028148680000135,2,"mom20@q0.6,hold_q=0.4,buy_top=5,hold_top=10,rebalance=20d,min_hold=5d,turnover_penalty=0.01,target_vol=0.18"
2022-09-26,-2998.8146799999995,0.2715935727515269,1797.0,4794.0,1814.0,12.991739999999998,5.822939999999999,18.814679999999996,1778.1853199999314,981750.0366399998,266637.0,715113.0366399998,-18249.96336000017,-0.018249963360000176,2,"mom20@q0.6,hold_q=0.4,buy_top=5,hold_top=10,rebalance=20d,min_hold=5d,turnover_penalty=0.01,target_vol=0.18"
2022-09-27,2418.7121299999994,0.2725441152920726,4624.0,1431.0,3865.9999999999995,3.8780099999999997,12.409859999999998,16.287869999999998,4607.7121299998835,986357.7487699997,268826.0,717531.7487699997,-13642.251230000285,-0.01364225123000029,2,"mom20@q0.6,hold_q=0.4,buy_top=5,hold_top=10,rebalance=20d,min_hold=5d,turnover_penalty=0.01,target_vol=0.18"
2022-09-28,-3629.8102000000003,0.27027465216041846,-8032.0,3620.0,0.0,9.810199999999998,0.0,9.810199999999998,-8041.810199999949,978315.9385699998,264414.0,713901.9385699998,-21684.061430000234,-0.021684061430000234,2,"mom20@q0.6,hold_q=0.4,buy_top=5,hold_top=10,rebalance=20d,min_hold=5d,turnover_penalty=0.01,target_vol=0.18"
2022-09-29,0.0,0.2696229003255789,-873.0,0.0,0.0,0.0,0.0,0.0,-873.0,977442.9385699998,263541.0,713901.9385699998,-22557.061430000234,-0.022557061430000247,2,"mom20@q0.6,hold_q=0.4,buy_top=5,hold_top=10,rebalance=20d,min_hold=5d,turnover_penalty=0.01,target_vol=0.18"
2022-09-30,-3200.41567,0.2682319905164709,-6216.0,4331.0,1146.0,11.737009999999998,3.67866,15.415669999999999,-6231.4156699999,971211.5228999999,260510.0,710701.5228999999,-28788.477100000135,-0.0287884771000001,2,"mom20@q0.6,hold_q=0.4,buy_top=5,hold_top=10,rebalance=20d,min_hold=5d,turnover_penalty=0.01,target_vol=0.18"
2022-10-10,2424.19328,0.2667161013247822,1306.0,0.0,2432.0,0.0,7.806719999999999,7.806719999999999,1298.1932800000068,972509.7161799999,259384.0,713125.7161799999,-27490.283820000128,-0.027490283820000183,2,"mom20@q0.6,hold_q=0.4,buy_top=5,hold_top=10,rebalance=20d,min_hold=5d,turnover_penalty=0.01,target_vol=0.18"
2022-10-11,4114.74912,0.27191209173404934,12605.0,0.0,4128.0,0.0,13.250879999999999,13.250879999999999,12591.749120000051,985101.4652999999,267861.0,717240.4652999999,-14898.534700000077,-0.014898534700000021,2,"mom20@q0.6,hold_q=0.4,buy_top=5,hold_top=10,rebalance=20d,min_hold=5d,turnover_penalty=0.01,target_vol=0.18"
2022-10-12,5078.645049999999,0.27279048591535066,8190.0,0.0,5095.0,0.0,16.354949999999995,16.354949999999995,8173.645049999934,993275.1103499999,270956.0,722319.1103499999,-6724.889650000143,-0.0067248896500001765,2,"mom20@q0.6,hold_q=0.4,buy_top=5,hold_top=10,rebalance=20d,min_hold=5d,turnover_penalty=0.01,target_vol=0.18"
2022-10-13,3346.22403,0.27146009074726357,2790.0,0.0,3357.0,0.0,10.77597,10.77597,2779.2240300000412,996054.3343799999,270389.0,725665.3343799999,-3945.6656200001016,-0.003945665620000094,2,"mom20@q0.6,hold_q=0.4,buy_top=5,hold_top=10,rebalance=20d,min_hold=5d,turnover_penalty=0.01,target_vol=0.18"
2022-10-14,-50441.84063,0.3200012105007491,-1660.0,265914.0,216889.0,720.6269399999999,696.21369,1416.84063,-3076.840629999875,992977.49375,317754.0,675223.49375,-7022.506249999977,-0.007022506250000005,2,"mom20@q0.6,hold_q=0.4,buy_top=5,hold_top=10,rebalance=20d,min_hold=5d,turnover_penalty=0.01,target_vol=0.18"
2022-10-17,-1613.36039,0.3248668563035769,4771.0,1609.0,0.0,4.36039,0.0,4.36039,4766.639609999955,997744.13336,324134.0,673610.13336,-2255.866640000022,-0.0022558666399999927,2,"mom20@q0.6,hold_q=0.4,buy_top=5,hold_top=10,rebalance=20d,min_hold=5d,turnover_penalty=0.01,target_vol=0.18"
2022-10-18,0.0,0.3301484927784173,7867.0,0.0,0.0,0.0,0.0,0.0,7867.0,1005611.13336,332001.0,673610.13336,5611.133359999978,0.005611133359999965,2,"mom20@q0.6,hold_q=0.4,buy_top=5,hold_top=10,rebalance=20d,min_hold=5d,turnover_penalty=0.01,target_vol=0.18"
2022-10-19,-3706.01616,0.3271745535667291,-9943.0,3696.0,0.0,10.01616,0.0,10.01616,-9953.01616,995658.1172,325754.0,669904.1172,-4341.882800000021,-0.00434188280000003,2,"mom20@q0.6,hold_q=0.4,buy_top=5,hold_top=10,rebalance=20d,min_hold=5d,turnover_penalty=0.01,target_vol=0.18"
2022-10-20,-1182.19509,0.3211178751310831,-10621.0,1179.0,0.0,3.1950899999999995,0.0,3.1950899999999995,-10624.195090000052,985033.9221099999,316312.0,668721.9221099999,-14966.077890000073,-0.01496607789000004,2,"mom20@q0.6,hold_q=0.4,buy_top=5,hold_top=10,rebalance=20d,min_hold=5d,turnover_penalty=0.01,target_vol=0.18"
2022-10-21,-279.7470900000005,0.32496692013246303,5215.0,2298.0,2030.9999999999998,6.22758,6.519509999999999,12.747089999999998,5202.252910000039,990236.17502,321794.0,668442.17502,-9763.824980000034,-0.009763824980000058,2,"mom20@q0.6,hold_q=0.4,buy_top=5,hold_top=10,rebalance=20d,min_hold=5d,turnover_penalty=0.01,target_vol=0.18"
2022-10-24,0.0,0.32553633139129273,836.0,0.0,0.0,0.0,0.0,0.0,836.0,991072.17502,322630.0,668442.17502,-8927.824980000034,-0.008927824979999999,2,"mom20@q0.6,hold_q=0.4,buy_top=5,hold_top=10,rebalance=20d,min_hold=5d,turnover_penalty=0.01,target_vol=0.18"
2022-10-25,0.0,0.32951430192066106,5880.0,0.0,0.0,0.0,0.0,0.0,5880.0,996952.17502,328510.0,668442.17502,-3047.824980000034,-0.0030478249800000023,2,"mom20@q0.6,hold_q=0.4,buy_top=5,hold_top=10,rebalance=20d,min_hold=5d,turnover_penalty=0.01,target_vol=0.18"
2022-10-26,1715.47559,0.3296765452923754,2806.0,0.0,1721.0,0.0,5.52441,5.52441,2800.4755900000455,999752.65061,329595.0,670157.65061,-247.3493899999885,-0.0002473493900000401,2,"mom20@q0.6,hold_q=0.4,buy_top=5,hold_top=10,rebalance=20d,min_hold=5d,turnover_penalty=0.01,target_vol=0.18"
2022-10-27,-3748.1299800000006,0.32819692221933544,-7771.0,3738.0000000000005,0.0,10.12998,0.0,10.12998,-7781.129979999969,991971.52063,325562.0,666409.52063,-8028.479369999957,-0.008028479369999952,2,"mom20@q0.6,hold_q=0.4,buy_top=5,hold_top=10,rebalance=20d,min_hold=5d,turnover_penalty=0.01,target_vol=0.18"
2022-10-28,-3008.13,0.32614399670728406,-7478.0,3000.0,0.0,8.129999999999999,0.0,8.129999999999999,-7486.130000000005,984485.39063,321084.0,663401.39063,-15514.609369999962,-0.015514609369999932,2,"mom20@q0.6,hold_q=0.4,buy_top=5,hold_top=10,rebalance=20d,min_hold=5d,turnover_penalty=0.01,target_vol=0.18"
2022-10-31,0.0,0.32912668444458704,4377.0,0.0,0.0,0.0,0.0,0.0,4377.0,988862.39063,325461.0,663401.39063,-11137.609369999962,-0.011137609369999968,2,"mom20@q0.6,hold_q=0.4,buy_top=5,hold_top=10,rebalance=20d,min_hold=5d,turnover_penalty=0.01,target_vol=0.18"
2022-11-01,4790.79855,0.3264437361581374,3200.0,1814.0,6631.0,4.915939999999999,21.28551,26.201449999999998,3173.798550000065,992036.1891800001,323844.0,668192.1891800001,-7963.810819999897,-0.007963810819999861,2,"mom20@q0.6,hold_q=0.4,buy_top=5,hold_top=10,rebalance=20d,min_hold=5d,turnover_penalty=0.01,target_vol=0.18"
2022-11-02,-1763.76689,0.3304066929099429,3242.0,1759.0,0.0,4.766889999999999,0.0,4.766889999999999,3237.23311000003,995273.4222900001,328845.0,666428.4222900001,-4726.577709999867,-0.004726577709999846,2,"mom20@q0.6,hold_q=0.4,buy_top=5,hold_top=10,rebalance=20d,min_hold=5d,turnover_penalty=0.01,target_vol=0.18"
2022-11-03,0.0,0.3290003403854926,-2086.0,0.0,0.0,0.0,0.0,0.0,-2086.0,993187.4222900001,326759.0,666428.4222900001,-6812.577709999867,-0.0068125777099998786,2,"mom20@q0.6,hold_q=0.4,buy_top=5,hold_top=10,rebalance=20d,min_hold=5d,turnover_penalty=0.01,target_vol=0.18"
2022-11-04,0.0,0.3314793905118703,3683.0,0.0,0.0,0.0,0.0,0.0,3683.0,996870.4222900001,330442.0,666428.4222900001,-3129.577709999867,-0.0031295777099998867,2,"mom20@q0.6,hold_q=0.4,buy_top=5,hold_top=10,rebalance=20d,min_hold=5d,turnover_penalty=0.01,target_vol=0.18"
2022-11-07,-3326.99178,0.32794370873585926,-10186.0,3318.0,0.0,8.991779999999999,0.0,8.991779999999999,-10194.99178000004,986675.4305100001,323574.0,663101.4305100001,-13324.569489999907,-0.013324569489999938,2,"mom20@q0.6,hold_q=0.4,buy_top=5,hold_top=10,rebalance=20d,min_hold=5d,turnover_penalty=0.01,target_vol=0.18"
2022-11-08,1728.43386,0.3271517113153314,1413.0,0.0,1734.0,0.0,5.56614,5.56614,1407.43385999999,988082.8643700001,323253.0,664829.8643700001,-11917.135629999917,-0.011917135629999964,2,"mom20@q0.6,hold_q=0.4,buy_top=5,hold_top=10,rebalance=20d,min_hold=5d,turnover_penalty=0.01,target_vol=0.18"
2022-11-09,0.0,0.3234563674158247,-5397.0,0.0,0.0,0.0,0.0,0.0,-5397.0,982685.8643700001,317856.0,664829.8643700001,-17314.135629999917,-0.01731413562999995,2,"mom20@q0.6,hold_q=0.4,buy_top=5,hold_top=10,rebalance=20d,min_hold=5d,turnover_penalty=0.01,target_vol=0.18"
2022-11-10,-3134.4714599999998,0.32444794884792505,-3189.0,3126.0,0.0,8.471459999999999,0.0,8.471459999999999,-3197.4714600000298,979488.39291,317793.0,661695.39291,-20511.607089999947,-0.020511607089999995,2,"mom20@q0.6,hold_q=0.4,buy_top=5,hold_top=10,rebalance=20d,min_hold=5d,turnover_penalty=0.01,target_vol=0.18"
2022-11-11,67693.63126000002,0.25801732176605663,5263.0,253638.0,323056.0,687.35898,1037.00976,1724.36874,3538.63125999982,983027.0241699999,253638.0,729389.0241699999,-16972.975830000127,-0.016972975830000125,2,"mom20@q0.6,hold_q=0.4,buy_top=5,hold_top=10,rebalance=20d,min_hold=5d,turnover_penalty=0.01,target_vol=0.18"
2022-11-14,-1467.96744,0.25925822667965226,-331.0,1464.0,0.0,3.96744,0.0,3.96744,-334.96744000003673,982692.0567299998,254771.0,727921.0567299998,-17307.943270000163,-0.01730794327000018,2,"mom20@q0.6,hold_q=0.4,buy_top=5,hold_top=10,rebalance=20d,min_hold=5d,turnover_penalty=0.01,target_vol=0.18"
2022-11-15,3520.66228,0.2676096296660474,16024.0,0.0,3532.0,0.0,11.33772,11.33772,16012.662280000048,998704.7190099999,267263.0,731441.7190099999,-1295.2809900001157,-0.0012952809900000917,2,"mom20@q0.6,hold_q=0.4,buy_top=5,hold_top=10,rebalance=20d,min_hold=5d,turnover_penalty=0.01,target_vol=0.18"
2022-11-16,837.3036,0.26409001415878425,-3636.0,0.0,840.0,0.0,2.6963999999999997,2.6963999999999997,-3638.6964000000153,995066.0226099999,262787.0,732279.0226099999,-4933.977390000131,-0.004933977390000122,2,"mom20@q0.6,hold_q=0.4,buy_top=5,hold_top=10,rebalance=20d,min_hold=5d,turnover_penalty=0.01,target_vol=0.18"
2022-11-17,-10396.09728,0.2791125663871547,6343.0,10368.0,0.0,28.097279999999998,0.0,28.097279999999998,6314.902720000013,1001380.9253299999,279498.0,721882.9253299999,1380.9253299998818,0.0013809253299998936,2,"mom20@q0.6,hold_q=0.4,buy_top=5,hold_top=10,rebalance=20d,min_hold=5d,turnover_penalty=0.01,target_vol=0.18"
2022-11-18,-64.06310999999982,0.2758921330449733,-4535.0,1224.0,1167.0,3.3170399999999995,3.7460699999999996,7.063109999999999,-4542.063109999988,996838.8622199999,275020.0,721818.8622199999,-3161.1377800001064,-0.003161137780000156,2,"mom20@q0.6,hold_q=0.4,buy_top=5,hold_top=10,rebalance=20d,min_hold=5d,turnover_penalty=0.01,target_vol=0.18"
2022-11-21,-1588.29264,0.2749949601760903,-3420.0,1584.0,0.0,4.29264,0.0,4.29264,-3424.2926399999997,993414.5695799999,273184.0,720230.5695799999,-6585.430420000106,-0.006585430420000149,2,"mom20@q0.6,hold_q=0.4,buy_top=5,hold_top=10,rebalance=20d,min_hold=5d,turnover_penalty=0.01,target_vol=0.18"
2022-11-22,92.05772999999976,0.2744210080563255,-652.0,1119.0,1217.9999999999998,3.0324899999999997,3.909779999999999,6.942269999999999,-658.9422699999996,992755.6273099999,272433.0,720322.6273099999,-7244.372690000106,-0.0072443726900001115,2,"mom20@q0.6,hold_q=0.4,buy_top=5,hold_top=10,rebalance=20d,min_hold=5d,turnover_penalty=0.01,target_vol=0.18"
2022-11-23,-1568.23844,0.2739270784285367,-2831.0,1564.0,0.0,4.23844,0.0,4.23844,-2835.2384399999864,989920.3888699999,271166.0,718754.3888699999,-10079.611130000092,-0.01007961113000011,2,"mom20@q0.6,hold_q=0.4,buy_top=5,hold_top=10,rebalance=20d,min_hold=5d,turnover_penalty=0.01,target_vol=0.18"
2022-11-24,-770.08128,0.2724095393576894,-3121.0,768.0,0.0,2.0812799999999996,0.0,2.0812799999999996,-3123.081280000042,986797.3075899999,268813.0,717984.3075899999,-13202.692410000134,-0.01320269241000016,2,"mom20@q0.6,hold_q=0.4,buy_top=5,hold_top=10,rebalance=20d,min_hold=5d,turnover_penalty=0.01,target_vol=0.18"
2022-11-25,-756.04334,0.27045427857186427,-3679.0,754.0,0.0,2.0433399999999997,0.0,2.0433399999999997,-3681.0433399999747,983116.2642499999,265888.0,717228.2642499999,-16883.73575000011,-0.01688373575000013,2,"mom20@q0.6,hold_q=0.4,buy_top=5,hold_top=10,rebalance=20d,min_hold=5d,turnover_penalty=0.01,target_vol=0.18"
2022-11-28,0.0,0.2698645949986672,-794.0,0.0,0.0,0.0,0.0,0.0,-794.0,982322.2642499999,265094.0,717228.2642499999,-17677.73575000011,-0.01767773575000009,2,"mom20@q0.6,hold_q=0.4,buy_top=5,hold_top=10,rebalance=20d,min_hold=5d,turnover_penalty=0.01,target_vol=0.18"
2022-11-29,769.52188,0.2704770543515738,1882.0,0.0,772.0,0.0,2.4781199999999997,2.4781199999999997,1879.5218800000148,984201.7861299999,266204.0,717997.7861299999,-15798.213870000094,-0.015798213870000133,2,"mom20@q0.6,hold_q=0.4,buy_top=5,hold_top=10,rebalance=20d,min_hold=5d,turnover_penalty=0.01,target_vol=0.18"
2022-11-30,0.0,0.26805633467374723,-3255.0,0.0,0.0,0.0,0.0,0.0,-3255.0,980946.7861299999,262949.0,717997.7861299999,-19053.213870000094,-0.01905321387000014,2,"mom20@q0.6,hold_q=0.4,buy_top=5,hold_top=10,rebalance=20d,min_hold=5d,turnover_penalty=0.01,target_vol=0.18"
2022-12-01,0.0,0.27025387493172204,2954.0,0.0,0.0,0.0,0.0,0.0,2954.0,983900.7861299999,265903.0,717997.7861299999,-16099.213870000094,-0.01609921387000013,2,"mom20@q0.6,hold_q=0.4,buy_top=5,hold_top=10,rebalance=20d,min_hold=5d,turnover_penalty=0.01,target_vol=0.18"
2022-12-02,-1085.93493,0.2691485095723721,-2971.0,1083.0,0.0,2.9349299999999996,0.0,2.9349299999999996,-2973.9349299999885,980926.8511999999,264015.0,716911.8511999999,-19073.148800000083,-0.019073148800000106,2,"mom20@q0.6,hold_q=0.4,buy_top=5,hold_top=10,rebalance=20d,min_hold=5d,turnover_penalty=0.01,target_vol=0.18"
2022-12-05,1578.91536,0.2688543946235137,1770.0,0.0,1584.0,0.0,5.084639999999999,5.084639999999999,1764.9153599999845,982691.7665599999,264201.0,718490.7665599999,-17308.2334400001,-0.017308233440000098,2,"mom20@q0.6,hold_q=0.4,buy_top=5,hold_top=10,rebalance=20d,min_hold=5d,turnover_penalty=0.01,target_vol=0.18"
2022-12-06,-1544.1734,0.27285047603574525,3281.0,1540.0,0.0,4.1734,0.0,4.1734,3276.8266000000294,985968.5931599999,269022.0,716946.5931599999,-14031.406840000069,-0.014031406840000038,2,"mom20@q0.6,hold_q=0.4,buy_top=5,hold_top=10,rebalance=20d,min_hold=5d,turnover_penalty=0.01,target_vol=0.18"
2022-12-07,0.0,0.27300015724172255,203.0,0.0,0.0,0.0,0.0,0.0,203.0,986171.5931599999,269225.0,716946.5931599999,-13828.406840000069,-0.013828406840000085,2,"mom20@q0.6,hold_q=0.4,buy_top=5,hold_top=10,rebalance=20d,min_hold=5d,turnover_penalty=0.01,target_vol=0.18"
2022-12-08,-1811.89697,0.27217916554622296,-3597.0,1807.0,0.0,4.89697,0.0,4.89697,-3601.8969700000016,982569.6961899999,267435.0,715134.6961899999,-17430.30381000007,-0.017430303810000103,2,"mom20@q0.6,hold_q=0.4,buy_top=5,hold_top=10,rebalance=20d,min_hold=5d,turnover_penalty=0.01,target_vol=0.18"
2022-12-09,-87016.23770999999,0.3592402869160806,-487.0,352153.0,266948.0,954.33463,856.9030799999998,1811.2377099999999,-2298.237710000016,980271.4584799999,352153.0,628118.4584799999,-19728.541520000086,-0.01972854152000003,2,"mom20@q0.6,hold_q=0.4,buy_top=5,hold_top=10,rebalance=20d,min_hold=5d,turnover_penalty=0.01,target_vol=0.18"
2022-12-12,-2216.99181,0.35602436984247615,-8332.0,2211.0,0.0,5.991809999999999,0.0,5.991809999999999,-8337.991810000036,971933.4666699999,346032.0,625901.4666699999,-28066.533330000122,-0.028066533330000087,2,"mom20@q0.6,hold_q=0.4,buy_top=5,hold_top=10,rebalance=20d,min_hold=5d,turnover_penalty=0.01,target_vol=0.18"
2022-12-13,0.0,0.3566703911184177,976.0,0.0,0.0,0.0,0.0,0.0,976.0,972909.4666699999,347008.0,625901.4666699999,-27090.533330000122,-0.02709053333000011,2,"mom20@q0.6,hold_q=0.4,buy_top=5,hold_top=10,rebalance=20d,min_hold=5d,turnover_penalty=0.01,target_vol=0.18"
2022-12-14,0.0,0.3607676407892244,6236.0,0.0,0.0,0.0,0.0,0.0,6236.0,979145.4666699999,353244.0,625901.4666699999,-20854.533330000122,-0.02085453333000009,2,"mom20@q0.6,hold_q=0.4,buy_top=5,hold_top=10,rebalance=20d,min_hold=5d,turnover_penalty=0.01,target_vol=0.18"
2022-12-15,0.0,0.3577905666801521,-4539.0,0.0,0.0,0.0,0.0,0.0,-4539.0,974606.4666699999,348705.0,625901.4666699999,-25393.533330000122,-0.025393533330000162,2,"mom20@q0.6,hold_q=0.4,buy_top=5,hold_top=10,rebalance=20d,min_hold=5d,turnover_penalty=0.01,target_vol=0.18"
2022-12-16,0.0,0.35909984611756424,1991.0,0.0,0.0,0.0,0.0,0.0,1991.0,976597.4666699999,350696.0,625901.4666699999,-23402.533330000122,-0.023402533330000086,2,"mom20@q0.6,hold_q=0.4,buy_top=5,hold_top=10,rebalance=20d,min_hold=5d,turnover_penalty=0.01,target_vol=0.18"
2022-12-19,-2160.84005,0.3569834254347283,-6569.0,2155.0,0.0,5.84005,0.0,5.84005,-6574.840049999999,970022.6266199999,346282.0,623740.6266199999,-29977.37338000012,-0.029977373380000172,2,"mom20@q0.6,hold_q=0.4,buy_top=5,hold_top=10,rebalance=20d,min_hold=5d,turnover_penalty=0.01,target_vol=0.18"
2022-12-20,-3764.17334,0.3529229594132257,-11894.0,3754.0,0.0,10.17334,0.0,10.17334,-11904.17333999998,958118.4532799999,338142.0,619976.4532799999,-41881.5467200001,-0.04188154672000011,2,"mom20@q0.6,hold_q=0.4,buy_top=5,hold_top=10,rebalance=20d,min_hold=5d,turnover_penalty=0.01,target_vol=0.18"
2022-12-21,0.0,0.3540178918196453,1624.0,0.0,0.0,0.0,0.0,0.0,1624.0,959742.4532799999,339766.0,619976.4532799999,-40257.5467200001,-0.04025754672000015,2,"mom20@q0.6,hold_q=0.4,buy_top=5,hold_top=10,rebalance=20d,min_hold=5d,turnover_penalty=0.01,target_vol=0.18"
2022-12-22,-2077.61512,0.359378867202688,4794.0,2072.0,0.0,5.615119999999999,0.0,5.615119999999999,4788.384880000027,964530.8381599999,346632.0,617898.8381599999,-35469.16184000007,-0.03546916184000004,2,"mom20@q0.6,hold_q=0.4,buy_top=5,hold_top=10,rebalance=20d,min_hold=5d,turnover_penalty=0.01,target_vol=0.18"
2022-12-23,0.0,0.35863678481420497,-1116.0,0.0,0.0,0.0,0.0,0.0,-1116.0,963414.8381599999,345516.0,617898.8381599999,-36585.16184000007,-0.03658516184000005,2,"mom20@q0.6,hold_q=0.4,buy_top=5,hold_top=10,rebalance=20d,min_hold=5d,turnover_penalty=0.01,target_vol=0.18"
2022-12-26,0.0,0.35640152705693356,-3346.0,0.0,0.0,0.0,0.0,0.0,-3346.0,960068.8381599999,342170.0,617898.8381599999,-39931.16184000007,-0.03993116184000012,2,"mom20@q0.6,hold_q=0.4,buy_top=5,hold_top=10,rebalance=20d,min_hold=5d,turnover_penalty=0.01,target_vol=0.18"
2022-12-27,0.0,0.3608149167519599,6629.0,0.0,0.0,0.0,0.0,0.0,6629.0,966697.8381599999,348799.0,617898.8381599999,-33302.16184000007,-0.03330216184000012,2,"mom20@q0.6,hold_q=0.4,buy_top=5,hold_top=10,rebalance=20d,min_hold=5d,turnover_penalty=0.01,target_vol=0.18"
2022-12-28,-2033.49588,0.3617977991335226,-1692.0,2028.0,0.0,5.49588,0.0,5.49588,-1697.495879999944,965000.34228,349135.0,615865.34228,-34999.65772000002,-0.03499965772000002,2,"mom20@q0.6,hold_q=0.4,buy_top=5,hold_top=10,rebalance=20d,min_hold=5d,turnover_penalty=0.01,target_vol=0.18"
2022-12-29,0.0,0.3597949199094315,-3019.0,0.0,0.0,0.0,0.0,0.0,-3019.0,961981.34228,346116.0,615865.34228,-38018.65772000002,-0.038018657720000015,2,"mom20@q0.6,hold_q=0.4,buy_top=5,hold_top=10,rebalance=20d,min_hold=5d,turnover_penalty=0.01,target_vol=0.18"
2022-12-30,0.0,0.36166550187513685,2819.0,0.0,0.0,0.0,0.0,0.0,2819.0,964800.34228,348935.0,615865.34228,-35199.65772000002,-0.03519965772,2,"mom20@q0.6,hold_q=0.4,buy_top=5,hold_top=10,rebalance=20d,min_hold=5d,turnover_penalty=0.01,target_vol=0.18"
2023-01-03,2094.25579,0.3619781876214622,3762.0,0.0,2101.0,0.0,6.74421,6.74421,3755.2557899999665,968555.59807,350596.0,617959.59807,-31444.40193000005,-0.03144440193000009,2,"mom20@q0.6,hold_q=0.4,buy_top=5,hold_top=10,rebalance=20d,min_hold=5d,turnover_penalty=0.01,target_vol=0.18"
2023-01-04,4100.79406,0.36271120471799656,7562.0,0.0,4114.0,0.0,13.205939999999998,13.205939999999998,7548.794059999986,976104.3921299999,354044.0,622060.3921299999,-23895.607870000065,-0.023895607870000113,2,"mom20@q0.6,hold_q=0.4,buy_top=5,hold_top=10,rebalance=20d,min_hold=5d,turnover_penalty=0.01,target_vol=0.18"
2023-01-05,0.0,0.36907728388039257,9849.0,0.0,0.0,0.0,0.0,0.0,9849.0,985953.3921299999,363893.0,622060.3921299999,-14046.607870000065,-0.014046607870000116,2,"mom20@q0.6,hold_q=0.4,buy_top=5,hold_top=10,rebalance=20d,min_hold=5d,turnover_penalty=0.01,target_vol=0.18"
2023-01-06,0.0,0.369022246708031,-86.0,0.0,0.0,0.0,0.0,0.0,-86.0,985867.3921299999,363807.0,622060.3921299999,-14132.607870000065,-0.014132607870000036,2,"mom20@q0.6,hold_q=0.4,buy_top=5,hold_top=10,rebalance=20d,min_hold=5d,turnover_penalty=0.01,target_vol=0.18"
2023-01-09,-29562.19185999999,0.40232184283888917,6470.0,185112.0,156554.0,501.6535199999999,502.53833999999995,1004.1918599999999,5465.808140000096,991333.20027,398835.0,592498.20027,-8666.79972999997,-0.008666799729999952,2,"mom20@q0.6,hold_q=0.4,buy_top=5,hold_top=10,rebalance=20d,min_hold=5d,turnover_penalty=0.01,target_vol=0.18"
2023-01-10,-9627.01871,0.4074857567072973,-7582.0,9601.0,0.0,26.01871,0.0,26.01871,-7608.018710000091,983725.1815599999,400854.0,582871.1815599999,-16274.818440000061,-0.016274818440000116,2,"mom20@q0.6,hold_q=0.4,buy_top=5,hold_top=10,rebalance=20d,min_hold=5d,turnover_penalty=0.01,target_vol=0.18"
2023-01-11,0.0,0.41107834427368367,6001.0,0.0,0.0,0.0,0.0,0.0,6001.0,989726.1815599999,406855.0,582871.1815599999,-10273.818440000061,-0.010273818440000082,2,"mom20@q0.6,hold_q=0.4,buy_top=5,hold_top=10,rebalance=20d,min_hold=5d,turnover_penalty=0.01,target_vol=0.18"
2023-01-12,0.0,0.41151121130918195,728.0,0.0,0.0,0.0,0.0,0.0,728.0,990454.1815599999,407583.0,582871.1815599999,-9545.818440000061,-0.00954581844000002,2,"mom20@q0.6,hold_q=0.4,buy_top=5,hold_top=10,rebalance=20d,min_hold=5d,turnover_penalty=0.01,target_vol=0.18"
2023-01-13,0.0,0.41663714947236435,8703.0,0.0,0.0,0.0,0.0,0.0,8703.0,999157.1815599999,416286.0,582871.1815599999,-842.818440000061,-0.0008428184400001149,2,"mom20@q0.6,hold_q=0.4,buy_top=5,hold_top=10,rebalance=20d,min_hold=5d,turnover_penalty=0.01,target_vol=0.18"
2023-01-16,3364.16625,0.4175658202236525,7380.0,0.0,3375.0,0.0,10.833749999999998,10.833749999999998,7369.166250000009,1006526.34781,420291.0,586235.34781,6526.347809999948,0.006526347809999944,2,"mom20@q0.6,hold_q=0.4,buy_top=5,hold_top=10,rebalance=20d,min_hold=5d,turnover_penalty=0.01,target_vol=0.18"
2023-01-17,0.0,0.41681433288117126,-1297.0,0.0,0.0,0.0,0.0,0.0,-1297.0,1005229.34781,418994.0,586235.34781,5229.347809999948,0.00522934780999984,2,"mom20@q0.6,hold_q=0.4,buy_top=5,hold_top=10,rebalance=20d,min_hold=5d,turnover_penalty=0.01,target_vol=0.18"
2023-01-18,0.0,0.41609347450221384,-1241.0,0.0,0.0,0.0,0.0,0.0,-1241.0,1003988.34781,417753.0,586235.34781,3988.3478099999484,0.003988347810000015,2,"mom20@q0.6,hold_q=0.4,buy_top=5,hold_top=10,rebalance=20d,min_hold=5d,turnover_penalty=0.01,target_vol=0.18"
2023-01-19,0.0,0.4162731295782451,309.0,0.0,0.0,0.0,0.0,0.0,309.0,1004297.34781,418062.0,586235.34781,4297.347809999948,0.004297347809999907,2,"mom20@q0.6,hold_q=0.4,buy_top=5,hold_top=10,rebalance=20d,min_hold=5d,turnover_penalty=0.01,target_vol=0.18"
2023-01-20,0.0,0.4186487859390915,4104.0,0.0,0.0,0.0,0.0,0.0,4104.0,1008401.34781,422166.0,586235.34781,8401.347809999948,0.008401347810000015,2,"mom20@q0.6,hold_q=0.4,buy_top=5,hold_top=10,rebalance=20d,min_hold=5d,turnover_penalty=0.01,target_vol=0.18"
2023-01-30,3519.66549,0.4185183158359919,5838.0,0.0,3531.0,0.0,11.33451,11.33451,5826.665490000043,1014228.0133,424473.0,589755.0133,14228.013299999991,0.014228013299999898,2,"mom20@q0.6,hold_q=0.4,buy_top=5,hold_top=10,rebalance=20d,min_hold=5d,turnover_penalty=0.01,target_vol=0.18"
2023-01-31,0.0,0.4137758227165597,-8205.0,0.0,0.0,0.0,0.0,0.0,-8205.0,1006023.0133,416268.0,589755.0133,6023.013299999991,0.006023013300000102,2,"mom20@q0.6,hold_q=0.4,buy_top=5,hold_top=10,rebalance=20d,min_hold=5d,turnover_penalty=0.01,target_vol=0.18"
2023-02-01,0.0,0.4145457414697052,1323.0,0.0,0.0,0.0,0.0,0.0,1323.0,1007346.0133,417591.0,589755.0133,7346.013299999991,0.007346013300000065,2,"mom20@q0.6,hold_q=0.4,buy_top=5,hold_top=10,rebalance=20d,min_hold=5d,turnover_penalty=0.01,target_vol=0.18"
2023-02-02,-3340.02701,0.4164026138890236,-2509.0,3331.0,0.0,9.027009999999999,0.0,9.027009999999999,-2518.0270099999616,1004827.98629,418413.0,586414.98629,4827.98629000003,0.00482798629000003,2,"mom20@q0.6,hold_q=0.4,buy_top=5,hold_top=10,rebalance=20d,min_hold=5d,turnover_penalty=0.01,target_vol=0.18"
2023-02-03,0.0,0.41245397956540747,-6753.0,0.0,0.0,0.0,0.0,0.0,-6753.0,998074.98629,411660.0,586414.98629,-1925.0137099999702,-0.0019250137099999787,2,"mom20@q0.6,hold_q=0.4,buy_top=5,hold_top=10,rebalance=20d,min_hold=5d,turnover_penalty=0.01,target_vol=0.18"
2023-02-06,-7259.620400000001,0.41262452931253996,-12050.0,7240.0,0.0,19.620399999999997,0.0,19.620399999999997,-12069.620400000014,986005.36589,406850.0,579155.36589,-13994.634109999985,-0.013994634110000015,2,"mom20@q0.6,hold_q=0.4,buy_top=5,hold_top=10,rebalance=20d,min_hold=5d,turnover_penalty=0.01,target_vol=0.18"
2023-02-07,0.0,0.4164524854824263,6468.0,0.0,0.0,0.0,0.0,0.0,6468.0,992473.36589,413318.0,579155.36589,-7526.6341099999845,-0.007526634109999986,2,"mom20@q0.6,hold_q=0.4,buy_top=5,hold_top=10,rebalance=20d,min_hold=5d,turnover_penalty=0.01,target_vol=0.18"
2023-02-08,0.0,0.4139932576929529,-4165.0,0.0,0.0,0.0,0.0,0.0,-4165.0,988308.36589,409153.0,579155.36589,-11691.634109999985,-0.01169163410999996,2,"mom20@q0.6,hold_q=0.4,buy_top=5,hold_top=10,rebalance=20d,min_hold=5d,turnover_penalty=0.01,target_vol=0.18"
2023-02-09,0.0,0.42007993172690156,10373.0,0.0,0.0,0.0,0.0,0.0,10373.0,998681.36589,419526.0,579155.36589,-1318.6341099999845,-0.0013186341099999943,2,"mom20@q0.6,hold_q=0.4,buy_top=5,hold_top=10,rebalance=20d,min_hold=5d,turnover_penalty=0.01,target_vol=0.18"
2023-02-10,0.0,0.4172785923068538,-4801.0,0.0,0.0,0.0,0.0,0.0,-4801.0,993880.36589,414725.0,579155.36589,-6119.6341099999845,-0.0061196341099999385,2,"mom20@q0.6,hold_q=0.4,buy_top=5,hold_top=10,rebalance=20d,min_hold=5d,turnover_penalty=0.01,target_vol=0.18"
2023-02-13,87293.91577000007,0.33208751019907806,6178.0,331360.0,420903.0,897.9856,1351.09863,2249.08423,3928.9157699999632,997809.28166,331360.0,666449.28166,-2190.7183400000213,-0.002190718340000064,2,"mom20@q0.6,hold_q=0.4,buy_top=5,hold_top=10,rebalance=20d,min_hold=5d,turnover_penalty=0.01,target_vol=0.18"
2023-02-14,-6445.4198799999995,0.3302851807732295,-12292.0,6428.0,0.0,17.41988,0.0,17.41988,-12309.419879999943,985499.86178,325496.0,660003.86178,-14500.138219999964,-0.014500138219999958,2,"mom20@q0.6,hold_q=0.4,buy_top=5,hold_top=10,rebalance=20d,min_hold=5d,turnover_penalty=0.01,target_vol=0.18"
2023-02-15,0.0,0.33801074093189937,11501.0,0.0,0.0,0.0,0.0,0.0,11501.0,997000.86178,336997.0,660003.86178,-2999.1382199999643,-0.002999138219999975,2,"mom20@q0.6,hold_q=0.4,buy_top=5,hold_top=10,rebalance=20d,min_hold=5d,turnover_penalty=0.01,target_vol=0.18"
2023-02-16,-12205.98883,0.33471912645004576,-23247.0,12173.0,0.0,32.98882999999999,0.0,32.98882999999999,-23279.98882999993,973720.8729500001,325923.0,647797.8729500001,-26279.127049999894,-0.026279127049999906,2,"mom20@q0.6,hold_q=0.4,buy_top=5,hold_top=10,rebalance=20d,min_hold=5d,turnover_penalty=0.01,target_vol=0.18"
2023-02-17,-6990.89412,0.33663941044228346,-7701.0,6972.0,0.0,18.894119999999997,0.0,18.894119999999997,-7719.894119999954,966000.9788300002,325194.0,640806.9788300002,-33999.02116999985,-0.033999021169999866,2,"mom20@q0.6,hold_q=0.4,buy_top=5,hold_top=10,rebalance=20d,min_hold=5d,turnover_penalty=0.01,target_vol=0.18"
2023-02-20,3067.1228300000002,0.3423286785460848,13030.0,0.0,3077.0,0.0,9.87717,9.87717,13020.122830000008,979021.1016600002,335147.0,643874.1016600002,-20978.89833999984,-0.020978898339999885,2,"mom20@q0.6,hold_q=0.4,buy_top=5,hold_top=10,rebalance=20d,min_hold=5d,turnover_penalty=0.01,target_vol=0.18"
2023-02-21,1550.00845,0.34152162868370795,1159.0,0.0,1555.0,0.0,4.991549999999999,4.991549999999999,1154.0084499999648,980175.1101100001,334751.0,645424.1101100001,-19824.889889999875,-0.019824889889999864,2,"mom20@q0.6,hold_q=0.4,buy_top=5,hold_top=10,rebalance=20d,min_hold=5d,turnover_penalty=0.01,target_vol=0.18"
2023-02-22,1591.87363,0.33980182863758435,-137.0,0.0,1597.0,0.0,5.12637,5.12637,-142.12636999995448,980032.9837400002,333017.0,647015.9837400002,-19967.01625999983,-0.01996701625999986,2,"mom20@q0.6,hold_q=0.4,buy_top=5,hold_top=10,rebalance=20d,min_hold=5d,turnover_penalty=0.01,target_vol=0.18"
2023-02-23,-1476.99183,0.33952299430902827,-2646.0,1473.0,0.0,3.9918299999999998,0.0,3.9918299999999998,-2649.9918299999554,977382.9919100002,331844.0,645538.9919100002,-22617.008089999785,-0.02261700808999978,2,"mom20@q0.6,hold_q=0.4,buy_top=5,hold_top=10,rebalance=20d,min_hold=5d,turnover_penalty=0.01,target_vol=0.18"
2023-02-24,7115.08702,0.34540575539611773,19676.0,0.0,7138.0,0.0,22.912979999999997,22.912979999999997,19653.087019999977,997036.0789300002,344382.0,652654.0789300002,-2963.9210699998075,-0.0029639210699997642,2,"mom20@q0.6,hold_q=0.4,buy_top=5,hold_top=10,rebalance=20d,min_hold=5d,turnover_penalty=0.01,target_vol=0.18"
2023-02-27,330.41931999999974,0.34082618808951226,-6416.0,1434.0,1773.9999999999998,3.8861399999999997,5.694539999999999,9.58068,-6425.580680000014,990610.4982500002,337626.0,652984.4982500002,-9389.501749999821,-0.009389501749999862,2,"mom20@q0.6,hold_q=0.4,buy_top=5,hold_top=10,rebalance=20d,min_hold=5d,turnover_penalty=0.01,target_vol=0.18"
2023-02-28,5738.52003,0.3405047248083241,8237.0,0.0,5757.0,0.0,18.479969999999998,18.479969999999998,8218.520030000014,998829.0182800002,340106.0,658723.0182800002,-1170.981719999807,-0.001170981719999853,2,"mom20@q0.6,hold_q=0.4,buy_top=5,hold_top=10,rebalance=20d,min_hold=5d,turnover_penalty=0.01,target_vol=0.18"
2023-03-01,6309.6807,0.3454690530371138,17236.0,0.0,6330.0,0.0,20.3193,20.3193,17215.680700000026,1016044.6989800002,351012.0,665032.6989800002,16044.69898000022,0.01604469898000027,2,"mom20@q0.6,hold_q=0.4,buy_top=5,hold_top=10,rebalance=20d,min_hold=5d,turnover_penalty=0.01,target_vol=0.18"
2023-03-02,8810.62681,0.3452952177023946,13216.0,0.0,8839.0,0.0,28.373189999999997,28.373189999999997,13187.626809999929,1029232.3257900001,355389.0,673843.3257900001,29232.325790000148,0.029232325790000235,2,"mom20@q0.6,hold_q=0.4,buy_top=5,hold_top=10,rebalance=20d,min_hold=5d,turnover_penalty=0.01,target_vol=0.18"
2023-03-03,2414.98707,0.34006280048905735,-4471.0,3744.0,6189.0,10.146239999999999,19.86669,30.012929999999997,-4501.012930000084,1024731.3128600001,348473.0,676258.3128600001,24731.312860000064,0.024731312859999965,2,"mom20@q0.6,hold_q=0.4,buy_top=5,hold_top=10,rebalance=20d,min_hold=5d,turnover_penalty=0.01,target_vol=0.18"
2023-03-06,-2084.63409,0.3375547024262404,-7021.0,2079.0,0.0,5.63409,0.0,5.63409,-7026.634089999949,1017704.6787700001,343531.0,674173.6787700001,17704.678770000115,0.01770467877000015,2,"mom20@q0.6,hold_q=0.4,buy_top=5,hold_top=10,rebalance=20d,min_hold=5d,turnover_penalty=0.01,target_vol=0.18"
2023-03-07,-3213.68555,0.33263708834907785,-12306.0,3205.0,0.0,8.68555,0.0,8.68555,-12314.685549999936,1005389.9932200002,334430.0,670959.9932200002,5389.993220000179,0.005389993220000111,2,"mom20@q0.6,hold_q=0.4,buy_top=5,hold_top=10,rebalance=20d,min_hold=5d,turnover_penalty=0.01,target_vol=0.18"
2023-03-08,0.0,0.3371676525306656,6872.0,0.0,0.0,0.0,0.0,0.0,6872.0,1012261.9932200002,341302.0,670959.9932200002,12261.993220000179,0.0122619932200001,2,"mom20@q0.6,hold_q=0.4,buy_top=5,hold_top=10,rebalance=20d,min_hold=5d,turnover_penalty=0.01,target_vol=0.18"
2023-03-09,0.0,0.33711460923059905,-81.0,0.0,0.0,0.0,0.0,0.0,-81.0,1012180.9932200002,341221.0,670959.9932200002,12180.993220000179,0.012180993220000103,2,"mom20@q0.6,hold_q=0.4,buy_top=5,hold_top=10,rebalance=20d,min_hold=5d,turnover_penalty=0.01,target_vol=0.18"
2023-03-10,-1412.81839,0.33770834602771616,-1222.0,1409.0,0.0,3.8183899999999995,0.0,3.8183899999999995,-1225.8183900000295,1010955.1748300001,341408.0,669547.1748300001,10955.174830000149,0.01095517483000008,2,"mom20@q0.6,hold_q=0.4,buy_top=5,hold_top=10,rebalance=20d,min_hold=5d,turnover_penalty=0.01,target_vol=0.18"
2023-03-13,65297.743949999975,0.2795305496463771,10265.0,177970.0,244535.0,482.29869999999994,784.9573499999999,1267.25605,8997.743949999916,1019952.9187800001,285108.0,734844.9187800001,19952.918780000065,0.01995291878000005,2,"mom20@q0.6,hold_q=0.4,buy_top=5,hold_top=10,rebalance=20d,min_hold=5d,turnover_penalty=0.01,target_vol=0.18"
2023-03-14,9111.65739,0.2792058387089001,12211.0,0.0,9141.0,0.0,29.34261,29.34261,12181.657390000066,1032134.5761700001,288178.0,743956.5761700001,32134.57617000013,0.03213457617000004,2,"mom20@q0.6,hold_q=0.4,buy_top=5,hold_top=10,rebalance=20d,min_hold=5d,turnover_penalty=0.01,target_vol=0.18"
2023-03-15,-3167.56089,0.27751585408057233,-6790.0,3159.0,0.0,8.560889999999999,0.0,8.560889999999999,-6798.560889999964,1025336.0152800002,284547.0,740789.0152800002,25336.015280000167,0.02533601528000018,2,"mom20@q0.6,hold_q=0.4,buy_top=5,hold_top=10,rebalance=20d,min_hold=5d,turnover_penalty=0.01,target_vol=0.18"
2023-03-16,0.0,0.270647965123399,-9655.0,0.0,0.0,0.0,0.0,0.0,-9655.0,1015681.0152800002,274892.0,740789.0152800002,15681.015280000167,0.01568101528000021,2,"mom20@q0.6,hold_q=0.4,buy_top=5,hold_top=10,rebalance=20d,min_hold=5d,turnover_penalty=0.01,target_vol=0.18"
2023-03-17,8123.8385,0.2765482029811593,19539.0,0.0,8150.0,0.0,26.161499999999997,26.161499999999997,19512.838499999954,1035193.8537800001,286281.0,748912.8537800001,35193.85378000012,0.03519385378000006,2,"mom20@q0.6,hold_q=0.4,buy_top=5,hold_top=10,rebalance=20d,min_hold=5d,turnover_penalty=0.01,target_vol=0.18"
2023-03-20,8424.968420000001,0.27247109045610196,5824.0,3014.0,11484.0,8.16794,36.86364,45.03158,5778.968420000048,1040972.8222000002,283635.0,757337.8222000002,40972.82220000017,0.04097282220000009,2,"mom20@q0.6,hold_q=0.4,buy_top=5,hold_top=10,rebalance=20d,min_hold=5d,turnover_penalty=0.01,target_vol=0.18"
2023-03-21,-353.8025499999999,0.2771614423404972,6282.0,3021.0,2684.0,8.18691,8.615639999999999,16.802549999999997,6265.197449999978,1047238.0196500001,290254.0,756984.0196500001,47238.01965000015,0.047238019650000185,2,"mom20@q0.6,hold_q=0.4,buy_top=5,hold_top=10,rebalance=20d,min_hold=5d,turnover_penalty=0.01,target_vol=0.18"
2023-03-22,4362.803319999999,0.2818077837768487,12939.0,12653.0,17105.0,34.289629999999995,54.90705,89.19667999999999,12849.803319999948,1060087.82297,298741.0,761346.8229700002,60087.822970000096,0.06008782297000015,2,"mom20@q0.6,hold_q=0.4,buy_top=5,hold_top=10,rebalance=20d,min_hold=5d,turnover_penalty=0.01,target_vol=0.18"
2023-03-23,0.0,0.28392812660306427,3139.0,0.0,0.0,0.0,0.0,0.0,3139.0,1063226.82297,301880.0,761346.8229700002,63226.822970000096,0.06322682297000015,2,"mom20@q0.6,hold_q=0.4,buy_top=5,hold_top=10,rebalance=20d,min_hold=5d,turnover_penalty=0.01,target_vol=0.18"
2023-03-24,3835.2655099999993,0.28370644276598955,5055.0,2927.0,6792.0,7.932169999999999,21.802319999999998,29.734489999999997,5025.265510000056,1068252.0884800002,303070.0,765182.0884800002,68252.08848000015,0.0682520884800002,2,"mom20@q0.6,hold_q=0.4,buy_top=5,hold_top=10,rebalance=20d,min_hold=5d,turnover_penalty=0.01,target_vol=0.18"
2023-03-27,3211.65738,0.28448079499053375,5655.0,0.0,3222.0,0.0,10.342619999999998,10.342619999999998,5644.65737999999,1073896.7458600001,305503.0,768393.7458600001,73896.74586000014,0.07389674586000017,2,"mom20@q0.6,hold_q=0.4,buy_top=5,hold_top=10,rebalance=20d,min_hold=5d,turnover_penalty=0.01,target_vol=0.18"
2023-03-28,3342.23687,0.27581949046363646,-8218.0,0.0,3353.0,0.0,10.763129999999999,10.763129999999999,-8228.763129999861,1065667.9827300003,293932.0,771735.9827300002,65667.98273000028,0.06566798273000019,2,"mom20@q0.6,hold_q=0.4,buy_top=5,hold_top=10,rebalance=20d,min_hold=5d,turnover_penalty=0.01,target_vol=0.18"
2023-03-29,836.4453600000006,0.28404157491019355,13426.0,2839.0,3695.0000000000005,7.693689999999999,11.86095,19.55464,13406.44535999978,1079074.42809,306502.0,772572.4280900002,79074.42809000006,0.07907442808999998,2,"mom20@q0.6,hold_q=0.4,buy_top=5,hold_top=10,rebalance=20d,min_hold=5d,turnover_penalty=0.01,target_vol=0.18"
2023-03-30,3762.88225,0.2801367456403668,-614.0,0.0,3775.0,0.0,12.11775,12.11775,-626.117749999743,1078448.3103400003,302113.0,776335.3103400002,78448.31034000032,0.07844831034000022,2,"mom20@q0.6,hold_q=0.4,buy_top=5,hold_top=10,rebalance=20d,min_hold=5d,turnover_penalty=0.01,target_vol=0.18"
2023-03-31,0.0,0.28258412580301784,3679.0,0.0,0.0,0.0,0.0,0.0,3679.0,1082127.3103400003,305792.0,776335.3103400002,82127.31034000032,0.08212731034000043,2,"mom20@q0.6,hold_q=0.4,buy_top=5,hold_top=10,rebalance=20d,min_hold=5d,turnover_penalty=0.01,target_vol=0.18"
2023-04-03,14014.8674,0.287512056355018,27200.0,0.0,14060.0,0.0,45.1326,45.1326,27154.867399999872,1109282.1777400002,318932.0,790350.1777400002,109282.17774000019,0.10928217774000015,2,"mom20@q0.6,hold_q=0.4,buy_top=5,hold_top=10,rebalance=20d,min_hold=5d,turnover_penalty=0.01,target_vol=0.18"
2023-04-04,4464.62241,0.2860864541083639,4053.0,0.0,4479.0,0.0,14.37759,14.37759,4038.6224099998362,1113320.80015,318506.0,794814.8001500001,113320.80015000002,0.11332080015000012,2,"mom20@q0.6,hold_q=0.4,buy_top=5,hold_top=10,rebalance=20d,min_hold=5d,turnover_penalty=0.01,target_vol=0.18"
2023-04-06,0.0,0.28755572698158244,2296.0,0.0,0.0,0.0,0.0,0.0,2296.0,1115616.80015,320802.0,794814.8001500001,115616.80015000002,0.11561680014999998,2,"mom20@q0.6,hold_q=0.4,buy_top=5,hold_top=10,rebalance=20d,min_hold=5d,turnover_penalty=0.01,target_vol=0.18"
2023-04-07,18909.79764,0.2824510672560468,18495.0,2914.0,21902.0,7.896939999999999,70.30542,78.20236,18416.797640000004,1134033.59779,320309.0,813724.59779,134033.59779000003,0.13403359779000001,2,"mom20@q0.6,hold_q=0.4,buy_top=5,hold_top=10,rebalance=20d,min_hold=5d,turnover_penalty=0.01,target_vol=0.18"
2023-04-10,0.0,0.2727755492338805,-15088.0,0.0,0.0,0.0,0.0,0.0,-15088.0,1118945.59779,305221.0,813724.59779,118945.59779000003,0.11894559779000002,2,"mom20@q0.6,hold_q=0.4,buy_top=5,hold_top=10,rebalance=20d,min_hold=5d,turnover_penalty=0.01,target_vol=0.18"
2023-04-11,111202.89251,0.17140978580175517,-1693.0,105740.0,217929.0,286.55539999999996,699.5520899999999,986.1074899999999,-2679.107490000082,1116266.4903,191339.0,924927.4903,116266.49029999995,0.11626649029999991,2,"mom20@q0.6,hold_q=0.4,buy_top=5,hold_top=10,rebalance=20d,min_hold=5d,turnover_penalty=0.01,target_vol=0.18"
2023-04-12,4773.62731,0.16737774008700027,343.0,0.0,4789.0,0.0,15.372689999999999,15.372689999999999,327.6273100001272,1116594.11761,186893.0,929701.11761,116594.11761000007,0.11659411761000005,2,"mom20@q0.6,hold_q=0.4,buy_top=5,hold_top=10,rebalance=20d,min_hold=5d,turnover_penalty=0.01,target_vol=0.18"
2023-04-13,-3371.1110199999994,0.16132268152288254,-12072.0,3361.9999999999995,0.0,9.111019999999998,0.0,9.111019999999998,-12081.111020000186,1104513.00659,178183.0,926330.00659,104513.00658999989,0.10451300658999996,2,"mom20@q0.6,hold_q=0.4,buy_top=5,hold_top=10,rebalance=20d,min_hold=5d,turnover_penalty=0.01,target_vol=0.18"
2023-04-14,0.0,0.16380813698596527,3283.0,0.0,0.0,0.0,0.0,0.0,3283.0,1107796.00659,181466.0,926330.00659,107796.00658999989,0.10779600658999988,2,"mom20@q0.6,hold_q=0.4,buy_top=5,hold_top=10,rebalance=20d,min_hold=5d,turnover_penalty=0.01,target_vol=0.18"
2023-04-17,0.0,0.16295355769463757,-1131.0,0.0,0.0,0.0,0.0,0.0,-1131.0,1106665.00659,180335.0,926330.00659,106665.00658999989,0.10666500658999989,2,"mom20@q0.6,hold_q=0.4,buy_top=5,hold_top=10,rebalance=20d,min_hold=5d,turnover_penalty=0.01,target_vol=0.18"
2023-04-18,4014.0733300000006,0.16988935631542415,14095.0,0.0,4027.0000000000005,0.0,12.92667,12.92667,14082.073330000043,1120747.07992,190403.0,930344.07992,120747.07991999993,0.12074707991999989,2,"mom20@q0.6,hold_q=0.4,buy_top=5,hold_top=10,rebalance=20d,min_hold=5d,turnover_penalty=0.01,target_vol=0.18"
2023-04-19,0.0,0.17651983091488022,9024.0,0.0,0.0,0.0,0.0,0.0,9024.0,1129771.07992,199427.0,930344.07992,129771.07991999993,0.12977107992000003,2,"mom20@q0.6,hold_q=0.4,buy_top=5,hold_top=10,rebalance=20d,min_hold=5d,turnover_penalty=0.01,target_vol=0.18"
2023-04-20,28957.74629,0.1690009575316238,24718.0,0.0,29051.0,0.0,93.25371,93.25371,24624.746290000156,1154395.82621,195094.0,959301.8262100001,154395.8262100001,0.15439582621000003,2,"mom20@q0.6,hold_q=0.4,buy_top=5,hold_top=10,rebalance=20d,min_hold=5d,turnover_penalty=0.01,target_vol=0.18"
2023-04-21,0.0,0.16288500692674393,-8434.0,0.0,0.0,0.0,0.0,0.0,-8434.0,1145961.82621,186660.0,959301.8262100001,145961.8262100001,0.14596182620999998,2,"mom20@q0.6,hold_q=0.4,buy_top=5,hold_top=10,rebalance=20d,min_hold=5d,turnover_penalty=0.01,target_vol=0.18"
2023-04-24,0.0,0.16798111087124354,7019.0,0.0,0.0,0.0,0.0,0.0,7019.0,1152980.82621,193679.0,959301.8262100001,152980.8262100001,0.1529808262100001,2,"mom20@q0.6,hold_q=0.4,buy_top=5,hold_top=10,rebalance=20d,min_hold=5d,turnover_penalty=0.01,target_vol=0.18"
2023-04-25,0.0,0.1610459818865549,-9531.0,0.0,0.0,0.0,0.0,0.0,-9531.0,1143449.82621,184148.0,959301.8262100001,143449.8262100001,0.14344982621000013,2,"mom20@q0.6,hold_q=0.4,buy_top=5,hold_top=10,rebalance=20d,min_hold=5d,turnover_penalty=0.01,target_vol=0.18"
2023-04-26,2756.8423700000003,0.15963366195215817,1389.0,3583.0,6370.0,9.709929999999998,20.447699999999998,30.157629999999997,1358.8423699999694,1144808.66858,182750.0,962058.66858,144808.66858000006,0.14480866858000008,2,"mom20@q0.6,hold_q=0.4,buy_top=5,hold_top=10,rebalance=20d,min_hold=5d,turnover_penalty=0.01,target_vol=0.18"
2023-04-27,-3173.57715,0.154458921861243,-10751.0,3165.0,0.0,8.57715,0.0,8.57715,-10759.577150000026,1134049.09143,175164.0,958885.09143,134049.09143000003,0.1340490914300001,2,"mom20@q0.6,hold_q=0.4,buy_top=5,hold_top=10,rebalance=20d,min_hold=5d,turnover_penalty=0.01,target_vol=0.18"
2023-04-28,0.0,0.16839683814444145,19007.0,0.0,0.0,0.0,0.0,0.0,19007.0,1153056.09143,194171.0,958885.09143,153056.09143000003,0.1530560914300001,2,"mom20@q0.6,hold_q=0.4,buy_top=5,hold_top=10,rebalance=20d,min_hold=5d,turnover_penalty=0.01,target_vol=0.18"
2023-05-04,0.0,0.16357073825236623,-6653.0,0.0,0.0,0.0,0.0,0.0,-6653.0,1146403.09143,187518.0,958885.09143,146403.09143000003,0.14640309143000008,2,"mom20@q0.6,hold_q=0.4,buy_top=5,hold_top=10,rebalance=20d,min_hold=5d,turnover_penalty=0.01,target_vol=0.18"
2023-05-05,-3002.11374,0.15656092695494836,-13079.0,2994.0,0.0,8.11374,0.0,8.11374,-13087.113739999942,1133315.97769,177433.0,955882.9776900001,133315.9776900001,0.13331597769000014,2,"mom20@q0.6,hold_q=0.4,buy_top=5,hold_top=10,rebalance=20d,min_hold=5d,turnover_penalty=0.01,target_vol=0.18"
2023-05-08,0.0,0.15457589047816364,-2661.0,0.0,0.0,0.0,0.0,0.0,-2661.0,1130654.97769,174772.0,955882.9776900001,130654.97769000009,0.13065497769000012,2,"mom20@q0.6,hold_q=0.4,buy_top=5,hold_top=10,rebalance=20d,min_hold=5d,turnover_penalty=0.01,target_vol=0.18"
2023-05-09,0.0,0.15520501023212943,842.0,0.0,0.0,0.0,0.0,0.0,842.0,1131496.97769,175614.0,955882.9776900001,131496.9776900001,0.13149697769000013,2,"mom20@q0.6,hold_q=0.4,buy_top=5,hold_top=10,rebalance=20d,min_hold=5d,turnover_penalty=0.01,target_vol=0.18"
2023-05-10,0.0,0.14858631400075412,-8796.0,0.0,0.0,0.0,0.0,0.0,-8796.0,1122700.97769,166818.0,955882.9776900001,122700.97769000009,0.1227009776900001,2,"mom20@q0.6,hold_q=0.4,buy_top=5,hold_top=10,rebalance=20d,min_hold=5d,turnover_penalty=0.01,target_vol=0.18"
2023-05-11,-7112.222030000001,0.15214573850410062,-3656.0,7093.000000000001,0.0,19.22203,0.0,19.22203,-3675.22202999983,1119025.7556600003,170255.0,948770.7556600001,119025.75566000026,0.11902575566000029,2,"mom20@q0.6,hold_q=0.4,buy_top=5,hold_top=10,rebalance=20d,min_hold=5d,turnover_penalty=0.01,target_vol=0.18"
2023-05-12,-73620.99684,0.21955335151258293,3304.0,205770.0,133134.0,557.6366999999999,427.36013999999994,984.9968399999998,2319.0031599998474,1121344.75882,246195.0,875149.7588200001,121344.7588200001,0.12134475882000006,2,"mom20@q0.6,hold_q=0.4,buy_top=5,hold_top=10,rebalance=20d,min_hold=5d,turnover_penalty=0.01,target_vol=0.18"
2023-05-15,286.4428499999999,0.22150316030510558,3181.0,612.0,902.9999999999999,1.6585199999999998,2.8986299999999994,4.557149999999999,3176.442849999992,1124521.20167,249085.0,875436.2016700001,124521.2016700001,0.12452120167000014,2,"mom20@q0.6,hold_q=0.4,buy_top=5,hold_top=10,rebalance=20d,min_hold=5d,turnover_penalty=0.01,target_vol=0.18"
2023-05-16,-609.9303,0.21699463164504704,-7246.0,1666.0,1064.0,4.51486,3.41544,7.930299999999999,-7253.930299999891,1117267.2713700002,242441.0,874826.2713700001,117267.2713700002,0.11726727137000026,2,"mom20@q0.6,hold_q=0.4,buy_top=5,hold_top=10,rebalance=20d,min_hold=5d,turnover_penalty=0.01,target_vol=0.18"
2023-05-17,-264.71544,0.21646243821464178,-1096.0,264.0,0.0,0.71544,0.0,0.71544,-1096.7154400001746,1116170.55593,241609.0,874561.55593,116170.55593000003,0.11617055593000014,2,"mom20@q0.6,hold_q=0.4,buy_top=5,hold_top=10,rebalance=20d,min_hold=5d,turnover_penalty=0.01,target_vol=0.18"
2023-05-18,3186.73763,0.22222275515340076,12374.0,0.0,3197.0,0.0,10.26237,10.26237,12363.737630000105,1128534.2935600001,250786.0,877748.29356,128534.29356000014,0.12853429356000023,2,"mom20@q0.6,hold_q=0.4,buy_top=5,hold_top=10,rebalance=20d,min_hold=5d,turnover_penalty=0.01,target_vol=0.18"
2023-05-19,-3748.1299799999997,0.2177563609914754,-11225.0,3738.0,0.0,10.12998,0.0,10.12998,-11235.129980000202,1117299.16358,243299.0,874000.16358,117299.16357999993,0.11729916358000003,2,"mom20@q0.6,hold_q=0.4,buy_top=5,hold_top=10,rebalance=20d,min_hold=5d,turnover_penalty=0.01,target_vol=0.18"
2023-05-22,-1777.80483,0.21894150667826118,-576.0,1773.0,0.0,4.804829999999999,0.0,4.804829999999999,-580.8048299998045,1116718.3587500001,244496.0,872222.35875,116718.35875000013,0.11671835875000003,2,"mom20@q0.6,hold_q=0.4,buy_top=5,hold_top=10,rebalance=20d,min_hold=5d,turnover_penalty=0.01,target_vol=0.18"
2023-05-23,-4752.8454,0.21973487778778233,-4943.0,4740.0,0.0,12.8454,0.0,12.8454,-4955.845399999991,1111762.5133500001,244293.0,867469.51335,111762.51335000014,0.1117625133500002,2,"mom20@q0.6,hold_q=0.4,buy_top=5,hold_top=10,rebalance=20d,min_hold=5d,turnover_penalty=0.01,target_vol=0.18"
2023-05-24,-3653.87524,0.22201314604622568,-1431.0,3644.0,0.0,9.87524,0.0,9.87524,-1440.8752399999648,1110321.6381100002,246506.0,863815.63811,110321.63811000017,0.11032163811000006,2,"mom20@q0.6,hold_q=0.4,buy_top=5,hold_top=10,rebalance=20d,min_hold=5d,turnover_penalty=0.01,target_vol=0.18"
2023-05-25,5090.4416200000005,0.2217025886550234,6125.0,1880.0,6998.0,5.094799999999999,22.463579999999997,27.558379999999996,6097.44161999994,1116419.07973,247513.0,868906.0797300001,116419.07973000011,0.11641907973000021,2,"mom20@q0.6,hold_q=0.4,buy_top=5,hold_top=10,rebalance=20d,min_hold=5d,turnover_penalty=0.01,target_vol=0.18"
2023-05-26,698.33024,0.22535844161113258,6176.0,576.0,1280.0,1.56096,4.1088,5.669759999999999,6170.3302399998065,1122589.40997,252985.0,869604.40997,122589.40996999992,0.12258940997000001,2,"mom20@q0.6,hold_q=0.4,buy_top=5,hold_top=10,rebalance=20d,min_hold=5d,turnover_penalty=0.01,target_vol=0.18"
2023-05-29,6426.305130000001,0.22438210752239773,6893.0,0.0,6447.0,0.0,20.69487,20.69487,6872.305130000226,1129461.7151000001,253431.0,876030.7151,129461.71510000015,0.12946171510000015,2,"mom20@q0.6,hold_q=0.4,buy_top=5,hold_top=10,rebalance=20d,min_hold=5d,turnover_penalty=0.01,target_vol=0.18"
2023-05-30,-207.97306000000003,0.22836954730690445,5577.0,1792.0,1594.0,4.856319999999999,5.116739999999999,9.973059999999998,5567.026939999778,1135028.74204,259206.0,875822.74204,135028.74203999992,0.13502874203999982,2,"mom20@q0.6,hold_q=0.4,buy_top=5,hold_top=10,rebalance=20d,min_hold=5d,turnover_penalty=0.01,target_vol=0.18"
2023-05-31,-102.32300999999995,0.2267891116963087,-2449.0,615.0,516.0,1.6666499999999997,1.6563599999999998,3.3230099999999996,-2452.3230099999346,1132576.41903,256856.0,875720.41903,132576.41903,0.13257641903000006,2,"mom20@q0.6,hold_q=0.4,buy_top=5,hold_top=10,rebalance=20d,min_hold=5d,turnover_penalty=0.01,target_vol=0.18"
2023-06-01,1005.2794399999998,0.2250429743761794,-1244.0,1260.0,2276.0,3.4145999999999996,7.305959999999999,10.720559999999999,-1254.7205599998124,1131321.6984700002,254596.0,876725.6984700001,131321.69847000018,0.13132169847000008,2,"mom20@q0.6,hold_q=0.4,buy_top=5,hold_top=10,rebalance=20d,min_hold=5d,turnover_penalty=0.01,target_vol=0.18"
2023-06-02,0.0,0.2249237657859653,-174.0,0.0,0.0,0.0,0.0,0.0,-174.0,1131147.6984700002,254422.0,876725.6984700001,131147.69847000018,0.13114769847000018,2,"mom20@q0.6,hold_q=0.4,buy_top=5,hold_top=10,rebalance=20d,min_hold=5d,turnover_penalty=0.01,target_vol=0.18"
2023-06-05,3831.66076,0.22522592293067492,5399.0,0.0,3844.0,0.0,12.339239999999998,12.339239999999998,5386.660759999882,1136534.35923,255977.0,880557.3592300001,136534.35923000006,0.13653435923000012,2,"mom20@q0.6,hold_q=0.4,buy_top=5,hold_top=10,rebalance=20d,min_hold=5d,turnover_penalty=0.01,target_vol=0.18"
2023-06-06,-814.2005199999999,0.22398461316365567,-2865.0,811.9999999999999,0.0,2.2005199999999996,0.0,2.2005199999999996,-2867.200519999955,1133667.15871,253924.0,879743.1587100001,133667.1587100001,0.13366715871,2,"mom20@q0.6,hold_q=0.4,buy_top=5,hold_top=10,rebalance=20d,min_hold=5d,turnover_penalty=0.01,target_vol=0.18"
2023-06-07,1602.83832,0.22347001767758543,1318.0,0.0,1608.0,0.0,5.16168,5.16168,1312.8383200000972,1134979.9970300002,253634.0,881345.9970300001,134979.9970300002,0.1349799970300003,2,"mom20@q0.6,hold_q=0.4,buy_top=5,hold_top=10,rebalance=20d,min_hold=5d,turnover_penalty=0.01,target_vol=0.18"
2023-06-08,1755.75137,0.22157449081876143,-489.0,2289.0,4064.0,6.203189999999999,13.04544,19.24863,-508.24863000027835,1134471.7484,251370.0,883101.7484,134471.74839999992,0.13447174839999998,2,"mom20@q0.6,hold_q=0.4,buy_top=5,hold_top=10,rebalance=20d,min_hold=5d,turnover_penalty=0.01,target_vol=0.18"
2023-06-09,53218.39529000006,0.17471177660637321,1414.0,198217.0,252784.0,537.16807,811.4366399999999,1348.6047099999998,65.39528999989852,1134537.1436899998,198217.0,936320.1436899999,134537.14368999982,0.1345371436899998,2,"mom20@q0.6,hold_q=0.4,buy_top=5,hold_top=10,rebalance=20d,min_hold=5d,turnover_penalty=0.01,target_vol=0.18"
2023-06-12,0.0,0.1799025452430489,7181.0,0.0,0.0,0.0,0.0,0.0,7181.0,1141718.1436899998,205398.0,936320.1436899999,141718.14368999982,0.1417181436899999,2,"mom20@q0.6,hold_q=0.4,buy_top=5,hold_top=10,rebalance=20d,min_hold=5d,turnover_penalty=0.01,target_vol=0.18"
2023-06-13,0.0,0.18283062336660627,4091.0,0.0,0.0,0.0,0.0,0.0,4091.0,1145809.1436899998,209489.0,936320.1436899999,145809.14368999982,0.14580914368999975,2,"mom20@q0.6,hold_q=0.4,buy_top=5,hold_top=10,rebalance=20d,min_hold=5d,turnover_penalty=0.01,target_vol=0.18"
2023-06-14,5213.2117,0.18710160182929106,12450.0,0.0,5230.0,0.0,16.7883,16.7883,12433.211700000102,1158242.35539,216709.0,941533.3553899999,158242.35538999992,0.15824235538999987,2,"mom20@q0.6,hold_q=0.4,buy_top=5,hold_top=10,rebalance=20d,min_hold=5d,turnover_penalty=0.01,target_vol=0.18"
2023-06-15,0.0,0.1830409375819045,-5757.0,0.0,0.0,0.0,0.0,0.0,-5757.0,1152485.35539,210952.0,941533.3553899999,152485.35538999992,0.15248535538999985,2,"mom20@q0.6,hold_q=0.4,buy_top=5,hold_top=10,rebalance=20d,min_hold=5d,turnover_penalty=0.01,target_vol=0.18"
2023-06-16,10879.96285,0.1860566169932214,17672.0,0.0,10915.0,0.0,35.03715,35.03715,17636.96285000001,1170122.31824,217709.0,952413.3182399999,170122.31823999994,0.17012231824000001,2,"mom20@q0.6,hold_q=0.4,buy_top=5,hold_top=10,rebalance=20d,min_hold=5d,turnover_penalty=0.01,target_vol=0.18"
2023-06-19,13124.73393,0.18373691782946394,12796.0,0.0,13167.0,0.0,42.26607,42.26607,12753.733930000104,1182876.05217,217338.0,965538.05217,182876.05217000004,0.18287605217000014,2,"mom20@q0.6,hold_q=0.4,buy_top=5,hold_top=10,rebalance=20d,min_hold=5d,turnover_penalty=0.01,target_vol=0.18"
2023-06-20,0.0,0.18355469961741577,-264.0,0.0,0.0,0.0,0.0,0.0,-264.0,1182612.05217,217074.0,965538.05217,182612.05217000004,0.1826120521700001,2,"mom20@q0.6,hold_q=0.4,buy_top=5,hold_top=10,rebalance=20d,min_hold=5d,turnover_penalty=0.01,target_vol=0.18"
2023-06-21,-5701.40906,0.17914456089592978,-13284.0,5686.0,0.0,15.409059999999998,0.0,15.409059999999998,-13299.409059999976,1169312.64311,209476.0,959836.6431100001,169312.64311000006,0.16931264311000005,2,"mom20@q0.6,hold_q=0.4,buy_top=5,hold_top=10,rebalance=20d,min_hold=5d,turnover_penalty=0.01,target_vol=0.18"
2023-06-26,-2056.55821,0.17601532125258884,-6931.0,2051.0,0.0,5.55821,0.0,5.55821,-6936.55820999993,1162376.0849000001,204596.0,957780.0849,162376.08490000013,0.16237608490000022,2,"mom20@q0.6,hold_q=0.4,buy_top=5,hold_top=10,rebalance=20d,min_hold=5d,turnover_penalty=0.01,target_vol=0.18"
2023-06-27,0.0,0.17278010185516815,-4546.0,0.0,0.0,0.0,0.0,0.0,-4546.0,1157830.0849000001,200050.0,957780.0849,157830.08490000013,0.15783008490000006,2,"mom20@q0.6,hold_q=0.4,buy_top=5,hold_top=10,rebalance=20d,min_hold=5d,turnover_penalty=0.01,target_vol=0.18"
2023-06-28,-7613.5770299999995,0.17340923177960282,-8309.0,7593.0,0.0,20.577029999999997,0.0,20.577029999999997,-8329.577030000044,1149500.50787,199334.0,950166.5078700001,149500.5078700001,0.14950050787000002,2,"mom20@q0.6,hold_q=0.4,buy_top=5,hold_top=10,rebalance=20d,min_hold=5d,turnover_penalty=0.01,target_vol=0.18"
2023-06-29,0.0,0.17749848283985709,5715.0,0.0,0.0,0.0,0.0,0.0,5715.0,1155215.50787,205049.0,950166.5078700001,155215.5078700001,0.15521550787000016,2,"mom20@q0.6,hold_q=0.4,buy_top=5,hold_top=10,rebalance=20d,min_hold=5d,turnover_penalty=0.01,target_vol=0.18"
2023-06-30,2156.05677,0.18175615247285207,8653.0,0.0,2163.0,0.0,6.94323,6.94323,8646.056769999908,1163861.56464,211539.0,952322.5646400001,163861.56464,0.1638615646399999,2,"mom20@q0.6,hold_q=0.4,buy_top=5,hold_top=10,rebalance=20d,min_hold=5d,turnover_penalty=0.01,target_vol=0.18"
2023-07-03,0.0,0.18007242395540357,-2390.0,0.0,0.0,0.0,0.0,0.0,-2390.0,1161471.56464,209149.0,952322.5646400001,161471.56464,0.16147156464,2,"mom20@q0.6,hold_q=0.4,buy_top=5,hold_top=10,rebalance=20d,min_hold=5d,turnover_penalty=0.01,target_vol=0.18"
2023-07-04,0.0,0.18009218975887709,28.0,0.0,0.0,0.0,0.0,0.0,28.0,1161499.56464,209177.0,952322.5646400001,161499.56464,0.16149956463999993,2,"mom20@q0.6,hold_q=0.4,buy_top=5,hold_top=10,rebalance=20d,min_hold=5d,turnover_penalty=0.01,target_vol=0.18"
2023-07-05,3729.98818,0.1770310362333683,224.0,0.0,3742.0,0.0,12.011819999999998,12.011819999999998,211.98818000010215,1161711.55282,205659.0,956052.5528200001,161711.5528200001,0.16171155282000016,2,"mom20@q0.6,hold_q=0.4,buy_top=5,hold_top=10,rebalance=20d,min_hold=5d,turnover_penalty=0.01,target_vol=0.18"
2023-07-06,4109.76517,0.1817195836124303,11692.0,0.0,4123.0,0.0,13.234829999999999,13.234829999999999,11678.765170000028,1173390.3179900001,213228.0,960162.3179900001,173390.31799000013,0.17339031799000004,2,"mom20@q0.6,hold_q=0.4,buy_top=5,hold_top=10,rebalance=20d,min_hold=5d,turnover_penalty=0.01,target_vol=0.18"
2023-07-07,-4829.05136,0.18567956324361434,-211.0,4816.0,0.0,13.051359999999999,0.0,13.051359999999999,-224.05136000015773,1173166.26663,217833.0,955333.2666300001,173166.26662999997,0.17316626663,2,"mom20@q0.6,hold_q=0.4,buy_top=5,hold_top=10,rebalance=20d,min_hold=5d,turnover_penalty=0.01,target_vol=0.18"
2023-07-10,0.0,0.1823340899891486,-4800.0,0.0,0.0,0.0,0.0,0.0,-4800.0,1168366.26663,213033.0,955333.2666300001,168366.26662999997,0.16836626662999987,2,"mom20@q0.6,hold_q=0.4,buy_top=5,hold_top=10,rebalance=20d,min_hold=5d,turnover_penalty=0.01,target_vol=0.18"
2023-07-11,-1349.6726400000043,0.18677340161358197,5332.0,104060.0,103324.0,282.0026,331.67004,613.67264,4718.327359999996,1173084.59399,219101.0,953983.59399,173084.59398999996,0.17308459398999987,2,"mom20@q0.6,hold_q=0.4,buy_top=5,hold_top=10,rebalance=20d,min_hold=5d,turnover_penalty=0.01,target_vol=0.18"
2023-07-12,-8492.9537,0.18414302807773333,-14169.0,8470.0,0.0,22.953699999999998,0.0,22.953699999999998,-14191.953699999955,1158892.64029,213402.0,945490.64029,158892.64029,0.15889264028999994,2,"mom20@q0.6,hold_q=0.4,buy_top=5,hold_top=10,rebalance=20d,min_hold=5d,turnover_penalty=0.01,target_vol=0.18"
2023-07-13,2260.71972,0.1905188372620678,11928.0,0.0,2268.0,0.0,7.280279999999999,7.280279999999999,11920.719719999935,1170813.36001,223062.0,947751.3600100001,170813.36000999995,0.17081336000999991,2,"mom20@q0.6,hold_q=0.4,buy_top=5,hold_top=10,rebalance=20d,min_hold=5d,turnover_penalty=0.01,target_vol=0.18"
2023-07-14,3428.55735,0.19263511544097967,7336.0,1583.0,5032.0,4.28993,16.15272,20.44265,7315.557350000134,1178128.91736,226949.0,951179.9173600001,178128.91736000008,0.17812891736000003,2,"mom20@q0.6,hold_q=0.4,buy_top=5,hold_top=10,rebalance=20d,min_hold=5d,turnover_penalty=0.01,target_vol=0.18"
2023-07-17,-3002.11374,0.19307711638485048,-3067.0,2994.0,0.0,8.11374,0.0,8.11374,-3075.1137399999425,1175053.8036200001,226876.0,948177.8036200001,175053.80362000014,0.17505380362000023,2,"mom20@q0.6,hold_q=0.4,buy_top=5,hold_top=10,rebalance=20d,min_hold=5d,turnover_penalty=0.01,target_vol=0.18"
2023-07-18,0.0,0.1900642935148336,-4371.0,0.0,0.0,0.0,0.0,0.0,-4371.0,1170682.8036200001,222505.0,948177.8036200001,170682.80362000014,0.1706828036200001,2,"mom20@q0.6,hold_q=0.4,buy_top=5,hold_top=10,rebalance=20d,min_hold=5d,turnover_penalty=0.01,target_vol=0.18"
2023-07-19,-6757.26269,0.19272758246013785,-4490.0,6739.0,0.0,18.26269,0.0,18.26269,-4508.262690000003,1166174.5409300001,224754.0,941420.5409300001,166174.54093000013,0.16617454093000017,2,"mom20@q0.6,hold_q=0.4,buy_top=5,hold_top=10,rebalance=20d,min_hold=5d,turnover_penalty=0.01,target_vol=0.18"
2023-07-20,-13385.175790000001,0.19176689798988772,-17911.0,13349.0,0.0,36.17579,0.0,36.17579,-17947.175789999776,1148227.3651400004,220192.0,928035.3651400002,148227.36514000036,0.14822736514000034,2,"mom20@q0.6,hold_q=0.4,buy_top=5,hold_top=10,rebalance=20d,min_hold=5d,turnover_penalty=0.01,target_vol=0.18"
2023-07-21,0.0,0.18989372179331054,-2655.0,0.0,0.0,0.0,0.0,0.0,-2655.0,1145572.3651400004,217537.0,928035.3651400002,145572.36514000036,0.14557236514000027,2,"mom20@q0.6,hold_q=0.4,buy_top=5,hold_top=10,rebalance=20d,min_hold=5d,turnover_penalty=0.01,target_vol=0.18"
2023-07-24,0.0,0.19219956253362228,3270.0,0.0,0.0,0.0,0.0,0.0,3270.0,1148842.3651400004,220807.0,928035.3651400002,148842.36514000036,0.14884236514000038,2,"mom20@q0.6,hold_q=0.4,buy_top=5,hold_top=10,rebalance=20d,min_hold=5d,turnover_penalty=0.01,target_vol=0.18"
2023-07-25,0.0,0.19538066130508597,4542.0,0.0,0.0,0.0,0.0,0.0,4542.0,1153384.3651400004,225349.0,928035.3651400002,153384.36514000036,0.15338436514000042,2,"mom20@q0.6,hold_q=0.4,buy_top=5,hold_top=10,rebalance=20d,min_hold=5d,turnover_penalty=0.01,target_vol=0.18"
2023-07-26,-1393.7669,0.19162919301701162,-7073.0,1390.0,0.0,3.7668999999999997,0.0,3.7668999999999997,-7076.766900000162,1146307.5982400002,219666.0,926641.5982400002,146307.5982400002,0.14630759824000017,2,"mom20@q0.6,hold_q=0.4,buy_top=5,hold_top=10,rebalance=20d,min_hold=5d,turnover_penalty=0.01,target_vol=0.18"
2023-07-27,0.0,0.18985031030516994,-2517.0,0.0,0.0,0.0,0.0,0.0,-2517.0,1143790.5982400002,217149.0,926641.5982400002,143790.5982400002,0.1437905982400003,2,"mom20@q0.6,hold_q=0.4,buy_top=5,hold_top=10,rebalance=20d,min_hold=5d,turnover_penalty=0.01,target_vol=0.18"
2023-07-28,2956.47914,0.18887420751018386,2278.0,0.0,2966.0,0.0,9.520859999999999,9.520859999999999,2268.479139999952,1146059.0773800001,216461.0,929598.0773800001,146059.07738000015,0.14605907738000012,2,"mom20@q0.6,hold_q=0.4,buy_top=5,hold_top=10,rebalance=20d,min_hold=5d,turnover_penalty=0.01,target_vol=0.18"
2023-07-31,0.0,0.18812613193397737,-1056.0,0.0,0.0,0.0,0.0,0.0,-1056.0,1145003.0773800001,215405.0,929598.0773800001,145003.07738000015,0.14500307738000018,2,"mom20@q0.6,hold_q=0.4,buy_top=5,hold_top=10,rebalance=20d,min_hold=5d,turnover_penalty=0.01,target_vol=0.18"
2023-08-01,0.0,0.1933758672022555,7452.0,0.0,0.0,0.0,0.0,0.0,7452.0,1152455.0773800001,222857.0,929598.0773800001,152455.07738000015,0.1524550773800002,2,"mom20@q0.6,hold_q=0.4,buy_top=5,hold_top=10,rebalance=20d,min_hold=5d,turnover_penalty=0.01,target_vol=0.18"
2023-08-02,-1438.88885,0.192543585779508,-2966.0,1435.0,0.0,3.8888499999999997,0.0,3.8888499999999997,-2969.8888499999885,1149485.1885300002,221326.0,928159.1885300002,149485.18853000016,0.14948518853000015,2,"mom20@q0.6,hold_q=0.4,buy_top=5,hold_top=10,rebalance=20d,min_hold=5d,turnover_penalty=0.01,target_vol=0.18"
2023-08-03,0.0,0.19092823682589588,-2295.0,0.0,0.0,0.0,0.0,0.0,-2295.0,1147190.1885300002,219031.0,928159.1885300002,147190.18853000016,0.1471901885300002,2,"mom20@q0.6,hold_q=0.4,buy_top=5,hold_top=10,rebalance=20d,min_hold=5d,turnover_penalty=0.01,target_vol=0.18"
2023-08-04,-1414.82381,0.20080366573061026,12409.0,1411.0,0.0,3.8238099999999995,0.0,3.8238099999999995,12405.176190000027,1159595.3647200002,232851.0,926744.3647200002,159595.3647200002,0.15959536472000013,2,"mom20@q0.6,hold_q=0.4,buy_top=5,hold_top=10,rebalance=20d,min_hold=5d,turnover_penalty=0.01,target_vol=0.18"
2023-08-07,2335.47897,0.20195022759798248,4600.0,0.0,2343.0,0.0,7.52103,7.52103,4592.478970000055,1164187.8436900002,235108.0,929079.8436900002,164187.84369000024,0.16418784369000017,2,"mom20@q0.6,hold_q=0.4,buy_top=5,hold_top=10,rebalance=20d,min_hold=5d,turnover_penalty=0.01,target_vol=0.18"
2023-08-08,-204535.31488,0.37391948488048354,-5006.0,432726.0,230102.0,1172.6874599999999,738.6274199999998,1911.3148799999997,-6917.3148800001945,1157270.52881,432726.0,724544.52881,157270.52881000005,0.15727052881000003,2,"mom20@q0.6,hold_q=0.4,buy_top=5,hold_top=10,rebalance=20d,min_hold=5d,turnover_penalty=0.01,target_vol=0.18"
2023-08-09,0.0,0.375625995956007,3163.0,0.0,0.0,0.0,0.0,0.0,3163.0,1160433.52881,435889.0,724544.52881,160433.52881000005,0.16043352881000006,2,"mom20@q0.6,hold_q=0.4,buy_top=5,hold_top=10,rebalance=20d,min_hold=5d,turnover_penalty=0.01,target_vol=0.18"
2023-08-10,0.0,0.3800399582706092,8262.0,0.0,0.0,0.0,0.0,0.0,8262.0,1168695.52881,444151.0,724544.52881,168695.52881000005,0.16869552881000005,2,"mom20@q0.6,hold_q=0.4,buy_top=5,hold_top=10,rebalance=20d,min_hold=5d,turnover_penalty=0.01,target_vol=0.18"
2023-08-11,-8632.33039,0.3794341449465147,-15028.0,8609.0,0.0,23.330389999999998,0.0,23.330389999999998,-15051.330390000017,1153644.19842,437732.0,715912.19842,153644.19842000003,0.1536441984200001,2,"mom20@q0.6,hold_q=0.4,buy_top=5,hold_top=10,rebalance=20d,min_hold=5d,turnover_penalty=0.01,target_vol=0.18"
2023-08-14,-3777.20857,0.38146483735858083,-2309.0,3767.0,0.0,10.208569999999998,0.0,10.208569999999998,-2319.208570000017,1151324.98985,439190.0,712134.98985,151324.98985,0.15132498984999998,2,"mom20@q0.6,hold_q=0.4,buy_top=5,hold_top=10,rebalance=20d,min_hold=5d,turnover_penalty=0.01,target_vol=0.18"
2023-08-15,1625.7644899999998,0.3815534565607378,2799.0,0.0,1630.9999999999998,0.0,5.235509999999999,5.235509999999999,2793.7644899999723,1154118.75434,440358.0,713760.75434,154118.75433999998,0.15411875434,2,"mom20@q0.6,hold_q=0.4,buy_top=5,hold_top=10,rebalance=20d,min_hold=5d,turnover_penalty=0.01,target_vol=0.18"
2023-08-16,0.0,0.3815347008777651,-35.0,0.0,0.0,0.0,0.0,0.0,-35.0,1154083.75434,440323.0,713760.75434,154083.75433999998,0.15408375434,2,"mom20@q0.6,hold_q=0.4,buy_top=5,hold_top=10,rebalance=20d,min_hold=5d,turnover_penalty=0.01,target_vol=0.18"
2023-08-17,0.0,0.38244170723869336,1695.0,0.0,0.0,0.0,0.0,0.0,1695.0,1155778.75434,442018.0,713760.75434,155778.75433999998,0.15577875434,2,"mom20@q0.6,hold_q=0.4,buy_top=5,hold_top=10,rebalance=20d,min_hold=5d,turnover_penalty=0.01,target_vol=0.18"
2023-08-18,0.0,0.3776401108163577,-8917.0,0.0,0.0,0.0,0.0,0.0,-8917.0,1146861.75434,433101.0,713760.75434,146861.75433999998,0.14686175433999993,2,"mom20@q0.6,hold_q=0.4,buy_top=5,hold_top=10,rebalance=20d,min_hold=5d,turnover_penalty=0.01,target_vol=0.18"
2023-08-21,-9756.368299999998,0.3800073388574298,-11331.0,9730.0,0.0,26.368299999999998,0.0,26.368299999999998,-11357.368300000206,1135504.3860399998,431500.0,704004.3860399999,135504.38603999978,0.1355043860399998,2,"mom20@q0.6,hold_q=0.4,buy_top=5,hold_top=10,rebalance=20d,min_hold=5d,turnover_penalty=0.01,target_vol=0.18"
2023-08-22,0.0,0.38066675849348486,1209.0,0.0,0.0,0.0,0.0,0.0,1209.0,1136713.3860399998,432709.0,704004.3860399999,136713.38603999978,0.13671338603999983,2,"mom20@q0.6,hold_q=0.4,buy_top=5,hold_top=10,rebalance=20d,min_hold=5d,turnover_penalty=0.01,target_vol=0.18"
2023-08-23,-15137.91287,0.3878997564073952,-11258.0,15097.0,0.0,40.91287,0.0,40.91287,-11298.912869999884,1125414.47317,436548.0,688866.4731699999,125414.4731699999,0.12541447316999998,2,"mom20@q0.6,hold_q=0.4,buy_top=5,hold_top=10,rebalance=20d,min_hold=5d,turnover_penalty=0.01,target_vol=0.18"
2023-08-24,2172.00541,0.39225507718159597,11646.0,0.0,2179.0,0.0,6.99459,6.99459,11639.005409999983,1137053.4785799999,446015.0,691038.4785799999,137053.47857999988,0.13705347857999994,2,"mom20@q0.6,hold_q=0.4,buy_top=5,hold_top=10,rebalance=20d,min_hold=5d,turnover_penalty=0.01,target_vol=0.18"
2023-08-25,0.0,0.39219146608774846,-119.0,0.0,0.0,0.0,0.0,0.0,-119.0,1136934.4785799999,445896.0,691038.4785799999,136934.47857999988,0.13693447857999996,2,"mom20@q0.6,hold_q=0.4,buy_top=5,hold_top=10,rebalance=20d,min_hold=5d,turnover_penalty=0.01,target_vol=0.18"
2023-08-28,-2646.5716899999998,0.39356633376877853,-1747.0,8098.0,5491.0,21.945579999999996,17.626109999999997,39.57168999999999,-1786.571690000128,1135147.9068899998,446756.0,688391.9068899998,135147.90688999975,0.13514790688999967,2,"mom20@q0.6,hold_q=0.4,buy_top=5,hold_top=10,rebalance=20d,min_hold=5d,turnover_penalty=0.01,target_vol=0.18"
2023-08-29,1640.71634,0.39383120705633323,3208.0,0.0,1646.0,0.0,5.283659999999999,5.283659999999999,3202.7163400000427,1138350.6232299998,448318.0,690032.6232299998,138350.6232299998,0.1383506232299998,2,"mom20@q0.6,hold_q=0.4,buy_top=5,hold_top=10,rebalance=20d,min_hold=5d,turnover_penalty=0.01,target_vol=0.18"
2023-08-30,-6041.32775,0.3943336551927635,-9014.0,6025.0,0.0,16.327749999999998,0.0,16.327749999999998,-9030.327749999939,1129320.2954799999,445329.0,683991.2954799997,129320.29547999986,0.1293202954799999,2,"mom20@q0.6,hold_q=0.4,buy_top=5,hold_top=10,rebalance=20d,min_hold=5d,turnover_penalty=0.01,target_vol=0.18"
2023-08-31,-5373.52289,0.3945544255204919,-8449.0,5359.0,0.0,14.522889999999997,0.0,14.522889999999997,-8463.522890000138,1120856.7725899997,442239.0,678617.7725899998,120856.77258999972,0.1208567725899996,2,"mom20@q0.6,hold_q=0.4,buy_top=5,hold_top=10,rebalance=20d,min_hold=5d,turnover_penalty=0.01,target_vol=0.18"
2023-09-01,0.0,0.39517551556393904,1151.0,0.0,0.0,0.0,0.0,0.0,1151.0,1122007.7725899997,443390.0,678617.7725899998,122007.77258999972,0.12200777258999973,2,"mom20@q0.6,hold_q=0.4,buy_top=5,hold_top=10,rebalance=20d,min_hold=5d,turnover_penalty=0.01,target_vol=0.18"
2023-09-04,0.0,0.39781555545943575,4919.0,0.0,0.0,0.0,0.0,0.0,4919.0,1126926.7725899997,448309.0,678617.7725899998,126926.77258999972,0.12692677258999963,2,"mom20@q0.6,hold_q=0.4,buy_top=5,hold_top=10,rebalance=20d,min_hold=5d,turnover_penalty=0.01,target_vol=0.18"
2023-09-05,-104670.66828999996,0.487577929843145,-4608.0,435884.0,333465.0,1181.2456399999999,1070.42265,2251.6682899999996,-6859.66828999971,1120067.1043,546120.0,573947.1043,120067.1043,0.12006710430000012,2,"mom20@q0.6,hold_q=0.4,buy_top=5,hold_top=10,rebalance=20d,min_hold=5d,turnover_penalty=0.01,target_vol=0.18"
2023-09-06,-7453.14343,0.492012011826364,-4875.0,7433.0,0.0,20.14343,0.0,20.14343,-4895.143429999938,1115171.96087,548678.0,566493.96087,115171.96087000007,0.11517196087000015,2,"mom20@q0.6,hold_q=0.4,buy_top=5,hold_top=10,rebalance=20d,min_hold=5d,turnover_penalty=0.01,target_vol=0.18"
2023-09-07,-10850.695240000001,0.5000034798928777,-3807.0,17787.0,7007.0,48.202769999999994,22.492469999999997,70.69523999999998,-3877.695240000263,1111294.2656299998,555651.0,555643.2656299999,111294.2656299998,0.11129426562999978,2,"mom20@q0.6,hold_q=0.4,buy_top=5,hold_top=10,rebalance=20d,min_hold=5d,turnover_penalty=0.01,target_vol=0.18"
2023-09-08,-6653.983560000001,0.5015031100292638,-9987.0,6636.0,0.0,17.983559999999997,0.0,17.983559999999997,-10004.98356000008,1101289.2820699997,552300.0,548989.2820699998,101289.28206999972,0.10128928206999976,2,"mom20@q0.6,hold_q=0.4,buy_top=5,hold_top=10,rebalance=20d,min_hold=5d,turnover_penalty=0.01,target_vol=0.18"
2023-09-11,-5899.62888,0.5062608816707045,-1317.0,6504.000000000001,624.0,17.62584,2.00304,19.62888,-1336.628879999742,1099952.65319,556863.0,543089.6531899999,99952.65318999998,0.09995265318999991,2,"mom20@q0.6,hold_q=0.4,buy_top=5,hold_top=10,rebalance=20d,min_hold=5d,turnover_penalty=0.01,target_vol=0.18"
2023-09-12,-797.15445,0.505229919485014,-3901.0,795.0,0.0,2.1544499999999998,0.0,2.1544499999999998,-3903.1544500002638,1096049.4987399997,553757.0,542292.4987399998,96049.49873999972,0.0960494987399998,2,"mom20@q0.6,hold_q=0.4,buy_top=5,hold_top=10,rebalance=20d,min_hold=5d,turnover_penalty=0.01,target_vol=0.18"
2023-09-13,3379.8981599999997,0.5021647863686343,61.0,1552.0,4952.0,4.20592,15.895919999999998,20.10184,40.89816000009887,1096090.3968999998,550418.0,545672.3968999998,96090.39689999982,0.09609039689999976,2,"mom20@q0.6,hold_q=0.4,buy_top=5,hold_top=10,rebalance=20d,min_hold=5d,turnover_penalty=0.01,target_vol=0.18"
2023-09-14,6813.05965,0.5023686719360699,14162.0,0.0,6835.0,0.0,21.94035,21.94035,14140.059649999952,1110230.4565499998,557745.0,552485.4565499999,110230.45654999977,0.11023045654999986,2,"mom20@q0.6,hold_q=0.4,buy_top=5,hold_top=10,rebalance=20d,min_hold=5d,turnover_penalty=0.01,target_vol=0.18"
2023-09-15,0.0,0.5050865646022439,6097.0,0.0,0.0,0.0,0.0,0.0,6097.0,1116327.4565499998,563842.0,552485.4565499999,116327.45654999977,0.11632745654999987,2,"mom20@q0.6,hold_q=0.4,buy_top=5,hold_top=10,rebalance=20d,min_hold=5d,turnover_penalty=0.01,target_vol=0.18"
2023-09-18,3346.4308600000004,0.5013622993505714,-1579.0,6195.0,9589.0,16.788449999999997,30.780689999999996,47.56913999999999,-1626.5691399998032,1114700.88741,558869.0,555831.8874099999,114700.88740999997,0.11470088740999995,2,"mom20@q0.6,hold_q=0.4,buy_top=5,hold_top=10,rebalance=20d,min_hold=5d,turnover_penalty=0.01,target_vol=0.18"
2023-09-19,0.0,0.500789508725255,-1279.0,0.0,0.0,0.0,0.0,0.0,-1279.0,1113421.88741,557590.0,555831.8874099999,113421.88740999997,0.11342188740999992,2,"mom20@q0.6,hold_q=0.4,buy_top=5,hold_top=10,rebalance=20d,min_hold=5d,turnover_penalty=0.01,target_vol=0.18"
2023-09-20,0.0,0.0,0.0,0.0,0.0,0.0,0.0,0.0,0.0,1000000.0,0.0,1000000.0,0.0,0.0,3,"mom20@q0.6,hold_q=0.4,buy_top=5,hold_top=10,rebalance=20d,min_hold=5d,turnover_penalty=0.01,target_vol=0.18"
2023-09-21,-430401.23498,0.42973788614139097,0.0,429238.0,0.0,1163.2349799999997,0.0,1163.2349799999997,-1163.2349800000666,998836.7650199999,429238.0,569598.7650199999,-1163.2349800000666,-0.0011632349800000386,3,"mom20@q0.6,hold_q=0.4,buy_top=5,hold_top=10,rebalance=20d,min_hold=5d,turnover_penalty=0.01,target_vol=0.18"
2023-09-22,-876.36854,0.4308646368971762,440.0,874.0,0.0,2.36854,0.0,2.36854,437.63145999994595,999274.3964799999,430552.0,568722.3964799999,-725.6035200001206,-0.0007256035200001731,3,"mom20@q0.6,hold_q=0.4,buy_top=5,hold_top=10,rebalance=20d,min_hold=5d,turnover_penalty=0.01,target_vol=0.18"
2023-09-25,0.0,0.43157227445205854,1244.0,0.0,0.0,0.0,0.0,0.0,1244.0,1000518.3964799999,431796.0,568722.3964799999,518.3964799998794,0.0005183964799999607,3,"mom20@q0.6,hold_q=0.4,buy_top=5,hold_top=10,rebalance=20d,min_hold=5d,turnover_penalty=0.01,target_vol=0.18"
2023-09-26,-1678.5365399999998,0.4313730028580597,-3298.0,1673.9999999999998,0.0,4.536539999999999,0.0,4.536539999999999,-3302.536540000001,997215.8599399999,430172.0,567043.8599399999,-2784.1400600001216,-0.002784140060000162,3,"mom20@q0.6,hold_q=0.4,buy_top=5,hold_top=10,rebalance=20d,min_hold=5d,turnover_penalty=0.01,target_vol=0.18"
2023-09-27,-826.23304,0.42941720180939996,-4864.0,824.0,0.0,2.23304,0.0,2.23304,-4866.233039999963,992349.6268999999,426132.0,566217.6268999999,-7650.373100000084,-0.007650373100000052,3,"mom20@q0.6,hold_q=0.4,buy_top=5,hold_top=10,rebalance=20d,min_hold=5d,turnover_penalty=0.01,target_vol=0.18"
2023-09-28,0.0,0.43145510672773696,3557.0,0.0,0.0,0.0,0.0,0.0,3557.0,995906.6268999999,429689.0,566217.6268999999,-4093.3731000000844,-0.0040933731000001305,3,"mom20@q0.6,hold_q=0.4,buy_top=5,hold_top=10,rebalance=20d,min_hold=5d,turnover_penalty=0.01,target_vol=0.18"
2023-10-09,0.0,0.4370562439508664,9909.0,0.0,0.0,0.0,0.0,0.0,9909.0,1005815.6268999999,439598.0,566217.6268999999,5815.626899999916,0.005815626899999815,3,"mom20@q0.6,hold_q=0.4,buy_top=5,hold_top=10,rebalance=20d,min_hold=5d,turnover_penalty=0.01,target_vol=0.18"
2023-10-10,-1686.7483499999998,0.43980774244937987,1939.0,2556.0,878.9999999999999,6.926759999999999,2.8215899999999996,9.748349999999999,1929.2516500001075,1007744.87855,443214.0,564530.87855,7744.878550000023,0.007744878550000056,3,"mom20@q0.6,hold_q=0.4,buy_top=5,hold_top=10,rebalance=20d,min_hold=5d,turnover_penalty=0.01,target_vol=0.18"
2023-10-11,1812.1642200000001,0.43731052406348464,-1246.0,0.0,1818.0,0.0,5.83578,5.83578,-1251.8357799999649,1006493.0427700001,440150.0,566343.0427700001,6493.042770000058,0.006493042770000068,3,"mom20@q0.6,hold_q=0.4,buy_top=5,hold_top=10,rebalance=20d,min_hold=5d,turnover_penalty=0.01,target_vol=0.18"
2023-10-12,-2526.8292,0.44031605254575534,897.0,2520.0,0.0,6.829199999999999,0.0,6.829199999999999,890.1707999999635,1007383.21357,443567.0,563816.21357,7383.213570000022,0.007383213570000047,3,"mom20@q0.6,hold_q=0.4,buy_top=5,hold_top=10,rebalance=20d,min_hold=5d,turnover_penalty=0.01,target_vol=0.18"
2023-10-13,4679.92905,0.4386593467454398,5379.0,0.0,4695.0,0.0,15.070949999999998,15.070949999999998,5363.929050000035,1012747.14262,444251.0,568496.14262,12747.142620000057,0.012747142620000096,3,"mom20@q0.6,hold_q=0.4,buy_top=5,hold_top=10,rebalance=20d,min_hold=5d,turnover_penalty=0.01,target_vol=0.18"
2023-10-16,4948.06556,0.43757659551616507,6864.0,0.0,4964.0,0.0,15.934439999999999,15.934439999999999,6848.065560000017,1019595.2081800001,446151.0,573444.2081800001,19595.208180000074,0.019595208180000157,3,"mom20@q0.6,hold_q=0.4,buy_top=5,hold_top=10,rebalance=20d,min_hold=5d,turnover_penalty=0.01,target_vol=0.18"
2023-10-17,-883.38751,0.439990570252441,2820.0,881.0,0.0,2.38751,0.0,2.38751,2817.6124899999704,1022412.82067,449852.0,572560.82067,22412.820670000045,0.022412820670000055,3,"mom20@q0.6,hold_q=0.4,buy_top=5,hold_top=10,rebalance=20d,min_hold=5d,turnover_penalty=0.01,target_vol=0.18"
2023-10-18,1739.2913,0.43315229823504103,-9255.0,860.0,2610.0,2.3305999999999996,8.3781,10.7087,-9265.70869999996,1013147.1119700001,438847.0,574300.1119700001,13147.111970000085,0.01314711197000018,3,"mom20@q0.6,hold_q=0.4,buy_top=5,hold_top=10,rebalance=20d,min_hold=5d,turnover_penalty=0.01,target_vol=0.18"
2023-10-19,0.0,0.429572017049092,-6359.0,0.0,0.0,0.0,0.0,0.0,-6359.0,1006788.1119700001,432488.0,574300.1119700001,6788.111970000085,0.006788111970000177,3,"mom20@q0.6,hold_q=0.4,buy_top=5,hold_top=10,rebalance=20d,min_hold=5d,turnover_penalty=0.01,target_vol=0.18"
2023-10-20,-826.23304,0.42608815685016976,-7549.0,824.0,0.0,2.23304,0.0,2.23304,-7551.233039999963,999236.8789300001,425763.0,573473.8789300001,-763.1210699998774,-0.0007631210699998725,3,"mom20@q0.6,hold_q=0.4,buy_top=5,hold_top=10,rebalance=20d,min_hold=5d,turnover_penalty=0.01,target_vol=0.18"
2023-10-23,-1572.24928,0.4277742786679301,201.0,1568.0,0.0,4.24928,0.0,4.24928,196.75072000001092,999433.6296500001,427532.0,571901.6296500001,-566.3703499998664,-0.0005663703499998451,3,"mom20@q0.6,hold_q=0.4,buy_top=5,hold_top=10,rebalance=20d,min_hold=5d,turnover_penalty=0.01,target_vol=0.18"
2023-10-24,-1690.4572700000003,0.4324044059594672,5184.0,2509.0,827.9999999999999,6.799389999999999,2.6578799999999996,9.457269999999998,5174.5427299999865,1004608.1723800001,434397.0,570211.1723800001,4608.17238000012,0.0046081723800002194,3,"mom20@q0.6,hold_q=0.4,buy_top=5,hold_top=10,rebalance=20d,min_hold=5d,turnover_penalty=0.01,target_vol=0.18"
2023-10-25,0.0,0.43151598006782926,-1570.0,0.0,0.0,0.0,0.0,0.0,-1570.0,1003038.1723800001,432827.0,570211.1723800001,3038.17238000012,0.003038172380000148,3,"mom20@q0.6,hold_q=0.4,buy_top=5,hold_top=10,rebalance=20d,min_hold=5d,turnover_penalty=0.01,target_vol=0.18"
2023-10-26,0.0,0.4290112393550441,-4400.0,0.0,0.0,0.0,0.0,0.0,-4400.0,998638.1723800001,428427.0,570211.1723800001,-1361.82761999988,-0.0013618276199999224,3,"mom20@q0.6,hold_q=0.4,buy_top=5,hold_top=10,rebalance=20d,min_hold=5d,turnover_penalty=0.01,target_vol=0.18"
2023-10-27,153692.79278,0.2807138270106612,9579.0,219271.0,374761.0,594.2244099999999,1202.9828099999997,1797.2072199999998,7781.792780000134,1006419.9651600003,282516.0,723903.9651600003,6419.965160000254,0.006419965160000318,3,"mom20@q0.6,hold_q=0.4,buy_top=5,hold_top=10,rebalance=20d,min_hold=5d,turnover_penalty=0.01,target_vol=0.18"
2023-10-30,1402.48353,0.2881667388365073,12512.0,0.0,1407.0,0.0,4.51647,4.51647,12507.483529999969,1018927.4486900002,293621.0,725306.4486900002,18927.448690000223,0.01892744869000018,3,"mom20@q0.6,hold_q=0.4,buy_top=5,hold_top=10,rebalance=20d,min_hold=5d,turnover_penalty=0.01,target_vol=0.18"
2023-10-31,0.0,0.2866769847048469,-2128.0,0.0,0.0,0.0,0.0,0.0,-2128.0,1016799.4486900002,291493.0,725306.4486900002,16799.448690000223,0.016799448690000274,3,"mom20@q0.6,hold_q=0.4,buy_top=5,hold_top=10,rebalance=20d,min_hold=5d,turnover_penalty=0.01,target_vol=0.18"
2023-11-01,0.0,0.2845209767229926,-3064.0,0.0,0.0,0.0,0.0,0.0,-3064.0,1013735.4486900002,288429.0,725306.4486900002,13735.448690000223,0.013735448690000318,3,"mom20@q0.6,hold_q=0.4,buy_top=5,hold_top=10,rebalance=20d,min_hold=5d,turnover_penalty=0.01,target_vol=0.18"
2023-11-02,-22964.06442,0.30060374152768554,-9461.0,22902.0,0.0,62.06442,0.0,62.06442,-9523.064419999951,1004212.3842700003,301870.0,702342.3842700003,4212.3842700002715,0.004212384270000369,3,"mom20@q0.6,hold_q=0.4,buy_top=5,hold_top=10,rebalance=20d,min_hold=5d,turnover_penalty=0.01,target_vol=0.18"
2023-11-03,1415.4418,0.3040526697710404,7015.0,0.0,1420.0,0.0,4.558199999999999,4.558199999999999,7010.44180000003,1011222.8260700003,307465.0,703757.8260700003,11222.826070000301,0.011222826070000247,3,"mom20@q0.6,hold_q=0.4,buy_top=5,hold_top=10,rebalance=20d,min_hold=5d,turnover_penalty=0.01,target_vol=0.18"
2023-11-06,3006.31864,0.3039948043236764,4245.0,0.0,3016.0,0.0,9.68136,9.68136,4235.318639999954,1015458.1447100003,308694.0,706764.1447100003,15458.144710000255,0.015458144710000177,3,"mom20@q0.6,hold_q=0.4,buy_top=5,hold_top=10,rebalance=20d,min_hold=5d,turnover_penalty=0.01,target_vol=0.18"
2023-11-07,0.0,0.3033396215720636,-955.0,0.0,0.0,0.0,0.0,0.0,-955.0,1014503.1447100003,307739.0,706764.1447100003,14503.144710000255,0.01450314471000036,3,"mom20@q0.6,hold_q=0.4,buy_top=5,hold_top=10,rebalance=20d,min_hold=5d,turnover_penalty=0.01,target_vol=0.18"
2023-11-08,0.0,0.31006956774638866,9896.0,0.0,0.0,0.0,0.0,0.0,9896.0,1024399.1447100003,317635.0,706764.1447100003,24399.144710000255,0.024399144710000265,3,"mom20@q0.6,hold_q=0.4,buy_top=5,hold_top=10,rebalance=20d,min_hold=5d,turnover_penalty=0.01,target_vol=0.18"
2023-11-09,0.0,0.30560452792457615,-6587.0,0.0,0.0,0.0,0.0,0.0,-6587.0,1017812.1447100003,311048.0,706764.1447100003,17812.144710000255,0.017812144710000366,3,"mom20@q0.6,hold_q=0.4,buy_top=5,hold_top=10,rebalance=20d,min_hold=5d,turnover_penalty=0.01,target_vol=0.18"
2023-11-10,5446.46056,0.3072707460965094,10328.0,0.0,5464.0,0.0,17.53944,17.53944,10310.460560000036,1028122.6052700003,315912.0,712210.6052700003,28122.60527000029,0.028122605270000323,3,"mom20@q0.6,hold_q=0.4,buy_top=5,hold_top=10,rebalance=20d,min_hold=5d,turnover_penalty=0.01,target_vol=0.18"
2023-11-13,2661.4293,0.30602833408302205,2003.0,0.0,2670.0,0.0,8.570699999999999,8.570699999999999,1994.4292999999598,1030117.0345700003,315245.0,714872.0345700003,30117.03457000025,0.030117034570000145,3,"mom20@q0.6,hold_q=0.4,buy_top=5,hold_top=10,rebalance=20d,min_hold=5d,turnover_penalty=0.01,target_vol=0.18"
2023-11-14,0.0,0.3078760279462173,2750.0,0.0,0.0,0.0,0.0,0.0,2750.0,1032867.0345700003,317995.0,714872.0345700003,32867.03457000025,0.032867034570000175,3,"mom20@q0.6,hold_q=0.4,buy_top=5,hold_top=10,rebalance=20d,min_hold=5d,turnover_penalty=0.01,target_vol=0.18"
2023-11-15,6830.00508,0.30327757700662544,3008.0,0.0,6852.0,0.0,21.994919999999997,21.994919999999997,2986.0050800000317,1035853.0396500003,314151.0,721702.0396500003,35853.03965000028,0.03585303965000031,3,"mom20@q0.6,hold_q=0.4,buy_top=5,hold_top=10,rebalance=20d,min_hold=5d,turnover_penalty=0.01,target_vol=0.18"
2023-11-16,9821.429,0.29896554918997414,7685.0,2516.0,12384.0,6.818359999999999,39.75264,46.571,7638.429000000004,1043491.4686500003,311968.0,731523.4686500003,43491.468650000286,0.04349146865000031,3,"mom20@q0.6,hold_q=0.4,buy_top=5,hold_top=10,rebalance=20d,min_hold=5d,turnover_penalty=0.01,target_vol=0.18"
2023-11-17,2080.30073,0.2995738547365609,3883.0,0.0,2087.0,0.0,6.699269999999999,6.699269999999999,3876.300730000017,1047367.7693800003,313764.0,733603.7693800003,47367.7693800003,0.04736776938000031,3,"mom20@q0.6,hold_q=0.4,buy_top=5,hold_top=10,rebalance=20d,min_hold=5d,turnover_penalty=0.01,target_vol=0.18"
2023-11-20,4559.31746,0.2961516908959374,1400.0000000001164,0.0,4574.0,0.0,14.68254,14.68254,1385.3174600001657,1048753.0868400005,310590.0,738163.0868400004,48753.08684000047,0.04875308684000057,3,"mom20@q0.6,hold_q=0.4,buy_top=5,hold_top=10,rebalance=20d,min_hold=5d,turnover_penalty=0.01,target_vol=0.18"
2023-11-21,-4935.10612,0.2952712368736586,-8286.000000000116,7240.0,2332.0,19.620399999999997,7.48572,27.106119999999997,-8313.106120000128,1040439.9807200003,307212.0,733227.9807200003,40439.98072000034,0.040439980720000435,3,"mom20@q0.6,hold_q=0.4,buy_top=5,hold_top=10,rebalance=20d,min_hold=5d,turnover_penalty=0.01,target_vol=0.18"
2023-11-22,-2153.82108,0.29011530203553443,-10585.0,2148.0,0.0,5.821079999999999,0.0,5.821079999999999,-10590.821080000023,1029849.1596400003,298775.0,731074.1596400003,29849.159640000318,0.029849159640000344,3,"mom20@q0.6,hold_q=0.4,buy_top=5,hold_top=10,rebalance=20d,min_hold=5d,turnover_penalty=0.01,target_vol=0.18"
2023-11-23,2340.46292,0.2954186923555644,11081.0,0.0,2348.0,0.0,7.53708,7.53708,11073.462919999962,1040922.6225600003,307508.0,733414.6225600003,40922.62256000028,0.040922622560000343,3,"mom20@q0.6,hold_q=0.4,buy_top=5,hold_top=10,rebalance=20d,min_hold=5d,turnover_penalty=0.01,target_vol=0.18"
2023-11-24,90350.01642000001,0.2041633686123462,-4510.0,173264.0,264934.0,469.54544,850.4381399999999,1319.9835799999998,-5829.98358,1035092.6389800003,211328.0,823764.6389800003,35092.63898000028,0.03509263898000037,3,"mom20@q0.6,hold_q=0.4,buy_top=5,hold_top=10,rebalance=20d,min_hold=5d,turnover_penalty=0.01,target_vol=0.18"
2023-11-27,5247.10256,0.2051323862353891,7880.0,0.0,5264.0,0.0,16.89744,16.89744,7863.1025600000285,1042955.7415400003,213944.0,829011.7415400003,42955.74154000031,0.04295574154000037,3,"mom20@q0.6,hold_q=0.4,buy_top=5,hold_top=10,rebalance=20d,min_hold=5d,turnover_penalty=0.01,target_vol=0.18"
2023-11-28,0.0,0.2048815664218264,-329.0,0.0,0.0,0.0,0.0,0.0,-329.0,1042626.7415400003,213615.0,829011.7415400003,42626.74154000031,0.042626741540000346,3,"mom20@q0.6,hold_q=0.4,buy_top=5,hold_top=10,rebalance=20d,min_hold=5d,turnover_penalty=0.01,target_vol=0.18"
2023-11-29,0.0,0.20358913152084124,-1692.0,0.0,0.0,0.0,0.0,0.0,-1692.0,1040934.7415400003,211923.0,829011.7415400003,40934.74154000031,0.04093474154000032,3,"mom20@q0.6,hold_q=0.4,buy_top=5,hold_top=10,rebalance=20d,min_hold=5d,turnover_penalty=0.01,target_vol=0.18"
2023-11-30,0.0,0.2068783924544409,4317.0,0.0,0.0,0.0,0.0,0.0,4317.0,1045251.7415400003,216240.0,829011.7415400003,45251.74154000031,0.04525174154000022,3,"mom20@q0.6,hold_q=0.4,buy_top=5,hold_top=10,rebalance=20d,min_hold=5d,turnover_penalty=0.01,target_vol=0.18"
2023-12-01,0.0,0.21140361915755468,5998.0,0.0,0.0,0.0,0.0,0.0,5998.0,1051249.7415400003,222238.0,829011.7415400003,51249.74154000031,0.05124974154000039,3,"mom20@q0.6,hold_q=0.4,buy_top=5,hold_top=10,rebalance=20d,min_hold=5d,turnover_penalty=0.01,target_vol=0.18"
2023-12-04,2894.67816,0.2111329214585758,3318.0,0.0,2904.0,0.0,9.32184,9.32184,3308.678160000127,1054558.4197000004,222652.0,831906.4197000003,54558.419700000435,0.054558419700000416,3,"mom20@q0.6,hold_q=0.4,buy_top=5,hold_top=10,rebalance=20d,min_hold=5d,turnover_penalty=0.01,target_vol=0.18"
2023-12-05,0.0,0.20586534041228696,-6995.000000000116,0.0,0.0,0.0,0.0,0.0,-6995.000000000116,1047563.4197000003,215657.0,831906.4197000003,47563.41970000032,0.04756341970000033,3,"mom20@q0.6,hold_q=0.4,buy_top=5,hold_top=10,rebalance=20d,min_hold=5d,turnover_penalty=0.01,target_vol=0.18"
2023-12-06,0.0,0.20824386614769944,3147.0000000001164,0.0,0.0,0.0,0.0,0.0,3147.0000000001164,1050710.4197000004,218804.0,831906.4197000003,50710.419700000435,0.05071041970000034,3,"mom20@q0.6,hold_q=0.4,buy_top=5,hold_top=10,rebalance=20d,min_hold=5d,turnover_penalty=0.01,target_vol=0.18"
2023-12-07,3586.4504199999997,0.20362269074518383,-1582.0,0.0,3597.9999999999995,0.0,11.549579999999997,11.549579999999997,-1593.549580000108,1049116.8701200003,213624.0,835492.8701200003,49116.87012000033,0.04911687012000043,3,"mom20@q0.6,hold_q=0.4,buy_top=5,hold_top=10,rebalance=20d,min_hold=5d,turnover_penalty=0.01,target_vol=0.18"
2023-12-08,0.0,0.21349896377663496,13174.0,0.0,0.0,0.0,0.0,0.0,13174.0,1062290.8701200003,226798.0,835492.8701200003,62290.87012000033,0.06229087012000023,3,"mom20@q0.6,hold_q=0.4,buy_top=5,hold_top=10,rebalance=20d,min_hold=5d,turnover_penalty=0.01,target_vol=0.18"
2023-12-11,0.0,0.21447210093167532,1316.0,0.0,0.0,0.0,0.0,0.0,1316.0,1063606.8701200003,228114.0,835492.8701200003,63606.87012000033,0.06360687012000033,3,"mom20@q0.6,hold_q=0.4,buy_top=5,hold_top=10,rebalance=20d,min_hold=5d,turnover_penalty=0.01,target_vol=0.18"
2023-12-12,0.0,0.20930765542831017,-6947.0,0.0,0.0,0.0,0.0,0.0,-6947.0,1056659.8701200003,221167.0,835492.8701200003,56659.87012000033,0.05665987012000029,3,"mom20@q0.6,hold_q=0.4,buy_top=5,hold_top=10,rebalance=20d,min_hold=5d,turnover_penalty=0.01,target_vol=0.18"
2023-12-13,0.0,0.20498217891247245,-5749.0,0.0,0.0,0.0,0.0,0.0,-5749.0,1050910.8701200003,215418.0,835492.8701200003,50910.87012000033,0.050910870120000284,3,"mom20@q0.6,hold_q=0.4,buy_top=5,hold_top=10,rebalance=20d,min_hold=5d,turnover_penalty=0.01,target_vol=0.18"
2023-12-14,0.0,0.20574098356011547,1004.0,0.0,0.0,0.0,0.0,0.0,1004.0,1051914.8701200003,216422.0,835492.8701200003,51914.87012000033,0.05191487012000029,3,"mom20@q0.6,hold_q=0.4,buy_top=5,hold_top=10,rebalance=20d,min_hold=5d,turnover_penalty=0.01,target_vol=0.18"
2023-12-15,-2594.01077,0.20195408753972016,-8235.0,2587.0,0.0,7.010769999999999,0.0,7.010769999999999,-8242.010770000052,1043672.8593500003,210774.0,832898.8593500003,43672.859350000275,0.043672859350000204,3,"mom20@q0.6,hold_q=0.4,buy_top=5,hold_top=10,rebalance=20d,min_hold=5d,turnover_penalty=0.01,target_vol=0.18"
2023-12-18,-6315.06758,0.20655887235462875,-1885.0,6298.0,0.0,17.06758,0.0,17.06758,-1902.0675800000317,1041770.7917700002,215187.0,826583.7917700002,41770.79177000024,0.041770791770000315,3,"mom20@q0.6,hold_q=0.4,buy_top=5,hold_top=10,rebalance=20d,min_hold=5d,turnover_penalty=0.01,target_vol=0.18"
2023-12-19,0.0,0.20890004105765542,3083.0,0.0,0.0,0.0,0.0,0.0,3083.0,1044853.7917700002,218270.0,826583.7917700002,44853.79177000024,0.04485379177000026,3,"mom20@q0.6,hold_q=0.4,buy_top=5,hold_top=10,rebalance=20d,min_hold=5d,turnover_penalty=0.01,target_vol=0.18"
2023-12-20,-3259.81021,0.20468001574007563,-9634.0,3251.0,0.0,8.81021,0.0,8.81021,-9642.810210000025,1035210.9815600002,211887.0,823323.9815600002,35210.98156000022,0.03521098156000013,3,"mom20@q0.6,hold_q=0.4,buy_top=5,hold_top=10,rebalance=20d,min_hold=5d,turnover_penalty=0.01,target_vol=0.18"
2023-12-21,0.0,0.2077671808199479,4034.0,0.0,0.0,0.0,0.0,0.0,4034.0,1039244.9815600002,215921.0,823323.9815600002,39244.98156000022,0.039244981560000225,3,"mom20@q0.6,hold_q=0.4,buy_top=5,hold_top=10,rebalance=20d,min_hold=5d,turnover_penalty=0.01,target_vol=0.18"
2023-12-22,-59785.56994999999,0.2625214345328978,-2712.0,233892.0,175303.0,633.8473199999999,562.72263,1196.5699499999998,-3908.5699500000337,1035336.4116100002,271798.0,763538.4116100002,35336.411610000185,0.03533641161000012,3,"mom20@q0.6,hold_q=0.4,buy_top=5,hold_top=10,rebalance=20d,min_hold=5d,turnover_penalty=0.01,target_vol=0.18"
2023-12-25,0.0,0.26160926556177283,-1279.0,0.0,0.0,0.0,0.0,0.0,-1279.0,1034057.4116100002,270519.0,763538.4116100002,34057.411610000185,0.03405741161000009,3,"mom20@q0.6,hold_q=0.4,buy_top=5,hold_top=10,rebalance=20d,min_hold=5d,turnover_penalty=0.01,target_vol=0.18"
2023-12-26,-3349.0514,0.25815958776456605,-9314.0,3340.0,0.0,9.0514,0.0,9.0514,-9323.051399999997,1024734.3602100002,264545.0,760189.3602100002,24734.360210000188,0.024734360210000084,3,"mom20@q0.6,hold_q=0.4,buy_top=5,hold_top=10,rebalance=20d,min_hold=5d,turnover_penalty=0.01,target_vol=0.18"
2023-12-27,0.0,0.25709605351431297,-1467.0,0.0,0.0,0.0,0.0,0.0,-1467.0,1023267.3602100002,263078.0,760189.3602100002,23267.360210000188,0.0232673602100002,3,"mom20@q0.6,hold_q=0.4,buy_top=5,hold_top=10,rebalance=20d,min_hold=5d,turnover_penalty=0.01,target_vol=0.18"
2023-12-28,0.0,0.2615128283147777,6120.0,0.0,0.0,0.0,0.0,0.0,6120.0,1029387.3602100002,269198.0,760189.3602100002,29387.360210000188,0.029387360210000102,3,"mom20@q0.6,hold_q=0.4,buy_top=5,hold_top=10,rebalance=20d,min_hold=5d,turnover_penalty=0.01,target_vol=0.18"
2023-12-29,0.0,0.264774743001613,4567.0,0.0,0.0,0.0,0.0,0.0,4567.0,1033954.3602100002,273765.0,760189.3602100002,33954.36021000019,0.03395436021000009,3,"mom20@q0.6,hold_q=0.4,buy_top=5,hold_top=10,rebalance=20d,min_hold=5d,turnover_penalty=0.01,target_vol=0.18"
2024-01-02,0.0,0.26122575494527217,-4967.0,0.0,0.0,0.0,0.0,0.0,-4967.0,1028987.3602100002,268798.0,760189.3602100002,28987.360210000188,0.028987360210000146,3,"mom20@q0.6,hold_q=0.4,buy_top=5,hold_top=10,rebalance=20d,min_hold=5d,turnover_penalty=0.01,target_vol=0.18"
2024-01-03,-5171.97818,0.25969207887467416,-9104.0,5158.0,0.0,13.978179999999998,0.0,13.978179999999998,-9117.978179999976,1019869.3820300002,264852.0,755017.3820300002,19869.38203000021,0.019869382030000216,3,"mom20@q0.6,hold_q=0.4,buy_top=5,hold_top=10,rebalance=20d,min_hold=5d,turnover_penalty=0.01,target_vol=0.18"
2024-01-04,0.0,0.2604889678083932,1099.0,0.0,0.0,0.0,0.0,0.0,1099.0,1020968.3820300002,265951.0,755017.3820300002,20968.38203000021,0.020968382030000177,3,"mom20@q0.6,hold_q=0.4,buy_top=5,hold_top=10,rebalance=20d,min_hold=5d,turnover_penalty=0.01,target_vol=0.18"
2024-01-05,0.0,0.25146744148629746,-12305.0,0.0,0.0,0.0,0.0,0.0,-12305.0,1008663.3820300002,253646.0,755017.3820300002,8663.382030000212,0.008663382030000166,3,"mom20@q0.6,hold_q=0.4,buy_top=5,hold_top=10,rebalance=20d,min_hold=5d,turnover_penalty=0.01,target_vol=0.18"
2024-01-08,-3105.39287,0.2512514652827462,-4430.0,3097.0,0.0,8.392869999999998,0.0,8.392869999999998,-4438.3928699999815,1004224.9891600002,252313.0,751911.9891600002,4224.98916000023,0.004224989160000137,3,"mom20@q0.6,hold_q=0.4,buy_top=5,hold_top=10,rebalance=20d,min_hold=5d,turnover_penalty=0.01,target_vol=0.18"
2024-01-09,0.0,0.25554004690057924,5785.0,0.0,0.0,0.0,0.0,0.0,5785.0,1010009.9891600002,258098.0,751911.9891600002,10009.98916000023,0.010009989160000288,3,"mom20@q0.6,hold_q=0.4,buy_top=5,hold_top=10,rebalance=20d,min_hold=5d,turnover_penalty=0.01,target_vol=0.18"
2024-01-10,0.0,0.25236076098655247,-4295.0,0.0,0.0,0.0,0.0,0.0,-4295.0,1005714.9891600002,253803.0,751911.9891600002,5714.98916000023,0.005714989160000128,3,"mom20@q0.6,hold_q=0.4,buy_top=5,hold_top=10,rebalance=20d,min_hold=5d,turnover_penalty=0.01,target_vol=0.18"
2024-01-11,0.0,0.25788832951592217,7491.0,0.0,0.0,0.0,0.0,0.0,7491.0,1013205.9891600002,261294.0,751911.9891600002,13205.98916000023,0.013205989160000264,3,"mom20@q0.6,hold_q=0.4,buy_top=5,hold_top=10,rebalance=20d,min_hold=5d,turnover_penalty=0.01,target_vol=0.18"
2024-01-12,-6521.625840000001,0.2578892935156163,-8769.0,6504.000000000001,0.0,17.62584,0.0,17.62584,-8786.625839999993,1004419.3633200002,259029.0,745390.3633200002,4419.363320000237,0.004419363320000258,3,"mom20@q0.6,hold_q=0.4,buy_top=5,hold_top=10,rebalance=20d,min_hold=5d,turnover_penalty=0.01,target_vol=0.18"
2024-01-15,0.0,0.26191838895240416,5483.0,0.0,0.0,0.0,0.0,0.0,5483.0,1009902.3633200002,264512.0,745390.3633200002,9902.363320000237,0.009902363320000163,3,"mom20@q0.6,hold_q=0.4,buy_top=5,hold_top=10,rebalance=20d,min_hold=5d,turnover_penalty=0.01,target_vol=0.18"
2024-01-16,3359.1823000000004,0.2581691734263613,-565.0,0.0,3370.0000000000005,0.0,10.8177,10.8177,-575.8177000000142,1009326.5456200002,260577.0,748749.5456200002,9326.545620000223,0.009326545620000237,3,"mom20@q0.6,hold_q=0.4,buy_top=5,hold_top=10,rebalance=20d,min_hold=5d,turnover_penalty=0.01,target_vol=0.18"
2024-01-17,0.0,0.2574798609602427,-937.0,0.0,0.0,0.0,0.0,0.0,-937.0,1008389.5456200002,259640.0,748749.5456200002,8389.545620000223,0.008389545620000272,3,"mom20@q0.6,hold_q=0.4,buy_top=5,hold_top=10,rebalance=20d,min_hold=5d,turnover_penalty=0.01,target_vol=0.18"
2024-01-18,3698.0909,0.2690074598254934,20973.0,0.0,3710.0,0.0,11.909099999999999,11.909099999999999,20961.090899999952,1029350.6365200002,276903.0,752447.6365200002,29350.636520000175,0.02935063652000025,3,"mom20@q0.6,hold_q=0.4,buy_top=5,hold_top=10,rebalance=20d,min_hold=5d,turnover_penalty=0.01,target_vol=0.18"
2024-01-19,-4596.42264,0.26846366590400006,-7036.0,4584.0,0.0,12.42264,0.0,12.42264,-7048.422640000004,1022302.2138800002,274451.0,747851.2138800002,22302.21388000017,0.0223022138800002,3,"mom20@q0.6,hold_q=0.4,buy_top=5,hold_top=10,rebalance=20d,min_hold=5d,turnover_penalty=0.01,target_vol=0.18"
2024-01-22,-351811.9102500001,0.6122459547878095,1646.0,625328.0,276097.0,1694.6388799999997,886.2713699999999,2580.91025,-934.9102500000736,1021367.3036300001,625328.0,396039.3036300001,21367.303630000097,0.021367303630000167,3,"mom20@q0.6,hold_q=0.4,buy_top=5,hold_top=10,rebalance=20d,min_hold=5d,turnover_penalty=0.01,target_vol=0.18"
2024-01-23,-2496.7479,0.618130639109947,9208.0,2490.0,0.0,6.7479,0.0,6.7479,9201.252100000042,1030568.5557300001,637026.0,393542.5557300001,30568.55573000014,0.03056855573000017,3,"mom20@q0.6,hold_q=0.4,buy_top=5,hold_top=10,rebalance=20d,min_hold=5d,turnover_penalty=0.01,target_vol=0.18"
2024-01-24,2901.65569,0.6190509708797114,10116.0,0.0,2911.0,0.0,9.34431,9.34431,10106.655689999927,1040675.2114200001,644231.0,396444.21142000007,40675.211420000065,0.04067521141999997,3,"mom20@q0.6,hold_q=0.4,buy_top=5,hold_top=10,rebalance=20d,min_hold=5d,turnover_penalty=0.01,target_vol=0.18"
2024-01-25,1981.5550199999993,0.6173265154987888,509.0,2368.0,4370.0,6.417279999999999,14.027699999999998,20.444979999999997,488.5550199999707,1041163.76644,642738.0,398425.76644000004,41163.766440000036,0.04116376643999997,3,"mom20@q0.6,hold_q=0.4,buy_top=5,hold_top=10,rebalance=20d,min_hold=5d,turnover_penalty=0.01,target_vol=0.18"
2024-01-26,3020.2737,0.616570191655553,5833.0,0.0,3030.0,0.0,9.726299999999998,9.726299999999998,5823.27370000002,1046987.04014,645541.0,401446.04014000006,46987.040140000056,0.0469870401400001,3,"mom20@q0.6,hold_q=0.4,buy_top=5,hold_top=10,rebalance=20d,min_hold=5d,turnover_penalty=0.01,target_vol=0.18"
2024-01-29,-5931.5784300000005,0.6193262790616454,-7955.0,11059.0,5174.0,29.96989,16.608539999999998,46.57843,-8001.578429999994,1038985.4617100001,643471.0,395514.46171000006,38985.46171000006,0.03898546171000006,3,"mom20@q0.6,hold_q=0.4,buy_top=5,hold_top=10,rebalance=20d,min_hold=5d,turnover_penalty=0.01,target_vol=0.18"
2024-01-30,-6300.02693,0.6244635182346105,-2546.0,6283.0,0.0,17.026929999999997,0.0,17.026929999999997,-2563.026930000051,1036422.43478,647208.0,389214.43478000007,36422.43478000001,0.03642243477999996,3,"mom20@q0.6,hold_q=0.4,buy_top=5,hold_top=10,rebalance=20d,min_hold=5d,turnover_penalty=0.01,target_vol=0.18"
2024-01-31,412.7787100000005,0.6223430808454968,-4690.0,5875.0,6324.0,15.921249999999999,20.30004,36.221289999999996,-4726.221290000016,1031696.21349,642069.0,389627.21349000005,31696.213489999995,0.03169621349000007,3,"mom20@q0.6,hold_q=0.4,buy_top=5,hold_top=10,rebalance=20d,min_hold=5d,turnover_penalty=0.01,target_vol=0.18"
2024-02-01,3810.6808899999996,0.6189939129911488,953.0,1355.0,5186.0,3.6720499999999996,16.64706,20.31911,932.680890000076,1032628.8943800001,639191.0,393437.89438000007,32628.89438000007,0.03262889438000016,3,"mom20@q0.6,hold_q=0.4,buy_top=5,hold_top=10,rebalance=20d,min_hold=5d,turnover_penalty=0.01,target_vol=0.18"
2024-02-02,-5630.21665,0.6214932467365708,-8041.0,5615.0,0.0,15.216649999999998,0.0,15.216649999999998,-8056.2166499999585,1024572.6777300001,636765.0,387807.67773000005,24572.677730000112,0.02457267773000016,3,"mom20@q0.6,hold_q=0.4,buy_top=5,hold_top=10,rebalance=20d,min_hold=5d,turnover_penalty=0.01,target_vol=0.18"
2024-02-05,550.9595600000014,0.6219005753577992,2598.0,5938.0,6526.000000000001,16.09198,20.94846,37.040440000000004,2560.959559999872,1027133.63729,638775.0,388358.63729000004,27133.637289999984,0.027133637289999957,3,"mom20@q0.6,hold_q=0.4,buy_top=5,hold_top=10,rebalance=20d,min_hold=5d,turnover_penalty=0.01,target_vol=0.18"
2024-02-06,941.8194800000001,0.6273226155154,17493.0,3224.0,4188.0,8.737039999999999,13.44348,22.180519999999998,17470.819480000064,1044604.45677,655304.0,389300.45677000005,44604.45677000005,0.044604456770000134,3,"mom20@q0.6,hold_q=0.4,buy_top=5,hold_top=10,rebalance=20d,min_hold=5d,turnover_penalty=0.01,target_vol=0.18"
2024-02-07,2183.96689,0.6297373376954639,12718.0,0.0,2191.0,0.0,7.03311,7.03311,12710.96689000004,1057315.42366,665831.0,391484.42366000003,57315.42366000009,0.0573154236600002,3,"mom20@q0.6,hold_q=0.4,buy_top=5,hold_top=10,rebalance=20d,min_hold=5d,turnover_penalty=0.01,target_vol=0.18"
2024-02-08,6636.627820000001,0.6228900271792996,-1578.0,0.0,6658.0,0.0,21.37218,21.37218,-1599.3721800001804,1055716.05148,657595.0,398121.05148,55716.05147999991,0.05571605147999992,3,"mom20@q0.6,hold_q=0.4,buy_top=5,hold_top=10,rebalance=20d,min_hold=5d,turnover_penalty=0.01,target_vol=0.18"
2024-02-19,4855.36409,0.6226821122357399,12302.0,0.0,4871.0,0.0,15.635909999999999,15.635909999999999,12286.364090000046,1068002.41557,665026.0,402976.41557,68002.41556999995,0.06800241556999986,3,"mom20@q0.6,hold_q=0.4,buy_top=5,hold_top=10,rebalance=20d,min_hold=5d,turnover_penalty=0.01,target_vol=0.18"
2024-02-20,0.0,0.6235098247190378,2348.0,0.0,0.0,0.0,0.0,0.0,2348.0,1070350.41557,667374.0,402976.41557,70350.41556999995,0.07035041556999988,3,"mom20@q0.6,hold_q=0.4,buy_top=5,hold_top=10,rebalance=20d,min_hold=5d,turnover_penalty=0.01,target_vol=0.18"
2024-02-21,0.0,0.6254209522804794,5461.0,0.0,0.0,0.0,0.0,0.0,5461.0,1075811.41557,672835.0,402976.41557,75811.41556999995,0.07581141557000004,3,"mom20@q0.6,hold_q=0.4,buy_top=5,hold_top=10,rebalance=20d,min_hold=5d,turnover_penalty=0.01,target_vol=0.18"
2024-02-22,5908.97112,0.6217485851610189,5196.0,0.0,5928.0,0.0,19.028879999999997,19.028879999999997,5176.971120000118,1080988.38669,672103.0,408885.38669,80988.38669000007,0.08098838669000008,3,"mom20@q0.6,hold_q=0.4,buy_top=5,hold_top=10,rebalance=20d,min_hold=5d,turnover_penalty=0.01,target_vol=0.18"
2024-02-23,1456.31019,0.6180297887204041,-6707.0,0.0,1461.0,0.0,4.68981,4.68981,-6711.689810000127,1074276.69688,663935.0,410341.69688,74276.69687999994,0.07427669687999994,3,"mom20@q0.6,hold_q=0.4,buy_top=5,hold_top=10,rebalance=20d,min_hold=5d,turnover_penalty=0.01,target_vol=0.18"
2024-02-26,-4755.85353,0.6200543494155546,-6780.0,4743.0,0.0,12.85353,0.0,12.85353,-6792.853529999964,1067483.84335,661898.0,405585.84335000004,67483.84334999998,0.06748384335000002,3,"mom20@q0.6,hold_q=0.4,buy_top=5,hold_top=10,rebalance=20d,min_hold=5d,turnover_penalty=0.01,target_vol=0.18"
2024-02-27,439226.59236000007,0.21460171589208213,10950.0,230836.0,672848.0,625.56556,2159.84208,2785.40764,8164.592360000126,1075648.43571,230836.0,844812.4357100001,75648.4357100001,0.07564843571000002,3,"mom20@q0.6,hold_q=0.4,buy_top=5,hold_top=10,rebalance=20d,min_hold=5d,turnover_penalty=0.01,target_vol=0.18"
2024-02-28,-1669.5121499999998,0.21179638459095676,-5942.0,1664.9999999999998,0.0,4.512149999999999,0.0,4.512149999999999,-5946.512150000082,1069701.92356,226559.0,843142.9235600001,69701.92356000002,0.06970192356000005,3,"mom20@q0.6,hold_q=0.4,buy_top=5,hold_top=10,rebalance=20d,min_hold=5d,turnover_penalty=0.01,target_vol=0.18"
2024-02-29,-794.14632,0.21833556690013858,7935.0,792.0,0.0,2.14632,0.0,2.14632,7932.853680000175,1077634.7772400002,235286.0,842348.7772400001,77634.7772400002,0.07763477724000012,3,"mom20@q0.6,hold_q=0.4,buy_top=5,hold_top=10,rebalance=20d,min_hold=5d,turnover_penalty=0.01,target_vol=0.18"
2024-03-01,6334.931280000001,0.2190803651699246,9165.0,786.0,7146.0,2.13006,22.93866,25.06872,9139.931279999902,1086774.70852,238091.0,848683.7085200001,86774.7085200001,0.08677470852000013,3,"mom20@q0.6,hold_q=0.4,buy_top=5,hold_top=10,rebalance=20d,min_hold=5d,turnover_penalty=0.01,target_vol=0.18"
2024-03-04,5715.59386,0.221423394362598,10630.0,0.0,5734.0,0.0,18.406139999999997,18.406139999999997,10611.59386000014,1097386.3023800002,242987.0,854399.3023800001,97386.30238000024,0.09738630238000034,3,"mom20@q0.6,hold_q=0.4,buy_top=5,hold_top=10,rebalance=20d,min_hold=5d,turnover_penalty=0.01,target_vol=0.18"
2024-03-05,2113.1948,0.21900823299895383,-681.0,0.0,2120.0,0.0,6.805199999999999,6.805199999999999,-687.8052000000607,1096698.4971800002,240186.0,856512.4971800002,96698.49718000018,0.09669849718000023,3,"mom20@q0.6,hold_q=0.4,buy_top=5,hold_top=10,rebalance=20d,min_hold=5d,turnover_penalty=0.01,target_vol=0.18"
2024-03-06,-808.18426,0.21905715216187527,-964.0,806.0,0.0,2.1842599999999996,0.0,2.1842599999999996,-966.1842600000091,1095732.3129200002,240028.0,855704.3129200002,95732.31292000017,0.09573231292000006,3,"mom20@q0.6,hold_q=0.4,buy_top=5,hold_top=10,rebalance=20d,min_hold=5d,turnover_penalty=0.01,target_vol=0.18"
2024-03-07,0.0,0.21773568776324714,-1851.0,0.0,0.0,0.0,0.0,0.0,-1851.0,1093881.3129200002,238177.0,855704.3129200002,93881.31292000017,0.09388131292000024,3,"mom20@q0.6,hold_q=0.4,buy_top=5,hold_top=10,rebalance=20d,min_hold=5d,turnover_penalty=0.01,target_vol=0.18"
2024-03-08,5472.3771,0.22132029043475362,12081.0,0.0,5490.0,0.0,17.622899999999998,17.622899999999998,12063.377099999925,1105944.69002,244768.0,861176.6900200002,105944.6900200001,0.10594469002000007,3,"mom20@q0.6,hold_q=0.4,buy_top=5,hold_top=10,rebalance=20d,min_hold=5d,turnover_penalty=0.01,target_vol=0.18"
2024-03-11,1609.0196500000002,0.22039059175198153,755.0,808.0,2427.0,2.1896799999999996,7.7906699999999995,9.98035,745.0196500001475,1106689.7096700002,243904.0,862785.7096700002,106689.70967000024,0.10668970967000035,3,"mom20@q0.6,hold_q=0.4,buy_top=5,hold_top=10,rebalance=20d,min_hold=5d,turnover_penalty=0.01,target_vol=0.18"
2024-03-12,-2334.30888,0.21608418249068945,-9051.0,2328.0,0.0,6.308879999999999,0.0,6.308879999999999,-9057.30887999991,1097632.4007900003,237181.0,860451.4007900002,97632.40079000033,0.09763240079000024,3,"mom20@q0.6,hold_q=0.4,buy_top=5,hold_top=10,rebalance=20d,min_hold=5d,turnover_penalty=0.01,target_vol=0.18"
2024-03-13,0.0,0.2147535380799376,-1860.0,0.0,0.0,0.0,0.0,0.0,-1860.0,1095772.4007900003,235321.0,860451.4007900002,95772.40079000033,0.09577240079000027,3,"mom20@q0.6,hold_q=0.4,buy_top=5,hold_top=10,rebalance=20d,min_hold=5d,turnover_penalty=0.01,target_vol=0.18"
2024-03-14,-4271.5446,0.2200890803093943,2031.0,4260.0,0.0,11.544599999999999,0.0,11.544599999999999,2019.4553999998607,1097791.8561900002,241612.0,856179.8561900002,97791.8561900002,0.09779185619000019,3,"mom20@q0.6,hold_q=0.4,buy_top=5,hold_top=10,rebalance=20d,min_hold=5d,turnover_penalty=0.01,target_vol=0.18"
2024-03-15,790.45447,0.22305876283839574,5216.0,0.0,793.0,0.0,2.54553,2.54553,5213.454469999997,1103005.3106600002,246035.0,856970.3106600002,103005.31066000019,0.10300531066000018,3,"mom20@q0.6,hold_q=0.4,buy_top=5,hold_top=10,rebalance=20d,min_hold=5d,turnover_penalty=0.01,target_vol=0.18"
2024-03-18,2338.46934,0.2260792715489058,7334.0,0.0,2346.0,0.0,7.530659999999999,7.530659999999999,7326.469340000069,1110331.7800000003,251023.0,859308.7800000001,110331.78000000026,0.11033178000000032,3,"mom20@q0.6,hold_q=0.4,buy_top=5,hold_top=10,rebalance=20d,min_hold=5d,turnover_penalty=0.01,target_vol=0.18"
2024-03-19,0.0,0.22555196725725207,-756.0,0.0,0.0,0.0,0.0,0.0,-756.0,1109575.7800000003,250267.0,859308.7800000001,109575.78000000026,0.10957578000000034,3,"mom20@q0.6,hold_q=0.4,buy_top=5,hold_top=10,rebalance=20d,min_hold=5d,turnover_penalty=0.01,target_vol=0.18"
2024-03-20,1638.7227600000003,0.2248084519755117,1055.0,0.0,1644.0000000000002,0.0,5.27724,5.27724,1049.7227599998005,1110625.50276,249678.0,860947.5027600002,110625.50276000006,0.11062550276000005,3,"mom20@q0.6,hold_q=0.4,buy_top=5,hold_top=10,rebalance=20d,min_hold=5d,turnover_penalty=0.01,target_vol=0.18"
2024-03-21,0.0,0.2234688161175006,-1916.0,0.0,0.0,0.0,0.0,0.0,-1916.0,1108709.50276,247762.0,860947.5027600002,108709.50276000006,0.10870950276000002,3,"mom20@q0.6,hold_q=0.4,buy_top=5,hold_top=10,rebalance=20d,min_hold=5d,turnover_penalty=0.01,target_vol=0.18"
2024-03-22,0.0,0.2236837769164235,307.0,0.0,0.0,0.0,0.0,0.0,307.0,1109016.50276,248069.0,860947.5027600002,109016.50276000006,0.10901650276000008,3,"mom20@q0.6,hold_q=0.4,buy_top=5,hold_top=10,rebalance=20d,min_hold=5d,turnover_penalty=0.01,target_vol=0.18"
2024-03-25,1666.6328800000001,0.2196892468860449,-3536.0,0.0,1672.0,0.0,5.36712,5.36712,-3541.3671199998353,1105475.1356400002,242861.0,862614.1356400002,105475.13564000023,0.10547513564000033,3,"mom20@q0.6,hold_q=0.4,buy_top=5,hold_top=10,rebalance=20d,min_hold=5d,turnover_penalty=0.01,target_vol=0.18"
2024-03-26,19069.58249000001,0.19698502370669482,-6667.0,131335.0,151246.0,355.91785,485.49965999999995,841.41751,-7508.4175100000575,1097966.7181300002,216283.0,881683.7181300002,97966.71813000017,0.09796671813000013,3,"mom20@q0.6,hold_q=0.4,buy_top=5,hold_top=10,rebalance=20d,min_hold=5d,turnover_penalty=0.01,target_vol=0.18"
2024-03-27,-6766.28708,0.1994507382466028,-5052.0,6748.0,0.0,18.28708,0.0,18.28708,-5070.287079999922,1092896.4310500002,217979.0,874917.4310500001,92896.43105000025,0.09289643105000023,3,"mom20@q0.6,hold_q=0.4,buy_top=5,hold_top=10,rebalance=20d,min_hold=5d,turnover_penalty=0.01,target_vol=0.18"
2024-03-28,0.0,0.20372320814837733,5864.0,0.0,0.0,0.0,0.0,0.0,5864.0,1098760.4310500002,223843.0,874917.4310500001,98760.43105000025,0.09876043105000032,3,"mom20@q0.6,hold_q=0.4,buy_top=5,hold_top=10,rebalance=20d,min_hold=5d,turnover_penalty=0.01,target_vol=0.18"
2024-03-29,0.0,0.20681075145641128,4277.0,0.0,0.0,0.0,0.0,0.0,4277.0,1103037.4310500002,228120.0,874917.4310500001,103037.43105000025,0.10303743105000018,3,"mom20@q0.6,hold_q=0.4,buy_top=5,hold_top=10,rebalance=20d,min_hold=5d,turnover_penalty=0.01,target_vol=0.18"
2024-04-01,0.0,0.21231862118393724,7713.0,0.0,0.0,0.0,0.0,0.0,7713.0,1110750.4310500002,235833.0,874917.4310500001,110750.43105000025,0.11075043105000026,3,"mom20@q0.6,hold_q=0.4,buy_top=5,hold_top=10,rebalance=20d,min_hold=5d,turnover_penalty=0.01,target_vol=0.18"
2024-04-02,-8489.94557,0.21460165742074633,-7558.0,8467.0,0.0,22.945569999999996,0.0,22.945569999999996,-7580.945569999982,1103169.4854800003,236742.0,866427.4854800001,103169.48548000026,0.10316948548000027,3,"mom20@q0.6,hold_q=0.4,buy_top=5,hold_top=10,rebalance=20d,min_hold=5d,turnover_penalty=0.01,target_vol=0.18"
2024-04-03,0.0,0.2104426247717832,-5811.0,0.0,0.0,0.0,0.0,0.0,-5811.0,1097358.4854800003,230931.0,866427.4854800001,97358.48548000026,0.09735848548000026,3,"mom20@q0.6,hold_q=0.4,buy_top=5,hold_top=10,rebalance=20d,min_hold=5d,turnover_penalty=0.01,target_vol=0.18"
2024-04-08,0.0,0.20880740270496678,-2268.0,0.0,0.0,0.0,0.0,0.0,-2268.0,1095090.4854800003,228663.0,866427.4854800001,95090.48548000026,0.09509048548000032,3,"mom20@q0.6,hold_q=0.4,buy_top=5,hold_top=10,rebalance=20d,min_hold=5d,turnover_penalty=0.01,target_vol=0.18"
2024-04-09,0.0,0.2084647938587704,-474.0,0.0,0.0,0.0,0.0,0.0,-474.0,1094616.4854800003,228189.0,866427.4854800001,94616.48548000026,0.09461648548000023,3,"mom20@q0.6,hold_q=0.4,buy_top=5,hold_top=10,rebalance=20d,min_hold=5d,turnover_penalty=0.01,target_vol=0.18"
2024-04-10,-1960.29805,0.20203165422810765,-11276.0,1955.0,0.0,5.29805,0.0,5.29805,-11281.2980500001,1083335.1874300002,218868.0,864467.1874300002,83335.18743000017,0.08333518743000012,3,"mom20@q0.6,hold_q=0.4,buy_top=5,hold_top=10,rebalance=20d,min_hold=5d,turnover_penalty=0.01,target_vol=0.18"
2024-04-11,0.0,0.20149284709293114,-731.0,0.0,0.0,0.0,0.0,0.0,-731.0,1082604.1874300002,218137.0,864467.1874300002,82604.18743000017,0.08260418743000009,3,"mom20@q0.6,hold_q=0.4,buy_top=5,hold_top=10,rebalance=20d,min_hold=5d,turnover_penalty=0.01,target_vol=0.18"
2024-04-12,0.0,0.21173457860120903,14066.0,0.0,0.0,0.0,0.0,0.0,14066.0,1096670.1874300002,232203.0,864467.1874300002,96670.18743000017,0.09667018743000022,3,"mom20@q0.6,hold_q=0.4,buy_top=5,hold_top=10,rebalance=20d,min_hold=5d,turnover_penalty=0.01,target_vol=0.18"
2024-04-15,0.0,0.20876275878343079,-4119.0,0.0,0.0,0.0,0.0,0.0,-4119.0,1092551.1874300002,228084.0,864467.1874300002,92551.18743000017,0.09255118743000024,3,"mom20@q0.6,hold_q=0.4,buy_top=5,hold_top=10,rebalance=20d,min_hold=5d,turnover_penalty=0.01,target_vol=0.18"
2024-04-16,-7101.192219999999,0.20776593978745292,-10319.0,7081.999999999999,0.0,19.192219999999995,0.0,19.192219999999995,-10338.192219999852,1082212.9952100003,224847.0,857365.9952100002,82212.99521000031,0.08221299521000036,3,"mom20@q0.6,hold_q=0.4,buy_top=5,hold_top=10,rebalance=20d,min_hold=5d,turnover_penalty=0.01,target_vol=0.18"
2024-04-17,0.0,0.21546188930936347,10616.0,0.0,0.0,0.0,0.0,0.0,10616.0,1092828.9952100003,235463.0,857365.9952100002,92828.99521000031,0.09282899521000032,3,"mom20@q0.6,hold_q=0.4,buy_top=5,hold_top=10,rebalance=20d,min_hold=5d,turnover_penalty=0.01,target_vol=0.18"
2024-04-18,2128.14665,0.21284907551960114,-917.0,0.0,2135.0,0.0,6.85335,6.85335,-923.8533499999903,1091905.1418600003,232411.0,859494.1418600002,91905.14186000032,0.09190514186000032,3,"mom20@q0.6,hold_q=0.4,buy_top=5,hold_top=10,rebalance=20d,min_hold=5d,turnover_penalty=0.01,target_vol=0.18"
2024-04-19,0.0,0.20666092912518924,-8517.0,0.0,0.0,0.0,0.0,0.0,-8517.0,1083388.1418600003,223894.0,859494.1418600002,83388.14186000032,0.08338814186000043,3,"mom20@q0.6,hold_q=0.4,buy_top=5,hold_top=10,rebalance=20d,min_hold=5d,turnover_penalty=0.01,target_vol=0.18"
2024-04-22,-1934.22759,0.20433112125081257,-5598.0,1929.0,0.0,5.227589999999999,0.0,5.227589999999999,-5603.227590000257,1077784.91427,220225.0,857559.9142700002,77784.91427000007,0.07778491427,3,"mom20@q0.6,hold_q=0.4,buy_top=5,hold_top=10,rebalance=20d,min_hold=5d,turnover_penalty=0.01,target_vol=0.18"
2024-04-23,0.0,0.20466393029525887,451.0,0.0,0.0,0.0,0.0,0.0,451.0,1078235.91427,220676.0,857559.9142700002,78235.91427000007,0.07823591426999998,3,"mom20@q0.6,hold_q=0.4,buy_top=5,hold_top=10,rebalance=20d,min_hold=5d,turnover_penalty=0.01,target_vol=0.18"
2024-04-24,0.0,0.21158844222563555,9470.0,0.0,0.0,0.0,0.0,0.0,9470.0,1087705.91427,230146.0,857559.9142700002,87705.91427000007,0.08770591427000007,3,"mom20@q0.6,hold_q=0.4,buy_top=5,hold_top=10,rebalance=20d,min_hold=5d,turnover_penalty=0.01,target_vol=0.18"
2024-04-25,-120899.57071,0.3196880851400653,-3212.0,346167.0,226934.0,938.1125699999999,728.4581400000001,1666.57071,-4878.570710000116,1082827.34356,346167.0,736660.3435600001,82827.34355999995,0.08282734355999999,3,"mom20@q0.6,hold_q=0.4,buy_top=5,hold_top=10,rebalance=20d,min_hold=5d,turnover_penalty=0.01,target_vol=0.18"
2024-04-26,-935.8153499999999,0.32211688456246357,2522.0,4349.0,3436.0,11.785789999999999,11.029559999999998,22.815349999999995,2499.184650000185,1085326.5282100001,349602.0,735724.52821,85326.52821000014,0.0853265282100002,3,"mom20@q0.6,hold_q=0.4,buy_top=5,hold_top=10,rebalance=20d,min_hold=5d,turnover_penalty=0.01,target_vol=0.18"
2024-04-29,-2388.45522,0.32317231945994185,-1830.0,2382.0,0.0,6.45522,0.0,6.45522,-1836.4552200001199,1083490.07299,350154.0,733336.07299,83490.07299000002,0.08349007299000011,3,"mom20@q0.6,hold_q=0.4,buy_top=5,hold_top=10,rebalance=20d,min_hold=5d,turnover_penalty=0.01,target_vol=0.18"
2024-04-30,-3668.91589,0.32218951811139623,-6974.0,3659.0,0.0,9.91589,0.0,9.91589,-6983.915890000062,1076506.1571,346839.0,729667.1571000001,76506.15709999995,0.07650615709999986,3,"mom20@q0.6,hold_q=0.4,buy_top=5,hold_top=10,rebalance=20d,min_hold=5d,turnover_penalty=0.01,target_vol=0.18"
2024-05-06,-354.3907800000002,0.3259061481277185,5434.0,4299.0,3969.0,11.650289999999998,12.740489999999998,24.390779999999996,5409.609219999984,1081915.76632,352603.0,729312.76632,81915.76631999994,0.08191576631999986,3,"mom20@q0.6,hold_q=0.4,buy_top=5,hold_top=10,rebalance=20d,min_hold=5d,turnover_penalty=0.01,target_vol=0.18"
2024-05-07,2384.32168,0.3247330081328568,1659.0,0.0,2392.0,0.0,7.678319999999999,7.678319999999999,1651.3216800000519,1083567.088,351870.0,731697.0880000001,83567.08799999999,0.0835670879999999,3,"mom20@q0.6,hold_q=0.4,buy_top=5,hold_top=10,rebalance=20d,min_hold=5d,turnover_penalty=0.01,target_vol=0.18"
2024-05-08,707.7209,0.32416451919745504,138.0,0.0,710.0,0.0,2.2790999999999997,2.2790999999999997,135.72090000007302,1083702.8089,351298.0,732404.8089000001,83702.80890000006,0.08370280890000004,3,"mom20@q0.6,hold_q=0.4,buy_top=5,hold_top=10,rebalance=20d,min_hold=5d,turnover_penalty=0.01,target_vol=0.18"
2024-05-09,2520.88191,0.3255444374795437,5963.0,0.0,2529.0,0.0,8.11809,8.11809,5954.881909999996,1089657.69081,354732.0,734925.6908100001,89657.69081000006,0.08965769080999997,3,"mom20@q0.6,hold_q=0.4,buy_top=5,hold_top=10,rebalance=20d,min_hold=5d,turnover_penalty=0.01,target_vol=0.18"
2024-05-10,5237.13466,0.32434766582325913,5838.0,0.0,5254.0,0.0,16.86534,16.86534,5821.1346599999815,1095478.82547,355316.0,740162.8254700002,95478.82547000004,0.09547882547000008,3,"mom20@q0.6,hold_q=0.4,buy_top=5,hold_top=10,rebalance=20d,min_hold=5d,turnover_penalty=0.01,target_vol=0.18"
2024-05-13,3892.46495,0.3236108741654211,4574.0,0.0,3905.0,0.0,12.535049999999998,12.535049999999998,4561.464950000169,1100040.2904200002,355985.0,744055.2904200002,100040.29042000021,0.10004029042000018,3,"mom20@q0.6,hold_q=0.4,buy_top=5,hold_top=10,rebalance=20d,min_hold=5d,turnover_penalty=0.01,target_vol=0.18"
2024-05-14,-2553.43453,0.32176142746117103,-6742.0,5162.0,2631.0,13.98902,8.445509999999999,22.43453,-6764.4345299999695,1093275.8558900002,351774.0,741501.8558900001,93275.85589000024,0.0932758558900002,3,"mom20@q0.6,hold_q=0.4,buy_top=5,hold_top=10,rebalance=20d,min_hold=5d,turnover_penalty=0.01,target_vol=0.18"
2024-05-15,-8120.94829,0.3232651227683708,-9549.0,8099.0,0.0,21.94829,0.0,21.94829,-9570.948290000204,1083704.9076,350324.0,733380.9076000002,83704.90760000004,0.08370490760000004,3,"mom20@q0.6,hold_q=0.4,buy_top=5,hold_top=10,rebalance=20d,min_hold=5d,turnover_penalty=0.01,target_vol=0.18"
2024-05-16,-1900.56153,0.3247082158225007,-477.0,4661.0,2782.0,12.63131,8.930219999999998,21.561529999999998,-498.5615299998317,1083206.3460700002,351726.0,731480.3460700002,83206.3460700002,0.0832063460700001,3,"mom20@q0.6,hold_q=0.4,buy_top=5,hold_top=10,rebalance=20d,min_hold=5d,turnover_penalty=0.01,target_vol=0.18"
2024-05-17,-666.80215,0.3250023766957368,-514.0,665.0,0.0,1.80215,0.0,1.80215,-515.8021500001196,1082690.54392,351877.0,730813.5439200002,82690.54392000008,0.08269054392000008,3,"mom20@q0.6,hold_q=0.4,buy_top=5,hold_top=10,rebalance=20d,min_hold=5d,turnover_penalty=0.01,target_vol=0.18"
2024-05-20,3358.1855100000002,0.3257958504375636,6266.0,0.0,3369.0,0.0,10.81449,10.81449,6255.185510000214,1088945.7294300003,354774.0,734171.7294300002,88945.7294300003,0.08894572943000023,3,"mom20@q0.6,hold_q=0.4,buy_top=5,hold_top=10,rebalance=20d,min_hold=5d,turnover_penalty=0.01,target_vol=0.18"
2024-05-21,-3875.47415,0.3235907376853179,-9269.0,3865.0,0.0,10.47415,0.0,10.47415,-9279.47415000014,1079666.2552800002,349370.0,730296.2552800002,79666.25528000016,0.07966625528000026,3,"mom20@q0.6,hold_q=0.4,buy_top=5,hold_top=10,rebalance=20d,min_hold=5d,turnover_penalty=0.01,target_vol=0.18"
2024-05-22,-1508.07584,0.3225170485573418,-3933.0,1504.0,0.0,4.0758399999999995,0.0,4.0758399999999995,-3937.075840000063,1075729.17944,346941.0,728788.1794400002,75729.1794400001,0.07572917944000013,3,"mom20@q0.6,hold_q=0.4,buy_top=5,hold_top=10,rebalance=20d,min_hold=5d,turnover_penalty=0.01,target_vol=0.18"
2024-05-23,-2041.5175599999998,0.3224323259394788,-3142.0,2036.0,0.0,5.51756,0.0,5.51756,-3147.5175600000657,1072581.66188,345835.0,726746.6618800001,72581.66188000003,0.07258166187999993,3,"mom20@q0.6,hold_q=0.4,buy_top=5,hold_top=10,rebalance=20d,min_hold=5d,turnover_penalty=0.01,target_vol=0.18"
2024-05-24,1323.73712,0.3215787723902352,606.0,0.0,1328.0,0.0,4.26288,4.26288,601.7371200001799,1073183.3990000002,345113.0,728070.3990000001,73183.39900000021,0.07318339900000015,3,"mom20@q0.6,hold_q=0.4,buy_top=5,hold_top=10,rebalance=20d,min_hold=5d,turnover_penalty=0.01,target_vol=0.18"
2024-05-27,4290.83106,0.32311881510224494,8808.0,2248.0,6566.0,6.092079999999999,21.076860000000003,27.168940000000003,8780.831059999997,1081964.2300600002,349603.0,732361.2300600002,81964.2300600002,0.08196423006000031,3,"mom20@q0.6,hold_q=0.4,buy_top=5,hold_top=10,rebalance=20d,min_hold=5d,turnover_penalty=0.01,target_vol=0.18"
2024-05-28,-19284.800489999994,0.338167555419869,-2435.0,364351.0,347168.0,987.3912099999998,1114.4092799999999,2101.8004899999996,-4536.800490000052,1077427.4295700002,364351.0,713076.42957,77427.42957000015,0.07742742957000015,3,"mom20@q0.6,hold_q=0.4,buy_top=5,hold_top=10,rebalance=20d,min_hold=5d,turnover_penalty=0.01,target_vol=0.18"
2024-05-29,0.0,0.3392769090882978,1809.0,0.0,0.0,0.0,0.0,0.0,1809.0,1079236.4295700002,366160.0,713076.42957,79236.42957000015,0.0792364295700001,3,"mom20@q0.6,hold_q=0.4,buy_top=5,hold_top=10,rebalance=20d,min_hold=5d,turnover_penalty=0.01,target_vol=0.18"
2024-05-30,1411.88319,0.3399385783276474,3234.0,1443.0,2868.0,3.9105299999999996,9.20628,13.11681,3220.883189999964,1082457.3127600001,367969.0,714488.31276,82457.31276000012,0.08245731276000012,3,"mom20@q0.6,hold_q=0.4,buy_top=5,hold_top=10,rebalance=20d,min_hold=5d,turnover_penalty=0.01,target_vol=0.18"
2024-05-31,-1457.94034,0.33921301433123324,-3391.0,1454.0,0.0,3.9403399999999995,0.0,3.9403399999999995,-3394.9403400002047,1079062.37242,366032.0,713030.37242,79062.37241999991,0.07906237241999992,3,"mom20@q0.6,hold_q=0.4,buy_top=5,hold_top=10,rebalance=20d,min_hold=5d,turnover_penalty=0.01,target_vol=0.18"
2024-06-03,1792.7516900000005,0.34153133945650027,6536.0,1427.0,3234.0000000000005,3.8671699999999998,10.38114,14.24831,6521.751690000296,1085584.1241100002,370761.0,714823.1241100001,85584.12411000021,0.08558412411000016,3,"mom20@q0.6,hold_q=0.4,buy_top=5,hold_top=10,rebalance=20d,min_hold=5d,turnover_penalty=0.01,target_vol=0.18"
2024-06-04,0.0,0.3430551156265033,2518.0,0.0,0.0,0.0,0.0,0.0,2518.0,1088102.1241100002,373279.0,714823.1241100001,88102.12411000021,0.08810212411000018,3,"mom20@q0.6,hold_q=0.4,buy_top=5,hold_top=10,rebalance=20d,min_hold=5d,turnover_penalty=0.01,target_vol=0.18"
2024-06-05,-1405.79942,0.3420075656741341,-3865.0,1402.0,0.0,3.7994199999999996,0.0,3.7994199999999996,-3868.799420000054,1084233.3246900002,370816.0,713417.32469,84233.32469000015,0.08423332469000022,3,"mom20@q0.6,hold_q=0.4,buy_top=5,hold_top=10,rebalance=20d,min_hold=5d,turnover_penalty=0.01,target_vol=0.18"
2024-06-06,1635.4719899999998,0.34426486986770105,6240.0,1391.0,3040.0,3.7696099999999997,9.7584,13.52801,6226.471989999991,1090459.7966800001,375407.0,715052.79668,90459.79668000014,0.09045979668000004,3,"mom20@q0.6,hold_q=0.4,buy_top=5,hold_top=10,rebalance=20d,min_hold=5d,turnover_penalty=0.01,target_vol=0.18"
2024-06-07,2263.71009,0.3399084816531076,-3760.0,0.0,2271.0,0.0,7.289909999999999,7.289909999999999,-3767.2899100002833,1086692.5067699999,369376.0,717316.50677,86692.50676999986,0.08669250676999996,3,"mom20@q0.6,hold_q=0.4,buy_top=5,hold_top=10,rebalance=20d,min_hold=5d,turnover_penalty=0.01,target_vol=0.18"
2024-06-11,5580.03042,0.3407552190408698,9878.0,0.0,5598.0,0.0,17.969579999999997,17.969579999999997,9860.0304200002,1096552.53719,373656.0,722896.53719,96552.53719000006,0.09655253719000001,3,"mom20@q0.6,hold_q=0.4,buy_top=5,hold_top=10,rebalance=20d,min_hold=5d,turnover_penalty=0.01,target_vol=0.18"
2024-06-12,551.9198200000003,0.34352538339183003,5478.0,1398.0,1960.0000000000002,3.7885799999999996,6.2916,10.080179999999999,5467.919819999952,1102020.45701,378572.0,723448.4570099999,102020.45701000001,0.10202045701000007,3,"mom20@q0.6,hold_q=0.4,buy_top=5,hold_top=10,rebalance=20d,min_hold=5d,turnover_penalty=0.01,target_vol=0.18"
2024-06-13,0.0,0.3451600759418863,2751.0,0.0,0.0,0.0,0.0,0.0,2751.0,1104771.45701,381323.0,723448.4570099999,104771.45701000001,0.10477145701000001,3,"mom20@q0.6,hold_q=0.4,buy_top=5,hold_top=10,rebalance=20d,min_hold=5d,turnover_penalty=0.01,target_vol=0.18"
2024-06-14,10794.23891,0.3435509160577114,13770.0,0.0,10829.0,0.0,34.761089999999996,34.761089999999996,13735.23890999984,1118506.6959199999,384264.0,734242.6959199999,118506.69591999985,0.11850669591999985,3,"mom20@q0.6,hold_q=0.4,buy_top=5,hold_top=10,rebalance=20d,min_hold=5d,turnover_penalty=0.01,target_vol=0.18"
2024-06-17,8080.662160000002,0.34259924894287,10712.0,2242.0,10362.0,6.075819999999999,33.26202,39.33784,10672.662159999833,1129179.3580799997,386856.0,742323.3580799998,129179.35807999969,0.12917935807999958,3,"mom20@q0.6,hold_q=0.4,buy_top=5,hold_top=10,rebalance=20d,min_hold=5d,turnover_penalty=0.01,target_vol=0.18"
2024-06-18,2386.31526,0.3464671019197163,10342.0,0.0,2394.0,0.0,7.68474,7.68474,10334.315260000061,1139513.6733399997,394804.0,744709.6733399997,139513.67333999975,0.13951367333999976,3,"mom20@q0.6,hold_q=0.4,buy_top=5,hold_top=10,rebalance=20d,min_hold=5d,turnover_penalty=0.01,target_vol=0.18"
2024-06-19,-2406.3832900000007,0.3422762310651831,-10904.0,3895.0000000000005,1504.0,10.55545,4.827839999999999,15.383289999999999,-10919.383290000027,1128594.2900499997,386291.0,742303.2900499997,128594.29004999972,0.12859429004999967,3,"mom20@q0.6,hold_q=0.4,buy_top=5,hold_top=10,rebalance=20d,min_hold=5d,turnover_penalty=0.01,target_vol=0.18"
2024-06-20,0.0,0.3407592570519971,-2597.0,0.0,0.0,0.0,0.0,0.0,-2597.0,1125997.2900499997,383694.0,742303.2900499997,125997.29004999972,0.1259972900499997,3,"mom20@q0.6,hold_q=0.4,buy_top=5,hold_top=10,rebalance=20d,min_hold=5d,turnover_penalty=0.01,target_vol=0.18"
2024-06-21,1524.09191,0.34153437745712056,3645.0,0.0,1529.0,0.0,4.90809,4.90809,3640.091909999959,1129637.3819599997,385810.0,743827.3819599997,129637.38195999968,0.12963738195999963,3,"mom20@q0.6,hold_q=0.4,buy_top=5,hold_top=10,rebalance=20d,min_hold=5d,turnover_penalty=0.01,target_vol=0.18"
2024-06-24,-2209.97284,0.3401583555183175,-5699.0,2204.0,0.0,5.97284,0.0,5.97284,-5704.972839999944,1123932.4091199997,382315.0,741617.4091199997,123932.40911999973,0.12393240911999981,3,"mom20@q0.6,hold_q=0.4,buy_top=5,hold_top=10,rebalance=20d,min_hold=5d,turnover_penalty=0.01,target_vol=0.18"
2024-06-25,-7347.85888,0.33995961471064756,-11451.0,7328.0,0.0,19.85888,0.0,19.85888,-11470.858879999956,1112461.5502399998,378192.0,734269.5502399998,112461.55023999978,0.11246155023999971,3,"mom20@q0.6,hold_q=0.4,buy_top=5,hold_top=10,rebalance=20d,min_hold=5d,turnover_penalty=0.01,target_vol=0.18"
2024-06-26,45263.19382,0.3082274232872379,15916.0,230515.0,277293.0,624.6956499999999,890.1105299999999,1514.8061799999998,14401.19382000016,1126862.74406,347330.0,779532.7440599998,126862.74405999994,0.12686274405999987,3,"mom20@q0.6,hold_q=0.4,buy_top=5,hold_top=10,rebalance=20d,min_hold=5d,turnover_penalty=0.01,target_vol=0.18"
2024-06-27,141.60422999999992,0.30743591142057763,-1072.0,1842.0000000000002,1995.0,4.99182,6.403949999999999,11.395769999999999,-1083.395770000061,1125779.3482899999,346105.0,779674.3482899999,125779.34828999988,0.12577934828999981,3,"mom20@q0.6,hold_q=0.4,buy_top=5,hold_top=10,rebalance=20d,min_hold=5d,turnover_penalty=0.01,target_vol=0.18"
2024-06-28,2056.37777,0.3093529932838927,6109.0,0.0,2063.0,0.0,6.622229999999999,6.622229999999999,6102.377769999905,1131881.7260599998,350151.0,781730.7260599999,131881.72605999978,0.13188172605999982,3,"mom20@q0.6,hold_q=0.4,buy_top=5,hold_top=10,rebalance=20d,min_hold=5d,turnover_penalty=0.01,target_vol=0.18"
2024-07-01,-5984.187959999999,0.3158167112287117,1975.0,7991.0,2035.0000000000002,21.65561,6.53235,28.18796,1946.8120400002226,1133828.5381,358082.0,775746.5380999999,133828.5381,0.13382853809999995,3,"mom20@q0.6,hold_q=0.4,buy_top=5,hold_top=10,rebalance=20d,min_hold=5d,turnover_penalty=0.01,target_vol=0.18"
2024-07-02,0.0,0.3113917034962961,-7286.0,0.0,0.0,0.0,0.0,0.0,-7286.0,1126542.5381,350796.0,775746.5380999999,126542.5381,0.12654253810000005,3,"mom20@q0.6,hold_q=0.4,buy_top=5,hold_top=10,rebalance=20d,min_hold=5d,turnover_penalty=0.01,target_vol=0.18"
2024-07-03,0.0,0.31166910289908367,454.0,0.0,0.0,0.0,0.0,0.0,454.0,1126996.5381,351250.0,775746.5380999999,126996.5381,0.1269965381,3,"mom20@q0.6,hold_q=0.4,buy_top=5,hold_top=10,rebalance=20d,min_hold=5d,turnover_penalty=0.01,target_vol=0.18"
2024-07-04,4302.14564,0.3100697830063767,3637.0,0.0,4316.0,0.0,13.85436,13.85436,3623.1456399997696,1130619.6837399998,350571.0,780048.6837399999,130619.68373999977,0.13061968373999977,3,"mom20@q0.6,hold_q=0.4,buy_top=5,hold_top=10,rebalance=20d,min_hold=5d,turnover_penalty=0.01,target_vol=0.18"
2024-07-05,0.0,0.3074007556126438,-4357.0,0.0,0.0,0.0,0.0,0.0,-4357.0,1126262.6837399998,346214.0,780048.6837399999,126262.68373999977,0.12626268373999983,3,"mom20@q0.6,hold_q=0.4,buy_top=5,hold_top=10,rebalance=20d,min_hold=5d,turnover_penalty=0.01,target_vol=0.18"
2024-07-08,0.0,0.31138170409770866,6511.0,0.0,0.0,0.0,0.0,0.0,6511.0,1132773.6837399998,352725.0,780048.6837399999,132773.68373999977,0.13277368373999976,3,"mom20@q0.6,hold_q=0.4,buy_top=5,hold_top=10,rebalance=20d,min_hold=5d,turnover_penalty=0.01,target_vol=0.18"
2024-07-09,11156.073680000001,0.31436206367584346,21231.0,0.0,11192.0,0.0,35.926320000000004,35.926320000000004,21195.073680000147,1153968.75742,362764.0,791204.7574199999,153968.75741999992,0.15396875741999994,3,"mom20@q0.6,hold_q=0.4,buy_top=5,hold_top=10,rebalance=20d,min_hold=5d,turnover_penalty=0.01,target_vol=0.18"
2024-07-10,12276.465639999999,0.3136430056898423,16717.0,0.0,12316.0,0.0,39.53435999999999,39.53435999999999,16677.465640000068,1170646.22306,367165.0,803481.22306,170646.22306,0.17064622305999988,3,"mom20@q0.6,hold_q=0.4,buy_top=5,hold_top=10,rebalance=20d,min_hold=5d,turnover_penalty=0.01,target_vol=0.18"
2024-07-11,5306.90996,0.311037665727169,3293.0,0.0,5324.0,0.0,17.09004,17.09004,3275.9099600000773,1173922.13302,365134.0,808788.13302,173922.13302000007,0.17392213302000004,3,"mom20@q0.6,hold_q=0.4,buy_top=5,hold_top=10,rebalance=20d,min_hold=5d,turnover_penalty=0.01,target_vol=0.18"
2024-07-12,-3894.5256400000003,0.31521880049753614,1491.0,3884.0000000000005,0.0,10.525640000000001,0.0,10.525640000000001,1480.4743599998765,1175402.60738,370509.0,804893.60738,175402.60737999994,0.1754026073799999,3,"mom20@q0.6,hold_q=0.4,buy_top=5,hold_top=10,rebalance=20d,min_hold=5d,turnover_penalty=0.01,target_vol=0.18"
2024-07-15,-3782.7451499999997,0.31655794556612316,-3206.0,6386.0,2629.0,17.30606,8.43909,25.74515,-3231.745149999857,1172170.86223,371060.0,801110.86223,172170.8622300001,0.17217086223,3,"mom20@q0.6,hold_q=0.4,buy_top=5,hold_top=10,rebalance=20d,min_hold=5d,turnover_penalty=0.01,target_vol=0.18"
2024-07-16,5731.5425,0.31727981484876144,9653.0,0.0,5750.0,0.0,18.4575,18.4575,9634.542499999981,1181805.40473,374963.0,806842.40473,181805.40473000007,0.18180540473000018,3,"mom20@q0.6,hold_q=0.4,buy_top=5,hold_top=10,rebalance=20d,min_hold=5d,turnover_penalty=0.01,target_vol=0.18"
2024-07-17,-2640.13543,0.30973807244515955,-16730.0,2633.0,0.0,7.1354299999999995,0.0,7.1354299999999995,-16737.135430000257,1165068.2692999998,360866.0,804202.2692999999,165068.2692999998,0.16506826929999985,3,"mom20@q0.6,hold_q=0.4,buy_top=5,hold_top=10,rebalance=20d,min_hold=5d,turnover_penalty=0.01,target_vol=0.18"
2024-07-18,-6238.86162,0.3136698445649066,-2399.0,6222.0,0.0,16.86162,0.0,16.86162,-2415.861619999865,1162652.40768,364689.0,797963.40768,162652.40767999995,0.16265240768,3,"mom20@q0.6,hold_q=0.4,buy_top=5,hold_top=10,rebalance=20d,min_hold=5d,turnover_penalty=0.01,target_vol=0.18"
2024-07-19,-2473.68557,0.31256818179502954,-5455.0,2467.0,0.0,6.685569999999999,0.0,6.685569999999999,-5461.685569999972,1157190.72211,361701.0,795489.72211,157190.72210999997,0.15719072210999996,3,"mom20@q0.6,hold_q=0.4,buy_top=5,hold_top=10,rebalance=20d,min_hold=5d,turnover_penalty=0.01,target_vol=0.18"
2024-07-22,0.0,0.3138856362880867,2222.0,0.0,0.0,0.0,0.0,0.0,2222.0,1159412.72211,363923.0,795489.72211,159412.72210999997,0.1594127221099999,3,"mom20@q0.6,hold_q=0.4,buy_top=5,hold_top=10,rebalance=20d,min_hold=5d,turnover_penalty=0.01,target_vol=0.18"
2024-07-23,-5534.9592,0.3120902885061898,-11057.0,5520.0,0.0,14.9592,0.0,14.9592,-11071.959199999925,1148340.76291,358386.0,789954.7629099999,148340.76291000005,0.14834076290999998,3,"mom20@q0.6,hold_q=0.4,buy_top=5,hold_top=10,rebalance=20d,min_hold=5d,turnover_penalty=0.01,target_vol=0.18"
2024-07-24,102767.08721,0.21779842235535063,-5831.0,149008.0,252991.0,403.8116799999999,812.1011099999998,1215.9127899999999,-7046.912789999973,1141293.85012,248572.0,892721.85012,141293.85012000008,0.14129385012000006,3,"mom20@q0.6,hold_q=0.4,buy_top=5,hold_top=10,rebalance=20d,min_hold=5d,turnover_penalty=0.01,target_vol=0.18"
2024-07-25,-5867.858920000001,0.2167448154078096,-9011.0,5852.0,0.0,15.858919999999998,0.0,15.858919999999998,-9026.858920000028,1132266.9912,245413.0,886853.9911999999,132266.99120000005,0.13226699120000007,3,"mom20@q0.6,hold_q=0.4,buy_top=5,hold_top=10,rebalance=20d,min_hold=5d,turnover_penalty=0.01,target_vol=0.18"
2024-07-26,2412.2318,0.21452712353006517,-118.0,0.0,2420.0,0.0,7.768199999999999,7.768199999999999,-125.76820000028238,1132141.2229999998,242875.0,889266.2229999999,132141.22299999977,0.13214122299999986,3,"mom20@q0.6,hold_q=0.4,buy_top=5,hold_top=10,rebalance=20d,min_hold=5d,turnover_penalty=0.01,target_vol=0.18"
2024-07-29,0.0,0.21579540930254343,1831.0,0.0,0.0,0.0,0.0,0.0,1831.0,1133972.2229999998,244706.0,889266.2229999999,133972.22299999977,0.13397222299999978,3,"mom20@q0.6,hold_q=0.4,buy_top=5,hold_top=10,rebalance=20d,min_hold=5d,turnover_penalty=0.01,target_vol=0.18"
2024-07-30,0.0,0.21352330987666177,-3276.0,0.0,0.0,0.0,0.0,0.0,-3276.0,1130696.2229999998,241430.0,889266.2229999999,130696.22299999977,0.13069622299999972,3,"mom20@q0.6,hold_q=0.4,buy_top=5,hold_top=10,rebalance=20d,min_hold=5d,turnover_penalty=0.01,target_vol=0.18"
2024-07-31,0.0,0.2176760682769186,6002.0,0.0,0.0,0.0,0.0,0.0,6002.0,1136698.2229999998,247432.0,889266.2229999999,136698.22299999977,0.13669822299999979,3,"mom20@q0.6,hold_q=0.4,buy_top=5,hold_top=10,rebalance=20d,min_hold=5d,turnover_penalty=0.01,target_vol=0.18"
2024-08-01,0.0,0.21710992360476591,-822.0,0.0,0.0,0.0,0.0,0.0,-822.0,1135876.2229999998,246610.0,889266.2229999999,135876.22299999977,0.13587622299999969,3,"mom20@q0.6,hold_q=0.4,buy_top=5,hold_top=10,rebalance=20d,min_hold=5d,turnover_penalty=0.01,target_vol=0.18"
2024-08-02,-3239.75601,0.21137044051773698,-12366.0,3231.0,0.0,8.75601,0.0,8.75601,-12374.756009999895,1123501.4669899999,237475.0,886026.4669899999,123501.46698999987,0.12350146698999986,3,"mom20@q0.6,hold_q=0.4,buy_top=5,hold_top=10,rebalance=20d,min_hold=5d,turnover_penalty=0.01,target_vol=0.18"
2024-08-05,-12004.44412,0.20854280935836167,-19149.0,11972.0,0.0,32.44412,0.0,32.44412,-19181.444119999884,1104320.02287,230298.0,874022.02287,104320.02286999999,0.10432002287000008,3,"mom20@q0.6,hold_q=0.4,buy_top=5,hold_top=10,rebalance=20d,min_hold=5d,turnover_penalty=0.01,target_vol=0.18"
2024-08-06,0.0,0.21493031566780324,8985.0,0.0,0.0,0.0,0.0,0.0,8985.0,1113305.02287,239283.0,874022.02287,113305.02286999999,0.11330502286999988,3,"mom20@q0.6,hold_q=0.4,buy_top=5,hold_top=10,rebalance=20d,min_hold=5d,turnover_penalty=0.01,target_vol=0.18"
2024-08-07,-2023.46878,0.21464817699417796,-2971.0,2018.0,0.0,5.46878,0.0,5.46878,-2976.4687799999956,1110328.55409,238330.0,871998.55409,110328.55408999999,0.11032855409000009,3,"mom20@q0.6,hold_q=0.4,buy_top=5,hold_top=10,rebalance=20d,min_hold=5d,turnover_penalty=0.01,target_vol=0.18"
2024-08-08,-2789.53922,0.21478894898808765,-3346.0,2782.0,0.0,7.539219999999999,0.0,7.539219999999999,-3353.5392199999187,1106975.01487,237766.0,869209.01487,106975.01487000007,0.10697501487000016,3,"mom20@q0.6,hold_q=0.4,buy_top=5,hold_top=10,rebalance=20d,min_hold=5d,turnover_penalty=0.01,target_vol=0.18"
2024-08-09,0.0,0.2195976612724258,6821.0,0.0,0.0,0.0,0.0,0.0,6821.0,1113796.01487,244587.0,869209.01487,113796.01487000007,0.11379601487000013,3,"mom20@q0.6,hold_q=0.4,buy_top=5,hold_top=10,rebalance=20d,min_hold=5d,turnover_penalty=0.01,target_vol=0.18"
2024-08-12,3054.16456,0.21676845705489206,-114.0,0.0,3064.0,0.0,9.835439999999998,9.835439999999998,-123.8354400000535,1113672.17943,241409.0,872263.1794299999,113672.17943000002,0.11367217942999996,3,"mom20@q0.6,hold_q=0.4,buy_top=5,hold_top=10,rebalance=20d,min_hold=5d,turnover_penalty=0.01,target_vol=0.18"
2024-08-13,5502.2807999999995,0.2158715942250338,5761.0,0.0,5520.0,0.0,17.719199999999997,17.719199999999997,5743.280799999833,1119415.4602299999,241650.0,877765.46023,119415.46022999985,0.11941546022999994,3,"mom20@q0.6,hold_q=0.4,buy_top=5,hold_top=10,rebalance=20d,min_hold=5d,turnover_penalty=0.01,target_vol=0.18"
2024-08-14,-4357.77766,0.21562702878237194,-5893.0,4346.0,0.0,11.77766,0.0,11.77766,-5904.777659999905,1113510.68257,240103.0,873407.68257,113510.68256999995,0.11351068256999985,3,"mom20@q0.6,hold_q=0.4,buy_top=5,hold_top=10,rebalance=20d,min_hold=5d,turnover_penalty=0.01,target_vol=0.18"
2024-08-15,0.0,0.2140671770756474,-2210.0,0.0,0.0,0.0,0.0,0.0,-2210.0,1111300.68257,237893.0,873407.68257,111300.68256999995,0.11130068257000003,3,"mom20@q0.6,hold_q=0.4,buy_top=5,hold_top=10,rebalance=20d,min_hold=5d,turnover_penalty=0.01,target_vol=0.18"
2024-08-16,0.0,0.21528382886401892,1723.0,0.0,0.0,0.0,0.0,0.0,1723.0,1113023.68257,239616.0,873407.68257,113023.68256999995,0.11302368256999995,3,"mom20@q0.6,hold_q=0.4,buy_top=5,hold_top=10,rebalance=20d,min_hold=5d,turnover_penalty=0.01,target_vol=0.18"
2024-08-19,-1941.24656,0.21808014825640307,1503.0,1936.0,0.0,5.24656,0.0,5.24656,1497.753439999884,1114521.4360099998,243055.0,871466.43601,114521.43600999983,0.11452143600999976,3,"mom20@q0.6,hold_q=0.4,buy_top=5,hold_top=10,rebalance=20d,min_hold=5d,turnover_penalty=0.01,target_vol=0.18"
2024-08-20,0.0,0.2165258836048849,-2211.0,0.0,0.0,0.0,0.0,0.0,-2211.0,1112310.4360099998,240844.0,871466.43601,112310.43600999983,0.11231043600999979,3,"mom20@q0.6,hold_q=0.4,buy_top=5,hold_top=10,rebalance=20d,min_hold=5d,turnover_penalty=0.01,target_vol=0.18"
2024-08-21,-519304.05760999996,0.6841044460963411,5353.0,762644.0,246197.0,2066.7652399999997,790.2923699999999,2857.05761,2495.942389999982,1114806.3783999998,762644.0,352162.37839999987,114806.37839999981,0.11480637839999974,3,"mom20@q0.6,hold_q=0.4,buy_top=5,hold_top=10,rebalance=20d,min_hold=5d,turnover_penalty=0.01,target_vol=0.18"
2024-08-22,-2022.01076,0.6861040567446294,686.0,5476.0,3480.0,14.839959999999998,11.1708,26.010759999999998,659.9892400000244,1115466.3676399998,765326.0,350140.36763999984,115466.36763999984,0.11546636763999985,3,"mom20@q0.6,hold_q=0.4,buy_top=5,hold_top=10,rebalance=20d,min_hold=5d,turnover_penalty=0.01,target_vol=0.18"
2024-08-23,962.68464,0.6860753717770516,2978.0,1720.0,2696.0,4.661199999999999,8.65416,13.315359999999998,2964.6846400001086,1118431.05228,767328.0,351103.0522799999,118431.05227999995,0.11843105227999984,3,"mom20@q0.6,hold_q=0.4,buy_top=5,hold_top=10,rebalance=20d,min_hold=5d,turnover_penalty=0.01,target_vol=0.18"
2024-08-26,-3228.8939499999997,0.6875507609635614,-5021.0,7121.0,3924.0000000000005,19.297909999999995,12.59604,31.893949999999997,-5052.89394999994,1113378.15833,765504.0,347874.1583299999,113378.15833,0.11337815832999998,3,"mom20@q0.6,hold_q=0.4,buy_top=5,hold_top=10,rebalance=20d,min_hold=5d,turnover_penalty=0.01,target_vol=0.18"
2024-08-27,-3335.93005,0.6876254849690193,-10376.0,8027.0,4728.0,21.753169999999997,15.176879999999999,36.930049999999994,-10412.930050000083,1102965.22828,758427.0,344538.22827999986,102965.22827999992,0.10296522827999999,3,"mom20@q0.6,hold_q=0.4,buy_top=5,hold_top=10,rebalance=20d,min_hold=5d,turnover_penalty=0.01,target_vol=0.18"
2024-08-28,-1656.47692,0.6890110237926894,-408.0,1652.0,0.0,4.47692,0.0,4.47692,-412.47692000004463,1102552.7513599999,759671.0,342881.7513599999,102552.75135999988,0.10255275135999997,3,"mom20@q0.6,hold_q=0.4,buy_top=5,hold_top=10,rebalance=20d,min_hold=5d,turnover_penalty=0.01,target_vol=0.18"
2024-08-29,-8543.377739999998,0.6941576811780829,-9351.0,9579.0,1065.0,25.959089999999996,3.4186499999999995,29.377739999999996,-9380.377739999909,1093172.37362,758834.0,334338.3736199999,93172.37361999997,0.09317237361999986,3,"mom20@q0.6,hold_q=0.4,buy_top=5,hold_top=10,rebalance=20d,min_hold=5d,turnover_penalty=0.01,target_vol=0.18"
2024-08-30,-1438.542089999999,0.6959907265299624,1907.0,8785.0,7394.0,23.807349999999996,23.734739999999995,47.54208999999999,1859.457909999881,1095031.8315299999,762132.0,332899.8315299999,95031.83152999985,0.09503183152999983,3,"mom20@q0.6,hold_q=0.4,buy_top=5,hold_top=10,rebalance=20d,min_hold=5d,turnover_penalty=0.01,target_vol=0.18"
2024-09-02,-3181.74014,0.6951655709150251,-13390.0,3702.0,532.0,10.032419999999998,1.70772,11.740139999999998,-13401.740139999893,1081630.09139,751912.0,329718.0913899999,81630.09138999996,0.08163009138999988,3,"mom20@q0.6,hold_q=0.4,buy_top=5,hold_top=10,rebalance=20d,min_hold=5d,turnover_penalty=0.01,target_vol=0.18"
2024-09-03,1343.9870800000008,0.6943085054188773,1408.0,6682.0,8070.000000000001,18.10822,25.904700000000005,44.01292000000001,1363.9870799998753,1082994.0784699998,751932.0,331062.0784699999,82994.07846999983,0.08299407846999984,3,"mom20@q0.6,hold_q=0.4,buy_top=5,hold_top=10,rebalance=20d,min_hold=5d,turnover_penalty=0.01,target_vol=0.18"
2024-09-04,-1269.43086,0.6933746307382286,-7435.0,1266.0,0.0,3.430859999999999,0.0,3.430859999999999,-7438.430859999964,1075555.6476099999,745763.0,329792.64760999987,75555.64760999987,0.07555564760999989,3,"mom20@q0.6,hold_q=0.4,buy_top=5,hold_top=10,rebalance=20d,min_hold=5d,turnover_penalty=0.01,target_vol=0.18"
2024-09-05,-785.3482700000002,0.6938767311356268,-789.0,2505.0,1732.0,6.788549999999999,5.5597199999999996,12.34827,-801.3482699999586,1074754.29934,745747.0,329007.2993399999,74754.29933999991,0.07475429933999989,3,"mom20@q0.6,hold_q=0.4,buy_top=5,hold_top=10,rebalance=20d,min_hold=5d,turnover_penalty=0.01,target_vol=0.18"
2024-09-06,-2117.72352,0.6950137941431767,-2931.0,2112.0,0.0,5.723519999999999,0.0,5.723519999999999,-2936.7235199999996,1071817.57582,744928.0,326889.5758199999,71817.57581999991,0.07181757581999992,3,"mom20@q0.6,hold_q=0.4,buy_top=5,hold_top=10,rebalance=20d,min_hold=5d,turnover_penalty=0.01,target_vol=0.18"
2024-09-09,-104.22778999999997,0.6928871777937209,-7758.0,600.0,499.0,1.626,1.6017899999999998,3.2277899999999997,-7761.227789999917,1064056.34803,737271.0,326785.34802999994,64056.348029999994,0.06405634803000004,3,"mom20@q0.6,hold_q=0.4,buy_top=5,hold_top=10,rebalance=20d,min_hold=5d,turnover_penalty=0.01,target_vol=0.18"
2024-09-10,805.2131899999999,0.6940840606827126,6799.0,200.99999999999997,1010.0,0.5447099999999999,3.2420999999999998,3.7868099999999996,6795.213190000039,1070851.56122,743261.0,327590.56122,70851.56122000003,0.07085156122000003,3,"mom20@q0.6,hold_q=0.4,buy_top=5,hold_top=10,rebalance=20d,min_hold=5d,turnover_penalty=0.01,target_vol=0.18"
2024-09-11,-4451.02969,0.696573633902818,-5871.0,4439.0,0.0,12.029689999999999,0.0,12.029689999999999,-5883.029689999996,1064968.53153,741829.0,323139.53153,64968.53153000004,0.06496853152999993,3,"mom20@q0.6,hold_q=0.4,buy_top=5,hold_top=10,rebalance=20d,min_hold=5d,turnover_penalty=0.01,target_vol=0.18"
2024-09-12,198.36121,0.6958351085667676,-1933.0,0.0,199.0,0.0,0.63879,0.63879,-1933.6387899999972,1063034.89274,739697.0,323337.89274,63034.89274000004,0.06303489273999996,3,"mom20@q0.6,hold_q=0.4,buy_top=5,hold_top=10,rebalance=20d,min_hold=5d,turnover_penalty=0.01,target_vol=0.18"
2024-09-13,1584.83398,0.6932462160723601,-3796.0,684.0,2278.0,1.8536399999999997,7.31238,9.16602,-3805.1660200001206,1059229.72672,734307.0,324922.72672,59229.72671999992,0.05922972671999993,3,"mom20@q0.6,hold_q=0.4,buy_top=5,hold_top=10,rebalance=20d,min_hold=5d,turnover_penalty=0.01,target_vol=0.18"
2024-09-18,7552.9036399999995,0.6892108134108867,10584.0,1814.0,9402.0,4.915939999999999,30.180419999999998,35.09636,10548.90364000015,1069778.63036,737303.0,332475.63036,69778.63036000007,0.0697786303600001,3,"mom20@q0.6,hold_q=0.4,buy_top=5,hold_top=10,rebalance=20d,min_hold=5d,turnover_penalty=0.01,target_vol=0.18"
2024-09-19,1684.58771,0.6876389060697856,18.0,503.0,2196.0,1.36313,7.049159999999999,8.412289999999999,9.587709999876097,1069788.21807,735628.0,334160.21807,69788.21806999994,0.06978821807000002,3,"mom20@q0.6,hold_q=0.4,buy_top=5,hold_top=10,rebalance=20d,min_hold=5d,turnover_penalty=0.01,target_vol=0.18"
2024-09-20,111564.36627000006,0.5811774691935194,-1523.0,618508.0,734105.0,1676.15668,2356.4770499999995,4032.6337299999996,-5555.633729999885,1064232.58434,618508.0,445724.58433999994,64232.58434000006,0.06423258434000001,3,"mom20@q0.6,hold_q=0.4,buy_top=5,hold_top=10,rebalance=20d,min_hold=5d,turnover_penalty=0.01,target_vol=0.18"
2024-09-23,-1423.8482,0.5804504772521711,-5234.0,1420.0,0.0,3.8482,0.0,3.8482,-5237.848200000124,1058994.73614,614694.0,444300.73613999994,58994.736139999935,0.05899473613999984,3,"mom20@q0.6,hold_q=0.4,buy_top=5,hold_top=10,rebalance=20d,min_hold=5d,turnover_penalty=0.01,target_vol=0.18"
2024-09-24,-854.0853400000003,0.5857193881674458,11419.0,2498.0,1655.9999999999998,6.7695799999999995,5.315759999999999,12.085339999999999,11406.91466000001,1070401.6508,626955.0,443446.6507999999,70401.65079999994,0.07040165080000005,3,"mom20@q0.6,hold_q=0.4,buy_top=5,hold_top=10,rebalance=20d,min_hold=5d,turnover_penalty=0.01,target_vol=0.18"
2024-09-25,4248.31898,0.5842160221695197,6361.0,0.0,4262.0,0.0,13.68102,13.68102,6347.318979999982,1076748.96978,629054.0,447694.96977999987,76748.96977999993,0.0767489697799999,3,"mom20@q0.6,hold_q=0.4,buy_top=5,hold_top=10,rebalance=20d,min_hold=5d,turnover_penalty=0.01,target_vol=0.18"
2024-09-26,1716.47238,0.58500778098578,6196.0,0.0,1722.0,0.0,5.52762,5.52762,6190.472379999934,1082939.4421599999,633528.0,449411.44215999986,82939.44215999986,0.08293944215999982,3,"mom20@q0.6,hold_q=0.4,buy_top=5,hold_top=10,rebalance=20d,min_hold=5d,turnover_penalty=0.01,target_vol=0.18"
2024-09-27,-876.3601499999995,0.5967227414082296,29313.0,5082.0,4233.0,13.772219999999999,13.58793,27.360149999999997,29285.63984999992,1112225.0820099998,663690.0,448535.08200999984,112225.08200999978,0.1122250820099997,3,"mom20@q0.6,hold_q=0.4,buy_top=5,hold_top=10,rebalance=20d,min_hold=5d,turnover_penalty=0.01,target_vol=0.18"
2024-09-30,17906.33556,0.6024044124211972,60988.0,0.0,17964.0,0.0,57.66443999999999,57.66443999999999,60930.335560000036,1173155.4175699998,706714.0,466441.4175699999,173155.41756999982,0.17315541756999986,3,"mom20@q0.6,hold_q=0.4,buy_top=5,hold_top=10,rebalance=20d,min_hold=5d,turnover_penalty=0.01,target_vol=0.18"
2024-10-08,15521.718200000001,0.6055409518205065,48760.0,5438.0,21042.0,14.736979999999999,67.54482,82.2818,48677.718200000236,1221833.13577,739870.0,481963.13576999994,221833.13577000005,0.22183313577000008,3,"mom20@q0.6,hold_q=0.4,buy_top=5,hold_top=10,rebalance=20d,min_hold=5d,turnover_penalty=0.01,target_vol=0.18"
2024-10-09,0.0,0.5858156966080715,-58189.0,0.0,0.0,0.0,0.0,0.0,-58189.0,1163644.13577,681681.0,481963.13576999994,163644.13577000005,0.16364413577000003,3,"mom20@q0.6,hold_q=0.4,buy_top=5,hold_top=10,rebalance=20d,min_hold=5d,turnover_penalty=0.01,target_vol=0.18"
2024-10-10,-1030.78588,0.5884737532453278,5014.0,1028.0,0.0,2.7858799999999997,0.0,2.7858799999999997,5011.214119999902,1168655.34989,687723.0,480932.34988999995,168655.34988999995,0.16865534988999986,3,"mom20@q0.6,hold_q=0.4,buy_top=5,hold_top=10,rebalance=20d,min_hold=5d,turnover_penalty=0.01,target_vol=0.18"
2024-10-11,-4858.12995,0.584398760956796,-23135.0,4845.0,0.0,13.12995,0.0,13.12995,-23148.129949999973,1145507.21994,669433.0,476074.21994,145507.21993999998,0.14550721994000004,3,"mom20@q0.6,hold_q=0.4,buy_top=5,hold_top=10,rebalance=20d,min_hold=5d,turnover_penalty=0.01,target_vol=0.18"
2024-10-14,0.0,0.0,0.0,0.0,0.0,0.0,0.0,0.0,0.0,1000000.0,0.0,1000000.0,0.0,0.0,4,"mom20@q0.6,hold_q=0.4,buy_top=5,hold_top=10,rebalance=20d,min_hold=5d,turnover_penalty=0.01,target_vol=0.18"
2024-10-15,-104509.45516999999,0.10425644777267926,0.0,104227.0,0.0,282.45516999999995,0.0,282.45516999999995,-282.4551700002048,999717.5448299998,104227.0,895490.5448299998,-282.4551700002048,-0.0002824551700002509,4,"mom20@q0.6,hold_q=0.4,buy_top=5,hold_top=10,rebalance=20d,min_hold=5d,turnover_penalty=0.01,target_vol=0.18"
2024-10-16,0.0,0.10173700671034148,-2804.0,0.0,0.0,0.0,0.0,0.0,-2804.0,996913.5448299998,101423.0,895490.5448299998,-3086.455170000205,-0.0030864551700001686,4,"mom20@q0.6,hold_q=0.4,buy_top=5,hold_top=10,rebalance=20d,min_hold=5d,turnover_penalty=0.01,target_vol=0.18"
2024-10-17,0.0,0.10290863584727535,1302.0,0.0,0.0,0.0,0.0,0.0,1302.0,998215.5448299998,102725.0,895490.5448299998,-1784.4551700002048,-0.0017844551700002542,4,"mom20@q0.6,hold_q=0.4,buy_top=5,hold_top=10,rebalance=20d,min_hold=5d,turnover_penalty=0.01,target_vol=0.18"
2024-10-18,0.0,0.11694946911105336,15872.0,0.0,0.0,0.0,0.0,0.0,15872.0,1014087.5448299998,118597.0,895490.5448299998,14087.544829999795,0.014087544829999743,4,"mom20@q0.6,hold_q=0.4,buy_top=5,hold_top=10,rebalance=20d,min_hold=5d,turnover_penalty=0.01,target_vol=0.18"
2024-10-21,0.0,0.11970384639301004,3173.0,0.0,0.0,0.0,0.0,0.0,3173.0,1017260.5448299998,121770.0,895490.5448299998,17260.544829999795,0.017260544829999835,4,"mom20@q0.6,hold_q=0.4,buy_top=5,hold_top=10,rebalance=20d,min_hold=5d,turnover_penalty=0.01,target_vol=0.18"
2024-10-22,0.0,0.11862602101638654,-1244.0,0.0,0.0,0.0,0.0,0.0,-1244.0,1016016.5448299998,120526.0,895490.5448299998,16016.544829999795,0.016016544829999813,4,"mom20@q0.6,hold_q=0.4,buy_top=5,hold_top=10,rebalance=20d,min_hold=5d,turnover_penalty=0.01,target_vol=0.18"
2024-10-23,0.0,0.11732548732705328,-1497.0,0.0,0.0,0.0,0.0,0.0,-1497.0,1014519.5448299998,119029.0,895490.5448299998,14519.544829999795,0.014519544829999731,4,"mom20@q0.6,hold_q=0.4,buy_top=5,hold_top=10,rebalance=20d,min_hold=5d,turnover_penalty=0.01,target_vol=0.18"
2024-10-24,0.0,0.11658707458323675,-848.0,0.0,0.0,0.0,0.0,0.0,-848.0,1013671.5448299998,118181.0,895490.5448299998,13671.544829999795,0.013671544829999771,4,"mom20@q0.6,hold_q=0.4,buy_top=5,hold_top=10,rebalance=20d,min_hold=5d,turnover_penalty=0.01,target_vol=0.18"
2024-10-25,0.0,0.1154788834499768,-1270.0,0.0,0.0,0.0,0.0,0.0,-1270.0,1012401.5448299998,116911.0,895490.5448299998,12401.544829999795,0.012401544829999889,4,"mom20@q0.6,hold_q=0.4,buy_top=5,hold_top=10,rebalance=20d,min_hold=5d,turnover_penalty=0.01,target_vol=0.18"
2024-10-28,0.0,0.11585091716645075,426.0,0.0,0.0,0.0,0.0,0.0,426.0,1012827.5448299998,117337.0,895490.5448299998,12827.544829999795,0.012827544829999704,4,"mom20@q0.6,hold_q=0.4,buy_top=5,hold_top=10,rebalance=20d,min_hold=5d,turnover_penalty=0.01,target_vol=0.18"
2024-10-29,0.0,0.11460958600964723,-1420.0,0.0,0.0,0.0,0.0,0.0,-1420.0,1011407.5448299998,115917.0,895490.5448299998,11407.544829999795,0.011407544829999727,4,"mom20@q0.6,hold_q=0.4,buy_top=5,hold_top=10,rebalance=20d,min_hold=5d,turnover_penalty=0.01,target_vol=0.18"
2024-10-30,0.0,0.11469361683700074,96.0,0.0,0.0,0.0,0.0,0.0,96.0,1011503.5448299998,116013.0,895490.5448299998,11503.544829999795,0.011503544829999823,4,"mom20@q0.6,hold_q=0.4,buy_top=5,hold_top=10,rebalance=20d,min_hold=5d,turnover_penalty=0.01,target_vol=0.18"
2024-10-31,2295.60737,0.11470810702695472,2617.0,0.0,2303.0,0.0,7.39263,7.39263,2609.6073699999833,1014113.1521999998,116327.0,897786.1521999998,14113.152199999779,0.014113152199999757,4,"mom20@q0.6,hold_q=0.4,buy_top=5,hold_top=10,rebalance=20d,min_hold=5d,turnover_penalty=0.01,target_vol=0.18"
2024-11-01,-3560.62321,0.11352275110296005,-5363.0,3551.0,0.0,9.623209999999998,0.0,9.623209999999998,-5372.623209999991,1008740.5289899998,114515.0,894225.5289899998,8740.528989999788,0.008740528989999774,4,"mom20@q0.6,hold_q=0.4,buy_top=5,hold_top=10,rebalance=20d,min_hold=5d,turnover_penalty=0.01,target_vol=0.18"
2024-11-04,0.0,0.11914803155678766,6442.0,0.0,0.0,0.0,0.0,0.0,6442.0,1015182.5289899998,120957.0,894225.5289899998,15182.528989999788,0.015182528989999833,4,"mom20@q0.6,hold_q=0.4,buy_top=5,hold_top=10,rebalance=20d,min_hold=5d,turnover_penalty=0.01,target_vol=0.18"
2024-11-05,2710.27201,0.1251402361830636,10060.0,0.0,2719.0,0.0,8.72799,8.72799,10051.272009999957,1025233.8009999997,128298.0,896935.8009999997,25233.800999999745,0.025233800999999723,4,"mom20@q0.6,hold_q=0.4,buy_top=5,hold_top=10,rebalance=20d,min_hold=5d,turnover_penalty=0.01,target_vol=0.18"
2024-11-06,0.0,0.12670499431324017,1837.0,0.0,0.0,0.0,0.0,0.0,1837.0,1027070.8009999997,130135.0,896935.8009999997,27070.800999999745,0.02707080099999981,4,"mom20@q0.6,hold_q=0.4,buy_top=5,hold_top=10,rebalance=20d,min_hold=5d,turnover_penalty=0.01,target_vol=0.18"
2024-11-07,7602.517330000001,0.12980172308388138,12416.0,0.0,7627.0,0.0,24.48267,24.48267,12391.51733000006,1039462.3183299998,134924.0,904538.3183299998,39462.318329999805,0.0394623183299998,4,"mom20@q0.6,hold_q=0.4,buy_top=5,hold_top=10,rebalance=20d,min_hold=5d,turnover_penalty=0.01,target_vol=0.18"
2024-11-08,0.0,0.12655485981412817,-3864.0,0.0,0.0,0.0,0.0,0.0,-3864.0,1035598.3183299998,131060.0,904538.3183299998,35598.318329999805,0.03559831832999971,4,"mom20@q0.6,hold_q=0.4,buy_top=5,hold_top=10,rebalance=20d,min_hold=5d,turnover_penalty=0.01,target_vol=0.18"
2024-11-11,0.0,0.12621482891825553,-403.0,0.0,0.0,0.0,0.0,0.0,-403.0,1035195.3183299998,130657.0,904538.3183299998,35195.318329999805,0.03519531832999978,4,"mom20@q0.6,hold_q=0.4,buy_top=5,hold_top=10,rebalance=20d,min_hold=5d,turnover_penalty=0.01,target_vol=0.18"
2024-11-12,-78469.54067000002,0.20188347977462617,684.0,186770.0,109157.0,506.1466999999999,350.39396999999997,856.5406699999999,-172.54066999990027,1035022.7776599999,208954.0,826068.7776599999,35022.777659999905,0.03502277765999984,4,"mom20@q0.6,hold_q=0.4,buy_top=5,hold_top=10,rebalance=20d,min_hold=5d,turnover_penalty=0.01,target_vol=0.18"
2024-11-13,-3387.15438,0.19890049664955933,-8073.0,3378.0,0.0,9.15438,0.0,9.15438,-8082.154379999964,1026940.6232799999,204259.0,822681.6232799999,26940.62327999994,0.02694062328000002,4,"mom20@q0.6,hold_q=0.4,buy_top=5,hold_top=10,rebalance=20d,min_hold=5d,turnover_penalty=0.01,target_vol=0.18"
2024-11-14,-7296.720670000001,0.20023287197671805,-7393.0,7277.0,0.0,19.72067,0.0,19.72067,-7412.7206699999515,1019527.90261,204143.0,815384.90261,19527.90260999999,0.019527902609999925,4,"mom20@q0.6,hold_q=0.4,buy_top=5,hold_top=10,rebalance=20d,min_hold=5d,turnover_penalty=0.01,target_vol=0.18"
2024-11-15,-7733.90223,0.1953214823699034,-15813.0,7713.0,0.0,20.902229999999996,0.0,20.902229999999996,-15833.902230000007,1003694.00038,196043.0,807651.00038,3694.000379999983,0.0036940003799998955,4,"mom20@q0.6,hold_q=0.4,buy_top=5,hold_top=10,rebalance=20d,min_hold=5d,turnover_penalty=0.01,target_vol=0.18"
2024-11-18,-4999.51206,0.19402749254929047,-7801.0,4986.0,0.0,13.512059999999998,0.0,13.512059999999998,-7814.512059999979,995879.48832,193228.0,802651.48832,-4120.511679999996,-0.00412051168000005,4,"mom20@q0.6,hold_q=0.4,buy_top=5,hold_top=10,rebalance=20d,min_hold=5d,turnover_penalty=0.01,target_vol=0.18"
2024-11-19,0.0,0.20292127825321318,11112.0,0.0,0.0,0.0,0.0,0.0,11112.0,1006991.48832,204340.0,802651.48832,6991.488320000004,0.006991488319999961,4,"mom20@q0.6,hold_q=0.4,buy_top=5,hold_top=10,rebalance=20d,min_hold=5d,turnover_penalty=0.01,target_vol=0.18"
2024-11-20,0.0,0.20601210136220763,3920.0,0.0,0.0,0.0,0.0,0.0,3920.0,1010911.48832,208260.0,802651.48832,10911.488320000004,0.010911488320000107,4,"mom20@q0.6,hold_q=0.4,buy_top=5,hold_top=10,rebalance=20d,min_hold=5d,turnover_penalty=0.01,target_vol=0.18"
2024-11-21,0.0,0.20638735364625033,478.0,0.0,0.0,0.0,0.0,0.0,478.0,1011389.48832,208738.0,802651.48832,11389.488320000004,0.011389488320000085,4,"mom20@q0.6,hold_q=0.4,buy_top=5,hold_top=10,rebalance=20d,min_hold=5d,turnover_penalty=0.01,target_vol=0.18"
2024-11-22,0.0,0.1976521909543014,-11011.0,0.0,0.0,0.0,0.0,0.0,-11011.0,1000378.48832,197727.0,802651.48832,378.488320000004,0.0003784883199999811,4,"mom20@q0.6,hold_q=0.4,buy_top=5,hold_top=10,rebalance=20d,min_hold=5d,turnover_penalty=0.01,target_vol=0.18"
2024-11-25,-4259.51208,0.2014075580825223,-618.0,4248.0,0.0,11.51208,0.0,11.51208,-629.512080000015,999748.97624,201357.0,798391.97624,-251.02376000001095,-0.00025102375999996873,4,"mom20@q0.6,hold_q=0.4,buy_top=5,hold_top=10,rebalance=20d,min_hold=5d,turnover_penalty=0.01,target_vol=0.18"
2024-11-26,0.0,0.20021958595844122,-1485.0,0.0,0.0,0.0,0.0,0.0,-1485.0,998263.97624,199872.0,798391.97624,-1736.023760000011,-0.0017360237600000383,4,"mom20@q0.6,hold_q=0.4,buy_top=5,hold_top=10,rebalance=20d,min_hold=5d,turnover_penalty=0.01,target_vol=0.18"
2024-11-27,0.0,0.20383805445267025,4537.0,0.0,0.0,0.0,0.0,0.0,4537.0,1002800.97624,204409.0,798391.97624,2800.976239999989,0.002800976240000086,4,"mom20@q0.6,hold_q=0.4,buy_top=5,hold_top=10,rebalance=20d,min_hold=5d,turnover_penalty=0.01,target_vol=0.18"
2024-11-28,0.0,0.20453848508079675,883.0,0.0,0.0,0.0,0.0,0.0,883.0,1003683.97624,205292.0,798391.97624,3683.976239999989,0.003683976240000053,4,"mom20@q0.6,hold_q=0.4,buy_top=5,hold_top=10,rebalance=20d,min_hold=5d,turnover_penalty=0.01,target_vol=0.18"
2024-11-29,0.0,0.2085176459056232,5046.0,0.0,0.0,0.0,0.0,0.0,5046.0,1008729.97624,210338.0,798391.97624,8729.976239999989,0.008729976239999937,4,"mom20@q0.6,hold_q=0.4,buy_top=5,hold_top=10,rebalance=20d,min_hold=5d,turnover_penalty=0.01,target_vol=0.18"
2024-12-02,0.0,0.2115324461266152,3857.0,0.0,0.0,0.0,0.0,0.0,3857.0,1012586.97624,214195.0,798391.97624,12586.976239999989,0.012586976239999936,4,"mom20@q0.6,hold_q=0.4,buy_top=5,hold_top=10,rebalance=20d,min_hold=5d,turnover_penalty=0.01,target_vol=0.18"
2024-12-03,0.0,0.20669467863167923,-6175.0,0.0,0.0,0.0,0.0,0.0,-6175.0,1006411.97624,208020.0,798391.97624,6411.976239999989,0.006411976239999895,4,"mom20@q0.6,hold_q=0.4,buy_top=5,hold_top=10,rebalance=20d,min_hold=5d,turnover_penalty=0.01,target_vol=0.18"
2024-12-04,2376.34736,0.20671891993936972,3034.0,0.0,2384.0,0.0,7.652639999999999,7.652639999999999,3026.3473600000143,1009438.3236,208670.0,800768.3236,9438.323600000003,0.009438323599999965,4,"mom20@q0.6,hold_q=0.4,buy_top=5,hold_top=10,rebalance=20d,min_hold=5d,turnover_penalty=0.01,target_vol=0.18"
2024-12-05,2452.1034,0.20515597869491012,1108.0,0.0,2460.0,0.0,7.896599999999999,7.896599999999999,1100.1034000000218,1010538.427,207318.0,803220.427,10538.427000000025,0.010538426999999961,4,"mom20@q0.6,hold_q=0.4,buy_top=5,hold_top=10,rebalance=20d,min_hold=5d,turnover_penalty=0.01,target_vol=0.18"
2024-12-06,0.0,0.20407141463206163,-1377.0,0.0,0.0,0.0,0.0,0.0,-1377.0,1009161.427,205941.0,803220.427,9161.427000000025,0.009161427,4,"mom20@q0.6,hold_q=0.4,buy_top=5,hold_top=10,rebalance=20d,min_hold=5d,turnover_penalty=0.01,target_vol=0.18"
2024-12-09,0.0,0.19960052252918403,-5637.0,0.0,0.0,0.0,0.0,0.0,-5637.0,1003524.427,200304.0,803220.427,3524.427000000025,0.0035244270000001077,4,"mom20@q0.6,hold_q=0.4,buy_top=5,hold_top=10,rebalance=20d,min_hold=5d,turnover_penalty=0.01,target_vol=0.18"
2024-12-10,11136.226140000006,0.18764065671018784,-48.0,165331.0,177485.0,448.04701,569.72685,1017.77386,-1065.773860000074,1002458.65314,188102.0,814356.65314,2458.6531399999512,0.0024586531399999334,4,"mom20@q0.6,hold_q=0.4,buy_top=5,hold_top=10,rebalance=20d,min_hold=5d,turnover_penalty=0.01,target_vol=0.18"
2024-12-11,0.0,0.18900060306008046,1681.0,0.0,0.0,0.0,0.0,0.0,1681.0,1004139.65314,189783.0,814356.65314,4139.653139999951,0.004139653139999977,4,"mom20@q0.6,hold_q=0.4,buy_top=5,hold_top=10,rebalance=20d,min_hold=5d,turnover_penalty=0.01,target_vol=0.18"
2024-12-12,3587.5530799999997,0.1940342233587054,10739.0,824.0,4428.0,2.23304,14.21388,16.44692,10722.553079999983,1014862.2062199999,196918.0,817944.2062199999,14862.206219999935,0.014862206219999896,4,"mom20@q0.6,hold_q=0.4,buy_top=5,hold_top=10,rebalance=20d,min_hold=5d,turnover_penalty=0.01,target_vol=0.18"
2024-12-13,851.2586599999998,0.19008562277922153,-3894.0,0.0,853.9999999999999,0.0,2.741339999999999,2.741339999999999,-3896.7413399999496,1010965.46488,192170.0,818795.46488,10965.464879999985,0.010965464879999942,4,"mom20@q0.6,hold_q=0.4,buy_top=5,hold_top=10,rebalance=20d,min_hold=5d,turnover_penalty=0.01,target_vol=0.18"
2024-12-16,-1862.03247,0.1889478573831716,-3709.0,1857.0,0.0,5.03247,0.0,5.03247,-3714.0324699999765,1007251.43241,190318.0,816933.43241,7251.4324100000085,0.007251432409999925,4,"mom20@q0.6,hold_q=0.4,buy_top=5,hold_top=10,rebalance=20d,min_hold=5d,turnover_penalty=0.01,target_vol=0.18"
2024-12-17,-5186.01612,0.1879549012049964,-7604.0,5172.0,0.0,14.016119999999999,0.0,14.016119999999999,-7618.0161199999275,999633.4162900001,187886.0,811747.4162900001,-366.58370999991894,-0.0003665837099998681,4,"mom20@q0.6,hold_q=0.4,buy_top=5,hold_top=10,rebalance=20d,min_hold=5d,turnover_penalty=0.01,target_vol=0.18"
2024-12-18,-974.6341200000002,0.19190990093263735,3689.0,972.0000000000001,0.0,2.6341200000000002,0.0,2.6341200000000002,3686.3658800000558,1003319.7821700001,192547.0,810772.7821700001,3319.782170000137,0.003319782170000174,4,"mom20@q0.6,hold_q=0.4,buy_top=5,hold_top=10,rebalance=20d,min_hold=5d,turnover_penalty=0.01,target_vol=0.18"
2024-12-19,-962.6016,0.1946475904394025,2218.0,960.0,0.0,2.6016,0.0,2.6016,2215.3983999999473,1005535.1805700001,195725.0,809810.1805700001,5535.180570000084,0.005535180570000131,4,"mom20@q0.6,hold_q=0.4,buy_top=5,hold_top=10,rebalance=20d,min_hold=5d,turnover_penalty=0.01,target_vol=0.18"
2024-12-20,0.0,0.2000375022268161,6775.0,0.0,0.0,0.0,0.0,0.0,6775.0,1012310.1805700001,202500.0,809810.1805700001,12310.180570000084,0.012310180570000107,4,"mom20@q0.6,hold_q=0.4,buy_top=5,hold_top=10,rebalance=20d,min_hold=5d,turnover_penalty=0.01,target_vol=0.18"
2024-12-23,-5430.67736,0.19801802448017866,-9306.0,5416.0,0.0,14.677359999999998,0.0,14.677359999999998,-9320.677360000089,1002989.50321,198610.0,804379.50321,2989.5032099999953,0.002989503210000022,4,"mom20@q0.6,hold_q=0.4,buy_top=5,hold_top=10,rebalance=20d,min_hold=5d,turnover_penalty=0.01,target_vol=0.18"
2024-12-24,0.0,0.19741067485604533,-759.0,0.0,0.0,0.0,0.0,0.0,-759.0,1002230.50321,197851.0,804379.50321,2230.5032099999953,0.0022305032100000677,4,"mom20@q0.6,hold_q=0.4,buy_top=5,hold_top=10,rebalance=20d,min_hold=5d,turnover_penalty=0.01,target_vol=0.18"
2024-12-25,-6559.728819999999,0.19841661075225336,-6908.0,6542.0,0.0,17.72882,0.0,17.72882,-6925.72881999996,995304.77439,197485.0,797819.77439,-4695.225609999965,-0.00469522561000002,4,"mom20@q0.6,hold_q=0.4,buy_top=5,hold_top=10,rebalance=20d,min_hold=5d,turnover_penalty=0.01,target_vol=0.18"
2024-12-26,0.0,0.19919383876487617,966.0,0.0,0.0,0.0,0.0,0.0,966.0,996270.77439,198451.0,797819.77439,-3729.225609999965,-0.0037292256099999976,4,"mom20@q0.6,hold_q=0.4,buy_top=5,hold_top=10,rebalance=20d,min_hold=5d,turnover_penalty=0.01,target_vol=0.18"
2024-12-27,-672.81841,0.20136515214253553,1868.0,671.0,0.0,1.8184099999999999,0.0,1.8184099999999999,1866.181590000051,998136.9559800001,200990.0,797146.9559800001,-1863.0440199999139,-0.0018630440199999265,4,"mom20@q0.6,hold_q=0.4,buy_top=5,hold_top=10,rebalance=20d,min_hold=5d,turnover_penalty=0.01,target_vol=0.18"
2024-12-30,0.0,0.20546306288291363,5148.0,0.0,0.0,0.0,0.0,0.0,5148.0,1003284.9559800001,206138.0,797146.9559800001,3284.955980000086,0.003284955980000115,4,"mom20@q0.6,hold_q=0.4,buy_top=5,hold_top=10,rebalance=20d,min_hold=5d,turnover_penalty=0.01,target_vol=0.18"
2024-12-31,-1674.5257,0.20191418206663395,-6555.0,1670.0,0.0,4.5257,0.0,4.5257,-6559.525699999998,996725.4302800001,201253.0,795472.4302800001,-3274.569719999912,-0.0032745697199999535,4,"mom20@q0.6,hold_q=0.4,buy_top=5,hold_top=10,rebalance=20d,min_hold=5d,turnover_penalty=0.01,target_vol=0.18"
2025-01-02,-21467.01839,0.21799104859402685,-6902.0,21409.0,0.0,58.01839,0.0,58.01839,-6960.018390000099,989765.41189,215760.0,774005.41189,-10234.588110000012,-0.010234588109999998,4,"mom20@q0.6,hold_q=0.4,buy_top=5,hold_top=10,rebalance=20d,min_hold=5d,turnover_penalty=0.01,target_vol=0.18"
2025-01-03,-3323.98365,0.21457971096434142,-8522.0,3315.0,0.0,8.983649999999999,0.0,8.983649999999999,-8530.983650000067,981234.4282399999,210553.0,770681.4282399999,-18765.57176000008,-0.018765571760000044,4,"mom20@q0.6,hold_q=0.4,buy_top=5,hold_top=10,rebalance=20d,min_hold=5d,turnover_penalty=0.01,target_vol=0.18"
2025-01-06,-580.56909,0.21559541271751784,532.0,579.0,0.0,1.5690899999999999,0.0,1.5690899999999999,530.4309099999955,981764.8591499999,211664.0,770100.8591499999,-18235.140850000083,-0.01823514085000011,4,"mom20@q0.6,hold_q=0.4,buy_top=5,hold_top=10,rebalance=20d,min_hold=5d,turnover_penalty=0.01,target_vol=0.18"
2025-01-07,804.40953,0.22285759518154846,10212.0,0.0,807.0,0.0,2.59047,2.59047,10209.409529999946,991974.2686799999,221069.0,770905.2686799999,-8025.731320000137,-0.008025731320000173,4,"mom20@q0.6,hold_q=0.4,buy_top=5,hold_top=10,rebalance=20d,min_hold=5d,turnover_penalty=0.01,target_vol=0.18"
2025-01-08,4582.760439999984,0.217379187585573,-83.0,166774.0,172362.0,451.95754,553.28202,1005.23956,-1088.2395600000164,990886.0291199998,215398.0,775488.0291199998,-9113.970880000154,-0.0091139708800001,4,"mom20@q0.6,hold_q=0.4,buy_top=5,hold_top=10,rebalance=20d,min_hold=5d,turnover_penalty=0.01,target_vol=0.18"
2025-01-09,-6004.22748,0.2206455192687844,-3535.0,5988.0,0.0,16.22748,0.0,16.22748,-3551.2274800000014,987334.8016399998,217851.0,769483.8016399998,-12665.198360000155,-0.01266519836000013,4,"mom20@q0.6,hold_q=0.4,buy_top=5,hold_top=10,rebalance=20d,min_hold=5d,turnover_penalty=0.01,target_vol=0.18"
2025-01-10,-1247.37124,0.21975040236463514,-2728.0,1244.0,0.0,3.37124,0.0,3.37124,-2731.3712400000077,984603.4303999998,216367.0,768236.4303999998,-15396.569600000163,-0.015396569600000132,4,"mom20@q0.6,hold_q=0.4,buy_top=5,hold_top=10,rebalance=20d,min_hold=5d,turnover_penalty=0.01,target_vol=0.18"
2025-01-13,-9385.3656,0.22873234723630115,-677.0,9360.0,0.0,25.365599999999997,0.0,25.365599999999997,-702.3656000000192,983901.0647999998,225050.0,758851.0647999998,-16098.935200000182,-0.016098935200000164,4,"mom20@q0.6,hold_q=0.4,buy_top=5,hold_top=10,rebalance=20d,min_hold=5d,turnover_penalty=0.01,target_vol=0.18"
2025-01-14,0.0,0.23291432013378832,5364.0,0.0,0.0,0.0,0.0,0.0,5364.0,989265.0647999998,230414.0,758851.0647999998,-10734.935200000182,-0.010734935200000129,4,"mom20@q0.6,hold_q=0.4,buy_top=5,hold_top=10,rebalance=20d,min_hold=5d,turnover_penalty=0.01,target_vol=0.18"
2025-01-15,-4600.43348,0.23018496447637612,-9471.0,4588.0,0.0,12.43348,0.0,12.43348,-9483.433480000007,979781.6313199998,225531.0,754250.6313199998,-20218.36868000019,-0.020218368680000154,4,"mom20@q0.6,hold_q=0.4,buy_top=5,hold_top=10,rebalance=20d,min_hold=5d,turnover_penalty=0.01,target_vol=0.18"
2025-01-16,2390.30242,0.226093944795426,-2083.0,0.0,2398.0,0.0,7.697579999999999,7.697579999999999,-2090.6975800000364,977690.9337399998,221050.0,756640.9337399998,-22309.066260000225,-0.022309066260000177,4,"mom20@q0.6,hold_q=0.4,buy_top=5,hold_top=10,rebalance=20d,min_hold=5d,turnover_penalty=0.01,target_vol=0.18"
2025-01-17,0.0,0.22709555981702162,1267.0,0.0,0.0,0.0,0.0,0.0,1267.0,978957.9337399998,222317.0,756640.9337399998,-21042.066260000225,-0.02104206626000027,4,"mom20@q0.6,hold_q=0.4,buy_top=5,hold_top=10,rebalance=20d,min_hold=5d,turnover_penalty=0.01,target_vol=0.18"
2025-01-20,0.0,0.23177806975923543,5967.0,0.0,0.0,0.0,0.0,0.0,5967.0,984924.9337399998,228284.0,756640.9337399998,-15075.066260000225,-0.015075066260000214,4,"mom20@q0.6,hold_q=0.4,buy_top=5,hold_top=10,rebalance=20d,min_hold=5d,turnover_penalty=0.01,target_vol=0.18"
2025-01-21,5828.23113,0.23235550248933143,8352.0,0.0,5847.0,0.0,18.76887,18.76887,8333.231129999971,993258.1648699997,230789.0,762469.1648699997,-6741.835130000254,-0.006741835130000262,4,"mom20@q0.6,hold_q=0.4,buy_top=5,hold_top=10,rebalance=20d,min_hold=5d,turnover_penalty=0.01,target_vol=0.18"
2025-01-22,0.0,0.23801177532876622,7373.0,0.0,0.0,0.0,0.0,0.0,7373.0,1000631.1648699997,238162.0,762469.1648699997,631.1648699997459,0.0006311648699997008,4,"mom20@q0.6,hold_q=0.4,buy_top=5,hold_top=10,rebalance=20d,min_hold=5d,turnover_penalty=0.01,target_vol=0.18"
2025-01-23,0.0,0.23450649650460367,-4582.0,0.0,0.0,0.0,0.0,0.0,-4582.0,996049.1648699997,233580.0,762469.1648699997,-3950.835130000254,-0.003950835130000274,4,"mom20@q0.6,hold_q=0.4,buy_top=5,hold_top=10,rebalance=20d,min_hold=5d,turnover_penalty=0.01,target_vol=0.18"
2025-01-24,1246.98429,0.23690283646320132,4766.0,0.0,1251.0,0.0,4.0157099999999994,4.0157099999999994,4761.984290000051,1000811.1491599998,237095.0,763716.1491599998,811.1491599997971,0.0008111491599998022,4,"mom20@q0.6,hold_q=0.4,buy_top=5,hold_top=10,rebalance=20d,min_hold=5d,turnover_penalty=0.01,target_vol=0.18"
2025-01-27,-1197.23574,0.22861549770869588,-12301.0,1194.0,0.0,3.23574,0.0,3.23574,-12304.235740000033,988506.9134199998,225988.0,762518.9134199998,-11493.086580000236,-0.011493086580000256,4,"mom20@q0.6,hold_q=0.4,buy_top=5,hold_top=10,rebalance=20d,min_hold=5d,turnover_penalty=0.01,target_vol=0.18"
2025-02-05,-5389.56625,0.22440159733175868,-12305.0,5375.0,0.0,14.566249999999998,0.0,14.566249999999998,-12319.566250000033,976187.3471699997,219058.0,757129.3471699997,-23812.65283000027,-0.023812652830000225,4,"mom20@q0.6,hold_q=0.4,buy_top=5,hold_top=10,rebalance=20d,min_hold=5d,turnover_penalty=0.01,target_vol=0.18"
2025-02-06,0.0,0.22618040666837855,2244.0,0.0,0.0,0.0,0.0,0.0,2244.0,978431.3471699997,221302.0,757129.3471699997,-21568.65283000027,-0.021568652830000312,4,"mom20@q0.6,hold_q=0.4,buy_top=5,hold_top=10,rebalance=20d,min_hold=5d,turnover_penalty=0.01,target_vol=0.18"
2025-02-07,2284.64268,0.22875902192309477,6241.0,0.0,2292.0,0.0,7.35732,7.35732,6233.642680000048,984664.9898499998,225251.0,759413.9898499998,-15335.01015000022,-0.015335010150000272,4,"mom20@q0.6,hold_q=0.4,buy_top=5,hold_top=10,rebalance=20d,min_hold=5d,turnover_penalty=0.01,target_vol=0.18"
2025-02-10,-1111.00268,0.23474079685513768,6248.0,1108.0,0.0,3.00268,0.0,3.00268,6244.997319999966,990909.9871699997,232607.0,758302.9871699997,-9090.012830000254,-0.009090012830000216,4,"mom20@q0.6,hold_q=0.4,buy_top=5,hold_top=10,rebalance=20d,min_hold=5d,turnover_penalty=0.01,target_vol=0.18"
2025-02-11,0.0,0.2387807722018627,5259.0,0.0,0.0,0.0,0.0,0.0,5259.0,996168.9871699997,237866.0,758302.9871699997,-3831.0128300002543,-0.003831012830000202,4,"mom20@q0.6,hold_q=0.4,buy_top=5,hold_top=10,rebalance=20d,min_hold=5d,turnover_penalty=0.01,target_vol=0.18"
2025-02-12,0.0,0.24177510026664714,3934.0,0.0,0.0,0.0,0.0,0.0,3934.0,1000102.9871699997,241800.0,758302.9871699997,102.98716999974567,0.00010298716999979085,4,"mom20@q0.6,hold_q=0.4,buy_top=5,hold_top=10,rebalance=20d,min_hold=5d,turnover_penalty=0.01,target_vol=0.18"
2025-02-13,8476.20778000004,0.22557740501114493,-8619.0,223351.0,233181.0,605.28121,748.5110099999999,1353.7922199999998,-9972.792219999945,990130.1949499998,223351.0,766779.1949499998,-9869.8050500002,-0.009869805050000235,4,"mom20@q0.6,hold_q=0.4,buy_top=5,hold_top=10,rebalance=20d,min_hold=5d,turnover_penalty=0.01,target_vol=0.18"
2025-02-14,-2765.47418,0.22890509944537787,694.0,2758.0,0.0,7.47418,0.0,7.47418,686.5258199999807,990816.7207699998,226803.0,764013.7207699998,-9183.279230000218,-0.009183279230000174,4,"mom20@q0.6,hold_q=0.4,buy_top=5,hold_top=10,rebalance=20d,min_hold=5d,turnover_penalty=0.01,target_vol=0.18"
2025-02-17,-3723.0622300000005,0.23865538053793078,7809.0,3713.0000000000005,0.0,10.06223,0.0,10.06223,7798.93776999996,998615.6585399997,238325.0,760290.6585399997,-1384.341460000258,-0.0013843414600002157,4,"mom20@q0.6,hold_q=0.4,buy_top=5,hold_top=10,rebalance=20d,min_hold=5d,turnover_penalty=0.01,target_vol=0.18"
2025-02-18,0.0,0.23151394374888945,-9280.0,0.0,0.0,0.0,0.0,0.0,-9280.0,989335.6585399997,229045.0,760290.6585399997,-10664.341460000258,-0.010664341460000282,4,"mom20@q0.6,hold_q=0.4,buy_top=5,hold_top=10,rebalance=20d,min_hold=5d,turnover_penalty=0.01,target_vol=0.18"
2025-02-19,0.0,0.23895793307452043,9677.0,0.0,0.0,0.0,0.0,0.0,9677.0,999012.6585399997,238722.0,760290.6585399997,-987.3414600002579,-0.000987341460000235,4,"mom20@q0.6,hold_q=0.4,buy_top=5,hold_top=10,rebalance=20d,min_hold=5d,turnover_penalty=0.01,target_vol=0.18"
2025-02-20,0.0,0.23768819255948548,-1664.0,0.0,0.0,0.0,0.0,0.0,-1664.0,997348.6585399997,237058.0,760290.6585399997,-2651.341460000258,-0.002651341460000234,4,"mom20@q0.6,hold_q=0.4,buy_top=5,hold_top=10,rebalance=20d,min_hold=5d,turnover_penalty=0.01,target_vol=0.18"
2025-02-21,0.0,0.24270494212299104,6607.0,0.0,0.0,0.0,0.0,0.0,6607.0,1003955.6585399997,243665.0,760290.6585399997,3955.658539999742,0.003955658539999796,4,"mom20@q0.6,hold_q=0.4,buy_top=5,hold_top=10,rebalance=20d,min_hold=5d,turnover_penalty=0.01,target_vol=0.18"
2025-02-24,4233.36713,0.24081383176715412,3089.0,0.0,4247.0,0.0,13.632869999999999,13.632869999999999,3075.367130000028,1007031.0256699998,242507.0,764524.0256699998,7031.02566999977,0.007031025669999691,4,"mom20@q0.6,hold_q=0.4,buy_top=5,hold_top=10,rebalance=20d,min_hold=5d,turnover_penalty=0.01,target_vol=0.18"
2025-02-25,0.0,0.23899639653459354,-2405.0,0.0,0.0,0.0,0.0,0.0,-2405.0,1004626.0256699998,240102.0,764524.0256699998,4626.02566999977,0.0046260256699997004,4,"mom20@q0.6,hold_q=0.4,buy_top=5,hold_top=10,rebalance=20d,min_hold=5d,turnover_penalty=0.01,target_vol=0.18"
2025-02-26,0.0,0.24131408194490156,3069.0,0.0,0.0,0.0,0.0,0.0,3069.0,1007695.0256699998,243171.0,764524.0256699998,7695.02566999977,0.007695025669999689,4,"mom20@q0.6,hold_q=0.4,buy_top=5,hold_top=10,rebalance=20d,min_hold=5d,turnover_penalty=0.01,target_vol=0.18"
2025-02-27,0.0,0.2345804531084567,-8865.0,0.0,0.0,0.0,0.0,0.0,-8865.0,998830.0256699998,234306.0,764524.0256699998,-1169.97433000023,-0.001169974330000212,4,"mom20@q0.6,hold_q=0.4,buy_top=5,hold_top=10,rebalance=20d,min_hold=5d,turnover_penalty=0.01,target_vol=0.18"
2025-02-28,-6635.93478,0.22696355723893655,-18408.0,6618.0,0.0,17.934779999999996,0.0,17.934779999999996,-18425.93478000001,980404.0908899998,222516.0,757888.0908899998,-19595.90911000024,-0.019595909110000198,4,"mom20@q0.6,hold_q=0.4,buy_top=5,hold_top=10,rebalance=20d,min_hold=5d,turnover_penalty=0.01,target_vol=0.18"
2025-03-03,0.0,0.2259585075568349,-1273.0,0.0,0.0,0.0,0.0,0.0,-1273.0,979131.0908899998,221243.0,757888.0908899998,-20868.90911000024,-0.020868909110000278,4,"mom20@q0.6,hold_q=0.4,buy_top=5,hold_top=10,rebalance=20d,min_hold=5d,turnover_penalty=0.01,target_vol=0.18"
2025-03-04,0.0,0.22923794048447585,4166.0,0.0,0.0,0.0,0.0,0.0,4166.0,983297.0908899998,225409.0,757888.0908899998,-16702.90911000024,-0.016702909110000275,4,"mom20@q0.6,hold_q=0.4,buy_top=5,hold_top=10,rebalance=20d,min_hold=5d,turnover_penalty=0.01,target_vol=0.18"
2025-03-05,0.0,0.23123549882031538,2555.0,0.0,0.0,0.0,0.0,0.0,2555.0,985852.0908899998,227964.0,757888.0908899998,-14147.90911000024,-0.01414790911000019,4,"mom20@q0.6,hold_q=0.4,buy_top=5,hold_top=10,rebalance=20d,min_hold=5d,turnover_penalty=0.01,target_vol=0.18"
2025-03-06,0.0,0.23535480905623138,5311.0,0.0,0.0,0.0,0.0,0.0,5311.0,991163.0908899998,233275.0,757888.0908899998,-8836.90911000024,-0.008836909110000235,4,"mom20@q0.6,hold_q=0.4,buy_top=5,hold_top=10,rebalance=20d,min_hold=5d,turnover_penalty=0.01,target_vol=0.18"
2025-03-07,0.0,0.2326482294686392,-3496.0,0.0,0.0,0.0,0.0,0.0,-3496.0,987667.0908899998,229779.0,757888.0908899998,-12332.90911000024,-0.01233290911000029,4,"mom20@q0.6,hold_q=0.4,buy_top=5,hold_top=10,rebalance=20d,min_hold=5d,turnover_penalty=0.01,target_vol=0.18"
2025-03-10,0.0,0.23337630174683316,938.0,0.0,0.0,0.0,0.0,0.0,938.0,988605.0908899998,230717.0,757888.0908899998,-11394.90911000024,-0.011394909110000295,4,"mom20@q0.6,hold_q=0.4,buy_top=5,hold_top=10,rebalance=20d,min_hold=5d,turnover_penalty=0.01,target_vol=0.18"
2025-03-11,0.0,0.23047600675010413,-3726.0,0.0,0.0,0.0,0.0,0.0,-3726.0,984879.0908899998,226991.0,757888.0908899998,-15120.90911000024,-0.015120909110000191,4,"mom20@q0.6,hold_q=0.4,buy_top=5,hold_top=10,rebalance=20d,min_hold=5d,turnover_penalty=0.01,target_vol=0.18"
2025-03-12,0.0,0.2324259620904234,2502.0,0.0,0.0,0.0,0.0,0.0,2502.0,987381.0908899998,229493.0,757888.0908899998,-12618.90911000024,-0.012618909110000187,4,"mom20@q0.6,hold_q=0.4,buy_top=5,hold_top=10,rebalance=20d,min_hold=5d,turnover_penalty=0.01,target_vol=0.18"
2025-03-13,140.3161699999764,0.22382493589095212,-9462.0,218592.0,220031.0,592.3843199999999,706.2995099999999,1298.68383,-10760.683829999994,976620.4070599998,218592.0,758028.4070599998,-23379.592940000235,-0.02337959294000025,4,"mom20@q0.6,hold_q=0.4,buy_top=5,hold_top=10,rebalance=20d,min_hold=5d,turnover_penalty=0.01,target_vol=0.18"
2025-03-14,-4641.54459,0.2366915493101218,10394.0,4629.0,0.0,12.54459,0.0,12.54459,10381.455410000053,987001.8624699998,233615.0,753386.8624699998,-12998.137530000182,-0.012998137530000231,4,"mom20@q0.6,hold_q=0.4,buy_top=5,hold_top=10,rebalance=20d,min_hold=5d,turnover_penalty=0.01,target_vol=0.18"
2025-03-17,8956.15815,0.2348558022493081,9366.0,0.0,8985.0,0.0,28.841849999999997,28.841849999999997,9337.158150000032,996339.0206199999,233996.0,762343.0206199999,-3660.97938000015,-0.0036609793800000956,4,"mom20@q0.6,hold_q=0.4,buy_top=5,hold_top=10,rebalance=20d,min_hold=5d,turnover_penalty=0.01,target_vol=0.18"
2025-03-18,0.0,0.23555400420845393,910.0,0.0,0.0,0.0,0.0,0.0,910.0,997249.0206199999,234906.0,762343.0206199999,-2750.97938000015,-0.002750979380000129,4,"mom20@q0.6,hold_q=0.4,buy_top=5,hold_top=10,rebalance=20d,min_hold=5d,turnover_penalty=0.01,target_vol=0.18"
2025-03-19,0.0,0.2282837294709436,-9395.0,0.0,0.0,0.0,0.0,0.0,-9395.0,987854.0206199999,225511.0,762343.0206199999,-12145.97938000015,-0.012145979380000171,4,"mom20@q0.6,hold_q=0.4,buy_top=5,hold_top=10,rebalance=20d,min_hold=5d,turnover_penalty=0.01,target_vol=0.18"
2025-03-20,-6314.06487,0.23539365645427338,945.0,6297.0,0.0,17.06487,0.0,17.06487,927.935129999998,988781.9557499998,232753.0,756028.9557499998,-11218.044250000152,-0.01121804425000017,4,"mom20@q0.6,hold_q=0.4,buy_top=5,hold_top=10,rebalance=20d,min_hold=5d,turnover_penalty=0.01,target_vol=0.18"
2025-03-21,0.0,0.23064422955027708,-6104.0,0.0,0.0,0.0,0.0,0.0,-6104.0,982677.9557499998,226649.0,756028.9557499998,-17322.04425000015,-0.017322044250000168,4,"mom20@q0.6,hold_q=0.4,buy_top=5,hold_top=10,rebalance=20d,min_hold=5d,turnover_penalty=0.01,target_vol=0.18"
2025-03-24,-4346.74785,0.23789618081401573,3659.0,4335.0,0.0,11.74785,0.0,11.74785,3647.2521499999566,986325.2078999998,234643.0,751682.2078999998,-13674.792100000195,-0.013674792100000221,4,"mom20@q0.6,hold_q=0.4,buy_top=5,hold_top=10,rebalance=20d,min_hold=5d,turnover_penalty=0.01,target_vol=0.18"
2025-03-25,0.0,0.2328334621948644,-6509.0,0.0,0.0,0.0,0.0,0.0,-6509.0,979816.2078999998,228134.0,751682.2078999998,-20183.792100000195,-0.02018379210000021,4,"mom20@q0.6,hold_q=0.4,buy_top=5,hold_top=10,rebalance=20d,min_hold=5d,turnover_penalty=0.01,target_vol=0.18"
2025-03-26,0.0,0.23461370969591516,2279.0,0.0,0.0,0.0,0.0,0.0,2279.0,982095.2078999998,230413.0,751682.2078999998,-17904.792100000195,-0.017904792100000178,4,"mom20@q0.6,hold_q=0.4,buy_top=5,hold_top=10,rebalance=20d,min_hold=5d,turnover_penalty=0.01,target_vol=0.18"
2025-03-27,0.0,0.2350709091331255,587.0,0.0,0.0,0.0,0.0,0.0,587.0,982682.2078999998,231000.0,751682.2078999998,-17317.792100000195,-0.017317792100000173,4,"mom20@q0.6,hold_q=0.4,buy_top=5,hold_top=10,rebalance=20d,min_hold=5d,turnover_penalty=0.01,target_vol=0.18"
2025-03-28,0.0,0.2342846867462115,-1009.0,0.0,0.0,0.0,0.0,0.0,-1009.0,981673.2078999998,229991.0,751682.2078999998,-18326.792100000195,-0.01832679210000021,4,"mom20@q0.6,hold_q=0.4,buy_top=5,hold_top=10,rebalance=20d,min_hold=5d,turnover_penalty=0.01,target_vol=0.18"
2025-03-31,0.0,0.2347968108331651,657.0,0.0,0.0,0.0,0.0,0.0,657.0,982330.2078999998,230648.0,751682.2078999998,-17669.792100000195,-0.017669792100000192,4,"mom20@q0.6,hold_q=0.4,buy_top=5,hold_top=10,rebalance=20d,min_hold=5d,turnover_penalty=0.01,target_vol=0.18"
2025-04-01,4637.06708,0.22816788354986417,-2414.0,0.0,4652.0,0.0,14.93292,14.93292,-2428.93292000005,979901.2749799998,223582.0,756319.2749799998,-20098.725020000245,-0.020098725020000208,4,"mom20@q0.6,hold_q=0.4,buy_top=5,hold_top=10,rebalance=20d,min_hold=5d,turnover_penalty=0.01,target_vol=0.18"
2025-04-02,0.0,0.22963486942930825,1866.0,0.0,0.0,0.0,0.0,0.0,1866.0,981767.2749799998,225448.0,756319.2749799998,-18232.725020000245,-0.018232725020000284,4,"mom20@q0.6,hold_q=0.4,buy_top=5,hold_top=10,rebalance=20d,min_hold=5d,turnover_penalty=0.01,target_vol=0.18"
2025-04-03,0.0,0.22550271214809214,-5238.0,0.0,0.0,0.0,0.0,0.0,-5238.0,976529.2749799998,220210.0,756319.2749799998,-23470.725020000245,-0.02347072502000025,4,"mom20@q0.6,hold_q=0.4,buy_top=5,hold_top=10,rebalance=20d,min_hold=5d,turnover_penalty=0.01,target_vol=0.18"
2025-04-07,-23609.80966,0.23214059185362318,-22242.0,23546.0,0.0,63.80966,0.0,63.80966,-22305.809660000028,954223.4653199997,221514.0,732709.4653199997,-45776.53468000027,-0.045776534680000314,4,"mom20@q0.6,hold_q=0.4,buy_top=5,hold_top=10,rebalance=20d,min_hold=5d,turnover_penalty=0.01,target_vol=0.18"
2025-04-08,-5908.97003,0.2325333626485735,-7195.0,5893.0,0.0,15.970029999999998,0.0,15.970029999999998,-7210.970029999968,947012.4952899998,220212.0,726800.4952899998,-52987.50471000024,-0.052987504710000244,4,"mom20@q0.6,hold_q=0.4,buy_top=5,hold_top=10,rebalance=20d,min_hold=5d,turnover_penalty=0.01,target_vol=0.18"
2025-04-09,4832.43792,0.2369603018507557,11843.0,0.0,4848.0,0.0,15.562079999999998,15.562079999999998,11827.437920000055,958839.9332099998,227207.0,731632.9332099998,-41160.066790000186,-0.04116006679000017,4,"mom20@q0.6,hold_q=0.4,buy_top=5,hold_top=10,rebalance=20d,min_hold=5d,turnover_penalty=0.01,target_vol=0.18"
2025-04-10,0.0,0.24528792100717986,10580.0,0.0,0.0,0.0,0.0,0.0,10580.0,969419.9332099998,237787.0,731632.9332099998,-30580.066790000186,-0.030580066790000138,4,"mom20@q0.6,hold_q=0.4,buy_top=5,hold_top=10,rebalance=20d,min_hold=5d,turnover_penalty=0.01,target_vol=0.18"
2025-04-11,-317994.91234999994,0.5753229323009957,6488.0,492664.0,176571.0,1335.11944,566.7929099999999,1901.9123499999998,4586.087650000234,974006.02086,560368.0,413638.02086,-25993.979139999952,-0.0259939791399999,4,"mom20@q0.6,hold_q=0.4,buy_top=5,hold_top=10,rebalance=20d,min_hold=5d,turnover_penalty=0.01,target_vol=0.18"
2025-04-14,-2828.64491,0.5787043114524777,1111.0,2821.0,0.0,7.644909999999999,0.0,7.644909999999999,1103.3550899999682,975109.37595,564300.0,410809.37595,-24890.624049999984,-0.024890624049999976,4,"mom20@q0.6,hold_q=0.4,buy_top=5,hold_top=10,rebalance=20d,min_hold=5d,turnover_penalty=0.01,target_vol=0.18"
2025-04-15,-4590.40638,0.5818090471049704,-3725.0,4578.0,0.0,12.406379999999999,0.0,12.406379999999999,-3737.4063800000586,971371.96957,565153.0,406218.96957,-28628.030430000043,-0.028628030430000062,4,"mom20@q0.6,hold_q=0.4,buy_top=5,hold_top=10,rebalance=20d,min_hold=5d,turnover_penalty=0.01,target_vol=0.18"
2025-04-16,0.0,0.5847055890296562,6775.0,0.0,0.0,0.0,0.0,0.0,6775.0,978146.96957,571928.0,406218.96957,-21853.030430000043,-0.021853030430000087,4,"mom20@q0.6,hold_q=0.4,buy_top=5,hold_top=10,rebalance=20d,min_hold=5d,turnover_penalty=0.01,target_vol=0.18"
2025-04-17,0.0,0.58411246434565,-1395.0,0.0,0.0,0.0,0.0,0.0,-1395.0,976751.96957,570533.0,406218.96957,-23248.030430000043,-0.02324803043000001,4,"mom20@q0.6,hold_q=0.4,buy_top=5,hold_top=10,rebalance=20d,min_hold=5d,turnover_penalty=0.01,target_vol=0.18"
2025-04-18,-3857.42537,0.5881943286376216,325.0,3847.0,0.0,10.42537,0.0,10.42537,314.57463000004645,977066.5442,574705.0,402361.5442,-22933.455799999996,-0.022933455799999947,4,"mom20@q0.6,hold_q=0.4,buy_top=5,hold_top=10,rebalance=20d,min_hold=5d,turnover_penalty=0.01,target_vol=0.18"
2025-04-21,0.0,0.5887524423757766,1326.0,0.0,0.0,0.0,0.0,0.0,1326.0,978392.5442,576031.0,402361.5442,-21607.455799999996,-0.02160745580000001,4,"mom20@q0.6,hold_q=0.4,buy_top=5,hold_top=10,rebalance=20d,min_hold=5d,turnover_penalty=0.01,target_vol=0.18"
2025-04-22,0.0,0.5896901568083072,2236.0,0.0,0.0,0.0,0.0,0.0,2236.0,980628.5442,578267.0,402361.5442,-19371.455799999996,-0.019371455799999993,4,"mom20@q0.6,hold_q=0.4,buy_top=5,hold_top=10,rebalance=20d,min_hold=5d,turnover_penalty=0.01,target_vol=0.18"
2025-04-23,0.0,0.5887591675428462,-2220.0,0.0,0.0,0.0,0.0,0.0,-2220.0,978408.5442,576047.0,402361.5442,-21591.455799999996,-0.021591455799999992,4,"mom20@q0.6,hold_q=0.4,buy_top=5,hold_top=10,rebalance=20d,min_hold=5d,turnover_penalty=0.01,target_vol=0.18"
2025-04-24,0.0,0.590242974231681,3543.0,0.0,0.0,0.0,0.0,0.0,3543.0,981951.5442,579590.0,402361.5442,-18048.455799999996,-0.01804845580000003,4,"mom20@q0.6,hold_q=0.4,buy_top=5,hold_top=10,rebalance=20d,min_hold=5d,turnover_penalty=0.01,target_vol=0.18"
2025-04-25,0.0,0.5883047245597884,-4623.0,0.0,0.0,0.0,0.0,0.0,-4623.0,977328.5442,574967.0,402361.5442,-22671.455799999996,-0.022671455799999962,4,"mom20@q0.6,hold_q=0.4,buy_top=5,hold_top=10,rebalance=20d,min_hold=5d,turnover_penalty=0.01,target_vol=0.18"
2025-04-28,-616.65834,0.5886525728494011,-654.0,3476.0,2878.0,9.41996,9.23838,18.65834,-672.6583399999654,976655.88586,574911.0,401744.88586,-23344.11413999996,-0.023344114139999927,4,"mom20@q0.6,hold_q=0.4,buy_top=5,hold_top=10,rebalance=20d,min_hold=5d,turnover_penalty=0.01,target_vol=0.18"
2025-04-29,0.0,0.5884642194113208,-447.0,0.0,0.0,0.0,0.0,0.0,-447.0,976208.88586,574464.0,401744.88586,-23791.11413999996,-0.023791114140000014,4,"mom20@q0.6,hold_q=0.4,buy_top=5,hold_top=10,rebalance=20d,min_hold=5d,turnover_penalty=0.01,target_vol=0.18"
2025-04-30,0.0,0.5893757280139186,2167.0,0.0,0.0,0.0,0.0,0.0,2167.0,978375.88586,576631.0,401744.88586,-21624.11413999996,-0.021624114139999984,4,"mom20@q0.6,hold_q=0.4,buy_top=5,hold_top=10,rebalance=20d,min_hold=5d,turnover_penalty=0.01,target_vol=0.18"
2025-05-06,-2831.65304,0.5917539492619224,-1229.0,2824.0,0.0,7.653039999999999,0.0,7.653039999999999,-1236.6530400000047,977139.23282,578226.0,398913.23282,-22860.767179999966,-0.022860767179999963,4,"mom20@q0.6,hold_q=0.4,buy_top=5,hold_top=10,rebalance=20d,min_hold=5d,turnover_penalty=0.01,target_vol=0.18"
2025-05-07,0.0,0.5940166618674626,5446.0,0.0,0.0,0.0,0.0,0.0,5446.0,982585.23282,583672.0,398913.23282,-17414.767179999966,-0.017414767180000013,4,"mom20@q0.6,hold_q=0.4,buy_top=5,hold_top=10,rebalance=20d,min_hold=5d,turnover_penalty=0.01,target_vol=0.18"
2025-05-08,0.0,0.5933632025218798,-1579.0,0.0,0.0,0.0,0.0,0.0,-1579.0,981006.23282,582093.0,398913.23282,-18993.767179999966,-0.01899376718000001,4,"mom20@q0.6,hold_q=0.4,buy_top=5,hold_top=10,rebalance=20d,min_hold=5d,turnover_penalty=0.01,target_vol=0.18"
2025-05-09,0.0,0.5938327140161967,1134.0,0.0,0.0,0.0,0.0,0.0,1134.0,982140.23282,583227.0,398913.23282,-17859.767179999966,-0.01785976717999993,4,"mom20@q0.6,hold_q=0.4,buy_top=5,hold_top=10,rebalance=20d,min_hold=5d,turnover_penalty=0.01,target_vol=0.18"
2025-05-12,0.0,0.5917965601299218,-4899.0,0.0,0.0,0.0,0.0,0.0,-4899.0,977241.23282,578328.0,398913.23282,-22758.767179999966,-0.022758767179999917,4,"mom20@q0.6,hold_q=0.4,buy_top=5,hold_top=10,rebalance=20d,min_hold=5d,turnover_penalty=0.01,target_vol=0.18"
2025-05-13,2870.7552,0.5890493416721501,462.0,0.0,2880.0,0.0,9.2448,9.2448,452.75520000001416,977693.98802,575910.0,401783.98802,-22306.011979999952,-0.02230601197999993,4,"mom20@q0.6,hold_q=0.4,buy_top=5,hold_top=10,rebalance=20d,min_hold=5d,turnover_penalty=0.01,target_vol=0.18"
2025-05-14,338228.53507,0.24772274200434985,8539.0,243684.0,584449.0,660.38364,1876.0812899999999,2536.46493,6002.535069999751,983696.5230899998,243684.0,740012.5230899998,-16303.476910000201,-0.016303476910000225,4,"mom20@q0.6,hold_q=0.4,buy_top=5,hold_top=10,rebalance=20d,min_hold=5d,turnover_penalty=0.01,target_vol=0.18"
2025-05-15,-711.9241,0.24513838088653722,-4309.0,710.0,0.0,1.9241,0.0,1.9241,-4310.924099999946,979385.5989899999,240085.0,739300.5989899999,-20614.401010000147,-0.020614401010000116,4,"mom20@q0.6,hold_q=0.4,buy_top=5,hold_top=10,rebalance=20d,min_hold=5d,turnover_penalty=0.01,target_vol=0.18"
2025-05-16,3062.13888,0.2490081691358827,9134.0,0.0,3072.0,0.0,9.86112,9.86112,9124.138879999984,988509.7378699998,246147.0,742362.7378699998,-11490.262130000163,-0.01149026213000015,4,"mom20@q0.6,hold_q=0.4,buy_top=5,hold_top=10,rebalance=20d,min_hold=5d,turnover_penalty=0.01,target_vol=0.18"
2025-05-19,765.53472,0.24494048273993022,-4309.0,0.0,768.0,0.0,2.46528,2.46528,-4311.465280000004,984198.2725899998,241070.0,743128.2725899998,-15801.727410000167,-0.015801727410000188,4,"mom20@q0.6,hold_q=0.4,buy_top=5,hold_top=10,rebalance=20d,min_hold=5d,turnover_penalty=0.01,target_vol=0.18"
2025-05-20,-4819.02426,0.2473683584319761,-3215.0,4806.0,0.0,13.024259999999998,0.0,13.024259999999998,-3228.0242599999765,980970.2483299999,242661.0,738309.2483299999,-19029.751670000143,-0.019029751670000095,4,"mom20@q0.6,hold_q=0.4,buy_top=5,hold_top=10,rebalance=20d,min_hold=5d,turnover_penalty=0.01,target_vol=0.18"
2025-05-21,-5257.208530000001,0.2496010167705647,-4073.0,5243.0,0.0,14.20853,0.0,14.20853,-4087.2085299999453,976883.0397999999,243831.0,733052.0397999999,-23116.96020000009,-0.023116960200000092,4,"mom20@q0.6,hold_q=0.4,buy_top=5,hold_top=10,rebalance=20d,min_hold=5d,turnover_penalty=0.01,target_vol=0.18"
2025-05-22,-731.9783,0.24967288419286213,-880.0,730.0,0.0,1.9782999999999997,0.0,1.9782999999999997,-881.9782999999588,976001.0615,243681.0,732320.0615,-23998.938500000047,-0.02399893850000001,4,"mom20@q0.6,hold_q=0.4,buy_top=5,hold_top=10,rebalance=20d,min_hold=5d,turnover_penalty=0.01,target_vol=0.18"
2025-05-23,1499.17216,0.2459273039946176,-2855.0,0.0,1504.0,0.0,4.827839999999999,4.827839999999999,-2859.8278400000418,973141.2336599999,239322.0,733819.2336599999,-26858.76634000009,-0.026858766340000062,4,"mom20@q0.6,hold_q=0.4,buy_top=5,hold_top=10,rebalance=20d,min_hold=5d,turnover_penalty=0.01,target_vol=0.18"
2025-05-26,4952.05272,0.2461842752634553,6917.0,0.0,4968.0,0.0,15.94728,15.94728,6901.052720000036,980042.28638,241271.0,738771.28638,-19957.713620000053,-0.019957713620000095,4,"mom20@q0.6,hold_q=0.4,buy_top=5,hold_top=10,rebalance=20d,min_hold=5d,turnover_penalty=0.01,target_vol=0.18"
2025-05-27,-3503.46874,0.2448512433343358,-6360.0,3494.0,0.0,9.468739999999999,0.0,9.468739999999999,-6369.46874000004,973672.8176399999,238405.0,735267.8176399999,-26327.182360000093,-0.02632718236000009,4,"mom20@q0.6,hold_q=0.4,buy_top=5,hold_top=10,rebalance=20d,min_hold=5d,turnover_penalty=0.01,target_vol=0.18"
2025-05-28,2616.57375,0.2532247953032276,14430.0,0.0,2625.0,0.0,8.42625,8.42625,14421.573749999981,988094.3913899999,250210.0,737884.3913899999,-11905.608610000112,-0.011905608610000118,4,"mom20@q0.6,hold_q=0.4,buy_top=5,hold_top=10,rebalance=20d,min_hold=5d,turnover_penalty=0.01,target_vol=0.18"
2025-05-29,0.0,0.25303882881084216,-246.0,0.0,0.0,0.0,0.0,0.0,-246.0,987848.3913899999,249964.0,737884.3913899999,-12151.608610000112,-0.012151608610000086,4,"mom20@q0.6,hold_q=0.4,buy_top=5,hold_top=10,rebalance=20d,min_hold=5d,turnover_penalty=0.01,target_vol=0.18"
2025-05-30,-2460.65034,0.2511316312055695,-5795.0,2454.0,0.0,6.650339999999999,0.0,6.650339999999999,-5801.650340000051,982046.7410499998,246623.0,735423.7410499998,-17953.258950000163,-0.017953258950000217,4,"mom20@q0.6,hold_q=0.4,buy_top=5,hold_top=10,rebalance=20d,min_hold=5d,turnover_penalty=0.01,target_vol=0.18"
2025-06-03,0.0,0.25044622667204514,-898.0,0.0,0.0,0.0,0.0,0.0,-898.0,981148.7410499998,245725.0,735423.7410499998,-18851.258950000163,-0.01885125895000017,4,"mom20@q0.6,hold_q=0.4,buy_top=5,hold_top=10,rebalance=20d,min_hold=5d,turnover_penalty=0.01,target_vol=0.18"
2025-06-04,0.0,0.2571295330227123,8827.0,0.0,0.0,0.0,0.0,0.0,8827.0,989975.7410499998,254552.0,735423.7410499998,-10024.258950000163,-0.010024258950000142,4,"mom20@q0.6,hold_q=0.4,buy_top=5,hold_top=10,rebalance=20d,min_hold=5d,turnover_penalty=0.01,target_vol=0.18"
2025-06-05,6605.108040000001,0.26338004011213845,17398.0,1620.0,8256.0,4.390199999999999,26.501759999999997,30.891959999999997,17367.108039999963,1007342.8490899998,265314.0,742028.8490899998,7342.8490899998,0.0073428490899998256,4,"mom20@q0.6,hold_q=0.4,buy_top=5,hold_top=10,rebalance=20d,min_hold=5d,turnover_penalty=0.01,target_vol=0.18"
2025-06-06,7141.215990000001,0.2639623662821236,10527.0,806.0,7975.0,2.1842599999999996,25.59975,27.78401,10499.215989999939,1017842.0650799997,268672.0,749170.0650799997,17842.06507999974,0.017842065079999747,4,"mom20@q0.6,hold_q=0.4,buy_top=5,hold_top=10,rebalance=20d,min_hold=5d,turnover_penalty=0.01,target_vol=0.18"
2025-06-09,2550.78561,0.2626463746065222,1651.0,0.0,2559.0,0.0,8.21439,8.21439,1642.7856100000208,1019484.8506899998,267764.0,751720.8506899998,19484.85068999976,0.019484850689999833,4,"mom20@q0.6,hold_q=0.4,buy_top=5,hold_top=10,rebalance=20d,min_hold=5d,turnover_penalty=0.01,target_vol=0.18"
2025-06-10,-836.26014,0.26096479729225236,-3449.0,834.0,0.0,2.26014,0.0,2.26014,-3451.2601400000276,1016033.5905499997,265149.0,750884.5905499997,16033.590549999732,0.016033590549999754,4,"mom20@q0.6,hold_q=0.4,buy_top=5,hold_top=10,rebalance=20d,min_hold=5d,turnover_penalty=0.01,target_vol=0.18"
2025-06-11,0.0,0.25873377645526136,-3058.0,0.0,0.0,0.0,0.0,0.0,-3058.0,1012975.5905499997,262091.0,750884.5905499997,12975.590549999732,0.01297559054999975,4,"mom20@q0.6,hold_q=0.4,buy_top=5,hold_top=10,rebalance=20d,min_hold=5d,turnover_penalty=0.01,target_vol=0.18"
2025-06-12,-545.6080300000067,0.2654084438289779,9218.0,127691.0,127902.0,346.04260999999997,410.56541999999996,756.6080299999999,8461.391969999997,1021436.9825199997,271098.0,750338.9825199997,21436.98251999973,0.021436982519999814,4,"mom20@q0.6,hold_q=0.4,buy_top=5,hold_top=10,rebalance=20d,min_hold=5d,turnover_penalty=0.01,target_vol=0.18"
2025-06-13,-10865.36556,0.27681087866388565,1110.0,10836.0,0.0,29.365559999999995,0.0,29.365559999999995,1080.6344399999361,1022517.6169599997,283044.0,739473.6169599997,22517.616959999665,0.022517616959999653,4,"mom20@q0.6,hold_q=0.4,buy_top=5,hold_top=10,rebalance=20d,min_hold=5d,turnover_penalty=0.01,target_vol=0.18"
2025-06-16,1740.39534,0.28326119328750565,11636.0,0.0,1746.0,0.0,5.60466,5.60466,11630.395340000046,1034148.0122999997,292934.0,741214.0122999997,34148.01229999971,0.03414801229999975,4,"mom20@q0.6,hold_q=0.4,buy_top=5,hold_top=10,rebalance=20d,min_hold=5d,turnover_penalty=0.01,target_vol=0.18"
2025-06-17,-852.3035,0.28313546807643886,-1368.0,850.0,0.0,2.3034999999999997,0.0,2.3034999999999997,-1370.3035000000382,1032777.7087999997,292416.0,740361.7087999997,32777.70879999967,0.03277770879999964,4,"mom20@q0.6,hold_q=0.4,buy_top=5,hold_top=10,rebalance=20d,min_hold=5d,turnover_penalty=0.01,target_vol=0.18"
2025-06-18,3267.48808,0.2896813366837539,14138.0,1682.0,4970.0,4.5582199999999995,15.9537,20.51192,14117.48808000004,1046895.1968799997,303266.0,743629.1968799997,46895.19687999971,0.04689519687999977,4,"mom20@q0.6,hold_q=0.4,buy_top=5,hold_top=10,rebalance=20d,min_hold=5d,turnover_penalty=0.01,target_vol=0.18"
2025-06-19,-4620.48768,0.28830179091364083,-8509.0,4608.0,0.0,12.48768,0.0,12.48768,-8521.48768000002,1038373.7091999997,299365.0,739008.7091999997,38373.70919999969,0.038373709199999606,4,"mom20@q0.6,hold_q=0.4,buy_top=5,hold_top=10,rebalance=20d,min_hold=5d,turnover_penalty=0.01,target_vol=0.18"
2025-06-20,3092.56877,0.2838604133891379,-2107.0,753.0,3860.0,2.0406299999999997,12.3906,14.43123,-2121.4312299999874,1036252.2779699997,294151.0,742101.2779699997,36252.277969999705,0.036252277969999636,4,"mom20@q0.6,hold_q=0.4,buy_top=5,hold_top=10,rebalance=20d,min_hold=5d,turnover_penalty=0.01,target_vol=0.18"
2025-06-23,767.5283,0.28227927129892044,-1211.0,0.0,770.0,0.0,2.4717,2.4717,-1213.4716999999946,1035038.8062699997,292170.0,742868.8062699997,35038.80626999971,0.03503880626999978,4,"mom20@q0.6,hold_q=0.4,buy_top=5,hold_top=10,rebalance=20d,min_hold=5d,turnover_penalty=0.01,target_vol=0.18"
2025-06-24,1574.9282,0.28018803968046474,-814.0,0.0,1580.0,0.0,5.0718,5.0718,-819.0718000000343,1034219.7344699997,289776.0,744443.7344699997,34219.734469999676,0.03421973446999971,4,"mom20@q0.6,hold_q=0.4,buy_top=5,hold_top=10,rebalance=20d,min_hold=5d,turnover_penalty=0.01,target_vol=0.18"
2025-06-25,0.0,0.2844004617063934,6088.0,0.0,0.0,0.0,0.0,0.0,6088.0,1040307.7344699997,295864.0,744443.7344699997,40307.734469999676,0.04030773446999958,4,"mom20@q0.6,hold_q=0.4,buy_top=5,hold_top=10,rebalance=20d,min_hold=5d,turnover_penalty=0.01,target_vol=0.18"
2025-06-26,-780.10838,0.2894254340324739,6261.0,778.0,0.0,2.10838,0.0,2.10838,6258.891620000009,1046566.6260899997,302903.0,743663.6260899997,46566.626089999685,0.04656662608999973,4,"mom20@q0.6,hold_q=0.4,buy_top=5,hold_top=10,rebalance=20d,min_hold=5d,turnover_penalty=0.01,target_vol=0.18"
2025-06-27,12278.45922,0.2849062745722549,10596.0,0.0,12318.0,0.0,39.54078,39.54078,10556.459219999844,1057123.0853099995,301181.0,755942.0853099996,57123.08530999953,0.057123085309999544,4,"mom20@q0.6,hold_q=0.4,buy_top=5,hold_top=10,rebalance=20d,min_hold=5d,turnover_penalty=0.01,target_vol=0.18"
2025-06-30,3213.65096,0.24391528045855435,-53050.99999999988,0.0,3224.0,0.0,10.349039999999999,10.349039999999999,-53061.349039999885,1004061.7362699996,244906.0,759155.7362699996,4061.7362699996447,0.004061736269999727,4,"mom20@q0.6,hold_q=0.4,buy_top=5,hold_top=10,rebalance=20d,min_hold=5d,turnover_penalty=0.01,target_vol=0.18"
2025-07-01,4301.14885,0.24340384192366962,5020.0,0.0,4315.0,0.0,13.851149999999999,13.851149999999999,5006.148849999998,1009067.8851199996,245611.0,763456.8851199996,9067.885119999642,0.009067885119999675,4,"mom20@q0.6,hold_q=0.4,buy_top=5,hold_top=10,rebalance=20d,min_hold=5d,turnover_penalty=0.01,target_vol=0.18"
2025-07-02,0.0,0.23874913244168441,-6170.0,0.0,0.0,0.0,0.0,0.0,-6170.0,1002897.8851199996,239441.0,763456.8851199996,2897.8851199996425,0.002897885119999666,4,"mom20@q0.6,hold_q=0.4,buy_top=5,hold_top=10,rebalance=20d,min_hold=5d,turnover_penalty=0.01,target_vol=0.18"
2025-07-03,0.0,0.24585520813381012,9450.0,0.0,0.0,0.0,0.0,0.0,9450.0,1012347.8851199996,248891.0,763456.8851199996,12347.885119999642,0.012347885119999624,4,"mom20@q0.6,hold_q=0.4,buy_top=5,hold_top=10,rebalance=20d,min_hold=5d,turnover_penalty=0.01,target_vol=0.18"
2025-07-04,0.0,0.24694274900502372,1462.0,0.0,0.0,0.0,0.0,0.0,1462.0,1013809.8851199996,250353.0,763456.8851199996,13809.885119999642,0.013809885119999699,4,"mom20@q0.6,hold_q=0.4,buy_top=5,hold_top=10,rebalance=20d,min_hold=5d,turnover_penalty=0.01,target_vol=0.18"
2025-07-07,1806.18348,0.2438269396321539,-1783.0,0.0,1812.0,0.0,5.81652,5.81652,-1788.816519999993,1012021.0685999996,246758.0,765263.0685999996,12021.06859999965,0.01202106859999974,4,"mom20@q0.6,hold_q=0.4,buy_top=5,hold_top=10,rebalance=20d,min_hold=5d,turnover_penalty=0.01,target_vol=0.18"
2025-07-08,13454.671419999999,0.2397678668837059,12338.0,0.0,13497.999999999998,0.0,43.32857999999999,43.32857999999999,12294.671420000028,1024315.7400199997,245598.0,778717.7400199997,24315.740019999677,0.024315740019999588,4,"mom20@q0.6,hold_q=0.4,buy_top=5,hold_top=10,rebalance=20d,min_hold=5d,turnover_penalty=0.01,target_vol=0.18"
2025-07-09,0.0,0.236845079861371,-3923.0,0.0,0.0,0.0,0.0,0.0,-3923.0,1020392.7400199997,241675.0,778717.7400199997,20392.740019999677,0.02039274001999969,4,"mom20@q0.6,hold_q=0.4,buy_top=5,hold_top=10,rebalance=20d,min_hold=5d,turnover_penalty=0.01,target_vol=0.18"
2025-07-10,-65402.47169,0.29681846939228795,-5218.0,164014.0,99375.0,444.47793999999993,318.99375,763.4716899999999,-5981.471690000035,1014411.2683299996,301096.0,713315.2683299996,14411.268329999642,0.014411268329999727,4,"mom20@q0.6,hold_q=0.4,buy_top=5,hold_top=10,rebalance=20d,min_hold=5d,turnover_penalty=0.01,target_vol=0.18"
2025-07-11,-11577.0896,0.3487748663779928,63212.0,15890.0,4370.0,43.061899999999994,14.0277,57.08959999999999,63154.91040000017,1077566.1787299998,375828.0,701738.1787299997,77566.17872999981,0.07756617872999971,4,"mom20@q0.6,hold_q=0.4,buy_top=5,hold_top=10,rebalance=20d,min_hold=5d,turnover_penalty=0.01,target_vol=0.18"
2025-07-14,61991.88724,0.2918544494459974,1139.0,2101.0,64304.99999999999,5.693709999999999,206.41904999999997,212.11275999999998,926.8872399998363,1078493.0659699996,314763.0,763730.0659699996,78493.06596999965,0.07849306596999961,4,"mom20@q0.6,hold_q=0.4,buy_top=5,hold_top=10,rebalance=20d,min_hold=5d,turnover_penalty=0.01,target_vol=0.18"
2025-07-15,-2065.5826,0.3126630878717663,29651.0,2060.0,0.0,5.582599999999999,0.0,5.582599999999999,29645.41739999992,1108138.4833699996,346474.0,761664.4833699997,108138.48336999957,0.10813848336999965,4,"mom20@q0.6,hold_q=0.4,buy_top=5,hold_top=10,rebalance=20d,min_hold=5d,turnover_penalty=0.01,target_vol=0.18"
2025-07-16,16925.4942,0.2982242724947164,1373.0,0.0,16980.0,0.0,54.505799999999994,54.505799999999994,1318.4942000000738,1109456.9775699996,330867.0,778589.9775699996,109456.97756999964,0.10945697756999961,4,"mom20@q0.6,hold_q=0.4,buy_top=5,hold_top=10,rebalance=20d,min_hold=5d,turnover_penalty=0.01,target_vol=0.18"
2025-07-17,2661.4293,0.3118730880961454,25882.0,0.0,2670.0,0.0,8.570699999999999,8.570699999999999,25873.42929999996,1135330.4068699996,354079.0,781251.4068699996,135330.4068699996,0.13533040686999964,4,"mom20@q0.6,hold_q=0.4,buy_top=5,hold_top=10,rebalance=20d,min_hold=5d,turnover_penalty=0.01,target_vol=0.18"
2025-07-18,0.0,0.30895633255577176,-4792.0,0.0,0.0,0.0,0.0,0.0,-4792.0,1130538.4068699996,349287.0,781251.4068699996,130538.4068699996,0.1305384068699995,4,"mom20@q0.6,hold_q=0.4,buy_top=5,hold_top=10,rebalance=20d,min_hold=5d,turnover_penalty=0.01,target_vol=0.18"
2025-07-21,5669.74152,0.30616154617943936,3636.0,0.0,5688.0,0.0,18.25848,18.25848,3617.741520000156,1134156.1483899998,347235.0,786921.1483899996,134156.14838999975,0.13415614838999979,4,"mom20@q0.6,hold_q=0.4,buy_top=5,hold_top=10,rebalance=20d,min_hold=5d,turnover_penalty=0.01,target_vol=0.18"
2025-07-22,0.0,0.3046514865716815,-2463.0,0.0,0.0,0.0,0.0,0.0,-2463.0,1131693.1483899998,344772.0,786921.1483899996,131693.14838999975,0.13169314838999968,4,"mom20@q0.6,hold_q=0.4,buy_top=5,hold_top=10,rebalance=20d,min_hold=5d,turnover_penalty=0.01,target_vol=0.18"
2025-07-23,0.0,0.30069116363552517,-6409.0,0.0,0.0,0.0,0.0,0.0,-6409.0,1125284.1483899998,338363.0,786921.1483899996,125284.14838999975,0.1252841483899998,4,"mom20@q0.6,hold_q=0.4,buy_top=5,hold_top=10,rebalance=20d,min_hold=5d,turnover_penalty=0.01,target_vol=0.18"
2025-07-24,0.0,0.30225310195899663,2519.0,0.0,0.0,0.0,0.0,0.0,2519.0,1127803.1483899998,340882.0,786921.1483899996,127803.14838999975,0.12780314838999973,4,"mom20@q0.6,hold_q=0.4,buy_top=5,hold_top=10,rebalance=20d,min_hold=5d,turnover_penalty=0.01,target_vol=0.18"
2025-07-25,0.0,0.3012928314429856,-1550.0,0.0,0.0,0.0,0.0,0.0,-1550.0,1126253.1483899998,339332.0,786921.1483899996,126253.14838999975,0.1262531483899998,4,"mom20@q0.6,hold_q=0.4,buy_top=5,hold_top=10,rebalance=20d,min_hold=5d,turnover_penalty=0.01,target_vol=0.18"
2025-07-28,5286.97416,0.31222090120314866,25599.0,0.0,5304.0,0.0,17.02584,17.02584,25581.97415999975,1151835.1225499995,359627.0,792208.1225499996,151835.1225499995,0.15183512254999942,4,"mom20@q0.6,hold_q=0.4,buy_top=5,hold_top=10,rebalance=20d,min_hold=5d,turnover_penalty=0.01,target_vol=0.18"
2025-07-29,5719.58102,0.31436062492130773,11955.0,0.0,5738.0,0.0,18.418979999999998,18.418979999999998,11936.581020000158,1163771.7035699997,365844.0,797927.7035699997,163771.70356999966,0.1637717035699997,4,"mom20@q0.6,hold_q=0.4,buy_top=5,hold_top=10,rebalance=20d,min_hold=5d,turnover_penalty=0.01,target_vol=0.18"
2025-07-30,-4972.438889999999,0.3137226182869075,-8314.0,4959.0,0.0,13.438889999999999,0.0,13.438889999999999,-8327.438890000107,1155444.2646799996,362489.0,792955.2646799997,155444.26467999956,0.1554442646799996,4,"mom20@q0.6,hold_q=0.4,buy_top=5,hold_top=10,rebalance=20d,min_hold=5d,turnover_penalty=0.01,target_vol=0.18"
2025-07-31,2346.44366,0.3157015630305219,6778.0,0.0,2354.0,0.0,7.55634,7.55634,6770.443660000106,1162214.7083399997,366913.0,795301.7083399997,162214.70833999966,0.16221470833999962,4,"mom20@q0.6,hold_q=0.4,buy_top=5,hold_top=10,rebalance=20d,min_hold=5d,turnover_penalty=0.01,target_vol=0.18"
2025-08-01,5020.71299,0.3091201472349241,-3772.0,2714.0,7767.0,7.354939999999999,24.93207,32.287009999999995,-3804.2870099998545,1158410.4213299998,358088.0,800322.4213299997,158410.4213299998,0.15841042132999972,4,"mom20@q0.6,hold_q=0.4,buy_top=5,hold_top=10,rebalance=20d,min_hold=5d,turnover_penalty=0.01,target_vol=0.18"
2025-08-04,0.0,0.3102365964293384,1875.0,0.0,0.0,0.0,0.0,0.0,1875.0,1160285.4213299998,359963.0,800322.4213299997,160285.4213299998,0.1602854213299998,4,"mom20@q0.6,hold_q=0.4,buy_top=5,hold_top=10,rebalance=20d,min_hold=5d,turnover_penalty=0.01,target_vol=0.18"
2025-08-05,-2432.57446,0.30669388743260195,-9431.0,2426.0,0.0,6.574459999999999,0.0,6.574459999999999,-9437.574460000265,1150847.8468699995,352958.0,797889.8468699997,150847.84686999954,0.15084784686999964,4,"mom20@q0.6,hold_q=0.4,buy_top=5,hold_top=10,rebalance=20d,min_hold=5d,turnover_penalty=0.01,target_vol=0.18"
2025-08-06,-16.803190000000086,0.3122644034670588,9313.0,2670.0,2669.0,7.2357,8.56749,15.803189999999999,9297.19681000011,1160145.0436799997,362272.0,797873.0436799997,160145.04367999965,0.1601450436799996,4,"mom20@q0.6,hold_q=0.4,buy_top=5,hold_top=10,rebalance=20d,min_hold=5d,turnover_penalty=0.01,target_vol=0.18"
2025-08-07,109592.69982000001,0.21264095300691738,-6120.0,189992.0,301066.0,514.87832,966.4218599999998,1481.3001799999997,-7601.300180000253,1152543.7434999994,245078.0,907465.7434999995,152543.7434999994,0.15254374349999944,4,"mom20@q0.6,hold_q=0.4,buy_top=5,hold_top=10,rebalance=20d,min_hold=5d,turnover_penalty=0.01,target_vol=0.18"
2025-08-08,0.0,0.21197910895385244,-968.0,0.0,0.0,0.0,0.0,0.0,-968.0,1151575.7434999994,244110.0,907465.7434999995,151575.7434999994,0.15157574349999936,4,"mom20@q0.6,hold_q=0.4,buy_top=5,hold_top=10,rebalance=20d,min_hold=5d,turnover_penalty=0.01,target_vol=0.18"
2025-08-11,0.0,0.21489094587737628,4271.0,0.0,0.0,0.0,0.0,0.0,4271.0,1155846.7434999994,248381.0,907465.7434999995,155846.7434999994,0.1558467434999995,4,"mom20@q0.6,hold_q=0.4,buy_top=5,hold_top=10,rebalance=20d,min_hold=5d,turnover_penalty=0.01,target_vol=0.18"
2025-08-12,0.0,0.2193666750977246,6627.0,0.0,0.0,0.0,0.0,0.0,6627.0,1162473.7434999994,255008.0,907465.7434999995,162473.7434999994,0.16247374349999943,4,"mom20@q0.6,hold_q=0.4,buy_top=5,hold_top=10,rebalance=20d,min_hold=5d,turnover_penalty=0.01,target_vol=0.18"
2025-08-13,5317.5507499999985,0.23359429052829925,28558.0,3759.0000000000005,9116.0,10.18689,29.262359999999997,39.44925,28518.550749999937,1190992.2942499993,278209.0,912783.2942499995,190992.29424999934,0.1909922942499993,4,"mom20@q0.6,hold_q=0.4,buy_top=5,hold_top=10,rebalance=20d,min_hold=5d,turnover_penalty=0.01,target_vol=0.18"
2025-08-14,0.0,0.2282699015717965,-8217.0,0.0,0.0,0.0,0.0,0.0,-8217.0,1182775.2942499993,269992.0,912783.2942499995,182775.29424999934,0.1827752942499994,4,"mom20@q0.6,hold_q=0.4,buy_top=5,hold_top=10,rebalance=20d,min_hold=5d,turnover_penalty=0.01,target_vol=0.18"
2025-08-15,0.0,0.23407725585362585,8968.0,0.0,0.0,0.0,0.0,0.0,8968.0,1191743.2942499993,278960.0,912783.2942499995,191743.29424999934,0.19174329424999925,4,"mom20@q0.6,hold_q=0.4,buy_top=5,hold_top=10,rebalance=20d,min_hold=5d,turnover_penalty=0.01,target_vol=0.18"
2025-08-18,4276.2291,0.2440098629309574,21328.0,0.0,4290.0,0.0,13.7709,13.7709,21314.229100000113,1213057.5233499995,295998.0,917059.5233499995,213057.52334999945,0.2130575233499994,4,"mom20@q0.6,hold_q=0.4,buy_top=5,hold_top=10,rebalance=20d,min_hold=5d,turnover_penalty=0.01,target_vol=0.18"
2025-08-19,25596.570410000004,0.2249296828785853,3245.0,0.0,25679.000000000004,0.0,82.42959,82.42959,3162.5704100001603,1216220.0937599996,273564.0,942656.0937599995,216220.0937599996,0.21622009375999962,4,"mom20@q0.6,hold_q=0.4,buy_top=5,hold_top=10,rebalance=20d,min_hold=5d,turnover_penalty=0.01,target_vol=0.18"
2025-08-20,4528.41697,0.21948219611980727,-2672.0,0.0,4543.0,0.0,14.583029999999999,14.583029999999999,-2686.583030000096,1213533.5107299995,266349.0,947184.5107299995,213533.5107299995,0.2135335107299996,4,"mom20@q0.6,hold_q=0.4,buy_top=5,hold_top=10,rebalance=20d,min_hold=5d,turnover_penalty=0.01,target_vol=0.18"
2025-08-21,0.0,0.21814467091029424,-2076.0,0.0,0.0,0.0,0.0,0.0,-2076.0,1211457.5107299995,264273.0,947184.5107299995,211457.5107299995,0.2114575107299994,4,"mom20@q0.6,hold_q=0.4,buy_top=5,hold_top=10,rebalance=20d,min_hold=5d,turnover_penalty=0.01,target_vol=0.18"
2025-08-22,0.0,0.2294197713671929,17726.0,0.0,0.0,0.0,0.0,0.0,17726.0,1229183.5107299995,281999.0,947184.5107299995,229183.5107299995,0.22918351072999954,4,"mom20@q0.6,hold_q=0.4,buy_top=5,hold_top=10,rebalance=20d,min_hold=5d,turnover_penalty=0.01,target_vol=0.18"
2025-08-25,5252.08651,0.23874717551122213,21977.0,0.0,5269.0,0.0,16.91349,16.91349,21960.086510000052,1251143.5972399996,298707.0,952436.5972399996,251143.59723999957,0.25114359723999957,4,"mom20@q0.6,hold_q=0.4,buy_top=5,hold_top=10,rebalance=20d,min_hold=5d,turnover_penalty=0.01,target_vol=0.18"
2025-08-26,0.0,0.23073010199365643,-13039.0,0.0,0.0,0.0,0.0,0.0,-13039.0,1238104.5972399996,285668.0,952436.5972399996,238104.59723999957,0.23810459723999955,4,"mom20@q0.6,hold_q=0.4,buy_top=5,hold_top=10,rebalance=20d,min_hold=5d,turnover_penalty=0.01,target_vol=0.18"
2025-08-27,8073.999,0.23537951177632085,18114.0,0.0,8100.0,0.0,26.000999999999998,26.000999999999998,18087.998999999836,1256192.5962399994,295682.0,960510.5962399995,256192.5962399994,0.25619259623999935,4,"mom20@q0.6,hold_q=0.4,buy_top=5,hold_top=10,rebalance=20d,min_hold=5d,turnover_penalty=0.01,target_vol=0.18"
2025-08-28,5595.97906,0.24939368124476266,30927.0,0.0,5614.0,0.0,18.02094,18.02094,30908.979060000274,1287101.5752999997,320995.0,966106.5752999996,287101.5752999997,0.2871015752999997,4,"mom20@q0.6,hold_q=0.4,buy_top=5,hold_top=10,rebalance=20d,min_hold=5d,turnover_penalty=0.01,target_vol=0.18"
2025-08-29,0.0,0.2445408112831553,-8268.0,0.0,0.0,0.0,0.0,0.0,-8268.0,1278833.5752999997,312727.0,966106.5752999996,278833.5752999997,0.27883357529999975,4,"mom20@q0.6,hold_q=0.4,buy_top=5,hold_top=10,rebalance=20d,min_hold=5d,turnover_penalty=0.01,target_vol=0.18"
2025-09-01,0.0,0.25309599011804346,14648.0,0.0,0.0,0.0,0.0,0.0,14648.0,1293481.5752999997,327375.0,966106.5752999996,293481.5752999997,0.29348157529999974,4,"mom20@q0.6,hold_q=0.4,buy_top=5,hold_top=10,rebalance=20d,min_hold=5d,turnover_penalty=0.01,target_vol=0.18"
2025-09-02,-8439.81007,0.24684422416584834,-21920.0,8417.0,0.0,22.810069999999996,0.0,22.810069999999996,-21942.810070000123,1271538.7652299996,313872.0,957666.7652299996,271538.76522999955,0.27153876522999965,4,"mom20@q0.6,hold_q=0.4,buy_top=5,hold_top=10,rebalance=20d,min_hold=5d,turnover_penalty=0.01,target_vol=0.18"
2025-09-03,0.0,0.25359948586260006,11508.0,0.0,0.0,0.0,0.0,0.0,11508.0,1283046.7652299996,325380.0,957666.7652299996,283046.76522999955,0.2830467652299995,4,"mom20@q0.6,hold_q=0.4,buy_top=5,hold_top=10,rebalance=20d,min_hold=5d,turnover_penalty=0.01,target_vol=0.18"
2025-09-04,90780.70379,0.15925347025478465,-35339.0,62628.0,154073.0,169.72187999999997,494.57433,664.29621,-36003.296209999826,1247043.4690199997,198596.0,1048447.4690199998,247043.46901999973,0.24704346901999963,4,"mom20@q0.6,hold_q=0.4,buy_top=5,hold_top=10,rebalance=20d,min_hold=5d,turnover_penalty=0.01,target_vol=0.18"
2025-09-05,0.0,0.17229713481871947,19652.0,0.0,0.0,0.0,0.0,0.0,19652.0,1266695.4690199997,218248.0,1048447.4690199998,266695.4690199997,0.26669546901999963,4,"mom20@q0.6,hold_q=0.4,buy_top=5,hold_top=10,rebalance=20d,min_hold=5d,turnover_penalty=0.01,target_vol=0.18"
2025-09-08,0.0,0.15906330515321593,-19934.0,0.0,0.0,0.0,0.0,0.0,-19934.0,1246761.4690199997,198314.0,1048447.4690199998,246761.46901999973,0.24676146901999974,4,"mom20@q0.6,hold_q=0.4,buy_top=5,hold_top=10,rebalance=20d,min_hold=5d,turnover_penalty=0.01,target_vol=0.18"
2025-09-09,0.0,0.15631861679436584,-4056.0,0.0,0.0,0.0,0.0,0.0,-4056.0,1242705.4690199997,194258.0,1048447.4690199998,242705.46901999973,0.24270546901999968,4,"mom20@q0.6,hold_q=0.4,buy_top=5,hold_top=10,rebalance=20d,min_hold=5d,turnover_penalty=0.01,target_vol=0.18"
2025-09-10,0.0,0.1644095603134902,12033.0,0.0,0.0,0.0,0.0,0.0,12033.0,1254738.4690199997,206291.0,1048447.4690199998,254738.46901999973,0.25473846901999964,4,"mom20@q0.6,hold_q=0.4,buy_top=5,hold_top=10,rebalance=20d,min_hold=5d,turnover_penalty=0.01,target_vol=0.18"
2025-09-11,0.0,0.1820394689735449,27044.0,0.0,0.0,0.0,0.0,0.0,27044.0,1281782.4690199997,233335.0,1048447.4690199998,281782.4690199997,0.2817824690199997,4,"mom20@q0.6,hold_q=0.4,buy_top=5,hold_top=10,rebalance=20d,min_hold=5d,turnover_penalty=0.01,target_vol=0.18"
2025-09-12,0.0,0.17484809905844087,-11171.0,0.0,0.0,0.0,0.0,0.0,-11171.0,1270611.4690199997,222164.0,1048447.4690199998,270611.4690199997,0.27061146901999966,4,"mom20@q0.6,hold_q=0.4,buy_top=5,hold_top=10,rebalance=20d,min_hold=5d,turnover_penalty=0.01,target_vol=0.18"
2025-09-15,0.0,0.1721572761492627,-4130.0,0.0,0.0,0.0,0.0,0.0,-4130.0,1266481.4690199997,218034.0,1048447.4690199998,266481.4690199997,0.2664814690199997,4,"mom20@q0.6,hold_q=0.4,buy_top=5,hold_top=10,rebalance=20d,min_hold=5d,turnover_penalty=0.01,target_vol=0.18"
2025-09-16,0.0,0.1713407092905264,-1248.0,0.0,0.0,0.0,0.0,0.0,-1248.0,1265233.4690199997,216786.0,1048447.4690199998,265233.4690199997,0.2652334690199998,4,"mom20@q0.6,hold_q=0.4,buy_top=5,hold_top=10,rebalance=20d,min_hold=5d,turnover_penalty=0.01,target_vol=0.18"
2025-09-17,0.0,0.17270728851036996,2090.0,0.0,0.0,0.0,0.0,0.0,2090.0,1267323.4690199997,218876.0,1048447.4690199998,267323.4690199997,0.2673234690199997,4,"mom20@q0.6,hold_q=0.4,buy_top=5,hold_top=10,rebalance=20d,min_hold=5d,turnover_penalty=0.01,target_vol=0.18"
2025-09-18,0.0,0.17569276954994348,4590.0,0.0,0.0,0.0,0.0,0.0,4590.0,1271913.4690199997,223466.0,1048447.4690199998,271913.4690199997,0.2719134690199998,4,"mom20@q0.6,hold_q=0.4,buy_top=5,hold_top=10,rebalance=20d,min_hold=5d,turnover_penalty=0.01,target_vol=0.18"
2025-09-19,0.0,0.1793652309392335,5692.0,0.0,0.0,0.0,0.0,0.0,5692.0,1277605.4690199997,229158.0,1048447.4690199998,277605.4690199997,0.27760546901999983,4,"mom20@q0.6,hold_q=0.4,buy_top=5,hold_top=10,rebalance=20d,min_hold=5d,turnover_penalty=0.01,target_vol=0.18"
2025-09-22,0.0,0.18018850398782998,1283.0,0.0,0.0,0.0,0.0,0.0,1283.0,1278888.4690199997,230441.0,1048447.4690199998,278888.4690199997,0.27888846901999975,4,"mom20@q0.6,hold_q=0.4,buy_top=5,hold_top=10,rebalance=20d,min_hold=5d,turnover_penalty=0.01,target_vol=0.18"
2025-09-23,0.0,0.18359421524972003,5335.0,0.0,0.0,0.0,0.0,0.0,5335.0,1284223.4690199997,235776.0,1048447.4690199998,284223.4690199997,0.2842234690199996,4,"mom20@q0.6,hold_q=0.4,buy_top=5,hold_top=10,rebalance=20d,min_hold=5d,turnover_penalty=0.01,target_vol=0.18"
2025-09-24,0.0,0.17937679258176847,-6600.0,0.0,0.0,0.0,0.0,0.0,-6600.0,1277623.4690199997,229176.0,1048447.4690199998,277623.4690199997,0.2776234690199997,4,"mom20@q0.6,hold_q=0.4,buy_top=5,hold_top=10,rebalance=20d,min_hold=5d,turnover_penalty=0.01,target_vol=0.18"
2025-09-25,0.0,0.1838700242642832,7034.0,0.0,0.0,0.0,0.0,0.0,7034.0,1284657.4690199997,236210.0,1048447.4690199998,284657.4690199997,0.28465746901999966,4,"mom20@q0.6,hold_q=0.4,buy_top=5,hold_top=10,rebalance=20d,min_hold=5d,turnover_penalty=0.01,target_vol=0.18"
2025-09-26,0.0,0.17857827423255115,-8276.0,0.0,0.0,0.0,0.0,0.0,-8276.0,1276381.4690199997,227934.0,1048447.4690199998,276381.4690199997,0.2763814690199997,4,"mom20@q0.6,hold_q=0.4,buy_top=5,hold_top=10,rebalance=20d,min_hold=5d,turnover_penalty=0.01,target_vol=0.18"
2025-09-29,0.0,0.1821090206477986,5510.0,0.0,0.0,0.0,0.0,0.0,5510.0,1281891.4690199997,233444.0,1048447.4690199998,281891.4690199997,0.2818914690199996,4,"mom20@q0.6,hold_q=0.4,buy_top=5,hold_top=10,rebalance=20d,min_hold=5d,turnover_penalty=0.01,target_vol=0.18"
2025-09-30,0.0,0.17522847978270753,-10694.0,0.0,0.0,0.0,0.0,0.0,-10694.0,1271197.4690199997,222750.0,1048447.4690199998,271197.4690199997,0.27119746901999964,4,"mom20@q0.6,hold_q=0.4,buy_top=5,hold_top=10,rebalance=20d,min_hold=5d,turnover_penalty=0.01,target_vol=0.18"
2025-10-09,0.0,0.17171647767909143,-5390.0,0.0,0.0,0.0,0.0,0.0,-5390.0,1265807.4690199997,217360.0,1048447.4690199998,265807.4690199997,0.26580746901999963,4,"mom20@q0.6,hold_q=0.4,buy_top=5,hold_top=10,rebalance=20d,min_hold=5d,turnover_penalty=0.01,target_vol=0.18"
2025-10-10,-9833.816130000007,0.1743415414594009,-6615.0,219308.0,210745.0,594.32468,676.4914499999999,1270.8161299999997,-7885.816129999934,1257921.6528899998,219308.0,1038613.6528899998,257921.6528899998,0.2579216528899997,4,"mom20@q0.6,hold_q=0.4,buy_top=5,hold_top=10,rebalance=20d,min_hold=5d,turnover_penalty=0.01,target_vol=0.18"
2025-10-13,0.0,0.17762536108503468,5023.0,0.0,0.0,0.0,0.0,0.0,5023.0,1262944.6528899998,224331.0,1038613.6528899998,262944.6528899998,0.2629446528899997,4,"mom20@q0.6,hold_q=0.4,buy_top=5,hold_top=10,rebalance=20d,min_hold=5d,turnover_penalty=0.01,target_vol=0.18"
2025-10-14,-12268.15685,0.1788858293148588,-12969.0,12235.0,0.0,33.15685,0.0,33.15685,-13002.156849999912,1249942.4960399999,223597.0,1026345.4960399999,249942.49603999988,0.24994249603999985,4,"mom20@q0.6,hold_q=0.4,buy_top=5,hold_top=10,rebalance=20d,min_hold=5d,turnover_penalty=0.01,target_vol=0.18"
2025-10-15,0.0,0.17872222325533424,-249.0,0.0,0.0,0.0,0.0,0.0,-249.0,1249693.4960399999,223348.0,1026345.4960399999,249693.49603999988,0.2496934960399999,4,"mom20@q0.6,hold_q=0.4,buy_top=5,hold_top=10,rebalance=20d,min_hold=5d,turnover_penalty=0.01,target_vol=0.18"
2025-10-16,0.0,0.18643282561023672,11844.0,0.0,0.0,0.0,0.0,0.0,11844.0,1261537.4960399999,235192.0,1026345.4960399999,261537.49603999988,0.2615374960399999,4,"mom20@q0.6,hold_q=0.4,buy_top=5,hold_top=10,rebalance=20d,min_hold=5d,turnover_penalty=0.01,target_vol=0.18"
2025-10-17,-6112.52016,0.18466611667172547,-10214.0,6096.0,0.0,16.520159999999997,0.0,16.520159999999997,-10230.520160000073,1251306.9758799998,231074.0,1020232.9758799999,251306.9758799998,0.2513069758799997,4,"mom20@q0.6,hold_q=0.4,buy_top=5,hold_top=10,rebalance=20d,min_hold=5d,turnover_penalty=0.01,target_vol=0.18"
2025-10-20,0.0,0.18381360354686732,-1307.0,0.0,0.0,0.0,0.0,0.0,-1307.0,1249999.9758799998,229767.0,1020232.9758799999,249999.9758799998,0.24999997587999978,4,"mom20@q0.6,hold_q=0.4,buy_top=5,hold_top=10,rebalance=20d,min_hold=5d,turnover_penalty=0.01,target_vol=0.18"
2025-10-21,0.0,0.188228988517721,6799.0,0.0,0.0,0.0,0.0,0.0,6799.0,1256798.9758799998,236566.0,1020232.9758799999,256798.9758799998,0.2567989758799998,4,"mom20@q0.6,hold_q=0.4,buy_top=5,hold_top=10,rebalance=20d,min_hold=5d,turnover_penalty=0.01,target_vol=0.18"
2025-10-22,-3265.82647,0.1886559508972658,-3355.0,3257.0,0.0,8.826469999999999,0.0,8.826469999999999,-3363.826469999738,1253435.14941,236468.0,1016967.14941,253435.14941000007,0.25343514941,4,"mom20@q0.6,hold_q=0.4,buy_top=5,hold_top=10,rebalance=20d,min_hold=5d,turnover_penalty=0.01,target_vol=0.18"
2025-10-23,0.0,0.1935201734234877,7560.0,0.0,0.0,0.0,0.0,0.0,7560.0,1260995.14941,244028.0,1016967.14941,260995.14941000007,0.26099514941,4,"mom20@q0.6,hold_q=0.4,buy_top=5,hold_top=10,rebalance=20d,min_hold=5d,turnover_penalty=0.01,target_vol=0.18"
2025-10-24,12713.05966,0.19615781357969717,19994.0,0.0,12754.0,0.0,40.94034,40.94034,19953.059659999795,1280948.2090699999,251268.0,1029680.20907,280948.20906999987,0.28094820906999995,4,"mom20@q0.6,hold_q=0.4,buy_top=5,hold_top=10,rebalance=20d,min_hold=5d,turnover_penalty=0.01,target_vol=0.18"
