strategy_id,walk_forward_preset,fold,valid_start,valid_end,date,benchmark_symbol,benchmark_weight_date,asof_status,benchmark_member_count,benchmark_weight_sum,core_member_count,core_weight_sum,reachable_core_member_count,reachable_core_weight_sum,reachable_core_weight_ratio,top_n,top_n_weight_sum,reachable_top_n_member_count,reachable_top_n_weight_sum,reachable_top_n_weight_ratio,panel_overlap_core_member_count,panel_overlap_core_weight_sum,min_amount,min_amount_ratio20,core_top_n,core_cumulative_weight
strong_market_effective_participation_v1,baseline_2y_1y_5fold,1,2021-04-01,2022-03-31,2021-04-01,SH.000300,2021-03-31,available,300,1.00006,60,0.60831,59,0.60381,0.992602455984613,20,0.36737999999999993,20,0.36737999999999993,1.0,60,0.60831,0.0,0.0,60,0.6
strong_market_effective_participation_v1,baseline_2y_1y_5fold,1,2021-04-01,2022-03-31,2021-04-02,SH.000300,2021-04-01,available,300,1.0000019999999998,60,0.609741,59,0.6052839999999999,0.9926903390127939,20,0.367798,20,0.367798,1.0,60,0.609741,0.0,0.0,60,0.6
strong_market_effective_participation_v1,baseline_2y_1y_5fold,1,2021-04-01,2022-03-31,2021-04-06,SH.000300,2021-04-01,available,300,1.0000019999999998,60,0.609741,59,0.6052839999999999,0.9926903390127939,20,0.367798,20,0.367798,1.0,60,0.609741,0.0,0.0,60,0.6
strong_market_effective_participation_v1,baseline_2y_1y_5fold,1,2021-04-01,2022-03-31,2021-04-07,SH.000300,2021-04-01,available,300,1.0000019999999998,60,0.609741,59,0.6052839999999999,0.9926903390127939,20,0.367798,20,0.367798,1.0,60,0.609741,0.0,0.0,60,0.6
strong_market_effective_participation_v1,baseline_2y_1y_5fold,1,2021-04-01,2022-03-31,2021-04-08,SH.000300,2021-04-01,available,300,1.0000019999999998,60,0.609741,59,0.6052839999999999,0.9926903390127939,20,0.367798,20,0.367798,1.0,60,0.609741,0.0,0.0,60,0.6
strong_market_effective_participation_v1,baseline_2y_1y_5fold,1,2021-04-01,2022-03-31,2021-04-09,SH.000300,2021-04-01,available,300,1.0000019999999998,60,0.609741,59,0.6052839999999999,0.9926903390127939,20,0.367798,20,0.367798,1.0,60,0.609741,0.0,0.0,60,0.6
strong_market_effective_participation_v1,baseline_2y_1y_5fold,1,2021-04-01,2022-03-31,2021-04-12,SH.000300,2021-04-01,available,300,1.0000019999999998,60,0.609741,59,0.6052839999999999,0.9926903390127939,20,0.367798,20,0.367798,1.0,60,0.609741,0.0,0.0,60,0.6
strong_market_effective_participation_v1,baseline_2y_1y_5fold,1,2021-04-01,2022-03-31,2021-04-13,SH.000300,2021-04-01,available,300,1.0000019999999998,60,0.609741,59,0.6052839999999999,0.9926903390127939,20,0.367798,20,0.367798,1.0,60,0.609741,0.0,0.0,60,0.6
strong_market_effective_participation_v1,baseline_2y_1y_5fold,1,2021-04-01,2022-03-31,2021-04-14,SH.000300,2021-04-01,available,300,1.0000019999999998,60,0.609741,59,0.6052839999999999,0.9926903390127939,20,0.367798,20,0.367798,1.0,60,0.609741,0.0,0.0,60,0.6
strong_market_effective_participation_v1,baseline_2y_1y_5fold,1,2021-04-01,2022-03-31,2021-04-15,SH.000300,2021-04-01,available,300,1.0000019999999998,60,0.609741,59,0.6052839999999999,0.9926903390127939,20,0.367798,20,0.367798,1.0,60,0.609741,0.0,0.0,60,0.6
strong_market_effective_participation_v1,baseline_2y_1y_5fold,1,2021-04-01,2022-03-31,2021-04-16,SH.000300,2021-04-01,available,300,1.0000019999999998,60,0.609741,59,0.6052839999999999,0.9926903390127939,20,0.367798,20,0.367798,1.0,60,0.609741,0.0,0.0,60,0.6
strong_market_effective_participation_v1,baseline_2y_1y_5fold,1,2021-04-01,2022-03-31,2021-04-19,SH.000300,2021-04-01,available,300,1.0000019999999998,60,0.609741,59,0.6052839999999999,0.9926903390127939,20,0.367798,20,0.367798,1.0,60,0.609741,0.0,0.0,60,0.6
strong_market_effective_participation_v1,baseline_2y_1y_5fold,1,2021-04-01,2022-03-31,2021-04-20,SH.000300,2021-04-01,available,300,1.0000019999999998,60,0.609741,59,0.6052839999999999,0.9926903390127939,20,0.367798,20,0.367798,1.0,60,0.609741,0.0,0.0,60,0.6
strong_market_effective_participation_v1,baseline_2y_1y_5fold,1,2021-04-01,2022-03-31,2021-04-21,SH.000300,2021-04-01,available,300,1.0000019999999998,60,0.609741,59,0.6052839999999999,0.9926903390127939,20,0.367798,20,0.367798,1.0,60,0.609741,0.0,0.0,60,0.6
strong_market_effective_participation_v1,baseline_2y_1y_5fold,1,2021-04-01,2022-03-31,2021-04-22,SH.000300,2021-04-01,available,300,1.0000019999999998,60,0.609741,59,0.6052839999999999,0.9926903390127939,20,0.367798,20,0.367798,1.0,60,0.609741,0.0,0.0,60,0.6
strong_market_effective_participation_v1,baseline_2y_1y_5fold,1,2021-04-01,2022-03-31,2021-04-23,SH.000300,2021-04-01,available,300,1.0000019999999998,60,0.609741,59,0.6052839999999999,0.9926903390127939,20,0.367798,20,0.367798,1.0,60,0.609741,0.0,0.0,60,0.6
strong_market_effective_participation_v1,baseline_2y_1y_5fold,1,2021-04-01,2022-03-31,2021-04-26,SH.000300,2021-04-01,available,300,1.0000019999999998,60,0.609741,59,0.6052839999999999,0.9926903390127939,20,0.367798,20,0.367798,1.0,60,0.609741,0.0,0.0,60,0.6
strong_market_effective_participation_v1,baseline_2y_1y_5fold,1,2021-04-01,2022-03-31,2021-04-27,SH.000300,2021-04-01,available,300,1.0000019999999998,60,0.609741,59,0.6052839999999999,0.9926903390127939,20,0.367798,20,0.367798,1.0,60,0.609741,0.0,0.0,60,0.6
strong_market_effective_participation_v1,baseline_2y_1y_5fold,1,2021-04-01,2022-03-31,2021-04-28,SH.000300,2021-04-01,available,300,1.0000019999999998,60,0.609741,59,0.6052839999999999,0.9926903390127939,20,0.367798,20,0.367798,1.0,60,0.609741,0.0,0.0,60,0.6
strong_market_effective_participation_v1,baseline_2y_1y_5fold,1,2021-04-01,2022-03-31,2021-04-29,SH.000300,2021-04-01,available,300,1.0000019999999998,60,0.609741,59,0.6052839999999999,0.9926903390127939,20,0.367798,20,0.367798,1.0,60,0.609741,0.0,0.0,60,0.6
strong_market_effective_participation_v1,baseline_2y_1y_5fold,1,2021-04-01,2022-03-31,2021-04-30,SH.000300,2021-04-01,available,300,1.0000019999999998,60,0.609741,59,0.6052839999999999,0.9926903390127939,20,0.367798,20,0.367798,1.0,60,0.609741,0.0,0.0,60,0.6
strong_market_effective_participation_v1,baseline_2y_1y_5fold,1,2021-04-01,2022-03-31,2021-05-06,SH.000300,2021-04-30,available,300,0.9999899999999999,60,0.61178,59,0.60735,0.9927588348752819,20,0.3627599999999999,20,0.3627599999999999,1.0,60,0.61178,0.0,0.0,60,0.6
strong_market_effective_participation_v1,baseline_2y_1y_5fold,1,2021-04-01,2022-03-31,2021-05-07,SH.000300,2021-05-06,available,300,0.9999990000000001,60,0.6091660000000001,59,0.6046720000000001,0.9926227005446792,20,0.36013199999999995,20,0.36013199999999995,1.0,60,0.6091660000000001,0.0,0.0,60,0.6
strong_market_effective_participation_v1,baseline_2y_1y_5fold,1,2021-04-01,2022-03-31,2021-05-10,SH.000300,2021-05-06,available,300,0.9999990000000001,60,0.6091660000000001,59,0.6046720000000001,0.9926227005446792,20,0.36013199999999995,20,0.36013199999999995,1.0,60,0.6091660000000001,0.0,0.0,60,0.6
strong_market_effective_participation_v1,baseline_2y_1y_5fold,1,2021-04-01,2022-03-31,2021-05-11,SH.000300,2021-05-06,available,300,0.9999990000000001,60,0.6091660000000001,59,0.6046720000000001,0.9926227005446792,20,0.36013199999999995,20,0.36013199999999995,1.0,60,0.6091660000000001,0.0,0.0,60,0.6
strong_market_effective_participation_v1,baseline_2y_1y_5fold,1,2021-04-01,2022-03-31,2021-05-12,SH.000300,2021-05-06,available,300,0.9999990000000001,60,0.6091660000000001,59,0.6046720000000001,0.9926227005446792,20,0.36013199999999995,20,0.36013199999999995,1.0,60,0.6091660000000001,0.0,0.0,60,0.6
strong_market_effective_participation_v1,baseline_2y_1y_5fold,1,2021-04-01,2022-03-31,2021-05-13,SH.000300,2021-05-06,available,300,0.9999990000000001,60,0.6091660000000001,59,0.6046720000000001,0.9926227005446792,20,0.36013199999999995,20,0.36013199999999995,1.0,60,0.6091660000000001,0.0,0.0,60,0.6
strong_market_effective_participation_v1,baseline_2y_1y_5fold,1,2021-04-01,2022-03-31,2021-05-14,SH.000300,2021-05-06,available,300,0.9999990000000001,60,0.6091660000000001,59,0.6046720000000001,0.9926227005446792,20,0.36013199999999995,20,0.36013199999999995,1.0,60,0.6091660000000001,0.0,0.0,60,0.6
strong_market_effective_participation_v1,baseline_2y_1y_5fold,1,2021-04-01,2022-03-31,2021-05-17,SH.000300,2021-05-06,available,300,0.9999990000000001,60,0.6091660000000001,59,0.6046720000000001,0.9926227005446792,20,0.36013199999999995,20,0.36013199999999995,1.0,60,0.6091660000000001,0.0,0.0,60,0.6
strong_market_effective_participation_v1,baseline_2y_1y_5fold,1,2021-04-01,2022-03-31,2021-05-18,SH.000300,2021-05-06,available,300,0.9999990000000001,60,0.6091660000000001,59,0.6046720000000001,0.9926227005446792,20,0.36013199999999995,20,0.36013199999999995,1.0,60,0.6091660000000001,0.0,0.0,60,0.6
strong_market_effective_participation_v1,baseline_2y_1y_5fold,1,2021-04-01,2022-03-31,2021-05-19,SH.000300,2021-05-06,available,300,0.9999990000000001,60,0.6091660000000001,59,0.6046720000000001,0.9926227005446792,20,0.36013199999999995,20,0.36013199999999995,1.0,60,0.6091660000000001,0.0,0.0,60,0.6
strong_market_effective_participation_v1,baseline_2y_1y_5fold,1,2021-04-01,2022-03-31,2021-05-20,SH.000300,2021-05-06,available,300,0.9999990000000001,60,0.6091660000000001,59,0.6046720000000001,0.9926227005446792,20,0.36013199999999995,20,0.36013199999999995,1.0,60,0.6091660000000001,0.0,0.0,60,0.6
strong_market_effective_participation_v1,baseline_2y_1y_5fold,1,2021-04-01,2022-03-31,2021-05-21,SH.000300,2021-05-06,available,300,0.9999990000000001,60,0.6091660000000001,59,0.6046720000000001,0.9926227005446792,20,0.36013199999999995,20,0.36013199999999995,1.0,60,0.6091660000000001,0.0,0.0,60,0.6
strong_market_effective_participation_v1,baseline_2y_1y_5fold,1,2021-04-01,2022-03-31,2021-05-24,SH.000300,2021-05-06,available,300,0.9999990000000001,60,0.6091660000000001,59,0.6046720000000001,0.9926227005446792,20,0.36013199999999995,20,0.36013199999999995,1.0,60,0.6091660000000001,0.0,0.0,60,0.6
strong_market_effective_participation_v1,baseline_2y_1y_5fold,1,2021-04-01,2022-03-31,2021-05-25,SH.000300,2021-05-06,available,300,0.9999990000000001,60,0.6091660000000001,59,0.6046720000000001,0.9926227005446792,20,0.36013199999999995,20,0.36013199999999995,1.0,60,0.6091660000000001,0.0,0.0,60,0.6
strong_market_effective_participation_v1,baseline_2y_1y_5fold,1,2021-04-01,2022-03-31,2021-05-26,SH.000300,2021-05-06,available,300,0.9999990000000001,60,0.6091660000000001,59,0.6046720000000001,0.9926227005446792,20,0.36013199999999995,20,0.36013199999999995,1.0,60,0.6091660000000001,0.0,0.0,60,0.6
strong_market_effective_participation_v1,baseline_2y_1y_5fold,1,2021-04-01,2022-03-31,2021-05-27,SH.000300,2021-05-06,available,300,0.9999990000000001,60,0.6091660000000001,59,0.6046720000000001,0.9926227005446792,20,0.36013199999999995,20,0.36013199999999995,1.0,60,0.6091660000000001,0.0,0.0,60,0.6
strong_market_effective_participation_v1,baseline_2y_1y_5fold,1,2021-04-01,2022-03-31,2021-05-28,SH.000300,2021-05-06,available,300,0.9999990000000001,60,0.6091660000000001,59,0.6046720000000001,0.9926227005446792,20,0.36013199999999995,20,0.36013199999999995,1.0,60,0.6091660000000001,0.0,0.0,60,0.6
strong_market_effective_participation_v1,baseline_2y_1y_5fold,1,2021-04-01,2022-03-31,2021-05-31,SH.000300,2021-05-06,available,300,0.9999990000000001,60,0.6091660000000001,59,0.6046720000000001,0.9926227005446792,20,0.36013199999999995,20,0.36013199999999995,1.0,60,0.6091660000000001,0.0,0.0,60,0.6
strong_market_effective_participation_v1,baseline_2y_1y_5fold,1,2021-04-01,2022-03-31,2021-06-01,SH.000300,2021-05-31,available,300,0.9999899999999999,60,0.6118,60,0.6118,1.0,20,0.36401999999999995,20,0.36401999999999995,1.0,60,0.6118,0.0,0.0,60,0.6
strong_market_effective_participation_v1,baseline_2y_1y_5fold,1,2021-04-01,2022-03-31,2021-06-02,SH.000300,2021-06-01,available,300,0.999992,60,0.6123569999999999,60,0.6123569999999999,1.0,20,0.36286500000000005,20,0.36286500000000005,1.0,60,0.6123569999999999,0.0,0.0,60,0.6
strong_market_effective_participation_v1,baseline_2y_1y_5fold,1,2021-04-01,2022-03-31,2021-06-03,SH.000300,2021-06-01,available,300,0.999992,60,0.6123569999999999,60,0.6123569999999999,1.0,20,0.36286500000000005,20,0.36286500000000005,1.0,60,0.6123569999999999,0.0,0.0,60,0.6
strong_market_effective_participation_v1,baseline_2y_1y_5fold,1,2021-04-01,2022-03-31,2021-06-04,SH.000300,2021-06-01,available,300,0.999992,60,0.6123569999999999,60,0.6123569999999999,1.0,20,0.36286500000000005,20,0.36286500000000005,1.0,60,0.6123569999999999,0.0,0.0,60,0.6
strong_market_effective_participation_v1,baseline_2y_1y_5fold,1,2021-04-01,2022-03-31,2021-06-07,SH.000300,2021-06-01,available,300,0.999992,60,0.6123569999999999,60,0.6123569999999999,1.0,20,0.36286500000000005,20,0.36286500000000005,1.0,60,0.6123569999999999,0.0,0.0,60,0.6
strong_market_effective_participation_v1,baseline_2y_1y_5fold,1,2021-04-01,2022-03-31,2021-06-08,SH.000300,2021-06-01,available,300,0.999992,60,0.6123569999999999,60,0.6123569999999999,1.0,20,0.36286500000000005,20,0.36286500000000005,1.0,60,0.6123569999999999,0.0,0.0,60,0.6
strong_market_effective_participation_v1,baseline_2y_1y_5fold,1,2021-04-01,2022-03-31,2021-06-09,SH.000300,2021-06-01,available,300,0.999992,60,0.6123569999999999,60,0.6123569999999999,1.0,20,0.36286500000000005,20,0.36286500000000005,1.0,60,0.6123569999999999,0.0,0.0,60,0.6
strong_market_effective_participation_v1,baseline_2y_1y_5fold,1,2021-04-01,2022-03-31,2021-06-10,SH.000300,2021-06-01,available,300,0.999992,60,0.6123569999999999,60,0.6123569999999999,1.0,20,0.36286500000000005,20,0.36286500000000005,1.0,60,0.6123569999999999,0.0,0.0,60,0.6
strong_market_effective_participation_v1,baseline_2y_1y_5fold,1,2021-04-01,2022-03-31,2021-06-11,SH.000300,2021-06-01,available,300,0.999992,60,0.6123569999999999,60,0.6123569999999999,1.0,20,0.36286500000000005,20,0.36286500000000005,1.0,60,0.6123569999999999,0.0,0.0,60,0.6
strong_market_effective_participation_v1,baseline_2y_1y_5fold,1,2021-04-01,2022-03-31,2021-06-15,SH.000300,2021-06-01,available,300,0.999992,60,0.6123569999999999,60,0.6123569999999999,1.0,20,0.36286500000000005,20,0.36286500000000005,1.0,60,0.6123569999999999,0.0,0.0,60,0.6
strong_market_effective_participation_v1,baseline_2y_1y_5fold,1,2021-04-01,2022-03-31,2021-06-16,SH.000300,2021-06-01,available,300,0.999992,60,0.6123569999999999,60,0.6123569999999999,1.0,20,0.36286500000000005,20,0.36286500000000005,1.0,60,0.6123569999999999,0.0,0.0,60,0.6
strong_market_effective_participation_v1,baseline_2y_1y_5fold,1,2021-04-01,2022-03-31,2021-06-17,SH.000300,2021-06-01,available,300,0.999992,60,0.6123569999999999,60,0.6123569999999999,1.0,20,0.36286500000000005,20,0.36286500000000005,1.0,60,0.6123569999999999,0.0,0.0,60,0.6
strong_market_effective_participation_v1,baseline_2y_1y_5fold,1,2021-04-01,2022-03-31,2021-06-18,SH.000300,2021-06-01,available,300,0.999992,60,0.6123569999999999,60,0.6123569999999999,1.0,20,0.36286500000000005,20,0.36286500000000005,1.0,60,0.6123569999999999,0.0,0.0,60,0.6
strong_market_effective_participation_v1,baseline_2y_1y_5fold,1,2021-04-01,2022-03-31,2021-06-21,SH.000300,2021-06-01,available,300,0.999992,60,0.6123569999999999,60,0.6123569999999999,1.0,20,0.36286500000000005,20,0.36286500000000005,1.0,60,0.6123569999999999,0.0,0.0,60,0.6
strong_market_effective_participation_v1,baseline_2y_1y_5fold,1,2021-04-01,2022-03-31,2021-06-22,SH.000300,2021-06-01,available,300,0.999992,60,0.6123569999999999,60,0.6123569999999999,1.0,20,0.36286500000000005,20,0.36286500000000005,1.0,60,0.6123569999999999,0.0,0.0,60,0.6
strong_market_effective_participation_v1,baseline_2y_1y_5fold,1,2021-04-01,2022-03-31,2021-06-23,SH.000300,2021-06-01,available,300,0.999992,60,0.6123569999999999,60,0.6123569999999999,1.0,20,0.36286500000000005,20,0.36286500000000005,1.0,60,0.6123569999999999,0.0,0.0,60,0.6
strong_market_effective_participation_v1,baseline_2y_1y_5fold,1,2021-04-01,2022-03-31,2021-06-24,SH.000300,2021-06-01,available,300,0.999992,60,0.6123569999999999,60,0.6123569999999999,1.0,20,0.36286500000000005,20,0.36286500000000005,1.0,60,0.6123569999999999,0.0,0.0,60,0.6
strong_market_effective_participation_v1,baseline_2y_1y_5fold,1,2021-04-01,2022-03-31,2021-06-25,SH.000300,2021-06-01,available,300,0.999992,60,0.6123569999999999,60,0.6123569999999999,1.0,20,0.36286500000000005,20,0.36286500000000005,1.0,60,0.6123569999999999,0.0,0.0,60,0.6
strong_market_effective_participation_v1,baseline_2y_1y_5fold,1,2021-04-01,2022-03-31,2021-06-28,SH.000300,2021-06-01,available,300,0.999992,60,0.6123569999999999,60,0.6123569999999999,1.0,20,0.36286500000000005,20,0.36286500000000005,1.0,60,0.6123569999999999,0.0,0.0,60,0.6
strong_market_effective_participation_v1,baseline_2y_1y_5fold,1,2021-04-01,2022-03-31,2021-06-29,SH.000300,2021-06-01,available,300,0.999992,60,0.6123569999999999,60,0.6123569999999999,1.0,20,0.36286500000000005,20,0.36286500000000005,1.0,60,0.6123569999999999,0.0,0.0,60,0.6
strong_market_effective_participation_v1,baseline_2y_1y_5fold,1,2021-04-01,2022-03-31,2021-06-30,SH.000300,2021-06-01,available,300,0.999992,60,0.6123569999999999,60,0.6123569999999999,1.0,20,0.36286500000000005,20,0.36286500000000005,1.0,60,0.6123569999999999,0.0,0.0,60,0.6
strong_market_effective_participation_v1,baseline_2y_1y_5fold,1,2021-04-01,2022-03-31,2021-07-01,SH.000300,2021-06-30,available,300,0.9999300000000001,61,0.59707,60,0.59188,0.9913075518783392,20,0.35211000000000003,20,0.35211000000000003,1.0,61,0.59707,0.0,0.0,60,0.6
strong_market_effective_participation_v1,baseline_2y_1y_5fold,1,2021-04-01,2022-03-31,2021-07-02,SH.000300,2021-07-01,available,300,1.000008,60,0.596126,59,0.5908479999999999,0.9911461670854818,20,0.35483700000000007,20,0.35483700000000007,1.0,60,0.596126,0.0,0.0,60,0.6
strong_market_effective_participation_v1,baseline_2y_1y_5fold,1,2021-04-01,2022-03-31,2021-07-05,SH.000300,2021-07-01,available,300,1.000008,60,0.596126,59,0.5908479999999999,0.9911461670854818,20,0.35483700000000007,20,0.35483700000000007,1.0,60,0.596126,0.0,0.0,60,0.6
strong_market_effective_participation_v1,baseline_2y_1y_5fold,1,2021-04-01,2022-03-31,2021-07-06,SH.000300,2021-07-01,available,300,1.000008,60,0.596126,59,0.5908479999999999,0.9911461670854818,20,0.35483700000000007,20,0.35483700000000007,1.0,60,0.596126,0.0,0.0,60,0.6
strong_market_effective_participation_v1,baseline_2y_1y_5fold,1,2021-04-01,2022-03-31,2021-07-07,SH.000300,2021-07-01,available,300,1.000008,60,0.596126,59,0.5908479999999999,0.9911461670854818,20,0.35483700000000007,20,0.35483700000000007,1.0,60,0.596126,0.0,0.0,60,0.6
strong_market_effective_participation_v1,baseline_2y_1y_5fold,1,2021-04-01,2022-03-31,2021-07-08,SH.000300,2021-07-01,available,300,1.000008,60,0.596126,59,0.5908479999999999,0.9911461670854818,20,0.35483700000000007,20,0.35483700000000007,1.0,60,0.596126,0.0,0.0,60,0.6
strong_market_effective_participation_v1,baseline_2y_1y_5fold,1,2021-04-01,2022-03-31,2021-07-09,SH.000300,2021-07-01,available,300,1.000008,60,0.596126,59,0.5908479999999999,0.9911461670854818,20,0.35483700000000007,20,0.35483700000000007,1.0,60,0.596126,0.0,0.0,60,0.6
strong_market_effective_participation_v1,baseline_2y_1y_5fold,1,2021-04-01,2022-03-31,2021-07-12,SH.000300,2021-07-01,available,300,1.000008,60,0.596126,59,0.5908479999999999,0.9911461670854818,20,0.35483700000000007,20,0.35483700000000007,1.0,60,0.596126,0.0,0.0,60,0.6
strong_market_effective_participation_v1,baseline_2y_1y_5fold,1,2021-04-01,2022-03-31,2021-07-13,SH.000300,2021-07-01,available,300,1.000008,60,0.596126,59,0.5908479999999999,0.9911461670854818,20,0.35483700000000007,20,0.35483700000000007,1.0,60,0.596126,0.0,0.0,60,0.6
strong_market_effective_participation_v1,baseline_2y_1y_5fold,1,2021-04-01,2022-03-31,2021-07-14,SH.000300,2021-07-01,available,300,1.000008,60,0.596126,59,0.5908479999999999,0.9911461670854818,20,0.35483700000000007,20,0.35483700000000007,1.0,60,0.596126,0.0,0.0,60,0.6
strong_market_effective_participation_v1,baseline_2y_1y_5fold,1,2021-04-01,2022-03-31,2021-07-15,SH.000300,2021-07-01,available,300,1.000008,60,0.596126,59,0.5908479999999999,0.9911461670854818,20,0.35483700000000007,20,0.35483700000000007,1.0,60,0.596126,0.0,0.0,60,0.6
strong_market_effective_participation_v1,baseline_2y_1y_5fold,1,2021-04-01,2022-03-31,2021-07-16,SH.000300,2021-07-01,available,300,1.000008,60,0.596126,59,0.5908479999999999,0.9911461670854818,20,0.35483700000000007,20,0.35483700000000007,1.0,60,0.596126,0.0,0.0,60,0.6
strong_market_effective_participation_v1,baseline_2y_1y_5fold,1,2021-04-01,2022-03-31,2021-07-19,SH.000300,2021-07-01,available,300,1.000008,60,0.596126,59,0.5908479999999999,0.9911461670854818,20,0.35483700000000007,20,0.35483700000000007,1.0,60,0.596126,0.0,0.0,60,0.6
strong_market_effective_participation_v1,baseline_2y_1y_5fold,1,2021-04-01,2022-03-31,2021-07-20,SH.000300,2021-07-01,available,300,1.000008,60,0.596126,59,0.5908479999999999,0.9911461670854818,20,0.35483700000000007,20,0.35483700000000007,1.0,60,0.596126,0.0,0.0,60,0.6
strong_market_effective_participation_v1,baseline_2y_1y_5fold,1,2021-04-01,2022-03-31,2021-07-21,SH.000300,2021-07-01,available,300,1.000008,60,0.596126,59,0.5908479999999999,0.9911461670854818,20,0.35483700000000007,20,0.35483700000000007,1.0,60,0.596126,0.0,0.0,60,0.6
strong_market_effective_participation_v1,baseline_2y_1y_5fold,1,2021-04-01,2022-03-31,2021-07-22,SH.000300,2021-07-01,available,300,1.000008,60,0.596126,59,0.5908479999999999,0.9911461670854818,20,0.35483700000000007,20,0.35483700000000007,1.0,60,0.596126,0.0,0.0,60,0.6
strong_market_effective_participation_v1,baseline_2y_1y_5fold,1,2021-04-01,2022-03-31,2021-07-23,SH.000300,2021-07-01,available,300,1.000008,60,0.596126,59,0.5908479999999999,0.9911461670854818,20,0.35483700000000007,20,0.35483700000000007,1.0,60,0.596126,0.0,0.0,60,0.6
strong_market_effective_participation_v1,baseline_2y_1y_5fold,1,2021-04-01,2022-03-31,2021-07-26,SH.000300,2021-07-01,available,300,1.000008,60,0.596126,59,0.5908479999999999,0.9911461670854818,20,0.35483700000000007,20,0.35483700000000007,1.0,60,0.596126,0.0,0.0,60,0.6
strong_market_effective_participation_v1,baseline_2y_1y_5fold,1,2021-04-01,2022-03-31,2021-07-27,SH.000300,2021-07-01,available,300,1.000008,60,0.596126,59,0.5908479999999999,0.9911461670854818,20,0.35483700000000007,20,0.35483700000000007,1.0,60,0.596126,0.0,0.0,60,0.6
strong_market_effective_participation_v1,baseline_2y_1y_5fold,1,2021-04-01,2022-03-31,2021-07-28,SH.000300,2021-07-01,available,300,1.000008,60,0.596126,59,0.5908479999999999,0.9911461670854818,20,0.35483700000000007,20,0.35483700000000007,1.0,60,0.596126,0.0,0.0,60,0.6
strong_market_effective_participation_v1,baseline_2y_1y_5fold,1,2021-04-01,2022-03-31,2021-07-29,SH.000300,2021-07-01,available,300,1.000008,60,0.596126,59,0.5908479999999999,0.9911461670854818,20,0.35483700000000007,20,0.35483700000000007,1.0,60,0.596126,0.0,0.0,60,0.6
strong_market_effective_participation_v1,baseline_2y_1y_5fold,1,2021-04-01,2022-03-31,2021-07-30,SH.000300,2021-07-01,available,300,1.000008,60,0.596126,59,0.5908479999999999,0.9911461670854818,20,0.35483700000000007,20,0.35483700000000007,1.0,60,0.596126,0.0,0.0,60,0.6
strong_market_effective_participation_v1,baseline_2y_1y_5fold,1,2021-04-01,2022-03-31,2021-08-02,SH.000300,2021-07-30,available,300,0.9999800000000001,64,0.59924,63,0.5938300000000001,0.9909718977371339,20,0.33048,20,0.33048,1.0,64,0.59924,0.0,0.0,60,0.6
strong_market_effective_participation_v1,baseline_2y_1y_5fold,1,2021-04-01,2022-03-31,2021-08-03,SH.000300,2021-08-02,available,300,1.000002,64,0.599285,63,0.5938570000000001,0.99094253986,20,0.331992,20,0.331992,1.0,64,0.599285,0.0,0.0,60,0.6
strong_market_effective_participation_v1,baseline_2y_1y_5fold,1,2021-04-01,2022-03-31,2021-08-04,SH.000300,2021-08-02,available,300,1.000002,64,0.599285,63,0.5938570000000001,0.99094253986,20,0.331992,20,0.331992,1.0,64,0.599285,0.0,0.0,60,0.6
strong_market_effective_participation_v1,baseline_2y_1y_5fold,1,2021-04-01,2022-03-31,2021-08-05,SH.000300,2021-08-02,available,300,1.000002,64,0.599285,63,0.5938570000000001,0.99094253986,20,0.331992,20,0.331992,1.0,64,0.599285,0.0,0.0,60,0.6
strong_market_effective_participation_v1,baseline_2y_1y_5fold,1,2021-04-01,2022-03-31,2021-08-06,SH.000300,2021-08-02,available,300,1.000002,64,0.599285,63,0.5938570000000001,0.99094253986,20,0.331992,20,0.331992,1.0,64,0.599285,0.0,0.0,60,0.6
strong_market_effective_participation_v1,baseline_2y_1y_5fold,1,2021-04-01,2022-03-31,2021-08-09,SH.000300,2021-08-02,available,300,1.000002,64,0.599285,63,0.5938570000000001,0.99094253986,20,0.331992,20,0.331992,1.0,64,0.599285,0.0,0.0,60,0.6
strong_market_effective_participation_v1,baseline_2y_1y_5fold,1,2021-04-01,2022-03-31,2021-08-10,SH.000300,2021-08-02,available,300,1.000002,64,0.599285,63,0.5938570000000001,0.99094253986,20,0.331992,20,0.331992,1.0,64,0.599285,0.0,0.0,60,0.6
strong_market_effective_participation_v1,baseline_2y_1y_5fold,1,2021-04-01,2022-03-31,2021-08-11,SH.000300,2021-08-02,available,300,1.000002,64,0.599285,63,0.5938570000000001,0.99094253986,20,0.331992,20,0.331992,1.0,64,0.599285,0.0,0.0,60,0.6
strong_market_effective_participation_v1,baseline_2y_1y_5fold,1,2021-04-01,2022-03-31,2021-08-12,SH.000300,2021-08-02,available,300,1.000002,64,0.599285,63,0.5938570000000001,0.99094253986,20,0.331992,20,0.331992,1.0,64,0.599285,0.0,0.0,60,0.6
strong_market_effective_participation_v1,baseline_2y_1y_5fold,1,2021-04-01,2022-03-31,2021-08-13,SH.000300,2021-08-02,available,300,1.000002,64,0.599285,63,0.5938570000000001,0.99094253986,20,0.331992,20,0.331992,1.0,64,0.599285,0.0,0.0,60,0.6
strong_market_effective_participation_v1,baseline_2y_1y_5fold,1,2021-04-01,2022-03-31,2021-08-16,SH.000300,2021-08-02,available,300,1.000002,64,0.599285,63,0.5938570000000001,0.99094253986,20,0.331992,20,0.331992,1.0,64,0.599285,0.0,0.0,60,0.6
strong_market_effective_participation_v1,baseline_2y_1y_5fold,1,2021-04-01,2022-03-31,2021-08-17,SH.000300,2021-08-02,available,300,1.000002,64,0.599285,63,0.5938570000000001,0.99094253986,20,0.331992,20,0.331992,1.0,64,0.599285,0.0,0.0,60,0.6
strong_market_effective_participation_v1,baseline_2y_1y_5fold,1,2021-04-01,2022-03-31,2021-08-18,SH.000300,2021-08-02,available,300,1.000002,64,0.599285,63,0.5938570000000001,0.99094253986,20,0.331992,20,0.331992,1.0,64,0.599285,0.0,0.0,60,0.6
strong_market_effective_participation_v1,baseline_2y_1y_5fold,1,2021-04-01,2022-03-31,2021-08-19,SH.000300,2021-08-02,available,300,1.000002,64,0.599285,63,0.5938570000000001,0.99094253986,20,0.331992,20,0.331992,1.0,64,0.599285,0.0,0.0,60,0.6
strong_market_effective_participation_v1,baseline_2y_1y_5fold,1,2021-04-01,2022-03-31,2021-08-20,SH.000300,2021-08-02,available,300,1.000002,64,0.599285,63,0.5938570000000001,0.99094253986,20,0.331992,20,0.331992,1.0,64,0.599285,0.0,0.0,60,0.6
strong_market_effective_participation_v1,baseline_2y_1y_5fold,1,2021-04-01,2022-03-31,2021-08-23,SH.000300,2021-08-02,available,300,1.000002,64,0.599285,63,0.5938570000000001,0.99094253986,20,0.331992,20,0.331992,1.0,64,0.599285,0.0,0.0,60,0.6
strong_market_effective_participation_v1,baseline_2y_1y_5fold,1,2021-04-01,2022-03-31,2021-08-24,SH.000300,2021-08-02,available,300,1.000002,64,0.599285,63,0.5938570000000001,0.99094253986,20,0.331992,20,0.331992,1.0,64,0.599285,0.0,0.0,60,0.6
strong_market_effective_participation_v1,baseline_2y_1y_5fold,1,2021-04-01,2022-03-31,2021-08-25,SH.000300,2021-08-02,available,300,1.000002,64,0.599285,63,0.5938570000000001,0.99094253986,20,0.331992,20,0.331992,1.0,64,0.599285,0.0,0.0,60,0.6
strong_market_effective_participation_v1,baseline_2y_1y_5fold,1,2021-04-01,2022-03-31,2021-08-26,SH.000300,2021-08-02,available,300,1.000002,64,0.599285,63,0.5938570000000001,0.99094253986,20,0.331992,20,0.331992,1.0,64,0.599285,0.0,0.0,60,0.6
strong_market_effective_participation_v1,baseline_2y_1y_5fold,1,2021-04-01,2022-03-31,2021-08-27,SH.000300,2021-08-02,available,300,1.000002,64,0.599285,63,0.5938570000000001,0.99094253986,20,0.331992,20,0.331992,1.0,64,0.599285,0.0,0.0,60,0.6
strong_market_effective_participation_v1,baseline_2y_1y_5fold,1,2021-04-01,2022-03-31,2021-08-30,SH.000300,2021-08-02,available,300,1.000002,64,0.599285,63,0.5938570000000001,0.99094253986,20,0.331992,20,0.331992,1.0,64,0.599285,0.0,0.0,60,0.6
strong_market_effective_participation_v1,baseline_2y_1y_5fold,1,2021-04-01,2022-03-31,2021-08-31,SH.000300,2021-08-02,available,300,1.000002,64,0.599285,63,0.5938570000000001,0.99094253986,20,0.331992,20,0.331992,1.0,64,0.599285,0.0,0.0,60,0.6
strong_market_effective_participation_v1,baseline_2y_1y_5fold,1,2021-04-01,2022-03-31,2021-09-01,SH.000300,2021-08-31,available,300,1.00006,66,0.59661,65,0.59036,0.9895241447511776,20,0.3195400000000001,20,0.3195400000000001,1.0,66,0.59661,0.0,0.0,60,0.6
strong_market_effective_participation_v1,baseline_2y_1y_5fold,1,2021-04-01,2022-03-31,2021-09-02,SH.000300,2021-09-01,available,300,1.000002,66,0.5963419999999999,65,0.5899639999999999,0.989304794899571,20,0.322507,20,0.322507,1.0,66,0.5963419999999999,0.0,0.0,60,0.6
strong_market_effective_participation_v1,baseline_2y_1y_5fold,1,2021-04-01,2022-03-31,2021-09-03,SH.000300,2021-09-01,available,300,1.000002,66,0.5963419999999999,65,0.5899639999999999,0.989304794899571,20,0.322507,20,0.322507,1.0,66,0.5963419999999999,0.0,0.0,60,0.6
strong_market_effective_participation_v1,baseline_2y_1y_5fold,1,2021-04-01,2022-03-31,2021-09-06,SH.000300,2021-09-01,available,300,1.000002,66,0.5963419999999999,65,0.5899639999999999,0.989304794899571,20,0.322507,20,0.322507,1.0,66,0.5963419999999999,0.0,0.0,60,0.6
strong_market_effective_participation_v1,baseline_2y_1y_5fold,1,2021-04-01,2022-03-31,2021-09-07,SH.000300,2021-09-01,available,300,1.000002,66,0.5963419999999999,65,0.5899639999999999,0.989304794899571,20,0.322507,20,0.322507,1.0,66,0.5963419999999999,0.0,0.0,60,0.6
strong_market_effective_participation_v1,baseline_2y_1y_5fold,1,2021-04-01,2022-03-31,2021-09-08,SH.000300,2021-09-01,available,300,1.000002,66,0.5963419999999999,65,0.5899639999999999,0.989304794899571,20,0.322507,20,0.322507,1.0,66,0.5963419999999999,0.0,0.0,60,0.6
strong_market_effective_participation_v1,baseline_2y_1y_5fold,1,2021-04-01,2022-03-31,2021-09-09,SH.000300,2021-09-01,available,300,1.000002,66,0.5963419999999999,65,0.5899639999999999,0.989304794899571,20,0.322507,20,0.322507,1.0,66,0.5963419999999999,0.0,0.0,60,0.6
strong_market_effective_participation_v1,baseline_2y_1y_5fold,1,2021-04-01,2022-03-31,2021-09-10,SH.000300,2021-09-01,available,300,1.000002,66,0.5963419999999999,65,0.5899639999999999,0.989304794899571,20,0.322507,20,0.322507,1.0,66,0.5963419999999999,0.0,0.0,60,0.6
strong_market_effective_participation_v1,baseline_2y_1y_5fold,1,2021-04-01,2022-03-31,2021-09-13,SH.000300,2021-09-01,available,300,1.000002,66,0.5963419999999999,65,0.5899639999999999,0.989304794899571,20,0.322507,20,0.322507,1.0,66,0.5963419999999999,0.0,0.0,60,0.6
strong_market_effective_participation_v1,baseline_2y_1y_5fold,1,2021-04-01,2022-03-31,2021-09-14,SH.000300,2021-09-01,available,300,1.000002,66,0.5963419999999999,65,0.5899639999999999,0.989304794899571,20,0.322507,20,0.322507,1.0,66,0.5963419999999999,0.0,0.0,60,0.6
strong_market_effective_participation_v1,baseline_2y_1y_5fold,1,2021-04-01,2022-03-31,2021-09-15,SH.000300,2021-09-01,available,300,1.000002,66,0.5963419999999999,65,0.5899639999999999,0.989304794899571,20,0.322507,20,0.322507,1.0,66,0.5963419999999999,0.0,0.0,60,0.6
strong_market_effective_participation_v1,baseline_2y_1y_5fold,1,2021-04-01,2022-03-31,2021-09-16,SH.000300,2021-09-01,available,300,1.000002,66,0.5963419999999999,65,0.5899639999999999,0.989304794899571,20,0.322507,20,0.322507,1.0,66,0.5963419999999999,0.0,0.0,60,0.6
strong_market_effective_participation_v1,baseline_2y_1y_5fold,1,2021-04-01,2022-03-31,2021-09-17,SH.000300,2021-09-01,available,300,1.000002,66,0.5963419999999999,65,0.5899639999999999,0.989304794899571,20,0.322507,20,0.322507,1.0,66,0.5963419999999999,0.0,0.0,60,0.6
strong_market_effective_participation_v1,baseline_2y_1y_5fold,1,2021-04-01,2022-03-31,2021-09-22,SH.000300,2021-09-01,available,300,1.000002,66,0.5963419999999999,65,0.5899639999999999,0.989304794899571,20,0.322507,20,0.322507,1.0,66,0.5963419999999999,0.0,0.0,60,0.6
strong_market_effective_participation_v1,baseline_2y_1y_5fold,1,2021-04-01,2022-03-31,2021-09-23,SH.000300,2021-09-01,available,300,1.000002,66,0.5963419999999999,65,0.5899639999999999,0.989304794899571,20,0.322507,20,0.322507,1.0,66,0.5963419999999999,0.0,0.0,60,0.6
strong_market_effective_participation_v1,baseline_2y_1y_5fold,1,2021-04-01,2022-03-31,2021-09-24,SH.000300,2021-09-01,available,300,1.000002,66,0.5963419999999999,65,0.5899639999999999,0.989304794899571,20,0.322507,20,0.322507,1.0,66,0.5963419999999999,0.0,0.0,60,0.6
strong_market_effective_participation_v1,baseline_2y_1y_5fold,1,2021-04-01,2022-03-31,2021-09-27,SH.000300,2021-09-01,available,300,1.000002,66,0.5963419999999999,65,0.5899639999999999,0.989304794899571,20,0.322507,20,0.322507,1.0,66,0.5963419999999999,0.0,0.0,60,0.6
strong_market_effective_participation_v1,baseline_2y_1y_5fold,1,2021-04-01,2022-03-31,2021-09-28,SH.000300,2021-09-01,available,300,1.000002,66,0.5963419999999999,65,0.5899639999999999,0.989304794899571,20,0.322507,20,0.322507,1.0,66,0.5963419999999999,0.0,0.0,60,0.6
strong_market_effective_participation_v1,baseline_2y_1y_5fold,1,2021-04-01,2022-03-31,2021-09-29,SH.000300,2021-09-01,available,300,1.000002,66,0.5963419999999999,65,0.5899639999999999,0.989304794899571,20,0.322507,20,0.322507,1.0,66,0.5963419999999999,0.0,0.0,60,0.6
strong_market_effective_participation_v1,baseline_2y_1y_5fold,1,2021-04-01,2022-03-31,2021-09-30,SH.000300,2021-09-01,available,300,1.000002,66,0.5963419999999999,65,0.5899639999999999,0.989304794899571,20,0.322507,20,0.322507,1.0,66,0.5963419999999999,0.0,0.0,60,0.6
strong_market_effective_participation_v1,baseline_2y_1y_5fold,1,2021-04-01,2022-03-31,2021-10-08,SH.000300,2021-09-30,available,300,0.9999300000000002,65,0.5960799999999999,64,0.59018,0.9901019997315799,20,0.33232999999999996,20,0.33232999999999996,1.0,65,0.5960799999999999,0.0,0.0,60,0.6
strong_market_effective_participation_v1,baseline_2y_1y_5fold,1,2021-04-01,2022-03-31,2021-10-11,SH.000300,2021-10-08,available,300,0.9999979999999999,65,0.5980160000000001,64,0.5920670000000001,0.9900521056292808,20,0.335456,20,0.335456,1.0,65,0.5980160000000001,0.0,0.0,60,0.6
strong_market_effective_participation_v1,baseline_2y_1y_5fold,1,2021-04-01,2022-03-31,2021-10-12,SH.000300,2021-10-08,available,300,0.9999979999999999,65,0.5980160000000001,64,0.5920670000000001,0.9900521056292808,20,0.335456,20,0.335456,1.0,65,0.5980160000000001,0.0,0.0,60,0.6
strong_market_effective_participation_v1,baseline_2y_1y_5fold,1,2021-04-01,2022-03-31,2021-10-13,SH.000300,2021-10-08,available,300,0.9999979999999999,65,0.5980160000000001,64,0.5920670000000001,0.9900521056292808,20,0.335456,20,0.335456,1.0,65,0.5980160000000001,0.0,0.0,60,0.6
strong_market_effective_participation_v1,baseline_2y_1y_5fold,1,2021-04-01,2022-03-31,2021-10-14,SH.000300,2021-10-08,available,300,0.9999979999999999,65,0.5980160000000001,64,0.5920670000000001,0.9900521056292808,20,0.335456,20,0.335456,1.0,65,0.5980160000000001,0.0,0.0,60,0.6
strong_market_effective_participation_v1,baseline_2y_1y_5fold,1,2021-04-01,2022-03-31,2021-10-15,SH.000300,2021-10-08,available,300,0.9999979999999999,65,0.5980160000000001,64,0.5920670000000001,0.9900521056292808,20,0.335456,20,0.335456,1.0,65,0.5980160000000001,0.0,0.0,60,0.6
strong_market_effective_participation_v1,baseline_2y_1y_5fold,1,2021-04-01,2022-03-31,2021-10-18,SH.000300,2021-10-08,available,300,0.9999979999999999,65,0.5980160000000001,64,0.5920670000000001,0.9900521056292808,20,0.335456,20,0.335456,1.0,65,0.5980160000000001,0.0,0.0,60,0.6
strong_market_effective_participation_v1,baseline_2y_1y_5fold,1,2021-04-01,2022-03-31,2021-10-19,SH.000300,2021-10-08,available,300,0.9999979999999999,65,0.5980160000000001,64,0.5920670000000001,0.9900521056292808,20,0.335456,20,0.335456,1.0,65,0.5980160000000001,0.0,0.0,60,0.6
strong_market_effective_participation_v1,baseline_2y_1y_5fold,1,2021-04-01,2022-03-31,2021-10-20,SH.000300,2021-10-08,available,300,0.9999979999999999,65,0.5980160000000001,64,0.5920670000000001,0.9900521056292808,20,0.335456,20,0.335456,1.0,65,0.5980160000000001,0.0,0.0,60,0.6
strong_market_effective_participation_v1,baseline_2y_1y_5fold,1,2021-04-01,2022-03-31,2021-10-21,SH.000300,2021-10-08,available,300,0.9999979999999999,65,0.5980160000000001,64,0.5920670000000001,0.9900521056292808,20,0.335456,20,0.335456,1.0,65,0.5980160000000001,0.0,0.0,60,0.6
strong_market_effective_participation_v1,baseline_2y_1y_5fold,1,2021-04-01,2022-03-31,2021-10-22,SH.000300,2021-10-08,available,300,0.9999979999999999,65,0.5980160000000001,64,0.5920670000000001,0.9900521056292808,20,0.335456,20,0.335456,1.0,65,0.5980160000000001,0.0,0.0,60,0.6
strong_market_effective_participation_v1,baseline_2y_1y_5fold,1,2021-04-01,2022-03-31,2021-10-25,SH.000300,2021-10-08,available,300,0.9999979999999999,65,0.5980160000000001,64,0.5920670000000001,0.9900521056292808,20,0.335456,20,0.335456,1.0,65,0.5980160000000001,0.0,0.0,60,0.6
strong_market_effective_participation_v1,baseline_2y_1y_5fold,1,2021-04-01,2022-03-31,2021-10-26,SH.000300,2021-10-08,available,300,0.9999979999999999,65,0.5980160000000001,64,0.5920670000000001,0.9900521056292808,20,0.335456,20,0.335456,1.0,65,0.5980160000000001,0.0,0.0,60,0.6
strong_market_effective_participation_v1,baseline_2y_1y_5fold,1,2021-04-01,2022-03-31,2021-10-27,SH.000300,2021-10-08,available,300,0.9999979999999999,65,0.5980160000000001,64,0.5920670000000001,0.9900521056292808,20,0.335456,20,0.335456,1.0,65,0.5980160000000001,0.0,0.0,60,0.6
strong_market_effective_participation_v1,baseline_2y_1y_5fold,1,2021-04-01,2022-03-31,2021-10-28,SH.000300,2021-10-08,available,300,0.9999979999999999,65,0.5980160000000001,64,0.5920670000000001,0.9900521056292808,20,0.335456,20,0.335456,1.0,65,0.5980160000000001,0.0,0.0,60,0.6
strong_market_effective_participation_v1,baseline_2y_1y_5fold,1,2021-04-01,2022-03-31,2021-10-29,SH.000300,2021-10-08,available,300,0.9999979999999999,65,0.5980160000000001,64,0.5920670000000001,0.9900521056292808,20,0.335456,20,0.335456,1.0,65,0.5980160000000001,0.0,0.0,60,0.6
strong_market_effective_participation_v1,baseline_2y_1y_5fold,1,2021-04-01,2022-03-31,2021-11-01,SH.000300,2021-10-29,available,300,1.00007,64,0.5997,63,0.5937499999999999,0.990078372519593,20,0.33807999999999994,20,0.33807999999999994,1.0,64,0.5997,0.0,0.0,60,0.6
strong_market_effective_participation_v1,baseline_2y_1y_5fold,1,2021-04-01,2022-03-31,2021-11-02,SH.000300,2021-11-01,available,300,0.999994,64,0.597917,63,0.591852,0.9898564516479712,20,0.33777500000000005,20,0.33777500000000005,1.0,64,0.597917,0.0,0.0,60,0.6
strong_market_effective_participation_v1,baseline_2y_1y_5fold,1,2021-04-01,2022-03-31,2021-11-03,SH.000300,2021-11-01,available,300,0.999994,64,0.597917,63,0.591852,0.9898564516479712,20,0.33777500000000005,20,0.33777500000000005,1.0,64,0.597917,0.0,0.0,60,0.6
strong_market_effective_participation_v1,baseline_2y_1y_5fold,1,2021-04-01,2022-03-31,2021-11-04,SH.000300,2021-11-01,available,300,0.999994,64,0.597917,63,0.591852,0.9898564516479712,20,0.33777500000000005,20,0.33777500000000005,1.0,64,0.597917,0.0,0.0,60,0.6
strong_market_effective_participation_v1,baseline_2y_1y_5fold,1,2021-04-01,2022-03-31,2021-11-05,SH.000300,2021-11-01,available,300,0.999994,64,0.597917,63,0.591852,0.9898564516479712,20,0.33777500000000005,20,0.33777500000000005,1.0,64,0.597917,0.0,0.0,60,0.6
strong_market_effective_participation_v1,baseline_2y_1y_5fold,1,2021-04-01,2022-03-31,2021-11-08,SH.000300,2021-11-01,available,300,0.999994,64,0.597917,63,0.591852,0.9898564516479712,20,0.33777500000000005,20,0.33777500000000005,1.0,64,0.597917,0.0,0.0,60,0.6
strong_market_effective_participation_v1,baseline_2y_1y_5fold,1,2021-04-01,2022-03-31,2021-11-09,SH.000300,2021-11-01,available,300,0.999994,64,0.597917,63,0.591852,0.9898564516479712,20,0.33777500000000005,20,0.33777500000000005,1.0,64,0.597917,0.0,0.0,60,0.6
strong_market_effective_participation_v1,baseline_2y_1y_5fold,1,2021-04-01,2022-03-31,2021-11-10,SH.000300,2021-11-01,available,300,0.999994,64,0.597917,63,0.591852,0.9898564516479712,20,0.33777500000000005,20,0.33777500000000005,1.0,64,0.597917,0.0,0.0,60,0.6
strong_market_effective_participation_v1,baseline_2y_1y_5fold,1,2021-04-01,2022-03-31,2021-11-11,SH.000300,2021-11-01,available,300,0.999994,64,0.597917,63,0.591852,0.9898564516479712,20,0.33777500000000005,20,0.33777500000000005,1.0,64,0.597917,0.0,0.0,60,0.6
strong_market_effective_participation_v1,baseline_2y_1y_5fold,1,2021-04-01,2022-03-31,2021-11-12,SH.000300,2021-11-01,available,300,0.999994,64,0.597917,63,0.591852,0.9898564516479712,20,0.33777500000000005,20,0.33777500000000005,1.0,64,0.597917,0.0,0.0,60,0.6
strong_market_effective_participation_v1,baseline_2y_1y_5fold,1,2021-04-01,2022-03-31,2021-11-15,SH.000300,2021-11-01,available,300,0.999994,64,0.597917,63,0.591852,0.9898564516479712,20,0.33777500000000005,20,0.33777500000000005,1.0,64,0.597917,0.0,0.0,60,0.6
strong_market_effective_participation_v1,baseline_2y_1y_5fold,1,2021-04-01,2022-03-31,2021-11-16,SH.000300,2021-11-01,available,300,0.999994,64,0.597917,63,0.591852,0.9898564516479712,20,0.33777500000000005,20,0.33777500000000005,1.0,64,0.597917,0.0,0.0,60,0.6
strong_market_effective_participation_v1,baseline_2y_1y_5fold,1,2021-04-01,2022-03-31,2021-11-17,SH.000300,2021-11-01,available,300,0.999994,64,0.597917,63,0.591852,0.9898564516479712,20,0.33777500000000005,20,0.33777500000000005,1.0,64,0.597917,0.0,0.0,60,0.6
strong_market_effective_participation_v1,baseline_2y_1y_5fold,1,2021-04-01,2022-03-31,2021-11-18,SH.000300,2021-11-01,available,300,0.999994,64,0.597917,63,0.591852,0.9898564516479712,20,0.33777500000000005,20,0.33777500000000005,1.0,64,0.597917,0.0,0.0,60,0.6
strong_market_effective_participation_v1,baseline_2y_1y_5fold,1,2021-04-01,2022-03-31,2021-11-19,SH.000300,2021-11-01,available,300,0.999994,64,0.597917,63,0.591852,0.9898564516479712,20,0.33777500000000005,20,0.33777500000000005,1.0,64,0.597917,0.0,0.0,60,0.6
strong_market_effective_participation_v1,baseline_2y_1y_5fold,1,2021-04-01,2022-03-31,2021-11-22,SH.000300,2021-11-01,available,300,0.999994,64,0.597917,63,0.591852,0.9898564516479712,20,0.33777500000000005,20,0.33777500000000005,1.0,64,0.597917,0.0,0.0,60,0.6
strong_market_effective_participation_v1,baseline_2y_1y_5fold,1,2021-04-01,2022-03-31,2021-11-23,SH.000300,2021-11-01,available,300,0.999994,64,0.597917,63,0.591852,0.9898564516479712,20,0.33777500000000005,20,0.33777500000000005,1.0,64,0.597917,0.0,0.0,60,0.6
strong_market_effective_participation_v1,baseline_2y_1y_5fold,1,2021-04-01,2022-03-31,2021-11-24,SH.000300,2021-11-01,available,300,0.999994,64,0.597917,62,0.584707,0.977906632525919,20,0.33777500000000005,20,0.33777500000000005,1.0,63,0.5907720000000001,0.0,0.0,60,0.6
strong_market_effective_participation_v1,baseline_2y_1y_5fold,1,2021-04-01,2022-03-31,2021-11-25,SH.000300,2021-11-01,available,300,0.999994,64,0.597917,62,0.584707,0.977906632525919,20,0.33777500000000005,20,0.33777500000000005,1.0,63,0.5907720000000001,0.0,0.0,60,0.6
strong_market_effective_participation_v1,baseline_2y_1y_5fold,1,2021-04-01,2022-03-31,2021-11-26,SH.000300,2021-11-01,available,300,0.999994,64,0.597917,62,0.584707,0.977906632525919,20,0.33777500000000005,20,0.33777500000000005,1.0,63,0.5907720000000001,0.0,0.0,60,0.6
strong_market_effective_participation_v1,baseline_2y_1y_5fold,1,2021-04-01,2022-03-31,2021-11-29,SH.000300,2021-11-01,available,300,0.999994,64,0.597917,61,0.572539,0.9575559818503236,20,0.33777500000000005,19,0.325607,0.9639760195396342,62,0.578604,0.0,0.0,60,0.6
strong_market_effective_participation_v1,baseline_2y_1y_5fold,1,2021-04-01,2022-03-31,2021-11-30,SH.000300,2021-11-01,available,300,0.999994,64,0.597917,61,0.572539,0.9575559818503236,20,0.33777500000000005,19,0.325607,0.9639760195396342,62,0.578604,0.0,0.0,60,0.6
strong_market_effective_participation_v1,baseline_2y_1y_5fold,1,2021-04-01,2022-03-31,2021-12-01,SH.000300,2021-11-30,available,300,1.00001,64,0.5974300000000001,61,0.5733199999999999,0.959643807642736,20,0.33286999999999994,19,0.3216299999999999,0.9662330639589027,62,0.5790999999999998,0.0,0.0,60,0.6
strong_market_effective_participation_v1,baseline_2y_1y_5fold,1,2021-04-01,2022-03-31,2021-12-02,SH.000300,2021-12-01,available,300,0.999997,64,0.595766,62,0.5787499999999999,0.9714384506668723,20,0.333033,19,0.321825,0.9663456774553874,63,0.5845579999999999,0.0,0.0,60,0.6
strong_market_effective_participation_v1,baseline_2y_1y_5fold,1,2021-04-01,2022-03-31,2021-12-03,SH.000300,2021-12-01,available,300,0.999997,64,0.595766,62,0.5787499999999999,0.9714384506668723,20,0.333033,19,0.321825,0.9663456774553874,63,0.5845579999999999,0.0,0.0,60,0.6
strong_market_effective_participation_v1,baseline_2y_1y_5fold,1,2021-04-01,2022-03-31,2021-12-06,SH.000300,2021-12-01,available,300,0.999997,64,0.595766,62,0.5787499999999999,0.9714384506668723,20,0.333033,19,0.321825,0.9663456774553874,63,0.5845579999999999,0.0,0.0,60,0.6
strong_market_effective_participation_v1,baseline_2y_1y_5fold,1,2021-04-01,2022-03-31,2021-12-07,SH.000300,2021-12-01,available,300,0.999997,64,0.595766,62,0.5787499999999999,0.9714384506668723,20,0.333033,19,0.321825,0.9663456774553874,63,0.5845579999999999,0.0,0.0,60,0.6
strong_market_effective_participation_v1,baseline_2y_1y_5fold,1,2021-04-01,2022-03-31,2021-12-08,SH.000300,2021-12-01,available,300,0.999997,64,0.595766,62,0.5787499999999999,0.9714384506668723,20,0.333033,19,0.321825,0.9663456774553874,63,0.5845579999999999,0.0,0.0,60,0.6
strong_market_effective_participation_v1,baseline_2y_1y_5fold,1,2021-04-01,2022-03-31,2021-12-09,SH.000300,2021-12-01,available,300,0.999997,64,0.595766,62,0.5787499999999999,0.9714384506668723,20,0.333033,19,0.321825,0.9663456774553874,63,0.5845579999999999,0.0,0.0,60,0.6
strong_market_effective_participation_v1,baseline_2y_1y_5fold,1,2021-04-01,2022-03-31,2021-12-10,SH.000300,2021-12-01,available,300,0.999997,64,0.595766,62,0.5787499999999999,0.9714384506668723,20,0.333033,19,0.321825,0.9663456774553874,63,0.5845579999999999,0.0,0.0,60,0.6
strong_market_effective_participation_v1,baseline_2y_1y_5fold,1,2021-04-01,2022-03-31,2021-12-13,SH.000300,2021-12-01,available,300,0.999997,64,0.595766,63,0.589958,0.9902512060104134,20,0.333033,20,0.333033,1.0,64,0.595766,0.0,0.0,60,0.6
strong_market_effective_participation_v1,baseline_2y_1y_5fold,1,2021-04-01,2022-03-31,2021-12-14,SH.000300,2021-12-01,available,300,0.999997,64,0.595766,63,0.589958,0.9902512060104134,20,0.333033,20,0.333033,1.0,64,0.595766,0.0,0.0,60,0.6
strong_market_effective_participation_v1,baseline_2y_1y_5fold,1,2021-04-01,2022-03-31,2021-12-15,SH.000300,2021-12-01,available,300,0.999997,64,0.595766,63,0.589958,0.9902512060104134,20,0.333033,20,0.333033,1.0,64,0.595766,0.0,0.0,60,0.6
strong_market_effective_participation_v1,baseline_2y_1y_5fold,1,2021-04-01,2022-03-31,2021-12-16,SH.000300,2021-12-01,available,300,0.999997,64,0.595766,63,0.589958,0.9902512060104134,20,0.333033,20,0.333033,1.0,64,0.595766,0.0,0.0,60,0.6
strong_market_effective_participation_v1,baseline_2y_1y_5fold,1,2021-04-01,2022-03-31,2021-12-17,SH.000300,2021-12-01,available,300,0.999997,64,0.595766,63,0.589958,0.9902512060104134,20,0.333033,20,0.333033,1.0,64,0.595766,0.0,0.0,60,0.6
strong_market_effective_participation_v1,baseline_2y_1y_5fold,1,2021-04-01,2022-03-31,2021-12-20,SH.000300,2021-12-01,available,300,0.999997,64,0.595766,63,0.589958,0.9902512060104134,20,0.333033,20,0.333033,1.0,64,0.595766,0.0,0.0,60,0.6
strong_market_effective_participation_v1,baseline_2y_1y_5fold,1,2021-04-01,2022-03-31,2021-12-21,SH.000300,2021-12-01,available,300,0.999997,64,0.595766,63,0.589958,0.9902512060104134,20,0.333033,20,0.333033,1.0,64,0.595766,0.0,0.0,60,0.6
strong_market_effective_participation_v1,baseline_2y_1y_5fold,1,2021-04-01,2022-03-31,2021-12-22,SH.000300,2021-12-01,available,300,0.999997,64,0.595766,63,0.589958,0.9902512060104134,20,0.333033,20,0.333033,1.0,64,0.595766,0.0,0.0,60,0.6
strong_market_effective_participation_v1,baseline_2y_1y_5fold,1,2021-04-01,2022-03-31,2021-12-23,SH.000300,2021-12-01,available,300,0.999997,64,0.595766,63,0.589958,0.9902512060104134,20,0.333033,20,0.333033,1.0,64,0.595766,0.0,0.0,60,0.6
strong_market_effective_participation_v1,baseline_2y_1y_5fold,1,2021-04-01,2022-03-31,2021-12-24,SH.000300,2021-12-01,available,300,0.999997,64,0.595766,63,0.589958,0.9902512060104134,20,0.333033,20,0.333033,1.0,64,0.595766,0.0,0.0,60,0.6
strong_market_effective_participation_v1,baseline_2y_1y_5fold,1,2021-04-01,2022-03-31,2021-12-27,SH.000300,2021-12-01,available,300,0.999997,64,0.595766,63,0.589958,0.9902512060104134,20,0.333033,20,0.333033,1.0,64,0.595766,0.0,0.0,60,0.6
strong_market_effective_participation_v1,baseline_2y_1y_5fold,1,2021-04-01,2022-03-31,2021-12-28,SH.000300,2021-12-01,available,300,0.999997,64,0.595766,63,0.589958,0.9902512060104134,20,0.333033,20,0.333033,1.0,64,0.595766,0.0,0.0,60,0.6
strong_market_effective_participation_v1,baseline_2y_1y_5fold,1,2021-04-01,2022-03-31,2021-12-29,SH.000300,2021-12-01,available,300,0.999997,64,0.595766,63,0.589958,0.9902512060104134,20,0.333033,20,0.333033,1.0,64,0.595766,0.0,0.0,60,0.6
strong_market_effective_participation_v1,baseline_2y_1y_5fold,1,2021-04-01,2022-03-31,2021-12-30,SH.000300,2021-12-01,available,300,0.999997,64,0.595766,63,0.589958,0.9902512060104134,20,0.333033,20,0.333033,1.0,64,0.595766,0.0,0.0,60,0.6
strong_market_effective_participation_v1,baseline_2y_1y_5fold,1,2021-04-01,2022-03-31,2021-12-31,SH.000300,2021-12-01,available,300,0.999997,64,0.595766,63,0.589958,0.9902512060104134,20,0.333033,20,0.333033,1.0,64,0.595766,0.0,0.0,60,0.6
strong_market_effective_participation_v1,baseline_2y_1y_5fold,1,2021-04-01,2022-03-31,2022-01-04,SH.000300,2021-12-31,available,300,0.9998800000000001,67,0.5971500000000001,66,0.59181,0.9910575232353678,20,0.33770000000000006,20,0.33770000000000006,1.0,67,0.5971500000000001,0.0,0.0,60,0.6
strong_market_effective_participation_v1,baseline_2y_1y_5fold,1,2021-04-01,2022-03-31,2022-01-05,SH.000300,2022-01-04,available,300,1.000005,67,0.5966620000000001,66,0.59127,0.9909630578116251,20,0.33671599999999996,20,0.33671599999999996,1.0,67,0.5966620000000001,0.0,0.0,60,0.6
strong_market_effective_participation_v1,baseline_2y_1y_5fold,1,2021-04-01,2022-03-31,2022-01-06,SH.000300,2022-01-04,available,300,1.000005,67,0.5966620000000001,66,0.59127,0.9909630578116251,20,0.33671599999999996,20,0.33671599999999996,1.0,67,0.5966620000000001,0.0,0.0,60,0.6
strong_market_effective_participation_v1,baseline_2y_1y_5fold,1,2021-04-01,2022-03-31,2022-01-07,SH.000300,2022-01-04,available,300,1.000005,67,0.5966620000000001,66,0.59127,0.9909630578116251,20,0.33671599999999996,20,0.33671599999999996,1.0,67,0.5966620000000001,0.0,0.0,60,0.6
strong_market_effective_participation_v1,baseline_2y_1y_5fold,1,2021-04-01,2022-03-31,2022-01-10,SH.000300,2022-01-04,available,300,1.000005,67,0.5966620000000001,66,0.59127,0.9909630578116251,20,0.33671599999999996,20,0.33671599999999996,1.0,67,0.5966620000000001,0.0,0.0,60,0.6
strong_market_effective_participation_v1,baseline_2y_1y_5fold,1,2021-04-01,2022-03-31,2022-01-11,SH.000300,2022-01-04,available,300,1.000005,67,0.5966620000000001,66,0.59127,0.9909630578116251,20,0.33671599999999996,20,0.33671599999999996,1.0,67,0.5966620000000001,0.0,0.0,60,0.6
strong_market_effective_participation_v1,baseline_2y_1y_5fold,1,2021-04-01,2022-03-31,2022-01-12,SH.000300,2022-01-04,available,300,1.000005,67,0.5966620000000001,66,0.59127,0.9909630578116251,20,0.33671599999999996,20,0.33671599999999996,1.0,67,0.5966620000000001,0.0,0.0,60,0.6
strong_market_effective_participation_v1,baseline_2y_1y_5fold,1,2021-04-01,2022-03-31,2022-01-13,SH.000300,2022-01-04,available,300,1.000005,67,0.5966620000000001,66,0.59127,0.9909630578116251,20,0.33671599999999996,20,0.33671599999999996,1.0,67,0.5966620000000001,0.0,0.0,60,0.6
strong_market_effective_participation_v1,baseline_2y_1y_5fold,1,2021-04-01,2022-03-31,2022-01-14,SH.000300,2022-01-04,available,300,1.000005,67,0.5966620000000001,66,0.59127,0.9909630578116251,20,0.33671599999999996,20,0.33671599999999996,1.0,67,0.5966620000000001,0.0,0.0,60,0.6
strong_market_effective_participation_v1,baseline_2y_1y_5fold,1,2021-04-01,2022-03-31,2022-01-17,SH.000300,2022-01-04,available,300,1.000005,67,0.5966620000000001,66,0.59127,0.9909630578116251,20,0.33671599999999996,20,0.33671599999999996,1.0,67,0.5966620000000001,0.0,0.0,60,0.6
strong_market_effective_participation_v1,baseline_2y_1y_5fold,1,2021-04-01,2022-03-31,2022-01-18,SH.000300,2022-01-04,available,300,1.000005,67,0.5966620000000001,66,0.59127,0.9909630578116251,20,0.33671599999999996,20,0.33671599999999996,1.0,67,0.5966620000000001,0.0,0.0,60,0.6
strong_market_effective_participation_v1,baseline_2y_1y_5fold,1,2021-04-01,2022-03-31,2022-01-19,SH.000300,2022-01-04,available,300,1.000005,67,0.5966620000000001,65,0.581068,0.9738646000583243,20,0.33671599999999996,19,0.326514,0.9697014694876396,66,0.58646,0.0,0.0,60,0.6
strong_market_effective_participation_v1,baseline_2y_1y_5fold,1,2021-04-01,2022-03-31,2022-01-20,SH.000300,2022-01-04,available,300,1.000005,67,0.5966620000000001,65,0.581068,0.9738646000583243,20,0.33671599999999996,19,0.326514,0.9697014694876396,66,0.58646,0.0,0.0,60,0.6
strong_market_effective_participation_v1,baseline_2y_1y_5fold,1,2021-04-01,2022-03-31,2022-01-21,SH.000300,2022-01-04,available,300,1.000005,67,0.5966620000000001,65,0.581068,0.9738646000583243,20,0.33671599999999996,19,0.326514,0.9697014694876396,66,0.58646,0.0,0.0,60,0.6
strong_market_effective_participation_v1,baseline_2y_1y_5fold,1,2021-04-01,2022-03-31,2022-01-24,SH.000300,2022-01-04,available,300,1.000005,67,0.5966620000000001,65,0.581068,0.9738646000583243,20,0.33671599999999996,19,0.326514,0.9697014694876396,66,0.58646,0.0,0.0,60,0.6
strong_market_effective_participation_v1,baseline_2y_1y_5fold,1,2021-04-01,2022-03-31,2022-01-25,SH.000300,2022-01-04,available,300,1.000005,67,0.5966620000000001,65,0.581068,0.9738646000583243,20,0.33671599999999996,19,0.326514,0.9697014694876396,66,0.58646,0.0,0.0,60,0.6
strong_market_effective_participation_v1,baseline_2y_1y_5fold,1,2021-04-01,2022-03-31,2022-01-26,SH.000300,2022-01-04,available,300,1.000005,67,0.5966620000000001,65,0.581068,0.9738646000583243,20,0.33671599999999996,19,0.326514,0.9697014694876396,66,0.58646,0.0,0.0,60,0.6
strong_market_effective_participation_v1,baseline_2y_1y_5fold,1,2021-04-01,2022-03-31,2022-01-27,SH.000300,2022-01-04,available,300,1.000005,67,0.5966620000000001,66,0.59127,0.9909630578116251,20,0.33671599999999996,20,0.33671599999999996,1.0,67,0.5966620000000001,0.0,0.0,60,0.6
strong_market_effective_participation_v1,baseline_2y_1y_5fold,1,2021-04-01,2022-03-31,2022-01-28,SH.000300,2022-01-04,available,300,1.000005,67,0.5966620000000001,66,0.59127,0.9909630578116251,20,0.33671599999999996,20,0.33671599999999996,1.0,67,0.5966620000000001,0.0,0.0,60,0.6
strong_market_effective_participation_v1,baseline_2y_1y_5fold,1,2021-04-01,2022-03-31,2022-02-07,SH.000300,2022-01-28,available,300,1.00007,66,0.59924,65,0.59383,0.9909718977371337,20,0.34425000000000006,20,0.34425000000000006,1.0,66,0.59924,0.0,0.0,60,0.6
strong_market_effective_participation_v1,baseline_2y_1y_5fold,1,2021-04-01,2022-03-31,2022-02-08,SH.000300,2022-02-07,available,300,0.999994,66,0.597993,65,0.592616,0.9910082559494844,20,0.34320100000000003,20,0.34320100000000003,1.0,66,0.597993,0.0,0.0,60,0.6
strong_market_effective_participation_v1,baseline_2y_1y_5fold,1,2021-04-01,2022-03-31,2022-02-09,SH.000300,2022-02-07,available,300,0.999994,66,0.597993,65,0.592616,0.9910082559494844,20,0.34320100000000003,20,0.34320100000000003,1.0,66,0.597993,0.0,0.0,60,0.6
strong_market_effective_participation_v1,baseline_2y_1y_5fold,1,2021-04-01,2022-03-31,2022-02-10,SH.000300,2022-02-07,available,300,0.999994,66,0.597993,65,0.592616,0.9910082559494844,20,0.34320100000000003,20,0.34320100000000003,1.0,66,0.597993,0.0,0.0,60,0.6
strong_market_effective_participation_v1,baseline_2y_1y_5fold,1,2021-04-01,2022-03-31,2022-02-11,SH.000300,2022-02-07,available,300,0.999994,66,0.597993,65,0.592616,0.9910082559494844,20,0.34320100000000003,20,0.34320100000000003,1.0,66,0.597993,0.0,0.0,60,0.6
strong_market_effective_participation_v1,baseline_2y_1y_5fold,1,2021-04-01,2022-03-31,2022-02-14,SH.000300,2022-02-07,available,300,0.999994,66,0.597993,65,0.592616,0.9910082559494844,20,0.34320100000000003,20,0.34320100000000003,1.0,66,0.597993,0.0,0.0,60,0.6
strong_market_effective_participation_v1,baseline_2y_1y_5fold,1,2021-04-01,2022-03-31,2022-02-15,SH.000300,2022-02-07,available,300,0.999994,66,0.597993,65,0.592616,0.9910082559494844,20,0.34320100000000003,20,0.34320100000000003,1.0,66,0.597993,0.0,0.0,60,0.6
strong_market_effective_participation_v1,baseline_2y_1y_5fold,1,2021-04-01,2022-03-31,2022-02-16,SH.000300,2022-02-07,available,300,0.999994,66,0.597993,65,0.592616,0.9910082559494844,20,0.34320100000000003,20,0.34320100000000003,1.0,66,0.597993,0.0,0.0,60,0.6
strong_market_effective_participation_v1,baseline_2y_1y_5fold,1,2021-04-01,2022-03-31,2022-02-17,SH.000300,2022-02-07,available,300,0.999994,66,0.597993,65,0.592616,0.9910082559494844,20,0.34320100000000003,20,0.34320100000000003,1.0,66,0.597993,0.0,0.0,60,0.6
strong_market_effective_participation_v1,baseline_2y_1y_5fold,1,2021-04-01,2022-03-31,2022-02-18,SH.000300,2022-02-07,available,300,0.999994,66,0.597993,65,0.592616,0.9910082559494844,20,0.34320100000000003,20,0.34320100000000003,1.0,66,0.597993,0.0,0.0,60,0.6
strong_market_effective_participation_v1,baseline_2y_1y_5fold,1,2021-04-01,2022-03-31,2022-02-21,SH.000300,2022-02-07,available,300,0.999994,66,0.597993,65,0.592616,0.9910082559494844,20,0.34320100000000003,20,0.34320100000000003,1.0,66,0.597993,0.0,0.0,60,0.6
strong_market_effective_participation_v1,baseline_2y_1y_5fold,1,2021-04-01,2022-03-31,2022-02-22,SH.000300,2022-02-07,available,300,0.999994,66,0.597993,65,0.592616,0.9910082559494844,20,0.34320100000000003,20,0.34320100000000003,1.0,66,0.597993,0.0,0.0,60,0.6
strong_market_effective_participation_v1,baseline_2y_1y_5fold,1,2021-04-01,2022-03-31,2022-02-23,SH.000300,2022-02-07,available,300,0.999994,66,0.597993,65,0.592616,0.9910082559494844,20,0.34320100000000003,20,0.34320100000000003,1.0,66,0.597993,0.0,0.0,60,0.6
strong_market_effective_participation_v1,baseline_2y_1y_5fold,1,2021-04-01,2022-03-31,2022-02-24,SH.000300,2022-02-07,available,300,0.999994,66,0.597993,65,0.592616,0.9910082559494844,20,0.34320100000000003,20,0.34320100000000003,1.0,66,0.597993,0.0,0.0,60,0.6
strong_market_effective_participation_v1,baseline_2y_1y_5fold,1,2021-04-01,2022-03-31,2022-02-25,SH.000300,2022-02-07,available,300,0.999994,66,0.597993,65,0.592616,0.9910082559494844,20,0.34320100000000003,20,0.34320100000000003,1.0,66,0.597993,0.0,0.0,60,0.6
strong_market_effective_participation_v1,baseline_2y_1y_5fold,1,2021-04-01,2022-03-31,2022-02-28,SH.000300,2022-02-07,available,300,0.999994,66,0.597993,65,0.592616,0.9910082559494844,20,0.34320100000000003,20,0.34320100000000003,1.0,66,0.597993,0.0,0.0,60,0.6
strong_market_effective_participation_v1,baseline_2y_1y_5fold,1,2021-04-01,2022-03-31,2022-03-01,SH.000300,2022-02-28,available,300,0.99995,66,0.5965300000000001,65,0.59126,0.9911655742376744,20,0.33489,20,0.33489,1.0,66,0.5965300000000001,0.0,0.0,60,0.6
strong_market_effective_participation_v1,baseline_2y_1y_5fold,1,2021-04-01,2022-03-31,2022-03-02,SH.000300,2022-03-01,available,300,1.000005,66,0.5971120000000001,65,0.591877,0.991232800546631,20,0.33710200000000007,20,0.33710200000000007,1.0,66,0.5971120000000001,0.0,0.0,60,0.6
strong_market_effective_participation_v1,baseline_2y_1y_5fold,1,2021-04-01,2022-03-31,2022-03-03,SH.000300,2022-03-01,available,300,1.000005,66,0.5971120000000001,65,0.591877,0.991232800546631,20,0.33710200000000007,20,0.33710200000000007,1.0,66,0.5971120000000001,0.0,0.0,60,0.6
strong_market_effective_participation_v1,baseline_2y_1y_5fold,1,2021-04-01,2022-03-31,2022-03-04,SH.000300,2022-03-01,available,300,1.000005,66,0.5971120000000001,65,0.591877,0.991232800546631,20,0.33710200000000007,20,0.33710200000000007,1.0,66,0.5971120000000001,0.0,0.0,60,0.6
strong_market_effective_participation_v1,baseline_2y_1y_5fold,1,2021-04-01,2022-03-31,2022-03-07,SH.000300,2022-03-01,available,300,1.000005,66,0.5971120000000001,65,0.591877,0.991232800546631,20,0.33710200000000007,20,0.33710200000000007,1.0,66,0.5971120000000001,0.0,0.0,60,0.6
strong_market_effective_participation_v1,baseline_2y_1y_5fold,1,2021-04-01,2022-03-31,2022-03-08,SH.000300,2022-03-01,available,300,1.000005,66,0.5971120000000001,65,0.591877,0.991232800546631,20,0.33710200000000007,20,0.33710200000000007,1.0,66,0.5971120000000001,0.0,0.0,60,0.6
strong_market_effective_participation_v1,baseline_2y_1y_5fold,1,2021-04-01,2022-03-31,2022-03-09,SH.000300,2022-03-01,available,300,1.000005,66,0.5971120000000001,65,0.591877,0.991232800546631,20,0.33710200000000007,20,0.33710200000000007,1.0,66,0.5971120000000001,0.0,0.0,60,0.6
strong_market_effective_participation_v1,baseline_2y_1y_5fold,1,2021-04-01,2022-03-31,2022-03-10,SH.000300,2022-03-01,available,300,1.000005,66,0.5971120000000001,65,0.591877,0.991232800546631,20,0.33710200000000007,20,0.33710200000000007,1.0,66,0.5971120000000001,0.0,0.0,60,0.6
strong_market_effective_participation_v1,baseline_2y_1y_5fold,1,2021-04-01,2022-03-31,2022-03-11,SH.000300,2022-03-01,available,300,1.000005,66,0.5971120000000001,65,0.591877,0.991232800546631,20,0.33710200000000007,20,0.33710200000000007,1.0,66,0.5971120000000001,0.0,0.0,60,0.6
strong_market_effective_participation_v1,baseline_2y_1y_5fold,1,2021-04-01,2022-03-31,2022-03-14,SH.000300,2022-03-01,available,300,1.000005,66,0.5971120000000001,65,0.591877,0.991232800546631,20,0.33710200000000007,20,0.33710200000000007,1.0,66,0.5971120000000001,0.0,0.0,60,0.6
strong_market_effective_participation_v1,baseline_2y_1y_5fold,1,2021-04-01,2022-03-31,2022-03-15,SH.000300,2022-03-01,available,300,1.000005,66,0.5971120000000001,65,0.591877,0.991232800546631,20,0.33710200000000007,20,0.33710200000000007,1.0,66,0.5971120000000001,0.0,0.0,60,0.6
strong_market_effective_participation_v1,baseline_2y_1y_5fold,1,2021-04-01,2022-03-31,2022-03-16,SH.000300,2022-03-01,available,300,1.000005,66,0.5971120000000001,65,0.591877,0.991232800546631,20,0.33710200000000007,20,0.33710200000000007,1.0,66,0.5971120000000001,0.0,0.0,60,0.6
strong_market_effective_participation_v1,baseline_2y_1y_5fold,1,2021-04-01,2022-03-31,2022-03-17,SH.000300,2022-03-01,available,300,1.000005,66,0.5971120000000001,65,0.591877,0.991232800546631,20,0.33710200000000007,20,0.33710200000000007,1.0,66,0.5971120000000001,0.0,0.0,60,0.6
strong_market_effective_participation_v1,baseline_2y_1y_5fold,1,2021-04-01,2022-03-31,2022-03-18,SH.000300,2022-03-01,available,300,1.000005,66,0.5971120000000001,65,0.591877,0.991232800546631,20,0.33710200000000007,20,0.33710200000000007,1.0,66,0.5971120000000001,0.0,0.0,60,0.6
strong_market_effective_participation_v1,baseline_2y_1y_5fold,1,2021-04-01,2022-03-31,2022-03-21,SH.000300,2022-03-01,available,300,1.000005,66,0.5971120000000001,65,0.591877,0.991232800546631,20,0.33710200000000007,20,0.33710200000000007,1.0,66,0.5971120000000001,0.0,0.0,60,0.6
strong_market_effective_participation_v1,baseline_2y_1y_5fold,1,2021-04-01,2022-03-31,2022-03-22,SH.000300,2022-03-01,available,300,1.000005,66,0.5971120000000001,65,0.591877,0.991232800546631,20,0.33710200000000007,20,0.33710200000000007,1.0,66,0.5971120000000001,0.0,0.0,60,0.6
strong_market_effective_participation_v1,baseline_2y_1y_5fold,1,2021-04-01,2022-03-31,2022-03-23,SH.000300,2022-03-01,available,300,1.000005,66,0.5971120000000001,65,0.591877,0.991232800546631,20,0.33710200000000007,20,0.33710200000000007,1.0,66,0.5971120000000001,0.0,0.0,60,0.6
strong_market_effective_participation_v1,baseline_2y_1y_5fold,1,2021-04-01,2022-03-31,2022-03-24,SH.000300,2022-03-01,available,300,1.000005,66,0.5971120000000001,65,0.591877,0.991232800546631,20,0.33710200000000007,20,0.33710200000000007,1.0,66,0.5971120000000001,0.0,0.0,60,0.6
strong_market_effective_participation_v1,baseline_2y_1y_5fold,1,2021-04-01,2022-03-31,2022-03-25,SH.000300,2022-03-01,available,300,1.000005,66,0.5971120000000001,65,0.591877,0.991232800546631,20,0.33710200000000007,20,0.33710200000000007,1.0,66,0.5971120000000001,0.0,0.0,60,0.6
strong_market_effective_participation_v1,baseline_2y_1y_5fold,1,2021-04-01,2022-03-31,2022-03-28,SH.000300,2022-03-01,available,300,1.000005,66,0.5971120000000001,65,0.591877,0.991232800546631,20,0.33710200000000007,20,0.33710200000000007,1.0,66,0.5971120000000001,0.0,0.0,60,0.6
strong_market_effective_participation_v1,baseline_2y_1y_5fold,1,2021-04-01,2022-03-31,2022-03-29,SH.000300,2022-03-01,available,300,1.000005,66,0.5971120000000001,65,0.591877,0.991232800546631,20,0.33710200000000007,20,0.33710200000000007,1.0,66,0.5971120000000001,0.0,0.0,60,0.6
strong_market_effective_participation_v1,baseline_2y_1y_5fold,1,2021-04-01,2022-03-31,2022-03-30,SH.000300,2022-03-01,available,300,1.000005,66,0.5971120000000001,65,0.591877,0.991232800546631,20,0.33710200000000007,20,0.33710200000000007,1.0,66,0.5971120000000001,0.0,0.0,60,0.6
strong_market_effective_participation_v1,baseline_2y_1y_5fold,1,2021-04-01,2022-03-31,2022-03-31,SH.000300,2022-03-01,available,300,1.000005,66,0.5971120000000001,65,0.591877,0.991232800546631,20,0.33710200000000007,20,0.33710200000000007,1.0,66,0.5971120000000001,0.0,0.0,60,0.6
strong_market_effective_participation_v1,baseline_2y_1y_5fold,2,2022-04-01,2023-03-31,2022-04-01,SH.000300,2022-03-31,available,300,1.0,66,0.59763,65,0.5924,0.9912487659588709,20,0.33665999999999996,20,0.33665999999999996,1.0,66,0.59763,0.0,0.0,60,0.6
strong_market_effective_participation_v1,baseline_2y_1y_5fold,2,2022-04-01,2023-03-31,2022-04-06,SH.000300,2022-04-01,available,300,0.999998,66,0.5993280000000001,65,0.594155,0.9913686662395215,20,0.338226,20,0.338226,1.0,66,0.5993280000000001,0.0,0.0,60,0.6
strong_market_effective_participation_v1,baseline_2y_1y_5fold,2,2022-04-01,2023-03-31,2022-04-07,SH.000300,2022-04-01,available,300,0.999998,66,0.5993280000000001,65,0.594155,0.9913686662395215,20,0.338226,20,0.338226,1.0,66,0.5993280000000001,0.0,0.0,60,0.6
strong_market_effective_participation_v1,baseline_2y_1y_5fold,2,2022-04-01,2023-03-31,2022-04-08,SH.000300,2022-04-01,available,300,0.999998,66,0.5993280000000001,65,0.594155,0.9913686662395215,20,0.338226,20,0.338226,1.0,66,0.5993280000000001,0.0,0.0,60,0.6
strong_market_effective_participation_v1,baseline_2y_1y_5fold,2,2022-04-01,2023-03-31,2022-04-11,SH.000300,2022-04-01,available,300,0.999998,66,0.5993280000000001,65,0.594155,0.9913686662395215,20,0.338226,20,0.338226,1.0,66,0.5993280000000001,0.0,0.0,60,0.6
strong_market_effective_participation_v1,baseline_2y_1y_5fold,2,2022-04-01,2023-03-31,2022-04-12,SH.000300,2022-04-01,available,300,0.999998,66,0.5993280000000001,65,0.594155,0.9913686662395215,20,0.338226,20,0.338226,1.0,66,0.5993280000000001,0.0,0.0,60,0.6
strong_market_effective_participation_v1,baseline_2y_1y_5fold,2,2022-04-01,2023-03-31,2022-04-13,SH.000300,2022-04-01,available,300,0.999998,66,0.5993280000000001,65,0.594155,0.9913686662395215,20,0.338226,20,0.338226,1.0,66,0.5993280000000001,0.0,0.0,60,0.6
strong_market_effective_participation_v1,baseline_2y_1y_5fold,2,2022-04-01,2023-03-31,2022-04-14,SH.000300,2022-04-01,available,300,0.999998,66,0.5993280000000001,65,0.594155,0.9913686662395215,20,0.338226,20,0.338226,1.0,66,0.5993280000000001,0.0,0.0,60,0.6
strong_market_effective_participation_v1,baseline_2y_1y_5fold,2,2022-04-01,2023-03-31,2022-04-15,SH.000300,2022-04-01,available,300,0.999998,66,0.5993280000000001,65,0.594155,0.9913686662395215,20,0.338226,20,0.338226,1.0,66,0.5993280000000001,0.0,0.0,60,0.6
strong_market_effective_participation_v1,baseline_2y_1y_5fold,2,2022-04-01,2023-03-31,2022-04-18,SH.000300,2022-04-01,available,300,0.999998,66,0.5993280000000001,65,0.594155,0.9913686662395215,20,0.338226,20,0.338226,1.0,66,0.5993280000000001,0.0,0.0,60,0.6
strong_market_effective_participation_v1,baseline_2y_1y_5fold,2,2022-04-01,2023-03-31,2022-04-19,SH.000300,2022-04-01,available,300,0.999998,66,0.5993280000000001,65,0.594155,0.9913686662395215,20,0.338226,20,0.338226,1.0,66,0.5993280000000001,0.0,0.0,60,0.6
strong_market_effective_participation_v1,baseline_2y_1y_5fold,2,2022-04-01,2023-03-31,2022-04-20,SH.000300,2022-04-01,available,300,0.999998,66,0.5993280000000001,65,0.594155,0.9913686662395215,20,0.338226,20,0.338226,1.0,66,0.5993280000000001,0.0,0.0,60,0.6
strong_market_effective_participation_v1,baseline_2y_1y_5fold,2,2022-04-01,2023-03-31,2022-04-21,SH.000300,2022-04-01,available,300,0.999998,66,0.5993280000000001,65,0.594155,0.9913686662395215,20,0.338226,20,0.338226,1.0,66,0.5993280000000001,0.0,0.0,60,0.6
strong_market_effective_participation_v1,baseline_2y_1y_5fold,2,2022-04-01,2023-03-31,2022-04-22,SH.000300,2022-04-01,available,300,0.999998,66,0.5993280000000001,65,0.594155,0.9913686662395215,20,0.338226,20,0.338226,1.0,66,0.5993280000000001,0.0,0.0,60,0.6
strong_market_effective_participation_v1,baseline_2y_1y_5fold,2,2022-04-01,2023-03-31,2022-04-25,SH.000300,2022-04-01,available,300,0.999998,66,0.5993280000000001,65,0.594155,0.9913686662395215,20,0.338226,20,0.338226,1.0,66,0.5993280000000001,0.0,0.0,60,0.6
strong_market_effective_participation_v1,baseline_2y_1y_5fold,2,2022-04-01,2023-03-31,2022-04-26,SH.000300,2022-04-01,available,300,0.999998,66,0.5993280000000001,65,0.594155,0.9913686662395215,20,0.338226,20,0.338226,1.0,66,0.5993280000000001,0.0,0.0,60,0.6
strong_market_effective_participation_v1,baseline_2y_1y_5fold,2,2022-04-01,2023-03-31,2022-04-27,SH.000300,2022-04-01,available,300,0.999998,66,0.5993280000000001,65,0.594155,0.9913686662395215,20,0.338226,20,0.338226,1.0,66,0.5993280000000001,0.0,0.0,60,0.6
strong_market_effective_participation_v1,baseline_2y_1y_5fold,2,2022-04-01,2023-03-31,2022-04-28,SH.000300,2022-04-01,available,300,0.999998,66,0.5993280000000001,65,0.594155,0.9913686662395215,20,0.338226,20,0.338226,1.0,66,0.5993280000000001,0.0,0.0,60,0.6
strong_market_effective_participation_v1,baseline_2y_1y_5fold,2,2022-04-01,2023-03-31,2022-04-29,SH.000300,2022-04-01,available,300,0.999998,66,0.5993280000000001,65,0.594155,0.9913686662395215,20,0.338226,20,0.338226,1.0,66,0.5993280000000001,0.0,0.0,60,0.6
strong_market_effective_participation_v1,baseline_2y_1y_5fold,2,2022-04-01,2023-03-31,2022-05-05,SH.000300,2022-04-29,available,300,0.9999800000000001,64,0.5986199999999999,63,0.59379,0.99193144231733,20,0.3433399999999999,20,0.3433399999999999,1.0,64,0.5986199999999999,0.0,0.0,60,0.6
strong_market_effective_participation_v1,baseline_2y_1y_5fold,2,2022-04-01,2023-03-31,2022-05-06,SH.000300,2022-05-05,available,300,1.000005,64,0.596211,63,0.5914189999999999,0.9919625770071332,20,0.340622,20,0.340622,1.0,64,0.596211,0.0,0.0,60,0.6
strong_market_effective_participation_v1,baseline_2y_1y_5fold,2,2022-04-01,2023-03-31,2022-05-09,SH.000300,2022-05-05,available,300,1.000005,64,0.596211,63,0.5914189999999999,0.9919625770071332,20,0.340622,20,0.340622,1.0,64,0.596211,0.0,0.0,60,0.6
strong_market_effective_participation_v1,baseline_2y_1y_5fold,2,2022-04-01,2023-03-31,2022-05-10,SH.000300,2022-05-05,available,300,1.000005,64,0.596211,63,0.5914189999999999,0.9919625770071332,20,0.340622,20,0.340622,1.0,64,0.596211,0.0,0.0,60,0.6
strong_market_effective_participation_v1,baseline_2y_1y_5fold,2,2022-04-01,2023-03-31,2022-05-11,SH.000300,2022-05-05,available,300,1.000005,64,0.596211,63,0.5914189999999999,0.9919625770071332,20,0.340622,20,0.340622,1.0,64,0.596211,0.0,0.0,60,0.6
strong_market_effective_participation_v1,baseline_2y_1y_5fold,2,2022-04-01,2023-03-31,2022-05-12,SH.000300,2022-05-05,available,300,1.000005,64,0.596211,63,0.5914189999999999,0.9919625770071332,20,0.340622,20,0.340622,1.0,64,0.596211,0.0,0.0,60,0.6
strong_market_effective_participation_v1,baseline_2y_1y_5fold,2,2022-04-01,2023-03-31,2022-05-13,SH.000300,2022-05-05,available,300,1.000005,64,0.596211,63,0.5914189999999999,0.9919625770071332,20,0.340622,20,0.340622,1.0,64,0.596211,0.0,0.0,60,0.6
strong_market_effective_participation_v1,baseline_2y_1y_5fold,2,2022-04-01,2023-03-31,2022-05-16,SH.000300,2022-05-05,available,300,1.000005,64,0.596211,63,0.5914189999999999,0.9919625770071332,20,0.340622,20,0.340622,1.0,64,0.596211,0.0,0.0,60,0.6
strong_market_effective_participation_v1,baseline_2y_1y_5fold,2,2022-04-01,2023-03-31,2022-05-17,SH.000300,2022-05-05,available,300,1.000005,64,0.596211,63,0.5914189999999999,0.9919625770071332,20,0.340622,20,0.340622,1.0,64,0.596211,0.0,0.0,60,0.6
strong_market_effective_participation_v1,baseline_2y_1y_5fold,2,2022-04-01,2023-03-31,2022-05-18,SH.000300,2022-05-05,available,300,1.000005,64,0.596211,63,0.5914189999999999,0.9919625770071332,20,0.340622,20,0.340622,1.0,64,0.596211,0.0,0.0,60,0.6
strong_market_effective_participation_v1,baseline_2y_1y_5fold,2,2022-04-01,2023-03-31,2022-05-19,SH.000300,2022-05-05,available,300,1.000005,64,0.596211,63,0.5914189999999999,0.9919625770071332,20,0.340622,20,0.340622,1.0,64,0.596211,0.0,0.0,60,0.6
strong_market_effective_participation_v1,baseline_2y_1y_5fold,2,2022-04-01,2023-03-31,2022-05-20,SH.000300,2022-05-05,available,300,1.000005,64,0.596211,63,0.5914189999999999,0.9919625770071332,20,0.340622,20,0.340622,1.0,64,0.596211,0.0,0.0,60,0.6
strong_market_effective_participation_v1,baseline_2y_1y_5fold,2,2022-04-01,2023-03-31,2022-05-23,SH.000300,2022-05-05,available,300,1.000005,64,0.596211,63,0.5914189999999999,0.9919625770071332,20,0.340622,20,0.340622,1.0,64,0.596211,0.0,0.0,60,0.6
strong_market_effective_participation_v1,baseline_2y_1y_5fold,2,2022-04-01,2023-03-31,2022-05-24,SH.000300,2022-05-05,available,300,1.000005,64,0.596211,63,0.5914189999999999,0.9919625770071332,20,0.340622,20,0.340622,1.0,64,0.596211,0.0,0.0,60,0.6
strong_market_effective_participation_v1,baseline_2y_1y_5fold,2,2022-04-01,2023-03-31,2022-05-25,SH.000300,2022-05-05,available,300,1.000005,64,0.596211,63,0.5914189999999999,0.9919625770071332,20,0.340622,20,0.340622,1.0,64,0.596211,0.0,0.0,60,0.6
strong_market_effective_participation_v1,baseline_2y_1y_5fold,2,2022-04-01,2023-03-31,2022-05-26,SH.000300,2022-05-05,available,300,1.000005,64,0.596211,63,0.5914189999999999,0.9919625770071332,20,0.340622,20,0.340622,1.0,64,0.596211,0.0,0.0,60,0.6
strong_market_effective_participation_v1,baseline_2y_1y_5fold,2,2022-04-01,2023-03-31,2022-05-27,SH.000300,2022-05-05,available,300,1.000005,64,0.596211,63,0.5914189999999999,0.9919625770071332,20,0.340622,20,0.340622,1.0,64,0.596211,0.0,0.0,60,0.6
strong_market_effective_participation_v1,baseline_2y_1y_5fold,2,2022-04-01,2023-03-31,2022-05-30,SH.000300,2022-05-05,available,300,1.000005,64,0.596211,63,0.5914189999999999,0.9919625770071332,20,0.340622,20,0.340622,1.0,64,0.596211,0.0,0.0,60,0.6
strong_market_effective_participation_v1,baseline_2y_1y_5fold,2,2022-04-01,2023-03-31,2022-05-31,SH.000300,2022-05-05,available,300,1.000005,64,0.596211,63,0.5914189999999999,0.9919625770071332,20,0.340622,20,0.340622,1.0,64,0.596211,0.0,0.0,60,0.6
strong_market_effective_participation_v1,baseline_2y_1y_5fold,2,2022-04-01,2023-03-31,2022-06-01,SH.000300,2022-05-31,available,300,0.9999399999999999,65,0.59609,64,0.59131,0.9919810766830512,20,0.33810999999999997,20,0.33810999999999997,1.0,65,0.59609,0.0,0.0,60,0.6
strong_market_effective_participation_v1,baseline_2y_1y_5fold,2,2022-04-01,2023-03-31,2022-06-02,SH.000300,2022-06-01,available,300,0.9999989999999999,65,0.596509,64,0.59174,0.9920051499642085,20,0.3384290000000001,20,0.3384290000000001,1.0,65,0.596509,0.0,0.0,60,0.6
strong_market_effective_participation_v1,baseline_2y_1y_5fold,2,2022-04-01,2023-03-31,2022-06-06,SH.000300,2022-06-01,available,300,0.9999989999999999,65,0.596509,64,0.59174,0.9920051499642085,20,0.3384290000000001,20,0.3384290000000001,1.0,65,0.596509,0.0,0.0,60,0.6
strong_market_effective_participation_v1,baseline_2y_1y_5fold,2,2022-04-01,2023-03-31,2022-06-07,SH.000300,2022-06-01,available,300,0.9999989999999999,65,0.596509,64,0.59174,0.9920051499642085,20,0.3384290000000001,20,0.3384290000000001,1.0,65,0.596509,0.0,0.0,60,0.6
strong_market_effective_participation_v1,baseline_2y_1y_5fold,2,2022-04-01,2023-03-31,2022-06-08,SH.000300,2022-06-01,available,300,0.9999989999999999,65,0.596509,64,0.59174,0.9920051499642085,20,0.3384290000000001,20,0.3384290000000001,1.0,65,0.596509,0.0,0.0,60,0.6
strong_market_effective_participation_v1,baseline_2y_1y_5fold,2,2022-04-01,2023-03-31,2022-06-09,SH.000300,2022-06-01,available,300,0.9999989999999999,65,0.596509,64,0.59174,0.9920051499642085,20,0.3384290000000001,20,0.3384290000000001,1.0,65,0.596509,0.0,0.0,60,0.6
strong_market_effective_participation_v1,baseline_2y_1y_5fold,2,2022-04-01,2023-03-31,2022-06-10,SH.000300,2022-06-01,available,300,0.9999989999999999,65,0.596509,64,0.59174,0.9920051499642085,20,0.3384290000000001,20,0.3384290000000001,1.0,65,0.596509,0.0,0.0,60,0.6
strong_market_effective_participation_v1,baseline_2y_1y_5fold,2,2022-04-01,2023-03-31,2022-06-13,SH.000300,2022-06-01,available,300,0.9999989999999999,65,0.596509,64,0.59174,0.9920051499642085,20,0.3384290000000001,20,0.3384290000000001,1.0,65,0.596509,0.0,0.0,60,0.6
strong_market_effective_participation_v1,baseline_2y_1y_5fold,2,2022-04-01,2023-03-31,2022-06-14,SH.000300,2022-06-01,available,300,0.9999989999999999,65,0.596509,64,0.59174,0.9920051499642085,20,0.3384290000000001,20,0.3384290000000001,1.0,65,0.596509,0.0,0.0,60,0.6
strong_market_effective_participation_v1,baseline_2y_1y_5fold,2,2022-04-01,2023-03-31,2022-06-15,SH.000300,2022-06-01,available,300,0.9999989999999999,65,0.596509,64,0.59174,0.9920051499642085,20,0.3384290000000001,20,0.3384290000000001,1.0,65,0.596509,0.0,0.0,60,0.6
strong_market_effective_participation_v1,baseline_2y_1y_5fold,2,2022-04-01,2023-03-31,2022-06-16,SH.000300,2022-06-01,available,300,0.9999989999999999,65,0.596509,64,0.59174,0.9920051499642085,20,0.3384290000000001,20,0.3384290000000001,1.0,65,0.596509,0.0,0.0,60,0.6
strong_market_effective_participation_v1,baseline_2y_1y_5fold,2,2022-04-01,2023-03-31,2022-06-17,SH.000300,2022-06-01,available,300,0.9999989999999999,65,0.596509,64,0.59174,0.9920051499642085,20,0.3384290000000001,20,0.3384290000000001,1.0,65,0.596509,0.0,0.0,60,0.6
strong_market_effective_participation_v1,baseline_2y_1y_5fold,2,2022-04-01,2023-03-31,2022-06-20,SH.000300,2022-06-01,available,300,0.9999989999999999,65,0.596509,64,0.59174,0.9920051499642085,20,0.3384290000000001,20,0.3384290000000001,1.0,65,0.596509,0.0,0.0,60,0.6
strong_market_effective_participation_v1,baseline_2y_1y_5fold,2,2022-04-01,2023-03-31,2022-06-21,SH.000300,2022-06-01,available,300,0.9999989999999999,65,0.596509,64,0.59174,0.9920051499642085,20,0.3384290000000001,20,0.3384290000000001,1.0,65,0.596509,0.0,0.0,60,0.6
strong_market_effective_participation_v1,baseline_2y_1y_5fold,2,2022-04-01,2023-03-31,2022-06-22,SH.000300,2022-06-01,available,300,0.9999989999999999,65,0.596509,64,0.59174,0.9920051499642085,20,0.3384290000000001,20,0.3384290000000001,1.0,65,0.596509,0.0,0.0,60,0.6
strong_market_effective_participation_v1,baseline_2y_1y_5fold,2,2022-04-01,2023-03-31,2022-06-23,SH.000300,2022-06-01,available,300,0.9999989999999999,65,0.596509,64,0.59174,0.9920051499642085,20,0.3384290000000001,20,0.3384290000000001,1.0,65,0.596509,0.0,0.0,60,0.6
strong_market_effective_participation_v1,baseline_2y_1y_5fold,2,2022-04-01,2023-03-31,2022-06-24,SH.000300,2022-06-01,available,300,0.9999989999999999,65,0.596509,64,0.59174,0.9920051499642085,20,0.3384290000000001,20,0.3384290000000001,1.0,65,0.596509,0.0,0.0,60,0.6
strong_market_effective_participation_v1,baseline_2y_1y_5fold,2,2022-04-01,2023-03-31,2022-06-27,SH.000300,2022-06-01,available,300,0.9999989999999999,65,0.596509,64,0.59174,0.9920051499642085,20,0.3384290000000001,20,0.3384290000000001,1.0,65,0.596509,0.0,0.0,60,0.6
strong_market_effective_participation_v1,baseline_2y_1y_5fold,2,2022-04-01,2023-03-31,2022-06-28,SH.000300,2022-06-01,available,300,0.9999989999999999,65,0.596509,64,0.59174,0.9920051499642085,20,0.3384290000000001,20,0.3384290000000001,1.0,65,0.596509,0.0,0.0,60,0.6
strong_market_effective_participation_v1,baseline_2y_1y_5fold,2,2022-04-01,2023-03-31,2022-06-29,SH.000300,2022-06-01,available,300,0.9999989999999999,65,0.596509,64,0.59174,0.9920051499642085,20,0.3384290000000001,20,0.3384290000000001,1.0,65,0.596509,0.0,0.0,60,0.6
strong_market_effective_participation_v1,baseline_2y_1y_5fold,2,2022-04-01,2023-03-31,2022-06-30,SH.000300,2022-06-01,available,300,0.9999989999999999,65,0.596509,64,0.59174,0.9920051499642085,20,0.3384290000000001,20,0.3384290000000001,1.0,65,0.596509,0.0,0.0,60,0.6
strong_market_effective_participation_v1,baseline_2y_1y_5fold,2,2022-04-01,2023-03-31,2022-07-01,SH.000300,2022-06-30,available,300,0.9999799999999999,68,0.5994799999999999,67,0.5949699999999999,0.9924768132381397,20,0.33246999999999993,20,0.33246999999999993,1.0,68,0.5994799999999999,0.0,0.0,60,0.6
strong_market_effective_participation_v1,baseline_2y_1y_5fold,2,2022-04-01,2023-03-31,2022-07-04,SH.000300,2022-07-01,available,300,1.000005,68,0.5998279999999999,67,0.595338,0.9925145208293046,20,0.33110199999999995,20,0.33110199999999995,1.0,68,0.5998279999999999,0.0,0.0,60,0.6
strong_market_effective_participation_v1,baseline_2y_1y_5fold,2,2022-04-01,2023-03-31,2022-07-05,SH.000300,2022-07-01,available,300,1.000005,68,0.5998279999999999,67,0.595338,0.9925145208293046,20,0.33110199999999995,20,0.33110199999999995,1.0,68,0.5998279999999999,0.0,0.0,60,0.6
strong_market_effective_participation_v1,baseline_2y_1y_5fold,2,2022-04-01,2023-03-31,2022-07-06,SH.000300,2022-07-01,available,300,1.000005,68,0.5998279999999999,67,0.595338,0.9925145208293046,20,0.33110199999999995,20,0.33110199999999995,1.0,68,0.5998279999999999,0.0,0.0,60,0.6
strong_market_effective_participation_v1,baseline_2y_1y_5fold,2,2022-04-01,2023-03-31,2022-07-07,SH.000300,2022-07-01,available,300,1.000005,68,0.5998279999999999,67,0.595338,0.9925145208293046,20,0.33110199999999995,20,0.33110199999999995,1.0,68,0.5998279999999999,0.0,0.0,60,0.6
strong_market_effective_participation_v1,baseline_2y_1y_5fold,2,2022-04-01,2023-03-31,2022-07-08,SH.000300,2022-07-01,available,300,1.000005,68,0.5998279999999999,67,0.595338,0.9925145208293046,20,0.33110199999999995,20,0.33110199999999995,1.0,68,0.5998279999999999,0.0,0.0,60,0.6
strong_market_effective_participation_v1,baseline_2y_1y_5fold,2,2022-04-01,2023-03-31,2022-07-11,SH.000300,2022-07-01,available,300,1.000005,68,0.5998279999999999,67,0.595338,0.9925145208293046,20,0.33110199999999995,20,0.33110199999999995,1.0,68,0.5998279999999999,0.0,0.0,60,0.6
strong_market_effective_participation_v1,baseline_2y_1y_5fold,2,2022-04-01,2023-03-31,2022-07-12,SH.000300,2022-07-01,available,300,1.000005,68,0.5998279999999999,67,0.595338,0.9925145208293046,20,0.33110199999999995,20,0.33110199999999995,1.0,68,0.5998279999999999,0.0,0.0,60,0.6
strong_market_effective_participation_v1,baseline_2y_1y_5fold,2,2022-04-01,2023-03-31,2022-07-13,SH.000300,2022-07-01,available,300,1.000005,68,0.5998279999999999,67,0.595338,0.9925145208293046,20,0.33110199999999995,20,0.33110199999999995,1.0,68,0.5998279999999999,0.0,0.0,60,0.6
strong_market_effective_participation_v1,baseline_2y_1y_5fold,2,2022-04-01,2023-03-31,2022-07-14,SH.000300,2022-07-01,available,300,1.000005,68,0.5998279999999999,67,0.595338,0.9925145208293046,20,0.33110199999999995,20,0.33110199999999995,1.0,68,0.5998279999999999,0.0,0.0,60,0.6
strong_market_effective_participation_v1,baseline_2y_1y_5fold,2,2022-04-01,2023-03-31,2022-07-15,SH.000300,2022-07-01,available,300,1.000005,68,0.5998279999999999,67,0.595338,0.9925145208293046,20,0.33110199999999995,20,0.33110199999999995,1.0,68,0.5998279999999999,0.0,0.0,60,0.6
strong_market_effective_participation_v1,baseline_2y_1y_5fold,2,2022-04-01,2023-03-31,2022-07-18,SH.000300,2022-07-01,available,300,1.000005,68,0.5998279999999999,67,0.595338,0.9925145208293046,20,0.33110199999999995,20,0.33110199999999995,1.0,68,0.5998279999999999,0.0,0.0,60,0.6
strong_market_effective_participation_v1,baseline_2y_1y_5fold,2,2022-04-01,2023-03-31,2022-07-19,SH.000300,2022-07-01,available,300,1.000005,68,0.5998279999999999,67,0.595338,0.9925145208293046,20,0.33110199999999995,20,0.33110199999999995,1.0,68,0.5998279999999999,0.0,0.0,60,0.6
strong_market_effective_participation_v1,baseline_2y_1y_5fold,2,2022-04-01,2023-03-31,2022-07-20,SH.000300,2022-07-01,available,300,1.000005,68,0.5998279999999999,67,0.595338,0.9925145208293046,20,0.33110199999999995,20,0.33110199999999995,1.0,68,0.5998279999999999,0.0,0.0,60,0.6
strong_market_effective_participation_v1,baseline_2y_1y_5fold,2,2022-04-01,2023-03-31,2022-07-21,SH.000300,2022-07-01,available,300,1.000005,68,0.5998279999999999,67,0.595338,0.9925145208293046,20,0.33110199999999995,20,0.33110199999999995,1.0,68,0.5998279999999999,0.0,0.0,60,0.6
strong_market_effective_participation_v1,baseline_2y_1y_5fold,2,2022-04-01,2023-03-31,2022-07-22,SH.000300,2022-07-01,available,300,1.000005,68,0.5998279999999999,67,0.595338,0.9925145208293046,20,0.33110199999999995,20,0.33110199999999995,1.0,68,0.5998279999999999,0.0,0.0,60,0.6
strong_market_effective_participation_v1,baseline_2y_1y_5fold,2,2022-04-01,2023-03-31,2022-07-25,SH.000300,2022-07-01,available,300,1.000005,68,0.5998279999999999,67,0.595338,0.9925145208293046,20,0.33110199999999995,20,0.33110199999999995,1.0,68,0.5998279999999999,0.0,0.0,60,0.6
strong_market_effective_participation_v1,baseline_2y_1y_5fold,2,2022-04-01,2023-03-31,2022-07-26,SH.000300,2022-07-01,available,300,1.000005,68,0.5998279999999999,67,0.595338,0.9925145208293046,20,0.33110199999999995,20,0.33110199999999995,1.0,68,0.5998279999999999,0.0,0.0,60,0.6
strong_market_effective_participation_v1,baseline_2y_1y_5fold,2,2022-04-01,2023-03-31,2022-07-27,SH.000300,2022-07-01,available,300,1.000005,68,0.5998279999999999,67,0.595338,0.9925145208293046,20,0.33110199999999995,20,0.33110199999999995,1.0,68,0.5998279999999999,0.0,0.0,60,0.6
strong_market_effective_participation_v1,baseline_2y_1y_5fold,2,2022-04-01,2023-03-31,2022-07-28,SH.000300,2022-07-01,available,300,1.000005,68,0.5998279999999999,67,0.595338,0.9925145208293046,20,0.33110199999999995,20,0.33110199999999995,1.0,68,0.5998279999999999,0.0,0.0,60,0.6
strong_market_effective_participation_v1,baseline_2y_1y_5fold,2,2022-04-01,2023-03-31,2022-07-29,SH.000300,2022-07-01,available,300,1.000005,68,0.5998279999999999,67,0.595338,0.9925145208293046,20,0.33110199999999995,20,0.33110199999999995,1.0,68,0.5998279999999999,0.0,0.0,60,0.6
strong_market_effective_participation_v1,baseline_2y_1y_5fold,2,2022-04-01,2023-03-31,2022-08-01,SH.000300,2022-07-29,available,300,0.99996,69,0.5994700000000001,68,0.59485,0.9922931923198824,20,0.32870000000000005,20,0.32870000000000005,1.0,69,0.5994700000000001,0.0,0.0,60,0.6
strong_market_effective_participation_v1,baseline_2y_1y_5fold,2,2022-04-01,2023-03-31,2022-08-02,SH.000300,2022-08-01,available,300,1.000003,69,0.5991310000000001,68,0.5945450000000001,0.9923455805157804,20,0.32857499999999995,20,0.32857499999999995,1.0,69,0.5991310000000001,0.0,0.0,60,0.6
strong_market_effective_participation_v1,baseline_2y_1y_5fold,2,2022-04-01,2023-03-31,2022-08-03,SH.000300,2022-08-01,available,300,1.000003,69,0.5991310000000001,68,0.5945450000000001,0.9923455805157804,20,0.32857499999999995,20,0.32857499999999995,1.0,69,0.5991310000000001,0.0,0.0,60,0.6
strong_market_effective_participation_v1,baseline_2y_1y_5fold,2,2022-04-01,2023-03-31,2022-08-04,SH.000300,2022-08-01,available,300,1.000003,69,0.5991310000000001,68,0.5945450000000001,0.9923455805157804,20,0.32857499999999995,20,0.32857499999999995,1.0,69,0.5991310000000001,0.0,0.0,60,0.6
strong_market_effective_participation_v1,baseline_2y_1y_5fold,2,2022-04-01,2023-03-31,2022-08-05,SH.000300,2022-08-01,available,300,1.000003,69,0.5991310000000001,68,0.5945450000000001,0.9923455805157804,20,0.32857499999999995,20,0.32857499999999995,1.0,69,0.5991310000000001,0.0,0.0,60,0.6
strong_market_effective_participation_v1,baseline_2y_1y_5fold,2,2022-04-01,2023-03-31,2022-08-08,SH.000300,2022-08-01,available,300,1.000003,69,0.5991310000000001,68,0.5945450000000001,0.9923455805157804,20,0.32857499999999995,20,0.32857499999999995,1.0,69,0.5991310000000001,0.0,0.0,60,0.6
strong_market_effective_participation_v1,baseline_2y_1y_5fold,2,2022-04-01,2023-03-31,2022-08-09,SH.000300,2022-08-01,available,300,1.000003,69,0.5991310000000001,68,0.5945450000000001,0.9923455805157804,20,0.32857499999999995,20,0.32857499999999995,1.0,69,0.5991310000000001,0.0,0.0,60,0.6
strong_market_effective_participation_v1,baseline_2y_1y_5fold,2,2022-04-01,2023-03-31,2022-08-10,SH.000300,2022-08-01,available,300,1.000003,69,0.5991310000000001,68,0.5945450000000001,0.9923455805157804,20,0.32857499999999995,20,0.32857499999999995,1.0,69,0.5991310000000001,0.0,0.0,60,0.6
strong_market_effective_participation_v1,baseline_2y_1y_5fold,2,2022-04-01,2023-03-31,2022-08-11,SH.000300,2022-08-01,available,300,1.000003,69,0.5991310000000001,68,0.5945450000000001,0.9923455805157804,20,0.32857499999999995,20,0.32857499999999995,1.0,69,0.5991310000000001,0.0,0.0,60,0.6
strong_market_effective_participation_v1,baseline_2y_1y_5fold,2,2022-04-01,2023-03-31,2022-08-12,SH.000300,2022-08-01,available,300,1.000003,69,0.5991310000000001,68,0.5945450000000001,0.9923455805157804,20,0.32857499999999995,20,0.32857499999999995,1.0,69,0.5991310000000001,0.0,0.0,60,0.6
strong_market_effective_participation_v1,baseline_2y_1y_5fold,2,2022-04-01,2023-03-31,2022-08-15,SH.000300,2022-08-01,available,300,1.000003,69,0.5991310000000001,68,0.5945450000000001,0.9923455805157804,20,0.32857499999999995,20,0.32857499999999995,1.0,69,0.5991310000000001,0.0,0.0,60,0.6
strong_market_effective_participation_v1,baseline_2y_1y_5fold,2,2022-04-01,2023-03-31,2022-08-16,SH.000300,2022-08-01,available,300,1.000003,69,0.5991310000000001,68,0.5945450000000001,0.9923455805157804,20,0.32857499999999995,20,0.32857499999999995,1.0,69,0.5991310000000001,0.0,0.0,60,0.6
strong_market_effective_participation_v1,baseline_2y_1y_5fold,2,2022-04-01,2023-03-31,2022-08-17,SH.000300,2022-08-01,available,300,1.000003,69,0.5991310000000001,68,0.5945450000000001,0.9923455805157804,20,0.32857499999999995,20,0.32857499999999995,1.0,69,0.5991310000000001,0.0,0.0,60,0.6
strong_market_effective_participation_v1,baseline_2y_1y_5fold,2,2022-04-01,2023-03-31,2022-08-18,SH.000300,2022-08-01,available,300,1.000003,69,0.5991310000000001,68,0.5945450000000001,0.9923455805157804,20,0.32857499999999995,20,0.32857499999999995,1.0,69,0.5991310000000001,0.0,0.0,60,0.6
strong_market_effective_participation_v1,baseline_2y_1y_5fold,2,2022-04-01,2023-03-31,2022-08-19,SH.000300,2022-08-01,available,300,1.000003,69,0.5991310000000001,68,0.5945450000000001,0.9923455805157804,20,0.32857499999999995,20,0.32857499999999995,1.0,69,0.5991310000000001,0.0,0.0,60,0.6
strong_market_effective_participation_v1,baseline_2y_1y_5fold,2,2022-04-01,2023-03-31,2022-08-22,SH.000300,2022-08-01,available,300,1.000003,69,0.5991310000000001,68,0.5945450000000001,0.9923455805157804,20,0.32857499999999995,20,0.32857499999999995,1.0,69,0.5991310000000001,0.0,0.0,60,0.6
strong_market_effective_participation_v1,baseline_2y_1y_5fold,2,2022-04-01,2023-03-31,2022-08-23,SH.000300,2022-08-01,available,300,1.000003,69,0.5991310000000001,68,0.5945450000000001,0.9923455805157804,20,0.32857499999999995,20,0.32857499999999995,1.0,69,0.5991310000000001,0.0,0.0,60,0.6
strong_market_effective_participation_v1,baseline_2y_1y_5fold,2,2022-04-01,2023-03-31,2022-08-24,SH.000300,2022-08-01,available,300,1.000003,69,0.5991310000000001,68,0.5945450000000001,0.9923455805157804,20,0.32857499999999995,20,0.32857499999999995,1.0,69,0.5991310000000001,0.0,0.0,60,0.6
strong_market_effective_participation_v1,baseline_2y_1y_5fold,2,2022-04-01,2023-03-31,2022-08-25,SH.000300,2022-08-01,available,300,1.000003,69,0.5991310000000001,68,0.5945450000000001,0.9923455805157804,20,0.32857499999999995,20,0.32857499999999995,1.0,69,0.5991310000000001,0.0,0.0,60,0.6
strong_market_effective_participation_v1,baseline_2y_1y_5fold,2,2022-04-01,2023-03-31,2022-08-26,SH.000300,2022-08-01,available,300,1.000003,69,0.5991310000000001,68,0.5945450000000001,0.9923455805157804,20,0.32857499999999995,20,0.32857499999999995,1.0,69,0.5991310000000001,0.0,0.0,60,0.6
strong_market_effective_participation_v1,baseline_2y_1y_5fold,2,2022-04-01,2023-03-31,2022-08-29,SH.000300,2022-08-01,available,300,1.000003,69,0.5991310000000001,68,0.5945450000000001,0.9923455805157804,20,0.32857499999999995,20,0.32857499999999995,1.0,69,0.5991310000000001,0.0,0.0,60,0.6
strong_market_effective_participation_v1,baseline_2y_1y_5fold,2,2022-04-01,2023-03-31,2022-08-30,SH.000300,2022-08-01,available,300,1.000003,69,0.5991310000000001,68,0.5945450000000001,0.9923455805157804,20,0.32857499999999995,20,0.32857499999999995,1.0,69,0.5991310000000001,0.0,0.0,60,0.6
strong_market_effective_participation_v1,baseline_2y_1y_5fold,2,2022-04-01,2023-03-31,2022-08-31,SH.000300,2022-08-01,available,300,1.000003,69,0.5991310000000001,68,0.5945450000000001,0.9923455805157804,20,0.32857499999999995,20,0.32857499999999995,1.0,69,0.5991310000000001,0.0,0.0,60,0.6
strong_market_effective_participation_v1,baseline_2y_1y_5fold,2,2022-04-01,2023-03-31,2022-09-01,SH.000300,2022-08-31,available,300,1.0000499999999999,68,0.59598,67,0.59119,0.991962817544213,20,0.32858000000000004,20,0.32858000000000004,1.0,68,0.59598,0.0,0.0,60,0.6
strong_market_effective_participation_v1,baseline_2y_1y_5fold,2,2022-04-01,2023-03-31,2022-09-02,SH.000300,2022-09-01,available,300,0.9999959999999999,69,0.599015,68,0.594228,0.992008547365258,20,0.32674200000000003,20,0.32674200000000003,1.0,69,0.599015,0.0,0.0,60,0.6
strong_market_effective_participation_v1,baseline_2y_1y_5fold,2,2022-04-01,2023-03-31,2022-09-05,SH.000300,2022-09-01,available,300,0.9999959999999999,69,0.599015,68,0.594228,0.992008547365258,20,0.32674200000000003,20,0.32674200000000003,1.0,69,0.599015,0.0,0.0,60,0.6
strong_market_effective_participation_v1,baseline_2y_1y_5fold,2,2022-04-01,2023-03-31,2022-09-06,SH.000300,2022-09-01,available,300,0.9999959999999999,69,0.599015,68,0.594228,0.992008547365258,20,0.32674200000000003,20,0.32674200000000003,1.0,69,0.599015,0.0,0.0,60,0.6
strong_market_effective_participation_v1,baseline_2y_1y_5fold,2,2022-04-01,2023-03-31,2022-09-07,SH.000300,2022-09-01,available,300,0.9999959999999999,69,0.599015,68,0.594228,0.992008547365258,20,0.32674200000000003,20,0.32674200000000003,1.0,69,0.599015,0.0,0.0,60,0.6
strong_market_effective_participation_v1,baseline_2y_1y_5fold,2,2022-04-01,2023-03-31,2022-09-08,SH.000300,2022-09-01,available,300,0.9999959999999999,69,0.599015,68,0.594228,0.992008547365258,20,0.32674200000000003,20,0.32674200000000003,1.0,69,0.599015,0.0,0.0,60,0.6
strong_market_effective_participation_v1,baseline_2y_1y_5fold,2,2022-04-01,2023-03-31,2022-09-09,SH.000300,2022-09-01,available,300,0.9999959999999999,69,0.599015,68,0.594228,0.992008547365258,20,0.32674200000000003,20,0.32674200000000003,1.0,69,0.599015,0.0,0.0,60,0.6
strong_market_effective_participation_v1,baseline_2y_1y_5fold,2,2022-04-01,2023-03-31,2022-09-13,SH.000300,2022-09-01,available,300,0.9999959999999999,69,0.599015,68,0.594228,0.992008547365258,20,0.32674200000000003,20,0.32674200000000003,1.0,69,0.599015,0.0,0.0,60,0.6
strong_market_effective_participation_v1,baseline_2y_1y_5fold,2,2022-04-01,2023-03-31,2022-09-14,SH.000300,2022-09-01,available,300,0.9999959999999999,69,0.599015,68,0.594228,0.992008547365258,20,0.32674200000000003,20,0.32674200000000003,1.0,69,0.599015,0.0,0.0,60,0.6
strong_market_effective_participation_v1,baseline_2y_1y_5fold,2,2022-04-01,2023-03-31,2022-09-15,SH.000300,2022-09-01,available,300,0.9999959999999999,69,0.599015,68,0.594228,0.992008547365258,20,0.32674200000000003,20,0.32674200000000003,1.0,69,0.599015,0.0,0.0,60,0.6
strong_market_effective_participation_v1,baseline_2y_1y_5fold,2,2022-04-01,2023-03-31,2022-09-16,SH.000300,2022-09-01,available,300,0.9999959999999999,69,0.599015,68,0.594228,0.992008547365258,20,0.32674200000000003,20,0.32674200000000003,1.0,69,0.599015,0.0,0.0,60,0.6
strong_market_effective_participation_v1,baseline_2y_1y_5fold,2,2022-04-01,2023-03-31,2022-09-19,SH.000300,2022-09-01,available,300,0.9999959999999999,69,0.599015,68,0.594228,0.992008547365258,20,0.32674200000000003,20,0.32674200000000003,1.0,69,0.599015,0.0,0.0,60,0.6
strong_market_effective_participation_v1,baseline_2y_1y_5fold,2,2022-04-01,2023-03-31,2022-09-20,SH.000300,2022-09-01,available,300,0.9999959999999999,69,0.599015,68,0.594228,0.992008547365258,20,0.32674200000000003,20,0.32674200000000003,1.0,69,0.599015,0.0,0.0,60,0.6
strong_market_effective_participation_v1,baseline_2y_1y_5fold,2,2022-04-01,2023-03-31,2022-09-21,SH.000300,2022-09-01,available,300,0.9999959999999999,69,0.599015,68,0.594228,0.992008547365258,20,0.32674200000000003,20,0.32674200000000003,1.0,69,0.599015,0.0,0.0,60,0.6
strong_market_effective_participation_v1,baseline_2y_1y_5fold,2,2022-04-01,2023-03-31,2022-09-22,SH.000300,2022-09-01,available,300,0.9999959999999999,69,0.599015,68,0.594228,0.992008547365258,20,0.32674200000000003,20,0.32674200000000003,1.0,69,0.599015,0.0,0.0,60,0.6
strong_market_effective_participation_v1,baseline_2y_1y_5fold,2,2022-04-01,2023-03-31,2022-09-23,SH.000300,2022-09-01,available,300,0.9999959999999999,69,0.599015,68,0.594228,0.992008547365258,20,0.32674200000000003,20,0.32674200000000003,1.0,69,0.599015,0.0,0.0,60,0.6
strong_market_effective_participation_v1,baseline_2y_1y_5fold,2,2022-04-01,2023-03-31,2022-09-26,SH.000300,2022-09-01,available,300,0.9999959999999999,69,0.599015,68,0.594228,0.992008547365258,20,0.32674200000000003,20,0.32674200000000003,1.0,69,0.599015,0.0,0.0,60,0.6
strong_market_effective_participation_v1,baseline_2y_1y_5fold,2,2022-04-01,2023-03-31,2022-09-27,SH.000300,2022-09-01,available,300,0.9999959999999999,69,0.599015,68,0.594228,0.992008547365258,20,0.32674200000000003,20,0.32674200000000003,1.0,69,0.599015,0.0,0.0,60,0.6
strong_market_effective_participation_v1,baseline_2y_1y_5fold,2,2022-04-01,2023-03-31,2022-09-28,SH.000300,2022-09-01,available,300,0.9999959999999999,69,0.599015,68,0.594228,0.992008547365258,20,0.32674200000000003,20,0.32674200000000003,1.0,69,0.599015,0.0,0.0,60,0.6
strong_market_effective_participation_v1,baseline_2y_1y_5fold,2,2022-04-01,2023-03-31,2022-09-29,SH.000300,2022-09-01,available,300,0.9999959999999999,69,0.599015,68,0.594228,0.992008547365258,20,0.32674200000000003,20,0.32674200000000003,1.0,69,0.599015,0.0,0.0,60,0.6
strong_market_effective_participation_v1,baseline_2y_1y_5fold,2,2022-04-01,2023-03-31,2022-09-30,SH.000300,2022-09-01,available,300,0.9999959999999999,69,0.599015,68,0.594228,0.992008547365258,20,0.32674200000000003,20,0.32674200000000003,1.0,69,0.599015,0.0,0.0,60,0.6
strong_market_effective_participation_v1,baseline_2y_1y_5fold,2,2022-04-01,2023-03-31,2022-10-10,SH.000300,2022-09-30,available,300,1.0,68,0.59978,67,0.59509,0.9921804661709294,20,0.32761999999999997,20,0.32761999999999997,1.0,68,0.59978,0.0,0.0,60,0.6
strong_market_effective_participation_v1,baseline_2y_1y_5fold,2,2022-04-01,2023-03-31,2022-10-11,SH.000300,2022-10-10,available,300,0.9999959999999999,68,0.5997320000000002,67,0.5949340000000001,0.991999759892752,20,0.326227,20,0.326227,1.0,68,0.5997320000000002,0.0,0.0,60,0.6
strong_market_effective_participation_v1,baseline_2y_1y_5fold,2,2022-04-01,2023-03-31,2022-10-12,SH.000300,2022-10-10,available,300,0.9999959999999999,68,0.5997320000000002,67,0.5949340000000001,0.991999759892752,20,0.326227,20,0.326227,1.0,68,0.5997320000000002,0.0,0.0,60,0.6
strong_market_effective_participation_v1,baseline_2y_1y_5fold,2,2022-04-01,2023-03-31,2022-10-13,SH.000300,2022-10-10,available,300,0.9999959999999999,68,0.5997320000000002,67,0.5949340000000001,0.991999759892752,20,0.326227,20,0.326227,1.0,68,0.5997320000000002,0.0,0.0,60,0.6
strong_market_effective_participation_v1,baseline_2y_1y_5fold,2,2022-04-01,2023-03-31,2022-10-14,SH.000300,2022-10-10,available,300,0.9999959999999999,68,0.5997320000000002,67,0.5949340000000001,0.991999759892752,20,0.326227,20,0.326227,1.0,68,0.5997320000000002,0.0,0.0,60,0.6
strong_market_effective_participation_v1,baseline_2y_1y_5fold,2,2022-04-01,2023-03-31,2022-10-17,SH.000300,2022-10-10,available,300,0.9999959999999999,68,0.5997320000000002,67,0.5949340000000001,0.991999759892752,20,0.326227,20,0.326227,1.0,68,0.5997320000000002,0.0,0.0,60,0.6
strong_market_effective_participation_v1,baseline_2y_1y_5fold,2,2022-04-01,2023-03-31,2022-10-18,SH.000300,2022-10-10,available,300,0.9999959999999999,68,0.5997320000000002,67,0.5949340000000001,0.991999759892752,20,0.326227,20,0.326227,1.0,68,0.5997320000000002,0.0,0.0,60,0.6
strong_market_effective_participation_v1,baseline_2y_1y_5fold,2,2022-04-01,2023-03-31,2022-10-19,SH.000300,2022-10-10,available,300,0.9999959999999999,68,0.5997320000000002,67,0.5949340000000001,0.991999759892752,20,0.326227,20,0.326227,1.0,68,0.5997320000000002,0.0,0.0,60,0.6
strong_market_effective_participation_v1,baseline_2y_1y_5fold,2,2022-04-01,2023-03-31,2022-10-20,SH.000300,2022-10-10,available,300,0.9999959999999999,68,0.5997320000000002,67,0.5949340000000001,0.991999759892752,20,0.326227,20,0.326227,1.0,68,0.5997320000000002,0.0,0.0,60,0.6
strong_market_effective_participation_v1,baseline_2y_1y_5fold,2,2022-04-01,2023-03-31,2022-10-21,SH.000300,2022-10-10,available,300,0.9999959999999999,68,0.5997320000000002,67,0.5949340000000001,0.991999759892752,20,0.326227,20,0.326227,1.0,68,0.5997320000000002,0.0,0.0,60,0.6
strong_market_effective_participation_v1,baseline_2y_1y_5fold,2,2022-04-01,2023-03-31,2022-10-24,SH.000300,2022-10-10,available,300,0.9999959999999999,68,0.5997320000000002,67,0.5949340000000001,0.991999759892752,20,0.326227,20,0.326227,1.0,68,0.5997320000000002,0.0,0.0,60,0.6
strong_market_effective_participation_v1,baseline_2y_1y_5fold,2,2022-04-01,2023-03-31,2022-10-25,SH.000300,2022-10-10,available,300,0.9999959999999999,68,0.5997320000000002,67,0.5949340000000001,0.991999759892752,20,0.326227,20,0.326227,1.0,68,0.5997320000000002,0.0,0.0,60,0.6
strong_market_effective_participation_v1,baseline_2y_1y_5fold,2,2022-04-01,2023-03-31,2022-10-26,SH.000300,2022-10-10,available,300,0.9999959999999999,68,0.5997320000000002,66,0.5796920000000001,0.9665850746666844,20,0.326227,19,0.310985,0.9532779322373686,67,0.5844900000000001,0.0,0.0,60,0.6
strong_market_effective_participation_v1,baseline_2y_1y_5fold,2,2022-04-01,2023-03-31,2022-10-27,SH.000300,2022-10-10,available,300,0.9999959999999999,68,0.5997320000000002,67,0.5949340000000001,0.991999759892752,20,0.326227,20,0.326227,1.0,68,0.5997320000000002,0.0,0.0,60,0.6
strong_market_effective_participation_v1,baseline_2y_1y_5fold,2,2022-04-01,2023-03-31,2022-10-28,SH.000300,2022-10-10,available,300,0.9999959999999999,68,0.5997320000000002,67,0.5949340000000001,0.991999759892752,20,0.326227,20,0.326227,1.0,68,0.5997320000000002,0.0,0.0,60,0.6
strong_market_effective_participation_v1,baseline_2y_1y_5fold,2,2022-04-01,2023-03-31,2022-10-31,SH.000300,2022-10-10,available,300,0.9999959999999999,68,0.5997320000000002,67,0.5949340000000001,0.991999759892752,20,0.326227,20,0.326227,1.0,68,0.5997320000000002,0.0,0.0,60,0.6
strong_market_effective_participation_v1,baseline_2y_1y_5fold,2,2022-04-01,2023-03-31,2022-11-01,SH.000300,2022-10-31,available,300,1.0000399999999998,73,0.59925,72,0.59429,0.9917229870671673,20,0.30758,20,0.30758,1.0,73,0.59925,0.0,0.0,60,0.6
strong_market_effective_participation_v1,baseline_2y_1y_5fold,2,2022-04-01,2023-03-31,2022-11-02,SH.000300,2022-11-01,available,300,0.9999999999999999,72,0.5983299999999999,71,0.5934520000000001,0.991847308341551,20,0.31091299999999994,20,0.31091299999999994,1.0,72,0.5983299999999999,0.0,0.0,60,0.6
strong_market_effective_participation_v1,baseline_2y_1y_5fold,2,2022-04-01,2023-03-31,2022-11-03,SH.000300,2022-11-01,available,300,0.9999999999999999,72,0.5983299999999999,71,0.5934520000000001,0.991847308341551,20,0.31091299999999994,20,0.31091299999999994,1.0,72,0.5983299999999999,0.0,0.0,60,0.6
strong_market_effective_participation_v1,baseline_2y_1y_5fold,2,2022-04-01,2023-03-31,2022-11-04,SH.000300,2022-11-01,available,300,0.9999999999999999,72,0.5983299999999999,71,0.5934520000000001,0.991847308341551,20,0.31091299999999994,20,0.31091299999999994,1.0,72,0.5983299999999999,0.0,0.0,60,0.6
strong_market_effective_participation_v1,baseline_2y_1y_5fold,2,2022-04-01,2023-03-31,2022-11-07,SH.000300,2022-11-01,available,300,0.9999999999999999,72,0.5983299999999999,71,0.5934520000000001,0.991847308341551,20,0.31091299999999994,20,0.31091299999999994,1.0,72,0.5983299999999999,0.0,0.0,60,0.6
strong_market_effective_participation_v1,baseline_2y_1y_5fold,2,2022-04-01,2023-03-31,2022-11-08,SH.000300,2022-11-01,available,300,0.9999999999999999,72,0.5983299999999999,71,0.5934520000000001,0.991847308341551,20,0.31091299999999994,20,0.31091299999999994,1.0,72,0.5983299999999999,0.0,0.0,60,0.6
strong_market_effective_participation_v1,baseline_2y_1y_5fold,2,2022-04-01,2023-03-31,2022-11-09,SH.000300,2022-11-01,available,300,0.9999999999999999,72,0.5983299999999999,71,0.5934520000000001,0.991847308341551,20,0.31091299999999994,20,0.31091299999999994,1.0,72,0.5983299999999999,0.0,0.0,60,0.6
strong_market_effective_participation_v1,baseline_2y_1y_5fold,2,2022-04-01,2023-03-31,2022-11-10,SH.000300,2022-11-01,available,300,0.9999999999999999,72,0.5983299999999999,71,0.5934520000000001,0.991847308341551,20,0.31091299999999994,20,0.31091299999999994,1.0,72,0.5983299999999999,0.0,0.0,60,0.6
strong_market_effective_participation_v1,baseline_2y_1y_5fold,2,2022-04-01,2023-03-31,2022-11-11,SH.000300,2022-11-01,available,300,0.9999999999999999,72,0.5983299999999999,71,0.5934520000000001,0.991847308341551,20,0.31091299999999994,20,0.31091299999999994,1.0,72,0.5983299999999999,0.0,0.0,60,0.6
strong_market_effective_participation_v1,baseline_2y_1y_5fold,2,2022-04-01,2023-03-31,2022-11-14,SH.000300,2022-11-01,available,300,0.9999999999999999,72,0.5983299999999999,71,0.5934520000000001,0.991847308341551,20,0.31091299999999994,20,0.31091299999999994,1.0,72,0.5983299999999999,0.0,0.0,60,0.6
strong_market_effective_participation_v1,baseline_2y_1y_5fold,2,2022-04-01,2023-03-31,2022-11-15,SH.000300,2022-11-01,available,300,0.9999999999999999,72,0.5983299999999999,71,0.5934520000000001,0.991847308341551,20,0.31091299999999994,20,0.31091299999999994,1.0,72,0.5983299999999999,0.0,0.0,60,0.6
strong_market_effective_participation_v1,baseline_2y_1y_5fold,2,2022-04-01,2023-03-31,2022-11-16,SH.000300,2022-11-01,available,300,0.9999999999999999,72,0.5983299999999999,71,0.5934520000000001,0.991847308341551,20,0.31091299999999994,20,0.31091299999999994,1.0,72,0.5983299999999999,0.0,0.0,60,0.6
strong_market_effective_participation_v1,baseline_2y_1y_5fold,2,2022-04-01,2023-03-31,2022-11-17,SH.000300,2022-11-01,available,300,0.9999999999999999,72,0.5983299999999999,71,0.5934520000000001,0.991847308341551,20,0.31091299999999994,20,0.31091299999999994,1.0,72,0.5983299999999999,0.0,0.0,60,0.6
strong_market_effective_participation_v1,baseline_2y_1y_5fold,2,2022-04-01,2023-03-31,2022-11-18,SH.000300,2022-11-01,available,300,0.9999999999999999,72,0.5983299999999999,71,0.5934520000000001,0.991847308341551,20,0.31091299999999994,20,0.31091299999999994,1.0,72,0.5983299999999999,0.0,0.0,60,0.6
strong_market_effective_participation_v1,baseline_2y_1y_5fold,2,2022-04-01,2023-03-31,2022-11-21,SH.000300,2022-11-01,available,300,0.9999999999999999,72,0.5983299999999999,71,0.5934520000000001,0.991847308341551,20,0.31091299999999994,20,0.31091299999999994,1.0,72,0.5983299999999999,0.0,0.0,60,0.6
strong_market_effective_participation_v1,baseline_2y_1y_5fold,2,2022-04-01,2023-03-31,2022-11-22,SH.000300,2022-11-01,available,300,0.9999999999999999,72,0.5983299999999999,71,0.5934520000000001,0.991847308341551,20,0.31091299999999994,20,0.31091299999999994,1.0,72,0.5983299999999999,0.0,0.0,60,0.6
strong_market_effective_participation_v1,baseline_2y_1y_5fold,2,2022-04-01,2023-03-31,2022-11-23,SH.000300,2022-11-01,available,300,0.9999999999999999,72,0.5983299999999999,71,0.5934520000000001,0.991847308341551,20,0.31091299999999994,20,0.31091299999999994,1.0,72,0.5983299999999999,0.0,0.0,60,0.6
strong_market_effective_participation_v1,baseline_2y_1y_5fold,2,2022-04-01,2023-03-31,2022-11-24,SH.000300,2022-11-01,available,300,0.9999999999999999,72,0.5983299999999999,71,0.5934520000000001,0.991847308341551,20,0.31091299999999994,20,0.31091299999999994,1.0,72,0.5983299999999999,0.0,0.0,60,0.6
strong_market_effective_participation_v1,baseline_2y_1y_5fold,2,2022-04-01,2023-03-31,2022-11-25,SH.000300,2022-11-01,available,300,0.9999999999999999,72,0.5983299999999999,71,0.5934520000000001,0.991847308341551,20,0.31091299999999994,20,0.31091299999999994,1.0,72,0.5983299999999999,0.0,0.0,60,0.6
strong_market_effective_participation_v1,baseline_2y_1y_5fold,2,2022-04-01,2023-03-31,2022-11-28,SH.000300,2022-11-01,available,300,0.9999999999999999,72,0.5983299999999999,71,0.5934520000000001,0.991847308341551,20,0.31091299999999994,20,0.31091299999999994,1.0,72,0.5983299999999999,0.0,0.0,60,0.6
strong_market_effective_participation_v1,baseline_2y_1y_5fold,2,2022-04-01,2023-03-31,2022-11-29,SH.000300,2022-11-01,available,300,0.9999999999999999,72,0.5983299999999999,71,0.5934520000000001,0.991847308341551,20,0.31091299999999994,20,0.31091299999999994,1.0,72,0.5983299999999999,0.0,0.0,60,0.6
strong_market_effective_participation_v1,baseline_2y_1y_5fold,2,2022-04-01,2023-03-31,2022-11-30,SH.000300,2022-11-01,available,300,0.9999999999999999,72,0.5983299999999999,71,0.5934520000000001,0.991847308341551,20,0.31091299999999994,20,0.31091299999999994,1.0,72,0.5983299999999999,0.0,0.0,60,0.6
strong_market_effective_participation_v1,baseline_2y_1y_5fold,2,2022-04-01,2023-03-31,2022-12-01,SH.000300,2022-11-30,available,300,0.99994,71,0.59789,70,0.5931100000000001,0.9920052183512019,20,0.31553000000000003,20,0.31553000000000003,1.0,71,0.59789,0.0,0.0,60,0.6
strong_market_effective_participation_v1,baseline_2y_1y_5fold,2,2022-04-01,2023-03-31,2022-12-02,SH.000300,2022-12-01,available,300,1.0000069999999999,71,0.5992109999999999,70,0.5944739999999998,0.9920946044047921,20,0.317353,20,0.317353,1.0,71,0.5992109999999999,0.0,0.0,60,0.6
strong_market_effective_participation_v1,baseline_2y_1y_5fold,2,2022-04-01,2023-03-31,2022-12-05,SH.000300,2022-12-01,available,300,1.0000069999999999,71,0.5992109999999999,70,0.5944739999999998,0.9920946044047921,20,0.317353,20,0.317353,1.0,71,0.5992109999999999,0.0,0.0,60,0.6
strong_market_effective_participation_v1,baseline_2y_1y_5fold,2,2022-04-01,2023-03-31,2022-12-06,SH.000300,2022-12-01,available,300,1.0000069999999999,71,0.5992109999999999,70,0.5944739999999998,0.9920946044047921,20,0.317353,20,0.317353,1.0,71,0.5992109999999999,0.0,0.0,60,0.6
strong_market_effective_participation_v1,baseline_2y_1y_5fold,2,2022-04-01,2023-03-31,2022-12-07,SH.000300,2022-12-01,available,300,1.0000069999999999,71,0.5992109999999999,70,0.5944739999999998,0.9920946044047921,20,0.317353,20,0.317353,1.0,71,0.5992109999999999,0.0,0.0,60,0.6
strong_market_effective_participation_v1,baseline_2y_1y_5fold,2,2022-04-01,2023-03-31,2022-12-08,SH.000300,2022-12-01,available,300,1.0000069999999999,71,0.5992109999999999,70,0.5944739999999998,0.9920946044047921,20,0.317353,20,0.317353,1.0,71,0.5992109999999999,0.0,0.0,60,0.6
strong_market_effective_participation_v1,baseline_2y_1y_5fold,2,2022-04-01,2023-03-31,2022-12-09,SH.000300,2022-12-01,available,300,1.0000069999999999,71,0.5992109999999999,70,0.5944739999999998,0.9920946044047921,20,0.317353,20,0.317353,1.0,71,0.5992109999999999,0.0,0.0,60,0.6
strong_market_effective_participation_v1,baseline_2y_1y_5fold,2,2022-04-01,2023-03-31,2022-12-12,SH.000300,2022-12-01,available,300,1.0000069999999999,71,0.5992109999999999,70,0.5944739999999998,0.9920946044047921,20,0.317353,20,0.317353,1.0,71,0.5992109999999999,0.0,0.0,60,0.6
strong_market_effective_participation_v1,baseline_2y_1y_5fold,2,2022-04-01,2023-03-31,2022-12-13,SH.000300,2022-12-01,available,300,1.0000069999999999,71,0.5992109999999999,70,0.5944739999999998,0.9920946044047921,20,0.317353,20,0.317353,1.0,71,0.5992109999999999,0.0,0.0,60,0.6
strong_market_effective_participation_v1,baseline_2y_1y_5fold,2,2022-04-01,2023-03-31,2022-12-14,SH.000300,2022-12-01,available,300,1.0000069999999999,71,0.5992109999999999,70,0.5944739999999998,0.9920946044047921,20,0.317353,20,0.317353,1.0,71,0.5992109999999999,0.0,0.0,60,0.6
strong_market_effective_participation_v1,baseline_2y_1y_5fold,2,2022-04-01,2023-03-31,2022-12-15,SH.000300,2022-12-01,available,300,1.0000069999999999,71,0.5992109999999999,70,0.5944739999999998,0.9920946044047921,20,0.317353,20,0.317353,1.0,71,0.5992109999999999,0.0,0.0,60,0.6
strong_market_effective_participation_v1,baseline_2y_1y_5fold,2,2022-04-01,2023-03-31,2022-12-16,SH.000300,2022-12-01,available,300,1.0000069999999999,71,0.5992109999999999,70,0.5944739999999998,0.9920946044047921,20,0.317353,20,0.317353,1.0,71,0.5992109999999999,0.0,0.0,60,0.6
strong_market_effective_participation_v1,baseline_2y_1y_5fold,2,2022-04-01,2023-03-31,2022-12-19,SH.000300,2022-12-01,available,300,1.0000069999999999,71,0.5992109999999999,70,0.5944739999999998,0.9920946044047921,20,0.317353,20,0.317353,1.0,71,0.5992109999999999,0.0,0.0,60,0.6
strong_market_effective_participation_v1,baseline_2y_1y_5fold,2,2022-04-01,2023-03-31,2022-12-20,SH.000300,2022-12-01,available,300,1.0000069999999999,71,0.5992109999999999,70,0.5944739999999998,0.9920946044047921,20,0.317353,20,0.317353,1.0,71,0.5992109999999999,0.0,0.0,60,0.6
strong_market_effective_participation_v1,baseline_2y_1y_5fold,2,2022-04-01,2023-03-31,2022-12-21,SH.000300,2022-12-01,available,300,1.0000069999999999,71,0.5992109999999999,70,0.5944739999999998,0.9920946044047921,20,0.317353,20,0.317353,1.0,71,0.5992109999999999,0.0,0.0,60,0.6
strong_market_effective_participation_v1,baseline_2y_1y_5fold,2,2022-04-01,2023-03-31,2022-12-22,SH.000300,2022-12-01,available,300,1.0000069999999999,71,0.5992109999999999,70,0.5944739999999998,0.9920946044047921,20,0.317353,20,0.317353,1.0,71,0.5992109999999999,0.0,0.0,60,0.6
strong_market_effective_participation_v1,baseline_2y_1y_5fold,2,2022-04-01,2023-03-31,2022-12-23,SH.000300,2022-12-01,available,300,1.0000069999999999,71,0.5992109999999999,70,0.5944739999999998,0.9920946044047921,20,0.317353,20,0.317353,1.0,71,0.5992109999999999,0.0,0.0,60,0.6
strong_market_effective_participation_v1,baseline_2y_1y_5fold,2,2022-04-01,2023-03-31,2022-12-26,SH.000300,2022-12-01,available,300,1.0000069999999999,71,0.5992109999999999,70,0.5944739999999998,0.9920946044047921,20,0.317353,20,0.317353,1.0,71,0.5992109999999999,0.0,0.0,60,0.6
strong_market_effective_participation_v1,baseline_2y_1y_5fold,2,2022-04-01,2023-03-31,2022-12-27,SH.000300,2022-12-01,available,300,1.0000069999999999,71,0.5992109999999999,70,0.5944739999999998,0.9920946044047921,20,0.317353,20,0.317353,1.0,71,0.5992109999999999,0.0,0.0,60,0.6
strong_market_effective_participation_v1,baseline_2y_1y_5fold,2,2022-04-01,2023-03-31,2022-12-28,SH.000300,2022-12-01,available,300,1.0000069999999999,71,0.5992109999999999,70,0.5944739999999998,0.9920946044047921,20,0.317353,20,0.317353,1.0,71,0.5992109999999999,0.0,0.0,60,0.6
strong_market_effective_participation_v1,baseline_2y_1y_5fold,2,2022-04-01,2023-03-31,2022-12-29,SH.000300,2022-12-01,available,300,1.0000069999999999,71,0.5992109999999999,70,0.5944739999999998,0.9920946044047921,20,0.317353,20,0.317353,1.0,71,0.5992109999999999,0.0,0.0,60,0.6
strong_market_effective_participation_v1,baseline_2y_1y_5fold,2,2022-04-01,2023-03-31,2022-12-30,SH.000300,2022-12-01,available,300,1.0000069999999999,71,0.5992109999999999,70,0.5944739999999998,0.9920946044047921,20,0.317353,20,0.317353,1.0,71,0.5992109999999999,0.0,0.0,60,0.6
strong_market_effective_participation_v1,baseline_2y_1y_5fold,2,2022-04-01,2023-03-31,2023-01-03,SH.000300,2022-12-30,available,300,0.99998,70,0.5973800000000001,69,0.5928800000000002,0.9924671063644582,20,0.32315,20,0.32315,1.0,70,0.5973800000000001,0.0,0.0,60,0.6
strong_market_effective_participation_v1,baseline_2y_1y_5fold,2,2022-04-01,2023-03-31,2023-01-04,SH.000300,2023-01-03,available,300,0.9999910000000001,71,0.599267,70,0.5948399999999999,0.9926126417773712,20,0.32124199999999997,20,0.32124199999999997,1.0,71,0.599267,0.0,0.0,60,0.6
strong_market_effective_participation_v1,baseline_2y_1y_5fold,2,2022-04-01,2023-03-31,2023-01-05,SH.000300,2023-01-03,available,300,0.9999910000000001,71,0.599267,70,0.5948399999999999,0.9926126417773712,20,0.32124199999999997,20,0.32124199999999997,1.0,71,0.599267,0.0,0.0,60,0.6
strong_market_effective_participation_v1,baseline_2y_1y_5fold,2,2022-04-01,2023-03-31,2023-01-06,SH.000300,2023-01-03,available,300,0.9999910000000001,71,0.599267,70,0.5948399999999999,0.9926126417773712,20,0.32124199999999997,20,0.32124199999999997,1.0,71,0.599267,0.0,0.0,60,0.6
strong_market_effective_participation_v1,baseline_2y_1y_5fold,2,2022-04-01,2023-03-31,2023-01-09,SH.000300,2023-01-03,available,300,0.9999910000000001,71,0.599267,70,0.5948399999999999,0.9926126417773712,20,0.32124199999999997,20,0.32124199999999997,1.0,71,0.599267,0.0,0.0,60,0.6
strong_market_effective_participation_v1,baseline_2y_1y_5fold,2,2022-04-01,2023-03-31,2023-01-10,SH.000300,2023-01-03,available,300,0.9999910000000001,71,0.599267,70,0.5948399999999999,0.9926126417773712,20,0.32124199999999997,20,0.32124199999999997,1.0,71,0.599267,0.0,0.0,60,0.6
strong_market_effective_participation_v1,baseline_2y_1y_5fold,2,2022-04-01,2023-03-31,2023-01-11,SH.000300,2023-01-03,available,300,0.9999910000000001,71,0.599267,70,0.5948399999999999,0.9926126417773712,20,0.32124199999999997,20,0.32124199999999997,1.0,71,0.599267,0.0,0.0,60,0.6
strong_market_effective_participation_v1,baseline_2y_1y_5fold,2,2022-04-01,2023-03-31,2023-01-12,SH.000300,2023-01-03,available,300,0.9999910000000001,71,0.599267,70,0.5948399999999999,0.9926126417773712,20,0.32124199999999997,20,0.32124199999999997,1.0,71,0.599267,0.0,0.0,60,0.6
strong_market_effective_participation_v1,baseline_2y_1y_5fold,2,2022-04-01,2023-03-31,2023-01-13,SH.000300,2023-01-03,available,300,0.9999910000000001,71,0.599267,70,0.5948399999999999,0.9926126417773712,20,0.32124199999999997,20,0.32124199999999997,1.0,71,0.599267,0.0,0.0,60,0.6
strong_market_effective_participation_v1,baseline_2y_1y_5fold,2,2022-04-01,2023-03-31,2023-01-16,SH.000300,2023-01-03,available,300,0.9999910000000001,71,0.599267,70,0.5948399999999999,0.9926126417773712,20,0.32124199999999997,20,0.32124199999999997,1.0,71,0.599267,0.0,0.0,60,0.6
strong_market_effective_participation_v1,baseline_2y_1y_5fold,2,2022-04-01,2023-03-31,2023-01-17,SH.000300,2023-01-03,available,300,0.9999910000000001,71,0.599267,70,0.5948399999999999,0.9926126417773712,20,0.32124199999999997,20,0.32124199999999997,1.0,71,0.599267,0.0,0.0,60,0.6
strong_market_effective_participation_v1,baseline_2y_1y_5fold,2,2022-04-01,2023-03-31,2023-01-18,SH.000300,2023-01-03,available,300,0.9999910000000001,71,0.599267,70,0.5948399999999999,0.9926126417773712,20,0.32124199999999997,20,0.32124199999999997,1.0,71,0.599267,0.0,0.0,60,0.6
strong_market_effective_participation_v1,baseline_2y_1y_5fold,2,2022-04-01,2023-03-31,2023-01-19,SH.000300,2023-01-03,available,300,0.9999910000000001,71,0.599267,70,0.5948399999999999,0.9926126417773712,20,0.32124199999999997,20,0.32124199999999997,1.0,71,0.599267,0.0,0.0,60,0.6
strong_market_effective_participation_v1,baseline_2y_1y_5fold,2,2022-04-01,2023-03-31,2023-01-20,SH.000300,2023-01-03,available,300,0.9999910000000001,71,0.599267,70,0.5948399999999999,0.9926126417773712,20,0.32124199999999997,20,0.32124199999999997,1.0,71,0.599267,0.0,0.0,60,0.6
strong_market_effective_participation_v1,baseline_2y_1y_5fold,2,2022-04-01,2023-03-31,2023-01-30,SH.000300,2023-01-03,available,300,0.9999910000000001,71,0.599267,70,0.5948399999999999,0.9926126417773712,20,0.32124199999999997,20,0.32124199999999997,1.0,71,0.599267,0.0,0.0,60,0.6
strong_market_effective_participation_v1,baseline_2y_1y_5fold,2,2022-04-01,2023-03-31,2023-01-31,SH.000300,2023-01-03,available,300,0.9999910000000001,71,0.599267,70,0.5948399999999999,0.9926126417773712,20,0.32124199999999997,20,0.32124199999999997,1.0,71,0.599267,0.0,0.0,60,0.6
strong_market_effective_participation_v1,baseline_2y_1y_5fold,2,2022-04-01,2023-03-31,2023-02-01,SH.000300,2023-01-31,available,300,1.0000799999999999,70,0.59933,69,0.5948300000000001,0.9924916156374619,20,0.32759999999999995,20,0.32759999999999995,1.0,70,0.59933,0.0,0.0,60,0.6
strong_market_effective_participation_v1,baseline_2y_1y_5fold,2,2022-04-01,2023-03-31,2023-02-02,SH.000300,2023-02-01,available,300,0.9999939999999999,70,0.5981179999999998,69,0.5935379999999999,0.9923426481062266,20,0.32769099999999995,20,0.32769099999999995,1.0,70,0.5981179999999998,0.0,0.0,60,0.6
strong_market_effective_participation_v1,baseline_2y_1y_5fold,2,2022-04-01,2023-03-31,2023-02-03,SH.000300,2023-02-01,available,300,0.9999939999999999,70,0.5981179999999998,69,0.5935379999999999,0.9923426481062266,20,0.32769099999999995,20,0.32769099999999995,1.0,70,0.5981179999999998,0.0,0.0,60,0.6
strong_market_effective_participation_v1,baseline_2y_1y_5fold,2,2022-04-01,2023-03-31,2023-02-06,SH.000300,2023-02-01,available,300,0.9999939999999999,70,0.5981179999999998,69,0.5935379999999999,0.9923426481062266,20,0.32769099999999995,20,0.32769099999999995,1.0,70,0.5981179999999998,0.0,0.0,60,0.6
strong_market_effective_participation_v1,baseline_2y_1y_5fold,2,2022-04-01,2023-03-31,2023-02-07,SH.000300,2023-02-01,available,300,0.9999939999999999,70,0.5981179999999998,69,0.5935379999999999,0.9923426481062266,20,0.32769099999999995,20,0.32769099999999995,1.0,70,0.5981179999999998,0.0,0.0,60,0.6
strong_market_effective_participation_v1,baseline_2y_1y_5fold,2,2022-04-01,2023-03-31,2023-02-08,SH.000300,2023-02-01,available,300,0.9999939999999999,70,0.5981179999999998,69,0.5935379999999999,0.9923426481062266,20,0.32769099999999995,20,0.32769099999999995,1.0,70,0.5981179999999998,0.0,0.0,60,0.6
strong_market_effective_participation_v1,baseline_2y_1y_5fold,2,2022-04-01,2023-03-31,2023-02-09,SH.000300,2023-02-01,available,300,0.9999939999999999,70,0.5981179999999998,69,0.5935379999999999,0.9923426481062266,20,0.32769099999999995,20,0.32769099999999995,1.0,70,0.5981179999999998,0.0,0.0,60,0.6
strong_market_effective_participation_v1,baseline_2y_1y_5fold,2,2022-04-01,2023-03-31,2023-02-10,SH.000300,2023-02-01,available,300,0.9999939999999999,70,0.5981179999999998,69,0.5935379999999999,0.9923426481062266,20,0.32769099999999995,20,0.32769099999999995,1.0,70,0.5981179999999998,0.0,0.0,60,0.6
strong_market_effective_participation_v1,baseline_2y_1y_5fold,2,2022-04-01,2023-03-31,2023-02-13,SH.000300,2023-02-01,available,300,0.9999939999999999,70,0.5981179999999998,69,0.5935379999999999,0.9923426481062266,20,0.32769099999999995,20,0.32769099999999995,1.0,70,0.5981179999999998,0.0,0.0,60,0.6
strong_market_effective_participation_v1,baseline_2y_1y_5fold,2,2022-04-01,2023-03-31,2023-02-14,SH.000300,2023-02-01,available,300,0.9999939999999999,70,0.5981179999999998,69,0.5935379999999999,0.9923426481062266,20,0.32769099999999995,20,0.32769099999999995,1.0,70,0.5981179999999998,0.0,0.0,60,0.6
strong_market_effective_participation_v1,baseline_2y_1y_5fold,2,2022-04-01,2023-03-31,2023-02-15,SH.000300,2023-02-01,available,300,0.9999939999999999,70,0.5981179999999998,69,0.5935379999999999,0.9923426481062266,20,0.32769099999999995,20,0.32769099999999995,1.0,70,0.5981179999999998,0.0,0.0,60,0.6
strong_market_effective_participation_v1,baseline_2y_1y_5fold,2,2022-04-01,2023-03-31,2023-02-16,SH.000300,2023-02-01,available,300,0.9999939999999999,70,0.5981179999999998,69,0.5935379999999999,0.9923426481062266,20,0.32769099999999995,20,0.32769099999999995,1.0,70,0.5981179999999998,0.0,0.0,60,0.6
strong_market_effective_participation_v1,baseline_2y_1y_5fold,2,2022-04-01,2023-03-31,2023-02-17,SH.000300,2023-02-01,available,300,0.9999939999999999,70,0.5981179999999998,69,0.5935379999999999,0.9923426481062266,20,0.32769099999999995,20,0.32769099999999995,1.0,70,0.5981179999999998,0.0,0.0,60,0.6
strong_market_effective_participation_v1,baseline_2y_1y_5fold,2,2022-04-01,2023-03-31,2023-02-20,SH.000300,2023-02-01,available,300,0.9999939999999999,70,0.5981179999999998,69,0.5935379999999999,0.9923426481062266,20,0.32769099999999995,20,0.32769099999999995,1.0,70,0.5981179999999998,0.0,0.0,60,0.6
strong_market_effective_participation_v1,baseline_2y_1y_5fold,2,2022-04-01,2023-03-31,2023-02-21,SH.000300,2023-02-01,available,300,0.9999939999999999,70,0.5981179999999998,69,0.5935379999999999,0.9923426481062266,20,0.32769099999999995,20,0.32769099999999995,1.0,70,0.5981179999999998,0.0,0.0,60,0.6
strong_market_effective_participation_v1,baseline_2y_1y_5fold,2,2022-04-01,2023-03-31,2023-02-22,SH.000300,2023-02-01,available,300,0.9999939999999999,70,0.5981179999999998,69,0.5935379999999999,0.9923426481062266,20,0.32769099999999995,20,0.32769099999999995,1.0,70,0.5981179999999998,0.0,0.0,60,0.6
strong_market_effective_participation_v1,baseline_2y_1y_5fold,2,2022-04-01,2023-03-31,2023-02-23,SH.000300,2023-02-01,available,300,0.9999939999999999,70,0.5981179999999998,69,0.5935379999999999,0.9923426481062266,20,0.32769099999999995,20,0.32769099999999995,1.0,70,0.5981179999999998,0.0,0.0,60,0.6
strong_market_effective_participation_v1,baseline_2y_1y_5fold,2,2022-04-01,2023-03-31,2023-02-24,SH.000300,2023-02-01,available,300,0.9999939999999999,70,0.5981179999999998,69,0.5935379999999999,0.9923426481062266,20,0.32769099999999995,20,0.32769099999999995,1.0,70,0.5981179999999998,0.0,0.0,60,0.6
strong_market_effective_participation_v1,baseline_2y_1y_5fold,2,2022-04-01,2023-03-31,2023-02-27,SH.000300,2023-02-01,available,300,0.9999939999999999,70,0.5981179999999998,69,0.5935379999999999,0.9923426481062266,20,0.32769099999999995,20,0.32769099999999995,1.0,70,0.5981179999999998,0.0,0.0,60,0.6
strong_market_effective_participation_v1,baseline_2y_1y_5fold,2,2022-04-01,2023-03-31,2023-02-28,SH.000300,2023-02-01,available,300,0.9999939999999999,70,0.5981179999999998,69,0.5935379999999999,0.9923426481062266,20,0.32769099999999995,20,0.32769099999999995,1.0,70,0.5981179999999998,0.0,0.0,60,0.6
strong_market_effective_participation_v1,baseline_2y_1y_5fold,2,2022-04-01,2023-03-31,2023-03-01,SH.000300,2023-02-28,available,300,1.00006,72,0.5986,71,0.5941000000000001,0.9924824590711662,20,0.31926000000000004,20,0.31926000000000004,1.0,72,0.5986,0.0,0.0,60,0.6
strong_market_effective_participation_v1,baseline_2y_1y_5fold,2,2022-04-01,2023-03-31,2023-03-02,SH.000300,2023-03-01,available,300,0.9999959999999999,72,0.5996729999999999,71,0.5951770000000002,0.9925025805730795,20,0.320479,20,0.320479,1.0,72,0.5996729999999999,0.0,0.0,60,0.6
strong_market_effective_participation_v1,baseline_2y_1y_5fold,2,2022-04-01,2023-03-31,2023-03-03,SH.000300,2023-03-01,available,300,0.9999959999999999,72,0.5996729999999999,71,0.5951770000000002,0.9925025805730795,20,0.320479,20,0.320479,1.0,72,0.5996729999999999,0.0,0.0,60,0.6
strong_market_effective_participation_v1,baseline_2y_1y_5fold,2,2022-04-01,2023-03-31,2023-03-06,SH.000300,2023-03-01,available,300,0.9999959999999999,72,0.5996729999999999,71,0.5951770000000002,0.9925025805730795,20,0.320479,20,0.320479,1.0,72,0.5996729999999999,0.0,0.0,60,0.6
strong_market_effective_participation_v1,baseline_2y_1y_5fold,2,2022-04-01,2023-03-31,2023-03-07,SH.000300,2023-03-01,available,300,0.9999959999999999,72,0.5996729999999999,71,0.5951770000000002,0.9925025805730795,20,0.320479,20,0.320479,1.0,72,0.5996729999999999,0.0,0.0,60,0.6
strong_market_effective_participation_v1,baseline_2y_1y_5fold,2,2022-04-01,2023-03-31,2023-03-08,SH.000300,2023-03-01,available,300,0.9999959999999999,72,0.5996729999999999,71,0.5951770000000002,0.9925025805730795,20,0.320479,20,0.320479,1.0,72,0.5996729999999999,0.0,0.0,60,0.6
strong_market_effective_participation_v1,baseline_2y_1y_5fold,2,2022-04-01,2023-03-31,2023-03-09,SH.000300,2023-03-01,available,300,0.9999959999999999,72,0.5996729999999999,71,0.5951770000000002,0.9925025805730795,20,0.320479,20,0.320479,1.0,72,0.5996729999999999,0.0,0.0,60,0.6
strong_market_effective_participation_v1,baseline_2y_1y_5fold,2,2022-04-01,2023-03-31,2023-03-10,SH.000300,2023-03-01,available,300,0.9999959999999999,72,0.5996729999999999,71,0.5951770000000002,0.9925025805730795,20,0.320479,20,0.320479,1.0,72,0.5996729999999999,0.0,0.0,60,0.6
strong_market_effective_participation_v1,baseline_2y_1y_5fold,2,2022-04-01,2023-03-31,2023-03-13,SH.000300,2023-03-01,available,300,0.9999959999999999,72,0.5996729999999999,71,0.5951770000000002,0.9925025805730795,20,0.320479,20,0.320479,1.0,72,0.5996729999999999,0.0,0.0,60,0.6
strong_market_effective_participation_v1,baseline_2y_1y_5fold,2,2022-04-01,2023-03-31,2023-03-14,SH.000300,2023-03-01,available,300,0.9999959999999999,72,0.5996729999999999,71,0.5951770000000002,0.9925025805730795,20,0.320479,20,0.320479,1.0,72,0.5996729999999999,0.0,0.0,60,0.6
strong_market_effective_participation_v1,baseline_2y_1y_5fold,2,2022-04-01,2023-03-31,2023-03-15,SH.000300,2023-03-01,available,300,0.9999959999999999,72,0.5996729999999999,71,0.5951770000000002,0.9925025805730795,20,0.320479,20,0.320479,1.0,72,0.5996729999999999,0.0,0.0,60,0.6
strong_market_effective_participation_v1,baseline_2y_1y_5fold,2,2022-04-01,2023-03-31,2023-03-16,SH.000300,2023-03-01,available,300,0.9999959999999999,72,0.5996729999999999,71,0.5951770000000002,0.9925025805730795,20,0.320479,20,0.320479,1.0,72,0.5996729999999999,0.0,0.0,60,0.6
strong_market_effective_participation_v1,baseline_2y_1y_5fold,2,2022-04-01,2023-03-31,2023-03-17,SH.000300,2023-03-01,available,300,0.9999959999999999,72,0.5996729999999999,71,0.5951770000000002,0.9925025805730795,20,0.320479,20,0.320479,1.0,72,0.5996729999999999,0.0,0.0,60,0.6
strong_market_effective_participation_v1,baseline_2y_1y_5fold,2,2022-04-01,2023-03-31,2023-03-20,SH.000300,2023-03-01,available,300,0.9999959999999999,72,0.5996729999999999,71,0.5951770000000002,0.9925025805730795,20,0.320479,20,0.320479,1.0,72,0.5996729999999999,0.0,0.0,60,0.6
strong_market_effective_participation_v1,baseline_2y_1y_5fold,2,2022-04-01,2023-03-31,2023-03-21,SH.000300,2023-03-01,available,300,0.9999959999999999,72,0.5996729999999999,71,0.5951770000000002,0.9925025805730795,20,0.320479,20,0.320479,1.0,72,0.5996729999999999,0.0,0.0,60,0.6
strong_market_effective_participation_v1,baseline_2y_1y_5fold,2,2022-04-01,2023-03-31,2023-03-22,SH.000300,2023-03-01,available,300,0.9999959999999999,72,0.5996729999999999,71,0.5951770000000002,0.9925025805730795,20,0.320479,20,0.320479,1.0,72,0.5996729999999999,0.0,0.0,60,0.6
strong_market_effective_participation_v1,baseline_2y_1y_5fold,2,2022-04-01,2023-03-31,2023-03-23,SH.000300,2023-03-01,available,300,0.9999959999999999,72,0.5996729999999999,71,0.5951770000000002,0.9925025805730795,20,0.320479,20,0.320479,1.0,72,0.5996729999999999,0.0,0.0,60,0.6
strong_market_effective_participation_v1,baseline_2y_1y_5fold,2,2022-04-01,2023-03-31,2023-03-24,SH.000300,2023-03-01,available,300,0.9999959999999999,72,0.5996729999999999,71,0.5951770000000002,0.9925025805730795,20,0.320479,20,0.320479,1.0,72,0.5996729999999999,0.0,0.0,60,0.6
strong_market_effective_participation_v1,baseline_2y_1y_5fold,2,2022-04-01,2023-03-31,2023-03-27,SH.000300,2023-03-01,available,300,0.9999959999999999,72,0.5996729999999999,71,0.5951770000000002,0.9925025805730795,20,0.320479,20,0.320479,1.0,72,0.5996729999999999,0.0,0.0,60,0.6
strong_market_effective_participation_v1,baseline_2y_1y_5fold,2,2022-04-01,2023-03-31,2023-03-28,SH.000300,2023-03-01,available,300,0.9999959999999999,72,0.5996729999999999,71,0.5951770000000002,0.9925025805730795,20,0.320479,20,0.320479,1.0,72,0.5996729999999999,0.0,0.0,60,0.6
strong_market_effective_participation_v1,baseline_2y_1y_5fold,2,2022-04-01,2023-03-31,2023-03-29,SH.000300,2023-03-01,available,300,0.9999959999999999,72,0.5996729999999999,71,0.5951770000000002,0.9925025805730795,20,0.320479,20,0.320479,1.0,72,0.5996729999999999,0.0,0.0,60,0.6
strong_market_effective_participation_v1,baseline_2y_1y_5fold,2,2022-04-01,2023-03-31,2023-03-30,SH.000300,2023-03-01,available,300,0.9999959999999999,72,0.5996729999999999,71,0.5951770000000002,0.9925025805730795,20,0.320479,20,0.320479,1.0,72,0.5996729999999999,0.0,0.0,60,0.6
strong_market_effective_participation_v1,baseline_2y_1y_5fold,2,2022-04-01,2023-03-31,2023-03-31,SH.000300,2023-03-01,available,300,0.9999959999999999,72,0.5996729999999999,71,0.5951770000000002,0.9925025805730795,20,0.320479,20,0.320479,1.0,72,0.5996729999999999,0.0,0.0,60,0.6
strong_market_effective_participation_v1,baseline_2y_1y_5fold,3,2023-04-03,2024-03-29,2023-04-03,SH.000300,2023-03-31,available,300,0.99999,73,0.59873,72,0.59438,0.9927346216157534,20,0.31469,20,0.31469,1.0,73,0.59873,0.0,0.0,60,0.6
strong_market_effective_participation_v1,baseline_2y_1y_5fold,3,2023-04-03,2024-03-29,2023-04-04,SH.000300,2023-04-03,available,300,0.999995,73,0.596934,72,0.592531,0.9926239751798357,20,0.31221799999999994,20,0.31221799999999994,1.0,73,0.596934,0.0,0.0,60,0.6
strong_market_effective_participation_v1,baseline_2y_1y_5fold,3,2023-04-03,2024-03-29,2023-04-06,SH.000300,2023-04-03,available,300,0.999995,73,0.596934,72,0.592531,0.9926239751798357,20,0.31221799999999994,20,0.31221799999999994,1.0,73,0.596934,0.0,0.0,60,0.6
strong_market_effective_participation_v1,baseline_2y_1y_5fold,3,2023-04-03,2024-03-29,2023-04-07,SH.000300,2023-04-03,available,300,0.999995,73,0.596934,72,0.592531,0.9926239751798357,20,0.31221799999999994,20,0.31221799999999994,1.0,73,0.596934,0.0,0.0,60,0.6
strong_market_effective_participation_v1,baseline_2y_1y_5fold,3,2023-04-03,2024-03-29,2023-04-10,SH.000300,2023-04-03,available,300,0.999995,73,0.596934,72,0.592531,0.9926239751798357,20,0.31221799999999994,20,0.31221799999999994,1.0,73,0.596934,0.0,0.0,60,0.6
strong_market_effective_participation_v1,baseline_2y_1y_5fold,3,2023-04-03,2024-03-29,2023-04-11,SH.000300,2023-04-03,available,300,0.999995,73,0.596934,72,0.592531,0.9926239751798357,20,0.31221799999999994,20,0.31221799999999994,1.0,73,0.596934,0.0,0.0,60,0.6
strong_market_effective_participation_v1,baseline_2y_1y_5fold,3,2023-04-03,2024-03-29,2023-04-12,SH.000300,2023-04-03,available,300,0.999995,73,0.596934,72,0.592531,0.9926239751798357,20,0.31221799999999994,20,0.31221799999999994,1.0,73,0.596934,0.0,0.0,60,0.6
strong_market_effective_participation_v1,baseline_2y_1y_5fold,3,2023-04-03,2024-03-29,2023-04-13,SH.000300,2023-04-03,available,300,0.999995,73,0.596934,72,0.592531,0.9926239751798357,20,0.31221799999999994,20,0.31221799999999994,1.0,73,0.596934,0.0,0.0,60,0.6
strong_market_effective_participation_v1,baseline_2y_1y_5fold,3,2023-04-03,2024-03-29,2023-04-14,SH.000300,2023-04-03,available,300,0.999995,73,0.596934,72,0.592531,0.9926239751798357,20,0.31221799999999994,20,0.31221799999999994,1.0,73,0.596934,0.0,0.0,60,0.6
strong_market_effective_participation_v1,baseline_2y_1y_5fold,3,2023-04-03,2024-03-29,2023-04-17,SH.000300,2023-04-03,available,300,0.999995,73,0.596934,72,0.592531,0.9926239751798357,20,0.31221799999999994,20,0.31221799999999994,1.0,73,0.596934,0.0,0.0,60,0.6
strong_market_effective_participation_v1,baseline_2y_1y_5fold,3,2023-04-03,2024-03-29,2023-04-18,SH.000300,2023-04-03,available,300,0.999995,73,0.596934,72,0.592531,0.9926239751798357,20,0.31221799999999994,20,0.31221799999999994,1.0,73,0.596934,0.0,0.0,60,0.6
strong_market_effective_participation_v1,baseline_2y_1y_5fold,3,2023-04-03,2024-03-29,2023-04-19,SH.000300,2023-04-03,available,300,0.999995,73,0.596934,72,0.592531,0.9926239751798357,20,0.31221799999999994,20,0.31221799999999994,1.0,73,0.596934,0.0,0.0,60,0.6
strong_market_effective_participation_v1,baseline_2y_1y_5fold,3,2023-04-03,2024-03-29,2023-04-20,SH.000300,2023-04-03,available,300,0.999995,73,0.596934,72,0.592531,0.9926239751798357,20,0.31221799999999994,20,0.31221799999999994,1.0,73,0.596934,0.0,0.0,60,0.6
strong_market_effective_participation_v1,baseline_2y_1y_5fold,3,2023-04-03,2024-03-29,2023-04-21,SH.000300,2023-04-03,available,300,0.999995,73,0.596934,72,0.592531,0.9926239751798357,20,0.31221799999999994,20,0.31221799999999994,1.0,73,0.596934,0.0,0.0,60,0.6
strong_market_effective_participation_v1,baseline_2y_1y_5fold,3,2023-04-03,2024-03-29,2023-04-24,SH.000300,2023-04-03,available,300,0.999995,73,0.596934,72,0.592531,0.9926239751798357,20,0.31221799999999994,20,0.31221799999999994,1.0,73,0.596934,0.0,0.0,60,0.6
strong_market_effective_participation_v1,baseline_2y_1y_5fold,3,2023-04-03,2024-03-29,2023-04-25,SH.000300,2023-04-03,available,300,0.999995,73,0.596934,72,0.592531,0.9926239751798357,20,0.31221799999999994,20,0.31221799999999994,1.0,73,0.596934,0.0,0.0,60,0.6
strong_market_effective_participation_v1,baseline_2y_1y_5fold,3,2023-04-03,2024-03-29,2023-04-26,SH.000300,2023-04-03,available,300,0.999995,73,0.596934,72,0.592531,0.9926239751798357,20,0.31221799999999994,20,0.31221799999999994,1.0,73,0.596934,0.0,0.0,60,0.6
strong_market_effective_participation_v1,baseline_2y_1y_5fold,3,2023-04-03,2024-03-29,2023-04-27,SH.000300,2023-04-03,available,300,0.999995,73,0.596934,72,0.592531,0.9926239751798357,20,0.31221799999999994,20,0.31221799999999994,1.0,73,0.596934,0.0,0.0,60,0.6
strong_market_effective_participation_v1,baseline_2y_1y_5fold,3,2023-04-03,2024-03-29,2023-04-28,SH.000300,2023-04-03,available,300,0.999995,73,0.596934,72,0.592531,0.9926239751798357,20,0.31221799999999994,20,0.31221799999999994,1.0,73,0.596934,0.0,0.0,60,0.6
strong_market_effective_participation_v1,baseline_2y_1y_5fold,3,2023-04-03,2024-03-29,2023-05-04,SH.000300,2023-04-28,available,300,1.00005,72,0.59684,71,0.5922399999999999,0.9922927417733394,20,0.31385,20,0.31385,1.0,72,0.59684,0.0,0.0,60,0.6
strong_market_effective_participation_v1,baseline_2y_1y_5fold,3,2023-04-03,2024-03-29,2023-05-05,SH.000300,2023-04-28,available,300,1.00005,72,0.59684,71,0.5922399999999999,0.9922927417733394,20,0.31385,20,0.31385,1.0,72,0.59684,0.0,0.0,60,0.6
strong_market_effective_participation_v1,baseline_2y_1y_5fold,3,2023-04-03,2024-03-29,2023-05-08,SH.000300,2023-04-28,available,300,1.00005,72,0.59684,71,0.5922399999999999,0.9922927417733394,20,0.31385,20,0.31385,1.0,72,0.59684,0.0,0.0,60,0.6
strong_market_effective_participation_v1,baseline_2y_1y_5fold,3,2023-04-03,2024-03-29,2023-05-09,SH.000300,2023-04-28,available,300,1.00005,72,0.59684,71,0.5922399999999999,0.9922927417733394,20,0.31385,20,0.31385,1.0,72,0.59684,0.0,0.0,60,0.6
strong_market_effective_participation_v1,baseline_2y_1y_5fold,3,2023-04-03,2024-03-29,2023-05-10,SH.000300,2023-04-28,available,300,1.00005,72,0.59684,71,0.5922399999999999,0.9922927417733394,20,0.31385,20,0.31385,1.0,72,0.59684,0.0,0.0,60,0.6
strong_market_effective_participation_v1,baseline_2y_1y_5fold,3,2023-04-03,2024-03-29,2023-05-11,SH.000300,2023-04-28,available,300,1.00005,72,0.59684,71,0.5922399999999999,0.9922927417733394,20,0.31385,20,0.31385,1.0,72,0.59684,0.0,0.0,60,0.6
strong_market_effective_participation_v1,baseline_2y_1y_5fold,3,2023-04-03,2024-03-29,2023-05-12,SH.000300,2023-04-28,available,300,1.00005,72,0.59684,71,0.5922399999999999,0.9922927417733394,20,0.31385,20,0.31385,1.0,72,0.59684,0.0,0.0,60,0.6
strong_market_effective_participation_v1,baseline_2y_1y_5fold,3,2023-04-03,2024-03-29,2023-05-15,SH.000300,2023-04-28,available,300,1.00005,72,0.59684,71,0.5922399999999999,0.9922927417733394,20,0.31385,20,0.31385,1.0,72,0.59684,0.0,0.0,60,0.6
strong_market_effective_participation_v1,baseline_2y_1y_5fold,3,2023-04-03,2024-03-29,2023-05-16,SH.000300,2023-04-28,available,300,1.00005,72,0.59684,71,0.5922399999999999,0.9922927417733394,20,0.31385,20,0.31385,1.0,72,0.59684,0.0,0.0,60,0.6
strong_market_effective_participation_v1,baseline_2y_1y_5fold,3,2023-04-03,2024-03-29,2023-05-17,SH.000300,2023-04-28,available,300,1.00005,72,0.59684,71,0.5922399999999999,0.9922927417733394,20,0.31385,20,0.31385,1.0,72,0.59684,0.0,0.0,60,0.6
strong_market_effective_participation_v1,baseline_2y_1y_5fold,3,2023-04-03,2024-03-29,2023-05-18,SH.000300,2023-04-28,available,300,1.00005,72,0.59684,71,0.5922399999999999,0.9922927417733394,20,0.31385,20,0.31385,1.0,72,0.59684,0.0,0.0,60,0.6
strong_market_effective_participation_v1,baseline_2y_1y_5fold,3,2023-04-03,2024-03-29,2023-05-19,SH.000300,2023-04-28,available,300,1.00005,72,0.59684,71,0.5922399999999999,0.9922927417733394,20,0.31385,20,0.31385,1.0,72,0.59684,0.0,0.0,60,0.6
strong_market_effective_participation_v1,baseline_2y_1y_5fold,3,2023-04-03,2024-03-29,2023-05-22,SH.000300,2023-04-28,available,300,1.00005,72,0.59684,71,0.5922399999999999,0.9922927417733394,20,0.31385,20,0.31385,1.0,72,0.59684,0.0,0.0,60,0.6
strong_market_effective_participation_v1,baseline_2y_1y_5fold,3,2023-04-03,2024-03-29,2023-05-23,SH.000300,2023-04-28,available,300,1.00005,72,0.59684,71,0.5922399999999999,0.9922927417733394,20,0.31385,20,0.31385,1.0,72,0.59684,0.0,0.0,60,0.6
strong_market_effective_participation_v1,baseline_2y_1y_5fold,3,2023-04-03,2024-03-29,2023-05-24,SH.000300,2023-04-28,available,300,1.00005,72,0.59684,71,0.5922399999999999,0.9922927417733394,20,0.31385,20,0.31385,1.0,72,0.59684,0.0,0.0,60,0.6
strong_market_effective_participation_v1,baseline_2y_1y_5fold,3,2023-04-03,2024-03-29,2023-05-25,SH.000300,2023-04-28,available,300,1.00005,72,0.59684,71,0.5922399999999999,0.9922927417733394,20,0.31385,20,0.31385,1.0,72,0.59684,0.0,0.0,60,0.6
strong_market_effective_participation_v1,baseline_2y_1y_5fold,3,2023-04-03,2024-03-29,2023-05-26,SH.000300,2023-04-28,available,300,1.00005,72,0.59684,71,0.5922399999999999,0.9922927417733394,20,0.31385,20,0.31385,1.0,72,0.59684,0.0,0.0,60,0.6
strong_market_effective_participation_v1,baseline_2y_1y_5fold,3,2023-04-03,2024-03-29,2023-05-29,SH.000300,2023-04-28,available,300,1.00005,72,0.59684,71,0.5922399999999999,0.9922927417733394,20,0.31385,20,0.31385,1.0,72,0.59684,0.0,0.0,60,0.6
strong_market_effective_participation_v1,baseline_2y_1y_5fold,3,2023-04-03,2024-03-29,2023-05-30,SH.000300,2023-04-28,available,300,1.00005,72,0.59684,71,0.5922399999999999,0.9922927417733394,20,0.31385,20,0.31385,1.0,72,0.59684,0.0,0.0,60,0.6
strong_market_effective_participation_v1,baseline_2y_1y_5fold,3,2023-04-03,2024-03-29,2023-05-31,SH.000300,2023-04-28,available,300,1.00005,72,0.59684,71,0.5922399999999999,0.9922927417733394,20,0.31385,20,0.31385,1.0,72,0.59684,0.0,0.0,60,0.6
strong_market_effective_participation_v1,baseline_2y_1y_5fold,3,2023-04-03,2024-03-29,2023-06-01,SH.000300,2023-05-31,available,300,1.00001,73,0.59622,72,0.59125,0.9916641508168127,20,0.30939999999999995,20,0.30939999999999995,1.0,73,0.59622,0.0,0.0,60,0.6
strong_market_effective_participation_v1,baseline_2y_1y_5fold,3,2023-04-03,2024-03-29,2023-06-02,SH.000300,2023-06-01,available,300,0.999992,73,0.596929,72,0.591969,0.9916908040989798,20,0.30988299999999996,20,0.30988299999999996,1.0,73,0.596929,0.0,0.0,60,0.6
strong_market_effective_participation_v1,baseline_2y_1y_5fold,3,2023-04-03,2024-03-29,2023-06-05,SH.000300,2023-06-02,available,300,1.000008,73,0.5986210000000001,72,0.593695,0.99177108721545,20,0.312148,20,0.312148,1.0,73,0.5986210000000001,0.0,0.0,60,0.6
strong_market_effective_participation_v1,baseline_2y_1y_5fold,3,2023-04-03,2024-03-29,2023-06-06,SH.000300,2023-06-02,available,300,1.000008,73,0.5986210000000001,72,0.593695,0.99177108721545,20,0.312148,20,0.312148,1.0,73,0.5986210000000001,0.0,0.0,60,0.6
strong_market_effective_participation_v1,baseline_2y_1y_5fold,3,2023-04-03,2024-03-29,2023-06-07,SH.000300,2023-06-02,available,300,1.000008,73,0.5986210000000001,72,0.593695,0.99177108721545,20,0.312148,20,0.312148,1.0,73,0.5986210000000001,0.0,0.0,60,0.6
strong_market_effective_participation_v1,baseline_2y_1y_5fold,3,2023-04-03,2024-03-29,2023-06-08,SH.000300,2023-06-02,available,300,1.000008,73,0.5986210000000001,72,0.593695,0.99177108721545,20,0.312148,20,0.312148,1.0,73,0.5986210000000001,0.0,0.0,60,0.6
strong_market_effective_participation_v1,baseline_2y_1y_5fold,3,2023-04-03,2024-03-29,2023-06-09,SH.000300,2023-06-02,available,300,1.000008,73,0.5986210000000001,72,0.593695,0.99177108721545,20,0.312148,20,0.312148,1.0,73,0.5986210000000001,0.0,0.0,60,0.6
strong_market_effective_participation_v1,baseline_2y_1y_5fold,3,2023-04-03,2024-03-29,2023-06-12,SH.000300,2023-06-02,available,300,1.000008,73,0.5986210000000001,72,0.593695,0.99177108721545,20,0.312148,20,0.312148,1.0,73,0.5986210000000001,0.0,0.0,60,0.6
strong_market_effective_participation_v1,baseline_2y_1y_5fold,3,2023-04-03,2024-03-29,2023-06-13,SH.000300,2023-06-02,available,300,1.000008,73,0.5986210000000001,72,0.593695,0.99177108721545,20,0.312148,20,0.312148,1.0,73,0.5986210000000001,0.0,0.0,60,0.6
strong_market_effective_participation_v1,baseline_2y_1y_5fold,3,2023-04-03,2024-03-29,2023-06-14,SH.000300,2023-06-02,available,300,1.000008,73,0.5986210000000001,72,0.593695,0.99177108721545,20,0.312148,20,0.312148,1.0,73,0.5986210000000001,0.0,0.0,60,0.6
strong_market_effective_participation_v1,baseline_2y_1y_5fold,3,2023-04-03,2024-03-29,2023-06-15,SH.000300,2023-06-02,available,300,1.000008,73,0.5986210000000001,72,0.593695,0.99177108721545,20,0.312148,20,0.312148,1.0,73,0.5986210000000001,0.0,0.0,60,0.6
strong_market_effective_participation_v1,baseline_2y_1y_5fold,3,2023-04-03,2024-03-29,2023-06-16,SH.000300,2023-06-02,available,300,1.000008,73,0.5986210000000001,72,0.593695,0.99177108721545,20,0.312148,20,0.312148,1.0,73,0.5986210000000001,0.0,0.0,60,0.6
strong_market_effective_participation_v1,baseline_2y_1y_5fold,3,2023-04-03,2024-03-29,2023-06-19,SH.000300,2023-06-02,available,300,1.000008,73,0.5986210000000001,72,0.593695,0.99177108721545,20,0.312148,20,0.312148,1.0,73,0.5986210000000001,0.0,0.0,60,0.6
strong_market_effective_participation_v1,baseline_2y_1y_5fold,3,2023-04-03,2024-03-29,2023-06-20,SH.000300,2023-06-02,available,300,1.000008,73,0.5986210000000001,72,0.593695,0.99177108721545,20,0.312148,20,0.312148,1.0,73,0.5986210000000001,0.0,0.0,60,0.6
strong_market_effective_participation_v1,baseline_2y_1y_5fold,3,2023-04-03,2024-03-29,2023-06-21,SH.000300,2023-06-02,available,300,1.000008,73,0.5986210000000001,72,0.593695,0.99177108721545,20,0.312148,20,0.312148,1.0,73,0.5986210000000001,0.0,0.0,60,0.6
strong_market_effective_participation_v1,baseline_2y_1y_5fold,3,2023-04-03,2024-03-29,2023-06-26,SH.000300,2023-06-02,available,300,1.000008,73,0.5986210000000001,72,0.593695,0.99177108721545,20,0.312148,20,0.312148,1.0,73,0.5986210000000001,0.0,0.0,60,0.6
strong_market_effective_participation_v1,baseline_2y_1y_5fold,3,2023-04-03,2024-03-29,2023-06-27,SH.000300,2023-06-02,available,300,1.000008,73,0.5986210000000001,72,0.593695,0.99177108721545,20,0.312148,20,0.312148,1.0,73,0.5986210000000001,0.0,0.0,60,0.6
strong_market_effective_participation_v1,baseline_2y_1y_5fold,3,2023-04-03,2024-03-29,2023-06-28,SH.000300,2023-06-02,available,300,1.000008,73,0.5986210000000001,72,0.593695,0.99177108721545,20,0.312148,20,0.312148,1.0,73,0.5986210000000001,0.0,0.0,60,0.6
strong_market_effective_participation_v1,baseline_2y_1y_5fold,3,2023-04-03,2024-03-29,2023-06-29,SH.000300,2023-06-02,available,300,1.000008,73,0.5986210000000001,72,0.593695,0.99177108721545,20,0.312148,20,0.312148,1.0,73,0.5986210000000001,0.0,0.0,60,0.6
strong_market_effective_participation_v1,baseline_2y_1y_5fold,3,2023-04-03,2024-03-29,2023-06-30,SH.000300,2023-06-02,available,300,1.000008,73,0.5986210000000001,72,0.593695,0.99177108721545,20,0.312148,20,0.312148,1.0,73,0.5986210000000001,0.0,0.0,60,0.6
strong_market_effective_participation_v1,baseline_2y_1y_5fold,3,2023-04-03,2024-03-29,2023-07-03,SH.000300,2023-06-30,available,300,0.99989,74,0.5961599999999999,73,0.5914499999999999,0.9920994363929146,20,0.30732,20,0.30732,1.0,74,0.5961599999999999,0.0,0.0,60,0.6
strong_market_effective_participation_v1,baseline_2y_1y_5fold,3,2023-04-03,2024-03-29,2023-07-04,SH.000300,2023-07-03,available,300,1.0000040000000001,74,0.597479,73,0.5927490000000001,0.9920834037681661,20,0.309056,20,0.309056,1.0,74,0.597479,0.0,0.0,60,0.6
strong_market_effective_participation_v1,baseline_2y_1y_5fold,3,2023-04-03,2024-03-29,2023-07-05,SH.000300,2023-07-03,available,300,1.0000040000000001,74,0.597479,73,0.5927490000000001,0.9920834037681661,20,0.309056,20,0.309056,1.0,74,0.597479,0.0,0.0,60,0.6
strong_market_effective_participation_v1,baseline_2y_1y_5fold,3,2023-04-03,2024-03-29,2023-07-06,SH.000300,2023-07-03,available,300,1.0000040000000001,74,0.597479,73,0.5927490000000001,0.9920834037681661,20,0.309056,20,0.309056,1.0,74,0.597479,0.0,0.0,60,0.6
strong_market_effective_participation_v1,baseline_2y_1y_5fold,3,2023-04-03,2024-03-29,2023-07-07,SH.000300,2023-07-03,available,300,1.0000040000000001,74,0.597479,73,0.5927490000000001,0.9920834037681661,20,0.309056,20,0.309056,1.0,74,0.597479,0.0,0.0,60,0.6
strong_market_effective_participation_v1,baseline_2y_1y_5fold,3,2023-04-03,2024-03-29,2023-07-10,SH.000300,2023-07-03,available,300,1.0000040000000001,74,0.597479,73,0.5927490000000001,0.9920834037681661,20,0.309056,20,0.309056,1.0,74,0.597479,0.0,0.0,60,0.6
strong_market_effective_participation_v1,baseline_2y_1y_5fold,3,2023-04-03,2024-03-29,2023-07-11,SH.000300,2023-07-03,available,300,1.0000040000000001,74,0.597479,73,0.5927490000000001,0.9920834037681661,20,0.309056,20,0.309056,1.0,74,0.597479,0.0,0.0,60,0.6
strong_market_effective_participation_v1,baseline_2y_1y_5fold,3,2023-04-03,2024-03-29,2023-07-12,SH.000300,2023-07-03,available,300,1.0000040000000001,74,0.597479,73,0.5927490000000001,0.9920834037681661,20,0.309056,20,0.309056,1.0,74,0.597479,0.0,0.0,60,0.6
strong_market_effective_participation_v1,baseline_2y_1y_5fold,3,2023-04-03,2024-03-29,2023-07-13,SH.000300,2023-07-03,available,300,1.0000040000000001,74,0.597479,73,0.5927490000000001,0.9920834037681661,20,0.309056,20,0.309056,1.0,74,0.597479,0.0,0.0,60,0.6
strong_market_effective_participation_v1,baseline_2y_1y_5fold,3,2023-04-03,2024-03-29,2023-07-14,SH.000300,2023-07-03,available,300,1.0000040000000001,74,0.597479,73,0.5927490000000001,0.9920834037681661,20,0.309056,20,0.309056,1.0,74,0.597479,0.0,0.0,60,0.6
strong_market_effective_participation_v1,baseline_2y_1y_5fold,3,2023-04-03,2024-03-29,2023-07-17,SH.000300,2023-07-03,available,300,1.0000040000000001,74,0.597479,73,0.5927490000000001,0.9920834037681661,20,0.309056,20,0.309056,1.0,74,0.597479,0.0,0.0,60,0.6
strong_market_effective_participation_v1,baseline_2y_1y_5fold,3,2023-04-03,2024-03-29,2023-07-18,SH.000300,2023-07-03,available,300,1.0000040000000001,74,0.597479,73,0.5927490000000001,0.9920834037681661,20,0.309056,20,0.309056,1.0,74,0.597479,0.0,0.0,60,0.6
strong_market_effective_participation_v1,baseline_2y_1y_5fold,3,2023-04-03,2024-03-29,2023-07-19,SH.000300,2023-07-03,available,300,1.0000040000000001,74,0.597479,73,0.5927490000000001,0.9920834037681661,20,0.309056,20,0.309056,1.0,74,0.597479,0.0,0.0,60,0.6
strong_market_effective_participation_v1,baseline_2y_1y_5fold,3,2023-04-03,2024-03-29,2023-07-20,SH.000300,2023-07-03,available,300,1.0000040000000001,74,0.597479,73,0.5927490000000001,0.9920834037681661,20,0.309056,20,0.309056,1.0,74,0.597479,0.0,0.0,60,0.6
strong_market_effective_participation_v1,baseline_2y_1y_5fold,3,2023-04-03,2024-03-29,2023-07-21,SH.000300,2023-07-03,available,300,1.0000040000000001,74,0.597479,73,0.5927490000000001,0.9920834037681661,20,0.309056,20,0.309056,1.0,74,0.597479,0.0,0.0,60,0.6
strong_market_effective_participation_v1,baseline_2y_1y_5fold,3,2023-04-03,2024-03-29,2023-07-24,SH.000300,2023-07-03,available,300,1.0000040000000001,74,0.597479,73,0.5927490000000001,0.9920834037681661,20,0.309056,20,0.309056,1.0,74,0.597479,0.0,0.0,60,0.6
strong_market_effective_participation_v1,baseline_2y_1y_5fold,3,2023-04-03,2024-03-29,2023-07-25,SH.000300,2023-07-03,available,300,1.0000040000000001,74,0.597479,73,0.5927490000000001,0.9920834037681661,20,0.309056,20,0.309056,1.0,74,0.597479,0.0,0.0,60,0.6
strong_market_effective_participation_v1,baseline_2y_1y_5fold,3,2023-04-03,2024-03-29,2023-07-26,SH.000300,2023-07-03,available,300,1.0000040000000001,74,0.597479,73,0.5927490000000001,0.9920834037681661,20,0.309056,20,0.309056,1.0,74,0.597479,0.0,0.0,60,0.6
strong_market_effective_participation_v1,baseline_2y_1y_5fold,3,2023-04-03,2024-03-29,2023-07-27,SH.000300,2023-07-03,available,300,1.0000040000000001,74,0.597479,73,0.5927490000000001,0.9920834037681661,20,0.309056,20,0.309056,1.0,74,0.597479,0.0,0.0,60,0.6
strong_market_effective_participation_v1,baseline_2y_1y_5fold,3,2023-04-03,2024-03-29,2023-07-28,SH.000300,2023-07-03,available,300,1.0000040000000001,74,0.597479,73,0.5927490000000001,0.9920834037681661,20,0.309056,20,0.309056,1.0,74,0.597479,0.0,0.0,60,0.6
strong_market_effective_participation_v1,baseline_2y_1y_5fold,3,2023-04-03,2024-03-29,2023-07-31,SH.000300,2023-07-03,available,300,1.0000040000000001,74,0.597479,73,0.5927490000000001,0.9920834037681661,20,0.309056,20,0.309056,1.0,74,0.597479,0.0,0.0,60,0.6
strong_market_effective_participation_v1,baseline_2y_1y_5fold,3,2023-04-03,2024-03-29,2023-08-01,SH.000300,2023-07-31,available,300,0.99997,73,0.59876,72,0.5937000000000001,0.9915492016834795,20,0.31635,20,0.31635,1.0,73,0.59876,0.0,0.0,60,0.6
strong_market_effective_participation_v1,baseline_2y_1y_5fold,3,2023-04-03,2024-03-29,2023-08-02,SH.000300,2023-08-01,available,300,1.0000010000000001,73,0.597685,72,0.59266,0.991592561299012,20,0.315235,20,0.315235,1.0,73,0.597685,0.0,0.0,60,0.6
strong_market_effective_participation_v1,baseline_2y_1y_5fold,3,2023-04-03,2024-03-29,2023-08-03,SH.000300,2023-08-01,available,300,1.0000010000000001,73,0.597685,72,0.59266,0.991592561299012,20,0.315235,20,0.315235,1.0,73,0.597685,0.0,0.0,60,0.6
strong_market_effective_participation_v1,baseline_2y_1y_5fold,3,2023-04-03,2024-03-29,2023-08-04,SH.000300,2023-08-01,available,300,1.0000010000000001,73,0.597685,72,0.59266,0.991592561299012,20,0.315235,20,0.315235,1.0,73,0.597685,0.0,0.0,60,0.6
strong_market_effective_participation_v1,baseline_2y_1y_5fold,3,2023-04-03,2024-03-29,2023-08-07,SH.000300,2023-08-01,available,300,1.0000010000000001,73,0.597685,72,0.59266,0.991592561299012,20,0.315235,20,0.315235,1.0,73,0.597685,0.0,0.0,60,0.6
strong_market_effective_participation_v1,baseline_2y_1y_5fold,3,2023-04-03,2024-03-29,2023-08-08,SH.000300,2023-08-01,available,300,1.0000010000000001,73,0.597685,72,0.59266,0.991592561299012,20,0.315235,20,0.315235,1.0,73,0.597685,0.0,0.0,60,0.6
strong_market_effective_participation_v1,baseline_2y_1y_5fold,3,2023-04-03,2024-03-29,2023-08-09,SH.000300,2023-08-01,available,300,1.0000010000000001,73,0.597685,72,0.59266,0.991592561299012,20,0.315235,20,0.315235,1.0,73,0.597685,0.0,0.0,60,0.6
strong_market_effective_participation_v1,baseline_2y_1y_5fold,3,2023-04-03,2024-03-29,2023-08-10,SH.000300,2023-08-01,available,300,1.0000010000000001,73,0.597685,72,0.59266,0.991592561299012,20,0.315235,20,0.315235,1.0,73,0.597685,0.0,0.0,60,0.6
strong_market_effective_participation_v1,baseline_2y_1y_5fold,3,2023-04-03,2024-03-29,2023-08-11,SH.000300,2023-08-01,available,300,1.0000010000000001,73,0.597685,72,0.59266,0.991592561299012,20,0.315235,20,0.315235,1.0,73,0.597685,0.0,0.0,60,0.6
strong_market_effective_participation_v1,baseline_2y_1y_5fold,3,2023-04-03,2024-03-29,2023-08-14,SH.000300,2023-08-01,available,300,1.0000010000000001,73,0.597685,72,0.59266,0.991592561299012,20,0.315235,20,0.315235,1.0,73,0.597685,0.0,0.0,60,0.6
strong_market_effective_participation_v1,baseline_2y_1y_5fold,3,2023-04-03,2024-03-29,2023-08-15,SH.000300,2023-08-01,available,300,1.0000010000000001,73,0.597685,72,0.59266,0.991592561299012,20,0.315235,20,0.315235,1.0,73,0.597685,0.0,0.0,60,0.6
strong_market_effective_participation_v1,baseline_2y_1y_5fold,3,2023-04-03,2024-03-29,2023-08-16,SH.000300,2023-08-01,available,300,1.0000010000000001,73,0.597685,72,0.59266,0.991592561299012,20,0.315235,20,0.315235,1.0,73,0.597685,0.0,0.0,60,0.6
strong_market_effective_participation_v1,baseline_2y_1y_5fold,3,2023-04-03,2024-03-29,2023-08-17,SH.000300,2023-08-01,available,300,1.0000010000000001,73,0.597685,72,0.59266,0.991592561299012,20,0.315235,20,0.315235,1.0,73,0.597685,0.0,0.0,60,0.6
strong_market_effective_participation_v1,baseline_2y_1y_5fold,3,2023-04-03,2024-03-29,2023-08-18,SH.000300,2023-08-01,available,300,1.0000010000000001,73,0.597685,72,0.59266,0.991592561299012,20,0.315235,20,0.315235,1.0,73,0.597685,0.0,0.0,60,0.6
strong_market_effective_participation_v1,baseline_2y_1y_5fold,3,2023-04-03,2024-03-29,2023-08-21,SH.000300,2023-08-01,available,300,1.0000010000000001,73,0.597685,72,0.59266,0.991592561299012,20,0.315235,20,0.315235,1.0,73,0.597685,0.0,0.0,60,0.6
strong_market_effective_participation_v1,baseline_2y_1y_5fold,3,2023-04-03,2024-03-29,2023-08-22,SH.000300,2023-08-01,available,300,1.0000010000000001,73,0.597685,72,0.59266,0.991592561299012,20,0.315235,20,0.315235,1.0,73,0.597685,0.0,0.0,60,0.6
strong_market_effective_participation_v1,baseline_2y_1y_5fold,3,2023-04-03,2024-03-29,2023-08-23,SH.000300,2023-08-01,available,300,1.0000010000000001,73,0.597685,72,0.59266,0.991592561299012,20,0.315235,20,0.315235,1.0,73,0.597685,0.0,0.0,60,0.6
strong_market_effective_participation_v1,baseline_2y_1y_5fold,3,2023-04-03,2024-03-29,2023-08-24,SH.000300,2023-08-01,available,300,1.0000010000000001,73,0.597685,72,0.59266,0.991592561299012,20,0.315235,20,0.315235,1.0,73,0.597685,0.0,0.0,60,0.6
strong_market_effective_participation_v1,baseline_2y_1y_5fold,3,2023-04-03,2024-03-29,2023-08-25,SH.000300,2023-08-01,available,300,1.0000010000000001,73,0.597685,72,0.59266,0.991592561299012,20,0.315235,20,0.315235,1.0,73,0.597685,0.0,0.0,60,0.6
strong_market_effective_participation_v1,baseline_2y_1y_5fold,3,2023-04-03,2024-03-29,2023-08-28,SH.000300,2023-08-01,available,300,1.0000010000000001,73,0.597685,72,0.59266,0.991592561299012,20,0.315235,20,0.315235,1.0,73,0.597685,0.0,0.0,60,0.6
strong_market_effective_participation_v1,baseline_2y_1y_5fold,3,2023-04-03,2024-03-29,2023-08-29,SH.000300,2023-08-01,available,300,1.0000010000000001,73,0.597685,72,0.59266,0.991592561299012,20,0.315235,20,0.315235,1.0,73,0.597685,0.0,0.0,60,0.6
strong_market_effective_participation_v1,baseline_2y_1y_5fold,3,2023-04-03,2024-03-29,2023-08-30,SH.000300,2023-08-01,available,300,1.0000010000000001,73,0.597685,72,0.59266,0.991592561299012,20,0.315235,20,0.315235,1.0,73,0.597685,0.0,0.0,60,0.6
strong_market_effective_participation_v1,baseline_2y_1y_5fold,3,2023-04-03,2024-03-29,2023-08-31,SH.000300,2023-08-01,available,300,1.0000010000000001,73,0.597685,72,0.59266,0.991592561299012,20,0.315235,20,0.315235,1.0,73,0.597685,0.0,0.0,60,0.6
strong_market_effective_participation_v1,baseline_2y_1y_5fold,3,2023-04-03,2024-03-29,2023-09-01,SH.000300,2023-08-31,available,300,0.9999699999999999,72,0.5999099999999999,71,0.59479,0.991465386474638,20,0.32032,20,0.32032,1.0,72,0.5999099999999999,0.0,0.0,60,0.6
strong_market_effective_participation_v1,baseline_2y_1y_5fold,3,2023-04-03,2024-03-29,2023-09-04,SH.000300,2023-09-01,available,300,1.000004,71,0.5964029999999998,70,0.5913219999999999,0.9914805928206265,20,0.32123799999999997,20,0.32123799999999997,1.0,71,0.5964029999999998,0.0,0.0,60,0.6
strong_market_effective_participation_v1,baseline_2y_1y_5fold,3,2023-04-03,2024-03-29,2023-09-05,SH.000300,2023-09-01,available,300,1.000004,71,0.5964029999999998,70,0.5913219999999999,0.9914805928206265,20,0.32123799999999997,20,0.32123799999999997,1.0,71,0.5964029999999998,0.0,0.0,60,0.6
strong_market_effective_participation_v1,baseline_2y_1y_5fold,3,2023-04-03,2024-03-29,2023-09-06,SH.000300,2023-09-01,available,300,1.000004,71,0.5964029999999998,70,0.5913219999999999,0.9914805928206265,20,0.32123799999999997,20,0.32123799999999997,1.0,71,0.5964029999999998,0.0,0.0,60,0.6
strong_market_effective_participation_v1,baseline_2y_1y_5fold,3,2023-04-03,2024-03-29,2023-09-07,SH.000300,2023-09-01,available,300,1.000004,71,0.5964029999999998,70,0.5913219999999999,0.9914805928206265,20,0.32123799999999997,20,0.32123799999999997,1.0,71,0.5964029999999998,0.0,0.0,60,0.6
strong_market_effective_participation_v1,baseline_2y_1y_5fold,3,2023-04-03,2024-03-29,2023-09-08,SH.000300,2023-09-01,available,300,1.000004,71,0.5964029999999998,70,0.5913219999999999,0.9914805928206265,20,0.32123799999999997,20,0.32123799999999997,1.0,71,0.5964029999999998,0.0,0.0,60,0.6
strong_market_effective_participation_v1,baseline_2y_1y_5fold,3,2023-04-03,2024-03-29,2023-09-11,SH.000300,2023-09-01,available,300,1.000004,71,0.5964029999999998,70,0.5913219999999999,0.9914805928206265,20,0.32123799999999997,20,0.32123799999999997,1.0,71,0.5964029999999998,0.0,0.0,60,0.6
strong_market_effective_participation_v1,baseline_2y_1y_5fold,3,2023-04-03,2024-03-29,2023-09-12,SH.000300,2023-09-01,available,300,1.000004,71,0.5964029999999998,70,0.5913219999999999,0.9914805928206265,20,0.32123799999999997,20,0.32123799999999997,1.0,71,0.5964029999999998,0.0,0.0,60,0.6
strong_market_effective_participation_v1,baseline_2y_1y_5fold,3,2023-04-03,2024-03-29,2023-09-13,SH.000300,2023-09-01,available,300,1.000004,71,0.5964029999999998,70,0.5913219999999999,0.9914805928206265,20,0.32123799999999997,20,0.32123799999999997,1.0,71,0.5964029999999998,0.0,0.0,60,0.6
strong_market_effective_participation_v1,baseline_2y_1y_5fold,3,2023-04-03,2024-03-29,2023-09-14,SH.000300,2023-09-01,available,300,1.000004,71,0.5964029999999998,70,0.5913219999999999,0.9914805928206265,20,0.32123799999999997,20,0.32123799999999997,1.0,71,0.5964029999999998,0.0,0.0,60,0.6
strong_market_effective_participation_v1,baseline_2y_1y_5fold,3,2023-04-03,2024-03-29,2023-09-15,SH.000300,2023-09-01,available,300,1.000004,71,0.5964029999999998,70,0.5913219999999999,0.9914805928206265,20,0.32123799999999997,20,0.32123799999999997,1.0,71,0.5964029999999998,0.0,0.0,60,0.6
strong_market_effective_participation_v1,baseline_2y_1y_5fold,3,2023-04-03,2024-03-29,2023-09-18,SH.000300,2023-09-01,available,300,1.000004,71,0.5964029999999998,70,0.5913219999999999,0.9914805928206265,20,0.32123799999999997,20,0.32123799999999997,1.0,71,0.5964029999999998,0.0,0.0,60,0.6
strong_market_effective_participation_v1,baseline_2y_1y_5fold,3,2023-04-03,2024-03-29,2023-09-19,SH.000300,2023-09-01,available,300,1.000004,71,0.5964029999999998,70,0.5913219999999999,0.9914805928206265,20,0.32123799999999997,20,0.32123799999999997,1.0,71,0.5964029999999998,0.0,0.0,60,0.6
strong_market_effective_participation_v1,baseline_2y_1y_5fold,3,2023-04-03,2024-03-29,2023-09-20,SH.000300,2023-09-01,available,300,1.000004,71,0.5964029999999998,70,0.5913219999999999,0.9914805928206265,20,0.32123799999999997,20,0.32123799999999997,1.0,71,0.5964029999999998,0.0,0.0,60,0.6
strong_market_effective_participation_v1,baseline_2y_1y_5fold,3,2023-04-03,2024-03-29,2023-09-21,SH.000300,2023-09-01,available,300,1.000004,71,0.5964029999999998,70,0.5913219999999999,0.9914805928206265,20,0.32123799999999997,20,0.32123799999999997,1.0,71,0.5964029999999998,0.0,0.0,60,0.6
strong_market_effective_participation_v1,baseline_2y_1y_5fold,3,2023-04-03,2024-03-29,2023-09-22,SH.000300,2023-09-01,available,300,1.000004,71,0.5964029999999998,70,0.5913219999999999,0.9914805928206265,20,0.32123799999999997,20,0.32123799999999997,1.0,71,0.5964029999999998,0.0,0.0,60,0.6
strong_market_effective_participation_v1,baseline_2y_1y_5fold,3,2023-04-03,2024-03-29,2023-09-25,SH.000300,2023-09-01,available,300,1.000004,71,0.5964029999999998,70,0.5913219999999999,0.9914805928206265,20,0.32123799999999997,20,0.32123799999999997,1.0,71,0.5964029999999998,0.0,0.0,60,0.6
strong_market_effective_participation_v1,baseline_2y_1y_5fold,3,2023-04-03,2024-03-29,2023-09-26,SH.000300,2023-09-01,available,300,1.000004,71,0.5964029999999998,70,0.5913219999999999,0.9914805928206265,20,0.32123799999999997,20,0.32123799999999997,1.0,71,0.5964029999999998,0.0,0.0,60,0.6
strong_market_effective_participation_v1,baseline_2y_1y_5fold,3,2023-04-03,2024-03-29,2023-09-27,SH.000300,2023-09-01,available,300,1.000004,71,0.5964029999999998,70,0.5913219999999999,0.9914805928206265,20,0.32123799999999997,20,0.32123799999999997,1.0,71,0.5964029999999998,0.0,0.0,60,0.6
strong_market_effective_participation_v1,baseline_2y_1y_5fold,3,2023-04-03,2024-03-29,2023-09-28,SH.000300,2023-09-01,available,300,1.000004,71,0.5964029999999998,70,0.5913219999999999,0.9914805928206265,20,0.32123799999999997,20,0.32123799999999997,1.0,71,0.5964029999999998,0.0,0.0,60,0.6
strong_market_effective_participation_v1,baseline_2y_1y_5fold,3,2023-04-03,2024-03-29,2023-10-09,SH.000300,2023-09-28,available,300,1.00002,71,0.59624,70,0.5909500000000001,0.9911277337984705,20,0.32003000000000004,20,0.32003000000000004,1.0,71,0.59624,0.0,0.0,60,0.6
strong_market_effective_participation_v1,baseline_2y_1y_5fold,3,2023-04-03,2024-03-29,2023-10-10,SH.000300,2023-10-09,available,300,1.000009,72,0.598447,71,0.5932019999999999,0.9912356482696044,20,0.318232,20,0.318232,1.0,72,0.598447,0.0,0.0,60,0.6
strong_market_effective_participation_v1,baseline_2y_1y_5fold,3,2023-04-03,2024-03-29,2023-10-11,SH.000300,2023-10-09,available,300,1.000009,72,0.598447,71,0.5932019999999999,0.9912356482696044,20,0.318232,20,0.318232,1.0,72,0.598447,0.0,0.0,60,0.6
strong_market_effective_participation_v1,baseline_2y_1y_5fold,3,2023-04-03,2024-03-29,2023-10-12,SH.000300,2023-10-09,available,300,1.000009,72,0.598447,71,0.5932019999999999,0.9912356482696044,20,0.318232,20,0.318232,1.0,72,0.598447,0.0,0.0,60,0.6
strong_market_effective_participation_v1,baseline_2y_1y_5fold,3,2023-04-03,2024-03-29,2023-10-13,SH.000300,2023-10-09,available,300,1.000009,72,0.598447,71,0.5932019999999999,0.9912356482696044,20,0.318232,20,0.318232,1.0,72,0.598447,0.0,0.0,60,0.6
strong_market_effective_participation_v1,baseline_2y_1y_5fold,3,2023-04-03,2024-03-29,2023-10-16,SH.000300,2023-10-09,available,300,1.000009,72,0.598447,71,0.5932019999999999,0.9912356482696044,20,0.318232,20,0.318232,1.0,72,0.598447,0.0,0.0,60,0.6
strong_market_effective_participation_v1,baseline_2y_1y_5fold,3,2023-04-03,2024-03-29,2023-10-17,SH.000300,2023-10-09,available,300,1.000009,72,0.598447,71,0.5932019999999999,0.9912356482696044,20,0.318232,20,0.318232,1.0,72,0.598447,0.0,0.0,60,0.6
strong_market_effective_participation_v1,baseline_2y_1y_5fold,3,2023-04-03,2024-03-29,2023-10-18,SH.000300,2023-10-09,available,300,1.000009,72,0.598447,71,0.5932019999999999,0.9912356482696044,20,0.318232,20,0.318232,1.0,72,0.598447,0.0,0.0,60,0.6
strong_market_effective_participation_v1,baseline_2y_1y_5fold,3,2023-04-03,2024-03-29,2023-10-19,SH.000300,2023-10-09,available,300,1.000009,72,0.598447,71,0.5932019999999999,0.9912356482696044,20,0.318232,20,0.318232,1.0,72,0.598447,0.0,0.0,60,0.6
strong_market_effective_participation_v1,baseline_2y_1y_5fold,3,2023-04-03,2024-03-29,2023-10-20,SH.000300,2023-10-09,available,300,1.000009,72,0.598447,71,0.5932019999999999,0.9912356482696044,20,0.318232,20,0.318232,1.0,72,0.598447,0.0,0.0,60,0.6
strong_market_effective_participation_v1,baseline_2y_1y_5fold,3,2023-04-03,2024-03-29,2023-10-23,SH.000300,2023-10-09,available,300,1.000009,72,0.598447,71,0.5932019999999999,0.9912356482696044,20,0.318232,20,0.318232,1.0,72,0.598447,0.0,0.0,60,0.6
strong_market_effective_participation_v1,baseline_2y_1y_5fold,3,2023-04-03,2024-03-29,2023-10-24,SH.000300,2023-10-09,available,300,1.000009,72,0.598447,71,0.5932019999999999,0.9912356482696044,20,0.318232,20,0.318232,1.0,72,0.598447,0.0,0.0,60,0.6
strong_market_effective_participation_v1,baseline_2y_1y_5fold,3,2023-04-03,2024-03-29,2023-10-25,SH.000300,2023-10-09,available,300,1.000009,72,0.598447,71,0.5932019999999999,0.9912356482696044,20,0.318232,20,0.318232,1.0,72,0.598447,0.0,0.0,60,0.6
strong_market_effective_participation_v1,baseline_2y_1y_5fold,3,2023-04-03,2024-03-29,2023-10-26,SH.000300,2023-10-09,available,300,1.000009,72,0.598447,71,0.5932019999999999,0.9912356482696044,20,0.318232,20,0.318232,1.0,72,0.598447,0.0,0.0,60,0.6
strong_market_effective_participation_v1,baseline_2y_1y_5fold,3,2023-04-03,2024-03-29,2023-10-27,SH.000300,2023-10-09,available,300,1.000009,72,0.598447,71,0.5932019999999999,0.9912356482696044,20,0.318232,20,0.318232,1.0,72,0.598447,0.0,0.0,60,0.6
strong_market_effective_participation_v1,baseline_2y_1y_5fold,3,2023-04-03,2024-03-29,2023-10-30,SH.000300,2023-10-09,available,300,1.000009,72,0.598447,71,0.5932019999999999,0.9912356482696044,20,0.318232,20,0.318232,1.0,72,0.598447,0.0,0.0,60,0.6
strong_market_effective_participation_v1,baseline_2y_1y_5fold,3,2023-04-03,2024-03-29,2023-10-31,SH.000300,2023-10-09,available,300,1.000009,72,0.598447,71,0.5932019999999999,0.9912356482696044,20,0.318232,20,0.318232,1.0,72,0.598447,0.0,0.0,60,0.6
strong_market_effective_participation_v1,baseline_2y_1y_5fold,3,2023-04-03,2024-03-29,2023-11-01,SH.000300,2023-10-31,available,300,0.99997,71,0.59641,70,0.59105,0.9910128938146576,20,0.32047,20,0.32047,1.0,71,0.59641,0.0,0.0,60,0.6
strong_market_effective_participation_v1,baseline_2y_1y_5fold,3,2023-04-03,2024-03-29,2023-11-02,SH.000300,2023-11-01,available,300,0.9999929999999999,71,0.5985180000000001,70,0.5931750000000001,0.9910729501869618,20,0.32363699999999995,20,0.32363699999999995,1.0,71,0.5985180000000001,0.0,0.0,60,0.6
strong_market_effective_participation_v1,baseline_2y_1y_5fold,3,2023-04-03,2024-03-29,2023-11-03,SH.000300,2023-11-01,available,300,0.9999929999999999,71,0.5985180000000001,70,0.5931750000000001,0.9910729501869618,20,0.32363699999999995,20,0.32363699999999995,1.0,71,0.5985180000000001,0.0,0.0,60,0.6
strong_market_effective_participation_v1,baseline_2y_1y_5fold,3,2023-04-03,2024-03-29,2023-11-06,SH.000300,2023-11-01,available,300,0.9999929999999999,71,0.5985180000000001,70,0.5931750000000001,0.9910729501869618,20,0.32363699999999995,20,0.32363699999999995,1.0,71,0.5985180000000001,0.0,0.0,60,0.6
strong_market_effective_participation_v1,baseline_2y_1y_5fold,3,2023-04-03,2024-03-29,2023-11-07,SH.000300,2023-11-01,available,300,0.9999929999999999,71,0.5985180000000001,70,0.5931750000000001,0.9910729501869618,20,0.32363699999999995,20,0.32363699999999995,1.0,71,0.5985180000000001,0.0,0.0,60,0.6
strong_market_effective_participation_v1,baseline_2y_1y_5fold,3,2023-04-03,2024-03-29,2023-11-08,SH.000300,2023-11-01,available,300,0.9999929999999999,71,0.5985180000000001,70,0.5931750000000001,0.9910729501869618,20,0.32363699999999995,20,0.32363699999999995,1.0,71,0.5985180000000001,0.0,0.0,60,0.6
strong_market_effective_participation_v1,baseline_2y_1y_5fold,3,2023-04-03,2024-03-29,2023-11-09,SH.000300,2023-11-01,available,300,0.9999929999999999,71,0.5985180000000001,70,0.5931750000000001,0.9910729501869618,20,0.32363699999999995,20,0.32363699999999995,1.0,71,0.5985180000000001,0.0,0.0,60,0.6
strong_market_effective_participation_v1,baseline_2y_1y_5fold,3,2023-04-03,2024-03-29,2023-11-10,SH.000300,2023-11-01,available,300,0.9999929999999999,71,0.5985180000000001,70,0.5931750000000001,0.9910729501869618,20,0.32363699999999995,20,0.32363699999999995,1.0,71,0.5985180000000001,0.0,0.0,60,0.6
strong_market_effective_participation_v1,baseline_2y_1y_5fold,3,2023-04-03,2024-03-29,2023-11-13,SH.000300,2023-11-01,available,300,0.9999929999999999,71,0.5985180000000001,70,0.5931750000000001,0.9910729501869618,20,0.32363699999999995,20,0.32363699999999995,1.0,71,0.5985180000000001,0.0,0.0,60,0.6
strong_market_effective_participation_v1,baseline_2y_1y_5fold,3,2023-04-03,2024-03-29,2023-11-14,SH.000300,2023-11-01,available,300,0.9999929999999999,71,0.5985180000000001,70,0.5931750000000001,0.9910729501869618,20,0.32363699999999995,20,0.32363699999999995,1.0,71,0.5985180000000001,0.0,0.0,60,0.6
strong_market_effective_participation_v1,baseline_2y_1y_5fold,3,2023-04-03,2024-03-29,2023-11-15,SH.000300,2023-11-01,available,300,0.9999929999999999,71,0.5985180000000001,70,0.5931750000000001,0.9910729501869618,20,0.32363699999999995,20,0.32363699999999995,1.0,71,0.5985180000000001,0.0,0.0,60,0.6
strong_market_effective_participation_v1,baseline_2y_1y_5fold,3,2023-04-03,2024-03-29,2023-11-16,SH.000300,2023-11-01,available,300,0.9999929999999999,71,0.5985180000000001,70,0.5931750000000001,0.9910729501869618,20,0.32363699999999995,20,0.32363699999999995,1.0,71,0.5985180000000001,0.0,0.0,60,0.6
strong_market_effective_participation_v1,baseline_2y_1y_5fold,3,2023-04-03,2024-03-29,2023-11-17,SH.000300,2023-11-01,available,300,0.9999929999999999,71,0.5985180000000001,70,0.5931750000000001,0.9910729501869618,20,0.32363699999999995,20,0.32363699999999995,1.0,71,0.5985180000000001,0.0,0.0,60,0.6
strong_market_effective_participation_v1,baseline_2y_1y_5fold,3,2023-04-03,2024-03-29,2023-11-20,SH.000300,2023-11-01,available,300,0.9999929999999999,71,0.5985180000000001,70,0.5931750000000001,0.9910729501869618,20,0.32363699999999995,20,0.32363699999999995,1.0,71,0.5985180000000001,0.0,0.0,60,0.6
strong_market_effective_participation_v1,baseline_2y_1y_5fold,3,2023-04-03,2024-03-29,2023-11-21,SH.000300,2023-11-01,available,300,0.9999929999999999,71,0.5985180000000001,70,0.5931750000000001,0.9910729501869618,20,0.32363699999999995,20,0.32363699999999995,1.0,71,0.5985180000000001,0.0,0.0,60,0.6
strong_market_effective_participation_v1,baseline_2y_1y_5fold,3,2023-04-03,2024-03-29,2023-11-22,SH.000300,2023-11-01,available,300,0.9999929999999999,71,0.5985180000000001,70,0.5931750000000001,0.9910729501869618,20,0.32363699999999995,20,0.32363699999999995,1.0,71,0.5985180000000001,0.0,0.0,60,0.6
strong_market_effective_participation_v1,baseline_2y_1y_5fold,3,2023-04-03,2024-03-29,2023-11-23,SH.000300,2023-11-01,available,300,0.9999929999999999,71,0.5985180000000001,70,0.5931750000000001,0.9910729501869618,20,0.32363699999999995,20,0.32363699999999995,1.0,71,0.5985180000000001,0.0,0.0,60,0.6
strong_market_effective_participation_v1,baseline_2y_1y_5fold,3,2023-04-03,2024-03-29,2023-11-24,SH.000300,2023-11-01,available,300,0.9999929999999999,71,0.5985180000000001,70,0.5931750000000001,0.9910729501869618,20,0.32363699999999995,20,0.32363699999999995,1.0,71,0.5985180000000001,0.0,0.0,60,0.6
strong_market_effective_participation_v1,baseline_2y_1y_5fold,3,2023-04-03,2024-03-29,2023-11-27,SH.000300,2023-11-01,available,300,0.9999929999999999,71,0.5985180000000001,70,0.5931750000000001,0.9910729501869618,20,0.32363699999999995,20,0.32363699999999995,1.0,71,0.5985180000000001,0.0,0.0,60,0.6
strong_market_effective_participation_v1,baseline_2y_1y_5fold,3,2023-04-03,2024-03-29,2023-11-28,SH.000300,2023-11-01,available,300,0.9999929999999999,71,0.5985180000000001,70,0.5931750000000001,0.9910729501869618,20,0.32363699999999995,20,0.32363699999999995,1.0,71,0.5985180000000001,0.0,0.0,60,0.6
strong_market_effective_participation_v1,baseline_2y_1y_5fold,3,2023-04-03,2024-03-29,2023-11-29,SH.000300,2023-11-01,available,300,0.9999929999999999,71,0.5985180000000001,70,0.5931750000000001,0.9910729501869618,20,0.32363699999999995,20,0.32363699999999995,1.0,71,0.5985180000000001,0.0,0.0,60,0.6
strong_market_effective_participation_v1,baseline_2y_1y_5fold,3,2023-04-03,2024-03-29,2023-11-30,SH.000300,2023-11-01,available,300,0.9999929999999999,71,0.5985180000000001,70,0.5931750000000001,0.9910729501869618,20,0.32363699999999995,20,0.32363699999999995,1.0,71,0.5985180000000001,0.0,0.0,60,0.6
strong_market_effective_participation_v1,baseline_2y_1y_5fold,3,2023-04-03,2024-03-29,2023-12-01,SH.000300,2023-11-30,available,300,0.99994,71,0.5969699999999999,70,0.5915199999999999,0.9908705630098665,20,0.31809,20,0.31809,1.0,71,0.5969699999999999,0.0,0.0,60,0.6
strong_market_effective_participation_v1,baseline_2y_1y_5fold,3,2023-04-03,2024-03-29,2023-12-04,SH.000300,2023-12-01,available,300,0.9999909999999999,72,0.5993029999999999,71,0.593784,0.9907909688421384,20,0.31632299999999997,20,0.31632299999999997,1.0,72,0.5993029999999999,0.0,0.0,60,0.6
strong_market_effective_participation_v1,baseline_2y_1y_5fold,3,2023-04-03,2024-03-29,2023-12-05,SH.000300,2023-12-01,available,300,0.9999909999999999,72,0.5993029999999999,71,0.593784,0.9907909688421384,20,0.31632299999999997,20,0.31632299999999997,1.0,72,0.5993029999999999,0.0,0.0,60,0.6
strong_market_effective_participation_v1,baseline_2y_1y_5fold,3,2023-04-03,2024-03-29,2023-12-06,SH.000300,2023-12-01,available,300,0.9999909999999999,72,0.5993029999999999,71,0.593784,0.9907909688421384,20,0.31632299999999997,20,0.31632299999999997,1.0,72,0.5993029999999999,0.0,0.0,60,0.6
strong_market_effective_participation_v1,baseline_2y_1y_5fold,3,2023-04-03,2024-03-29,2023-12-07,SH.000300,2023-12-01,available,300,0.9999909999999999,72,0.5993029999999999,71,0.593784,0.9907909688421384,20,0.31632299999999997,20,0.31632299999999997,1.0,72,0.5993029999999999,0.0,0.0,60,0.6
strong_market_effective_participation_v1,baseline_2y_1y_5fold,3,2023-04-03,2024-03-29,2023-12-08,SH.000300,2023-12-01,available,300,0.9999909999999999,72,0.5993029999999999,71,0.593784,0.9907909688421384,20,0.31632299999999997,20,0.31632299999999997,1.0,72,0.5993029999999999,0.0,0.0,60,0.6
strong_market_effective_participation_v1,baseline_2y_1y_5fold,3,2023-04-03,2024-03-29,2023-12-11,SH.000300,2023-12-01,available,300,0.9999909999999999,72,0.5993029999999999,71,0.593784,0.9907909688421384,20,0.31632299999999997,20,0.31632299999999997,1.0,72,0.5993029999999999,0.0,0.0,60,0.6
strong_market_effective_participation_v1,baseline_2y_1y_5fold,3,2023-04-03,2024-03-29,2023-12-12,SH.000300,2023-12-01,available,300,0.9999909999999999,72,0.5993029999999999,71,0.593784,0.9907909688421384,20,0.31632299999999997,20,0.31632299999999997,1.0,72,0.5993029999999999,0.0,0.0,60,0.6
strong_market_effective_participation_v1,baseline_2y_1y_5fold,3,2023-04-03,2024-03-29,2023-12-13,SH.000300,2023-12-01,available,300,0.9999909999999999,72,0.5993029999999999,71,0.593784,0.9907909688421384,20,0.31632299999999997,20,0.31632299999999997,1.0,72,0.5993029999999999,0.0,0.0,60,0.6
strong_market_effective_participation_v1,baseline_2y_1y_5fold,3,2023-04-03,2024-03-29,2023-12-14,SH.000300,2023-12-01,available,300,0.9999909999999999,72,0.5993029999999999,71,0.593784,0.9907909688421384,20,0.31632299999999997,20,0.31632299999999997,1.0,72,0.5993029999999999,0.0,0.0,60,0.6
strong_market_effective_participation_v1,baseline_2y_1y_5fold,3,2023-04-03,2024-03-29,2023-12-15,SH.000300,2023-12-01,available,300,0.9999909999999999,72,0.5993029999999999,71,0.593784,0.9907909688421384,20,0.31632299999999997,20,0.31632299999999997,1.0,72,0.5993029999999999,0.0,0.0,60,0.6
strong_market_effective_participation_v1,baseline_2y_1y_5fold,3,2023-04-03,2024-03-29,2023-12-18,SH.000300,2023-12-01,available,300,0.9999909999999999,72,0.5993029999999999,71,0.593784,0.9907909688421384,20,0.31632299999999997,20,0.31632299999999997,1.0,72,0.5993029999999999,0.0,0.0,60,0.6
strong_market_effective_participation_v1,baseline_2y_1y_5fold,3,2023-04-03,2024-03-29,2023-12-19,SH.000300,2023-12-01,available,300,0.9999909999999999,72,0.5993029999999999,71,0.593784,0.9907909688421384,20,0.31632299999999997,20,0.31632299999999997,1.0,72,0.5993029999999999,0.0,0.0,60,0.6
strong_market_effective_participation_v1,baseline_2y_1y_5fold,3,2023-04-03,2024-03-29,2023-12-20,SH.000300,2023-12-01,available,300,0.9999909999999999,72,0.5993029999999999,71,0.593784,0.9907909688421384,20,0.31632299999999997,20,0.31632299999999997,1.0,72,0.5993029999999999,0.0,0.0,60,0.6
strong_market_effective_participation_v1,baseline_2y_1y_5fold,3,2023-04-03,2024-03-29,2023-12-21,SH.000300,2023-12-01,available,300,0.9999909999999999,72,0.5993029999999999,71,0.593784,0.9907909688421384,20,0.31632299999999997,20,0.31632299999999997,1.0,72,0.5993029999999999,0.0,0.0,60,0.6
strong_market_effective_participation_v1,baseline_2y_1y_5fold,3,2023-04-03,2024-03-29,2023-12-22,SH.000300,2023-12-01,available,300,0.9999909999999999,72,0.5993029999999999,71,0.593784,0.9907909688421384,20,0.31632299999999997,20,0.31632299999999997,1.0,72,0.5993029999999999,0.0,0.0,60,0.6
strong_market_effective_participation_v1,baseline_2y_1y_5fold,3,2023-04-03,2024-03-29,2023-12-25,SH.000300,2023-12-01,available,300,0.9999909999999999,72,0.5993029999999999,71,0.593784,0.9907909688421384,20,0.31632299999999997,20,0.31632299999999997,1.0,72,0.5993029999999999,0.0,0.0,60,0.6
strong_market_effective_participation_v1,baseline_2y_1y_5fold,3,2023-04-03,2024-03-29,2023-12-26,SH.000300,2023-12-01,available,300,0.9999909999999999,72,0.5993029999999999,71,0.593784,0.9907909688421384,20,0.31632299999999997,20,0.31632299999999997,1.0,72,0.5993029999999999,0.0,0.0,60,0.6
strong_market_effective_participation_v1,baseline_2y_1y_5fold,3,2023-04-03,2024-03-29,2023-12-27,SH.000300,2023-12-01,available,300,0.9999909999999999,72,0.5993029999999999,71,0.593784,0.9907909688421384,20,0.31632299999999997,20,0.31632299999999997,1.0,72,0.5993029999999999,0.0,0.0,60,0.6
strong_market_effective_participation_v1,baseline_2y_1y_5fold,3,2023-04-03,2024-03-29,2023-12-28,SH.000300,2023-12-01,available,300,0.9999909999999999,72,0.5993029999999999,71,0.593784,0.9907909688421384,20,0.31632299999999997,20,0.31632299999999997,1.0,72,0.5993029999999999,0.0,0.0,60,0.6
strong_market_effective_participation_v1,baseline_2y_1y_5fold,3,2023-04-03,2024-03-29,2023-12-29,SH.000300,2023-12-01,available,300,0.9999909999999999,72,0.5993029999999999,71,0.593784,0.9907909688421384,20,0.31632299999999997,20,0.31632299999999997,1.0,72,0.5993029999999999,0.0,0.0,60,0.6
strong_market_effective_participation_v1,baseline_2y_1y_5fold,3,2023-04-03,2024-03-29,2024-01-02,SH.000300,2023-12-29,available,300,1.0001,74,0.5966099999999999,73,0.5913999999999999,0.9912673270645816,20,0.3108599999999999,20,0.3108599999999999,1.0,74,0.5966099999999999,0.0,0.0,60,0.6
strong_market_effective_participation_v1,baseline_2y_1y_5fold,3,2023-04-03,2024-03-29,2024-01-03,SH.000300,2024-01-02,available,300,1.0,75,0.599155,74,0.593908,0.991242666755681,20,0.30904000000000004,20,0.30904000000000004,1.0,75,0.599155,0.0,0.0,60,0.6
strong_market_effective_participation_v1,baseline_2y_1y_5fold,3,2023-04-03,2024-03-29,2024-01-04,SH.000300,2024-01-02,available,300,1.0,75,0.599155,74,0.593908,0.991242666755681,20,0.30904000000000004,20,0.30904000000000004,1.0,75,0.599155,0.0,0.0,60,0.6
strong_market_effective_participation_v1,baseline_2y_1y_5fold,3,2023-04-03,2024-03-29,2024-01-05,SH.000300,2024-01-02,available,300,1.0,75,0.599155,74,0.593908,0.991242666755681,20,0.30904000000000004,20,0.30904000000000004,1.0,75,0.599155,0.0,0.0,60,0.6
strong_market_effective_participation_v1,baseline_2y_1y_5fold,3,2023-04-03,2024-03-29,2024-01-08,SH.000300,2024-01-02,available,300,1.0,75,0.599155,74,0.593908,0.991242666755681,20,0.30904000000000004,20,0.30904000000000004,1.0,75,0.599155,0.0,0.0,60,0.6
strong_market_effective_participation_v1,baseline_2y_1y_5fold,3,2023-04-03,2024-03-29,2024-01-09,SH.000300,2024-01-02,available,300,1.0,75,0.599155,74,0.593908,0.991242666755681,20,0.30904000000000004,20,0.30904000000000004,1.0,75,0.599155,0.0,0.0,60,0.6
strong_market_effective_participation_v1,baseline_2y_1y_5fold,3,2023-04-03,2024-03-29,2024-01-10,SH.000300,2024-01-02,available,300,1.0,75,0.599155,74,0.593908,0.991242666755681,20,0.30904000000000004,20,0.30904000000000004,1.0,75,0.599155,0.0,0.0,60,0.6
strong_market_effective_participation_v1,baseline_2y_1y_5fold,3,2023-04-03,2024-03-29,2024-01-11,SH.000300,2024-01-02,available,300,1.0,75,0.599155,74,0.593908,0.991242666755681,20,0.30904000000000004,20,0.30904000000000004,1.0,75,0.599155,0.0,0.0,60,0.6
strong_market_effective_participation_v1,baseline_2y_1y_5fold,3,2023-04-03,2024-03-29,2024-01-12,SH.000300,2024-01-02,available,300,1.0,75,0.599155,74,0.593908,0.991242666755681,20,0.30904000000000004,20,0.30904000000000004,1.0,75,0.599155,0.0,0.0,60,0.6
strong_market_effective_participation_v1,baseline_2y_1y_5fold,3,2023-04-03,2024-03-29,2024-01-15,SH.000300,2024-01-02,available,300,1.0,75,0.599155,74,0.593908,0.991242666755681,20,0.30904000000000004,20,0.30904000000000004,1.0,75,0.599155,0.0,0.0,60,0.6
strong_market_effective_participation_v1,baseline_2y_1y_5fold,3,2023-04-03,2024-03-29,2024-01-16,SH.000300,2024-01-02,available,300,1.0,75,0.599155,74,0.593908,0.991242666755681,20,0.30904000000000004,20,0.30904000000000004,1.0,75,0.599155,0.0,0.0,60,0.6
strong_market_effective_participation_v1,baseline_2y_1y_5fold,3,2023-04-03,2024-03-29,2024-01-17,SH.000300,2024-01-02,available,300,1.0,75,0.599155,74,0.593908,0.991242666755681,20,0.30904000000000004,20,0.30904000000000004,1.0,75,0.599155,0.0,0.0,60,0.6
strong_market_effective_participation_v1,baseline_2y_1y_5fold,3,2023-04-03,2024-03-29,2024-01-18,SH.000300,2024-01-02,available,300,1.0,75,0.599155,74,0.593908,0.991242666755681,20,0.30904000000000004,20,0.30904000000000004,1.0,75,0.599155,0.0,0.0,60,0.6
strong_market_effective_participation_v1,baseline_2y_1y_5fold,3,2023-04-03,2024-03-29,2024-01-19,SH.000300,2024-01-02,available,300,1.0,75,0.599155,74,0.593908,0.991242666755681,20,0.30904000000000004,20,0.30904000000000004,1.0,75,0.599155,0.0,0.0,60,0.6
strong_market_effective_participation_v1,baseline_2y_1y_5fold,3,2023-04-03,2024-03-29,2024-01-22,SH.000300,2024-01-02,available,300,1.0,75,0.599155,74,0.593908,0.991242666755681,20,0.30904000000000004,20,0.30904000000000004,1.0,75,0.599155,0.0,0.0,60,0.6
strong_market_effective_participation_v1,baseline_2y_1y_5fold,3,2023-04-03,2024-03-29,2024-01-23,SH.000300,2024-01-02,available,300,1.0,75,0.599155,74,0.593908,0.991242666755681,20,0.30904000000000004,20,0.30904000000000004,1.0,75,0.599155,0.0,0.0,60,0.6
strong_market_effective_participation_v1,baseline_2y_1y_5fold,3,2023-04-03,2024-03-29,2024-01-24,SH.000300,2024-01-02,available,300,1.0,75,0.599155,74,0.593908,0.991242666755681,20,0.30904000000000004,20,0.30904000000000004,1.0,75,0.599155,0.0,0.0,60,0.6
strong_market_effective_participation_v1,baseline_2y_1y_5fold,3,2023-04-03,2024-03-29,2024-01-25,SH.000300,2024-01-02,available,300,1.0,75,0.599155,74,0.593908,0.991242666755681,20,0.30904000000000004,20,0.30904000000000004,1.0,75,0.599155,0.0,0.0,60,0.6
strong_market_effective_participation_v1,baseline_2y_1y_5fold,3,2023-04-03,2024-03-29,2024-01-26,SH.000300,2024-01-02,available,300,1.0,75,0.599155,74,0.593908,0.991242666755681,20,0.30904000000000004,20,0.30904000000000004,1.0,75,0.599155,0.0,0.0,60,0.6
strong_market_effective_participation_v1,baseline_2y_1y_5fold,3,2023-04-03,2024-03-29,2024-01-29,SH.000300,2024-01-02,available,300,1.0,75,0.599155,74,0.593908,0.991242666755681,20,0.30904000000000004,20,0.30904000000000004,1.0,75,0.599155,0.0,0.0,60,0.6
strong_market_effective_participation_v1,baseline_2y_1y_5fold,3,2023-04-03,2024-03-29,2024-01-30,SH.000300,2024-01-02,available,300,1.0,75,0.599155,74,0.593908,0.991242666755681,20,0.30904000000000004,20,0.30904000000000004,1.0,75,0.599155,0.0,0.0,60,0.6
strong_market_effective_participation_v1,baseline_2y_1y_5fold,3,2023-04-03,2024-03-29,2024-01-31,SH.000300,2024-01-02,available,300,1.0,75,0.599155,74,0.593908,0.991242666755681,20,0.30904000000000004,20,0.30904000000000004,1.0,75,0.599155,0.0,0.0,60,0.6
strong_market_effective_participation_v1,baseline_2y_1y_5fold,3,2023-04-03,2024-03-29,2024-02-01,SH.000300,2024-01-31,available,300,1.00003,70,0.59683,69,0.5916199999999999,0.9912705460516394,20,0.32004,20,0.32004,1.0,70,0.59683,0.0,0.0,60,0.6
strong_market_effective_participation_v1,baseline_2y_1y_5fold,3,2023-04-03,2024-03-29,2024-02-02,SH.000300,2024-02-01,available,300,0.999999,70,0.5962919999999999,69,0.591244,0.9915343489431353,20,0.319579,20,0.319579,1.0,70,0.5962919999999999,0.0,0.0,60,0.6
strong_market_effective_participation_v1,baseline_2y_1y_5fold,3,2023-04-03,2024-03-29,2024-02-05,SH.000300,2024-02-01,available,300,0.999999,70,0.5962919999999999,69,0.591244,0.9915343489431353,20,0.319579,20,0.319579,1.0,70,0.5962919999999999,0.0,0.0,60,0.6
strong_market_effective_participation_v1,baseline_2y_1y_5fold,3,2023-04-03,2024-03-29,2024-02-06,SH.000300,2024-02-01,available,300,0.999999,70,0.5962919999999999,69,0.591244,0.9915343489431353,20,0.319579,20,0.319579,1.0,70,0.5962919999999999,0.0,0.0,60,0.6
strong_market_effective_participation_v1,baseline_2y_1y_5fold,3,2023-04-03,2024-03-29,2024-02-07,SH.000300,2024-02-01,available,300,0.999999,70,0.5962919999999999,69,0.591244,0.9915343489431353,20,0.319579,20,0.319579,1.0,70,0.5962919999999999,0.0,0.0,60,0.6
strong_market_effective_participation_v1,baseline_2y_1y_5fold,3,2023-04-03,2024-03-29,2024-02-08,SH.000300,2024-02-01,available,300,0.999999,70,0.5962919999999999,69,0.591244,0.9915343489431353,20,0.319579,20,0.319579,1.0,70,0.5962919999999999,0.0,0.0,60,0.6
strong_market_effective_participation_v1,baseline_2y_1y_5fold,3,2023-04-03,2024-03-29,2024-02-19,SH.000300,2024-02-01,available,300,0.999999,70,0.5962919999999999,69,0.591244,0.9915343489431353,20,0.319579,20,0.319579,1.0,70,0.5962919999999999,0.0,0.0,60,0.6
strong_market_effective_participation_v1,baseline_2y_1y_5fold,3,2023-04-03,2024-03-29,2024-02-20,SH.000300,2024-02-01,available,300,0.999999,70,0.5962919999999999,69,0.591244,0.9915343489431353,20,0.319579,20,0.319579,1.0,70,0.5962919999999999,0.0,0.0,60,0.6
strong_market_effective_participation_v1,baseline_2y_1y_5fold,3,2023-04-03,2024-03-29,2024-02-21,SH.000300,2024-02-01,available,300,0.999999,70,0.5962919999999999,69,0.591244,0.9915343489431353,20,0.319579,20,0.319579,1.0,70,0.5962919999999999,0.0,0.0,60,0.6
strong_market_effective_participation_v1,baseline_2y_1y_5fold,3,2023-04-03,2024-03-29,2024-02-22,SH.000300,2024-02-01,available,300,0.999999,70,0.5962919999999999,69,0.591244,0.9915343489431353,20,0.319579,20,0.319579,1.0,70,0.5962919999999999,0.0,0.0,60,0.6
strong_market_effective_participation_v1,baseline_2y_1y_5fold,3,2023-04-03,2024-03-29,2024-02-23,SH.000300,2024-02-01,available,300,0.999999,70,0.5962919999999999,69,0.591244,0.9915343489431353,20,0.319579,20,0.319579,1.0,70,0.5962919999999999,0.0,0.0,60,0.6
strong_market_effective_participation_v1,baseline_2y_1y_5fold,3,2023-04-03,2024-03-29,2024-02-26,SH.000300,2024-02-01,available,300,0.999999,70,0.5962919999999999,69,0.591244,0.9915343489431353,20,0.319579,20,0.319579,1.0,70,0.5962919999999999,0.0,0.0,60,0.6
strong_market_effective_participation_v1,baseline_2y_1y_5fold,3,2023-04-03,2024-03-29,2024-02-27,SH.000300,2024-02-01,available,300,0.999999,70,0.5962919999999999,69,0.591244,0.9915343489431353,20,0.319579,20,0.319579,1.0,70,0.5962919999999999,0.0,0.0,60,0.6
strong_market_effective_participation_v1,baseline_2y_1y_5fold,3,2023-04-03,2024-03-29,2024-02-28,SH.000300,2024-02-01,available,300,0.999999,70,0.5962919999999999,69,0.591244,0.9915343489431353,20,0.319579,20,0.319579,1.0,70,0.5962919999999999,0.0,0.0,60,0.6
strong_market_effective_participation_v1,baseline_2y_1y_5fold,3,2023-04-03,2024-03-29,2024-02-29,SH.000300,2024-02-01,available,300,0.999999,70,0.5962919999999999,69,0.591244,0.9915343489431353,20,0.319579,20,0.319579,1.0,70,0.5962919999999999,0.0,0.0,60,0.6
strong_market_effective_participation_v1,baseline_2y_1y_5fold,3,2023-04-03,2024-03-29,2024-03-01,SH.000300,2024-02-29,available,300,0.9999800000000001,72,0.59718,71,0.59223,0.9917110418969155,20,0.31309,20,0.31309,1.0,72,0.59718,0.0,0.0,60,0.6
strong_market_effective_participation_v1,baseline_2y_1y_5fold,3,2023-04-03,2024-03-29,2024-03-04,SH.000300,2024-03-01,available,300,0.9999979999999999,72,0.596484,71,0.5914939999999999,0.9916343103922315,20,0.3120670000000001,20,0.3120670000000001,1.0,72,0.596484,0.0,0.0,60,0.6
strong_market_effective_participation_v1,baseline_2y_1y_5fold,3,2023-04-03,2024-03-29,2024-03-05,SH.000300,2024-03-01,available,300,0.9999979999999999,72,0.596484,71,0.5914939999999999,0.9916343103922315,20,0.3120670000000001,20,0.3120670000000001,1.0,72,0.596484,0.0,0.0,60,0.6
strong_market_effective_participation_v1,baseline_2y_1y_5fold,3,2023-04-03,2024-03-29,2024-03-06,SH.000300,2024-03-01,available,300,0.9999979999999999,72,0.596484,71,0.5914939999999999,0.9916343103922315,20,0.3120670000000001,20,0.3120670000000001,1.0,72,0.596484,0.0,0.0,60,0.6
strong_market_effective_participation_v1,baseline_2y_1y_5fold,3,2023-04-03,2024-03-29,2024-03-07,SH.000300,2024-03-01,available,300,0.9999979999999999,72,0.596484,71,0.5914939999999999,0.9916343103922315,20,0.3120670000000001,20,0.3120670000000001,1.0,72,0.596484,0.0,0.0,60,0.6
strong_market_effective_participation_v1,baseline_2y_1y_5fold,3,2023-04-03,2024-03-29,2024-03-08,SH.000300,2024-03-01,available,300,0.9999979999999999,72,0.596484,71,0.5914939999999999,0.9916343103922315,20,0.3120670000000001,20,0.3120670000000001,1.0,72,0.596484,0.0,0.0,60,0.6
strong_market_effective_participation_v1,baseline_2y_1y_5fold,3,2023-04-03,2024-03-29,2024-03-11,SH.000300,2024-03-01,available,300,0.9999979999999999,72,0.596484,71,0.5914939999999999,0.9916343103922315,20,0.3120670000000001,20,0.3120670000000001,1.0,72,0.596484,0.0,0.0,60,0.6
strong_market_effective_participation_v1,baseline_2y_1y_5fold,3,2023-04-03,2024-03-29,2024-03-12,SH.000300,2024-03-01,available,300,0.9999979999999999,72,0.596484,71,0.5914939999999999,0.9916343103922315,20,0.3120670000000001,20,0.3120670000000001,1.0,72,0.596484,0.0,0.0,60,0.6
strong_market_effective_participation_v1,baseline_2y_1y_5fold,3,2023-04-03,2024-03-29,2024-03-13,SH.000300,2024-03-01,available,300,0.9999979999999999,72,0.596484,71,0.5914939999999999,0.9916343103922315,20,0.3120670000000001,20,0.3120670000000001,1.0,72,0.596484,0.0,0.0,60,0.6
strong_market_effective_participation_v1,baseline_2y_1y_5fold,3,2023-04-03,2024-03-29,2024-03-14,SH.000300,2024-03-01,available,300,0.9999979999999999,72,0.596484,71,0.5914939999999999,0.9916343103922315,20,0.3120670000000001,20,0.3120670000000001,1.0,72,0.596484,0.0,0.0,60,0.6
strong_market_effective_participation_v1,baseline_2y_1y_5fold,3,2023-04-03,2024-03-29,2024-03-15,SH.000300,2024-03-01,available,300,0.9999979999999999,72,0.596484,71,0.5914939999999999,0.9916343103922315,20,0.3120670000000001,20,0.3120670000000001,1.0,72,0.596484,0.0,0.0,60,0.6
strong_market_effective_participation_v1,baseline_2y_1y_5fold,3,2023-04-03,2024-03-29,2024-03-18,SH.000300,2024-03-01,available,300,0.9999979999999999,72,0.596484,71,0.5914939999999999,0.9916343103922315,20,0.3120670000000001,20,0.3120670000000001,1.0,72,0.596484,0.0,0.0,60,0.6
strong_market_effective_participation_v1,baseline_2y_1y_5fold,3,2023-04-03,2024-03-29,2024-03-19,SH.000300,2024-03-01,available,300,0.9999979999999999,72,0.596484,71,0.5914939999999999,0.9916343103922315,20,0.3120670000000001,20,0.3120670000000001,1.0,72,0.596484,0.0,0.0,60,0.6
strong_market_effective_participation_v1,baseline_2y_1y_5fold,3,2023-04-03,2024-03-29,2024-03-20,SH.000300,2024-03-01,available,300,0.9999979999999999,72,0.596484,71,0.5914939999999999,0.9916343103922315,20,0.3120670000000001,20,0.3120670000000001,1.0,72,0.596484,0.0,0.0,60,0.6
strong_market_effective_participation_v1,baseline_2y_1y_5fold,3,2023-04-03,2024-03-29,2024-03-21,SH.000300,2024-03-01,available,300,0.9999979999999999,72,0.596484,71,0.5914939999999999,0.9916343103922315,20,0.3120670000000001,20,0.3120670000000001,1.0,72,0.596484,0.0,0.0,60,0.6
strong_market_effective_participation_v1,baseline_2y_1y_5fold,3,2023-04-03,2024-03-29,2024-03-22,SH.000300,2024-03-01,available,300,0.9999979999999999,72,0.596484,71,0.5914939999999999,0.9916343103922315,20,0.3120670000000001,20,0.3120670000000001,1.0,72,0.596484,0.0,0.0,60,0.6
strong_market_effective_participation_v1,baseline_2y_1y_5fold,3,2023-04-03,2024-03-29,2024-03-25,SH.000300,2024-03-01,available,300,0.9999979999999999,72,0.596484,71,0.5914939999999999,0.9916343103922315,20,0.3120670000000001,20,0.3120670000000001,1.0,72,0.596484,0.0,0.0,60,0.6
strong_market_effective_participation_v1,baseline_2y_1y_5fold,3,2023-04-03,2024-03-29,2024-03-26,SH.000300,2024-03-01,available,300,0.9999979999999999,72,0.596484,71,0.5914939999999999,0.9916343103922315,20,0.3120670000000001,20,0.3120670000000001,1.0,72,0.596484,0.0,0.0,60,0.6
strong_market_effective_participation_v1,baseline_2y_1y_5fold,3,2023-04-03,2024-03-29,2024-03-27,SH.000300,2024-03-01,available,300,0.9999979999999999,72,0.596484,71,0.5914939999999999,0.9916343103922315,20,0.3120670000000001,20,0.3120670000000001,1.0,72,0.596484,0.0,0.0,60,0.6
strong_market_effective_participation_v1,baseline_2y_1y_5fold,3,2023-04-03,2024-03-29,2024-03-28,SH.000300,2024-03-01,available,300,0.9999979999999999,72,0.596484,71,0.5914939999999999,0.9916343103922315,20,0.3120670000000001,20,0.3120670000000001,1.0,72,0.596484,0.0,0.0,60,0.6
strong_market_effective_participation_v1,baseline_2y_1y_5fold,3,2023-04-03,2024-03-29,2024-03-29,SH.000300,2024-03-01,available,300,0.9999979999999999,72,0.596484,71,0.5914939999999999,0.9916343103922315,20,0.3120670000000001,20,0.3120670000000001,1.0,72,0.596484,0.0,0.0,60,0.6
strong_market_effective_participation_v1,baseline_2y_1y_5fold,4,2024-04-01,2025-03-31,2024-04-01,SH.000300,2024-03-29,available,300,1.0000400000000003,71,0.59896,70,0.59428,0.9921864565246427,20,0.31817,20,0.31817,1.0,71,0.59896,0.0,0.0,60,0.6
strong_market_effective_participation_v1,baseline_2y_1y_5fold,4,2024-04-01,2025-03-31,2024-04-02,SH.000300,2024-04-01,available,300,0.9999979999999999,71,0.598965,70,0.59432,0.9922449558822302,20,0.318349,20,0.318349,1.0,71,0.598965,0.0,0.0,60,0.6
strong_market_effective_participation_v1,baseline_2y_1y_5fold,4,2024-04-01,2025-03-31,2024-04-03,SH.000300,2024-04-01,available,300,0.9999979999999999,71,0.598965,70,0.59432,0.9922449558822302,20,0.318349,20,0.318349,1.0,71,0.598965,0.0,0.0,60,0.6
strong_market_effective_participation_v1,baseline_2y_1y_5fold,4,2024-04-01,2025-03-31,2024-04-08,SH.000300,2024-04-01,available,300,0.9999979999999999,71,0.598965,70,0.59432,0.9922449558822302,20,0.318349,20,0.318349,1.0,71,0.598965,0.0,0.0,60,0.6
strong_market_effective_participation_v1,baseline_2y_1y_5fold,4,2024-04-01,2025-03-31,2024-04-09,SH.000300,2024-04-01,available,300,0.9999979999999999,71,0.598965,70,0.59432,0.9922449558822302,20,0.318349,20,0.318349,1.0,71,0.598965,0.0,0.0,60,0.6
strong_market_effective_participation_v1,baseline_2y_1y_5fold,4,2024-04-01,2025-03-31,2024-04-10,SH.000300,2024-04-01,available,300,0.9999979999999999,71,0.598965,70,0.59432,0.9922449558822302,20,0.318349,20,0.318349,1.0,71,0.598965,0.0,0.0,60,0.6
strong_market_effective_participation_v1,baseline_2y_1y_5fold,4,2024-04-01,2025-03-31,2024-04-11,SH.000300,2024-04-01,available,300,0.9999979999999999,71,0.598965,70,0.59432,0.9922449558822302,20,0.318349,20,0.318349,1.0,71,0.598965,0.0,0.0,60,0.6
strong_market_effective_participation_v1,baseline_2y_1y_5fold,4,2024-04-01,2025-03-31,2024-04-12,SH.000300,2024-04-01,available,300,0.9999979999999999,71,0.598965,70,0.59432,0.9922449558822302,20,0.318349,20,0.318349,1.0,71,0.598965,0.0,0.0,60,0.6
strong_market_effective_participation_v1,baseline_2y_1y_5fold,4,2024-04-01,2025-03-31,2024-04-15,SH.000300,2024-04-01,available,300,0.9999979999999999,71,0.598965,70,0.59432,0.9922449558822302,20,0.318349,20,0.318349,1.0,71,0.598965,0.0,0.0,60,0.6
strong_market_effective_participation_v1,baseline_2y_1y_5fold,4,2024-04-01,2025-03-31,2024-04-16,SH.000300,2024-04-01,available,300,0.9999979999999999,71,0.598965,70,0.59432,0.9922449558822302,20,0.318349,20,0.318349,1.0,71,0.598965,0.0,0.0,60,0.6
strong_market_effective_participation_v1,baseline_2y_1y_5fold,4,2024-04-01,2025-03-31,2024-04-17,SH.000300,2024-04-01,available,300,0.9999979999999999,71,0.598965,70,0.59432,0.9922449558822302,20,0.318349,20,0.318349,1.0,71,0.598965,0.0,0.0,60,0.6
strong_market_effective_participation_v1,baseline_2y_1y_5fold,4,2024-04-01,2025-03-31,2024-04-18,SH.000300,2024-04-01,available,300,0.9999979999999999,71,0.598965,70,0.59432,0.9922449558822302,20,0.318349,20,0.318349,1.0,71,0.598965,0.0,0.0,60,0.6
strong_market_effective_participation_v1,baseline_2y_1y_5fold,4,2024-04-01,2025-03-31,2024-04-19,SH.000300,2024-04-01,available,300,0.9999979999999999,71,0.598965,70,0.59432,0.9922449558822302,20,0.318349,20,0.318349,1.0,71,0.598965,0.0,0.0,60,0.6
strong_market_effective_participation_v1,baseline_2y_1y_5fold,4,2024-04-01,2025-03-31,2024-04-22,SH.000300,2024-04-01,available,300,0.9999979999999999,71,0.598965,70,0.59432,0.9922449558822302,20,0.318349,20,0.318349,1.0,71,0.598965,0.0,0.0,60,0.6
strong_market_effective_participation_v1,baseline_2y_1y_5fold,4,2024-04-01,2025-03-31,2024-04-23,SH.000300,2024-04-01,available,300,0.9999979999999999,71,0.598965,70,0.59432,0.9922449558822302,20,0.318349,20,0.318349,1.0,71,0.598965,0.0,0.0,60,0.6
strong_market_effective_participation_v1,baseline_2y_1y_5fold,4,2024-04-01,2025-03-31,2024-04-24,SH.000300,2024-04-01,available,300,0.9999979999999999,71,0.598965,70,0.59432,0.9922449558822302,20,0.318349,20,0.318349,1.0,71,0.598965,0.0,0.0,60,0.6
strong_market_effective_participation_v1,baseline_2y_1y_5fold,4,2024-04-01,2025-03-31,2024-04-25,SH.000300,2024-04-01,available,300,0.9999979999999999,71,0.598965,70,0.59432,0.9922449558822302,20,0.318349,20,0.318349,1.0,71,0.598965,0.0,0.0,60,0.6
strong_market_effective_participation_v1,baseline_2y_1y_5fold,4,2024-04-01,2025-03-31,2024-04-26,SH.000300,2024-04-01,available,300,0.9999979999999999,71,0.598965,70,0.59432,0.9922449558822302,20,0.318349,20,0.318349,1.0,71,0.598965,0.0,0.0,60,0.6
strong_market_effective_participation_v1,baseline_2y_1y_5fold,4,2024-04-01,2025-03-31,2024-04-29,SH.000300,2024-04-01,available,300,0.9999979999999999,71,0.598965,70,0.59432,0.9922449558822302,20,0.318349,20,0.318349,1.0,71,0.598965,0.0,0.0,60,0.6
strong_market_effective_participation_v1,baseline_2y_1y_5fold,4,2024-04-01,2025-03-31,2024-04-30,SH.000300,2024-04-01,available,300,0.9999979999999999,71,0.598965,70,0.59432,0.9922449558822302,20,0.318349,20,0.318349,1.0,71,0.598965,0.0,0.0,60,0.6
strong_market_effective_participation_v1,baseline_2y_1y_5fold,4,2024-04-01,2025-03-31,2024-05-06,SH.000300,2024-04-30,available,300,1.0000299999999998,70,0.5989400000000001,69,0.5945200000000002,0.9926202958560123,20,0.32333999999999996,20,0.32333999999999996,1.0,70,0.5989400000000001,0.0,0.0,60,0.6
strong_market_effective_participation_v1,baseline_2y_1y_5fold,4,2024-04-01,2025-03-31,2024-05-07,SH.000300,2024-05-06,available,300,0.999992,70,0.5993379999999999,69,0.5949679999999999,0.9927086218461035,20,0.324554,20,0.324554,1.0,70,0.5993379999999999,0.0,0.0,60,0.6
strong_market_effective_participation_v1,baseline_2y_1y_5fold,4,2024-04-01,2025-03-31,2024-05-08,SH.000300,2024-05-06,available,300,0.999992,70,0.5993379999999999,69,0.5949679999999999,0.9927086218461035,20,0.324554,20,0.324554,1.0,70,0.5993379999999999,0.0,0.0,60,0.6
strong_market_effective_participation_v1,baseline_2y_1y_5fold,4,2024-04-01,2025-03-31,2024-05-09,SH.000300,2024-05-06,available,300,0.999992,70,0.5993379999999999,69,0.5949679999999999,0.9927086218461035,20,0.324554,20,0.324554,1.0,70,0.5993379999999999,0.0,0.0,60,0.6
strong_market_effective_participation_v1,baseline_2y_1y_5fold,4,2024-04-01,2025-03-31,2024-05-10,SH.000300,2024-05-06,available,300,0.999992,70,0.5993379999999999,69,0.5949679999999999,0.9927086218461035,20,0.324554,20,0.324554,1.0,70,0.5993379999999999,0.0,0.0,60,0.6
strong_market_effective_participation_v1,baseline_2y_1y_5fold,4,2024-04-01,2025-03-31,2024-05-13,SH.000300,2024-05-06,available,300,0.999992,70,0.5993379999999999,69,0.5949679999999999,0.9927086218461035,20,0.324554,20,0.324554,1.0,70,0.5993379999999999,0.0,0.0,60,0.6
strong_market_effective_participation_v1,baseline_2y_1y_5fold,4,2024-04-01,2025-03-31,2024-05-14,SH.000300,2024-05-06,available,300,0.999992,70,0.5993379999999999,69,0.5949679999999999,0.9927086218461035,20,0.324554,20,0.324554,1.0,70,0.5993379999999999,0.0,0.0,60,0.6
strong_market_effective_participation_v1,baseline_2y_1y_5fold,4,2024-04-01,2025-03-31,2024-05-15,SH.000300,2024-05-06,available,300,0.999992,70,0.5993379999999999,69,0.5949679999999999,0.9927086218461035,20,0.324554,20,0.324554,1.0,70,0.5993379999999999,0.0,0.0,60,0.6
strong_market_effective_participation_v1,baseline_2y_1y_5fold,4,2024-04-01,2025-03-31,2024-05-16,SH.000300,2024-05-06,available,300,0.999992,70,0.5993379999999999,69,0.5949679999999999,0.9927086218461035,20,0.324554,20,0.324554,1.0,70,0.5993379999999999,0.0,0.0,60,0.6
strong_market_effective_participation_v1,baseline_2y_1y_5fold,4,2024-04-01,2025-03-31,2024-05-17,SH.000300,2024-05-06,available,300,0.999992,70,0.5993379999999999,69,0.5949679999999999,0.9927086218461035,20,0.324554,20,0.324554,1.0,70,0.5993379999999999,0.0,0.0,60,0.6
strong_market_effective_participation_v1,baseline_2y_1y_5fold,4,2024-04-01,2025-03-31,2024-05-20,SH.000300,2024-05-06,available,300,0.999992,70,0.5993379999999999,69,0.5949679999999999,0.9927086218461035,20,0.324554,20,0.324554,1.0,70,0.5993379999999999,0.0,0.0,60,0.6
strong_market_effective_participation_v1,baseline_2y_1y_5fold,4,2024-04-01,2025-03-31,2024-05-21,SH.000300,2024-05-06,available,300,0.999992,70,0.5993379999999999,69,0.5949679999999999,0.9927086218461035,20,0.324554,20,0.324554,1.0,70,0.5993379999999999,0.0,0.0,60,0.6
strong_market_effective_participation_v1,baseline_2y_1y_5fold,4,2024-04-01,2025-03-31,2024-05-22,SH.000300,2024-05-06,available,300,0.999992,70,0.5993379999999999,69,0.5949679999999999,0.9927086218461035,20,0.324554,20,0.324554,1.0,70,0.5993379999999999,0.0,0.0,60,0.6
strong_market_effective_participation_v1,baseline_2y_1y_5fold,4,2024-04-01,2025-03-31,2024-05-23,SH.000300,2024-05-06,available,300,0.999992,70,0.5993379999999999,69,0.5949679999999999,0.9927086218461035,20,0.324554,20,0.324554,1.0,70,0.5993379999999999,0.0,0.0,60,0.6
strong_market_effective_participation_v1,baseline_2y_1y_5fold,4,2024-04-01,2025-03-31,2024-05-24,SH.000300,2024-05-06,available,300,0.999992,70,0.5993379999999999,69,0.5949679999999999,0.9927086218461035,20,0.324554,20,0.324554,1.0,70,0.5993379999999999,0.0,0.0,60,0.6
strong_market_effective_participation_v1,baseline_2y_1y_5fold,4,2024-04-01,2025-03-31,2024-05-27,SH.000300,2024-05-06,available,300,0.999992,70,0.5993379999999999,69,0.5949679999999999,0.9927086218461035,20,0.324554,20,0.324554,1.0,70,0.5993379999999999,0.0,0.0,60,0.6
strong_market_effective_participation_v1,baseline_2y_1y_5fold,4,2024-04-01,2025-03-31,2024-05-28,SH.000300,2024-05-06,available,300,0.999992,70,0.5993379999999999,69,0.5949679999999999,0.9927086218461035,20,0.324554,20,0.324554,1.0,70,0.5993379999999999,0.0,0.0,60,0.6
strong_market_effective_participation_v1,baseline_2y_1y_5fold,4,2024-04-01,2025-03-31,2024-05-29,SH.000300,2024-05-06,available,300,0.999992,70,0.5993379999999999,69,0.5949679999999999,0.9927086218461035,20,0.324554,20,0.324554,1.0,70,0.5993379999999999,0.0,0.0,60,0.6
strong_market_effective_participation_v1,baseline_2y_1y_5fold,4,2024-04-01,2025-03-31,2024-05-30,SH.000300,2024-05-06,available,300,0.999992,70,0.5993379999999999,69,0.5949679999999999,0.9927086218461035,20,0.324554,20,0.324554,1.0,70,0.5993379999999999,0.0,0.0,60,0.6
strong_market_effective_participation_v1,baseline_2y_1y_5fold,4,2024-04-01,2025-03-31,2024-05-31,SH.000300,2024-05-06,available,300,0.999992,70,0.5993379999999999,69,0.5949679999999999,0.9927086218461035,20,0.324554,20,0.324554,1.0,70,0.5993379999999999,0.0,0.0,60,0.6
strong_market_effective_participation_v1,baseline_2y_1y_5fold,4,2024-04-01,2025-03-31,2024-06-03,SH.000300,2024-05-31,available,300,1.00003,70,0.5992,69,0.5948,0.992656875834446,20,0.32109000000000004,20,0.32109000000000004,1.0,70,0.5992,0.0,0.0,60,0.6
strong_market_effective_participation_v1,baseline_2y_1y_5fold,4,2024-04-01,2025-03-31,2024-06-04,SH.000300,2024-06-03,available,300,1.000003,69,0.5966389999999998,68,0.5923229999999998,0.9927661450223669,20,0.321909,20,0.321909,1.0,69,0.5966389999999998,0.0,0.0,60,0.6
strong_market_effective_participation_v1,baseline_2y_1y_5fold,4,2024-04-01,2025-03-31,2024-06-05,SH.000300,2024-06-03,available,300,1.000003,69,0.5966389999999998,68,0.5923229999999998,0.9927661450223669,20,0.321909,20,0.321909,1.0,69,0.5966389999999998,0.0,0.0,60,0.6
strong_market_effective_participation_v1,baseline_2y_1y_5fold,4,2024-04-01,2025-03-31,2024-06-06,SH.000300,2024-06-03,available,300,1.000003,69,0.5966389999999998,68,0.5923229999999998,0.9927661450223669,20,0.321909,20,0.321909,1.0,69,0.5966389999999998,0.0,0.0,60,0.6
strong_market_effective_participation_v1,baseline_2y_1y_5fold,4,2024-04-01,2025-03-31,2024-06-07,SH.000300,2024-06-03,available,300,1.000003,69,0.5966389999999998,68,0.5923229999999998,0.9927661450223669,20,0.321909,20,0.321909,1.0,69,0.5966389999999998,0.0,0.0,60,0.6
strong_market_effective_participation_v1,baseline_2y_1y_5fold,4,2024-04-01,2025-03-31,2024-06-11,SH.000300,2024-06-03,available,300,1.000003,69,0.5966389999999998,68,0.5923229999999998,0.9927661450223669,20,0.321909,20,0.321909,1.0,69,0.5966389999999998,0.0,0.0,60,0.6
strong_market_effective_participation_v1,baseline_2y_1y_5fold,4,2024-04-01,2025-03-31,2024-06-12,SH.000300,2024-06-03,available,300,1.000003,69,0.5966389999999998,68,0.5923229999999998,0.9927661450223669,20,0.321909,20,0.321909,1.0,69,0.5966389999999998,0.0,0.0,60,0.6
strong_market_effective_participation_v1,baseline_2y_1y_5fold,4,2024-04-01,2025-03-31,2024-06-13,SH.000300,2024-06-03,available,300,1.000003,69,0.5966389999999998,68,0.5923229999999998,0.9927661450223669,20,0.321909,20,0.321909,1.0,69,0.5966389999999998,0.0,0.0,60,0.6
strong_market_effective_participation_v1,baseline_2y_1y_5fold,4,2024-04-01,2025-03-31,2024-06-14,SH.000300,2024-06-03,available,300,1.000003,69,0.5966389999999998,68,0.5923229999999998,0.9927661450223669,20,0.321909,20,0.321909,1.0,69,0.5966389999999998,0.0,0.0,60,0.6
strong_market_effective_participation_v1,baseline_2y_1y_5fold,4,2024-04-01,2025-03-31,2024-06-17,SH.000300,2024-06-03,available,300,1.000003,69,0.5966389999999998,68,0.5923229999999998,0.9927661450223669,20,0.321909,20,0.321909,1.0,69,0.5966389999999998,0.0,0.0,60,0.6
strong_market_effective_participation_v1,baseline_2y_1y_5fold,4,2024-04-01,2025-03-31,2024-06-18,SH.000300,2024-06-03,available,300,1.000003,69,0.5966389999999998,68,0.5923229999999998,0.9927661450223669,20,0.321909,20,0.321909,1.0,69,0.5966389999999998,0.0,0.0,60,0.6
strong_market_effective_participation_v1,baseline_2y_1y_5fold,4,2024-04-01,2025-03-31,2024-06-19,SH.000300,2024-06-03,available,300,1.000003,69,0.5966389999999998,68,0.5923229999999998,0.9927661450223669,20,0.321909,20,0.321909,1.0,69,0.5966389999999998,0.0,0.0,60,0.6
strong_market_effective_participation_v1,baseline_2y_1y_5fold,4,2024-04-01,2025-03-31,2024-06-20,SH.000300,2024-06-03,available,300,1.000003,69,0.5966389999999998,68,0.5923229999999998,0.9927661450223669,20,0.321909,20,0.321909,1.0,69,0.5966389999999998,0.0,0.0,60,0.6
strong_market_effective_participation_v1,baseline_2y_1y_5fold,4,2024-04-01,2025-03-31,2024-06-21,SH.000300,2024-06-03,available,300,1.000003,69,0.5966389999999998,68,0.5923229999999998,0.9927661450223669,20,0.321909,20,0.321909,1.0,69,0.5966389999999998,0.0,0.0,60,0.6
strong_market_effective_participation_v1,baseline_2y_1y_5fold,4,2024-04-01,2025-03-31,2024-06-24,SH.000300,2024-06-03,available,300,1.000003,69,0.5966389999999998,68,0.5923229999999998,0.9927661450223669,20,0.321909,20,0.321909,1.0,69,0.5966389999999998,0.0,0.0,60,0.6
strong_market_effective_participation_v1,baseline_2y_1y_5fold,4,2024-04-01,2025-03-31,2024-06-25,SH.000300,2024-06-03,available,300,1.000003,69,0.5966389999999998,68,0.5923229999999998,0.9927661450223669,20,0.321909,20,0.321909,1.0,69,0.5966389999999998,0.0,0.0,60,0.6
strong_market_effective_participation_v1,baseline_2y_1y_5fold,4,2024-04-01,2025-03-31,2024-06-26,SH.000300,2024-06-03,available,300,1.000003,69,0.5966389999999998,68,0.5923229999999998,0.9927661450223669,20,0.321909,20,0.321909,1.0,69,0.5966389999999998,0.0,0.0,60,0.6
strong_market_effective_participation_v1,baseline_2y_1y_5fold,4,2024-04-01,2025-03-31,2024-06-27,SH.000300,2024-06-03,available,300,1.000003,69,0.5966389999999998,68,0.5923229999999998,0.9927661450223669,20,0.321909,20,0.321909,1.0,69,0.5966389999999998,0.0,0.0,60,0.6
strong_market_effective_participation_v1,baseline_2y_1y_5fold,4,2024-04-01,2025-03-31,2024-06-28,SH.000300,2024-06-03,available,300,1.000003,69,0.5966389999999998,68,0.5923229999999998,0.9927661450223669,20,0.321909,20,0.321909,1.0,69,0.5966389999999998,0.0,0.0,60,0.6
strong_market_effective_participation_v1,baseline_2y_1y_5fold,4,2024-04-01,2025-03-31,2024-07-01,SH.000300,2024-06-28,available,300,1.0000200000000001,69,0.5961,68,0.5914499999999999,0.9921992954202314,20,0.32255,20,0.32255,1.0,69,0.5961,0.0,0.0,60,0.6
strong_market_effective_participation_v1,baseline_2y_1y_5fold,4,2024-04-01,2025-03-31,2024-07-02,SH.000300,2024-07-01,available,300,1.0000040000000001,70,0.598999,69,0.594383,0.9922938101733059,20,0.32055799999999995,20,0.32055799999999995,1.0,70,0.598999,0.0,0.0,60,0.6
strong_market_effective_participation_v1,baseline_2y_1y_5fold,4,2024-04-01,2025-03-31,2024-07-03,SH.000300,2024-07-01,available,300,1.0000040000000001,70,0.598999,69,0.594383,0.9922938101733059,20,0.32055799999999995,20,0.32055799999999995,1.0,70,0.598999,0.0,0.0,60,0.6
strong_market_effective_participation_v1,baseline_2y_1y_5fold,4,2024-04-01,2025-03-31,2024-07-04,SH.000300,2024-07-01,available,300,1.0000040000000001,70,0.598999,69,0.594383,0.9922938101733059,20,0.32055799999999995,20,0.32055799999999995,1.0,70,0.598999,0.0,0.0,60,0.6
strong_market_effective_participation_v1,baseline_2y_1y_5fold,4,2024-04-01,2025-03-31,2024-07-05,SH.000300,2024-07-01,available,300,1.0000040000000001,70,0.598999,69,0.594383,0.9922938101733059,20,0.32055799999999995,20,0.32055799999999995,1.0,70,0.598999,0.0,0.0,60,0.6
strong_market_effective_participation_v1,baseline_2y_1y_5fold,4,2024-04-01,2025-03-31,2024-07-08,SH.000300,2024-07-01,available,300,1.0000040000000001,70,0.598999,69,0.594383,0.9922938101733059,20,0.32055799999999995,20,0.32055799999999995,1.0,70,0.598999,0.0,0.0,60,0.6
strong_market_effective_participation_v1,baseline_2y_1y_5fold,4,2024-04-01,2025-03-31,2024-07-09,SH.000300,2024-07-01,available,300,1.0000040000000001,70,0.598999,69,0.594383,0.9922938101733059,20,0.32055799999999995,20,0.32055799999999995,1.0,70,0.598999,0.0,0.0,60,0.6
strong_market_effective_participation_v1,baseline_2y_1y_5fold,4,2024-04-01,2025-03-31,2024-07-10,SH.000300,2024-07-01,available,300,1.0000040000000001,70,0.598999,69,0.594383,0.9922938101733059,20,0.32055799999999995,20,0.32055799999999995,1.0,70,0.598999,0.0,0.0,60,0.6
strong_market_effective_participation_v1,baseline_2y_1y_5fold,4,2024-04-01,2025-03-31,2024-07-11,SH.000300,2024-07-01,available,300,1.0000040000000001,70,0.598999,69,0.594383,0.9922938101733059,20,0.32055799999999995,20,0.32055799999999995,1.0,70,0.598999,0.0,0.0,60,0.6
strong_market_effective_participation_v1,baseline_2y_1y_5fold,4,2024-04-01,2025-03-31,2024-07-12,SH.000300,2024-07-01,available,300,1.0000040000000001,70,0.598999,69,0.594383,0.9922938101733059,20,0.32055799999999995,20,0.32055799999999995,1.0,70,0.598999,0.0,0.0,60,0.6
strong_market_effective_participation_v1,baseline_2y_1y_5fold,4,2024-04-01,2025-03-31,2024-07-15,SH.000300,2024-07-01,available,300,1.0000040000000001,70,0.598999,69,0.594383,0.9922938101733059,20,0.32055799999999995,20,0.32055799999999995,1.0,70,0.598999,0.0,0.0,60,0.6
strong_market_effective_participation_v1,baseline_2y_1y_5fold,4,2024-04-01,2025-03-31,2024-07-16,SH.000300,2024-07-01,available,300,1.0000040000000001,70,0.598999,69,0.594383,0.9922938101733059,20,0.32055799999999995,20,0.32055799999999995,1.0,70,0.598999,0.0,0.0,60,0.6
strong_market_effective_participation_v1,baseline_2y_1y_5fold,4,2024-04-01,2025-03-31,2024-07-17,SH.000300,2024-07-01,available,300,1.0000040000000001,70,0.598999,69,0.594383,0.9922938101733059,20,0.32055799999999995,20,0.32055799999999995,1.0,70,0.598999,0.0,0.0,60,0.6
strong_market_effective_participation_v1,baseline_2y_1y_5fold,4,2024-04-01,2025-03-31,2024-07-18,SH.000300,2024-07-01,available,300,1.0000040000000001,70,0.598999,69,0.594383,0.9922938101733059,20,0.32055799999999995,20,0.32055799999999995,1.0,70,0.598999,0.0,0.0,60,0.6
strong_market_effective_participation_v1,baseline_2y_1y_5fold,4,2024-04-01,2025-03-31,2024-07-19,SH.000300,2024-07-01,available,300,1.0000040000000001,70,0.598999,69,0.594383,0.9922938101733059,20,0.32055799999999995,20,0.32055799999999995,1.0,70,0.598999,0.0,0.0,60,0.6
strong_market_effective_participation_v1,baseline_2y_1y_5fold,4,2024-04-01,2025-03-31,2024-07-22,SH.000300,2024-07-01,available,300,1.0000040000000001,70,0.598999,69,0.594383,0.9922938101733059,20,0.32055799999999995,20,0.32055799999999995,1.0,70,0.598999,0.0,0.0,60,0.6
strong_market_effective_participation_v1,baseline_2y_1y_5fold,4,2024-04-01,2025-03-31,2024-07-23,SH.000300,2024-07-01,available,300,1.0000040000000001,70,0.598999,69,0.594383,0.9922938101733059,20,0.32055799999999995,20,0.32055799999999995,1.0,70,0.598999,0.0,0.0,60,0.6
strong_market_effective_participation_v1,baseline_2y_1y_5fold,4,2024-04-01,2025-03-31,2024-07-24,SH.000300,2024-07-01,available,300,1.0000040000000001,70,0.598999,69,0.594383,0.9922938101733059,20,0.32055799999999995,20,0.32055799999999995,1.0,70,0.598999,0.0,0.0,60,0.6
strong_market_effective_participation_v1,baseline_2y_1y_5fold,4,2024-04-01,2025-03-31,2024-07-25,SH.000300,2024-07-01,available,300,1.0000040000000001,70,0.598999,69,0.594383,0.9922938101733059,20,0.32055799999999995,20,0.32055799999999995,1.0,70,0.598999,0.0,0.0,60,0.6
strong_market_effective_participation_v1,baseline_2y_1y_5fold,4,2024-04-01,2025-03-31,2024-07-26,SH.000300,2024-07-01,available,300,1.0000040000000001,70,0.598999,69,0.594383,0.9922938101733059,20,0.32055799999999995,20,0.32055799999999995,1.0,70,0.598999,0.0,0.0,60,0.6
strong_market_effective_participation_v1,baseline_2y_1y_5fold,4,2024-04-01,2025-03-31,2024-07-29,SH.000300,2024-07-01,available,300,1.0000040000000001,70,0.598999,69,0.594383,0.9922938101733059,20,0.32055799999999995,20,0.32055799999999995,1.0,70,0.598999,0.0,0.0,60,0.6
strong_market_effective_participation_v1,baseline_2y_1y_5fold,4,2024-04-01,2025-03-31,2024-07-30,SH.000300,2024-07-01,available,300,1.0000040000000001,70,0.598999,69,0.594383,0.9922938101733059,20,0.32055799999999995,20,0.32055799999999995,1.0,70,0.598999,0.0,0.0,60,0.6
strong_market_effective_participation_v1,baseline_2y_1y_5fold,4,2024-04-01,2025-03-31,2024-07-31,SH.000300,2024-07-01,available,300,1.0000040000000001,70,0.598999,69,0.594383,0.9922938101733059,20,0.32055799999999995,20,0.32055799999999995,1.0,70,0.598999,0.0,0.0,60,0.6
strong_market_effective_participation_v1,baseline_2y_1y_5fold,4,2024-04-01,2025-03-31,2024-08-01,SH.000300,2024-07-31,available,300,0.9999800000000001,71,0.59968,70,0.59472,0.9917289220917823,20,0.32169,20,0.32169,1.0,71,0.59968,0.0,0.0,60,0.6
strong_market_effective_participation_v1,baseline_2y_1y_5fold,4,2024-04-01,2025-03-31,2024-08-02,SH.000300,2024-08-01,available,300,1.0000019999999998,71,0.599414,70,0.59446,0.9917352614386717,20,0.320931,20,0.320931,1.0,71,0.599414,0.0,0.0,60,0.6
strong_market_effective_participation_v1,baseline_2y_1y_5fold,4,2024-04-01,2025-03-31,2024-08-05,SH.000300,2024-08-01,available,300,1.0000019999999998,71,0.599414,70,0.59446,0.9917352614386717,20,0.320931,20,0.320931,1.0,71,0.599414,0.0,0.0,60,0.6
strong_market_effective_participation_v1,baseline_2y_1y_5fold,4,2024-04-01,2025-03-31,2024-08-06,SH.000300,2024-08-01,available,300,1.0000019999999998,71,0.599414,70,0.59446,0.9917352614386717,20,0.320931,20,0.320931,1.0,71,0.599414,0.0,0.0,60,0.6
strong_market_effective_participation_v1,baseline_2y_1y_5fold,4,2024-04-01,2025-03-31,2024-08-07,SH.000300,2024-08-01,available,300,1.0000019999999998,71,0.599414,70,0.59446,0.9917352614386717,20,0.320931,20,0.320931,1.0,71,0.599414,0.0,0.0,60,0.6
strong_market_effective_participation_v1,baseline_2y_1y_5fold,4,2024-04-01,2025-03-31,2024-08-08,SH.000300,2024-08-01,available,300,1.0000019999999998,71,0.599414,70,0.59446,0.9917352614386717,20,0.320931,20,0.320931,1.0,71,0.599414,0.0,0.0,60,0.6
strong_market_effective_participation_v1,baseline_2y_1y_5fold,4,2024-04-01,2025-03-31,2024-08-09,SH.000300,2024-08-01,available,300,1.0000019999999998,71,0.599414,70,0.59446,0.9917352614386717,20,0.320931,20,0.320931,1.0,71,0.599414,0.0,0.0,60,0.6
strong_market_effective_participation_v1,baseline_2y_1y_5fold,4,2024-04-01,2025-03-31,2024-08-12,SH.000300,2024-08-01,available,300,1.0000019999999998,71,0.599414,70,0.59446,0.9917352614386717,20,0.320931,20,0.320931,1.0,71,0.599414,0.0,0.0,60,0.6
strong_market_effective_participation_v1,baseline_2y_1y_5fold,4,2024-04-01,2025-03-31,2024-08-13,SH.000300,2024-08-01,available,300,1.0000019999999998,71,0.599414,70,0.59446,0.9917352614386717,20,0.320931,20,0.320931,1.0,71,0.599414,0.0,0.0,60,0.6
strong_market_effective_participation_v1,baseline_2y_1y_5fold,4,2024-04-01,2025-03-31,2024-08-14,SH.000300,2024-08-01,available,300,1.0000019999999998,71,0.599414,70,0.59446,0.9917352614386717,20,0.320931,20,0.320931,1.0,71,0.599414,0.0,0.0,60,0.6
strong_market_effective_participation_v1,baseline_2y_1y_5fold,4,2024-04-01,2025-03-31,2024-08-15,SH.000300,2024-08-01,available,300,1.0000019999999998,71,0.599414,70,0.59446,0.9917352614386717,20,0.320931,20,0.320931,1.0,71,0.599414,0.0,0.0,60,0.6
strong_market_effective_participation_v1,baseline_2y_1y_5fold,4,2024-04-01,2025-03-31,2024-08-16,SH.000300,2024-08-01,available,300,1.0000019999999998,71,0.599414,70,0.59446,0.9917352614386717,20,0.320931,20,0.320931,1.0,71,0.599414,0.0,0.0,60,0.6
strong_market_effective_participation_v1,baseline_2y_1y_5fold,4,2024-04-01,2025-03-31,2024-08-19,SH.000300,2024-08-01,available,300,1.0000019999999998,71,0.599414,70,0.59446,0.9917352614386717,20,0.320931,20,0.320931,1.0,71,0.599414,0.0,0.0,60,0.6
strong_market_effective_participation_v1,baseline_2y_1y_5fold,4,2024-04-01,2025-03-31,2024-08-20,SH.000300,2024-08-01,available,300,1.0000019999999998,71,0.599414,70,0.59446,0.9917352614386717,20,0.320931,20,0.320931,1.0,71,0.599414,0.0,0.0,60,0.6
strong_market_effective_participation_v1,baseline_2y_1y_5fold,4,2024-04-01,2025-03-31,2024-08-21,SH.000300,2024-08-01,available,300,1.0000019999999998,71,0.599414,70,0.59446,0.9917352614386717,20,0.320931,20,0.320931,1.0,71,0.599414,0.0,0.0,60,0.6
strong_market_effective_participation_v1,baseline_2y_1y_5fold,4,2024-04-01,2025-03-31,2024-08-22,SH.000300,2024-08-01,available,300,1.0000019999999998,71,0.599414,70,0.59446,0.9917352614386717,20,0.320931,20,0.320931,1.0,71,0.599414,0.0,0.0,60,0.6
strong_market_effective_participation_v1,baseline_2y_1y_5fold,4,2024-04-01,2025-03-31,2024-08-23,SH.000300,2024-08-01,available,300,1.0000019999999998,71,0.599414,70,0.59446,0.9917352614386717,20,0.320931,20,0.320931,1.0,71,0.599414,0.0,0.0,60,0.6
strong_market_effective_participation_v1,baseline_2y_1y_5fold,4,2024-04-01,2025-03-31,2024-08-26,SH.000300,2024-08-01,available,300,1.0000019999999998,71,0.599414,70,0.59446,0.9917352614386717,20,0.320931,20,0.320931,1.0,71,0.599414,0.0,0.0,60,0.6
strong_market_effective_participation_v1,baseline_2y_1y_5fold,4,2024-04-01,2025-03-31,2024-08-27,SH.000300,2024-08-01,available,300,1.0000019999999998,71,0.599414,70,0.59446,0.9917352614386717,20,0.320931,20,0.320931,1.0,71,0.599414,0.0,0.0,60,0.6
strong_market_effective_participation_v1,baseline_2y_1y_5fold,4,2024-04-01,2025-03-31,2024-08-28,SH.000300,2024-08-01,available,300,1.0000019999999998,71,0.599414,70,0.59446,0.9917352614386717,20,0.320931,20,0.320931,1.0,71,0.599414,0.0,0.0,60,0.6
strong_market_effective_participation_v1,baseline_2y_1y_5fold,4,2024-04-01,2025-03-31,2024-08-29,SH.000300,2024-08-01,available,300,1.0000019999999998,71,0.599414,70,0.59446,0.9917352614386717,20,0.320931,20,0.320931,1.0,71,0.599414,0.0,0.0,60,0.6
strong_market_effective_participation_v1,baseline_2y_1y_5fold,4,2024-04-01,2025-03-31,2024-08-30,SH.000300,2024-08-01,available,300,1.0000019999999998,71,0.599414,70,0.59446,0.9917352614386717,20,0.320931,20,0.320931,1.0,71,0.599414,0.0,0.0,60,0.6
strong_market_effective_participation_v1,baseline_2y_1y_5fold,4,2024-04-01,2025-03-31,2024-09-02,SH.000300,2024-08-30,available,300,0.99989,68,0.59786,67,0.5929799999999998,0.9918375539423944,20,0.33208,20,0.33208,1.0,68,0.59786,0.0,0.0,60,0.6
strong_market_effective_participation_v1,baseline_2y_1y_5fold,4,2024-04-01,2025-03-31,2024-09-03,SH.000300,2024-09-02,available,300,1.000011,68,0.599811,66,0.59031,0.984160010403277,20,0.33320199999999994,20,0.33320199999999994,1.0,67,0.5951519999999999,0.0,0.0,60,0.6
strong_market_effective_participation_v1,baseline_2y_1y_5fold,4,2024-04-01,2025-03-31,2024-09-04,SH.000300,2024-09-02,available,300,1.000011,68,0.599811,66,0.59031,0.984160010403277,20,0.33320199999999994,20,0.33320199999999994,1.0,67,0.5951519999999999,0.0,0.0,60,0.6
strong_market_effective_participation_v1,baseline_2y_1y_5fold,4,2024-04-01,2025-03-31,2024-09-05,SH.000300,2024-09-02,available,300,1.000011,68,0.599811,66,0.59031,0.984160010403277,20,0.33320199999999994,20,0.33320199999999994,1.0,67,0.5951519999999999,0.0,0.0,60,0.6
strong_market_effective_participation_v1,baseline_2y_1y_5fold,4,2024-04-01,2025-03-31,2024-09-06,SH.000300,2024-09-02,available,300,1.000011,68,0.599811,66,0.59031,0.984160010403277,20,0.33320199999999994,20,0.33320199999999994,1.0,66,0.59031,0.0,0.0,60,0.6
strong_market_effective_participation_v1,baseline_2y_1y_5fold,4,2024-04-01,2025-03-31,2024-09-09,SH.000300,2024-09-02,available,300,1.000011,68,0.599811,66,0.59031,0.984160010403277,20,0.33320199999999994,20,0.33320199999999994,1.0,66,0.59031,0.0,0.0,60,0.6
strong_market_effective_participation_v1,baseline_2y_1y_5fold,4,2024-04-01,2025-03-31,2024-09-10,SH.000300,2024-09-02,available,300,1.000011,68,0.599811,66,0.59031,0.984160010403277,20,0.33320199999999994,20,0.33320199999999994,1.0,66,0.59031,0.0,0.0,60,0.6
strong_market_effective_participation_v1,baseline_2y_1y_5fold,4,2024-04-01,2025-03-31,2024-09-11,SH.000300,2024-09-02,available,300,1.000011,68,0.599811,66,0.59031,0.984160010403277,20,0.33320199999999994,20,0.33320199999999994,1.0,66,0.59031,0.0,0.0,60,0.6
strong_market_effective_participation_v1,baseline_2y_1y_5fold,4,2024-04-01,2025-03-31,2024-09-12,SH.000300,2024-09-02,available,300,1.000011,68,0.599811,66,0.59031,0.984160010403277,20,0.33320199999999994,20,0.33320199999999994,1.0,66,0.59031,0.0,0.0,60,0.6
strong_market_effective_participation_v1,baseline_2y_1y_5fold,4,2024-04-01,2025-03-31,2024-09-13,SH.000300,2024-09-02,available,300,1.000011,68,0.599811,66,0.59031,0.984160010403277,20,0.33320199999999994,20,0.33320199999999994,1.0,66,0.59031,0.0,0.0,60,0.6
strong_market_effective_participation_v1,baseline_2y_1y_5fold,4,2024-04-01,2025-03-31,2024-09-18,SH.000300,2024-09-02,available,300,1.000011,68,0.599811,66,0.59031,0.984160010403277,20,0.33320199999999994,20,0.33320199999999994,1.0,66,0.59031,0.0,0.0,60,0.6
strong_market_effective_participation_v1,baseline_2y_1y_5fold,4,2024-04-01,2025-03-31,2024-09-19,SH.000300,2024-09-02,available,300,1.000011,68,0.599811,67,0.5949689999999999,0.9919274571490018,20,0.33320199999999994,20,0.33320199999999994,1.0,67,0.5949689999999999,0.0,0.0,60,0.6
strong_market_effective_participation_v1,baseline_2y_1y_5fold,4,2024-04-01,2025-03-31,2024-09-20,SH.000300,2024-09-02,available,300,1.000011,68,0.599811,67,0.5949689999999999,0.9919274571490018,20,0.33320199999999994,20,0.33320199999999994,1.0,67,0.5949689999999999,0.0,0.0,60,0.6
strong_market_effective_participation_v1,baseline_2y_1y_5fold,4,2024-04-01,2025-03-31,2024-09-23,SH.000300,2024-09-02,available,300,1.000011,68,0.599811,67,0.5949689999999999,0.9919274571490018,20,0.33320199999999994,20,0.33320199999999994,1.0,67,0.5949689999999999,0.0,0.0,60,0.6
strong_market_effective_participation_v1,baseline_2y_1y_5fold,4,2024-04-01,2025-03-31,2024-09-24,SH.000300,2024-09-02,available,300,1.000011,68,0.599811,67,0.5949689999999999,0.9919274571490018,20,0.33320199999999994,20,0.33320199999999994,1.0,67,0.5949689999999999,0.0,0.0,60,0.6
strong_market_effective_participation_v1,baseline_2y_1y_5fold,4,2024-04-01,2025-03-31,2024-09-25,SH.000300,2024-09-02,available,300,1.000011,68,0.599811,67,0.5949689999999999,0.9919274571490018,20,0.33320199999999994,20,0.33320199999999994,1.0,67,0.5949689999999999,0.0,0.0,60,0.6
strong_market_effective_participation_v1,baseline_2y_1y_5fold,4,2024-04-01,2025-03-31,2024-09-26,SH.000300,2024-09-02,available,300,1.000011,68,0.599811,67,0.5949689999999999,0.9919274571490018,20,0.33320199999999994,20,0.33320199999999994,1.0,67,0.5949689999999999,0.0,0.0,60,0.6
strong_market_effective_participation_v1,baseline_2y_1y_5fold,4,2024-04-01,2025-03-31,2024-09-27,SH.000300,2024-09-02,available,300,1.000011,68,0.599811,67,0.5949689999999999,0.9919274571490018,20,0.33320199999999994,20,0.33320199999999994,1.0,67,0.5949689999999999,0.0,0.0,60,0.6
strong_market_effective_participation_v1,baseline_2y_1y_5fold,4,2024-04-01,2025-03-31,2024-09-30,SH.000300,2024-09-02,available,300,1.000011,68,0.599811,67,0.5949689999999999,0.9919274571490018,20,0.33320199999999994,20,0.33320199999999994,1.0,67,0.5949689999999999,0.0,0.0,60,0.6
strong_market_effective_participation_v1,baseline_2y_1y_5fold,4,2024-04-01,2025-03-31,2024-10-08,SH.000300,2024-09-30,available,300,0.99999,69,0.5985199999999999,68,0.59441,0.9931330615518279,20,0.33472,20,0.33472,1.0,68,0.59441,0.0,0.0,60,0.6
strong_market_effective_participation_v1,baseline_2y_1y_5fold,4,2024-04-01,2025-03-31,2024-10-09,SH.000300,2024-10-08,available,300,1.00001,70,0.599401,70,0.599401,1.0,20,0.332977,20,0.332977,1.0,70,0.599401,0.0,0.0,60,0.6
strong_market_effective_participation_v1,baseline_2y_1y_5fold,4,2024-04-01,2025-03-31,2024-10-10,SH.000300,2024-10-08,available,300,1.00001,70,0.599401,70,0.599401,1.0,20,0.332977,20,0.332977,1.0,70,0.599401,0.0,0.0,60,0.6
strong_market_effective_participation_v1,baseline_2y_1y_5fold,4,2024-04-01,2025-03-31,2024-10-11,SH.000300,2024-10-08,available,300,1.00001,70,0.599401,70,0.599401,1.0,20,0.332977,20,0.332977,1.0,70,0.599401,0.0,0.0,60,0.6
strong_market_effective_participation_v1,baseline_2y_1y_5fold,4,2024-04-01,2025-03-31,2024-10-14,SH.000300,2024-10-08,available,300,1.00001,70,0.599401,70,0.599401,1.0,20,0.332977,20,0.332977,1.0,70,0.599401,0.0,0.0,60,0.6
strong_market_effective_participation_v1,baseline_2y_1y_5fold,4,2024-04-01,2025-03-31,2024-10-15,SH.000300,2024-10-08,available,300,1.00001,70,0.599401,70,0.599401,1.0,20,0.332977,20,0.332977,1.0,70,0.599401,0.0,0.0,60,0.6
strong_market_effective_participation_v1,baseline_2y_1y_5fold,4,2024-04-01,2025-03-31,2024-10-16,SH.000300,2024-10-08,available,300,1.00001,70,0.599401,70,0.599401,1.0,20,0.332977,20,0.332977,1.0,70,0.599401,0.0,0.0,60,0.6
strong_market_effective_participation_v1,baseline_2y_1y_5fold,4,2024-04-01,2025-03-31,2024-10-17,SH.000300,2024-10-08,available,300,1.00001,70,0.599401,70,0.599401,1.0,20,0.332977,20,0.332977,1.0,70,0.599401,0.0,0.0,60,0.6
strong_market_effective_participation_v1,baseline_2y_1y_5fold,4,2024-04-01,2025-03-31,2024-10-18,SH.000300,2024-10-08,available,300,1.00001,70,0.599401,70,0.599401,1.0,20,0.332977,20,0.332977,1.0,70,0.599401,0.0,0.0,60,0.6
strong_market_effective_participation_v1,baseline_2y_1y_5fold,4,2024-04-01,2025-03-31,2024-10-21,SH.000300,2024-10-08,available,300,1.00001,70,0.599401,70,0.599401,1.0,20,0.332977,20,0.332977,1.0,70,0.599401,0.0,0.0,60,0.6
strong_market_effective_participation_v1,baseline_2y_1y_5fold,4,2024-04-01,2025-03-31,2024-10-22,SH.000300,2024-10-08,available,300,1.00001,70,0.599401,70,0.599401,1.0,20,0.332977,20,0.332977,1.0,70,0.599401,0.0,0.0,60,0.6
strong_market_effective_participation_v1,baseline_2y_1y_5fold,4,2024-04-01,2025-03-31,2024-10-23,SH.000300,2024-10-08,available,300,1.00001,70,0.599401,70,0.599401,1.0,20,0.332977,20,0.332977,1.0,70,0.599401,0.0,0.0,60,0.6
strong_market_effective_participation_v1,baseline_2y_1y_5fold,4,2024-04-01,2025-03-31,2024-10-24,SH.000300,2024-10-08,available,300,1.00001,70,0.599401,70,0.599401,1.0,20,0.332977,20,0.332977,1.0,70,0.599401,0.0,0.0,60,0.6
strong_market_effective_participation_v1,baseline_2y_1y_5fold,4,2024-04-01,2025-03-31,2024-10-25,SH.000300,2024-10-08,available,300,1.00001,70,0.599401,70,0.599401,1.0,20,0.332977,20,0.332977,1.0,70,0.599401,0.0,0.0,60,0.6
strong_market_effective_participation_v1,baseline_2y_1y_5fold,4,2024-04-01,2025-03-31,2024-10-28,SH.000300,2024-10-08,available,300,1.00001,70,0.599401,70,0.599401,1.0,20,0.332977,20,0.332977,1.0,70,0.599401,0.0,0.0,60,0.6
strong_market_effective_participation_v1,baseline_2y_1y_5fold,4,2024-04-01,2025-03-31,2024-10-29,SH.000300,2024-10-08,available,300,1.00001,70,0.599401,70,0.599401,1.0,20,0.332977,20,0.332977,1.0,70,0.599401,0.0,0.0,60,0.6
strong_market_effective_participation_v1,baseline_2y_1y_5fold,4,2024-04-01,2025-03-31,2024-10-30,SH.000300,2024-10-08,available,300,1.00001,70,0.599401,70,0.599401,1.0,20,0.332977,20,0.332977,1.0,70,0.599401,0.0,0.0,60,0.6
strong_market_effective_participation_v1,baseline_2y_1y_5fold,4,2024-04-01,2025-03-31,2024-10-31,SH.000300,2024-10-08,available,300,1.00001,70,0.599401,70,0.599401,1.0,20,0.332977,20,0.332977,1.0,70,0.599401,0.0,0.0,60,0.6
strong_market_effective_participation_v1,baseline_2y_1y_5fold,4,2024-04-01,2025-03-31,2024-11-01,SH.000300,2024-10-31,available,300,1.0000499999999999,70,0.59942,69,0.59372,0.990490807780855,20,0.32888,20,0.32888,1.0,70,0.59942,0.0,0.0,60,0.6
strong_market_effective_participation_v1,baseline_2y_1y_5fold,4,2024-04-01,2025-03-31,2024-11-04,SH.000300,2024-11-01,available,300,0.9999999999999999,69,0.5971199999999999,68,0.591571,0.990707060557342,20,0.33037,20,0.33037,1.0,69,0.5971199999999999,0.0,0.0,60,0.6
strong_market_effective_participation_v1,baseline_2y_1y_5fold,4,2024-04-01,2025-03-31,2024-11-05,SH.000300,2024-11-01,available,300,0.9999999999999999,69,0.5971199999999999,68,0.591571,0.990707060557342,20,0.33037,20,0.33037,1.0,69,0.5971199999999999,0.0,0.0,60,0.6
strong_market_effective_participation_v1,baseline_2y_1y_5fold,4,2024-04-01,2025-03-31,2024-11-06,SH.000300,2024-11-01,available,300,0.9999999999999999,69,0.5971199999999999,68,0.591571,0.990707060557342,20,0.33037,20,0.33037,1.0,69,0.5971199999999999,0.0,0.0,60,0.6
strong_market_effective_participation_v1,baseline_2y_1y_5fold,4,2024-04-01,2025-03-31,2024-11-07,SH.000300,2024-11-01,available,300,0.9999999999999999,69,0.5971199999999999,68,0.591571,0.990707060557342,20,0.33037,20,0.33037,1.0,69,0.5971199999999999,0.0,0.0,60,0.6
strong_market_effective_participation_v1,baseline_2y_1y_5fold,4,2024-04-01,2025-03-31,2024-11-08,SH.000300,2024-11-01,available,300,0.9999999999999999,69,0.5971199999999999,68,0.591571,0.990707060557342,20,0.33037,20,0.33037,1.0,69,0.5971199999999999,0.0,0.0,60,0.6
strong_market_effective_participation_v1,baseline_2y_1y_5fold,4,2024-04-01,2025-03-31,2024-11-11,SH.000300,2024-11-01,available,300,0.9999999999999999,69,0.5971199999999999,68,0.591571,0.990707060557342,20,0.33037,20,0.33037,1.0,69,0.5971199999999999,0.0,0.0,60,0.6
strong_market_effective_participation_v1,baseline_2y_1y_5fold,4,2024-04-01,2025-03-31,2024-11-12,SH.000300,2024-11-01,available,300,0.9999999999999999,69,0.5971199999999999,68,0.591571,0.990707060557342,20,0.33037,20,0.33037,1.0,69,0.5971199999999999,0.0,0.0,60,0.6
strong_market_effective_participation_v1,baseline_2y_1y_5fold,4,2024-04-01,2025-03-31,2024-11-13,SH.000300,2024-11-01,available,300,0.9999999999999999,69,0.5971199999999999,68,0.591571,0.990707060557342,20,0.33037,20,0.33037,1.0,69,0.5971199999999999,0.0,0.0,60,0.6
strong_market_effective_participation_v1,baseline_2y_1y_5fold,4,2024-04-01,2025-03-31,2024-11-14,SH.000300,2024-11-01,available,300,0.9999999999999999,69,0.5971199999999999,68,0.591571,0.990707060557342,20,0.33037,20,0.33037,1.0,69,0.5971199999999999,0.0,0.0,60,0.6
strong_market_effective_participation_v1,baseline_2y_1y_5fold,4,2024-04-01,2025-03-31,2024-11-15,SH.000300,2024-11-01,available,300,0.9999999999999999,69,0.5971199999999999,68,0.591571,0.990707060557342,20,0.33037,20,0.33037,1.0,69,0.5971199999999999,0.0,0.0,60,0.6
strong_market_effective_participation_v1,baseline_2y_1y_5fold,4,2024-04-01,2025-03-31,2024-11-18,SH.000300,2024-11-01,available,300,0.9999999999999999,69,0.5971199999999999,68,0.591571,0.990707060557342,20,0.33037,20,0.33037,1.0,69,0.5971199999999999,0.0,0.0,60,0.6
strong_market_effective_participation_v1,baseline_2y_1y_5fold,4,2024-04-01,2025-03-31,2024-11-19,SH.000300,2024-11-01,available,300,0.9999999999999999,69,0.5971199999999999,68,0.591571,0.990707060557342,20,0.33037,20,0.33037,1.0,69,0.5971199999999999,0.0,0.0,60,0.6
strong_market_effective_participation_v1,baseline_2y_1y_5fold,4,2024-04-01,2025-03-31,2024-11-20,SH.000300,2024-11-01,available,300,0.9999999999999999,69,0.5971199999999999,68,0.591571,0.990707060557342,20,0.33037,20,0.33037,1.0,69,0.5971199999999999,0.0,0.0,60,0.6
strong_market_effective_participation_v1,baseline_2y_1y_5fold,4,2024-04-01,2025-03-31,2024-11-21,SH.000300,2024-11-01,available,300,0.9999999999999999,69,0.5971199999999999,68,0.591571,0.990707060557342,20,0.33037,20,0.33037,1.0,69,0.5971199999999999,0.0,0.0,60,0.6
strong_market_effective_participation_v1,baseline_2y_1y_5fold,4,2024-04-01,2025-03-31,2024-11-22,SH.000300,2024-11-01,available,300,0.9999999999999999,69,0.5971199999999999,68,0.591571,0.990707060557342,20,0.33037,20,0.33037,1.0,69,0.5971199999999999,0.0,0.0,60,0.6
strong_market_effective_participation_v1,baseline_2y_1y_5fold,4,2024-04-01,2025-03-31,2024-11-25,SH.000300,2024-11-01,available,300,0.9999999999999999,69,0.5971199999999999,68,0.591571,0.990707060557342,20,0.33037,20,0.33037,1.0,69,0.5971199999999999,0.0,0.0,60,0.6
strong_market_effective_participation_v1,baseline_2y_1y_5fold,4,2024-04-01,2025-03-31,2024-11-26,SH.000300,2024-11-01,available,300,0.9999999999999999,69,0.5971199999999999,68,0.591571,0.990707060557342,20,0.33037,20,0.33037,1.0,69,0.5971199999999999,0.0,0.0,60,0.6
strong_market_effective_participation_v1,baseline_2y_1y_5fold,4,2024-04-01,2025-03-31,2024-11-27,SH.000300,2024-11-01,available,300,0.9999999999999999,69,0.5971199999999999,68,0.591571,0.990707060557342,20,0.33037,20,0.33037,1.0,69,0.5971199999999999,0.0,0.0,60,0.6
strong_market_effective_participation_v1,baseline_2y_1y_5fold,4,2024-04-01,2025-03-31,2024-11-28,SH.000300,2024-11-01,available,300,0.9999999999999999,69,0.5971199999999999,68,0.591571,0.990707060557342,20,0.33037,20,0.33037,1.0,69,0.5971199999999999,0.0,0.0,60,0.6
strong_market_effective_participation_v1,baseline_2y_1y_5fold,4,2024-04-01,2025-03-31,2024-11-29,SH.000300,2024-11-01,available,300,0.9999999999999999,69,0.5971199999999999,68,0.591571,0.990707060557342,20,0.33037,20,0.33037,1.0,69,0.5971199999999999,0.0,0.0,60,0.6
strong_market_effective_participation_v1,baseline_2y_1y_5fold,4,2024-04-01,2025-03-31,2024-12-02,SH.000300,2024-11-29,available,300,1.0000200000000001,71,0.5996400000000001,70,0.59416,0.9908611833766926,20,0.32796000000000003,20,0.32796000000000003,1.0,71,0.5996400000000001,0.0,0.0,60,0.6
strong_market_effective_participation_v1,baseline_2y_1y_5fold,4,2024-04-01,2025-03-31,2024-12-03,SH.000300,2024-12-02,available,300,1.0000010000000001,71,0.598864,70,0.5933789999999999,0.9908409922787142,20,0.327218,20,0.327218,1.0,71,0.598864,0.0,0.0,60,0.6
strong_market_effective_participation_v1,baseline_2y_1y_5fold,4,2024-04-01,2025-03-31,2024-12-04,SH.000300,2024-12-02,available,300,1.0000010000000001,71,0.598864,70,0.5933789999999999,0.9908409922787142,20,0.327218,20,0.327218,1.0,71,0.598864,0.0,0.0,60,0.6
strong_market_effective_participation_v1,baseline_2y_1y_5fold,4,2024-04-01,2025-03-31,2024-12-05,SH.000300,2024-12-02,available,300,1.0000010000000001,71,0.598864,70,0.5933789999999999,0.9908409922787142,20,0.327218,20,0.327218,1.0,71,0.598864,0.0,0.0,60,0.6
strong_market_effective_participation_v1,baseline_2y_1y_5fold,4,2024-04-01,2025-03-31,2024-12-06,SH.000300,2024-12-02,available,300,1.0000010000000001,71,0.598864,70,0.5933789999999999,0.9908409922787142,20,0.327218,20,0.327218,1.0,71,0.598864,0.0,0.0,60,0.6
strong_market_effective_participation_v1,baseline_2y_1y_5fold,4,2024-04-01,2025-03-31,2024-12-09,SH.000300,2024-12-02,available,300,1.0000010000000001,71,0.598864,70,0.5933789999999999,0.9908409922787142,20,0.327218,20,0.327218,1.0,71,0.598864,0.0,0.0,60,0.6
strong_market_effective_participation_v1,baseline_2y_1y_5fold,4,2024-04-01,2025-03-31,2024-12-10,SH.000300,2024-12-02,available,300,1.0000010000000001,71,0.598864,70,0.5933789999999999,0.9908409922787142,20,0.327218,20,0.327218,1.0,71,0.598864,0.0,0.0,60,0.6
strong_market_effective_participation_v1,baseline_2y_1y_5fold,4,2024-04-01,2025-03-31,2024-12-11,SH.000300,2024-12-02,available,300,1.0000010000000001,71,0.598864,70,0.5933789999999999,0.9908409922787142,20,0.327218,20,0.327218,1.0,71,0.598864,0.0,0.0,60,0.6
strong_market_effective_participation_v1,baseline_2y_1y_5fold,4,2024-04-01,2025-03-31,2024-12-12,SH.000300,2024-12-02,available,300,1.0000010000000001,71,0.598864,70,0.5933789999999999,0.9908409922787142,20,0.327218,20,0.327218,1.0,71,0.598864,0.0,0.0,60,0.6
strong_market_effective_participation_v1,baseline_2y_1y_5fold,4,2024-04-01,2025-03-31,2024-12-13,SH.000300,2024-12-02,available,300,1.0000010000000001,71,0.598864,70,0.5933789999999999,0.9908409922787142,20,0.327218,20,0.327218,1.0,71,0.598864,0.0,0.0,60,0.6
strong_market_effective_participation_v1,baseline_2y_1y_5fold,4,2024-04-01,2025-03-31,2024-12-16,SH.000300,2024-12-02,available,300,1.0000010000000001,71,0.598864,70,0.5933789999999999,0.9908409922787142,20,0.327218,20,0.327218,1.0,71,0.598864,0.0,0.0,60,0.6
strong_market_effective_participation_v1,baseline_2y_1y_5fold,4,2024-04-01,2025-03-31,2024-12-17,SH.000300,2024-12-02,available,300,1.0000010000000001,71,0.598864,70,0.5933789999999999,0.9908409922787142,20,0.327218,20,0.327218,1.0,71,0.598864,0.0,0.0,60,0.6
strong_market_effective_participation_v1,baseline_2y_1y_5fold,4,2024-04-01,2025-03-31,2024-12-18,SH.000300,2024-12-02,available,300,1.0000010000000001,71,0.598864,70,0.5933789999999999,0.9908409922787142,20,0.327218,20,0.327218,1.0,71,0.598864,0.0,0.0,60,0.6
strong_market_effective_participation_v1,baseline_2y_1y_5fold,4,2024-04-01,2025-03-31,2024-12-19,SH.000300,2024-12-02,available,300,1.0000010000000001,71,0.598864,70,0.5933789999999999,0.9908409922787142,20,0.327218,20,0.327218,1.0,71,0.598864,0.0,0.0,60,0.6
strong_market_effective_participation_v1,baseline_2y_1y_5fold,4,2024-04-01,2025-03-31,2024-12-20,SH.000300,2024-12-02,available,300,1.0000010000000001,71,0.598864,70,0.5933789999999999,0.9908409922787142,20,0.327218,20,0.327218,1.0,71,0.598864,0.0,0.0,60,0.6
strong_market_effective_participation_v1,baseline_2y_1y_5fold,4,2024-04-01,2025-03-31,2024-12-23,SH.000300,2024-12-02,available,300,1.0000010000000001,71,0.598864,70,0.5933789999999999,0.9908409922787142,20,0.327218,20,0.327218,1.0,71,0.598864,0.0,0.0,60,0.6
strong_market_effective_participation_v1,baseline_2y_1y_5fold,4,2024-04-01,2025-03-31,2024-12-24,SH.000300,2024-12-02,available,300,1.0000010000000001,71,0.598864,70,0.5933789999999999,0.9908409922787142,20,0.327218,20,0.327218,1.0,71,0.598864,0.0,0.0,60,0.6
strong_market_effective_participation_v1,baseline_2y_1y_5fold,4,2024-04-01,2025-03-31,2024-12-25,SH.000300,2024-12-02,available,300,1.0000010000000001,71,0.598864,70,0.5933789999999999,0.9908409922787142,20,0.327218,20,0.327218,1.0,71,0.598864,0.0,0.0,60,0.6
strong_market_effective_participation_v1,baseline_2y_1y_5fold,4,2024-04-01,2025-03-31,2024-12-26,SH.000300,2024-12-02,available,300,1.0000010000000001,71,0.598864,70,0.5933789999999999,0.9908409922787142,20,0.327218,20,0.327218,1.0,71,0.598864,0.0,0.0,60,0.6
strong_market_effective_participation_v1,baseline_2y_1y_5fold,4,2024-04-01,2025-03-31,2024-12-27,SH.000300,2024-12-02,available,300,1.0000010000000001,71,0.598864,70,0.5933789999999999,0.9908409922787142,20,0.327218,20,0.327218,1.0,71,0.598864,0.0,0.0,60,0.6
strong_market_effective_participation_v1,baseline_2y_1y_5fold,4,2024-04-01,2025-03-31,2024-12-30,SH.000300,2024-12-02,available,300,1.0000010000000001,71,0.598864,70,0.5933789999999999,0.9908409922787142,20,0.327218,20,0.327218,1.0,71,0.598864,0.0,0.0,60,0.6
strong_market_effective_participation_v1,baseline_2y_1y_5fold,4,2024-04-01,2025-03-31,2024-12-31,SH.000300,2024-12-02,available,300,1.0000010000000001,71,0.598864,70,0.5933789999999999,0.9908409922787142,20,0.327218,20,0.327218,1.0,71,0.598864,0.0,0.0,60,0.6
strong_market_effective_participation_v1,baseline_2y_1y_5fold,4,2024-04-01,2025-03-31,2025-01-02,SH.000300,2024-12-31,available,300,1.0000499999999999,71,0.5988800000000001,70,0.59367,0.9913004274646006,20,0.32554,20,0.32554,1.0,71,0.5988800000000001,0.0,0.0,60,0.6
strong_market_effective_participation_v1,baseline_2y_1y_5fold,4,2024-04-01,2025-03-31,2025-01-03,SH.000300,2025-01-02,available,300,0.999991,71,0.599465,70,0.5943129999999999,0.9914056700557995,20,0.32679100000000005,20,0.32679100000000005,1.0,71,0.599465,0.0,0.0,60,0.6
strong_market_effective_participation_v1,baseline_2y_1y_5fold,4,2024-04-01,2025-03-31,2025-01-06,SH.000300,2025-01-02,available,300,0.999991,71,0.599465,70,0.5943129999999999,0.9914056700557995,20,0.32679100000000005,20,0.32679100000000005,1.0,71,0.599465,0.0,0.0,60,0.6
strong_market_effective_participation_v1,baseline_2y_1y_5fold,4,2024-04-01,2025-03-31,2025-01-07,SH.000300,2025-01-02,available,300,0.999991,71,0.599465,70,0.5943129999999999,0.9914056700557995,20,0.32679100000000005,20,0.32679100000000005,1.0,71,0.599465,0.0,0.0,60,0.6
strong_market_effective_participation_v1,baseline_2y_1y_5fold,4,2024-04-01,2025-03-31,2025-01-08,SH.000300,2025-01-02,available,300,0.999991,71,0.599465,70,0.5943129999999999,0.9914056700557995,20,0.32679100000000005,20,0.32679100000000005,1.0,71,0.599465,0.0,0.0,60,0.6
strong_market_effective_participation_v1,baseline_2y_1y_5fold,4,2024-04-01,2025-03-31,2025-01-09,SH.000300,2025-01-02,available,300,0.999991,71,0.599465,70,0.5943129999999999,0.9914056700557995,20,0.32679100000000005,20,0.32679100000000005,1.0,71,0.599465,0.0,0.0,60,0.6
strong_market_effective_participation_v1,baseline_2y_1y_5fold,4,2024-04-01,2025-03-31,2025-01-10,SH.000300,2025-01-02,available,300,0.999991,71,0.599465,70,0.5943129999999999,0.9914056700557995,20,0.32679100000000005,20,0.32679100000000005,1.0,71,0.599465,0.0,0.0,60,0.6
strong_market_effective_participation_v1,baseline_2y_1y_5fold,4,2024-04-01,2025-03-31,2025-01-13,SH.000300,2025-01-02,available,300,0.999991,71,0.599465,70,0.5943129999999999,0.9914056700557995,20,0.32679100000000005,20,0.32679100000000005,1.0,71,0.599465,0.0,0.0,60,0.6
strong_market_effective_participation_v1,baseline_2y_1y_5fold,4,2024-04-01,2025-03-31,2025-01-14,SH.000300,2025-01-02,available,300,0.999991,71,0.599465,70,0.5943129999999999,0.9914056700557995,20,0.32679100000000005,20,0.32679100000000005,1.0,71,0.599465,0.0,0.0,60,0.6
strong_market_effective_participation_v1,baseline_2y_1y_5fold,4,2024-04-01,2025-03-31,2025-01-15,SH.000300,2025-01-02,available,300,0.999991,71,0.599465,70,0.5943129999999999,0.9914056700557995,20,0.32679100000000005,20,0.32679100000000005,1.0,71,0.599465,0.0,0.0,60,0.6
strong_market_effective_participation_v1,baseline_2y_1y_5fold,4,2024-04-01,2025-03-31,2025-01-16,SH.000300,2025-01-02,available,300,0.999991,71,0.599465,70,0.5943129999999999,0.9914056700557995,20,0.32679100000000005,20,0.32679100000000005,1.0,71,0.599465,0.0,0.0,60,0.6
strong_market_effective_participation_v1,baseline_2y_1y_5fold,4,2024-04-01,2025-03-31,2025-01-17,SH.000300,2025-01-02,available,300,0.999991,71,0.599465,70,0.5943129999999999,0.9914056700557995,20,0.32679100000000005,20,0.32679100000000005,1.0,71,0.599465,0.0,0.0,60,0.6
strong_market_effective_participation_v1,baseline_2y_1y_5fold,4,2024-04-01,2025-03-31,2025-01-20,SH.000300,2025-01-02,available,300,0.999991,71,0.599465,70,0.5943129999999999,0.9914056700557995,20,0.32679100000000005,20,0.32679100000000005,1.0,71,0.599465,0.0,0.0,60,0.6
strong_market_effective_participation_v1,baseline_2y_1y_5fold,4,2024-04-01,2025-03-31,2025-01-21,SH.000300,2025-01-02,available,300,0.999991,71,0.599465,70,0.5943129999999999,0.9914056700557995,20,0.32679100000000005,20,0.32679100000000005,1.0,71,0.599465,0.0,0.0,60,0.6
strong_market_effective_participation_v1,baseline_2y_1y_5fold,4,2024-04-01,2025-03-31,2025-01-22,SH.000300,2025-01-02,available,300,0.999991,71,0.599465,70,0.5943129999999999,0.9914056700557995,20,0.32679100000000005,20,0.32679100000000005,1.0,71,0.599465,0.0,0.0,60,0.6
strong_market_effective_participation_v1,baseline_2y_1y_5fold,4,2024-04-01,2025-03-31,2025-01-23,SH.000300,2025-01-02,available,300,0.999991,71,0.599465,70,0.5943129999999999,0.9914056700557995,20,0.32679100000000005,20,0.32679100000000005,1.0,71,0.599465,0.0,0.0,60,0.6
strong_market_effective_participation_v1,baseline_2y_1y_5fold,4,2024-04-01,2025-03-31,2025-01-24,SH.000300,2025-01-02,available,300,0.999991,71,0.599465,70,0.5943129999999999,0.9914056700557995,20,0.32679100000000005,20,0.32679100000000005,1.0,71,0.599465,0.0,0.0,60,0.6
strong_market_effective_participation_v1,baseline_2y_1y_5fold,4,2024-04-01,2025-03-31,2025-01-27,SH.000300,2025-01-02,available,300,0.999991,71,0.599465,70,0.5943129999999999,0.9914056700557995,20,0.32679100000000005,20,0.32679100000000005,1.0,71,0.599465,0.0,0.0,60,0.6
strong_market_effective_participation_v1,baseline_2y_1y_5fold,4,2024-04-01,2025-03-31,2025-02-05,SH.000300,2025-01-27,available,300,1.00007,71,0.5959999999999999,70,0.59089,0.9914261744966446,20,0.32528999999999997,20,0.32528999999999997,1.0,71,0.5959999999999999,0.0,0.0,60,0.6
strong_market_effective_participation_v1,baseline_2y_1y_5fold,4,2024-04-01,2025-03-31,2025-02-06,SH.000300,2025-02-05,available,300,1.0000049999999998,72,0.598858,70,0.5897669999999999,0.9848194396668324,20,0.32378599999999996,20,0.32378599999999996,1.0,70,0.5897669999999999,0.0,0.0,60,0.6
strong_market_effective_participation_v1,baseline_2y_1y_5fold,4,2024-04-01,2025-03-31,2025-02-07,SH.000300,2025-02-05,available,300,1.0000049999999998,72,0.598858,70,0.5897669999999999,0.9848194396668324,20,0.32378599999999996,20,0.32378599999999996,1.0,70,0.5897669999999999,0.0,0.0,60,0.6
strong_market_effective_participation_v1,baseline_2y_1y_5fold,4,2024-04-01,2025-03-31,2025-02-10,SH.000300,2025-02-05,available,300,1.0000049999999998,72,0.598858,71,0.5937999999999999,0.991553924302589,20,0.32378599999999996,20,0.32378599999999996,1.0,71,0.5937999999999999,0.0,0.0,60,0.6
strong_market_effective_participation_v1,baseline_2y_1y_5fold,4,2024-04-01,2025-03-31,2025-02-11,SH.000300,2025-02-05,available,300,1.0000049999999998,72,0.598858,71,0.5937999999999999,0.991553924302589,20,0.32378599999999996,20,0.32378599999999996,1.0,71,0.5937999999999999,0.0,0.0,60,0.6
strong_market_effective_participation_v1,baseline_2y_1y_5fold,4,2024-04-01,2025-03-31,2025-02-12,SH.000300,2025-02-05,available,300,1.0000049999999998,72,0.598858,71,0.5937999999999999,0.991553924302589,20,0.32378599999999996,20,0.32378599999999996,1.0,71,0.5937999999999999,0.0,0.0,60,0.6
strong_market_effective_participation_v1,baseline_2y_1y_5fold,4,2024-04-01,2025-03-31,2025-02-13,SH.000300,2025-02-05,available,300,1.0000049999999998,72,0.598858,71,0.5937999999999999,0.991553924302589,20,0.32378599999999996,20,0.32378599999999996,1.0,71,0.5937999999999999,0.0,0.0,60,0.6
strong_market_effective_participation_v1,baseline_2y_1y_5fold,4,2024-04-01,2025-03-31,2025-02-14,SH.000300,2025-02-05,available,300,1.0000049999999998,72,0.598858,71,0.5937999999999999,0.991553924302589,20,0.32378599999999996,20,0.32378599999999996,1.0,71,0.5937999999999999,0.0,0.0,60,0.6
strong_market_effective_participation_v1,baseline_2y_1y_5fold,4,2024-04-01,2025-03-31,2025-02-17,SH.000300,2025-02-05,available,300,1.0000049999999998,72,0.598858,71,0.5937999999999999,0.991553924302589,20,0.32378599999999996,20,0.32378599999999996,1.0,71,0.5937999999999999,0.0,0.0,60,0.6
strong_market_effective_participation_v1,baseline_2y_1y_5fold,4,2024-04-01,2025-03-31,2025-02-18,SH.000300,2025-02-05,available,300,1.0000049999999998,72,0.598858,71,0.5937999999999999,0.991553924302589,20,0.32378599999999996,20,0.32378599999999996,1.0,71,0.5937999999999999,0.0,0.0,60,0.6
strong_market_effective_participation_v1,baseline_2y_1y_5fold,4,2024-04-01,2025-03-31,2025-02-19,SH.000300,2025-02-05,available,300,1.0000049999999998,72,0.598858,71,0.5937999999999999,0.991553924302589,20,0.32378599999999996,20,0.32378599999999996,1.0,71,0.5937999999999999,0.0,0.0,60,0.6
strong_market_effective_participation_v1,baseline_2y_1y_5fold,4,2024-04-01,2025-03-31,2025-02-20,SH.000300,2025-02-05,available,300,1.0000049999999998,72,0.598858,71,0.5937999999999999,0.991553924302589,20,0.32378599999999996,20,0.32378599999999996,1.0,71,0.5937999999999999,0.0,0.0,60,0.6
strong_market_effective_participation_v1,baseline_2y_1y_5fold,4,2024-04-01,2025-03-31,2025-02-21,SH.000300,2025-02-05,available,300,1.0000049999999998,72,0.598858,71,0.5937999999999999,0.991553924302589,20,0.32378599999999996,20,0.32378599999999996,1.0,71,0.5937999999999999,0.0,0.0,60,0.6
strong_market_effective_participation_v1,baseline_2y_1y_5fold,4,2024-04-01,2025-03-31,2025-02-24,SH.000300,2025-02-05,available,300,1.0000049999999998,72,0.598858,71,0.5937999999999999,0.991553924302589,20,0.32378599999999996,20,0.32378599999999996,1.0,71,0.5937999999999999,0.0,0.0,60,0.6
strong_market_effective_participation_v1,baseline_2y_1y_5fold,4,2024-04-01,2025-03-31,2025-02-25,SH.000300,2025-02-05,available,300,1.0000049999999998,72,0.598858,71,0.5937999999999999,0.991553924302589,20,0.32378599999999996,20,0.32378599999999996,1.0,71,0.5937999999999999,0.0,0.0,60,0.6
strong_market_effective_participation_v1,baseline_2y_1y_5fold,4,2024-04-01,2025-03-31,2025-02-26,SH.000300,2025-02-05,available,300,1.0000049999999998,72,0.598858,71,0.5937999999999999,0.991553924302589,20,0.32378599999999996,20,0.32378599999999996,1.0,71,0.5937999999999999,0.0,0.0,60,0.6
strong_market_effective_participation_v1,baseline_2y_1y_5fold,4,2024-04-01,2025-03-31,2025-02-27,SH.000300,2025-02-05,available,300,1.0000049999999998,72,0.598858,71,0.5937999999999999,0.991553924302589,20,0.32378599999999996,20,0.32378599999999996,1.0,71,0.5937999999999999,0.0,0.0,60,0.6
strong_market_effective_participation_v1,baseline_2y_1y_5fold,4,2024-04-01,2025-03-31,2025-02-28,SH.000300,2025-02-05,available,300,1.0000049999999998,72,0.598858,71,0.5937999999999999,0.991553924302589,20,0.32378599999999996,20,0.32378599999999996,1.0,71,0.5937999999999999,0.0,0.0,60,0.6
strong_market_effective_participation_v1,baseline_2y_1y_5fold,4,2024-04-01,2025-03-31,2025-03-03,SH.000300,2025-02-28,available,300,1.0,71,0.5992400000000001,70,0.5943100000000001,0.9917729123556505,20,0.32628999999999997,20,0.32628999999999997,1.0,70,0.5943100000000001,0.0,0.0,60,0.6
strong_market_effective_participation_v1,baseline_2y_1y_5fold,4,2024-04-01,2025-03-31,2025-03-04,SH.000300,2025-03-03,available,300,1.00001,71,0.5975879999999999,70,0.592654,0.9917434754379273,20,0.325786,20,0.325786,1.0,70,0.592654,0.0,0.0,60,0.6
strong_market_effective_participation_v1,baseline_2y_1y_5fold,4,2024-04-01,2025-03-31,2025-03-05,SH.000300,2025-03-03,available,300,1.00001,71,0.5975879999999999,70,0.592654,0.9917434754379273,20,0.325786,20,0.325786,1.0,70,0.592654,0.0,0.0,60,0.6
strong_market_effective_participation_v1,baseline_2y_1y_5fold,4,2024-04-01,2025-03-31,2025-03-06,SH.000300,2025-03-03,available,300,1.00001,71,0.5975879999999999,70,0.592654,0.9917434754379273,20,0.325786,20,0.325786,1.0,70,0.592654,0.0,0.0,60,0.6
strong_market_effective_participation_v1,baseline_2y_1y_5fold,4,2024-04-01,2025-03-31,2025-03-07,SH.000300,2025-03-03,available,300,1.00001,71,0.5975879999999999,70,0.592654,0.9917434754379273,20,0.325786,20,0.325786,1.0,70,0.592654,0.0,0.0,60,0.6
strong_market_effective_participation_v1,baseline_2y_1y_5fold,4,2024-04-01,2025-03-31,2025-03-10,SH.000300,2025-03-03,available,300,1.00001,71,0.5975879999999999,70,0.592654,0.9917434754379273,20,0.325786,20,0.325786,1.0,70,0.592654,0.0,0.0,60,0.6
strong_market_effective_participation_v1,baseline_2y_1y_5fold,4,2024-04-01,2025-03-31,2025-03-11,SH.000300,2025-03-03,available,300,1.00001,71,0.5975879999999999,70,0.592654,0.9917434754379273,20,0.325786,20,0.325786,1.0,70,0.592654,0.0,0.0,60,0.6
strong_market_effective_participation_v1,baseline_2y_1y_5fold,4,2024-04-01,2025-03-31,2025-03-12,SH.000300,2025-03-03,available,300,1.00001,71,0.5975879999999999,70,0.592654,0.9917434754379273,20,0.325786,20,0.325786,1.0,70,0.592654,0.0,0.0,60,0.6
strong_market_effective_participation_v1,baseline_2y_1y_5fold,4,2024-04-01,2025-03-31,2025-03-13,SH.000300,2025-03-03,available,300,1.00001,71,0.5975879999999999,70,0.592654,0.9917434754379273,20,0.325786,20,0.325786,1.0,70,0.592654,0.0,0.0,60,0.6
strong_market_effective_participation_v1,baseline_2y_1y_5fold,4,2024-04-01,2025-03-31,2025-03-14,SH.000300,2025-03-03,available,300,1.00001,71,0.5975879999999999,70,0.592654,0.9917434754379273,20,0.325786,20,0.325786,1.0,70,0.592654,0.0,0.0,60,0.6
strong_market_effective_participation_v1,baseline_2y_1y_5fold,4,2024-04-01,2025-03-31,2025-03-17,SH.000300,2025-03-03,available,300,1.00001,71,0.5975879999999999,70,0.592654,0.9917434754379273,20,0.325786,20,0.325786,1.0,70,0.592654,0.0,0.0,60,0.6
strong_market_effective_participation_v1,baseline_2y_1y_5fold,4,2024-04-01,2025-03-31,2025-03-18,SH.000300,2025-03-03,available,300,1.00001,71,0.5975879999999999,70,0.592654,0.9917434754379273,20,0.325786,20,0.325786,1.0,70,0.592654,0.0,0.0,60,0.6
strong_market_effective_participation_v1,baseline_2y_1y_5fold,4,2024-04-01,2025-03-31,2025-03-19,SH.000300,2025-03-03,available,300,1.00001,71,0.5975879999999999,70,0.592654,0.9917434754379273,20,0.325786,20,0.325786,1.0,70,0.592654,0.0,0.0,60,0.6
strong_market_effective_participation_v1,baseline_2y_1y_5fold,4,2024-04-01,2025-03-31,2025-03-20,SH.000300,2025-03-03,available,300,1.00001,71,0.5975879999999999,70,0.592654,0.9917434754379273,20,0.325786,20,0.325786,1.0,70,0.592654,0.0,0.0,60,0.6
strong_market_effective_participation_v1,baseline_2y_1y_5fold,4,2024-04-01,2025-03-31,2025-03-21,SH.000300,2025-03-03,available,300,1.00001,71,0.5975879999999999,70,0.592654,0.9917434754379273,20,0.325786,20,0.325786,1.0,70,0.592654,0.0,0.0,60,0.6
strong_market_effective_participation_v1,baseline_2y_1y_5fold,4,2024-04-01,2025-03-31,2025-03-24,SH.000300,2025-03-03,available,300,1.00001,71,0.5975879999999999,70,0.592654,0.9917434754379273,20,0.325786,20,0.325786,1.0,70,0.592654,0.0,0.0,60,0.6
strong_market_effective_participation_v1,baseline_2y_1y_5fold,4,2024-04-01,2025-03-31,2025-03-25,SH.000300,2025-03-03,available,300,1.00001,71,0.5975879999999999,70,0.592654,0.9917434754379273,20,0.325786,20,0.325786,1.0,70,0.592654,0.0,0.0,60,0.6
strong_market_effective_participation_v1,baseline_2y_1y_5fold,4,2024-04-01,2025-03-31,2025-03-26,SH.000300,2025-03-03,available,300,1.00001,71,0.5975879999999999,70,0.592654,0.9917434754379273,20,0.325786,20,0.325786,1.0,70,0.592654,0.0,0.0,60,0.6
strong_market_effective_participation_v1,baseline_2y_1y_5fold,4,2024-04-01,2025-03-31,2025-03-27,SH.000300,2025-03-03,available,300,1.00001,71,0.5975879999999999,70,0.592654,0.9917434754379273,20,0.325786,20,0.325786,1.0,70,0.592654,0.0,0.0,60,0.6
strong_market_effective_participation_v1,baseline_2y_1y_5fold,4,2024-04-01,2025-03-31,2025-03-28,SH.000300,2025-03-03,available,300,1.00001,71,0.5975879999999999,70,0.592654,0.9917434754379273,20,0.325786,20,0.325786,1.0,70,0.592654,0.0,0.0,60,0.6
strong_market_effective_participation_v1,baseline_2y_1y_5fold,4,2024-04-01,2025-03-31,2025-03-31,SH.000300,2025-03-03,available,300,1.00001,71,0.5975879999999999,70,0.592654,0.9917434754379273,20,0.325786,20,0.325786,1.0,70,0.592654,0.0,0.0,60,0.6
strong_market_effective_participation_v1,baseline_2y_1y_5fold,5,2025-04-01,2026-03-31,2025-04-01,SH.000300,2025-03-31,available,300,0.9999799999999999,69,0.59749,69,0.59749,1.0,20,0.33343999999999996,20,0.33343999999999996,1.0,69,0.59749,0.0,0.0,60,0.6
strong_market_effective_participation_v1,baseline_2y_1y_5fold,5,2025-04-01,2026-03-31,2025-04-02,SH.000300,2025-04-01,available,300,0.9999959999999999,70,0.599538,70,0.599538,1.0,20,0.33066500000000004,20,0.33066500000000004,1.0,70,0.599538,0.0,0.0,60,0.6
strong_market_effective_participation_v1,baseline_2y_1y_5fold,5,2025-04-01,2026-03-31,2025-04-03,SH.000300,2025-04-01,available,300,0.9999959999999999,70,0.599538,70,0.599538,1.0,20,0.33066500000000004,20,0.33066500000000004,1.0,70,0.599538,0.0,0.0,60,0.6
strong_market_effective_participation_v1,baseline_2y_1y_5fold,5,2025-04-01,2026-03-31,2025-04-07,SH.000300,2025-04-01,available,300,0.9999959999999999,70,0.599538,70,0.599538,1.0,20,0.33066500000000004,20,0.33066500000000004,1.0,70,0.599538,0.0,0.0,60,0.6
strong_market_effective_participation_v1,baseline_2y_1y_5fold,5,2025-04-01,2026-03-31,2025-04-08,SH.000300,2025-04-01,available,300,0.9999959999999999,70,0.599538,70,0.599538,1.0,20,0.33066500000000004,20,0.33066500000000004,1.0,70,0.599538,0.0,0.0,60,0.6
strong_market_effective_participation_v1,baseline_2y_1y_5fold,5,2025-04-01,2026-03-31,2025-04-09,SH.000300,2025-04-01,available,300,0.9999959999999999,70,0.599538,70,0.599538,1.0,20,0.33066500000000004,20,0.33066500000000004,1.0,70,0.599538,0.0,0.0,60,0.6
strong_market_effective_participation_v1,baseline_2y_1y_5fold,5,2025-04-01,2026-03-31,2025-04-10,SH.000300,2025-04-01,available,300,0.9999959999999999,70,0.599538,70,0.599538,1.0,20,0.33066500000000004,20,0.33066500000000004,1.0,70,0.599538,0.0,0.0,60,0.6
strong_market_effective_participation_v1,baseline_2y_1y_5fold,5,2025-04-01,2026-03-31,2025-04-11,SH.000300,2025-04-01,available,300,0.9999959999999999,70,0.599538,70,0.599538,1.0,20,0.33066500000000004,20,0.33066500000000004,1.0,70,0.599538,0.0,0.0,60,0.6
strong_market_effective_participation_v1,baseline_2y_1y_5fold,5,2025-04-01,2026-03-31,2025-04-14,SH.000300,2025-04-01,available,300,0.9999959999999999,70,0.599538,70,0.599538,1.0,20,0.33066500000000004,20,0.33066500000000004,1.0,70,0.599538,0.0,0.0,60,0.6
strong_market_effective_participation_v1,baseline_2y_1y_5fold,5,2025-04-01,2026-03-31,2025-04-15,SH.000300,2025-04-01,available,300,0.9999959999999999,70,0.599538,70,0.599538,1.0,20,0.33066500000000004,20,0.33066500000000004,1.0,70,0.599538,0.0,0.0,60,0.6
strong_market_effective_participation_v1,baseline_2y_1y_5fold,5,2025-04-01,2026-03-31,2025-04-16,SH.000300,2025-04-01,available,300,0.9999959999999999,70,0.599538,70,0.599538,1.0,20,0.33066500000000004,20,0.33066500000000004,1.0,70,0.599538,0.0,0.0,60,0.6
strong_market_effective_participation_v1,baseline_2y_1y_5fold,5,2025-04-01,2026-03-31,2025-04-17,SH.000300,2025-04-01,available,300,0.9999959999999999,70,0.599538,70,0.599538,1.0,20,0.33066500000000004,20,0.33066500000000004,1.0,70,0.599538,0.0,0.0,60,0.6
strong_market_effective_participation_v1,baseline_2y_1y_5fold,5,2025-04-01,2026-03-31,2025-04-18,SH.000300,2025-04-01,available,300,0.9999959999999999,70,0.599538,70,0.599538,1.0,20,0.33066500000000004,20,0.33066500000000004,1.0,70,0.599538,0.0,0.0,60,0.6
strong_market_effective_participation_v1,baseline_2y_1y_5fold,5,2025-04-01,2026-03-31,2025-04-21,SH.000300,2025-04-01,available,300,0.9999959999999999,70,0.599538,70,0.599538,1.0,20,0.33066500000000004,20,0.33066500000000004,1.0,70,0.599538,0.0,0.0,60,0.6
strong_market_effective_participation_v1,baseline_2y_1y_5fold,5,2025-04-01,2026-03-31,2025-04-22,SH.000300,2025-04-01,available,300,0.9999959999999999,70,0.599538,70,0.599538,1.0,20,0.33066500000000004,20,0.33066500000000004,1.0,70,0.599538,0.0,0.0,60,0.6
strong_market_effective_participation_v1,baseline_2y_1y_5fold,5,2025-04-01,2026-03-31,2025-04-23,SH.000300,2025-04-01,available,300,0.9999959999999999,70,0.599538,70,0.599538,1.0,20,0.33066500000000004,20,0.33066500000000004,1.0,70,0.599538,0.0,0.0,60,0.6
strong_market_effective_participation_v1,baseline_2y_1y_5fold,5,2025-04-01,2026-03-31,2025-04-24,SH.000300,2025-04-01,available,300,0.9999959999999999,70,0.599538,70,0.599538,1.0,20,0.33066500000000004,20,0.33066500000000004,1.0,70,0.599538,0.0,0.0,60,0.6
strong_market_effective_participation_v1,baseline_2y_1y_5fold,5,2025-04-01,2026-03-31,2025-04-25,SH.000300,2025-04-01,available,300,0.9999959999999999,70,0.599538,70,0.599538,1.0,20,0.33066500000000004,20,0.33066500000000004,1.0,70,0.599538,0.0,0.0,60,0.6
strong_market_effective_participation_v1,baseline_2y_1y_5fold,5,2025-04-01,2026-03-31,2025-04-28,SH.000300,2025-04-01,available,300,0.9999959999999999,70,0.599538,70,0.599538,1.0,20,0.33066500000000004,20,0.33066500000000004,1.0,70,0.599538,0.0,0.0,60,0.6
strong_market_effective_participation_v1,baseline_2y_1y_5fold,5,2025-04-01,2026-03-31,2025-04-29,SH.000300,2025-04-01,available,300,0.9999959999999999,70,0.599538,70,0.599538,1.0,20,0.33066500000000004,20,0.33066500000000004,1.0,70,0.599538,0.0,0.0,60,0.6
strong_market_effective_participation_v1,baseline_2y_1y_5fold,5,2025-04-01,2026-03-31,2025-04-30,SH.000300,2025-04-01,available,300,0.9999959999999999,70,0.599538,70,0.599538,1.0,20,0.33066500000000004,20,0.33066500000000004,1.0,70,0.599538,0.0,0.0,60,0.6
strong_market_effective_participation_v1,baseline_2y_1y_5fold,5,2025-04-01,2026-03-31,2025-05-06,SH.000300,2025-04-30,available,300,1.0000200000000001,68,0.59704,68,0.59704,1.0,20,0.33317,20,0.33317,1.0,68,0.59704,0.0,0.0,60,0.6
strong_market_effective_participation_v1,baseline_2y_1y_5fold,5,2025-04-01,2026-03-31,2025-05-07,SH.000300,2025-05-06,available,300,1.0000049999999998,69,0.5992090000000001,69,0.5992090000000001,1.0,20,0.331183,20,0.331183,1.0,69,0.5992090000000001,0.0,0.0,60,0.6
strong_market_effective_participation_v1,baseline_2y_1y_5fold,5,2025-04-01,2026-03-31,2025-05-08,SH.000300,2025-05-06,available,300,1.0000049999999998,69,0.5992090000000001,69,0.5992090000000001,1.0,20,0.331183,20,0.331183,1.0,69,0.5992090000000001,0.0,0.0,60,0.6
strong_market_effective_participation_v1,baseline_2y_1y_5fold,5,2025-04-01,2026-03-31,2025-05-09,SH.000300,2025-05-06,available,300,1.0000049999999998,69,0.5992090000000001,69,0.5992090000000001,1.0,20,0.331183,20,0.331183,1.0,69,0.5992090000000001,0.0,0.0,60,0.6
strong_market_effective_participation_v1,baseline_2y_1y_5fold,5,2025-04-01,2026-03-31,2025-05-12,SH.000300,2025-05-06,available,300,1.0000049999999998,69,0.5992090000000001,69,0.5992090000000001,1.0,20,0.331183,20,0.331183,1.0,69,0.5992090000000001,0.0,0.0,60,0.6
strong_market_effective_participation_v1,baseline_2y_1y_5fold,5,2025-04-01,2026-03-31,2025-05-13,SH.000300,2025-05-06,available,300,1.0000049999999998,69,0.5992090000000001,69,0.5992090000000001,1.0,20,0.331183,20,0.331183,1.0,69,0.5992090000000001,0.0,0.0,60,0.6
strong_market_effective_participation_v1,baseline_2y_1y_5fold,5,2025-04-01,2026-03-31,2025-05-14,SH.000300,2025-05-06,available,300,1.0000049999999998,69,0.5992090000000001,69,0.5992090000000001,1.0,20,0.331183,20,0.331183,1.0,69,0.5992090000000001,0.0,0.0,60,0.6
strong_market_effective_participation_v1,baseline_2y_1y_5fold,5,2025-04-01,2026-03-31,2025-05-15,SH.000300,2025-05-06,available,300,1.0000049999999998,69,0.5992090000000001,69,0.5992090000000001,1.0,20,0.331183,20,0.331183,1.0,69,0.5992090000000001,0.0,0.0,60,0.6
strong_market_effective_participation_v1,baseline_2y_1y_5fold,5,2025-04-01,2026-03-31,2025-05-16,SH.000300,2025-05-06,available,300,1.0000049999999998,69,0.5992090000000001,69,0.5992090000000001,1.0,20,0.331183,20,0.331183,1.0,69,0.5992090000000001,0.0,0.0,60,0.6
strong_market_effective_participation_v1,baseline_2y_1y_5fold,5,2025-04-01,2026-03-31,2025-05-19,SH.000300,2025-05-06,available,300,1.0000049999999998,69,0.5992090000000001,69,0.5992090000000001,1.0,20,0.331183,20,0.331183,1.0,69,0.5992090000000001,0.0,0.0,60,0.6
strong_market_effective_participation_v1,baseline_2y_1y_5fold,5,2025-04-01,2026-03-31,2025-05-20,SH.000300,2025-05-06,available,300,1.0000049999999998,69,0.5992090000000001,69,0.5992090000000001,1.0,20,0.331183,20,0.331183,1.0,69,0.5992090000000001,0.0,0.0,60,0.6
strong_market_effective_participation_v1,baseline_2y_1y_5fold,5,2025-04-01,2026-03-31,2025-05-21,SH.000300,2025-05-06,available,300,1.0000049999999998,69,0.5992090000000001,69,0.5992090000000001,1.0,20,0.331183,20,0.331183,1.0,69,0.5992090000000001,0.0,0.0,60,0.6
strong_market_effective_participation_v1,baseline_2y_1y_5fold,5,2025-04-01,2026-03-31,2025-05-22,SH.000300,2025-05-06,available,300,1.0000049999999998,69,0.5992090000000001,69,0.5992090000000001,1.0,20,0.331183,20,0.331183,1.0,69,0.5992090000000001,0.0,0.0,60,0.6
strong_market_effective_participation_v1,baseline_2y_1y_5fold,5,2025-04-01,2026-03-31,2025-05-23,SH.000300,2025-05-06,available,300,1.0000049999999998,69,0.5992090000000001,69,0.5992090000000001,1.0,20,0.331183,20,0.331183,1.0,69,0.5992090000000001,0.0,0.0,60,0.6
strong_market_effective_participation_v1,baseline_2y_1y_5fold,5,2025-04-01,2026-03-31,2025-05-26,SH.000300,2025-05-06,available,300,1.0000049999999998,69,0.5992090000000001,67,0.587477,0.9804208548269467,20,0.331183,20,0.331183,1.0,67,0.587477,0.0,0.0,60,0.6
strong_market_effective_participation_v1,baseline_2y_1y_5fold,5,2025-04-01,2026-03-31,2025-05-27,SH.000300,2025-05-06,available,300,1.0000049999999998,69,0.5992090000000001,67,0.587477,0.9804208548269467,20,0.331183,20,0.331183,1.0,67,0.587477,0.0,0.0,60,0.6
strong_market_effective_participation_v1,baseline_2y_1y_5fold,5,2025-04-01,2026-03-31,2025-05-28,SH.000300,2025-05-06,available,300,1.0000049999999998,69,0.5992090000000001,67,0.587477,0.9804208548269467,20,0.331183,20,0.331183,1.0,67,0.587477,0.0,0.0,60,0.6
strong_market_effective_participation_v1,baseline_2y_1y_5fold,5,2025-04-01,2026-03-31,2025-05-29,SH.000300,2025-05-06,available,300,1.0000049999999998,69,0.5992090000000001,67,0.587477,0.9804208548269467,20,0.331183,20,0.331183,1.0,67,0.587477,0.0,0.0,60,0.6
strong_market_effective_participation_v1,baseline_2y_1y_5fold,5,2025-04-01,2026-03-31,2025-05-30,SH.000300,2025-05-06,available,300,1.0000049999999998,69,0.5992090000000001,67,0.587477,0.9804208548269467,20,0.331183,20,0.331183,1.0,67,0.587477,0.0,0.0,60,0.6
strong_market_effective_participation_v1,baseline_2y_1y_5fold,5,2025-04-01,2026-03-31,2025-06-03,SH.000300,2025-05-30,available,300,1.00002,68,0.59764,66,0.58688,0.9819958503446892,20,0.33637999999999996,20,0.33637999999999996,1.0,66,0.58688,0.0,0.0,60,0.6
strong_market_effective_participation_v1,baseline_2y_1y_5fold,5,2025-04-01,2026-03-31,2025-06-04,SH.000300,2025-06-03,available,300,0.999996,68,0.5982439999999999,66,0.587513,0.9820625029252279,20,0.336469,20,0.336469,1.0,66,0.587513,0.0,0.0,60,0.6
strong_market_effective_participation_v1,baseline_2y_1y_5fold,5,2025-04-01,2026-03-31,2025-06-05,SH.000300,2025-06-03,available,300,0.999996,68,0.5982439999999999,66,0.587513,0.9820625029252279,20,0.336469,20,0.336469,1.0,66,0.587513,0.0,0.0,60,0.6
strong_market_effective_participation_v1,baseline_2y_1y_5fold,5,2025-04-01,2026-03-31,2025-06-06,SH.000300,2025-06-03,available,300,0.999996,68,0.5982439999999999,66,0.587513,0.9820625029252279,20,0.336469,20,0.336469,1.0,66,0.587513,0.0,0.0,60,0.6
strong_market_effective_participation_v1,baseline_2y_1y_5fold,5,2025-04-01,2026-03-31,2025-06-09,SH.000300,2025-06-03,available,300,0.999996,68,0.5982439999999999,66,0.587513,0.9820625029252279,20,0.336469,20,0.336469,1.0,66,0.587513,0.0,0.0,60,0.6
strong_market_effective_participation_v1,baseline_2y_1y_5fold,5,2025-04-01,2026-03-31,2025-06-10,SH.000300,2025-06-03,available,300,0.999996,68,0.5982439999999999,68,0.5982439999999999,1.0,20,0.336469,20,0.336469,1.0,68,0.5982439999999999,0.0,0.0,60,0.6
strong_market_effective_participation_v1,baseline_2y_1y_5fold,5,2025-04-01,2026-03-31,2025-06-11,SH.000300,2025-06-03,available,300,0.999996,68,0.5982439999999999,68,0.5982439999999999,1.0,20,0.336469,20,0.336469,1.0,68,0.5982439999999999,0.0,0.0,60,0.6
strong_market_effective_participation_v1,baseline_2y_1y_5fold,5,2025-04-01,2026-03-31,2025-06-12,SH.000300,2025-06-03,available,300,0.999996,68,0.5982439999999999,68,0.5982439999999999,1.0,20,0.336469,20,0.336469,1.0,68,0.5982439999999999,0.0,0.0,60,0.6
strong_market_effective_participation_v1,baseline_2y_1y_5fold,5,2025-04-01,2026-03-31,2025-06-13,SH.000300,2025-06-03,available,300,0.999996,68,0.5982439999999999,68,0.5982439999999999,1.0,20,0.336469,20,0.336469,1.0,68,0.5982439999999999,0.0,0.0,60,0.6
strong_market_effective_participation_v1,baseline_2y_1y_5fold,5,2025-04-01,2026-03-31,2025-06-16,SH.000300,2025-06-03,available,300,0.999996,68,0.5982439999999999,68,0.5982439999999999,1.0,20,0.336469,20,0.336469,1.0,68,0.5982439999999999,0.0,0.0,60,0.6
strong_market_effective_participation_v1,baseline_2y_1y_5fold,5,2025-04-01,2026-03-31,2025-06-17,SH.000300,2025-06-03,available,300,0.999996,68,0.5982439999999999,68,0.5982439999999999,1.0,20,0.336469,20,0.336469,1.0,68,0.5982439999999999,0.0,0.0,60,0.6
strong_market_effective_participation_v1,baseline_2y_1y_5fold,5,2025-04-01,2026-03-31,2025-06-18,SH.000300,2025-06-03,available,300,0.999996,68,0.5982439999999999,68,0.5982439999999999,1.0,20,0.336469,20,0.336469,1.0,68,0.5982439999999999,0.0,0.0,60,0.6
strong_market_effective_participation_v1,baseline_2y_1y_5fold,5,2025-04-01,2026-03-31,2025-06-19,SH.000300,2025-06-03,available,300,0.999996,68,0.5982439999999999,68,0.5982439999999999,1.0,20,0.336469,20,0.336469,1.0,68,0.5982439999999999,0.0,0.0,60,0.6
strong_market_effective_participation_v1,baseline_2y_1y_5fold,5,2025-04-01,2026-03-31,2025-06-20,SH.000300,2025-06-03,available,300,0.999996,68,0.5982439999999999,68,0.5982439999999999,1.0,20,0.336469,20,0.336469,1.0,68,0.5982439999999999,0.0,0.0,60,0.6
strong_market_effective_participation_v1,baseline_2y_1y_5fold,5,2025-04-01,2026-03-31,2025-06-23,SH.000300,2025-06-03,available,300,0.999996,68,0.5982439999999999,68,0.5982439999999999,1.0,20,0.336469,20,0.336469,1.0,68,0.5982439999999999,0.0,0.0,60,0.6
strong_market_effective_participation_v1,baseline_2y_1y_5fold,5,2025-04-01,2026-03-31,2025-06-24,SH.000300,2025-06-03,available,300,0.999996,68,0.5982439999999999,68,0.5982439999999999,1.0,20,0.336469,20,0.336469,1.0,68,0.5982439999999999,0.0,0.0,60,0.6
strong_market_effective_participation_v1,baseline_2y_1y_5fold,5,2025-04-01,2026-03-31,2025-06-25,SH.000300,2025-06-03,available,300,0.999996,68,0.5982439999999999,68,0.5982439999999999,1.0,20,0.336469,20,0.336469,1.0,68,0.5982439999999999,0.0,0.0,60,0.6
strong_market_effective_participation_v1,baseline_2y_1y_5fold,5,2025-04-01,2026-03-31,2025-06-26,SH.000300,2025-06-03,available,300,0.999996,68,0.5982439999999999,68,0.5982439999999999,1.0,20,0.336469,20,0.336469,1.0,68,0.5982439999999999,0.0,0.0,60,0.6
strong_market_effective_participation_v1,baseline_2y_1y_5fold,5,2025-04-01,2026-03-31,2025-06-27,SH.000300,2025-06-03,available,300,0.999996,68,0.5982439999999999,68,0.5982439999999999,1.0,20,0.336469,20,0.336469,1.0,68,0.5982439999999999,0.0,0.0,60,0.6
strong_market_effective_participation_v1,baseline_2y_1y_5fold,5,2025-04-01,2026-03-31,2025-06-30,SH.000300,2025-06-03,available,300,0.999996,68,0.5982439999999999,68,0.5982439999999999,1.0,20,0.336469,20,0.336469,1.0,68,0.5982439999999999,0.0,0.0,60,0.6
strong_market_effective_participation_v1,baseline_2y_1y_5fold,5,2025-04-01,2026-03-31,2025-07-01,SH.000300,2025-06-30,available,300,1.00001,69,0.5989099999999999,69,0.5989099999999999,1.0,20,0.33169000000000004,20,0.33169000000000004,1.0,69,0.5989099999999999,0.0,0.0,60,0.6
strong_market_effective_participation_v1,baseline_2y_1y_5fold,5,2025-04-01,2026-03-31,2025-07-02,SH.000300,2025-07-01,available,300,0.999997,69,0.598728,69,0.598728,1.0,20,0.33214399999999994,20,0.33214399999999994,1.0,69,0.598728,0.0,0.0,60,0.6
strong_market_effective_participation_v1,baseline_2y_1y_5fold,5,2025-04-01,2026-03-31,2025-07-03,SH.000300,2025-07-01,available,300,0.999997,69,0.598728,69,0.598728,1.0,20,0.33214399999999994,20,0.33214399999999994,1.0,69,0.598728,0.0,0.0,60,0.6
strong_market_effective_participation_v1,baseline_2y_1y_5fold,5,2025-04-01,2026-03-31,2025-07-04,SH.000300,2025-07-01,available,300,0.999997,69,0.598728,69,0.598728,1.0,20,0.33214399999999994,20,0.33214399999999994,1.0,69,0.598728,0.0,0.0,60,0.6
strong_market_effective_participation_v1,baseline_2y_1y_5fold,5,2025-04-01,2026-03-31,2025-07-07,SH.000300,2025-07-01,available,300,0.999997,69,0.598728,69,0.598728,1.0,20,0.33214399999999994,20,0.33214399999999994,1.0,69,0.598728,0.0,0.0,60,0.6
strong_market_effective_participation_v1,baseline_2y_1y_5fold,5,2025-04-01,2026-03-31,2025-07-08,SH.000300,2025-07-01,available,300,0.999997,69,0.598728,69,0.598728,1.0,20,0.33214399999999994,20,0.33214399999999994,1.0,69,0.598728,0.0,0.0,60,0.6
strong_market_effective_participation_v1,baseline_2y_1y_5fold,5,2025-04-01,2026-03-31,2025-07-09,SH.000300,2025-07-01,available,300,0.999997,69,0.598728,69,0.598728,1.0,20,0.33214399999999994,20,0.33214399999999994,1.0,69,0.598728,0.0,0.0,60,0.6
strong_market_effective_participation_v1,baseline_2y_1y_5fold,5,2025-04-01,2026-03-31,2025-07-10,SH.000300,2025-07-01,available,300,0.999997,69,0.598728,69,0.598728,1.0,20,0.33214399999999994,20,0.33214399999999994,1.0,69,0.598728,0.0,0.0,60,0.6
strong_market_effective_participation_v1,baseline_2y_1y_5fold,5,2025-04-01,2026-03-31,2025-07-11,SH.000300,2025-07-01,available,300,0.999997,69,0.598728,69,0.598728,1.0,20,0.33214399999999994,20,0.33214399999999994,1.0,69,0.598728,0.0,0.0,60,0.6
strong_market_effective_participation_v1,baseline_2y_1y_5fold,5,2025-04-01,2026-03-31,2025-07-14,SH.000300,2025-07-01,available,300,0.999997,69,0.598728,69,0.598728,1.0,20,0.33214399999999994,20,0.33214399999999994,1.0,69,0.598728,0.0,0.0,60,0.6
strong_market_effective_participation_v1,baseline_2y_1y_5fold,5,2025-04-01,2026-03-31,2025-07-15,SH.000300,2025-07-01,available,300,0.999997,69,0.598728,69,0.598728,1.0,20,0.33214399999999994,20,0.33214399999999994,1.0,69,0.598728,0.0,0.0,60,0.6
strong_market_effective_participation_v1,baseline_2y_1y_5fold,5,2025-04-01,2026-03-31,2025-07-16,SH.000300,2025-07-01,available,300,0.999997,69,0.598728,69,0.598728,1.0,20,0.33214399999999994,20,0.33214399999999994,1.0,69,0.598728,0.0,0.0,60,0.6
strong_market_effective_participation_v1,baseline_2y_1y_5fold,5,2025-04-01,2026-03-31,2025-07-17,SH.000300,2025-07-01,available,300,0.999997,69,0.598728,69,0.598728,1.0,20,0.33214399999999994,20,0.33214399999999994,1.0,69,0.598728,0.0,0.0,60,0.6
strong_market_effective_participation_v1,baseline_2y_1y_5fold,5,2025-04-01,2026-03-31,2025-07-18,SH.000300,2025-07-01,available,300,0.999997,69,0.598728,69,0.598728,1.0,20,0.33214399999999994,20,0.33214399999999994,1.0,69,0.598728,0.0,0.0,60,0.6
strong_market_effective_participation_v1,baseline_2y_1y_5fold,5,2025-04-01,2026-03-31,2025-07-21,SH.000300,2025-07-01,available,300,0.999997,69,0.598728,69,0.598728,1.0,20,0.33214399999999994,20,0.33214399999999994,1.0,69,0.598728,0.0,0.0,60,0.6
strong_market_effective_participation_v1,baseline_2y_1y_5fold,5,2025-04-01,2026-03-31,2025-07-22,SH.000300,2025-07-01,available,300,0.999997,69,0.598728,69,0.598728,1.0,20,0.33214399999999994,20,0.33214399999999994,1.0,69,0.598728,0.0,0.0,60,0.6
strong_market_effective_participation_v1,baseline_2y_1y_5fold,5,2025-04-01,2026-03-31,2025-07-23,SH.000300,2025-07-01,available,300,0.999997,69,0.598728,69,0.598728,1.0,20,0.33214399999999994,20,0.33214399999999994,1.0,69,0.598728,0.0,0.0,60,0.6
strong_market_effective_participation_v1,baseline_2y_1y_5fold,5,2025-04-01,2026-03-31,2025-07-24,SH.000300,2025-07-01,available,300,0.999997,69,0.598728,69,0.598728,1.0,20,0.33214399999999994,20,0.33214399999999994,1.0,69,0.598728,0.0,0.0,60,0.6
strong_market_effective_participation_v1,baseline_2y_1y_5fold,5,2025-04-01,2026-03-31,2025-07-25,SH.000300,2025-07-01,available,300,0.999997,69,0.598728,69,0.598728,1.0,20,0.33214399999999994,20,0.33214399999999994,1.0,69,0.598728,0.0,0.0,60,0.6
strong_market_effective_participation_v1,baseline_2y_1y_5fold,5,2025-04-01,2026-03-31,2025-07-28,SH.000300,2025-07-01,available,300,0.999997,69,0.598728,69,0.598728,1.0,20,0.33214399999999994,20,0.33214399999999994,1.0,69,0.598728,0.0,0.0,60,0.6
strong_market_effective_participation_v1,baseline_2y_1y_5fold,5,2025-04-01,2026-03-31,2025-07-29,SH.000300,2025-07-01,available,300,0.999997,69,0.598728,69,0.598728,1.0,20,0.33214399999999994,20,0.33214399999999994,1.0,69,0.598728,0.0,0.0,60,0.6
strong_market_effective_participation_v1,baseline_2y_1y_5fold,5,2025-04-01,2026-03-31,2025-07-30,SH.000300,2025-07-01,available,300,0.999997,69,0.598728,69,0.598728,1.0,20,0.33214399999999994,20,0.33214399999999994,1.0,69,0.598728,0.0,0.0,60,0.6
strong_market_effective_participation_v1,baseline_2y_1y_5fold,5,2025-04-01,2026-03-31,2025-07-31,SH.000300,2025-07-01,available,300,0.999997,69,0.598728,69,0.598728,1.0,20,0.33214399999999994,20,0.33214399999999994,1.0,69,0.598728,0.0,0.0,60,0.6
strong_market_effective_participation_v1,baseline_2y_1y_5fold,5,2025-04-01,2026-03-31,2025-08-01,SH.000300,2025-07-31,available,300,0.99997,70,0.59911,70,0.59911,1.0,20,0.32687,20,0.32687,1.0,70,0.59911,0.0,0.0,60,0.6
strong_market_effective_participation_v1,baseline_2y_1y_5fold,5,2025-04-01,2026-03-31,2025-08-04,SH.000300,2025-08-01,available,300,1.00001,70,0.5990380000000001,69,0.59328,0.9903879219682223,20,0.327042,20,0.327042,1.0,69,0.59328,0.0,0.0,60,0.6
strong_market_effective_participation_v1,baseline_2y_1y_5fold,5,2025-04-01,2026-03-31,2025-08-05,SH.000300,2025-08-01,available,300,1.00001,70,0.5990380000000001,69,0.59328,0.9903879219682223,20,0.327042,20,0.327042,1.0,69,0.59328,0.0,0.0,60,0.6
strong_market_effective_participation_v1,baseline_2y_1y_5fold,5,2025-04-01,2026-03-31,2025-08-06,SH.000300,2025-08-01,available,300,1.00001,70,0.5990380000000001,69,0.59328,0.9903879219682223,20,0.327042,20,0.327042,1.0,69,0.59328,0.0,0.0,60,0.6
strong_market_effective_participation_v1,baseline_2y_1y_5fold,5,2025-04-01,2026-03-31,2025-08-07,SH.000300,2025-08-01,available,300,1.00001,70,0.5990380000000001,69,0.59328,0.9903879219682223,20,0.327042,20,0.327042,1.0,69,0.59328,0.0,0.0,60,0.6
strong_market_effective_participation_v1,baseline_2y_1y_5fold,5,2025-04-01,2026-03-31,2025-08-08,SH.000300,2025-08-01,available,300,1.00001,70,0.5990380000000001,69,0.59328,0.9903879219682223,20,0.327042,20,0.327042,1.0,69,0.59328,0.0,0.0,60,0.6
strong_market_effective_participation_v1,baseline_2y_1y_5fold,5,2025-04-01,2026-03-31,2025-08-11,SH.000300,2025-08-01,available,300,1.00001,70,0.5990380000000001,69,0.59328,0.9903879219682223,20,0.327042,20,0.327042,1.0,69,0.59328,0.0,0.0,60,0.6
strong_market_effective_participation_v1,baseline_2y_1y_5fold,5,2025-04-01,2026-03-31,2025-08-12,SH.000300,2025-08-01,available,300,1.00001,70,0.5990380000000001,69,0.59328,0.9903879219682223,20,0.327042,20,0.327042,1.0,69,0.59328,0.0,0.0,60,0.6
strong_market_effective_participation_v1,baseline_2y_1y_5fold,5,2025-04-01,2026-03-31,2025-08-13,SH.000300,2025-08-01,available,300,1.00001,70,0.5990380000000001,69,0.59328,0.9903879219682223,20,0.327042,20,0.327042,1.0,69,0.59328,0.0,0.0,60,0.6
strong_market_effective_participation_v1,baseline_2y_1y_5fold,5,2025-04-01,2026-03-31,2025-08-14,SH.000300,2025-08-01,available,300,1.00001,70,0.5990380000000001,69,0.59328,0.9903879219682223,20,0.327042,20,0.327042,1.0,69,0.59328,0.0,0.0,60,0.6
strong_market_effective_participation_v1,baseline_2y_1y_5fold,5,2025-04-01,2026-03-31,2025-08-15,SH.000300,2025-08-01,available,300,1.00001,70,0.5990380000000001,69,0.59328,0.9903879219682223,20,0.327042,20,0.327042,1.0,69,0.59328,0.0,0.0,60,0.6
strong_market_effective_participation_v1,baseline_2y_1y_5fold,5,2025-04-01,2026-03-31,2025-08-18,SH.000300,2025-08-01,available,300,1.00001,70,0.5990380000000001,70,0.5990380000000001,1.0,20,0.327042,20,0.327042,1.0,70,0.5990380000000001,0.0,0.0,60,0.6
strong_market_effective_participation_v1,baseline_2y_1y_5fold,5,2025-04-01,2026-03-31,2025-08-19,SH.000300,2025-08-01,available,300,1.00001,70,0.5990380000000001,70,0.5990380000000001,1.0,20,0.327042,20,0.327042,1.0,70,0.5990380000000001,0.0,0.0,60,0.6
strong_market_effective_participation_v1,baseline_2y_1y_5fold,5,2025-04-01,2026-03-31,2025-08-20,SH.000300,2025-08-01,available,300,1.00001,70,0.5990380000000001,70,0.5990380000000001,1.0,20,0.327042,20,0.327042,1.0,70,0.5990380000000001,0.0,0.0,60,0.6
strong_market_effective_participation_v1,baseline_2y_1y_5fold,5,2025-04-01,2026-03-31,2025-08-21,SH.000300,2025-08-01,available,300,1.00001,70,0.5990380000000001,70,0.5990380000000001,1.0,20,0.327042,20,0.327042,1.0,70,0.5990380000000001,0.0,0.0,60,0.6
strong_market_effective_participation_v1,baseline_2y_1y_5fold,5,2025-04-01,2026-03-31,2025-08-22,SH.000300,2025-08-01,available,300,1.00001,70,0.5990380000000001,70,0.5990380000000001,1.0,20,0.327042,20,0.327042,1.0,70,0.5990380000000001,0.0,0.0,60,0.6
strong_market_effective_participation_v1,baseline_2y_1y_5fold,5,2025-04-01,2026-03-31,2025-08-25,SH.000300,2025-08-01,available,300,1.00001,70,0.5990380000000001,70,0.5990380000000001,1.0,20,0.327042,20,0.327042,1.0,70,0.5990380000000001,0.0,0.0,60,0.6
strong_market_effective_participation_v1,baseline_2y_1y_5fold,5,2025-04-01,2026-03-31,2025-08-26,SH.000300,2025-08-01,available,300,1.00001,70,0.5990380000000001,70,0.5990380000000001,1.0,20,0.327042,20,0.327042,1.0,70,0.5990380000000001,0.0,0.0,60,0.6
strong_market_effective_participation_v1,baseline_2y_1y_5fold,5,2025-04-01,2026-03-31,2025-08-27,SH.000300,2025-08-01,available,300,1.00001,70,0.5990380000000001,70,0.5990380000000001,1.0,20,0.327042,20,0.327042,1.0,70,0.5990380000000001,0.0,0.0,60,0.6
strong_market_effective_participation_v1,baseline_2y_1y_5fold,5,2025-04-01,2026-03-31,2025-08-28,SH.000300,2025-08-01,available,300,1.00001,70,0.5990380000000001,70,0.5990380000000001,1.0,20,0.327042,20,0.327042,1.0,70,0.5990380000000001,0.0,0.0,60,0.6
strong_market_effective_participation_v1,baseline_2y_1y_5fold,5,2025-04-01,2026-03-31,2025-08-29,SH.000300,2025-08-01,available,300,1.00001,70,0.5990380000000001,70,0.5990380000000001,1.0,20,0.327042,20,0.327042,1.0,70,0.5990380000000001,0.0,0.0,60,0.6
strong_market_effective_participation_v1,baseline_2y_1y_5fold,5,2025-04-01,2026-03-31,2025-09-01,SH.000300,2025-08-29,available,300,1.0000099999999998,68,0.59807,67,0.58851,0.9840152490511144,20,0.32981,20,0.32981,1.0,67,0.58851,0.0,0.0,60,0.6
strong_market_effective_participation_v1,baseline_2y_1y_5fold,5,2025-04-01,2026-03-31,2025-09-02,SH.000300,2025-09-01,available,300,0.9999959999999999,68,0.597998,67,0.588494,0.9841069702574256,20,0.32976600000000006,20,0.32976600000000006,1.0,67,0.588494,0.0,0.0,60,0.6
strong_market_effective_participation_v1,baseline_2y_1y_5fold,5,2025-04-01,2026-03-31,2025-09-03,SH.000300,2025-09-01,available,300,0.9999959999999999,68,0.597998,67,0.588494,0.9841069702574256,20,0.32976600000000006,20,0.32976600000000006,1.0,67,0.588494,0.0,0.0,60,0.6
strong_market_effective_participation_v1,baseline_2y_1y_5fold,5,2025-04-01,2026-03-31,2025-09-04,SH.000300,2025-09-01,available,300,0.9999959999999999,68,0.597998,67,0.588494,0.9841069702574256,20,0.32976600000000006,20,0.32976600000000006,1.0,67,0.588494,0.0,0.0,60,0.6
strong_market_effective_participation_v1,baseline_2y_1y_5fold,5,2025-04-01,2026-03-31,2025-09-05,SH.000300,2025-09-01,available,300,0.9999959999999999,68,0.597998,67,0.588494,0.9841069702574256,20,0.32976600000000006,20,0.32976600000000006,1.0,67,0.588494,0.0,0.0,60,0.6
strong_market_effective_participation_v1,baseline_2y_1y_5fold,5,2025-04-01,2026-03-31,2025-09-08,SH.000300,2025-09-01,available,300,0.9999959999999999,68,0.597998,67,0.588494,0.9841069702574256,20,0.32976600000000006,20,0.32976600000000006,1.0,67,0.588494,0.0,0.0,60,0.6
strong_market_effective_participation_v1,baseline_2y_1y_5fold,5,2025-04-01,2026-03-31,2025-09-09,SH.000300,2025-09-01,available,300,0.9999959999999999,68,0.597998,68,0.597998,1.0,20,0.32976600000000006,20,0.32976600000000006,1.0,68,0.597998,0.0,0.0,60,0.6
strong_market_effective_participation_v1,baseline_2y_1y_5fold,5,2025-04-01,2026-03-31,2025-09-10,SH.000300,2025-09-01,available,300,0.9999959999999999,68,0.597998,68,0.597998,1.0,20,0.32976600000000006,20,0.32976600000000006,1.0,68,0.597998,0.0,0.0,60,0.6
strong_market_effective_participation_v1,baseline_2y_1y_5fold,5,2025-04-01,2026-03-31,2025-09-11,SH.000300,2025-09-01,available,300,0.9999959999999999,68,0.597998,68,0.597998,1.0,20,0.32976600000000006,20,0.32976600000000006,1.0,68,0.597998,0.0,0.0,60,0.6
strong_market_effective_participation_v1,baseline_2y_1y_5fold,5,2025-04-01,2026-03-31,2025-09-12,SH.000300,2025-09-01,available,300,0.9999959999999999,68,0.597998,68,0.597998,1.0,20,0.32976600000000006,20,0.32976600000000006,1.0,68,0.597998,0.0,0.0,60,0.6
strong_market_effective_participation_v1,baseline_2y_1y_5fold,5,2025-04-01,2026-03-31,2025-09-15,SH.000300,2025-09-01,available,300,0.9999959999999999,68,0.597998,68,0.597998,1.0,20,0.32976600000000006,20,0.32976600000000006,1.0,68,0.597998,0.0,0.0,60,0.6
strong_market_effective_participation_v1,baseline_2y_1y_5fold,5,2025-04-01,2026-03-31,2025-09-16,SH.000300,2025-09-01,available,300,0.9999959999999999,68,0.597998,68,0.597998,1.0,20,0.32976600000000006,20,0.32976600000000006,1.0,68,0.597998,0.0,0.0,60,0.6
strong_market_effective_participation_v1,baseline_2y_1y_5fold,5,2025-04-01,2026-03-31,2025-09-17,SH.000300,2025-09-01,available,300,0.9999959999999999,68,0.597998,68,0.597998,1.0,20,0.32976600000000006,20,0.32976600000000006,1.0,68,0.597998,0.0,0.0,60,0.6
strong_market_effective_participation_v1,baseline_2y_1y_5fold,5,2025-04-01,2026-03-31,2025-09-18,SH.000300,2025-09-01,available,300,0.9999959999999999,68,0.597998,68,0.597998,1.0,20,0.32976600000000006,20,0.32976600000000006,1.0,68,0.597998,0.0,0.0,60,0.6
strong_market_effective_participation_v1,baseline_2y_1y_5fold,5,2025-04-01,2026-03-31,2025-09-19,SH.000300,2025-09-01,available,300,0.9999959999999999,68,0.597998,68,0.597998,1.0,20,0.32976600000000006,20,0.32976600000000006,1.0,68,0.597998,0.0,0.0,60,0.6
strong_market_effective_participation_v1,baseline_2y_1y_5fold,5,2025-04-01,2026-03-31,2025-09-22,SH.000300,2025-09-01,available,300,0.9999959999999999,68,0.597998,68,0.597998,1.0,20,0.32976600000000006,20,0.32976600000000006,1.0,68,0.597998,0.0,0.0,60,0.6
strong_market_effective_participation_v1,baseline_2y_1y_5fold,5,2025-04-01,2026-03-31,2025-09-23,SH.000300,2025-09-01,available,300,0.9999959999999999,68,0.597998,68,0.597998,1.0,20,0.32976600000000006,20,0.32976600000000006,1.0,68,0.597998,0.0,0.0,60,0.6
strong_market_effective_participation_v1,baseline_2y_1y_5fold,5,2025-04-01,2026-03-31,2025-09-24,SH.000300,2025-09-01,available,300,0.9999959999999999,68,0.597998,68,0.597998,1.0,20,0.32976600000000006,20,0.32976600000000006,1.0,68,0.597998,0.0,0.0,60,0.6
strong_market_effective_participation_v1,baseline_2y_1y_5fold,5,2025-04-01,2026-03-31,2025-09-25,SH.000300,2025-09-01,available,300,0.9999959999999999,68,0.597998,68,0.597998,1.0,20,0.32976600000000006,20,0.32976600000000006,1.0,68,0.597998,0.0,0.0,60,0.6
strong_market_effective_participation_v1,baseline_2y_1y_5fold,5,2025-04-01,2026-03-31,2025-09-26,SH.000300,2025-09-01,available,300,0.9999959999999999,68,0.597998,68,0.597998,1.0,20,0.32976600000000006,20,0.32976600000000006,1.0,68,0.597998,0.0,0.0,60,0.6
strong_market_effective_participation_v1,baseline_2y_1y_5fold,5,2025-04-01,2026-03-31,2025-09-29,SH.000300,2025-09-01,available,300,0.9999959999999999,68,0.597998,68,0.597998,1.0,20,0.32976600000000006,20,0.32976600000000006,1.0,68,0.597998,0.0,0.0,60,0.6
strong_market_effective_participation_v1,baseline_2y_1y_5fold,5,2025-04-01,2026-03-31,2025-09-30,SH.000300,2025-09-01,available,300,0.9999959999999999,68,0.597998,68,0.597998,1.0,20,0.32976600000000006,20,0.32976600000000006,1.0,68,0.597998,0.0,0.0,60,0.6
strong_market_effective_participation_v1,baseline_2y_1y_5fold,5,2025-04-01,2026-03-31,2025-10-09,SH.000300,2025-09-30,available,300,0.99999,66,0.5989200000000001,66,0.5989200000000001,1.0,20,0.33319000000000004,20,0.33319000000000004,1.0,66,0.5989200000000001,0.0,0.0,60,0.6
strong_market_effective_participation_v1,baseline_2y_1y_5fold,5,2025-04-01,2026-03-31,2025-10-10,SH.000300,2025-10-09,available,300,1.000008,66,0.597315,66,0.597315,1.0,20,0.33055199999999996,20,0.33055199999999996,1.0,66,0.597315,0.0,0.0,60,0.6
strong_market_effective_participation_v1,baseline_2y_1y_5fold,5,2025-04-01,2026-03-31,2025-10-13,SH.000300,2025-10-09,available,300,1.000008,66,0.597315,66,0.597315,1.0,20,0.33055199999999996,20,0.33055199999999996,1.0,66,0.597315,0.0,0.0,60,0.6
strong_market_effective_participation_v1,baseline_2y_1y_5fold,5,2025-04-01,2026-03-31,2025-10-14,SH.000300,2025-10-09,available,300,1.000008,66,0.597315,66,0.597315,1.0,20,0.33055199999999996,20,0.33055199999999996,1.0,66,0.597315,0.0,0.0,60,0.6
strong_market_effective_participation_v1,baseline_2y_1y_5fold,5,2025-04-01,2026-03-31,2025-10-15,SH.000300,2025-10-09,available,300,1.000008,66,0.597315,66,0.597315,1.0,20,0.33055199999999996,20,0.33055199999999996,1.0,66,0.597315,0.0,0.0,60,0.6
strong_market_effective_participation_v1,baseline_2y_1y_5fold,5,2025-04-01,2026-03-31,2025-10-16,SH.000300,2025-10-09,available,300,1.000008,66,0.597315,66,0.597315,1.0,20,0.33055199999999996,20,0.33055199999999996,1.0,66,0.597315,0.0,0.0,60,0.6
strong_market_effective_participation_v1,baseline_2y_1y_5fold,5,2025-04-01,2026-03-31,2025-10-17,SH.000300,2025-10-09,available,300,1.000008,66,0.597315,66,0.597315,1.0,20,0.33055199999999996,20,0.33055199999999996,1.0,66,0.597315,0.0,0.0,60,0.6
strong_market_effective_participation_v1,baseline_2y_1y_5fold,5,2025-04-01,2026-03-31,2025-10-20,SH.000300,2025-10-09,available,300,1.000008,66,0.597315,66,0.597315,1.0,20,0.33055199999999996,20,0.33055199999999996,1.0,66,0.597315,0.0,0.0,60,0.6
strong_market_effective_participation_v1,baseline_2y_1y_5fold,5,2025-04-01,2026-03-31,2025-10-21,SH.000300,2025-10-09,available,300,1.000008,66,0.597315,66,0.597315,1.0,20,0.33055199999999996,20,0.33055199999999996,1.0,66,0.597315,0.0,0.0,60,0.6
strong_market_effective_participation_v1,baseline_2y_1y_5fold,5,2025-04-01,2026-03-31,2025-10-22,SH.000300,2025-10-09,available,300,1.000008,66,0.597315,66,0.597315,1.0,20,0.33055199999999996,20,0.33055199999999996,1.0,66,0.597315,0.0,0.0,60,0.6
strong_market_effective_participation_v1,baseline_2y_1y_5fold,5,2025-04-01,2026-03-31,2025-10-23,SH.000300,2025-10-09,available,300,1.000008,66,0.597315,66,0.597315,1.0,20,0.33055199999999996,20,0.33055199999999996,1.0,66,0.597315,0.0,0.0,60,0.6
strong_market_effective_participation_v1,baseline_2y_1y_5fold,5,2025-04-01,2026-03-31,2025-10-24,SH.000300,2025-10-09,available,300,1.000008,66,0.597315,66,0.597315,1.0,20,0.33055199999999996,20,0.33055199999999996,1.0,66,0.597315,0.0,0.0,60,0.6
strong_market_effective_participation_v1,baseline_2y_1y_5fold,5,2025-04-01,2026-03-31,2025-10-27,SH.000300,2025-10-09,available,300,1.000008,66,0.597315,66,0.597315,1.0,20,0.33055199999999996,20,0.33055199999999996,1.0,66,0.597315,0.0,0.0,60,0.6
strong_market_effective_participation_v1,baseline_2y_1y_5fold,5,2025-04-01,2026-03-31,2025-10-28,SH.000300,2025-10-09,available,300,1.000008,66,0.597315,66,0.597315,1.0,20,0.33055199999999996,20,0.33055199999999996,1.0,66,0.597315,0.0,0.0,60,0.6
strong_market_effective_participation_v1,baseline_2y_1y_5fold,5,2025-04-01,2026-03-31,2025-10-29,SH.000300,2025-10-09,available,300,1.000008,66,0.597315,66,0.597315,1.0,20,0.33055199999999996,20,0.33055199999999996,1.0,66,0.597315,0.0,0.0,60,0.6
strong_market_effective_participation_v1,baseline_2y_1y_5fold,5,2025-04-01,2026-03-31,2025-10-30,SH.000300,2025-10-09,available,300,1.000008,66,0.597315,66,0.597315,1.0,20,0.33055199999999996,20,0.33055199999999996,1.0,66,0.597315,0.0,0.0,60,0.6
strong_market_effective_participation_v1,baseline_2y_1y_5fold,5,2025-04-01,2026-03-31,2025-10-31,SH.000300,2025-10-09,available,300,1.000008,66,0.597315,66,0.597315,1.0,20,0.33055199999999996,20,0.33055199999999996,1.0,66,0.597315,0.0,0.0,60,0.6
strong_market_effective_participation_v1,baseline_2y_1y_5fold,5,2025-04-01,2026-03-31,2025-11-03,SH.000300,2025-10-31,available,300,1.00004,66,0.59714,66,0.59714,1.0,20,0.33358999999999994,20,0.33358999999999994,1.0,66,0.59714,0.0,0.0,60,0.6
strong_market_effective_participation_v1,baseline_2y_1y_5fold,5,2025-04-01,2026-03-31,2025-11-04,SH.000300,2025-11-03,available,300,0.9999909999999999,66,0.5966570000000001,66,0.5966570000000001,1.0,20,0.33400700000000005,20,0.33400700000000005,1.0,66,0.5966570000000001,0.0,0.0,60,0.6
strong_market_effective_participation_v1,baseline_2y_1y_5fold,5,2025-04-01,2026-03-31,2025-11-05,SH.000300,2025-11-03,available,300,0.9999909999999999,66,0.5966570000000001,66,0.5966570000000001,1.0,20,0.33400700000000005,20,0.33400700000000005,1.0,66,0.5966570000000001,0.0,0.0,60,0.6
strong_market_effective_participation_v1,baseline_2y_1y_5fold,5,2025-04-01,2026-03-31,2025-11-06,SH.000300,2025-11-03,available,300,0.9999909999999999,66,0.5966570000000001,66,0.5966570000000001,1.0,20,0.33400700000000005,20,0.33400700000000005,1.0,66,0.5966570000000001,0.0,0.0,60,0.6
strong_market_effective_participation_v1,baseline_2y_1y_5fold,5,2025-04-01,2026-03-31,2025-11-07,SH.000300,2025-11-03,available,300,0.9999909999999999,66,0.5966570000000001,66,0.5966570000000001,1.0,20,0.33400700000000005,20,0.33400700000000005,1.0,66,0.5966570000000001,0.0,0.0,60,0.6
strong_market_effective_participation_v1,baseline_2y_1y_5fold,5,2025-04-01,2026-03-31,2025-11-10,SH.000300,2025-11-03,available,300,0.9999909999999999,66,0.5966570000000001,66,0.5966570000000001,1.0,20,0.33400700000000005,20,0.33400700000000005,1.0,66,0.5966570000000001,0.0,0.0,60,0.6
strong_market_effective_participation_v1,baseline_2y_1y_5fold,5,2025-04-01,2026-03-31,2025-11-11,SH.000300,2025-11-03,available,300,0.9999909999999999,66,0.5966570000000001,66,0.5966570000000001,1.0,20,0.33400700000000005,20,0.33400700000000005,1.0,66,0.5966570000000001,0.0,0.0,60,0.6
strong_market_effective_participation_v1,baseline_2y_1y_5fold,5,2025-04-01,2026-03-31,2025-11-12,SH.000300,2025-11-03,available,300,0.9999909999999999,66,0.5966570000000001,66,0.5966570000000001,1.0,20,0.33400700000000005,20,0.33400700000000005,1.0,66,0.5966570000000001,0.0,0.0,60,0.6
strong_market_effective_participation_v1,baseline_2y_1y_5fold,5,2025-04-01,2026-03-31,2025-11-13,SH.000300,2025-11-03,available,300,0.9999909999999999,66,0.5966570000000001,66,0.5966570000000001,1.0,20,0.33400700000000005,20,0.33400700000000005,1.0,66,0.5966570000000001,0.0,0.0,60,0.6
strong_market_effective_participation_v1,baseline_2y_1y_5fold,5,2025-04-01,2026-03-31,2025-11-14,SH.000300,2025-11-03,available,300,0.9999909999999999,66,0.5966570000000001,66,0.5966570000000001,1.0,20,0.33400700000000005,20,0.33400700000000005,1.0,66,0.5966570000000001,0.0,0.0,60,0.6
strong_market_effective_participation_v1,baseline_2y_1y_5fold,5,2025-04-01,2026-03-31,2025-11-17,SH.000300,2025-11-03,available,300,0.9999909999999999,66,0.5966570000000001,66,0.5966570000000001,1.0,20,0.33400700000000005,20,0.33400700000000005,1.0,66,0.5966570000000001,0.0,0.0,60,0.6
strong_market_effective_participation_v1,baseline_2y_1y_5fold,5,2025-04-01,2026-03-31,2025-11-18,SH.000300,2025-11-03,available,300,0.9999909999999999,66,0.5966570000000001,66,0.5966570000000001,1.0,20,0.33400700000000005,20,0.33400700000000005,1.0,66,0.5966570000000001,0.0,0.0,60,0.6
strong_market_effective_participation_v1,baseline_2y_1y_5fold,5,2025-04-01,2026-03-31,2025-11-19,SH.000300,2025-11-03,available,300,0.9999909999999999,66,0.5966570000000001,66,0.5966570000000001,1.0,20,0.33400700000000005,20,0.33400700000000005,1.0,66,0.5966570000000001,0.0,0.0,60,0.6
strong_market_effective_participation_v1,baseline_2y_1y_5fold,5,2025-04-01,2026-03-31,2025-11-20,SH.000300,2025-11-03,available,300,0.9999909999999999,66,0.5966570000000001,66,0.5966570000000001,1.0,20,0.33400700000000005,20,0.33400700000000005,1.0,66,0.5966570000000001,0.0,0.0,60,0.6
strong_market_effective_participation_v1,baseline_2y_1y_5fold,5,2025-04-01,2026-03-31,2025-11-21,SH.000300,2025-11-03,available,300,0.9999909999999999,66,0.5966570000000001,66,0.5966570000000001,1.0,20,0.33400700000000005,20,0.33400700000000005,1.0,66,0.5966570000000001,0.0,0.0,60,0.6
strong_market_effective_participation_v1,baseline_2y_1y_5fold,5,2025-04-01,2026-03-31,2025-11-24,SH.000300,2025-11-03,available,300,0.9999909999999999,66,0.5966570000000001,66,0.5966570000000001,1.0,20,0.33400700000000005,20,0.33400700000000005,1.0,66,0.5966570000000001,0.0,0.0,60,0.6
strong_market_effective_participation_v1,baseline_2y_1y_5fold,5,2025-04-01,2026-03-31,2025-11-25,SH.000300,2025-11-03,available,300,0.9999909999999999,66,0.5966570000000001,66,0.5966570000000001,1.0,20,0.33400700000000005,20,0.33400700000000005,1.0,66,0.5966570000000001,0.0,0.0,60,0.6
strong_market_effective_participation_v1,baseline_2y_1y_5fold,5,2025-04-01,2026-03-31,2025-11-26,SH.000300,2025-11-03,available,300,0.9999909999999999,66,0.5966570000000001,66,0.5966570000000001,1.0,20,0.33400700000000005,20,0.33400700000000005,1.0,66,0.5966570000000001,0.0,0.0,60,0.6
strong_market_effective_participation_v1,baseline_2y_1y_5fold,5,2025-04-01,2026-03-31,2025-11-27,SH.000300,2025-11-03,available,300,0.9999909999999999,66,0.5966570000000001,66,0.5966570000000001,1.0,20,0.33400700000000005,20,0.33400700000000005,1.0,66,0.5966570000000001,0.0,0.0,60,0.6
strong_market_effective_participation_v1,baseline_2y_1y_5fold,5,2025-04-01,2026-03-31,2025-11-28,SH.000300,2025-11-03,available,300,0.9999909999999999,66,0.5966570000000001,66,0.5966570000000001,1.0,20,0.33400700000000005,20,0.33400700000000005,1.0,66,0.5966570000000001,0.0,0.0,60,0.6
strong_market_effective_participation_v1,baseline_2y_1y_5fold,5,2025-04-01,2026-03-31,2025-12-01,SH.000300,2025-11-28,available,300,0.9999199999999999,66,0.59965,66,0.59965,1.0,20,0.33791,20,0.33791,1.0,66,0.59965,0.0,0.0,60,0.6
strong_market_effective_participation_v1,baseline_2y_1y_5fold,5,2025-04-01,2026-03-31,2025-12-02,SH.000300,2025-12-01,available,300,1.000003,66,0.5997649999999999,66,0.5997649999999999,1.0,20,0.337492,20,0.337492,1.0,66,0.5997649999999999,0.0,0.0,60,0.6
strong_market_effective_participation_v1,baseline_2y_1y_5fold,5,2025-04-01,2026-03-31,2025-12-03,SH.000300,2025-12-01,available,300,1.000003,66,0.5997649999999999,66,0.5997649999999999,1.0,20,0.337492,20,0.337492,1.0,66,0.5997649999999999,0.0,0.0,60,0.6
strong_market_effective_participation_v1,baseline_2y_1y_5fold,5,2025-04-01,2026-03-31,2025-12-04,SH.000300,2025-12-01,available,300,1.000003,66,0.5997649999999999,66,0.5997649999999999,1.0,20,0.337492,20,0.337492,1.0,66,0.5997649999999999,0.0,0.0,60,0.6
strong_market_effective_participation_v1,baseline_2y_1y_5fold,5,2025-04-01,2026-03-31,2025-12-05,SH.000300,2025-12-01,available,300,1.000003,66,0.5997649999999999,66,0.5997649999999999,1.0,20,0.337492,20,0.337492,1.0,66,0.5997649999999999,0.0,0.0,60,0.6
strong_market_effective_participation_v1,baseline_2y_1y_5fold,5,2025-04-01,2026-03-31,2025-12-08,SH.000300,2025-12-01,available,300,1.000003,66,0.5997649999999999,66,0.5997649999999999,1.0,20,0.337492,20,0.337492,1.0,66,0.5997649999999999,0.0,0.0,60,0.6
strong_market_effective_participation_v1,baseline_2y_1y_5fold,5,2025-04-01,2026-03-31,2025-12-09,SH.000300,2025-12-01,available,300,1.000003,66,0.5997649999999999,66,0.5997649999999999,1.0,20,0.337492,20,0.337492,1.0,66,0.5997649999999999,0.0,0.0,60,0.6
strong_market_effective_participation_v1,baseline_2y_1y_5fold,5,2025-04-01,2026-03-31,2025-12-10,SH.000300,2025-12-01,available,300,1.000003,66,0.5997649999999999,66,0.5997649999999999,1.0,20,0.337492,20,0.337492,1.0,66,0.5997649999999999,0.0,0.0,60,0.6
strong_market_effective_participation_v1,baseline_2y_1y_5fold,5,2025-04-01,2026-03-31,2025-12-11,SH.000300,2025-12-01,available,300,1.000003,66,0.5997649999999999,66,0.5997649999999999,1.0,20,0.337492,20,0.337492,1.0,66,0.5997649999999999,0.0,0.0,60,0.6
strong_market_effective_participation_v1,baseline_2y_1y_5fold,5,2025-04-01,2026-03-31,2025-12-12,SH.000300,2025-12-01,available,300,1.000003,66,0.5997649999999999,66,0.5997649999999999,1.0,20,0.337492,20,0.337492,1.0,66,0.5997649999999999,0.0,0.0,60,0.6
strong_market_effective_participation_v1,baseline_2y_1y_5fold,5,2025-04-01,2026-03-31,2025-12-15,SH.000300,2025-12-01,available,300,1.000003,66,0.5997649999999999,66,0.5997649999999999,1.0,20,0.337492,20,0.337492,1.0,66,0.5997649999999999,0.0,0.0,60,0.6
strong_market_effective_participation_v1,baseline_2y_1y_5fold,5,2025-04-01,2026-03-31,2025-12-16,SH.000300,2025-12-01,available,300,1.000003,66,0.5997649999999999,66,0.5997649999999999,1.0,20,0.337492,20,0.337492,1.0,66,0.5997649999999999,0.0,0.0,60,0.6
strong_market_effective_participation_v1,baseline_2y_1y_5fold,5,2025-04-01,2026-03-31,2025-12-17,SH.000300,2025-12-01,available,300,1.000003,66,0.5997649999999999,66,0.5997649999999999,1.0,20,0.337492,20,0.337492,1.0,66,0.5997649999999999,0.0,0.0,60,0.6
strong_market_effective_participation_v1,baseline_2y_1y_5fold,5,2025-04-01,2026-03-31,2025-12-18,SH.000300,2025-12-01,available,300,1.000003,66,0.5997649999999999,66,0.5997649999999999,1.0,20,0.337492,20,0.337492,1.0,66,0.5997649999999999,0.0,0.0,60,0.6
strong_market_effective_participation_v1,baseline_2y_1y_5fold,5,2025-04-01,2026-03-31,2025-12-19,SH.000300,2025-12-01,available,300,1.000003,66,0.5997649999999999,65,0.5950599999999999,0.9921552608104842,20,0.337492,20,0.337492,1.0,65,0.5950599999999999,0.0,0.0,60,0.6
strong_market_effective_participation_v1,baseline_2y_1y_5fold,5,2025-04-01,2026-03-31,2025-12-22,SH.000300,2025-12-01,available,300,1.000003,66,0.5997649999999999,65,0.5950599999999999,0.9921552608104842,20,0.337492,20,0.337492,1.0,65,0.5950599999999999,0.0,0.0,60,0.6
strong_market_effective_participation_v1,baseline_2y_1y_5fold,5,2025-04-01,2026-03-31,2025-12-23,SH.000300,2025-12-01,available,300,1.000003,66,0.5997649999999999,65,0.5950599999999999,0.9921552608104842,20,0.337492,20,0.337492,1.0,65,0.5950599999999999,0.0,0.0,60,0.6
strong_market_effective_participation_v1,baseline_2y_1y_5fold,5,2025-04-01,2026-03-31,2025-12-24,SH.000300,2025-12-01,available,300,1.000003,66,0.5997649999999999,65,0.5950599999999999,0.9921552608104842,20,0.337492,20,0.337492,1.0,65,0.5950599999999999,0.0,0.0,60,0.6
strong_market_effective_participation_v1,baseline_2y_1y_5fold,5,2025-04-01,2026-03-31,2025-12-25,SH.000300,2025-12-01,available,300,1.000003,66,0.5997649999999999,65,0.5950599999999999,0.9921552608104842,20,0.337492,20,0.337492,1.0,65,0.5950599999999999,0.0,0.0,60,0.6
strong_market_effective_participation_v1,baseline_2y_1y_5fold,5,2025-04-01,2026-03-31,2025-12-26,SH.000300,2025-12-01,available,300,1.000003,66,0.5997649999999999,65,0.5950599999999999,0.9921552608104842,20,0.337492,20,0.337492,1.0,65,0.5950599999999999,0.0,0.0,60,0.6
strong_market_effective_participation_v1,baseline_2y_1y_5fold,5,2025-04-01,2026-03-31,2025-12-29,SH.000300,2025-12-01,available,300,1.000003,66,0.5997649999999999,65,0.5950599999999999,0.9921552608104842,20,0.337492,20,0.337492,1.0,65,0.5950599999999999,0.0,0.0,60,0.6
strong_market_effective_participation_v1,baseline_2y_1y_5fold,5,2025-04-01,2026-03-31,2025-12-30,SH.000300,2025-12-01,available,300,1.000003,66,0.5997649999999999,65,0.5950599999999999,0.9921552608104842,20,0.337492,20,0.337492,1.0,65,0.5950599999999999,0.0,0.0,60,0.6
strong_market_effective_participation_v1,baseline_2y_1y_5fold,5,2025-04-01,2026-03-31,2025-12-31,SH.000300,2025-12-01,available,300,1.000003,66,0.5997649999999999,65,0.5950599999999999,0.9921552608104842,20,0.337492,20,0.337492,1.0,65,0.5950599999999999,0.0,0.0,60,0.6
strong_market_effective_participation_v1,baseline_2y_1y_5fold,5,2025-04-01,2026-03-31,2026-01-05,SH.000300,2025-12-31,available,300,0.99997,67,0.59967,67,0.59967,1.0,20,0.33671999999999996,20,0.33671999999999996,1.0,67,0.59967,0.0,0.0,60,0.6
strong_market_effective_participation_v1,baseline_2y_1y_5fold,5,2025-04-01,2026-03-31,2026-01-06,SH.000300,2026-01-05,available,300,1.000001,66,0.597788,66,0.597788,1.0,20,0.33813400000000005,20,0.33813400000000005,1.0,66,0.597788,0.0,0.0,60,0.6
strong_market_effective_participation_v1,baseline_2y_1y_5fold,5,2025-04-01,2026-03-31,2026-01-07,SH.000300,2026-01-05,available,300,1.000001,66,0.597788,66,0.597788,1.0,20,0.33813400000000005,20,0.33813400000000005,1.0,66,0.597788,0.0,0.0,60,0.6
strong_market_effective_participation_v1,baseline_2y_1y_5fold,5,2025-04-01,2026-03-31,2026-01-08,SH.000300,2026-01-05,available,300,1.000001,66,0.597788,66,0.597788,1.0,20,0.33813400000000005,20,0.33813400000000005,1.0,66,0.597788,0.0,0.0,60,0.6
strong_market_effective_participation_v1,baseline_2y_1y_5fold,5,2025-04-01,2026-03-31,2026-01-09,SH.000300,2026-01-05,available,300,1.000001,66,0.597788,66,0.597788,1.0,20,0.33813400000000005,20,0.33813400000000005,1.0,66,0.597788,0.0,0.0,60,0.6
strong_market_effective_participation_v1,baseline_2y_1y_5fold,5,2025-04-01,2026-03-31,2026-01-12,SH.000300,2026-01-05,available,300,1.000001,66,0.597788,66,0.597788,1.0,20,0.33813400000000005,20,0.33813400000000005,1.0,66,0.597788,0.0,0.0,60,0.6
strong_market_effective_participation_v1,baseline_2y_1y_5fold,5,2025-04-01,2026-03-31,2026-01-13,SH.000300,2026-01-05,available,300,1.000001,66,0.597788,66,0.597788,1.0,20,0.33813400000000005,20,0.33813400000000005,1.0,66,0.597788,0.0,0.0,60,0.6
strong_market_effective_participation_v1,baseline_2y_1y_5fold,5,2025-04-01,2026-03-31,2026-01-14,SH.000300,2026-01-05,available,300,1.000001,66,0.597788,66,0.597788,1.0,20,0.33813400000000005,20,0.33813400000000005,1.0,66,0.597788,0.0,0.0,60,0.6
strong_market_effective_participation_v1,baseline_2y_1y_5fold,5,2025-04-01,2026-03-31,2026-01-15,SH.000300,2026-01-05,available,300,1.000001,66,0.597788,66,0.597788,1.0,20,0.33813400000000005,20,0.33813400000000005,1.0,66,0.597788,0.0,0.0,60,0.6
strong_market_effective_participation_v1,baseline_2y_1y_5fold,5,2025-04-01,2026-03-31,2026-01-16,SH.000300,2026-01-05,available,300,1.000001,66,0.597788,66,0.597788,1.0,20,0.33813400000000005,20,0.33813400000000005,1.0,66,0.597788,0.0,0.0,60,0.6
strong_market_effective_participation_v1,baseline_2y_1y_5fold,5,2025-04-01,2026-03-31,2026-01-19,SH.000300,2026-01-05,available,300,1.000001,66,0.597788,66,0.597788,1.0,20,0.33813400000000005,20,0.33813400000000005,1.0,66,0.597788,0.0,0.0,60,0.6
strong_market_effective_participation_v1,baseline_2y_1y_5fold,5,2025-04-01,2026-03-31,2026-01-20,SH.000300,2026-01-05,available,300,1.000001,66,0.597788,66,0.597788,1.0,20,0.33813400000000005,20,0.33813400000000005,1.0,66,0.597788,0.0,0.0,60,0.6
strong_market_effective_participation_v1,baseline_2y_1y_5fold,5,2025-04-01,2026-03-31,2026-01-21,SH.000300,2026-01-05,available,300,1.000001,66,0.597788,66,0.597788,1.0,20,0.33813400000000005,20,0.33813400000000005,1.0,66,0.597788,0.0,0.0,60,0.6
strong_market_effective_participation_v1,baseline_2y_1y_5fold,5,2025-04-01,2026-03-31,2026-01-22,SH.000300,2026-01-05,available,300,1.000001,66,0.597788,66,0.597788,1.0,20,0.33813400000000005,20,0.33813400000000005,1.0,66,0.597788,0.0,0.0,60,0.6
strong_market_effective_participation_v1,baseline_2y_1y_5fold,5,2025-04-01,2026-03-31,2026-01-23,SH.000300,2026-01-05,available,300,1.000001,66,0.597788,66,0.597788,1.0,20,0.33813400000000005,20,0.33813400000000005,1.0,66,0.597788,0.0,0.0,60,0.6
strong_market_effective_participation_v1,baseline_2y_1y_5fold,5,2025-04-01,2026-03-31,2026-01-26,SH.000300,2026-01-05,available,300,1.000001,66,0.597788,66,0.597788,1.0,20,0.33813400000000005,20,0.33813400000000005,1.0,66,0.597788,0.0,0.0,60,0.6
strong_market_effective_participation_v1,baseline_2y_1y_5fold,5,2025-04-01,2026-03-31,2026-01-27,SH.000300,2026-01-05,available,300,1.000001,66,0.597788,66,0.597788,1.0,20,0.33813400000000005,20,0.33813400000000005,1.0,66,0.597788,0.0,0.0,60,0.6
strong_market_effective_participation_v1,baseline_2y_1y_5fold,5,2025-04-01,2026-03-31,2026-01-28,SH.000300,2026-01-05,available,300,1.000001,66,0.597788,66,0.597788,1.0,20,0.33813400000000005,20,0.33813400000000005,1.0,66,0.597788,0.0,0.0,60,0.6
strong_market_effective_participation_v1,baseline_2y_1y_5fold,5,2025-04-01,2026-03-31,2026-01-29,SH.000300,2026-01-05,available,300,1.000001,66,0.597788,66,0.597788,1.0,20,0.33813400000000005,20,0.33813400000000005,1.0,66,0.597788,0.0,0.0,60,0.6
strong_market_effective_participation_v1,baseline_2y_1y_5fold,5,2025-04-01,2026-03-31,2026-01-30,SH.000300,2026-01-05,available,300,1.000001,66,0.597788,66,0.597788,1.0,20,0.33813400000000005,20,0.33813400000000005,1.0,66,0.597788,0.0,0.0,60,0.6
strong_market_effective_participation_v1,baseline_2y_1y_5fold,5,2025-04-01,2026-03-31,2026-02-02,SH.000300,2026-01-30,available,300,0.99994,68,0.5988300000000001,68,0.5988300000000001,1.0,20,0.32594000000000006,20,0.32594000000000006,1.0,68,0.5988300000000001,0.0,0.0,60,0.6
strong_market_effective_participation_v1,baseline_2y_1y_5fold,5,2025-04-01,2026-03-31,2026-02-03,SH.000300,2026-02-02,available,300,1.0000010000000001,68,0.599506,68,0.599506,1.0,20,0.32718800000000003,20,0.32718800000000003,1.0,68,0.599506,0.0,0.0,60,0.6
strong_market_effective_participation_v1,baseline_2y_1y_5fold,5,2025-04-01,2026-03-31,2026-02-04,SH.000300,2026-02-02,available,300,1.0000010000000001,68,0.599506,68,0.599506,1.0,20,0.32718800000000003,20,0.32718800000000003,1.0,68,0.599506,0.0,0.0,60,0.6
strong_market_effective_participation_v1,baseline_2y_1y_5fold,5,2025-04-01,2026-03-31,2026-02-05,SH.000300,2026-02-02,available,300,1.0000010000000001,68,0.599506,68,0.599506,1.0,20,0.32718800000000003,20,0.32718800000000003,1.0,68,0.599506,0.0,0.0,60,0.6
strong_market_effective_participation_v1,baseline_2y_1y_5fold,5,2025-04-01,2026-03-31,2026-02-06,SH.000300,2026-02-02,available,300,1.0000010000000001,68,0.599506,68,0.599506,1.0,20,0.32718800000000003,20,0.32718800000000003,1.0,68,0.599506,0.0,0.0,60,0.6
strong_market_effective_participation_v1,baseline_2y_1y_5fold,5,2025-04-01,2026-03-31,2026-02-09,SH.000300,2026-02-02,available,300,1.0000010000000001,68,0.599506,68,0.599506,1.0,20,0.32718800000000003,20,0.32718800000000003,1.0,68,0.599506,0.0,0.0,60,0.6
strong_market_effective_participation_v1,baseline_2y_1y_5fold,5,2025-04-01,2026-03-31,2026-02-10,SH.000300,2026-02-02,available,300,1.0000010000000001,68,0.599506,68,0.599506,1.0,20,0.32718800000000003,20,0.32718800000000003,1.0,68,0.599506,0.0,0.0,60,0.6
strong_market_effective_participation_v1,baseline_2y_1y_5fold,5,2025-04-01,2026-03-31,2026-02-11,SH.000300,2026-02-02,available,300,1.0000010000000001,68,0.599506,68,0.599506,1.0,20,0.32718800000000003,20,0.32718800000000003,1.0,68,0.599506,0.0,0.0,60,0.6
strong_market_effective_participation_v1,baseline_2y_1y_5fold,5,2025-04-01,2026-03-31,2026-02-12,SH.000300,2026-02-02,available,300,1.0000010000000001,68,0.599506,68,0.599506,1.0,20,0.32718800000000003,20,0.32718800000000003,1.0,68,0.599506,0.0,0.0,60,0.6
strong_market_effective_participation_v1,baseline_2y_1y_5fold,5,2025-04-01,2026-03-31,2026-02-13,SH.000300,2026-02-02,available,300,1.0000010000000001,68,0.599506,68,0.599506,1.0,20,0.32718800000000003,20,0.32718800000000003,1.0,68,0.599506,0.0,0.0,60,0.6
strong_market_effective_participation_v1,baseline_2y_1y_5fold,5,2025-04-01,2026-03-31,2026-02-24,SH.000300,2026-02-02,available,300,1.0000010000000001,68,0.599506,68,0.599506,1.0,20,0.32718800000000003,20,0.32718800000000003,1.0,68,0.599506,0.0,0.0,60,0.6
strong_market_effective_participation_v1,baseline_2y_1y_5fold,5,2025-04-01,2026-03-31,2026-02-25,SH.000300,2026-02-02,available,300,1.0000010000000001,68,0.599506,68,0.599506,1.0,20,0.32718800000000003,20,0.32718800000000003,1.0,68,0.599506,0.0,0.0,60,0.6
strong_market_effective_participation_v1,baseline_2y_1y_5fold,5,2025-04-01,2026-03-31,2026-02-26,SH.000300,2026-02-02,available,300,1.0000010000000001,68,0.599506,68,0.599506,1.0,20,0.32718800000000003,20,0.32718800000000003,1.0,68,0.599506,0.0,0.0,60,0.6
strong_market_effective_participation_v1,baseline_2y_1y_5fold,5,2025-04-01,2026-03-31,2026-02-27,SH.000300,2026-02-02,available,300,1.0000010000000001,68,0.599506,68,0.599506,1.0,20,0.32718800000000003,20,0.32718800000000003,1.0,68,0.599506,0.0,0.0,60,0.6
strong_market_effective_participation_v1,baseline_2y_1y_5fold,5,2025-04-01,2026-03-31,2026-03-02,SH.000300,2026-02-27,available,300,1.00001,69,0.5967899999999999,69,0.5967899999999999,1.0,20,0.31415,20,0.31415,1.0,69,0.5967899999999999,0.0,0.0,60,0.6
strong_market_effective_participation_v1,baseline_2y_1y_5fold,5,2025-04-01,2026-03-31,2026-03-03,SH.000300,2026-03-02,available,300,1.0000019999999998,69,0.597018,69,0.597018,1.0,20,0.314828,20,0.314828,1.0,69,0.597018,0.0,0.0,60,0.6
strong_market_effective_participation_v1,baseline_2y_1y_5fold,5,2025-04-01,2026-03-31,2026-03-04,SH.000300,2026-03-02,available,300,1.0000019999999998,69,0.597018,69,0.597018,1.0,20,0.314828,20,0.314828,1.0,69,0.597018,0.0,0.0,60,0.6
strong_market_effective_participation_v1,baseline_2y_1y_5fold,5,2025-04-01,2026-03-31,2026-03-05,SH.000300,2026-03-02,available,300,1.0000019999999998,69,0.597018,69,0.597018,1.0,20,0.314828,20,0.314828,1.0,69,0.597018,0.0,0.0,60,0.6
strong_market_effective_participation_v1,baseline_2y_1y_5fold,5,2025-04-01,2026-03-31,2026-03-06,SH.000300,2026-03-02,available,300,1.0000019999999998,69,0.597018,69,0.597018,1.0,20,0.314828,20,0.314828,1.0,69,0.597018,0.0,0.0,60,0.6
strong_market_effective_participation_v1,baseline_2y_1y_5fold,5,2025-04-01,2026-03-31,2026-03-09,SH.000300,2026-03-02,available,300,1.0000019999999998,69,0.597018,69,0.597018,1.0,20,0.314828,20,0.314828,1.0,69,0.597018,0.0,0.0,60,0.6
strong_market_effective_participation_v1,baseline_2y_1y_5fold,5,2025-04-01,2026-03-31,2026-03-10,SH.000300,2026-03-02,available,300,1.0000019999999998,69,0.597018,69,0.597018,1.0,20,0.314828,20,0.314828,1.0,69,0.597018,0.0,0.0,60,0.6
strong_market_effective_participation_v1,baseline_2y_1y_5fold,5,2025-04-01,2026-03-31,2026-03-11,SH.000300,2026-03-02,available,300,1.0000019999999998,69,0.597018,69,0.597018,1.0,20,0.314828,20,0.314828,1.0,69,0.597018,0.0,0.0,60,0.6
strong_market_effective_participation_v1,baseline_2y_1y_5fold,5,2025-04-01,2026-03-31,2026-03-12,SH.000300,2026-03-02,available,300,1.0000019999999998,69,0.597018,69,0.597018,1.0,20,0.314828,20,0.314828,1.0,69,0.597018,0.0,0.0,60,0.6
strong_market_effective_participation_v1,baseline_2y_1y_5fold,5,2025-04-01,2026-03-31,2026-03-13,SH.000300,2026-03-02,available,300,1.0000019999999998,69,0.597018,69,0.597018,1.0,20,0.314828,20,0.314828,1.0,69,0.597018,0.0,0.0,60,0.6
strong_market_effective_participation_v1,baseline_2y_1y_5fold,5,2025-04-01,2026-03-31,2026-03-16,SH.000300,2026-03-02,available,300,1.0000019999999998,69,0.597018,69,0.597018,1.0,20,0.314828,20,0.314828,1.0,69,0.597018,0.0,0.0,60,0.6
strong_market_effective_participation_v1,baseline_2y_1y_5fold,5,2025-04-01,2026-03-31,2026-03-17,SH.000300,2026-03-02,available,300,1.0000019999999998,69,0.597018,69,0.597018,1.0,20,0.314828,20,0.314828,1.0,69,0.597018,0.0,0.0,60,0.6
strong_market_effective_participation_v1,baseline_2y_1y_5fold,5,2025-04-01,2026-03-31,2026-03-18,SH.000300,2026-03-02,available,300,1.0000019999999998,69,0.597018,69,0.597018,1.0,20,0.314828,20,0.314828,1.0,69,0.597018,0.0,0.0,60,0.6
strong_market_effective_participation_v1,baseline_2y_1y_5fold,5,2025-04-01,2026-03-31,2026-03-19,SH.000300,2026-03-02,available,300,1.0000019999999998,69,0.597018,69,0.597018,1.0,20,0.314828,20,0.314828,1.0,69,0.597018,0.0,0.0,60,0.6
strong_market_effective_participation_v1,baseline_2y_1y_5fold,5,2025-04-01,2026-03-31,2026-03-20,SH.000300,2026-03-02,available,300,1.0000019999999998,69,0.597018,69,0.597018,1.0,20,0.314828,20,0.314828,1.0,69,0.597018,0.0,0.0,60,0.6
strong_market_effective_participation_v1,baseline_2y_1y_5fold,5,2025-04-01,2026-03-31,2026-03-23,SH.000300,2026-03-02,available,300,1.0000019999999998,69,0.597018,69,0.597018,1.0,20,0.314828,20,0.314828,1.0,69,0.597018,0.0,0.0,60,0.6
strong_market_effective_participation_v1,baseline_2y_1y_5fold,5,2025-04-01,2026-03-31,2026-03-24,SH.000300,2026-03-02,available,300,1.0000019999999998,69,0.597018,69,0.597018,1.0,20,0.314828,20,0.314828,1.0,69,0.597018,0.0,0.0,60,0.6
strong_market_effective_participation_v1,baseline_2y_1y_5fold,5,2025-04-01,2026-03-31,2026-03-25,SH.000300,2026-03-02,available,300,1.0000019999999998,69,0.597018,69,0.597018,1.0,20,0.314828,20,0.314828,1.0,69,0.597018,0.0,0.0,60,0.6
strong_market_effective_participation_v1,baseline_2y_1y_5fold,5,2025-04-01,2026-03-31,2026-03-26,SH.000300,2026-03-02,available,300,1.0000019999999998,69,0.597018,69,0.597018,1.0,20,0.314828,20,0.314828,1.0,69,0.597018,0.0,0.0,60,0.6
strong_market_effective_participation_v1,baseline_2y_1y_5fold,5,2025-04-01,2026-03-31,2026-03-27,SH.000300,2026-03-02,available,300,1.0000019999999998,69,0.597018,69,0.597018,1.0,20,0.314828,20,0.314828,1.0,69,0.597018,0.0,0.0,60,0.6
strong_market_effective_participation_v1,baseline_2y_1y_5fold,5,2025-04-01,2026-03-31,2026-03-30,SH.000300,2026-03-02,available,300,1.0000019999999998,69,0.597018,69,0.597018,1.0,20,0.314828,20,0.314828,1.0,69,0.597018,0.0,0.0,60,0.6
strong_market_effective_participation_v1,baseline_2y_1y_5fold,5,2025-04-01,2026-03-31,2026-03-31,SH.000300,2026-03-02,available,300,1.0000019999999998,69,0.597018,69,0.597018,1.0,20,0.314828,20,0.314828,1.0,69,0.597018,0.0,0.0,60,0.6
